{
  "480x854": {
    "nframes_10": {
      "flagship_v1": {
        "plan_total": {
          "n": 30,
          "median_ms": 100.06934741977602,
          "mean_ms": 99.9315190128982,
          "p10_ms": 94.69993901439011,
          "p90_ms": 166.53917194344103
        },
        "canon_cpu": {
          "n": 30,
          "median_ms": 7.418722379952669,
          "mean_ms": 37.49274884661038,
          "p10_ms": 6.537875859066844,
          "p90_ms": 73.50554293952882
        },
        "model_gpu": {
          "n": 30,
          "median_ms": 90.17820260487497,
          "mean_ms": 62.438770166287824,
          "p10_ms": 26.92421106621623,
          "p90_ms": 94.5108300074935
        },
        "n_frames_canon": 10
      },
      "refc_base": {
        "plan_total": {
          "n": 30,
          "median_ms": 99.78930256329477,
          "mean_ms": 96.93835777385782,
          "p10_ms": 98.34870579652488,
          "p90_ms": 101.08132916502655
        },
        "canon_cpu": {
          "n": 30,
          "median_ms": 81.5428685164079,
          "mean_ms": 68.84676908763747,
          "p10_ms": 6.593754049390554,
          "p90_ms": 82.45044713839889
        },
        "model_gpu": {
          "n": 30,
          "median_ms": 18.224763101898134,
          "mean_ms": 28.091588686220348,
          "p10_ms": 18.19673995487392,
          "p90_ms": 91.72484488226473
        },
        "n_frames_canon": 10
      }
    },
    "nframes_24": {
      "flagship_v1": {
        "plan_total": {
          "n": 30,
          "median_ms": 108.78831194713712,
          "mean_ms": 132.31274149535847,
          "p10_ms": 99.94466602802277,
          "p90_ms": 194.70502506010234
        },
        "canon_cpu": {
          "n": 30,
          "median_ms": 45.71741062682122,
          "mean_ms": 54.48801502740631,
          "p10_ms": 11.89886499196291,
          "p90_ms": 100.62751406803727
        },
        "model_gpu": {
          "n": 30,
          "median_ms": 89.02959409169853,
          "mean_ms": 77.82472646795213,
          "p10_ms": 26.95305203087628,
          "p90_ms": 94.14396295323968
        },
        "n_frames_canon": 24
      },
      "refc_base": {
        "plan_total": {
          "n": 30,
          "median_ms": 108.99823892395943,
          "mean_ms": 123.01545002652952,
          "p10_ms": 93.43274706043303,
          "p90_ms": 189.37131809070706
        },
        "canon_cpu": {
          "n": 30,
          "median_ms": 73.43289256095886,
          "mean_ms": 54.752157046459615,
          "p10_ms": 11.276783887296915,
          "p90_ms": 93.22463697753847
        },
        "model_gpu": {
          "n": 30,
          "median_ms": 88.5977455182001,
          "mean_ms": 68.26329298006992,
          "p10_ms": 18.25253595598042,
          "p90_ms": 100.17105797305703
        },
        "n_frames_canon": 24
      }
    }
  },
  "1080x1920": {
    "nframes_10": {
      "flagship_v1": {
        "plan_total": {
          "n": 30,
          "median_ms": 212.66764611937106,
          "mean_ms": 227.59613004357865,
          "p10_ms": 199.927831068635,
          "p90_ms": 278.1408061273396
        },
        "canon_cpu": {
          "n": 30,
          "median_ms": 176.9682508893311,
          "mean_ms": 156.26274403960755,
          "p10_ms": 107.18743200413883,
          "p90_ms": 201.06511400081217
        },
        "model_gpu": {
          "n": 30,
          "median_ms": 91.76064003258944,
          "mean_ms": 71.3333860039711,
          "p10_ms": 26.965401135385036,
          "p90_ms": 95.41788301430643
        },
        "n_frames_canon": 10
      },
      "refc_base": {
        "plan_total": {
          "n": 30,
          "median_ms": 202.45061651803553,
          "mean_ms": 210.01923376849544,
          "p10_ms": 195.04384812898934,
          "p90_ms": 280.54154291749
        },
        "canon_cpu": {
          "n": 30,
          "median_ms": 110.05520611070096,
          "mean_ms": 140.45943801756948,
          "p10_ms": 100.54134204983711,
          "p90_ms": 191.98858714662492
        },
        "model_gpu": {
          "n": 30,
          "median_ms": 92.30232797563076,
          "mean_ms": 69.55979575092594,
          "p10_ms": 18.258085008710623,
          "p90_ms": 97.87170309573412
        },
        "n_frames_canon": 10
      }
    },
    "nframes_24": {
      "flagship_v1": {
        "plan_total": {
          "n": 30,
          "median_ms": 499.5987175498158,
          "mean_ms": 509.0335897402838,
          "p10_ms": 481.42837290652096,
          "p90_ms": 600.1187001820654
        },
        "canon_cpu": {
          "n": 30,
          "median_ms": 472.5644470890984,
          "mean_ms": 466.02401492806774,
          "p10_ms": 402.4724280461669,
          "p90_ms": 573.2182490173727
        },
        "model_gpu": {
          "n": 30,
          "median_ms": 26.918673422187567,
          "mean_ms": 43.00957481221606,
          "p10_ms": 26.892038993537426,
          "p90_ms": 94.54192803241313
        },
        "n_frames_canon": 24
      },
      "refc_base": {
        "plan_total": {
          "n": 30,
          "median_ms": 499.6606184868142,
          "mean_ms": 489.95905359430856,
          "p10_ms": 402.1359980106354,
          "p90_ms": 593.1970779784024
        },
        "canon_cpu": {
          "n": 30,
          "median_ms": 481.3432375667617,
          "mean_ms": 466.3037817537164,
          "p10_ms": 383.89311311766505,
          "p90_ms": 569.9030400719494
        },
        "model_gpu": {
          "n": 30,
          "median_ms": 18.270383472554386,
          "mean_ms": 23.655271840592228,
          "p10_ms": 18.238191958516836,
          "p90_ms": 18.324641976505518
        },
        "n_frames_canon": 24
      }
    }
  },
  "device": "NVIDIA A40",
  "note": "plan_total = canon_cpu (ftheta_crop_resize+stack of the frame history, CPU) + model_gpu (256x256 forward). The driver re-canonicalizes the WHOLE deque every step; nframes_24 is the steady-state cost, nframes_10 the minimum needed."
}