{
  "per_step_loop_gap": {
    "n": 74,
    "median_ms": 349.7907799901441,
    "mean_ms": 2498.534950364784,
    "p10_ms": 68.93748790025711,
    "p90_ms": 2684.074416058138
  },
  "model_infer": null,
  "render_physics_ipc_ms_median": null,
  "effective_hz_median": 2.8588517971462157
}