{
  "per_step_loop_gap": {
    "n": 309,
    "median_ms": 199.9104330316186,
    "mean_ms": 639.7599639713126,
    "p10_ms": 43.11049706302583,
    "p90_ms": 551.720071118325
  },
  "model_infer": {
    "n": 269,
    "median_ms": 374.50446491129696,
    "mean_ms": 453.8859075106694,
    "p10_ms": 148.13967794179916,
    "p90_ms": 831.2068891245872
  },
  "render_physics_ipc_ms_median": -174.59403187967837,
  "effective_hz_median": 5.002240177439044
}