,token,valid,no_at_fault_collisions_stage_one,drivable_area_compliance_stage_one,driving_direction_compliance_stage_one,traffic_light_compliance_stage_one,ego_progress_stage_one,time_to_collision_within_bound_stage_one,lane_keeping_stage_one,history_comfort_stage_one,two_frame_extended_comfort_stage_one,no_at_fault_collisions_stage_two,drivable_area_compliance_stage_two,driving_direction_compliance_stage_two,traffic_light_compliance_stage_two,ego_progress_stage_two,time_to_collision_within_bound_stage_two,lane_keeping_stage_two,history_comfort_stage_two,two_frame_extended_comfort_stage_two,score
0,c7afdb652a9e5e73,True,1.0,1.0,1.0,1.0,1.0,1.0,1.0,1.0,1.0,,,,,,,,,,1.0
1,e74ca27f40755297,True,1.0,0.0,0.5,1.0,1.0,1.0,0.0,1.0,0.0,,,,,,,,,,0.0
2,493c90dce63d5653,True,1.0,0.0,1.0,1.0,1.0,1.0,0.0,1.0,0.0,,,,,,,,,,0.0
3,580dac44fa305877,True,1.0,1.0,1.0,1.0,0.7413347944926385,1.0,1.0,1.0,0.0,,,,,,,,,,0.7941671232789496
4,909655c780e152ac,True,1.0,1.0,1.0,1.0,1.0,1.0,1.0,1.0,1.0,,,,,,,,,,1.0
5,b474c79361415cb0,True,1.0,1.0,1.0,1.0,0.360732192777925,1.0,1.0,1.0,0.0,,,,,,,,,,0.6752288102431016
6,b5ba1ec901f1522c,True,1.0,1.0,1.0,1.0,1.0,1.0,1.0,1.0,1.0,,,,,,,,,,1.0
7,5feede5c5a3c5116,True,1.0,0.0,0.5,1.0,1.0,1.0,1.0,1.0,0.0,,,,,,,,,,0.0
8,bf00c76f25185b83,True,1.0,1.0,1.0,1.0,0.6449668776023816,1.0,1.0,1.0,1.0,,,,,,,,,,0.8890521492507443
9,a6edd19740415b54,True,1.0,1.0,1.0,1.0,1.0,1.0,1.0,1.0,1.0,,,,,,,,,,1.0
10,e8daa33268685b31,True,1.0,0.0,1.0,1.0,1.0,1.0,1.0,1.0,1.0,,,,,,,,,,0.0
11,0f422a003dab525e,True,1.0,1.0,1.0,1.0,0.7988517831326117,1.0,1.0,1.0,1.0,,,,,,,,,,0.9371411822289412
12,771c4e378bef58e4,True,1.0,1.0,1.0,1.0,1.0,1.0,1.0,1.0,0.0,,,,,,,,,,0.875
13,70f718ebc8b4505e,True,1.0,1.0,1.0,1.0,1.0,1.0,1.0,1.0,1.0,,,,,,,,,,1.0
14,f76112c834c25beb,True,1.0,0.0,0.0,1.0,0.6477722066721808,1.0,1.0,1.0,0.0,,,,,,,,,,0.0
15,cbc268a868be50c2,True,1.0,0.0,1.0,1.0,1.0,1.0,1.0,1.0,1.0,,,,,,,,,,0.0
16,5593db2f64115fbf,True,1.0,1.0,1.0,1.0,1.0,1.0,1.0,1.0,1.0,,,,,,,,,,1.0
17,f289e368449b517b,True,0.5,0.0,1.0,1.0,0.9062630189473972,0.0,1.0,1.0,0.0,,,,,,,,,,0.0
18,9ef1d618435d5e53,True,1.0,1.0,1.0,1.0,1.0,1.0,1.0,1.0,0.0,,,,,,,,,,0.875
19,09446e65ee9a55d3,True,1.0,1.0,1.0,1.0,1.0,0.0,0.0,0.0,1.0,,,,,,,,,,0.4375
20,de1662269d685ce0,True,1.0,0.0,1.0,1.0,1.0,1.0,1.0,1.0,1.0,,,,,,,,,,0.0
21,9502cdbb06dd516f,True,0.0,0.0,1.0,1.0,1.0,0.0,1.0,1.0,0.0,,,,,,,,,,0.0
22,132307b3c1a55f97,True,0.0,0.0,0.0,1.0,1.0,0.0,1.0,1.0,0.0,,,,,,,,,,0.0
23,b6247a5245a5554f,True,0.0,0.0,1.0,1.0,1.0,0.0,1.0,1.0,1.0,,,,,,,,,,0.0
24,4dd1ab3a667b5074,True,1.0,1.0,1.0,1.0,1.0,1.0,1.0,1.0,1.0,,,,,,,,,,1.0
25,d5b18d6105c25004,True,1.0,1.0,1.0,1.0,1.0,1.0,1.0,1.0,1.0,,,,,,,,,,1.0
26,889aac2576295c91,True,1.0,1.0,1.0,1.0,0.899259215244338,1.0,1.0,1.0,1.0,,,,,,,,,,0.9685185047638556
27,e2ae05340dba502d,True,1.0,1.0,0.0,1.0,1.0,1.0,1.0,1.0,0.0,,,,,,,,,,0.0
28,c656016133b05a15,True,1.0,0.0,1.0,1.0,1.0,1.0,1.0,1.0,1.0,,,,,,,,,,0.0
29,90314b74c92954d6,True,1.0,0.0,1.0,1.0,1.0,1.0,1.0,1.0,1.0,,,,,,,,,,0.0
30,d64a3964875f5b41,True,0.0,0.0,1.0,1.0,1.0,0.0,1.0,1.0,1.0,,,,,,,,,,0.0
31,834cf95826ec5c73,True,1.0,0.0,1.0,1.0,0.8023565406180356,1.0,1.0,1.0,0.0,,,,,,,,,,0.0
32,52b2e626eca85976,True,1.0,1.0,1.0,1.0,0.7302665221711199,1.0,1.0,1.0,1.0,,,,,,,,,,0.9157082881784749
33,c6bd79f439c254a0,True,1.0,0.0,1.0,1.0,0.9021143874882966,1.0,1.0,1.0,1.0,,,,,,,,,,0.0
34,f3ca2707d87a586b,True,1.0,1.0,1.0,1.0,1.0,1.0,1.0,1.0,1.0,,,,,,,,,,1.0
35,9e9e33077f375062,True,1.0,0.0,1.0,1.0,0.8742757157844322,1.0,1.0,1.0,1.0,,,,,,,,,,0.0
36,73b2c72a73b458ca,True,1.0,0.0,1.0,1.0,0.6438445048713101,1.0,1.0,1.0,0.0,,,,,,,,,,0.0
37,0cd0aaeb35c95094,True,1.0,1.0,1.0,1.0,0.9616720582748495,1.0,1.0,1.0,1.0,,,,,,,,,,0.9880225182108905
38,bbb5018d017754d0,True,1.0,1.0,1.0,1.0,1.0,1.0,1.0,1.0,1.0,,,,,,,,,,1.0
39,398326681cd7500a,True,1.0,1.0,1.0,1.0,0.8624583555937114,1.0,1.0,1.0,1.0,,,,,,,,,,0.9570182361230348
40,d50b69bed8f2570c,True,1.0,1.0,1.0,1.0,0.7523363782788586,1.0,1.0,1.0,0.0,,,,,,,,,,0.7976051182121433
41,bd2b1a4530a1538b,True,1.0,1.0,1.0,1.0,1.0,1.0,1.0,1.0,1.0,,,,,,,,,,1.0
42,8f5b6181d28e5d4a,True,1.0,1.0,1.0,1.0,0.8824834356252906,1.0,1.0,1.0,1.0,,,,,,,,,,0.9632760736329034
43,75ffe77189e95d43,True,1.0,0.0,1.0,1.0,0.7557386619520083,1.0,0.0,1.0,0.0,,,,,,,,,,0.0
44,8846d60884435288,True,1.0,1.0,1.0,1.0,0.35666269077184853,1.0,1.0,1.0,0.0,,,,,,,,,,0.6739570908662027
45,4fbfc7dc71db50e2,True,1.0,1.0,1.0,1.0,0.8008644693744154,1.0,1.0,1.0,1.0,,,,,,,,,,0.9377701466795048
46,d20dc707981f56e7,True,1.0,1.0,1.0,1.0,1.0,1.0,1.0,1.0,1.0,,,,,,,,,,1.0
47,c28c7b29e80059d2,True,1.0,0.0,1.0,1.0,0.8819480432549476,1.0,1.0,1.0,1.0,,,,,,,,,,0.0
48,b2abc819ebf45c11,True,1.0,1.0,1.0,1.0,1.0,1.0,1.0,1.0,0.0,,,,,,,,,,0.875
49,467879c3d37054f5,True,1.0,0.0,0.0,1.0,0.5978820940504969,1.0,1.0,0.0,0.0,,,,,,,,,,0.0
50,fe8eddd5ec8654cd,True,1.0,0.0,1.0,1.0,0.7106042648868184,1.0,0.0,1.0,0.0,,,,,,,,,,0.0
51,c33bb70075e7594c,True,1.0,1.0,1.0,1.0,1.0,1.0,0.0,1.0,0.0,,,,,,,,,,0.75
52,06c9339fdc3e5404,True,1.0,0.0,1.0,1.0,0.8543834904264979,1.0,1.0,1.0,0.0,,,,,,,,,,0.0
53,8b8ea705c7fd5e8a,True,1.0,1.0,1.0,1.0,0.9364321493394887,1.0,1.0,1.0,0.0,,,,,,,,,,0.8551350466685902
54,f038fc7ffdab5bad,True,1.0,0.0,1.0,1.0,1.0,1.0,0.0,1.0,0.0,,,,,,,,,,0.0
55,76a0c83f0b6453a0,True,1.0,1.0,1.0,1.0,0.9449359286481932,1.0,1.0,1.0,1.0,,,,,,,,,,0.9827924777025604
56,ef7089ecfb0c5028,True,1.0,0.0,1.0,1.0,1.0,1.0,1.0,1.0,0.0,,,,,,,,,,0.0
57,ecc6da85180a5eee,True,1.0,1.0,1.0,1.0,1.0,1.0,1.0,1.0,1.0,,,,,,,,,,1.0
58,70d9d518ad0f5382,True,1.0,1.0,1.0,1.0,1.0,1.0,1.0,1.0,1.0,,,,,,,,,,1.0
59,087023402a695ba3,True,0.5,1.0,1.0,1.0,1.0,1.0,1.0,1.0,0.0,,,,,,,,,,0.4375
60,cb02d1e1315a5e67,True,1.0,0.0,0.5,1.0,1.0,0.0,1.0,1.0,0.0,,,,,,,,,,0.0
61,ffe92084016a5795,True,1.0,1.0,1.0,1.0,0.6197159998746934,1.0,1.0,1.0,1.0,,,,,,,,,,0.8811612499608417
62,76c31764665151be,True,1.0,1.0,1.0,1.0,0.6326142537339671,1.0,1.0,1.0,1.0,,,,,,,,,,0.8851919542918647
63,b9d14f59883a5496,True,1.0,0.0,1.0,1.0,0.8179872541529348,1.0,1.0,1.0,1.0,,,,,,,,,,0.0
64,f2117260382b5d83,True,1.0,1.0,1.0,1.0,0.9409896611819972,1.0,1.0,1.0,1.0,,,,,,,,,,0.9815592691193742
65,afcd7846a4f35622,True,1.0,1.0,1.0,1.0,0.935106104366143,1.0,1.0,1.0,1.0,,,,,,,,,,0.9797206576144197
66,faa12c2adc7c521f,True,1.0,0.0,1.0,1.0,1.0,1.0,1.0,1.0,0.0,,,,,,,,,,0.0
67,59ea5c8c067e57e7,True,1.0,0.0,1.0,1.0,1.0,1.0,1.0,1.0,1.0,,,,,,,,,,0.0
68,fa8c164985255698,True,1.0,1.0,1.0,1.0,1.0,1.0,1.0,1.0,1.0,,,,,,,,,,1.0
69,64a7186ab49b5cdc,True,1.0,1.0,1.0,1.0,0.7753834233744121,1.0,1.0,1.0,1.0,,,,,,,,,,0.9298073198045038
70,f7a9f82f17b256e2,True,1.0,1.0,1.0,1.0,0.9158641547395748,1.0,1.0,1.0,1.0,,,,,,,,,,0.9737075483561171
71,5c883441084d58d7,True,0.5,0.0,1.0,1.0,1.0,0.0,0.0,0.0,0.0,,,,,,,,,,0.0
72,c1839a3333695317,True,1.0,1.0,1.0,1.0,1.0,1.0,1.0,1.0,1.0,,,,,,,,,,1.0
73,e5d2a01ab5b0562a,True,1.0,0.0,1.0,1.0,0.5459336791384372,1.0,1.0,1.0,0.0,,,,,,,,,,0.0
74,3fcd46f80ab00b6e6,True,,,,,,,,,,1.0,1.0,1.0,1.0,0.5382585828897117,0.0,1.0,1.0,1.0,0.5432058071530349
75,69e3a503f78a651d2,True,,,,,,,,,,1.0,1.0,1.0,0.0,1.0,1.0,1.0,1.0,1.0,0.0
76,25db319b5b2d36844,True,,,,,,,,,,1.0,1.0,1.0,1.0,0.8307750637114281,1.0,1.0,1.0,0.0,0.8221172074098213
77,6c8c6dc401c0c9ea2,True,,,,,,,,,,0.0,1.0,1.0,1.0,1.0,0.0,1.0,1.0,1.0,0.0
78,b46505d824967a9bc,True,,,,,,,,,,1.0,1.0,1.0,1.0,0.7332880063513421,1.0,1.0,1.0,0.0,0.7916525019847944
79,07f73e596a2b2e3ec,True,,,,,,,,,,1.0,1.0,0.0,1.0,0.8502249441532158,1.0,0.0,1.0,1.0,0.0
80,8413ea29ea72fdfde,True,,,,,,,,,,1.0,1.0,1.0,1.0,0.9720177252073566,1.0,1.0,1.0,0.0,0.866255539127299
81,e8015a37a1ba3f7a3,True,,,,,,,,,,1.0,1.0,1.0,1.0,0.5146017126385303,1.0,1.0,1.0,0.0,0.7233130351995407
82,20120f09d1f74eb2c,True,,,,,,,,,,1.0,1.0,0.0,1.0,0.8161396555413493,1.0,0.0,1.0,1.0,0.0
83,eafc663e431fb2efe,True,,,,,,,,,,1.0,1.0,0.5,1.0,0.9968213278058474,1.0,1.0,0.0,0.0,0.37450333246966366
84,6d9ac6e09b2090952,True,,,,,,,,,,0.0,1.0,1.0,1.0,1.0,0.0,0.0,1.0,1.0,0.0
85,9d1689f8e6d847437,True,,,,,,,,,,1.0,1.0,0.0,1.0,1.0,1.0,0.0,1.0,0.0,0.0
86,2bf1c7fc03ffaa988,True,,,,,,,,,,1.0,1.0,1.0,1.0,0.8584109403617036,1.0,0.0,1.0,1.0,0.8307534188630323
87,ef08e59a9c882aea6,True,,,,,,,,,,0.0,1.0,1.0,1.0,1.0,0.0,1.0,1.0,1.0,0.0
88,ad104e5c73f603ad8,True,,,,,,,,,,1.0,1.0,1.0,1.0,0.1910767816161038,1.0,1.0,1.0,1.0,0.7472114942550324
89,99f4cdc8eeabc0426,True,,,,,,,,,,1.0,0.0,1.0,1.0,1.0,1.0,0.0,1.0,0.0,0.0
90,232e7693cefbcf60f,True,,,,,,,,,,1.0,1.0,1.0,1.0,0.9344662044779088,1.0,0.0,1.0,1.0,0.8545206888993465
91,ec14753ed2c513cef,True,,,,,,,,,,1.0,0.0,1.0,1.0,0.730119747694367,1.0,1.0,1.0,0.0,0.0
92,541803e1775a85786,True,,,,,,,,,,1.0,1.0,1.0,1.0,0.8990881338789458,1.0,1.0,1.0,1.0,0.9684650418371705
93,8c19ef349d4fc37cb,True,,,,,,,,,,1.0,1.0,1.0,1.0,1.0,1.0,1.0,1.0,0.0,0.875
94,f74e8cda8ff469419,True,,,,,,,,,,1.0,0.0,1.0,1.0,1.0,1.0,1.0,1.0,1.0,0.0
95,92454a3fd96f7dc58,True,,,,,,,,,,1.0,0.0,1.0,1.0,1.0,1.0,1.0,1.0,0.0,0.0
96,c03cd29553653d383,True,,,,,,,,,,1.0,1.0,1.0,1.0,0.5707086771624894,1.0,1.0,1.0,0.0,0.7408464616132779
97,bc9c320fb031a11ff,True,,,,,,,,,,1.0,1.0,1.0,1.0,0.9570017474289321,1.0,1.0,1.0,0.0,0.8615630460715413
98,c02f1f464e464fc07,True,,,,,,,,,,1.0,1.0,1.0,1.0,0.6164107903574966,1.0,1.0,1.0,1.0,0.8801283719867177
99,1efa58a926126dcc0,True,,,,,,,,,,1.0,1.0,0.5,1.0,0.8601407030770357,1.0,0.0,1.0,1.0,0.4156469848557868
100,522f0d16763a76d06,True,,,,,,,,,,1.0,1.0,1.0,1.0,0.5181282547233479,1.0,1.0,1.0,0.0,0.7244150796010462
101,2f25ad449c40ae04c,True,,,,,,,,,,1.0,1.0,1.0,1.0,0.9351635528333122,1.0,0.0,1.0,1.0,0.8547386102604101
102,172abde18b548feb2,True,,,,,,,,,,1.0,1.0,1.0,1.0,0.7921068447741383,1.0,1.0,0.0,0.0,0.6850333889919182
103,c55dc2e0f192c70a5,True,,,,,,,,,,1.0,1.0,1.0,1.0,1.0,1.0,1.0,1.0,0.0,0.875
104,e2094c50a0cc45693,True,,,,,,,,,,1.0,1.0,0.5,1.0,0.5901663616228726,1.0,1.0,1.0,0.0,0.3734634940035738
105,9c8f0339c698b9080,True,,,,,,,,,,1.0,1.0,1.0,1.0,0.8537538939377902,1.0,1.0,1.0,1.0,0.9542980918555595
106,976f2d716419166ba,True,,,,,,,,,,1.0,1.0,1.0,1.0,0.8530772848035885,1.0,1.0,0.0,0.0,0.7040866515011214
107,fe46394908bea81b9,True,,,,,,,,,,1.0,1.0,1.0,1.0,1.0,1.0,1.0,1.0,0.0,0.875
108,b18dce3363c25fc91,True,,,,,,,,,,0.0,0.0,0.0,1.0,1.0,0.0,0.0,1.0,0.0,0.0
109,a2b18a44314422b37,True,,,,,,,,,,1.0,0.0,1.0,1.0,0.7494783961222322,1.0,1.0,1.0,0.0,0.0
110,bd4cbb0e07c59ee69,True,,,,,,,,,,1.0,1.0,1.0,1.0,0.6927919387108276,1.0,0.0,1.0,0.0,0.6539974808471336
111,c8508736bb790cc27,True,,,,,,,,,,0.0,1.0,1.0,1.0,0.3529809486699041,0.0,1.0,1.0,1.0,0.0
112,0ec4048ba57347962,True,,,,,,,,,,0.0,1.0,0.0,1.0,1.0,0.0,0.0,1.0,0.0,0.0
113,c6f215cb7b0d88628,True,,,,,,,,,,0.0,1.0,1.0,1.0,1.0,0.0,0.0,1.0,1.0,0.0
114,5cfc1b909ca5a6869,True,,,,,,,,,,1.0,1.0,0.0,1.0,1.0,1.0,0.0,1.0,1.0,0.0
115,c82d37b03fda156aa,True,,,,,,,,,,1.0,1.0,1.0,1.0,0.8153379442510602,1.0,0.0,1.0,0.0,0.6922931075784563
116,ecd4cf358c244bf21,True,,,,,,,,,,0.5,0.0,1.0,1.0,1.0,0.0,0.0,1.0,1.0,0.0
117,246f9bdfe24441b91,True,,,,,,,,,,0.0,1.0,1.0,1.0,1.0,0.0,0.0,1.0,1.0,0.0
118,0f4373d1811c9ca90,True,,,,,,,,,,1.0,1.0,1.0,1.0,0.853297419245212,1.0,1.0,0.0,0.0,0.7041554435141287
119,87c8ddd115e686126,True,,,,,,,,,,1.0,1.0,1.0,1.0,0.9053726992517949,1.0,1.0,0.0,0.0,0.7204289685161859
120,0acf0c1a301a7180c,True,,,,,,,,,,1.0,0.0,1.0,1.0,1.0,1.0,1.0,1.0,0.0,0.0
121,5567f0e0a3373dbcb,True,,,,,,,,,,1.0,1.0,1.0,1.0,0.9923287112867937,1.0,0.0,1.0,1.0,0.8726027222771231
122,50e8217a812643799,True,,,,,,,,,,1.0,1.0,1.0,1.0,0.578306845290092,1.0,1.0,1.0,1.0,0.8682208891531538
123,059699c7343bcc1bc,True,,,,,,,,,,1.0,1.0,1.0,1.0,0.8552305416941227,1.0,0.0,1.0,1.0,0.8297595442794133
124,5dfa767630b9b975d,True,,,,,,,,,,1.0,1.0,1.0,1.0,0.9685147646674541,1.0,0.0,1.0,1.0,0.8651608639585794
125,7d7a22329b9cef777,True,,,,,,,,,,1.0,1.0,1.0,1.0,0.7459678208966102,1.0,0.0,1.0,1.0,0.7956149440301907
126,d20b551bd918a2353,True,,,,,,,,,,1.0,1.0,1.0,1.0,0.5248196835619161,1.0,0.0,1.0,1.0,0.7265061511130988
127,adbf76475e83933e1,True,,,,,,,,,,0.0,1.0,0.0,1.0,1.0,0.0,0.0,1.0,0.0,0.0
128,660b054f474f6bec1,True,,,,,,,,,,1.0,1.0,1.0,1.0,0.7598300202072803,1.0,1.0,1.0,1.0,0.9249468813147751
129,05eb9641b2003663e,True,,,,,,,,,,1.0,1.0,1.0,1.0,1.0,1.0,1.0,1.0,1.0,1.0
130,542094f5bc210a1c8,True,,,,,,,,,,1.0,1.0,0.5,1.0,1.0,1.0,0.0,1.0,1.0,0.4375
131,acd449fa83a39cef2,True,,,,,,,,,,1.0,0.0,1.0,1.0,0.9649423709156274,1.0,1.0,1.0,1.0,0.0
132,24ac26ca8ac0e9395,True,,,,,,,,,,1.0,0.0,1.0,1.0,1.0,1.0,0.0,1.0,1.0,0.0
133,b19bff260481a9a60,True,,,,,,,,,,1.0,1.0,0.5,1.0,1.0,1.0,0.0,1.0,1.0,0.4375
134,4511ae351df046b69,True,,,,,,,,,,1.0,1.0,1.0,1.0,1.0,1.0,1.0,1.0,1.0,1.0
135,ddb023146aa3ea8a6,True,,,,,,,,,,1.0,1.0,1.0,1.0,0.011599590749293474,1.0,1.0,1.0,1.0,0.6911248721091542
136,0da232d1485aff38f,True,,,,,,,,,,1.0,1.0,1.0,1.0,0.46217978665915976,1.0,1.0,1.0,0.0,0.7069311833309875
137,9529e21b44cd57c29,True,,,,,,,,,,1.0,1.0,1.0,1.0,0.9277195912265563,1.0,1.0,0.0,0.0,0.7274123722582988
138,c0ff231e77243d969,True,,,,,,,,,,0.0,0.0,0.5,1.0,1.0,0.0,0.0,1.0,1.0,0.0
139,610932681c4760e82,True,,,,,,,,,,1.0,1.0,1.0,1.0,0.8680299546136786,1.0,0.0,1.0,1.0,0.8337593608167746
140,0fd0f1481edb016f4,True,,,,,,,,,,1.0,0.0,1.0,1.0,0.7268700756629836,1.0,0.0,1.0,1.0,0.0
141,742d03b2d943caa9e,True,,,,,,,,,,1.0,1.0,1.0,1.0,0.4640164452263709,1.0,1.0,1.0,0.0,0.707505139133241
142,b73265f459fb49f24,True,,,,,,,,,,1.0,1.0,1.0,1.0,0.9176527801652958,1.0,0.0,1.0,1.0,0.849266493801655
143,aaf0cbe31c7a5aa33,True,,,,,,,,,,1.0,1.0,0.5,1.0,1.0,1.0,0.0,1.0,1.0,0.4375
144,626d07f3f8b80566b,True,,,,,,,,,,1.0,1.0,1.0,1.0,0.8109078514483713,1.0,1.0,1.0,1.0,0.940908703577616
145,82164b6dd39963198,True,,,,,,,,,,1.0,1.0,0.0,1.0,1.0,1.0,0.0,1.0,0.0,0.0
146,588f47bdc35784c16,True,,,,,,,,,,1.0,1.0,1.0,1.0,1.0,1.0,0.0,1.0,1.0,0.875
147,e2da039b5ef4ab27c,True,,,,,,,,,,0.0,0.0,1.0,1.0,1.0,0.0,0.0,1.0,1.0,0.0
148,1dbcea959d196209c,True,,,,,,,,,,1.0,1.0,1.0,1.0,1.0,1.0,0.0,1.0,1.0,0.875
149,00d194f38b3f05c1e,True,,,,,,,,,,1.0,1.0,0.5,1.0,1.0,1.0,0.0,1.0,1.0,0.4375
150,8f84117d4bb5c6f9b,True,,,,,,,,,,1.0,1.0,1.0,1.0,0.9197853996038005,1.0,1.0,1.0,1.0,0.9749329373761877
151,b7b75d4d1f9b05cac,True,,,,,,,,,,1.0,1.0,1.0,1.0,0.7257561346482851,1.0,0.0,1.0,1.0,0.7892987920775891
152,20f4af07bc30fb4fd,True,,,,,,,,,,1.0,1.0,1.0,1.0,0.7827318070204556,1.0,1.0,1.0,1.0,0.9321036896938923
153,80f0bde16c34c246a,True,,,,,,,,,,1.0,1.0,0.0,1.0,1.0,1.0,0.0,1.0,0.0,0.0
154,daff4b299dac7a03f,True,,,,,,,,,,0.5,0.0,1.0,1.0,1.0,0.0,1.0,1.0,0.0,0.0
155,eacc02fe002535ebb,True,,,,,,,,,,1.0,1.0,0.0,1.0,1.0,1.0,0.0,1.0,1.0,0.0
156,b3af98bca187d3a52,True,,,,,,,,,,0.0,0.0,0.0,1.0,1.0,0.0,1.0,0.0,0.0,0.0
157,7d44659c706a23779,True,,,,,,,,,,0.0,1.0,1.0,1.0,1.0,0.0,1.0,1.0,1.0,0.0
158,69968d73c74d053d8,True,,,,,,,,,,1.0,1.0,0.5,1.0,1.0,1.0,0.0,1.0,0.0,0.375
159,9a5ec15b58d715b9c,True,,,,,,,,,,1.0,1.0,1.0,1.0,1.0,1.0,1.0,1.0,0.0,0.875
160,590744a9d3d5652dd,True,,,,,,,,,,0.0,1.0,1.0,1.0,1.0,0.0,1.0,1.0,1.0,0.0
161,3637ec99fe87c7406,True,,,,,,,,,,1.0,1.0,1.0,1.0,0.785940539441109,1.0,0.0,1.0,0.0,0.6831064185753466
162,a368b8806368419d0,True,,,,,,,,,,1.0,0.0,1.0,1.0,1.0,1.0,0.0,1.0,1.0,0.0
163,afaf4dd4fa375bb85,True,,,,,,,,,,0.0,0.0,0.5,0.0,1.0,0.0,0.0,1.0,1.0,0.0
164,fff510b0ac67a1e0a,True,,,,,,,,,,1.0,1.0,1.0,1.0,0.9735943298224734,1.0,0.0,1.0,1.0,0.8667482280695229
165,a34d3365f758f1c85,True,,,,,,,,,,1.0,1.0,1.0,1.0,0.46099206834960643,1.0,0.0,1.0,0.0,0.581560021359252
166,903d42d3fe50f5b3b,True,,,,,,,,,,1.0,1.0,1.0,1.0,0.6807120091917299,1.0,1.0,1.0,1.0,0.9002225028724156
167,b7e991a05053bf3b9,True,,,,,,,,,,1.0,1.0,0.0,1.0,1.0,1.0,0.0,1.0,0.0,0.0
168,1087cd8acf5661e9c,True,,,,,,,,,,1.0,1.0,1.0,1.0,0.7447887792225896,1.0,0.0,1.0,1.0,0.7952464935070592
169,65b5a6fd57eb4ffb9,True,,,,,,,,,,1.0,1.0,1.0,1.0,1.0,1.0,0.0,1.0,1.0,0.875
170,b71bf73462ddcaa0c,True,,,,,,,,,,1.0,1.0,1.0,1.0,0.6476842967473891,1.0,0.0,1.0,1.0,0.7649013427335591
171,7098c40dee5929017,True,,,,,,,,,,0.0,1.0,1.0,1.0,1.0,0.0,1.0,1.0,0.0,0.0
172,2e5b938cd95f7cf83,True,,,,,,,,,,1.0,0.0,0.5,1.0,1.0,1.0,0.0,1.0,0.0,0.0
173,a7ac5526d9ab827a7,True,,,,,,,,,,1.0,1.0,1.0,1.0,0.012509973046298077,1.0,1.0,1.0,1.0,0.6914093665769682
174,1572e57c1e71e8774,True,,,,,,,,,,1.0,1.0,1.0,1.0,0.9729817520247973,1.0,1.0,1.0,0.0,0.8665567975077492
175,eedb6f9d589e745c8,True,,,,,,,,,,0.0,0.0,1.0,1.0,1.0,0.0,1.0,1.0,1.0,0.0
176,0935bea2b70d9fd2a,True,,,,,,,,,,1.0,1.0,1.0,1.0,1.0,1.0,0.0,1.0,1.0,0.875
177,4afd4718ce4caab2c,True,,,,,,,,,,1.0,0.0,1.0,1.0,1.0,1.0,1.0,1.0,0.0,0.0
178,1307b26ce3d38f704,True,,,,,,,,,,1.0,0.0,1.0,1.0,1.0,1.0,0.0,1.0,0.0,0.0
179,2715084d8bf201e97,True,,,,,,,,,,1.0,0.0,1.0,1.0,1.0,1.0,1.0,1.0,0.0,0.0
180,0c384c629c8faf4a0,True,,,,,,,,,,1.0,1.0,1.0,1.0,0.5869423620542614,1.0,1.0,1.0,0.0,0.7459194881419566
181,3921f85c4ba81b39b,True,,,,,,,,,,1.0,1.0,1.0,1.0,0.6646207635937313,1.0,1.0,1.0,0.0,0.7701939886230411
182,15342621fd40bb637,True,,,,,,,,,,1.0,1.0,0.5,1.0,0.6204108778529197,1.0,0.0,1.0,0.0,0.3156891996645187
183,e85a39742e3e7ef00,True,,,,,,,,,,1.0,1.0,0.0,1.0,1.0,1.0,0.0,1.0,1.0,0.0
184,219cbcce551252eb2,True,,,,,,,,,,0.0,0.0,1.0,1.0,0.5834597560279801,0.0,0.0,1.0,1.0,0.0
185,9ef93765e3465f27d,True,,,,,,,,,,1.0,1.0,0.0,1.0,0.9900825188067465,1.0,0.0,1.0,1.0,0.0
186,b378fbb6e27946979,True,,,,,,,,,,1.0,1.0,0.0,1.0,1.0,1.0,0.0,1.0,1.0,0.0
187,fc8281af0699f4976,True,,,,,,,,,,1.0,1.0,1.0,1.0,0.5624027108958535,1.0,0.0,1.0,0.0,0.6132508471549543
188,c41d6466acee52a7f,True,,,,,,,,,,1.0,1.0,1.0,1.0,0.732560051240178,1.0,0.0,1.0,1.0,0.7914250160125555
189,4a263f9bce5d33176,True,,,,,,,,,,0.0,0.0,1.0,1.0,1.0,0.0,0.0,1.0,1.0,0.0
190,6280da1271d9fac21,True,,,,,,,,,,0.0,1.0,1.0,1.0,1.0,0.0,1.0,1.0,1.0,0.0
191,dccd172b97cc9b305,True,,,,,,,,,,1.0,1.0,1.0,1.0,0.3763453254562881,1.0,1.0,1.0,0.0,0.6801079142050901
192,6ad6905cedee6197b,True,,,,,,,,,,1.0,1.0,1.0,1.0,0.09712354288752595,1.0,0.0,1.0,0.0,0.46785110715235184
193,c28452cccc45f49a1,True,,,,,,,,,,1.0,1.0,1.0,1.0,1.0,1.0,1.0,1.0,0.0,0.875
194,102f1115bc733e323,True,,,,,,,,,,1.0,1.0,1.0,1.0,0.40505405556644275,1.0,0.0,1.0,1.0,0.6890793923645133
195,39cc92992ccc3244a,True,,,,,,,,,,1.0,1.0,1.0,1.0,1.0,1.0,0.0,1.0,1.0,0.875
196,679e3c52a1d70d447,True,,,,,,,,,,1.0,1.0,0.5,1.0,0.9570933279664091,1.0,0.0,0.0,0.0,0.3057958324947514
197,2f1ef51a33585046a,True,,,,,,,,,,1.0,1.0,1.0,1.0,1.0,1.0,0.0,1.0,1.0,0.875
198,194e5931bc902ac73,True,,,,,,,,,,1.0,1.0,1.0,1.0,0.7264784737977359,1.0,0.0,1.0,1.0,0.7895245230617924
199,15f652f1382299b99,True,,,,,,,,,,1.0,1.0,0.5,1.0,1.0,1.0,0.0,1.0,0.0,0.375
200,0d20e006578be6327,True,,,,,,,,,,1.0,1.0,0.5,1.0,1.0,1.0,0.0,1.0,1.0,0.4375
201,0837e02dbb891dbc9,True,,,,,,,,,,1.0,1.0,1.0,1.0,0.8379787155785305,1.0,1.0,1.0,1.0,0.9493683486182908
202,b12d970eb84c1530f,True,,,,,,,,,,0.0,1.0,1.0,1.0,1.0,0.0,0.0,1.0,1.0,0.0
203,1aee3d353bc51c730,True,,,,,,,,,,0.0,1.0,1.0,1.0,0.5243273095987964,0.0,0.0,1.0,1.0,0.0
204,a99d30f928a653d12,True,,,,,,,,,,1.0,1.0,1.0,1.0,0.9620047144127839,1.0,1.0,1.0,1.0,0.9881264732539949
205,19b9962d1050c08e3,True,,,,,,,,,,0.0,1.0,1.0,1.0,1.0,0.0,1.0,1.0,1.0,0.0
206,dd0ab6f5e9d352fb2,True,,,,,,,,,,1.0,1.0,0.0,1.0,1.0,1.0,0.0,1.0,0.0,0.0
207,a4564a26800be40aa,True,,,,,,,,,,0.0,1.0,0.5,1.0,1.0,0.0,0.0,1.0,1.0,0.0
208,4232b6ce6d0b377b8,True,,,,,,,,,,1.0,0.0,1.0,1.0,0.9744756957407882,1.0,1.0,1.0,0.0,0.0
209,1a04dd2fcf47b0404,True,,,,,,,,,,1.0,1.0,1.0,1.0,0.5999655756184114,1.0,1.0,1.0,0.0,0.7499892423807535
210,5856d9f4b213e9865,True,,,,,,,,,,1.0,1.0,1.0,1.0,1.0,1.0,0.0,1.0,0.0,0.75
211,6583dc042ee97ab5a,True,,,,,,,,,,1.0,1.0,1.0,1.0,1.0,1.0,1.0,1.0,0.0,0.875
212,899e078cab5924628,True,,,,,,,,,,1.0,0.0,0.0,1.0,1.0,1.0,0.0,1.0,0.0,0.0
213,8975720088d1d70ea,True,,,,,,,,,,1.0,1.0,0.0,1.0,0.7857827164898606,1.0,0.0,1.0,0.0,0.0
214,71ff6e1295d5d408e,True,,,,,,,,,,1.0,1.0,0.0,1.0,1.0,0.0,0.0,1.0,0.0,0.0
215,ac3a27db9ffc981a6,True,,,,,,,,,,1.0,0.0,1.0,1.0,0.8518987452955081,1.0,1.0,1.0,1.0,0.0
216,edb62f47f8009856e,True,,,,,,,,,,1.0,1.0,1.0,1.0,0.758021161913611,1.0,1.0,1.0,1.0,0.9243816130980034
217,b81b74ab58ca68574,True,,,,,,,,,,1.0,0.0,0.0,1.0,0.9662037402427672,1.0,1.0,0.0,0.0,0.0
218,9a7779cf31f38e961,True,,,,,,,,,,1.0,1.0,0.5,1.0,0.6738832058382317,1.0,1.0,1.0,0.0,0.3865442509122237
219,78de0559e7e44a61a,True,,,,,,,,,,1.0,0.0,1.0,1.0,1.0,1.0,0.0,1.0,1.0,0.0
220,b32be2ef15c6d9947,True,,,,,,,,,,1.0,1.0,1.0,1.0,1.0,1.0,1.0,1.0,1.0,1.0
221,2611c3a201b36f3af,True,,,,,,,,,,1.0,1.0,1.0,1.0,0.8352654099857489,1.0,1.0,1.0,1.0,0.9485204406205465
222,476448c3e62fe40b1,True,,,,,,,,,,0.0,0.0,1.0,1.0,1.0,0.0,1.0,0.0,0.0,0.0
223,9aae6ea45a3c7efaf,True,,,,,,,,,,1.0,1.0,1.0,1.0,0.7407674190990948,1.0,1.0,1.0,1.0,0.9189898184684672
224,527b9dd077cc88c6e,True,,,,,,,,,,1.0,0.0,0.5,1.0,1.0,1.0,0.0,1.0,0.0,0.0
225,3fb88c089daff90ac,True,,,,,,,,,,1.0,1.0,1.0,1.0,0.7214633582543668,1.0,1.0,1.0,1.0,0.9129572994544897
226,32e366dcde5a1ff12,True,,,,,,,,,,1.0,1.0,1.0,1.0,0.9371415332364924,1.0,0.0,1.0,1.0,0.8553567291364039
227,65cf82257d919ac3a,True,,,,,,,,,,1.0,0.0,1.0,1.0,1.0,1.0,1.0,1.0,0.0,0.0
228,ab4161a99b49b3ba2,True,,,,,,,,,,1.0,1.0,1.0,1.0,0.8465954334625512,1.0,1.0,0.0,0.0,0.7020610729570472
229,aa598127cd934aa23,True,,,,,,,,,,1.0,1.0,1.0,1.0,0.37374445792820893,1.0,1.0,1.0,1.0,0.8042951431025653
230,17ff329e83009189d,True,,,,,,,,,,1.0,0.0,0.5,1.0,0.36783965015689396,1.0,0.0,1.0,0.0,0.0
231,a87447007dd75f539,True,,,,,,,,,,1.0,1.0,1.0,1.0,0.7990566507788116,1.0,1.0,1.0,0.0,0.8122052033683786
232,c107f7eeb5856c0bf,True,,,,,,,,,,1.0,0.0,0.0,1.0,0.9688525807872466,1.0,1.0,1.0,1.0,0.0
233,e0a8201279694e092,True,,,,,,,,,,0.0,1.0,1.0,1.0,1.0,0.0,1.0,1.0,0.0,0.0
234,937a8f24b8d3c456f,True,,,,,,,,,,0.0,1.0,1.0,1.0,1.0,0.0,0.0,1.0,1.0,0.0
235,23a9805ef118f909c,True,,,,,,,,,,1.0,1.0,0.0,1.0,0.8296924135987839,1.0,0.0,1.0,0.0,0.0
236,0dbe87a99ac3cd3e1,True,,,,,,,,,,1.0,0.0,1.0,1.0,1.0,1.0,0.0,1.0,0.0,0.0
237,14f7e3a226b0e16d8,True,,,,,,,,,,1.0,1.0,1.0,1.0,1.0,1.0,1.0,1.0,1.0,1.0
238,22264d7c1336430c1,True,,,,,,,,,,1.0,1.0,1.0,1.0,1.0,1.0,1.0,1.0,0.0,0.875
239,9b8863dbb1afcaba3,True,,,,,,,,,,1.0,1.0,1.0,1.0,1.0,1.0,0.0,1.0,0.0,0.75
240,98908f760ae1f8648,True,,,,,,,,,,0.0,1.0,1.0,1.0,1.0,0.0,0.0,1.0,1.0,0.0
241,56e93c94aeafcbe6b,True,,,,,,,,,,1.0,1.0,1.0,1.0,1.0,1.0,0.0,1.0,1.0,0.875
242,6c0f20461b27e36fb,True,,,,,,,,,,1.0,1.0,1.0,1.0,0.9445206752617807,1.0,0.0,1.0,0.0,0.7326627110193065
243,b06305fffe2e19174,True,,,,,,,,,,1.0,1.0,0.0,1.0,0.8621158838562634,1.0,0.0,1.0,1.0,0.0
244,1cba72845abd54b1e,True,,,,,,,,,,0.0,1.0,1.0,1.0,1.0,0.0,0.0,1.0,0.0,0.0
245,b8a844b02dc16c393,True,,,,,,,,,,1.0,1.0,1.0,1.0,0.586916753967069,1.0,1.0,1.0,0.0,0.7459114856147091
246,5a89225b2405d13d7,True,,,,,,,,,,1.0,1.0,1.0,1.0,0.5828467361160908,1.0,0.0,1.0,1.0,0.7446396050362784
247,38cc35d94ab3f203c,True,,,,,,,,,,1.0,1.0,1.0,1.0,0.5043361850458815,1.0,0.0,1.0,1.0,0.720105057826838
248,bed081d2dd114adb6,True,,,,,,,,,,1.0,1.0,0.0,1.0,1.0,1.0,0.0,1.0,1.0,0.0
249,6f8794f5f301202d0,True,,,,,,,,,,1.0,1.0,1.0,1.0,1.0,1.0,1.0,1.0,1.0,1.0
250,e1d015abbef9b482d,True,,,,,,,,,,1.0,1.0,1.0,1.0,0.751710898675339,1.0,0.0,1.0,1.0,0.7974096558360435
251,e9f1d3b368a8f7603,True,,,,,,,,,,1.0,1.0,1.0,1.0,0.8755671621294865,1.0,0.0,1.0,0.0,0.7111147381654646
252,c4630acafb54056da,True,,,,,,,,,,1.0,1.0,0.0,1.0,0.7199887891020911,1.0,0.0,1.0,1.0,0.0
253,c38b7f486c2411a81,True,,,,,,,,,,0.0,1.0,1.0,1.0,1.0,0.0,0.0,1.0,1.0,0.0
254,303ba3f05a636f6e9,True,,,,,,,,,,1.0,1.0,1.0,1.0,0.6766072427912755,1.0,1.0,1.0,0.0,0.7739397633722735
255,6e06dc9cb502fab19,True,,,,,,,,,,0.0,1.0,1.0,1.0,1.0,0.0,1.0,1.0,0.0,0.0
256,82aeafe6afee99d4b,True,,,,,,,,,,0.0,1.0,1.0,1.0,0.36569994788663973,0.0,1.0,1.0,1.0,0.0
257,66138b6a89d5d40bf,True,,,,,,,,,,1.0,1.0,1.0,1.0,0.5911250299366472,0.0,1.0,1.0,0.0,0.43472657185520225
258,88c5a08bcfdda91cd,True,,,,,,,,,,1.0,1.0,1.0,1.0,1.0,1.0,1.0,1.0,1.0,1.0
259,fd56100f9058b46fa,True,,,,,,,,,,1.0,1.0,0.5,1.0,1.0,1.0,0.0,1.0,1.0,0.4375
260,3f68c9f1e2821def0,True,,,,,,,,,,1.0,1.0,1.0,1.0,0.6694239114763644,1.0,1.0,1.0,0.0,0.7716949723363639
261,4189825e20758be70,True,,,,,,,,,,1.0,1.0,1.0,1.0,1.0,1.0,1.0,1.0,1.0,1.0
262,a283fdc5a4a1cd3b0,True,,,,,,,,,,1.0,1.0,0.0,1.0,0.8241128430235213,1.0,0.0,1.0,1.0,0.0
263,0ff61f43578c0d8e7,True,,,,,,,,,,1.0,1.0,0.0,1.0,1.0,1.0,0.0,1.0,1.0,0.0
264,73c6cac7e07b1cf4f,True,,,,,,,,,,1.0,0.0,1.0,1.0,0.5889418573453469,1.0,1.0,1.0,1.0,0.0
265,6dfe7ea162c45ba1d,True,,,,,,,,,,0.0,0.0,1.0,1.0,1.0,0.0,1.0,1.0,0.0,0.0
266,1dc0a8f14dc973a72,True,,,,,,,,,,0.0,1.0,1.0,1.0,1.0,0.0,1.0,1.0,0.0,0.0
267,f2d7c34919985c798,True,,,,,,,,,,0.0,1.0,1.0,1.0,1.0,0.0,1.0,1.0,1.0,0.0
268,1ea8537ea6898e4e2,True,,,,,,,,,,1.0,1.0,1.0,1.0,0.7202580782750175,1.0,0.0,1.0,1.0,0.787580649460943
269,83eedcad4df5c24c6,True,,,,,,,,,,1.0,1.0,0.0,1.0,1.0,1.0,0.0,1.0,0.0,0.0
270,fef836e429bc5768f,True,,,,,,,,,,1.0,1.0,1.0,1.0,0.707095629334021,1.0,0.0,1.0,0.0,0.6584673841668816
271,c7eba674ea24ca81f,True,,,,,,,,,,0.0,1.0,1.0,1.0,1.0,0.0,0.0,1.0,1.0,0.0
272,d16ba8a46fd2ff788,True,,,,,,,,,,0.0,1.0,1.0,1.0,1.0,0.0,1.0,1.0,1.0,0.0
273,bf1cc9724e9048572,True,,,,,,,,,,1.0,1.0,1.0,1.0,0.671659437169695,1.0,1.0,1.0,0.0,0.7723935741155297
274,cc9f51b0460d19ee5,True,,,,,,,,,,1.0,0.0,0.0,1.0,1.0,1.0,0.0,1.0,1.0,0.0
275,28d6fffc098e43af8,True,,,,,,,,,,1.0,1.0,1.0,1.0,1.0,1.0,0.0,1.0,0.0,0.75
276,7382576570c02547b,True,,,,,,,,,,1.0,1.0,1.0,1.0,0.7031505396991278,1.0,0.0,1.0,1.0,0.7822345436559774
277,7fd931e169ce1f227,True,,,,,,,,,,1.0,1.0,1.0,1.0,0.845352367246645,1.0,0.0,1.0,1.0,0.8266726147645765
278,0128939093fdde786,True,,,,,,,,,,1.0,0.0,0.5,1.0,0.13288972150657555,1.0,1.0,1.0,0.0,0.0
279,9db723ede5227209d,True,,,,,,,,,,1.0,1.0,0.0,1.0,1.0,1.0,0.0,0.0,0.0,0.0
280,759a8a1916ceaf38d,True,,,,,,,,,,1.0,1.0,1.0,1.0,0.7241919594205188,1.0,1.0,1.0,1.0,0.9138099873189122
281,e318affbd4be74ca2,True,,,,,,,,,,1.0,1.0,0.0,1.0,1.0,1.0,0.0,1.0,1.0,0.0
282,ba66893d0046c895c,True,,,,,,,,,,1.0,1.0,1.0,1.0,1.0,1.0,1.0,1.0,1.0,1.0
283,774a05df3c1512cac,True,,,,,,,,,,1.0,1.0,1.0,1.0,1.0,1.0,1.0,1.0,1.0,1.0
284,4f2cdfaccb0f4bfac,True,,,,,,,,,,1.0,1.0,0.5,1.0,0.7330999154363476,1.0,0.0,1.0,1.0,0.3957968617869293
285,bb515ff29da41dc33,True,,,,,,,,,,0.0,1.0,1.0,1.0,1.0,0.0,0.0,1.0,1.0,0.0
286,65bcd286d06e02669,True,,,,,,,,,,1.0,1.0,1.0,1.0,0.6005973123873576,1.0,1.0,1.0,1.0,0.8751866601210492
287,ce7eec1214fedafe8,True,,,,,,,,,,1.0,1.0,1.0,1.0,0.512712874055047,1.0,0.0,1.0,1.0,0.7227227731422021
288,f7e01b97b6868da57,True,,,,,,,,,,0.0,1.0,1.0,1.0,1.0,0.0,0.0,1.0,1.0,0.0
289,2eb3bf3c471605eb4,True,,,,,,,,,,1.0,1.0,1.0,1.0,1.0,1.0,1.0,1.0,1.0,1.0
290,70886fe6fcf180420,True,,,,,,,,,,0.0,1.0,1.0,1.0,0.7821314142954354,0.0,0.0,1.0,0.0,0.0
291,bf14f0399e0ccf645,True,,,,,,,,,,1.0,1.0,0.5,1.0,0.5935227578458268,1.0,1.0,1.0,0.0,0.3739879309134104
292,bfb52f68dcd77ef80,True,,,,,,,,,,1.0,1.0,0.0,1.0,1.0,1.0,0.0,1.0,0.0,0.0
293,40fe52aee319a8b70,True,,,,,,,,,,1.0,0.0,1.0,1.0,0.20301239181986222,1.0,1.0,1.0,0.0,0.0
294,e7a9f463ef537b333,True,,,,,,,,,,1.0,1.0,1.0,1.0,1.0,1.0,1.0,1.0,0.0,0.875
295,05e7e2acfe2b49d78,True,,,,,,,,,,1.0,1.0,1.0,1.0,0.761206315664232,1.0,1.0,1.0,1.0,0.9253769736450725
296,b0cbc535fe9913787,True,,,,,,,,,,1.0,1.0,0.5,1.0,0.9437488234767338,1.0,1.0,1.0,0.0,0.42871075366823963
297,3e180f4a19fe95fc4,True,,,,,,,,,,1.0,1.0,1.0,1.0,0.8900492945351571,1.0,0.0,1.0,0.0,0.7156404045422367
298,10b2a2e4969e65b18,True,,,,,,,,,,1.0,0.0,1.0,1.0,0.7709775991596193,1.0,1.0,1.0,1.0,0.0
299,3e8f802de1e65025d,True,,,,,,,,,,1.0,1.0,1.0,1.0,0.8102405230910703,0.0,0.0,1.0,1.0,0.5032001634659595
300,6f0b775b8d685abec,True,,,,,,,,,,1.0,1.0,1.0,1.0,0.8587242185541771,1.0,0.0,1.0,1.0,0.8308513182981804
301,0db32b98281c2454b,True,,,,,,,,,,1.0,1.0,1.0,1.0,0.8264188767606349,1.0,1.0,1.0,0.0,0.8207558989876984
302,f185085421e3aa72f,True,,,,,,,,,,1.0,1.0,1.0,1.0,0.6424589157647715,1.0,1.0,1.0,1.0,0.8882684111764911
303,1cc4886b926fd9c8b,True,,,,,,,,,,1.0,1.0,1.0,1.0,0.3942915266977947,1.0,1.0,1.0,0.0,0.6857161020930609
304,a075eb4cf05c9e8a0,True,,,,,,,,,,1.0,0.0,1.0,1.0,1.0,1.0,0.0,1.0,1.0,0.0
305,3bcc1dd4e60503094,True,,,,,,,,,,1.0,1.0,1.0,1.0,0.8062318576247912,1.0,0.0,1.0,0.0,0.6894474555077472
306,7e640664f4c19d17e,True,,,,,,,,,,1.0,1.0,1.0,1.0,1.0,1.0,0.0,1.0,1.0,0.875
307,99f90a71ce3411a4f,True,,,,,,,,,,0.0,1.0,1.0,1.0,1.0,0.0,0.0,1.0,1.0,0.0
308,8586a8b63a4fed64c,True,,,,,,,,,,1.0,1.0,0.0,1.0,1.0,1.0,0.0,1.0,0.0,0.0
309,ffa118247f83dcacd,True,,,,,,,,,,1.0,1.0,1.0,1.0,0.4151441532899593,1.0,1.0,1.0,0.0,0.6922325479031123
310,42e2e548a93490d54,True,,,,,,,,,,1.0,1.0,1.0,1.0,1.0,1.0,1.0,1.0,1.0,1.0
311,e1bcade7bd67e9b78,True,,,,,,,,,,1.0,1.0,1.0,1.0,1.0,1.0,1.0,1.0,1.0,1.0
312,8fe0f4c205937d179,True,,,,,,,,,,1.0,1.0,1.0,1.0,1.0,1.0,0.0,1.0,0.0,0.75
313,c95875cdc20edcb2a,True,,,,,,,,,,1.0,1.0,0.5,1.0,0.6387640344653808,1.0,0.0,1.0,1.0,0.38105688038521573
314,aa354b140b6d2c2ab,True,,,,,,,,,,1.0,1.0,0.0,1.0,0.9979646498810799,1.0,0.0,1.0,1.0,0.0
315,6952b70f303046472,True,,,,,,,,,,0.0,1.0,1.0,1.0,1.0,0.0,0.0,1.0,1.0,0.0
316,84073ac4c8f117f43,True,,,,,,,,,,1.0,1.0,1.0,1.0,1.0,1.0,0.0,1.0,1.0,0.875
317,9fb29e611c9f4f0e2,True,,,,,,,,,,1.0,1.0,0.0,1.0,0.8673519690721284,1.0,0.0,0.0,0.0,0.0
318,624b352e4b7f8d830,True,,,,,,,,,,1.0,1.0,1.0,1.0,0.6185010436761412,1.0,1.0,1.0,0.0,0.7557815761487942
319,e013e127e2126bb32,True,,,,,,,,,,1.0,1.0,0.0,1.0,1.0,1.0,1.0,1.0,0.0,0.0
320,709f734811414136f,True,,,,,,,,,,1.0,0.0,1.0,1.0,1.0,1.0,0.0,1.0,1.0,0.0
321,b7e52abb299941045,True,,,,,,,,,,0.0,1.0,1.0,1.0,1.0,0.0,1.0,1.0,0.0,0.0
322,9b28f2e81fd405453,True,,,,,,,,,,1.0,1.0,0.5,1.0,0.8168017464068323,1.0,1.0,1.0,1.0,0.47137527287606756
323,779362891364950a1,True,,,,,,,,,,1.0,1.0,1.0,1.0,0.6213993992763539,1.0,0.0,1.0,0.0,0.6316873122738607
324,6fb2b8cc6f313cf96,True,,,,,,,,,,1.0,1.0,1.0,1.0,0.9367625652097625,1.0,1.0,0.0,0.0,0.7302383016280508
325,4850e4897804c7f1a,True,,,,,,,,,,1.0,1.0,1.0,1.0,0.7859968368959089,1.0,0.0,1.0,1.0,0.8081240115299715
326,996756f9de2d21bac,True,,,,,,,,,,1.0,1.0,1.0,1.0,1.0,1.0,1.0,1.0,1.0,1.0
327,de1d1d3fbf4860a8c,True,,,,,,,,,,0.0,1.0,0.0,1.0,1.0,0.0,0.0,1.0,0.0,0.0
328,9778c919f63adf7c6,True,,,,,,,,,,1.0,1.0,1.0,1.0,0.2854782823741411,1.0,0.0,1.0,0.0,0.526711963241919
329,cde1512dfd75d52a2,True,,,,,,,,,,1.0,1.0,1.0,1.0,0.6980152441818972,1.0,1.0,1.0,0.0,0.7806297638068429
330,0aef5f06bc06b4b67,True,,,,,,,,,,1.0,0.0,0.5,1.0,1.0,1.0,1.0,1.0,0.0,0.0
331,00cbc73194109904b,True,,,,,,,,,,0.0,1.0,1.0,1.0,1.0,0.0,0.0,1.0,1.0,0.0
332,f836208030ee5d621,True,,,,,,,,,,1.0,1.0,0.0,1.0,1.0,0.0,0.0,1.0,0.0,0.0
333,9c091b0cc6c49fd2a,True,,,,,,,,,,1.0,1.0,0.0,1.0,0.8726023298980116,0.0,0.0,0.0,0.0,0.0
334,5cd73374e1336ce3f,True,,,,,,,,,,1.0,1.0,0.0,1.0,1.0,1.0,0.0,1.0,1.0,0.0
335,6ecd877422fdf9247,True,,,,,,,,,,1.0,1.0,1.0,1.0,0.9980374984170676,1.0,1.0,1.0,0.0,0.8743867182553335
336,6b27e18868c49b898,True,,,,,,,,,,1.0,1.0,1.0,1.0,0.4401067168360216,1.0,1.0,1.0,0.0,0.7000333490112567
337,f423e66e3506af742,True,,,,,,,,,,1.0,1.0,1.0,1.0,0.8624978905756745,1.0,0.0,1.0,0.0,0.7070305908048983
338,6e4ce2f0d18b57fb3,True,,,,,,,,,,1.0,1.0,1.0,1.0,0.0019077042370350809,1.0,1.0,1.0,0.0,0.5630961575740734
339,241e6bedc6fcf2de4,True,,,,,,,,,,0.0,0.0,1.0,1.0,1.0,0.0,1.0,1.0,1.0,0.0
340,f7592c27f95e1ae0e,True,,,,,,,,,,1.0,1.0,1.0,1.0,0.40280881936710966,1.0,1.0,1.0,1.0,0.8133777560522217
341,19d93db92ab5bcc09,True,,,,,,,,,,1.0,1.0,1.0,1.0,0.8462652238352311,1.0,1.0,1.0,0.0,0.8269578824485098
342,18a239284011dd8c3,True,,,,,,,,,,1.0,1.0,0.0,1.0,0.9879259378601346,1.0,0.0,1.0,0.0,0.0
343,ace512518cdd33ce6,True,,,,,,,,,,1.0,0.0,1.0,1.0,1.0,1.0,0.0,1.0,0.0,0.0
344,f1d442974b63b87f6,True,,,,,,,,,,1.0,1.0,1.0,1.0,0.7659928180131363,1.0,0.0,1.0,0.0,0.6768727556291051
345,2c5a6bcca688df5f6,True,,,,,,,,,,1.0,1.0,0.0,1.0,1.0,1.0,0.0,1.0,1.0,0.0
346,d99cd68c37ac3ad2c,True,,,,,,,,,,1.0,1.0,1.0,1.0,0.8564395863965211,1.0,0.0,1.0,1.0,0.8301373707489128
347,978616965b8fd4cd6,True,,,,,,,,,,1.0,1.0,1.0,1.0,0.7760668398334588,1.0,0.0,1.0,1.0,0.8050208874479559
348,2d240158ae67d64dd,True,,,,,,,,,,1.0,1.0,0.5,1.0,0.6221817604644156,1.0,0.0,1.0,1.0,0.378465900072565
349,ba2d0c2b1a0d13a74,True,,,,,,,,,,1.0,0.0,0.0,1.0,1.0,1.0,0.0,1.0,0.0,0.0
350,c60975bf95e458f4f,True,,,,,,,,,,1.0,1.0,1.0,1.0,0.9242923271411817,1.0,1.0,0.0,0.0,0.7263413522316193
351,aac5e172e96b86e25,True,,,,,,,,,,1.0,1.0,0.5,1.0,1.0,1.0,0.0,1.0,0.0,0.375
352,2565c982d32c96893,True,,,,,,,,,,1.0,1.0,1.0,1.0,0.8821766014502442,1.0,1.0,1.0,1.0,0.9631801879532014
353,0f9705c901c463e2c,True,,,,,,,,,,1.0,1.0,1.0,1.0,0.655518881377824,1.0,1.0,1.0,1.0,0.89234965043057
354,51cb45da3827bd0fb,True,,,,,,,,,,1.0,1.0,1.0,1.0,0.2432981615131599,1.0,1.0,1.0,0.0,0.6385306754728625
355,ece6eaee0991a44ed,True,,,,,,,,,,1.0,1.0,0.0,1.0,1.0,1.0,0.0,1.0,0.0,0.0
356,e4c060ddfe2b49190,True,,,,,,,,,,1.0,1.0,1.0,1.0,0.8339255084166236,1.0,1.0,1.0,0.0,0.8231017213801949
357,dd51833cafb701a23,True,,,,,,,,,,1.0,1.0,0.5,1.0,1.0,1.0,1.0,0.0,0.0,0.375
358,368fa1aeac7542731,True,,,,,,,,,,1.0,1.0,0.5,1.0,1.0,0.0,0.0,1.0,0.0,0.21875
359,fedf09c50e4a8ef7b,True,,,,,,,,,,1.0,1.0,0.5,1.0,0.8677697779386114,1.0,0.0,1.0,0.0,0.35433902780290805
360,3f94a9e099ddf73f0,True,,,,,,,,,,0.0,1.0,1.0,1.0,1.0,0.0,0.0,1.0,1.0,0.0
361,9e8f8fed1883534f6,True,,,,,,,,,,1.0,0.0,0.0,1.0,1.0,1.0,0.0,1.0,1.0,0.0
362,9cbb06ac6bd21fc4c,True,,,,,,,,,,1.0,0.0,1.0,1.0,1.0,1.0,1.0,1.0,1.0,0.0
363,68becb68da6734f1a,True,,,,,,,,,,1.0,1.0,1.0,1.0,0.9563275996197145,1.0,0.0,1.0,1.0,0.8613523748811608
364,1b9fdb3577e3e1018,True,,,,,,,,,,1.0,1.0,1.0,1.0,0.8217444672969019,1.0,1.0,1.0,1.0,0.9442951460302819
365,281b6c4a5468c1447,True,,,,,,,,,,1.0,1.0,1.0,1.0,0.8810265432029029,1.0,1.0,1.0,1.0,0.9628207947509071
366,102c820549ded1872,True,,,,,,,,,,1.0,1.0,0.5,1.0,1.0,1.0,0.0,1.0,1.0,0.4375
367,234b7c4138a9802b3,True,,,,,,,,,,1.0,1.0,1.0,1.0,0.5969049978918666,1.0,0.0,1.0,0.0,0.6240328118412083
368,3c66eb3d48ad162dc,True,,,,,,,,,,1.0,1.0,1.0,1.0,0.9297730224819019,1.0,1.0,1.0,1.0,0.9780540695255944
369,143c4941004472287,True,,,,,,,,,,1.0,0.0,1.0,1.0,1.0,1.0,0.0,1.0,1.0,0.0
370,2028b4dbdc9149a19,True,,,,,,,,,,1.0,1.0,1.0,1.0,0.8664787597542433,1.0,1.0,1.0,1.0,0.958274612423201
371,5351d5bec3ef40436,True,,,,,,,,,,1.0,0.0,1.0,1.0,0.8572812529995592,1.0,0.0,1.0,1.0,0.0
372,37c49a3e38b6b7781,True,,,,,,,,,,1.0,1.0,1.0,1.0,0.5457318355717212,1.0,1.0,1.0,1.0,0.8580411986161629
373,4e0c450f15f308dcf,True,,,,,,,,,,1.0,1.0,1.0,1.0,0.45134445284591435,0.0,1.0,1.0,0.0,0.3910451415143482
374,934550d99dbe5a996,True,,,,,,,,,,1.0,1.0,0.0,1.0,0.9198752234496305,1.0,0.0,1.0,1.0,0.0
375,8f3bf4b1cb4be05f8,True,,,,,,,,,,0.0,0.0,1.0,1.0,1.0,0.0,1.0,1.0,0.0,0.0
376,749b3e461ac448a6a,True,,,,,,,,,,0.0,1.0,0.0,1.0,1.0,0.0,0.0,1.0,0.0,0.0
377,fb7b5ae64dda69073,True,,,,,,,,,,1.0,1.0,1.0,1.0,0.6676992844235465,1.0,0.0,1.0,0.0,0.6461560263823583
378,188fef8a871d3bb74,True,,,,,,,,,,0.0,0.0,1.0,1.0,1.0,0.0,1.0,1.0,0.0,0.0
379,e18bfb53190f46707,True,,,,,,,,,,1.0,1.0,1.0,1.0,1.0,1.0,1.0,1.0,1.0,1.0
380,f7741428b4719155a,True,,,,,,,,,,1.0,1.0,0.0,1.0,0.8142804696292291,1.0,0.0,1.0,1.0,0.0
381,ff2e7e48f5ee14950,True,,,,,,,,,,1.0,1.0,0.5,1.0,1.0,1.0,0.0,1.0,1.0,0.4375
382,c7c091e891a6bdac2,True,,,,,,,,,,1.0,1.0,1.0,1.0,0.9849731743439802,1.0,0.0,1.0,1.0,0.8703041169824939
383,9ddf964682ac312d8,True,,,,,,,,,,1.0,1.0,1.0,1.0,0.9532026111836818,1.0,1.0,1.0,0.0,0.8603758159949005
384,5913dfbc435fb100c,True,,,,,,,,,,0.0,1.0,1.0,1.0,1.0,0.0,1.0,1.0,1.0,0.0
385,54319e96916504611,True,,,,,,,,,,1.0,1.0,1.0,1.0,0.9204283961508946,1.0,0.0,1.0,1.0,0.8501338737971545
386,59ea6f742dc62b430,True,,,,,,,,,,1.0,0.0,0.0,1.0,0.6581972814485614,1.0,0.0,1.0,0.0,0.0
387,511d6caf7ec40eb09,True,,,,,,,,,,0.0,1.0,0.5,1.0,1.0,0.0,0.0,1.0,0.0,0.0
388,5fbdf316a30e33058,True,,,,,,,,,,1.0,1.0,1.0,1.0,0.6954111646511706,1.0,0.0,1.0,1.0,0.7798159889534908
389,0d26c23bce11ae16b,True,,,,,,,,,,1.0,0.0,1.0,1.0,1.0,1.0,1.0,1.0,1.0,0.0
390,4429b647133616c7e,True,,,,,,,,,,1.0,1.0,1.0,1.0,0.36570322643188785,1.0,1.0,1.0,0.0,0.676782258259965
391,cd1312c660b0759a0,True,,,,,,,,,,1.0,1.0,1.0,1.0,0.6935195709938844,1.0,0.0,1.0,1.0,0.7792248659355889
392,17f3ba89b58f991f4,True,,,,,,,,,,1.0,1.0,1.0,1.0,0.8538289910987964,1.0,0.0,1.0,1.0,0.8293215597183738
393,ffe8f133ba4da683b,True,,,,,,,,,,1.0,1.0,1.0,1.0,0.936515889700015,1.0,1.0,0.0,0.0,0.7301612155312547
394,4b3c2ee5f127a3fe4,True,,,,,,,,,,1.0,1.0,0.0,1.0,0.970544047904079,0.0,0.0,0.0,0.0,0.0
395,8ace3a7104057a34a,True,,,,,,,,,,1.0,1.0,0.0,1.0,1.0,1.0,0.0,1.0,0.0,0.0
396,16b9d0efaf330fdcf,True,,,,,,,,,,1.0,1.0,1.0,1.0,0.8832377421866157,1.0,1.0,0.0,0.0,0.7135117944333174
397,99fca017c572f5bc8,True,,,,,,,,,,1.0,1.0,1.0,1.0,0.7036088257718465,1.0,0.0,1.0,1.0,0.782377758053702
398,fe3306915ae1e2328,True,,,,,,,,,,1.0,1.0,1.0,1.0,0.7993465247913262,1.0,1.0,1.0,0.0,0.8122957889972895
399,7db6e4bbd119fd8c7,True,,,,,,,,,,1.0,1.0,1.0,1.0,0.8011656308203808,1.0,0.0,1.0,1.0,0.812864259631369
400,ffa71fc1b5b55f4ea,True,,,,,,,,,,1.0,1.0,1.0,1.0,0.8132426621740675,1.0,1.0,1.0,0.0,0.8166383319293962
401,5fd00e9375f6b46f9,True,,,,,,,,,,1.0,1.0,0.5,1.0,0.5792885702340055,1.0,0.0,1.0,0.0,0.30926383909906335
402,2efb596222f8cbb75,True,,,,,,,,,,1.0,1.0,0.0,1.0,1.0,1.0,0.0,1.0,1.0,0.0
403,73e128068f712ead2,True,,,,,,,,,,0.0,1.0,1.0,1.0,1.0,0.0,0.0,1.0,0.0,0.0
404,bb46fbd459543e9c1,True,,,,,,,,,,1.0,0.0,1.0,1.0,0.9595595213674483,1.0,1.0,1.0,1.0,0.0
405,24d9e424388a37357,True,,,,,,,,,,1.0,1.0,1.0,1.0,0.8860943726576721,1.0,0.0,1.0,0.0,0.7144044914555225
406,4a53fe73af8c37bee,True,,,,,,,,,,1.0,1.0,1.0,1.0,0.6308629221723032,1.0,0.0,1.0,1.0,0.7596446631788447
407,8124438bc47b3654f,True,,,,,,,,,,1.0,1.0,0.0,1.0,1.0,1.0,0.0,1.0,1.0,0.0
408,0af32ef4c6cb2b293,True,,,,,,,,,,1.0,1.0,0.0,1.0,1.0,1.0,0.0,1.0,0.0,0.0
409,9330871bc582e7f96,True,,,,,,,,,,1.0,1.0,1.0,1.0,0.7803957711644741,1.0,0.0,1.0,1.0,0.8063736784888982
410,eafa5db95b382255d,True,,,,,,,,,,1.0,1.0,1.0,1.0,1.0,1.0,0.0,1.0,0.0,0.75
411,0cbcae8358528cd55,True,,,,,,,,,,1.0,1.0,1.0,1.0,1.0,1.0,0.0,1.0,1.0,0.875
412,d31445529f320e6e9,True,,,,,,,,,,0.0,1.0,1.0,1.0,1.0,0.0,1.0,1.0,0.0,0.0
413,1442b131da263f4dc,True,,,,,,,,,,1.0,1.0,1.0,1.0,0.8134251899758674,1.0,1.0,1.0,1.0,0.9416953718674586
414,5929f8a55e3904cac,True,,,,,,,,,,1.0,1.0,1.0,1.0,0.587352674797889,1.0,1.0,1.0,0.0,0.7460477108743403
415,ceabdb590d507edf3,True,,,,,,,,,,1.0,1.0,1.0,1.0,0.7665529545808097,1.0,0.0,1.0,0.0,0.6770477983065031
416,dd01f78238cd88b26,True,,,,,,,,,,1.0,1.0,1.0,1.0,0.7850636994711098,1.0,1.0,1.0,0.0,0.8078324060847217
417,c69cdc989b0472928,True,,,,,,,,,,0.0,1.0,1.0,1.0,1.0,0.0,0.0,1.0,1.0,0.0
418,b1eef6642f7b29370,True,,,,,,,,,,1.0,1.0,1.0,1.0,0.8219658575118481,1.0,1.0,1.0,1.0,0.9443643304724525
419,ddfba30b82c7a702c,True,,,,,,,,,,0.0,0.0,1.0,1.0,1.0,0.0,0.0,1.0,1.0,0.0
420,0206d7321fb32894a,True,,,,,,,,,,1.0,1.0,1.0,1.0,0.8764479925300916,1.0,1.0,1.0,1.0,0.9613899976656537
421,b2a29ceff702c11c1,True,,,,,,,,,,1.0,1.0,1.0,1.0,0.7073855683037352,1.0,0.0,1.0,1.0,0.7835579900949172
422,d02ab95331cc7550b,True,,,,,,,,,,1.0,0.0,0.0,1.0,1.0,1.0,0.0,1.0,0.0,0.0
423,2a862303c565d9ca9,True,,,,,,,,,,1.0,1.0,1.0,1.0,0.8838571931861169,1.0,0.0,1.0,1.0,0.8387053728706615
424,b5d11a125c8146f58,True,,,,,,,,,,1.0,1.0,1.0,1.0,0.8960801982126925,1.0,1.0,1.0,0.0,0.8425250619414664
425,1dc510be8e058122d,True,,,,,,,,,,1.0,1.0,1.0,1.0,0.8311221234108294,1.0,1.0,1.0,1.0,0.9472256635658842
426,d760fd5131cb248fc,True,,,,,,,,,,1.0,0.0,1.0,1.0,0.7402203413159839,1.0,0.0,1.0,1.0,0.0
427,09fa657ef5c07d73d,True,,,,,,,,,,1.0,1.0,1.0,1.0,1.0,1.0,0.0,1.0,1.0,0.875
428,ee893ffe397bbd4fb,True,,,,,,,,,,0.5,0.0,0.0,1.0,1.0,0.0,0.0,1.0,0.0,0.0
429,8381bad892c31cd51,True,,,,,,,,,,0.5,0.0,0.0,1.0,1.0,0.0,0.0,1.0,1.0,0.0
430,9f903173a7777cf35,True,,,,,,,,,,0.0,0.0,1.0,1.0,1.0,0.0,1.0,1.0,1.0,0.0
431,13a793ea62b767a28,True,,,,,,,,,,1.0,1.0,1.0,1.0,0.909364164109385,1.0,1.0,1.0,1.0,0.9716763012841828
432,1f46bbf6d50d08d54,True,,,,,,,,,,1.0,1.0,0.5,1.0,1.0,1.0,0.0,1.0,1.0,0.4375
433,1500bcfee0aae247d,True,,,,,,,,,,1.0,1.0,1.0,1.0,0.6001864183936894,1.0,1.0,1.0,0.0,0.750058255748028
434,c047340a6e1fc6422,True,,,,,,,,,,1.0,1.0,1.0,1.0,0.8485304001713793,1.0,1.0,1.0,0.0,0.827665750053556
435,f8632cecfa6bdd21f,True,,,,,,,,,,1.0,1.0,0.0,1.0,1.0,0.0,0.0,1.0,1.0,0.0
436,91eb99dcb70ea628c,True,,,,,,,,,,1.0,0.0,0.0,1.0,1.0,1.0,0.0,1.0,1.0,0.0
437,c6f309a29af4e8f36,True,,,,,,,,,,1.0,1.0,0.0,1.0,0.9754555245072976,1.0,0.0,1.0,1.0,0.0
438,20264c75b9737127d,True,,,,,,,,,,1.0,1.0,1.0,1.0,0.7619634354576975,1.0,1.0,1.0,1.0,0.9256135735805304
439,f8269fa1de4da78ec,True,,,,,,,,,,1.0,1.0,1.0,1.0,1.0,1.0,1.0,1.0,1.0,1.0
440,1908461428632f5dd,True,,,,,,,,,,1.0,0.0,1.0,1.0,0.9600479344993297,1.0,1.0,1.0,1.0,0.0
441,da3afbb4ab75483b4,True,,,,,,,,,,0.0,0.0,0.0,1.0,1.0,0.0,0.0,0.0,0.0,0.0
442,0950505e558866cf8,True,,,,,,,,,,1.0,1.0,1.0,1.0,0.8349977165091844,1.0,0.0,1.0,0.0,0.6984367864091201
443,9b4f213c9ca37efb2,True,,,,,,,,,,1.0,1.0,1.0,1.0,1.0,1.0,0.0,1.0,1.0,0.875
444,854e5e93c34b9c7cd,True,,,,,,,,,,1.0,1.0,0.0,1.0,1.0,1.0,0.0,1.0,1.0,0.0
445,ca366055bc1b9838a,True,,,,,,,,,,1.0,1.0,1.0,1.0,1.0,1.0,1.0,1.0,1.0,1.0
446,78fdd992fa8acb334,True,,,,,,,,,,0.0,1.0,1.0,1.0,1.0,0.0,1.0,1.0,0.0,0.0
447,f803ae18d279169ec,True,,,,,,,,,,1.0,1.0,1.0,1.0,0.4596924456339023,1.0,0.0,1.0,0.0,0.5811538892605945
448,4c8f4212a26a493af,True,,,,,,,,,,0.5,0.0,1.0,1.0,1.0,0.0,0.0,1.0,0.0,0.0
449,afb926f0852a51d14,True,,,,,,,,,,1.0,1.0,1.0,1.0,0.0,1.0,1.0,1.0,1.0,0.6875
450,1fa4a4d07117f21ba,True,,,,,,,,,,1.0,1.0,1.0,1.0,0.7907104817900827,0.0,0.0,1.0,1.0,0.49709702555940083
451,666a09df2cf7b4568,True,,,,,,,,,,1.0,1.0,0.0,1.0,1.0,1.0,0.0,1.0,1.0,0.0
452,85102a1c7b55bc154,True,,,,,,,,,,1.0,0.0,1.0,1.0,0.7401418333971954,1.0,1.0,1.0,0.0,0.0
453,38bdb6df2119d0042,True,,,,,,,,,,1.0,0.0,1.0,1.0,0.7767112878947755,1.0,0.0,1.0,1.0,0.0
454,00c800ba9acb02aa0,True,,,,,,,,,,1.0,1.0,1.0,1.0,0.5749367878169549,1.0,1.0,1.0,0.0,0.7421677461927985
455,f77bd4f74cbf5fa01,True,,,,,,,,,,1.0,1.0,1.0,1.0,0.5833447096228592,1.0,1.0,1.0,1.0,0.8697952217571435
456,27f023bf8333f5410,True,,,,,,,,,,1.0,1.0,1.0,1.0,0.762641452122502,1.0,1.0,1.0,1.0,0.9258254537882818
457,eabd2a62e5069e1a4,True,,,,,,,,,,1.0,1.0,1.0,1.0,0.7937903633092438,1.0,1.0,1.0,1.0,0.9355594885341387
458,32dff9c93368fc640,True,,,,,,,,,,1.0,1.0,1.0,1.0,1.0,1.0,0.0,1.0,1.0,0.875
459,7b88d46ce71736357,True,,,,,,,,,,1.0,1.0,0.5,1.0,1.0,1.0,0.0,1.0,1.0,0.4375
460,3e0e221b32c026dc2,True,,,,,,,,,,1.0,0.0,0.0,1.0,1.0,1.0,0.0,1.0,1.0,0.0
461,d78f1814c06d766b1,True,,,,,,,,,,1.0,1.0,1.0,1.0,1.0,1.0,1.0,1.0,1.0,1.0
462,2664f428da61db472,True,,,,,,,,,,1.0,1.0,1.0,1.0,0.8844988405213478,0.0,0.0,1.0,1.0,0.5264058876629212
463,500c799cf6e33c39e,True,,,,,,,,,,1.0,0.0,1.0,1.0,1.0,1.0,1.0,1.0,0.0,0.0
464,03aa909d3767ff00e,True,,,,,,,,,,1.0,1.0,1.0,1.0,0.8543318832207457,1.0,1.0,1.0,1.0,0.9544787135064831
465,168a27b36c1bcf538,True,,,,,,,,,,1.0,1.0,0.0,1.0,1.0,1.0,0.0,1.0,0.0,0.0
466,4d27e0875d79e55cb,True,,,,,,,,,,1.0,0.0,1.0,1.0,0.7498025513714957,1.0,1.0,1.0,0.0,0.0
467,3864e1953b7d8cbc6,True,,,,,,,,,,1.0,1.0,1.0,1.0,0.9630414381891661,1.0,1.0,0.0,0.0,0.7384504494341144
468,56873aea1946dc836,True,,,,,,,,,,1.0,1.0,1.0,1.0,1.0,1.0,1.0,1.0,1.0,1.0
469,b7f7527c14d0de1ef,True,,,,,,,,,,1.0,1.0,0.0,1.0,1.0,1.0,0.0,1.0,1.0,0.0
470,93c5dce231ad8a838,True,,,,,,,,,,1.0,1.0,1.0,1.0,0.7626411246942121,1.0,1.0,1.0,1.0,0.9258253514669412
471,c55b51f6860007830,True,,,,,,,,,,1.0,1.0,0.0,1.0,1.0,1.0,0.0,1.0,1.0,0.0
472,956f2e4043c1b8f4d,True,,,,,,,,,,1.0,1.0,1.0,1.0,0.9879958790126443,1.0,1.0,1.0,0.0,0.8712487121914514
473,fd157e67d430fdab3,True,,,,,,,,,,0.0,1.0,1.0,1.0,1.0,0.0,0.0,1.0,0.0,0.0
474,5c8283705c1e44a16,True,,,,,,,,,,0.0,1.0,1.0,1.0,1.0,0.0,1.0,1.0,0.0,0.0
475,da02d1fbeb2cec70a,True,,,,,,,,,,0.0,0.0,0.0,1.0,1.0,0.0,1.0,0.0,0.0,0.0
476,9632710f733828256,True,,,,,,,,,,1.0,1.0,1.0,1.0,0.9534447021676049,1.0,0.0,1.0,1.0,0.8604514694273766
477,8a89ac1132afc51b4,True,,,,,,,,,,1.0,0.0,1.0,1.0,1.0,1.0,0.0,1.0,0.0,0.0
478,57f473049e88971e9,True,,,,,,,,,,1.0,1.0,0.0,1.0,0.7826326061991606,1.0,0.0,1.0,0.0,0.0
479,03edf6df45ef3dc2c,True,,,,,,,,,,1.0,1.0,1.0,1.0,1.0,1.0,0.0,1.0,1.0,0.875
480,7b53923d6ec4115f3,True,,,,,,,,,,1.0,0.0,0.0,1.0,1.0,1.0,0.0,1.0,0.0,0.0
481,c99ebd2dc27c56b12,True,,,,,,,,,,1.0,0.0,0.0,1.0,1.0,1.0,0.0,1.0,0.0,0.0
482,8f6e1b2f271bab9a1,True,,,,,,,,,,1.0,1.0,1.0,1.0,0.6836688901985719,1.0,0.0,1.0,1.0,0.7761465281870537
483,f5751be1c6f840216,True,,,,,,,,,,1.0,0.0,0.0,1.0,1.0,1.0,0.0,1.0,0.0,0.0
484,c4c4fa45496336f70,True,,,,,,,,,,1.0,1.0,0.5,1.0,1.0,1.0,0.0,1.0,0.0,0.375
485,e9738336730d6755b,True,,,,,,,,,,1.0,0.0,1.0,1.0,1.0,1.0,0.0,1.0,1.0,0.0
486,ca0adf718f5972567,True,,,,,,,,,,1.0,0.0,1.0,1.0,0.7860045614866703,1.0,1.0,1.0,1.0,0.0
487,bdd6ec1614649724b,True,,,,,,,,,,1.0,0.0,1.0,1.0,1.0,1.0,0.0,1.0,1.0,0.0
488,d89331799987b6909,True,,,,,,,,,,0.0,1.0,1.0,1.0,1.0,0.0,1.0,0.0,0.0,0.0
489,84e277e20e4dfaf5c,True,,,,,,,,,,1.0,1.0,1.0,1.0,0.8937150549390702,1.0,0.0,1.0,1.0,0.8417859546684594
490,1e76d24e6c9b36a12,True,,,,,,,,,,1.0,0.0,1.0,1.0,0.9489875854200926,1.0,0.0,1.0,1.0,0.0
491,d913eb830099d4dfe,True,,,,,,,,,,1.0,0.0,0.5,1.0,1.0,1.0,0.0,1.0,0.0,0.0
492,69efea362deb3273e,True,,,,,,,,,,1.0,0.0,1.0,1.0,1.0,1.0,0.0,1.0,1.0,0.0
493,4a6cfd874f908500b,True,,,,,,,,,,1.0,1.0,1.0,1.0,0.768483468244841,1.0,0.0,1.0,1.0,0.8026510838265128
494,daa10fc178dc83dfb,True,,,,,,,,,,1.0,0.0,1.0,1.0,1.0,1.0,0.0,1.0,1.0,0.0
495,8c25a75ef46e49d9f,True,,,,,,,,,,1.0,1.0,1.0,1.0,0.6356697000386299,1.0,1.0,1.0,0.0,0.7611467812620718
496,1b4910e763891cfbd,True,,,,,,,,,,0.0,0.0,0.5,1.0,1.0,0.0,0.0,1.0,0.0,0.0
497,b88788ff5a11cb94f,True,,,,,,,,,,1.0,1.0,1.0,1.0,0.5821278017375041,1.0,1.0,1.0,0.0,0.7444149380429701
498,372a537447f7672b9,True,,,,,,,,,,1.0,0.0,1.0,1.0,0.8190139838606276,1.0,1.0,1.0,0.0,0.0
499,300e70e9d228631b4,True,,,,,,,,,,1.0,1.0,0.0,1.0,1.0,1.0,0.0,0.0,0.0,0.0
500,9fd492f6ce88318ef,True,,,,,,,,,,1.0,0.0,1.0,1.0,1.0,1.0,1.0,1.0,1.0,0.0
501,5b32d8e1dbbbd670a,True,,,,,,,,,,1.0,1.0,0.0,1.0,1.0,1.0,0.0,1.0,1.0,0.0
502,1a221329baff3bfe2,True,,,,,,,,,,1.0,1.0,1.0,1.0,1.0,1.0,1.0,1.0,1.0,1.0
503,15f665441aeb9b139,True,,,,,,,,,,1.0,1.0,1.0,1.0,0.5156236961240468,1.0,1.0,1.0,1.0,0.8486324050387646
504,f7608da692db5aeb1,True,,,,,,,,,,1.0,0.0,0.0,1.0,1.0,1.0,0.0,1.0,0.0,0.0
505,821ded6741a70217e,True,,,,,,,,,,1.0,1.0,1.0,1.0,1.0,1.0,1.0,1.0,1.0,1.0
506,c3d1977a554fb24b2,True,,,,,,,,,,1.0,1.0,1.0,1.0,0.7534120445464031,1.0,0.0,1.0,1.0,0.7979412639207509
507,5667ac6a20c2d6e51,True,,,,,,,,,,1.0,1.0,1.0,1.0,1.0,1.0,0.0,1.0,0.0,0.75
508,e42fb75cf07b74514,True,,,,,,,,,,1.0,1.0,1.0,1.0,0.5263794201368573,1.0,1.0,1.0,1.0,0.8519935687927679
509,2366b4156fa09a0bc,True,,,,,,,,,,1.0,1.0,0.5,1.0,1.0,1.0,0.0,1.0,1.0,0.4375
510,1bd9daba7d7d502b0,True,,,,,,,,,,1.0,1.0,1.0,1.0,1.0,1.0,1.0,1.0,1.0,1.0
511,37965fbc732bb2aaf,True,,,,,,,,,,1.0,0.0,1.0,1.0,0.8032037308818024,1.0,1.0,1.0,0.0,0.0
512,f0d9c76a3b3a29839,True,,,,,,,,,,1.0,1.0,1.0,1.0,1.0,1.0,0.0,1.0,0.0,0.75
513,175bc910c16425e5c,True,,,,,,,,,,1.0,1.0,1.0,1.0,0.6776315168011132,1.0,1.0,1.0,0.0,0.7742598490003478
514,dcb9f36fff6b09354,True,,,,,,,,,,1.0,1.0,1.0,1.0,0.9542372008300438,1.0,0.0,1.0,0.0,0.7356991252593887
515,591164dffebc72c33,True,,,,,,,,,,1.0,1.0,1.0,1.0,1.0,1.0,1.0,1.0,0.0,0.875
516,5b7915b6c4d354972,True,,,,,,,,,,1.0,1.0,1.0,1.0,0.9895788631510206,1.0,1.0,1.0,1.0,0.996743394734694
517,93dbd55a373bc4efe,True,,,,,,,,,,1.0,1.0,1.0,1.0,0.7964563695048225,1.0,0.0,1.0,1.0,0.811392615470257
518,1fbe931a028dff6f9,True,,,,,,,,,,1.0,1.0,0.0,1.0,1.0,1.0,0.0,1.0,0.0,0.0
519,1c9335961ee565478,True,,,,,,,,,,1.0,1.0,1.0,1.0,1.0,1.0,1.0,1.0,0.0,0.875
520,749ce2a3f7c56b638,True,,,,,,,,,,1.0,1.0,1.0,1.0,0.7575128405558818,1.0,1.0,1.0,1.0,0.9242227626737131
521,58f91f82a3c230e1e,True,,,,,,,,,,0.5,1.0,0.0,1.0,1.0,0.0,0.0,1.0,0.0,0.0
522,c73438b8126946550,True,,,,,,,,,,1.0,1.0,1.0,1.0,0.7898567399498477,1.0,0.0,1.0,1.0,0.8093302312343273
523,2532060dd97ed7c45,True,,,,,,,,,,1.0,1.0,1.0,1.0,1.0,1.0,0.0,1.0,1.0,0.875
524,9bd2024518849085f,True,,,,,,,,,,1.0,1.0,0.0,1.0,1.0,1.0,0.0,1.0,1.0,0.0
525,0128e6a2b97ff89b5,True,,,,,,,,,,0.0,1.0,1.0,1.0,1.0,0.0,0.0,1.0,1.0,0.0
526,89628b64c8a329c07,True,,,,,,,,,,1.0,0.0,0.0,1.0,1.0,1.0,0.0,1.0,0.0,0.0
527,d9ae5adb158047d47,True,,,,,,,,,,1.0,1.0,1.0,1.0,1.0,1.0,0.0,1.0,1.0,0.875
528,ce6402fbad2038696,True,,,,,,,,,,1.0,0.0,0.0,1.0,1.0,1.0,0.0,0.0,0.0,0.0
529,741792e4d3c065377,True,,,,,,,,,,1.0,0.0,1.0,1.0,0.7564369636280921,1.0,0.0,1.0,1.0,0.0
530,f50ba88f5b3fedfcd,True,,,,,,,,,,1.0,1.0,1.0,1.0,1.0,1.0,0.0,1.0,1.0,0.875
531,3b32da65a709f23d8,True,,,,,,,,,,1.0,1.0,1.0,1.0,0.8454218324897044,1.0,0.0,1.0,0.0,0.7016943226530326
532,1977bcc474e42d28a,True,,,,,,,,,,1.0,1.0,0.5,1.0,1.0,1.0,0.0,1.0,1.0,0.4375
533,9e9f60c0dd89a3428,True,,,,,,,,,,1.0,0.0,1.0,1.0,0.5290374564565397,1.0,0.0,1.0,0.0,0.0
534,a71e198a60b5a7b1b,True,,,,,,,,,,1.0,1.0,1.0,1.0,1.0,1.0,1.0,1.0,0.0,0.875
535,24e6339c5f9336f36,True,,,,,,,,,,1.0,1.0,1.0,1.0,0.7678572669750169,1.0,1.0,1.0,1.0,0.9274553959296927
536,6561872854225db74,True,,,,,,,,,,1.0,1.0,1.0,1.0,1.0,1.0,1.0,1.0,1.0,1.0
537,ca9e9b5a18bc96373,True,,,,,,,,,,1.0,1.0,1.0,1.0,0.5958031303686148,1.0,0.0,1.0,0.0,0.6236884782401921
538,5037003d98e7c77a2,True,,,,,,,,,,1.0,0.0,0.0,1.0,1.0,1.0,0.0,1.0,1.0,0.0
539,344138bb06fa0b513,True,,,,,,,,,,1.0,0.0,1.0,1.0,1.0,1.0,0.0,1.0,1.0,0.0
540,77dea5b8b12d56203,True,,,,,,,,,,1.0,1.0,1.0,1.0,0.9477975141701909,1.0,1.0,0.0,0.0,0.7336867231781846
541,6e7525ff98599366a,True,,,,,,,,,,1.0,1.0,1.0,1.0,0.9403314655744025,1.0,0.0,1.0,1.0,0.8563535829920008
542,3f8a80414eacde90b,True,,,,,,,,,,1.0,1.0,1.0,1.0,0.6041234482189226,1.0,0.0,1.0,0.0,0.6262885775684133
543,cfbef936343c3a937,True,,,,,,,,,,1.0,1.0,1.0,1.0,0.802738967387253,1.0,0.0,1.0,1.0,0.8133559273085166
544,99843a353c9918cfd,True,,,,,,,,,,1.0,1.0,1.0,1.0,0.7318254720553721,1.0,1.0,1.0,1.0,0.9161954600173038
545,9b164e112834437ea,True,,,,,,,,,,1.0,1.0,1.0,1.0,0.032077349715533894,1.0,0.0,1.0,1.0,0.5725241717861043
546,0980084e5c33ab76e,True,,,,,,,,,,1.0,1.0,1.0,1.0,0.57862025342172,1.0,1.0,1.0,1.0,0.8683188291942875
547,82b0238fb02f13548,True,,,,,,,,,,0.0,1.0,1.0,1.0,1.0,0.0,0.0,1.0,1.0,0.0
548,a389c63fbad3287f2,True,,,,,,,,,,1.0,1.0,1.0,1.0,1.0,1.0,1.0,1.0,1.0,1.0
549,ff2677dc137bcd3f7,True,,,,,,,,,,1.0,1.0,1.0,1.0,0.9210353465786281,1.0,1.0,1.0,0.0,0.8503235458058213
550,891f0c38752897ee9,True,,,,,,,,,,1.0,1.0,0.0,1.0,1.0,1.0,0.0,1.0,1.0,0.0
551,dbdd9c6b89f613fdf,True,,,,,,,,,,1.0,0.0,1.0,1.0,1.0,1.0,0.0,1.0,1.0,0.0
552,5139fde7658566f8c,True,,,,,,,,,,0.0,1.0,0.5,1.0,1.0,0.0,0.0,1.0,1.0,0.0
553,4ada67449cbca8a4f,True,,,,,,,,,,1.0,1.0,1.0,1.0,1.0,1.0,1.0,1.0,1.0,1.0
554,14afd0e1ef0d94d4d,True,,,,,,,,,,1.0,1.0,1.0,1.0,1.0,1.0,1.0,1.0,0.0,0.875
555,8776bb6a2a0edef8e,True,,,,,,,,,,1.0,1.0,1.0,1.0,0.0,0.0,0.0,1.0,1.0,0.25
556,031e271f324d8fe95,True,,,,,,,,,,1.0,1.0,1.0,1.0,1.0,1.0,0.0,1.0,1.0,0.875
557,3fa63924a53aacc9a,True,,,,,,,,,,1.0,1.0,1.0,1.0,0.863147149823624,1.0,1.0,1.0,1.0,0.9572334843198824
558,4bec08cedd964d496,True,,,,,,,,,,1.0,1.0,1.0,1.0,1.0,1.0,1.0,1.0,0.0,0.875
559,81b780529f08d965b,True,,,,,,,,,,1.0,0.0,1.0,1.0,0.7544141099202087,1.0,0.0,1.0,1.0,0.0
560,eb588d2e3b1e3409d,True,,,,,,,,,,1.0,1.0,1.0,1.0,0.9845521399470315,1.0,1.0,1.0,1.0,0.9951725437334473
561,530a28f5b73e11f66,True,,,,,,,,,,1.0,1.0,1.0,1.0,1.0,1.0,1.0,1.0,0.0,0.875
562,09abf15b5898e308b,True,,,,,,,,,,1.0,1.0,0.0,1.0,1.0,1.0,0.0,1.0,0.0,0.0
563,769c42d02e0f583b2,True,,,,,,,,,,0.0,1.0,0.5,1.0,1.0,0.0,0.0,1.0,1.0,0.0
564,8c7844d1d621c907b,True,,,,,,,,,,1.0,1.0,1.0,1.0,1.0,1.0,1.0,1.0,1.0,1.0
565,c22f538fee4004aa6,True,,,,,,,,,,1.0,1.0,1.0,1.0,0.8062508127929631,1.0,0.0,1.0,1.0,0.814453378997801
566,1d9b777552553488e,True,,,,,,,,,,1.0,1.0,0.5,1.0,1.0,1.0,0.0,1.0,0.0,0.375
567,fc50c3e2408f9caad,True,,,,,,,,,,0.0,0.0,0.0,1.0,1.0,0.0,0.0,1.0,1.0,0.0
568,58f8bb6cc7ee41227,True,,,,,,,,,,1.0,0.0,1.0,1.0,0.8839597358012837,1.0,0.0,1.0,0.0,0.0
569,067988277091a3762,True,,,,,,,,,,1.0,1.0,1.0,1.0,0.4999551432768927,1.0,0.0,1.0,0.0,0.5937359822740289
570,b39cc0075afc7d408,True,,,,,,,,,,1.0,1.0,1.0,1.0,0.6290717372566956,1.0,0.0,1.0,0.0,0.6340849178927174
571,d853fa4b72196af01,True,,,,,,,,,,0.0,1.0,1.0,1.0,1.0,0.0,1.0,1.0,1.0,0.0
572,e11c0271d9082ef0a,True,,,,,,,,,,1.0,1.0,1.0,1.0,0.7808043066273537,1.0,0.0,1.0,1.0,0.806501345821048
573,cffdc69f30e1aeda2,True,,,,,,,,,,1.0,1.0,1.0,1.0,1.0,1.0,1.0,1.0,1.0,1.0
574,5fb91cdf13ec612c5,True,,,,,,,,,,1.0,1.0,1.0,1.0,0.7759151658704797,1.0,0.0,1.0,0.0,0.6799734893345248
575,c4db0ed678d459874,True,,,,,,,,,,1.0,1.0,1.0,1.0,0.8283121251361965,1.0,0.0,1.0,0.0,0.6963475391050614
576,0fda3e9ba0b83c4b2,True,,,,,,,,,,0.0,0.0,0.0,1.0,1.0,0.0,0.0,1.0,1.0,0.0
577,50f513cc32849ede8,True,,,,,,,,,,1.0,1.0,1.0,1.0,0.9425965807899178,1.0,1.0,1.0,1.0,0.9820614314968493
578,6a8f1db0741e3de32,True,,,,,,,,,,1.0,1.0,1.0,1.0,0.6932549838747882,1.0,0.0,1.0,1.0,0.7791421824608713
579,19211d8eac9c62147,True,,,,,,,,,,1.0,1.0,1.0,1.0,0.7623884372496209,1.0,0.0,1.0,1.0,0.8007463866405066
580,fd59576ebdf2661ee,True,,,,,,,,,,1.0,1.0,1.0,1.0,0.8847023906847755,1.0,0.0,1.0,1.0,0.8389694970889924
581,b04390988b4a74994,True,,,,,,,,,,1.0,1.0,1.0,1.0,1.0,1.0,1.0,1.0,0.0,0.875
582,4222a702d3e9ef7bb,True,,,,,,,,,,1.0,1.0,1.0,1.0,1.0,1.0,1.0,1.0,1.0,1.0
583,2fc976c7bc0d58fed,True,,,,,,,,,,1.0,1.0,1.0,1.0,1.0,1.0,0.0,1.0,1.0,0.875
584,0a1cec4bdc1f7ba66,True,,,,,,,,,,1.0,1.0,1.0,1.0,1.0,1.0,0.0,1.0,1.0,0.875
585,5875003845a7403ab,True,,,,,,,,,,1.0,1.0,1.0,1.0,1.0,1.0,1.0,1.0,1.0,1.0
586,95bfecce656f72d69,True,,,,,,,,,,0.0,1.0,1.0,1.0,1.0,0.0,1.0,1.0,1.0,0.0
587,6ba28ea05bd9dd3df,True,,,,,,,,,,1.0,0.0,1.0,0.0,1.0,1.0,1.0,1.0,1.0,0.0
588,4c9f4af922d375f71,True,,,,,,,,,,1.0,1.0,1.0,1.0,0.867529533504895,1.0,1.0,1.0,1.0,0.9586029792202797
589,2d044f90ee817dc19,True,,,,,,,,,,1.0,0.0,0.0,1.0,1.0,1.0,0.0,1.0,1.0,0.0
590,129d3c576dc7bb588,True,,,,,,,,,,1.0,0.0,1.0,1.0,0.09931086804814254,1.0,0.0,1.0,0.0,0.0
591,5bd3f77bfdb480b75,True,,,,,,,,,,0.0,1.0,1.0,1.0,1.0,0.0,1.0,1.0,1.0,0.0
592,772ca0f5b2b35d83b,True,,,,,,,,,,1.0,0.0,1.0,0.0,1.0,1.0,1.0,1.0,1.0,0.0
593,1a2a9699acac9d639,True,,,,,,,,,,1.0,1.0,1.0,1.0,0.845923579180526,0.0,0.0,1.0,1.0,0.5143511184939143
594,2ddb8a77091ace2c6,True,,,,,,,,,,1.0,1.0,1.0,1.0,0.7778406118393499,1.0,1.0,1.0,1.0,0.9305751911997968
595,108350d1060a66bd9,True,,,,,,,,,,1.0,1.0,0.0,1.0,0.9313772314999968,0.0,0.0,1.0,0.0,0.0
596,e5c6c91f1d3892636,True,,,,,,,,,,1.0,0.0,1.0,1.0,0.831371756119431,1.0,1.0,1.0,0.0,0.0
597,b5ee33c961aed53c5,True,,,,,,,,,,1.0,1.0,0.0,1.0,0.8158207577568262,1.0,0.0,1.0,1.0,0.0
598,fb0fb16361fd50a45,True,,,,,,,,,,1.0,1.0,0.5,1.0,0.8591075655636885,1.0,1.0,1.0,0.0,0.41548555711932633
599,41423d9768746a40d,True,,,,,,,,,,1.0,1.0,1.0,1.0,0.8392152500550043,1.0,1.0,0.0,0.0,0.6997547656421889
600,9225b4285de2f81d8,True,,,,,,,,,,1.0,0.0,1.0,1.0,1.0,1.0,1.0,1.0,1.0,0.0
601,daba931964ff703a5,True,,,,,,,,,,1.0,0.0,1.0,1.0,0.7835134415526621,1.0,0.0,1.0,1.0,0.0
602,c43503e3cebf10b69,True,,,,,,,,,,1.0,1.0,0.0,1.0,0.6524282165485779,1.0,0.0,1.0,0.0,0.0
603,ba3f20b19ddb93cb1,True,,,,,,,,,,1.0,1.0,1.0,1.0,1.0,1.0,1.0,1.0,1.0,1.0
604,43a6dc7b51c8d9d06,True,,,,,,,,,,1.0,1.0,1.0,1.0,1.0,1.0,1.0,1.0,1.0,1.0
605,c0831690e22e4cfbc,True,,,,,,,,,,1.0,1.0,1.0,1.0,1.0,1.0,1.0,1.0,0.0,0.875
606,6697b38b1d73777b9,True,,,,,,,,,,1.0,1.0,1.0,1.0,0.5761538994503114,1.0,1.0,1.0,1.0,0.8675480935782223
607,2da594e725662f7c5,True,,,,,,,,,,1.0,1.0,1.0,1.0,0.38761608051309754,1.0,1.0,1.0,0.0,0.683630025160343
608,e1275cf277c0a36c1,True,,,,,,,,,,1.0,1.0,0.0,1.0,0.869659569779347,1.0,1.0,1.0,1.0,0.0
609,b0dc4287fbb069fd7,True,,,,,,,,,,1.0,1.0,1.0,1.0,0.6399972532487719,1.0,0.0,1.0,0.0,0.6374991416402412
610,50b922840407a0340,True,,,,,,,,,,1.0,1.0,0.5,1.0,0.5625399954544903,1.0,1.0,1.0,0.0,0.3691468742897641
611,08bcd54c271622666,True,,,,,,,,,,1.0,1.0,1.0,1.0,0.6155838888220687,1.0,1.0,1.0,1.0,0.8798699652568964
612,fa350068f608950fe,True,,,,,,,,,,1.0,1.0,1.0,1.0,1.0,1.0,0.0,1.0,1.0,0.875
613,ba31453558099b11f,True,,,,,,,,,,1.0,1.0,0.0,1.0,0.7628954345619674,1.0,1.0,1.0,0.0,0.0
614,83dc61b75efe5e09e,True,,,,,,,,,,1.0,1.0,1.0,1.0,1.0,1.0,1.0,1.0,0.0,0.875
615,bec8d578f7182bbcd,True,,,,,,,,,,1.0,1.0,1.0,1.0,1.0,1.0,0.0,1.0,1.0,0.875
616,3432391c5dca44cf9,True,,,,,,,,,,1.0,1.0,1.0,1.0,0.859323782103732,1.0,1.0,1.0,1.0,0.9560386819074163
617,09217d8288feb5fad,True,,,,,,,,,,1.0,1.0,1.0,1.0,1.0,1.0,1.0,1.0,1.0,1.0
618,576158d07f0a09e6b,True,,,,,,,,,,1.0,1.0,1.0,1.0,1.0,1.0,0.0,1.0,0.0,0.75
619,5afefbf1463923c97,True,,,,,,,,,,1.0,1.0,1.0,1.0,0.7331401374749285,1.0,0.0,1.0,1.0,0.7916062929609151
620,570c63685f0d25c8f,True,,,,,,,,,,1.0,1.0,0.0,1.0,0.8736631926137425,1.0,0.0,1.0,0.0,0.0
621,12776777ba8546e14,True,,,,,,,,,,0.0,0.0,0.0,1.0,1.0,0.0,0.0,1.0,0.0,0.0
622,874ca7613e4fb30ba,True,,,,,,,,,,1.0,0.0,0.0,1.0,1.0,1.0,1.0,1.0,0.0,0.0
623,de0ea29426ca0c381,True,,,,,,,,,,0.0,1.0,1.0,1.0,1.0,0.0,0.0,1.0,1.0,0.0
624,4c838e94f573fa977,True,,,,,,,,,,1.0,1.0,1.0,1.0,0.02371827196462961,1.0,0.0,1.0,1.0,0.5699119599889467
625,4f7f3184912163792,True,,,,,,,,,,1.0,1.0,1.0,1.0,0.9793336689811202,1.0,0.0,1.0,1.0,0.8685417715566001
626,6cb50088281513418,True,,,,,,,,,,1.0,1.0,1.0,1.0,0.8013414489116493,1.0,1.0,1.0,0.0,0.8129192027848904
627,36c3a5d31d406a1c2,True,,,,,,,,,,1.0,1.0,1.0,1.0,0.4770602403820934,1.0,1.0,1.0,0.0,0.7115813251194042
628,70f0bbf667ad7bd9e,True,,,,,,,,,,1.0,1.0,1.0,1.0,0.9710445001849258,1.0,0.0,1.0,0.0,0.7409514063077893
629,431df46346088a1de,True,,,,,,,,,,1.0,1.0,1.0,1.0,0.8734696082028364,1.0,1.0,1.0,1.0,0.9604592525633864
630,7f444b043c5b21ab4,True,,,,,,,,,,1.0,0.0,1.0,1.0,0.7966350779259979,1.0,0.0,1.0,1.0,0.0
631,df1a0f92cba6a82a6,True,,,,,,,,,,1.0,1.0,1.0,1.0,0.9272941759029074,1.0,1.0,1.0,0.0,0.8522794299696586
632,2a756bf014216177b,True,,,,,,,,,,1.0,1.0,1.0,1.0,0.8031282441465938,1.0,0.0,1.0,1.0,0.8134775762958106
633,fbf6a32724a0d16f2,True,,,,,,,,,,1.0,1.0,1.0,1.0,1.0,1.0,0.0,1.0,1.0,0.875
634,7acc87fed29fbe645,True,,,,,,,,,,1.0,1.0,0.5,1.0,1.0,1.0,0.0,1.0,0.0,0.375
635,b9cbb58cb1e1b0dee,True,,,,,,,,,,1.0,1.0,1.0,1.0,0.887777761760355,1.0,1.0,1.0,1.0,0.9649305505501109
636,272d0fb68e72a32c3,True,,,,,,,,,,1.0,1.0,0.5,1.0,1.0,1.0,0.0,1.0,0.0,0.375
637,f6f239b03260b58d8,True,,,,,,,,,,1.0,0.0,0.0,1.0,1.0,0.0,0.0,1.0,0.0,0.0
638,dd724782a844b55a6,True,,,,,,,,,,0.0,1.0,1.0,1.0,1.0,0.0,0.0,1.0,0.0,0.0
639,e04480093a92a2fc2,True,,,,,,,,,,1.0,1.0,0.5,1.0,1.0,1.0,0.0,1.0,0.0,0.375
640,3eff742f795344f8e,True,,,,,,,,,,1.0,0.0,1.0,1.0,0.2993184437502609,1.0,0.0,1.0,0.0,0.0
641,81dcc1a7db52cf064,True,,,,,,,,,,1.0,1.0,1.0,1.0,0.8441884237137814,1.0,0.0,1.0,1.0,0.8263088824105567
642,f69feac0ce4643512,True,,,,,,,,,,1.0,1.0,1.0,1.0,0.46510491336498877,1.0,1.0,1.0,0.0,0.707845285426559
643,8cd4e7ea09172b366,True,,,,,,,,,,1.0,0.0,1.0,1.0,1.0,1.0,0.0,1.0,0.0,0.0
644,fc9d3ef48d94c0485,True,,,,,,,,,,1.0,1.0,1.0,1.0,0.5723608863229473,1.0,0.0,1.0,1.0,0.741362776975921
645,6333f19e87ad08122,True,,,,,,,,,,0.0,1.0,1.0,1.0,1.0,0.0,1.0,1.0,1.0,0.0
646,553919abb3a801b7e,True,,,,,,,,,,1.0,0.0,0.5,1.0,1.0,1.0,1.0,1.0,0.0,0.0
647,65a9d726b130c91f5,True,,,,,,,,,,1.0,1.0,1.0,1.0,0.7937682045545006,1.0,0.0,1.0,0.0,0.6855525639232815
648,a14671fac296719c0,True,,,,,,,,,,1.0,1.0,1.0,1.0,1.0,1.0,0.0,1.0,0.0,0.75
649,b13e0235a1932348c,True,,,,,,,,,,1.0,1.0,1.0,1.0,0.7143693863333344,1.0,0.0,1.0,0.0,0.660740433229167
650,8108a6fe2b34f4118,True,,,,,,,,,,1.0,1.0,1.0,1.0,0.9002327140859241,1.0,1.0,1.0,1.0,0.9688227231518513
651,24d58aedbf92c910a,True,,,,,,,,,,1.0,1.0,1.0,1.0,0.8689877071149914,1.0,1.0,1.0,1.0,0.9590586584734349
652,f93b7461f7882ff58,True,,,,,,,,,,1.0,1.0,1.0,1.0,0.38511417765195943,1.0,1.0,1.0,0.0,0.6828481805162373
653,3a79a64dc5c7059f8,True,,,,,,,,,,1.0,1.0,0.5,1.0,0.7822432972062815,1.0,0.0,1.0,0.0,0.34097551518848146
654,31368b2b5cafa42dc,True,,,,,,,,,,1.0,1.0,1.0,1.0,0.6796009414171993,1.0,1.0,1.0,0.0,0.7748752941928747
655,382721ffdbe71cadc,True,,,,,,,,,,1.0,1.0,1.0,1.0,0.7880949492470817,1.0,1.0,1.0,0.0,0.8087796716397131
656,b9a43db97480bc666,True,,,,,,,,,,1.0,1.0,0.0,1.0,1.0,1.0,0.0,1.0,0.0,0.0
657,e5f10bfebbe5b0bc2,True,,,,,,,,,,1.0,1.0,1.0,1.0,0.8373188274957085,1.0,1.0,1.0,0.0,0.824162133592409
658,4bdf97e7a68a220e2,True,,,,,,,,,,1.0,1.0,1.0,1.0,0.9580312767092283,1.0,1.0,1.0,1.0,0.9868847739716338
659,e0b4f883827dd8c7f,True,,,,,,,,,,1.0,1.0,1.0,1.0,0.5111320461923414,1.0,1.0,1.0,0.0,0.7222287644351066
660,1bd8d67289c963a19,True,,,,,,,,,,1.0,1.0,1.0,1.0,1.0,1.0,0.0,1.0,0.0,0.75
661,3b0eafa0ee94a00a4,True,,,,,,,,,,1.0,1.0,0.5,1.0,1.0,1.0,0.0,1.0,0.0,0.375
662,a17ae323ec016c413,True,,,,,,,,,,0.0,1.0,1.0,1.0,0.8444362564461901,1.0,0.0,1.0,1.0,0.0
663,46d27733df7167bb2,True,,,,,,,,,,1.0,1.0,1.0,1.0,0.8881404745288997,1.0,1.0,1.0,0.0,0.8400438982902811
664,518126dc1af446798,True,,,,,,,,,,1.0,1.0,1.0,1.0,0.6584035201915402,1.0,0.0,1.0,1.0,0.7682511000598563
665,519a6a71d9b2fda8a,True,,,,,,,,,,0.0,1.0,1.0,1.0,1.0,0.0,0.0,1.0,1.0,0.0
666,be5258dc2386ca4e3,True,,,,,,,,,,1.0,0.0,1.0,1.0,1.0,1.0,1.0,1.0,0.0,0.0
667,bec83a5e0a0ea8c80,True,,,,,,,,,,1.0,1.0,1.0,1.0,0.830441016740281,1.0,0.0,1.0,1.0,0.8220128177313378
668,c1ab514b18918fc4d,True,,,,,,,,,,1.0,1.0,1.0,1.0,0.9864788477779067,1.0,0.0,1.0,0.0,0.7457746399305958
669,b8aa4f2712496a9c3,True,,,,,,,,,,1.0,1.0,0.5,1.0,1.0,1.0,0.0,1.0,1.0,0.4375
670,bd60a921930373e9e,True,,,,,,,,,,0.5,0.0,1.0,1.0,0.9503819476068255,0.0,0.0,1.0,1.0,0.0
671,8d71beefa48cb91fb,True,,,,,,,,,,1.0,1.0,1.0,1.0,1.0,1.0,1.0,1.0,1.0,1.0
672,9e4b9c5c9c0f63038,True,,,,,,,,,,1.0,1.0,1.0,1.0,0.9053808435759881,1.0,0.0,0.0,0.0,0.5954315136174964
673,098638022c2e17fd7,True,,,,,,,,,,1.0,1.0,1.0,1.0,0.6871083165757289,1.0,0.0,1.0,1.0,0.7772213489299153
674,18baf55921621bf61,True,,,,,,,,,,1.0,0.0,1.0,0.0,1.0,1.0,1.0,1.0,1.0,0.0
675,a436762e9938c1e5b,True,,,,,,,,,,1.0,1.0,1.0,1.0,1.0,1.0,1.0,1.0,0.0,0.875
676,2db08d812a386295d,True,,,,,,,,,,1.0,0.0,0.5,1.0,1.0,1.0,1.0,1.0,0.0,0.0
677,376f87b3b2f49949d,True,,,,,,,,,,1.0,1.0,1.0,1.0,0.9272436665390779,1.0,1.0,1.0,0.0,0.8522636457934618
678,a67f897e584962db9,True,,,,,,,,,,1.0,1.0,1.0,1.0,1.0,1.0,1.0,1.0,1.0,1.0
679,c293d0be2f2680817,True,,,,,,,,,,1.0,0.0,0.0,1.0,1.0,1.0,0.0,0.0,0.0,0.0
680,624d6c465e568f7a9,True,,,,,,,,,,1.0,0.0,0.0,1.0,1.0,1.0,0.0,1.0,1.0,0.0
681,108277792b2690db0,True,,,,,,,,,,1.0,1.0,1.0,1.0,0.7629318447334255,1.0,1.0,1.0,1.0,0.9259162014791955
682,91c1ae75902e09e0c,True,,,,,,,,,,1.0,1.0,1.0,1.0,1.0,1.0,1.0,1.0,1.0,1.0
683,ca2e709d5cab0c6e4,True,,,,,,,,,,1.0,1.0,1.0,1.0,0.36967001027536606,1.0,1.0,1.0,1.0,0.8030218782110519
684,ddf4d43735ce80242,True,,,,,,,,,,1.0,1.0,0.5,1.0,1.0,0.0,0.0,1.0,1.0,0.28125
685,f21a1d0c82db2ce84,True,,,,,,,,,,1.0,1.0,0.5,1.0,0.8947706475577214,1.0,0.0,1.0,1.0,0.42105791368089396
686,234e963b7ceee8f00,True,,,,,,,,,,1.0,1.0,1.0,1.0,1.0,1.0,1.0,1.0,1.0,1.0
687,dabeaa21a655424eb,True,,,,,,,,,,1.0,1.0,1.0,1.0,0.7370710198588909,1.0,1.0,1.0,1.0,0.9178346937059034
688,928a526fdbbdedce9,True,,,,,,,,,,0.0,1.0,1.0,1.0,1.0,0.0,1.0,1.0,0.0,0.0
689,7577c592d62db033f,True,,,,,,,,,,1.0,1.0,1.0,1.0,0.783232205286076,1.0,1.0,1.0,1.0,0.9322600641518988
690,692440daecd03cbe0,True,,,,,,,,,,1.0,1.0,0.5,1.0,1.0,1.0,0.0,1.0,1.0,0.4375
691,891da533fb5685c31,True,,,,,,,,,,1.0,0.0,0.0,1.0,1.0,1.0,0.0,0.0,0.0,0.0
692,df49c73fde01293e8,True,,,,,,,,,,1.0,1.0,1.0,1.0,1.0,1.0,1.0,1.0,0.0,0.875
693,5b11f358da127ff72,True,,,,,,,,,,1.0,1.0,0.5,1.0,1.0,1.0,0.0,1.0,1.0,0.4375
694,1d56f1ceb0d56960c,True,,,,,,,,,,1.0,0.0,1.0,1.0,1.0,1.0,1.0,1.0,0.0,0.0
695,4e1091afb4068e9ee,True,,,,,,,,,,1.0,1.0,0.5,1.0,1.0,1.0,0.0,1.0,1.0,0.4375
696,d405764e71ecb1286,True,,,,,,,,,,1.0,1.0,1.0,1.0,0.6818205205381239,1.0,0.0,1.0,1.0,0.7755689126681637
697,c4724d2f7e5d62357,True,,,,,,,,,,0.0,1.0,1.0,1.0,1.0,0.0,1.0,1.0,1.0,0.0
698,7c441bc98b8690113,True,,,,,,,,,,1.0,1.0,0.0,1.0,1.0,1.0,0.0,1.0,1.0,0.0
699,5ebd4357b2535cfa9,True,,,,,,,,,,1.0,1.0,1.0,1.0,1.0,1.0,0.0,1.0,0.0,0.75
700,0c3cbb85755a00eb2,True,,,,,,,,,,1.0,1.0,1.0,1.0,0.09189251539255185,1.0,0.0,1.0,0.0,0.4662164110601725
701,afcd4a859a99df309,True,,,,,,,,,,1.0,1.0,1.0,1.0,0.8221348093533953,1.0,1.0,1.0,1.0,0.9444171279229361
702,367a9fdb29038c66e,True,,,,,,,,,,1.0,1.0,0.0,1.0,0.95854255037219,1.0,0.0,1.0,0.0,0.0
703,8192ed9c4330db32d,True,,,,,,,,,,1.0,1.0,1.0,1.0,1.0,1.0,0.0,1.0,1.0,0.875
704,2614f6ffeaef993a9,True,,,,,,,,,,1.0,1.0,1.0,1.0,1.0,1.0,0.0,1.0,1.0,0.875
705,d784680050236fe52,True,,,,,,,,,,1.0,0.0,1.0,1.0,0.704638784504769,1.0,0.0,1.0,1.0,0.0
706,ea85faa2c543fbbae,True,,,,,,,,,,1.0,1.0,1.0,1.0,0.5327227548099995,1.0,1.0,1.0,1.0,0.8539758608781248
707,a3ebde725e612b5f3,True,,,,,,,,,,1.0,0.0,1.0,1.0,0.7541701368531478,1.0,0.0,1.0,1.0,0.0
708,8d00654f6a07c6c75,True,,,,,,,,,,1.0,1.0,1.0,1.0,0.988421400002887,1.0,1.0,1.0,0.0,0.8713816875009022
709,2309f75fc2af06a77,True,,,,,,,,,,0.0,0.0,1.0,1.0,1.0,0.0,0.0,1.0,1.0,0.0
710,eee3dbfa0ec3233b6,True,,,,,,,,,,1.0,1.0,1.0,1.0,0.8772986730771627,1.0,1.0,1.0,1.0,0.9616558353366134
711,ab30a09f899e6330e,True,,,,,,,,,,1.0,1.0,1.0,1.0,0.6099467037691824,1.0,1.0,1.0,0.0,0.7531083449278695
712,194d8549dce1cc044,True,,,,,,,,,,1.0,1.0,0.0,1.0,1.0,1.0,0.0,1.0,0.0,0.0
713,2f23bb5e69f8c5120,True,,,,,,,,,,1.0,1.0,0.5,1.0,1.0,1.0,0.0,1.0,1.0,0.4375
714,1a67fcc3becbce6bf,True,,,,,,,,,,1.0,0.0,1.0,1.0,1.0,1.0,1.0,1.0,1.0,0.0
715,198e5922fee004f44,True,,,,,,,,,,1.0,1.0,1.0,1.0,1.0,1.0,1.0,1.0,0.0,0.875
716,4f4036e82ca553ab5,True,,,,,,,,,,1.0,1.0,1.0,1.0,0.7246435955511136,1.0,1.0,1.0,0.0,0.788951123609723
717,64176216fb79bf46c,True,,,,,,,,,,1.0,1.0,1.0,1.0,0.7104977995030686,1.0,0.0,1.0,1.0,0.784530562344709
718,ab729d3e912f125a5,True,,,,,,,,,,0.0,0.0,1.0,1.0,1.0,0.0,0.0,1.0,1.0,0.0
719,4dbc9cc6aa10c611c,True,,,,,,,,,,1.0,1.0,1.0,1.0,0.6785283235900049,1.0,1.0,1.0,0.0,0.7745401011218765
720,52b7525b699ef9adf,True,,,,,,,,,,1.0,1.0,1.0,1.0,0.6343459006285516,1.0,1.0,1.0,1.0,0.8857330939464223
721,56a96ee7abd76ab13,True,,,,,,,,,,0.0,0.0,1.0,1.0,1.0,0.0,0.0,1.0,1.0,0.0
722,a784ac158bbb30d15,True,,,,,,,,,,1.0,1.0,1.0,1.0,0.9270666305338828,1.0,1.0,1.0,0.0,0.8522083220418384
723,6e10df391ad68426e,True,,,,,,,,,,1.0,0.0,1.0,1.0,1.0,1.0,0.0,1.0,1.0,0.0
724,085b24e5cde180825,True,,,,,,,,,,0.0,0.0,1.0,1.0,1.0,0.0,1.0,1.0,0.0,0.0
725,c3bb1145080f9b2b0,True,,,,,,,,,,1.0,1.0,1.0,1.0,0.35613493042836697,1.0,0.0,1.0,1.0,0.6737921657588647
726,1d31047f2f32de9e1,True,,,,,,,,,,1.0,1.0,0.0,1.0,1.0,1.0,0.0,1.0,1.0,0.0
727,35fe984f84deeb76b,True,,,,,,,,,,1.0,1.0,1.0,1.0,0.7024403231928913,1.0,1.0,1.0,0.0,0.7820126009977786
728,bd51b4ed9e85eff41,True,,,,,,,,,,0.0,1.0,1.0,1.0,1.0,0.0,0.0,1.0,1.0,0.0
729,7fa425329439a1196,True,,,,,,,,,,1.0,1.0,1.0,1.0,0.7921949422643528,1.0,1.0,1.0,1.0,0.9350609194576103
730,56f5b7c7a036edaad,True,,,,,,,,,,1.0,1.0,0.0,1.0,1.0,1.0,0.0,1.0,0.0,0.0
731,7b6a6c9c50efdcf85,True,,,,,,,,,,1.0,1.0,1.0,1.0,0.8724616561589135,1.0,1.0,1.0,1.0,0.9601442675496605
732,e2272321d7d429d4f,True,,,,,,,,,,1.0,0.0,0.0,1.0,1.0,1.0,0.0,0.0,0.0,0.0
733,bd2169898173c44cb,True,,,,,,,,,,0.5,0.0,0.5,1.0,1.0,0.0,0.0,1.0,0.0,0.0
734,294d19afced5a7af8,True,,,,,,,,,,1.0,1.0,1.0,1.0,0.5546928335411839,1.0,1.0,1.0,1.0,0.8608415104816199
735,67bddd305e7735344,True,,,,,,,,,,1.0,1.0,1.0,1.0,0.4279197402719668,1.0,1.0,1.0,1.0,0.8212249188349896
736,85c1d52fe9fa2e443,True,,,,,,,,,,1.0,0.0,1.0,1.0,0.8052130038556654,1.0,0.0,1.0,1.0,0.0
737,79d6ba3b0e13a7f66,True,,,,,,,,,,1.0,1.0,1.0,1.0,1.0,1.0,1.0,1.0,0.0,0.875
738,522ec458b8ed55662,True,,,,,,,,,,1.0,1.0,1.0,1.0,0.5886662245136948,1.0,0.0,1.0,1.0,0.7464581951605296
739,66582437b06794318,True,,,,,,,,,,0.0,0.0,0.0,1.0,1.0,0.0,1.0,0.0,0.0,0.0
740,eaae6fd2529ee2b0b,True,,,,,,,,,,1.0,1.0,1.0,1.0,1.0,1.0,0.0,1.0,1.0,0.875
741,9f676ba5230d2ce0f,True,,,,,,,,,,1.0,0.0,0.5,1.0,1.0,1.0,1.0,1.0,1.0,0.0
742,d66bc12e93857dd9a,True,,,,,,,,,,1.0,1.0,1.0,1.0,0.47090754412826724,1.0,1.0,1.0,1.0,0.8346586075400835
743,6c643cf3c76195c44,True,,,,,,,,,,1.0,1.0,1.0,1.0,1.0,1.0,1.0,1.0,1.0,1.0
744,acd2363307018e31e,True,,,,,,,,,,1.0,1.0,0.5,1.0,1.0,1.0,0.0,1.0,1.0,0.4375
745,c5c884265f0a69c51,True,,,,,,,,,,1.0,1.0,1.0,1.0,0.0,0.0,0.0,1.0,1.0,0.25
746,f4d363a5d6d3206e3,True,,,,,,,,,,1.0,1.0,1.0,1.0,1.0,1.0,0.0,1.0,1.0,0.875
747,488b7f582a8d0e834,True,,,,,,,,,,1.0,1.0,0.5,1.0,0.6140928240238,1.0,1.0,1.0,0.0,0.37720200375371876
748,b5897b8cc4c644be1,True,,,,,,,,,,1.0,1.0,1.0,1.0,0.857718740457492,1.0,1.0,1.0,0.0,0.8305371063929663
749,5b406458d7f722fb2,True,,,,,,,,,,1.0,0.0,1.0,1.0,0.781833089474343,1.0,0.0,1.0,1.0,0.0
750,c9a4a1c914e8a249d,True,,,,,,,,,,1.0,0.0,1.0,1.0,1.0,1.0,1.0,1.0,1.0,0.0
751,3888d194819d19b6e,True,,,,,,,,,,1.0,0.0,0.0,1.0,1.0,1.0,0.0,1.0,0.0,0.0
752,6a62285a9933482cb,True,,,,,,,,,,1.0,1.0,0.0,1.0,1.0,1.0,0.0,1.0,0.0,0.0
753,a5dae75091c9d8f94,True,,,,,,,,,,1.0,1.0,1.0,1.0,1.0,1.0,0.0,1.0,0.0,0.75
754,087f962c16ba01a4c,True,,,,,,,,,,1.0,1.0,1.0,1.0,0.7804896351652986,1.0,0.0,1.0,0.0,0.6814030109891558
755,493f74af0100c9223,True,,,,,,,,,,1.0,0.0,1.0,1.0,1.0,0.0,0.0,1.0,1.0,0.0
756,d5b310b71bd0dd6fd,True,,,,,,,,,,1.0,1.0,1.0,1.0,0.932814528471697,1.0,1.0,1.0,1.0,0.9790045401474052
757,1e4fec4c7ed8b79e5,True,,,,,,,,,,1.0,1.0,1.0,1.0,0.5280606727019694,1.0,1.0,1.0,0.0,0.7275189602193655
758,75c698c901137829c,True,,,,,,,,,,1.0,1.0,1.0,1.0,0.5420077643386799,0.0,1.0,1.0,1.0,0.5443774263558374
759,d783a4e289c7f6c20,True,,,,,,,,,,1.0,0.0,0.5,1.0,0.8426389221059812,1.0,0.0,1.0,1.0,0.0
760,54d9c82ef12c0980e,True,,,,,,,,,,1.0,1.0,1.0,1.0,0.596455849193494,1.0,0.0,1.0,1.0,0.7488924528729669
761,36c7b91f3363fdeda,True,,,,,,,,,,1.0,0.0,0.0,1.0,1.0,1.0,0.0,1.0,0.0,0.0
762,99304f2615a52fab7,True,,,,,,,,,,1.0,1.0,0.5,1.0,1.0,1.0,0.0,1.0,1.0,0.4375
763,294074b42621095d5,True,,,,,,,,,,1.0,1.0,1.0,1.0,0.5252845491593019,1.0,0.0,1.0,0.0,0.6016514216122819
764,ff916ad047eb525de,True,,,,,,,,,,1.0,1.0,1.0,1.0,0.8584277239486782,1.0,1.0,1.0,1.0,0.9557586637339619
765,bfc933fd0598219c3,True,,,,,,,,,,1.0,0.0,0.0,1.0,1.0,1.0,1.0,1.0,0.0,0.0
766,027609f1fbf1b3b16,True,,,,,,,,,,0.0,1.0,1.0,1.0,1.0,0.0,0.0,1.0,1.0,0.0
767,7c2d2abd001548d86,True,,,,,,,,,,1.0,0.0,0.0,1.0,1.0,1.0,0.0,1.0,1.0,0.0
768,ee1505d57883cfc9f,True,,,,,,,,,,1.0,1.0,1.0,1.0,0.591216715792556,1.0,0.0,1.0,1.0,0.7472552236851737
769,2efb8ce9a842354c8,True,,,,,,,,,,1.0,1.0,1.0,1.0,0.14804769866512368,1.0,1.0,1.0,0.0,0.6087649058328511
770,1875ccbefe8233a69,True,,,,,,,,,,1.0,0.0,0.0,1.0,1.0,1.0,1.0,1.0,0.0,0.0
771,fb83d9aa77ed50be0,True,,,,,,,,,,1.0,1.0,1.0,1.0,1.0,1.0,1.0,1.0,1.0,1.0
772,36fe5d9f407c60a58,True,,,,,,,,,,1.0,1.0,0.5,1.0,0.8367610655531983,1.0,0.0,1.0,1.0,0.41199391649268724
773,51382084e8c016080,True,,,,,,,,,,1.0,1.0,0.0,1.0,0.8167857639420465,1.0,0.0,1.0,1.0,0.0
774,ec56aefe2cb604a4f,True,,,,,,,,,,1.0,1.0,1.0,1.0,0.4095658314484954,1.0,1.0,1.0,1.0,0.8154893223276548
775,fa2224428f7eab22f,True,,,,,,,,,,1.0,1.0,1.0,1.0,1.0,1.0,1.0,1.0,1.0,1.0
776,9a546e8b85e191da8,True,,,,,,,,,,1.0,1.0,1.0,1.0,1.0,1.0,1.0,1.0,1.0,1.0
777,099b82495b2e618d3,True,,,,,,,,,,1.0,1.0,0.5,1.0,0.8106590287692745,0.0,1.0,1.0,1.0,0.31416547324519917
778,e2f2c32fd3d5f5d35,True,,,,,,,,,,0.0,1.0,0.0,1.0,1.0,0.0,0.0,1.0,0.0,0.0
779,04d2f35c7f6db137f,True,,,,,,,,,,1.0,1.0,1.0,1.0,0.5750302204243984,0.0,1.0,1.0,1.0,0.5546969438826246
780,61fc4b92e35089b4c,True,,,,,,,,,,1.0,1.0,1.0,1.0,0.9456501302192019,1.0,0.0,1.0,0.0,0.7330156656935005
781,c35d767a796986c02,True,,,,,,,,,,0.0,1.0,0.5,1.0,1.0,0.0,0.0,1.0,1.0,0.0
782,6e878407167faf00e,True,,,,,,,,,,1.0,0.0,1.0,1.0,0.5450569935911841,1.0,0.0,1.0,0.0,0.0
783,9450ae84450a77fc4,True,,,,,,,,,,1.0,1.0,1.0,1.0,0.9723884760792626,1.0,0.0,1.0,1.0,0.8663713987747695
784,a33c0d08df145dd4a,True,,,,,,,,,,0.0,1.0,1.0,1.0,1.0,0.0,1.0,1.0,1.0,0.0
785,36a0cef1b153a4f11,True,,,,,,,,,,1.0,1.0,1.0,1.0,1.0,1.0,1.0,1.0,1.0,1.0
786,5ca342ee0bfdecb05,True,,,,,,,,,,1.0,1.0,1.0,1.0,1.0,1.0,1.0,1.0,1.0,1.0
787,6eff7e6fb5d5bcf04,True,,,,,,,,,,1.0,1.0,1.0,1.0,1.0,1.0,1.0,1.0,0.0,0.875
788,26fc6837ede450373,True,,,,,,,,,,1.0,1.0,1.0,1.0,0.47787597746961546,1.0,1.0,1.0,1.0,0.8368362429592549
789,9e268b454b8ca07a1,True,,,,,,,,,,1.0,1.0,0.0,1.0,0.7686413889518706,1.0,0.0,1.0,0.0,0.0
790,ae646ba56f5add8db,True,,,,,,,,,,1.0,1.0,0.5,1.0,1.0,1.0,0.0,1.0,0.0,0.375
791,35f03ec2d26d4c3df,True,,,,,,,,,,0.0,0.0,0.0,1.0,1.0,0.0,0.0,1.0,1.0,0.0
792,8d7f7a041d0f59275,True,,,,,,,,,,1.0,1.0,0.0,1.0,1.0,1.0,0.0,1.0,1.0,0.0
793,6324e7d77bf56fdb3,True,,,,,,,,,,1.0,1.0,1.0,1.0,1.0,1.0,1.0,1.0,1.0,1.0
794,38a27d438189dcb29,True,,,,,,,,,,1.0,1.0,1.0,1.0,0.40065464011409724,1.0,1.0,1.0,0.0,0.6877045750356554
795,dc83f2167ec7e2ca3,True,,,,,,,,,,0.0,0.0,1.0,1.0,1.0,0.0,0.0,1.0,1.0,0.0
796,8ab43bb08112dc9ee,True,,,,,,,,,,1.0,1.0,1.0,1.0,1.0,1.0,1.0,1.0,0.0,0.875
797,2653246a8dbdf690b,True,,,,,,,,,,1.0,1.0,1.0,1.0,0.607118091760267,1.0,0.0,1.0,1.0,0.7522244036750834
798,332234ee590ff1dd2,True,,,,,,,,,,1.0,0.0,0.0,1.0,1.0,1.0,1.0,1.0,0.0,0.0
799,626e000a64788c202,True,,,,,,,,,,1.0,1.0,1.0,1.0,1.0,1.0,0.0,1.0,1.0,0.875
800,5f6ba007265885758,True,,,,,,,,,,1.0,0.0,1.0,1.0,0.7307631387988501,1.0,0.0,1.0,0.0,0.0
801,99dd1518526c46b6e,True,,,,,,,,,,1.0,1.0,0.0,1.0,1.0,1.0,0.0,1.0,0.0,0.0
802,ab7c66f93bd1cb471,True,,,,,,,,,,1.0,0.0,1.0,1.0,1.0,1.0,0.0,1.0,1.0,0.0
803,102aa278a654e934e,True,,,,,,,,,,1.0,1.0,1.0,1.0,0.7003802662477345,1.0,1.0,1.0,1.0,0.906368833202417
804,3e5e5f35dd00868f1,True,,,,,,,,,,0.0,1.0,1.0,1.0,1.0,0.0,1.0,1.0,0.0,0.0
805,3b99d2eccb04b25a0,True,,,,,,,,,,1.0,1.0,0.5,1.0,1.0,1.0,0.0,1.0,1.0,0.4375
806,fbc47d17828f56207,True,,,,,,,,,,1.0,1.0,1.0,1.0,0.9248021334342249,1.0,1.0,1.0,1.0,0.9765006666981952
807,adf39008de8774c39,True,,,,,,,,,,1.0,1.0,1.0,1.0,1.0,1.0,1.0,1.0,1.0,1.0
808,cc84a91b9d7b3a3d5,True,,,,,,,,,,1.0,1.0,1.0,1.0,0.8311700623091702,1.0,0.0,1.0,1.0,0.8222406444716157
809,bda8e2ddfcebef730,True,,,,,,,,,,1.0,1.0,0.0,1.0,1.0,1.0,0.0,1.0,1.0,0.0
810,ebc9bb73d92a43a32,True,,,,,,,,,,0.0,1.0,1.0,1.0,1.0,0.0,1.0,1.0,1.0,0.0
811,0f61f35dda061336d,True,,,,,,,,,,1.0,1.0,0.0,1.0,1.0,1.0,0.0,1.0,1.0,0.0
812,43c0e949f19e63437,True,,,,,,,,,,1.0,0.0,0.5,1.0,1.0,1.0,0.0,1.0,0.0,0.0
813,e774d1b87b07638c4,True,,,,,,,,,,1.0,1.0,1.0,1.0,1.0,1.0,1.0,1.0,1.0,1.0
814,ef863110f1ea79566,True,,,,,,,,,,0.0,1.0,1.0,1.0,1.0,0.0,0.0,1.0,1.0,0.0
815,0286ad2f0fec1df3b,True,,,,,,,,,,1.0,1.0,1.0,1.0,0.8232314258377278,1.0,0.0,0.0,0.0,0.56975982057429
816,b2ad6357566bfa454,True,,,,,,,,,,1.0,1.0,0.5,1.0,1.0,1.0,0.0,1.0,1.0,0.4375
817,d0a4601b1148fbc50,True,,,,,,,,,,1.0,1.0,1.0,1.0,0.8376967444518544,1.0,1.0,1.0,1.0,0.9492802326412044
818,90a368abf1e231f06,True,,,,,,,,,,1.0,1.0,0.5,1.0,0.9363972643891728,0.0,1.0,1.0,1.0,0.33381207256080825
819,80fbecd9f16630510,True,,,,,,,,,,1.0,1.0,1.0,1.0,1.0,1.0,1.0,1.0,0.0,0.875
820,c1ef027c99cf15974,True,,,,,,,,,,1.0,0.0,0.0,1.0,0.8511557421319245,1.0,1.0,1.0,0.0,0.0
821,c9b45ed2516cd216c,True,,,,,,,,,,1.0,0.0,0.0,1.0,1.0,1.0,1.0,1.0,0.0,0.0
822,ff555d2dfbada57ed,True,,,,,,,,,,1.0,0.0,1.0,1.0,1.0,1.0,0.0,1.0,1.0,0.0
823,4699eb47aa0ff2aa8,True,,,,,,,,,,0.0,0.0,1.0,1.0,1.0,0.0,0.0,1.0,1.0,0.0
824,054ea5b13451c621b,True,,,,,,,,,,1.0,1.0,1.0,1.0,1.0,1.0,1.0,1.0,0.0,0.875
825,cad5818510a871f22,True,,,,,,,,,,0.0,1.0,1.0,1.0,1.0,0.0,1.0,1.0,0.0,0.0
826,2fb8e40dec69f26c4,True,,,,,,,,,,1.0,1.0,1.0,1.0,1.0,1.0,0.0,1.0,1.0,0.875
827,9a5590594b11e4e0d,True,,,,,,,,,,1.0,1.0,1.0,1.0,1.0,1.0,1.0,1.0,1.0,1.0
828,dbf49f5df6cc0b159,True,,,,,,,,,,0.0,0.0,1.0,1.0,1.0,0.0,1.0,1.0,0.0,0.0
829,be44491ed8588df81,True,,,,,,,,,,1.0,0.0,1.0,1.0,1.0,1.0,1.0,1.0,0.0,0.0
830,f7c257dc15f6031fb,True,,,,,,,,,,1.0,1.0,1.0,1.0,0.9974944637974887,1.0,0.0,1.0,1.0,0.8742170199367152
831,36c78e1f966d78d1b,True,,,,,,,,,,1.0,1.0,1.0,1.0,0.6872005409464534,1.0,1.0,1.0,1.0,0.9022501690457667
832,a8df9dde6ff732727,True,,,,,,,,,,1.0,1.0,1.0,1.0,1.0,1.0,0.0,1.0,0.0,0.75
833,661c4fdee268dcb1e,True,,,,,,,,,,1.0,1.0,1.0,1.0,0.6545525503149003,1.0,1.0,1.0,1.0,0.8920476719734063
834,0369a23acb953eeac,True,,,,,,,,,,1.0,1.0,1.0,1.0,0.7180350627333199,1.0,1.0,1.0,1.0,0.9118859571041624
835,04de9b2eef6b71d6c,True,,,,,,,,,,1.0,0.0,1.0,1.0,0.9136984488711593,1.0,0.0,1.0,0.0,0.0
836,474779897c967667c,True,,,,,,,,,,0.0,1.0,1.0,1.0,1.0,0.0,1.0,1.0,0.0,0.0
837,4c3e13d3975af4927,True,,,,,,,,,,1.0,1.0,1.0,1.0,0.8700860851191258,1.0,0.0,1.0,1.0,0.8344019015997268
838,93558974f46d692e7,True,,,,,,,,,,1.0,0.0,1.0,1.0,0.9565186436831693,1.0,0.0,1.0,1.0,0.0
839,2cfe97d8f0bc1727a,True,,,,,,,,,,1.0,0.0,0.0,1.0,1.0,1.0,0.0,1.0,0.0,0.0
840,761fdfcb355d74f9b,True,,,,,,,,,,1.0,1.0,1.0,1.0,1.0,1.0,1.0,1.0,1.0,1.0
841,4ce9b6dc350d286df,True,,,,,,,,,,1.0,0.0,0.0,1.0,1.0,1.0,0.0,1.0,1.0,0.0
842,c6c91a989e2c0ae69,True,,,,,,,,,,1.0,1.0,1.0,1.0,0.7352611822012508,1.0,1.0,1.0,0.0,0.7922691194378909
843,2a2396b5db7435a5e,True,,,,,,,,,,1.0,1.0,0.0,1.0,1.0,1.0,1.0,1.0,0.0,0.0
844,61b536394c345010e,True,,,,,,,,,,1.0,0.0,1.0,1.0,1.0,1.0,1.0,1.0,1.0,0.0
845,92b72601aef2807d0,True,,,,,,,,,,1.0,1.0,1.0,1.0,0.8144861218205146,1.0,1.0,1.0,1.0,0.9420269130689108
846,2bac462f71b189be9,True,,,,,,,,,,1.0,0.0,0.5,1.0,0.1343471061853966,1.0,1.0,1.0,0.0,0.0
847,f3d789e129d07af8b,True,,,,,,,,,,1.0,1.0,1.0,1.0,0.9594730612221066,1.0,1.0,1.0,1.0,0.9873353316319083
848,8e24bdf2be5da6777,True,,,,,,,,,,1.0,1.0,1.0,1.0,0.4773503906042538,1.0,0.0,1.0,0.0,0.5866719970638293
849,0517c552242d8cb70,True,,,,,,,,,,1.0,1.0,1.0,1.0,0.9157590684764523,1.0,1.0,1.0,1.0,0.9736747088988913
850,f32ce52441f70bfee,True,,,,,,,,,,1.0,1.0,1.0,1.0,0.9644907020688502,1.0,1.0,1.0,1.0,0.9889033443965157
851,5688641dd10efb02d,True,,,,,,,,,,1.0,1.0,1.0,1.0,0.8125072303786192,1.0,1.0,1.0,0.0,0.8164085094933184
852,829b5dca21edece70,True,,,,,,,,,,1.0,0.0,1.0,1.0,1.0,1.0,1.0,1.0,0.0,0.0
853,4142c2fdf6fa0139a,True,,,,,,,,,,0.0,0.0,0.5,0.0,1.0,0.0,1.0,1.0,1.0,0.0
854,38a3a85f24db9d0f8,True,,,,,,,,,,1.0,1.0,0.5,1.0,1.0,1.0,0.0,1.0,1.0,0.4375
855,778099fc6283d21e0,True,,,,,,,,,,1.0,1.0,1.0,1.0,0.5030924119925191,1.0,1.0,1.0,0.0,0.7197163787476621
856,1212d2f99f183cece,True,,,,,,,,,,1.0,1.0,0.0,1.0,0.7863054040491511,1.0,0.0,1.0,0.0,0.0
857,d6a8d396239dfefa0,True,,,,,,,,,,1.0,1.0,0.5,1.0,0.6506271634251214,1.0,1.0,1.0,0.0,0.3829104942851752
858,d2eb3158a4dcc825e,True,,,,,,,,,,0.0,1.0,0.0,1.0,1.0,0.0,0.0,1.0,1.0,0.0
859,2aa8f5678f71648b6,True,,,,,,,,,,1.0,1.0,1.0,1.0,1.0,1.0,0.0,1.0,0.0,0.75
860,6fea2b47f85b2b5c3,True,,,,,,,,,,1.0,1.0,1.0,1.0,0.47051810639341,1.0,1.0,1.0,1.0,0.8345369082479406
861,5dd439bda5bf2a988,True,,,,,,,,,,1.0,1.0,1.0,1.0,0.654521143845191,1.0,1.0,1.0,0.0,0.7670378574516221
862,49057fbf986facf33,True,,,,,,,,,,1.0,1.0,1.0,1.0,0.7439287890626852,1.0,0.0,1.0,1.0,0.7949777465820891
863,493a69b930b600eb5,True,,,,,,,,,,1.0,1.0,1.0,1.0,1.0,1.0,1.0,1.0,1.0,1.0
864,dc76f297f95b90094,True,,,,,,,,,,1.0,1.0,0.0,1.0,0.8360680473423568,1.0,0.0,1.0,1.0,0.0
865,ef4057d8e3d8a089e,True,,,,,,,,,,1.0,1.0,0.5,1.0,1.0,1.0,0.0,1.0,1.0,0.4375
866,221ee037ec27dbb36,True,,,,,,,,,,1.0,1.0,1.0,1.0,0.0,1.0,1.0,1.0,0.0,0.5625
867,b9d6d6e0f1c629518,True,,,,,,,,,,1.0,0.0,0.5,1.0,1.0,1.0,0.0,1.0,0.0,0.0
868,f86cff80de8851a4b,True,,,,,,,,,,1.0,1.0,1.0,1.0,0.7473864772483315,1.0,1.0,1.0,1.0,0.9210582741401037
869,57b65fccc387a8607,True,,,,,,,,,,1.0,0.0,1.0,1.0,0.46754337573923205,1.0,1.0,1.0,1.0,0.0
870,0e0c4a0cc9feb9612,True,,,,,,,,,,1.0,1.0,1.0,1.0,0.7174873475932443,1.0,0.0,1.0,1.0,0.7867147961228889
871,237248dcf20ccf56f,True,,,,,,,,,,1.0,1.0,1.0,1.0,0.2558006937436265,1.0,1.0,1.0,1.0,0.7674377167948833
872,2806ce33b59f03ee9,True,,,,,,,,,,1.0,1.0,1.0,1.0,0.8017646508215175,1.0,0.0,1.0,1.0,0.8130514533817242
873,7daae87faa1540ace,True,,,,,,,,,,1.0,1.0,1.0,1.0,0.902910388021553,1.0,0.0,1.0,1.0,0.8446594962567353
874,30ae4fd49fda24627,True,,,,,,,,,,1.0,1.0,1.0,1.0,1.0,1.0,0.0,1.0,1.0,0.875
875,687fb362f72d56b1d,True,,,,,,,,,,1.0,1.0,1.0,1.0,0.5658627122090821,1.0,1.0,1.0,0.0,0.7393320975653381
876,3110b909a8ee018b8,True,,,,,,,,,,0.0,1.0,1.0,1.0,1.0,0.0,0.0,1.0,1.0,0.0
877,492bf2330bca28ca8,True,,,,,,,,,,1.0,1.0,1.0,1.0,0.7106597571856402,1.0,1.0,1.0,1.0,0.9095811741205125
878,ba1d4ee6517641b7b,True,,,,,,,,,,1.0,1.0,1.0,1.0,1.0,1.0,0.0,1.0,1.0,0.875
879,f7ae88aefcd8f251e,True,,,,,,,,,,1.0,1.0,0.5,1.0,1.0,1.0,0.0,1.0,1.0,0.4375
880,44873a7eb00654595,True,,,,,,,,,,1.0,1.0,1.0,1.0,0.7925473783488474,1.0,0.0,1.0,0.0,0.6851710557340148
881,071605e0e3709e71e,True,,,,,,,,,,1.0,1.0,1.0,1.0,1.0,1.0,1.0,1.0,1.0,1.0
882,a0c6dbfad5c2cef6e,True,,,,,,,,,,1.0,1.0,0.0,1.0,1.0,1.0,0.0,1.0,0.0,0.0
883,ce572306b1a6a0b96,True,,,,,,,,,,1.0,1.0,0.5,1.0,1.0,1.0,0.0,1.0,1.0,0.4375
884,0f261a9f083cf0d25,True,,,,,,,,,,1.0,1.0,1.0,1.0,0.9037627716911245,1.0,1.0,1.0,0.0,0.8449258661534764
885,b4590a06173d6c3f0,True,,,,,,,,,,1.0,1.0,1.0,1.0,0.887322264150266,1.0,0.0,0.0,0.0,0.5897882075469582
886,ca4906fdbc82a1b29,True,,,,,,,,,,1.0,1.0,1.0,1.0,0.7512920851250231,1.0,1.0,1.0,0.0,0.7972787766015696
887,79f1db0434b2c4330,True,,,,,,,,,,1.0,1.0,0.0,1.0,0.8473799626376786,1.0,0.0,1.0,1.0,0.0
888,5e403ae55f93fea63,True,,,,,,,,,,1.0,1.0,0.5,1.0,1.0,1.0,0.0,1.0,1.0,0.4375
889,e88bf694837e674f5,True,,,,,,,,,,1.0,1.0,1.0,1.0,1.0,1.0,0.0,1.0,1.0,0.875
890,b58b6d88823cf8754,True,,,,,,,,,,0.0,1.0,1.0,1.0,1.0,0.0,0.0,1.0,1.0,0.0
891,2a61f186fe92b261b,True,,,,,,,,,,0.0,1.0,0.0,1.0,1.0,0.0,0.0,1.0,0.0,0.0
892,6d342222e4d9d2b2a,True,,,,,,,,,,1.0,1.0,1.0,1.0,1.0,1.0,1.0,1.0,0.0,0.875
893,4cb9cbe26edb17f04,True,,,,,,,,,,0.0,0.0,0.0,1.0,1.0,0.0,1.0,0.0,0.0,0.0
894,dd7cd37257f99be9e,True,,,,,,,,,,1.0,0.0,1.0,1.0,1.0,1.0,1.0,1.0,1.0,0.0
895,4aa528f577df911a3,True,,,,,,,,,,1.0,1.0,1.0,1.0,0.8460486982945706,1.0,0.0,1.0,1.0,0.8268902182170533
896,b51b8bf8d757ee5de,True,,,,,,,,,,1.0,1.0,1.0,1.0,1.0,1.0,1.0,1.0,1.0,1.0
897,3fd0808364384b621,True,,,,,,,,,,1.0,1.0,0.5,1.0,1.0,1.0,0.0,1.0,0.0,0.375
898,7d00bd785ae5140f2,True,,,,,,,,,,1.0,1.0,1.0,1.0,1.0,1.0,1.0,1.0,1.0,1.0
899,29f63fdd169f556cf,True,,,,,,,,,,1.0,0.0,1.0,1.0,0.40679704564227775,1.0,1.0,1.0,1.0,0.0
900,8aea1806b6e406159,True,,,,,,,,,,1.0,1.0,1.0,1.0,1.0,1.0,1.0,1.0,0.0,0.875
901,5cabba46461e04874,True,,,,,,,,,,1.0,1.0,1.0,1.0,1.0,1.0,0.0,1.0,1.0,0.875
902,4e5923e8ca30416d1,True,,,,,,,,,,1.0,0.0,1.0,1.0,0.8989416008466827,1.0,1.0,1.0,0.0,0.0
903,f1020928f69a09709,True,,,,,,,,,,1.0,1.0,1.0,1.0,1.0,1.0,1.0,1.0,1.0,1.0
904,28e1ed77c94cf4d91,True,,,,,,,,,,1.0,1.0,1.0,1.0,0.7548208683084011,1.0,1.0,1.0,0.0,0.7983815213463754
905,cdec99ac469508647,True,,,,,,,,,,1.0,0.0,1.0,1.0,0.854963340061175,0.0,1.0,1.0,0.0,0.0
906,161174e0143b41afa,True,,,,,,,,,,1.0,1.0,0.0,1.0,0.9189495342980868,1.0,0.0,1.0,1.0,0.0
907,026597b466e481724,True,,,,,,,,,,1.0,1.0,1.0,1.0,0.6657743599412067,1.0,0.0,1.0,0.0,0.645554487481627
908,905ea255ddc3a837c,True,,,,,,,,,,1.0,1.0,1.0,1.0,0.7925902854435902,1.0,0.0,1.0,1.0,0.810184464201122
909,ff06d29f106ca64e4,True,,,,,,,,,,1.0,1.0,1.0,1.0,1.0,1.0,0.0,1.0,1.0,0.875
910,0308c9d9ebeab7805,True,,,,,,,,,,1.0,1.0,1.0,1.0,0.7506831866154803,1.0,1.0,1.0,1.0,0.9220884958173376
911,f76b309e043384dcf,True,,,,,,,,,,1.0,1.0,0.0,1.0,0.7549335505339178,1.0,0.0,1.0,0.0,0.0
912,03e028a3b31005826,True,,,,,,,,,,1.0,1.0,1.0,1.0,0.6204765285097511,1.0,1.0,1.0,1.0,0.8813989151592972
913,02e812e171526ec23,True,,,,,,,,,,1.0,1.0,1.0,1.0,0.49576539568367034,1.0,1.0,1.0,0.0,0.717426686151147
914,fbe98e6e1454f315c,True,,,,,,,,,,1.0,0.0,1.0,1.0,0.8765443242709933,1.0,0.0,1.0,0.0,0.0
915,c8443f5a68a70d97c,True,,,,,,,,,,1.0,1.0,0.0,1.0,1.0,1.0,0.0,1.0,1.0,0.0
916,7259df2fbd4ef7047,True,,,,,,,,,,1.0,1.0,1.0,1.0,0.0025015379346898185,1.0,0.0,1.0,0.0,0.4382817306045906
917,0389a1afc56cd9768,True,,,,,,,,,,1.0,1.0,1.0,1.0,0.841251918530244,1.0,0.0,1.0,1.0,0.8253912245407012
918,474ead815a6e92542,True,,,,,,,,,,1.0,1.0,1.0,1.0,1.0,1.0,0.0,1.0,1.0,0.875
919,669069f25d57f77ae,True,,,,,,,,,,1.0,1.0,1.0,1.0,1.0,1.0,0.0,1.0,1.0,0.875
920,b89f8f1400c121a0e,True,,,,,,,,,,1.0,1.0,1.0,1.0,1.0,1.0,1.0,1.0,1.0,1.0
921,11faa3428ed91e426,True,,,,,,,,,,1.0,1.0,0.0,1.0,1.0,1.0,0.0,1.0,0.0,0.0
922,ed6284a7f1cce40a2,True,,,,,,,,,,1.0,1.0,1.0,1.0,1.0,1.0,1.0,1.0,0.0,0.875
923,5e199a678c61e376a,True,,,,,,,,,,1.0,1.0,1.0,1.0,1.0,1.0,0.0,1.0,1.0,0.875
924,6a802ffe0ffb0c125,True,,,,,,,,,,1.0,1.0,1.0,1.0,1.0,1.0,1.0,1.0,0.0,0.875
925,752a0e5be19b82b59,True,,,,,,,,,,0.0,1.0,1.0,1.0,1.0,0.0,0.0,1.0,0.0,0.0
926,2729d19c18ef21b96,True,,,,,,,,,,1.0,1.0,0.5,1.0,1.0,1.0,0.0,1.0,0.0,0.375
927,da94e1252342dc8d8,True,,,,,,,,,,1.0,0.0,0.0,1.0,1.0,1.0,1.0,1.0,0.0,0.0
928,14a48836a583fe310,True,,,,,,,,,,1.0,1.0,1.0,1.0,0.017112056448817307,1.0,1.0,1.0,0.0,0.5678475176402554
929,f4441ff7b0692d28d,True,,,,,,,,,,1.0,1.0,1.0,1.0,0.7528026006900109,1.0,0.0,1.0,1.0,0.7977508127156284
930,0118e2ec3759cc2bc,True,,,,,,,,,,1.0,1.0,1.0,1.0,1.0,1.0,0.0,1.0,1.0,0.875
931,88d3fad9cfca7c0ad,True,,,,,,,,,,1.0,1.0,1.0,1.0,0.39982754123566355,1.0,1.0,1.0,1.0,0.8124461066361448
932,1211bf26e9a785053,True,,,,,,,,,,1.0,1.0,1.0,1.0,0.8972748520112678,1.0,0.0,1.0,1.0,0.8428983912535212
933,78e83fee2e80cffb8,True,,,,,,,,,,1.0,1.0,1.0,1.0,0.7470530893123697,1.0,1.0,1.0,1.0,0.9209540904101156
934,c807c2486a7897e81,True,,,,,,,,,,1.0,1.0,1.0,1.0,1.0,0.0,1.0,1.0,0.0,0.5625
935,6e7de4339dc039c41,True,,,,,,,,,,1.0,1.0,1.0,1.0,0.2242034765595788,1.0,1.0,1.0,1.0,0.7575635864248684
936,e92600c0f705705df,True,,,,,,,,,,1.0,0.0,0.5,1.0,0.9627433168455325,1.0,1.0,1.0,0.0,0.0
937,b73770a1de3ee8a3f,True,,,,,,,,,,1.0,1.0,1.0,1.0,0.5540012213268689,1.0,1.0,1.0,0.0,0.7356253816646465
938,33def08f34be607b9,True,,,,,,,,,,1.0,0.0,1.0,1.0,1.0,1.0,0.0,1.0,0.0,0.0
939,ed75936c057902b19,True,,,,,,,,,,1.0,1.0,1.0,1.0,0.8469839218036275,1.0,1.0,1.0,1.0,0.9521824755636336
940,ea96a137518d58ac9,True,,,,,,,,,,1.0,1.0,1.0,1.0,1.0,1.0,1.0,1.0,1.0,1.0
941,d64a870652e64162c,True,,,,,,,,,,1.0,1.0,1.0,1.0,0.763398010110703,1.0,0.0,1.0,1.0,0.8010618781595946
942,c85aa35e5a8c7e1cc,True,,,,,,,,,,1.0,1.0,1.0,1.0,0.8356293107861664,1.0,0.0,1.0,1.0,0.823634159620677
943,05ca5a62ce0754a30,True,,,,,,,,,,1.0,1.0,1.0,1.0,0.9375852956918046,1.0,0.0,1.0,0.0,0.7304954049036889
944,817d4b24592566035,True,,,,,,,,,,0.0,0.0,1.0,1.0,1.0,0.0,1.0,1.0,0.0,0.0
945,0225e9a16d781eb96,True,,,,,,,,,,0.0,0.0,1.0,1.0,1.0,0.0,1.0,1.0,0.0,0.0
946,339edff793767887e,True,,,,,,,,,,0.0,1.0,1.0,1.0,1.0,0.0,0.0,1.0,1.0,0.0
947,44276d9ca75d0250b,True,,,,,,,,,,0.0,1.0,1.0,1.0,1.0,0.0,1.0,1.0,0.0,0.0
948,355e5bb60c8fb0793,True,,,,,,,,,,1.0,1.0,0.5,1.0,1.0,1.0,0.0,1.0,1.0,0.4375
949,8b07c31db85204e64,True,,,,,,,,,,1.0,1.0,0.0,1.0,0.9685170565782025,0.0,0.0,0.0,0.0,0.0
950,a173f7714495b0d29,True,,,,,,,,,,1.0,1.0,1.0,1.0,0.7966241616748002,1.0,1.0,1.0,1.0,0.936445050523375
951,abf07a7ff20944b55,True,,,,,,,,,,1.0,1.0,1.0,1.0,0.9706800502076326,1.0,1.0,1.0,1.0,0.9908375156898852
952,6eaee379045fa8bd9,True,,,,,,,,,,1.0,1.0,1.0,1.0,1.0,1.0,0.0,1.0,1.0,0.875
953,3c99b1ada8877591e,True,,,,,,,,,,1.0,1.0,1.0,1.0,1.0,1.0,1.0,1.0,1.0,1.0
954,6a39e3072cc5a4e56,True,,,,,,,,,,1.0,1.0,1.0,1.0,0.8998836584707829,1.0,1.0,1.0,1.0,0.9687136432721197
955,4413f87001fcbb7eb,True,,,,,,,,,,0.0,1.0,1.0,1.0,1.0,0.0,1.0,1.0,0.0,0.0
956,b4ad9997db888e2b4,True,,,,,,,,,,1.0,1.0,1.0,1.0,0.47516519966592685,1.0,0.0,1.0,1.0,0.7109891248956022
957,b74af0790b5550372,True,,,,,,,,,,1.0,1.0,1.0,1.0,0.5806280303077753,1.0,0.0,1.0,0.0,0.6189462594711798
958,4ccd60de6eb6c50c6,True,,,,,,,,,,1.0,1.0,0.0,1.0,1.0,1.0,1.0,1.0,0.0,0.0
959,6adadb0caf086d050,True,,,,,,,,,,1.0,1.0,1.0,1.0,0.5174509577858045,1.0,1.0,1.0,0.0,0.724203424308064
960,b594f9ffaa680c514,True,,,,,,,,,,1.0,1.0,1.0,1.0,0.7578609840101497,1.0,0.0,1.0,1.0,0.7993315575031718
961,853bdf919d41bd5e6,True,,,,,,,,,,1.0,1.0,1.0,1.0,0.5077361911649918,1.0,1.0,1.0,0.0,0.7211675597390599
962,246d3c9b39fae2ec7,True,,,,,,,,,,1.0,1.0,1.0,1.0,1.0,1.0,1.0,1.0,1.0,1.0
963,5e5905ae1266bc1cb,True,,,,,,,,,,1.0,1.0,1.0,1.0,0.7387457385452507,1.0,1.0,1.0,1.0,0.9183580432953908
964,0327a1d58fc2a7c5d,True,,,,,,,,,,1.0,0.0,1.0,1.0,0.9737654503851902,1.0,1.0,1.0,0.0,0.0
965,108deb7af61e697bb,True,,,,,,,,,,1.0,0.0,1.0,1.0,1.0,1.0,1.0,1.0,0.0,0.0
966,f1e38b58130384157,True,,,,,,,,,,1.0,1.0,0.5,1.0,0.7217252201062264,1.0,0.0,1.0,1.0,0.3940195656415979
967,d6f75a03673049ff0,True,,,,,,,,,,1.0,0.0,1.0,1.0,0.9419035583212567,1.0,0.0,1.0,0.0,0.0
968,35cc09d55a37ee702,True,,,,,,,,,,1.0,1.0,1.0,1.0,0.0,1.0,1.0,1.0,0.0,0.5625
969,d113ac7bc40f321c0,True,,,,,,,,,,1.0,1.0,1.0,1.0,1.0,1.0,1.0,1.0,0.0,0.875
970,87b88ec189315a232,True,,,,,,,,,,1.0,1.0,1.0,1.0,0.4839254721275356,1.0,1.0,1.0,0.0,0.7137267100398549
971,cdb80903b75b86325,True,,,,,,,,,,1.0,1.0,1.0,1.0,0.09211752979448791,1.0,0.0,1.0,0.0,0.4662867280607775
972,d5edc9afab7f3a337,True,,,,,,,,,,1.0,1.0,1.0,1.0,0.7311128902349899,1.0,1.0,1.0,0.0,0.7909727781984344
973,081da8854328d5c79,True,,,,,,,,,,1.0,1.0,1.0,1.0,0.40948252830736653,1.0,0.0,1.0,1.0,0.690463290096052
974,bf934afd68e4b2573,True,,,,,,,,,,1.0,1.0,1.0,1.0,0.9287027354736614,1.0,0.0,1.0,1.0,0.8527196048355192
975,90411c0174cf07251,True,,,,,,,,,,1.0,1.0,1.0,1.0,0.700914725785937,1.0,1.0,1.0,0.0,0.7815358518081054
976,9686cdc1f5f01d68e,True,,,,,,,,,,0.0,1.0,1.0,1.0,1.0,1.0,1.0,1.0,0.0,0.0
977,f960c8624d9938147,True,,,,,,,,,,1.0,1.0,1.0,1.0,1.0,1.0,0.0,1.0,1.0,0.875
978,0ce555951f9b6a445,True,,,,,,,,,,1.0,1.0,1.0,1.0,0.7301646282517894,1.0,1.0,1.0,1.0,0.9156764463286842
979,8fb9c005a042db260,True,,,,,,,,,,1.0,1.0,1.0,1.0,0.6648899971142809,1.0,0.0,1.0,1.0,0.7702781240982128
980,716f58dd76f073c78,True,,,,,,,,,,1.0,1.0,1.0,1.0,0.8594081494596474,1.0,0.0,1.0,1.0,0.8310650467061398
981,6b0fd30198ec1713c,True,,,,,,,,,,1.0,1.0,1.0,1.0,1.0,0.0,1.0,1.0,0.0,0.5625
982,9ed233c4d30f0d7d9,True,,,,,,,,,,0.0,1.0,1.0,1.0,1.0,0.0,0.0,1.0,1.0,0.0
983,6f730ed4241558274,True,,,,,,,,,,1.0,1.0,0.5,1.0,1.0,1.0,0.0,1.0,1.0,0.4375
984,e0747e9a8b7b42be1,True,,,,,,,,,,1.0,1.0,1.0,1.0,0.8091233179617274,1.0,0.0,1.0,1.0,0.8153510368630399
985,245fb14bb8a926556,True,,,,,,,,,,1.0,1.0,1.0,1.0,0.7076359281187486,1.0,1.0,1.0,1.0,0.9086362275371089
986,c81e1b4650a6a20fd,True,,,,,,,,,,1.0,1.0,1.0,1.0,0.6159887253291841,1.0,1.0,1.0,1.0,0.8799964766653701
987,40e3b1336b570fbf6,True,,,,,,,,,,1.0,1.0,0.0,1.0,1.0,1.0,0.0,1.0,0.0,0.0
988,a4f24e691930789eb,True,,,,,,,,,,1.0,1.0,1.0,1.0,1.0,1.0,1.0,1.0,1.0,1.0
989,8821c536a27933ed5,True,,,,,,,,,,0.0,1.0,1.0,1.0,1.0,0.0,0.0,1.0,1.0,0.0
990,44af46da795f58fa1,True,,,,,,,,,,1.0,1.0,1.0,1.0,0.43109941311808697,1.0,1.0,1.0,0.0,0.6972185665994022
991,ee668b68ca31e7f56,True,,,,,,,,,,1.0,1.0,0.0,1.0,1.0,1.0,0.0,1.0,1.0,0.0
992,77fcdd159de9fa48f,True,,,,,,,,,,1.0,1.0,1.0,1.0,0.9610288024873483,1.0,1.0,1.0,1.0,0.9878215007772964
993,59361619b736fa71d,True,,,,,,,,,,1.0,1.0,0.5,1.0,0.7445400051357927,1.0,0.0,1.0,1.0,0.39758437580246764
994,bab672bfc41847afb,True,,,,,,,,,,1.0,1.0,1.0,1.0,0.7277858163658589,1.0,1.0,1.0,0.0,0.7899330676143309
995,1cdaa96068632401f,True,,,,,,,,,,1.0,1.0,1.0,1.0,0.6005509730323622,1.0,1.0,1.0,0.0,0.7501721790726132
996,c911e86fa2d53c1d1,True,,,,,,,,,,1.0,1.0,1.0,1.0,0.8607288590743993,1.0,0.0,1.0,0.0,0.7064777684607497
997,0883e274dffb8a761,True,,,,,,,,,,1.0,0.0,1.0,1.0,1.0,1.0,0.0,1.0,1.0,0.0
998,4c4503dbf9554a97b,True,,,,,,,,,,1.0,1.0,1.0,1.0,0.9080130860673389,1.0,0.0,1.0,1.0,0.8462540893960434
999,01529344a0b068d88,True,,,,,,,,,,1.0,0.0,0.5,1.0,0.22451817633121884,1.0,1.0,0.0,0.0,0.0
1000,eb9e203aa49fcf83a,True,,,,,,,,,,1.0,1.0,1.0,1.0,1.0,1.0,1.0,1.0,1.0,1.0
1001,fe70456ec5ebc1918,True,,,,,,,,,,1.0,1.0,1.0,1.0,0.4238277813934288,1.0,1.0,1.0,0.0,0.6949461816854465
1002,41c063fac49e3b5e2,True,,,,,,,,,,1.0,1.0,1.0,1.0,0.0,1.0,1.0,1.0,0.0,0.5625
1003,fc75e772cd8a739f3,True,,,,,,,,,,1.0,0.0,1.0,1.0,1.0,1.0,1.0,1.0,1.0,0.0
1004,6a4de6b536cc07742,True,,,,,,,,,,1.0,1.0,1.0,1.0,0.6002138863038389,1.0,0.0,1.0,1.0,0.7500668394699497
1005,4f381652c85aeb8b4,True,,,,,,,,,,1.0,0.0,0.5,1.0,0.22561399322297268,1.0,1.0,0.0,0.0,0.0
1006,9bbf0a9e8d47e6d77,True,,,,,,,,,,1.0,1.0,0.0,1.0,1.0,1.0,0.0,1.0,1.0,0.0
1007,a8d83051ac2ad2fa2,True,,,,,,,,,,1.0,1.0,1.0,1.0,0.326985096718786,1.0,1.0,1.0,0.0,0.6646828427246206
1008,74cc5095551bc3c7d,True,,,,,,,,,,1.0,1.0,1.0,1.0,0.8494797039585594,1.0,0.0,1.0,0.0,0.7029624074870497
1009,f74ee85d684d8a2c6,True,,,,,,,,,,1.0,1.0,1.0,1.0,0.7818278004353977,1.0,0.0,0.0,0.0,0.5568211876360618
1010,f0150096a41797505,True,,,,,,,,,,1.0,1.0,1.0,1.0,1.0,1.0,0.0,1.0,1.0,0.875
1011,ef01e0a3e1ff9b43f,True,,,,,,,,,,1.0,1.0,1.0,1.0,0.7396562986803642,1.0,1.0,1.0,0.0,0.7936425933376138
1012,5f47a3fc517f4ab93,True,,,,,,,,,,1.0,1.0,1.0,1.0,1.0,1.0,1.0,1.0,0.0,0.875
1013,1189a6ada09f1958a,True,,,,,,,,,,1.0,1.0,1.0,1.0,1.0,1.0,1.0,1.0,1.0,1.0
1014,df10a0ed732e3b815,True,,,,,,,,,,0.0,1.0,1.0,1.0,1.0,0.0,1.0,1.0,0.0,0.0
1015,f3895fbfb8df71a43,True,,,,,,,,,,1.0,1.0,1.0,1.0,0.5616877870366566,1.0,1.0,1.0,0.0,0.7380274334489552
1016,b7b7adbd3d2126b3f,True,,,,,,,,,,1.0,0.0,1.0,1.0,1.0,1.0,1.0,1.0,0.0,0.0
1017,8cb5e32c7adc0ee45,True,,,,,,,,,,0.0,1.0,1.0,1.0,1.0,0.0,1.0,1.0,1.0,0.0
1018,95c7dfd77d6f446a0,True,,,,,,,,,,1.0,1.0,1.0,1.0,0.7802023320379635,1.0,0.0,0.0,0.0,0.5563132287618636
1019,3e8522a5f8d7b3783,True,,,,,,,,,,1.0,1.0,1.0,1.0,1.0,1.0,0.0,1.0,1.0,0.875
1020,69f1ebdf6731c7c70,True,,,,,,,,,,1.0,1.0,1.0,1.0,0.9885042800017944,1.0,1.0,1.0,1.0,0.9964075875005607
1021,265f651d3984bee82,True,,,,,,,,,,1.0,1.0,1.0,1.0,1.0,1.0,1.0,1.0,0.0,0.875
1022,e32bd1ec1d273f2a3,True,,,,,,,,,,1.0,1.0,1.0,1.0,0.4020136514870202,1.0,1.0,1.0,0.0,0.6881292660896938
1023,72a853c092fda384e,True,,,,,,,,,,0.0,0.0,1.0,1.0,1.0,0.0,0.0,1.0,1.0,0.0
1024,102bb69d5a0263f53,True,,,,,,,,,,1.0,1.0,1.0,1.0,0.6899544566462523,0.0,0.0,1.0,0.0,0.34061076770195386
1025,4f84585468f82a1fc,True,,,,,,,,,,1.0,1.0,0.0,1.0,1.0,1.0,0.0,1.0,1.0,0.0
1026,a7c33da176ab8f433,True,,,,,,,,,,1.0,0.0,1.0,1.0,1.0,1.0,1.0,0.0,0.0,0.0
1027,b7161060a1ad34cc6,True,,,,,,,,,,1.0,0.0,0.0,1.0,1.0,1.0,0.0,1.0,0.0,0.0
1028,606571205dbf05df5,True,,,,,,,,,,1.0,1.0,1.0,1.0,0.633242048423378,1.0,0.0,1.0,1.0,0.7603881401323056
1029,2d98dd5a526780315,True,,,,,,,,,,1.0,1.0,0.0,1.0,1.0,1.0,1.0,1.0,0.0,0.0
1030,38c6024c468e96db8,True,,,,,,,,,,1.0,1.0,1.0,1.0,0.7030114556953951,1.0,0.0,1.0,1.0,0.782191079904811
1031,ad89b51facf4ec5e5,True,,,,,,,,,,1.0,1.0,0.0,1.0,1.0,1.0,0.0,1.0,1.0,0.0
1032,5744b52773894c061,True,,,,,,,,,,1.0,1.0,1.0,1.0,0.6564092426456818,1.0,0.0,1.0,1.0,0.7676278883267755
1033,29500c50afeb0e68a,True,,,,,,,,,,1.0,0.0,0.5,1.0,1.0,0.0,0.0,1.0,0.0,0.0
1034,053a3b165ea7a6cb4,True,,,,,,,,,,0.0,0.0,0.0,1.0,1.0,0.0,0.0,1.0,1.0,0.0
1035,661923b68a72445aa,True,,,,,,,,,,1.0,0.0,1.0,1.0,0.8517301205047473,1.0,0.0,1.0,1.0,0.0
1036,2b1010d61e3c4e8ec,True,,,,,,,,,,1.0,1.0,0.0,1.0,0.8632567780839966,1.0,0.0,1.0,0.0,0.0
1037,4c03648ccf3301fe7,True,,,,,,,,,,0.0,0.0,1.0,1.0,1.0,0.0,1.0,1.0,1.0,0.0
1038,96cf7424a206ab31f,True,,,,,,,,,,0.0,1.0,1.0,1.0,1.0,0.0,1.0,1.0,1.0,0.0
1039,8f88cd86720008f23,True,,,,,,,,,,0.5,0.0,0.5,1.0,1.0,0.0,1.0,1.0,1.0,0.0
1040,8a73882c047d96e3f,True,,,,,,,,,,1.0,1.0,1.0,1.0,0.7438564142502531,1.0,0.0,1.0,1.0,0.794955129453204
1041,01939f050c164b6c4,True,,,,,,,,,,1.0,1.0,1.0,1.0,1.0,1.0,0.0,1.0,1.0,0.875
1042,801d1b42c0409656b,True,,,,,,,,,,0.0,1.0,1.0,1.0,1.0,0.0,1.0,1.0,1.0,0.0
1043,fb36ad22580aff945,True,,,,,,,,,,1.0,1.0,0.0,1.0,1.0,1.0,0.0,1.0,0.0,0.0
1044,d021a67c53a7865f3,True,,,,,,,,,,1.0,1.0,1.0,1.0,0.6506069334164232,1.0,0.0,1.0,1.0,0.7658146666926322
1045,d337b79f01dc75805,True,,,,,,,,,,1.0,1.0,0.0,1.0,0.7554744392158281,1.0,0.0,1.0,1.0,0.0
1046,a64fb9390dd8520e5,True,,,,,,,,,,0.0,1.0,1.0,1.0,1.0,0.0,0.0,1.0,1.0,0.0
1047,0d51246322745f1a6,True,,,,,,,,,,1.0,1.0,1.0,1.0,0.8131757181898692,1.0,0.0,1.0,0.0,0.6916174119343341
1048,6883dd210767ef27d,True,,,,,,,,,,1.0,1.0,1.0,1.0,0.01503068913115756,1.0,1.0,1.0,1.0,0.6921970903534868
1049,1f85e503d38a543ba,True,,,,,,,,,,1.0,1.0,0.0,1.0,0.7602247722611193,1.0,0.0,1.0,1.0,0.0
1050,a281f0b2e0db6ac75,True,,,,,,,,,,0.0,1.0,1.0,1.0,1.0,0.0,0.0,1.0,0.0,0.0
1051,1924f6d5f33633039,True,,,,,,,,,,1.0,0.0,1.0,1.0,1.0,1.0,0.0,1.0,1.0,0.0
1052,e0fd3073c76ba643d,True,,,,,,,,,,1.0,1.0,1.0,1.0,0.7349148750577656,1.0,1.0,1.0,1.0,0.9171608984555517
1053,8b829bb6658bc36c8,True,,,,,,,,,,0.0,1.0,1.0,1.0,0.9062384143031164,0.0,0.0,1.0,1.0,0.0
1054,1dcbc0a4f06515ca6,True,,,,,,,,,,1.0,1.0,1.0,1.0,0.6890137488711581,1.0,0.0,1.0,0.0,0.6528167965222369
1055,089e61f737418a050,True,,,,,,,,,,1.0,1.0,1.0,1.0,0.7807526670522518,1.0,1.0,1.0,1.0,0.9314852084538287
1056,8d65d3f4d930b58ae,True,,,,,,,,,,1.0,0.0,1.0,1.0,1.0,1.0,0.0,1.0,0.0,0.0
1057,7ff35ca5444967bbf,True,,,,,,,,,,1.0,1.0,1.0,1.0,0.01884385443830971,1.0,0.0,1.0,0.0,0.44338870451197177
1058,33acea7dafc3e280a,True,,,,,,,,,,1.0,1.0,1.0,1.0,0.9579281669247837,1.0,0.0,1.0,0.0,0.7368525521639949
1059,d44eb346043c78d47,True,,,,,,,,,,1.0,1.0,0.0,1.0,1.0,1.0,0.0,1.0,1.0,0.0
1060,9db9a548b803b14d9,True,,,,,,,,,,1.0,1.0,1.0,1.0,0.877269119029239,1.0,0.0,1.0,1.0,0.8366465996966372
1061,49fd1c147826df430,True,,,,,,,,,,1.0,0.0,1.0,1.0,0.7333114461032743,1.0,0.0,1.0,1.0,0.0
1062,e58505d2e2a702e58,True,,,,,,,,,,0.0,1.0,1.0,1.0,1.0,0.0,1.0,1.0,1.0,0.0
1063,274217f22058c3a7c,True,,,,,,,,,,1.0,0.0,1.0,1.0,0.9569728140654066,1.0,1.0,1.0,1.0,0.0
1064,5f64cfcf81e889869,True,,,,,,,,,,1.0,1.0,1.0,1.0,0.8651194410957398,0.0,0.0,1.0,1.0,0.5203498253424187
1065,b1c7cedccc066a77d,True,,,,,,,,,,1.0,1.0,1.0,1.0,0.9415302863583763,1.0,0.0,1.0,1.0,0.8567282144869925
1066,363ac46bc24e8db3b,True,,,,,,,,,,1.0,1.0,1.0,1.0,0.6659597354747345,1.0,0.0,1.0,0.0,0.6456124173358545
1067,74ccd6443745d7a0a,True,,,,,,,,,,1.0,1.0,1.0,1.0,1.0,0.0,0.0,1.0,1.0,0.5625
1068,4a6a0597bd6bf2f20,True,,,,,,,,,,1.0,1.0,1.0,1.0,1.0,1.0,1.0,1.0,0.0,0.875
1069,6e1ecc74646f12ab1,True,,,,,,,,,,1.0,1.0,0.0,1.0,1.0,1.0,0.0,1.0,1.0,0.0
1070,e3a1602ce511b854c,True,,,,,,,,,,1.0,1.0,1.0,1.0,0.792814869195035,1.0,1.0,1.0,1.0,0.9352546466234484
1071,cad1816ad074ec87f,True,,,,,,,,,,1.0,1.0,1.0,1.0,0.8651252882609541,1.0,1.0,1.0,1.0,0.9578516525815481
1072,9faeca442f57af75b,True,,,,,,,,,,0.0,1.0,1.0,1.0,1.0,0.0,0.0,1.0,1.0,0.0
1073,23406e65760566ef1,True,,,,,,,,,,1.0,1.0,1.0,1.0,0.39500217893191897,1.0,1.0,1.0,1.0,0.8109381809162246
1074,11b6577b5cc201594,True,,,,,,,,,,0.0,1.0,1.0,1.0,1.0,0.0,1.0,1.0,1.0,0.0
1075,808228d1cf4a9f699,True,,,,,,,,,,1.0,1.0,1.0,1.0,0.8636765601481096,1.0,1.0,1.0,1.0,0.9573989250462842
1076,b5be28ec54c28eea8,True,,,,,,,,,,1.0,1.0,0.0,1.0,1.0,1.0,0.0,1.0,1.0,0.0
1077,0f902fca1e990d9be,True,,,,,,,,,,1.0,0.0,0.5,1.0,1.0,1.0,1.0,1.0,0.0,0.0
1078,8f0ed4cbd9cfb8ff3,True,,,,,,,,,,0.0,1.0,1.0,1.0,1.0,0.0,1.0,1.0,1.0,0.0
1079,35dde9258cf9db5c2,True,,,,,,,,,,1.0,1.0,1.0,1.0,0.6288577965690467,1.0,0.0,1.0,0.0,0.6340180614278271
1080,7447fa48c5294d130,True,,,,,,,,,,1.0,0.0,1.0,1.0,1.0,1.0,0.0,1.0,1.0,0.0
1081,b6b4b0f2f2a7815cb,True,,,,,,,,,,1.0,1.0,1.0,1.0,0.788535132054083,1.0,1.0,1.0,1.0,0.9339172287669009
1082,444448ad7659dcee6,True,,,,,,,,,,1.0,1.0,1.0,1.0,1.0,1.0,0.0,1.0,1.0,0.875
1083,f3852b4bdec74eddc,True,,,,,,,,,,0.5,0.0,1.0,1.0,1.0,0.0,1.0,1.0,0.0,0.0
1084,085b907f63a37b0ac,True,,,,,,,,,,1.0,1.0,1.0,1.0,0.7181333784704119,1.0,0.0,1.0,1.0,0.7869166807720037
1085,134a68b7ad7fc9ec4,True,,,,,,,,,,1.0,1.0,1.0,1.0,1.0,1.0,1.0,1.0,1.0,1.0
1086,4f3ef64863f32d7b6,True,,,,,,,,,,0.0,0.0,0.5,1.0,1.0,0.0,0.0,1.0,1.0,0.0
1087,8568f4ee5859ce652,True,,,,,,,,,,1.0,1.0,1.0,1.0,0.6526655156143409,1.0,0.0,1.0,0.0,0.6414579736294815
1088,53584220d24323201,True,,,,,,,,,,1.0,1.0,0.5,1.0,0.7996580888156712,1.0,0.0,1.0,1.0,0.40619657637744866
1089,4dcc314181f8e6c97,True,,,,,,,,,,1.0,1.0,1.0,1.0,0.23210726504611304,1.0,1.0,1.0,0.0,0.6350335203269103
1090,59223499b6e8a12d6,True,,,,,,,,,,1.0,1.0,0.0,1.0,1.0,1.0,0.0,1.0,0.0,0.0
1091,adab3d6fadc01f0e9,True,,,,,,,,,,1.0,0.0,0.5,1.0,1.0,1.0,1.0,1.0,0.0,0.0
1092,c334b7fe14a98e8d9,True,,,,,,,,,,1.0,1.0,1.0,1.0,0.4846855401900825,1.0,0.0,1.0,0.0,0.5889642313094008
1093,fa3650efa1fa9cb64,True,,,,,,,,,,1.0,1.0,1.0,1.0,1.0,1.0,1.0,1.0,1.0,1.0
1094,444902bbbb7e82af9,True,,,,,,,,,,1.0,1.0,1.0,1.0,0.738854376182925,1.0,1.0,1.0,1.0,0.9183919925571641
1095,6d41dae8eb9b92cbe,True,,,,,,,,,,1.0,1.0,0.0,1.0,1.0,1.0,0.0,1.0,1.0,0.0
1096,2d812dd423748572d,True,,,,,,,,,,1.0,1.0,1.0,1.0,0.996729968402477,1.0,0.0,1.0,1.0,0.8739781151257741
1097,c989b3ae7e9270d2d,True,,,,,,,,,,1.0,1.0,1.0,1.0,0.5411296897463912,1.0,1.0,1.0,0.0,0.7316030280457473
1098,7f77d13ba2f205d87,True,,,,,,,,,,1.0,0.0,1.0,1.0,0.7434393720271073,1.0,1.0,1.0,0.0,0.0
1099,2182fa4ac8750cb31,True,,,,,,,,,,1.0,1.0,1.0,1.0,0.43864107989955287,1.0,1.0,1.0,1.0,0.8245753374686102
1100,15e9e852fea33e966,True,,,,,,,,,,1.0,0.0,1.0,1.0,1.0,1.0,1.0,1.0,0.0,0.0
1101,6e6153a1da30b26bd,True,,,,,,,,,,1.0,1.0,1.0,1.0,0.0,1.0,1.0,1.0,0.0,0.5625
1102,29202e5e7b84d0701,True,,,,,,,,,,1.0,1.0,0.0,1.0,0.8101511395566311,1.0,0.0,1.0,0.0,0.0
1103,67db9f3e12bbe8868,True,,,,,,,,,,0.0,1.0,1.0,1.0,1.0,0.0,1.0,1.0,1.0,0.0
1104,extended_pdm_score_stage_one,True,0.9256756756756757,0.581081081081081,0.9256756756756757,1.0,0.8977572204167872,0.8918918918918919,0.8918918918918919,0.9594594594594594,0.5945945945945946,,,,,,,,,,0.5164397400700947
1105,extended_pdm_score_stage_two,True,,,,,,,,,,0.8215897555548431,0.7525335649538107,0.8404601455216077,0.9844742859296566,0.9168848521304934,0.7894458043582493,0.4256436029466995,0.9295873658041043,0.630664487915672,0.4267243292965385
1106,extended_pdm_score_combined,True,0.9256756756756757,0.581081081081081,0.9256756756756757,1.0,0.8977572204167872,0.8918918918918919,0.8918918918918919,0.9594594594594594,0.5945945945945946,0.8215897555548431,0.7525335649538107,0.8404601455216077,0.9844742859296566,0.9168848521304934,0.7894458043582493,0.4256436029466995,0.9295873658041043,0.630664487915672,0.22633710375132357
