index,token,no_at_fault_collisions,drivable_area_compliance,driving_direction_compliance,traffic_light_compliance,ego_progress,time_to_collision_within_bound,lane_keeping,history_comfort,pdm_score,valid,log_name,frame_type,start_time,endpoint_x,endpoint_y,start_point_x,start_point_y,two_frame_extended_comfort,weight,score
0,c7afdb652a9e5e73,1.0,1.0,1.0,1.0,1.0,1.0,1.0,1.0,0.0,True,2021.10.06.08.16.17_veh-52_01430_01579,0,1633509795.699643,365555.9686819549,143716.36230513945,365526.33611043077,143736.10377336663,1.0,1.0,1.0
1,e74ca27f40755297,1.0,0.0,0.5,1.0,1.0,1.0,0.0,1.0,0.0,True,2021.10.06.07.26.10_veh-52_01245_02064,0,1633507002.199868,365093.4544709019,143333.71833553052,365080.8471973459,143323.0370942278,0.0,1.0,0.0
2,493c90dce63d5653,1.0,0.0,1.0,1.0,1.0,1.0,0.0,1.0,0.0,True,2021.10.06.07.26.10_veh-52_01245_02064,0,1633507001.7001588,365092.79371303745,143335.7110849909,365079.4466102464,143322.83340024808,0.0,1.0,0.0
3,580dac44fa305877,1.0,1.0,1.0,1.0,0.7413347944926385,1.0,1.0,1.0,0.9076195694616567,True,2021.08.30.14.54.34_veh-40_00439_00835,0,1630336042.500489,331700.2575546038,4690962.077502099,331679.62089469604,4690951.194772488,0.0,1.0,0.7941671232789496
4,909655c780e152ac,1.0,1.0,1.0,1.0,1.0,1.0,1.0,1.0,1.0,True,2021.09.16.19.12.04_veh-42_01438_01677,0,1631821522.500151,588267.2270351013,4475892.745629013,588225.7933295507,4475860.912951869,1.0,1.0,1.0
5,b474c79361415cb0,1.0,1.0,1.0,1.0,0.360732192777925,1.0,1.0,1.0,0.771690068849259,True,2021.09.16.14.39.34_veh-42_00297_00935,0,1631804073.199609,587808.4789635779,4475666.048074294,587803.1251018915,4475661.7147480035,0.0,1.0,0.6752288102431016
6,b5ba1ec901f1522c,1.0,1.0,1.0,1.0,1.0,1.0,1.0,1.0,1.0,True,2021.09.16.19.12.04_veh-42_01438_01677,0,1631821521.9999769,588262.2085377827,4475888.650720801,588220.6540080404,4475856.979915917,1.0,1.0,1.0
7,5feede5c5a3c5116,1.0,0.0,0.5,1.0,1.0,1.0,1.0,1.0,0.0,True,2021.06.28.15.02.02_veh-38_02398_02848,0,1624895253.999326,664421.5068401262,3997335.2825116944,664425.133694333,3997364.2513418025,0.0,1.0,0.0
8,bf00c76f25185b83,1.0,1.0,1.0,1.0,0.6449668776023816,1.0,1.0,1.0,0.730345313429422,True,2021.09.16.14.39.34_veh-42_00297_00935,0,1631803743.200199,587803.278371756,4475849.654257897,587811.3690942964,4475845.987883533,1.0,1.0,0.8890521492507443
9,a6edd19740415b54,1.0,1.0,1.0,1.0,1.0,1.0,1.0,1.0,1.0,True,2021.09.16.13.53.10_veh-42_01510_01591,0,1631802019.899802,588930.5263146308,4474958.040718602,588914.3348535842,4475007.853996419,1.0,1.0,1.0
10,e8daa33268685b31,1.0,0.0,1.0,1.0,1.0,1.0,1.0,1.0,0.0,True,2021.10.06.08.16.17_veh-52_00181_00574,0,1633508575.700279,365645.5898283855,144040.63331030903,365655.7168031607,144039.20544435043,1.0,1.0,0.0
11,0f422a003dab525e,1.0,1.0,1.0,1.0,0.7988517831326117,1.0,1.0,1.0,0.92816135111879,True,2021.10.06.07.26.10_veh-52_00006_00398,0,1633505608.200008,365570.9917187237,143284.21781322977,365573.1235015897,143248.92885066927,1.0,1.0,0.9371411822289412
12,771c4e378bef58e4,1.0,1.0,1.0,1.0,1.0,1.0,1.0,1.0,0.8571428571428571,True,2021.09.16.15.12.03_veh-42_01037_01434,0,1631806377.9997768,587556.215666289,4475582.93869734,587552.3906370512,4475584.296467045,0.0,1.0,0.875
13,70f718ebc8b4505e,1.0,1.0,1.0,1.0,1.0,1.0,1.0,1.0,1.0,True,2021.09.29.19.02.14_veh-28_00540_00917,0,1632942861.299855,331272.3200449713,4690981.158123704,331262.00291923765,4690964.396574034,1.0,1.0,1.0
14,f76112c834c25beb,1.0,0.0,0.0,1.0,0.6477722066721808,1.0,1.0,1.0,0.0,True,2021.08.30.13.45.25_veh-40_00610_00771,0,1630331907.5000958,332563.49431987974,4690402.445583102,332568.5895630361,4690367.762222533,0.0,1.0,0.0
15,cbc268a868be50c2,1.0,0.0,1.0,1.0,1.0,1.0,1.0,1.0,0.0,True,2021.09.29.18.19.40_veh-28_01268_01685,0,1632940990.0995,330977.1017367127,4690947.058629772,330990.63949052274,4690930.772888925,1.0,1.0,0.0
16,5593db2f64115fbf,1.0,1.0,1.0,1.0,1.0,1.0,1.0,1.0,0.0,True,2021.09.29.19.02.14_veh-28_00964_01689,0,1632943904.299593,331607.85704312206,4690804.160387131,331584.6293518113,4690819.305466818,1.0,1.0,1.0
17,f289e368449b517b,0.5,0.0,1.0,1.0,0.9062630189473972,0.0,1.0,1.0,0.0,True,2021.08.16.14.23.37_veh-45_00015_00132,0,1629123996.0000648,589076.4531752795,4474648.594940709,589099.5562945455,4474652.382707104,0.0,1.0,0.0
18,9ef1d618435d5e53,1.0,1.0,1.0,1.0,1.0,1.0,1.0,1.0,1.0,True,2021.05.25.17.54.41_veh-35_04111_04288,0,1621983954.400126,664535.2056431433,3998973.3137927614,664528.9080766515,3998957.8141137264,0.0,1.0,0.875
19,09446e65ee9a55d3,1.0,1.0,1.0,1.0,1.0,0.0,0.0,0.0,0.0,True,2021.09.16.19.27.01_veh-45_01749_03230,0,1631822801.0001009,587690.6151453003,4475527.48250625,587672.4170393328,4475510.656172663,1.0,1.0,0.4375
20,de1662269d685ce0,1.0,0.0,1.0,1.0,1.0,1.0,1.0,1.0,0.0,True,2021.09.29.18.19.40_veh-28_01268_01685,0,1632940990.5995839,330973.8978312026,4690950.046207424,330988.88119364984,4690932.628820249,1.0,1.0,0.0
21,9502cdbb06dd516f,0.0,0.0,1.0,1.0,1.0,0.0,1.0,1.0,0.0,True,2021.09.16.15.12.03_veh-42_01037_01434,0,1631806377.499935,587556.6523984497,4475582.752778599,587552.6863141714,4475584.190327434,0.0,1.0,0.0
22,132307b3c1a55f97,0.0,0.0,0.0,1.0,1.0,0.0,1.0,1.0,0.0,True,2021.09.29.14.44.26_veh-28_00337_00504,0,1632927135.29963,331183.5045787071,4690586.30034508,331191.75358269527,4690566.968803798,0.0,1.0,0.0
23,b6247a5245a5554f,0.0,0.0,1.0,1.0,1.0,0.0,1.0,1.0,0.0,True,2021.06.28.20.24.43_veh-38_03385_04952,0,1624915582.0996208,664202.9383634265,3997356.1619674787,664186.7249991194,3997361.6914994884,1.0,1.0,0.0
24,4dd1ab3a667b5074,1.0,1.0,1.0,1.0,1.0,1.0,1.0,1.0,1.0,True,2021.09.16.13.53.10_veh-42_01510_01591,0,1631802020.399652,588932.7859432352,4474951.761651719,588916.3552205573,4475001.744964109,1.0,1.0,1.0
25,d5b18d6105c25004,1.0,1.0,1.0,1.0,1.0,1.0,1.0,1.0,0.8571428571428571,True,2021.10.06.07.26.10_veh-52_02208_02394,0,1633507458.7000449,365192.44874989294,143576.93827595963,365182.45702561166,143554.95132668878,1.0,1.0,1.0
26,889aac2576295c91,1.0,1.0,1.0,1.0,0.899259215244338,1.0,1.0,1.0,0.9640211483015493,True,2021.09.29.18.19.40_veh-28_00438_00833,0,1632940183.099846,330997.0768036391,4691168.385986501,330977.98327019834,4691156.5000530565,1.0,1.0,0.9685185047638556
27,e2ae05340dba502d,1.0,1.0,0.0,1.0,1.0,1.0,1.0,1.0,0.0,True,2021.09.16.19.49.00_veh-42_00990_01609,0,1631823423.500377,587694.1280140287,4475905.0231830655,587687.1989028297,4475925.193046031,0.0,1.0,0.0
28,c656016133b05a15,1.0,0.0,1.0,1.0,1.0,1.0,1.0,1.0,0.0,True,2021.09.16.14.39.34_veh-42_00297_00935,0,1631803742.699987,587803.4146460977,4475850.258886896,587811.9367276101,4475845.722121818,1.0,1.0,0.0
29,90314b74c92954d6,1.0,0.0,1.0,1.0,1.0,1.0,1.0,1.0,0.0,True,2021.09.16.14.39.34_veh-42_00032_00186,0,1631803310.7000608,589236.9336080253,4474230.34285591,589228.6009719503,4474266.285917808,1.0,1.0,0.0
30,d64a3964875f5b41,0.0,0.0,1.0,1.0,1.0,0.0,1.0,1.0,0.0,True,2021.06.28.20.24.43_veh-38_03385_04952,0,1624915582.5999389,664204.9997895379,3997356.043018482,664188.4155932228,3997360.8234133013,1.0,1.0,0.0
31,834cf95826ec5c73,1.0,0.0,1.0,1.0,0.8023565406180356,1.0,1.0,1.0,0.0,True,2021.09.16.17.40.09_veh-45_02539_02745,0,1631816812.3996089,587575.1649814302,4475917.83248712,587592.8127230792,4475936.090648829,0.0,1.0,0.0
32,52b2e626eca85976,1.0,1.0,1.0,1.0,0.7302665221711199,1.0,1.0,1.0,0.7608094722039713,True,2021.10.06.07.26.10_veh-52_01245_02064,0,1633506530.700068,365566.00198371714,143110.70520229748,365578.21117485734,143081.00890142593,1.0,1.0,0.9157082881784749
33,c6bd79f439c254a0,1.0,0.0,1.0,1.0,0.9021143874882966,1.0,1.0,1.0,0.0,True,2021.09.16.14.39.34_veh-42_00032_00186,0,1631803310.199857,589236.14513557,4474233.902630314,589227.5913499113,4474270.656218693,1.0,1.0,0.0
34,f3ca2707d87a586b,1.0,1.0,1.0,1.0,1.0,1.0,1.0,1.0,1.0,True,2021.09.16.15.47.30_veh-45_01199_01391,0,1631808655.300696,588035.5560831581,4475714.074334509,588002.1710295947,4475681.135305075,1.0,1.0,1.0
35,9e9e33077f375062,1.0,0.0,1.0,1.0,0.8742757157844322,1.0,1.0,1.0,0.0,True,2021.10.06.08.16.17_veh-52_00181_00574,0,1633508575.200445,365646.01783524844,144039.9155246472,365656.49162727746,144039.63190879492,1.0,1.0,0.0
36,73b2c72a73b458ca,1.0,0.0,1.0,1.0,0.6438445048713101,1.0,1.0,1.0,0.0,True,2021.08.30.16.16.44_veh-40_00779_01088,0,1630341128.500236,331692.13295029727,4690862.519182961,331684.185140187,4690870.603501126,0.0,1.0,0.0
37,0cd0aaeb35c95094,1.0,1.0,1.0,1.0,0.9616720582748495,1.0,1.0,1.0,0.9863114493838748,True,2021.09.29.14.44.26_veh-28_00528_00992,0,1632927670.299696,331627.47785586375,4690916.450928475,331650.24176761485,4690901.007024816,1.0,1.0,0.9880225182108905
38,bbb5018d017754d0,1.0,1.0,1.0,1.0,1.0,1.0,1.0,1.0,1.0,True,2021.09.29.19.02.14_veh-28_00540_00917,0,1632942860.799825,331271.8194235717,4690980.41762373,331260.5696957928,4690962.051521226,1.0,1.0,1.0
39,398326681cd7500a,1.0,1.0,1.0,1.0,0.8624583555937114,1.0,1.0,1.0,0.9508779841406112,True,2021.09.29.19.02.14_veh-28_03198_03360,0,1632945493.7996,332590.393162732,4690348.894903487,332562.4937999735,4690368.816211105,1.0,1.0,0.9570182361230348
40,d50b69bed8f2570c,1.0,1.0,1.0,1.0,0.7523363782788586,1.0,1.0,1.0,0.7686915636710209,True,2021.08.30.14.54.34_veh-40_00439_00835,0,1630336042.0003889,331695.56801399204,4690963.793786678,331677.68967542617,4690948.776746634,0.0,1.0,0.7976051182121433
41,bd2b1a4530a1538b,1.0,1.0,1.0,1.0,1.0,1.0,1.0,1.0,1.0,True,2021.06.03.13.55.17_veh-35_02866_03582,0,1622746497.101438,664691.2004791353,3999287.222436032,664686.4140672752,3999277.3711911896,1.0,1.0,1.0
42,8f5b6181d28e5d4a,1.0,1.0,1.0,1.0,0.8824834356252906,1.0,1.0,1.0,0.9580297984376038,True,2021.09.16.13.53.10_veh-42_00077_00153,0,1631800572.9000618,589329.8186795354,4473932.647070599,589316.4222895565,4473967.649230924,1.0,1.0,0.9632760736329034
43,75ffe77189e95d43,1.0,0.0,1.0,1.0,0.7557386619520083,1.0,0.0,1.0,0.0,True,2021.09.16.19.27.01_veh-45_01749_03230,0,1631823143.000104,587576.7991316926,4475924.465519035,587596.515781229,4475936.827955876,0.0,1.0,0.0
44,8846d60884435288,1.0,1.0,1.0,1.0,0.35666269077184853,1.0,1.0,1.0,0.7702366752756602,True,2021.09.16.14.39.34_veh-42_00297_00935,0,1631804072.6999319,587808.1049635604,4475665.4090571115,587802.0786503968,4475660.581212705,0.0,1.0,0.6739570908662027
45,4fbfc7dc71db50e2,1.0,1.0,1.0,1.0,0.8008644693744154,1.0,1.0,1.0,0.9288801676337197,True,2021.10.06.07.26.10_veh-52_00006_00398,0,1633505608.700346,365570.6572209383,143288.90705545212,365573.2524995918,143253.24938285904,1.0,1.0,0.9377701466795048
46,d20dc707981f56e7,1.0,1.0,1.0,1.0,1.0,1.0,1.0,1.0,0.8571428571428571,True,2021.10.06.07.26.10_veh-52_02208_02394,0,1633507458.199915,365192.5186295404,143577.65965949302,365181.1359754231,143552.72070352553,1.0,1.0,1.0
47,c28c7b29e80059d2,1.0,0.0,1.0,1.0,0.8819480432549476,1.0,1.0,1.0,0.0,True,2021.09.16.13.53.10_veh-42_00077_00153,0,1631800573.400096,589331.3594974846,4473928.219377069,589317.8894812048,4473963.126518785,1.0,1.0,0.0
48,b2abc819ebf45c11,1.0,1.0,1.0,1.0,1.0,1.0,1.0,1.0,1.0,True,2021.05.25.17.54.41_veh-35_04111_04288,0,1621983953.900002,664533.3196765054,3998969.5430330955,664528.7708187795,3998957.418553899,0.0,1.0,0.875
49,467879c3d37054f5,1.0,0.0,0.0,1.0,0.5978820940504969,1.0,1.0,0.0,0.0,True,2021.08.30.13.45.25_veh-40_00610_00771,0,1630331908.000005,332565.0490267579,4690409.753021827,332566.0871837515,4690370.522376109,0.0,1.0,0.0
50,fe8eddd5ec8654cd,1.0,0.0,1.0,1.0,0.7106042648868184,1.0,0.0,1.0,0.0,True,2021.09.16.19.27.01_veh-45_01749_03230,0,1631823143.4999158,587575.9064435383,4475923.525979322,587593.8750379696,4475936.5525027625,0.0,1.0,0.0
51,c33bb70075e7594c,1.0,1.0,1.0,1.0,1.0,1.0,0.0,1.0,0.0,True,2021.05.25.14.24.08_veh-25_03764_04034,0,1621970878.500094,664506.0743067242,3997876.8848475455,664531.3059701886,3997879.41755935,0.0,1.0,0.75
52,06c9339fdc3e5404,1.0,0.0,1.0,1.0,0.8543834904264979,1.0,1.0,1.0,0.0,True,2021.09.16.17.40.09_veh-45_02539_02745,0,1631816812.8999789,587574.8038431884,4475914.41253361,587589.9656064024,4475935.187613121,0.0,1.0,0.0
53,8b8ea705c7fd5e8a,1.0,1.0,1.0,1.0,0.9364321493394887,1.0,1.0,1.0,0.9772971961926745,True,2021.09.29.14.44.26_veh-28_00337_00504,0,1632927134.7996478,331185.78052032733,4690578.517893715,331191.6256757248,4690565.22660718,0.0,1.0,0.8551350466685902
54,f038fc7ffdab5bad,1.0,0.0,1.0,1.0,1.0,1.0,0.0,1.0,0.0,True,2021.05.25.14.24.08_veh-25_03764_04034,0,1621970879.000041,664507.4987805489,3997876.634436436,664528.5552700995,3997878.6312054247,0.0,1.0,0.0
55,76a0c83f0b6453a0,1.0,1.0,1.0,1.0,0.9449359286481932,1.0,1.0,1.0,0.9803342602314976,True,2021.09.29.18.19.40_veh-28_00438_00833,0,1632940183.5997539,330998.7673342286,4691169.482662999,330980.6755622633,4691158.123989136,1.0,1.0,0.9827924777025604
56,ef7089ecfb0c5028,1.0,0.0,1.0,1.0,1.0,1.0,1.0,1.0,0.0,True,2021.06.28.15.02.02_veh-38_02398_02848,0,1624895253.4996018,664423.9244794011,3997343.1695956783,664425.0280467486,3997368.078174454,0.0,1.0,0.0
57,ecc6da85180a5eee,1.0,1.0,1.0,1.0,1.0,1.0,1.0,1.0,1.0,True,2021.09.16.13.53.10_veh-42_00180_00342,0,1631800726.399853,589122.424405098,4474569.643174126,589135.5311615276,4474530.958198572,1.0,1.0,1.0
58,70d9d518ad0f5382,1.0,1.0,1.0,1.0,1.0,1.0,1.0,1.0,0.0,True,2021.09.29.19.02.14_veh-28_00964_01689,0,1632943904.799527,331607.7847825375,4690804.338877918,331587.3350946223,4690817.475860609,1.0,1.0,1.0
59,087023402a695ba3,0.5,1.0,1.0,1.0,1.0,1.0,1.0,1.0,0.0,True,2021.08.16.14.23.37_veh-45_00015_00132,0,1629123995.50032,589082.6713326279,4474648.210443726,589101.4199487764,4474653.552840211,0.0,1.0,0.4375
60,cb02d1e1315a5e67,1.0,0.0,0.5,1.0,1.0,0.0,1.0,1.0,0.0,True,2021.09.16.19.27.01_veh-45_01749_03230,0,1631822419.500114,587764.1928764695,4475879.340345775,587778.2335592569,4475860.898407421,0.0,1.0,0.0
61,ffe92084016a5795,1.0,1.0,1.0,1.0,0.6197159998746934,1.0,1.0,1.0,0.8641842856695333,True,2021.10.06.08.16.17_veh-52_01949_02501,0,1633510367.699677,365936.47147563996,143045.76186445332,365929.7312637366,143063.53560472844,1.0,1.0,0.8811612499608417
62,76c31764665151be,1.0,1.0,1.0,1.0,0.6326142537339671,1.0,1.0,1.0,0.8687908049049883,True,2021.10.06.08.16.17_veh-52_01949_02501,0,1633510367.199616,365939.2787900624,143044.7445554285,365926.77215405134,143065.7793958518,1.0,1.0,0.8851919542918647
63,b9d14f59883a5496,1.0,0.0,1.0,1.0,0.8179872541529348,1.0,1.0,1.0,0.0,True,2021.09.16.19.27.01_veh-45_01749_03230,0,1631822801.5000808,587690.4645414718,4475528.908517239,587674.5116383418,4475511.812837581,1.0,1.0,0.0
64,f2117260382b5d83,1.0,1.0,1.0,1.0,0.9409896611819972,1.0,1.0,1.0,0.9789248789935705,True,2021.09.29.19.02.14_veh-28_03198_03360,0,1632945493.299546,332589.89797363675,4690349.856662438,332559.71027248696,4690371.756219848,1.0,1.0,0.9815592691193742
65,afcd7846a4f35622,1.0,1.0,1.0,1.0,0.935106104366143,1.0,1.0,1.0,0.976823608702194,True,2021.10.06.07.26.10_veh-52_01245_02064,0,1633506530.200038,365567.0039813094,143107.95011969274,365580.22510392504,143077.41949378728,1.0,1.0,0.9797206576144197
66,faa12c2adc7c521f,1.0,0.0,1.0,1.0,1.0,1.0,1.0,1.0,0.0,True,2021.09.16.19.49.00_veh-42_00990_01609,0,1631823423.000167,587696.2396306144,4475911.437531481,587684.4572279872,4475926.702469764,0.0,1.0,0.0
67,59ea5c8c067e57e7,1.0,0.0,1.0,1.0,1.0,1.0,1.0,1.0,0.0,True,2021.09.16.13.53.10_veh-42_00180_00342,0,1631800726.89991,589121.1444935407,4474574.4354838,589133.6801003908,4474535.6564652175,1.0,1.0,0.0
68,fa8c164985255698,1.0,1.0,1.0,1.0,1.0,1.0,1.0,1.0,1.0,True,2021.06.03.13.55.17_veh-35_02866_03582,0,1622746496.601222,664691.53642516,3999287.729885935,664686.157761139,3999276.869457784,1.0,1.0,1.0
69,64a7186ab49b5cdc,1.0,1.0,1.0,1.0,0.7753834233744121,1.0,1.0,1.0,0.91977979406229,True,2021.10.06.08.16.17_veh-52_01430_01579,0,1633509796.199918,365558.34759306716,143714.59785482238,365529.9339514253,143733.74906955127,1.0,1.0,0.9298073198045038
70,f7a9f82f17b256e2,1.0,1.0,1.0,1.0,0.9158641547395748,1.0,1.0,1.0,0.9699514838355624,True,2021.09.29.14.44.26_veh-28_00528_00992,0,1632927670.7998378,331626.10012210783,4690917.601227175,331647.50722611963,4690902.942473964,1.0,1.0,0.9737075483561171
71,5c883441084d58d7,0.5,0.0,1.0,1.0,1.0,0.0,0.0,0.0,0.0,True,2021.09.16.19.27.01_veh-45_01749_03230,0,1631822420.0006258,587762.8730949934,4475883.4669192545,587778.2218182402,4475863.349741965,0.0,1.0,0.0
72,c1839a3333695317,1.0,1.0,1.0,1.0,1.0,1.0,1.0,1.0,1.0,True,2021.09.16.15.47.30_veh-45_01199_01391,0,1631808655.800463,588039.744370798,4475717.310268352,588006.004414665,4475685.138716207,1.0,1.0,1.0
73,e5d2a01ab5b0562a,1.0,0.0,1.0,1.0,0.5459336791384372,1.0,1.0,1.0,0.0,True,2021.08.30.16.16.44_veh-40_00779_01088,0,1630341129.000434,331691.3638579265,4690863.886313563,331685.02568053093,4690870.041967939,0.0,1.0,0.0
74,3fcd46f80ab00b6e6,1.0,1.0,1.0,1.0,0.5382585828897117,0.0,1.0,1.0,0.47794949388918273,True,2021.10.06.07.26.10_veh-52_01245_02064,1,1633506534.699815,365565.54764318286,143112.4830062793,365570.26000958646,143100.46074490336,1.0,4.9003224731908755e-263,0.5432058071530349
75,69e3a503f78a651d2,1.0,1.0,1.0,0.0,1.0,1.0,1.0,1.0,0.0,True,2021.05.25.14.24.08_veh-25_03764_04034,1,1621970882.500146,664471.0225067969,3997877.0764779015,664505.2950031776,3997877.7607567725,1.0,0.9950566873592609,0.0
76,25db319b5b2d36844,1.0,1.0,1.0,1.0,0.8307750637114281,1.0,1.0,1.0,0.9395625227540815,True,2021.06.28.15.02.02_veh-38_02398_02848,1,1624895257.9995039,664423.6128260061,3997344.3203765713,664425.3501068344,3997353.3216020027,0.0,0.08333333333333333,0.8221172074098213
77,6c8c6dc401c0c9ea2,0.0,1.0,1.0,1.0,1.0,0.0,1.0,1.0,0.0,True,2021.09.29.18.19.40_veh-28_00438_00833,1,1632940187.0998518,331004.4691011793,4691174.201977281,330992.4268818465,4691165.946854333,1.0,3.399570803236789e-53,0.0
78,b46505d824967a9bc,1.0,1.0,1.0,1.0,0.7332880063513421,1.0,1.0,1.0,0.9047457165540508,True,2021.10.06.08.16.17_veh-52_01949_02501,1,1633510371.199955,365939.7734085676,143042.493339691,365939.2318672026,143053.6521081051,0.0,0.05555555555555555,0.7916525019847944
79,07f73e596a2b2e3ec,1.0,1.0,0.0,1.0,0.8502249441532158,1.0,0.0,1.0,0.0,True,2021.09.29.14.44.26_veh-28_00528_00992,1,1632927674.799846,331597.40516292816,4690932.88959926,331620.06033406267,4690919.8798681125,1.0,1.843187169256669e-83,0.0
80,8413ea29ea72fdfde,1.0,1.0,1.0,1.0,0.9720177252073566,1.0,1.0,1.0,0.9900063304311989,True,2021.09.16.15.47.30_veh-45_01199_01391,1,1631808659.300555,588042.9657428301,4475719.855714258,588026.8715557922,4475706.636938939,0.0,3.5739638819605975e-284,0.866255539127299
81,e8015a37a1ba3f7a3,1.0,1.0,1.0,1.0,0.5146017126385303,1.0,1.0,1.0,0.8266434687994751,True,2021.09.16.13.53.10_veh-42_00180_00342,1,1631800730.399843,589121.5898721328,4474572.571965513,589125.7998055908,4474559.6305807335,0.0,3.2042044111521243e-242,0.7233130351995407
82,20120f09d1f74eb2c,1.0,1.0,0.0,1.0,0.8161396555413493,1.0,0.0,1.0,0.0,True,2021.10.06.08.16.17_veh-52_01430_01579,1,1633509800.199977,365599.73959719326,143689.9762569819,365563.62597500137,143710.07047339994,1.0,6.691356682671506e-104,0.0
83,eafc663e431fb2efe,1.0,1.0,0.5,1.0,0.9968213278058474,1.0,1.0,0.0,0.42800380853675846,True,2021.10.06.08.16.17_veh-52_01949_02501,1,1633510371.199955,365924.66719077865,143023.1611435616,365939.8683583498,143049.3411366806,0.0,0.05555555555555555,0.37450333246966366
84,6d9ac6e09b2090952,0.0,1.0,1.0,1.0,1.0,0.0,0.0,1.0,0.0,True,2021.05.25.17.54.41_veh-35_04111_04288,1,1621983957.900826,664542.8229147679,3998992.550304936,664533.1743213168,3998969.4968564645,1.0,0.9999976268966201,0.0
85,9d1689f8e6d847437,1.0,1.0,0.0,1.0,1.0,1.0,0.0,1.0,0.0,True,2021.09.16.17.40.09_veh-45_02539_02745,1,1631816816.899785,587565.2434094104,4475874.704943132,587576.7636732183,4475913.95815725,0.0,0.125,0.0
86,2bf1c7fc03ffaa988,1.0,1.0,1.0,1.0,0.8584109403617036,1.0,0.0,1.0,0.8065753358434655,True,2021.09.16.19.27.01_veh-45_01749_03230,1,1631823147.000494,587569.283795706,4475893.127897149,587578.8260165103,4475922.312289421,1.0,3.3210907478140127e-13,0.8307534188630323
87,ef08e59a9c882aea6,0.0,1.0,1.0,1.0,1.0,0.0,1.0,1.0,0.0,True,2021.09.16.15.47.30_veh-45_01199_01391,1,1631808659.800304,588075.4891590202,4475744.334159633,588039.3936205701,4475716.553229247,1.0,0.05276566890992025,0.0
88,ad104e5c73f603ad8,1.0,1.0,1.0,1.0,0.1910767816161038,1.0,1.0,1.0,0.7110988505771799,True,2021.09.16.14.39.34_veh-42_00297_00935,1,1631804077.200008,587809.5349705239,4475669.311854656,587807.9166308466,4475667.255678497,1.0,0.0020562938638826523,0.7472114942550324
89,99f4cdc8eeabc0426,1.0,0.0,1.0,1.0,1.0,1.0,0.0,1.0,0.0,True,2021.10.06.07.26.10_veh-52_01245_02064,1,1633506534.199717,365559.44573892746,143122.05954302027,365570.1193436324,143103.29101004163,0.0,4.505554105447106e-68,0.0
90,232e7693cefbcf60f,1.0,1.0,1.0,1.0,0.9344662044779088,1.0,0.0,1.0,0.8337379301706818,True,2021.09.16.14.39.34_veh-42_00032_00186,1,1631803314.699573,589249.7688117002,4474192.503491262,589239.4497823924,4474231.057655535,1.0,2.727722299577782e-10,0.8545206888993465
91,ec14753ed2c513cef,1.0,0.0,1.0,1.0,0.730119747694367,1.0,1.0,1.0,0.0,True,2021.10.06.08.16.17_veh-52_00181_00574,1,1633508579.7004578,365646.2890943179,144049.35444054138,365650.31925058464,144040.32954718167,0.0,0.125,0.0
92,541803e1775a85786,1.0,1.0,1.0,1.0,0.8990881338789458,1.0,1.0,1.0,0.9639600478139092,True,2021.10.06.08.16.17_veh-52_01949_02501,1,1633510371.199955,365934.3770753574,143038.9393286768,365938.3146930573,143054.02340974112,1.0,0.05555555555555555,0.9684650418371705
93,8c19ef349d4fc37cb,1.0,1.0,1.0,1.0,1.0,1.0,1.0,1.0,1.0,True,2021.09.16.15.47.30_veh-45_01199_01391,1,1631808659.800304,588052.210078365,4475726.633864417,588030.4215095465,4475709.262435247,0.0,0.0,0.875
94,f74e8cda8ff469419,1.0,0.0,1.0,1.0,1.0,1.0,1.0,1.0,0.0,True,2021.10.06.08.16.17_veh-52_00181_00574,1,1633508579.200625,365645.39172010595,144047.63185976067,365651.10799513385,144039.72540557923,1.0,0.125,0.0
95,92454a3fd96f7dc58,1.0,0.0,1.0,1.0,1.0,1.0,1.0,1.0,0.0,True,2021.06.28.15.02.02_veh-38_02398_02848,1,1624895257.499822,664421.1414053869,3997339.8714355375,664424.4661500688,3997349.330115392,0.0,8.791832641455374e-83,0.0
96,c03cd29553653d383,1.0,1.0,1.0,1.0,0.5707086771624894,1.0,1.0,1.0,0.8466816704151748,True,2021.09.29.18.19.40_veh-28_00438_00833,1,1632940187.0998518,330995.82830154547,4691170.650054421,330991.7683360274,4691166.575850833,0.0,1.2434930250275292e-61,0.7408464616132779
97,bc9c320fb031a11ff,1.0,1.0,1.0,1.0,0.9570017474289321,1.0,1.0,1.0,0.9846434812246186,True,2021.09.16.14.39.34_veh-42_00297_00935,1,1631804077.200008,587832.0336309352,4475655.467684181,587812.3711767847,4475666.515089597,0.0,6.258580596785807e-33,0.8615630460715413
98,c02f1f464e464fc07,1.0,1.0,1.0,1.0,0.6164107903574966,1.0,1.0,1.0,0.8630038536991059,True,2021.10.06.08.16.17_veh-52_01949_02501,1,1633510371.199955,365939.0008070695,143047.28257262183,365937.225312449,143055.18349066994,1.0,0.05555555555555555,0.8801283719867177
99,1efa58a926126dcc0,1.0,1.0,0.5,1.0,0.8601407030770357,1.0,0.0,1.0,0.40359655412089923,True,2021.09.16.14.39.34_veh-42_00297_00935,1,1631803747.198798,587794.8401239071,4475855.407373414,587807.653103814,4475846.337183995,1.0,1.1007355481226282e-62,0.4156469848557868
100,522f0d16763a76d06,1.0,1.0,1.0,1.0,0.5181282547233479,1.0,1.0,1.0,0.8279029481154814,True,2021.09.16.19.12.04_veh-42_01438_01677,1,1631821526.4999418,588264.475707869,4475891.3112235805,588253.7719475812,4475882.807338503,0.0,0.0,0.7244150796010462
101,2f25ad449c40ae04c,1.0,1.0,1.0,1.0,0.9351635528333122,1.0,0.0,1.0,0.8339869831547544,True,2021.05.25.14.24.08_veh-25_03764_04034,1,1621970882.500146,664506.9556172646,3997880.255534795,664519.5339440278,3997879.0569281005,1.0,0.0,0.8547386102604101
102,172abde18b548feb2,1.0,1.0,1.0,1.0,0.7921068447741383,1.0,1.0,0.0,0.7828953017050494,True,2021.08.30.16.16.44_veh-40_00779_01088,1,1630341132.500438,331689.5429770906,4690843.637118125,331693.38645959034,4690863.518595067,0.0,0.999971951415977,0.6850333889919182
103,c55dc2e0f192c70a5,1.0,1.0,1.0,1.0,1.0,1.0,1.0,1.0,1.0,True,2021.10.06.07.26.10_veh-52_02208_02394,1,1633507462.70014,365197.17482376436,143589.6445095116,365189.55931671086,143570.7706436694,0.0,9.106098933424313e-95,0.875
104,e2094c50a0cc45693,1.0,1.0,0.5,1.0,0.5901663616228726,1.0,1.0,1.0,0.42681542171837006,True,2021.09.16.19.49.00_veh-42_00990_01609,1,1631823426.999414,587693.6637888206,4475907.719025942,587695.1308516918,4475917.862945916,0.0,3.624550079209552e-86,0.3734634940035738
105,9c8f0339c698b9080,1.0,1.0,1.0,1.0,0.8537538939377902,1.0,1.0,1.0,0.9477692478349251,True,2021.10.06.08.16.17_veh-52_01430_01579,1,1633509799.699626,365592.2577163364,143695.155795701,365556.3148264849,143715.8358017895,1.0,0.9994959824924551,0.9542980918555595
106,976f2d716419166ba,1.0,1.0,1.0,1.0,0.8530772848035885,1.0,1.0,0.0,0.8046704588584245,True,2021.10.06.08.16.17_veh-52_01949_02501,1,1633510371.6997008,365927.0940562075,143024.66798746728,365937.5730312888,143047.21534884186,0.0,0.998617128838486,0.7040866515011214
107,fe46394908bea81b9,1.0,1.0,1.0,1.0,1.0,1.0,1.0,1.0,1.0,True,2021.05.25.14.24.08_veh-25_03764_04034,1,1621970883.000027,664486.8661590758,3997878.1674605547,664506.3994714664,3997879.1352878003,0.0,9.512181316660204e-16,0.875
108,b18dce3363c25fc91,0.0,0.0,0.0,1.0,1.0,0.0,0.0,1.0,0.0,True,2021.08.30.14.54.34_veh-40_00439_00835,1,1630336046.5001879,331721.1373448892,4690956.488391394,331698.35949893243,4690964.5486043,0.0,0.058823529411764705,0.0
109,a2b18a44314422b37,1.0,0.0,1.0,1.0,0.7494783961222322,1.0,1.0,1.0,0.0,True,2021.09.16.19.27.01_veh-45_01749_03230,1,1631823147.000494,587578.5724339926,4475926.064446263,587585.1522594469,4475933.200330328,0.0,2.0867165988534e-311,0.0
110,bd4cbb0e07c59ee69,1.0,1.0,1.0,1.0,0.6927919387108276,1.0,0.0,1.0,0.7474256923967241,True,2021.08.30.16.16.44_veh-40_00779_01088,1,1630341133.0003679,331693.5360064082,4690864.7546861,331686.6177310205,4690869.300986755,0.0,1.7764465128124017e-111,0.6539974808471336
111,c8508736bb790cc27,0.0,1.0,1.0,1.0,0.3529809486699041,0.0,1.0,1.0,0.0,True,2021.09.16.14.39.34_veh-42_00297_00935,1,1631804077.200008,587820.0563486258,4475683.686616487,587808.2054989098,4475667.8757301485,1.0,5.631250124748012e-07,0.0
112,0ec4048ba57347962,0.0,1.0,0.0,1.0,1.0,0.0,0.0,1.0,0.0,True,2021.09.29.14.44.26_veh-28_00337_00504,1,1632927139.299571,331158.12858858885,4690604.6619678745,331179.43778743834,4690584.633343405,0.0,0.07692307692307693,0.0
113,c6f215cb7b0d88628,0.0,1.0,1.0,1.0,1.0,0.0,0.0,1.0,0.0,True,2021.09.16.15.47.30_veh-45_01199_01391,1,1631808659.800304,588078.1205042774,4475749.1085168775,588039.8483918197,4475717.638561525,1.0,0.9472343295057306,0.0
114,5cfc1b909ca5a6869,1.0,1.0,0.0,1.0,1.0,1.0,0.0,1.0,0.0,True,2021.09.16.13.53.10_veh-42_00077_00153,1,1631800577.400178,589343.8973234048,4473907.706217609,589332.0858867567,4473933.462978615,1.0,5.325722804948806e-57,0.0
115,c82d37b03fda156aa,1.0,1.0,1.0,1.0,0.8153379442510602,1.0,0.0,1.0,0.7911921229468072,True,2021.09.16.19.27.01_veh-45_01749_03230,1,1631822424.000396,587746.9895153764,4475890.740545016,587765.8779263253,4475879.336706141,0.0,5.027450531695388e-57,0.6922931075784563
116,ecd4cf358c244bf21,0.5,0.0,1.0,1.0,1.0,0.0,0.0,1.0,0.0,True,2021.09.29.19.02.14_veh-28_03198_03360,1,1632945497.799588,332622.96857590624,4690327.026865293,332589.33410832507,4690348.088697018,1.0,0.9157347232524825,0.0
117,246f9bdfe24441b91,0.0,1.0,1.0,1.0,1.0,0.0,0.0,1.0,0.0,True,2021.09.16.19.12.04_veh-42_01438_01677,1,1631821526.4999418,588315.6560874666,4475932.176212813,588270.5864390103,4475896.405341402,1.0,7.587685546568039e-53,0.0
118,0f4373d1811c9ca90,1.0,1.0,1.0,1.0,0.853297419245212,1.0,1.0,0.0,0.8047490783018614,True,2021.10.06.08.16.17_veh-52_01949_02501,1,1633510371.6997008,365926.6332755573,143024.52523844517,365939.1733404886,143047.02369479212,0.0,8.174206405871384e-13,0.7041554435141287
119,87c8ddd115e686126,1.0,1.0,1.0,1.0,0.9053726992517949,1.0,1.0,0.0,0.8233473925899267,True,2021.10.06.08.16.17_veh-52_01949_02501,1,1633510371.199955,365924.02629941126,143019.76177061434,365938.1144725891,143046.34256634917,0.0,0.05555555555555555,0.7204289685161859
120,0acf0c1a301a7180c,1.0,0.0,1.0,1.0,1.0,1.0,1.0,1.0,0.0,True,2021.10.06.08.16.17_veh-52_00181_00574,1,1633508579.7004578,365645.75242200075,144043.0049002845,365651.92366817885,144039.09929283083,0.0,0.125,0.0
121,5567f0e0a3373dbcb,1.0,1.0,1.0,1.0,0.9923287112867937,1.0,0.0,1.0,0.8544031111738549,True,2021.09.29.19.02.14_veh-28_03198_03360,1,1632945497.799588,332629.74286772823,4690326.4332409995,332592.7728162617,4690348.566461518,1.0,1.8963624895810673e-09,0.8726027222771231
122,50e8217a812643799,1.0,1.0,1.0,1.0,0.578306845290092,1.0,1.0,1.0,0.8493953018893186,True,2021.10.06.07.26.10_veh-52_01245_02064,1,1633507006.1998289,365094.63415326114,143343.6930575912,365089.5907128539,143331.21565019255,1.0,0.09090909090909091,0.8682208891531538
123,059699c7343bcc1bc,1.0,1.0,1.0,1.0,0.8552305416941227,1.0,0.0,1.0,0.8054394791764724,True,2021.09.16.19.12.04_veh-42_01438_01677,1,1631821526.4999418,588294.9685751885,4475915.618214921,588265.7106345365,4475892.743138014,1.0,0.00029979227729850936,0.8297595442794133
124,5dfa767630b9b975d,1.0,1.0,1.0,1.0,0.9685147646674541,1.0,0.0,1.0,0.8458981302383765,True,2021.09.16.13.53.10_veh-42_00077_00153,1,1631800577.400178,589345.0649808823,4473901.096965568,589330.7387956743,4473932.53625479,1.0,1.8819705257693425e-37,0.8651608639585794
125,7d7a22329b9cef777,1.0,1.0,1.0,1.0,0.7459678208966102,1.0,0.0,1.0,0.7664170788916466,True,2021.09.29.19.02.14_veh-28_03198_03360,1,1632945497.799588,332610.08758963994,4690336.608998951,332586.216233233,4690349.813104068,1.0,1.2382493713169655e-36,0.7956149440301907
126,d20b551bd918a2353,1.0,1.0,1.0,1.0,0.5248196835619161,1.0,0.0,1.0,0.6874356012721129,True,2021.09.16.13.53.10_veh-42_00077_00153,1,1631800577.400178,589335.9205762172,4473920.423019019,589330.2889171543,4473935.862217661,1.0,1.7639484409242804e-125,0.7265061511130988
127,adbf76475e83933e1,0.0,1.0,0.0,1.0,1.0,0.0,0.0,1.0,0.0,True,2021.09.29.14.44.26_veh-28_00337_00504,1,1632927139.299571,331164.967006067,4690597.324932483,331181.3539799093,4690580.75080812,0.0,0.07692307692307693,0.0
128,660b054f474f6bec1,1.0,1.0,1.0,1.0,0.7598300202072803,1.0,1.0,1.0,0.9142250072168858,True,2021.10.06.07.26.10_veh-52_02208_02394,1,1633507462.70014,365197.8447038769,143583.93948206774,365191.189536128,143570.17906087532,1.0,1.0953249651010518e-96,0.9249468813147751
129,05eb9641b2003663e,1.0,1.0,1.0,1.0,1.0,1.0,1.0,1.0,1.0,True,2021.09.29.18.19.40_veh-28_01268_01685,1,1632940994.0997548,330976.7468775441,4690945.459500242,330982.718363039,4690939.295708243,1.0,0.16666666666666666,1.0
130,542094f5bc210a1c8,1.0,1.0,0.5,1.0,1.0,1.0,0.0,1.0,0.42857142857142855,True,2021.09.16.19.27.01_veh-45_01749_03230,1,1631823147.500208,587575.5228443296,4475914.1265415,587582.4401459611,4475927.847774769,1.0,1.656360214253978e-127,0.4375
131,acd449fa83a39cef2,1.0,0.0,1.0,1.0,0.9649423709156274,1.0,1.0,1.0,0.0,True,2021.09.16.13.53.10_veh-42_00180_00342,1,1631800730.399843,589107.3717673669,4474608.405181238,589121.6552454919,4474568.676224084,1.0,0.004222413196022196,0.0
132,24ac26ca8ac0e9395,1.0,0.0,1.0,1.0,1.0,1.0,0.0,1.0,0.0,True,2021.09.16.13.53.10_veh-42_01510_01591,1,1631802023.90023,588946.0404578446,4474903.114739387,588930.278392122,4474957.0794980535,1.0,0.9997943497181102,0.0
133,b19bff260481a9a60,1.0,1.0,0.5,1.0,1.0,1.0,0.0,1.0,0.42857142857142855,True,2021.09.16.13.53.10_veh-42_00180_00342,1,1631800730.399843,589122.8261572378,4474563.437059002,589126.5036896347,4474554.570998015,1.0,0.0,0.4375
134,4511ae351df046b69,1.0,1.0,1.0,1.0,1.0,1.0,1.0,1.0,1.0,True,2021.09.29.18.19.40_veh-28_01268_01685,1,1632940994.599623,330975.92782005825,4690946.290491829,330982.6302693928,4690939.377727379,1.0,0.16666666666666666,1.0
135,ddb023146aa3ea8a6,1.0,1.0,1.0,1.0,0.011599590749293474,1.0,1.0,1.0,0.6469998538390334,True,2021.09.16.14.39.34_veh-42_00297_00935,1,1631804076.700115,587806.4704658261,4475664.13682895,587806.4644539242,4475664.133895633,1.0,4.5947832538892133e-10,0.6911248721091542
136,0da232d1485aff38f,1.0,1.0,1.0,1.0,0.46217978665915976,1.0,1.0,1.0,0.8079213523782715,True,2021.09.16.19.12.04_veh-42_01438_01677,1,1631821525.9997718,588262.6140722746,4475889.67206916,588251.7952889159,4475881.188401644,0.0,0.0,0.7069311833309875
137,9529e21b44cd57c29,1.0,1.0,1.0,1.0,0.9277195912265563,1.0,1.0,0.0,0.8313284254380557,True,2021.10.06.08.16.17_veh-52_01949_02501,1,1633510371.199955,365928.74929152033,143029.86831130265,365938.9554422352,143050.1268112733,0.0,0.05555555555555555,0.7274123722582988
138,c0ff231e77243d969,0.0,0.0,0.5,1.0,1.0,0.0,0.0,1.0,0.0,True,2021.09.16.19.27.01_veh-45_01749_03230,1,1631822423.500103,587724.8127667893,4475908.456722404,587760.7408582303,4475883.364565606,1.0,6.378954983713402e-62,0.0
139,610932681c4760e82,1.0,1.0,1.0,1.0,0.8680299546136786,1.0,0.0,1.0,0.8100106980763139,True,2021.05.25.17.54.41_veh-35_04111_04288,1,1621983958.4004478,664538.0907129449,3998975.9659017343,664532.0125153819,3998961.9119506082,1.0,1.632472130785265e-300,0.8337593608167746
140,0fd0f1481edb016f4,1.0,0.0,1.0,1.0,0.7268700756629836,1.0,0.0,1.0,0.0,True,2021.10.06.07.26.10_veh-52_01245_02064,1,1633506534.699815,365563.35298971494,143119.61175123224,365569.0121539107,143103.39830499495,1.0,2.1971538908196813e-131,0.0
141,742d03b2d943caa9e,1.0,1.0,1.0,1.0,0.4640164452263709,1.0,1.0,1.0,0.8085773018665611,True,2021.09.16.19.12.04_veh-42_01438_01677,1,1631821525.9997718,588262.700201346,4475889.804436227,588251.7952889159,4475881.188401644,0.0,0.0,0.707505139133241
142,b73265f459fb49f24,1.0,1.0,1.0,1.0,0.9176527801652958,1.0,0.0,1.0,0.82773313577332,True,2021.09.29.19.02.14_veh-28_03198_03360,1,1632945497.2998369,332621.19499096554,4690329.383846931,332587.8254198513,4690349.052719397,1.0,8.472121479805647e-07,0.849266493801655
143,aaf0cbe31c7a5aa33,1.0,1.0,0.5,1.0,1.0,1.0,0.0,1.0,0.42857142857142855,True,2021.09.16.13.53.10_veh-42_00180_00342,1,1631800730.399843,589123.2752765951,4474562.77591242,589126.5036896347,4474554.570998015,1.0,0.0,0.4375
144,626d07f3f8b80566b,1.0,1.0,1.0,1.0,0.8109078514483713,1.0,1.0,1.0,0.9324670898029898,True,2021.09.16.14.39.34_veh-42_00297_00935,1,1631803747.198798,587791.6629060507,4475857.994889292,587806.5538357226,4475848.209609595,1.0,4.610170702314433e-25,0.940908703577616
145,82164b6dd39963198,1.0,1.0,0.0,1.0,1.0,1.0,0.0,1.0,0.0,True,2021.09.16.17.40.09_veh-45_02539_02745,1,1631816816.399857,587564.6953113239,4475874.910908084,587575.1533384349,4475913.368098648,0.0,1.2005591009956174e-37,0.0
146,588f47bdc35784c16,1.0,1.0,1.0,1.0,1.0,1.0,0.0,1.0,0.8571428571428571,True,2021.05.25.17.54.41_veh-35_04111_04288,1,1621983957.900826,664538.7619127672,3998975.5793195404,664531.330783332,3998961.140809649,1.0,1.4474599472142275e-162,0.875
147,e2da039b5ef4ab27c,0.0,0.0,1.0,1.0,1.0,0.0,0.0,1.0,0.0,True,2021.09.16.19.27.01_veh-45_01749_03230,1,1631822423.500103,587726.9025709372,4475905.974927827,587762.0584507858,4475881.957095397,1.0,1.2158869503978519e-25,0.0
148,1dbcea959d196209c,1.0,1.0,1.0,1.0,1.0,1.0,0.0,1.0,0.8571428571428571,True,2021.09.16.19.27.01_veh-45_01749_03230,1,1631822805.499882,587688.2606303501,4475528.0233724,587680.6742965803,4475518.217373614,1.0,0.0,0.875
149,00d194f38b3f05c1e,1.0,1.0,0.5,1.0,1.0,1.0,0.0,1.0,0.42857142857142855,True,2021.09.29.14.44.26_veh-28_00337_00504,1,1632927139.299571,331170.5807162952,4690592.037569811,331184.69063833845,4690578.227987218,1.0,0.07692307692307693,0.4375
150,8f84117d4bb5c6f9b,1.0,1.0,1.0,1.0,0.9197853996038005,1.0,1.0,1.0,0.9713519284299288,True,2021.09.29.19.02.14_veh-28_03198_03360,1,1632945497.799588,332626.46104352706,4690327.351583913,332592.6357584751,4690347.573960396,1.0,1.2555847811367296e-11,0.9749329373761877
151,b7b75d4d1f9b05cac,1.0,1.0,1.0,1.0,0.7257561346482851,1.0,0.0,1.0,0.7591986195172448,True,2021.10.06.07.26.10_veh-52_01245_02064,1,1633507005.70008,365097.41418975167,143347.97602720477,365089.966989433,143330.70120292855,1.0,0.09090909090909091,0.7892987920775891
152,20f4af07bc30fb4fd,1.0,1.0,1.0,1.0,0.7827318070204556,1.0,1.0,1.0,0.9224042167930199,True,2021.08.30.16.16.44_veh-40_00779_01088,1,1630341133.0003679,331694.1216363138,4690854.780356824,331689.77996372996,4690867.090613778,1.0,1.2160532371520479e-26,0.9321036896938923
153,80f0bde16c34c246a,1.0,1.0,0.0,1.0,1.0,1.0,0.0,1.0,0.0,True,2021.08.30.14.54.34_veh-40_00439_00835,1,1630336046.000267,331716.2219150114,4690954.616784307,331694.96338287566,4690962.699953737,0.0,0.0005312664817896412,0.0
154,daff4b299dac7a03f,0.5,0.0,1.0,1.0,1.0,0.0,1.0,1.0,0.0,True,2021.06.28.15.02.02_veh-38_02398_02848,1,1624895257.9995039,664420.3951400062,3997338.1114252345,664426.198684265,3997347.2386211744,0.0,0.08333333333333333,0.0
155,eacc02fe002535ebb,1.0,1.0,0.0,1.0,1.0,1.0,0.0,1.0,0.0,True,2021.09.16.19.27.01_veh-45_01749_03230,1,1631823147.000494,587569.2948452481,4475891.50197809,587579.5804640524,4475922.399091299,1.0,2.751157294521844e-20,0.0
156,b3af98bca187d3a52,0.0,0.0,0.0,1.0,1.0,0.0,1.0,0.0,0.0,True,2021.08.30.14.54.34_veh-40_00439_00835,1,1630336046.000267,331729.79054866673,4690949.236913627,331700.2366709524,4690963.378173501,0.0,2.5821528098012708e-48,0.0
157,7d44659c706a23779,0.0,1.0,1.0,1.0,1.0,0.0,1.0,1.0,0.0,True,2021.05.25.17.54.41_veh-35_04111_04288,1,1621983957.900826,664546.6543786292,3999004.936517787,664535.0119268401,3998972.260810516,1.0,6.206705991693214e-23,0.0
158,69968d73c74d053d8,1.0,1.0,0.5,1.0,1.0,1.0,0.0,1.0,0.42857142857142855,True,2021.09.16.14.39.34_veh-42_00032_00186,1,1631803314.199601,589250.4849694106,4474184.661513922,589239.2868265328,4474232.167908558,0.0,1.384058725428011e-22,0.375
159,9a5ec15b58d715b9c,1.0,1.0,1.0,1.0,1.0,1.0,1.0,1.0,1.0,True,2021.08.16.14.23.37_veh-45_00015_00132,1,1629124000.0005128,589082.8814480536,4474644.496286138,589094.7711977819,4474648.31918516,0.0,0.1111111111111111,0.875
160,590744a9d3d5652dd,0.0,1.0,1.0,1.0,1.0,0.0,1.0,1.0,0.0,True,2021.05.25.17.54.41_veh-35_04111_04288,1,1621983958.4004478,664542.7993916981,3998991.9625103693,664534.2702600098,3998969.876193571,1.0,1.2265712518294624e-23,0.0
161,3637ec99fe87c7406,1.0,1.0,1.0,1.0,0.785940539441109,1.0,0.0,1.0,0.7806930498003961,True,2021.10.06.08.16.17_veh-52_01430_01579,1,1633509799.699626,365574.5599585454,143702.85019973307,365550.9382806549,143718.33658291676,0.0,2.81205596181622e-63,0.6831064185753466
162,a368b8806368419d0,1.0,0.0,1.0,1.0,1.0,1.0,0.0,1.0,0.0,True,2021.09.16.13.53.10_veh-42_01510_01591,1,1631802023.90023,588945.0724198661,4474907.124796644,588930.4312048068,4474956.251907656,1.0,1.4848592147143482e-05,0.0
163,afaf4dd4fa375bb85,0.0,0.0,0.5,0.0,1.0,0.0,0.0,1.0,0.0,True,2021.09.29.14.44.26_veh-28_00337_00504,1,1632927139.299571,331184.24769067386,4690585.726988273,331190.4271124473,4690575.912806839,1.0,0.07692307692307693,0.0
164,fff510b0ac67a1e0a,1.0,1.0,1.0,1.0,0.9735943298224734,1.0,0.0,1.0,0.8477122606508833,True,2021.09.29.14.44.26_veh-28_00337_00504,1,1632927138.7995958,331174.07834404544,4690588.904979153,331187.696706837,4690576.37864282,1.0,6.379277729062446e-14,0.8667482280695229
165,a34d3365f758f1c85,1.0,1.0,1.0,1.0,0.46099206834960643,1.0,0.0,1.0,0.6646400244105737,True,2021.09.16.19.27.01_veh-45_01749_03230,1,1631822424.000396,587762.8052621102,4475881.283401808,587769.1201211513,4475876.312321335,0.0,2.8421573029443605e-196,0.581560021359252
166,903d42d3fe50f5b3b,1.0,1.0,1.0,1.0,0.6807120091917299,1.0,1.0,1.0,0.8859685747113321,True,2021.10.06.08.16.17_veh-52_01430_01579,1,1633509800.199977,365580.91555642633,143701.582943713,365556.84107057576,143714.84097505198,1.0,0.0005996715900122765,0.9002225028724156
167,b7e991a05053bf3b9,1.0,1.0,0.0,1.0,1.0,1.0,0.0,1.0,0.0,True,2021.09.16.14.39.34_veh-42_00032_00186,1,1631803314.699573,589253.6598554915,4474183.428440634,589241.4117649528,4474228.005634064,0.0,7.67016688308753e-51,0.0
168,1087cd8acf5661e9c,1.0,1.0,1.0,1.0,0.7447887792225896,1.0,0.0,1.0,0.7659959925794962,True,2021.08.30.13.45.25_veh-40_00610_00771,1,1630331911.500592,332526.3041190754,4690404.670800124,332549.9164928343,4690388.689912057,1.0,0.05263157894736842,0.7952464935070592
169,65b5a6fd57eb4ffb9,1.0,1.0,1.0,1.0,1.0,1.0,0.0,1.0,0.8571428571428571,True,2021.06.28.20.24.43_veh-38_03385_04952,1,1624915586.5998569,664221.5397451257,3997360.636646413,664203.7490977552,3997357.889825529,1.0,0.05555555555555555,0.875
170,b71bf73462ddcaa0c,1.0,1.0,1.0,1.0,0.6476842967473891,1.0,0.0,1.0,0.7313158202669248,True,2021.10.06.07.26.10_veh-52_02208_02394,1,1633507462.199924,365190.1836118863,143572.2952138009,365187.2001289896,143564.99818835067,1.0,0.0,0.7649013427335591
171,7098c40dee5929017,0.0,1.0,1.0,1.0,1.0,0.0,1.0,1.0,0.0,True,2021.09.16.15.47.30_veh-45_01199_01391,1,1631808659.300555,588066.2575566511,4475737.93349098,588034.6447612136,4475712.167982535,0.0,5.591649535747972e-10,0.0
172,2e5b938cd95f7cf83,1.0,0.0,0.5,1.0,1.0,1.0,0.0,1.0,0.0,True,2021.10.06.08.16.17_veh-52_00181_00574,1,1633508579.7004578,365642.7857953118,144038.58368428922,365654.5169002145,144038.55953389505,0.0,0.125,0.0
173,a7ac5526d9ab827a7,1.0,1.0,1.0,1.0,0.012509973046298077,1.0,1.0,1.0,0.6473249903736779,True,2021.06.28.20.24.43_veh-38_03385_04952,1,1624915586.5998569,664195.7192080609,3997359.7008091267,664195.7134543499,3997359.700521736,1.0,0.05555555555555555,0.6914093665769682
174,1572e57c1e71e8774,1.0,1.0,1.0,1.0,0.9729817520247973,1.0,1.0,1.0,0.9903506257231419,True,2021.09.29.18.19.40_veh-28_00438_00833,1,1632940187.0998518,331002.8966203955,4691173.752922979,330993.3661790097,4691167.118546877,0.0,1.0344315222264363e-26,0.8665567975077492
175,eedb6f9d589e745c8,0.0,0.0,1.0,1.0,1.0,0.0,1.0,1.0,0.0,True,2021.09.16.15.47.30_veh-45_01199_01391,1,1631808659.800304,588063.9285125788,4475735.577531548,588034.5153635206,4475711.120099254,1.0,4.503660874379257e-143,0.0
176,0935bea2b70d9fd2a,1.0,1.0,1.0,1.0,1.0,1.0,0.0,1.0,0.8571428571428571,True,2021.09.16.19.12.04_veh-42_01438_01677,1,1631821525.9997718,588301.3872967302,4475920.457864803,588262.0557124374,4475889.474657397,1.0,0.4877629297161868,0.875
177,4afd4718ce4caab2c,1.0,0.0,1.0,1.0,1.0,1.0,1.0,1.0,0.0,True,2021.10.06.07.26.10_veh-52_01245_02064,1,1633507006.1998289,365093.2545824369,143334.0117480901,365084.62059361575,143324.55547554596,0.0,0.09090909090909091,0.0
178,1307b26ce3d38f704,1.0,0.0,1.0,1.0,1.0,1.0,0.0,1.0,0.0,True,2021.09.16.13.53.10_veh-42_01510_01591,1,1631802024.400091,588938.3826904949,4474937.241750715,588929.4334063788,4474964.905046694,0.0,0.0,0.0
179,2715084d8bf201e97,1.0,0.0,1.0,1.0,1.0,1.0,1.0,1.0,0.0,True,2021.09.16.14.39.34_veh-42_00297_00935,1,1631804077.200008,587821.5707596183,4475662.313473686,587803.6704828411,4475662.226002004,0.0,1.7272916439425042e-81,0.0
180,0c384c629c8faf4a0,1.0,1.0,1.0,1.0,0.5869423620542614,1.0,1.0,1.0,0.852479415019379,True,2021.10.06.07.26.10_veh-52_00006_00398,1,1633505612.7002208,365573.71112682443,143278.47684338875,365573.6923915094,143273.3251387968,0.0,0.0,0.7459194881419566
181,3921f85c4ba81b39b,1.0,1.0,1.0,1.0,0.6646207635937313,1.0,1.0,1.0,0.8802217012834755,True,2021.09.29.19.02.14_veh-28_00540_00917,1,1632942865.2996528,331270.02510246955,4690978.18038197,331266.5119300008,4690972.182413757,0.0,1.7515145427616183e-245,0.7701939886230411
182,15342621fd40bb637,1.0,1.0,0.5,1.0,0.6204108778529197,1.0,0.0,1.0,0.36078765675944996,True,2021.09.16.14.39.34_veh-42_00032_00186,1,1631803314.699573,589237.298076117,4474235.601560474,589234.9823616327,4474244.013894329,0.0,0.0,0.3156891996645187
183,e85a39742e3e7ef00,1.0,1.0,0.0,1.0,1.0,1.0,0.0,1.0,0.0,True,2021.09.16.13.53.10_veh-42_01510_01591,1,1631802023.90023,588942.5785799522,4474927.641273617,588930.4018037249,4474962.87600987,1.0,2.1723149065050876e-49,0.0
184,219cbcce551252eb2,0.0,0.0,1.0,1.0,0.5834597560279801,0.0,0.0,1.0,0.0,True,2021.10.06.07.26.10_veh-52_01245_02064,1,1633506534.699815,365567.3021961513,143112.77101103746,365570.47732823604,143099.5801771196,1.0,5.1019323579380325e-308,0.0
185,9ef93765e3465f27d,1.0,1.0,0.0,1.0,0.9900825188067465,1.0,0.0,1.0,0.0,True,2021.09.16.17.40.09_veh-45_02539_02745,1,1631816816.899785,587564.7023933977,4475873.793213304,587574.3637294917,4475911.9488207465,1.0,0.125,0.0
186,b378fbb6e27946979,1.0,1.0,0.0,1.0,1.0,1.0,0.0,1.0,0.0,True,2021.09.16.17.40.09_veh-45_02539_02745,1,1631816816.899785,587568.0025722529,4475886.287864286,587577.872034829,4475918.114388444,1.0,0.125,0.0
187,fc8281af0699f4976,1.0,1.0,1.0,1.0,0.5624027108958535,1.0,0.0,1.0,0.7008581110342335,True,2021.10.06.08.16.17_veh-52_01430_01579,1,1633509800.199977,365552.56659659755,143717.40053475465,365544.5169114211,143723.43131020357,0.0,0.0,0.6132508471549543
188,c41d6466acee52a7f,1.0,1.0,1.0,1.0,0.732560051240178,1.0,0.0,1.0,0.7616285897286349,True,2021.09.16.14.39.34_veh-42_00297_00935,1,1631803746.6991608,587803.9584183126,4475849.850959611,587810.9304929294,4475846.204204276,1.0,3.4223500329945715e-154,0.7914250160125555
189,4a263f9bce5d33176,0.0,0.0,1.0,1.0,1.0,0.0,0.0,1.0,0.0,True,2021.09.16.15.12.03_veh-42_01037_01434,1,1631806381.5001678,587560.9033917823,4475581.385861382,587552.3983741021,4475584.293554411,1.0,0.2,0.0
190,6280da1271d9fac21,0.0,1.0,1.0,1.0,1.0,0.0,1.0,1.0,0.0,True,2021.09.29.14.44.26_veh-28_00337_00504,1,1632927139.299571,331159.515161107,4690605.720436564,331178.56708662317,4690585.269449258,1.0,0.07692307692307693,0.0
191,dccd172b97cc9b305,1.0,1.0,1.0,1.0,0.3763453254562881,1.0,1.0,1.0,0.7772661876629601,True,2021.09.16.14.39.34_veh-42_00032_00186,1,1631803314.199601,589235.2695345139,4474239.723002269,589233.1623275275,4474245.9398283865,0.0,0.0,0.6801079142050901
192,6ad6905cedee6197b,1.0,1.0,1.0,1.0,0.09712354288752595,1.0,0.0,1.0,0.5346869796026879,True,2021.08.30.14.54.34_veh-40_00439_00835,1,1630336046.000267,331685.90464568057,4690959.2493440155,331685.25613352156,4690958.47703828,0.0,6.779952153994164e-293,0.46785110715235184
193,c28452cccc45f49a1,1.0,1.0,1.0,1.0,1.0,1.0,1.0,1.0,1.0,True,2021.05.25.14.24.08_veh-25_03764_04034,1,1621970882.500146,664488.1598881766,3997879.232610426,664509.0011014494,3997879.4857659647,0.0,4.920043335197642e-31,0.875
194,102f1115bc733e323,1.0,1.0,1.0,1.0,0.40505405556644275,1.0,0.0,1.0,0.6446621627023009,True,2021.09.16.19.27.01_veh-45_01749_03230,1,1631822804.9998279,587685.9045136932,4475524.389458818,587682.5541455495,4475519.934924558,1.0,1.2721939245892357e-263,0.6890793923645133
195,39cc92992ccc3244a,1.0,1.0,1.0,1.0,1.0,1.0,0.0,1.0,0.8571428571428571,True,2021.09.16.19.12.04_veh-42_01438_01677,1,1631821525.9997718,588304.129838173,4475922.17289188,588262.6035647867,4475890.733364272,1.0,2.855436565429142e-09,0.875
196,679e3c52a1d70d447,1.0,1.0,0.5,1.0,0.9570933279664091,1.0,0.0,0.0,0.349480951422573,True,2021.10.06.08.16.17_veh-52_01949_02501,1,1633510371.199955,365925.55022243666,143025.35562730892,365938.11868659157,143049.33168318312,0.0,0.05555555555555555,0.3057958324947514
197,2f1ef51a33585046a,1.0,1.0,1.0,1.0,1.0,1.0,0.0,1.0,0.8571428571428571,True,2021.08.30.13.45.25_veh-40_00610_00771,1,1630331912.000762,332528.05890736607,4690404.37815252,332547.8988342366,4690389.652383604,1.0,0.05263157894736842,0.875
198,194e5931bc902ac73,1.0,1.0,1.0,1.0,0.7264784737977359,1.0,0.0,1.0,0.7594565977849056,True,2021.09.16.14.39.34_veh-42_00297_00935,1,1631803747.198798,587803.9457702028,4475849.647048085,587810.930571367,4475846.204207189,1.0,3.1103093926058407e-150,0.7895245230617924
199,15f652f1382299b99,1.0,1.0,0.5,1.0,1.0,1.0,0.0,1.0,0.42857142857142855,True,2021.08.16.14.23.37_veh-45_00015_00132,1,1629124000.0005128,589066.3860811284,4474646.011125729,589084.8038782143,4474645.535761555,0.0,0.1111111111111111,0.375
200,0d20e006578be6327,1.0,1.0,0.5,1.0,1.0,1.0,0.0,1.0,0.42857142857142855,True,2021.09.29.14.44.26_veh-28_00337_00504,1,1632927138.7995958,331173.98056636704,4690586.489963952,331186.4796264893,4690576.069683859,1.0,4.3541767288816996e-10,0.4375
201,0837e02dbb891dbc9,1.0,1.0,1.0,1.0,0.8379787155785305,1.0,1.0,1.0,0.9421352555637609,True,2021.10.06.07.26.10_veh-52_00006_00398,1,1633505612.1998968,365555.9495544709,143324.6511222387,365569.8873151334,143286.24166912457,1.0,1.1857430970522597e-10,0.9493683486182908
202,b12d970eb84c1530f,0.0,1.0,1.0,1.0,1.0,0.0,0.0,1.0,0.0,True,2021.05.25.17.54.41_veh-35_04111_04288,1,1621983957.900826,664547.8763288835,3998999.0585806095,664535.0474425247,3998970.0737356045,1.0,9.051021091118164e-08,0.0
203,1aee3d353bc51c730,0.0,1.0,1.0,1.0,0.5243273095987964,0.0,0.0,1.0,0.0,True,2021.09.29.19.02.14_veh-28_03198_03360,1,1632945497.799588,332591.0464343534,4690350.296456753,332581.0731764045,4690354.579084598,1.0,1.071109901109478e-255,0.0
204,a99d30f928a653d12,1.0,1.0,1.0,1.0,0.9620047144127839,1.0,1.0,1.0,0.9864302551474228,True,2021.09.16.13.53.10_veh-42_00180_00342,1,1631800730.399843,589106.6046234742,4474610.0588203,589121.0277157645,4474570.16637927,1.0,0.00012886082200140342,0.9881264732539949
205,19b9962d1050c08e3,0.0,1.0,1.0,1.0,1.0,0.0,1.0,1.0,0.0,True,2021.05.25.17.54.41_veh-35_04111_04288,1,1621983957.900826,664542.5334028432,3998990.6198499594,664533.6715941475,3998967.615868134,1.0,5.209643590495235e-09,0.0
206,dd0ab6f5e9d352fb2,1.0,1.0,0.0,1.0,1.0,1.0,0.0,1.0,0.0,True,2021.09.16.14.39.34_veh-42_00032_00186,1,1631803314.199601,589243.5243773157,4474221.713797227,589235.2556152054,4474243.364531347,0.0,9.633255918373731e-191,0.0
207,a4564a26800be40aa,0.0,1.0,0.5,1.0,1.0,0.0,0.0,1.0,0.0,True,2021.09.16.15.12.03_veh-42_01037_01434,1,1631806381.999963,587577.2674380903,4475579.505988783,587560.0079731363,4475584.4429035345,1.0,1.313649228076395e-32,0.0
208,4232b6ce6d0b377b8,1.0,0.0,1.0,1.0,0.9744756957407882,1.0,1.0,1.0,0.0,True,2021.06.28.15.02.02_veh-38_02398_02848,1,1624895257.499822,664418.9340439943,3997337.360745261,664424.4650435939,3997348.369605893,0.0,4.3808940729988845e-59,0.0
209,1a04dd2fcf47b0404,1.0,1.0,1.0,1.0,0.5999655756184114,1.0,1.0,1.0,0.8571305627208611,True,2021.10.06.07.26.10_veh-52_00006_00398,1,1633505612.1998968,365571.52723812877,143287.5567928369,365573.3016473369,143273.4274570807,0.0,1.5922019708973483e-263,0.7499892423807535
210,5856d9f4b213e9865,1.0,1.0,1.0,1.0,1.0,1.0,0.0,1.0,0.8571428571428571,True,2021.06.28.20.24.43_veh-38_03385_04952,1,1624915586.5998569,664223.0932259965,3997361.282754051,664206.2671791434,3997359.7240643697,0.0,0.05555555555555555,0.75
211,6583dc042ee97ab5a,1.0,1.0,1.0,1.0,1.0,1.0,1.0,1.0,1.0,True,2021.10.06.08.16.17_veh-52_00181_00574,1,1633508579.200625,365644.63453655364,144049.85456708085,365650.6098221734,144040.08317923185,0.0,0.125,0.875
212,899e078cab5924628,1.0,0.0,0.0,1.0,1.0,1.0,0.0,1.0,0.0,True,2021.09.16.14.39.34_veh-42_00032_00186,1,1631803314.199601,589245.9928070328,4474228.071330057,589236.532910575,4474242.468397875,0.0,2.8574914667151234e-154,0.0
213,8975720088d1d70ea,1.0,1.0,0.0,1.0,0.7857827164898606,1.0,0.0,1.0,0.0,True,2021.09.16.19.27.01_veh-45_01749_03230,1,1631823147.000494,587572.0430723062,4475900.644765304,587580.0719580541,4475925.046513189,0.0,3.292953583033776e-18,0.0
214,71ff6e1295d5d408e,1.0,1.0,0.0,1.0,1.0,0.0,0.0,1.0,0.0,True,2021.08.30.14.54.34_veh-40_00439_00835,1,1630336046.5001879,331718.81256920524,4690955.678571797,331697.4216626511,4690963.358995844,0.0,0.058823529411764705,0.0
215,ac3a27db9ffc981a6,1.0,0.0,1.0,1.0,0.8518987452955081,1.0,1.0,1.0,0.0,True,2021.10.06.07.26.10_veh-52_00006_00398,1,1633505612.7002208,365551.9191787402,143329.1635145619,365568.81957215903,143291.07550890194,1.0,1.65050144099768e-13,0.0
216,edb62f47f8009856e,1.0,1.0,1.0,1.0,0.758021161913611,1.0,1.0,1.0,0.9135789863977182,True,2021.08.30.13.45.25_veh-40_00610_00771,1,1630331911.500592,332527.9181929041,4690405.172799959,332549.7469718484,4690389.912895482,1.0,0.05263157894736842,0.9243816130980034
217,b81b74ab58ca68574,1.0,0.0,0.0,1.0,0.9662037402427672,1.0,1.0,0.0,0.0,True,2021.10.06.08.16.17_veh-52_01430_01579,1,1633509800.199977,365617.57399016665,143680.7891254446,365566.6771353405,143708.92530704316,0.0,2.0041706258745024e-219,0.0
218,9a7779cf31f38e961,1.0,1.0,0.5,1.0,0.6738832058382317,1.0,1.0,1.0,0.4417648581853985,True,2021.09.16.14.39.34_veh-42_00297_00935,1,1631804076.700115,587826.5946260882,4475662.688906288,587811.1556713748,4475668.97682282,0.0,1.5385599018064255e-48,0.3865442509122237
219,78de0559e7e44a61a,1.0,0.0,1.0,1.0,1.0,1.0,0.0,1.0,0.0,True,2021.09.16.14.39.34_veh-42_00032_00186,1,1631803314.199601,589245.368655518,4474200.780953159,589235.9836235925,4474236.020437137,1.0,0.0002054305254201985,0.0
220,b32be2ef15c6d9947,1.0,1.0,1.0,1.0,1.0,1.0,1.0,1.0,1.0,True,2021.05.25.14.24.08_veh-25_03764_04034,1,1621970883.000027,664483.6239439446,3997878.024862638,664506.7224358764,3997878.3323630886,1.0,4.115118248709186e-07,1.0
221,2611c3a201b36f3af,1.0,1.0,1.0,1.0,0.8352654099857489,1.0,1.0,1.0,0.9411662178520531,True,2021.09.16.19.12.04_veh-42_01438_01677,1,1631821525.9997718,588284.5920651199,4475906.930737653,588256.8816671737,4475885.131019992,1.0,4.9603511286750924e-88,0.9485204406205465
222,476448c3e62fe40b1,0.0,0.0,1.0,1.0,1.0,0.0,1.0,0.0,0.0,True,2021.06.28.15.02.02_veh-38_02398_02848,1,1624895257.9995039,664399.3206136726,3997341.56742219,664422.3045676514,3997341.988553137,0.0,0.08333333333333333,0.0
223,9aae6ea45a3c7efaf,1.0,1.0,1.0,1.0,0.7407674190990948,1.0,1.0,1.0,0.9074169353925339,True,2021.09.16.14.39.34_veh-42_00032_00186,1,1631803314.199601,589244.8719679307,4474207.384718398,589236.9148339508,4474235.392837311,1.0,0.9997942004743668,0.9189898184684672
224,527b9dd077cc88c6e,1.0,0.0,0.5,1.0,1.0,1.0,0.0,1.0,0.0,True,2021.09.16.14.39.34_veh-42_00032_00186,1,1631803314.699573,589243.4038639612,4474224.768488651,589236.2193941616,4474241.067028125,0.0,2.812441401951951e-246,0.0
225,3fb88c089daff90ac,1.0,1.0,1.0,1.0,0.7214633582543668,1.0,1.0,1.0,0.9005226279479882,True,2021.09.16.19.12.04_veh-42_01438_01677,1,1631821526.4999418,588275.718748118,4475900.0086037135,588255.9164310202,4475884.519793869,1.0,0.0,0.9129572994544897
226,32e366dcde5a1ff12,1.0,1.0,1.0,1.0,0.9371415332364924,1.0,0.0,1.0,0.8346934047273188,True,2021.09.29.19.02.14_veh-28_03198_03360,1,1632945497.2998369,332623.01134551043,4690329.332865268,332588.4501261516,4690350.084594146,1.0,0.9867163341606745,0.8553567291364039
227,65cf82257d919ac3a,1.0,0.0,1.0,1.0,1.0,1.0,1.0,1.0,0.0,True,2021.09.16.19.27.01_veh-45_01749_03230,1,1631823147.500208,587577.1056948487,4475924.920244986,587585.816242686,4475933.168949313,0.0,0.0,0.0
228,ab4161a99b49b3ba2,1.0,1.0,1.0,1.0,0.8465954334625512,1.0,1.0,0.0,0.8023555119509111,True,2021.10.06.08.16.17_veh-52_01949_02501,1,1633510371.199955,365932.8641336995,143034.68202189766,365940.8425700245,143052.46115379766,0.0,0.05555555555555555,0.7020610729570472
229,aa598127cd934aa23,1.0,1.0,1.0,1.0,0.37374445792820893,1.0,1.0,1.0,0.7763373064029319,True,2021.09.16.14.39.34_veh-42_00032_00186,1,1631803314.199601,589234.0762885681,4474242.49547365,589232.4402377208,4474248.800584937,1.0,0.0,0.8042951431025653
230,17ff329e83009189d,1.0,0.0,0.5,1.0,0.36783965015689396,1.0,0.0,1.0,0.0,True,2021.09.16.14.39.34_veh-42_00032_00186,1,1631803314.199601,589239.3310346227,4474238.127727948,589234.5989313116,4474245.299290335,0.0,7.549766939126082e-282,0.0
231,a87447007dd75f539,1.0,1.0,1.0,1.0,0.7990566507788116,1.0,1.0,1.0,0.9282345181352899,True,2021.06.28.15.02.02_veh-38_02398_02848,1,1624895257.9995039,664421.3617821699,3997340.0185123896,664424.3138981288,3997347.3617848805,0.0,0.08333333333333333,0.8122052033683786
232,c107f7eeb5856c0bf,1.0,0.0,0.0,1.0,0.9688525807872466,1.0,1.0,1.0,0.0,True,2021.09.16.13.53.10_veh-42_00077_00153,1,1631800577.400178,589358.9576136824,4473881.325621167,589335.7093749673,4473921.916015394,1.0,1.630920802794457e-123,0.0
233,e0a8201279694e092,0.0,1.0,1.0,1.0,1.0,0.0,1.0,1.0,0.0,True,2021.05.25.17.54.41_veh-35_04111_04288,1,1621983957.900826,664551.4631755315,3999006.3973365286,664537.3559614238,3998977.040323019,0.0,4.137052934473584e-158,0.0
234,937a8f24b8d3c456f,0.0,1.0,1.0,1.0,1.0,0.0,0.0,1.0,0.0,True,2021.10.06.07.26.10_veh-52_02208_02394,1,1633507462.70014,365206.7426039001,143610.83592095374,365194.96887130453,143580.47449247207,1.0,5.568935747567229e-35,0.0
235,23a9805ef118f909c,1.0,1.0,0.0,1.0,0.8296924135987839,1.0,0.0,1.0,0.0,True,2021.09.16.19.12.04_veh-42_01438_01677,1,1631821525.9997718,588280.4365868284,4475905.570007408,588254.5976909244,4475884.572156687,0.0,2.0360955428024664e-161,0.0
236,0dbe87a99ac3cd3e1,1.0,0.0,1.0,1.0,1.0,1.0,0.0,1.0,0.0,True,2021.10.06.07.26.10_veh-52_01245_02064,1,1633507006.1998289,365099.0510051648,143355.48393126746,365089.4765500623,143332.44586798683,0.0,0.09090909090909091,0.0
237,14f7e3a226b0e16d8,1.0,1.0,1.0,1.0,1.0,1.0,1.0,1.0,1.0,True,2021.09.16.13.53.10_veh-42_00180_00342,1,1631800730.399843,589099.6979298743,4474623.458625698,589119.5048065701,4474575.101940623,1.0,5.308304715021769e-83,1.0
238,22264d7c1336430c1,1.0,1.0,1.0,1.0,1.0,1.0,1.0,1.0,1.0,True,2021.06.03.13.55.17_veh-35_02866_03582,1,1622746501.10069,664689.74406518,3999286.602842638,664686.6634025074,3999278.3017781805,0.0,0.16666666666666666,0.875
239,9b8863dbb1afcaba3,1.0,1.0,1.0,1.0,1.0,1.0,0.0,1.0,0.8571428571428571,True,2021.09.29.19.02.14_veh-28_00540_00917,1,1632942865.2996528,331267.7424532991,4690976.308377844,331267.69273492653,4690976.146562742,0.0,2.5335142891331462e-98,0.75
240,98908f760ae1f8648,0.0,1.0,1.0,1.0,1.0,0.0,0.0,1.0,0.0,True,2021.05.25.17.54.41_veh-35_04111_04288,1,1621983958.4004478,664542.5736365182,3998992.255876299,664533.9736637677,3998971.820974697,1.0,0.00032669608089451376,0.0
241,56e93c94aeafcbe6b,1.0,1.0,1.0,1.0,1.0,1.0,0.0,1.0,0.8571428571428571,True,2021.09.16.14.39.34_veh-42_00032_00186,1,1631803314.199601,589251.222168494,4474183.111769348,589239.4604568266,4474230.59762281,1.0,3.326705083051441e-42,0.875
242,6c0f20461b27e36fb,1.0,1.0,1.0,1.0,0.9445206752617807,1.0,0.0,1.0,0.8373288125934931,True,2021.08.30.14.54.34_veh-40_00439_00835,1,1630336046.5001879,331716.66249316017,4690952.613281221,331692.3841640957,4690962.72387266,0.0,0.058823529411764705,0.7326627110193065
243,b06305fffe2e19174,1.0,1.0,0.0,1.0,0.8621158838562634,1.0,0.0,1.0,0.0,True,2021.09.29.14.44.26_veh-28_00528_00992,1,1632927674.29965,331603.5465656296,4690927.751909143,331628.10860054294,4690914.523989405,1.0,0.00015034721382281978,0.0
244,1cba72845abd54b1e,0.0,1.0,1.0,1.0,1.0,0.0,0.0,1.0,0.0,True,2021.05.25.17.54.41_veh-35_04111_04288,1,1621983958.4004478,664533.4776825589,3998975.936724077,664529.2290925725,3998959.177717597,0.0,0.0,0.0
245,b8a844b02dc16c393,1.0,1.0,1.0,1.0,0.586916753967069,1.0,1.0,1.0,0.8524702692739533,True,2021.09.29.19.02.14_veh-28_00540_00917,1,1632942864.799754,331273.5982219043,4690982.700551239,331269.2558329307,4690975.668239281,0.0,3.6113573816986305e-60,0.7459114856147091
246,5a89225b2405d13d7,1.0,1.0,1.0,1.0,0.5828467361160908,1.0,0.0,1.0,0.7081595486128895,True,2021.09.16.13.53.10_veh-42_00180_00342,1,1631800730.8999748,589120.8675193827,4474572.381620388,589125.0348102532,4474560.430861534,1.0,0.0,0.7446396050362784
247,38cc35d94ab3f203c,1.0,1.0,1.0,1.0,0.5043361850458815,1.0,0.0,1.0,0.6801200660878148,True,2021.10.06.08.16.17_veh-52_01430_01579,1,1633509799.699626,365552.57112319715,143716.6409800709,365544.9994261073,143722.38727579106,1.0,0.0,0.720105057826838
248,bed081d2dd114adb6,1.0,1.0,0.0,1.0,1.0,1.0,0.0,1.0,0.0,True,2021.09.16.19.12.04_veh-42_01438_01677,1,1631821526.4999418,588308.5938223614,4475929.253666126,588267.5971487875,4475895.099113469,1.0,1.3965899902724684e-11,0.0
249,6f8794f5f301202d0,1.0,1.0,1.0,1.0,1.0,1.0,1.0,1.0,1.0,True,2021.09.16.15.47.30_veh-45_01199_01391,1,1631808659.300555,588050.2690457413,4475725.134655901,588030.5259322843,4475709.079259196,1.0,2.0847527203303496e-109,1.0
250,e1d015abbef9b482d,1.0,1.0,1.0,1.0,0.751710898675339,1.0,0.0,1.0,0.7684681780983355,True,2021.09.16.19.27.01_veh-45_01749_03230,1,1631822804.9998279,587700.3587299567,4475541.313039267,587686.4551560392,4475524.556254143,1.0,5.415500176039535e-55,0.7974096558360435
251,e9f1d3b368a8f7603,1.0,1.0,1.0,1.0,0.8755671621294865,1.0,0.0,1.0,0.8127025579033881,True,2021.09.16.15.47.30_veh-45_01199_01391,1,1631808659.800304,588036.4118709178,4475714.701351868,588025.3433681815,4475705.076117919,0.0,0.0,0.7111147381654646
252,c4630acafb54056da,1.0,1.0,0.0,1.0,0.7199887891020911,1.0,0.0,1.0,0.0,True,2021.10.06.08.16.17_veh-52_01430_01579,1,1633509800.199977,365584.49829886755,143697.91868791217,365558.04694865696,143713.1708992211,1.0,0.0016475139338647552,0.0
253,c38b7f486c2411a81,0.0,1.0,1.0,1.0,1.0,0.0,0.0,1.0,0.0,True,2021.10.06.07.26.10_veh-52_02208_02394,1,1633507462.70014,365209.8881102038,143616.19805122862,365195.6902244615,143581.406832867,1.0,3.271458751408104e-60,0.0
254,303ba3f05a636f6e9,1.0,1.0,1.0,1.0,0.6766072427912755,1.0,1.0,1.0,0.8845025867111698,True,2021.09.16.19.12.04_veh-42_01438_01677,1,1631821525.9997718,588260.882496852,4475887.904695791,588248.4607209777,4475878.099063804,0.0,0.0,0.7739397633722735
255,6e06dc9cb502fab19,0.0,1.0,1.0,1.0,1.0,0.0,1.0,1.0,0.0,True,2021.09.29.18.19.40_veh-28_01268_01685,1,1632940994.0997548,330970.2549732025,4690952.255339135,330979.7920782811,4690942.028265675,0.0,0.16666666666666666,0.0
256,82aeafe6afee99d4b,0.0,1.0,1.0,1.0,0.36569994788663973,0.0,1.0,1.0,0.0,True,2021.09.16.14.39.34_veh-42_00297_00935,1,1631804077.200008,587820.6910708281,4475683.878883685,587808.2054989098,4475667.8757301485,1.0,5.631250124748012e-07,0.0
257,66138b6a89d5d40bf,1.0,1.0,1.0,1.0,0.5911250299366472,0.0,1.0,1.0,0.49683036783451684,True,2021.10.06.07.26.10_veh-52_01245_02064,1,1633506534.699815,365565.65816166886,143112.072581409,365570.3674548914,143100.00503765713,0.0,8.961222453892545e-286,0.43472657185520225
258,88c5a08bcfdda91cd,1.0,1.0,1.0,1.0,1.0,1.0,1.0,1.0,1.0,True,2021.09.16.14.39.34_veh-42_00032_00186,1,1631803314.199601,589250.9146504529,4474182.4105644785,589240.0297798078,4474226.663816389,1.0,3.580903821289956e-141,1.0
259,fd56100f9058b46fa,1.0,1.0,0.5,1.0,1.0,1.0,0.0,1.0,0.42857142857142855,True,2021.09.29.19.02.14_veh-28_00540_00917,1,1632942864.799754,331273.5826571504,4690986.635974596,331268.65872874577,4690977.000441784,1.0,5.756612349782983e-44,0.4375
260,3f68c9f1e2821def0,1.0,1.0,1.0,1.0,0.6694239114763644,1.0,1.0,1.0,0.8819371112415587,True,2021.09.16.19.12.04_veh-42_01438_01677,1,1631821525.9997718,588260.6315019162,4475887.851460523,588248.4705189848,4475878.086133197,0.0,0.0,0.7716949723363639
261,4189825e20758be70,1.0,1.0,1.0,1.0,1.0,1.0,1.0,1.0,1.0,True,2021.08.16.14.23.37_veh-45_00015_00132,1,1629123999.50084,589079.0822357347,4474646.271177987,589093.2586740062,4474648.525336383,1.0,0.1111111111111111,1.0
262,a283fdc5a4a1cd3b0,1.0,1.0,0.0,1.0,0.8241128430235213,1.0,0.0,1.0,0.0,True,2021.10.06.08.16.17_veh-52_01430_01579,1,1633509800.199977,365595.6742275568,143692.87510143218,365560.3434053803,143712.98730585354,1.0,3.569377711271283e-13,0.0
263,0ff61f43578c0d8e7,1.0,1.0,0.0,1.0,1.0,1.0,0.0,1.0,0.0,True,2021.09.16.13.53.10_veh-42_01510_01591,1,1631802024.400091,588943.211461447,4474925.415738661,588932.2582308904,4474957.938863582,1.0,6.869778286358254e-80,0.0
264,73c6cac7e07b1cf4f,1.0,0.0,1.0,1.0,0.5889418573453469,1.0,1.0,1.0,0.0,True,2021.10.06.07.26.10_veh-52_00006_00398,1,1633505612.7002208,365568.7061527444,143289.12589538732,365572.27550609387,143275.57782655625,1.0,0.0,0.0
265,6dfe7ea162c45ba1d,0.0,0.0,1.0,1.0,1.0,0.0,1.0,1.0,0.0,True,2021.06.28.15.02.02_veh-38_02398_02848,1,1624895257.499822,664412.9948041294,3997334.0167887593,664424.4921700807,3997344.7724210597,0.0,5.182112196756966e-06,0.0
266,1dc0a8f14dc973a72,0.0,1.0,1.0,1.0,1.0,0.0,1.0,1.0,0.0,True,2021.09.29.18.19.40_veh-28_01268_01685,1,1632940994.599623,330972.7970224644,4690945.751146824,330981.77885402227,4690938.593077581,0.0,0.16666666666666666,0.0
267,f2d7c34919985c798,0.0,1.0,1.0,1.0,1.0,0.0,1.0,1.0,0.0,True,2021.10.06.07.26.10_veh-52_02208_02394,1,1633507462.70014,365209.19712724275,143620.70606636736,365195.2176570411,143583.04843138726,1.0,9.38881703145583e-92,0.0
268,1ea8537ea6898e4e2,1.0,1.0,1.0,1.0,0.7202580782750175,1.0,0.0,1.0,0.7572350279553633,True,2021.10.06.07.26.10_veh-52_00006_00398,1,1633505612.1998968,365565.50424226525,143305.5922706097,365571.8085901641,143279.0346537234,1.0,6.776305173321595e-59,0.787580649460943
269,83eedcad4df5c24c6,1.0,1.0,0.0,1.0,1.0,1.0,0.0,1.0,0.0,True,2021.09.16.17.40.09_veh-45_02539_02745,1,1631816816.399857,587567.6610159249,4475883.731448266,587577.1078952246,4475917.829494097,0.0,0.014509147213109577,0.0
270,fef836e429bc5768f,1.0,1.0,1.0,1.0,0.707095629334021,1.0,0.0,1.0,0.7525341533335789,True,2021.09.29.14.44.26_veh-28_00528_00992,1,1632927674.29965,331615.98219850875,4690922.148349586,331631.7796985257,4690912.542076326,0.0,5.504667366013852e-69,0.6584673841668816
271,c7eba674ea24ca81f,0.0,1.0,1.0,1.0,1.0,0.0,0.0,1.0,0.0,True,2021.05.25.17.54.41_veh-35_04111_04288,1,1621983958.4004478,664549.1495125124,3999001.7538326313,664534.9276230965,3998970.8554233643,1.0,2.2791536885910186e-09,0.0
272,d16ba8a46fd2ff788,0.0,1.0,1.0,1.0,1.0,0.0,1.0,1.0,0.0,True,2021.09.29.18.19.40_veh-28_00438_00833,1,1632940187.5997648,331006.200020958,4691176.554373233,330993.6436260428,4691166.886888209,1.0,0.125,0.0
273,bf1cc9724e9048572,1.0,1.0,1.0,1.0,0.671659437169695,1.0,1.0,1.0,0.8827355132748911,True,2021.09.16.19.27.01_veh-45_01749_03230,1,1631823147.000494,587580.760019965,4475927.6882540425,587585.7978378814,4475933.126074462,0.0,0.0,0.7723935741155297
274,cc9f51b0460d19ee5,1.0,0.0,0.0,1.0,1.0,1.0,0.0,1.0,0.0,True,2021.09.16.19.27.01_veh-45_01749_03230,1,1631822423.500103,587736.1826454446,4475902.042645426,587765.3684411152,4475880.711149178,1.0,5.824156048234816e-08,0.0
275,28d6fffc098e43af8,1.0,1.0,1.0,1.0,1.0,1.0,0.0,1.0,0.8571428571428571,True,2021.09.29.14.44.26_veh-28_00337_00504,1,1632927138.7995958,331177.6106211818,4690585.079552493,331188.2883920287,4690574.729319247,0.0,7.768625282507345e-41,0.75
276,7382576570c02547b,1.0,1.0,1.0,1.0,0.7031505396991278,1.0,0.0,1.0,0.7511251927496885,True,2021.09.16.13.53.10_veh-42_00077_00153,1,1631800577.400178,589334.8331642654,4473924.569499667,589327.837992991,4473940.206706309,1.0,0.0,0.7822345436559774
277,7fd931e169ce1f227,1.0,1.0,1.0,1.0,0.845352367246645,1.0,0.0,1.0,0.8019115597309446,True,2021.09.16.19.27.01_veh-45_01749_03230,1,1631822804.9998279,587710.0369397873,4475552.592331814,587689.9010161149,4475528.089052695,1.0,0.9999999477823933,0.8266726147645765
278,0128939093fdde786,1.0,0.0,0.5,1.0,0.13288972150657555,1.0,1.0,1.0,0.0,True,2021.08.30.13.45.25_veh-40_00610_00771,1,1630331912.000762,332556.9453601293,4690396.35378354,332553.68714128,4690386.001618396,0.0,0.05263157894736842,0.0
279,9db723ede5227209d,1.0,1.0,0.0,1.0,1.0,1.0,0.0,0.0,0.0,True,2021.09.16.19.27.01_veh-45_01749_03230,1,1631823147.500208,587573.6719384475,4475902.268863614,587580.5371114664,4475923.652045634,0.0,7.563468266113841e-41,0.0
280,759a8a1916ceaf38d,1.0,1.0,1.0,1.0,0.7241919594205188,1.0,1.0,1.0,0.901497128364471,True,2021.09.29.14.44.26_veh-28_00528_00992,1,1632927674.799846,331628.6731931167,4690914.477727165,331636.83114068507,4690909.715908995,1.0,0.0,0.9138099873189122
281,e318affbd4be74ca2,1.0,1.0,0.0,1.0,1.0,1.0,0.0,1.0,0.0,True,2021.10.06.08.16.17_veh-52_01430_01579,1,1633509799.699626,365590.9354240661,143693.92089495438,365557.0581407024,143714.0384976881,1.0,3.6175212584707497e-14,0.0
282,ba66893d0046c895c,1.0,1.0,1.0,1.0,1.0,1.0,1.0,1.0,1.0,True,2021.08.30.13.45.25_veh-40_00610_00771,1,1630331911.500592,332523.99107346055,4690407.338397428,332547.67398003367,4690389.6309569245,1.0,0.05263157894736842,1.0
283,774a05df3c1512cac,1.0,1.0,1.0,1.0,1.0,1.0,1.0,1.0,1.0,True,2021.09.16.15.47.30_veh-45_01199_01391,1,1631808659.800304,588043.4718505054,4475719.586591642,588026.6162783131,4475705.9281226,1.0,0.0,1.0
284,4f2cdfaccb0f4bfac,1.0,1.0,0.5,1.0,0.7330999154363476,1.0,0.0,1.0,0.38091069918506204,True,2021.09.16.14.39.34_veh-42_00297_00935,1,1631803746.6991608,587787.997992194,4475859.53216039,587801.8974955676,4475849.58287242,1.0,0.0805030948479939,0.3957968617869293
285,bb515ff29da41dc33,0.0,1.0,1.0,1.0,1.0,0.0,0.0,1.0,0.0,True,2021.09.16.15.12.03_veh-42_01037_01434,1,1631806381.5001678,587563.980002436,4475581.9039882105,587554.7098320354,4475583.913668795,1.0,0.2,0.0
286,65bcd286d06e02669,1.0,1.0,1.0,1.0,0.6005973123873576,1.0,1.0,1.0,0.8573561829954848,True,2021.09.16.14.39.34_veh-42_00297_00935,1,1631804077.200008,587816.9301292303,4475678.736372034,587804.8741341567,4475664.447384205,1.0,2.4255748187868217e-33,0.8751866601210492
287,ce7eec1214fedafe8,1.0,1.0,1.0,1.0,0.512712874055047,1.0,0.0,1.0,0.6831117407339453,True,2021.09.29.19.02.14_veh-28_03198_03360,1,1632945497.2998369,332590.6016340799,4690349.851445577,332579.5222426006,4690355.06425125,1.0,9.983326962847038e-289,0.7227227731422021
288,f7e01b97b6868da57,0.0,1.0,1.0,1.0,1.0,0.0,0.0,1.0,0.0,True,2021.05.25.17.54.41_veh-35_04111_04288,1,1621983957.900826,664544.6763720392,3998993.265431551,664532.9082603508,3998965.9311823472,1.0,2.2651069647715868e-29,0.0
289,2eb3bf3c471605eb4,1.0,1.0,1.0,1.0,1.0,1.0,1.0,1.0,1.0,True,2021.06.28.20.24.43_veh-38_03385_04952,1,1624915586.5998569,664231.4260511189,3997360.636469572,664208.2178636572,3997357.287015937,1.0,0.05555555555555555,1.0
290,70886fe6fcf180420,0.0,1.0,1.0,1.0,0.7821314142954354,0.0,0.0,1.0,0.0,True,2021.09.29.19.02.14_veh-28_03198_03360,1,1632945497.2998369,332607.29328194744,4690340.311414635,332582.861037712,4690354.244129549,0.0,2.1401320796498896e-145,0.0
291,bf14f0399e0ccf645,1.0,1.0,0.5,1.0,0.5935227578458268,1.0,1.0,1.0,0.4274147781867548,True,2021.09.16.19.49.00_veh-42_00990_01609,1,1631823426.999414,587693.4695527501,4475907.755441296,587695.1308516918,4475917.862945916,0.0,3.624550079209552e-86,0.3739879309134104
292,bfb52f68dcd77ef80,1.0,1.0,0.0,1.0,1.0,1.0,0.0,1.0,0.0,True,2021.09.16.14.39.34_veh-42_00032_00186,1,1631803314.199601,589253.1796401726,4474180.946527595,589240.509581216,4474229.92933036,0.0,2.912528288470094e-70,0.0
293,40fe52aee319a8b70,1.0,0.0,1.0,1.0,0.20301239181986222,1.0,1.0,1.0,0.0,True,2021.09.29.19.02.14_veh-28_03198_03360,1,1632945497.799588,332579.37276583916,4690353.891257731,332577.4032822239,4690355.462412255,0.0,0.0,0.0
294,e7a9f463ef537b333,1.0,1.0,1.0,1.0,1.0,1.0,1.0,1.0,1.0,True,2021.10.06.08.16.17_veh-52_00181_00574,1,1633508579.200625,365651.8852608988,144039.10754007602,365651.8963459341,144039.10440315856,0.0,0.125,0.875
295,05e7e2acfe2b49d78,1.0,1.0,1.0,1.0,0.761206315664232,1.0,1.0,1.0,0.9147165413086543,True,2021.09.29.19.02.14_veh-28_03198_03360,1,1632945497.799588,332606.1534409849,4690339.891409765,332583.23271363025,4690351.87349857,1.0,1.6125289607311907e-127,0.9253769736450725
296,b0cbc535fe9913787,1.0,1.0,0.5,1.0,0.9437488234767338,1.0,1.0,1.0,0.48995514704941673,True,2021.10.06.08.16.17_veh-52_01430_01579,1,1633509799.699626,365608.4105356326,143686.98528473094,365561.4993875795,143712.57651771198,0.0,2.0769556275020843e-97,0.42871075366823963
297,3e180f4a19fe95fc4,1.0,1.0,1.0,1.0,0.8900492945351571,1.0,0.0,1.0,0.8178747480482704,True,2021.09.16.19.27.01_veh-45_01749_03230,1,1631823147.500208,587580.4925432408,4475928.481962401,587588.5636446845,4475934.528761653,0.0,0.0,0.7156404045422367
298,10b2a2e4969e65b18,1.0,0.0,1.0,1.0,0.7709775991596193,1.0,1.0,1.0,0.0,True,2021.08.30.13.45.25_veh-40_00610_00771,1,1630331911.500592,332539.26150837453,4690400.414549163,332553.82930237864,4690387.8901932025,1.0,0.05263157894736842,0.0
299,3e8f802de1e65025d,1.0,1.0,1.0,1.0,0.8102405230910703,0.0,0.0,1.0,0.43222875824681084,True,2021.09.16.19.27.01_veh-45_01749_03230,1,1631822805.499882,587700.0526144202,4475541.338149244,587686.059145627,4475524.245917996,1.0,8.8323450795535e-90,0.5032001634659595
300,6f0b775b8d685abec,1.0,1.0,1.0,1.0,0.8587242185541771,1.0,0.0,1.0,0.8066872209122061,True,2021.10.06.07.26.10_veh-52_00006_00398,1,1633505612.1998968,365553.64243235544,143327.7735695958,365570.36034261045,143288.24134622785,1.0,3.959940261686253e-35,0.8308513182981804
301,0db32b98281c2454b,1.0,1.0,1.0,1.0,0.8264188767606349,1.0,1.0,1.0,0.9380067417002268,True,2021.10.06.07.26.10_veh-52_01245_02064,1,1633507005.70008,365097.47299501573,143352.12722768937,365088.86614333163,143330.20563111492,0.0,0.09090909090909091,0.8207558989876984
302,f185085421e3aa72f,1.0,1.0,1.0,1.0,0.6424589157647715,1.0,1.0,1.0,0.8723067556302756,True,2021.09.16.14.39.34_veh-42_00297_00935,1,1631804077.200008,587823.0114868801,4475666.124137224,587812.3054168468,4475667.898516533,1.0,8.646833488668188e-39,0.8882684111764911
303,1cc4886b926fd9c8b,1.0,1.0,1.0,1.0,0.3942915266977947,1.0,1.0,1.0,0.7836755452492125,True,2021.09.29.19.02.14_veh-28_03198_03360,1,1632945497.2998369,332581.79857701523,4690352.343382176,332576.27268536366,4690356.390805897,0.0,0.0,0.6857161020930609
304,a075eb4cf05c9e8a0,1.0,0.0,1.0,1.0,1.0,1.0,0.0,1.0,0.0,True,2021.09.16.19.27.01_veh-45_01749_03230,1,1631822805.499882,587709.4854331751,4475549.446129346,587690.7238978775,4475528.645233008,1.0,0.9995618500772017,0.0
305,3bcc1dd4e60503094,1.0,1.0,1.0,1.0,0.8062318576247912,1.0,0.0,1.0,0.7879399491517111,True,2021.09.16.19.27.01_veh-45_01749_03230,1,1631822423.500103,587744.6408578659,4475893.272049016,587764.2063587283,4475879.692687452,0.0,0.3771818891751452,0.6894474555077472
306,7e640664f4c19d17e,1.0,1.0,1.0,1.0,1.0,1.0,0.0,1.0,0.8571428571428571,True,2021.10.06.08.16.17_veh-52_00181_00574,1,1633508579.7004578,365652.3304186289,144038.4862772878,365652.33118665393,144038.48627270453,1.0,0.125,0.875
307,99f90a71ce3411a4f,0.0,1.0,1.0,1.0,1.0,0.0,0.0,1.0,0.0,True,2021.09.29.14.44.26_veh-28_00337_00504,1,1632927138.7995958,331155.1843763902,4690609.279962704,331178.5466173691,4690584.919495071,1.0,1.2464231525330153e-198,0.0
308,8586a8b63a4fed64c,1.0,1.0,0.0,1.0,1.0,1.0,0.0,1.0,0.0,True,2021.09.16.19.27.01_veh-45_01749_03230,1,1631823147.500208,587566.7675139917,4475883.75436794,587577.7389040119,4475918.456695442,0.0,2.4153156528827142e-57,0.0
309,ffa118247f83dcacd,1.0,1.0,1.0,1.0,0.4151441532899593,1.0,1.0,1.0,0.7911229118892712,True,2021.09.16.19.49.00_veh-42_00990_01609,1,1631823426.999414,587704.4556850318,4475915.769883945,587694.7023868472,4475921.140594785,0.0,2.0220531917799393e-203,0.6922325479031123
310,42e2e548a93490d54,1.0,1.0,1.0,1.0,1.0,1.0,1.0,1.0,1.0,True,2021.06.28.20.24.43_veh-38_03385_04952,1,1624915586.5998569,664218.0764792351,3997361.124907298,664200.8820727171,3997358.3343065353,1.0,0.05555555555555555,1.0
311,e1bcade7bd67e9b78,1.0,1.0,1.0,1.0,1.0,1.0,1.0,1.0,1.0,True,2021.09.16.13.53.10_veh-42_00180_00342,1,1631800730.399843,589104.5765161149,4474614.890008469,589120.4348208996,4474571.454165301,1.0,1.671549008866635e-15,1.0
312,8fe0f4c205937d179,1.0,1.0,1.0,1.0,1.0,1.0,0.0,1.0,0.8571428571428571,True,2021.10.06.07.26.10_veh-52_02208_02394,1,1633507462.70014,365193.34431556135,143578.4400982442,365187.9113893348,143565.32421906604,0.0,0.0,0.75
313,c95875cdc20edcb2a,1.0,1.0,0.5,1.0,0.6387640344653808,1.0,0.0,1.0,0.36406500615453224,True,2021.10.06.08.16.17_veh-52_01430_01579,1,1633509799.699626,365566.6755524714,143706.93048054198,365549.4044941422,143719.4598892768,1.0,2.8902987843597586e-114,0.38105688038521573
314,aa354b140b6d2c2ab,1.0,1.0,0.0,1.0,0.9979646498810799,1.0,0.0,1.0,0.0,True,2021.09.16.14.39.34_veh-42_00297_00935,1,1631803746.6991608,587794.5439283788,4475854.639485195,587808.5756252668,4475846.315774574,1.0,1.9737713728925623e-87,0.0
315,6952b70f303046472,0.0,1.0,1.0,1.0,1.0,0.0,0.0,1.0,0.0,True,2021.05.25.17.54.41_veh-35_04111_04288,1,1621983958.4004478,664551.5354151409,3999007.2771658236,664536.592595013,3998975.5782380146,1.0,2.174093069422359e-11,0.0
316,84073ac4c8f117f43,1.0,1.0,1.0,1.0,1.0,1.0,0.0,1.0,0.8571428571428571,True,2021.05.25.17.54.41_veh-35_04111_04288,1,1621983958.4004478,664538.8235659351,3998975.582020418,664531.4251837542,3998962.062662632,1.0,5.40108976724366e-302,0.875
317,9fb29e611c9f4f0e2,1.0,1.0,0.0,1.0,0.8673519690721284,1.0,0.0,0.0,0.0,True,2021.08.30.16.16.44_veh-40_00779_01088,1,1630341133.0003679,331688.4511130322,4690838.667865557,331694.51709719346,4690861.560174779,0.0,3.0747604181914254e-32,0.0
318,624b352e4b7f8d830,1.0,1.0,1.0,1.0,0.6185010436761412,1.0,1.0,1.0,0.863750372741479,True,2021.09.16.13.53.10_veh-42_01510_01591,1,1631802023.90023,588933.7240195376,4474947.142628351,588926.9061059328,4474968.548052486,0.0,8.733663165768908e-267,0.7557815761487942
319,e013e127e2126bb32,1.0,1.0,0.0,1.0,1.0,1.0,1.0,1.0,0.0,True,2021.08.30.16.16.44_veh-40_00779_01088,1,1630341132.500438,331697.12999482005,4690847.244398122,331691.76962493727,4690865.67239133,0.0,5.0572729367754944e-17,0.0
320,709f734811414136f,1.0,0.0,1.0,1.0,1.0,1.0,0.0,1.0,0.0,True,2021.09.16.13.53.10_veh-42_01510_01591,1,1631802023.90023,588943.7687241159,4474911.453712045,588929.2063283809,4474959.893474006,1.0,7.983415984130682e-10,0.0
321,b7e52abb299941045,0.0,1.0,1.0,1.0,1.0,0.0,1.0,1.0,0.0,True,2021.06.28.15.02.02_veh-38_02398_02848,1,1624895257.499822,664408.691002358,3997331.9666104657,664423.7618197952,3997345.3181384685,0.0,8.155489958151224e-10,0.0
322,9b28f2e81fd405453,1.0,1.0,0.5,1.0,0.8168017464068323,1.0,1.0,1.0,0.4672860261440772,True,2021.09.16.14.39.34_veh-42_00297_00935,1,1631803747.198798,587795.2929611801,4475852.898189738,587808.5863781056,4475846.497688594,1.0,4.732737122051825e-80,0.47137527287606756
323,779362891364950a1,1.0,1.0,1.0,1.0,0.6213993992763539,1.0,0.0,1.0,0.7219283568844121,True,2021.08.30.13.45.25_veh-40_00610_00771,1,1630331912.000762,332537.8694090089,4690398.006220597,332551.1610238249,4690387.545645502,0.0,0.05263157894736842,0.6316873122738607
324,6fb2b8cc6f313cf96,1.0,1.0,1.0,1.0,0.9367625652097625,1.0,1.0,0.0,0.8345580590034867,True,2021.08.16.14.23.37_veh-45_00015_00132,1,1629123999.50084,589084.8575301337,4474644.028587795,589094.7508053648,4474648.298966217,0.0,0.1111111111111111,0.7302383016280508
325,4850e4897804c7f1a,1.0,1.0,1.0,1.0,0.7859968368959089,1.0,0.0,1.0,0.7807131560342532,True,2021.08.30.13.45.25_veh-40_00610_00771,1,1630331912.000762,332522.4922997998,4690407.680717331,332547.20039394253,4690390.970504363,1.0,0.05263157894736842,0.8081240115299715
326,996756f9de2d21bac,1.0,1.0,1.0,1.0,1.0,1.0,1.0,1.0,1.0,True,2021.06.28.20.24.43_veh-38_03385_04952,1,1624915586.099568,664223.8869382764,3997363.2657225835,664207.0761515632,3997358.828191584,1.0,0.05555555555555555,1.0
327,de1d1d3fbf4860a8c,0.0,1.0,0.0,1.0,1.0,0.0,0.0,1.0,0.0,True,2021.09.16.15.47.30_veh-45_01199_01391,1,1631808659.800304,588083.330349384,4475751.786612543,588041.2233380213,4475719.805517849,0.0,9.205686624631215e-19,0.0
328,9778c919f63adf7c6,1.0,1.0,1.0,1.0,0.2854782823741411,1.0,0.0,1.0,0.6019565294193361,True,2021.09.16.13.53.10_veh-42_01510_01591,1,1631802023.90023,588929.0352735348,4474964.15475229,588926.7325196493,4474971.054728743,0.0,0.0,0.526711963241919
329,cde1512dfd75d52a2,1.0,1.0,1.0,1.0,0.6980152441818972,1.0,1.0,1.0,0.8921483014935347,True,2021.10.06.08.16.17_veh-52_01949_02501,1,1633510371.6997008,365947.67060954386,143049.96835769608,365936.9132977931,143058.08667084234,0.0,0.0,0.7806297638068429
330,0aef5f06bc06b4b67,1.0,0.0,0.5,1.0,1.0,1.0,1.0,1.0,0.0,True,2021.10.06.07.26.10_veh-52_01245_02064,1,1633507006.1998289,365095.76408207713,143330.8862220049,365084.95644710894,143324.22850641786,0.0,0.09090909090909091,0.0
331,00cbc73194109904b,0.0,1.0,1.0,1.0,1.0,0.0,0.0,1.0,0.0,True,2021.05.25.17.54.41_veh-35_04111_04288,1,1621983958.4004478,664546.2396540507,3998993.2403037506,664534.2163944487,3998968.2325755,1.0,2.8794530781879014e-54,0.0
332,f836208030ee5d621,1.0,1.0,0.0,1.0,1.0,0.0,0.0,1.0,0.0,True,2021.08.30.14.54.34_veh-40_00439_00835,1,1630336046.000267,331720.9315043437,4690952.29500409,331695.55104572355,4690964.029892847,0.0,0.989880963664693,0.0
333,9c091b0cc6c49fd2a,1.0,1.0,0.0,1.0,0.8726023298980116,0.0,0.0,0.0,0.0,True,2021.09.16.14.39.34_veh-42_00297_00935,1,1631804077.200008,587830.5196142743,4475661.257757511,587813.0026964392,4475669.721639566,0.0,2.659898043758239e-73,0.0
334,5cd73374e1336ce3f,1.0,1.0,0.0,1.0,1.0,1.0,0.0,1.0,0.0,True,2021.09.16.17.40.09_veh-45_02539_02745,1,1631816816.899785,587567.8246575625,4475886.099968696,587577.872034829,4475918.114388444,1.0,0.125,0.0
335,6ecd877422fdf9247,1.0,1.0,1.0,1.0,0.9980374984170676,1.0,1.0,1.0,0.9992991065775241,True,2021.09.29.18.19.40_veh-28_00438_00833,1,1632940187.5997648,331000.68435725285,4691175.892701676,330994.7116579011,4691168.950350793,0.0,0.125,0.8743867182553335
336,6b27e18868c49b898,1.0,1.0,1.0,1.0,0.4401067168360216,1.0,1.0,1.0,0.8000381131557219,True,2021.09.16.19.49.00_veh-42_00990_01609,1,1631823427.498962,587704.9276035653,4475915.370801193,587694.6635098375,4475921.156129556,0.0,0.1111111111111111,0.7000333490112567
337,f423e66e3506af742,1.0,1.0,1.0,1.0,0.8624978905756745,1.0,0.0,1.0,0.8080349609198837,True,2021.10.06.08.16.17_veh-52_01949_02501,1,1633510371.6997008,365919.65365532227,143012.57775997283,365936.0317345963,143042.14334568474,0.0,2.3406893349243823e-22,0.7070305908048983
338,6e4ce2f0d18b57fb3,1.0,1.0,1.0,1.0,0.0019077042370350809,1.0,1.0,1.0,0.643538465798941,True,2021.09.29.19.02.14_veh-28_00540_00917,1,1632942864.799754,331266.5277737174,4690972.14900521,331266.5166364309,4690972.130914819,0.0,4.313977513808561e-207,0.5630961575740734
339,241e6bedc6fcf2de4,0.0,0.0,1.0,1.0,1.0,0.0,1.0,1.0,0.0,True,2021.09.16.15.47.30_veh-45_01199_01391,1,1631808659.300555,588067.1943278457,4475738.532423065,588033.4455663302,4475710.320667566,1.0,1.4929750203103094e-40,0.0
340,f7592c27f95e1ae0e,1.0,1.0,1.0,1.0,0.40280881936710966,1.0,1.0,1.0,0.7867174354882535,True,2021.09.16.19.12.04_veh-42_01438_01677,1,1631821526.4999418,588261.8463076316,4475889.187098813,588253.7719475812,4475882.807338503,1.0,0.0,0.8133777560522217
341,19d93db92ab5bcc09,1.0,1.0,1.0,1.0,0.8462652238352311,1.0,1.0,1.0,0.9450947227982969,True,2021.09.16.14.39.34_veh-42_00297_00935,1,1631804076.700115,587826.2608127241,4475660.9854313275,587808.5582280947,4475667.002743323,0.0,1.1908914301928094e-06,0.8269578824485098
342,18a239284011dd8c3,1.0,1.0,0.0,1.0,0.9879259378601346,1.0,0.0,1.0,0.0,True,2021.09.16.17.40.09_veh-45_02539_02745,1,1631816816.399857,587564.7288726725,4475875.604419925,587575.274807684,4475914.088381514,0.0,7.801556032482583e-25,0.0
343,ace512518cdd33ce6,1.0,0.0,1.0,1.0,1.0,1.0,0.0,1.0,0.0,True,2021.08.30.16.16.44_veh-40_00779_01088,1,1630341133.0003679,331690.3239875162,4690843.617377108,331691.3000019437,4690864.801661985,0.0,0.999999999997467,0.0
344,f1d442974b63b87f6,1.0,1.0,1.0,1.0,0.7659928180131363,1.0,0.0,1.0,0.7735688635761201,True,2021.09.16.19.12.04_veh-42_01438_01677,1,1631821526.4999418,588276.1637907044,4475901.709009942,588255.302752065,4475885.065632887,0.0,0.0,0.6768727556291051
345,2c5a6bcca688df5f6,1.0,1.0,0.0,1.0,1.0,1.0,0.0,1.0,0.0,True,2021.09.16.13.53.10_veh-42_01510_01591,1,1631802024.400091,588949.5765144422,4474905.614335179,588932.9030880731,4474954.091582175,1.0,3.039352533142056e-08,0.0
346,d99cd68c37ac3ad2c,1.0,1.0,1.0,1.0,0.8564395863965211,1.0,0.0,1.0,0.8058712808559003,True,2021.09.16.19.27.01_veh-45_01749_03230,1,1631822804.9998279,587707.9020705629,4475550.164334367,587689.0801474279,4475528.851967296,1.0,5.216705064198255e-08,0.8301373707489128
347,978616965b8fd4cd6,1.0,1.0,1.0,1.0,0.7760668398334588,1.0,0.0,1.0,0.7771667285119496,True,2021.05.25.17.54.41_veh-35_04111_04288,1,1621983958.4004478,664536.2064747817,3998971.3317954275,664530.6832245823,3998960.9557637144,1.0,0.0,0.8050208874479559
348,2d240158ae67d64dd,1.0,1.0,0.5,1.0,0.6221817604644156,1.0,0.0,1.0,0.36110388579721714,True,2021.10.06.08.16.17_veh-52_01430_01579,1,1633509800.199977,365554.41415668017,143715.18129713114,365545.8212724659,143721.68637136085,1.0,0.0,0.378465900072565
349,ba2d0c2b1a0d13a74,1.0,0.0,0.0,1.0,1.0,1.0,0.0,1.0,0.0,True,2021.08.30.13.45.25_veh-40_00610_00771,1,1630331912.000762,332501.85610583733,4690423.179662394,332540.0699336863,4690397.633291538,0.0,0.05263157894736842,0.0
350,c60975bf95e458f4f,1.0,1.0,1.0,1.0,0.9242923271411817,1.0,1.0,0.0,0.8301044025504221,True,2021.10.06.08.16.17_veh-52_01949_02501,1,1633510371.6997008,365928.43962281896,143029.82185396255,365939.5315424279,143050.9515999842,0.0,2.529782443085882e-72,0.7263413522316193
351,aac5e172e96b86e25,1.0,1.0,0.5,1.0,1.0,1.0,0.0,1.0,0.42857142857142855,True,2021.09.16.14.39.34_veh-42_00032_00186,1,1631803314.699573,589242.2965701609,4474219.716963322,589237.2778507241,4474239.840796448,0.0,1.3977180994729218e-191,0.375
352,2565c982d32c96893,1.0,1.0,1.0,1.0,0.8821766014502442,1.0,1.0,1.0,0.9579202148036587,True,2021.10.06.08.16.17_veh-52_01430_01579,1,1633509800.199977,365597.275339404,143692.99993426332,365558.6391953549,143713.72589735137,1.0,0.997752814475766,0.9631801879532014
353,0f9705c901c463e2c,1.0,1.0,1.0,1.0,0.655518881377824,1.0,1.0,1.0,0.8769710290635085,True,2021.09.16.14.39.34_veh-42_00297_00935,1,1631804076.700115,587811.949897138,4475673.340755051,587804.4781273291,4475663.7949379105,1.0,6.550117638292262e-35,0.89234965043057
354,51cb45da3827bd0fb,1.0,1.0,1.0,1.0,0.2432981615131599,1.0,1.0,1.0,0.7297493433975571,True,2021.08.30.14.54.34_veh-40_00439_00835,1,1630336046.5001879,331690.35771394183,4690965.21678053,331687.6998930309,4690962.072494908,0.0,0.058823529411764705,0.6385306754728625
355,ece6eaee0991a44ed,1.0,1.0,0.0,1.0,1.0,1.0,0.0,1.0,0.0,True,2021.09.16.13.53.10_veh-42_00077_00153,1,1631800576.900032,589348.4944995724,4473894.116684946,589331.8466350787,4473930.90404865,0.0,8.432894825750816e-15,0.0
356,e4c060ddfe2b49190,1.0,1.0,1.0,1.0,0.8339255084166236,1.0,1.0,1.0,0.9406876815773656,True,2021.08.16.14.23.37_veh-45_00015_00132,1,1629123999.50084,589084.9163582956,4474643.917889469,589093.9809870869,4474648.029287403,0.0,0.1111111111111111,0.8231017213801949
357,dd51833cafb701a23,1.0,1.0,0.5,1.0,1.0,1.0,1.0,0.0,0.42857142857142855,True,2021.10.06.08.16.17_veh-52_01949_02501,1,1633510371.199955,365921.22293406376,143016.58687460393,365938.1144725891,143046.34256634917,0.0,0.05555555555555555,0.375
358,368fa1aeac7542731,1.0,1.0,0.5,1.0,1.0,0.0,0.0,1.0,0.25,True,2021.08.16.14.23.37_veh-45_00015_00132,1,1629123999.50084,589072.9710097663,4474644.737673015,589085.906804054,4474645.125027265,0.0,0.1111111111111111,0.21875
359,fedf09c50e4a8ef7b,1.0,1.0,0.5,1.0,0.8677697779386114,1.0,0.0,1.0,0.40495888891760917,True,2021.09.29.19.02.14_veh-28_00540_00917,1,1632942865.2996528,331269.71972041484,4690979.7825621925,331265.67493675766,4690971.583835961,0.0,3.15055401108999e-292,0.35433902780290805
360,3f94a9e099ddf73f0,0.0,1.0,1.0,1.0,1.0,0.0,0.0,1.0,0.0,True,2021.05.25.17.54.41_veh-35_04111_04288,1,1621983957.900826,664534.306073963,3998978.341475082,664530.1254116243,3998963.894403413,1.0,4.064948746469368e-92,0.0
361,9e8f8fed1883534f6,1.0,0.0,0.0,1.0,1.0,1.0,0.0,1.0,0.0,True,2021.09.16.13.53.10_veh-42_01510_01591,1,1631802024.400091,588952.758259685,4474892.418890957,588934.5565724797,4474948.785816692,1.0,1.832570969805543e-22,0.0
362,9cbb06ac6bd21fc4c,1.0,0.0,1.0,1.0,1.0,1.0,1.0,1.0,0.0,True,2021.09.16.13.53.10_veh-42_00180_00342,1,1631800730.399843,589101.1027217386,4474623.9403497055,589119.9486379308,4474573.911690345,1.0,1.163929625376017e-52,0.0
363,68becb68da6734f1a,1.0,1.0,1.0,1.0,0.9563275996197145,1.0,0.0,1.0,0.8415455712927552,True,2021.09.16.19.27.01_veh-45_01749_03230,1,1631823147.500208,587564.8760098027,4475884.071446385,587576.8778394156,4475918.639988848,1.0,3.871925964422057e-48,0.8613523748811608
364,1b9fdb3577e3e1018,1.0,1.0,1.0,1.0,0.8217444672969019,1.0,1.0,1.0,0.9363373097488935,True,2021.08.16.14.23.37_veh-45_00015_00132,1,1629124000.0005128,589081.5900069565,4474645.833919855,589092.802618538,4474648.258571945,1.0,0.1111111111111111,0.9442951460302819
365,281b6c4a5468c1447,1.0,1.0,1.0,1.0,0.8810265432029029,1.0,1.0,1.0,0.9575094797153224,True,2021.10.06.08.16.17_veh-52_01430_01579,1,1633509799.699626,365591.6994064273,143695.53852579097,365554.5738915428,143716.3535234324,1.0,0.00043377606374614956,0.9628207947509071
366,102c820549ded1872,1.0,1.0,0.5,1.0,1.0,1.0,0.0,1.0,0.42857142857142855,True,2021.09.16.13.53.10_veh-42_00077_00153,1,1631800576.900032,589336.529894825,4473923.690733484,589328.6300840741,4473940.421442368,1.0,1.3809189700344855e-133,0.4375
367,234b7c4138a9802b3,1.0,1.0,1.0,1.0,0.5969049978918666,1.0,0.0,1.0,0.7131803563899524,True,2021.09.16.14.39.34_veh-42_00297_00935,1,1631803746.6991608,587788.5353381269,4475859.53272956,587801.0668545231,4475851.219357606,0.0,8.389253036075829e-10,0.6240328118412083
368,3c66eb3d48ad162dc,1.0,1.0,1.0,1.0,0.9297730224819019,1.0,1.0,1.0,0.9749189366006793,True,2021.05.25.14.24.08_veh-25_03764_04034,1,1621970882.500146,664498.8551428335,3997877.2548230034,664514.2729813966,3997877.4019883024,1.0,2.7495796546617186e-144,0.9780540695255944
369,143c4941004472287,1.0,0.0,1.0,1.0,1.0,1.0,0.0,1.0,0.0,True,2021.09.16.13.53.10_veh-42_01510_01591,1,1631802023.90023,588950.2306785075,4474898.602398773,588932.1415479995,4474955.664508217,1.0,1.634660661780992e-16,0.0
370,2028b4dbdc9149a19,1.0,1.0,1.0,1.0,0.8664787597542433,1.0,1.0,1.0,0.9523138427693726,True,2021.09.29.14.44.26_veh-28_00337_00504,1,1632927138.7995958,331175.02170214744,4690588.858170674,331187.1975317248,4690577.3297788445,1.0,0.0019498516420371815,0.958274612423201
371,5351d5bec3ef40436,1.0,0.0,1.0,1.0,0.8572812529995592,1.0,0.0,1.0,0.0,True,2021.09.16.13.53.10_veh-42_01510_01591,1,1631802023.90023,588939.5714680864,4474930.720705465,588928.7958576854,4474964.82978249,1.0,3.5570555344701065e-105,0.0
372,37c49a3e38b6b7781,1.0,1.0,1.0,1.0,0.5457318355717212,1.0,1.0,1.0,0.8377613698470433,True,2021.10.06.07.26.10_veh-52_01245_02064,1,1633506534.199717,365564.08107407356,143116.45364405596,365569.4093414895,143100.88706350882,1.0,9.427634982791502e-121,0.8580411986161629
373,4e0c450f15f308dcf,1.0,1.0,1.0,1.0,0.45134445284591435,0.0,1.0,1.0,0.4469087331592551,True,2021.10.06.07.26.10_veh-52_01245_02064,1,1633506534.199717,365567.8951365816,143108.71855136708,365570.7581985538,143098.43557306373,0.0,4.838201312772579e-227,0.3910451415143482
374,934550d99dbe5a996,1.0,1.0,0.0,1.0,0.9198752234496305,1.0,0.0,1.0,0.0,True,2021.09.16.17.40.09_veh-45_02539_02745,1,1631816816.399857,587568.9263393856,4475891.709983446,587578.7016490557,4475921.173542489,1.0,9.090307935981584e-46,0.0
375,8f3bf4b1cb4be05f8,0.0,0.0,1.0,1.0,1.0,0.0,1.0,1.0,0.0,True,2021.09.16.15.47.30_veh-45_01199_01391,1,1631808659.300555,588065.1087932138,4475736.367324278,588031.8110192876,4475711.360266316,0.0,9.79627960145982e-47,0.0
376,749b3e461ac448a6a,0.0,1.0,0.0,1.0,1.0,0.0,0.0,1.0,0.0,True,2021.09.29.19.02.14_veh-28_03198_03360,1,1632945497.799588,332610.3543768512,4690339.291952595,332585.27831409813,4690353.4389474755,0.0,1.452192500250824e-98,0.0
377,fb7b5ae64dda69073,1.0,1.0,1.0,1.0,0.6676992844235465,1.0,0.0,1.0,0.7384640301512666,True,2021.08.30.13.45.25_veh-40_00610_00771,1,1630331912.000762,332530.20959133335,4690404.602204124,332546.3558613557,4690391.852627443,0.0,0.05263157894736842,0.6461560263823583
378,188fef8a871d3bb74,0.0,0.0,1.0,1.0,1.0,0.0,1.0,1.0,0.0,True,2021.09.16.15.47.30_veh-45_01199_01391,1,1631808659.800304,588067.9476902882,4475738.950562397,588038.3148782955,4475715.855302843,0.0,1.584349226074163e-09,0.0
379,e18bfb53190f46707,1.0,1.0,1.0,1.0,1.0,1.0,1.0,1.0,1.0,True,2021.09.29.14.44.26_veh-28_00528_00992,1,1632927674.799846,331588.4797172453,4690941.972166052,331618.74292054225,4690922.4941324955,1.0,1.6942710550143978e-162,1.0
380,f7741428b4719155a,1.0,1.0,0.0,1.0,0.8142804696292291,1.0,0.0,1.0,0.0,True,2021.10.06.08.16.17_veh-52_01430_01579,1,1633509799.699626,365603.08621693624,143691.25862744747,365564.80802414136,143709.44440896087,1.0,1.885223108401183e-273,0.0
381,ff2e7e48f5ee14950,1.0,1.0,0.5,1.0,1.0,1.0,0.0,1.0,0.42857142857142855,True,2021.09.16.13.53.10_veh-42_00077_00153,1,1631800577.400178,589336.7974798525,4473924.515347056,589329.7519078095,4473938.323177379,1.0,1.9368061989151772e-223,0.4375
382,c7c091e891a6bdac2,1.0,1.0,1.0,1.0,0.9849731743439802,1.0,0.0,1.0,0.8517761336942787,True,2021.09.29.19.02.14_veh-28_03198_03360,1,1632945497.2998369,332625.17384511203,4690329.576927488,332588.47963816836,4690350.855722971,1.0,0.013282818624113036,0.8703041169824939
383,9ddf964682ac312d8,1.0,1.0,1.0,1.0,0.9532026111836818,1.0,1.0,1.0,0.983286646851315,True,2021.10.06.08.16.17_veh-52_01949_02501,1,1633510371.6997008,365939.86722585047,143041.01809915472,365939.4821410493,143053.29069807913,0.0,2.8382496306135417e-136,0.8603758159949005
384,5913dfbc435fb100c,0.0,1.0,1.0,1.0,1.0,0.0,1.0,1.0,0.0,True,2021.09.16.15.47.30_veh-45_01199_01391,1,1631808659.800304,588064.3174371595,4475736.009221571,588035.1170263056,4475711.814193147,1.0,1.394459688933184e-112,0.0
385,54319e96916504611,1.0,1.0,1.0,1.0,0.9204283961508946,1.0,0.0,1.0,0.8287244271967481,True,2021.09.29.14.44.26_veh-28_00337_00504,1,1632927139.299571,331173.1714792034,4690589.661418406,331186.24089174136,4690578.232460885,1.0,0.07692307692307693,0.8501338737971545
386,59ea6f742dc62b430,1.0,0.0,0.0,1.0,0.6581972814485614,1.0,0.0,1.0,0.0,True,2021.10.06.07.26.10_veh-52_01245_02064,1,1633506534.199717,365560.5010284087,143127.1685520889,365569.88451831474,143102.92997725066,0.0,1.3270508682091556e-72,0.0
387,511d6caf7ec40eb09,0.0,1.0,0.5,1.0,1.0,0.0,0.0,1.0,0.0,True,2021.09.29.19.02.14_veh-28_03198_03360,1,1632945497.2998369,332607.94818442856,4690339.935096531,332582.1741752384,4690354.38346295,0.0,4.146424115734935e-170,0.0
388,5fbdf316a30e33058,1.0,1.0,1.0,1.0,0.6954111646511706,1.0,0.0,1.0,0.7483611302325609,True,2021.10.06.07.26.10_veh-52_00006_00398,1,1633505612.7002208,365562.19573215325,143315.96675672548,365570.46972559585,143287.43821799214,1.0,0.999999999999835,0.7798159889534908
389,0d26c23bce11ae16b,1.0,0.0,1.0,1.0,1.0,1.0,1.0,1.0,0.0,True,2021.09.16.14.39.34_veh-42_00297_00935,1,1631804077.200008,587826.3717574714,4475657.875779877,587807.9954857164,4475665.272219888,1.0,0.22475947309239888,0.0
390,4429b647133616c7e,1.0,1.0,1.0,1.0,0.36570322643188785,1.0,1.0,1.0,0.7734654380113886,True,2021.10.06.08.16.17_veh-52_01430_01579,1,1633509799.699626,365548.24464122683,143721.47249648572,365543.4491835,143724.51891305158,0.0,0.0,0.676782258259965
391,cd1312c660b0759a0,1.0,1.0,1.0,1.0,0.6935195709938844,1.0,0.0,1.0,0.7476855610692444,True,2021.10.06.07.26.10_veh-52_00006_00398,1,1633505612.1998968,365568.3662710925,143295.40029090576,365573.02983564197,143275.82770780876,1.0,5.475430101342838e-161,0.7792248659355889
392,17f3ba89b58f991f4,1.0,1.0,1.0,1.0,0.8538289910987964,1.0,0.0,1.0,0.8049389253924273,True,2021.10.06.07.26.10_veh-52_00006_00398,1,1633505612.1998968,365554.4322910484,143328.6516659402,365569.6949259689,143288.14090937207,1.0,3.505411770655856e-36,0.8293215597183738
393,ffe8f133ba4da683b,1.0,1.0,1.0,1.0,0.936515889700015,1.0,1.0,0.0,0.8344699606071482,True,2021.10.06.08.16.17_veh-52_01949_02501,1,1633510371.199955,365926.7697669399,143025.91870014995,365939.86726314796,143050.4257018524,0.0,0.05555555555555555,0.7301612155312547
394,4b3c2ee5f127a3fe4,1.0,1.0,0.0,1.0,0.970544047904079,0.0,0.0,0.0,0.0,True,2021.09.16.14.39.34_veh-42_00297_00935,1,1631804077.200008,587843.2820796801,4475649.880440151,587815.9688600347,4475667.615244582,0.0,1.0393999076503746e-126,0.0
395,8ace3a7104057a34a,1.0,1.0,0.0,1.0,1.0,1.0,0.0,1.0,0.0,True,2021.09.16.14.39.34_veh-42_00297_00935,1,1631803746.6991608,587782.6838018217,4475863.182317571,587801.3616051736,4475849.2750123525,0.0,4.3815903405165127e-07,0.0
396,16b9d0efaf330fdcf,1.0,1.0,1.0,1.0,0.8832377421866157,1.0,1.0,0.0,0.8154420507809341,True,2021.10.06.08.16.17_veh-52_01949_02501,1,1633510371.6997008,365926.26023350586,143023.9476597006,365939.60799248883,143048.00521447335,0.0,8.535644684883248e-26,0.7135117944333174
397,99fca017c572f5bc8,1.0,1.0,1.0,1.0,0.7036088257718465,1.0,0.0,1.0,0.751288866347088,True,2021.10.06.07.26.10_veh-52_00006_00398,1,1633505612.1998968,365563.307259088,143312.96983131638,365571.1337503146,143283.3666782539,1.0,0.9999999998814227,0.782377758053702
398,fe3306915ae1e2328,1.0,1.0,1.0,1.0,0.7993465247913262,1.0,1.0,1.0,0.9283380445683308,True,2021.08.30.13.45.25_veh-40_00610_00771,1,1630331911.500592,332526.2895475205,4690406.544853536,332548.1704587749,4690389.619589774,0.0,0.05263157894736842,0.8122957889972895
399,7db6e4bbd119fd8c7,1.0,1.0,1.0,1.0,0.8011656308203808,1.0,0.0,1.0,0.7861305824358503,True,2021.09.16.13.53.10_veh-42_01510_01591,1,1631802023.90023,588938.3075398867,4474937.960898403,588928.2877763516,4474967.782547801,1.0,1.508616581194926e-215,0.812864259631369
400,ffa71fc1b5b55f4ea,1.0,1.0,1.0,1.0,0.8132426621740675,1.0,1.0,1.0,0.9333009507764528,True,2021.09.16.19.27.01_veh-45_01749_03230,1,1631823147.500208,587568.6480347203,4475895.242217527,587577.2260249187,4475922.411909592,0.0,1.0,0.8166383319293962
401,5fd00e9375f6b46f9,1.0,1.0,0.5,1.0,0.5792885702340055,1.0,0.0,1.0,0.3534443875417867,True,2021.09.29.19.02.14_veh-28_00540_00917,1,1632942864.799754,331271.4708679442,4690981.809898964,331267.7805766479,4690974.942402215,0.0,1.9567886512289152e-97,0.30926383909906335
402,2efb596222f8cbb75,1.0,1.0,0.0,1.0,1.0,1.0,0.0,1.0,0.0,True,2021.10.06.08.16.17_veh-52_01430_01579,1,1633509800.199977,365571.0317580703,143704.15222574864,365551.48562059493,143717.70377842718,1.0,4.3610027362374813e-122,0.0
403,73e128068f712ead2,0.0,1.0,1.0,1.0,1.0,0.0,0.0,1.0,0.0,True,2021.09.16.19.27.01_veh-45_01749_03230,1,1631822805.499882,587704.3329937751,4475547.380003737,587689.1757812977,4475528.660287287,0.0,0.0003597428579312513,0.0
404,bb46fbd459543e9c1,1.0,0.0,1.0,1.0,0.9595595213674483,1.0,1.0,1.0,0.0,True,2021.09.16.13.53.10_veh-42_00180_00342,1,1631800730.8999748,589105.526973256,4474612.905305117,589120.5921471117,4474573.86917191,1.0,0.9992550937166881,0.0
405,24d9e424388a37357,1.0,1.0,1.0,1.0,0.8860943726576721,1.0,0.0,1.0,0.8164622759491686,True,2021.09.16.19.27.01_veh-45_01749_03230,1,1631822805.499882,587685.0211546674,4475523.256566047,587678.4397520823,4475515.920920972,0.0,0.0,0.7144044914555225
406,4a53fe73af8c37bee,1.0,1.0,1.0,1.0,0.6308629221723032,1.0,0.0,1.0,0.7253081864901082,True,2021.05.25.17.54.41_veh-35_04111_04288,1,1621983957.900826,664537.9928292073,3998972.2790945447,664532.6625940157,3998964.298655124,1.0,2.4539569967127345e-61,0.7596446631788447
407,8124438bc47b3654f,1.0,1.0,0.0,1.0,1.0,1.0,0.0,1.0,0.0,True,2021.10.06.08.16.17_veh-52_01430_01579,1,1633509800.199977,365605.640428486,143689.36329873124,365569.247435541,143706.12526991795,1.0,0.0,0.0
408,0af32ef4c6cb2b293,1.0,1.0,0.0,1.0,1.0,1.0,0.0,1.0,0.0,True,2021.09.29.19.02.14_veh-28_00540_00917,1,1632942865.2996528,331286.2742970745,4691003.399076059,331273.88031436264,4690985.912518187,0.0,1.165649244819905e-51,0.0
409,9330871bc582e7f96,1.0,1.0,1.0,1.0,0.7803957711644741,1.0,0.0,1.0,0.7787127754158837,True,2021.09.16.13.53.10_veh-42_00180_00342,1,1631800730.399843,589112.2853996828,4474593.406745759,589123.1419132757,4474566.203252259,1.0,1.3410544195559146e-26,0.8063736784888982
410,eafa5db95b382255d,1.0,1.0,1.0,1.0,1.0,1.0,0.0,1.0,0.8571428571428571,True,2021.10.06.08.16.17_veh-52_00181_00574,1,1633508579.200625,365654.30449949537,144038.41002102327,365654.30565936817,144038.41056169698,0.0,0.125,0.75
411,0cbcae8358528cd55,1.0,1.0,1.0,1.0,1.0,1.0,0.0,1.0,0.8571428571428571,True,2021.09.16.13.53.10_veh-42_01510_01591,1,1631802024.400091,588948.663650151,4474896.1632410055,588932.1985340301,4474950.481989924,1.0,0.9895930989836416,0.875
412,d31445529f320e6e9,0.0,1.0,1.0,1.0,1.0,0.0,1.0,1.0,0.0,True,2021.09.29.18.19.40_veh-28_01268_01685,1,1632940994.599623,330970.68100330053,4690951.196563321,330978.9107413359,4690942.911767436,0.0,0.16666666666666666,0.0
413,1442b131da263f4dc,1.0,1.0,1.0,1.0,0.8134251899758674,1.0,1.0,1.0,0.9333661392770954,True,2021.09.16.19.27.01_veh-45_01749_03230,1,1631822804.9998279,587699.0926727952,4475539.497028267,587684.9206122278,4475522.4211161295,1.0,7.283763231792699e-125,0.9416953718674586
414,5929f8a55e3904cac,1.0,1.0,1.0,1.0,0.587352674797889,1.0,1.0,1.0,0.8526259552849603,True,2021.09.16.19.12.04_veh-42_01438_01677,1,1631821526.4999418,588267.1077304885,4475892.559222233,588254.3996162448,4475882.624760782,0.0,0.0,0.7460477108743403
415,ceabdb590d507edf3,1.0,1.0,1.0,1.0,0.7665529545808097,1.0,0.0,1.0,0.7737689123502892,True,2021.09.16.17.40.09_veh-45_02539_02745,1,1631816816.899785,587568.9284274018,4475895.939512587,587576.1483741276,4475919.03460197,0.0,0.125,0.6770477983065031
416,dd01f78238cd88b26,1.0,1.0,1.0,1.0,0.7850636994711098,1.0,1.0,1.0,0.9232370355253963,True,2021.09.16.15.47.30_veh-45_01199_01391,1,1631808659.800304,588038.8357875779,4475716.91014416,588028.264671279,4475708.015166338,0.0,0.0,0.8078324060847217
417,c69cdc989b0472928,0.0,1.0,1.0,1.0,1.0,0.0,0.0,1.0,0.0,True,2021.05.25.17.54.41_veh-35_04111_04288,1,1621983958.4004478,664550.1570469643,3999002.2939034933,664536.6201582482,3998972.939366164,1.0,0.9996733016182108,0.0
418,b1eef6642f7b29370,1.0,1.0,1.0,1.0,0.8219658575118481,1.0,1.0,1.0,0.9364163776828028,True,2021.10.06.07.26.10_veh-52_02208_02394,1,1633507462.70014,365191.3224346388,143577.44945254942,365186.8769742176,143565.81374380656,1.0,0.0,0.9443643304724525
419,ddfba30b82c7a702c,0.0,0.0,1.0,1.0,1.0,0.0,0.0,1.0,0.0,True,2021.09.16.19.27.01_veh-45_01749_03230,1,1631822423.500103,587727.2455946532,4475905.810571014,587762.0584507858,4475881.957095397,1.0,1.2158869503978519e-25,0.0
420,0206d7321fb32894a,1.0,1.0,1.0,1.0,0.8764479925300916,1.0,1.0,1.0,0.9558742830464614,True,2021.10.06.08.16.17_veh-52_00181_00574,1,1633508579.7004578,365646.3320998984,144047.55387643265,365650.5977574748,144040.0653201087,1.0,0.125,0.9613899976656537
421,b2a29ceff702c11c1,1.0,1.0,1.0,1.0,0.7073855683037352,1.0,0.0,1.0,0.7526377029656197,True,2021.10.06.08.16.17_veh-52_01430_01579,1,1633509800.199977,365569.29369799234,143706.03479698172,365551.52768441336,143718.27567758842,1.0,2.9161498067669465e-129,0.7835579900949172
422,d02ab95331cc7550b,1.0,0.0,0.0,1.0,1.0,1.0,0.0,1.0,0.0,True,2021.10.06.07.26.10_veh-52_01245_02064,1,1633506534.199717,365555.9283793715,143128.1513845933,365569.724397041,143104.87335869085,0.0,1.7348371569457135e-36,0.0
423,2a862303c565d9ca9,1.0,1.0,1.0,1.0,0.8838571931861169,1.0,0.0,1.0,0.815663283280756,True,2021.09.16.19.12.04_veh-42_01438_01677,1,1631821525.9997718,588292.3697758206,4475913.451952912,588261.4670802767,4475889.028535275,1.0,0.5120641645286783,0.8387053728706615
424,b5d11a125c8146f58,1.0,1.0,1.0,1.0,0.8960801982126925,1.0,1.0,1.0,0.9628857850759616,True,2021.09.16.15.47.30_veh-45_01199_01391,1,1631808659.300555,588039.821197683,4475716.910280125,588024.2411885101,4475703.226769407,0.0,0.0,0.8425250619414664
425,1dc510be8e058122d,1.0,1.0,1.0,1.0,0.8311221234108294,1.0,1.0,1.0,0.9396864726467248,True,2021.08.30.16.16.44_veh-40_00779_01088,1,1630341132.500438,331694.81093865115,4690854.859626624,331689.0029340289,4690867.627740921,1.0,4.337954423866692e-73,0.9472256635658842
426,d760fd5131cb248fc,1.0,0.0,1.0,1.0,0.7402203413159839,1.0,0.0,1.0,0.0,True,2021.08.30.13.45.25_veh-40_00610_00771,1,1630331912.000762,332526.84868090245,4690406.745580821,332547.56579258374,4690392.065503922,1.0,0.05263157894736842,0.0
427,09fa657ef5c07d73d,1.0,1.0,1.0,1.0,1.0,1.0,0.0,1.0,0.8571428571428571,True,2021.10.06.08.16.17_veh-52_00181_00574,1,1633508579.200625,365652.3020882533,144038.4843835764,365652.30357287196,144038.48437413733,1.0,0.125,0.875
428,ee893ffe397bbd4fb,0.5,0.0,0.0,1.0,1.0,0.0,0.0,1.0,0.0,True,2021.08.16.14.23.37_veh-45_00015_00132,1,1629124000.0005128,589069.7882518531,4474642.40725225,589084.7573280967,4474644.610882462,0.0,0.1111111111111111,0.0
429,8381bad892c31cd51,0.5,0.0,0.0,1.0,1.0,0.0,0.0,1.0,0.0,True,2021.09.16.13.53.10_veh-42_01510_01591,1,1631802024.400091,588935.3417327383,4474935.24005744,588927.9546896279,4474960.558543602,1.0,3.7684428740521037e-215,0.0
430,9f903173a7777cf35,0.0,0.0,1.0,1.0,1.0,0.0,1.0,1.0,0.0,True,2021.09.16.15.47.30_veh-45_01199_01391,1,1631808659.300555,588060.3106367441,4475732.45264492,588030.8618669232,4475708.255161832,1.0,1.149657199271858e-121,0.0
431,13a793ea62b767a28,1.0,1.0,1.0,1.0,0.909364164109385,1.0,1.0,1.0,0.9676300586104947,True,2021.09.16.14.39.34_veh-42_00297_00935,1,1631803747.198798,587773.863568849,4475874.008803865,587797.5692591951,4475853.074055865,1.0,2.0906894707731695e-93,0.9716763012841828
432,1f46bbf6d50d08d54,1.0,1.0,0.5,1.0,1.0,1.0,0.0,1.0,0.42857142857142855,True,2021.09.29.19.02.14_veh-28_00540_00917,1,1632942864.799754,331275.28058012406,4690989.98014232,331270.45366447524,4690980.264907361,1.0,0.5112611647154435,0.4375
433,1500bcfee0aae247d,1.0,1.0,1.0,1.0,0.6001864183936894,1.0,1.0,1.0,0.8572094351406034,True,2021.10.06.07.26.10_veh-52_00006_00398,1,1633505612.7002208,365566.2098661625,143298.53057767623,365570.99055148347,143281.15605432677,0.0,1.1540450047996975e-126,0.750058255748028
434,c047340a6e1fc6422,1.0,1.0,1.0,1.0,0.8485304001713793,1.0,1.0,1.0,0.9459037143469212,True,2021.09.29.18.19.40_veh-28_00438_00833,1,1632940187.5997648,331002.95427102444,4691173.2050428875,330996.3906176173,4691168.883838818,0.0,0.125,0.827665750053556
435,f8632cecfa6bdd21f,1.0,1.0,0.0,1.0,1.0,0.0,0.0,1.0,0.0,True,2021.08.16.14.23.37_veh-45_00015_00132,1,1629123999.50084,589059.573905441,4474646.693288091,589084.3072982853,4474645.5271827625,1.0,0.1111111111111111,0.0
436,91eb99dcb70ea628c,1.0,0.0,0.0,1.0,1.0,1.0,0.0,1.0,0.0,True,2021.09.16.13.53.10_veh-42_01510_01591,1,1631802023.90023,588933.7571268744,4474938.660729532,588926.9560726483,4474964.746223842,1.0,6.654256702233399e-124,0.0
437,c6f309a29af4e8f36,1.0,1.0,0.0,1.0,0.9754555245072976,1.0,0.0,1.0,0.0,True,2021.09.29.14.44.26_veh-28_00528_00992,1,1632927674.29965,331596.9271360401,4690933.244541897,331623.50186238106,4690917.983201067,1.0,4.761976782902804e-35,0.0
438,20264c75b9737127d,1.0,1.0,1.0,1.0,0.7619634354576975,1.0,1.0,1.0,0.9149869412348919,True,2021.09.16.19.12.04_veh-42_01438_01677,1,1631821526.4999418,588285.0504880818,4475907.223873929,588260.5599880118,4475888.058660881,1.0,1.765962988977022e-143,0.9256135735805304
439,f8269fa1de4da78ec,1.0,1.0,1.0,1.0,1.0,1.0,1.0,1.0,1.0,True,2021.09.29.19.02.14_veh-28_03198_03360,1,1632945497.799588,332638.50359349424,4690319.58412014,332596.2781436575,4690344.692553131,1.0,1.8047321321191745e-110,1.0
440,1908461428632f5dd,1.0,0.0,1.0,1.0,0.9600479344993297,1.0,1.0,1.0,0.0,True,2021.09.16.14.39.34_veh-42_00032_00186,1,1631803314.199601,589247.3285721237,4474191.2945654,589238.3181026995,4474232.368627221,1.0,5.565848200154615e-10,0.0
441,da3afbb4ab75483b4,0.0,0.0,0.0,1.0,1.0,0.0,0.0,0.0,0.0,True,2021.08.30.14.54.34_veh-40_00439_00835,1,1630336046.000267,331721.8392475188,4690953.518715343,331695.6720021058,4690964.7800117005,0.0,0.009587769853517326,0.0
442,0950505e558866cf8,1.0,1.0,1.0,1.0,0.8349977165091844,1.0,0.0,1.0,0.7982134701818515,True,2021.09.16.19.27.01_veh-45_01749_03230,1,1631822423.500103,587753.0220069942,4475887.051064164,587770.0615446118,4475875.644073664,0.0,2.458552500459461e-105,0.6984367864091201
443,9b4f213c9ca37efb2,1.0,1.0,1.0,1.0,1.0,1.0,0.0,1.0,0.8571428571428571,True,2021.06.28.20.24.43_veh-38_03385_04952,1,1624915586.099568,664222.2249888764,3997364.019480946,664203.2923480963,3997358.716324776,1.0,0.05555555555555555,0.875
444,854e5e93c34b9c7cd,1.0,1.0,0.0,1.0,1.0,1.0,0.0,1.0,0.0,True,2021.09.16.14.39.34_veh-42_00297_00935,1,1631803747.198798,587784.7156258071,4475862.387683286,587802.0177001004,4475849.516028361,1.0,0.9999999907858351,0.0
445,ca366055bc1b9838a,1.0,1.0,1.0,1.0,1.0,1.0,1.0,1.0,1.0,True,2021.08.30.16.16.44_veh-40_00779_01088,1,1630341132.500438,331697.787868825,4690855.270064801,331690.9370884786,4690867.452065067,1.0,4.328865131079051e-51,1.0
446,78fdd992fa8acb334,0.0,1.0,1.0,1.0,1.0,0.0,1.0,1.0,0.0,True,2021.09.16.15.47.30_veh-45_01199_01391,1,1631808659.300555,588061.3800440306,4475734.473504767,588033.8035870172,4475712.4696461605,0.0,1.519733645092799e-12,0.0
447,f803ae18d279169ec,1.0,1.0,1.0,1.0,0.4596924456339023,1.0,0.0,1.0,0.6641758734406794,True,2021.09.29.14.44.26_veh-28_00528_00992,1,1632927674.799846,331620.9883787826,4690919.2515699025,331630.0357573437,4690913.580670344,0.0,1.0411597151697467e-61,0.5811538892605945
448,4c8f4212a26a493af,0.5,0.0,1.0,1.0,1.0,0.0,0.0,1.0,0.0,True,2021.06.28.15.02.02_veh-38_02398_02848,1,1624895257.499822,664418.9677110494,3997335.571377938,664425.6227360871,3997347.293741698,0.0,6.260060916815699e-43,0.0
449,afb926f0852a51d14,1.0,1.0,1.0,1.0,0.0,1.0,1.0,1.0,0.6428571428571429,True,2021.09.16.14.39.34_veh-42_00297_00935,1,1631804077.200008,587806.4306933172,4475664.122151747,587806.429952761,4475664.121790195,1.0,9.822226666775792e-17,0.6875
450,1fa4a4d07117f21ba,1.0,1.0,1.0,1.0,0.7907104817900827,0.0,0.0,1.0,0.4252537434964581,True,2021.09.29.19.02.14_veh-28_03198_03360,1,1632945497.2998369,332608.5882700388,4690337.005327876,332583.25306846376,4690351.70594693,1.0,2.249117911105328e-99,0.49709702555940083
451,666a09df2cf7b4568,1.0,1.0,0.0,1.0,1.0,1.0,0.0,1.0,0.0,True,2021.09.16.14.39.34_veh-42_00032_00186,1,1631803314.699573,589252.4358777149,4474181.514277535,589241.358769065,4474225.289153684,1.0,2.0515740457903956e-93,0.0
452,85102a1c7b55bc154,1.0,0.0,1.0,1.0,0.7401418333971954,1.0,1.0,1.0,0.0,True,2021.10.06.07.26.10_veh-52_01245_02064,1,1633507005.70008,365091.4415274,143330.64961170702,365084.6216424055,143324.5908765118,0.0,0.09090909090909091,0.0
453,38bdb6df2119d0042,1.0,0.0,1.0,1.0,0.7767112878947755,1.0,0.0,1.0,0.0,True,2021.08.30.13.45.25_veh-40_00610_00771,1,1630331912.000762,332515.38714156026,4690413.705737246,332543.4535010882,4690394.17508031,1.0,0.05263157894736842,0.0
454,00c800ba9acb02aa0,1.0,1.0,1.0,1.0,0.5749367878169549,1.0,1.0,1.0,0.8481917099346268,True,2021.09.16.13.53.10_veh-42_01510_01591,1,1631802024.400091,588934.1579377339,4474944.644489207,588928.2320171817,4474964.133319936,0.0,0.0,0.7421677461927985
455,f77bd4f74cbf5fa01,1.0,1.0,1.0,1.0,0.5833447096228592,1.0,1.0,1.0,0.8511945391510212,True,2021.09.29.18.19.40_veh-28_00438_00833,1,1632940187.0998518,331000.18527373206,4691169.665488975,330994.26703172195,4691166.188960464,1.0,5.976948073629124e-21,0.8697952217571435
456,27f023bf8333f5410,1.0,1.0,1.0,1.0,0.762641452122502,1.0,1.0,1.0,0.9152290900437506,True,2021.10.06.08.16.17_veh-52_01949_02501,1,1633510371.6997008,365938.910930398,143045.540433826,365937.4138215718,143054.87632389314,1.0,7.979433650531206e-176,0.9258254537882818
457,eabd2a62e5069e1a4,1.0,1.0,1.0,1.0,0.7937903633092438,1.0,1.0,1.0,0.9263537011818729,True,2021.08.30.13.45.25_veh-40_00610_00771,1,1630331911.500592,332517.45252228226,4690411.317822441,332546.51939559804,4690391.15956039,1.0,0.05263157894736842,0.9355594885341387
458,32dff9c93368fc640,1.0,1.0,1.0,1.0,1.0,1.0,0.0,1.0,0.8571428571428571,True,2021.09.16.13.53.10_veh-42_01510_01591,1,1631802024.400091,588939.3394903593,4474935.05150875,588929.6757625894,4474964.126592021,1.0,0.0,0.875
459,7b88d46ce71736357,1.0,1.0,0.5,1.0,1.0,1.0,0.0,1.0,0.42857142857142855,True,2021.09.29.19.02.14_veh-28_00540_00917,1,1632942865.2996528,331277.43243916426,4690994.485438301,331271.2336242275,4690982.024088603,1.0,0.17621502149444593,0.4375
460,3e0e221b32c026dc2,1.0,0.0,0.0,1.0,1.0,1.0,0.0,1.0,0.0,True,2021.09.16.13.53.10_veh-42_01510_01591,1,1631802023.90023,588947.9460281362,4474908.45773213,588931.2083923587,4474959.535153652,1.0,0.00019047610052446966,0.0
461,d78f1814c06d766b1,1.0,1.0,1.0,1.0,1.0,1.0,1.0,1.0,1.0,True,2021.08.30.16.16.44_veh-40_00779_01088,1,1630341133.0003679,331698.9760692836,4690852.6823586775,331692.2896030508,4690866.951490272,1.0,3.678213236437551e-21,1.0
462,2664f428da61db472,1.0,1.0,1.0,1.0,0.8844988405213478,0.0,0.0,1.0,0.45874958590048137,True,2021.09.29.19.02.14_veh-28_03198_03360,1,1632945497.799588,332614.9704266188,4690332.810319879,332585.34090481413,4690350.177188721,1.0,6.467144920546563e-56,0.5264058876629212
463,500c799cf6e33c39e,1.0,0.0,1.0,1.0,1.0,1.0,1.0,1.0,0.0,True,2021.09.16.14.39.34_veh-42_00297_00935,1,1631804076.700115,587820.5136846447,4475661.858924149,587804.5740020514,4475662.952412776,0.0,7.225742021574687e-41,0.0
464,03aa909d3767ff00e,1.0,1.0,1.0,1.0,0.8543318832207457,1.0,1.0,1.0,0.9479756725788377,True,2021.10.06.07.26.10_veh-52_00006_00398,1,1633505612.7002208,365549.6588371715,143332.96199902552,365567.63332825445,143293.34426488262,1.0,1.4181495135029196e-58,0.9544787135064831
465,168a27b36c1bcf538,1.0,1.0,0.0,1.0,1.0,1.0,0.0,1.0,0.0,True,2021.09.16.13.53.10_veh-42_00077_00153,1,1631800577.400178,589349.7448817464,4473897.177633508,589332.296506273,4473929.99063741,0.0,7.216521424708029e-05,0.0
466,4d27e0875d79e55cb,1.0,0.0,1.0,1.0,0.7498025513714957,1.0,1.0,1.0,0.0,True,2021.09.16.19.27.01_veh-45_01749_03230,1,1631823147.500208,587577.6791307257,4475927.278809591,587584.9149084353,4475933.054736191,0.0,0.0,0.0
467,3864e1953b7d8cbc6,1.0,1.0,1.0,1.0,0.9630414381891661,1.0,1.0,0.0,0.843943370781845,True,2021.10.06.08.16.17_veh-52_01949_02501,1,1633510371.199955,365930.27340189787,143031.56957286544,365939.5454930397,143052.6881530399,0.0,0.05555555555555555,0.7384504494341144
468,56873aea1946dc836,1.0,1.0,1.0,1.0,1.0,1.0,1.0,1.0,1.0,True,2021.09.16.14.39.34_veh-42_00032_00186,1,1631803314.199601,589250.6527414456,4474182.308253788,589238.7775997219,4474229.656656049,1.0,8.177621501054092e-49,1.0
469,b7f7527c14d0de1ef,1.0,1.0,0.0,1.0,1.0,1.0,0.0,1.0,0.0,True,2021.09.16.14.39.34_veh-42_00032_00186,1,1631803314.199601,589246.2954406809,4474208.01868119,589236.448886054,4474239.288256187,1.0,8.409315159959489e-58,0.0
470,93c5dce231ad8a838,1.0,1.0,1.0,1.0,0.7626411246942121,1.0,1.0,1.0,0.9152289731050757,True,2021.08.16.14.23.37_veh-45_00015_00132,1,1629124000.0005128,589083.0449720871,4474644.566425136,589091.6050335543,4474647.14796577,1.0,0.1111111111111111,0.9258253514669412
471,c55b51f6860007830,1.0,1.0,0.0,1.0,1.0,1.0,0.0,1.0,0.0,True,2021.09.29.14.44.26_veh-28_00337_00504,1,1632927138.7995958,331172.27732751257,4690589.532732126,331186.69425325305,4690575.826482323,1.0,1.489260590899351e-13,0.0
472,956f2e4043c1b8f4d,1.0,1.0,1.0,1.0,0.9879958790126443,1.0,1.0,1.0,0.9957128139330873,True,2021.09.16.15.47.30_veh-45_01199_01391,1,1631808659.800304,588040.9130027788,4475718.068724356,588025.7916886903,4475704.735223918,0.0,0.0,0.8712487121914514
473,fd157e67d430fdab3,0.0,1.0,1.0,1.0,1.0,0.0,0.0,1.0,0.0,True,2021.10.06.07.26.10_veh-52_02208_02394,1,1633507462.199924,365203.4404737871,143601.38160625708,365191.3819191365,143575.3752005165,0.0,7.397592993147448e-12,0.0
474,5c8283705c1e44a16,0.0,1.0,1.0,1.0,1.0,0.0,1.0,1.0,0.0,True,2021.09.16.15.47.30_veh-45_01199_01391,1,1631808659.800304,588059.3462689302,4475733.444873523,588037.1425543596,4475715.66420231,0.0,4.4734106289760095e-21,0.0
475,da02d1fbeb2cec70a,0.0,0.0,0.0,1.0,1.0,0.0,1.0,0.0,0.0,True,2021.08.30.14.54.34_veh-40_00439_00835,1,1630336046.5001879,331734.0321934111,4690946.548353585,331703.94261469424,4690963.043996332,0.0,0.058823529411764705,0.0
476,9632710f733828256,1.0,1.0,1.0,1.0,0.9534447021676049,1.0,0.0,1.0,0.8405159650598589,True,2021.09.16.19.27.01_veh-45_01749_03230,1,1631822424.000396,587735.8688797534,4475898.744020099,587761.2362234798,4475881.5178024005,1.0,1.915709734688609e-14,0.8604514694273766
477,8a89ac1132afc51b4,1.0,0.0,1.0,1.0,1.0,1.0,0.0,1.0,0.0,True,2021.09.16.14.39.34_veh-42_00297_00935,1,1631804076.700115,587831.5697072713,4475654.043930212,587809.1829007344,4475665.695740843,0.0,0.002165580993745519,0.0
478,57f473049e88971e9,1.0,1.0,0.0,1.0,0.7826326061991606,1.0,0.0,1.0,0.0,True,2021.08.30.13.45.25_veh-40_00610_00771,1,1630331911.500592,332534.09297343553,4690398.515175362,332552.651885375,4690385.755385483,0.0,0.05263157894736842,0.0
479,03edf6df45ef3dc2c,1.0,1.0,1.0,1.0,1.0,1.0,0.0,1.0,0.8571428571428571,True,2021.06.28.20.24.43_veh-38_03385_04952,1,1624915586.099568,664230.7280389882,3997362.710314664,664205.285185427,3997357.2640330438,1.0,0.05555555555555555,0.875
480,7b53923d6ec4115f3,1.0,0.0,0.0,1.0,1.0,1.0,0.0,1.0,0.0,True,2021.09.16.14.39.34_veh-42_00032_00186,1,1631803314.699573,589252.3380741175,4474190.466054673,589240.0739981565,4474231.659950685,0.0,1.2914085268312891e-20,0.0
481,c99ebd2dc27c56b12,1.0,0.0,0.0,1.0,1.0,1.0,0.0,1.0,0.0,True,2021.10.06.07.26.10_veh-52_01245_02064,1,1633506534.699815,365554.05789575004,143130.37685489721,365569.28321218956,143106.06107433306,0.0,5.510038011194275e-66,0.0
482,8f6e1b2f271bab9a1,1.0,1.0,1.0,1.0,0.6836688901985719,1.0,0.0,1.0,0.7441674607852041,True,2021.10.06.07.26.10_veh-52_01245_02064,1,1633507006.1998289,365094.060150199,143341.22040755895,365086.8819779979,143327.58079826974,1.0,0.09090909090909091,0.7761465281870537
483,f5751be1c6f840216,1.0,0.0,0.0,1.0,1.0,1.0,0.0,1.0,0.0,True,2021.10.06.07.26.10_veh-52_01245_02064,1,1633506534.699815,365552.6433397108,143128.56738799685,365569.2609353505,143108.28394053844,0.0,1.4501198178339118e-31,0.0
484,c4c4fa45496336f70,1.0,1.0,0.5,1.0,1.0,1.0,0.0,1.0,0.42857142857142855,True,2021.09.16.13.53.10_veh-42_00180_00342,1,1631800730.399843,589119.7318870948,4474573.278148323,589124.8182202596,4474559.7995825065,0.0,1.2291238752375087e-222,0.375
485,e9738336730d6755b,1.0,0.0,1.0,1.0,1.0,1.0,0.0,1.0,0.0,True,2021.08.30.13.45.25_veh-40_00610_00771,1,1630331912.000762,332506.232195374,4690420.161473809,332540.53029872157,4690396.298013311,1.0,0.05263157894736842,0.0
486,ca0adf718f5972567,1.0,0.0,1.0,1.0,0.7860045614866703,1.0,1.0,1.0,0.0,True,2021.09.16.19.27.01_veh-45_01749_03230,1,1631822804.9998279,587706.3316907745,4475546.4675803175,587688.4423260444,4475526.458789087,1.0,2.3919995387118937e-11,0.0
487,bdd6ec1614649724b,1.0,0.0,1.0,1.0,1.0,1.0,0.0,1.0,0.0,True,2021.10.06.08.16.17_veh-52_00181_00574,1,1633508579.200625,365643.8599165925,144050.60028367056,365651.27129785647,144039.17633240015,1.0,0.125,0.0
488,d89331799987b6909,0.0,1.0,1.0,1.0,1.0,0.0,1.0,0.0,0.0,True,2021.06.28.15.02.02_veh-38_02398_02848,1,1624895257.499822,664405.1104662541,3997337.742786498,664423.7460586376,3997343.821845181,0.0,0.9999948170699307,0.0
489,84e277e20e4dfaf5c,1.0,1.0,1.0,1.0,0.8937150549390702,1.0,0.0,1.0,0.819183948192525,True,2021.05.25.17.54.41_veh-35_04111_04288,1,1621983957.900826,664537.128575999,3998972.514335181,664530.9638016134,3998961.488720574,1.0,1.35166261993845e-153,0.8417859546684594
490,1e76d24e6c9b36a12,1.0,0.0,1.0,1.0,0.9489875854200926,1.0,0.0,1.0,0.0,True,2021.09.16.13.53.10_veh-42_01510_01591,1,1631802024.400091,588941.8489632766,4474917.341395978,588929.9159304076,4474957.578012911,1.0,8.978119582509774e-88,0.0
491,d913eb830099d4dfe,1.0,0.0,0.5,1.0,1.0,1.0,0.0,1.0,0.0,True,2021.10.06.08.16.17_veh-52_00181_00574,1,1633508579.7004578,365642.81868817203,144040.14734169608,365654.3075720059,144038.4121993,0.0,0.125,0.0
492,69efea362deb3273e,1.0,0.0,1.0,1.0,1.0,1.0,0.0,1.0,0.0,True,2021.09.16.13.53.10_veh-42_01510_01591,1,1631802024.400091,588940.5123638795,4474927.619471538,588930.2375395723,4474960.536159194,1.0,1.0287105787147958e-177,0.0
493,4a6cfd874f908500b,1.0,1.0,1.0,1.0,0.768483468244841,1.0,0.0,1.0,0.7744583815160146,True,2021.09.29.14.44.26_veh-28_00528_00992,1,1632927674.29965,331605.508243569,4690928.890092219,331625.4091842071,4690916.258688184,1.0,5.382934529267233e-05,0.8026510838265128
494,daa10fc178dc83dfb,1.0,0.0,1.0,1.0,1.0,1.0,0.0,1.0,0.0,True,2021.08.30.13.45.25_veh-40_00610_00771,1,1630331912.000762,332530.44647787494,4690405.478589506,332550.638449516,4690391.463079328,1.0,0.05263157894736842,0.0
495,8c25a75ef46e49d9f,1.0,1.0,1.0,1.0,0.6356697000386299,1.0,1.0,1.0,0.8698820357280821,True,2021.10.06.08.16.17_veh-52_01949_02501,1,1633510371.6997008,365951.2369650294,143046.69967161526,365938.34908545297,143056.77142779893,0.0,2.297383677841686e-264,0.7611467812620718
496,1b4910e763891cfbd,0.0,0.0,0.5,1.0,1.0,0.0,0.0,1.0,0.0,True,2021.06.28.15.02.02_veh-38_02398_02848,1,1624895257.9995039,664406.6486086783,3997332.042999729,664424.2952174039,3997343.538580775,0.0,0.08333333333333333,0.0
497,b88788ff5a11cb94f,1.0,1.0,1.0,1.0,0.5821278017375041,1.0,1.0,1.0,0.8507599291919659,True,2021.09.29.19.02.14_veh-28_00540_00917,1,1632942865.2996528,331273.6508746907,4690982.555129885,331269.8337695074,4690976.451053813,0.0,7.981554447848175e-59,0.7444149380429701
498,372a537447f7672b9,1.0,0.0,1.0,1.0,0.8190139838606276,1.0,1.0,1.0,0.0,True,2021.08.30.16.16.44_veh-40_00779_01088,1,1630341132.500438,331691.6702068435,4690863.4739298895,331685.3207442087,4690869.801260545,0.0,4.581142720763941e-211,0.0
499,300e70e9d228631b4,1.0,1.0,0.0,1.0,1.0,1.0,0.0,0.0,0.0,True,2021.09.16.19.27.01_veh-45_01749_03230,1,1631823147.500208,587570.9840057081,4475894.707312057,587579.5355202686,4475922.166589149,0.0,7.325281900347289e-27,0.0
500,9fd492f6ce88318ef,1.0,0.0,1.0,1.0,1.0,1.0,1.0,1.0,0.0,True,2021.09.29.14.44.26_veh-28_00528_00992,1,1632927674.29965,331591.54736434633,4690939.814329495,331622.6811847868,4690919.886037484,1.0,3.3052329440092473e-71,0.0
501,5b32d8e1dbbbd670a,1.0,1.0,0.0,1.0,1.0,1.0,0.0,1.0,0.0,True,2021.09.16.19.27.01_veh-45_01749_03230,1,1631822423.500103,587735.2294781803,4475896.6235857345,587764.2901467276,4475878.507382195,1.0,0.020861608193178536,0.0
502,1a221329baff3bfe2,1.0,1.0,1.0,1.0,1.0,1.0,1.0,1.0,1.0,True,2021.05.25.14.24.08_veh-25_03764_04034,1,1621970882.500146,664479.05145497,3997878.849111819,664505.3205664351,3997878.529705767,1.0,7.479828696567802e-05,1.0
503,15f665441aeb9b139,1.0,1.0,1.0,1.0,0.5156236961240468,1.0,1.0,1.0,0.8270084629014453,True,2021.09.29.18.19.40_veh-28_00438_00833,1,1632940187.5997648,330992.37797838566,4691165.544177165,330988.02747508354,4691162.882291521,1.0,0.125,0.8486324050387646
504,f7608da692db5aeb1,1.0,0.0,0.0,1.0,1.0,1.0,0.0,1.0,0.0,True,2021.10.06.07.26.10_veh-52_01245_02064,1,1633506534.699815,365556.4661233607,143124.9639479066,365569.75650054676,143106.2815066407,0.0,7.091178539408822e-69,0.0
505,821ded6741a70217e,1.0,1.0,1.0,1.0,1.0,1.0,1.0,1.0,1.0,True,2021.05.25.14.24.08_veh-25_03764_04034,1,1621970882.500146,664486.364576186,3997877.7487257756,664509.4496006696,3997878.554547431,1.0,1.5489036651200238e-28,1.0
506,c3d1977a554fb24b2,1.0,1.0,1.0,1.0,0.7534120445464031,1.0,0.0,1.0,0.769075730195144,True,2021.09.16.19.27.01_veh-45_01749_03230,1,1631822804.9998279,587697.2272797573,4475537.665344927,587684.9196830913,4475522.356172041,1.0,2.5273115318716977e-126,0.7979412639207509
507,5667ac6a20c2d6e51,1.0,1.0,1.0,1.0,1.0,1.0,0.0,1.0,0.8571428571428571,True,2021.09.16.13.53.10_veh-42_00077_00153,1,1631800577.400178,589349.6364419162,4473891.819427966,589332.7862392453,4473927.950177093,0.0,0.9998875240938191,0.75
508,e42fb75cf07b74514,1.0,1.0,1.0,1.0,0.5263794201368573,1.0,1.0,1.0,0.8308497929060205,True,2021.09.29.14.44.26_veh-28_00528_00992,1,1632927674.29965,331625.2299109866,4690917.104141207,331634.7495796428,4690911.434072089,1.0,4.2400233070779648e-165,0.8519935687927679
509,2366b4156fa09a0bc,1.0,1.0,0.5,1.0,1.0,1.0,0.0,1.0,0.42857142857142855,True,2021.09.29.19.02.14_veh-28_00540_00917,1,1632942865.2996528,331276.2278663864,4690988.103526504,331271.54188334907,4690982.166205453,1.0,0.8237849785055539,0.4375
510,1bd9daba7d7d502b0,1.0,1.0,1.0,1.0,1.0,1.0,1.0,1.0,1.0,True,2021.05.25.14.24.08_veh-25_03764_04034,1,1621970883.000027,664485.7398149981,3997877.4987422205,664507.6491636821,3997877.3571849037,1.0,0.9999995884881744,1.0
511,37965fbc732bb2aaf,1.0,0.0,1.0,1.0,0.8032037308818024,1.0,1.0,1.0,0.0,True,2021.08.30.14.54.34_veh-40_00439_00835,1,1630336046.000267,331700.95283016196,4690960.234140166,331689.2634314216,4690960.14653168,0.0,8.320466816832336e-116,0.0
512,f0d9c76a3b3a29839,1.0,1.0,1.0,1.0,1.0,1.0,0.0,1.0,0.8571428571428571,True,2021.06.28.20.24.43_veh-38_03385_04952,1,1624915586.099568,664220.8113541147,3997364.108586362,664204.0740846782,3997359.3014200707,0.0,0.05555555555555555,0.75
513,175bc910c16425e5c,1.0,1.0,1.0,1.0,0.6776315168011132,1.0,1.0,1.0,0.8848683988575404,True,2021.08.30.14.54.34_veh-40_00439_00835,1,1630336046.000267,331701.839237132,4690962.912320754,331689.62729825615,4690961.475496565,0.0,6.470221835331234e-89,0.7742598490003478
514,dcb9f36fff6b09354,1.0,1.0,1.0,1.0,0.9542372008300438,1.0,0.0,1.0,0.8407990002964443,True,2021.09.16.19.27.01_veh-45_01749_03230,1,1631823147.500208,587565.2441961265,4475882.552027536,587575.8748035372,4475918.876284115,0.0,3.369915509779372e-41,0.7356991252593887
515,591164dffebc72c33,1.0,1.0,1.0,1.0,1.0,1.0,1.0,1.0,1.0,True,2021.06.28.20.24.43_veh-38_03385_04952,1,1624915586.5998569,664206.9458175243,3997361.7224718244,664195.1641410688,3997359.319533426,0.0,0.05555555555555555,0.875
516,5b7915b6c4d354972,1.0,1.0,1.0,1.0,0.9895788631510206,1.0,1.0,1.0,0.9962781654110788,True,2021.06.03.13.55.17_veh-35_02866_03582,1,1622746500.600565,664693.470297289,3999287.5166432033,664688.9744034295,3999280.4649966084,1.0,0.16666666666666666,0.996743394734694
517,93dbd55a373bc4efe,1.0,1.0,1.0,1.0,0.7964563695048225,1.0,0.0,1.0,0.7844487033945794,True,2021.09.29.19.02.14_veh-28_03198_03360,1,1632945497.2998369,332611.5623697864,4690335.102476012,332585.04541081726,4690350.979384273,1.0,6.157105653647856e-50,0.811392615470257
518,1fbe931a028dff6f9,1.0,1.0,0.0,1.0,1.0,1.0,0.0,1.0,0.0,True,2021.09.16.14.39.34_veh-42_00297_00935,1,1631803747.198798,587771.5013918594,4475873.360506472,587797.2183468124,4475852.771571902,0.0,4.426444437972831e-98,0.0
519,1c9335961ee565478,1.0,1.0,1.0,1.0,1.0,1.0,1.0,1.0,1.0,True,2021.05.25.14.24.08_veh-25_03764_04034,1,1621970883.000027,664479.2878035785,3997880.3267711196,664502.4987682838,3997878.6239367863,0.0,2.001718470525569e-62,0.875
520,749ce2a3f7c56b638,1.0,1.0,1.0,1.0,0.7575128405558818,1.0,1.0,1.0,0.913397443055672,True,2021.06.28.15.02.02_veh-38_02398_02848,1,1624895257.499822,664423.4978097717,3997343.1366923787,664425.5490008096,3997352.4725675606,1.0,2.1456798129930155e-193,0.9242227626737131
521,58f91f82a3c230e1e,0.5,1.0,0.0,1.0,1.0,0.0,0.0,1.0,0.0,True,2021.09.16.14.39.34_veh-42_00297_00935,1,1631804077.200008,587839.0942069506,4475654.13876474,587814.317475888,4475668.18778495,0.0,1.595846524738668e-83,0.0
522,c73438b8126946550,1.0,1.0,1.0,1.0,0.7898567399498477,1.0,0.0,1.0,0.7820916928392313,True,2021.10.06.07.26.10_veh-52_00006_00398,1,1633505612.7002208,365563.52715834987,143310.98182109874,365571.38112235523,143282.391838244,1.0,2.8089775620149436e-89,0.8093302312343273
523,2532060dd97ed7c45,1.0,1.0,1.0,1.0,1.0,1.0,0.0,1.0,0.8571428571428571,True,2021.05.25.14.24.08_veh-25_03764_04034,1,1621970883.000027,664501.7907931292,3997880.389950278,664518.7651898714,3997879.273444343,1.0,2.698969285843926e-290,0.875
524,9bd2024518849085f,1.0,1.0,0.0,1.0,1.0,1.0,0.0,1.0,0.0,True,2021.09.29.14.44.26_veh-28_00528_00992,1,1632927674.29965,331588.5549765232,4690938.389903446,331622.78133315116,4690918.190337137,1.0,4.336277222155901e-50,0.0
525,0128e6a2b97ff89b5,0.0,1.0,1.0,1.0,1.0,0.0,0.0,1.0,0.0,True,2021.10.06.07.26.10_veh-52_02208_02394,1,1633507462.199924,365208.4033780083,143616.98144392803,365193.5574094628,143578.68405484105,1.0,0.024287403624010037,0.0
526,89628b64c8a329c07,1.0,0.0,0.0,1.0,1.0,1.0,0.0,1.0,0.0,True,2021.09.16.14.39.34_veh-42_00032_00186,1,1631803314.699573,589255.1701588297,4474180.219844118,589241.2317869541,4474226.98885162,0.0,5.610539761497448e-60,0.0
527,d9ae5adb158047d47,1.0,1.0,1.0,1.0,1.0,1.0,0.0,1.0,0.8571428571428571,True,2021.10.06.07.26.10_veh-52_01245_02064,1,1633507005.70008,365099.2580225395,143356.67175051797,365089.46680029115,143332.68725503262,1.0,0.09090909090909091,0.875
528,ce6402fbad2038696,1.0,0.0,0.0,1.0,1.0,1.0,0.0,0.0,0.0,True,2021.09.16.19.49.00_veh-42_00990_01609,1,1631823427.498962,587679.5866453894,4475896.005671492,587696.1276955622,4475911.024709504,0.0,0.1111111111111111,0.0
529,741792e4d3c065377,1.0,0.0,1.0,1.0,0.7564369636280921,1.0,0.0,1.0,0.0,True,2021.08.30.13.45.25_veh-40_00610_00771,1,1630331911.500592,332531.0259971406,4690404.398986844,332551.35624946066,4690389.4211941715,1.0,0.05263157894736842,0.0
530,f50ba88f5b3fedfcd,1.0,1.0,1.0,1.0,1.0,1.0,0.0,1.0,0.8571428571428571,True,2021.09.16.19.27.01_veh-45_01749_03230,1,1631822804.9998279,587687.9996945654,4475527.293567179,587680.7213862586,4475518.286478729,1.0,0.0,0.875
531,3b32da65a709f23d8,1.0,1.0,1.0,1.0,0.8454218324897044,1.0,0.0,1.0,0.8019363687463229,True,2021.05.25.14.24.08_veh-25_03764_04034,1,1621970883.000027,664496.0169349603,3997879.1940860534,664509.9151761783,3997878.8869497,0.0,3.066202088279233e-23,0.7016943226530326
532,1977bcc474e42d28a,1.0,1.0,0.5,1.0,1.0,1.0,0.0,1.0,0.42857142857142855,True,2021.09.16.13.53.10_veh-42_00180_00342,1,1631800730.8999748,589121.8994027675,4474565.867316777,589126.110331618,4474555.5961922025,1.0,0.0,0.4375
533,9e9f60c0dd89a3428,1.0,0.0,1.0,1.0,0.5290374564565397,1.0,0.0,1.0,0.0,True,2021.09.16.13.53.10_veh-42_01510_01591,1,1631802023.90023,588932.9143902052,4474952.774655133,588927.4858849753,4474968.935346343,0.0,2.1269777592209324e-276,0.0
534,a71e198a60b5a7b1b,1.0,1.0,1.0,1.0,1.0,1.0,1.0,1.0,1.0,True,2021.05.25.14.24.08_veh-25_03764_04034,1,1621970882.500146,664482.90245217,3997878.407349366,664505.5590534199,3997878.3589735045,0.0,0.004868510864317524,0.875
535,24e6339c5f9336f36,1.0,1.0,1.0,1.0,0.7678572669750169,1.0,1.0,1.0,0.9170918810625059,True,2021.09.16.19.27.01_veh-45_01749_03230,1,1631823147.500208,587572.7635684451,4475909.521219083,587580.2801609751,4475928.0631778855,1.0,1.718005911954528e-80,0.9274553959296927
536,6561872854225db74,1.0,1.0,1.0,1.0,1.0,1.0,1.0,1.0,1.0,True,2021.09.29.14.44.26_veh-28_00528_00992,1,1632927674.799846,331592.50959660305,4690939.18945029,331621.5756459874,4690919.8523772005,1.0,1.9826527691753916e-48,1.0
537,ca9e9b5a18bc96373,1.0,1.0,1.0,1.0,0.5958031303686148,1.0,0.0,1.0,0.7127868322745053,True,2021.08.30.13.45.25_veh-40_00610_00771,1,1630331912.000762,332538.658508844,4690397.7398050055,332551.1610238249,4690387.545645502,0.0,0.05263157894736842,0.6236884782401921
538,5037003d98e7c77a2,1.0,0.0,0.0,1.0,1.0,1.0,0.0,1.0,0.0,True,2021.09.16.13.53.10_veh-42_01510_01591,1,1631802024.400091,588942.3406018999,4474929.68474124,588931.8344000841,4474959.181444565,1.0,6.133084130917319e-118,0.0
539,344138bb06fa0b513,1.0,0.0,1.0,1.0,1.0,1.0,0.0,1.0,0.0,True,2021.09.16.13.53.10_veh-42_01510_01591,1,1631802024.400091,588945.4904974345,4474905.960665468,588930.9490497588,4474953.922705442,1.0,6.800493014252438e-14,0.0
540,77dea5b8b12d56203,1.0,1.0,1.0,1.0,0.9477975141701909,1.0,1.0,0.0,0.8384991122036396,True,2021.10.06.08.16.17_veh-52_01949_02501,1,1633510371.6997008,365930.08469584264,143030.38027429147,365940.9994476197,143050.84562922324,0.0,3.803231357122565e-94,0.7336867231781846
541,6e7525ff98599366a,1.0,1.0,1.0,1.0,0.9403314655744025,1.0,0.0,1.0,0.8358326662765724,True,2021.05.25.17.54.41_veh-35_04111_04288,1,1621983957.900826,664536.3198969803,3998972.372263884,664530.2581802827,3998960.331611948,1.0,2.804009516581326e-205,0.8563535829920008
542,3f8a80414eacde90b,1.0,1.0,1.0,1.0,0.6041234482189226,1.0,0.0,1.0,0.7157583743639009,True,2021.08.30.13.45.25_veh-40_00610_00771,1,1630331912.000762,332538.40245874133,4690397.838762098,332551.1610238249,4690387.545645502,0.0,0.05263157894736842,0.6262885775684133
543,cfbef936343c3a937,1.0,1.0,1.0,1.0,0.802738967387253,1.0,0.0,1.0,0.7866924883525904,True,2021.09.16.19.27.01_veh-45_01749_03230,1,1631822804.9998279,587705.7128004556,4475548.729063177,587687.4286932028,4475527.120625642,1.0,3.749076701248329e-21,0.8133559273085166
544,99843a353c9918cfd,1.0,1.0,1.0,1.0,0.7318254720553721,1.0,1.0,1.0,0.9042233828769186,True,2021.09.16.19.27.01_veh-45_01749_03230,1,1631823147.000494,587573.6965279452,4475910.715508243,587581.4111965038,4475928.363595942,1.0,2.112709076868841e-73,0.9161954600173038
545,9b164e112834437ea,1.0,1.0,1.0,1.0,0.032077349715533894,1.0,0.0,1.0,0.5114561963269764,True,2021.08.30.14.54.34_veh-40_00439_00835,1,1630336046.5001879,331686.5676944296,4690959.371881817,331686.55818721134,4690959.362455988,1.0,0.058823529411764705,0.5725241717861043
546,0980084e5c33ab76e,1.0,1.0,1.0,1.0,0.57862025342172,1.0,1.0,1.0,0.8495072333649,True,2021.09.16.14.39.34_veh-42_00297_00935,1,1631804076.700115,587821.1776500237,4475666.271810554,587811.4328829881,4475667.546358481,1.0,1.1711460751916538e-34,0.8683188291942875
547,82b0238fb02f13548,0.0,1.0,1.0,1.0,1.0,0.0,0.0,1.0,0.0,True,2021.09.29.14.44.26_veh-28_00337_00504,1,1632927138.7995958,331160.41802145075,4690604.173300339,331181.1126757211,4690583.2776540965,1.0,1.6081058587046478e-92,0.0
548,a389c63fbad3287f2,1.0,1.0,1.0,1.0,1.0,1.0,1.0,1.0,1.0,True,2021.09.16.13.53.10_veh-42_01510_01591,1,1631802024.400091,588951.0101989617,4474891.713333778,588934.2114855611,4474945.657144563,1.0,9.286325373025199e-82,1.0
549,ff2677dc137bcd3f7,1.0,1.0,1.0,1.0,0.9210353465786281,1.0,1.0,1.0,0.9717983380637957,True,2021.05.25.14.24.08_veh-25_03764_04034,1,1621970883.000027,664489.5183221387,3997878.7187883668,664505.361930133,3997878.5914056203,0.0,8.954381725777705e-18,0.8503235458058213
550,891f0c38752897ee9,1.0,1.0,0.0,1.0,1.0,1.0,0.0,1.0,0.0,True,2021.09.16.13.53.10_veh-42_00077_00153,1,1631800576.900032,589344.0456986765,4473906.997535011,589330.3617705542,4473936.601781183,1.0,7.109874444784931e-34,0.0
551,dbdd9c6b89f613fdf,1.0,0.0,1.0,1.0,1.0,1.0,0.0,1.0,0.0,True,2021.10.06.08.16.17_veh-52_01430_01579,1,1633509800.199977,365557.4563744728,143716.0480782339,365545.1816848118,143724.44178709228,1.0,0.0,0.0
552,5139fde7658566f8c,0.0,1.0,0.5,1.0,1.0,0.0,0.0,1.0,0.0,True,2021.09.16.15.12.03_veh-42_01037_01434,1,1631806381.5001678,587576.853526667,4475578.650327006,587558.3155292905,4475584.286616061,1.0,0.2,0.0
553,4ada67449cbca8a4f,1.0,1.0,1.0,1.0,1.0,1.0,1.0,1.0,1.0,True,2021.09.16.19.27.01_veh-45_01749_03230,1,1631822424.000396,587732.1351886282,4475901.384672692,587760.222585106,4475883.368578345,1.0,1.1856955798977896e-15,1.0
554,14afd0e1ef0d94d4d,1.0,1.0,1.0,1.0,1.0,1.0,1.0,1.0,1.0,True,2021.10.06.07.26.10_veh-52_00006_00398,1,1633505612.7002208,365571.890806373,143287.91789211822,365573.29498491785,143275.0283231201,0.0,0.0,0.875
555,8776bb6a2a0edef8e,1.0,1.0,1.0,1.0,0.0,0.0,0.0,1.0,0.14285714285714285,True,2021.08.30.14.54.34_veh-40_00439_00835,1,1630336046.000267,331684.0330814362,4690956.816711562,331684.0315209855,4690956.814767103,1.0,0.0,0.25
556,031e271f324d8fe95,1.0,1.0,1.0,1.0,1.0,1.0,0.0,1.0,0.8571428571428571,True,2021.08.30.13.45.25_veh-40_00610_00771,1,1630331911.500592,332532.02787244506,4690401.932709738,332550.0158947838,4690387.565078642,1.0,0.05263157894736842,0.875
557,3fa63924a53aacc9a,1.0,1.0,1.0,1.0,0.863147149823624,1.0,1.0,1.0,0.9511239820798656,True,2021.09.29.18.19.40_veh-28_00438_00833,1,1632940187.5997648,331000.5589601341,4691173.488304163,330992.1967879189,4691166.473021179,1.0,0.125,0.9572334843198824
558,4bec08cedd964d496,1.0,1.0,1.0,1.0,1.0,1.0,1.0,1.0,1.0,True,2021.06.28.15.02.02_veh-38_02398_02848,1,1624895257.9995039,664424.346263725,3997348.6857523676,664424.3832564715,3997348.8934007464,0.0,0.08333333333333333,0.875
559,81b780529f08d965b,1.0,0.0,1.0,1.0,0.7544141099202087,1.0,0.0,1.0,0.0,True,2021.09.16.13.53.10_veh-42_00180_00342,1,1631800730.8999748,589113.4112148175,4474595.433744705,589122.2423447928,4474569.366393094,1.0,8.787929059431911e-58,0.0
560,eb588d2e3b1e3409d,1.0,1.0,1.0,1.0,0.9845521399470315,1.0,1.0,1.0,0.9944829071239398,True,2021.09.16.13.53.10_veh-42_00180_00342,1,1631800730.399843,589104.8113859032,4474612.354824374,589121.2745211428,4474571.59400331,1.0,6.386867219926529e-11,0.9951725437334473
561,530a28f5b73e11f66,1.0,1.0,1.0,1.0,1.0,1.0,1.0,1.0,1.0,True,2021.06.28.20.24.43_veh-38_03385_04952,1,1624915586.099568,664205.8376786977,3997360.5063323933,664195.1142945191,3997359.2970849243,0.0,0.05555555555555555,0.875
562,09abf15b5898e308b,1.0,1.0,0.0,1.0,1.0,1.0,0.0,1.0,0.0,True,2021.09.16.13.53.10_veh-42_00077_00153,1,1631800577.400178,589350.0652453648,4473896.34893377,589333.2934287313,4473928.845257951,0.0,4.031069193386777e-05,0.0
563,769c42d02e0f583b2,0.0,1.0,0.5,1.0,1.0,0.0,0.0,1.0,0.0,True,2021.09.29.19.02.14_veh-28_00540_00917,1,1632942864.799754,331277.669574274,4690990.417129352,331270.42306838295,4690980.61259548,1.0,0.31133595150392906,0.0
564,8c7844d1d621c907b,1.0,1.0,1.0,1.0,1.0,1.0,1.0,1.0,1.0,True,2021.09.16.15.47.30_veh-45_01199_01391,1,1631808659.300555,588050.1824253576,4475725.98973717,588028.8692102839,4475708.254951744,1.0,6.446123807814285e-171,1.0
565,c22f538fee4004aa6,1.0,1.0,1.0,1.0,0.8062508127929631,1.0,0.0,1.0,0.7879467188546297,True,2021.09.16.19.27.01_veh-45_01749_03230,1,1631823147.500208,587573.4830439481,4475907.940234617,587581.2408866939,4475928.24849151,1.0,1.8022860350540218e-104,0.814453378997801
566,1d9b777552553488e,1.0,1.0,0.5,1.0,1.0,1.0,0.0,1.0,0.42857142857142855,True,2021.09.16.19.27.01_veh-45_01749_03230,1,1631822424.000396,587756.0792958116,4475884.592852577,587768.4816639327,4475876.61666008,0.0,1.3978082358531263e-170,0.375
567,fc50c3e2408f9caad,0.0,0.0,0.0,1.0,1.0,0.0,0.0,1.0,0.0,True,2021.09.16.19.27.01_veh-45_01749_03230,1,1631822424.000396,587729.7543537925,4475907.958955137,587762.4736709251,4475883.507473542,1.0,0.9999999999900894,0.0
568,58f8bb6cc7ee41227,1.0,0.0,1.0,1.0,0.8839597358012837,1.0,0.0,1.0,0.0,True,2021.08.30.13.45.25_veh-40_00610_00771,1,1630331911.500592,332506.5899576286,4690419.26739323,332543.8664543889,4690393.954325867,0.0,0.05263157894736842,0.0
569,067988277091a3762,1.0,1.0,1.0,1.0,0.4999551432768927,1.0,0.0,1.0,0.6785554083131758,True,2021.09.16.13.53.10_veh-42_01510_01591,1,1631802024.400091,588931.0633795764,4474958.401579501,588927.314438307,4474969.113329952,0.0,0.0,0.5937359822740289
570,b39cc0075afc7d408,1.0,1.0,1.0,1.0,0.6290717372566956,1.0,0.0,1.0,0.724668477591677,True,2021.09.29.19.02.14_veh-28_00540_00917,1,1632942865.2996528,331274.00155217224,4690984.687646933,331269.8484837248,4690977.796224415,0.0,4.2654387053836364e-35,0.6340849178927174
571,d853fa4b72196af01,0.0,1.0,1.0,1.0,1.0,0.0,1.0,1.0,0.0,True,2021.09.29.19.02.14_veh-28_00964_01689,1,1632943908.7996519,331601.90886809287,4690807.843717529,331600.5743669834,4690808.7244668845,1.0,0.2,0.0
572,e11c0271d9082ef0a,1.0,1.0,1.0,1.0,0.7808043066273537,1.0,0.0,1.0,0.7788586809383407,True,2021.09.29.14.44.26_veh-28_00528_00992,1,1632927674.29965,331606.3201216146,4690928.79741684,331626.3587078814,4690915.403088301,1.0,0.9997958180175789,0.806501345821048
573,cffdc69f30e1aeda2,1.0,1.0,1.0,1.0,1.0,1.0,1.0,1.0,1.0,True,2021.05.25.14.24.08_veh-25_03764_04034,1,1621970882.500146,664489.3578239034,3997877.3872125275,664510.2292833342,3997877.348727979,1.0,1.0651325065509473e-35,1.0
574,5fb91cdf13ec612c5,1.0,1.0,1.0,1.0,0.7759151658704797,1.0,0.0,1.0,0.777112559239457,True,2021.10.06.07.26.10_veh-52_00006_00398,1,1633505612.1998968,365564.4167021654,143311.36124268058,365571.9106248929,143280.3635170537,0.0,3.348086083991564e-33,0.6799734893345248
575,c4db0ed678d459874,1.0,1.0,1.0,1.0,0.8283121251361965,1.0,0.0,1.0,0.7958257589772131,True,2021.09.16.19.12.04_veh-42_01438_01677,1,1631821525.9997718,588277.0139933237,4475901.856104033,588252.6888519389,4475882.782241287,0.0,4.3772384404712666e-271,0.6963475391050614
576,0fda3e9ba0b83c4b2,0.0,0.0,0.0,1.0,1.0,0.0,0.0,1.0,0.0,True,2021.09.16.19.27.01_veh-45_01749_03230,1,1631822424.000396,587721.1632207612,4475911.325265522,587757.4497147225,4475886.670727748,1.0,1.5543027230537929e-86,0.0
577,50f513cc32849ede8,1.0,1.0,1.0,1.0,0.9425965807899178,1.0,1.0,1.0,0.9794987788535421,True,2021.10.06.07.26.10_veh-52_02208_02394,1,1633507462.70014,365212.5185807562,143620.3412653308,365194.8607932099,143579.4050300735,1.0,6.983004200903907e-20,0.9820614314968493
578,6a8f1db0741e3de32,1.0,1.0,1.0,1.0,0.6932549838747882,1.0,0.0,1.0,0.7475910656695672,True,2021.10.06.08.16.17_veh-52_01430_01579,1,1633509799.699626,365562.7284232957,143710.17195716614,365546.6617683406,143721.62498097526,1.0,4.278994713279447e-248,0.7791421824608713
579,19211d8eac9c62147,1.0,1.0,1.0,1.0,0.7623884372496209,1.0,0.0,1.0,0.7722815847320075,True,2021.09.16.19.27.01_veh-45_01749_03230,1,1631823147.000494,587573.7626427059,4475910.492513275,587581.9472038142,4475928.498614012,1.0,4.35960303110766e-87,0.8007463866405066
580,fd59576ebdf2661ee,1.0,1.0,1.0,1.0,0.8847023906847755,1.0,0.0,1.0,0.815965139530277,True,2021.10.06.08.16.17_veh-52_01430_01579,1,1633509800.199977,365564.7695992919,143708.8591257444,365548.4565887114,143720.29529795947,1.0,8.07948238387124e-282,0.8389694970889924
581,b04390988b4a74994,1.0,1.0,1.0,1.0,1.0,1.0,1.0,1.0,1.0,True,2021.09.29.18.19.40_veh-28_00438_00833,1,1632940187.0998518,331002.0969491808,4691175.859268688,330993.8603823938,4691167.988421019,0.0,3.9218877244590055e-16,0.875
582,4222a702d3e9ef7bb,1.0,1.0,1.0,1.0,1.0,1.0,1.0,1.0,1.0,True,2021.06.28.20.24.43_veh-38_03385_04952,1,1624915586.5998569,664213.4769414123,3997362.6639100565,664201.7215884246,3997359.8927723337,1.0,0.05555555555555555,1.0
583,2fc976c7bc0d58fed,1.0,1.0,1.0,1.0,1.0,1.0,0.0,1.0,0.8571428571428571,True,2021.09.16.13.53.10_veh-42_01510_01591,1,1631802024.400091,588945.0074035337,4474908.33625122,588931.4015388202,4474954.61404132,1.0,2.9608593921800225e-18,0.875
584,0a1cec4bdc1f7ba66,1.0,1.0,1.0,1.0,1.0,1.0,0.0,1.0,0.8571428571428571,True,2021.09.29.14.44.26_veh-28_00528_00992,1,1632927674.799846,331588.80366827647,4690941.448130412,331618.8752941825,4690920.919518911,1.0,3.1368633905602044e-130,0.875
585,5875003845a7403ab,1.0,1.0,1.0,1.0,1.0,1.0,1.0,1.0,1.0,True,2021.09.29.19.02.14_veh-28_00964_01689,1,1632943908.2998428,331596.6129522054,4690811.49184011,331596.55939493905,4690811.528461686,1.0,0.2,1.0
586,95bfecce656f72d69,0.0,1.0,1.0,1.0,1.0,0.0,1.0,1.0,0.0,True,2021.09.16.15.47.30_veh-45_01199_01391,1,1631808659.300555,588074.5840603821,4475744.763018251,588035.5075312677,4475713.625442339,1.0,0.999543838297954,0.0
587,6ba28ea05bd9dd3df,1.0,0.0,1.0,0.0,1.0,1.0,1.0,1.0,0.0,True,2021.09.29.14.44.26_veh-28_00337_00504,1,1632927139.299571,331188.36369730916,4690582.033730298,331191.7020818151,4690572.2663390795,1.0,0.07692307692307693,0.0
588,4c9f4af922d375f71,1.0,1.0,1.0,1.0,0.867529533504895,1.0,1.0,1.0,0.9526891191088911,True,2021.10.06.07.26.10_veh-52_02208_02394,1,1633507462.199924,365208.0640760729,143611.00887418678,365192.751447652,143575.25082930087,1.0,1.948316060152704e-10,0.9586029792202797
589,2d044f90ee817dc19,1.0,0.0,0.0,1.0,1.0,1.0,0.0,1.0,0.0,True,2021.09.16.13.53.10_veh-42_01510_01591,1,1631802024.400091,588953.3645284397,4474893.47191174,588935.8380129772,4474946.201193074,1.0,8.588769896413188e-84,0.0
590,129d3c576dc7bb588,1.0,0.0,1.0,1.0,0.09931086804814254,1.0,0.0,1.0,0.0,True,2021.10.06.07.26.10_veh-52_01245_02064,1,1633507006.1998289,365090.7994739484,143331.86236339688,365088.1453183003,143327.4385134492,0.0,0.09090909090909091,0.0
591,5bd3f77bfdb480b75,0.0,1.0,1.0,1.0,1.0,0.0,1.0,1.0,0.0,True,2021.09.16.19.12.04_veh-42_01438_01677,1,1631821526.4999418,588315.4993910509,4475931.078620007,588271.7832485635,4475896.047609769,1.0,5.206770723730765e-68,0.0
592,772ca0f5b2b35d83b,1.0,0.0,1.0,0.0,1.0,1.0,1.0,1.0,0.0,True,2021.09.29.14.44.26_veh-28_00337_00504,1,1632927138.7995958,331188.70221102965,4690581.323922272,331191.70006788365,4690572.267619694,1.0,6.225823867248813e-157,0.0
593,1a2a9699acac9d639,1.0,1.0,1.0,1.0,0.845923579180526,0.0,0.0,1.0,0.4449727068501878,True,2021.09.29.19.02.14_veh-28_03198_03360,1,1632945497.2998369,332610.28194164555,4690336.38734322,332582.1398098216,4690352.1999053145,1.0,1.0886967862319623e-138,0.5143511184939143
594,2ddb8a77091ace2c6,1.0,1.0,1.0,1.0,0.7778406118393499,1.0,1.0,1.0,0.9206573613711964,True,2021.08.30.16.16.44_veh-40_00779_01088,1,1630341133.0003679,331697.7034691848,4690855.682619283,331689.1678347495,4690868.69161835,1.0,1.6402728996472432e-59,0.9305751911997968
595,108350d1060a66bd9,1.0,1.0,0.0,1.0,0.9313772314999968,0.0,0.0,1.0,0.0,True,2021.09.16.14.39.34_veh-42_00297_00935,1,1631804076.700115,587834.50607537,4475655.186689101,587811.9662684464,4475667.460496802,0.0,3.332713186671754e-42,0.0
596,e5c6c91f1d3892636,1.0,0.0,1.0,1.0,0.831371756119431,1.0,1.0,1.0,0.0,True,2021.08.30.16.16.44_veh-40_00779_01088,1,1630341133.0003679,331691.48978994525,4690863.1342752585,331685.3184510217,4690869.802692335,0.0,2.8731064558601788e-154,0.0
597,b5ee33c961aed53c5,1.0,1.0,0.0,1.0,0.8158207577568262,1.0,0.0,1.0,0.0,True,2021.10.06.08.16.17_veh-52_01430_01579,1,1633509799.699626,365603.2573569179,143691.29376149844,365564.80802414136,143709.44440896087,1.0,1.885223108401183e-273,0.0
598,fb0fb16361fd50a45,1.0,1.0,0.5,1.0,0.8591075655636885,1.0,1.0,1.0,0.4748406367078015,True,2021.09.16.13.53.10_veh-42_00180_00342,1,1631800730.8999748,589116.7231607998,4474579.79668925,589125.2695757027,4474561.49086176,0.0,0.0,0.41548555711932633
599,41423d9768746a40d,1.0,1.0,1.0,1.0,0.8392152500550043,1.0,1.0,0.0,0.7997197321625016,True,2021.10.06.08.16.17_veh-52_01949_02501,1,1633510371.6997008,365929.3423834282,143030.89114092264,365938.7556821861,143048.41651476175,0.0,3.883308825779001e-20,0.6997547656421889
600,9225b4285de2f81d8,1.0,0.0,1.0,1.0,1.0,1.0,1.0,1.0,0.0,True,2021.09.16.14.39.34_veh-42_00297_00935,1,1631803746.6991608,587803.7538096149,4475851.66555612,587809.5613897945,4475847.320347058,1.0,1.2649638139298625e-96,0.0
601,daba931964ff703a5,1.0,0.0,1.0,1.0,0.7835134415526621,1.0,0.0,1.0,0.0,True,2021.10.06.07.26.10_veh-52_01245_02064,1,1633507005.70008,365094.53060721117,143339.42676883665,365086.1170274861,143326.66497843037,1.0,0.09090909090909091,0.0
602,c43503e3cebf10b69,1.0,1.0,0.0,1.0,0.6524282165485779,1.0,0.0,1.0,0.0,True,2021.10.06.08.16.17_veh-52_01430_01579,1,1633509800.199977,365571.80682893255,143704.29239712926,365553.3844303546,143716.46528605686,0.0,5.918877725456159e-60,0.0
603,ba3f20b19ddb93cb1,1.0,1.0,1.0,1.0,1.0,1.0,1.0,1.0,1.0,True,2021.09.16.15.47.30_veh-45_01199_01391,1,1631808659.800304,588053.0614032869,4475727.813391452,588031.362336232,4475710.789511022,1.0,2.1776032041396473e-245,1.0
604,43a6dc7b51c8d9d06,1.0,1.0,1.0,1.0,1.0,1.0,1.0,1.0,1.0,True,2021.09.16.13.53.10_veh-42_01510_01591,1,1631802023.90023,588943.115009004,4474914.612601893,588929.772946093,4474960.2929047765,1.0,7.81268993026962e-11,1.0
605,c0831690e22e4cfbc,1.0,1.0,1.0,1.0,1.0,1.0,1.0,1.0,1.0,True,2021.10.06.07.26.10_veh-52_02208_02394,1,1633507462.70014,365190.0570381948,143574.55588332328,365185.1763065316,143561.56403565884,0.0,0.0,0.875
606,6697b38b1d73777b9,1.0,1.0,1.0,1.0,0.5761538994503114,1.0,1.0,1.0,0.8486263926608254,True,2021.06.03.13.55.17_veh-35_02866_03582,1,1622746500.600565,664691.1533713999,3999284.8249828313,664688.883148629,3999281.267979749,1.0,0.16666666666666666,0.8675480935782223
607,2da594e725662f7c5,1.0,1.0,1.0,1.0,0.38761608051309754,1.0,1.0,1.0,0.7812914573261063,True,2021.05.25.14.24.08_veh-25_03764_04034,1,1621970882.500146,664510.7305358431,3997877.8120761886,664515.2249798123,3997877.769049729,0.0,2.864643444725794e-181,0.683630025160343
608,e1275cf277c0a36c1,1.0,1.0,0.0,1.0,0.869659569779347,1.0,1.0,1.0,0.0,True,2021.10.06.08.16.17_veh-52_01430_01579,1,1633509799.699626,365602.2017904543,143689.9608270088,365560.7796274032,143712.85499187425,1.0,7.779132656161386e-77,0.0
609,b0dc4287fbb069fd7,1.0,1.0,1.0,1.0,0.6399972532487719,1.0,0.0,1.0,0.7285704475888471,True,2021.08.30.14.54.34_veh-40_00439_00835,1,1630336046.5001879,331691.5120914521,4690962.361543849,331685.33376513247,4690958.558037541,0.0,0.058823529411764705,0.6374991416402412
610,50b922840407a0340,1.0,1.0,0.5,1.0,0.5625399954544903,1.0,1.0,1.0,0.4218821420454447,True,2021.08.30.16.16.44_veh-40_00779_01088,1,1630341133.0003679,331697.04764232587,4690849.56231494,331695.1673135489,4690862.9678051565,0.0,3.8296091591597887e-32,0.3691468742897641
611,08bcd54c271622666,1.0,1.0,1.0,1.0,0.6155838888220687,1.0,1.0,1.0,0.8627085317221673,True,2021.09.29.14.44.26_veh-28_00528_00992,1,1632927674.799846,331623.2929801557,4690918.178404801,331633.71988015354,4690912.055165902,1.0,7.663278766943503e-186,0.8798699652568964
612,fa350068f608950fe,1.0,1.0,1.0,1.0,1.0,1.0,0.0,1.0,0.8571428571428571,True,2021.10.06.07.26.10_veh-52_02208_02394,1,1633507462.70014,365201.8677932998,143599.43532758232,365191.39818469266,143574.0418263667,1.0,1.1931243280903894e-14,0.875
613,ba31453558099b11f,1.0,1.0,0.0,1.0,0.7628954345619674,1.0,1.0,1.0,0.0,True,2021.08.30.16.16.44_veh-40_00779_01088,1,1630341132.500438,331694.8698601554,4690846.720251022,331693.88428497175,4690864.045512015,0.0,7.274321284073258e-07,0.0
614,83dc61b75efe5e09e,1.0,1.0,1.0,1.0,1.0,1.0,1.0,1.0,1.0,True,2021.06.28.20.24.43_veh-38_03385_04952,1,1624915586.099568,664238.7030006589,3997357.42559622,664206.9663121057,3997359.732370405,0.0,0.05555555555555555,0.875
615,bec8d578f7182bbcd,1.0,1.0,1.0,1.0,1.0,1.0,0.0,1.0,0.8571428571428571,True,2021.06.28.20.24.43_veh-38_03385_04952,1,1624915586.099568,664213.8980943433,3997360.7652604883,664199.1858674643,3997358.2980967998,1.0,0.05555555555555555,0.875
616,3432391c5dca44cf9,1.0,1.0,1.0,1.0,0.859323782103732,1.0,1.0,1.0,0.9497584936084758,True,2021.08.30.13.45.25_veh-40_00610_00771,1,1630331911.500592,332509.9027205872,4690416.3036177335,332544.0396594964,4690392.966810361,1.0,0.05263157894736842,0.9560386819074163
617,09217d8288feb5fad,1.0,1.0,1.0,1.0,1.0,1.0,1.0,1.0,1.0,True,2021.06.28.20.24.43_veh-38_03385_04952,1,1624915586.099568,664216.5705482304,3997359.7556733335,664199.2880840125,3997357.7385433973,1.0,0.05555555555555555,1.0
618,576158d07f0a09e6b,1.0,1.0,1.0,1.0,1.0,1.0,0.0,1.0,0.8571428571428571,True,2021.05.25.14.24.08_veh-25_03764_04034,1,1621970882.500146,664492.0794225584,3997879.198655491,664511.7628967582,3997878.745037968,0.0,1.5836882410152735e-75,0.75
619,5afefbf1463923c97,1.0,1.0,1.0,1.0,0.7331401374749285,1.0,0.0,1.0,0.761835763383903,True,2021.09.29.14.44.26_veh-28_00528_00992,1,1632927674.799846,331604.85768918664,4690929.699363393,331623.5758570504,4690917.154362045,1.0,3.0441974168545266e-07,0.7916062929609151
620,570c63685f0d25c8f,1.0,1.0,0.0,1.0,0.8736631926137425,1.0,0.0,1.0,0.0,True,2021.10.06.08.16.17_veh-52_01949_02501,1,1633510371.199955,365920.51177339785,143016.22131238406,365937.0821292876,143045.29879067867,0.0,0.05555555555555555,0.0
621,12776777ba8546e14,0.0,0.0,0.0,1.0,1.0,0.0,0.0,1.0,0.0,True,2021.08.30.14.54.34_veh-40_00439_00835,1,1630336046.5001879,331722.3048858371,4690953.322653462,331698.51326848054,4690965.245067809,0.0,0.058823529411764705,0.0
622,874ca7613e4fb30ba,1.0,0.0,0.0,1.0,1.0,1.0,1.0,1.0,0.0,True,2021.08.30.14.54.34_veh-40_00439_00835,1,1630336046.000267,331710.32215100806,4690956.798719939,331691.1475170176,4690963.243980211,0.0,1.0679654390851924e-43,0.0
623,de0ea29426ca0c381,0.0,1.0,1.0,1.0,1.0,0.0,0.0,1.0,0.0,True,2021.05.25.17.54.41_veh-35_04111_04288,1,1621983958.4004478,664533.0409389673,3998976.6172232777,664529.4682121393,3998962.456782228,1.0,0.0,0.0
624,4c838e94f573fa977,1.0,1.0,1.0,1.0,0.02371827196462961,1.0,0.0,1.0,0.5084708114159391,True,2021.08.30.14.54.34_veh-40_00439_00835,1,1630336046.000267,331686.50368103,4690959.355492176,331686.47258465644,4690959.324625807,1.0,1.2780134821679664e-223,0.5699119599889467
625,4f7f3184912163792,1.0,1.0,1.0,1.0,0.9793336689811202,1.0,0.0,1.0,0.8497620246361144,True,2021.09.16.13.53.10_veh-42_00077_00153,1,1631800576.900032,589356.4075648395,4473883.73301104,589332.9748129131,4473927.151634417,1.0,1.7582940700750625e-86,0.8685417715566001
626,6cb50088281513418,1.0,1.0,1.0,1.0,0.8013414489116493,1.0,1.0,1.0,0.9290505174684461,True,2021.09.16.14.39.34_veh-42_00297_00935,1,1631804076.700115,587824.044727642,4475664.016401057,587810.4061124529,4475667.374880064,0.0,1.4029614072637323e-20,0.8129192027848904
627,36c3a5d31d406a1c2,1.0,1.0,1.0,1.0,0.4770602403820934,1.0,1.0,1.0,0.8132358001364619,True,2021.10.06.08.16.17_veh-52_01430_01579,1,1633509800.199977,365549.4600842349,143720.6728629119,365544.01977729215,143724.12839059194,0.0,0.0,0.7115813251194042
628,70f0bbf667ad7bd9e,1.0,1.0,1.0,1.0,0.9710445001849258,1.0,0.0,1.0,0.8468016072089021,True,2021.05.25.14.24.08_veh-25_03764_04034,1,1621970883.000027,664508.1448564362,3997878.1006337698,664517.994315652,3997878.0868636523,0.0,2.5195234334822465e-243,0.7409514063077893
629,431df46346088a1de,1.0,1.0,1.0,1.0,0.8734696082028364,1.0,1.0,1.0,0.9548105743581559,True,2021.09.16.15.47.30_veh-45_01199_01391,1,1631808659.300555,588040.0688910773,4475717.285120973,588025.1853268376,4475704.50931926,1.0,0.0,0.9604592525633864
630,7f444b043c5b21ab4,1.0,0.0,1.0,1.0,0.7966350779259979,1.0,0.0,1.0,0.0,True,2021.08.30.13.45.25_veh-40_00610_00771,1,1630331911.500592,332516.4060660051,4690412.977938078,332545.3355903798,4690392.423214915,1.0,0.05263157894736842,0.0
631,df1a0f92cba6a82a6,1.0,1.0,1.0,1.0,0.9272941759029074,1.0,1.0,1.0,0.9740336342510384,True,2021.10.06.08.16.17_veh-52_01949_02501,1,1633510371.199955,365931.48916172236,143033.5026593011,365939.4756131785,143052.36494438644,0.0,0.05555555555555555,0.8522794299696586
632,2a756bf014216177b,1.0,1.0,1.0,1.0,0.8031282441465938,1.0,0.0,1.0,0.7868315157666407,True,2021.10.06.07.26.10_veh-52_02208_02394,1,1633507462.70014,365198.1539261664,143587.018289136,365190.31995614263,143569.7331369422,1.0,1.3189511011594475e-116,0.8134775762958106
633,fbf6a32724a0d16f2,1.0,1.0,1.0,1.0,1.0,1.0,0.0,1.0,0.8571428571428571,True,2021.06.28.20.24.43_veh-38_03385_04952,1,1624915586.5998569,664216.5838786013,3997361.8113814024,664202.1714314483,3997359.051254569,1.0,0.05555555555555555,0.875
634,7acc87fed29fbe645,1.0,1.0,0.5,1.0,1.0,1.0,0.0,1.0,0.42857142857142855,True,2021.09.16.19.27.01_veh-45_01749_03230,1,1631822424.000396,587756.1249506007,4475884.623684461,587768.4816639327,4475876.61666008,0.0,1.3978082358531263e-170,0.375
635,b9cbb58cb1e1b0dee,1.0,1.0,1.0,1.0,0.887777761760355,1.0,1.0,1.0,0.9599206292001268,True,2021.10.06.07.26.10_veh-52_02208_02394,1,1633507462.199924,365191.81877862406,143578.4543987625,365186.60475010646,143564.97621744432,1.0,0.0,0.9649305505501109
636,272d0fb68e72a32c3,1.0,1.0,0.5,1.0,1.0,1.0,0.0,1.0,0.42857142857142855,True,2021.09.16.14.39.34_veh-42_00297_00935,1,1631803747.198798,587766.7823048338,4475877.51527662,587794.3330633482,4475855.174263871,0.0,3.704791025864705e-237,0.375
637,f6f239b03260b58d8,1.0,0.0,0.0,1.0,1.0,0.0,0.0,1.0,0.0,True,2021.08.30.14.54.34_veh-40_00439_00835,1,1630336046.5001879,331712.83750857593,4690958.238536413,331692.8853502347,4690964.375977558,0.0,0.058823529411764705,0.0
638,dd724782a844b55a6,0.0,1.0,1.0,1.0,1.0,0.0,0.0,1.0,0.0,True,2021.09.29.14.44.26_veh-28_00337_00504,1,1632927138.7995958,331158.9691471719,4690604.128544121,331182.4449814404,4690582.695726488,0.0,4.513590272752798e-58,0.0
639,e04480093a92a2fc2,1.0,1.0,0.5,1.0,1.0,1.0,0.0,1.0,0.42857142857142855,True,2021.09.16.14.39.34_veh-42_00297_00935,1,1631803746.6991608,587770.231782147,4475875.373148074,587797.5019769612,4475853.313666226,0.0,5.235226179459694e-92,0.375
640,3eff742f795344f8e,1.0,0.0,1.0,1.0,0.2993184437502609,1.0,0.0,1.0,0.0,True,2021.10.06.07.26.10_veh-52_01245_02064,1,1633507005.70008,365092.2521108051,143333.45982591962,365087.83446931187,143327.02955860164,0.0,0.09090909090909091,0.0
641,81dcc1a7db52cf064,1.0,1.0,1.0,1.0,0.8441884237137814,1.0,0.0,1.0,0.8014958656120648,True,2021.05.25.17.54.41_veh-35_04111_04288,1,1621983958.4004478,664530.2612969272,3998971.2831925745,664529.7297774913,3998962.0311585395,1.0,0.0,0.8263088824105567
642,f69feac0ce4643512,1.0,1.0,1.0,1.0,0.46510491336498877,1.0,1.0,1.0,0.808966040487496,True,2021.10.06.07.26.10_veh-52_00006_00398,1,1633505612.1998968,365570.5492577658,143283.80943125582,365572.19019171724,143274.37383879645,0.0,1.1855508443858767e-212,0.707845285426559
643,8cd4e7ea09172b366,1.0,0.0,1.0,1.0,1.0,1.0,0.0,1.0,0.0,True,2021.10.06.08.16.17_veh-52_00181_00574,1,1633508579.7004578,365645.1125541849,144048.47689648517,365649.51301563013,144040.29214719325,0.0,0.125,0.0
644,fc9d3ef48d94c0485,1.0,1.0,1.0,1.0,0.5723608863229473,1.0,0.0,1.0,0.7044146022581954,True,2021.09.16.19.27.01_veh-45_01749_03230,1,1631823147.500208,587580.8811282803,4475925.497715516,587584.5455999338,4475930.660935976,1.0,7.310439476373713e-267,0.741362776975921
645,6333f19e87ad08122,0.0,1.0,1.0,1.0,1.0,0.0,1.0,1.0,0.0,True,2021.09.16.15.47.30_veh-45_01199_01391,1,1631808659.300555,588060.9566370543,4475733.137873266,588031.4342311502,4475708.830477179,1.0,6.897001394488635e-97,0.0
646,553919abb3a801b7e,1.0,0.0,0.5,1.0,1.0,1.0,1.0,1.0,0.0,True,2021.10.06.07.26.10_veh-52_01245_02064,1,1633507006.1998289,365095.8791833586,143330.6898598711,365084.95644710894,143324.22850641786,0.0,0.09090909090909091,0.0
647,65a9d726b130c91f5,1.0,1.0,1.0,1.0,0.7937682045545006,1.0,0.0,1.0,0.7834886444837502,True,2021.09.16.19.27.01_veh-45_01749_03230,1,1631822424.000396,587744.4035064466,4475893.424558156,587762.0603744669,4475881.329499522,0.0,9.890290004489116e-12,0.6855525639232815
648,a14671fac296719c0,1.0,1.0,1.0,1.0,1.0,1.0,0.0,1.0,0.8571428571428571,True,2021.09.29.19.02.14_veh-28_00540_00917,1,1632942864.799754,331275.3856279842,4690986.87341773,331269.23507501587,4690976.719431089,0.0,4.0583793910732727e-41,0.75
649,b13e0235a1932348c,1.0,1.0,1.0,1.0,0.7143693863333344,1.0,0.0,1.0,0.7551319236904765,True,2021.10.06.07.26.10_veh-52_02208_02394,1,1633507462.199924,365195.03155562154,143580.57787048657,365189.9467821803,143569.75683584853,0.0,1.0611540276157231e-147,0.660740433229167
650,8108a6fe2b34f4118,1.0,1.0,1.0,1.0,0.9002327140859241,1.0,1.0,1.0,0.9643688264592586,True,2021.09.29.19.02.14_veh-28_03198_03360,1,1632945497.799588,332624.6619959466,4690327.764668583,332591.8148903982,4690346.706476092,1.0,1.0466691809229693e-11,0.9688227231518513
651,24d58aedbf92c910a,1.0,1.0,1.0,1.0,0.8689877071149914,1.0,1.0,1.0,0.9532098953982112,True,2021.08.30.13.45.25_veh-40_00610_00771,1,1630331912.000762,332506.6392596322,4690418.115103707,332541.01533890987,4690394.645251077,1.0,0.05263157894736842,0.9590586584734349
652,f93b7461f7882ff58,1.0,1.0,1.0,1.0,0.38511417765195943,1.0,1.0,1.0,0.7803979205899855,True,2021.09.16.13.53.10_veh-42_00077_00153,1,1631800577.400178,589329.0572815932,4473936.24562673,589326.2260531988,4473942.228949048,0.0,0.0,0.6828481805162373
653,3a79a64dc5c7059f8,1.0,1.0,0.5,1.0,0.7822432972062815,1.0,0.0,1.0,0.38968630307255026,True,2021.09.16.14.39.34_veh-42_00297_00935,1,1631803746.6991608,587793.5378148542,4475853.7851197785,587806.1102661295,4475846.941810039,0.0,1.6784889598577205e-35,0.34097551518848146
654,31368b2b5cafa42dc,1.0,1.0,1.0,1.0,0.6796009414171993,1.0,1.0,1.0,0.8855717647918568,True,2021.08.30.14.54.34_veh-40_00439_00835,1,1630336046.000267,331707.49867912405,4690958.791771449,331692.4339542525,4690962.033526506,0.0,1.148148474747102e-28,0.7748752941928747
655,382721ffdbe71cadc,1.0,1.0,1.0,1.0,0.7880949492470817,1.0,1.0,1.0,0.9243196247311006,True,2021.10.06.07.26.10_veh-52_02208_02394,1,1633507462.199924,365194.48543498357,143582.25458038473,365188.91698907985,143569.13914459775,0.0,1.556721378847749e-183,0.8087796716397131
656,b9a43db97480bc666,1.0,1.0,0.0,1.0,1.0,1.0,0.0,1.0,0.0,True,2021.09.16.13.53.10_veh-42_00077_00153,1,1631800577.400178,589347.7237653862,4473888.006669238,589334.3424616196,4473926.557405894,0.0,1.810063225087369e-21,0.0
657,e5f10bfebbe5b0bc2,1.0,1.0,1.0,1.0,0.8373188274957085,1.0,1.0,1.0,0.9418995812484674,True,2021.09.16.19.27.01_veh-45_01749_03230,1,1631823147.000494,587569.010065562,4475897.855245483,587578.3637688225,4475925.397927576,0.0,0.20242436943513634,0.824162133592409
658,4bdf97e7a68a220e2,1.0,1.0,1.0,1.0,0.9580312767092283,1.0,1.0,1.0,0.9850111702532958,True,2021.09.16.19.27.01_veh-45_01749_03230,1,1631822804.9998279,587715.8492439253,4475558.501910688,587690.1550985128,4475529.835374715,1.0,2.6635667031801774e-11,0.9868847739716338
659,e0b4f883827dd8c7f,1.0,1.0,1.0,1.0,0.5111320461923414,1.0,1.0,1.0,0.8254043022115505,True,2021.09.16.19.12.04_veh-42_01438_01677,1,1631821526.4999418,588264.3303324154,4475891.1698414255,588253.7719475812,4475882.807338503,0.0,0.0,0.7222287644351066
660,1bd8d67289c963a19,1.0,1.0,1.0,1.0,1.0,1.0,0.0,1.0,0.8571428571428571,True,2021.09.16.13.53.10_veh-42_00077_00153,1,1631800576.900032,589344.8919195612,4473900.182533308,589330.0897488495,4473934.126347508,0.0,0.0003485656306295892,0.75
661,3b0eafa0ee94a00a4,1.0,1.0,0.5,1.0,1.0,1.0,0.0,1.0,0.42857142857142855,True,2021.09.16.13.53.10_veh-42_00180_00342,1,1631800730.8999748,589120.0849670357,4474573.020738195,589124.2567251258,4474561.449275093,0.0,0.0,0.375
662,a17ae323ec016c413,0.0,1.0,1.0,1.0,0.8444362564461901,1.0,0.0,1.0,0.0,True,2021.05.25.17.54.41_veh-35_04111_04288,1,1621983957.900826,664530.8896595883,3998973.6218553367,664529.4195172216,3998961.797250899,1.0,5.4648330088350255e-164,0.0
663,46d27733df7167bb2,1.0,1.0,1.0,1.0,0.8881404745288997,1.0,1.0,1.0,0.960050169474607,True,2021.08.30.16.16.44_veh-40_00779_01088,1,1630341133.0003679,331695.25127656636,4690855.93792075,331688.0285732749,4690868.8325294955,0.0,3.5264436119799934e-76,0.8400438982902811
664,518126dc1af446798,1.0,1.0,1.0,1.0,0.6584035201915402,1.0,0.0,1.0,0.7351441143541215,True,2021.09.16.19.27.01_veh-45_01749_03230,1,1631823147.000494,587576.2307230267,4475916.295565288,587583.2469090571,4475929.195144566,1.0,4.5624081502508e-133,0.7682511000598563
665,519a6a71d9b2fda8a,0.0,1.0,1.0,1.0,1.0,0.0,0.0,1.0,0.0,True,2021.09.29.14.44.26_veh-28_00337_00504,1,1632927139.299571,331157.75517158955,4690605.355843145,331178.4187040593,4690585.640058369,1.0,0.07692307692307693,0.0
666,be5258dc2386ca4e3,1.0,0.0,1.0,1.0,1.0,1.0,1.0,1.0,0.0,True,2021.08.30.14.54.34_veh-40_00439_00835,1,1630336046.000267,331712.6992142167,4690954.221627432,331690.3942495793,4690961.961161539,0.0,4.997062686806678e-66,0.0
667,bec83a5e0a0ea8c80,1.0,1.0,1.0,1.0,0.830441016740281,1.0,0.0,1.0,0.7965860774072432,True,2021.09.29.19.02.14_veh-28_03198_03360,1,1632945497.2998369,332614.5389441872,4690335.2832068335,332586.2015868552,4690352.329605633,1.0,5.1289734793555987e-39,0.8220128177313378
668,c1ab514b18918fc4d,1.0,1.0,1.0,1.0,0.9864788477779067,1.0,0.0,1.0,0.8523138742063952,True,2021.09.29.14.44.26_veh-28_00337_00504,1,1632927139.299571,331175.3673308622,4690587.14991842,331187.598744161,4690575.43119126,0.0,0.07692307692307693,0.7457746399305958
669,b8aa4f2712496a9c3,1.0,1.0,0.5,1.0,1.0,1.0,0.0,1.0,0.42857142857142855,True,2021.08.30.13.45.25_veh-40_00610_00771,1,1630331911.500592,332512.1332302119,4690413.979979621,332544.6417189512,4690391.611989899,1.0,0.05263157894736842,0.4375
670,bd60a921930373e9e,0.5,0.0,1.0,1.0,0.9503819476068255,0.0,0.0,1.0,0.0,True,2021.09.29.19.02.14_veh-28_03198_03360,1,1632945497.2998369,332619.5588949995,4690329.6746825855,332585.6122212448,4690350.766618757,1.0,9.463729432544502e-38,0.0
671,8d71beefa48cb91fb,1.0,1.0,1.0,1.0,1.0,1.0,1.0,1.0,1.0,True,2021.09.16.15.47.30_veh-45_01199_01391,1,1631808659.300555,588050.0453473211,4475725.354208173,588028.5286006841,4475707.389105424,1.0,1.4293515297914187e-204,1.0
672,9e4b9c5c9c0f63038,1.0,1.0,1.0,1.0,0.9053808435759881,1.0,0.0,0.0,0.6804931584199958,True,2021.09.16.19.27.01_veh-45_01749_03230,1,1631823147.000494,587581.4245163596,4475927.704777492,587588.5484000826,4475934.5198729765,0.0,0.0,0.5954315136174964
673,098638022c2e17fd7,1.0,1.0,1.0,1.0,0.6871083165757289,1.0,0.0,1.0,0.7453958273484746,True,2021.05.25.17.54.41_veh-35_04111_04288,1,1621983957.900826,664529.4780438077,3998970.1334592253,664529.7293668845,3998961.931061255,1.0,1.737090551523133e-154,0.7772213489299153
674,18baf55921621bf61,1.0,0.0,1.0,0.0,1.0,1.0,1.0,1.0,0.0,True,2021.05.25.14.24.08_veh-25_03764_04034,1,1621970883.000027,664465.77374045,3997875.9525253363,664501.1823028674,3997877.626618918,1.0,2.562050847767493e-88,0.0
675,a436762e9938c1e5b,1.0,1.0,1.0,1.0,1.0,1.0,1.0,1.0,1.0,True,2021.06.28.20.24.43_veh-38_03385_04952,1,1624915586.099568,664226.1652672051,3997364.8416776047,664203.2970077717,3997359.608669922,0.0,0.05555555555555555,0.875
676,2db08d812a386295d,1.0,0.0,0.5,1.0,1.0,1.0,1.0,1.0,0.0,True,2021.06.28.20.24.43_veh-38_03385_04952,1,1624915586.099568,664240.4964385192,3997368.0960625284,664206.1410526129,3997359.8671189733,0.0,0.05555555555555555,0.0
677,376f87b3b2f49949d,1.0,1.0,1.0,1.0,0.9272436665390779,1.0,1.0,1.0,0.9740155951925278,True,2021.05.25.14.24.08_veh-25_03764_04034,1,1621970882.500146,664500.0084441109,3997877.229333178,664514.1374132127,3997877.8798084334,0.0,4.54501232063506e-141,0.8522636457934618
678,a67f897e584962db9,1.0,1.0,1.0,1.0,1.0,1.0,1.0,1.0,1.0,True,2021.09.16.15.12.03_veh-42_01037_01434,1,1631806381.999963,587566.5854757561,4475583.435261405,587554.7692327958,4475584.454906382,1.0,5.319798750823068e-06,1.0
679,c293d0be2f2680817,1.0,0.0,0.0,1.0,1.0,1.0,0.0,0.0,0.0,True,2021.09.16.19.49.00_veh-42_00990_01609,1,1631823427.498962,587679.3018142824,4475895.917017562,587696.1276955622,4475911.024709504,0.0,0.1111111111111111,0.0
680,624d6c465e568f7a9,1.0,0.0,0.0,1.0,1.0,1.0,0.0,1.0,0.0,True,2021.09.16.13.53.10_veh-42_01510_01591,1,1631802023.90023,588951.0497465949,4474899.045089066,588933.3971912762,4474953.080086097,1.0,6.415812166614076e-70,0.0
681,108277792b2690db0,1.0,1.0,1.0,1.0,0.7629318447334255,1.0,1.0,1.0,0.9153328016905091,True,2021.09.16.19.27.01_veh-45_01749_03230,1,1631823147.000494,587573.8642540296,4475911.21897008,587581.3907586514,4475929.724425792,1.0,4.724697382316888e-100,0.9259162014791955
682,91c1ae75902e09e0c,1.0,1.0,1.0,1.0,1.0,1.0,1.0,1.0,1.0,True,2021.06.03.13.55.17_veh-35_02866_03582,1,1622746500.600565,664695.5720652692,3999291.2469354896,664690.2092925669,3999283.2252451247,1.0,0.16666666666666666,1.0
683,ca2e709d5cab0c6e4,1.0,1.0,1.0,1.0,0.36967001027536606,1.0,1.0,1.0,0.7748821465269164,True,2021.10.06.08.16.17_veh-52_01949_02501,1,1633510371.6997008,365943.84665652533,143051.8727624553,365938.98562145926,143055.98598139497,1.0,3.209946666301253e-234,0.8030218782110519
684,ddf4d43735ce80242,1.0,1.0,0.5,1.0,1.0,0.0,0.0,1.0,0.25,True,2021.09.29.14.44.26_veh-28_00337_00504,1,1632927139.299571,331171.28568557726,4690588.286310442,331185.0043762312,4690576.954539722,1.0,0.07692307692307693,0.28125
685,f21a1d0c82db2ce84,1.0,1.0,0.5,1.0,0.8947706475577214,1.0,0.0,1.0,0.40978047277816454,True,2021.09.29.19.02.14_veh-28_00540_00917,1,1632942865.2996528,331272.7341485332,4690984.395350125,331267.6286190848,4690974.756616538,1.0,4.560919124442139e-134,0.42105791368089396
686,234e963b7ceee8f00,1.0,1.0,1.0,1.0,1.0,1.0,1.0,1.0,1.0,True,2021.09.16.19.27.01_veh-45_01749_03230,1,1631822423.500103,587732.3965692533,4475901.032104308,587763.4993108326,4475881.049618409,1.0,2.8692595219478546e-08,1.0
687,dabeaa21a655424eb,1.0,1.0,1.0,1.0,0.7370710198588909,1.0,1.0,1.0,0.9060967928067468,True,2021.10.06.08.16.17_veh-52_01949_02501,1,1633510371.6997008,365939.01712932007,143045.84855285706,365937.4138215718,143054.87632389314,1.0,7.979433650531206e-176,0.9178346937059034
688,928a526fdbbdedce9,0.0,1.0,1.0,1.0,1.0,0.0,1.0,1.0,0.0,True,2021.05.25.17.54.41_veh-35_04111_04288,1,1621983958.4004478,664554.8426106505,3999020.989904797,664538.8998295107,3998981.1589636486,0.0,2.3334514858628106e-159,0.0
689,7577c592d62db033f,1.0,1.0,1.0,1.0,0.783232205286076,1.0,1.0,1.0,0.9225829304593128,True,2021.10.06.07.26.10_veh-52_00006_00398,1,1633505612.1998968,365562.18430626224,143312.4148498298,365570.91212505166,143281.49264642206,1.0,2.996510911767821e-15,0.9322600641518988
690,692440daecd03cbe0,1.0,1.0,0.5,1.0,1.0,1.0,0.0,1.0,0.42857142857142855,True,2021.09.16.13.53.10_veh-42_00180_00342,1,1631800730.8999748,589113.7352933285,4474590.216823374,589122.1198537243,4474567.169968707,1.0,4.631676771140658e-116,0.4375
691,891da533fb5685c31,1.0,0.0,0.0,1.0,1.0,1.0,0.0,0.0,0.0,True,2021.09.16.19.49.00_veh-42_00990_01609,1,1631823426.999414,587681.6354464926,4475896.509477466,587696.2855767233,4475913.255481478,0.0,0.5,0.0
692,df49c73fde01293e8,1.0,1.0,1.0,1.0,1.0,1.0,1.0,1.0,1.0,True,2021.06.03.13.55.17_veh-35_02866_03582,1,1622746500.600565,664689.9490659442,3999287.119208987,664686.6672512805,3999278.311886464,0.0,0.16666666666666666,0.875
693,5b11f358da127ff72,1.0,1.0,0.5,1.0,1.0,1.0,0.0,1.0,0.42857142857142855,True,2021.09.29.14.44.26_veh-28_00528_00992,1,1632927674.29965,331593.81616559054,4690936.055059774,331622.7465687961,4690918.726082417,1.0,1.79906700114466e-55,0.4375
694,1d56f1ceb0d56960c,1.0,0.0,1.0,1.0,1.0,1.0,1.0,1.0,0.0,True,2021.06.28.20.24.43_veh-38_03385_04952,1,1624915586.5998569,664243.0398035989,3997355.1023709895,664211.4719974059,3997360.5900794077,0.0,0.05555555555555555,0.0
695,4e1091afb4068e9ee,1.0,1.0,0.5,1.0,1.0,1.0,0.0,1.0,0.42857142857142855,True,2021.09.16.13.53.10_veh-42_00180_00342,1,1631800730.8999748,589118.5565350763,4474574.159881866,589125.1281725962,4474558.355213066,1.0,0.0,0.4375
696,d405764e71ecb1286,1.0,1.0,1.0,1.0,0.6818205205381239,1.0,0.0,1.0,0.7435073287636157,True,2021.10.06.07.26.10_veh-52_02208_02394,1,1633507462.70014,365190.1705458703,143572.196778932,365187.3145172718,143565.2579181445,1.0,0.0,0.7755689126681637
697,c4724d2f7e5d62357,0.0,1.0,1.0,1.0,1.0,0.0,1.0,1.0,0.0,True,2021.09.29.19.02.14_veh-28_00964_01689,1,1632943908.7996519,331610.7524344239,4690801.729804305,331598.980625926,4690808.948544719,1.0,0.2,0.0
698,7c441bc98b8690113,1.0,1.0,0.0,1.0,1.0,1.0,0.0,1.0,0.0,True,2021.09.16.13.53.10_veh-42_00180_00342,1,1631800730.399843,589110.1865618628,4474597.098633595,589122.3452243217,4474566.386253416,1.0,7.815371900557102e-23,0.0
699,5ebd4357b2535cfa9,1.0,1.0,1.0,1.0,1.0,1.0,0.0,1.0,0.8571428571428571,True,2021.09.16.13.53.10_veh-42_00077_00153,1,1631800576.900032,589346.8685180753,4473896.312228677,589330.4786635427,4473932.15408418,0.0,0.9549820073502936,0.75
700,0c3cbb85755a00eb2,1.0,1.0,1.0,1.0,0.09189251539255185,1.0,0.0,1.0,0.5328187554973399,True,2021.09.16.14.39.34_veh-42_00297_00935,1,1631804076.700115,587803.3992690917,4475661.942745048,587803.2804746506,4475661.818722921,0.0,3.1863374767627406e-79,0.4662164110601725
701,afcd4a859a99df309,1.0,1.0,1.0,1.0,0.8221348093533953,1.0,1.0,1.0,0.9364767176262127,True,2021.06.28.20.24.43_veh-38_03385_04952,1,1624915586.099568,664202.1566377052,3997358.339404092,664196.1840305954,3997358.4143276135,1.0,0.05555555555555555,0.9444171279229361
702,367a9fdb29038c66e,1.0,1.0,0.0,1.0,0.95854255037219,1.0,0.0,1.0,0.0,True,2021.09.16.14.39.34_veh-42_00297_00935,1,1631803746.6991608,587792.6531681296,4475854.462892018,587805.4374489518,4475847.939635323,0.0,2.1432259242477699e-16,0.0
703,8192ed9c4330db32d,1.0,1.0,1.0,1.0,1.0,1.0,0.0,1.0,0.8571428571428571,True,2021.06.28.20.24.43_veh-38_03385_04952,1,1624915586.099568,664210.4510345224,3997362.533912375,664200.3078377323,3997359.445716618,1.0,0.05555555555555555,0.875
704,2614f6ffeaef993a9,1.0,1.0,1.0,1.0,1.0,1.0,0.0,1.0,0.8571428571428571,True,2021.05.25.17.54.41_veh-35_04111_04288,1,1621983957.900826,664537.4560867887,3998974.3074195627,664529.8748442988,3998959.3401715136,1.0,1.7185418407187555e-252,0.875
705,d784680050236fe52,1.0,0.0,1.0,1.0,0.704638784504769,1.0,0.0,1.0,0.0,True,2021.09.16.14.39.34_veh-42_00297_00935,1,1631803747.198798,587788.7162350832,4475862.242013033,587800.4915098981,4475850.404892953,1.0,2.5358236985952328e-15,0.0
706,ea85faa2c543fbbae,1.0,1.0,1.0,1.0,0.5327227548099995,1.0,1.0,1.0,0.8331152695749998,True,2021.10.06.07.26.10_veh-52_00006_00398,1,1633505612.1998968,365569.75272568973,143286.74283063237,365572.80010094645,143273.83992214344,1.0,4.433071129597736e-240,0.8539758608781248
707,a3ebde725e612b5f3,1.0,0.0,1.0,1.0,0.7541701368531478,1.0,0.0,1.0,0.0,True,2021.08.30.13.45.25_veh-40_00610_00771,1,1630331911.500592,332534.5940912694,4690402.891511042,332552.3499407184,4690389.519793038,1.0,0.05263157894736842,0.0
708,8d00654f6a07c6c75,1.0,1.0,1.0,1.0,0.988421400002887,1.0,1.0,1.0,0.9958647857153168,True,2021.06.03.13.55.17_veh-35_02866_03582,1,1622746501.10069,664690.4699036048,3999285.513817584,664686.6254402422,3999277.8121217424,0.0,0.16666666666666666,0.8713816875009022
709,2309f75fc2af06a77,0.0,0.0,1.0,1.0,1.0,0.0,0.0,1.0,0.0,True,2021.09.16.19.27.01_veh-45_01749_03230,1,1631822423.500103,587724.1401465175,4475908.197843231,587761.1354082412,4475883.645777071,1.0,1.973960657384537e-61,0.0
710,eee3dbfa0ec3233b6,1.0,1.0,1.0,1.0,0.8772986730771627,1.0,1.0,1.0,0.9561780975275581,True,2021.06.28.15.02.02_veh-38_02398_02848,1,1624895257.9995039,664419.7010503896,3997338.3713362357,664425.1552889704,3997350.8492751736,1.0,0.08333333333333333,0.9616558353366134
711,ab30a09f899e6330e,1.0,1.0,1.0,1.0,0.6099467037691824,1.0,1.0,1.0,0.8606952513461366,True,2021.08.30.14.54.34_veh-40_00439_00835,1,1630336046.000267,331698.15818013635,4690966.393774667,331688.12897240696,4690961.665027895,0.0,1.2856872737312907e-130,0.7531083449278695
712,194d8549dce1cc044,1.0,1.0,0.0,1.0,1.0,1.0,0.0,1.0,0.0,True,2021.09.16.14.39.34_veh-42_00032_00186,1,1631803314.199601,589249.9814328344,4474195.217131332,589237.9409316166,4474236.020754828,0.0,2.310163198965078e-11,0.0
713,2f23bb5e69f8c5120,1.0,1.0,0.5,1.0,1.0,1.0,0.0,1.0,0.42857142857142855,True,2021.10.06.08.16.17_veh-52_01430_01579,1,1633509800.199977,365565.2876243129,143707.3757822636,365550.4133563519,143717.88875127173,1.0,4.1575677534606834e-159,0.4375
714,1a67fcc3becbce6bf,1.0,0.0,1.0,1.0,1.0,1.0,1.0,1.0,0.0,True,2021.09.16.13.53.10_veh-42_00180_00342,1,1631800730.8999748,589102.0507074064,4474621.304706131,589118.6285189183,4474576.754237449,1.0,8.663570170037666e-25,0.0
715,198e5922fee004f44,1.0,1.0,1.0,1.0,1.0,1.0,1.0,1.0,1.0,True,2021.09.16.14.39.34_veh-42_00297_00935,1,1631804076.700115,587825.248513632,4475660.2146734465,587807.9892112975,4475665.473659336,0.0,0.9977563217066423,0.875
716,4f4036e82ca553ab5,1.0,1.0,1.0,1.0,0.7246435955511136,1.0,1.0,1.0,0.9016584269825405,True,2021.06.28.15.02.02_veh-38_02398_02848,1,1624895257.499822,664424.0248622984,3997345.1763393586,664425.3572561246,3997353.2711548964,0.0,9.014224883869018e-226,0.788951123609723
717,64176216fb79bf46c,1.0,1.0,1.0,1.0,0.7104977995030686,1.0,0.0,1.0,0.7537492141082388,True,2021.10.06.07.26.10_veh-52_01245_02064,1,1633507006.1998289,365097.82498586964,143348.79224905517,365090.8087688965,143332.44320116827,1.0,0.09090909090909091,0.784530562344709
718,ab729d3e912f125a5,0.0,0.0,1.0,1.0,1.0,0.0,0.0,1.0,0.0,True,2021.09.16.15.12.03_veh-42_01037_01434,1,1631806381.5001678,587557.7879433348,4475582.348231633,587552.3983741021,4475584.293554411,1.0,0.2,0.0
719,4dbc9cc6aa10c611c,1.0,1.0,1.0,1.0,0.6785283235900049,1.0,1.0,1.0,0.8851886869964304,True,2021.09.16.14.39.34_veh-42_00297_00935,1,1631804077.200008,587822.5052375628,4475665.6140453685,587811.3104032846,4475667.847524874,0.0,5.325231951806831e-24,0.7745401011218765
720,52b7525b699ef9adf,1.0,1.0,1.0,1.0,0.6343459006285516,1.0,1.0,1.0,0.8694092502244827,True,2021.10.06.07.26.10_veh-52_01245_02064,1,1633507005.70008,365094.5328522974,143344.4701330516,365088.96513150743,143329.64824704078,1.0,0.09090909090909091,0.8857330939464223
721,56a96ee7abd76ab13,0.0,0.0,1.0,1.0,1.0,0.0,0.0,1.0,0.0,True,2021.09.16.15.12.03_veh-42_01037_01434,1,1631806381.999963,587563.1428894323,4475580.683784967,587552.4608356233,4475584.269148239,1.0,6.341382018477643e-31,0.0
722,a784ac158bbb30d15,1.0,1.0,1.0,1.0,0.9270666305338828,1.0,1.0,1.0,0.9739523680478153,True,2021.10.06.08.16.17_veh-52_01949_02501,1,1633510371.199955,365933.9992069091,143038.4415730413,365938.3146930573,143054.02340974112,0.0,0.05555555555555555,0.8522083220418384
723,6e10df391ad68426e,1.0,0.0,1.0,1.0,1.0,1.0,0.0,1.0,0.0,True,2021.09.16.13.53.10_veh-42_01510_01591,1,1631802024.400091,588946.6784700021,4474901.995628799,588932.2438145484,4474950.035025759,1.0,0.0015442057003517886,0.0
724,085b24e5cde180825,0.0,0.0,1.0,1.0,1.0,0.0,1.0,1.0,0.0,True,2021.09.16.19.27.01_veh-45_01749_03230,1,1631822805.499882,587722.394344333,4475565.947116482,587693.5458797759,4475534.7489699405,0.0,4.0568212129964135e-95,0.0
725,c3bb1145080f9b2b0,1.0,1.0,1.0,1.0,0.35613493042836697,1.0,0.0,1.0,0.6271910465815597,True,2021.10.06.07.26.10_veh-52_02208_02394,1,1633507462.199924,365189.9743418067,143567.4782059759,365187.7813156033,143563.61789731783,1.0,0.0,0.6737921657588647
726,1d31047f2f32de9e1,1.0,1.0,0.0,1.0,1.0,1.0,0.0,1.0,0.0,True,2021.10.06.08.16.17_veh-52_01430_01579,1,1633509800.199977,365604.940635407,143688.84052656422,365564.8705245782,143708.94694142396,1.0,1.259588550848412e-160,0.0
727,35fe984f84deeb76b,1.0,1.0,1.0,1.0,0.7024403231928913,1.0,1.0,1.0,0.893728686854604,True,2021.09.16.19.12.04_veh-42_01438_01677,1,1631821525.9997718,588269.6439917631,4475894.6113065025,588252.3845682197,4475881.068485132,0.0,0.0,0.7820126009977786
728,bd51b4ed9e85eff41,0.0,1.0,1.0,1.0,1.0,0.0,0.0,1.0,0.0,True,2021.05.25.17.54.41_veh-35_04111_04288,1,1621983958.4004478,664542.2893671286,3998992.22210048,664531.7197142045,3998965.745388764,1.0,7.558895184930991e-147,0.0
729,7fa425329439a1196,1.0,1.0,1.0,1.0,0.7921949422643528,1.0,1.0,1.0,0.9257839079515546,True,2021.10.06.07.26.10_veh-52_00006_00398,1,1633505612.1998968,365561.75628730166,143313.443671026,365570.9319493409,143280.82321878205,1.0,3.860673359513546e-24,0.9350609194576103
730,56f5b7c7a036edaad,1.0,1.0,0.0,1.0,1.0,1.0,0.0,1.0,0.0,True,2021.09.16.14.39.34_veh-42_00297_00935,1,1631803747.198798,587790.5205789458,4475855.865199983,587805.1333817136,4475847.053394729,0.0,2.1454795347508039e-19,0.0
731,7b6a6c9c50efdcf85,1.0,1.0,1.0,1.0,0.8724616561589135,1.0,1.0,1.0,0.9544505914853263,True,2021.09.29.19.02.14_veh-28_03198_03360,1,1632945497.799588,332617.87772954087,4690332.132332723,332588.4333782715,4690348.975000195,1.0,2.8487188511913518e-05,0.9601442675496605
732,e2272321d7d429d4f,1.0,0.0,0.0,1.0,1.0,1.0,0.0,0.0,0.0,True,2021.09.16.19.49.00_veh-42_00990_01609,1,1631823426.999414,587681.5546365397,4475896.521936988,587696.2855767233,4475913.255481478,0.0,0.5,0.0
733,bd2169898173c44cb,0.5,0.0,0.5,1.0,1.0,0.0,0.0,1.0,0.0,True,2021.06.28.15.02.02_veh-38_02398_02848,1,1624895257.9995039,664420.1182333142,3997335.1992508727,664425.6880916314,3997345.788597576,0.0,0.08333333333333333,0.0
734,294d19afced5a7af8,1.0,1.0,1.0,1.0,0.5546928335411839,1.0,1.0,1.0,0.8409617262647086,True,2021.09.16.14.39.34_veh-42_00032_00186,1,1631803314.699573,589234.9483894757,4474238.821389271,589232.6146483633,4474247.875671504,1.0,0.0,0.8608415104816199
735,67bddd305e7735344,1.0,1.0,1.0,1.0,0.4279197402719668,1.0,1.0,1.0,0.7956856215257024,True,2021.09.16.19.27.01_veh-45_01749_03230,1,1631822805.499882,587688.4401482915,4475526.680649013,587684.5442189575,4475521.25303508,1.0,8.387257448091877e-204,0.8212249188349896
736,85c1d52fe9fa2e443,1.0,0.0,1.0,1.0,0.8052130038556654,1.0,0.0,1.0,0.0,True,2021.08.30.13.45.25_veh-40_00610_00771,1,1630331912.000762,332512.69569905556,4690415.6556443665,332542.09544149705,4690395.382543885,1.0,0.05263157894736842,0.0
737,79d6ba3b0e13a7f66,1.0,1.0,1.0,1.0,1.0,1.0,1.0,1.0,1.0,True,2021.05.25.14.24.08_veh-25_03764_04034,1,1621970883.000027,664501.8370980253,3997877.564530933,664514.7517125083,3997877.768343179,0.0,1.4490961301653352e-116,0.875
738,522ec458b8ed55662,1.0,1.0,1.0,1.0,0.5886662245136948,1.0,0.0,1.0,0.7102379373263196,True,2021.10.06.07.26.10_veh-52_00006_00398,1,1633505612.7002208,365568.9329481463,143293.61006319,365572.7241464371,143278.0784003936,1.0,7.21063590906917e-260,0.7464581951605296
739,66582437b06794318,0.0,0.0,0.0,1.0,1.0,0.0,1.0,0.0,0.0,True,2021.08.30.14.54.34_veh-40_00439_00835,1,1630336046.5001879,331733.94349937694,4690946.617986275,331703.94261469424,4690963.043996332,0.0,0.058823529411764705,0.0
740,eaae6fd2529ee2b0b,1.0,1.0,1.0,1.0,1.0,1.0,0.0,1.0,0.8571428571428571,True,2021.09.16.15.12.03_veh-42_01037_01434,1,1631806381.999963,587565.4927079258,4475582.630221941,587555.1980632615,4475583.901365421,1.0,0.9999946802012492,0.875
741,9f676ba5230d2ce0f,1.0,0.0,0.5,1.0,1.0,1.0,1.0,1.0,0.0,True,2021.09.16.13.53.10_veh-42_00180_00342,1,1631800730.8999748,589099.6157293054,4474628.606706347,589117.9267352475,4474580.02719937,1.0,9.531810066643422e-90,0.0
742,d66bc12e93857dd9a,1.0,1.0,1.0,1.0,0.47090754412826724,1.0,1.0,1.0,0.8110384086172383,True,2021.09.16.19.27.01_veh-45_01749_03230,1,1631823147.000494,587581.6155385826,4475929.574848976,587585.4552774183,4475933.138851218,1.0,0.0,0.8346586075400835
743,6c643cf3c76195c44,1.0,1.0,1.0,1.0,1.0,1.0,1.0,1.0,1.0,True,2021.06.03.13.55.17_veh-35_02866_03582,1,1622746501.10069,664696.7736619317,3999292.171944854,664689.4229247038,3999280.950981624,1.0,0.16666666666666666,1.0
744,acd2363307018e31e,1.0,1.0,0.5,1.0,1.0,1.0,0.0,1.0,0.42857142857142855,True,2021.09.29.19.02.14_veh-28_00540_00917,1,1632942864.799754,331272.30668409576,4690985.248358977,331268.173867476,4690976.673116706,1.0,3.1897130772879872e-56,0.4375
745,c5c884265f0a69c51,1.0,1.0,1.0,1.0,0.0,0.0,0.0,1.0,0.14285714285714285,True,2021.08.30.14.54.34_veh-40_00439_00835,1,1630336046.5001879,331684.0088509573,4690956.782623448,331684.0084580352,4690956.782134026,1.0,0.058823529411764705,0.25
746,f4d363a5d6d3206e3,1.0,1.0,1.0,1.0,1.0,1.0,0.0,1.0,0.8571428571428571,True,2021.09.16.19.27.01_veh-45_01749_03230,1,1631822805.499882,587708.1976180497,4475550.868944619,587689.3341313194,4475529.774189737,1.0,7.840706486520632e-05,0.875
747,488b7f582a8d0e834,1.0,1.0,0.5,1.0,0.6140928240238,1.0,1.0,1.0,0.4310880042899643,True,2021.08.30.14.54.34_veh-40_00439_00835,1,1630336046.5001879,331700.82144262263,4690964.885366788,331690.3961603785,4690962.123633958,0.0,0.058823529411764705,0.37720200375371876
748,b5897b8cc4c644be1,1.0,1.0,1.0,1.0,0.857718740457492,1.0,1.0,1.0,0.9491852644491043,True,2021.10.06.08.16.17_veh-52_01949_02501,1,1633510371.6997008,365935.0433345555,143038.84246356192,365938.52854220325,143053.11774744294,0.0,3.4430196556987024e-120,0.8305371063929663
749,5b406458d7f722fb2,1.0,0.0,1.0,1.0,0.781833089474343,1.0,0.0,1.0,0.0,True,2021.09.29.14.44.26_veh-28_00528_00992,1,1632927674.799846,331603.2594749025,4690932.526283463,331622.611321901,4690918.113049956,1.0,5.676920463673125e-20,0.0
750,c9a4a1c914e8a249d,1.0,0.0,1.0,1.0,1.0,1.0,1.0,1.0,0.0,True,2021.09.16.14.39.34_veh-42_00032_00186,1,1631803314.699573,589246.815917234,4474196.370473557,589237.3275133416,4474231.859338768,1.0,0.9171974302905235,0.0
751,3888d194819d19b6e,1.0,0.0,0.0,1.0,1.0,1.0,0.0,1.0,0.0,True,2021.09.16.17.40.09_veh-45_02539_02745,1,1631816816.899785,587564.4149771117,4475868.895660751,587574.9595876948,4475909.555488471,0.0,0.125,0.0
752,6a62285a9933482cb,1.0,1.0,0.0,1.0,1.0,1.0,0.0,1.0,0.0,True,2021.09.16.14.39.34_veh-42_00032_00186,1,1631803314.199601,589250.5911434836,4474188.493702311,589239.3533255198,4474232.777658423,0.0,1.0247522275588134e-19,0.0
753,a5dae75091c9d8f94,1.0,1.0,1.0,1.0,1.0,1.0,0.0,1.0,0.8571428571428571,True,2021.10.06.08.16.17_veh-52_00181_00574,1,1633508579.200625,365654.5129341857,144038.55641340694,365654.51329885126,144038.55663574245,0.0,0.125,0.75
754,087f962c16ba01a4c,1.0,1.0,1.0,1.0,0.7804896351652986,1.0,0.0,1.0,0.7787462982733209,True,2021.10.06.07.26.10_veh-52_02208_02394,1,1633507462.70014,365195.74947636854,143582.70259267546,365190.5124750863,143571.02725854926,0.0,4.7641729943371e-78,0.6814030109891558
755,493f74af0100c9223,1.0,0.0,1.0,1.0,1.0,0.0,0.0,1.0,0.0,True,2021.10.06.07.26.10_veh-52_01245_02064,1,1633507006.1998289,365099.22089451953,143357.73529817475,365090.1729704873,143335.21525295684,1.0,0.09090909090909091,0.0
756,d5b310b71bd0dd6fd,1.0,1.0,1.0,1.0,0.932814528471697,1.0,1.0,1.0,0.9760051887398917,True,2021.05.25.14.24.08_veh-25_03764_04034,1,1621970883.000027,664497.9352965243,3997877.134454897,664512.7389073254,3997877.319044314,1.0,3.462269982011648e-60,0.9790045401474052
757,1e4fec4c7ed8b79e5,1.0,1.0,1.0,1.0,0.5280606727019694,1.0,1.0,1.0,0.8314502402507034,True,2021.08.30.16.16.44_veh-40_00779_01088,1,1630341133.0003679,331696.2254896002,4690862.674552859,331689.6883372602,4690867.895177134,0.0,6.829982725804783e-40,0.7275189602193655
758,75c698c901137829c,1.0,1.0,1.0,1.0,0.5420077643386799,0.0,1.0,1.0,0.47928848726381423,True,2021.10.06.07.26.10_veh-52_01245_02064,1,1633506534.199717,365565.9305980304,143111.66460897774,365570.95313858584,143098.7119319655,1.0,4.757904104367611e-219,0.5443774263558374
759,d783a4e289c7f6c20,1.0,0.0,0.5,1.0,0.8426389221059812,1.0,0.0,1.0,0.0,True,2021.10.06.07.26.10_veh-52_00006_00398,1,1633505612.7002208,365548.9721120453,143330.6245067887,365568.6889650814,143293.25623523557,1.0,1.8823849928598278e-45,0.0
760,54d9c82ef12c0980e,1.0,1.0,1.0,1.0,0.596455849193494,1.0,0.0,1.0,0.7130199461405337,True,2021.09.16.13.53.10_veh-42_00077_00153,1,1631800576.900032,589333.5591039873,4473927.652130148,589326.9469864909,4473941.945945553,1.0,6.040410917774343e-205,0.7488924528729669
761,36c7b91f3363fdeda,1.0,0.0,0.0,1.0,1.0,1.0,0.0,1.0,0.0,True,2021.09.16.14.39.34_veh-42_00032_00186,1,1631803314.699573,589256.3589678075,4474175.65970622,589242.7052741332,4474224.484185245,0.0,2.649314295464861e-142,0.0
762,99304f2615a52fab7,1.0,1.0,0.5,1.0,1.0,1.0,0.0,1.0,0.42857142857142855,True,2021.09.29.19.02.14_veh-28_00540_00917,1,1632942865.2996528,331273.96219139587,4690987.527431148,331269.2452749315,4690978.30345811,1.0,1.6303943268124834e-35,0.4375
763,294074b42621095d5,1.0,1.0,1.0,1.0,0.5252845491593019,1.0,0.0,1.0,0.6876016246997507,True,2021.10.06.07.26.10_veh-52_02208_02394,1,1633507462.199924,365190.27609981503,143570.90487206844,365187.7922902856,143565.05073373555,0.0,0.0,0.6016514216122819
764,ff916ad047eb525de,1.0,1.0,1.0,1.0,0.8584277239486782,1.0,1.0,1.0,0.9494384728388136,True,2021.08.30.16.16.44_veh-40_00779_01088,1,1630341132.500438,331696.6084901927,4690857.637130065,331688.2981848973,4690868.887083418,1.0,3.934952046872777e-115,0.9557586637339619
765,bfc933fd0598219c3,1.0,0.0,0.0,1.0,1.0,1.0,1.0,1.0,0.0,True,2021.09.29.19.02.14_veh-28_00540_00917,1,1632942865.2996528,331284.0034219995,4691014.724989083,331274.0225356927,4690987.021290734,0.0,3.12865031883177e-78,0.0
766,027609f1fbf1b3b16,0.0,1.0,1.0,1.0,1.0,0.0,0.0,1.0,0.0,True,2021.10.06.07.26.10_veh-52_02208_02394,1,1633507462.199924,365206.30609084084,143609.02492863702,365193.4257438093,143576.90572181463,1.0,0.9685634837091115,0.0
767,7c2d2abd001548d86,1.0,0.0,0.0,1.0,1.0,1.0,0.0,1.0,0.0,True,2021.09.16.13.53.10_veh-42_01510_01591,1,1631802023.90023,588940.4575970292,4474934.542430437,588930.0811097043,4474963.665039665,1.0,1.0450595727608188e-67,0.0
768,ee1505d57883cfc9f,1.0,1.0,1.0,1.0,0.591216715792556,1.0,0.0,1.0,0.7111488270687699,True,2021.09.29.14.44.26_veh-28_00528_00992,1,1632927674.29965,331617.87838333205,4690920.930655434,331630.99637021334,4690913.598963336,1.0,3.6228600767773423e-40,0.7472552236851737
769,2efb8ce9a842354c8,1.0,1.0,1.0,1.0,0.14804769866512368,1.0,1.0,1.0,0.6957313209518299,True,2021.08.30.14.54.34_veh-40_00439_00835,1,1630336046.5001879,331691.38112868334,4690961.439404476,331689.8549400605,4690960.537530797,0.0,0.058823529411764705,0.6087649058328511
770,1875ccbefe8233a69,1.0,0.0,0.0,1.0,1.0,1.0,1.0,1.0,0.0,True,2021.09.16.19.49.00_veh-42_00990_01609,1,1631823426.999414,587694.098994192,4475901.404854552,587696.403128364,4475917.021545149,0.0,1.297071253401454e-61,0.0
771,fb83d9aa77ed50be0,1.0,1.0,1.0,1.0,1.0,1.0,1.0,1.0,1.0,True,2021.06.28.20.24.43_veh-38_03385_04952,1,1624915586.5998569,664226.5014335592,3997365.5336528206,664209.8039427946,3997359.5495257494,1.0,0.05555555555555555,1.0
772,36fe5d9f407c60a58,1.0,1.0,0.5,1.0,0.8367610655531983,1.0,0.0,1.0,0.3994216188487854,True,2021.09.16.14.39.34_veh-42_00297_00935,1,1631803747.198798,587795.1539548672,4475855.159868534,587807.653103814,4475846.337183995,1.0,1.1007355481226282e-62,0.41199391649268724
773,51382084e8c016080,1.0,1.0,0.0,1.0,0.8167857639420465,1.0,0.0,1.0,0.0,True,2021.10.06.08.16.17_veh-52_01430_01579,1,1633509799.699626,365595.1857857936,143692.3072468553,365559.48275337677,143713.16525681643,1.0,7.11492570156489e-49,0.0
774,ec56aefe2cb604a4f,1.0,1.0,1.0,1.0,0.4095658314484954,1.0,1.0,1.0,0.7891306540887484,True,2021.06.28.20.24.43_veh-38_03385_04952,1,1624915586.099568,664198.4166069351,3997360.0204836903,664195.638253671,3997359.705077151,1.0,0.05555555555555555,0.8154893223276548
775,fa2224428f7eab22f,1.0,1.0,1.0,1.0,1.0,1.0,1.0,1.0,1.0,True,2021.05.25.14.24.08_veh-25_03764_04034,1,1621970883.000027,664475.3543685991,3997882.367693715,664502.0343434513,3997878.941309432,1.0,6.126905174597691e-76,1.0
776,9a546e8b85e191da8,1.0,1.0,1.0,1.0,1.0,1.0,1.0,1.0,1.0,True,2021.09.29.18.19.40_veh-28_01268_01685,1,1632940994.599623,330979.9602607365,4690940.696093883,330979.97717428865,4690940.682325095,1.0,0.16666666666666666,1.0
777,099b82495b2e618d3,1.0,1.0,0.5,1.0,0.8106590287692745,0.0,1.0,1.0,0.28761768370879903,True,2021.08.16.14.23.37_veh-45_00015_00132,1,1629123999.50084,589080.0124770815,4474643.888136054,589092.1162069467,4474647.004970122,1.0,0.1111111111111111,0.31416547324519917
778,e2f2c32fd3d5f5d35,0.0,1.0,0.0,1.0,1.0,0.0,0.0,1.0,0.0,True,2021.09.29.19.02.14_veh-28_03198_03360,1,1632945497.799588,332612.6266403196,4690338.065477246,332586.00691858446,4690352.930680247,0.0,4.608649876555255e-74,0.0
779,04d2f35c7f6db137f,1.0,1.0,1.0,1.0,0.5750302204243984,0.0,1.0,1.0,0.4910822215801423,True,2021.10.06.07.26.10_veh-52_01245_02064,1,1633506534.199717,365566.58463349537,143111.46066878596,365570.57078125555,143097.90321588592,1.0,1.1248991206624806e-246,0.5546969438826246
780,61fc4b92e35089b4c,1.0,1.0,1.0,1.0,0.9456501302192019,1.0,0.0,1.0,0.8377321893640006,True,2021.09.16.19.27.01_veh-45_01749_03230,1,1631823147.000494,587565.0867801798,4475887.773568624,587577.1516491675,4475922.757021172,0.0,0.7975734345407532,0.7330156656935005
781,c35d767a796986c02,0.0,1.0,0.5,1.0,1.0,0.0,0.0,1.0,0.0,True,2021.09.29.19.02.14_veh-28_00540_00917,1,1632942864.799754,331283.360603915,4690999.221349554,331272.03538654465,4690981.850687454,1.0,0.17740288378062452,0.0
782,6e878407167faf00e,1.0,0.0,1.0,1.0,0.5450569935911841,1.0,0.0,1.0,0.0,True,2021.09.16.13.53.10_veh-42_01510_01591,1,1631802024.400091,588933.3307489895,4474951.522913121,588928.3891134367,4474966.309914961,0.0,0.0,0.0
783,9450ae84450a77fc4,1.0,1.0,1.0,1.0,0.9723884760792626,1.0,0.0,1.0,0.8472815985997366,True,2021.10.06.08.16.17_veh-52_01430_01579,1,1633509799.699626,365567.9694625047,143706.8042922391,365549.56003353046,143719.88293261835,1.0,5.792206707129546e-116,0.8663713987747695
784,a33c0d08df145dd4a,0.0,1.0,1.0,1.0,1.0,0.0,1.0,1.0,0.0,True,2021.09.29.19.02.14_veh-28_00964_01689,1,1632943908.2998428,331601.7061142149,4690807.940386535,331599.87616988795,4690809.172512275,1.0,0.2,0.0
785,36a0cef1b153a4f11,1.0,1.0,1.0,1.0,1.0,1.0,1.0,1.0,1.0,True,2021.09.16.15.12.03_veh-42_01037_01434,1,1631806381.5001678,587566.1105355358,4475582.77792611,587554.3894596368,4475584.28961855,1.0,0.2,1.0
786,5ca342ee0bfdecb05,1.0,1.0,1.0,1.0,1.0,1.0,1.0,1.0,1.0,True,2021.09.29.19.02.14_veh-28_03198_03360,1,1632945497.799588,332641.55178319075,4690318.531956253,332596.71629719366,4690344.429039356,1.0,4.7982176794938065e-127,1.0
787,6eff7e6fb5d5bcf04,1.0,1.0,1.0,1.0,1.0,1.0,1.0,1.0,1.0,True,2021.10.06.07.26.10_veh-52_02208_02394,1,1633507462.199924,365190.8590289097,143575.19973618042,365185.8463694302,143562.18902738995,0.0,0.0,0.875
788,26fc6837ede450373,1.0,1.0,1.0,1.0,0.47787597746961546,1.0,1.0,1.0,0.8135271348105769,True,2021.09.29.18.19.40_veh-28_00438_00833,1,1632940187.5997648,330999.6725602872,4691169.261570241,330995.3514708246,4691166.793856863,1.0,0.125,0.8368362429592549
789,9e268b454b8ca07a1,1.0,1.0,0.0,1.0,0.7686413889518706,1.0,0.0,1.0,0.0,True,2021.08.30.13.45.25_veh-40_00610_00771,1,1630331911.500592,332534.3421371614,4690397.918566144,332552.651885375,4690385.755385483,0.0,0.05263157894736842,0.0
790,ae646ba56f5add8db,1.0,1.0,0.5,1.0,1.0,1.0,0.0,1.0,0.42857142857142855,True,2021.08.16.14.23.37_veh-45_00015_00132,1,1629123999.50084,589066.3943415203,4474646.46199601,589086.7513399916,4474646.099614648,0.0,0.1111111111111111,0.375
791,35f03ec2d26d4c3df,0.0,0.0,0.0,1.0,1.0,0.0,0.0,1.0,0.0,True,2021.09.16.19.27.01_veh-45_01749_03230,1,1631822424.000396,587717.9665000975,4475914.242625389,587757.0088534268,4475886.611865096,1.0,1.5746336289032759e-96,0.0
792,8d7f7a041d0f59275,1.0,1.0,0.0,1.0,1.0,1.0,0.0,1.0,0.0,True,2021.09.16.14.39.34_veh-42_00297_00935,1,1631803746.6991608,587786.1891806966,4475861.657843882,587803.8072977816,4475848.803737473,1.0,0.9194964661540466,0.0
793,6324e7d77bf56fdb3,1.0,1.0,1.0,1.0,1.0,1.0,1.0,1.0,1.0,True,2021.09.16.14.39.34_veh-42_00297_00935,1,1631804076.700115,587822.7548290362,4475662.380810642,587806.8730642633,4475664.777134427,1.0,7.493445064015133e-05,1.0
794,38a27d438189dcb29,1.0,1.0,1.0,1.0,0.40065464011409724,1.0,1.0,1.0,0.7859480857550347,True,2021.10.06.07.26.10_veh-52_00006_00398,1,1633505612.1998968,365573.71131034405,143276.3177416039,365573.6881829668,143272.55875592714,0.0,4.48937918296797e-310,0.6877045750356554
795,dc83f2167ec7e2ca3,0.0,0.0,1.0,1.0,1.0,0.0,0.0,1.0,0.0,True,2021.09.29.14.44.26_veh-28_00337_00504,1,1632927138.7995958,331160.5611266796,4690604.5790262,331181.1154701128,4690582.808420327,1.0,3.0516774030641017e-83,0.0
796,8ab43bb08112dc9ee,1.0,1.0,1.0,1.0,1.0,1.0,1.0,1.0,1.0,True,2021.10.06.07.26.10_veh-52_02208_02394,1,1633507462.70014,365191.8020798189,143577.36789822968,365185.95908546937,143562.46143048984,0.0,0.0,0.875
797,2653246a8dbdf690b,1.0,1.0,1.0,1.0,0.607118091760267,1.0,0.0,1.0,0.716827889914381,True,2021.09.16.13.53.10_veh-42_00077_00153,1,1631800576.900032,589334.7194344958,4473924.083905,589327.5381067876,4473939.853443718,1.0,2.4616903033813033e-123,0.7522244036750834
798,332234ee590ff1dd2,1.0,0.0,0.0,1.0,1.0,1.0,1.0,1.0,0.0,True,2021.09.16.19.49.00_veh-42_00990_01609,1,1631823427.498962,587688.8230272908,4475898.53836237,587695.4666686323,4475916.892135068,0.0,0.1111111111111111,0.0
799,626e000a64788c202,1.0,1.0,1.0,1.0,1.0,1.0,0.0,1.0,0.8571428571428571,True,2021.09.16.19.27.01_veh-45_01749_03230,1,1631822805.499882,587713.3246347634,4475556.479988215,587691.9062125358,4475531.111368584,1.0,1.7619343423386817e-15,0.875
800,5f6ba007265885758,1.0,0.0,1.0,1.0,0.7307631387988501,1.0,0.0,1.0,0.0,True,2021.09.16.13.53.10_veh-42_01510_01591,1,1631802023.90023,588936.7786276845,4474941.987835818,588928.1753422286,4474968.322080074,0.0,3.9746808654231537e-240,0.0
801,99dd1518526c46b6e,1.0,1.0,0.0,1.0,1.0,1.0,0.0,1.0,0.0,True,2021.08.30.16.16.44_veh-40_00779_01088,1,1630341133.0003679,331689.25719160907,4690832.562100767,331695.38206983224,4690859.681248785,0.0,2.346312045037098e-72,0.0
802,ab7c66f93bd1cb471,1.0,0.0,1.0,1.0,1.0,1.0,0.0,1.0,0.0,True,2021.10.06.07.26.10_veh-52_02208_02394,1,1633507462.70014,365202.3988641887,143594.73668729022,365191.8612893802,143575.24577659377,1.0,0.5260293259114261,0.0
803,102aa278a654e934e,1.0,1.0,1.0,1.0,0.7003802662477345,1.0,1.0,1.0,0.8929929522313337,True,2021.10.06.07.26.10_veh-52_01245_02064,1,1633507005.70008,365094.91795244336,143345.41860119737,365089.40275113477,143329.9675206438,1.0,0.09090909090909091,0.906368833202417
804,3e5e5f35dd00868f1,0.0,1.0,1.0,1.0,1.0,0.0,1.0,1.0,0.0,True,2021.06.28.20.24.43_veh-38_03385_04952,1,1624915586.5998569,664202.6503875108,3997357.2066967897,664193.5774234795,3997358.919054944,0.0,0.05555555555555555,0.0
805,3b99d2eccb04b25a0,1.0,1.0,0.5,1.0,1.0,1.0,0.0,1.0,0.42857142857142855,True,2021.09.29.14.44.26_veh-28_00337_00504,1,1632927139.299571,331173.13399142044,4690589.083632511,331185.3611630943,4690576.817282462,1.0,0.07692307692307693,0.4375
806,fbc47d17828f56207,1.0,1.0,1.0,1.0,0.9248021334342249,1.0,1.0,1.0,0.9731436190836517,True,2021.09.16.13.53.10_veh-42_00180_00342,1,1631800730.8999748,589104.9867695138,4474612.941831788,589119.4202142529,4474575.15027647,1.0,6.208945189355309e-07,0.9765006666981952
807,adf39008de8774c39,1.0,1.0,1.0,1.0,1.0,1.0,1.0,1.0,1.0,True,2021.09.29.19.02.14_veh-28_03198_03360,1,1632945497.2998369,332636.069927481,4690321.512127356,332591.57382463856,4690347.4628942,1.0,1.3111175334037263e-14,1.0
808,cc84a91b9d7b3a3d5,1.0,1.0,1.0,1.0,0.8311700623091702,1.0,0.0,1.0,0.7968464508247036,True,2021.09.29.19.02.14_veh-28_03198_03360,1,1632945497.799588,332614.7168556283,4690335.02454295,332586.78515183,4690351.002524278,1.0,7.855664618106462e-35,0.8222406444716157
809,bda8e2ddfcebef730,1.0,1.0,0.0,1.0,1.0,1.0,0.0,1.0,0.0,True,2021.09.29.14.44.26_veh-28_00528_00992,1,1632927674.799846,331603.0906983584,4690929.8797178045,331625.06064737553,4690915.991459299,1.0,0.602813502432068,0.0
810,ebc9bb73d92a43a32,0.0,1.0,1.0,1.0,1.0,0.0,1.0,1.0,0.0,True,2021.06.03.13.55.17_veh-35_02866_03582,1,1622746500.600565,664694.275667362,3999293.910737081,664688.557766335,3999281.8155019414,1.0,0.16666666666666666,0.0
811,0f61f35dda061336d,1.0,1.0,0.0,1.0,1.0,1.0,0.0,1.0,0.0,True,2021.09.16.13.53.10_veh-42_00180_00342,1,1631800730.8999748,589109.0921599888,4474601.085381786,589120.8074234793,4474570.274189283,1.0,3.234713975861276e-37,0.0
812,43c0e949f19e63437,1.0,0.0,0.5,1.0,1.0,1.0,0.0,1.0,0.0,True,2021.09.16.19.49.00_veh-42_00990_01609,1,1631823427.498962,587690.0052166404,4475901.839163578,587696.796954003,4475916.111374858,0.0,0.1111111111111111,0.0
813,e774d1b87b07638c4,1.0,1.0,1.0,1.0,1.0,1.0,1.0,1.0,1.0,True,2021.09.16.15.47.30_veh-45_01199_01391,1,1631808659.800304,588051.1860314839,4475726.039299279,588030.9592792492,4475709.733013757,1.0,9.328775556301743e-293,1.0
814,ef863110f1ea79566,0.0,1.0,1.0,1.0,1.0,0.0,0.0,1.0,0.0,True,2021.10.06.07.26.10_veh-52_02208_02394,1,1633507462.199924,365208.2452030953,143612.1907973098,365194.04922416696,143577.48552284806,1.0,0.007149112464649183,0.0
815,0286ad2f0fec1df3b,1.0,1.0,1.0,1.0,0.8232314258377278,1.0,0.0,0.0,0.6511540806563314,True,2021.09.16.19.27.01_veh-45_01749_03230,1,1631822804.9998279,587684.4478594942,4475522.992265337,587678.4497040121,4475515.93549374,0.0,0.0,0.56975982057429
816,b2ad6357566bfa454,1.0,1.0,0.5,1.0,1.0,1.0,0.0,1.0,0.42857142857142855,True,2021.09.16.14.39.34_veh-42_00297_00935,1,1631803746.6991608,587794.5875490314,4475854.912300476,587808.5756252668,4475846.315774574,1.0,1.9737713728925623e-87,0.4375
817,d0a4601b1148fbc50,1.0,1.0,1.0,1.0,0.8376967444518544,1.0,1.0,1.0,0.9420345515899479,True,2021.10.06.07.26.10_veh-52_02208_02394,1,1633507462.199924,365198.17798714654,143584.8693803163,365190.54440000356,143569.04130373104,1.0,1.800328877914338e-167,0.9492802326412044
818,90a368abf1e231f06,1.0,1.0,0.5,1.0,0.9363972643891728,0.0,1.0,1.0,0.31007094006949515,True,2021.08.16.14.23.37_veh-45_00015_00132,1,1629124000.0005128,589078.1224466839,4474643.806050339,589091.6226677411,4474646.622985404,1.0,0.1111111111111111,0.33381207256080825
819,80fbecd9f16630510,1.0,1.0,1.0,1.0,1.0,1.0,1.0,1.0,1.0,True,2021.09.16.15.47.30_veh-45_01199_01391,1,1631808659.300555,588053.0338390456,4475727.348972389,588027.9863037148,4475706.9512559185,0.0,6.87093915183467e-235,0.875
820,c1ef027c99cf15974,1.0,0.0,0.0,1.0,0.8511557421319245,1.0,1.0,1.0,0.0,True,2021.08.30.16.16.44_veh-40_00779_01088,1,1630341133.0003679,331700.6457425453,4690838.287619932,331693.7769284089,4690864.48577644,0.0,2.532984484510236e-12,0.0
821,c9b45ed2516cd216c,1.0,0.0,0.0,1.0,1.0,1.0,1.0,1.0,0.0,True,2021.09.16.19.49.00_veh-42_00990_01609,1,1631823427.498962,587689.145496375,4475898.572005001,587695.4666686323,4475916.892135068,0.0,0.1111111111111111,0.0
822,ff555d2dfbada57ed,1.0,0.0,1.0,1.0,1.0,1.0,0.0,1.0,0.0,True,2021.09.16.13.53.10_veh-42_01510_01591,1,1631802023.90023,588945.577437123,4474910.6979605295,588930.6817263886,4474960.027998538,1.0,3.247127495604723e-07,0.0
823,4699eb47aa0ff2aa8,0.0,0.0,1.0,1.0,1.0,0.0,0.0,1.0,0.0,True,2021.09.29.19.02.14_veh-28_00540_00917,1,1632942865.2996528,331286.3252878677,4691000.068985617,331273.30711561354,4690983.989195883,1.0,8.269150397896624e-17,0.0
824,054ea5b13451c621b,1.0,1.0,1.0,1.0,1.0,1.0,1.0,1.0,1.0,True,2021.09.16.14.39.34_veh-42_00297_00935,1,1631804077.200008,587821.6321204767,4475663.509842959,587805.2819618086,4475663.551845129,0.0,2.7631090540114095e-35,0.875
825,cad5818510a871f22,0.0,1.0,1.0,1.0,1.0,0.0,1.0,1.0,0.0,True,2021.06.28.15.02.02_veh-38_02398_02848,1,1624895257.9995039,664407.3348483685,3997337.409246126,664422.9215642292,3997343.677928829,0.0,0.08333333333333333,0.0
826,2fb8e40dec69f26c4,1.0,1.0,1.0,1.0,1.0,1.0,0.0,1.0,0.8571428571428571,True,2021.09.16.19.12.04_veh-42_01438_01677,1,1631821525.9997718,588298.4843262265,4475919.178843199,588259.2942809041,4475888.2210691795,1.0,2.344970989049206e-18,0.875
827,9a5590594b11e4e0d,1.0,1.0,1.0,1.0,1.0,1.0,1.0,1.0,1.0,True,2021.09.16.14.39.34_veh-42_00032_00186,1,1631803314.699573,589252.236141028,4474177.251715657,589241.4146782864,4474221.305417313,1.0,2.1595945153328343e-216,1.0
828,dbf49f5df6cc0b159,0.0,0.0,1.0,1.0,1.0,0.0,1.0,1.0,0.0,True,2021.06.28.15.02.02_veh-38_02398_02848,1,1624895257.9995039,664410.5911455402,3997336.124162548,664423.9851116203,3997343.036587055,0.0,0.08333333333333333,0.0
829,be44491ed8588df81,1.0,0.0,1.0,1.0,1.0,1.0,1.0,1.0,0.0,True,2021.06.28.20.24.43_veh-38_03385_04952,1,1624915586.5998569,664244.076300595,3997354.2964300956,664209.9357624131,3997360.298637932,0.0,0.05555555555555555,0.0
830,f7c257dc15f6031fb,1.0,1.0,1.0,1.0,0.9974944637974887,1.0,0.0,1.0,0.8562480227848174,True,2021.09.16.17.40.09_veh-45_02539_02745,1,1631816816.399857,587563.5583399248,4475878.48470139,587574.9167341834,4475916.138490614,1.0,0.9854908527868905,0.8742170199367152
831,36c78e1f966d78d1b,1.0,1.0,1.0,1.0,0.6872005409464534,1.0,1.0,1.0,0.8882859074808762,True,2021.06.28.15.02.02_veh-38_02398_02848,1,1624895257.9995039,664423.9412810251,3997344.007610931,664425.5609506179,3997352.1753255227,1.0,0.08333333333333333,0.9022501690457667
832,a8df9dde6ff732727,1.0,1.0,1.0,1.0,1.0,1.0,0.0,1.0,0.8571428571428571,True,2021.10.06.07.26.10_veh-52_02208_02394,1,1633507462.199924,365199.035017327,143590.33300634436,365190.3149033219,143570.74735666803,0.0,5.115539215559492e-112,0.75
833,661c4fdee268dcb1e,1.0,1.0,1.0,1.0,0.6545525503149003,1.0,1.0,1.0,0.87662591082675,True,2021.09.29.18.19.40_veh-28_00438_00833,1,1632940187.0998518,330998.58403690107,4691170.5909793535,330991.37337877223,4691165.750182512,1.0,4.777723850104665e-79,0.8920476719734063
834,0369a23acb953eeac,1.0,1.0,1.0,1.0,0.7180350627333199,1.0,1.0,1.0,0.8992982366904714,True,2021.10.06.08.16.17_veh-52_01430_01579,1,1633509799.699626,365580.00116127316,143701.79056139794,365553.43957514636,143716.9259665019,1.0,1.91615259828755e-14,0.9118859571041624
835,04de9b2eef6b71d6c,1.0,0.0,1.0,1.0,0.9136984488711593,1.0,0.0,1.0,0.0,True,2021.09.16.14.39.34_veh-42_00297_00935,1,1631804076.700115,587827.9393917044,4475657.214254211,587810.6753508606,4475666.230857824,0.0,1.6748758388439868e-16,0.0
836,474779897c967667c,0.0,1.0,1.0,1.0,1.0,0.0,1.0,1.0,0.0,True,2021.09.16.15.47.30_veh-45_01199_01391,1,1631808659.300555,588077.3150704694,4475746.599247,588036.5730677114,4475715.513522199,0.0,4.999574270143463e-07,0.0
837,4c3e13d3975af4927,1.0,1.0,1.0,1.0,0.8700860851191258,1.0,0.0,1.0,0.8107450303996878,True,2021.09.16.19.27.01_veh-45_01749_03230,1,1631823147.000494,587566.0290474131,4475891.166925399,587577.0104648689,4475922.107736141,1.0,2.195670256765347e-06,0.8344019015997268
838,93558974f46d692e7,1.0,0.0,1.0,1.0,0.9565186436831693,1.0,0.0,1.0,0.0,True,2021.09.16.13.53.10_veh-42_01510_01591,1,1631802023.90023,588940.4094866444,4474922.036280203,588928.3816528309,4474962.796144502,1.0,1.1117646782625583e-57,0.0
839,2cfe97d8f0bc1727a,1.0,0.0,0.0,1.0,1.0,1.0,0.0,1.0,0.0,True,2021.09.16.13.53.10_veh-42_00077_00153,1,1631800576.900032,589345.0160093522,4473897.9007722745,589330.9491477145,4473932.761686626,0.0,0.04466942701906844,0.0
840,761fdfcb355d74f9b,1.0,1.0,1.0,1.0,1.0,1.0,1.0,1.0,1.0,True,2021.09.16.19.12.04_veh-42_01438_01677,1,1631821525.9997718,588310.2697147555,4475926.1656524995,588266.5596115235,4475891.889358352,1.0,2.1233417585848275e-63,1.0
841,4ce9b6dc350d286df,1.0,0.0,0.0,1.0,1.0,1.0,0.0,1.0,0.0,True,2021.09.29.14.44.26_veh-28_00528_00992,1,1632927674.799846,331582.57622036163,4690940.159817868,331618.5852639746,4690920.421676828,1.0,7.076833906205214e-133,0.0
842,c6c91a989e2c0ae69,1.0,1.0,1.0,1.0,0.7352611822012508,1.0,1.0,1.0,0.9054504222147325,True,2021.08.30.16.16.44_veh-40_00779_01088,1,1630341132.500438,331695.87762281403,4690859.963013329,331687.1766969355,4690869.100235627,0.0,1.5590829725890513e-142,0.7922691194378909
843,2a2396b5db7435a5e,1.0,1.0,0.0,1.0,1.0,1.0,1.0,1.0,0.0,True,2021.09.16.14.39.34_veh-42_00297_00935,1,1631803746.6991608,587776.0013567796,4475868.94092788,587799.8834147898,4475851.486983194,0.0,3.4986736895824514e-26,0.0
844,61b536394c345010e,1.0,0.0,1.0,1.0,1.0,1.0,1.0,1.0,0.0,True,2021.09.16.14.39.34_veh-42_00032_00186,1,1631803314.699573,589250.9700665298,4474177.416289416,589240.3024607869,4474223.729565195,1.0,4.765232812991189e-115,0.0
845,92b72601aef2807d0,1.0,1.0,1.0,1.0,0.8144861218205146,1.0,1.0,1.0,0.9337450435073267,True,2021.09.16.14.39.34_veh-42_00032_00186,1,1631803314.699573,589246.3125449248,4474200.801446546,589238.1681685895,4474231.531011877,1.0,0.0828025694349467,0.9420269130689108
846,2bac462f71b189be9,1.0,0.0,0.5,1.0,0.1343471061853966,1.0,1.0,1.0,0.0,True,2021.08.30.13.45.25_veh-40_00610_00771,1,1630331911.500592,332559.65499483515,4690397.611167227,332554.47044112976,4690384.493797783,0.0,0.05263157894736842,0.0
847,f3d789e129d07af8b,1.0,1.0,1.0,1.0,0.9594730612221066,1.0,1.0,1.0,0.9855260932936095,True,2021.09.16.13.53.10_veh-42_00180_00342,1,1631800730.8999748,589105.4306998994,4474612.7950069,589120.0576865552,4474573.494678573,1.0,0.0007442853887929771,0.9873353316319083
848,8e24bdf2be5da6777,1.0,1.0,1.0,1.0,0.4773503906042538,1.0,0.0,1.0,0.6704822823586621,True,2021.08.30.16.16.44_veh-40_00779_01088,1,1630341132.500438,331691.5020380449,4690866.732851993,331686.5370486293,4690869.3311368795,0.0,6.621483419483757e-164,0.5866719970638293
849,0517c552242d8cb70,1.0,1.0,1.0,1.0,0.9157590684764523,1.0,1.0,1.0,0.9699139530273043,True,2021.09.16.19.27.01_veh-45_01749_03230,1,1631823147.500208,587564.8959855259,4475885.0337245315,587575.6074195036,4475918.428175097,1.0,7.091913610444385e-51,0.9736747088988913
850,f32ce52441f70bfee,1.0,1.0,1.0,1.0,0.9644907020688502,1.0,1.0,1.0,0.9873181078817322,True,2021.09.16.14.39.34_veh-42_00032_00186,1,1631803314.699573,589249.7765986386,4474186.440416942,589239.633423322,4474227.426565039,1.0,9.941850250298671e-30,0.9889033443965157
851,5688641dd10efb02d,1.0,1.0,1.0,1.0,0.8125072303786192,1.0,1.0,1.0,0.9330382965637926,True,2021.09.16.15.47.30_veh-45_01199_01391,1,1631808659.300555,588039.4372150318,4475717.533920154,588025.4733299037,4475705.588099353,0.0,0.0,0.8164085094933184
852,829b5dca21edece70,1.0,0.0,1.0,1.0,1.0,1.0,1.0,1.0,0.0,True,2021.09.16.14.39.34_veh-42_00297_00935,1,1631804077.200008,587822.2365903461,4475661.603046173,587803.6047722212,4475662.28810427,0.0,7.554760187452355e-82,0.0
853,4142c2fdf6fa0139a,0.0,0.0,0.5,0.0,1.0,0.0,1.0,1.0,0.0,True,2021.09.29.14.44.26_veh-28_00337_00504,1,1632927138.7995958,331184.1822185401,4690583.939373749,331190.6179455291,4690575.257090575,1.0,6.495094840361897e-70,0.0
854,38a3a85f24db9d0f8,1.0,1.0,0.5,1.0,1.0,1.0,0.0,1.0,0.42857142857142855,True,2021.09.16.14.39.34_veh-42_00032_00186,1,1631803314.199601,589248.5499229825,4474196.642443829,589237.8953101089,4474235.557979301,1.0,3.2129720097445376e-07,0.4375
855,778099fc6283d21e0,1.0,1.0,1.0,1.0,0.5030924119925191,1.0,1.0,1.0,0.8225330042830424,True,2021.08.30.14.54.34_veh-40_00439_00835,1,1630336046.5001879,331695.04427862156,4690966.515386065,331688.54848080757,4690962.199734509,0.0,0.058823529411764705,0.7197163787476621
856,1212d2f99f183cece,1.0,1.0,0.0,1.0,0.7863054040491511,1.0,0.0,1.0,0.0,True,2021.08.30.13.45.25_veh-40_00610_00771,1,1630331911.500592,332534.0212705505,4690398.548167249,332552.651885375,4690385.755385483,0.0,0.05263157894736842,0.0
857,d6a8d396239dfefa0,1.0,1.0,0.5,1.0,0.6506271634251214,1.0,1.0,1.0,0.43761199346877167,True,2021.09.16.14.39.34_veh-42_00297_00935,1,1631803747.198798,587796.910882301,4475851.145679123,587804.9294827568,4475848.047168068,0.0,9.214162279821411e-09,0.3829104942851752
858,d2eb3158a4dcc825e,0.0,1.0,0.0,1.0,1.0,0.0,0.0,1.0,0.0,True,2021.09.29.14.44.26_veh-28_00337_00504,1,1632927139.299571,331151.0902914503,4690611.308703943,331175.3291058965,4690587.6620604005,1.0,0.07692307692307693,0.0
859,2aa8f5678f71648b6,1.0,1.0,1.0,1.0,1.0,1.0,0.0,1.0,0.8571428571428571,True,2021.05.25.17.54.41_veh-35_04111_04288,1,1621983957.900826,664532.9121490598,3998973.2536743223,664529.1323596905,3998958.7739181346,0.0,1.3891345213750955e-290,0.75
860,6fea2b47f85b2b5c3,1.0,1.0,1.0,1.0,0.47051810639341,1.0,1.0,1.0,0.8108993237119321,True,2021.09.16.19.12.04_veh-42_01438_01677,1,1631821525.9997718,588262.8308815786,4475889.904594383,588251.7952889159,4475881.188401644,1.0,0.0,0.8345369082479406
861,5dd439bda5bf2a988,1.0,1.0,1.0,1.0,0.654521143845191,1.0,1.0,1.0,0.8766146942304253,True,2021.09.29.18.19.40_veh-28_00438_00833,1,1632940187.0998518,331001.2474090823,4691171.43485775,330995.2616883762,4691168.0486100875,0.0,0.9999999999999997,0.7670378574516221
862,49057fbf986facf33,1.0,1.0,1.0,1.0,0.7439287890626852,1.0,0.0,1.0,0.7656888532366732,True,2021.09.16.19.27.01_veh-45_01749_03230,1,1631822805.499882,587700.5275785911,4475541.862571769,587687.5526190306,4475525.495946194,1.0,3.94149585692136e-44,0.7949777465820891
863,493a69b930b600eb5,1.0,1.0,1.0,1.0,1.0,1.0,1.0,1.0,1.0,True,2021.06.03.13.55.17_veh-35_02866_03582,1,1622746501.10069,664698.2785969041,3999295.7484587524,664690.8948650624,3999284.0099297585,1.0,0.16666666666666666,1.0
864,dc76f297f95b90094,1.0,1.0,0.0,1.0,0.8360680473423568,1.0,0.0,1.0,0.0,True,2021.10.06.08.16.17_veh-52_01430_01579,1,1633509799.699626,365598.6667517574,143690.03663486557,365560.5483609497,143712.34844641763,1.0,2.1571862076020437e-80,0.0
865,ef4057d8e3d8a089e,1.0,1.0,0.5,1.0,1.0,1.0,0.0,1.0,0.42857142857142855,True,2021.08.16.14.23.37_veh-45_00015_00132,1,1629124000.0005128,589061.2627510965,4474645.700009924,589081.8294634647,4474645.17806798,1.0,0.1111111111111111,0.4375
866,221ee037ec27dbb36,1.0,1.0,1.0,1.0,0.0,1.0,1.0,1.0,0.6428571428571429,True,2021.09.29.18.19.40_veh-28_01268_01685,1,1632940994.0997548,330981.7468235554,4690938.630929001,330981.7583891751,4690938.6233219635,0.0,0.16666666666666666,0.5625
867,b9d6d6e0f1c629518,1.0,0.0,0.5,1.0,1.0,1.0,0.0,1.0,0.0,True,2021.10.06.07.26.10_veh-52_01245_02064,1,1633507005.70008,365095.6270338847,143330.69069490733,365084.9719609207,143324.23095067564,0.0,0.09090909090909091,0.0
868,f86cff80de8851a4b,1.0,1.0,1.0,1.0,0.7473864772483315,1.0,1.0,1.0,0.9097808847315471,True,2021.09.16.14.39.34_veh-42_00297_00935,1,1631803746.6991608,587795.2967146304,4475855.195862863,587807.7145092633,4475847.683468454,1.0,2.2155142270648807e-50,0.9210582741401037
869,57b65fccc387a8607,1.0,0.0,1.0,1.0,0.46754337573923205,1.0,1.0,1.0,0.0,True,2021.09.16.17.40.09_veh-45_02539_02745,1,1631816816.899785,587576.8474987879,4475922.468174398,587579.5768642888,4475927.387854056,1.0,0.125,0.0
870,0e0c4a0cc9feb9612,1.0,1.0,1.0,1.0,0.7174873475932443,1.0,0.0,1.0,0.7562454812833016,True,2021.09.16.14.39.34_veh-42_00297_00935,1,1631803747.198798,587800.7399081526,4475850.5043102,587808.1607897534,4475847.063923767,1.0,1.4414952473623834e-63,0.7867147961228889
871,237248dcf20ccf56f,1.0,1.0,1.0,1.0,0.2558006937436265,1.0,1.0,1.0,0.7342145334798665,True,2021.10.06.08.16.17_veh-52_01949_02501,1,1633510371.199955,365941.80916755216,143053.54799204782,365938.8599911491,143056.11118878095,1.0,0.05555555555555555,0.7674377167948833
872,2806ce33b59f03ee9,1.0,1.0,1.0,1.0,0.8017646508215175,1.0,0.0,1.0,0.786344518150542,True,2021.05.25.17.54.41_veh-35_04111_04288,1,1621983958.4004478,664538.3943327506,3998975.0138770104,664533.1905271827,3998965.0517613417,1.0,4.01949470398791e-153,0.8130514533817242
873,7daae87faa1540ace,1.0,1.0,1.0,1.0,0.902910388021553,1.0,0.0,1.0,0.8224679957219833,True,2021.09.29.19.02.14_veh-28_03198_03360,1,1632945497.2998369,332616.22324403893,4690334.779104026,332584.5619676964,4690352.7031996995,1.0,1.7210187896390077e-75,0.8446594962567353
874,30ae4fd49fda24627,1.0,1.0,1.0,1.0,1.0,1.0,0.0,1.0,0.8571428571428571,True,2021.10.06.07.26.10_veh-52_02208_02394,1,1633507462.199924,365201.07504766167,143593.6440430292,365190.56143957085,143572.70566782533,1.0,2.4938825014700267e-59,0.875
875,687fb362f72d56b1d,1.0,1.0,1.0,1.0,0.5658627122090821,1.0,1.0,1.0,0.8449509686461008,True,2021.09.29.18.19.40_veh-28_00438_00833,1,1632940187.5997648,330998.80198043253,4691171.219457649,330994.13828114374,4691167.73475152,0.0,0.125,0.7393320975653381
876,3110b909a8ee018b8,0.0,1.0,1.0,1.0,1.0,0.0,0.0,1.0,0.0,True,2021.05.25.17.54.41_veh-35_04111_04288,1,1621983958.4004478,664554.684903337,3999008.0707319034,664537.6578488931,3998975.751564615,1.0,4.8625517053404275e-22,0.0
877,492bf2330bca28ca8,1.0,1.0,1.0,1.0,0.7106597571856402,1.0,1.0,1.0,0.8966641989948715,True,2021.09.29.14.44.26_veh-28_00528_00992,1,1632927674.29965,331628.21831178566,4690914.696151597,331637.2683555869,4690909.464841049,1.0,9.5540874032812e-310,0.9095811741205125
878,ba1d4ee6517641b7b,1.0,1.0,1.0,1.0,1.0,1.0,0.0,1.0,0.8571428571428571,True,2021.06.28.20.24.43_veh-38_03385_04952,1,1624915586.099568,664216.602063748,3997361.6636633584,664200.3081585299,3997358.790184052,1.0,0.05555555555555555,0.875
879,f7ae88aefcd8f251e,1.0,1.0,0.5,1.0,1.0,1.0,0.0,1.0,0.42857142857142855,True,2021.09.16.13.53.10_veh-42_00180_00342,1,1631800730.8999748,589121.9412295208,4474565.778320282,589126.110331618,4474555.5961922025,1.0,0.0,0.4375
880,44873a7eb00654595,1.0,1.0,1.0,1.0,0.7925473783488474,1.0,0.0,1.0,0.7830526351245883,True,2021.10.06.07.26.10_veh-52_00006_00398,1,1633505612.7002208,365563.51217324275,143316.19326744005,365572.0134644787,143284.1805209592,0.0,1.8033573675762687e-48,0.6851710557340148
881,071605e0e3709e71e,1.0,1.0,1.0,1.0,1.0,1.0,1.0,1.0,1.0,True,2021.06.28.20.24.43_veh-38_03385_04952,1,1624915586.5998569,664218.473527454,3997360.1101472112,664201.1667931386,3997357.640868604,1.0,0.05555555555555555,1.0
882,a0c6dbfad5c2cef6e,1.0,1.0,0.0,1.0,1.0,1.0,0.0,1.0,0.0,True,2021.09.29.14.44.26_veh-28_00337_00504,1,1632927138.7995958,331167.17365499603,4690595.683502354,331183.5401047681,4690579.459726088,0.0,7.755518016427508e-09,0.0
883,ce572306b1a6a0b96,1.0,1.0,0.5,1.0,1.0,1.0,0.0,1.0,0.42857142857142855,True,2021.10.06.08.16.17_veh-52_01430_01579,1,1633509799.699626,365561.98788091826,143709.3763858007,365548.64760775794,143719.36176091863,1.0,8.687330723806315e-136,0.4375
884,0f261a9f083cf0d25,1.0,1.0,1.0,1.0,0.9037627716911245,1.0,1.0,1.0,0.9656295613182587,True,2021.10.06.08.16.17_veh-52_01949_02501,1,1633510371.6997008,365931.569416775,143032.51785451768,365939.79966532753,143050.90383902797,0.0,5.69142757288334e-75,0.8449258661534764
885,b4590a06173d6c3f0,1.0,1.0,1.0,1.0,0.887322264150266,1.0,0.0,0.0,0.6740436657679522,True,2021.09.16.19.27.01_veh-45_01749_03230,1,1631823147.000494,587581.5720657025,4475927.834613163,587588.5484000826,4475934.5198729765,0.0,0.0,0.5897882075469582
886,ca4906fdbc82a1b29,1.0,1.0,1.0,1.0,0.7512920851250231,1.0,1.0,1.0,0.9111757446875082,True,2021.09.16.13.53.10_veh-42_01510_01591,1,1631802023.90023,588935.6542151022,4474940.250986987,588927.1600721162,4474967.705767928,0.0,4.89024418516179e-226,0.7972787766015696
887,79f1db0434b2c4330,1.0,1.0,0.0,1.0,0.8473799626376786,1.0,0.0,1.0,0.0,True,2021.10.06.08.16.17_veh-52_01430_01579,1,1633509800.199977,365606.51905544347,143686.9148258165,365565.53918505675,143709.47264150038,1.0,3.0793539914509565e-168,0.0
888,5e403ae55f93fea63,1.0,1.0,0.5,1.0,1.0,1.0,0.0,1.0,0.42857142857142855,True,2021.08.30.13.45.25_veh-40_00610_00771,1,1630331912.000762,332521.2881779555,4690408.322034502,332545.0504820883,4690392.055277629,1.0,0.05263157894736842,0.4375
889,e88bf694837e674f5,1.0,1.0,1.0,1.0,1.0,1.0,0.0,1.0,0.8571428571428571,True,2021.09.16.14.39.34_veh-42_00032_00186,1,1631803314.699573,589247.2857748859,4474202.6152342465,589238.9651896748,4474232.27253979,1.0,1.757649658948096e-12,0.875
890,b58b6d88823cf8754,0.0,1.0,1.0,1.0,1.0,0.0,0.0,1.0,0.0,True,2021.05.25.17.54.41_veh-35_04111_04288,1,1621983958.4004478,664552.9324780537,3999020.9741134527,664536.6279622783,3998979.386317081,1.0,1.5204484495721305e-80,0.0
891,2a61f186fe92b261b,0.0,1.0,0.0,1.0,1.0,0.0,0.0,1.0,0.0,True,2021.09.29.19.02.14_veh-28_00540_00917,1,1632942864.799754,331283.07797928003,4691003.723943989,331272.5887927803,4690983.219109389,0.0,3.0335946915036896e-15,0.0
892,6d342222e4d9d2b2a,1.0,1.0,1.0,1.0,1.0,1.0,1.0,1.0,1.0,True,2021.09.16.15.47.30_veh-45_01199_01391,1,1631808659.800304,588045.9788990284,4475721.018507243,588029.0494839314,4475706.235275927,0.0,0.0,0.875
893,4cb9cbe26edb17f04,0.0,0.0,0.0,1.0,1.0,0.0,1.0,0.0,0.0,True,2021.08.30.14.54.34_veh-40_00439_00835,1,1630336046.000267,331729.7193621573,4690949.155386014,331700.2366709524,4690963.378173501,0.0,2.5821528098012708e-48,0.0
894,dd7cd37257f99be9e,1.0,0.0,1.0,1.0,1.0,1.0,1.0,1.0,0.0,True,2021.09.16.13.53.10_veh-42_00180_00342,1,1631800730.8999748,589097.6185110396,4474629.991679189,589117.5146660736,4474581.184116509,1.0,7.0857513720616746e-127,0.0
895,4aa528f577df911a3,1.0,1.0,1.0,1.0,0.8460486982945706,1.0,0.0,1.0,0.8021602493909181,True,2021.09.29.19.02.14_veh-28_03198_03360,1,1632945497.2998369,332611.98167716933,4690336.444740003,332583.3215990027,4690352.784407284,1.0,1.3565264205506895e-108,0.8268902182170533
896,b51b8bf8d757ee5de,1.0,1.0,1.0,1.0,1.0,1.0,1.0,1.0,1.0,True,2021.09.29.19.02.14_veh-28_03198_03360,1,1632945497.2998369,332632.33431398845,4690323.23147171,332591.3461000572,4690347.543319301,1.0,3.0513723640716915e-12,1.0
897,3fd0808364384b621,1.0,1.0,0.5,1.0,1.0,1.0,0.0,1.0,0.42857142857142855,True,2021.09.29.19.02.14_veh-28_00540_00917,1,1632942864.799754,331270.65763193334,4690982.831548083,331267.50754630053,4690975.507148366,0.0,1.1936669384516716e-89,0.375
898,7d00bd785ae5140f2,1.0,1.0,1.0,1.0,1.0,1.0,1.0,1.0,1.0,True,2021.06.28.20.24.43_veh-38_03385_04952,1,1624915586.5998569,664225.2336937902,3997363.212808593,664208.4783789028,3997358.7520376253,1.0,0.05555555555555555,1.0
899,29f63fdd169f556cf,1.0,0.0,1.0,1.0,0.40679704564227775,1.0,1.0,1.0,0.0,True,2021.09.16.17.40.09_veh-45_02539_02745,1,1631816816.399857,587577.1071122411,4475922.81601286,587579.8064807245,4475927.72741392,1.0,9.325869068222798e-254,0.0
900,8aea1806b6e406159,1.0,1.0,1.0,1.0,1.0,1.0,1.0,1.0,1.0,True,2021.09.16.15.47.30_veh-45_01199_01391,1,1631808659.300555,588046.7198553681,4475721.779929891,588026.9353223393,4475704.333003171,0.0,0.0,0.875
901,5cabba46461e04874,1.0,1.0,1.0,1.0,1.0,1.0,0.0,1.0,0.8571428571428571,True,2021.09.16.19.12.04_veh-42_01438_01677,1,1631821525.9997718,588303.7484530096,4475923.026862031,588262.4684587794,4475890.141907944,1.0,0.0001729028996982987,0.875
902,4e5923e8ca30416d1,1.0,0.0,1.0,1.0,0.8989416008466827,1.0,1.0,1.0,0.0,True,2021.09.16.14.39.34_veh-42_00297_00935,1,1631804077.200008,587828.9830516735,4475657.357733584,587810.139997857,4475667.91920451,0.0,3.738073804718636e-13,0.0
903,f1020928f69a09709,1.0,1.0,1.0,1.0,1.0,1.0,1.0,1.0,1.0,True,2021.09.16.13.53.10_veh-42_01510_01591,1,1631802023.90023,588948.8766562068,4474897.7776687,588932.022376875,4474952.620231735,1.0,3.0061119455633695e-67,1.0
904,28e1ed77c94cf4d91,1.0,1.0,1.0,1.0,0.7548208683084011,1.0,1.0,1.0,0.9124360243958576,True,2021.09.16.17.40.09_veh-45_02539_02745,1,1631816816.399857,587570.0275821249,4475898.816930855,587576.7971165912,4475921.770111371,0.0,8.050888170066172e-34,0.7983815213463754
905,cdec99ac469508647,1.0,0.0,1.0,1.0,0.854963340061175,0.0,1.0,1.0,0.0,True,2021.06.28.15.02.02_veh-38_02398_02848,1,1624895257.499822,664424.6427342419,3997342.1103106085,664426.4584900166,3997349.843155701,0.0,2.1871647427918194e-110,0.0
906,161174e0143b41afa,1.0,1.0,0.0,1.0,0.9189495342980868,1.0,0.0,1.0,0.0,True,2021.09.16.17.40.09_veh-45_02539_02745,1,1631816816.399857,587568.9902492457,4475891.69231628,587578.7016490557,4475921.173542489,1.0,9.090307935981584e-46,0.0
907,026597b466e481724,1.0,1.0,1.0,1.0,0.6657743599412067,1.0,0.0,1.0,0.7377765571218594,True,2021.09.16.15.47.30_veh-45_01199_01391,1,1631808659.300555,588034.2921380782,4475713.030550281,588024.2966417606,4475703.989955436,0.0,0.0,0.645554487481627
908,905ea255ddc3a837c,1.0,1.0,1.0,1.0,0.7925902854435902,1.0,0.0,1.0,0.7830679590869966,True,2021.10.06.07.26.10_veh-52_01245_02064,1,1633507006.1998289,365101.7993359243,143362.0858414341,365092.14976987237,143337.06022872464,1.0,0.09090909090909091,0.810184464201122
909,ff06d29f106ca64e4,1.0,1.0,1.0,1.0,1.0,1.0,0.0,1.0,0.8571428571428571,True,2021.06.28.20.24.43_veh-38_03385_04952,1,1624915586.099568,664217.5671236721,3997359.4667913206,664201.9597937068,3997358.0573299257,1.0,0.05555555555555555,0.875
910,0308c9d9ebeab7805,1.0,1.0,1.0,1.0,0.7506831866154803,1.0,1.0,1.0,0.9109582809341001,True,2021.08.16.14.23.37_veh-45_00015_00132,1,1629123999.50084,589088.6688150747,4474645.892161573,589096.0792212532,4474649.629730151,1.0,0.1111111111111111,0.9220884958173376
911,f76b309e043384dcf,1.0,1.0,0.0,1.0,0.7549335505339178,1.0,0.0,1.0,0.0,True,2021.09.16.19.12.04_veh-42_01438_01677,1,1631821525.9997718,588277.7201786223,4475903.910628111,588254.5702600305,4475884.552535396,0.0,1.1274310064150551e-162,0.0
912,03e028a3b31005826,1.0,1.0,1.0,1.0,0.6204765285097511,1.0,1.0,1.0,0.8644559030391968,True,2021.10.06.08.16.17_veh-52_01949_02501,1,1633510371.199955,365938.9482800669,143047.25249199022,365937.225312449,143055.18349066994,1.0,0.05555555555555555,0.8813989151592972
913,02e812e171526ec23,1.0,1.0,1.0,1.0,0.49576539568367034,1.0,1.0,1.0,0.819916212744168,True,2021.08.30.16.16.44_veh-40_00779_01088,1,1630341132.500438,331696.61867085635,4690864.102585741,331689.1351403763,4690868.084687716,0.0,6.385070957154806e-82,0.717426686151147
914,fbe98e6e1454f315c,1.0,0.0,1.0,1.0,0.8765443242709933,1.0,0.0,1.0,0.0,True,2021.08.30.14.54.34_veh-40_00439_00835,1,1630336046.000267,331709.2262444333,4690955.94945081,331690.55456043646,4690961.274072853,0.0,5.640650953724974e-69,0.0
915,c8443f5a68a70d97c,1.0,1.0,0.0,1.0,1.0,1.0,0.0,1.0,0.0,True,2021.09.16.14.39.34_veh-42_00032_00186,1,1631803314.699573,589247.656156611,4474204.3975271415,589237.8964542176,4474235.5978133585,1.0,2.0690160720518985e-57,0.0
916,7259df2fbd4ef7047,1.0,1.0,1.0,1.0,0.0025015379346898185,1.0,0.0,1.0,0.5008934064052464,True,2021.10.06.07.26.10_veh-52_02208_02394,1,1633507462.199924,365187.74468721624,143562.8191085786,365187.7319017943,143562.80143994073,0.0,0.0,0.4382817306045906
917,0389a1afc56cd9768,1.0,1.0,1.0,1.0,0.841251918530244,1.0,0.0,1.0,0.8004471137608015,True,2021.09.16.19.27.01_veh-45_01749_03230,1,1631823147.500208,587567.8212365973,4475890.504532212,587577.6806074631,4475919.046674484,1.0,1.1815518332054118e-44,0.8253912245407012
918,474ead815a6e92542,1.0,1.0,1.0,1.0,1.0,1.0,0.0,1.0,0.8571428571428571,True,2021.06.28.20.24.43_veh-38_03385_04952,1,1624915586.5998569,664220.4274030013,3997361.5475805867,664205.2306326311,3997358.97648369,1.0,0.05555555555555555,0.875
919,669069f25d57f77ae,1.0,1.0,1.0,1.0,1.0,1.0,0.0,1.0,0.8571428571428571,True,2021.09.16.13.53.10_veh-42_00180_00342,1,1631800730.399843,589101.930900054,4474619.31444845,589119.4593818533,4474574.445825989,1.0,5.811731519080204e-69,0.875
920,b89f8f1400c121a0e,1.0,1.0,1.0,1.0,1.0,1.0,1.0,1.0,1.0,True,2021.09.29.19.02.14_veh-28_00964_01689,1,1632943908.7996519,331596.64858978224,4690811.481055804,331596.64488659886,4690811.483581942,1.0,0.2,1.0
921,11faa3428ed91e426,1.0,1.0,0.0,1.0,1.0,1.0,0.0,1.0,0.0,True,2021.09.16.19.27.01_veh-45_01749_03230,1,1631823147.000494,587574.358043983,4475905.451471342,587581.1412118342,4475926.075754962,0.0,8.700465795566011e-41,0.0
922,ed6284a7f1cce40a2,1.0,1.0,1.0,1.0,1.0,1.0,1.0,1.0,1.0,True,2021.06.28.20.24.43_veh-38_03385_04952,1,1624915586.099568,664227.2364905264,3997364.5677014873,664208.1040660412,3997360.0226566214,0.0,0.05555555555555555,0.875
923,5e199a678c61e376a,1.0,1.0,1.0,1.0,1.0,1.0,0.0,1.0,0.8571428571428571,True,2021.09.16.19.27.01_veh-45_01749_03230,1,1631822805.499882,587711.2833654289,4475553.656024703,587691.1559946749,4475531.64039994,1.0,1.1274707544690923e-17,0.875
924,6a802ffe0ffb0c125,1.0,1.0,1.0,1.0,1.0,1.0,1.0,1.0,1.0,True,2021.05.25.14.24.08_veh-25_03764_04034,1,1621970882.500146,664487.4465466229,3997878.720583809,664507.6261945439,3997878.575967904,0.0,3.489456044190427e-09,0.875
925,752a0e5be19b82b59,0.0,1.0,1.0,1.0,1.0,0.0,0.0,1.0,0.0,True,2021.09.16.19.27.01_veh-45_01749_03230,1,1631822804.9998279,587718.4842268135,4475561.903079749,587691.1297799525,4475530.985629598,0.0,4.8210787558941126e-26,0.0
926,2729d19c18ef21b96,1.0,1.0,0.5,1.0,1.0,1.0,0.0,1.0,0.42857142857142855,True,2021.09.16.14.39.34_veh-42_00297_00935,1,1631803747.198798,587783.429017487,4475861.91708134,587799.5065022757,4475850.005556614,0.0,2.1432725929569082e-28,0.375
927,da94e1252342dc8d8,1.0,0.0,0.0,1.0,1.0,1.0,1.0,1.0,0.0,True,2021.09.16.19.49.00_veh-42_00990_01609,1,1631823426.999414,587694.5918000656,4475903.494476692,587697.405912669,4475916.98353889,0.0,1.367411817761524e-63,0.0
928,14a48836a583fe310,1.0,1.0,1.0,1.0,0.017112056448817307,1.0,1.0,1.0,0.6489685915888633,True,2021.05.25.14.24.08_veh-25_03764_04034,1,1621970882.500146,664517.9990110694,3997878.1210088306,664518.0331907833,3997878.1194036803,0.0,1.3184797432325e-311,0.5678475176402554
929,f4441ff7b0692d28d,1.0,1.0,1.0,1.0,0.7528026006900109,1.0,0.0,1.0,0.7688580716750039,True,2021.09.16.14.39.34_veh-42_00297_00935,1,1631803746.6991608,587800.3496736703,4475850.927403233,587808.3190892605,4475847.029071911,1.0,1.0292861540862884e-70,0.7977508127156284
930,0118e2ec3759cc2bc,1.0,1.0,1.0,1.0,1.0,1.0,0.0,1.0,0.8571428571428571,True,2021.09.16.19.12.04_veh-42_01438_01677,1,1631821526.4999418,588305.1222000311,4475923.839152803,588266.9167345046,4475893.507709389,1.0,0.9996989042828852,0.875
931,88d3fad9cfca7c0ad,1.0,1.0,1.0,1.0,0.39982754123566355,1.0,1.0,1.0,0.7856526932984512,True,2021.09.16.14.39.34_veh-42_00297_00935,1,1631804076.700115,587817.0949006198,4475678.15051835,587807.4206547571,4475666.953822966,1.0,6.895087536578254e-07,0.8124461066361448
932,1211bf26e9a785053,1.0,1.0,1.0,1.0,0.8972748520112678,1.0,0.0,1.0,0.8204553042897385,True,2021.09.16.19.27.01_veh-45_01749_03230,1,1631823147.000494,587566.9325897692,4475890.33765827,587578.2825405695,4475922.195844901,1.0,3.5121356272739393e-10,0.8428983912535212
933,78e83fee2e80cffb8,1.0,1.0,1.0,1.0,0.7470530893123697,1.0,1.0,1.0,0.9096618176115606,True,2021.09.16.19.27.01_veh-45_01749_03230,1,1631823147.500208,587579.7100559379,4475927.1212997,587585.4104133291,4475933.106241249,1.0,0.0,0.9209540904101156
934,c807c2486a7897e81,1.0,1.0,1.0,1.0,1.0,0.0,1.0,1.0,0.6428571428571429,True,2021.09.16.15.47.30_veh-45_01199_01391,1,1631808659.800304,588043.1320389351,4475720.044385826,588027.0165897378,4475707.207038565,0.0,0.0,0.5625
935,6e7de4339dc039c41,1.0,1.0,1.0,1.0,0.2242034765595788,1.0,1.0,1.0,0.7229298130569924,True,2021.09.16.14.39.34_veh-42_00297_00935,1,1631804076.700115,587809.9029845864,4475669.83363313,587807.7603499317,4475667.072232928,1.0,5.924805560352355e-07,0.7575635864248684
936,e92600c0f705705df,1.0,0.0,0.5,1.0,0.9627433168455325,1.0,1.0,1.0,0.0,True,2021.06.28.15.02.02_veh-38_02398_02848,1,1624895257.9995039,664427.6576621853,3997337.430248181,664426.5532914507,3997349.2007764634,0.0,0.08333333333333333,0.0
937,b73770a1de3ee8a3f,1.0,1.0,1.0,1.0,0.5540012213268689,1.0,1.0,1.0,0.8407147219024532,True,2021.09.16.19.49.00_veh-42_00990_01609,1,1631823426.999414,587703.8131659209,4475915.715713678,587692.932120763,4475921.969894133,0.0,1.7465645530677757e-258,0.7356253816646465
938,33def08f34be607b9,1.0,0.0,1.0,1.0,1.0,1.0,0.0,1.0,0.0,True,2021.10.06.08.16.17_veh-52_00181_00574,1,1633508579.200625,365644.700411821,144050.10355077745,365650.0550048701,144039.7767855322,0.0,0.125,0.0
939,ed75936c057902b19,1.0,1.0,1.0,1.0,0.8469839218036275,1.0,1.0,1.0,0.9453514006441527,True,2021.09.16.19.27.01_veh-45_01749_03230,1,1631823147.000494,587573.3992532694,4475909.63272399,587582.2631685795,4475930.004999382,1.0,1.1111713821478543e-125,0.9521824755636336
940,ea96a137518d58ac9,1.0,1.0,1.0,1.0,1.0,1.0,1.0,1.0,1.0,True,2021.09.16.15.47.30_veh-45_01199_01391,1,1631808659.800304,588050.7883451512,4475725.509346842,588033.3616930399,4475711.5276239915,1.0,1.443714482315152e-161,1.0
941,d64a870652e64162c,1.0,1.0,1.0,1.0,0.763398010110703,1.0,0.0,1.0,0.7726421464681081,True,2021.09.16.19.27.01_veh-45_01749_03230,1,1631823147.500208,587573.1175547608,4475908.625199331,587580.8596960438,4475926.818366325,1.0,4.586699539811369e-71,0.8010618781595946
942,c85aa35e5a8c7e1cc,1.0,1.0,1.0,1.0,0.8356293107861664,1.0,0.0,1.0,0.798439039566488,True,2021.09.29.19.02.14_veh-28_03198_03360,1,1632945497.799588,332617.3904768944,4690332.192383672,332589.7079402667,4690350.228790392,1.0,0.08423678763961832,0.823634159620677
943,05ca5a62ce0754a30,1.0,1.0,1.0,1.0,0.9375852956918046,1.0,0.0,1.0,0.8348518913185016,True,2021.09.16.19.27.01_veh-45_01749_03230,1,1631823147.000494,587567.1933134465,4475888.676202089,587578.6018324574,4475922.20560838,0.0,2.3079882538128397e-12,0.7304954049036889
944,817d4b24592566035,0.0,0.0,1.0,1.0,1.0,0.0,1.0,1.0,0.0,True,2021.06.28.15.02.02_veh-38_02398_02848,1,1624895257.499822,664408.3445163363,3997332.353475594,664424.5410221576,3997345.500843773,0.0,2.3236043840951602e-12,0.0
945,0225e9a16d781eb96,0.0,0.0,1.0,1.0,1.0,0.0,1.0,1.0,0.0,True,2021.09.16.15.47.30_veh-45_01199_01391,1,1631808659.800304,588065.6584921659,4475737.539550607,588035.3017631071,4475714.73559705,0.0,9.5853268990641e-58,0.0
946,339edff793767887e,0.0,1.0,1.0,1.0,1.0,0.0,0.0,1.0,0.0,True,2021.05.25.17.54.41_veh-35_04111_04288,1,1621983958.4004478,664535.0691801745,3998977.516205554,664530.3604087635,3998964.7368974155,1.0,8.52394228411563e-207,0.0
947,44276d9ca75d0250b,0.0,1.0,1.0,1.0,1.0,0.0,1.0,1.0,0.0,True,2021.09.29.19.02.14_veh-28_00964_01689,1,1632943908.2998428,331601.24973024236,4690806.517403182,331596.23978734465,4690810.512516462,0.0,0.2,0.0
948,355e5bb60c8fb0793,1.0,1.0,0.5,1.0,1.0,1.0,0.0,1.0,0.42857142857142855,True,2021.09.29.19.02.14_veh-28_00540_00917,1,1632942865.2996528,331273.961486678,4690988.183825209,331268.5831975187,4690977.655880117,1.0,3.021869801630226e-54,0.4375
949,8b07c31db85204e64,1.0,1.0,0.0,1.0,0.9685170565782025,0.0,0.0,0.0,0.0,True,2021.09.16.14.39.34_veh-42_00297_00935,1,1631804076.700115,587839.6260032846,4475652.357444409,587813.0252124614,4475667.480502834,0.0,1.415109052736651e-62,0.0
950,a173f7714495b0d29,1.0,1.0,1.0,1.0,0.7966241616748002,1.0,1.0,1.0,0.9273657720267143,True,2021.06.28.15.02.02_veh-38_02398_02848,1,1624895257.499822,664420.8414586987,3997340.1506200535,664425.1636706592,3997351.5387203726,1.0,3.6611801162600064e-155,0.936445050523375
951,abf07a7ff20944b55,1.0,1.0,1.0,1.0,0.9706800502076326,1.0,1.0,1.0,0.9895285893598688,True,2021.09.16.13.53.10_veh-42_00180_00342,1,1631800730.8999748,589103.2587565013,4474616.738296209,589119.3008379563,4474576.627476446,1.0,3.499750559629831e-17,0.9908375156898852
952,6eaee379045fa8bd9,1.0,1.0,1.0,1.0,1.0,1.0,0.0,1.0,0.8571428571428571,True,2021.09.16.19.12.04_veh-42_01438_01677,1,1631821526.4999418,588311.0867728706,4475929.013251411,588267.6849470907,4475894.528158743,1.0,1.3034258504548603e-06,0.875
953,3c99b1ada8877591e,1.0,1.0,1.0,1.0,1.0,1.0,1.0,1.0,1.0,True,2021.09.16.14.39.34_veh-42_00032_00186,1,1631803314.699573,589252.1200177155,4474176.650763054,589240.5856944749,4474223.297833749,1.0,3.5924866651167276e-132,1.0
954,6a39e3072cc5a4e56,1.0,1.0,1.0,1.0,0.8998836584707829,1.0,1.0,1.0,0.9642441637395655,True,2021.09.16.14.39.34_veh-42_00297_00935,1,1631803746.6991608,587777.2847351289,4475870.150061411,587800.2091142043,4475851.542118383,1.0,1.0181069596508336e-21,0.9687136432721197
955,4413f87001fcbb7eb,0.0,1.0,1.0,1.0,1.0,0.0,1.0,1.0,0.0,True,2021.06.28.20.24.43_veh-38_03385_04952,1,1624915586.099568,664202.1339121176,3997357.185287873,664193.4069460678,3997358.9817162626,0.0,0.05555555555555555,0.0
956,b4ad9997db888e2b4,1.0,1.0,1.0,1.0,0.47516519966592685,1.0,0.0,1.0,0.6697018570235453,True,2021.10.06.07.26.10_veh-52_02208_02394,1,1633507462.70014,365190.540695959,143568.42450596316,365187.94146501145,143563.86860555553,1.0,0.0,0.7109891248956022
957,b74af0790b5550372,1.0,1.0,1.0,1.0,0.5806280303077753,1.0,0.0,1.0,0.7073671536813483,True,2021.10.06.08.16.17_veh-52_01430_01579,1,1633509799.699626,365552.94300931646,143717.41031491413,365543.644791493,143724.1185113084,0.0,0.0,0.6189462594711798
958,4ccd60de6eb6c50c6,1.0,1.0,0.0,1.0,1.0,1.0,1.0,1.0,0.0,True,2021.09.16.14.39.34_veh-42_00297_00935,1,1631803746.6991608,587775.9334759588,4475869.053191772,587799.0812284596,4475851.747538615,0.0,2.0284538404707922e-41,0.0
959,6adadb0caf086d050,1.0,1.0,1.0,1.0,0.5174509577858045,1.0,1.0,1.0,0.8276610563520731,True,2021.09.29.18.19.40_veh-28_00438_00833,1,1632940187.5997648,330995.2931985458,4691170.981995663,330992.1791332922,4691167.066027886,0.0,0.125,0.724203424308064
960,b594f9ffaa680c514,1.0,1.0,1.0,1.0,0.7578609840101497,1.0,0.0,1.0,0.770664637146482,True,2021.10.06.07.26.10_veh-52_01245_02064,1,1633507006.1998289,365095.3496683705,143348.11429361114,365089.8231725095,143331.54039684156,1.0,0.09090909090909091,0.7993315575031718
961,853bdf919d41bd5e6,1.0,1.0,1.0,1.0,0.5077361911649918,1.0,1.0,1.0,0.8241914968446399,True,2021.09.16.13.53.10_veh-42_00077_00153,1,1631800576.900032,589330.2297780351,4473933.527193634,589325.6745376249,4473943.421271028,0.0,1.22750196950392e-288,0.7211675597390599
962,246d3c9b39fae2ec7,1.0,1.0,1.0,1.0,1.0,1.0,1.0,1.0,1.0,True,2021.09.29.14.44.26_veh-28_00528_00992,1,1632927674.29965,331595.19417920796,4690936.821461226,331625.14010706975,4690917.291909953,1.0,5.021714757355383e-09,1.0
963,5e5905ae1266bc1cb,1.0,1.0,1.0,1.0,0.7387457385452507,1.0,1.0,1.0,0.9066949066233038,True,2021.09.29.19.02.14_veh-28_03198_03360,1,1632945497.2998369,332602.214432388,4690340.722498304,332580.5842494739,4690353.428064142,1.0,3.950742278982656e-212,0.9183580432953908
964,0327a1d58fc2a7c5d,1.0,0.0,1.0,1.0,0.9737654503851902,1.0,1.0,1.0,0.0,True,2021.09.16.14.39.34_veh-42_00297_00935,1,1631804077.200008,587826.2615044535,4475658.842373227,587809.2308278381,4475665.895417749,0.0,0.7731831067933191,0.0
965,108deb7af61e697bb,1.0,0.0,1.0,1.0,1.0,1.0,1.0,1.0,0.0,True,2021.08.30.16.16.44_veh-40_00779_01088,1,1630341132.500438,331690.2050417101,4690845.371884018,331690.0915546137,4690866.266466831,0.0,1.0955450042237233e-34,0.0
966,f1e38b58130384157,1.0,1.0,0.5,1.0,0.7217252201062264,1.0,0.0,1.0,0.3788795035903976,True,2021.09.29.14.44.26_veh-28_00528_00992,1,1632927674.29965,331609.7651231467,4690924.761601993,331628.9971340483,4690914.36063384,1.0,4.0159084624370487e-10,0.3940195656415979
967,d6f75a03673049ff0,1.0,0.0,1.0,1.0,0.9419035583212567,1.0,0.0,1.0,0.0,True,2021.10.06.07.26.10_veh-52_01245_02064,1,1633506534.199717,365545.22053264966,143131.83207445155,365567.57854253333,143108.21197739497,0.0,1.0,0.0
968,35cc09d55a37ee702,1.0,1.0,1.0,1.0,0.0,1.0,1.0,1.0,0.6428571428571429,True,2021.10.06.08.16.17_veh-52_01949_02501,1,1633510371.199955,365938.35278828285,143056.73972357353,365938.33528077,143056.7534698448,0.0,0.05555555555555555,0.5625
969,d113ac7bc40f321c0,1.0,1.0,1.0,1.0,1.0,1.0,1.0,1.0,1.0,True,2021.09.29.19.02.14_veh-28_00964_01689,1,1632943908.7996519,331600.3508768057,4690807.232950633,331596.4375481635,4690810.337309088,0.0,0.2,0.875
970,87b88ec189315a232,1.0,1.0,1.0,1.0,0.4839254721275356,1.0,1.0,1.0,0.8156876686169771,True,2021.08.30.14.54.34_veh-40_00439_00835,1,1630336046.000267,331694.4581708615,4690965.6779409535,331687.291583529,4690961.527931684,0.0,1.676342245977478e-160,0.7137267100398549
971,cdb80903b75b86325,1.0,1.0,1.0,1.0,0.09211752979448791,1.0,0.0,1.0,0.5328991177837457,True,2021.09.16.14.39.34_veh-42_00297_00935,1,1631804076.700115,587803.3244296678,4475661.984852064,587803.2201453646,4475661.875739357,0.0,1.2981245057155157e-79,0.4662867280607775
972,d5edc9afab7f3a337,1.0,1.0,1.0,1.0,0.7311128902349899,1.0,1.0,1.0,0.9039688893696393,True,2021.08.30.14.54.34_veh-40_00439_00835,1,1630336046.5001879,331708.0603385469,4690957.871408017,331692.2062580991,4690961.794881865,0.0,0.058823529411764705,0.7909727781984344
973,081da8854328d5c79,1.0,1.0,1.0,1.0,0.40948252830736653,1.0,0.0,1.0,0.6462437601097737,True,2021.09.16.19.27.01_veh-45_01749_03230,1,1631823147.000494,587581.9647922347,4475926.713184176,587584.7526774877,4475930.937259932,1.0,1.571879636325263e-222,0.690463290096052
974,bf934afd68e4b2573,1.0,1.0,1.0,1.0,0.9287027354736614,1.0,0.0,1.0,0.8316795483834506,True,2021.09.29.14.44.26_veh-28_00337_00504,1,1632927138.7995958,331172.0797011277,4690591.124786497,331186.26181775756,4690577.124954023,1.0,0.9980501401668146,0.8527196048355192
975,90411c0174cf07251,1.0,1.0,1.0,1.0,0.700914725785937,1.0,1.0,1.0,0.8931838306378347,True,2021.09.16.13.53.10_veh-42_01510_01591,1,1631802024.400091,588935.3723530598,4474942.1035115905,588927.9029674256,4474965.257517314,0.0,0.0,0.7815358518081054
976,9686cdc1f5f01d68e,0.0,1.0,1.0,1.0,1.0,1.0,1.0,1.0,0.0,True,2021.09.29.18.19.40_veh-28_01268_01685,1,1632940994.599623,330975.9943253173,4690942.769157646,330981.77885402227,4690938.593077581,0.0,0.16666666666666666,0.0
977,f960c8624d9938147,1.0,1.0,1.0,1.0,1.0,1.0,0.0,1.0,0.8571428571428571,True,2021.09.16.13.53.10_veh-42_00180_00342,1,1631800730.8999748,589099.5614720474,4474623.587897499,589117.1842189195,4474579.900807,1.0,2.7563541557082607e-98,0.875
978,0ce555951f9b6a445,1.0,1.0,1.0,1.0,0.7301646282517894,1.0,1.0,1.0,0.903630224375639,True,2021.09.16.19.12.04_veh-42_01438_01677,1,1631821525.9997718,588274.324917306,4475898.891309404,588253.2366247985,4475882.365729532,1.0,4.408985655122108e-260,0.9156764463286842
979,8fb9c005a042db260,1.0,1.0,1.0,1.0,0.6648899971142809,1.0,0.0,1.0,0.7374607132551004,True,2021.09.16.14.39.34_veh-42_00297_00935,1,1631803746.6991608,587799.7030306185,4475850.480327495,587809.4528024748,4475846.445759318,1.0,1.421759103737438e-106,0.7702781240982128
980,716f58dd76f073c78,1.0,1.0,1.0,1.0,0.8594081494596474,1.0,0.0,1.0,0.8069314819498741,True,2021.10.06.07.26.10_veh-52_00006_00398,1,1633505612.7002208,365551.828185034,143332.6839480365,365569.4389817751,143293.26083892598,1.0,2.3843049958326877e-40,0.8310650467061398
981,6b0fd30198ec1713c,1.0,1.0,1.0,1.0,1.0,0.0,1.0,1.0,0.6428571428571429,True,2021.08.16.14.23.37_veh-45_00015_00132,1,1629124000.0005128,589080.4666462225,4474644.422637932,589093.9877937554,4474648.010813926,0.0,0.1111111111111111,0.5625
982,9ed233c4d30f0d7d9,0.0,1.0,1.0,1.0,1.0,0.0,0.0,1.0,0.0,True,2021.09.16.19.12.04_veh-42_01438_01677,1,1631821525.9997718,588313.5105108952,4475929.38150895,588264.7267516861,4475891.629936368,1.0,1.4774230582888643e-32,0.0
983,6f730ed4241558274,1.0,1.0,0.5,1.0,1.0,1.0,0.0,1.0,0.42857142857142855,True,2021.09.16.14.39.34_veh-42_00032_00186,1,1631803314.199601,589246.0308372797,4474206.5641511595,589237.5330895028,4474235.966799579,1.0,4.712332552979943e-08,0.4375
984,e0747e9a8b7b42be1,1.0,1.0,1.0,1.0,0.8091233179617274,1.0,0.0,1.0,0.7889726135577598,True,2021.10.06.07.26.10_veh-52_00006_00398,1,1633505612.7002208,365559.996224692,143317.41840342723,365570.4267339619,143285.28993248558,1.0,1.7189577737725893e-24,0.8153510368630399
985,245fb14bb8a926556,1.0,1.0,1.0,1.0,0.7076359281187486,1.0,1.0,1.0,0.8955842600424102,True,2021.10.06.07.26.10_veh-52_01245_02064,1,1633507005.70008,365099.5242208705,143356.0559535345,365091.3368413858,143334.32245457746,1.0,0.09090909090909091,0.9086362275371089
986,c81e1b4650a6a20fd,1.0,1.0,1.0,1.0,0.6159887253291841,1.0,1.0,1.0,0.8628531161889944,True,2021.08.16.14.23.37_veh-45_00015_00132,1,1629123999.50084,589084.2009263624,4474644.70902114,589091.8646813552,4474647.338742153,1.0,0.1111111111111111,0.8799964766653701
987,40e3b1336b570fbf6,1.0,1.0,0.0,1.0,1.0,1.0,0.0,1.0,0.0,True,2021.09.29.19.02.14_veh-28_00540_00917,1,1632942864.799754,331285.24240618735,4691008.451616319,331272.66569268744,4690983.731748712,0.0,2.5373475113776983e-22,0.0
988,a4f24e691930789eb,1.0,1.0,1.0,1.0,1.0,1.0,1.0,1.0,1.0,True,2021.09.29.18.19.40_veh-28_01268_01685,1,1632940994.0997548,330977.94763599423,4690942.394554494,330980.1374425832,4690940.574672074,1.0,0.16666666666666666,1.0
989,8821c536a27933ed5,0.0,1.0,1.0,1.0,1.0,0.0,0.0,1.0,0.0,True,2021.05.25.17.54.41_veh-35_04111_04288,1,1621983957.900826,664551.1464684511,3999003.79572469,664535.8525113673,3998972.4605831164,1.0,4.326915564072133e-33,0.0
990,44af46da795f58fa1,1.0,1.0,1.0,1.0,0.43109941311808697,1.0,1.0,1.0,0.7968212189707453,True,2021.09.16.14.39.34_veh-42_00032_00186,1,1631803314.699573,589235.1181511293,4474238.989396607,589233.3347936869,4474245.148429888,0.0,0.0,0.6972185665994022
991,ee668b68ca31e7f56,1.0,1.0,0.0,1.0,1.0,1.0,0.0,1.0,0.0,True,2021.09.16.13.53.10_veh-42_00180_00342,1,1631800730.399843,589114.5822778831,4474587.949262408,589123.274588967,4474563.934900233,1.0,4.119597198039298e-72,0.0
992,77fcdd159de9fa48f,1.0,1.0,1.0,1.0,0.9610288024873483,1.0,1.0,1.0,0.986081715174053,True,2021.06.03.13.55.17_veh-35_02866_03582,1,1622746501.10069,664692.5608042564,3999287.4406175506,664689.0076909721,3999281.427482308,1.0,0.16666666666666666,0.9878215007772964
993,59361619b736fa71d,1.0,1.0,0.5,1.0,0.7445400051357927,1.0,0.0,1.0,0.3829535723456773,True,2021.09.29.19.02.14_veh-28_00540_00917,1,1632942864.799754,331271.6722526892,4690982.4174002055,331267.43444802804,4690974.359668841,1.0,2.3236225524984816e-118,0.39758437580246764
994,bab672bfc41847afb,1.0,1.0,1.0,1.0,0.7277858163658589,1.0,1.0,1.0,0.9027806487020925,True,2021.10.06.07.26.10_veh-52_00006_00398,1,1633505612.1998968,365565.68344067724,143301.41510533585,365571.67501223553,143278.59550695852,0.0,9.164165835290563e-69,0.7899330676143309
995,1cdaa96068632401f,1.0,1.0,1.0,1.0,0.6005509730323622,1.0,1.0,1.0,0.8573396332258437,True,2021.09.16.19.49.00_veh-42_00990_01609,1,1631823426.999414,587706.4517041254,4475914.263703889,587693.4817651757,4475921.872275522,0.0,8.432658105179536e-247,0.7501721790726132
996,c911e86fa2d53c1d1,1.0,1.0,1.0,1.0,0.8607288590743993,1.0,0.0,1.0,0.8074031639551426,True,2021.09.16.19.27.01_veh-45_01749_03230,1,1631823147.500208,587580.9334002761,4475928.645059677,587588.5636446845,4475934.528761653,0.0,0.0,0.7064777684607497
997,0883e274dffb8a761,1.0,0.0,1.0,1.0,1.0,1.0,0.0,1.0,0.0,True,2021.10.06.08.16.17_veh-52_01430_01579,1,1633509799.699626,365555.1868867674,143717.528068764,365544.2053824745,143724.9706275916,1.0,0.0,0.0
998,4c4503dbf9554a97b,1.0,1.0,1.0,1.0,0.9080130860673389,1.0,0.0,1.0,0.8242903878811925,True,2021.09.16.19.27.01_veh-45_01749_03230,1,1631822423.500103,587739.566608756,4475896.23952646,587764.069009548,4475879.464812288,1.0,0.6019564156975207,0.8462540893960434
999,01529344a0b068d88,1.0,0.0,0.5,1.0,0.22451817633121884,1.0,1.0,0.0,0.0,True,2021.09.16.19.49.00_veh-42_00990_01609,1,1631823427.498962,587704.3686009558,4475923.984338675,587692.9058259074,4475921.984373309,0.0,0.1111111111111111,0.0
1000,eb9e203aa49fcf83a,1.0,1.0,1.0,1.0,1.0,1.0,1.0,1.0,1.0,True,2021.09.16.19.27.01_veh-45_01749_03230,1,1631822805.499882,587717.8950637117,4475560.766466914,587692.7376212716,4475533.113674392,1.0,4.761419117959311e-50,1.0
1001,fe70456ec5ebc1918,1.0,1.0,1.0,1.0,0.4238277813934288,1.0,1.0,1.0,0.7942242076405103,True,2021.09.16.14.39.34_veh-42_00032_00186,1,1631803314.699573,589234.1703795362,4474243.598778773,589232.8481671086,4474249.011209989,0.0,0.0,0.6949461816854465
1002,41c063fac49e3b5e2,1.0,1.0,1.0,1.0,0.0,1.0,1.0,1.0,0.6428571428571429,True,2021.09.29.18.19.40_veh-28_01268_01685,1,1632940994.0997548,330981.7468235554,4690938.630929001,330981.7583891751,4690938.6233219635,0.0,0.16666666666666666,0.5625
1003,fc75e772cd8a739f3,1.0,0.0,1.0,1.0,1.0,1.0,1.0,1.0,0.0,True,2021.08.30.13.45.25_veh-40_00610_00771,1,1630331912.000762,332537.7622886647,4690401.904541227,332552.8380855107,4690389.392722058,1.0,0.05263157894736842,0.0
1004,6a4de6b536cc07742,1.0,1.0,1.0,1.0,0.6002138863038389,1.0,0.0,1.0,0.7143621022513711,True,2021.09.16.13.53.10_veh-42_00077_00153,1,1631800576.900032,589336.5635572245,4473920.10030004,589329.117121957,4473938.524189658,1.0,2.4044815419658314e-75,0.7500668394699497
1005,4f381652c85aeb8b4,1.0,0.0,0.5,1.0,0.22561399322297268,1.0,1.0,0.0,0.0,True,2021.09.16.19.49.00_veh-42_00990_01609,1,1631823427.498962,587703.9109847264,4475923.589773904,587693.448325648,4475921.893538763,0.0,0.1111111111111111,0.0
1006,9bbf0a9e8d47e6d77,1.0,1.0,0.0,1.0,1.0,1.0,0.0,1.0,0.0,True,2021.09.16.13.53.10_veh-42_00180_00342,1,1631800730.399843,589118.1497263764,4474576.21390999,589125.7883129064,4474556.633833435,1.0,0.0,0.0
1007,a8d83051ac2ad2fa2,1.0,1.0,1.0,1.0,0.326985096718786,1.0,1.0,1.0,0.7596375345424236,True,2021.09.16.19.12.04_veh-42_01438_01677,1,1631821526.4999418,588254.2850622837,4475882.46146601,588249.7009397099,4475878.920337912,0.0,0.0,0.6646828427246206
1008,74cc5095551bc3c7d,1.0,1.0,1.0,1.0,0.8494797039585594,1.0,0.0,1.0,0.8033856085566283,True,2021.09.16.19.12.04_veh-42_01438_01677,1,1631821526.4999418,588283.5108872491,4475907.237626235,588257.6475633106,4475887.260072589,0.0,7.238274712333427e-264,0.7029624074870497
1009,f74ee85d684d8a2c6,1.0,1.0,1.0,1.0,0.7818278004353977,1.0,0.0,0.0,0.6363670715840707,True,2021.10.06.08.16.17_veh-52_01949_02501,1,1633510371.6997008,365923.04039206204,143017.95612690787,365937.11267026264,143043.6714141383,0.0,0.0006914355803483204,0.5568211876360618
1010,f0150096a41797505,1.0,1.0,1.0,1.0,1.0,1.0,0.0,1.0,0.8571428571428571,True,2021.09.16.13.53.10_veh-42_00077_00153,1,1631800576.900032,589349.2015944865,4473891.536391361,589332.1639134069,4473929.820123102,1.0,1.434221225650765e-28,0.875
1011,ef01e0a3e1ff9b43f,1.0,1.0,1.0,1.0,0.7396562986803642,1.0,1.0,1.0,0.9070201066715586,True,2021.08.30.14.54.34_veh-40_00439_00835,1,1630336046.5001879,331709.44999937125,4690957.263058204,331694.06482067367,4690962.3112734975,0.0,0.058823529411764705,0.7936425933376138
1012,5f47a3fc517f4ab93,1.0,1.0,1.0,1.0,1.0,1.0,1.0,1.0,1.0,True,2021.06.03.13.55.17_veh-35_02866_03582,1,1622746500.600565,664690.4471200942,3999285.5404387005,664686.6255037404,3999277.812167883,0.0,0.16666666666666666,0.875
1013,1189a6ada09f1958a,1.0,1.0,1.0,1.0,1.0,1.0,1.0,1.0,1.0,True,2021.06.28.20.24.43_veh-38_03385_04952,1,1624915586.099568,664223.74291448,3997363.3423213447,664205.8670090532,3997358.3025493957,1.0,0.05555555555555555,1.0
1014,df10a0ed732e3b815,0.0,1.0,1.0,1.0,1.0,0.0,1.0,1.0,0.0,True,2021.09.29.18.19.40_veh-28_01268_01685,1,1632940994.599623,330975.85280970414,4690942.865133368,330981.77885402227,4690938.593077581,0.0,0.16666666666666666,0.0
1015,f3895fbfb8df71a43,1.0,1.0,1.0,1.0,0.5616877870366566,1.0,1.0,1.0,0.843459923941663,True,2021.09.16.19.12.04_veh-42_01438_01677,1,1631821526.4999418,588258.0182866419,4475885.561550606,588249.5966691066,4475879.057945713,0.0,0.0,0.7380274334489552
1016,b7b7adbd3d2126b3f,1.0,0.0,1.0,1.0,1.0,1.0,1.0,1.0,0.0,True,2021.10.06.07.26.10_veh-52_02208_02394,1,1633507462.70014,365193.7543320036,143573.0983726143,365187.72368899005,143562.79068055822,0.0,0.0,0.0
1017,8cb5e32c7adc0ee45,0.0,1.0,1.0,1.0,1.0,0.0,1.0,1.0,0.0,True,2021.09.29.19.02.14_veh-28_00964_01689,1,1632943908.2998428,331602.39579948265,4690809.592912332,331599.93005276896,4690810.606477155,1.0,0.2,0.0
1018,95c7dfd77d6f446a0,1.0,1.0,1.0,1.0,0.7802023320379635,1.0,0.0,0.0,0.6357865471564156,True,2021.10.06.08.16.17_veh-52_01949_02501,1,1633510371.6997008,365923.00052021217,143018.0253182872,365937.11267026264,143043.6714141383,0.0,0.0006914355803483204,0.5563132287618636
1019,3e8522a5f8d7b3783,1.0,1.0,1.0,1.0,1.0,1.0,0.0,1.0,0.8571428571428571,True,2021.09.16.19.12.04_veh-42_01438_01677,1,1631821525.9997718,588297.3904886604,4475917.683126527,588258.8300028419,4475887.283305023,1.0,2.3255836205647056e-28,0.875
1020,69f1ebdf6731c7c70,1.0,1.0,1.0,1.0,0.9885042800017944,1.0,1.0,1.0,0.9958943857149265,True,2021.06.28.20.24.43_veh-38_03385_04952,1,1624915586.5998569,664203.4513837503,3997358.453417107,664196.5000035528,3997358.378260866,1.0,0.05555555555555555,0.9964075875005607
1021,265f651d3984bee82,1.0,1.0,1.0,1.0,1.0,1.0,1.0,1.0,1.0,True,2021.06.28.20.24.43_veh-38_03385_04952,1,1624915586.5998569,664232.668209158,3997358.232876516,664205.8267863953,3997360.5734796296,0.0,0.05555555555555555,0.875
1022,e32bd1ec1d273f2a3,1.0,1.0,1.0,1.0,0.4020136514870202,1.0,1.0,1.0,0.7864334469596501,True,2021.10.06.07.26.10_veh-52_00006_00398,1,1633505612.7002208,365570.9861538759,143282.5276996294,365572.0779807826,143275.64375327897,0.0,0.0,0.6881292660896938
1023,72a853c092fda384e,0.0,0.0,1.0,1.0,1.0,0.0,0.0,1.0,0.0,True,2021.09.16.15.12.03_veh-42_01037_01434,1,1631806381.999963,587563.2560387065,4475580.485666188,587552.4608356233,4475584.269148239,1.0,6.341382018477643e-31,0.0
1024,102bb69d5a0263f53,1.0,1.0,1.0,1.0,0.6899544566462523,0.0,0.0,1.0,0.38926944880223296,True,2021.09.16.19.27.01_veh-45_01749_03230,1,1631822804.9998279,587701.274981139,4475542.778492907,587688.0569485117,4475526.305769116,0.0,4.881006216413818e-16,0.34061076770195386
1025,4f84585468f82a1fc,1.0,1.0,0.0,1.0,1.0,1.0,0.0,1.0,0.0,True,2021.09.16.19.12.04_veh-42_01438_01677,1,1631821526.4999418,588302.4911685048,4475922.92487219,588263.9072875883,4475892.223424485,1.0,8.845424313127022e-24,0.0
1026,a7c33da176ab8f433,1.0,0.0,1.0,1.0,1.0,1.0,1.0,0.0,0.0,True,2021.09.16.14.39.34_veh-42_00297_00935,1,1631804077.200008,587834.2017193355,4475652.961649492,587811.2399172626,4475666.060134603,0.0,4.104516856539815e-16,0.0
1027,b7161060a1ad34cc6,1.0,0.0,0.0,1.0,1.0,1.0,0.0,1.0,0.0,True,2021.10.06.07.26.10_veh-52_01245_02064,1,1633506534.699815,365540.94211054157,143138.30825621574,365566.3431912656,143112.17664829508,0.0,1.0,0.0
1028,606571205dbf05df5,1.0,1.0,1.0,1.0,0.633242048423378,1.0,0.0,1.0,0.7261578744369207,True,2021.09.16.13.53.10_veh-42_00077_00153,1,1631800577.400178,589336.06300709,4473922.788127915,589328.5634636095,4473937.846991658,1.0,2.116069265648268e-214,0.7603881401323056
1029,2d98dd5a526780315,1.0,1.0,0.0,1.0,1.0,1.0,1.0,1.0,0.0,True,2021.09.16.14.39.34_veh-42_00297_00935,1,1631803747.198798,587771.782633617,4475873.914325802,587796.4022203631,4475853.050257301,0.0,6.01219027060351e-125,0.0
1030,38c6024c468e96db8,1.0,1.0,1.0,1.0,0.7030114556953951,1.0,0.0,1.0,0.7510755198912126,True,2021.09.29.14.44.26_veh-28_00528_00992,1,1632927674.799846,331614.2545356327,4690922.981218746,331629.2812798546,4690914.561313925,1.0,5.152317579430778e-35,0.782191079904811
1031,ad89b51facf4ec5e5,1.0,1.0,0.0,1.0,1.0,1.0,0.0,1.0,0.0,True,2021.10.06.08.16.17_veh-52_01430_01579,1,1633509800.199977,365605.9842800327,143689.07904436626,365569.247435541,143706.12526991795,1.0,0.0,0.0
1032,5744b52773894c061,1.0,1.0,1.0,1.0,0.6564092426456818,1.0,0.0,1.0,0.7344318723734578,True,2021.09.16.13.53.10_veh-42_00180_00342,1,1631800730.8999748,589113.1020501378,4474591.120845264,589121.8261158835,4474569.561287025,1.0,5.758299555760188e-52,0.7676278883267755
1033,29500c50afeb0e68a,1.0,0.0,0.5,1.0,1.0,0.0,0.0,1.0,0.0,True,2021.08.30.14.54.34_veh-40_00439_00835,1,1630336046.5001879,331708.7559528176,4690960.071683724,331692.76462368295,4690964.902978562,0.0,0.058823529411764705,0.0
1034,053a3b165ea7a6cb4,0.0,0.0,0.0,1.0,1.0,0.0,0.0,1.0,0.0,True,2021.09.16.19.27.01_veh-45_01749_03230,1,1631822424.000396,587723.3958882324,4475909.243528785,587758.6466009745,4475884.903811209,1.0,1.1942630240353186e-43,0.0
1035,661923b68a72445aa,1.0,0.0,1.0,1.0,0.8517301205047473,1.0,0.0,1.0,0.0,True,2021.08.30.13.45.25_veh-40_00610_00771,1,1630331912.000762,332526.99813144375,4690405.571354176,332549.597960156,4690391.411880781,1.0,0.05263157894736842,0.0
1036,2b1010d61e3c4e8ec,1.0,1.0,0.0,1.0,0.8632567780839966,1.0,0.0,1.0,0.0,True,2021.08.30.16.16.44_veh-40_00779_01088,1,1630341132.500438,331689.71208571084,4690838.549299981,331694.23797775095,4690862.028740522,0.0,2.732115189456644e-05,0.0
1037,4c03648ccf3301fe7,0.0,0.0,1.0,1.0,1.0,0.0,1.0,1.0,0.0,True,2021.09.16.15.47.30_veh-45_01199_01391,1,1631808659.800304,588070.9172469432,4475743.085414258,588037.609656857,4475713.647117732,1.0,1.5859972586633493e-39,0.0
1038,96cf7424a206ab31f,0.0,1.0,1.0,1.0,1.0,0.0,1.0,1.0,0.0,True,2021.06.03.13.55.17_veh-35_02866_03582,1,1622746501.10069,664695.8177633868,3999300.271979219,664689.0507968358,3999283.215548909,1.0,0.16666666666666666,0.0
1039,8f88cd86720008f23,0.5,0.0,0.5,1.0,1.0,0.0,1.0,1.0,0.0,True,2021.09.16.14.39.34_veh-42_00297_00935,1,1631803747.198798,587802.6081492412,4475852.250596198,587809.5146740866,4475847.418348877,1.0,1.531199092972259e-92,0.0
1040,8a73882c047d96e3f,1.0,1.0,1.0,1.0,0.7438564142502531,1.0,0.0,1.0,0.765663005089376,True,2021.09.16.19.27.01_veh-45_01749_03230,1,1631822805.499882,587687.9795940047,4475527.448419855,587682.8183597602,4475520.2948655905,1.0,1.7015554116089645e-288,0.794955129453204
1041,01939f050c164b6c4,1.0,1.0,1.0,1.0,1.0,1.0,0.0,1.0,0.8571428571428571,True,2021.09.16.19.12.04_veh-42_01438_01677,1,1631821526.4999418,588302.7615625956,4475921.404442897,588263.4125096053,4475891.084173554,1.0,7.579271529596667e-37,0.875
1042,801d1b42c0409656b,0.0,1.0,1.0,1.0,1.0,0.0,1.0,1.0,0.0,True,2021.09.16.15.47.30_veh-45_01199_01391,1,1631808659.300555,588070.2980521423,4475741.313854434,588035.1309600796,4475712.824617425,1.0,0.00045566118393440547,0.0
1043,fb36ad22580aff945,1.0,1.0,0.0,1.0,1.0,1.0,0.0,1.0,0.0,True,2021.09.16.17.40.09_veh-45_02539_02745,1,1631816816.899785,587563.9227279199,4475869.445010349,587574.6708695121,4475908.748913717,0.0,0.125,0.0
1044,d021a67c53a7865f3,1.0,1.0,1.0,1.0,0.6506069334164232,1.0,0.0,1.0,0.732359619077294,True,2021.10.06.07.26.10_veh-52_02208_02394,1,1633507462.199924,365196.1797355836,143582.4541143156,365189.55103274656,143568.1638399486,1.0,1.2048948585929685e-212,0.7658146666926322
1045,d337b79f01dc75805,1.0,1.0,0.0,1.0,0.7554744392158281,1.0,0.0,1.0,0.0,True,2021.09.29.14.44.26_veh-28_00528_00992,1,1632927674.799846,331606.6210157352,4690926.530147844,331626.470863581,4690915.699162078,1.0,0.3971861931481903,0.0
1046,a64fb9390dd8520e5,0.0,1.0,1.0,1.0,1.0,0.0,0.0,1.0,0.0,True,2021.05.25.17.54.41_veh-35_04111_04288,1,1621983957.900826,664551.0323239242,3999012.2258079518,664535.1030765136,3998975.1665113694,1.0,2.982164339861885e-76,0.0
1047,0d51246322745f1a6,1.0,1.0,1.0,1.0,0.8131757181898692,1.0,0.0,1.0,0.7904198993535247,True,2021.09.16.19.27.01_veh-45_01749_03230,1,1631822423.500103,587748.839148435,4475889.009916841,587767.914583093,4475878.2382521955,0.0,1.354402263020846e-33,0.6916174119343341
1048,6883dd210767ef27d,1.0,1.0,1.0,1.0,0.01503068913115756,1.0,1.0,1.0,0.6482252461182706,True,2021.09.29.18.19.40_veh-28_00438_00833,1,1632940187.0998518,330988.05038251635,4691162.860892352,330988.02415726706,4691162.844849243,1.0,5.956846126343345e-238,0.6921970903534868
1049,1f85e503d38a543ba,1.0,1.0,0.0,1.0,0.7602247722611193,1.0,0.0,1.0,0.0,True,2021.10.06.08.16.17_veh-52_01430_01579,1,1633509799.699626,365582.9608162469,143698.31680391316,365554.6965552009,143715.53084322397,1.0,7.024144374341527e-05,0.0
1050,a281f0b2e0db6ac75,0.0,1.0,1.0,1.0,1.0,0.0,0.0,1.0,0.0,True,2021.10.06.07.26.10_veh-52_02208_02394,1,1633507462.70014,365207.4025243735,143608.92611472556,365193.08904162643,143578.61772014035,0.0,0.47397067408856197,0.0
1051,1924f6d5f33633039,1.0,0.0,1.0,1.0,1.0,1.0,0.0,1.0,0.0,True,2021.09.16.13.53.10_veh-42_00077_00153,1,1631800577.400178,589348.5147672949,4473883.000253929,589334.4394229471,4473924.968687193,1.0,1.0793747163307473e-39,0.0
1052,e0fd3073c76ba643d,1.0,1.0,1.0,1.0,0.7349148750577656,1.0,1.0,1.0,0.9053267410920591,True,2021.08.16.14.23.37_veh-45_00015_00132,1,1629124000.0005128,589088.8854927671,4474646.021278178,589096.0914346668,4474649.6396257775,1.0,0.1111111111111111,0.9171608984555517
1053,8b829bb6658bc36c8,0.0,1.0,1.0,1.0,0.9062384143031164,0.0,0.0,1.0,0.0,True,2021.09.29.19.02.14_veh-28_03198_03360,1,1632945497.799588,332620.15542691504,4690332.754582027,332588.333312605,4690350.960410032,1.0,2.142716004620412e-15,0.0
1054,1dcbc0a4f06515ca6,1.0,1.0,1.0,1.0,0.6890137488711581,1.0,0.0,1.0,0.7460763388825564,True,2021.09.16.19.27.01_veh-45_01749_03230,1,1631822423.500103,587756.1471691625,4475884.884075979,587770.0615446118,4475875.644073664,0.0,2.458552500459461e-105,0.6528167965222369
1055,089e61f737418a050,1.0,1.0,1.0,1.0,0.7807526670522518,1.0,1.0,1.0,0.9216973810900899,True,2021.10.06.07.26.10_veh-52_00006_00398,1,1633505612.7002208,365560.04234706354,143316.58222680405,365570.1068833175,143284.82033149042,1.0,6.8728359673602e-33,0.9314852084538287
1056,8d65d3f4d930b58ae,1.0,0.0,1.0,1.0,1.0,1.0,0.0,1.0,0.0,True,2021.08.30.13.45.25_veh-40_00610_00771,1,1630331912.000762,332526.23087751097,4690407.773251259,332549.3473520876,4690391.226195485,0.0,0.05263157894736842,0.0
1057,7ff35ca5444967bbf,1.0,1.0,1.0,1.0,0.01884385443830971,1.0,0.0,1.0,0.506729948013682,True,2021.09.29.19.02.14_veh-28_00540_00917,1,1632942864.799754,331265.67903734936,4690971.626852812,331265.67644334934,4690971.620810618,0.0,6.753828113846617e-247,0.44338870451197177
1058,33acea7dafc3e280a,1.0,1.0,1.0,1.0,0.9579281669247837,1.0,0.0,1.0,0.842117202473137,True,2021.10.06.07.26.10_veh-52_02208_02394,1,1633507462.70014,365198.5790484933,143589.322568123,365191.26597503526,143572.87671665306,0.0,6.787805661952106e-33,0.7368525521639949
1059,d44eb346043c78d47,1.0,1.0,0.0,1.0,1.0,1.0,0.0,1.0,0.0,True,2021.09.16.13.53.10_veh-42_01510_01591,1,1631802024.400091,588951.3031324183,4474900.104866568,588933.4930852543,4474953.319092992,1.0,0.008862664922413442,0.0
1060,9db9a548b803b14d9,1.0,1.0,1.0,1.0,0.877269119029239,1.0,0.0,1.0,0.8133103996532997,True,2021.09.16.13.53.10_veh-42_00077_00153,1,1631800576.900032,589343.3061440361,4473903.652118615,589328.9014443702,4473936.3349816725,1.0,1.2392673136591765e-30,0.8366465996966372
1061,49fd1c147826df430,1.0,0.0,1.0,1.0,0.7333114461032743,1.0,0.0,1.0,0.0,True,2021.08.30.13.45.25_veh-40_00610_00771,1,1630331911.500592,332527.64329856826,4690406.444441117,332549.9926384649,4690391.207687749,1.0,0.05263157894736842,0.0
1062,e58505d2e2a702e58,0.0,1.0,1.0,1.0,1.0,0.0,1.0,1.0,0.0,True,2021.09.29.19.02.14_veh-28_00964_01689,1,1632943908.7996519,331602.5194213395,4690809.50666768,331600.8559591137,4690810.214139948,1.0,0.2,0.0
1063,274217f22058c3a7c,1.0,0.0,1.0,1.0,0.9569728140654066,1.0,1.0,1.0,0.0,True,2021.09.16.13.53.10_veh-42_00180_00342,1,1631800730.399843,589107.3338539567,4474608.077896938,589122.0894668617,4474569.075884322,1.0,0.9956487259181062,0.0
1064,5f64cfcf81e889869,1.0,1.0,1.0,1.0,0.8651194410957398,0.0,0.0,1.0,0.4518283718199071,True,2021.09.16.19.27.01_veh-45_01749_03230,1,1631822805.499882,587703.6545536165,4475545.487939662,587687.7001325891,4475526.593686188,1.0,1.1651731305226367e-28,0.5203498253424187
1065,b1c7cedccc066a77d,1.0,1.0,1.0,1.0,0.9415302863583763,1.0,0.0,1.0,0.8362608165565629,True,2021.09.29.14.44.26_veh-28_00337_00504,1,1632927139.299571,331173.41475156095,4690589.997898228,331186.7591093997,4690577.264467067,1.0,0.07692307692307693,0.8567282144869925
1066,363ac46bc24e8db3b,1.0,1.0,1.0,1.0,0.6659597354747345,1.0,0.0,1.0,0.737842762669548,True,2021.08.30.13.45.25_veh-40_00610_00771,1,1630331911.500592,332533.0827743222,4690402.614046218,332551.37496811483,4690388.874832199,0.0,0.05263157894736842,0.6456124173358545
1067,74ccd6443745d7a0a,1.0,1.0,1.0,1.0,1.0,0.0,0.0,1.0,0.5,True,2021.09.16.19.27.01_veh-45_01749_03230,1,1631822805.499882,587697.8698169162,4475538.790353582,587685.9142489529,4475524.053039829,1.0,1.3861608276192506e-96,0.5625
1068,4a6a0597bd6bf2f20,1.0,1.0,1.0,1.0,1.0,1.0,1.0,1.0,1.0,True,2021.10.06.07.26.10_veh-52_02208_02394,1,1633507462.199924,365190.8880515367,143576.39276014097,365185.182825298,143561.59448149218,0.0,0.0,0.875
1069,6e1ecc74646f12ab1,1.0,1.0,0.0,1.0,1.0,1.0,0.0,1.0,0.0,True,2021.09.16.19.27.01_veh-45_01749_03230,1,1631823147.500208,587568.062855133,4475884.2411672715,587578.7423362259,4475918.773815294,1.0,9.423166091282868e-61,0.0
1070,e3a1602ce511b854c,1.0,1.0,1.0,1.0,0.792814869195035,1.0,1.0,1.0,0.9260053104267981,True,2021.09.16.13.53.10_veh-42_00180_00342,1,1631800730.399843,589112.9524257865,4474594.280989072,589123.2523832413,4474565.85533488,1.0,1.9778277190550893e-32,0.9352546466234484
1071,cad1816ad074ec87f,1.0,1.0,1.0,1.0,0.8651252882609541,1.0,1.0,1.0,0.9518304600931978,True,2021.10.06.08.16.17_veh-52_01949_02501,1,1633510371.6997008,365934.7714585105,143038.82014453638,365938.52854220325,143053.11774744294,1.0,3.4430196556987024e-120,0.9578516525815481
1072,9faeca442f57af75b,0.0,1.0,1.0,1.0,1.0,0.0,0.0,1.0,0.0,True,2021.05.25.17.54.41_veh-35_04111_04288,1,1621983957.900826,664547.6924498918,3998999.549597429,664533.4678944771,3998967.930647273,1.0,2.2773835254764707e-06,0.0
1073,23406e65760566ef1,1.0,1.0,1.0,1.0,0.39500217893191897,1.0,1.0,1.0,0.7839293496185424,True,2021.09.16.14.39.34_veh-42_00297_00935,1,1631804076.700115,587816.7622232646,4475677.712249944,587807.4206547571,4475666.953822966,1.0,6.895087536578254e-07,0.8109381809162246
1074,11b6577b5cc201594,0.0,1.0,1.0,1.0,1.0,0.0,1.0,1.0,0.0,True,2021.05.25.17.54.41_veh-35_04111_04288,1,1621983957.900826,664550.730480567,3999008.3723771432,664535.1378950704,3998972.67915624,1.0,3.271772038747643e-29,0.0
1075,808228d1cf4a9f699,1.0,1.0,1.0,1.0,0.8636765601481096,1.0,1.0,1.0,0.9513130571957534,True,2021.10.06.07.26.10_veh-52_00006_00398,1,1633505612.1998968,365553.4814175697,143329.74096425486,365568.8895867597,143288.1651542279,1.0,1.5361722304757964e-42,0.9573989250462842
1076,b5be28ec54c28eea8,1.0,1.0,0.0,1.0,1.0,1.0,0.0,1.0,0.0,True,2021.10.06.08.16.17_veh-52_01430_01579,1,1633509800.199977,365593.52947352803,143692.634687575,365560.7707863106,143711.1319944662,1.0,9.998398488894767e-38,0.0
1077,0f902fca1e990d9be,1.0,0.0,0.5,1.0,1.0,1.0,1.0,1.0,0.0,True,2021.10.06.07.26.10_veh-52_01245_02064,1,1633507005.70008,365095.9110802286,143330.33547953662,365084.9719609207,143324.23095067564,0.0,0.09090909090909091,0.0
1078,8f0ed4cbd9cfb8ff3,0.0,1.0,1.0,1.0,1.0,0.0,1.0,1.0,0.0,True,2021.05.25.17.54.41_veh-35_04111_04288,1,1621983958.4004478,664553.4587567861,3999012.77765022,664536.7728232353,3998976.540580431,1.0,5.08297260125064e-24,0.0
1079,35dde9258cf9db5c2,1.0,1.0,1.0,1.0,0.6288577965690467,1.0,0.0,1.0,0.724592070203231,True,2021.09.16.19.27.01_veh-45_01749_03230,1,1631822423.500103,587759.6756519966,4475883.65653326,587770.1368662389,4475875.469512798,0.0,3.89289485262159e-110,0.6340180614278271
1080,7447fa48c5294d130,1.0,0.0,1.0,1.0,1.0,1.0,0.0,1.0,0.0,True,2021.10.06.08.16.17_veh-52_00181_00574,1,1633508579.7004578,365643.245854008,144050.48493501815,365650.467380854,144039.5644940831,1.0,0.125,0.0
1081,b6b4b0f2f2a7815cb,1.0,1.0,1.0,1.0,0.788535132054083,1.0,1.0,1.0,0.9244768328764581,True,2021.09.16.19.27.01_veh-45_01749_03230,1,1631823147.500208,587572.5813527175,4475907.477847245,587580.2819488769,4475926.675999079,1.0,2.273282996583798e-57,0.9339172287669009
1082,444448ad7659dcee6,1.0,1.0,1.0,1.0,1.0,1.0,0.0,1.0,0.8571428571428571,True,2021.10.06.07.26.10_veh-52_02208_02394,1,1633507462.199924,365200.6023983138,143596.03864801404,365190.29528387525,143571.27365318115,1.0,5.225192086314248e-97,0.875
1083,f3852b4bdec74eddc,0.5,0.0,1.0,1.0,1.0,0.0,1.0,1.0,0.0,True,2021.06.28.15.02.02_veh-38_02398_02848,1,1624895257.499822,664420.2759057347,3997337.8613771913,664426.1571373913,3997348.2922227285,0.0,1.535974416916703e-67,0.0
1084,085b907f63a37b0ac,1.0,1.0,1.0,1.0,0.7181333784704119,1.0,0.0,1.0,0.7564762065965757,True,2021.08.30.13.45.25_veh-40_00610_00771,1,1630331912.000762,332525.4337225958,4690407.225214731,332547.47901189286,4690393.384501233,1.0,0.05263157894736842,0.7869166807720037
1085,134a68b7ad7fc9ec4,1.0,1.0,1.0,1.0,1.0,1.0,1.0,1.0,1.0,True,2021.09.16.14.39.34_veh-42_00032_00186,1,1631803314.199601,589251.322431355,4474179.069806515,589239.0553844428,4474229.538705446,1.0,2.3122194456595413e-54,1.0
1086,4f3ef64863f32d7b6,0.0,0.0,0.5,1.0,1.0,0.0,0.0,1.0,0.0,True,2021.09.16.19.27.01_veh-45_01749_03230,1,1631822424.000396,587723.7165151874,4475909.39011649,587758.6466009745,4475884.903811209,1.0,1.1942630240353186e-43,0.0
1087,8568f4ee5859ce652,1.0,1.0,1.0,1.0,0.6526655156143409,1.0,0.0,1.0,0.7330948270051217,True,2021.09.16.14.39.34_veh-42_00297_00935,1,1631803747.198798,587787.4077143694,4475861.000734675,587799.4508178483,4475852.022614747,0.0,3.163172619993472e-41,0.6414579736294815
1088,53584220d24323201,1.0,1.0,0.5,1.0,0.7996580888156712,1.0,0.0,1.0,0.39279608728851273,True,2021.09.16.13.53.10_veh-42_00180_00342,1,1631800730.399843,589121.2016175597,4474571.146426943,589125.5547219486,4474558.790371661,1.0,7.930309718468177e-277,0.40619657637744866
1089,4dcc314181f8e6c97,1.0,1.0,1.0,1.0,0.23210726504611304,1.0,1.0,1.0,0.7257525946593261,True,2021.10.06.08.16.17_veh-52_01949_02501,1,1633510371.199955,365939.0283002736,143056.41071731856,365936.94606210396,143058.05879807266,0.0,0.05555555555555555,0.6350335203269103
1090,59223499b6e8a12d6,1.0,1.0,0.0,1.0,1.0,1.0,0.0,1.0,0.0,True,2021.08.30.14.54.34_veh-40_00439_00835,1,1630336046.000267,331709.0185578312,4690959.062371859,331691.2514112078,4690963.818418883,0.0,4.516135916239357e-41,0.0
1091,adab3d6fadc01f0e9,1.0,0.0,0.5,1.0,1.0,1.0,1.0,1.0,0.0,True,2021.06.28.20.24.43_veh-38_03385_04952,1,1624915586.5998569,664242.5812777869,3997353.4854455744,664210.5228795073,3997360.4053759114,0.0,0.05555555555555555,0.0
1092,c334b7fe14a98e8d9,1.0,1.0,1.0,1.0,0.4846855401900825,1.0,0.0,1.0,0.6731019786393152,True,2021.09.29.19.02.14_veh-28_00540_00917,1,1632942865.2996528,331270.73083751113,4690980.541780349,331268.06744006195,4690975.568788611,0.0,2.1324021359312366e-104,0.5889642313094008
1093,fa3650efa1fa9cb64,1.0,1.0,1.0,1.0,1.0,1.0,1.0,1.0,1.0,True,2021.05.25.17.54.41_veh-35_04111_04288,1,1621983957.900826,664541.4203959939,3998987.909064487,664530.9240376567,3998963.54688681,1.0,3.2781010349379187e-91,1.0
1094,444902bbbb7e82af9,1.0,1.0,1.0,1.0,0.738854376182925,1.0,1.0,1.0,0.9067337057796161,True,2021.09.16.19.27.01_veh-45_01749_03230,1,1631822804.9998279,587699.4388324198,4475539.979055817,587686.2734479831,4475523.536805388,1.0,1.4676356461653386e-73,0.9183919925571641
1095,6d41dae8eb9b92cbe,1.0,1.0,0.0,1.0,1.0,1.0,0.0,1.0,0.0,True,2021.09.16.19.27.01_veh-45_01749_03230,1,1631822424.000396,587731.8583449828,4475899.576789135,587761.2141247726,4475880.577274334,1.0,1.7451030432760362e-24,0.0
1096,2d812dd423748572d,1.0,1.0,1.0,1.0,0.996729968402477,1.0,0.0,1.0,0.8559749887151703,True,2021.05.25.17.54.41_veh-35_04111_04288,1,1621983958.4004478,664536.784274644,3998972.7266741768,664530.2582128713,3998959.772258387,1.0,0.0,0.8739781151257741
1097,c989b3ae7e9270d2d,1.0,1.0,1.0,1.0,0.5411296897463912,1.0,1.0,1.0,0.8361177463379968,True,2021.09.16.14.39.34_veh-42_00032_00186,1,1631803314.199601,589234.8399381544,4474241.493027717,589232.6749447559,4474249.666649452,0.0,0.0,0.7316030280457473
1098,7f77d13ba2f205d87,1.0,0.0,1.0,1.0,0.7434393720271073,1.0,1.0,1.0,0.0,True,2021.05.25.14.24.08_veh-25_03764_04034,1,1621970883.000027,664502.7605904327,3997876.941623434,664513.0562710913,3997877.8573139356,0.0,7.390576396841718e-70,0.0
1099,2182fa4ac8750cb31,1.0,1.0,1.0,1.0,0.43864107989955287,1.0,1.0,1.0,0.7995146713926974,True,2021.09.16.19.27.01_veh-45_01749_03230,1,1631822804.9998279,587688.5819385361,4475526.7030383125,587683.9861631682,4475520.536382844,1.0,5.174053666520096e-199,0.8245753374686102
1100,15e9e852fea33e966,1.0,0.0,1.0,1.0,1.0,1.0,1.0,1.0,0.0,True,2021.09.16.19.49.00_veh-42_00990_01609,1,1631823427.498962,587698.4510700537,4475913.749399343,587697.6552190135,4475916.447379753,0.0,0.1111111111111111,0.0
1101,6e6153a1da30b26bd,1.0,1.0,1.0,1.0,0.0,1.0,1.0,1.0,0.6428571428571429,True,2021.09.29.18.19.40_veh-28_01268_01685,1,1632940994.0997548,330981.7468235554,4690938.630929001,330981.7583891751,4690938.6233219635,0.0,0.16666666666666666,0.5625
1102,29202e5e7b84d0701,1.0,1.0,0.0,1.0,0.8101511395566311,1.0,0.0,1.0,0.0,True,2021.09.16.19.12.04_veh-42_01438_01677,1,1631821526.4999418,588282.2067164808,4475907.148037331,588257.6747583115,4475887.333265193,0.0,5.266168178254633e-261,0.0
1103,67db9f3e12bbe8868,0.0,1.0,1.0,1.0,1.0,0.0,1.0,1.0,0.0,True,2021.09.29.19.02.14_veh-28_00964_01689,1,1632943908.2998428,331607.7089705347,4690803.292956789,331597.92757705896,4690809.780429259,1.0,0.2,0.0
