{
  "measured_utc": "2026-07-22T05:10:30Z",
  "episodes_in_meta": 100000,
  "distinct_drives_sessions": 1103,
  "eps_per_drive_p50": 72.0,
  "eps_per_drive_max": 242,
  "drive_dur_s_p50": 1048.179847936,
  "drive_dur_s_p90": 3022.6339540480003,
  "drive_dur_s_max": 3788.020408832,
  "unique_drive_h": 418.9387058543644,
  "episode_h": 735.1931666666667,
  "consecutive_overlap_pct": 93.91892575103391,
  "median_stride_s": 15.00299008,
  "proof_session": "186e287f-c3ea-4d95-abc9-d403191dee41",
  "proof_epA": 0,
  "proof_epB": 22,
  "proof_time_overlap_s": 14.89598208,
  "proof_shared_frames": 150,
  "proof_gps_disagreement_m_max": 0.0,
  "proof_drive_raw_eps": 34,
  "proof_drive_kept_tiles": 17
}