index,token,no_at_fault_collisions,drivable_area_compliance,driving_direction_compliance,traffic_light_compliance,ego_progress,time_to_collision_within_bound,lane_keeping,history_comfort,pdm_score,valid,log_name,frame_type,start_time,endpoint_x,endpoint_y,start_point_x,start_point_y,two_frame_extended_comfort,weight,score
0,5d5d1442b83d5c5c,1.0,1.0,1.0,1.0,0.8149689366153352,1.0,1.0,1.0,0.9339174773626198,True,2021.09.29.18.19.40_veh-28_01268_01685,0,1632940901.599702,331186.8274810872,4690848.688510331,331190.7004341169,4690855.17846808,1.0,1.0,0.9421777926922923
1,12d426c6727d507a,1.0,1.0,1.0,1.0,0.9035504725561594,1.0,1.0,1.0,0.9655537401986284,True,2021.09.29.18.19.40_veh-28_01268_01685,0,1632940901.09957,331186.5971781752,4690848.357915482,331191.3512416607,4690856.255548203,1.0,1.0,0.9698595226737998
2,102627370a1e5b88,1.0,1.0,1.0,1.0,0.26896517536571696,1.0,1.0,1.0,0.7389161340591847,True,2021.09.16.13.53.10_veh-42_00860_01069,0,1631801419.400728,587806.6819484693,4475665.566014853,587802.9626199817,4475661.6617362015,0.0,1.0,0.6465516173017866
3,a7d3e71b8ca456a9,0.0,1.0,1.0,1.0,1.0,0.0,1.0,1.0,0.0,True,2021.06.28.20.24.43_veh-38_03385_04952,0,1624916864.099637,664457.2912261061,3998069.863636102,664457.0633565218,3998053.0608435655,1.0,1.0,0.0
4,23d647e77f2d515e,1.0,1.0,1.0,1.0,0.518903653474699,1.0,1.0,1.0,0.8281798762409639,True,2021.09.16.14.39.34_veh-42_00297_00935,0,1631804061.69993,587771.0587966494,4475625.729676807,587766.901092656,4475618.719899592,0.0,1.0,0.7246573917108434
5,fda0145d54065b7c,0.0,1.0,1.0,1.0,1.0,0.0,1.0,1.0,0.0,True,2021.09.16.19.49.00_veh-42_00990_01609,0,1631823264.500229,587690.7160809012,4475624.21759706,587713.5057416662,4475604.563011659,1.0,1.0,0.0
6,0802a51b0a1d512c,1.0,1.0,1.0,1.0,0.2821149487961944,1.0,1.0,1.0,0.7436124817129267,True,2021.09.16.13.53.10_veh-42_00860_01069,0,1631801419.9007058,587806.7966144203,4475665.922354883,587803.7658943621,4475662.580748566,0.0,1.0,0.6506609214988108
7,90ed944de9405835,1.0,0.0,1.0,1.0,0.8337166584851053,1.0,1.0,1.0,0.0,True,2021.09.16.14.39.34_veh-42_00032_00186,0,1631803291.200047,589191.9051209146,4474386.232384819,589180.3762473579,4474416.971745845,1.0,1.0,0.0
8,7a8c81a7cd1256e0,1.0,1.0,1.0,1.0,0.5260179236274712,1.0,1.0,1.0,0.6878635441526683,True,2021.10.06.07.26.10_veh-52_01245_02064,0,1633506900.700336,364961.83488598553,143507.84195214306,364967.6269236248,143515.07243963008,1.0,1.0,0.8518806011335848
9,6b0d21782a3b5a22,1.0,0.0,1.0,1.0,0.6794116164931049,0.0,1.0,1.0,0.0,True,2021.10.06.07.26.10_veh-52_00006_00398,0,1633505586.6998,365542.8987452876,143141.18220085383,365519.09831997304,143152.63582362153,1.0,1.0,0.0
10,a2701552b0f95f7b,0.0,1.0,1.0,1.0,1.0,0.0,1.0,1.0,0.0,True,2021.09.16.19.49.00_veh-42_00990_01609,0,1631823265.00051,587688.647590929,4475625.811466039,587710.666760492,4475607.048518726,1.0,1.0,0.0
11,3067f3d3d5a75989,1.0,1.0,1.0,1.0,0.8426154043621833,1.0,1.0,1.0,0.943791215843637,True,2021.09.29.15.23.04_veh-28_00814_01101,0,1632930205.799788,331534.4871568161,4690846.785675536,331522.3510696594,4690844.678662792,1.0,1.0,0.9508173138631824
12,6b7c5199f84e5aac,1.0,0.0,1.0,1.0,0.9133654959614371,0.0,1.0,1.0,0.0,True,2021.09.29.14.44.26_veh-28_00528_00992,0,1632927658.7996209,331690.4302358485,4690876.055854069,331698.89994448476,4690855.371195968,0.0,1.0,0.0
13,5e74b6a61b715f47,1.0,1.0,0.5,1.0,1.0,1.0,1.0,1.0,0.5,True,2021.09.16.19.27.01_veh-45_01749_03230,0,1631822325.000555,587524.5140649257,4475706.707857579,587507.3984550983,4475702.013125212,0.0,1.0,0.4375
14,63ec67c4a58a5e5b,1.0,0.0,1.0,1.0,0.6038076382076849,1.0,0.0,1.0,0.0,True,2021.09.16.17.40.09_veh-45_02539_02745,0,1631816795.89986,587621.6514677615,4475959.742309918,587642.3510978391,4475953.870038709,1.0,1.0,0.0
15,ed01297783a05dba,1.0,1.0,1.0,1.0,0.9664970980361172,1.0,1.0,1.0,0.9880346778700418,True,2021.09.29.14.44.26_veh-28_00528_00992,0,1632927658.299851,331690.41165569966,4690874.055025501,331698.2083156605,4690852.552915358,0.0,1.0,0.8645303431362866
16,a417154cf84a5426,1.0,1.0,1.0,1.0,1.0,1.0,1.0,1.0,1.0,True,2021.06.28.20.24.43_veh-38_03385_04952,0,1624916863.599905,664457.2663694107,3998068.3675068417,664457.0245873799,3998050.1816226337,1.0,1.0,1.0
17,cf50ffa22c81555d,1.0,0.0,1.0,1.0,0.7954220494377425,1.0,1.0,1.0,0.0,True,2021.09.29.14.44.26_veh-28_00238_00320,0,1632927018.2997968,330836.3648600388,4689950.887240985,330813.73633860995,4689923.295070923,1.0,1.0,0.0
18,2352aa62dbbe58d2,1.0,0.0,1.0,1.0,0.7004454659164412,0.0,1.0,1.0,0.0,True,2021.10.06.07.26.10_veh-52_00006_00398,0,1633505586.2000449,365540.3346809628,143141.56863357715,365516.17747193243,143154.5157234176,1.0,1.0,0.0
19,179bc3ae5b9f56b0,1.0,0.0,1.0,1.0,0.7974537090689102,1.0,1.0,1.0,0.0,True,2021.09.16.14.39.34_veh-42_00032_00186,0,1631803290.699926,589189.8766246394,4474391.237316192,589179.2574376386,4474420.773540342,1.0,1.0,0.0
20,b35e48a419d7577f,1.0,1.0,1.0,1.0,0.7036210299274205,1.0,1.0,1.0,0.8941503678312216,True,2021.08.30.16.16.44_veh-40_00779_01088,0,1630341061.000089,331432.91613366007,4691041.335467971,331428.9496410826,4691043.936066478,1.0,1.0,0.9073815718523189
21,a18d2b32f8415373,1.0,1.0,1.0,1.0,0.4422525817742063,1.0,1.0,1.0,0.800804493490788,True,2021.09.16.19.27.01_veh-45_01749_03230,0,1631823135.499846,587612.7946838144,4475937.355450713,587615.830052988,4475943.680820169,0.0,1.0,0.7007039318044395
22,082988f40658562c,1.0,1.0,1.0,1.0,0.026996439945893937,1.0,1.0,1.0,0.652498728552105,True,2021.08.30.14.54.34_veh-40_00439_00835,0,1630335932.0002658,331302.0441271013,4691025.457822951,331302.0443534176,4691025.454176995,1.0,1.0,0.6959363874830918
23,779852a1160f56f9,1.0,0.0,1.0,1.0,0.9080919547552976,1.0,1.0,1.0,0.0,True,2021.10.06.07.26.10_veh-52_02208_02394,0,1633507447.7003338,365162.63090114214,143538.54135288272,365142.09025240614,143546.56557639118,1.0,1.0,0.0
24,79e8f1ce9ed95cf6,1.0,1.0,1.0,1.0,0.4991724140878799,1.0,1.0,1.0,0.8211330050313856,True,2021.10.06.08.16.17_veh-52_01949_02501,0,1633510711.199506,365009.25132747646,143565.90943134922,364999.63826266525,143569.93146277047,1.0,1.0,0.8434913794024624
25,66583dab627951a2,1.0,0.0,0.0,1.0,0.7455509298967183,1.0,1.0,1.0,0.0,True,2021.09.29.19.02.14_veh-28_03198_03360,0,1632945461.299974,332394.4862564932,4690484.344269036,332369.07378996996,4690470.72430227,0.0,1.0,0.0
26,e1886e081b945907,1.0,1.0,1.0,1.0,0.7730014899119173,1.0,1.0,1.0,0.9189291035399705,True,2021.08.30.13.45.25_veh-40_00610_00771,0,1630331838.0004869,332844.63394301484,4690179.0706968475,332858.9330390894,4690200.106584572,1.0,1.0,0.9290629655974741
27,63980d0b4c9352c4,1.0,1.0,0.0,1.0,0.8328231698839215,1.0,1.0,1.0,0.0,True,2021.09.29.19.02.14_veh-28_03198_03360,0,1632945461.7997549,332399.2882232945,4690479.329904598,332371.2324941009,4690473.179507605,0.0,1.0,0.0
28,b1906c6b8b8f5f56,1.0,1.0,1.0,1.0,1.0,1.0,1.0,1.0,1.0,True,2021.09.16.19.12.04_veh-42_01438_01677,0,1631821503.499708,588079.9356604489,4475747.957707443,588041.6890044971,4475718.056848064,1.0,1.0,1.0
29,c7a44a2e52bc5e22,1.0,0.0,1.0,1.0,1.0,0.0,1.0,1.0,0.0,True,2021.09.16.14.39.34_veh-42_00297_00935,0,1631803653.699924,588374.700133862,4475985.614330478,588408.901673089,4475997.68834389,0.0,1.0,0.0
30,dd35be6455fe566b,1.0,1.0,1.0,1.0,0.3077408576282039,1.0,1.0,1.0,0.6099074491529299,True,2021.09.29.19.02.14_veh-28_00540_00917,0,1632942805.7995179,331131.0571500303,4690842.8918891605,331127.55409273424,4690845.687659003,1.0,1.0,0.7836690180088137
31,c574d461642f5deb,1.0,1.0,1.0,1.0,1.0,1.0,1.0,1.0,1.0,True,2021.09.16.19.12.04_veh-42_01438_01677,0,1631821502.999862,588073.9911929022,4475743.525948683,588037.6974321017,4475714.651840979,1.0,1.0,1.0
32,8237f47b224952b4,1.0,1.0,1.0,1.0,1.0,1.0,1.0,1.0,1.0,True,2021.09.16.14.39.34_veh-42_01609_01687,0,1631804876.6998749,589018.4029155107,4474726.107362159,589001.7342749296,4474769.106960093,1.0,1.0,1.0
33,5f4991d3d2ca5eee,1.0,1.0,1.0,1.0,0.6047881057415496,1.0,1.0,1.0,0.8588528949076962,True,2021.06.03.13.55.17_veh-35_02866_03582,0,1622746352.101379,664538.744405284,3998982.161401211,664534.7552635625,3998972.4004143407,1.0,1.0,0.8764962830442342
34,18492b6ce9905b13,1.0,0.0,0.5,1.0,0.7154888811138045,1.0,1.0,1.0,0.0,True,2021.10.06.08.16.17_veh-52_00181_00574,0,1633508486.70042,365650.7745729032,143852.97172956663,365631.9601199508,143846.28613746815,0.0,1.0,0.0
35,ac55c7f072c6528d,1.0,0.0,1.0,1.0,0.8730760315179362,1.0,1.0,1.0,0.0,True,2021.05.25.17.54.41_veh-35_01905_02121,0,1621981832.4002168,664419.9568170863,3997337.2161142747,664425.3461164946,3997356.109845047,1.0,1.0,0.0
36,19e90f2757b25f38,1.0,1.0,1.0,1.0,0.6822761145325883,1.0,1.0,1.0,0.8865271837616387,True,2021.09.16.19.27.01_veh-45_01749_03230,0,1631822757.500365,587573.674928178,4475579.972832616,587557.3135848412,4475585.698763372,1.0,1.0,0.9007112857914339
37,551cf39c34f75b25,1.0,1.0,1.0,1.0,0.3136172624438572,1.0,1.0,1.0,0.7548633080156633,True,2021.08.30.16.16.44_veh-40_00779_01088,0,1630341061.500005,331433.2496161807,4691041.181360823,331429.50744618,4691043.59215852,1.0,1.0,0.7855053945137054
38,a8a34f54618050f6,1.0,0.0,1.0,1.0,1.0,1.0,1.0,1.0,0.0,True,2021.09.09.17.18.51_veh-48_01248_01450,0,1631209385.999047,330960.63523065776,4690930.332787089,330979.5064769636,4690937.074110131,1.0,1.0,0.0
39,7a91cd530cac57fc,1.0,1.0,1.0,1.0,0.8330062007213297,1.0,1.0,1.0,0.797502214543332,True,2021.10.06.07.26.10_veh-52_01245_02064,0,1633506901.200609,364956.9016234499,143502.29304979424,364966.98187033954,143514.26130391957,1.0,1.0,0.9478144377254155
40,43162b00fe4550b8,1.0,0.0,1.0,1.0,1.0,1.0,1.0,1.0,0.0,True,2021.05.25.14.16.10_veh-35_03373_03550,0,1621970161.000263,664417.5412660292,3997336.208211055,664425.6775830685,3997358.355959816,0.0,1.0,0.0
41,f29d6171f46b551d,1.0,0.0,1.0,1.0,1.0,1.0,1.0,1.0,0.0,True,2021.09.16.13.53.10_veh-42_00180_00342,0,1631800716.400068,589154.9173120523,4474490.64393871,589170.3099116446,4474453.9463277655,1.0,1.0,0.0
42,2e1d4bde0a16514b,1.0,1.0,1.0,1.0,0.694255404274477,1.0,1.0,1.0,0.890805501526599,True,2021.06.28.20.24.43_veh-38_03385_04952,0,1624915514.09968,664205.2399546452,3997423.276937562,664211.3056177653,3997422.053537836,1.0,1.0,0.9044548138357741
43,008844070af456e3,1.0,1.0,1.0,1.0,0.4419194334430273,1.0,1.0,1.0,0.8006855119439383,True,2021.10.06.08.16.17_veh-52_01949_02501,0,1633510711.6996648,365007.06953546114,143566.46722742435,364999.8027539187,143569.82340393288,1.0,1.0,0.825599822950946
44,f8b524a4e8925503,1.0,1.0,1.0,1.0,1.0,1.0,1.0,1.0,1.0,True,2021.09.16.14.39.34_veh-42_01609_01687,0,1631804876.200126,589016.7935335482,4474730.866880096,588999.0222476384,4474774.249668074,1.0,1.0,1.0
45,49074bfb7c9e5c26,1.0,1.0,1.0,1.0,0.9233446583306041,1.0,1.0,1.0,0.97262309226093,True,2021.10.06.08.16.17_veh-52_01949_02501,0,1633510347.1994438,365807.7137636672,143155.51312812755,365774.9869794453,143175.78732725335,0.0,1.0,0.8510452057283138
46,d08ae5bc8a435f97,1.0,1.0,1.0,1.0,1.0,0.0,1.0,1.0,0.5,True,2021.06.28.13.53.26_veh-26_00492_00696,0,1624889079.6975498,664425.8413935233,3997355.3538411236,664426.7200609761,3997398.3171067988,1.0,1.0,0.6875
47,c1d95d8a3260541c,1.0,0.0,1.0,1.0,0.921703141385401,1.0,1.0,1.0,0.0,True,2021.09.16.13.53.10_veh-42_00180_00342,0,1631800715.900173,589156.9629012032,4474486.118659877,589172.108755017,4474449.445134596,1.0,1.0,0.0
48,1a707ed0d7ba541d,1.0,0.0,0.5,1.0,0.955693687329401,1.0,1.0,1.0,0.0,True,2021.05.25.17.54.41_veh-35_01905_02121,0,1621981831.900038,664421.5129920166,3997336.769941738,664425.3033553587,3997359.544208611,1.0,1.0,0.0
49,e052a41759445a28,1.0,0.0,0.5,1.0,0.6889442248987337,1.0,1.0,1.0,0.0,True,2021.10.06.07.26.10_veh-52_02208_02394,0,1633507448.200032,365165.6136103543,143536.80808845075,365144.7666028938,143545.51523775325,1.0,1.0,0.0
50,a44db880afe95be7,1.0,1.0,1.0,1.0,0.5366577619296721,1.0,1.0,1.0,0.47737777211774,True,2021.09.16.14.39.34_veh-42_00297_00935,0,1631804061.200038,587771.2429918842,4475625.957006124,587766.521573216,4475617.86258938,0.0,1.0,0.7302055506030225
51,352290f8ed8e572e,1.0,1.0,1.0,1.0,1.0,1.0,1.0,1.0,0.8571428571428571,True,2021.06.28.13.53.26_veh-26_00492_00696,0,1624889080.1982589,664424.4919932856,3997347.2922254666,664426.1869750256,3997392.885215941,1.0,1.0,1.0
52,847432a116d35db0,1.0,0.0,1.0,1.0,1.0,1.0,1.0,1.0,0.0,True,2021.10.06.08.16.17_veh-52_01430_01579,0,1633509770.7000148,365403.5415682879,143775.94525186843,365380.1770838473,143774.70412339887,1.0,1.0,0.0
53,697882c22eb65ca7,1.0,0.0,0.5,1.0,0.8235901658474668,1.0,1.0,1.0,0.0,True,2021.05.25.14.16.10_veh-35_03373_03550,0,1621970160.5002809,664419.1224959884,3997333.4799009226,664425.6054427614,3997362.357047601,0.0,1.0,0.0
54,7feaf6410f1854a8,1.0,1.0,1.0,1.0,1.0,1.0,1.0,1.0,1.0,True,2021.10.06.08.16.17_veh-52_01430_01579,0,1633509771.199787,365404.6830732049,143775.81001614543,365382.8684790304,143774.91328839434,1.0,1.0,1.0
55,5c4d8dfcb0aa5541,1.0,1.0,1.0,1.0,0.5196556005996249,1.0,1.0,0.0,0.6855912859284375,True,2021.10.06.07.26.10_veh-52_00953_01126,0,1633506338.199904,366023.284603724,142988.80116451392,366031.06372481206,142986.94387056085,0.0,1.0,0.5998923751873828
56,d01fec804cd45644,1.0,1.0,1.0,1.0,0.6864148544451977,1.0,1.0,1.0,0.8880053051589992,True,2021.09.16.15.47.30_veh-45_01199_01391,0,1631808550.799669,587716.9837479824,4475559.93169206,587702.9642111862,4475543.05686029,1.0,1.0,0.9020046420141243
57,5041cdf76ecb5ee7,1.0,1.0,1.0,1.0,0.46829122363003844,1.0,1.0,1.0,0.8101040084392995,True,2021.10.06.07.26.10_veh-52_00953_01126,0,1633506338.700239,366023.41717498243,142989.21385854512,366030.3086365951,142986.4835199822,0.0,1.0,0.708841007384387
58,c340cf7465ab5bbe,1.0,0.0,1.0,1.0,0.8125462255781039,1.0,1.0,1.0,0.0,True,2021.09.09.17.18.51_veh-48_01248_01450,0,1631209385.498606,330962.30207585345,4690934.202599407,330981.0693549749,4690936.2212310955,1.0,1.0,0.0
59,6ae2bcc5c2c050e4,0.0,1.0,1.0,1.0,1.0,0.0,1.0,1.0,0.0,True,2021.09.29.19.02.14_veh-28_00964_01689,0,1632943894.7995088,331547.5181508612,4690840.057154037,331529.2179616525,4690851.88552903,1.0,1.0,0.0
60,813c23718919507a,1.0,1.0,0.5,1.0,1.0,1.0,1.0,1.0,0.5,True,2021.09.16.19.27.01_veh-45_01749_03230,0,1631822324.500912,587521.498704107,4475709.688926859,587506.2503091376,4475700.265494479,0.0,1.0,0.4375
61,2322850f71fa5c4d,0.0,1.0,1.0,1.0,1.0,0.0,1.0,1.0,0.0,True,2021.06.28.20.24.43_veh-38_03385_04952,0,1624915513.5993788,664200.8710008279,3997423.3010266926,664212.2297529267,3997421.766234262,1.0,1.0,0.0
62,b8d2227c06a351e4,1.0,1.0,1.0,1.0,0.3293509776361713,1.0,1.0,1.0,0.6176253491557755,True,2021.09.29.19.02.14_veh-28_00540_00917,0,1632942806.299707,331132.0652612979,4690842.038921966,331128.2629843193,4690845.1394767305,1.0,1.0,0.7904221805113035
63,585a681f4ad95682,1.0,1.0,1.0,1.0,0.022796570028188117,1.0,1.0,1.0,0.6509987750100672,True,2021.08.30.14.54.34_veh-40_00439_00835,0,1630335931.500306,331302.0465304707,4691025.443726583,331302.04658083525,4691025.442945707,1.0,1.0,0.6946239281338088
64,b9f3b69b160e5ad0,1.0,0.0,0.5,1.0,1.0,1.0,0.0,1.0,0.0,True,2021.09.16.17.40.09_veh-45_02539_02745,0,1631816795.399963,587623.7720149053,4475961.514140758,587645.4102688712,4475952.206305206,1.0,1.0,0.0
65,aee07628c2ab5ce1,1.0,1.0,1.0,1.0,0.8973067053927055,1.0,1.0,1.0,0.9633238233545376,True,2021.08.30.13.45.25_veh-40_00610_00771,0,1630331837.500377,332844.5993773097,4690182.816121819,332859.15208777017,4690203.223387201,1.0,1.0,0.9679083454352204
66,aeeba19e19c35ccb,1.0,1.0,1.0,1.0,0.9236550346834552,1.0,1.0,1.0,0.9727339409583768,True,2021.10.06.08.16.17_veh-52_01949_02501,0,1633510346.699674,365804.3383645792,143158.19363224914,365771.129813869,143176.27683722286,0.0,1.0,0.8511421983385797
67,d64b2da8ffb65c16,1.0,1.0,1.0,1.0,1.0,1.0,1.0,1.0,1.0,True,2021.09.16.14.39.34_veh-42_00297_00935,0,1631803654.199801,588372.787881898,4475979.887752843,588405.350639323,4475998.294157094,0.0,1.0,0.875
68,e41740b9529753af,0.0,1.0,1.0,1.0,1.0,0.0,1.0,1.0,0.0,True,2021.09.29.19.02.14_veh-28_00964_01689,0,1632943894.299604,331547.90680703503,4690839.609680467,331526.3673912616,4690853.782065406,1.0,1.0,0.0
69,84b8eb5b1a5757c1,1.0,1.0,1.0,1.0,0.3281144699387447,1.0,1.0,1.0,0.7600408821209802,True,2021.09.16.19.27.01_veh-45_01749_03230,0,1631823134.9994068,587613.7259142017,4475939.594179835,587616.2352641069,4475944.505961013,0.0,1.0,0.6650357718558577
70,13310ca9a7715154,1.0,1.0,1.0,1.0,1.0,1.0,1.0,1.0,1.0,True,2021.09.16.15.47.30_veh-45_01199_01391,0,1631808551.2995698,587718.1958430479,4475561.275972626,587704.8190818963,4475545.223946949,1.0,1.0,1.0
71,f6b9867069845fd2,1.0,1.0,1.0,1.0,1.0,1.0,1.0,1.0,1.0,True,2021.09.16.19.27.01_veh-45_01749_03230,0,1631822758.0006928,587577.4226443467,4475578.626686871,587560.1601854337,4475584.715901437,1.0,1.0,1.0
72,afa8102c20685ec5,1.0,1.0,1.0,1.0,0.6040807720181686,1.0,1.0,1.0,0.8586002757207745,True,2021.06.03.13.55.17_veh-35_02866_03582,0,1622746352.601244,664539.1070684706,3998983.2029152936,664535.1918389634,3998973.510521566,1.0,1.0,0.8762752412556777
73,a47772efd1d758d6,1.0,1.0,1.0,1.0,0.9210398205761824,1.0,1.0,1.0,0.9717999359200651,True,2021.09.29.15.23.04_veh-28_00814_01101,0,1632930205.299589,331534.08820540435,4690846.708401949,331521.0110955683,4690843.490331051,1.0,1.0,0.975324943930057
74,442b2cf63c6f570a,1.0,1.0,1.0,1.0,0.6526808915142974,1.0,1.0,1.0,0.8759574612551061,True,2021.10.06.08.16.17_veh-52_00181_00574,0,1633508486.200079,365645.6372144677,143852.56977630866,365629.93832090584,143846.2094900477,0.0,1.0,0.7664627785982179
75,d142ab856b7653df,1.0,1.0,1.0,1.0,0.8164646528238725,1.0,1.0,1.0,0.9344516617228117,True,2021.09.29.14.44.26_veh-28_00238_00320,0,1632927018.799589,330837.5173065193,4689956.555801329,330816.5534229521,4689926.562905689,1.0,1.0,0.9426452040074602
76,c5566cb2cc7d0ff52,1.0,1.0,1.0,1.0,0.77516653398417,1.0,1.0,1.0,0.919702333565775,True,2021.09.16.19.49.00_veh-42_00990_01609,1,1631823268.499907,587696.6728922647,4475619.22406192,587702.4292849875,4475614.312022128,0.0,0.125,0.8047395418700531
77,aa52fd60e4fa0f00c,1.0,1.0,1.0,1.0,0.10522471163671984,1.0,0.0,1.0,0.5375802541559713,True,2021.09.16.13.53.10_veh-42_00860_01069,1,1631801423.399725,587806.271492167,4475664.641191289,587805.2500233793,4475663.874346495,1.0,1.3692536460252614e-10,0.5953827223864749
78,6fad2bc43e18270d8,1.0,0.0,0.5,1.0,1.0,1.0,1.0,1.0,0.0,True,2021.06.28.13.53.26_veh-26_00492_00696,1,1624889083.703023,664422.2114238547,3997336.3763943384,664424.5834465114,3997362.140825672,0.0,1.4186201776639351e-102,0.0
79,8090a94784c5adc03,1.0,1.0,1.0,1.0,0.7651390414206939,1.0,1.0,1.0,0.9161210862216764,True,2021.09.09.17.18.51_veh-48_01248_01450,1,1631209389.499202,330959.78385961015,4690922.320594517,330968.55789445253,4690935.100656968,1.0,0.07692307692307693,0.9266059504439669
80,caa48a6115952f402,1.0,0.0,1.0,1.0,1.0,1.0,1.0,1.0,0.0,True,2021.08.30.13.45.25_veh-40_00610_00771,1,1630331842.000428,332816.52201091044,4690180.307362155,332846.51442728436,4690183.069156328,0.0,0.058823529411764705,0.0
81,47349a858e8660e9e,0.0,0.0,1.0,1.0,1.0,0.0,0.0,1.0,0.0,True,2021.09.29.19.02.14_veh-28_00964_01689,1,1632943898.299569,331581.85355208657,4690822.540147987,331550.2369329892,4690840.552791584,1.0,0.125,0.0
82,8cf82bdb10f083506,1.0,1.0,1.0,1.0,1.0,1.0,1.0,1.0,1.0,True,2021.09.16.14.39.34_veh-42_00297_00935,1,1631803658.199535,588336.4350390917,4475952.746738956,588377.3377039297,4475984.490203847,1.0,5.390657111797734e-91,1.0
83,7002987261d03954e,1.0,0.0,0.5,1.0,1.0,1.0,0.0,0.0,0.0,True,2021.10.06.08.16.17_veh-52_01949_02501,1,1633510715.6996589,364998.24917512346,143549.22651574554,365005.1217723401,143565.0610049554,0.0,0.05555555555555555,0.0
84,3843fa52f9eff158e,0.5,0.0,0.0,0.0,1.0,0.0,1.0,1.0,0.0,True,2021.06.28.13.53.26_veh-26_00492_00696,1,1624889084.203117,664424.5239603552,3997300.772217493,664425.5503345379,3997346.684852774,0.0,0.9999994294258576,0.0
85,ba8bf5b95601df543,1.0,1.0,1.0,1.0,0.8841652546306462,1.0,1.0,1.0,0.9586304480823736,True,2021.06.03.13.55.17_veh-35_02866_03582,1,1622746356.6008,664557.1609885687,3999024.2730645165,664542.7126644553,3998992.025373312,1.0,3.0302214520467584e-194,0.963801642072077
86,c8bce5ae9777b5139,1.0,0.0,1.0,1.0,0.6690972163243999,1.0,1.0,1.0,0.0,True,2021.06.28.13.53.26_veh-26_00492_00696,1,1624889084.203117,664421.2966345451,3997339.2493036906,664425.2944309266,3997357.7154315645,1.0,8.304334588868799e-235,0.0
87,3d85159a51861aba5,0.0,0.0,1.0,1.0,1.0,0.0,0.0,1.0,0.0,True,2021.09.16.14.39.34_veh-42_00297_00935,1,1631804065.7000349,587779.2479859252,4475629.99703384,587771.212780071,4475624.391955204,1.0,0.001633379835762269,0.0
88,a97b99ff7fc06eb65,1.0,1.0,1.0,1.0,0.786898471906258,1.0,1.0,1.0,0.9238923113950922,True,2021.06.03.13.55.17_veh-35_02866_03582,1,1622746356.6008,664552.5059367095,3999012.632238739,664542.0434431487,3998989.7104896144,1.0,1.1163597058829408e-107,0.9334057724707057
89,8a8e36fc6f3133ab1,1.0,0.0,0.5,1.0,1.0,1.0,0.0,1.0,0.0,True,2021.09.16.17.40.09_veh-45_02539_02745,1,1631816799.399855,587618.2237889137,4475952.45800089,587628.8333046472,4475959.637087281,0.0,0.1,0.0
90,cdee605a7b8acd418,1.0,1.0,1.0,1.0,1.0,1.0,1.0,1.0,1.0,True,2021.10.06.08.16.17_veh-52_00181_00574,1,1633508490.699611,365656.35233548237,143867.47553848213,365641.0014980876,143851.0510882904,0.0,0.05555555555555555,0.875
91,b5026163c611c7730,1.0,1.0,1.0,1.0,1.0,1.0,1.0,1.0,1.0,True,2021.09.16.14.39.34_veh-42_00297_00935,1,1631803657.699476,588341.4399263695,4475957.388306776,588377.0865462545,4475985.399464077,1.0,0.08333333333333333,1.0
92,306bd7dfd9818a9eb,1.0,1.0,1.0,1.0,0.6903281184168328,1.0,1.0,0.0,0.7465457565774403,True,2021.09.29.15.23.04_veh-28_00814_01101,1,1632930209.799517,331545.3960477174,4690842.459855211,331530.4209856672,4690847.24079925,0.0,5.773973096776844e-35,0.6532275370052603
93,87940f7f64854009d,0.5,0.0,1.0,1.0,1.0,0.0,1.0,1.0,0.0,True,2021.08.30.14.54.34_veh-40_00439_00835,1,1630335936.00053,331309.5330634245,4691039.207481306,331302.2811454808,4691029.018860516,1.0,3.535373632541441e-28,0.0
94,f5daa83268d707022,1.0,1.0,1.0,1.0,0.44234924606358633,1.0,1.0,1.0,0.8008390164512809,True,2021.09.29.19.02.14_veh-28_03198_03360,1,1632945465.799696,332395.69486255595,4690477.022940279,332388.7078054348,4690479.7857255,0.0,0.08333333333333333,0.7007341393948707
95,25dc2853331e64985,1.0,1.0,1.0,1.0,0.9137150840613253,1.0,0.0,1.0,0.8263268157361876,True,2021.10.06.07.26.10_veh-52_00953_01126,1,1633506342.700286,366003.3871603831,143004.81016240944,366019.7063205335,142990.34949046752,1.0,1.509307747825632e-26,0.8480359637691641
96,61c5dadb5c926478c,0.0,1.0,1.0,1.0,1.0,0.0,0.0,1.0,0.0,True,2021.09.29.14.44.26_veh-28_00528_00992,1,1632927662.7996838,331659.65802584554,4690894.913689176,331684.80633398343,4690875.565413196,1.0,2.196276246547724e-66,0.0
97,96cad6ca7a1cc6e43,1.0,1.0,1.0,1.0,0.3324218307805354,1.0,1.0,1.0,0.7615792252787627,True,2021.10.06.07.26.10_veh-52_00006_00398,1,1633505590.200058,365533.3329969535,143144.0027556526,365529.537161362,143145.93536753315,0.0,0.1111111111111111,0.6663818221189173
98,815411526d5f2c6d5,1.0,0.0,1.0,1.0,1.0,1.0,0.0,1.0,0.0,True,2021.10.06.07.26.10_veh-52_02208_02394,1,1633507451.700127,365170.7722667661,143539.4458699638,365156.6308766773,143540.1531809406,1.0,0.125,0.0
99,97878eb5ec064dcaf,1.0,1.0,1.0,1.0,0.6090880257841869,1.0,1.0,1.0,0.8603885806372096,True,2021.09.16.14.39.34_veh-42_00297_00935,1,1631804065.7000349,587784.8304209292,4475640.992500603,587775.0979378397,4475630.081415196,1.0,3.990714517240295e-76,0.8778400080575584
100,af4ad524dc8b94ef1,0.0,1.0,0.0,1.0,1.0,0.0,0.0,1.0,0.0,True,2021.08.30.16.16.44_veh-40_00779_01088,1,1630341065.000195,331456.5705739816,4691028.021404725,331437.0702121852,4691040.147567489,0.0,2.112139635680479e-37,0.0
101,9b4e2ae84afe8c832,1.0,0.0,1.0,1.0,1.0,1.0,1.0,1.0,0.0,True,2021.10.06.08.16.17_veh-52_01430_01579,1,1633509775.199492,365405.4022572444,143776.75277075963,365390.378688458,143775.93601263635,0.0,0.1,0.0
102,b1b76999fa25ad35b,1.0,0.0,0.5,1.0,1.0,1.0,0.0,1.0,0.0,True,2021.09.16.14.39.34_veh-42_01609_01687,1,1631804880.699805,589027.2793999738,4474685.17451655,589018.0319664737,4474727.662201152,1.0,1.0,0.0
103,2c5c3c9002e3d1165,1.0,1.0,1.0,1.0,0.8911623670741897,1.0,1.0,1.0,0.9611294168122105,True,2021.09.16.14.39.34_veh-42_00297_00935,1,1631803657.699476,588353.5881702169,4475966.792041026,588381.9217725453,4475988.187594035,1.0,0.08333333333333333,0.9659882397106843
104,2f7d76aaf1c498bdf,1.0,0.0,0.0,1.0,0.3604205409701965,1.0,1.0,1.0,0.0,True,2021.10.06.08.16.17_veh-52_01949_02501,1,1633510715.199517,365022.9108731372,143561.75650376538,365001.038027927,143569.13878962514,1.0,0.05555555555555555,0.0
105,dd7c29b15f5cef89c,1.0,1.0,1.0,1.0,0.876570869960191,1.0,1.0,1.0,0.9559181678429253,True,2021.09.29.14.44.26_veh-28_00238_00320,1,1632927022.799661,330856.5274020958,4689998.675748816,330837.02311111736,4689958.942466724,1.0,1.1211365066568902e-06,0.9614283968625597
106,00e5457ca561abfbb,1.0,1.0,1.0,1.0,0.33108730449452295,1.0,1.0,1.0,0.7611026087480439,True,2021.09.29.14.44.26_veh-28_00238_00320,1,1632927022.799661,330832.14026966016,4689944.247684457,330828.6072651677,4689939.747129899,1.0,0.0,0.7909647826545384
107,fe81231e5ce13b101,1.0,1.0,1.0,1.0,1.0,1.0,0.0,1.0,0.8571428571428571,True,2021.09.16.19.12.04_veh-42_01438_01677,1,1631821507.000123,588111.1910017998,4475773.130752319,588072.9923230388,4475744.084656336,1.0,0.5229071484366358,0.875
108,c58481114df532967,1.0,1.0,1.0,1.0,1.0,1.0,1.0,1.0,1.0,True,2021.09.16.15.47.30_veh-45_01199_01391,1,1631808555.2996619,587722.0586443556,4475566.324261065,587717.5811147947,4475560.728648463,0.0,0.9999969373412391,0.875
109,3e4706910942fcca4,1.0,1.0,1.0,1.0,1.0,1.0,1.0,1.0,1.0,True,2021.10.06.07.26.10_veh-52_02208_02394,1,1633507451.700127,365152.970141856,143540.88893863314,365152.9406714921,143540.91256852148,1.0,0.125,1.0
110,2a16480d68428e775,1.0,1.0,1.0,1.0,0.016361509052614503,1.0,1.0,1.0,0.6487005389473622,True,2021.10.06.07.26.10_veh-52_00006_00398,1,1633505590.699844,365529.80429040856,143145.78169768068,365529.7764514907,143145.7996462344,0.0,0.0,0.567612971578942
111,38d50c91468fbe6e5,1.0,1.0,1.0,1.0,0.49163932209080813,1.0,0.0,1.0,0.6755854721752886,True,2021.09.16.19.27.01_veh-45_01749_03230,1,1631822762.0001838,587575.2565106452,4475580.135587272,587571.2287959765,4475581.199797667,1.0,3.6305833836126503e-97,0.7161372881533775
112,0e447192563e126ef,1.0,1.0,1.0,1.0,0.5913794863019197,1.0,1.0,1.0,0.8540641022506856,True,2021.09.29.14.44.26_veh-28_00528_00992,1,1632927662.2998679,331692.5869821815,4690871.665583137,331696.9345718006,4690865.467612327,0.0,0.06666666666666667,0.74730608946935
113,425b819f70d25df0e,1.0,0.0,1.0,1.0,0.9030397284326828,1.0,0.0,1.0,0.0,True,2021.09.29.14.44.26_veh-28_00238_00320,1,1632927022.299784,330844.3714898006,4689969.802813786,330830.4926987095,4689944.7913208725,0.0,0.05,0.0
114,e02ebb163a52bd53e,1.0,0.0,1.0,1.0,0.6401290251792077,1.0,1.0,1.0,0.0,True,2021.09.29.14.44.26_veh-28_00528_00992,1,1632927662.7996838,331694.92963492265,4690870.31018162,331698.2403604933,4690864.086559663,0.0,0.0,0.0
115,544fd2c725ea1a878,1.0,1.0,1.0,1.0,0.941750502269671,1.0,1.0,1.0,0.9791966079534539,True,2021.09.16.14.39.34_veh-42_00297_00935,1,1631803658.199535,588349.364213651,4475961.126260245,588379.9692133297,4475984.8646163475,1.0,8.103294646516444e-166,0.9817970319592721
116,11e5a12ad80226150,1.0,1.0,1.0,1.0,0.9017563181082587,1.0,0.0,1.0,0.8220558278958067,True,2021.09.29.19.02.14_veh-28_03198_03360,1,1632945465.299811,332419.3248156581,4690464.733896202,332390.81637627,4690478.820453826,0.0,0.08333333333333333,0.7192988494088308
117,ca4163d1efbe0dd9c,1.0,1.0,1.0,1.0,1.0,1.0,0.0,1.0,0.8571428571428571,True,2021.09.29.19.02.14_veh-28_00540_00917,1,1632942810.299607,331162.44769682107,4690816.755845466,331141.18862279836,4690835.3025302095,0.0,1.4371481771396632e-278,0.75
118,57108f72bba7b23f2,0.5,0.0,0.0,1.0,1.0,1.0,0.0,1.0,0.0,True,2021.09.16.14.39.34_veh-42_00032_00186,1,1631803295.199668,589209.6001459082,4474346.489631871,589195.9531680313,4474384.360025398,1.0,3.03685746305157e-41,0.0
119,a563e26d3cb76d239,1.0,0.0,1.0,1.0,0.468819556175709,1.0,1.0,1.0,0.0,True,2021.09.29.19.02.14_veh-28_00540_00917,1,1632942810.299607,331135.2692345723,4690833.386419379,331131.912280598,4690841.008415638,0.0,0.12133108404776127,0.0
120,cf6204044bf64f9d2,1.0,1.0,1.0,1.0,0.03952711150133154,1.0,1.0,1.0,0.6569739683933327,True,2021.09.29.15.23.04_veh-28_00814_01101,1,1632930209.2996628,331528.61799197394,4690849.51983708,331528.56600688776,4690849.492794566,1.0,5.737509109766195e-77,0.6998522223441661
121,af944ea40728e6074,1.0,1.0,1.0,1.0,0.6987701939678395,1.0,1.0,1.0,0.8924179264170855,True,2021.09.16.13.53.10_veh-42_00860_01069,1,1631801423.8995168,587813.0821296916,4475674.90340217,587805.9493257015,4475665.577856019,0.0,0.01760068302790187,0.7808656856149498
122,ceeb78663a0b4f09b,1.0,1.0,1.0,1.0,0.8800006729096921,0.0,0.0,1.0,0.4571430974677472,True,2021.10.06.07.26.10_veh-52_01245_02064,1,1633506904.7003188,364934.38113859494,143473.90968368063,364956.06197267515,143499.8061262767,1.0,2.2683336087892107e-208,0.5250002102842788
123,014d40ca62123c161,1.0,0.0,1.0,1.0,1.0,0.0,0.0,1.0,0.0,True,2021.09.29.14.44.26_veh-28_00528_00992,1,1632927662.2998679,331689.711098666,4690876.321157092,331698.1002107922,4690866.77667397,1.0,0.06666666666666667,0.0
124,66f45177e81fc8115,1.0,1.0,1.0,1.0,0.8692641102997308,1.0,0.0,1.0,0.8104514679641895,True,2021.10.06.07.26.10_veh-52_00953_01126,1,1633506342.1999938,366006.9152237267,143001.7179762464,366022.04138903896,142988.15968490063,1.0,0.4999206532782442,0.8341450344686658
125,0d4c14fd757504ef9,1.0,1.0,0.0,1.0,1.0,1.0,0.0,1.0,0.0,True,2021.09.16.19.12.04_veh-42_01438_01677,1,1631821507.50001,588114.3015521471,4475776.529782436,588075.9812165246,4475746.825565353,1.0,7.598118999897918e-35,0.0
126,29e70aa1afb308764,0.0,1.0,1.0,1.0,1.0,0.0,1.0,1.0,0.0,True,2021.09.29.14.44.26_veh-28_00528_00992,1,1632927662.2998679,331661.28663519374,4690893.829937873,331688.0799635149,4690875.813899865,1.0,0.06666666666666667,0.0
127,9aaa6dbe1c4b11d07,1.0,1.0,0.5,1.0,0.656174570644129,1.0,1.0,1.0,0.4386026019007373,True,2021.09.29.19.02.14_veh-28_03198_03360,1,1632945465.299811,332392.7370582328,4690480.535537282,332383.1878394821,4690480.404902406,0.0,0.08333333333333333,0.38377727666314515
128,46571d478b3c7bc57,0.0,1.0,1.0,1.0,1.0,0.0,1.0,1.0,0.0,True,2021.09.29.14.44.26_veh-28_00528_00992,1,1632927662.7996838,331664.66400198586,4690890.728192456,331689.1982125988,4690874.780142453,0.0,0.0005175327664301685,0.0
129,266ccdfd658c4fe17,0.0,1.0,0.5,1.0,1.0,0.0,0.0,1.0,0.0,True,2021.09.16.19.27.01_veh-45_01749_03230,1,1631822329.0000448,587528.2225053712,4475704.390315296,587514.8316849244,4475706.525314853,1.0,0.2,0.0
130,3eeb39076cf2c1547,0.0,1.0,0.0,1.0,1.0,0.0,1.0,1.0,0.0,True,2021.09.16.19.27.01_veh-45_01749_03230,1,1631822329.0000448,587527.1504368681,4475708.122957703,587510.968631893,4475705.684231888,1.0,0.2,0.0
131,e6c702d5c053c4516,1.0,1.0,1.0,1.0,0.8399024396314051,1.0,0.0,1.0,0.7999651570112161,True,2021.06.03.13.55.17_veh-35_02866_03582,1,1622746356.1010978,664542.477699758,3998983.8785396027,664536.9108203982,3998976.200232267,0.0,7.501342119096591e-84,0.6999695123848141
132,ac132e5b2d0fb3476,1.0,1.0,1.0,1.0,0.0,1.0,1.0,1.0,0.6428571428571429,True,2021.09.29.18.19.40_veh-28_01268_01685,1,1632940905.599799,331190.10558016476,4690853.759285713,331190.1056775471,4690853.759550834,1.0,2.177549101979032e-79,0.6875
133,7cdfa18002444c694,1.0,0.0,1.0,1.0,1.0,1.0,0.0,1.0,0.0,True,2021.09.16.19.12.04_veh-42_01438_01677,1,1631821507.000123,588109.6934442391,4475770.172041786,588071.2409391652,4475740.96903467,1.0,8.737010874711521e-29,0.0
134,2f704570e75d053c7,1.0,1.0,1.0,1.0,0.8550426829811918,1.0,0.0,1.0,0.8053723867789971,True,2021.09.29.15.23.04_veh-28_00814_01101,1,1632930209.799517,331562.9961702362,4690829.614199492,331539.7840130763,4690845.9300511135,0.0,3.9792880106523356e-61,0.7047008384316225
135,4e5f4494c8076cc5b,1.0,1.0,0.0,1.0,1.0,1.0,0.0,1.0,0.0,True,2021.09.29.19.02.14_veh-28_03198_03360,1,1632945465.299811,332419.8459488762,4690464.28777216,332390.4250740065,4690478.790310997,0.0,0.08333333333333333,0.0
136,d85e0580a10c3e544,1.0,1.0,0.0,1.0,1.0,1.0,0.0,1.0,0.0,True,2021.09.29.19.02.14_veh-28_03198_03360,1,1632945465.299811,332420.1043158081,4690464.4388132095,332390.4250740065,4690478.790310997,0.0,0.08333333333333333,0.0
137,fd163457fdae33b78,1.0,0.0,1.0,1.0,1.0,1.0,1.0,1.0,0.0,True,2021.09.29.15.23.04_veh-28_00814_01101,1,1632930209.799517,331556.7136150071,4690838.04971795,331535.32581923367,4690849.130041303,0.0,4.487531686583868e-12,0.0
138,91df938553d5b89fb,1.0,1.0,1.0,1.0,0.8558412625464608,1.0,0.0,1.0,0.8056575937665931,True,2021.09.16.14.39.34_veh-42_00297_00935,1,1631804065.200268,587779.7403041071,4475634.43433256,587769.2012166088,4475622.0691487575,1.0,1.899749558403154e-42,0.8299503945457689
139,89b122a0c34e4ff5b,0.0,1.0,1.0,1.0,1.0,0.0,0.0,1.0,0.0,True,2021.06.03.13.55.17_veh-35_02866_03582,1,1622746356.6008,664552.2579462929,3999005.153970618,664542.8123503722,3998987.660255951,1.0,5.950796737724154e-70,0.0
140,e1d71fd16cbfaade9,1.0,1.0,1.0,1.0,0.3200939543190635,1.0,1.0,1.0,0.7571764122568084,True,2021.05.25.17.54.41_veh-35_01905_02121,1,1621981836.40063,664425.7900171201,3997344.4162577973,664425.6868554691,3997347.2037600675,1.0,1.3355828763544003e-284,0.7875293607247074
141,8966a0b08b0be94e9,1.0,1.0,0.0,1.0,1.0,1.0,0.0,1.0,0.0,True,2021.09.16.14.39.34_veh-42_00032_00186,1,1631803294.6996439,589206.6104296404,4474362.4510614695,589191.2212225231,4474392.138300166,1.0,0.9999992215189222,0.0
142,66fb23ec0e555548e,1.0,1.0,1.0,1.0,0.009397509110292822,1.0,1.0,1.0,0.6462133961108188,True,2021.10.06.07.26.10_veh-52_01245_02064,1,1633506904.7003188,364962.8553934965,143510.7715581418,364962.8639974468,143510.77709269754,0.0,8.669555794292001e-17,0.5654367215969665
143,78d4cffc4aa085aab,1.0,1.0,1.0,1.0,1.0,1.0,1.0,1.0,1.0,True,2021.09.09.17.18.51_veh-48_01248_01450,1,1631209389.999616,330949.8701707564,4690905.121380316,330963.5093188024,4690930.998113136,0.0,0.07692307692307693,0.875
144,29a75324e23136d91,1.0,1.0,1.0,1.0,0.8042205168807665,1.0,1.0,1.0,0.930078756028845,True,2021.09.16.19.12.04_veh-42_01438_01677,1,1631821507.000123,588085.5789510314,4475753.061260751,588064.6890150026,4475736.903420512,1.0,2.6793406115953754e-281,0.9388189115252394
145,f24aff9d7884c81d2,0.5,1.0,1.0,1.0,1.0,0.0,1.0,1.0,0.32142857142857145,True,2021.05.25.14.16.10_veh-35_03373_03550,1,1621970165.0009809,664397.9712589176,3997340.819285501,664418.8309725858,3997338.7189049716,0.0,9.331182951751637e-13,0.28125
146,bd89af5e343d69421,1.0,1.0,1.0,1.0,0.9227216437178468,1.0,0.0,1.0,0.8295434441849453,True,2021.10.06.08.16.17_veh-52_00181_00574,1,1633508490.699611,365660.9464749459,143868.0445937615,365644.6417449962,143852.18064643219,1.0,0.05555555555555555,0.8508505136618272
147,dd75967675d1052fc,0.0,1.0,1.0,1.0,0.5683650682590876,0.0,0.0,1.0,0.0,True,2021.06.28.13.53.26_veh-26_00492_00696,1,1624889083.703023,664426.0833853196,3997356.390789498,664425.3614762097,3997369.63019721,1.0,0.0,0.0
148,dbde88bcc1367bd88,1.0,0.0,1.0,1.0,0.7893591330628101,1.0,1.0,1.0,0.0,True,2021.10.06.08.16.17_veh-52_00181_00574,1,1633508490.1997619,365642.40161753766,143853.187499699,365635.84649582335,143847.50966369867,0.0,0.05555555555555555,0.0
149,f03413df184aedd86,1.0,1.0,0.5,1.0,1.0,1.0,1.0,1.0,0.5,True,2021.09.29.19.02.14_veh-28_00540_00917,1,1632942810.299607,331149.58024836384,4690830.292311336,331132.8716150529,4690841.840482111,1.0,0.8777231360586101,0.5
150,bcb569c08d9409956,1.0,0.0,1.0,1.0,1.0,1.0,0.0,1.0,0.0,True,2021.09.16.17.40.09_veh-45_02539_02745,1,1631816799.399855,587618.4823781874,4475952.8167835735,587628.8333046472,4475959.637087281,0.0,0.1,0.0
151,b592db40b4ae7d08c,1.0,1.0,1.0,1.0,0.7363044605742468,1.0,0.0,1.0,0.7629658787765167,True,2021.09.29.14.44.26_veh-28_00528_00992,1,1632927662.7996838,331680.9773012493,4690879.094370172,331694.31416608585,4690869.355066134,1.0,1.936942991338105e-127,0.7925951439294521
152,f8d974540bdca9c27,1.0,1.0,0.0,1.0,1.0,1.0,0.0,1.0,0.0,True,2021.09.29.19.02.14_veh-28_03198_03360,1,1632945465.799696,332422.4493826831,4690464.362531035,332393.5081720665,4690478.557157416,0.0,0.08333333333333333,0.0
153,e8b0f787378ffb08f,1.0,0.0,1.0,1.0,1.0,1.0,1.0,1.0,0.0,True,2021.10.06.07.26.10_veh-52_02208_02394,1,1633507452.19991,365156.8023790788,143538.36499992493,365152.99865561374,143540.8794551865,1.0,0.125,0.0
154,92f6dfd3e7865475c,1.0,1.0,1.0,1.0,0.9642795501056437,1.0,1.0,1.0,0.9872426964663014,True,2021.09.16.19.12.04_veh-42_01438_01677,1,1631821507.50001,588105.939990146,4475768.411123139,588074.0167971861,4475744.211824842,1.0,1.1975053403601018e-104,0.9888373594080136
155,964210c085079b61a,1.0,1.0,1.0,1.0,0.6317070227051551,1.0,0.0,1.0,0.7256096509661268,True,2021.09.16.19.49.00_veh-42_00990_01609,1,1631823268.499907,587696.034037099,4475621.979124439,587700.4467000021,4475617.32120144,1.0,0.125,0.759908444595361
156,01d3cc0b8eddd804c,1.0,1.0,1.0,1.0,0.38631210684853257,1.0,0.0,1.0,0.6379686095887617,True,2021.09.16.17.40.09_veh-45_02539_02745,1,1631816799.399855,587627.1925140822,4475957.560792856,587631.6951932445,4475957.387178544,0.0,0.1,0.5582225333901665
157,486ba1da3162e9265,1.0,1.0,0.5,1.0,1.0,1.0,0.0,0.0,0.35714285714285715,True,2021.10.06.08.16.17_veh-52_01949_02501,1,1633510715.6996589,364979.7897178798,143532.29586938015,365001.32394157053,143556.5374969668,0.0,0.05555555555555555,0.3125
158,f1386d10ece58ca18,1.0,1.0,1.0,1.0,0.7321260668553403,1.0,0.0,1.0,0.7614735953054786,True,2021.09.29.19.02.14_veh-28_03198_03360,1,1632945465.299811,332404.6395238951,4690473.5183665445,332388.08771780867,4690480.603979983,0.0,0.08333333333333333,0.6662893958922939
159,6a435ef26f38889a0,0.0,1.0,0.5,1.0,1.0,0.0,0.0,1.0,0.0,True,2021.08.30.14.54.34_veh-40_00439_00835,1,1630335936.00053,331306.60908533965,4691049.087681452,331301.5233383211,4691032.993630728,0.0,2.0111770597611417e-124,0.0
160,47af7b18d8bb14656,1.0,1.0,1.0,1.0,0.6955661557893212,1.0,0.0,1.0,0.7484164842104718,True,2021.08.30.13.45.25_veh-40_00610_00771,1,1630331841.500309,332837.3704068485,4690179.186127433,332852.69277300953,4690183.408955744,0.0,0.058823529411764705,0.6548644236841629
161,5dba5a1d4aea8c679,1.0,1.0,1.0,1.0,0.6931753777693017,1.0,0.0,1.0,0.7475626349176078,True,2021.09.16.14.39.34_veh-42_00032_00186,1,1631803295.199668,589197.7329674687,4474376.509255902,589189.6198557991,4474393.8578938255,0.0,1.1755980180181194e-135,0.6541173055529068
162,2917a71e0e9572784,1.0,1.0,1.0,1.0,0.9258043417403563,1.0,0.0,1.0,0.830644407764413,True,2021.09.29.14.44.26_veh-28_00238_00320,1,1632927022.799661,330860.71422792797,4690008.842733119,330838.21862797864,4689962.570298722,1.0,2.1369824335883358e-73,0.8518138567938613
163,710fa6e57a23bba80,1.0,1.0,1.0,1.0,0.6174283494359888,1.0,0.0,1.0,0.7205101247985674,True,2021.09.29.19.02.14_veh-28_00964_01689,1,1632943898.299569,331554.1406394807,4690836.644016745,331545.6105396094,4690842.388814359,1.0,0.125,0.7554463591987465
164,dda43e7963e96149d,1.0,1.0,1.0,1.0,0.0,1.0,1.0,1.0,0.6428571428571429,True,2021.10.06.07.26.10_veh-52_01245_02064,1,1633506905.200531,364964.72033215145,143510.84825891547,364964.72498108377,143510.8565851205,1.0,1.4819591196793192e-291,0.6875
165,cb15174665de85fb2,1.0,0.0,0.0,1.0,0.6275026155840805,1.0,0.0,1.0,0.0,True,2021.09.16.13.53.10_veh-42_00180_00342,1,1631800719.899852,589136.1013431862,4474499.871964253,589158.0745761705,4474481.666269525,0.0,0.058823529411764705,0.0
166,cd5f552597cd3be08,1.0,1.0,1.0,1.0,0.8547964126333278,1.0,1.0,0.0,0.8052844330833313,True,2021.08.30.13.45.25_veh-40_00610_00771,1,1630331841.500309,332820.5011316184,4690180.13774639,332849.53508644266,4690183.851300668,0.0,0.058823529411764705,0.7046238789479149
167,afae980cb1f67291e,1.0,0.0,0.5,1.0,0.9709258991714179,1.0,1.0,1.0,0.0,True,2021.09.16.19.27.01_veh-45_01749_03230,1,1631823139.000078,587600.0462171347,4475932.383662655,587613.8810543352,4475937.5616705185,0.0,2.6717729391352384e-08,0.0
168,bc287d85f89c59202,1.0,1.0,0.5,1.0,0.8191301643924606,1.0,0.0,1.0,0.3962732436415108,True,2021.09.16.13.53.10_veh-42_00180_00342,1,1631800720.399858,589155.9886141312,4474483.159990604,589159.4903823908,4474477.139655104,0.0,0.058823529411764705,0.34673908818632193
169,f14211934248f5602,0.0,1.0,1.0,1.0,1.0,0.0,0.0,1.0,0.0,True,2021.10.06.07.26.10_veh-52_01245_02064,1,1633506905.200531,364954.90731703886,143501.3031514303,364962.86204961536,143510.77737272327,0.0,7.29114876542286e-233,0.0
170,f2c959958c4b3a8f0,1.0,1.0,1.0,1.0,1.0,1.0,1.0,1.0,1.0,True,2021.09.09.17.18.51_veh-48_01248_01450,1,1631209389.499202,330946.20910087164,4690897.632254548,330963.14794970653,4690929.682553318,1.0,0.07692307692307693,1.0
171,ee826c29f16b824e8,1.0,1.0,1.0,1.0,0.5741531439125475,1.0,1.0,1.0,0.8479118371116241,True,2021.09.16.13.53.10_veh-42_00180_00342,1,1631800719.899852,589153.4435662256,4474490.688996733,589160.6238082498,4474476.496375464,1.0,0.058823529411764705,0.8669228574726711
172,3b13a581a5a50dcdd,1.0,1.0,1.0,1.0,1.0,1.0,0.0,1.0,0.8571428571428571,True,2021.06.03.13.55.17_veh-35_02866_03582,1,1622746356.6008,664541.8901187088,3998993.3468457456,664536.6667749684,3998978.0264250855,0.0,4.087514969216008e-68,0.75
173,cf135fafcf0b8184d,1.0,1.0,1.0,1.0,0.820324449648757,1.0,0.0,0.0,0.6501158748745561,True,2021.08.30.13.45.25_veh-40_00610_00771,1,1630331841.500309,332829.0139931408,4690179.483545703,332852.7377800344,4690184.707825368,0.0,0.058823529411764705,0.5688513905152366
174,08b3cebccffcada58,1.0,0.0,1.0,1.0,1.0,1.0,0.0,1.0,0.0,True,2021.09.09.17.18.51_veh-48_01248_01450,1,1631209389.999616,330961.51302471274,4690931.379902847,330970.3333549052,4690938.256064557,0.0,0.07692307692307693,0.0
175,16149296d3a6ee433,1.0,1.0,1.0,1.0,1.0,1.0,1.0,1.0,1.0,True,2021.05.25.14.16.10_veh-35_03373_03550,1,1621970165.0009809,664409.3194258992,3997337.370949437,664423.5983588045,3997342.225864333,0.0,9.298706630656373e-154,0.875
176,523e6115068b06a33,0.5,0.0,1.0,1.0,1.0,0.0,1.0,0.0,0.0,True,2021.05.25.14.16.10_veh-35_03373_03550,1,1621970164.500871,664398.7026204298,3997341.603154922,664420.7182722356,3997339.8171720086,0.0,0.14285714285714285,0.0
177,80bd77183c8a411b9,1.0,1.0,1.0,1.0,1.0,1.0,1.0,1.0,1.0,True,2021.10.06.07.26.10_veh-52_02208_02394,1,1633507452.19991,365155.1814603537,143540.06562792292,365155.14269711886,143540.08667182364,0.0,0.125,0.875
178,dc92f82e6715ac493,0.0,1.0,1.0,0.0,1.0,0.0,0.0,1.0,0.0,True,2021.09.16.15.47.30_veh-45_01199_01391,1,1631808555.2996619,587727.0701476261,4475572.980132197,587715.9381655497,4475560.207321978,0.0,8.375129170310879e-13,0.0
179,f2b84517dc455c03f,0.0,1.0,1.0,1.0,1.0,0.0,1.0,1.0,0.0,True,2021.09.16.19.27.01_veh-45_01749_03230,1,1631822762.0001838,587591.3119785558,4475570.348219678,587577.5380608409,4475577.878916006,1.0,0.9995122722833576,0.0
180,557e221eea6bbdd42,1.0,1.0,1.0,1.0,0.6176027788473823,1.0,1.0,1.0,0.8634295638740651,True,2021.10.06.07.26.10_veh-52_00006_00398,1,1633505590.200058,365534.5944246541,143144.67797592416,365527.8035012146,143147.33726438423,0.0,0.1111111111111111,0.755500868389807
181,362f2d9e119bf7981,1.0,1.0,1.0,1.0,0.5611536595698997,1.0,1.0,1.0,0.8432691641321071,True,2021.06.03.13.55.17_veh-35_02866_03582,1,1622746356.1010978,664542.2978728216,3998989.0664415113,664538.8311473073,3998981.356107886,0.0,0.8233862308196713,0.7378605186155937
182,4eb62ff777df6de35,1.0,1.0,1.0,1.0,0.9439026408039976,1.0,0.0,1.0,0.8371080860014277,True,2021.09.29.19.02.14_veh-28_00964_01689,1,1632943898.799849,331561.0966541767,4690831.785098777,331548.37123084,4690840.662222313,1.0,0.999766163561474,0.8574695752512492
183,f36b1891f8fcc499d,1.0,0.0,1.0,1.0,1.0,1.0,1.0,1.0,0.0,True,2021.09.29.15.23.04_veh-28_00814_01101,1,1632930209.2996628,331540.10573118966,4690849.332369614,331530.05581423437,4690849.616320875,0.0,1.3857073814888526e-47,0.0
184,2b1c7704ed19c6b68,1.0,1.0,1.0,1.0,1.0,1.0,1.0,1.0,1.0,True,2021.09.29.19.02.14_veh-28_00540_00917,1,1632942809.7997708,331144.91627575515,4690832.689381792,331129.9151543496,4690844.099483203,1.0,2.9676025052740654e-06,1.0
185,5c17574f067aa995c,1.0,0.0,1.0,1.0,1.0,1.0,1.0,1.0,0.0,True,2021.09.09.17.18.51_veh-48_01248_01450,1,1631209389.499202,330961.2752289861,4690930.297167867,330971.19600687816,4690938.404846719,0.0,0.07692307692307693,0.0
186,9818610284ab89cea,1.0,1.0,1.0,1.0,0.8529532291241484,1.0,0.0,1.0,0.8046261532586244,True,2021.06.03.13.55.17_veh-35_02866_03582,1,1622746356.1010978,664539.5336030346,3998991.0101173525,664536.7569622326,3998980.2307281173,0.0,4.66457535795483e-16,0.7040478841012964
187,a2aa45cf991d37699,1.0,1.0,1.0,1.0,0.8855266625208644,1.0,1.0,1.0,0.9591166651860229,True,2021.09.29.19.02.14_veh-28_00540_00917,1,1632942809.7997708,331145.132619152,4690832.093733246,331131.474281474,4690842.656104566,1.0,0.9384424759710135,0.9642270820377701
188,b9b2eb5e7bcdfdb6b,1.0,0.0,1.0,1.0,0.6167830494865083,1.0,1.0,1.0,0.0,True,2021.09.16.19.27.01_veh-45_01749_03230,1,1631823139.5002458,587605.8618020549,4475931.703446976,587614.9907090489,4475940.554223308,1.0,2.1642001993807615e-33,0.0
189,3042cb349e2487756,1.0,1.0,1.0,1.0,0.8979293743202506,1.0,1.0,1.0,0.9635462051143752,True,2021.09.16.19.27.01_veh-45_01749_03230,1,1631822761.5000799,587575.2392031831,4475579.616090971,587567.3325888724,4475582.340408158,1.0,6.402960694352661e-99,0.9681029294750783
190,1b62d4e2468940ddb,0.0,1.0,0.5,1.0,1.0,0.0,0.0,1.0,0.0,True,2021.09.09.17.18.51_veh-48_01248_01450,1,1631209389.499202,330962.5153356108,4690922.752153995,330970.37987571076,4690935.053184876,1.0,0.07692307692307693,0.0
191,c73d5b941b453432b,1.0,1.0,1.0,1.0,0.31650984028136614,1.0,0.0,1.0,0.6130392286719165,True,2021.09.29.19.02.14_veh-28_00964_01689,1,1632943898.299569,331550.0872867613,4690839.35493053,331545.2723122688,4690843.124625086,0.0,0.125,0.5364093250879269
192,b5dd0e82552c5ca8c,1.0,1.0,1.0,1.0,0.8443006735061496,1.0,1.0,1.0,0.9443930976807676,True,2021.09.16.13.53.10_veh-42_00860_01069,1,1631801423.8995168,587828.2278332759,4475659.685797734,587809.9905319726,4475668.246397863,0.0,1.5212589647660736e-34,0.8263439604706717
193,90c40a195012fa8ec,1.0,0.0,0.5,1.0,1.0,1.0,0.0,1.0,0.0,True,2021.09.29.14.44.26_veh-28_00238_00320,1,1632927022.799661,330848.25362254074,4689946.213178901,330831.7340059798,4689944.696907322,0.0,0.0,0.0
194,9a2c6392ddbd1a611,1.0,1.0,1.0,1.0,0.6888159130693333,1.0,1.0,1.0,0.8888628260961904,True,2021.09.16.14.39.34_veh-42_01609_01687,1,1631804880.200022,589021.1580694418,4474712.788013109,589014.9030155628,4474737.310580062,1.0,0.125,0.9027549728341666
195,7e105472ccbc51b6a,0.0,1.0,1.0,1.0,1.0,0.0,0.0,1.0,0.0,True,2021.06.28.13.53.26_veh-26_00492_00696,1,1624889084.203117,664425.5700772471,3997352.9370731707,664425.7011536455,3997368.1161914757,1.0,0.0,0.0
196,c25117617d76189c0,1.0,0.0,1.0,1.0,1.0,1.0,1.0,1.0,0.0,True,2021.09.16.17.40.09_veh-45_02539_02745,1,1631816799.8999288,587618.8677282871,4475949.392672604,587627.7479814456,4475958.496636882,1.0,0.1,0.0
197,d153031465d8e37cb,1.0,1.0,1.0,1.0,0.732177708694165,1.0,1.0,1.0,0.9043491816764876,True,2021.06.28.20.24.43_veh-38_03385_04952,1,1624915518.099637,664202.9303007234,3997421.5440666517,664207.6101609956,3997422.3954077647,1.0,1.9985052791265604e-12,0.9163055339669266
198,733f274e5e937aae5,0.0,1.0,0.5,1.0,1.0,0.0,0.0,1.0,0.0,True,2021.09.29.14.44.26_veh-28_00528_00992,1,1632927662.2998679,331659.95036083215,4690893.370183353,331687.91092012724,4690873.143967155,1.0,0.06666666666666667,0.0
199,579b0b533f44a8dd1,1.0,1.0,1.0,1.0,0.9496794675750836,1.0,0.0,1.0,0.8391712384196727,True,2021.06.03.13.55.17_veh-35_02866_03582,1,1622746356.1010978,664539.8748603651,3998988.095939603,664536.6657398439,3998978.0530750155,0.0,2.0261474623598264e-45,0.7342748336172136
200,de6d8849e57d7258f,1.0,1.0,1.0,1.0,0.78490257599618,1.0,1.0,1.0,0.923179491427207,True,2021.10.06.07.26.10_veh-52_01245_02064,1,1633506905.200531,364938.7722131679,143481.82023450176,364956.4183507262,143501.67485050464,1.0,0.9586762992137439,0.9327820549988062
201,3fee465a29d222bb0,1.0,0.0,1.0,1.0,0.7904943703100168,1.0,1.0,1.0,0.0,True,2021.09.29.19.02.14_veh-28_00540_00917,1,1632942810.299607,331146.0129248664,4690826.177034405,331135.0346003635,4690838.696634542,1.0,1.0906513112507988e-42,0.0
202,92d16fac53c12f99d,1.0,1.0,1.0,1.0,1.0,1.0,1.0,1.0,1.0,True,2021.10.06.08.16.17_veh-52_00181_00574,1,1633508490.1997619,365646.2995361031,143854.57786844633,365635.66094316944,143847.183501894,0.0,0.05555555555555555,0.875
203,d6e2587cedd827dce,1.0,1.0,1.0,1.0,0.035171510578376954,1.0,1.0,1.0,0.6554183966351346,True,2021.09.29.19.02.14_veh-28_00964_01689,1,1632943898.799849,331542.9764540305,4690845.44186119,331542.9171631847,4690845.459689995,1.0,1.0652660014302774e-107,0.6984910970557427
204,49251b4564a2244a7,1.0,1.0,1.0,1.0,0.9190531593972283,1.0,0.0,1.0,0.8282332712132957,True,2021.10.06.08.16.17_veh-52_01949_02501,1,1633510351.1995609,365843.0404863652,143128.01103452314,365805.33920848696,143157.69877727324,1.0,2.5255024823042087e-18,0.8497041123116338
205,27fefe70564fbc07a,0.0,1.0,1.0,1.0,1.0,0.0,1.0,1.0,0.0,True,2021.06.28.20.24.43_veh-38_03385_04952,1,1624915517.599393,664200.8205050101,3997424.18464753,664208.8756845798,3997423.3252293034,1.0,0.14285714285714285,0.0
206,637ff125ef04d0dae,1.0,0.0,0.0,1.0,1.0,1.0,0.0,1.0,0.0,True,2021.10.06.07.26.10_veh-52_00006_00398,1,1633505590.200058,365564.76330881007,143149.62370383908,365538.6910351816,143143.0357848218,0.0,0.1111111111111111,0.0
207,0ab9b133a9d7aad86,0.0,0.0,0.0,1.0,1.0,0.0,0.0,1.0,0.0,True,2021.08.30.16.16.44_veh-40_00779_01088,1,1630341065.50014,331450.54506094847,4691034.956661154,331436.9815016242,4691040.794883736,0.0,1.0163719078075969e-28,0.0
208,e204182883d94ae66,1.0,1.0,1.0,1.0,0.8067315979486294,1.0,0.0,1.0,0.7881184278387963,True,2021.10.06.08.16.17_veh-52_01949_02501,1,1633510350.699738,365820.58881181397,143145.0366728413,365796.28963968053,143165.24160942566,0.0,0.09090909090909091,0.6896036243589467
209,eaa70df977f0ed637,0.0,1.0,1.0,0.0,1.0,0.0,0.0,1.0,0.0,True,2021.09.16.15.47.30_veh-45_01199_01391,1,1631808555.2996619,587724.7894332474,4475570.285078008,587714.6910424046,4475557.4945785245,1.0,5.59445290063696e-57,0.0
210,07019aee6f130ff5d,1.0,0.0,1.0,1.0,0.7734127525035811,1.0,0.0,1.0,0.0,True,2021.09.16.14.39.34_veh-42_01609_01687,1,1631804880.200022,589020.826145416,4474718.238942447,589013.2229975115,4474743.135190774,0.0,0.125,0.0
211,63afd42accc1a8cd9,1.0,0.0,1.0,1.0,0.8278385282605251,1.0,1.0,1.0,0.0,True,2021.09.16.14.39.34_veh-42_00032_00186,1,1631803295.199668,589206.4040461404,4474356.02056616,589192.7131130446,4474385.470428715,1.0,0.9997688263902524,0.0
212,b23bdeea5132cf7af,1.0,1.0,1.0,1.0,1.0,1.0,1.0,1.0,1.0,True,2021.10.06.08.16.17_veh-52_01949_02501,1,1633510715.199517,364996.6542880208,143551.48219210003,365002.2797137477,143565.83632678795,0.0,0.05555555555555555,0.875
213,23b5ec16bb6ad0b92,0.0,0.0,1.0,1.0,1.0,0.0,1.0,1.0,0.0,True,2021.09.16.19.27.01_veh-45_01749_03230,1,1631822762.0001838,587594.1867407337,4475567.113120655,587578.9694319607,4475579.537565653,0.0,1.7615136888177013e-06,0.0
214,e9bf575d65f297345,1.0,1.0,0.0,1.0,1.0,1.0,0.0,1.0,0.0,True,2021.08.30.13.45.25_veh-40_00610_00771,1,1630331841.500309,332821.33013955347,4690177.619861981,332849.37052138173,4690182.795535698,0.0,0.058823529411764705,0.0
215,17d06ef1ec00f95dc,1.0,1.0,1.0,1.0,1.0,1.0,1.0,1.0,1.0,True,2021.10.06.08.16.17_veh-52_01430_01579,1,1633509775.199492,365393.22005012014,143777.10725171235,365393.21378381504,143777.1052591334,1.0,0.1,1.0
216,2931dbf8882478baa,1.0,0.0,1.0,1.0,1.0,1.0,0.0,1.0,0.0,True,2021.09.16.14.39.34_veh-42_01609_01687,1,1631804880.699805,589021.9567254479,4474713.1623526905,589015.460203617,4474736.935168126,1.0,1.4387369251408035e-268,0.0
217,3606310eace955ba8,0.0,1.0,0.5,1.0,1.0,0.0,0.0,1.0,0.0,True,2021.09.09.17.18.51_veh-48_01248_01450,1,1631209389.999616,330962.30135346024,4690921.159763559,330969.38284586207,4690934.042737402,1.0,0.07692307692307693,0.0
218,b6cc9d50323153d21,1.0,1.0,1.0,1.0,0.9645919021314209,1.0,1.0,1.0,0.9873542507612216,True,2021.09.16.13.53.10_veh-42_00180_00342,1,1631800719.899852,589139.1089829332,4474521.363788918,589156.6210702749,4474483.498181217,1.0,0.058823529411764705,0.988934969416069
219,fe6eb7191dafdb638,0.0,1.0,1.0,1.0,1.0,0.0,0.0,1.0,0.0,True,2021.06.03.13.55.17_veh-35_02866_03582,1,1622746356.6008,664547.9554197768,3999007.7722242614,664540.4204326875,3998988.8256377648,1.0,2.1517270122388042e-69,0.0
220,d9bde28612a6aad4f,0.0,0.0,1.0,1.0,1.0,0.0,0.0,0.0,0.0,True,2021.10.06.08.16.17_veh-52_01949_02501,1,1633510715.6996589,364983.2176588982,143539.08970185733,365003.79829456576,143560.0364154853,0.0,0.05555555555555555,0.0
221,7559939decc250054,1.0,1.0,1.0,1.0,0.690339503039395,1.0,1.0,1.0,0.8894069653712124,True,2021.09.16.14.39.34_veh-42_01609_01687,1,1631804880.200022,589021.233303455,4474712.7129625995,589014.9030155628,4474737.310580062,1.0,0.125,0.9032310946998109
222,aedab2f29ef97f26a,1.0,0.0,1.0,1.0,0.8737331309720091,1.0,1.0,1.0,0.0,True,2021.06.28.13.53.26_veh-26_00492_00696,1,1624889084.203117,664421.6548456595,3997338.627287146,664424.9077286845,3997358.0188951287,1.0,1.0121396488673254e-247,0.0
223,16a84f7e077130ca6,1.0,1.0,0.5,1.0,1.0,1.0,1.0,1.0,0.5,True,2021.09.16.13.53.10_veh-42_00180_00342,1,1631800719.899852,589138.0741441004,4474524.638270122,589155.4509375831,4474484.351798377,1.0,0.058823529411764705,0.5
224,b87411a579f9d7c9e,1.0,1.0,1.0,1.0,0.23682648299597975,1.0,1.0,1.0,0.7274380296414213,True,2021.09.29.19.02.14_veh-28_03198_03360,1,1632945465.799696,332383.8283770915,4690480.4234939655,332380.99846662657,4690479.454303483,1.0,0.08333333333333333,0.7615082759362437
225,fd0fe3e97024a208f,0.0,1.0,1.0,0.0,1.0,0.0,0.0,1.0,0.0,True,2021.09.16.15.47.30_veh-45_01199_01391,1,1631808554.7998118,587725.4350475867,4475571.519325268,587714.6864233443,4475558.370629178,0.0,3.632043680722117e-17,0.0
226,e3729cb0d1d99f604,1.0,1.0,0.5,1.0,1.0,1.0,1.0,1.0,0.5,True,2021.09.16.14.39.34_veh-42_00297_00935,1,1631803658.199535,588339.1570852916,4475950.638166717,588375.7144978418,4475982.26916345,0.0,5.845976976352767e-31,0.4375
227,c644c8d1984cd65ac,1.0,1.0,1.0,1.0,0.7567108511544763,1.0,1.0,1.0,0.9131110182694558,True,2021.08.30.13.45.25_veh-40_00610_00771,1,1630331842.000428,332854.54726631945,4690183.237569608,332858.20330152946,4690191.3796408465,0.0,0.058823529411764705,0.7989721409857738
228,5fdebbeb76c9d0953,1.0,1.0,0.0,1.0,1.0,0.0,0.0,1.0,0.0,True,2021.10.06.07.26.10_veh-52_00953_01126,1,1633506342.700286,365976.34313557064,143026.71052089304,366013.4039870777,142996.88912081337,0.0,0.0,0.0
229,c548f7528dc6ad5c8,1.0,1.0,1.0,1.0,0.8574742337727981,1.0,0.0,1.0,0.8062407977759994,True,2021.10.06.07.26.10_veh-52_00953_01126,1,1633506342.1999938,366007.37348513084,143001.79108940286,366022.04138903896,142988.15968490063,0.0,0.4999206532782442,0.7054606980539995
230,0a7f7df8603204c57,1.0,1.0,1.0,1.0,1.0,1.0,1.0,1.0,1.0,True,2021.09.16.14.39.34_veh-42_00297_00935,1,1631803658.199535,588337.8126192571,4475953.722004069,588373.0422751203,4475982.2463846775,1.0,2.881536225997628e-12,1.0
231,b1c69e18979797988,1.0,1.0,1.0,1.0,1.0,1.0,0.0,1.0,0.8571428571428571,True,2021.06.28.20.24.43_veh-38_03385_04952,1,1624916868.099995,664458.2517928688,3998069.6319353264,664457.5617548978,3998061.614209194,1.0,0.2,0.875
232,6a1ac7cf335eb8310,0.5,0.0,0.0,1.0,1.0,0.0,0.0,1.0,0.0,True,2021.06.28.13.53.26_veh-26_00492_00696,1,1624889084.203117,664405.0685381421,3997303.1429085727,664425.5711949156,3997349.8549646134,0.0,2.7720558723926317e-14,0.0
233,2b500351ad1eb0fc8,1.0,1.0,1.0,1.0,1.0,1.0,1.0,1.0,1.0,True,2021.09.29.19.02.14_veh-28_00540_00917,1,1632942809.7997708,331152.71335613047,4690821.966189628,331136.4975945046,4690837.52285563,1.0,4.0066381866784865e-127,1.0
234,434058a9bff839494,1.0,1.0,1.0,1.0,0.9623370557821269,1.0,0.0,1.0,0.8436918056364738,True,2021.10.06.07.26.10_veh-52_00953_01126,1,1633506342.1999938,366003.7084863498,143003.55991215495,366020.88213417365,142988.84574123277,1.0,2.575694137411581e-09,0.8632303299319146
235,ff530ac4388942e42,1.0,1.0,1.0,1.0,0.9424602690088688,1.0,1.0,1.0,0.9794500960745961,True,2021.09.16.13.53.10_veh-42_00860_01069,1,1631801423.399725,587826.5628742832,4475659.6649218295,587807.4668203606,4475665.690642845,0.0,0.27019570758461836,0.8570188340652716
236,7a1e5853909a335df,1.0,1.0,0.5,1.0,0.8706794155837175,1.0,0.0,1.0,0.4054784670685209,True,2021.09.29.19.02.14_veh-28_00540_00917,1,1632942810.299607,331154.2918388251,4690826.650682492,331139.53043143917,4690837.754262011,1.0,3.653675743331197e-160,0.4172936586849558
237,2c8a8566b34a09b90,1.0,0.0,1.0,1.0,1.0,1.0,1.0,1.0,0.0,True,2021.09.29.15.23.04_veh-28_00814_01101,1,1632930209.2996628,331553.8687592072,4690838.972648826,331533.3394838984,4690849.084967168,0.0,2.1391990659544243e-07,0.0
238,f67482126c7b323a5,1.0,1.0,1.0,1.0,0.7797854604962152,1.0,0.0,1.0,0.7784948073200769,True,2021.09.16.19.12.04_veh-42_01438_01677,1,1631821507.50001,588086.3535748138,4475754.344982144,588066.5759325632,4475738.687854835,1.0,0.0,0.8061829564050673
239,76e0516677156bad8,1.0,0.0,1.0,1.0,1.0,1.0,0.0,1.0,0.0,True,2021.05.25.14.16.10_veh-35_03373_03550,1,1621970165.0009809,664409.1128347198,3997336.6386237144,664423.6188604012,3997341.3212540015,0.0,1.9617069273313913e-132,0.0
240,bf2fac0bbe0cb019b,1.0,1.0,1.0,1.0,0.4380853521364251,1.0,0.0,1.0,0.6564590543344375,True,2021.10.06.07.26.10_veh-52_00006_00398,1,1633505590.699844,365542.7110353472,143142.2727998942,365535.0585945467,143143.79670769442,0.0,3.1335109426918492e-142,0.5744016725426329
241,9e0949ca46f2a4a49,1.0,1.0,1.0,1.0,0.9496202870125284,1.0,1.0,1.0,0.9820072453616173,True,2021.09.16.19.27.01_veh-45_01749_03230,1,1631822762.0001838,587583.308950448,4475577.00507797,587576.3026374064,4475579.546204936,1.0,0.0004819251417760415,0.9842563396914151
242,b2be12870f04d58f6,0.0,0.0,1.0,1.0,1.0,0.0,1.0,1.0,0.0,True,2021.10.06.08.16.17_veh-52_01430_01579,1,1633509775.199492,365400.46304104844,143773.14175265434,365395.5358170675,143774.16365219685,0.0,0.1,0.0
243,7c5d86ba5e0d7e2a3,1.0,1.0,1.0,1.0,0.6468355671869133,1.0,1.0,1.0,0.8738698454238977,True,2021.06.03.13.55.17_veh-35_02866_03582,1,1622746356.6008,664542.3554774697,3998989.05551175,664539.0710484062,3998981.818755306,0.0,0.36846319472255706,0.7646361147459104
244,6faa95e5cb1141518,1.0,1.0,1.0,1.0,0.7039113072354769,1.0,0.0,1.0,0.7513968954412418,True,2021.10.06.07.26.10_veh-52_00006_00398,1,1633505590.200058,365540.2347927343,143143.55815083315,365530.4721063359,143146.04650142897,1.0,0.1111111111111111,0.7824722835110866
245,1f91f3523e536e074,1.0,1.0,1.0,1.0,0.9235139638451122,1.0,0.0,1.0,0.8298264156589686,True,2021.09.16.19.12.04_veh-42_01438_01677,1,1631821507.50001,588102.7894428504,4475765.902303007,588072.1298644134,4475743.312586482,1.0,2.868656380399335e-177,0.8510981137015976
246,1b2cd068b0d562449,1.0,1.0,1.0,1.0,0.37895092746459663,1.0,1.0,1.0,0.7781967598087844,True,2021.09.16.19.49.00_veh-42_00990_01609,1,1631823269.000026,587698.1084444103,4475617.741612752,587701.1311471926,4475615.1611137595,1.0,0.125,0.8059221648326864
247,836d617c75ae603a0,1.0,1.0,1.0,1.0,0.03644483886357597,1.0,0.0,1.0,0.5130160138798485,True,2021.09.16.13.53.10_veh-42_00860_01069,1,1631801423.8995168,587805.3859408603,4475663.855149129,587804.9596944413,4475663.551265388,1.0,3.3637972951604786e-20,0.5738890121448674
248,4fa35324bdae11dda,1.0,0.0,0.0,1.0,1.0,1.0,1.0,1.0,0.0,True,2021.06.28.13.53.26_veh-26_00492_00696,1,1624889083.703023,664399.4048361696,3997306.926473636,664424.561066805,3997351.004862827,0.0,9.61625953069534e-44,0.0
249,44f34ef68cafc4814,1.0,1.0,1.0,1.0,0.8981936801197558,1.0,1.0,1.0,0.9636406000427699,True,2021.09.29.19.02.14_veh-28_00540_00917,1,1632942809.7997708,331145.95027685317,4690826.725949236,331134.18280344934,4690838.785380886,1.0,4.3438855355431735e-58,0.9681855250374236
250,fb23a658d96acd780,0.0,1.0,1.0,1.0,1.0,0.0,0.0,1.0,0.0,True,2021.09.09.17.18.51_veh-48_01248_01450,1,1631209389.999616,330944.09548385063,4690892.3743931465,330961.4065859238,4690926.15513664,1.0,0.07692307692307693,0.0
251,27061907e5be28dba,1.0,1.0,1.0,1.0,0.8225489349105315,1.0,1.0,1.0,0.9366246196109042,True,2021.09.29.14.44.26_veh-28_00238_00320,1,1632927022.799661,330852.8155280855,4689989.35758648,330836.00174965477,4689955.605404104,1.0,0.9999988788634934,0.9445465421595411
252,526b43badebf3eca2,1.0,1.0,0.0,1.0,1.0,1.0,0.0,1.0,0.0,True,2021.08.30.13.45.25_veh-40_00610_00771,1,1630331842.000428,332814.83683226496,4690176.750634664,332847.19782860053,4690180.402703676,0.0,0.058823529411764705,0.0
253,a4512ee0b8d11026d,1.0,0.0,0.0,1.0,0.35168137309793485,1.0,1.0,1.0,0.0,True,2021.10.06.08.16.17_veh-52_01949_02501,1,1633510715.6996589,365021.7005552407,143562.25627027807,365001.2610214975,143569.11977204817,1.0,0.05555555555555555,0.0
254,bab53404d010ca7f6,1.0,1.0,1.0,1.0,0.9453539875171131,1.0,0.0,1.0,0.8376264241132547,True,2021.09.16.13.53.10_veh-42_00180_00342,1,1631800720.399858,589138.8649779664,4474521.496550954,589155.04724999,4474485.700802419,1.0,0.058823529411764705,0.8579231210990979
255,7dc342f8c0d3f169b,1.0,0.0,0.0,1.0,1.0,1.0,0.0,1.0,0.0,True,2021.09.16.14.39.34_veh-42_00032_00186,1,1631803295.199668,589204.4830476351,4474370.378045354,589191.7667578117,4474392.582556666,0.0,1.1823564520747019e-85,0.0
256,c6e28acbe0fc41c9e,1.0,1.0,1.0,1.0,0.8531721412358338,1.0,0.0,1.0,0.8047043361556548,True,2021.10.06.07.26.10_veh-52_00953_01126,1,1633506342.700286,366015.24450614856,142996.01391357064,366024.35170277103,142987.69870913622,1.0,0.9998421210253146,0.829116294136198
257,35dbe67d467571cfb,1.0,0.0,1.0,1.0,1.0,1.0,0.0,1.0,0.0,True,2021.10.06.08.16.17_veh-52_01949_02501,1,1633510715.6996589,364999.0327572299,143549.82499413122,365002.62224413955,143564.86574820578,0.0,0.05555555555555555,0.0
258,9b4ae64ef14740be5,0.0,1.0,1.0,1.0,1.0,0.0,0.0,1.0,0.0,True,2021.09.29.14.44.26_veh-28_00528_00992,1,1632927662.7996838,331669.11100072763,4690888.402649414,331689.96359623276,4690874.866574928,0.0,0.9994824672332433,0.0
259,79fb2b729214ceac0,0.0,1.0,0.0,1.0,0.775396113840914,0.0,0.0,1.0,0.0,True,2021.10.06.08.16.17_veh-52_01949_02501,1,1633510351.1995609,365824.4340350008,143139.51949846972,365799.76018397196,143159.97526850668,1.0,2.6172484096036838e-176,0.0
260,01123cb3db29c9287,1.0,0.0,1.0,1.0,1.0,1.0,0.0,0.0,0.0,True,2021.10.06.08.16.17_veh-52_01949_02501,1,1633510715.199517,364989.8118753566,143542.5131484412,365003.97360256314,143562.36434266897,0.0,0.05555555555555555,0.0
261,038ec02db8bacb10c,1.0,1.0,1.0,1.0,0.051083457318761044,1.0,1.0,1.0,0.6611012347567004,True,2021.09.29.15.23.04_veh-28_00814_01101,1,1632930209.799517,331529.1921086967,4690849.796124993,331528.6946288756,4690849.554132712,1.0,4.080102036914023e-88,0.7034635804121128
262,7077621a398aa2bf0,1.0,0.0,1.0,1.0,0.7368811754532945,1.0,1.0,1.0,0.0,True,2021.09.29.14.44.26_veh-28_00238_00320,1,1632927022.799661,330838.5964345882,4689956.295234703,330830.2636799209,4689943.227160211,0.0,0.0,0.0
263,31cc7cd0fdf16f061,1.0,1.0,1.0,1.0,0.7936926243286265,1.0,1.0,0.0,0.783461651545938,True,2021.09.16.13.53.10_veh-42_00860_01069,1,1631801423.399725,587827.2744235032,4475660.339737917,587810.165978909,4475668.394575313,0.0,1.178471760790431e-43,0.6855289451026958
264,5fb2ee221c72e08b2,1.0,1.0,1.0,1.0,0.898914225202741,1.0,1.0,1.0,0.9638979375724075,True,2021.09.16.15.47.30_veh-45_01199_01391,1,1631808554.7998118,587717.1453513608,4475560.60759933,587710.8663256973,4475552.652105731,1.0,9.507097306512082e-197,0.9684106953758566
265,1e733017715140218,1.0,1.0,1.0,1.0,0.7338386422702621,1.0,1.0,1.0,0.9049423722393792,True,2021.06.03.13.55.17_veh-35_02866_03582,1,1622746356.1010978,664550.28948857,3999008.074944541,664540.9622654062,3998987.2995392177,1.0,2.1428793779223673e-67,0.9168245757094569
266,2b296dc7b6be46a34,1.0,0.0,0.0,1.0,1.0,1.0,0.0,1.0,0.0,True,2021.10.06.08.16.17_veh-52_01949_02501,1,1633510715.199517,365000.52064662596,143549.78504063352,365004.17616074416,143566.45111180635,0.0,0.05555555555555555,0.0
267,5717542c5f1f77274,0.0,0.0,1.0,1.0,1.0,0.0,0.0,1.0,0.0,True,2021.09.29.19.02.14_veh-28_00964_01689,1,1632943898.299569,331588.07484929595,4690818.460709031,331554.8823147025,4690837.896969514,1.0,0.125,0.0
268,6b41ad5e55b0662fc,1.0,1.0,1.0,1.0,0.043851043232274046,1.0,1.0,1.0,0.6585182297258122,True,2021.09.29.14.44.26_veh-28_00528_00992,1,1632927662.7996838,331696.78769772954,4690865.807042621,331696.8125696377,4690865.748797332,0.0,2.5320922e-316,0.5762034510100856
269,2810fb7a63c63635c,1.0,1.0,1.0,1.0,0.8424110273564333,1.0,1.0,1.0,0.9437182240558689,True,2021.09.29.14.44.26_veh-28_00238_00320,1,1632927022.799661,330857.5967563885,4690000.004196618,330838.44314682775,4689961.358345648,1.0,1.0091460445463798e-45,0.9507534460488853
270,4ff5465a026db2df0,1.0,1.0,1.0,1.0,0.5555093322203523,1.0,0.0,1.0,0.6983961900786972,True,2021.10.06.08.16.17_veh-52_01949_02501,1,1633510350.699738,365806.6165541624,143154.53969559568,365795.5084703832,143165.71461599888,0.0,0.09090909090909091,0.6110966663188601
271,3b521ee82bdceb608,0.0,1.0,1.0,1.0,1.0,0.0,1.0,1.0,0.0,True,2021.10.06.08.16.17_veh-52_01430_01579,1,1633509774.6997578,365405.5392763331,143774.8978763429,365390.8602276615,143774.8507042359,0.0,0.1,0.0
272,c4f1e612f0a907247,1.0,1.0,1.0,1.0,0.9363534757437764,1.0,1.0,1.0,0.97726909847992,True,2021.09.29.14.44.26_veh-28_00238_00320,1,1632927022.799661,330846.5016784732,4689976.5435531,330832.84359789756,4689950.116370304,0.0,2.975352326364744e-131,0.8551104611699301
273,32a33652619708c65,1.0,1.0,1.0,1.0,0.918967139527506,1.0,0.0,1.0,0.8282025498312521,True,2021.09.16.15.47.30_veh-45_01199_01391,1,1631808554.7998118,587720.7673388427,4475564.921226505,587714.0200361375,4475556.4370456375,1.0,5.2443151486724126e-46,0.8496772311023456
274,0800b8cbfe2ebcaf3,1.0,1.0,0.5,1.0,0.6932074047248171,1.0,0.0,1.0,0.37378703655800305,True,2021.09.16.13.53.10_veh-42_00180_00342,1,1631800719.899852,589152.5762920708,4474488.361019525,589161.608634958,4474473.001854255,1.0,0.058823529411764705,0.3895636569882527
275,d220a708760298c7f,1.0,1.0,1.0,1.0,0.9357026545583891,1.0,1.0,1.0,0.9770366623422818,True,2021.09.16.14.39.34_veh-42_01609_01687,1,1631804880.200022,589023.4791305976,4474696.624268601,589014.8620613903,4474735.945527893,1.0,0.125,0.9799070795494966
276,ddc0d9aad62836b90,0.0,1.0,1.0,1.0,1.0,0.0,1.0,1.0,0.0,True,2021.09.16.14.39.34_veh-42_00297_00935,1,1631803658.199535,588329.1781645298,4475944.157754716,588372.1184239963,4475979.826302984,1.0,0.4999999999985532,0.0
277,8f53dde363962b143,1.0,1.0,0.0,1.0,0.790651478267392,1.0,0.0,1.0,0.0,True,2021.10.06.08.16.17_veh-52_01949_02501,1,1633510350.699738,365807.00939399685,143153.32185858997,365791.91836418794,143166.34955375936,1.0,0.09090909090909091,0.0
278,b740de6b775b4ec70,1.0,1.0,1.0,1.0,0.5525017055406627,1.0,1.0,1.0,0.8401791805502368,True,2021.10.06.07.26.10_veh-52_00006_00398,1,1633505590.200058,365545.6259716118,143142.89269999362,365534.08448499517,143144.22427665678,0.0,0.1111111111111111,0.7351567829814571
279,85dc9224d8159ff88,1.0,0.0,0.5,1.0,1.0,1.0,0.0,0.0,0.0,True,2021.10.06.08.16.17_veh-52_01949_02501,1,1633510715.6996589,364986.13073877845,143544.28714100478,365003.2724512957,143559.98656753736,0.0,0.05555555555555555,0.0
280,82bb73b09ea17fb1a,1.0,1.0,1.0,1.0,0.7200683762092056,1.0,1.0,1.0,0.9000244200747163,True,2021.09.29.19.02.14_veh-28_03198_03360,1,1632945465.799696,332392.4576568448,4690478.730553129,332382.269139299,4690479.512027665,0.0,0.08333333333333333,0.7875213675653767
281,89ffb6efe20df9ccf,0.5,0.0,1.0,1.0,1.0,0.0,1.0,1.0,0.0,True,2021.05.25.17.54.41_veh-35_01905_02121,1,1621981835.900663,664420.0512965469,3997336.959262953,664425.8690033066,3997346.9993034946,1.0,0.125,0.0
282,bd799913f5456fbe9,1.0,0.0,1.0,1.0,1.0,1.0,1.0,0.0,0.0,True,2021.09.16.17.40.09_veh-45_02539_02745,1,1631816799.399855,587616.4339171129,4475941.795535476,587626.0519841075,4475957.442018671,0.0,0.1,0.0
283,2bf5a9368dfcf4f1a,1.0,1.0,0.5,1.0,1.0,1.0,1.0,1.0,0.5,True,2021.09.16.14.39.34_veh-42_00297_00935,1,1631803658.199535,588337.8447362724,4475949.985318468,588375.0494741185,4475981.15564325,1.0,1.2105401693778421e-14,0.5
284,2f5db903282a4e143,1.0,0.0,1.0,1.0,0.6828674715893237,1.0,0.0,1.0,0.0,True,2021.10.06.07.26.10_veh-52_02208_02394,1,1633507451.700127,365172.98361587914,143541.89841688605,365158.3883403271,143540.6852175165,0.0,0.125,0.0
285,4855fc07a04961bfd,0.0,1.0,1.0,0.0,1.0,0.0,1.0,1.0,0.0,True,2021.09.16.15.47.30_veh-45_01199_01391,1,1631808555.2996619,587735.6264353206,4475579.15722256,587718.8016580663,4475564.270600004,0.0,1.5878194831632333e-19,0.0
286,65d00ea9b07494406,1.0,0.0,1.0,1.0,1.0,1.0,1.0,1.0,0.0,True,2021.09.29.15.23.04_veh-28_00814_01101,1,1632930209.799517,331538.05360893626,4690850.786522003,331530.81448452437,4690849.962477735,0.0,8.114024403575036e-50,0.0
287,f3886ebf44a7423f1,1.0,1.0,0.5,1.0,1.0,1.0,0.0,1.0,0.42857142857142855,True,2021.09.16.19.27.01_veh-45_01749_03230,1,1631822329.0000448,587529.2540919768,4475705.079363084,587516.7464324777,4475707.407395045,1.0,0.2,0.4375
288,883dbba6979f32ae3,1.0,0.0,1.0,1.0,0.6563952183570566,1.0,1.0,1.0,0.0,True,2021.06.28.13.53.26_veh-26_00492_00696,1,1624889083.703023,664423.8109739171,3997341.9898670143,664425.6227609217,3997364.1266829986,1.0,2.435876091105591e-166,0.0
289,4ce14eab81ed439f2,1.0,1.0,1.0,1.0,0.9501220255069124,1.0,0.0,1.0,0.8393292948238972,True,2021.10.06.07.26.10_veh-52_00953_01126,1,1633506342.700286,366001.7395935394,143006.09186007554,366020.10479266226,142990.52055429667,1.0,2.2312825293897906e-21,0.85941313297091
290,961a25cea5dcb8f50,0.0,1.0,1.0,1.0,1.0,0.0,1.0,1.0,0.0,True,2021.08.30.14.54.34_veh-40_00439_00835,1,1630335935.500406,331303.76261844137,4691035.904781235,331302.2465068766,4691024.029697186,0.0,3.714502714422877e-05,0.0
291,256b8c1f799d1f6a1,1.0,1.0,1.0,1.0,0.6323352938060411,1.0,0.0,1.0,0.7258340335021575,True,2021.09.29.19.02.14_veh-28_00964_01689,1,1632943898.799849,331556.90978060954,4690837.010992831,331546.5384561575,4690842.488788986,0.0,2.8274818477387886e-13,0.6351047793143878
292,5bfde4f04f6f9257a,1.0,1.0,1.0,1.0,1.0,1.0,1.0,1.0,1.0,True,2021.09.16.13.53.10_veh-42_00180_00342,1,1631800720.399858,589134.9432588558,4474532.118701148,589152.4179063812,4474491.529227282,1.0,0.058823529411764705,1.0
293,79a0ca425b61810ad,1.0,1.0,1.0,1.0,0.7628574380735315,1.0,1.0,1.0,0.9153062278834041,True,2021.06.28.20.24.43_veh-38_03385_04952,1,1624915517.599393,664201.6115241328,3997421.1306557064,664206.4276336988,3997422.2625150327,0.0,0.14285714285714285,0.8008929493979786
294,fe96f199e96744aa6,1.0,1.0,1.0,1.0,0.8772506731171431,1.0,1.0,1.0,0.956160954684694,True,2021.05.25.17.54.41_veh-35_01905_02121,1,1621981836.40063,664417.9122035366,3997336.351311268,664424.9896224329,3997346.536613172,0.0,2.468273014650862e-240,0.8366408353491073
295,24b6ddd9158c4bf2c,1.0,1.0,1.0,1.0,0.7841213400429538,1.0,1.0,1.0,0.9229004785867693,True,2021.10.06.07.26.10_veh-52_00953_01126,1,1633506342.1999938,366006.47476763005,143002.06804063017,366020.84088783147,142988.81872958335,1.0,9.560689084467125e-10,0.9325379187634231
296,3d45468e32f443cff,1.0,1.0,1.0,1.0,0.7764783951956427,1.0,1.0,0.0,0.7773137125698723,True,2021.09.16.13.53.10_veh-42_00860_01069,1,1631801423.8995168,587829.9659063332,4475657.078814279,587813.5019124047,4475668.460878692,0.0,2.7373220841100605e-112,0.6801494984986383
297,46b622275a28d1d2d,0.0,0.0,1.0,1.0,1.0,0.0,0.0,1.0,0.0,True,2021.09.29.19.02.14_veh-28_00964_01689,1,1632943898.799849,331588.8094793764,4690818.253296675,331554.00237428764,4690838.792006882,1.0,3.977650372730218e-93,0.0
298,62c7829548c7f7e94,1.0,1.0,1.0,1.0,0.7854083394334848,1.0,0.0,1.0,0.7805029783691017,True,2021.10.06.07.26.10_veh-52_00953_01126,1,1633506342.1999938,366017.17577704636,142993.4858052388,366025.1951647462,142987.32261412308,1.0,1.8843459772048904e-09,0.807940106072964
299,47b4f8325c08a9af6,1.0,1.0,1.0,1.0,0.7301738083095907,1.0,1.0,1.0,0.9036335029677109,True,2021.10.06.08.16.17_veh-52_00181_00574,1,1633508490.1997619,365656.1016723608,143867.19840939908,365642.9343992594,143852.84901360495,1.0,0.05555555555555555,0.915679315096747
300,128cb2527d3987e61,1.0,1.0,1.0,1.0,0.5075262675585024,1.0,0.0,1.0,0.6812593812708937,True,2021.09.16.19.49.00_veh-42_00990_01609,1,1631823269.000026,587696.2972213512,4475620.376827741,587699.9359202435,4475617.119727482,1.0,0.125,0.721101958612032
301,8ff15043e7dd18ac8,1.0,1.0,1.0,1.0,0.005477038684564423,1.0,1.0,1.0,0.6448132281016302,True,2021.08.30.13.45.25_veh-40_00610_00771,1,1630331842.000428,332851.5473834986,4690186.688912783,332851.61825547385,4690186.732396035,0.0,0.058823529411764705,0.5642115745889265
302,8abc54b8e7a9ff3ca,1.0,1.0,1.0,1.0,0.5574021496354641,1.0,0.0,1.0,0.69907219629838,True,2021.09.16.19.49.00_veh-42_00990_01609,1,1631823268.499907,587692.5288238341,4475619.779886194,587696.7828330063,4475617.196678542,1.0,0.125,0.7366881717610825
303,a29cd4e306ffe1e14,0.0,1.0,0.0,1.0,1.0,0.0,0.0,1.0,0.0,True,2021.08.30.16.16.44_veh-40_00779_01088,1,1630341065.000195,331447.72455362434,4691034.567112328,331432.1780806022,4691042.445947276,0.0,0.9999997553054706,0.0
304,b3e74e5b534575941,1.0,1.0,1.0,1.0,0.0015782459546996894,1.0,1.0,1.0,0.6434208021266785,True,2021.09.09.17.18.51_veh-48_01248_01450,1,1631209389.499202,330974.873140529,4690938.069031639,330974.8805291299,4690938.069054111,0.0,0.07692307692307693,0.5629932018608437
305,4f6a928a2fd54c0ce,1.0,1.0,1.0,1.0,1.0,1.0,1.0,1.0,1.0,True,2021.06.28.20.24.43_veh-38_03385_04952,1,1624915517.599393,664207.8768798623,3997423.7414227226,664207.8772263207,3997423.741306792,1.0,0.14285714285714285,1.0
306,1d5e8b5ded8ee3baf,1.0,1.0,1.0,1.0,0.871877866901635,1.0,1.0,1.0,0.9542420953220125,True,2021.09.16.14.39.34_veh-42_00297_00935,1,1631803658.199535,588351.1048654269,4475964.765307943,588378.6302551802,4475985.838584091,1.0,4.610614641473634e-151,0.959961833406761
307,6e32b9a6c91fe85dc,0.0,1.0,1.0,1.0,1.0,0.0,0.0,1.0,0.0,True,2021.06.28.20.24.43_veh-38_03385_04952,1,1624916868.099995,664458.3510233726,3998070.6167118712,664457.9861540187,3998062.180797193,1.0,0.2,0.0
308,4447196f3f8f1a9e5,0.5,0.0,0.0,1.0,1.0,0.0,1.0,1.0,0.0,True,2021.06.28.13.53.26_veh-26_00492_00696,1,1624889083.703023,664404.5146939986,3997309.229819102,664425.0741311323,3997352.2934040446,0.0,9.908653147975388e-21,0.0
309,dcc637b763e600173,1.0,0.0,1.0,1.0,1.0,1.0,0.0,0.0,0.0,True,2021.09.09.17.18.51_veh-48_01248_01450,1,1631209389.499202,330949.5591362771,4690907.206724425,330965.2239522664,4690933.47050831,0.0,0.07692307692307693,0.0
310,8d8129f6368d5e730,0.0,1.0,1.0,1.0,0.7277431508238964,0.0,1.0,1.0,0.0,True,2021.10.06.07.26.10_veh-52_01245_02064,1,1633506905.200531,364946.8297700601,143493.03568088863,364958.4614521446,143505.91256174754,1.0,3.865376228822929e-33,0.0
311,c532df7508f6fce92,0.5,1.0,1.0,1.0,1.0,0.0,1.0,1.0,0.32142857142857145,True,2021.06.28.20.24.43_veh-38_03385_04952,1,1624915518.099637,664204.8012389237,3997424.4972679857,664207.8911252964,3997423.740890898,1.0,2.865210343501823e-14,0.34375
312,d7a37061fcfc5dfd1,1.0,0.0,1.0,1.0,1.0,1.0,1.0,1.0,0.0,True,2021.09.16.17.40.09_veh-45_02539_02745,1,1631816799.399855,587620.1849867395,4475953.421677259,587628.7267811804,4475958.608437965,1.0,0.1,0.0
313,6dc215cf4dcd911e3,1.0,1.0,1.0,1.0,0.8207683177566231,1.0,1.0,1.0,0.9359886849130797,True,2021.09.29.19.02.14_veh-28_00540_00917,1,1632942809.7997708,331136.1252165884,4690836.869506842,331130.0459855663,4690843.147324082,0.0,0.012854369343914714,0.8189900992989447
314,4010ab91841da1843,1.0,1.0,1.0,1.0,0.5342250398237378,1.0,1.0,1.0,0.8336517999370493,True,2021.09.29.14.44.26_veh-28_00238_00320,1,1632927022.799661,330837.21049735555,4689957.263623285,330830.81409337965,4689945.863701594,1.0,0.0,0.8544453249449181
315,ff95aff7630205c1a,1.0,1.0,1.0,1.0,1.0,1.0,1.0,1.0,1.0,True,2021.09.16.19.12.04_veh-42_01438_01677,1,1631821507.50001,588116.4420010684,4475775.98475147,588078.8710082731,4475748.228835571,1.0,0.9993114275393165,1.0
316,8a5a158e9d0cf7649,0.0,1.0,0.0,1.0,1.0,0.0,1.0,1.0,0.0,True,2021.09.16.19.27.01_veh-45_01749_03230,1,1631822328.5003679,587525.8464093594,4475707.623070361,587510.4482204104,4475705.196276003,1.0,0.2,0.0
317,335b43f5320efd73d,1.0,1.0,1.0,1.0,1.0,1.0,1.0,1.0,1.0,True,2021.05.25.14.16.10_veh-35_03373_03550,1,1621970165.0009809,664426.024589907,3997344.7650009743,664426.0171572339,3997345.6114142337,1.0,0.0,1.0
318,e2b3b0ba92343745a,1.0,1.0,1.0,1.0,1.0,1.0,1.0,1.0,1.0,True,2021.10.06.08.16.17_veh-52_01430_01579,1,1633509774.6997578,365393.2004589278,143777.1370457271,365393.1678436481,143777.1266981244,1.0,0.1,1.0
319,7db61b66f69a92843,1.0,0.0,1.0,1.0,1.0,1.0,1.0,1.0,0.0,True,2021.05.25.17.54.41_veh-35_01905_02121,1,1621981835.900663,664420.7237148761,3997337.6192253735,664425.4547161408,3997348.8172645303,0.0,0.125,0.0
320,80de7b5aab26bbca8,0.0,1.0,1.0,1.0,1.0,0.0,1.0,1.0,0.0,True,2021.09.29.14.44.26_veh-28_00528_00992,1,1632927662.7996838,331669.4457529872,4690888.180581107,331688.9115183554,4690873.802943992,1.0,3.2649432665306106e-13,0.0
321,3e6a2a1cb427bfc4d,1.0,1.0,0.0,1.0,1.0,1.0,0.0,1.0,0.0,True,2021.09.16.19.27.01_veh-45_01749_03230,1,1631822329.0000448,587532.1625085647,4475705.7652781345,587515.4380199162,4475707.972982887,1.0,0.2,0.0
322,764328b4ef560f8d6,0.0,1.0,1.0,1.0,1.0,0.0,1.0,1.0,0.0,True,2021.10.06.08.16.17_veh-52_01430_01579,1,1633509775.199492,365401.003011802,143773.52228788802,365389.4169556148,143774.25805218623,0.0,0.1,0.0
323,cdbe73e69b2aced1d,1.0,0.0,1.0,1.0,0.790378750905759,1.0,1.0,0.0,0.0,True,2021.08.30.13.45.25_veh-40_00610_00771,1,1630331841.500309,332841.0579928506,4690181.077529183,332856.45190145966,4690186.987949074,0.0,0.058823529411764705,0.0
324,7570ff2ee6471c7cc,1.0,1.0,1.0,1.0,0.5874998384801389,1.0,0.0,1.0,0.7098213708857638,True,2021.10.06.07.26.10_veh-52_01245_02064,1,1633506905.200531,364951.8976378808,143494.79737518178,364958.94524281693,143504.80658920715,0.0,3.393908454494521e-22,0.6210936995250433
325,203c4d85b696869d7,1.0,1.0,1.0,1.0,0.973219340220704,1.0,1.0,1.0,0.9904354786502514,True,2021.09.16.14.39.34_veh-42_00297_00935,1,1631803657.699476,588345.6076869518,4475959.786558617,588377.6368441035,4475986.3847211525,1.0,0.08333333333333333,0.9916310438189699
326,19c10d5d061305dbd,1.0,1.0,0.0,1.0,0.7219204326107537,1.0,0.0,1.0,0.0,True,2021.09.29.14.44.26_veh-28_00238_00320,1,1632927022.299784,330840.2317704477,4689968.663102981,330830.1175202221,4689947.880630551,1.0,0.05,0.0
327,25749b785814d5941,1.0,1.0,1.0,1.0,0.8549200983081076,1.0,1.0,1.0,0.9481857493957527,True,2021.10.06.08.16.17_veh-52_00181_00574,1,1633508490.1997619,365652.9184891816,143862.4073253523,365640.0374111193,143850.13410636113,0.0,0.05555555555555555,0.8296625307212836
328,a42ef2d15ed8d3d94,1.0,1.0,1.0,1.0,1.0,0.0,1.0,1.0,0.6428571428571429,True,2021.06.28.20.24.43_veh-38_03385_04952,1,1624915518.099637,664202.2792592492,3997421.8776478455,664210.3452696126,3997422.1302947975,0.0,5.425042442712044e-58,0.5625
329,063ea0d49748630a5,1.0,1.0,1.0,1.0,0.6914439663996165,1.0,1.0,1.0,0.8898014165712915,True,2021.09.16.14.39.34_veh-42_00297_00935,1,1631804065.7000349,587779.0849723454,4475634.626596629,587771.6402768948,4475626.175483272,1.0,0.965250731218938,0.9035762394998801
330,575fcd78444e7124b,1.0,0.0,0.0,1.0,1.0,1.0,0.0,1.0,0.0,True,2021.06.28.13.53.26_veh-26_00492_00696,1,1624889084.203117,664395.1451353827,3997303.3772960627,664424.5428802907,3997345.203751683,0.0,5.705741147060494e-07,0.0
331,f9b640894b4a02a02,1.0,1.0,0.0,1.0,1.0,1.0,0.0,1.0,0.0,True,2021.09.16.14.39.34_veh-42_00032_00186,1,1631803295.199668,589209.418949257,4474357.615039829,589193.226341208,4474388.778198251,1.0,6.51643041671649e-16,0.0
332,66d4f1e7e5ab29631,1.0,1.0,1.0,1.0,0.012956956259231368,1.0,1.0,1.0,0.6474846272354399,True,2021.09.29.14.44.26_veh-28_00528_00992,1,1632927662.2998679,331698.20052391884,4690864.134456505,331698.2055127892,4690864.1175858965,0.0,0.06666666666666667,0.5665490488310099
333,c82835c09890be38b,1.0,0.0,0.5,1.0,0.9548005552504669,1.0,0.0,1.0,0.0,True,2021.09.16.13.53.10_veh-42_00180_00342,1,1631800720.399858,589151.7095257783,4474497.491880785,589158.700202464,4474481.972909565,1.0,0.058823529411764705,0.0
334,81d9160bc76331523,1.0,1.0,1.0,1.0,1.0,1.0,1.0,0.0,0.8571428571428571,True,2021.10.06.08.16.17_veh-52_01949_02501,1,1633510715.6996589,364999.79780546343,143553.42442508132,365000.3227904235,143569.38213399812,1.0,0.05555555555555555,0.875
335,73bd1fde4cf4bbd5a,0.0,1.0,1.0,0.0,1.0,0.0,0.0,1.0,0.0,True,2021.09.16.15.47.30_veh-45_01199_01391,1,1631808554.7998118,587734.6751166452,4475580.325216909,587717.2356149533,4475562.015284922,0.0,5.589042466432493e-10,0.0
336,9e2bf4fef7c5a70f5,1.0,1.0,1.0,1.0,1.0,0.0,0.0,1.0,0.5,True,2021.09.16.14.39.34_veh-42_00297_00935,1,1631804065.7000349,587780.8538230066,4475636.722087739,587770.0674080679,4475622.963232721,1.0,2.497166482186175e-18,0.5625
337,77154c328dbf81f67,1.0,0.0,1.0,1.0,0.8276463738282034,1.0,1.0,1.0,0.0,True,2021.09.16.14.39.34_veh-42_00032_00186,1,1631803294.6996439,589205.5594117703,4474359.817739272,589191.1736140926,4474389.251514408,1.0,2.9704723635999415e-07,0.0
338,59d497b24fe17609b,1.0,1.0,0.0,1.0,0.7779173952866261,1.0,0.0,1.0,0.0,True,2021.08.30.13.45.25_veh-40_00610_00771,1,1630331841.500309,332832.0417014805,4690177.897117744,332852.6938510786,4690183.660442072,0.0,0.058823529411764705,0.0
339,14a7cb384c787a167,1.0,0.0,1.0,1.0,0.9263223601970809,1.0,1.0,1.0,0.0,True,2021.06.28.13.53.26_veh-26_00492_00696,1,1624889083.703023,664417.6151961343,3997336.257707561,664424.8578177535,3997357.83322735,0.0,1.4568250822471243e-14,0.0
340,118825fc5cd99a244,1.0,1.0,1.0,1.0,0.700585418971609,1.0,0.0,1.0,0.7502090782041461,True,2021.06.03.13.55.17_veh-35_02866_03582,1,1622746356.6008,664545.1281217898,3998998.9459978333,664538.704529954,3998984.8215681324,1.0,0.004879052609986885,0.7814329434286278
341,6a1a3e7fd861ab333,1.0,0.0,0.5,1.0,1.0,1.0,0.0,1.0,0.0,True,2021.09.09.17.18.51_veh-48_01248_01450,1,1631209389.499202,330959.1026905123,4690926.603636308,330970.757161667,4690938.15798043,1.0,0.07692307692307693,0.0
342,6abfaa7acf5d00640,1.0,1.0,1.0,1.0,1.0,1.0,1.0,1.0,1.0,True,2021.09.16.14.39.34_veh-42_00297_00935,1,1631803657.699476,588350.1912350953,4475961.554966217,588383.3740740863,4475987.459045962,1.0,0.08333333333333333,1.0
343,7b34cc67f7a1ee247,1.0,1.0,1.0,1.0,1.0,1.0,0.0,1.0,0.8571428571428571,True,2021.06.28.20.24.43_veh-38_03385_04952,1,1624916868.099995,664454.2824096938,3998072.936744402,664456.1560200903,3998060.153032878,0.0,0.2,0.75
344,2c7084169dfd8a99a,0.0,1.0,0.0,1.0,1.0,0.0,0.0,1.0,0.0,True,2021.08.30.16.16.44_veh-40_00779_01088,1,1630341065.50014,331466.9406936294,4691022.641332147,331441.80203834217,4691037.605489593,1.0,9.486474369397635e-185,0.0
345,3d7cd2f667f2292d5,1.0,0.0,1.0,1.0,1.0,1.0,0.0,0.0,0.0,True,2021.10.06.08.16.17_veh-52_01949_02501,1,1633510715.199517,364987.80277385464,143542.97338902755,365003.8995341168,143562.3389534579,0.0,0.05555555555555555,0.0
346,9559a76868f2d58b3,1.0,1.0,1.0,1.0,0.0,1.0,1.0,1.0,0.6428571428571429,True,2021.06.28.20.24.43_veh-38_03385_04952,1,1624916867.6002939,664456.90055434,3998061.44342685,664456.9005215615,3998061.4389442317,0.0,0.2,0.5625
347,bfd4cb9e2a8bebc15,1.0,1.0,1.0,1.0,0.9094803640982603,1.0,1.0,1.0,0.9676715586065215,True,2021.10.06.07.26.10_veh-52_01245_02064,1,1633506905.200531,364927.184506098,143467.32243612403,364953.63478244474,143498.09788219415,1.0,8.462939547386033e-61,0.9717126137807064
348,9a2e4a7f632a3fd8c,1.0,0.0,0.5,1.0,1.0,1.0,0.0,0.0,0.0,True,2021.09.16.17.40.09_veh-45_02539_02745,1,1631816799.8999288,587612.770587745,4475938.502381491,587623.9758161262,4475957.303240809,0.0,0.1,0.0
349,f19d36e6d48219eba,0.0,1.0,0.0,1.0,1.0,0.0,0.0,1.0,0.0,True,2021.08.30.16.16.44_veh-40_00779_01088,1,1630341065.50014,331459.5939827845,4691027.356444647,331439.5589038212,4691039.042856258,0.0,1.595139925842666e-94,0.0
350,9557f26df1e4356d7,1.0,1.0,0.0,1.0,1.0,1.0,0.0,1.0,0.0,True,2021.09.16.14.39.34_veh-42_00032_00186,1,1631803294.6996439,589211.3374725825,4474347.539593722,589194.2088388603,4474386.31267521,1.0,1.8686589849883687e-88,0.0
351,04636d07d342e54cd,1.0,0.0,0.5,1.0,1.0,1.0,1.0,1.0,0.0,True,2021.06.28.13.53.26_veh-26_00492_00696,1,1624889084.203117,664419.5273786853,3997331.036587938,664424.5573033901,3997358.4515544698,0.0,6.444952504424848e-268,0.0
352,75e8f9b411d1144ad,1.0,1.0,1.0,1.0,0.6966413122225993,1.0,1.0,1.0,0.8916576115080712,True,2021.10.06.07.26.10_veh-52_00953_01126,1,1633506342.700286,366009.3686386523,143000.20675189776,366020.08450657787,142988.94940403313,1.0,4.0894028576745206e-18,0.9052004100695623
353,54c064bb692276ac7,1.0,1.0,1.0,1.0,1.0,1.0,0.0,1.0,0.8571428571428571,True,2021.09.29.19.02.14_veh-28_00540_00917,1,1632942810.299607,331165.9011714172,4690812.568163105,331142.558621105,4690833.340117875,0.0,0.0,0.75
354,5843e4397b88575b2,0.0,1.0,0.0,1.0,1.0,0.0,0.0,1.0,0.0,True,2021.08.30.16.16.44_veh-40_00779_01088,1,1630341065.50014,331451.4032622717,4691033.706605986,331435.9777424207,4691041.108848408,0.0,2.5144683342324562e-14,0.0
355,bf39b618ccc33f36a,0.0,1.0,1.0,1.0,1.0,0.0,0.0,1.0,0.0,True,2021.06.03.13.55.17_veh-35_02866_03582,1,1622746356.1010978,664550.0860250535,3999004.4234918132,664541.5250756158,3998985.9969664337,1.0,4.0205623904766665e-48,0.0
356,6d611ec100d73e0e6,1.0,1.0,0.5,1.0,1.0,1.0,0.0,1.0,0.42857142857142855,True,2021.09.16.13.53.10_veh-42_00180_00342,1,1631800720.399858,589150.1140272124,4474490.155584679,589160.6793136372,4474475.598056365,1.0,0.058823529411764705,0.4375
357,d4443eaf8695fc97e,1.0,1.0,0.0,1.0,0.8449059406036137,0.0,0.0,0.0,0.0,True,2021.09.16.13.53.10_veh-42_00860_01069,1,1631801423.399725,587831.9318247455,4475658.912350859,587811.284025479,4475668.710765848,0.0,2.1804134020024596e-67,0.0
358,f13774881108b5e55,1.0,1.0,0.5,1.0,1.0,1.0,1.0,1.0,0.5,True,2021.09.29.19.02.14_veh-28_00540_00917,1,1632942810.299607,331150.5671929568,4690829.240360237,331133.79214823444,4690842.387665602,1.0,5.023903309240281e-06,0.5
359,0f6d4f139537fd8c3,1.0,1.0,1.0,1.0,1.0,0.0,1.0,1.0,0.6428571428571429,True,2021.10.06.08.16.17_veh-52_01430_01579,1,1633509774.6997578,365398.4147049207,143775.4147863281,365393.2223866302,143775.3044232588,0.0,0.1,0.5625
360,0b1c3be99252f24af,1.0,0.0,1.0,1.0,1.0,1.0,1.0,1.0,0.0,True,2021.09.16.17.40.09_veh-45_02539_02745,1,1631816799.8999288,587618.8815015401,4475949.107610533,587627.7479814456,4475958.496636882,1.0,0.1,0.0
361,c808695431d352ba9,0.5,0.0,1.0,1.0,1.0,0.0,1.0,1.0,0.0,True,2021.08.30.14.54.34_veh-40_00439_00835,1,1630335936.00053,331308.24355359393,4691038.562145598,331303.6480963261,4691031.263353415,1.0,2.707386508703935e-79,0.0
362,ba3335342af8a6b57,1.0,1.0,1.0,1.0,0.8582584830618837,1.0,0.0,1.0,0.8065208868078155,True,2021.10.06.08.16.17_veh-52_00181_00574,1,1633508490.1997619,365667.0574859097,143882.84980991055,365647.92044419964,143857.41904176646,1.0,0.05555555555555555,0.8307057759568386
363,fa7ca9fcddad7a40d,1.0,0.0,1.0,1.0,0.6578939340618388,1.0,0.0,1.0,0.0,True,2021.09.16.14.39.34_veh-42_01609_01687,1,1631804880.200022,589020.0594953789,4474722.3104572175,589013.2229975115,4474743.135190774,0.0,0.125,0.0
364,4784832b9639547d6,1.0,1.0,1.0,1.0,1.0,1.0,1.0,1.0,1.0,True,2021.10.06.07.26.10_veh-52_00953_01126,1,1633506342.1999938,365994.64624840533,143008.92634492062,366017.7912057291,142990.98033307664,1.0,1.2804726536916029e-72,1.0
365,e2a9d0b71a44f5df6,1.0,1.0,1.0,1.0,0.4884872340849312,1.0,0.0,1.0,0.6744597264589041,True,2021.09.29.19.02.14_veh-28_03198_03360,1,1632945465.799696,332392.07420457044,4690479.58697285,332384.43466876296,4690480.29061244,1.0,0.08333333333333333,0.715152260651541
366,0222e5d829f11ad1c,0.0,0.0,0.5,1.0,1.0,0.0,0.0,1.0,0.0,True,2021.08.30.16.16.44_veh-40_00779_01088,1,1630341065.50014,331455.0429826311,4691030.278306762,331438.9014245739,4691039.607957247,0.0,6.831548649439934e-73,0.0
367,4479be8eef64a3460,1.0,1.0,1.0,1.0,0.009934749545738922,1.0,1.0,1.0,0.6464052676949067,True,2021.10.06.08.16.17_veh-52_01430_01579,1,1633509774.6997578,365390.4016546942,143775.93986718892,365390.38259351987,143775.9366307848,0.0,0.1,0.5656046092330433
368,e7db08ac75d56b8b2,1.0,1.0,1.0,1.0,1.0,1.0,0.0,1.0,0.8571428571428571,True,2021.09.16.19.49.00_veh-42_00990_01609,1,1631823269.000026,587687.49664687,4475625.026127387,587698.1850458974,4475617.064659002,0.0,0.125,0.75
369,d253a5d864e95f8d2,1.0,1.0,1.0,1.0,1.0,1.0,0.0,1.0,0.8571428571428571,True,2021.06.03.13.55.17_veh-35_02866_03582,1,1622746356.1010978,664541.7407267088,3998986.2811132763,664535.9787252943,3998974.8558299765,0.0,6.856695696701976e-132,0.75
370,d0d8a6da053f9740c,1.0,1.0,1.0,1.0,0.8498668561429444,1.0,1.0,1.0,0.9463810200510515,True,2021.10.06.08.16.17_veh-52_00181_00574,1,1633508490.1997619,365657.44119703234,143868.79355497696,365643.05157715216,143852.071130537,0.0,0.05555555555555555,0.8280833925446701
371,cc2b7831784a6242d,1.0,1.0,1.0,1.0,1.0,1.0,1.0,1.0,1.0,True,2021.06.28.20.24.43_veh-38_03385_04952,1,1624916868.099995,664456.8607459352,3998068.398083174,664456.8784083304,3998061.4037352363,0.0,0.2,0.875
372,3b57e348407582e72,1.0,1.0,0.0,1.0,1.0,1.0,1.0,1.0,0.0,True,2021.09.29.19.02.14_veh-28_00540_00917,1,1632942809.7997708,331155.5095875354,4690825.164530939,331137.6109305818,4690838.939668462,1.0,1.919948428243365e-127,0.0
373,ca78ccfc1f366ca72,1.0,1.0,0.5,1.0,1.0,0.0,0.0,1.0,0.25,True,2021.09.29.19.02.14_veh-28_00540_00917,1,1632942810.299607,331169.2931007468,4690810.447947813,331143.10837357823,4690834.039723658,1.0,0.0,0.28125
374,0f677bebd5ee6c831,1.0,1.0,1.0,1.0,0.9359900718770321,1.0,0.0,1.0,0.8342821685275114,True,2021.09.29.19.02.14_veh-28_03198_03360,1,1632945465.299811,332409.5992425347,4690470.541201808,332385.5743783643,4690480.76495465,0.0,0.08333333333333333,0.7299968974615725
375,d5c1ffdf7189b229c,1.0,0.0,0.0,1.0,1.0,1.0,0.0,0.0,0.0,True,2021.09.16.17.40.09_veh-45_02539_02745,1,1631816799.399855,587613.49443195,4475939.985754245,587625.9639022069,4475958.359995007,0.0,0.1,0.0
376,6b7399dbbb307ddfb,1.0,0.0,0.0,1.0,1.0,1.0,0.0,1.0,0.0,True,2021.10.06.07.26.10_veh-52_00953_01126,1,1633506342.1999938,366011.8728928373,142990.43124027987,366029.648494087,142986.14672036524,1.0,5.077028749802642e-100,0.0
377,fd7d31b9e1dfb00e7,1.0,0.0,1.0,1.0,1.0,1.0,1.0,1.0,0.0,True,2021.06.28.13.53.26_veh-26_00492_00696,1,1624889084.203117,664409.886063986,3997322.0539070363,664424.8054259584,3997353.432119619,0.0,1.4426180080511126e-79,0.0
378,7eb1127a01c79ed76,1.0,1.0,0.5,1.0,0.8665613076720222,1.0,1.0,1.0,0.4761716620842896,True,2021.09.29.19.02.14_veh-28_00540_00917,1,1632942810.299607,331146.52105862997,4690824.996906419,331135.007406023,4690837.572465443,1.0,2.112650016809018e-61,0.47915020432375344
379,d039fdc59dc6803bb,1.0,1.0,0.0,1.0,0.4580980682785107,1.0,1.0,1.0,0.0,True,2021.10.06.08.16.17_veh-52_01949_02501,1,1633510715.199517,365018.33615470276,143562.5868011666,365000.4375224177,143569.5290540144,1.0,0.05555555555555555,0.0
380,48b2b4044e41f6e13,1.0,1.0,1.0,1.0,0.058035647183279436,1.0,1.0,1.0,0.6635841597083141,True,2021.08.30.13.45.25_veh-40_00610_00771,1,1630331841.500309,332858.09855169576,4690190.835717084,332858.1757015231,4690191.405158914,0.0,0.058823529411764705,0.5806361397447748
381,64048e12035273b06,1.0,1.0,1.0,1.0,0.3716249749666849,1.0,1.0,1.0,0.7755803482023875,True,2021.09.16.13.53.10_veh-42_00860_01069,1,1631801423.399725,587811.445575217,4475672.325020091,587807.0372052905,4475666.814489878,0.0,0.0013943664733142996,0.6786328046770891
382,253e19e9e77501575,1.0,1.0,1.0,1.0,1.0,1.0,1.0,1.0,1.0,True,2021.10.06.08.16.17_veh-52_00181_00574,1,1633508490.699611,365645.8367774343,143854.58178513643,365635.6404003061,143847.1779753132,0.0,0.05555555555555555,0.875
383,64dbb32a1a6005581,1.0,1.0,1.0,1.0,1.0,1.0,0.0,1.0,0.8571428571428571,True,2021.09.29.19.02.14_veh-28_00540_00917,1,1632942809.7997708,331164.7047103737,4690813.444816527,331139.84689246,4690835.619068806,0.0,7.018666452699761e-283,0.75
384,27d64cbd86e07452b,1.0,0.0,1.0,0.0,1.0,1.0,1.0,1.0,0.0,True,2021.09.16.15.47.30_veh-45_01199_01391,1,1631808554.7998118,587744.6512075787,4475589.043763323,587720.7480599283,4475564.887194522,1.0,1.65010747081433e-84,0.0
385,e147b31afd8a5c390,1.0,0.0,1.0,0.0,1.0,1.0,1.0,1.0,0.0,True,2021.09.16.15.47.30_veh-45_01199_01391,1,1631808555.2996619,587745.3676860845,4475589.971666714,587721.5612177867,4475565.779992187,1.0,6.708392679508042e-68,0.0
386,4689ca7c12d8569bc,1.0,0.0,0.5,1.0,0.7391342241493842,1.0,1.0,1.0,0.0,True,2021.08.30.13.45.25_veh-40_00610_00771,1,1630331841.500309,332834.48847526306,4690182.926461959,332853.30903917446,4690185.82164549,0.0,0.058823529411764705,0.0
387,ef00d37c017fde631,1.0,0.0,1.0,1.0,0.8740451440779194,1.0,1.0,0.0,0.0,True,2021.09.16.13.53.10_veh-42_00860_01069,1,1631801423.399725,587829.8741858692,4475656.54570123,587811.5636746493,4475668.452408231,0.0,9.184724686259111e-70,0.0
388,eeae7aeaf248f7830,1.0,1.0,0.0,1.0,1.0,1.0,0.0,1.0,0.0,True,2021.09.16.13.53.10_veh-42_00180_00342,1,1631800720.399858,589133.4326168273,4474534.119428747,589150.8186561865,4474493.390977007,0.0,0.058823529411764705,0.0
389,01ac04b9f18ecdbc6,1.0,0.0,0.0,1.0,1.0,1.0,0.0,1.0,0.0,True,2021.09.09.17.18.51_veh-48_01248_01450,1,1631209389.499202,330957.36808373197,4690925.774663777,330969.60711798567,4690938.1989835305,0.0,0.07692307692307693,0.0
390,34e7a39f33ba4f108,0.0,0.0,1.0,1.0,1.0,0.0,1.0,1.0,0.0,True,2021.09.16.19.27.01_veh-45_01749_03230,1,1631822761.5000799,587591.0826739357,4475568.468449544,587576.9024862614,4475579.753506216,0.0,3.994590696236402e-22,0.0
391,5b6eb771ffaf06f55,1.0,1.0,0.0,1.0,1.0,1.0,0.0,1.0,0.0,True,2021.09.16.14.39.34_veh-42_00032_00186,1,1631803294.6996439,589205.4485079288,4474365.391381261,589190.0623756055,4474394.009491179,1.0,8.43433093266005e-12,0.0
392,cc8fe959edbcbe076,0.0,1.0,1.0,1.0,1.0,0.0,0.0,1.0,0.0,True,2021.09.29.15.23.04_veh-28_00814_01101,1,1632930209.2996628,331558.6841225256,4690834.488356163,331536.65935992915,4690846.252698196,0.0,1.013834568630386e-08,0.0
393,8fb30375f6c972c38,1.0,0.0,1.0,1.0,1.0,1.0,1.0,0.0,0.0,True,2021.10.06.08.16.17_veh-52_01949_02501,1,1633510715.6996589,364991.9888316321,143548.00494287812,365002.0479233163,143565.82140245332,0.0,0.05555555555555555,0.0
394,60bf68aa5fc67729a,1.0,1.0,1.0,1.0,0.3868789630110363,1.0,1.0,1.0,0.7810282010753701,True,2021.05.25.17.54.41_veh-35_01905_02121,1,1621981836.40063,664425.4304246877,3997344.2305672728,664425.4577100772,3997348.8535356647,0.0,0.0,0.6833996759409489
395,d3fa0f358c6066f70,1.0,1.0,1.0,1.0,0.6807687868722025,1.0,1.0,1.0,0.8859888524543581,True,2021.09.16.14.39.34_veh-42_00297_00935,1,1631804065.200268,587780.7553133314,4475636.551330687,587771.8304963678,4475625.55022065,1.0,0.11095554461132452,0.9002402458975634
396,5713b6b9f58be2004,1.0,1.0,1.0,1.0,1.0,1.0,1.0,1.0,1.0,True,2021.09.09.17.18.51_veh-48_01248_01450,1,1631209389.499202,330946.1203027608,4690897.638618908,330963.14794970653,4690929.682553318,1.0,0.07692307692307693,1.0
397,03ba5f567d1b3dc30,1.0,1.0,1.0,1.0,0.030497566696379267,1.0,1.0,1.0,0.6537491309629926,True,2021.10.06.07.26.10_veh-52_01245_02064,1,1633506904.7003188,364964.7552959025,143510.90648655852,364964.7723025296,143510.9366805884,1.0,2.5809333074779714e-35,0.6970304895926185
398,2e6e31a67e672d4a5,0.0,1.0,1.0,1.0,1.0,0.0,0.0,1.0,0.0,True,2021.06.03.13.55.17_veh-35_02866_03582,1,1622746356.1010978,664547.9358837334,3999006.191882703,664539.9264412123,3998986.665891887,1.0,1.7620290748291283e-46,0.0
399,252b55b927f05ad09,1.0,1.0,1.0,1.0,1.0,1.0,1.0,1.0,1.0,True,2021.10.06.08.16.17_veh-52_00181_00574,1,1633508490.699611,365650.941362571,143859.58136100273,365639.45089062926,143849.4762700689,0.0,0.05555555555555555,0.875
400,e64bbff1f3e0c30be,1.0,1.0,1.0,1.0,0.6200344845166532,1.0,0.0,1.0,0.7214408873273762,True,2021.09.16.19.27.01_veh-45_01749_03230,1,1631822761.5000799,587578.3426816148,4475576.882012211,587573.0211335914,4475579.386342753,0.0,0.44805321347545146,0.6312607764114542
401,5eea9af2c6acb36ec,1.0,0.0,1.0,1.0,1.0,1.0,0.0,1.0,0.0,True,2021.10.06.08.16.17_veh-52_01949_02501,1,1633510715.6996589,364987.97498536116,143543.08723468738,365003.7269633874,143560.31480114683,0.0,0.05555555555555555,0.0
402,8d59e8ecb60e11b5b,1.0,1.0,1.0,1.0,0.9236348940206226,1.0,0.0,1.0,0.8298696050073653,True,2021.09.16.15.47.30_veh-45_01199_01391,1,1631808555.2996619,587715.3409452854,4475561.350096956,587710.7074414279,4475554.007869127,1.0,9.874100633068847e-236,0.8511359043814446
403,9fad04b9636cbc059,1.0,1.0,1.0,1.0,0.5262647790323619,1.0,0.0,1.0,0.6879517067972721,True,2021.09.16.19.49.00_veh-42_00990_01609,1,1631823268.499907,587693.3815000409,4475620.279481926,587697.3201129804,4475617.166155979,0.0,0.125,0.6019577434476131
404,fb56a869a86a4e9ee,1.0,1.0,1.0,1.0,0.7935056066947855,1.0,1.0,0.0,0.7833948595338519,True,2021.05.25.17.54.41_veh-35_01905_02121,1,1621981836.40063,664394.9287970777,3997342.9308422236,664416.3866606902,3997338.337947951,0.0,4.197139442445793e-27,0.6854705020921205
405,c23afa5ae384dc837,1.0,1.0,1.0,1.0,1.0,1.0,1.0,1.0,1.0,True,2021.10.06.08.16.17_veh-52_01430_01579,1,1633509775.199492,365392.04862878163,143774.7204288041,365392.032973378,143774.7205379289,1.0,0.1,1.0
406,868d49798379dc351,0.0,1.0,1.0,1.0,1.0,0.0,0.0,1.0,0.0,True,2021.09.29.19.02.14_veh-28_00540_00917,1,1632942809.7997708,331161.9269987834,4690814.085156646,331137.35645685706,4690836.565266974,1.0,2.4463045187946823e-173,0.0
407,c69efd29d5a9049e3,1.0,1.0,1.0,1.0,1.0,1.0,1.0,1.0,1.0,True,2021.08.30.14.54.34_veh-40_00439_00835,1,1630335935.500406,331304.8694115848,4691033.89777721,331302.1925116683,4691026.729738129,1.0,0.0002296364406259172,1.0
408,506d9cb85442a6577,1.0,1.0,1.0,1.0,0.7094214675762835,1.0,0.0,1.0,0.7533648098486727,True,2021.06.03.13.55.17_veh-35_02866_03582,1,1622746356.1010978,664543.3575910158,3998995.6818428515,664537.4987221553,3998982.392810854,1.0,0.007150258971842363,0.7841942086175886
409,de4d565d2295bfce9,0.0,1.0,1.0,1.0,1.0,0.0,0.0,1.0,0.0,True,2021.09.29.14.44.26_veh-28_00528_00992,1,1632927662.2998679,331660.50283240905,4690893.18325082,331687.8869024636,4690873.892179067,1.0,0.06666666666666667,0.0
410,10b844b8db1d56b80,1.0,1.0,1.0,1.0,0.8607012757853901,1.0,0.0,1.0,0.8073933127804965,True,2021.10.06.08.16.17_veh-52_00181_00574,1,1633508490.1997619,365668.4937815746,143883.99380431237,365648.28886580846,143857.9447339721,1.0,0.05555555555555555,0.8314691486829344
411,70271e1e4a4efb5c5,1.0,1.0,1.0,1.0,1.0,1.0,0.0,1.0,0.8571428571428571,True,2021.10.06.08.16.17_veh-52_00181_00574,1,1633508490.699611,365660.98569551157,143870.02227464484,365643.5765218571,143853.1517989711,1.0,0.05555555555555555,0.875
412,96260f12e203e8493,1.0,0.0,1.0,1.0,0.9303508271965916,1.0,1.0,1.0,0.0,True,2021.10.06.07.26.10_veh-52_00953_01126,1,1633506342.700286,366017.95233834797,142989.4802155605,366027.48550349136,142986.10780705413,0.0,9.801327537729749e-51,0.0
413,88438c22da37ffc4f,0.0,1.0,1.0,1.0,1.0,0.0,1.0,1.0,0.0,True,2021.08.30.14.54.34_veh-40_00439_00835,1,1630335935.500406,331308.1001585486,4691040.7428928595,331302.0713787483,4691027.982726571,1.0,9.971712753014768e-15,0.0
414,3b9ed44b6aec2276a,1.0,1.0,1.0,1.0,0.06443795195735356,1.0,1.0,1.0,0.6658706971276261,True,2021.08.30.13.45.25_veh-40_00610_00771,1,1630331841.500309,332857.81680668483,4690190.552586468,332857.8670443243,4690190.960494324,0.0,0.058823529411764705,0.5826368599866729
415,af6a8ab4980429b3d,1.0,1.0,1.0,1.0,0.8860114103956561,1.0,0.0,1.0,0.8164326465698772,True,2021.10.06.07.26.10_veh-52_00953_01126,1,1633506342.1999938,366004.877662817,143002.6124515138,366021.3990965278,142988.92676560904,1.0,0.00015649652378711882,0.8393785657486426
416,1b0a591d6b3ec8ee1,1.0,1.0,1.0,1.0,0.7137706361625186,1.0,1.0,1.0,0.8977752272008994,True,2021.09.16.13.53.10_veh-42_00860_01069,1,1631801423.399725,587816.8326841156,4475666.460062848,587806.0543808887,4475665.091449775,0.0,0.2876260619905816,0.785553323800787
417,8bc78c84321c37423,1.0,1.0,1.0,1.0,0.903933643122979,1.0,1.0,1.0,0.9656905868296354,True,2021.09.29.15.23.04_veh-28_00814_01101,1,1632930209.2996628,331546.06082556077,4690841.994861484,331528.9177278653,4690847.277199052,0.0,1.1424221580201845e-52,0.844979263475931
418,7aa2434007747c439,1.0,1.0,1.0,1.0,1.0,1.0,1.0,1.0,1.0,True,2021.09.16.13.53.10_veh-42_00180_00342,1,1631800719.899852,589132.2421597645,4474538.094928366,589153.7376004013,4474489.309403304,1.0,0.058823529411764705,1.0
419,787aeff562a4b851a,1.0,1.0,1.0,1.0,1.0,1.0,0.0,1.0,0.8571428571428571,True,2021.06.03.13.55.17_veh-35_02866_03582,1,1622746356.6008,664539.044004235,3998990.749395324,664536.0345964195,3998977.537193965,0.0,3.3536752808827607e-87,0.75
420,8c317a99933b3b262,1.0,1.0,0.5,1.0,1.0,1.0,0.0,1.0,0.42857142857142855,True,2021.09.16.13.53.10_veh-42_00180_00342,1,1631800720.399858,589149.642339013,4474494.747939785,589158.6496467183,4474478.093262163,0.0,0.058823529411764705,0.375
421,888343bb23c96916c,1.0,1.0,1.0,1.0,0.9369985889085346,1.0,0.0,1.0,0.8346423531816195,True,2021.09.16.14.39.34_veh-42_00297_00935,1,1631804065.7000349,587775.0890586467,4475628.428119621,587767.9342981403,4475620.338046285,0.0,6.721025392361098e-84,0.730312059033917
422,664a5c4af31581693,1.0,1.0,1.0,1.0,0.8871620561580896,1.0,0.0,1.0,0.816843591485032,True,2021.10.06.08.16.17_veh-52_00181_00574,1,1633508490.699611,365669.5830009208,143883.76852258958,365648.51089643035,143857.3433100799,1.0,0.05555555555555555,0.839738142549403
423,3b0bf9ca3855b2e20,1.0,1.0,1.0,1.0,0.18227773675051503,1.0,1.0,1.0,0.7079563345537554,True,2021.09.29.19.02.14_veh-28_03198_03360,1,1632945465.799696,332383.1501286645,4690480.197004846,332380.99846662657,4690479.454303483,1.0,0.08333333333333333,0.7444617927345359
424,9ce85f2dc52093c43,1.0,1.0,1.0,1.0,0.5427742084720024,1.0,0.0,1.0,0.6938479315971436,True,2021.09.16.19.49.00_veh-42_00990_01609,1,1631823268.499907,587696.0931501013,4475620.512269782,587700.2774449226,4475616.797535256,1.0,0.125,0.7321169401475007
425,96a1227ca8539a33e,1.0,1.0,1.0,1.0,0.8685232020480678,1.0,1.0,1.0,0.9530440007314527,True,2021.10.06.08.16.17_veh-52_01949_02501,1,1633510350.699738,365832.3378405814,143137.54528376952,365799.7573590852,143162.2594649526,1.0,0.09090909090909091,0.9589135006400211
426,0908976a3d8f0a196,1.0,1.0,1.0,1.0,0.9029774805858619,1.0,1.0,1.0,0.9653491002092364,True,2021.09.16.13.53.10_veh-42_00860_01069,1,1631801423.8995168,587822.1878422259,4475663.599310946,587806.8907614471,4475665.769414235,0.0,0.9819627622741449,0.8446804626830818
427,a1852737c84ea03fc,0.0,0.0,0.5,1.0,0.8277734779550054,0.0,1.0,1.0,0.0,True,2021.09.29.14.44.26_veh-28_00528_00992,1,1632927662.7996838,331694.257799295,4690874.228134495,331698.97187724314,4690864.598473568,1.0,0.0,0.0
428,d400b7a715f88fcf5,1.0,0.0,1.0,1.0,0.6884532547965915,1.0,0.0,1.0,0.0,True,2021.10.06.07.26.10_veh-52_02208_02394,1,1633507452.19991,365169.12130605784,143540.06886503566,365157.1063581479,143540.44831844693,1.0,0.125,0.0
429,3b55569be269255c2,1.0,1.0,1.0,1.0,0.9531980608763149,1.0,0.0,0.0,0.6975707360272553,True,2021.09.16.13.53.10_veh-42_00860_01069,1,1631801423.8995168,587832.3894032041,4475653.890172024,587811.7535780056,4475666.689492076,0.0,2.6786513698243117e-55,0.6103743940238484
430,9f8244fb38a036545,1.0,1.0,1.0,1.0,0.6821925526053074,1.0,1.0,1.0,0.8864973402161812,True,2021.09.29.19.02.14_veh-28_00540_00917,1,1632942810.299607,331141.2768050406,4690831.106303182,331133.6179980384,4690839.090656903,1.0,2.1396996923962626e-23,0.9006851726891586
431,ab136507f882d8c94,1.0,0.0,1.0,1.0,1.0,1.0,1.0,1.0,0.0,True,2021.09.16.14.39.34_veh-42_00297_00935,1,1631803658.199535,588351.3641764845,4475965.895516197,588379.4647473234,4475987.440773184,1.0,9.921134500684078e-221,0.0
432,9c849c1f3da3d7ffa,1.0,1.0,1.0,1.0,0.3033603345008993,1.0,1.0,1.0,0.7512001194646069,True,2021.09.29.14.44.26_veh-28_00528_00992,1,1632927662.2998679,331695.090805594,4690868.77424951,331696.9345718006,4690865.467612327,0.0,0.06666666666666667,0.657300104531531
433,452f589a00d505838,1.0,1.0,1.0,1.0,0.8372447422562709,1.0,1.0,1.0,0.9418731222343825,True,2021.09.16.13.53.10_veh-42_00180_00342,1,1631800719.899852,589146.2081623373,4474503.633318268,589159.3312392359,4474478.171682306,0.0,0.058823529411764705,0.8241389819550846
434,042bf7d6a0f98a104,1.0,1.0,0.5,1.0,1.0,1.0,0.0,1.0,0.42857142857142855,True,2021.09.16.19.27.01_veh-45_01749_03230,1,1631822762.0001838,587579.1030399849,4475579.955427868,587568.0542628503,4475582.7383108325,0.0,8.922909950132148e-227,0.375
435,699fb67837db96cea,1.0,1.0,1.0,1.0,1.0,1.0,0.0,1.0,0.8571428571428571,True,2021.09.16.19.12.04_veh-42_01438_01677,1,1631821507.000123,588109.5037648983,4475771.85326213,588071.7750040947,4475742.910572122,1.0,1.189442832691737e-09,0.875
436,cac2753c7c7b93847,1.0,0.0,1.0,1.0,1.0,1.0,1.0,1.0,0.0,True,2021.10.06.07.26.10_veh-52_02208_02394,1,1633507452.19991,365161.44383169984,143538.2793715369,365152.48366683896,143541.29530977955,0.0,0.125,0.0
437,ff7b96c916771e141,1.0,1.0,1.0,1.0,0.11903356944852723,1.0,1.0,1.0,0.6853691319459025,True,2021.09.29.19.02.14_veh-28_03198_03360,1,1632945465.299811,332382.20870064286,4690479.884067916,332380.7451585328,4690479.355077797,1.0,0.08333333333333333,0.7246979904526647
438,cf6ea1483f38bad12,1.0,1.0,1.0,1.0,0.7450657361704487,0.0,0.0,1.0,0.4089520486323031,True,2021.09.16.14.39.34_veh-42_00297_00935,1,1631804065.200268,587779.5502374987,4475633.483021701,587770.4829194308,4475623.727112586,1.0,1.264780424639861e-12,0.4828330425532652
439,583e0fd0c7d71cae0,1.0,1.0,1.0,1.0,0.8443826688176179,1.0,0.0,1.0,0.801565238863435,True,2021.10.06.08.16.17_veh-52_01949_02501,1,1633510350.699738,365835.3461724881,143133.22016552903,365802.4215296371,143158.90761130795,1.0,0.09090909090909091,0.8263695840055056
440,b1c50bd50a2ae1355,1.0,0.0,1.0,1.0,0.7928613889120266,1.0,1.0,0.0,0.0,True,2021.08.30.13.45.25_veh-40_00610_00771,1,1630331841.500309,332840.417973226,4690182.715752096,332856.45190145966,4690186.987949074,0.0,0.058823529411764705,0.0
441,913e360242a39e667,1.0,1.0,1.0,1.0,0.7997189616781163,1.0,1.0,1.0,0.9284710577421844,True,2021.09.16.19.27.01_veh-45_01749_03230,1,1631822762.0001838,587581.8834276003,4475577.783955126,587575.3650917406,4475580.192156291,0.0,5.3496357492767864e-14,0.8124121755244114
442,c09eaf80eb8a24e39,1.0,1.0,1.0,1.0,0.0952611231153726,1.0,1.0,1.0,0.6768789725412044,True,2021.10.06.07.26.10_veh-52_00006_00398,1,1633505590.699844,365528.9507034463,143146.71071018832,365528.0270917083,143147.2274356407,0.0,0.0,0.5922691009735539
443,e6319072517f4b675,1.0,0.0,1.0,1.0,1.0,0.0,1.0,1.0,0.0,True,2021.05.25.14.16.10_veh-35_03373_03550,1,1621970164.500871,664420.590641919,3997336.3565565506,664425.7799374841,3997347.3739742055,0.0,0.14285714285714285,0.0
444,ebe3f434bfee258dc,0.0,1.0,1.0,1.0,1.0,0.0,1.0,1.0,0.0,True,2021.09.16.19.27.01_veh-45_01749_03230,1,1631822761.5000799,587587.6634681525,4475572.827470192,587576.133762664,4475578.46837569,1.0,1.919190634524368e-17,0.0
445,0b2a6af7c94670346,1.0,1.0,1.0,1.0,1.0,1.0,0.0,1.0,0.8571428571428571,True,2021.09.16.13.53.10_veh-42_00180_00342,1,1631800719.899852,589133.6104964691,4474533.699951188,589154.134000266,4474487.686673453,0.0,0.058823529411764705,0.75
446,4470091fffca9e391,1.0,1.0,1.0,1.0,1.0,1.0,1.0,1.0,1.0,True,2021.10.06.08.16.17_veh-52_01430_01579,1,1633509774.6997578,365389.40614691324,143774.25839776517,365389.3847008961,143774.26121530996,0.0,0.1,0.875
447,61fd1e677d1c01a32,1.0,1.0,0.0,1.0,1.0,0.0,0.0,1.0,0.0,True,2021.09.16.13.53.10_veh-42_00180_00342,1,1631800720.399858,589130.5515923302,4474540.192641554,589151.0221697126,4474492.416637429,0.0,0.058823529411764705,0.0
448,51b90828c7ba37b79,1.0,1.0,1.0,1.0,1.0,1.0,1.0,1.0,1.0,True,2021.10.06.08.16.17_veh-52_01949_02501,1,1633510715.199517,364995.99691738345,143551.49035722343,365001.62387755554,143567.06586850178,0.0,0.05555555555555555,0.875
449,d3150a8489aa038cb,1.0,1.0,1.0,1.0,1.0,1.0,0.0,1.0,0.8571428571428571,True,2021.09.29.18.19.40_veh-28_01268_01685,1,1632940905.599799,331184.91372830886,4690843.620952114,331187.64264598634,4690848.826125407,1.0,0.10719968977403066,0.875
450,3b8ae7a448c0eb280,1.0,0.0,0.5,1.0,1.0,0.0,1.0,1.0,0.0,True,2021.10.06.07.26.10_veh-52_02208_02394,1,1633507452.19991,365191.834033583,143558.9680770735,365167.5601578908,143540.70751345463,0.0,0.125,0.0
451,a018170a118dc39bc,1.0,1.0,1.0,1.0,0.7928613569140497,1.0,0.0,1.0,0.7831647703264463,True,2021.06.03.13.55.17_veh-35_02866_03582,1,1622746356.6008,664545.5155145077,3998998.512114009,664537.8451729472,3998983.6752750175,1.0,0.6126552064142953,0.8102691740356405
452,bc6888f8da8ee3d48,1.0,1.0,1.0,1.0,0.8380667832744133,1.0,0.0,1.0,0.7993095654551476,True,2021.09.16.15.47.30_veh-45_01199_01391,1,1631808554.7998118,587715.4427096414,4475559.078965988,587710.5689757311,4475552.7330958815,0.0,2.7065557111162427e-202,0.6993958697732542
453,5c23f7f4493bf911d,1.0,1.0,1.0,1.0,0.7694564763103332,1.0,0.0,1.0,0.7748058843965476,True,2021.09.16.19.12.04_veh-42_01438_01677,1,1631821507.000123,588084.4224073768,4475753.009255894,588064.3209036423,4475736.743780206,1.0,4.127697585647354e-301,0.8029551488469792
454,146404d39b9ce38d7,1.0,0.0,1.0,1.0,0.9652430802672909,1.0,0.0,0.0,0.0,True,2021.09.16.13.53.10_veh-42_00860_01069,1,1631801423.8995168,587830.0341951762,4475655.781371931,587809.1674204832,4475666.460283333,0.0,1.692547529065414e-13,0.0
455,630694a2f5646413d,1.0,1.0,0.0,1.0,1.0,1.0,0.0,1.0,0.0,True,2021.09.16.14.39.34_veh-42_00032_00186,1,1631803295.199668,589207.6181567851,4474362.059097439,589192.041079375,4474390.860679009,1.0,1.3267014373003882e-44,0.0
456,9346180ef7437e555,1.0,1.0,1.0,1.0,0.781049498843683,1.0,0.0,1.0,0.7789462495870296,True,2021.09.29.14.44.26_veh-28_00238_00320,1,1632927022.299784,330842.8776829763,4689971.764418065,330830.10819179926,4689946.889957958,1.0,0.05,0.8065779683886509
457,e620593c6271f1028,1.0,1.0,1.0,1.0,0.6046250604971194,1.0,1.0,1.0,0.8587946644632568,True,2021.09.29.14.44.26_veh-28_00528_00992,1,1632927662.2998679,331684.49014509533,4690878.049794496,331693.207257233,4690868.947122713,1.0,0.06666666666666667,0.8764453314053497
458,9f1e97dfb6a8d6a6e,1.0,1.0,1.0,1.0,0.9748859425427707,1.0,1.0,1.0,0.9910306937652752,True,2021.09.16.14.39.34_veh-42_01609_01687,1,1631804880.699805,589025.7219285677,4474686.890371638,589016.6596264237,4474729.274213146,1.0,1.4845095673797985e-23,0.9921518570446158
459,4250d2db3b613460c,1.0,1.0,1.0,1.0,0.8888382819583445,1.0,0.0,1.0,0.8174422435565516,True,2021.10.06.08.16.17_veh-52_00181_00574,1,1633508490.1997619,365666.53347524104,143878.54206904775,365646.7028475887,143854.52606751278,1.0,0.05555555555555555,0.8402619631119826
460,c5fd0128d19316b03,1.0,1.0,1.0,1.0,1.0,1.0,0.0,1.0,0.8571428571428571,True,2021.09.29.19.02.14_veh-28_00540_00917,1,1632942810.299607,331159.92267179216,4690818.735530442,331139.6453624986,4690836.565991359,1.0,4.269787453227896e-189,0.875
461,117c9da6253882bd5,1.0,1.0,1.0,1.0,0.9024521407720971,1.0,0.0,1.0,0.8223043359900347,True,2021.06.03.13.55.17_veh-35_02866_03582,1,1622746356.1010978,664552.5349033959,3999014.183901533,664539.8520169052,3998985.6951585314,1.0,3.631057291389124e-29,0.8445162939912804
462,d87106abfc25f2fab,1.0,0.0,1.0,1.0,1.0,1.0,0.0,0.0,0.0,True,2021.09.16.17.40.09_veh-45_02539_02745,1,1631816799.8999288,587615.6119322546,4475942.807554413,587624.4010090772,4475956.63396534,0.0,0.1,0.0
463,6dfd14bd1bef71d80,1.0,1.0,1.0,1.0,0.8355617555748935,1.0,0.0,1.0,0.7984149127053192,True,2021.10.06.08.16.17_veh-52_01949_02501,1,1633510350.699738,365829.73612826754,143140.36727723057,365799.9860413243,143162.8108328358,1.0,0.09090909090909091,0.8236130486171542
464,50dcee9926ded132e,1.0,1.0,1.0,1.0,0.9526626998460732,1.0,0.0,1.0,0.8402366785164547,True,2021.09.29.19.02.14_veh-28_03198_03360,1,1632945465.799696,332412.0658440013,4690467.777133072,332387.79347316996,4690480.605862196,0.0,0.08333333333333333,0.7352070937018979
465,4ed26e14929f14eb4,1.0,1.0,1.0,1.0,0.8136588527463697,1.0,0.0,1.0,0.7905924474094178,True,2021.09.16.19.12.04_veh-42_01438_01677,1,1631821507.50001,588094.1213185803,4475760.610557071,588071.1716278512,4475742.962876004,0.0,4.560251387499112e-219,0.6917683914832405
466,eab8a152f7ae593ae,0.0,1.0,0.0,1.0,1.0,0.0,0.0,1.0,0.0,True,2021.08.30.16.16.44_veh-40_00779_01088,1,1630341065.000195,331461.66920330195,4691026.429513169,331439.4377117186,4691038.508935484,0.0,1.436373120065952e-106,0.0
467,e14d602917d1d211f,1.0,1.0,1.0,1.0,0.845867637900528,1.0,1.0,1.0,0.9449527278216171,True,2021.09.29.14.44.26_veh-28_00238_00320,1,1632927022.299784,330853.73869535275,4689992.003297063,330834.7878668349,4689954.3313623695,1.0,0.05,0.951833636843915
468,030c19894cf38bd4f,0.0,1.0,1.0,1.0,1.0,0.0,1.0,1.0,0.0,True,2021.06.28.20.24.43_veh-38_03385_04952,1,1624915518.099637,664201.1978535778,3997424.2435119697,664208.884097367,3997423.3244401957,1.0,2.2163843297842477e-27,0.0
469,e9998b8b863aa29d4,1.0,1.0,1.0,1.0,0.7353664099989825,1.0,0.0,1.0,0.7626308607139223,True,2021.09.16.17.40.09_veh-45_02539_02745,1,1631816799.8999288,587626.0909809284,4475958.880854482,587634.417024899,4475958.150573753,0.0,0.1,0.667302003124682
470,069407bff74cbde70,1.0,0.0,1.0,1.0,0.5867732004069169,1.0,1.0,1.0,0.0,True,2021.09.29.14.44.26_veh-28_00238_00320,1,1632927022.299784,330835.6949374778,4689950.157661886,330830.2280391969,4689942.436013221,0.0,0.05,0.0
471,db8ce7c16bd7a04ef,1.0,1.0,1.0,1.0,0.7371687644275784,1.0,1.0,1.0,0.906131701581278,True,2021.10.06.08.16.17_veh-52_00181_00574,1,1633508490.699611,365653.4288923506,143863.3230847389,365641.7138487356,143851.5210103654,1.0,0.05555555555555555,0.9178652388836183
472,2c09013af79e257fd,1.0,0.0,1.0,1.0,0.7070103217924949,1.0,0.0,1.0,0.0,True,2021.09.16.14.39.34_veh-42_01609_01687,1,1631804880.200022,589020.8505531922,4474716.686961663,589014.2801463208,4474739.7391569605,1.0,0.125,0.0
473,dfa9b874b33acc858,1.0,0.0,1.0,1.0,0.7323464026005393,1.0,0.0,1.0,0.0,True,2021.09.29.14.44.26_veh-28_00238_00320,1,1632927022.799661,330842.4618167174,4689965.824479306,330831.8960220818,4689946.888947092,0.0,2.589172023441178e-265,0.0
474,7b24f810cbd1a8c5a,0.0,0.0,0.0,1.0,1.0,0.0,0.0,1.0,0.0,True,2021.08.30.16.16.44_veh-40_00779_01088,1,1630341065.50014,331449.2416198485,4691035.55801584,331433.0306760333,4691042.247743563,0.0,0.9999895607485522,0.0
475,d7806477ce81cf2b8,1.0,1.0,1.0,1.0,0.010277683815426613,1.0,1.0,1.0,0.6465277442197952,True,2021.10.06.08.16.17_veh-52_01430_01579,1,1633509775.199492,365392.22018306836,143776.28654199513,365392.21252743225,143776.2851381294,1.0,0.1,0.6907117761923208
476,9de9e57115e5b4d5b,1.0,1.0,1.0,1.0,0.6195487721373198,1.0,1.0,1.0,0.8641245614776142,True,2021.09.29.14.44.26_veh-28_00238_00320,1,1632927022.299784,330838.02177147067,4689958.990246153,330829.7699002274,4689944.091708041,1.0,0.05,0.8811089912929124
477,a16a2970a55b1cf7f,0.0,1.0,1.0,1.0,0.8125893960317362,0.0,1.0,1.0,0.0,True,2021.10.06.07.26.10_veh-52_01245_02064,1,1633506905.200531,364937.91356422676,143482.85808502167,364956.75987581734,143503.3996154,1.0,0.041316781859139014,0.0
478,ab09d2e92f141236c,0.0,1.0,0.0,1.0,1.0,0.0,0.0,1.0,0.0,True,2021.08.30.16.16.44_veh-40_00779_01088,1,1630341065.50014,331467.43995443726,4691022.461391645,331441.80203834217,4691037.605489593,0.0,9.486474369397635e-185,0.0
479,0005b7348b80106e2,1.0,1.0,1.0,1.0,1.0,1.0,1.0,1.0,1.0,True,2021.08.30.14.54.34_veh-40_00439_00835,1,1630335936.00053,331304.74209280877,4691033.733006439,331302.3200368619,4691027.23525791,1.0,1.5179445743374165e-07,1.0
480,b692c62651903c29f,1.0,1.0,1.0,1.0,0.30153367795940805,1.0,1.0,1.0,0.75054774212836,True,2021.09.16.13.53.10_veh-42_00860_01069,1,1631801423.399725,587819.7895027932,4475682.900343006,587808.4818213234,4475667.231684143,0.0,5.544437739452907e-13,0.656729274362315
481,818f9becc81f0e975,1.0,1.0,0.0,1.0,0.8757147058656272,0.0,0.0,0.0,0.0,True,2021.09.16.13.53.10_veh-42_00860_01069,1,1631801423.8995168,587835.371746062,4475656.308799088,587813.5404971618,4475669.208517081,0.0,7.14887452319333e-123,0.0
482,2a32769c4b35a8c07,1.0,1.0,1.0,1.0,0.05890439020346453,1.0,1.0,1.0,0.6638944250726659,True,2021.09.29.14.44.26_veh-28_00238_00320,1,1632927022.799661,330830.7503965355,4689943.017725048,330830.65741268493,4689942.90926991,0.0,0.0,0.5809076219385827
483,a1ff65c462fb19548,1.0,1.0,0.5,1.0,1.0,1.0,1.0,1.0,0.5,True,2021.09.16.14.39.34_veh-42_00297_00935,1,1631803657.699476,588340.6243433877,4475953.245242028,588378.8543276049,4475984.714116209,1.0,0.08333333333333333,0.5
484,864a83021c759e07e,1.0,0.0,0.0,1.0,1.0,1.0,0.0,1.0,0.0,True,2021.09.16.14.39.34_veh-42_00032_00186,1,1631803295.199668,589200.0653334436,4474377.096267465,589189.4446909839,4474397.013900821,0.0,1.3136064952289247e-263,0.0
485,62c083fa4339253f3,1.0,1.0,1.0,1.0,0.8122607133677769,1.0,1.0,1.0,0.932950254774206,True,2021.09.09.17.18.51_veh-48_01248_01450,1,1631209389.499202,330954.17758224945,4690914.22741818,330965.07979881647,4690932.676347873,0.0,0.07692307692307693,0.8163314729274302
486,e1654044aa2aa4003,1.0,1.0,1.0,1.0,0.3619395028007508,1.0,0.0,0.0,0.48640696528598243,True,2021.08.30.13.45.25_veh-40_00610_00771,1,1630331841.500309,332848.2706181321,4690184.817877152,332852.0078601928,4690186.965598548,0.0,0.058823529411764705,0.42560609462523463
487,cf9851f86105d9f8c,1.0,1.0,1.0,1.0,0.8659483523624515,1.0,0.0,1.0,0.8092672687008756,True,2021.09.29.19.02.14_veh-28_03198_03360,1,1632945465.799696,332410.05771857774,4690469.683819958,332387.79347316996,4690480.605862196,0.0,0.08333333333333333,0.7081088601132661
488,bc310295755fb7084,1.0,0.0,1.0,1.0,1.0,1.0,1.0,1.0,0.0,True,2021.09.16.14.39.34_veh-42_00032_00186,1,1631803294.6996439,589211.3391938044,4474344.552780441,589192.913379059,4474385.231898238,1.0,2.2353096763629633e-93,0.0
489,aae1be1d1482069d0,0.0,0.0,1.0,1.0,1.0,0.0,0.0,1.0,0.0,True,2021.10.06.07.26.10_veh-52_01245_02064,1,1633506904.7003188,364939.99615206785,143486.31670343506,364958.798098619,143505.86006967886,1.0,2.4567455300364262e-24,0.0
490,73db1be2e0c010ac5,0.0,1.0,1.0,1.0,1.0,0.0,1.0,1.0,0.0,True,2021.10.06.08.16.17_veh-52_01949_02501,1,1633510715.199517,364983.615149611,143537.06775739716,365001.2300753976,143559.72374203242,1.0,0.05555555555555555,0.0
491,161046c98f6b78205,1.0,1.0,0.5,1.0,1.0,1.0,0.0,1.0,0.42857142857142855,True,2021.09.16.19.27.01_veh-45_01749_03230,1,1631822328.5003679,587526.3278174116,4475707.265105954,587514.7400354767,4475707.81255866,1.0,0.2,0.4375
492,2f676101d71e92b1b,1.0,1.0,1.0,1.0,0.8880172757899288,1.0,1.0,1.0,0.9600061699249746,True,2021.09.16.19.49.00_veh-42_00990_01609,1,1631823269.000026,587695.7687286293,4475619.918629892,587702.4712727161,4475614.283159462,0.0,0.125,0.8400053986843528
493,95ef6af0cd345193e,1.0,0.0,0.0,1.0,1.0,1.0,1.0,1.0,0.0,True,2021.09.16.19.27.01_veh-45_01749_03230,1,1631823139.000078,587596.241130581,4475931.41210009,587613.4254046676,4475938.830875965,0.0,0.9735370023884323,0.0
494,e8a42b314c0d6f88e,1.0,1.0,0.0,1.0,1.0,1.0,0.0,1.0,0.0,True,2021.09.16.14.39.34_veh-42_00297_00935,1,1631804065.7000349,587782.7037008106,4475641.438261082,587768.3492693932,4475622.167721214,1.0,4.548406723582972e-43,0.0
495,d8c8d7ca717326aa5,1.0,0.0,0.5,1.0,0.8759430868621506,1.0,0.0,1.0,0.0,True,2021.08.30.13.45.25_veh-40_00610_00771,1,1630331842.000428,332834.51054141065,4690182.133608631,332851.56128874945,4690186.482630993,1.0,0.058823529411764705,0.0
496,92bb9ea2567e28fca,1.0,1.0,1.0,1.0,0.8070889109623973,1.0,1.0,1.0,0.9311031824865704,True,2021.09.09.17.18.51_veh-48_01248_01450,1,1631209389.999616,330953.8629887067,4690912.06132583,330963.6170858361,4690930.495261651,0.0,0.07692307692307693,0.8147152846757492
497,b24449179efd06cad,1.0,1.0,1.0,1.0,0.911591597999931,1.0,1.0,1.0,0.9684255707142609,True,2021.10.06.08.16.17_veh-52_00181_00574,1,1633508490.699611,365655.75680324814,143867.25761602147,365643.2875220492,143852.2979211255,1.0,0.05555555555555555,0.9723723743749784
498,2d69cb0443fc22cf0,1.0,1.0,1.0,1.0,1.0,1.0,1.0,1.0,1.0,True,2021.10.06.08.16.17_veh-52_01430_01579,1,1633509774.6997578,365392.00573856366,143774.69844481358,365391.96163343545,143774.69885929962,1.0,0.1,1.0
499,e302536dfb1a897a7,1.0,1.0,1.0,1.0,0.6700665699646784,1.0,0.0,1.0,0.7393094892730995,True,2021.09.16.14.39.34_veh-42_00297_00935,1,1631804065.7000349,587781.3054323975,4475637.176279224,587772.7727573676,4475626.512544673,1.0,2.7575000029810776e-07,0.771895803113962
500,cd486e24ba631556c,1.0,1.0,1.0,1.0,0.013620544528984724,1.0,0.0,1.0,0.5048644801889232,True,2021.09.16.17.40.09_veh-45_02539_02745,1,1631816799.399855,587634.3751083558,4475958.175959617,587634.3803665057,4475958.173080497,0.0,0.1,0.44175642016530775
501,64cb1964d2bb9f801,1.0,1.0,1.0,1.0,0.8987670354565646,1.0,0.0,1.0,0.820988226948773,True,2021.10.06.07.26.10_veh-52_01245_02064,1,1633506904.7003188,364931.9990910486,143473.06583196876,364956.2579819949,143501.2381047681,1.0,5.112183816505263e-158,0.8433646985801764
502,b928ef9aeaf66b2ad,0.0,1.0,0.5,1.0,1.0,0.0,0.0,1.0,0.0,True,2021.09.09.17.18.51_veh-48_01248_01450,1,1631209389.999616,330960.3287443668,4690920.001181355,330968.2292305895,4690934.7811297085,1.0,0.07692307692307693,0.0
503,d6ae7a1180d77eafb,1.0,1.0,1.0,1.0,0.9484254979814498,1.0,1.0,1.0,0.9815805349933749,True,2021.09.29.19.02.14_veh-28_00540_00917,1,1632942809.7997708,331146.4002656609,4690833.099506836,331132.429393935,4690842.897283474,1.0,0.00024093561947734877,0.9838829681192031
504,dad71058266c1b1e8,1.0,1.0,1.0,1.0,0.9092489293321467,1.0,1.0,1.0,0.9675889033329096,True,2021.10.06.08.16.17_veh-52_00181_00574,1,1633508490.1997619,365648.2982172119,143858.8940603208,365639.0469848159,143849.1746360227,0.0,0.05555555555555555,0.8466402904162958
505,e3a9da177d10be28d,1.0,1.0,1.0,1.0,1.0,1.0,0.0,1.0,0.8571428571428571,True,2021.10.06.08.16.17_veh-52_01949_02501,1,1633510715.6996589,364988.9576222694,143544.15514921516,365002.9589886709,143560.9706602564,0.0,0.05555555555555555,0.75
506,c999a24e14bcd26f6,1.0,1.0,1.0,1.0,0.9388534775697261,1.0,1.0,1.0,0.9781619562749021,True,2021.09.16.19.12.04_veh-42_01438_01677,1,1631821507.50001,588089.4713294305,4475756.009151739,588066.9385120522,4475738.556393503,1.0,0.0,0.9808917117405394
507,b81180657e76ac7aa,1.0,1.0,1.0,1.0,0.9743185755162985,1.0,1.0,1.0,0.9908280626843923,True,2021.08.30.14.54.34_veh-40_00439_00835,1,1630335936.00053,331302.54295008385,4691033.179845732,331302.25875961996,4691023.979503049,0.0,2.2972410868399897e-05,0.8669745548488432
508,39a33f6262e8b8c0c,1.0,1.0,1.0,1.0,0.7257509534473199,1.0,1.0,1.0,0.9020539119454715,True,2021.06.03.13.55.17_veh-35_02866_03582,1,1622746356.1010978,664550.0765500631,3999007.817678903,664540.9622654062,3998987.2995392177,1.0,2.1428793779223673e-67,0.9142971729522875
509,554118efec9ed40ce,1.0,1.0,1.0,1.0,1.0,1.0,0.0,1.0,0.8571428571428571,True,2021.09.29.15.23.04_veh-28_00814_01101,1,1632930209.2996628,331559.57724694663,4690832.389718301,331537.39982313843,4690847.208803492,0.0,2.8463275289037242e-18,0.75
510,a03596d2557544d9f,1.0,0.0,0.5,1.0,1.0,1.0,0.0,1.0,0.0,True,2021.09.09.17.18.51_veh-48_01248_01450,1,1631209389.999616,330957.2816896466,4690925.291630388,330969.3715663046,4690937.940826328,1.0,0.07692307692307693,0.0
511,3efd4f33e21321aca,1.0,1.0,1.0,1.0,0.9996153810110656,1.0,1.0,1.0,0.9998626360753805,True,2021.05.25.17.54.41_veh-35_01905_02121,1,1621981835.900663,664403.2620808412,3997338.5144461137,664421.5790027446,3997339.7622814486,0.0,0.125,0.874879806565958
512,0028b234cfbb35f30,1.0,1.0,1.0,1.0,0.8486879829811853,1.0,1.0,1.0,0.9459599939218519,True,2021.06.28.20.24.43_veh-38_03385_04952,1,1624915517.599393,664201.9341729056,3997421.558000591,664207.7676136589,3997422.4005339937,1.0,0.14285714285714285,0.9527149946816205
513,a0dc275ea4b2b9c05,1.0,1.0,1.0,1.0,1.0,1.0,1.0,1.0,1.0,True,2021.09.16.14.39.34_veh-42_00297_00935,1,1631803658.199535,588333.7522585,4475950.279331616,588374.1327127068,4475983.188172764,1.0,1.2582128852774377e-27,1.0
514,050eb5c5cd6081213,1.0,1.0,1.0,1.0,0.5968983205205216,1.0,1.0,1.0,0.8560351144716148,True,2021.06.28.13.53.26_veh-26_00492_00696,1,1624889084.203117,664423.1737753252,3997342.381539912,664425.5712182978,3997361.2139212666,1.0,0.0,0.874030725162663
515,f67fdc6f83d2e8656,1.0,1.0,0.5,1.0,1.0,1.0,0.0,1.0,0.42857142857142855,True,2021.09.16.19.27.01_veh-45_01749_03230,1,1631822761.5000799,587578.2701775236,4475580.259525285,587568.1141409066,4475582.740468371,0.0,3.518357719555823e-83,0.375
516,a50c0b5a789ee7174,0.0,1.0,0.0,1.0,0.8968917700272453,0.0,0.0,1.0,0.0,True,2021.10.06.08.16.17_veh-52_01949_02501,1,1633510350.699738,365821.65575278475,143141.39756894167,365796.7168024863,143164.1383260463,0.0,0.09090909090909091,0.0
517,6d8d91ad290f124b2,0.0,1.0,1.0,1.0,1.0,0.0,0.0,1.0,0.0,True,2021.09.16.15.47.30_veh-45_01199_01391,1,1631808555.2996619,587721.4189059747,4475568.00174121,587713.8888594225,4475558.664910123,0.0,2.430478255414954e-54,0.0
518,3428d82c17d7e5501,1.0,1.0,1.0,1.0,1.0,1.0,1.0,1.0,1.0,True,2021.05.25.14.16.10_veh-35_03373_03550,1,1621970164.500871,664425.9872951312,3997345.8382960795,664425.9823621885,3997346.158365892,1.0,0.14285714285714285,1.0
519,7b35876d62521ffc5,1.0,1.0,0.0,1.0,0.9307681105958331,1.0,0.0,1.0,0.0,True,2021.09.29.19.02.14_veh-28_03198_03360,1,1632945465.799696,332422.46291978954,4690462.644645053,332393.85901108175,4690478.280576586,0.0,0.08333333333333333,0.0
520,033858312a3f04e99,0.0,1.0,0.0,1.0,1.0,0.0,0.0,1.0,0.0,True,2021.08.30.16.16.44_veh-40_00779_01088,1,1630341065.000195,331455.14417789393,4691028.610595309,331437.8600405727,4691039.597455462,0.0,1.6814941637168898e-56,0.0
521,b55de67890f581798,1.0,1.0,1.0,1.0,0.042092683992368006,1.0,1.0,1.0,0.6578902442829886,True,2021.05.25.17.54.41_veh-35_01905_02121,1,1621981835.900663,664425.7114840453,3997347.0868928703,664425.702925588,3997347.2177682472,1.0,0.125,0.700653963747615
522,0c4b91dd1d5fee81a,1.0,1.0,0.5,1.0,1.0,1.0,0.0,1.0,0.42857142857142855,True,2021.09.16.13.53.10_veh-42_00180_00342,1,1631800720.399858,589150.902958811,4474490.911714974,589160.6155515924,4474474.706743531,1.0,0.058823529411764705,0.4375
523,6f6d638ab426ccd16,1.0,1.0,0.0,1.0,1.0,1.0,0.0,1.0,0.0,True,2021.09.16.14.39.34_veh-42_00032_00186,1,1631803295.199668,589216.320754742,4474336.471238527,589196.6487784265,4474379.845809922,1.0,1.7555299129561045e-135,0.0
524,b545597d491f4a96e,1.0,1.0,1.0,1.0,1.0,1.0,1.0,1.0,1.0,True,2021.09.16.19.27.01_veh-45_01749_03230,1,1631822761.5000799,587584.6003572416,4475577.63207554,587574.4065340679,4475580.4139422225,0.0,0.551629320260407,0.875
525,08b425d9aa40aee45,1.0,0.0,1.0,1.0,1.0,1.0,1.0,0.0,0.0,True,2021.09.16.17.40.09_veh-45_02539_02745,1,1631816799.399855,587616.8803109026,4475934.249544794,587623.06355665,4475954.770900839,0.0,0.1,0.0
526,165e39945068ad586,1.0,1.0,1.0,1.0,0.9074959633427029,1.0,1.0,1.0,0.9669628440509653,True,2021.06.03.13.55.17_veh-35_02866_03582,1,1622746356.1010978,664555.4500952646,3999020.2120742593,664541.322425476,3998988.6997565855,1.0,1.195305700994206e-106,0.9710924885445946
527,b0fd56183680b68ae,0.0,0.0,1.0,1.0,1.0,0.0,0.0,0.0,0.0,True,2021.10.06.08.16.17_veh-52_01949_02501,1,1633510715.199517,364981.10368028475,143535.517137703,365002.7467819615,143559.39013389262,0.0,0.05555555555555555,0.0
528,b9f22151c02f5a7d4,1.0,1.0,1.0,1.0,0.0007297200829649735,1.0,1.0,1.0,0.6431177571724874,True,2021.09.29.18.19.40_veh-28_01268_01685,1,1632940905.599799,331189.58102251356,4690852.233966446,331189.5811354758,4690852.234492524,1.0,5.555729723310194e-44,0.6877280375259265
529,b840603cdbc809965,1.0,1.0,0.0,1.0,1.0,1.0,0.0,1.0,0.0,True,2021.09.29.19.02.14_veh-28_03198_03360,1,1632945465.799696,332422.67351212655,4690464.479061173,332393.5081720665,4690478.557157416,0.0,0.08333333333333333,0.0
530,ae63fbc91467ac137,1.0,1.0,1.0,1.0,1.0,1.0,1.0,1.0,1.0,True,2021.09.29.18.19.40_veh-28_01268_01685,1,1632940905.599799,331188.8063702892,4690850.123068297,331188.8070849234,4690850.126148988,1.0,3.2855091182795364e-13,1.0
531,4cdaeeeeccac7dcd3,1.0,1.0,0.0,1.0,1.0,1.0,0.0,1.0,0.0,True,2021.09.16.14.39.34_veh-42_00032_00186,1,1631803294.6996439,589211.475595169,4474353.309391852,589193.5005545282,4474388.345736844,1.0,1.0346582454925143e-41,0.0
532,dea13a804cc9407af,1.0,1.0,1.0,1.0,0.11117593174060003,1.0,1.0,1.0,0.6825628327645,True,2021.09.29.19.02.14_veh-28_03198_03360,1,1632945465.299811,332382.102949377,4690479.800316984,332380.7451585328,4690479.355077797,1.0,0.08333333333333333,0.7222424786689375
533,0947aa4445fd336d1,0.0,1.0,1.0,1.0,1.0,0.0,0.0,1.0,0.0,True,2021.09.16.19.27.01_veh-45_01749_03230,1,1631822328.5003679,587527.1851576393,4475704.533663712,587513.4051822486,4475705.670147741,1.0,0.2,0.0
534,1297091b925da475f,1.0,1.0,1.0,1.0,1.0,1.0,0.0,1.0,0.8571428571428571,True,2021.09.29.19.02.14_veh-28_00964_01689,1,1632943898.799849,331568.2425308771,4690829.533026714,331549.5695771562,4690840.148726647,1.0,1.6544195063017429e-07,0.875
535,d31a201a98822b2ce,1.0,1.0,1.0,1.0,0.6105417175780083,1.0,1.0,1.0,0.8609077562778601,True,2021.09.16.14.39.34_veh-42_00297_00935,1,1631804065.200268,587777.903002879,4475633.453014875,587771.0342737921,4475625.510946641,1.0,0.42396368394720757,0.8782942867431276
536,c23d40512beeb21d4,1.0,1.0,1.0,1.0,0.6340146177858733,1.0,1.0,1.0,0.8692909349235263,True,2021.08.30.13.45.25_veh-40_00610_00771,1,1630331841.500309,332846.8596825378,4690180.796046619,332854.21799392265,4690186.957251422,0.0,0.058823529411764705,0.7606295680580855
537,b6963168b66273c97,1.0,1.0,1.0,1.0,0.9312082268643049,1.0,1.0,1.0,0.9754315095943946,True,2021.09.16.14.39.34_veh-42_00297_00935,1,1631803658.199535,588348.365350723,4475962.895151446,588377.8561178339,4475985.69415573,1.0,4.9205961934723973e-129,0.9785025708950953
538,ddfce47695493c151,0.0,1.0,0.0,1.0,1.0,0.0,0.0,1.0,0.0,True,2021.08.30.16.16.44_veh-40_00779_01088,1,1630341065.000195,331451.27343902196,4691033.24202592,331436.144656991,4691040.9898177935,0.0,9.271543940873084e-20,0.0
539,151d16ac2d96ae161,0.0,0.0,0.5,1.0,1.0,0.0,1.0,1.0,0.0,True,2021.10.06.08.16.17_veh-52_01430_01579,1,1633509774.6997578,365403.11657244444,143769.8345967061,365394.49928051577,143774.31844237115,0.0,0.1,0.0
540,24a39936d6d41ac30,1.0,1.0,0.0,1.0,1.0,1.0,0.0,1.0,0.0,True,2021.09.16.14.39.34_veh-42_00032_00186,1,1631803294.6996439,589198.1583087629,4474378.526446109,589188.1488863055,4474398.724392288,0.0,3.0331525042766006e-123,0.0
541,c35bfd24684ea8d55,1.0,1.0,1.0,1.0,0.875136149163203,0.0,0.0,1.0,0.4554057675582868,True,2021.10.06.08.16.17_veh-52_01949_02501,1,1633510351.1995609,365840.7522904211,143128.56493044423,365806.19395540626,143155.55482964352,1.0,1.0,0.523480046613501
542,66186ff8feddb320f,1.0,1.0,1.0,1.0,0.7759052726582907,1.0,0.0,1.0,0.7771090259493896,True,2021.10.06.08.16.17_veh-52_00181_00574,1,1633508490.1997619,365648.3402619963,143855.96881455413,365639.0563625643,143848.4751485846,1.0,0.05555555555555555,0.8049703977057159
543,1821758da0d84714b,1.0,1.0,0.0,1.0,1.0,1.0,0.0,1.0,0.0,True,2021.08.30.13.45.25_veh-40_00610_00771,1,1630331842.000428,332817.74741990125,4690174.723052391,332846.97578403994,4690180.875129937,0.0,0.058823529411764705,0.0
544,517d13818dab667f5,1.0,0.0,1.0,1.0,0.9125895554392199,1.0,0.0,1.0,0.0,True,2021.10.06.08.16.17_veh-52_00181_00574,1,1633508490.1997619,365660.3467650856,143866.35290315168,365643.1054540414,143851.15909960427,1.0,0.05555555555555555,0.0
545,9384f1e1e708f3470,1.0,1.0,1.0,1.0,0.9362787237559845,1.0,0.0,1.0,0.8343852584842801,True,2021.10.06.08.16.17_veh-52_00181_00574,1,1633508490.1997619,365655.97605772235,143866.27886285147,365642.2557077155,143851.2831139073,1.0,0.05555555555555555,0.8550871011737451
546,a69e816127208136c,1.0,1.0,1.0,1.0,0.7619623541590822,1.0,0.0,1.0,0.7721294121996722,True,2021.10.06.08.16.17_veh-52_00181_00574,1,1633508490.1997619,365662.3230492239,143874.33555783154,365647.8844316477,143854.85508849108,1.0,0.05555555555555555,0.8006132356747132
547,12b8102851dec66e5,1.0,1.0,1.0,1.0,0.004490212396394887,1.0,1.0,1.0,0.6444607901415697,True,2021.09.29.18.19.40_veh-28_01268_01685,1,1632940905.099813,331189.5784453504,4690852.212021868,331189.57883756625,4690852.213847729,1.0,3.2834721211610837e-51,0.6889031913738735
548,93f8dde94dbff4d7d,1.0,1.0,1.0,1.0,0.0,1.0,1.0,1.0,0.6428571428571429,True,2021.09.09.17.18.51_veh-48_01248_01450,1,1631209389.499202,330975.5703082994,4690938.421392062,330975.5711493038,4690938.421177481,1.0,0.07692307692307693,0.6875
549,c966f12167e10d758,1.0,1.0,1.0,1.0,1.0,1.0,1.0,1.0,1.0,True,2021.09.29.19.02.14_veh-28_00540_00917,1,1632942810.299607,331146.42817683995,4690833.243443153,331132.28168700554,4690843.456944621,1.0,0.0009390498585571436,1.0
550,378f516a635bd9169,0.0,1.0,1.0,1.0,1.0,0.0,1.0,1.0,0.0,True,2021.08.30.14.54.34_veh-40_00439_00835,1,1630335935.500406,331313.5526172177,4691048.660788867,331302.3800844761,4691028.767403769,0.0,5.875866920637826e-25,0.0
551,e20ec0633fcd9af94,1.0,1.0,1.0,1.0,0.6481566402291423,1.0,0.0,1.0,0.7314845143675509,True,2021.09.16.14.39.34_veh-42_01609_01687,1,1631804880.699805,589021.3595858995,4474712.24669541,589015.9187340088,4474734.010527016,1.0,3.293755323306146e-144,0.765048950071607
552,b52e19bdb170f1078,1.0,1.0,1.0,1.0,0.3872701419270084,1.0,1.0,1.0,0.7811679078310745,True,2021.09.29.14.44.26_veh-28_00528_00992,1,1632927662.7996838,331694.6065212079,4690869.598231266,331696.8125696377,4690865.748797332,0.0,2.5320922e-316,0.6835219193521902
553,d131d95c5bdd01f16,1.0,0.0,1.0,1.0,0.523744190097373,1.0,1.0,1.0,0.0,True,2021.09.16.13.53.10_veh-42_00180_00342,1,1631800719.899852,589151.8623101185,4474493.966702474,589159.7916030657,4474479.37003474,1.0,0.058823529411764705,0.0
554,b8b2aad7145d418e5,1.0,1.0,1.0,1.0,0.6855774782367307,1.0,1.0,1.0,0.8877062422274038,True,2021.09.16.13.53.10_veh-42_00180_00342,1,1631800720.399858,589148.3045994892,4474500.855586223,589157.9749869105,4474480.841159326,0.0,0.058823529411764705,0.7767429619489783
555,a382d4a158cc4f443,1.0,1.0,1.0,1.0,0.7527532017576869,1.0,0.0,1.0,0.7688404291991738,True,2021.10.06.08.16.17_veh-52_00181_00574,1,1633508490.699611,365657.4076402641,143869.81913794874,365644.2625676326,143854.42416329475,1.0,0.05555555555555555,0.7977353755492771
556,35af9247ec4aef73d,1.0,0.0,1.0,1.0,0.8340000245653879,1.0,0.0,1.0,0.0,True,2021.09.29.14.44.26_veh-28_00238_00320,1,1632927022.799661,330857.5298315469,4689997.776725399,330838.64954170556,4689960.224985546,1.0,8.530961611612347e-26,0.0
557,7206aa9198632886d,0.0,1.0,1.0,1.0,0.6976206378303617,0.0,0.0,1.0,0.0,True,2021.06.03.13.55.17_veh-35_02866_03582,1,1622746356.1010978,664546.0282259436,3999002.0896248166,664539.5405849009,3998985.4391516964,1.0,4.306255734941382e-24,0.0
558,1fe4ed0aea2c3ed33,0.0,0.0,1.0,1.0,1.0,0.0,0.0,1.0,0.0,True,2021.09.29.14.44.26_veh-28_00528_00992,1,1632927662.2998679,331669.37194133725,4690888.604112077,331692.33485831704,4690872.9097619,0.0,0.06666666666666667,0.0
559,1e6e2d318ec0f30bf,1.0,0.0,0.0,1.0,0.9844027704283507,1.0,0.0,1.0,0.0,True,2021.09.29.14.44.26_veh-28_00238_00320,1,1632927022.299784,330841.7108057593,4689961.939101877,330830.31093943055,4689942.97918956,0.0,0.05,0.0
560,1321cf37404d27e22,1.0,1.0,0.0,1.0,1.0,1.0,0.0,1.0,0.0,True,2021.09.16.14.39.34_veh-42_00032_00186,1,1631803294.6996439,589210.8715182103,4474353.946358398,589192.8497299476,4474387.712876988,1.0,3.3182302682460423e-41,0.0
561,e6a340849c0025d9f,1.0,1.0,0.5,1.0,1.0,1.0,1.0,1.0,0.5,True,2021.09.16.19.27.01_veh-45_01749_03230,1,1631823139.000078,587598.5878553303,4475934.311000373,587612.1662417488,4475937.410401931,0.0,6.483953084889648e-15,0.4375
562,704a2b5191f2e8c04,0.0,1.0,0.0,1.0,1.0,0.0,0.0,1.0,0.0,True,2021.08.30.16.16.44_veh-40_00779_01088,1,1630341065.000195,331448.3429419474,4691033.560580053,331431.34745077055,4691042.887738414,0.0,1.9270315155504583e-07,0.0
563,e131606576698bb6b,1.0,1.0,1.0,1.0,1.0,1.0,0.0,1.0,0.8571428571428571,True,2021.09.29.19.02.14_veh-28_00540_00917,1,1632942809.7997708,331162.5114800731,4690817.474194089,331138.5884218364,4690837.16652392,0.0,1.331929514783498e-194,0.75
564,562756132cea470ea,1.0,1.0,1.0,1.0,0.6861183423624156,1.0,0.0,1.0,0.7450422651294341,True,2021.10.06.08.16.17_veh-52_00181_00574,1,1633508490.1997619,365653.1040313638,143861.3452795852,365640.5930563534,143850.46777179005,1.0,0.05555555555555555,0.7769119819882548
565,90060fb4a17c1e73a,1.0,0.0,0.0,1.0,1.0,1.0,0.0,1.0,0.0,True,2021.09.16.19.27.01_veh-45_01749_03230,1,1631823139.5002458,587586.0408090398,4475930.069587891,587608.5476463242,4475935.497593125,0.0,2.308956306662588e-47,0.0
566,b6030dfa5349bcc9b,1.0,1.0,1.0,1.0,1.0,1.0,1.0,1.0,1.0,True,2021.09.16.14.39.34_veh-42_00297_00935,1,1631803657.699476,588335.5794024152,4475949.559885404,588376.6132293325,4475983.74636636,1.0,0.08333333333333333,1.0
567,7c999853833c34336,1.0,1.0,1.0,1.0,1.0,1.0,0.0,0.0,0.7142857142857143,True,2021.09.29.19.02.14_veh-28_03198_03360,1,1632945465.299811,332406.9972817811,4690472.0395990405,332387.5727943438,4690479.943021962,0.0,0.08333333333333333,0.625
568,280a9911bfe1f941e,1.0,1.0,1.0,1.0,0.8846416030195201,1.0,1.0,1.0,0.9588005725069715,True,2021.09.29.15.23.04_veh-28_00814_01101,1,1632930209.799517,331546.05516023235,4690843.67929731,331531.0788463181,4690848.000122974,1.0,4.8539439767122875e-27,0.9639505009436
569,396a1f73f2332bb19,1.0,1.0,1.0,1.0,0.8603775383836201,1.0,1.0,1.0,0.9501348351370071,True,2021.08.30.13.45.25_veh-40_00610_00771,1,1630331842.000428,332824.087600681,4690179.2584011275,332850.4898602271,4690183.573882054,0.0,0.058823529411764705,0.8313679807448813
570,86d4226f5118e784d,1.0,1.0,1.0,1.0,1.0,1.0,1.0,1.0,1.0,True,2021.09.16.14.39.34_veh-42_00032_00186,1,1631803294.6996439,589213.3508267875,4474341.505581994,589193.9537817257,4474384.814529669,1.0,1.0323163536749616e-120,1.0
571,d227ec1d4a92cd5fe,1.0,0.0,1.0,1.0,1.0,1.0,1.0,1.0,0.0,True,2021.09.29.14.44.26_veh-28_00238_00320,1,1632927022.299784,330840.1734876275,4689962.156671444,330829.3618207422,4689942.12766647,0.0,0.05,0.0
572,4fe667077cf665671,1.0,1.0,1.0,1.0,1.0,1.0,0.0,1.0,0.8571428571428571,True,2021.09.16.19.12.04_veh-42_01438_01677,1,1631821507.000123,588117.8319812228,4475777.537230813,588075.5575495751,4475745.428200034,1.0,2.3854641784271382e-11,0.875
573,0b2a954e62c86d95c,1.0,1.0,1.0,1.0,0.7755672795069034,1.0,1.0,1.0,0.9198454569667512,True,2021.09.29.14.44.26_veh-28_00528_00992,1,1632927662.7996838,331694.9458301267,4690868.373631623,331698.6609173746,4690861.050042043,0.0,0.0,0.8048647748459073
574,aded499bdbf17f962,0.0,1.0,1.0,1.0,1.0,0.0,0.0,1.0,0.0,True,2021.09.29.15.23.04_veh-28_00814_01101,1,1632930209.799517,331563.8265758848,4690831.9916120665,331539.3144566228,4690845.769015887,0.0,1.853447869424534e-51,0.0
575,1b905261d3f70d1f0,1.0,1.0,1.0,1.0,0.9477881483293619,1.0,1.0,1.0,0.9813529101176293,True,2021.08.30.13.45.25_veh-40_00610_00771,1,1630331842.000428,332851.54988123605,4690180.6435432425,332857.8658735386,4690190.848306194,0.0,0.058823529411764705,0.8586837963529256
576,b68edb5514fba0f3e,1.0,1.0,1.0,1.0,0.6343566462210117,1.0,1.0,1.0,0.8694130879360756,True,2021.09.29.15.23.04_veh-28_00814_01101,1,1632930209.2996628,331537.3402787841,4690846.505014999,331528.5329920035,4690847.62654128,1.0,9.314278659626037e-63,0.8857364519440661
577,923c60fcee28fff76,1.0,1.0,1.0,1.0,0.6869779135487107,1.0,1.0,1.0,0.8882063976959681,True,2021.09.29.14.44.26_veh-28_00528_00992,1,1632927662.7996838,331683.238379412,4690879.063854319,331692.3805711282,4690870.071139721,1.0,3.227359905832014e-83,0.9021805979839721
578,beae653519f0232e7,1.0,1.0,1.0,1.0,0.7456284613967742,1.0,0.0,1.0,0.7662958790702765,True,2021.09.16.19.27.01_veh-45_01749_03230,1,1631822762.0001838,587579.5717054543,4475576.313372983,587573.7547856296,4475579.048515551,0.0,4.398466695090538e-29,0.670508894186492
579,32dda48eecd064f26,1.0,1.0,1.0,1.0,0.9800098582139987,1.0,0.0,1.0,0.8500035207907138,True,2021.06.03.13.55.17_veh-35_02866_03582,1,1622746356.6008,664545.1904164805,3998989.661965991,664538.478073163,3998978.8317115344,0.0,2.394318769998784e-39,0.7437530806918746
580,d917882ea2d51f02c,1.0,1.0,0.5,1.0,0.6652618908256281,1.0,0.0,1.0,0.36879676621886215,True,2021.09.16.14.39.34_veh-42_00297_00935,1,1631804065.7000349,587778.608468636,4475636.760269642,587771.3378794699,4475626.794313865,1.0,0.03311561319529952,0.38519717044150437
581,467689ba5841d624f,1.0,1.0,1.0,1.0,1.0,1.0,0.0,1.0,0.8571428571428571,True,2021.06.28.20.24.43_veh-38_03385_04952,1,1624916867.6002939,664455.1245412196,3998071.6360903983,664456.3084319803,3998061.2215930657,0.0,0.2,0.75
582,b68951cab847f0bf5,0.0,1.0,1.0,1.0,1.0,0.0,1.0,1.0,0.0,True,2021.09.29.14.44.26_veh-28_00528_00992,1,1632927662.7996838,331656.06865399115,4690896.753380488,331684.8069216705,4690878.096703337,1.0,6.823762142409763e-75,0.0
583,28b439620873c91b9,1.0,1.0,1.0,1.0,0.6725715392854044,1.0,1.0,1.0,0.8830612640305014,True,2021.09.16.13.53.10_veh-42_00860_01069,1,1631801423.399725,587814.9902530962,4475677.1808148995,587805.0682337568,4475664.693041156,1.0,3.1157683272132885e-07,0.8976786060266888
584,c55fd3e0272579bda,1.0,1.0,1.0,1.0,0.9155513232877912,1.0,1.0,1.0,0.9698397583170683,True,2021.09.29.19.02.14_veh-28_00540_00917,1,1632942810.299607,331151.23564156797,4690823.644101323,331138.1033122131,4690835.938134002,1.0,2.829687463416684e-159,0.9736097885274347
585,8da51d4b0fa17ee9a,1.0,1.0,1.0,1.0,0.8943764440482666,1.0,0.0,1.0,0.8194201585886667,True,2021.09.16.19.12.04_veh-42_01438_01677,1,1631821507.000123,588095.2690071827,4475760.660989951,588067.8289157969,4475739.5098545365,1.0,1.2032834018667422e-115,0.8419926387650833
586,445dc87ec088dd46a,1.0,0.0,0.5,1.0,0.9289959928460396,1.0,1.0,1.0,0.0,True,2021.09.16.19.27.01_veh-45_01749_03230,1,1631823139.5002458,587599.2964192047,4475933.027079888,587613.2726848335,4475936.445317376,0.0,0.005385577197809173,0.0
587,bc9c6d13fa066c8ed,1.0,1.0,1.0,1.0,0.9675966223883368,1.0,1.0,1.0,0.9884273651386917,True,2021.09.16.19.12.04_veh-42_01438_01677,1,1631821507.000123,588102.4907989058,4475765.230019931,588070.1594885126,4475741.254831404,1.0,3.0266384093144874e-41,0.9898739444963552
588,dc0cffde6935fbd2b,1.0,1.0,1.0,1.0,0.618939554067942,1.0,1.0,1.0,0.8639069835956936,True,2021.10.06.07.26.10_veh-52_02208_02394,1,1633507451.700127,365157.7191838101,143541.1776433843,365151.1105206542,143542.92776115518,0.0,0.125,0.7559186106462319
589,9823414897079697b,1.0,1.0,1.0,1.0,0.7001134178007031,1.0,0.0,1.0,0.7500405063573939,True,2021.09.29.14.44.26_veh-28_00238_00320,1,1632927022.799661,330846.3262046672,4689977.055556242,330834.04869540985,4689954.129497698,0.0,1.0969105335208841e-32,0.6562854430627197
590,bebc043b24bdb6ddf,1.0,1.0,1.0,1.0,0.5379188150096529,1.0,1.0,1.0,0.8349710053605903,True,2021.09.16.19.27.01_veh-45_01749_03230,1,1631823139.000078,587609.525895982,4475933.730316144,587615.1539725566,4475941.432121308,1.0,4.8521061356326e-11,0.8555996296905165
591,81da68a500fb17473,1.0,1.0,1.0,1.0,1.0,1.0,0.0,1.0,0.8571428571428571,True,2021.06.28.20.24.43_veh-38_03385_04952,1,1624916867.6002939,664458.095800527,3998068.6609467147,664457.5732396654,3998061.672018951,1.0,0.2,0.875
592,552b5ed253cfd2ed4,1.0,1.0,1.0,1.0,1.0,1.0,0.0,1.0,0.8571428571428571,True,2021.09.16.14.39.34_veh-42_00032_00186,1,1631803294.6996439,589197.7370937214,4474376.823704224,589188.6330264573,4474396.033327953,0.0,2.4141213664722544e-48,0.75
593,1738de90a4b9b6de0,1.0,1.0,1.0,1.0,1.0,1.0,1.0,1.0,1.0,True,2021.09.16.14.39.34_veh-42_00297_00935,1,1631803657.699476,588339.6038077074,4475955.516136713,588378.1815216766,4475986.577843747,1.0,0.08333333333333333,1.0
594,07ec0b134ef32ae77,1.0,1.0,1.0,1.0,0.9447831856372682,1.0,1.0,1.0,0.9802797091561671,True,2021.09.16.14.39.34_veh-42_01609_01687,1,1631804880.699805,589024.48422162,4474691.27964698,589016.0854389641,4474731.216951666,1.0,1.5612485704461778e-63,0.9827447455116463
595,9ce594d7aea2ad542,1.0,1.0,1.0,1.0,0.0,1.0,1.0,1.0,0.6428571428571429,True,2021.09.29.18.19.40_veh-28_01268_01685,1,1632940905.599799,331189.38050062285,4690852.012266909,331189.3806604069,4690852.012833628,1.0,2.3003933395909027e-38,0.6875
596,44b5f6ff06f523846,0.0,0.0,1.0,1.0,1.0,0.0,0.0,1.0,0.0,True,2021.09.29.19.02.14_veh-28_00964_01689,1,1632943898.799849,331591.01270414,4690816.760737843,331558.9638579801,4690835.883685581,1.0,1.172e-320,0.0
597,d27053118101aa310,1.0,1.0,1.0,1.0,0.7264294999071622,1.0,0.0,1.0,0.7594391071097009,True,2021.06.03.13.55.17_veh-35_02866_03582,1,1622746356.1010978,664536.6530401433,3998984.9357722783,664535.7697494631,3998976.6270857155,0.0,4.1345741264732125e-85,0.6645092187209882
598,d0edf77b02ddc46df,1.0,1.0,0.0,1.0,1.0,1.0,0.0,1.0,0.0,True,2021.10.06.07.26.10_veh-52_00953_01126,1,1633506342.1999938,365984.4005324838,143020.60297644205,366016.0051302231,142993.69916777784,0.0,6.111617587367815e-164,0.0
599,36f72d3764ee8b14f,1.0,1.0,1.0,1.0,0.6398566279930384,1.0,0.0,1.0,0.728520224283228,True,2021.10.06.07.26.10_veh-52_02208_02394,1,1633507451.700127,365167.7590218077,143540.04269903607,365156.15505753603,143540.8334007736,1.0,0.125,0.7624551962478245
600,c8f09b5608e102dfb,1.0,1.0,0.5,1.0,1.0,1.0,1.0,1.0,0.5,True,2021.10.06.08.16.17_veh-52_01949_02501,1,1633510715.6996589,364979.18737880816,143532.69119592817,364999.85759488505,143556.93431270478,1.0,0.05555555555555555,0.5
601,a5797a61db84af354,1.0,1.0,1.0,1.0,0.0,1.0,1.0,1.0,0.6428571428571429,True,2021.09.09.17.18.51_veh-48_01248_01450,1,1631209389.999616,330975.5837759006,4690938.41801601,330975.58452876174,4690938.417823841,1.0,0.07692307692307693,0.6875
602,1c036c9aff4d0cf31,1.0,1.0,1.0,1.0,0.03400441789973678,1.0,1.0,1.0,0.6550015778213345,True,2021.06.28.20.24.43_veh-38_03385_04952,1,1624915518.099637,664206.3576477878,3997422.261114743,664206.3658658873,3997422.26203146,0.0,0.0015768760987017957,0.5731263805936677
603,252b287c4bec81c38,1.0,1.0,1.0,1.0,0.8394700511817769,1.0,0.0,1.0,0.7998107325649203,True,2021.10.06.07.26.10_veh-52_01245_02064,1,1633506904.7003188,364940.1250907079,143480.4724942495,364958.3850563141,143503.05865149785,1.0,2.6210259521658597e-71,0.8248343909943052
604,1ae5d174f7d867121,1.0,1.0,1.0,1.0,1.0,1.0,1.0,1.0,1.0,True,2021.10.06.08.16.17_veh-52_01430_01579,1,1633509774.6997578,365400.5526875716,143776.11399108398,365387.77415282006,143775.24204511987,0.0,0.1,0.875
605,aebf91cab56134486,1.0,1.0,1.0,1.0,0.7961578693912703,1.0,0.0,1.0,0.7843420962111679,True,2021.09.16.14.39.34_veh-42_00032_00186,1,1631803295.199668,589206.6364873544,4474357.661852188,589193.6102983257,4474386.217536987,1.0,0.00023117360785445982,0.811299334184772
606,3504f8f8ec86e462f,1.0,1.0,1.0,1.0,0.6778818167452039,0.0,0.0,1.0,0.38495779169471567,True,2021.06.03.13.55.17_veh-35_02866_03582,1,1622746356.1010978,664546.4720160867,3998995.96086611,664539.660562457,3998982.5280331774,1.0,0.16812674872547623,0.4618380677328762
607,d43228a4743b49a37,1.0,1.0,1.0,1.0,0.6147798787793586,1.0,1.0,1.0,0.8624213852783423,True,2021.08.30.13.45.25_veh-40_00610_00771,1,1630331841.500309,332848.58890585724,4690180.386662131,332856.2188856959,4690187.58838949,1.0,0.058823529411764705,0.8796187121185496
608,bdb2442f6ebc40808,1.0,1.0,0.0,1.0,1.0,1.0,0.0,1.0,0.0,True,2021.09.29.14.44.26_veh-28_00528_00992,1,1632927662.2998679,331658.09103311284,4690891.5511021465,331688.47779838025,4690872.560608081,0.0,0.06666666666666667,0.0
609,63a044757376360cc,1.0,0.0,1.0,1.0,0.9304398604460993,1.0,0.0,0.0,0.0,True,2021.09.16.13.53.10_veh-42_00860_01069,1,1631801423.399725,587828.5559689247,4475656.680852364,587809.8759038226,4475666.493161546,0.0,6.088822161594603e-24,0.0
610,648027b9205dc7650,1.0,1.0,1.0,1.0,1.0,1.0,0.0,1.0,0.8571428571428571,True,2021.09.16.13.53.10_veh-42_00180_00342,1,1631800720.399858,589134.7516563013,4474531.256885199,589152.9810908977,4474488.8047803845,1.0,0.058823529411764705,0.875
611,df257ceb4f8312a9b,0.0,1.0,0.0,1.0,1.0,0.0,0.0,1.0,0.0,True,2021.08.30.16.16.44_veh-40_00779_01088,1,1630341065.000195,331461.21191865363,4691025.323065022,331439.4377117186,4691038.508935484,1.0,1.436373120065952e-106,0.0
612,7f2c914bf8b40c7b7,1.0,1.0,0.5,1.0,0.7986664894315054,1.0,1.0,1.0,0.4640475873984831,True,2021.09.16.13.53.10_veh-42_00860_01069,1,1631801423.399725,587824.9484635814,4475665.668961029,587808.4852580136,4475667.862964427,0.0,1.9274343356476366e-18,0.40604163897367274
613,5a6d3d8a6cd7a7d2e,1.0,1.0,1.0,1.0,0.3996408735210792,1.0,0.0,1.0,0.6427288834003855,True,2021.09.16.19.49.00_veh-42_00990_01609,1,1631823268.499907,587695.6850448207,4475618.940375453,587698.9234320859,4475616.506927929,0.0,0.125,0.5623877729753373
614,d7e2b5995b440ae0b,0.0,1.0,0.5,1.0,1.0,0.0,1.0,1.0,0.0,True,2021.08.30.14.54.34_veh-40_00439_00835,1,1630335936.00053,331306.6677331665,4691042.549227332,331301.7951264054,4691026.832709778,1.0,9.277735086962369e-05,0.0
615,d23a6fb267f1f6fa5,1.0,1.0,1.0,1.0,1.0,1.0,1.0,1.0,1.0,True,2021.10.06.08.16.17_veh-52_01430_01579,1,1633509775.199492,365400.38078479905,143776.1296756923,365387.75278126774,143775.24174698378,0.0,0.1,0.875
616,23ab7eb5b925e86ab,1.0,1.0,0.5,1.0,1.0,1.0,0.0,1.0,0.42857142857142855,True,2021.09.16.19.27.01_veh-45_01749_03230,1,1631822328.5003679,587528.5081388188,4475706.319490282,587515.5469380728,4475707.25889797,1.0,0.2,0.4375
617,cbe5f4984cb4e3fe1,1.0,1.0,1.0,1.0,0.6827512612800973,1.0,1.0,1.0,0.8866968790286062,True,2021.09.16.14.39.34_veh-42_00297_00935,1,1631804065.200268,587785.1757850454,4475641.704363439,587773.753464722,4475628.782353285,1.0,1.362593247089236e-31,0.9008597691500304
618,c186ed61c25fb9316,1.0,1.0,1.0,1.0,1.0,1.0,1.0,1.0,1.0,True,2021.09.16.14.39.34_veh-42_00297_00935,1,1631803657.699476,588343.632002474,4475955.778009861,588379.1033708117,4475985.930384173,0.0,0.08333333333333333,0.875
619,d3163ef07eaf8014c,1.0,0.0,1.0,1.0,0.8277071647485054,1.0,1.0,1.0,0.0,True,2021.08.30.13.45.25_veh-40_00610_00771,1,1630331842.000428,332838.767446392,4690181.607161402,332855.5741293648,4690185.902317941,0.0,0.058823529411764705,0.0
620,4466bfd1bb50dfc53,1.0,1.0,1.0,1.0,0.7198074783997481,1.0,1.0,1.0,0.8999312422856243,True,2021.10.06.08.16.17_veh-52_01949_02501,1,1633510350.699738,365816.6407951738,143149.58942146125,365797.6524401665,143163.865088752,0.0,0.09090909090909091,0.7874398369999213
621,6e89fe515e3ad5428,1.0,1.0,1.0,1.0,0.8597537325003378,1.0,1.0,1.0,0.9499120473215493,True,2021.09.29.14.44.26_veh-28_00238_00320,1,1632927022.299784,330838.6366951105,4689960.8867826825,330829.85449630773,4689943.267271237,0.0,0.05,0.8311730414063556
622,3d7ddf7a34c6ba150,1.0,1.0,0.0,1.0,1.0,1.0,1.0,1.0,0.0,True,2021.09.16.13.53.10_veh-42_00180_00342,1,1631800720.399858,589146.8954312672,4474499.779772306,589156.7129579103,4474481.242683417,0.0,0.058823529411764705,0.0
623,20d619058c9ec6829,1.0,1.0,1.0,1.0,0.9445789656713632,1.0,0.0,1.0,0.8373496305969155,True,2021.06.03.13.55.17_veh-35_02866_03582,1,1622746356.6008,664543.2925721735,3998984.8156214873,664536.8998099875,3998976.1913077077,0.0,2.4821198755473114e-114,0.732680926772301
624,a4405612b58117ecc,1.0,1.0,1.0,1.0,0.48474134835310095,1.0,1.0,1.0,0.8159790529832504,True,2021.09.16.19.27.01_veh-45_01749_03230,1,1631823139.000078,587610.8024147466,4475932.802862302,587615.1539725566,4475941.432121308,0.0,4.8521061356326e-11,0.7139816713603441
625,c07fcc57d1a2e1388,1.0,0.0,0.0,1.0,0.2671884070520734,1.0,0.0,1.0,0.0,True,2021.10.06.08.16.17_veh-52_01949_02501,1,1633510715.6996589,365021.08869857504,143562.857396518,365002.1477910808,143568.5609090795,1.0,0.05555555555555555,0.0
626,02a940e77418c19bc,1.0,1.0,1.0,1.0,0.6262741263397298,1.0,1.0,1.0,0.8665264736927607,True,2021.05.25.14.16.10_veh-35_03373_03550,1,1621970164.500871,664416.9466835043,3997337.8802638683,664424.1571951067,3997343.11048829,0.0,0.14285714285714285,0.7582106644811656
627,a52a1bf87700c06b5,1.0,1.0,1.0,1.0,1.0,1.0,0.0,1.0,0.8571428571428571,True,2021.09.16.19.27.01_veh-45_01749_03230,1,1631822762.0001838,587572.059103967,4475582.497399901,587571.6085092262,4475582.525964975,0.0,6.640973157764573e-106,0.75
628,17a263da0e14e7155,0.0,1.0,0.0,1.0,0.8270296126682746,0.0,0.0,1.0,0.0,True,2021.10.06.08.16.17_veh-52_01949_02501,1,1633510351.1995609,365827.91349107027,143137.49002803105,365801.25730078254,143159.25684069848,1.0,1.1631916457320397e-116,0.0
629,5b77cb58dfa1f5823,1.0,1.0,0.0,1.0,1.0,1.0,0.0,1.0,0.0,True,2021.09.16.14.39.34_veh-42_00032_00186,1,1631803294.6996439,589209.1806696323,4474357.294305375,589192.2059710759,4474389.512632795,1.0,2.8017526594766533e-13,0.0
630,32f2437326c9e81b2,1.0,1.0,1.0,1.0,1.0,1.0,0.0,1.0,0.8571428571428571,True,2021.09.16.19.27.01_veh-45_01749_03230,1,1631822761.5000799,587575.2053596792,4475582.426839412,587571.2735552635,4475582.5634217225,0.0,1.7035917198026204e-26,0.75
631,277e3887919b46cb1,1.0,0.0,1.0,1.0,0.8543182792852283,1.0,0.0,1.0,0.0,True,2021.09.29.14.44.26_veh-28_00238_00320,1,1632927022.299784,330855.46686004015,4689994.313655116,330836.148927614,4689955.650551684,1.0,0.05,0.0
632,1f61d345cacd5e1d1,1.0,1.0,1.0,1.0,0.9747903298231632,1.0,1.0,1.0,0.9909965463654155,True,2021.09.16.14.39.34_veh-42_01609_01687,1,1631804880.200022,589024.4571222665,4474692.034759878,589015.2084916664,4474734.3824018985,1.0,0.125,0.9921219780697386
633,bea93c9cd22af6ec1,1.0,0.0,0.5,1.0,1.0,1.0,0.0,1.0,0.0,True,2021.10.06.07.26.10_veh-52_02208_02394,1,1633507452.19991,365174.15542661457,143539.73402474402,365157.8620128153,143539.52556589135,1.0,0.125,0.0
634,0f705d42ea20356f6,1.0,0.0,1.0,1.0,1.0,0.0,1.0,1.0,0.0,True,2021.10.06.08.16.17_veh-52_01430_01579,1,1633509775.199492,365407.2920804582,143775.85568714692,365393.9703703681,143775.29895275313,0.0,0.1,0.0
635,ed00ab86d2c2f5767,1.0,1.0,1.0,1.0,0.7183757426096385,1.0,0.0,1.0,0.756562765217728,True,2021.06.28.20.24.43_veh-38_03385_04952,1,1624916867.6002939,664458.2598977186,3998065.797100972,664458.0020758958,3998062.107955967,1.0,0.2,0.786992419565512
636,b6ce710fb40df843d,1.0,1.0,1.0,1.0,1.0,1.0,1.0,0.0,0.8571428571428571,True,2021.09.16.17.40.09_veh-45_02539_02745,1,1631816799.399855,587613.7798511031,4475931.517992139,587624.3738470824,4475953.935018453,0.0,0.1,0.75
637,9e8bcf0ba8fefe716,1.0,1.0,1.0,1.0,1.0,1.0,1.0,1.0,1.0,True,2021.06.28.20.24.43_veh-38_03385_04952,1,1624915517.599393,664195.1314198923,3997419.343134029,664205.8285308259,3997421.976612432,1.0,0.14285714285714285,1.0
638,7e4af807f673c946b,1.0,0.0,1.0,1.0,1.0,1.0,0.0,0.0,0.0,True,2021.10.06.08.16.17_veh-52_01949_02501,1,1633510715.199517,364997.0470232471,143547.73502725546,365002.67640220874,143567.3071679083,0.0,0.05555555555555555,0.0
639,3e0f957bf14b2d2d9,1.0,1.0,1.0,1.0,0.9816170519942827,1.0,0.0,1.0,0.8505775185693868,True,2021.09.29.19.02.14_veh-28_00540_00917,1,1632942809.7997708,331138.2739204846,4690838.979923837,331129.6227661772,4690844.377874396,0.0,1.6155111595302027e-09,0.7442553287482134
640,3affb77370b09f4d7,1.0,1.0,1.0,1.0,0.24164456727819003,1.0,0.0,1.0,0.5863016311707822,True,2021.09.29.19.02.14_veh-28_03198_03360,1,1632945465.799696,332393.9850884009,4690477.876095945,332389.7269214188,4690480.345528056,0.0,0.08333333333333333,0.5130139272744344
641,0b3ce3fcc2b9cdf45,0.0,1.0,1.0,1.0,0.6629023102223784,0.0,0.0,1.0,0.0,True,2021.06.03.13.55.17_veh-35_02866_03582,1,1622746356.6008,664547.8379457897,3998996.5872921385,664540.6284729005,3998983.709418211,1.0,0.01400254625051204,0.0
642,a2d7b9c1ccf5a5070,1.0,0.0,0.5,1.0,1.0,1.0,1.0,1.0,0.0,True,2021.09.16.19.27.01_veh-45_01749_03230,1,1631823139.5002458,587597.6225671988,4475934.4785245275,587611.5676296732,4475936.630252584,0.0,4.1171535576797697e-05,0.0
643,b64ff461b41b49e3c,1.0,1.0,0.5,1.0,0.5171832843276962,1.0,0.0,1.0,0.34235415791566004,True,2021.09.16.13.53.10_veh-42_00180_00342,1,1631800719.899852,589155.3286137772,4474484.559925445,589161.7471587454,4474474.205575269,1.0,0.058823529411764705,0.36205988817620255
644,6dbbdae0bdb3174ac,1.0,1.0,1.0,1.0,0.4349189279768283,1.0,1.0,1.0,0.7981853314202958,True,2021.09.29.14.44.26_veh-28_00238_00320,1,1632927022.299784,330832.6466660581,4689945.770600394,330827.8167856623,4689938.967398741,1.0,0.05,0.8234121649927588
645,893f024c9ae6bfd2c,1.0,0.0,1.0,1.0,0.4130447297367987,1.0,1.0,1.0,0.0,True,2021.10.06.07.26.10_veh-52_00006_00398,1,1633505590.200058,365533.31425074243,143143.43712100314,365528.7082071045,143145.7774355887,0.0,0.1111111111111111,0.0
646,f295cbd77bfa4efa0,1.0,1.0,1.0,1.0,1.0,1.0,0.0,1.0,0.8571428571428571,True,2021.06.28.20.24.43_veh-38_03385_04952,1,1624916867.6002939,664454.358826409,3998070.9448768683,664456.1466268664,3998060.1827180665,0.0,0.2,0.75
647,a83b75532f5ded9db,0.0,1.0,1.0,1.0,1.0,0.0,0.0,1.0,0.0,True,2021.08.30.16.16.44_veh-40_00779_01088,1,1630341065.50014,331442.1908854854,4691036.309300157,331430.7218858999,4691043.04219041,0.0,1.5130165630839446e-19,0.0
648,7abb624adfb880027,1.0,0.0,1.0,1.0,0.7406997273981176,1.0,0.0,1.0,0.0,True,2021.10.06.07.26.10_veh-52_01245_02064,1,1633506904.7003188,364950.47740057105,143492.49710600745,364959.8106339349,143505.99114085748,0.0,4.063320776076122e-12,0.0
649,15b6cbe22ab535f70,1.0,1.0,1.0,1.0,0.8563553467969297,1.0,1.0,1.0,0.9486983381417607,True,2021.08.30.13.45.25_veh-40_00610_00771,1,1630331841.500309,332824.35505045415,4690180.153410888,332849.5324571083,4690184.926769597,0.0,0.058823529411764705,0.8301110458740406
650,67c191e1da4b23c8a,1.0,1.0,1.0,1.0,0.8744023801952782,1.0,0.0,1.0,0.8122865643554565,True,2021.10.06.07.26.10_veh-52_00953_01126,1,1633506342.1999938,366015.7086253419,142993.93625731097,366025.76853214693,142986.7990081718,0.0,7.018524251076602e-19,0.7107507438110244
651,fa04ce296f85923f0,1.0,1.0,1.0,1.0,1.0,1.0,1.0,1.0,1.0,True,2021.09.29.19.02.14_veh-28_00540_00917,1,1632942809.7997708,331142.2913290031,4690831.36071641,331129.8337428026,4690843.3940687245,1.0,0.00047125253894642223,1.0
652,1dc0015e76a4342d9,1.0,0.0,1.0,1.0,1.0,1.0,0.0,1.0,0.0,True,2021.09.16.14.39.34_veh-42_01609_01687,1,1631804880.699805,589019.6831331905,4474722.15754917,589014.3488741631,4474740.523539449,0.0,0.0,0.0
653,f754ec519c407f213,1.0,1.0,1.0,1.0,0.5864859131668371,1.0,1.0,1.0,0.8523163975595847,True,2021.09.16.13.53.10_veh-42_00860_01069,1,1631801423.8995168,587818.4027242091,4475679.224859143,587805.4483513264,4475665.354870597,1.0,2.6031888428715573e-05,0.8707768478646366
654,56ce783224ed8bbc4,1.0,1.0,1.0,1.0,1.0,1.0,0.0,1.0,0.8571428571428571,True,2021.09.29.19.02.14_veh-28_00540_00917,1,1632942810.299607,331139.30966039555,4690838.0413244795,331129.6051080076,4690844.387302858,0.0,2.10287785621893e-24,0.75
655,e36f8f24723dc8e0e,0.0,0.0,1.0,1.0,0.8620658524785824,0.0,0.0,1.0,0.0,True,2021.10.06.07.26.10_veh-52_01245_02064,1,1633506905.200531,364931.4875797719,143470.31911336305,364953.9011041559,143496.82202607457,1.0,5.914917631791841e-84,0.0
656,2e5eb89b3ec98ed08,1.0,1.0,1.0,1.0,1.0,1.0,1.0,1.0,1.0,True,2021.05.25.14.16.10_veh-35_03373_03550,1,1621970165.0009809,664425.9957210337,3997345.8729229136,664425.9932817273,3997345.958014794,1.0,0.0,1.0
657,786b8a8821747f0ce,1.0,0.0,0.5,1.0,1.0,1.0,0.0,1.0,0.0,True,2021.09.16.14.39.34_veh-42_00032_00186,1,1631803295.199668,589211.0861821489,4474341.923065126,589196.4926647393,4474381.66893294,1.0,5.718617260351266e-89,0.0
658,cb2e1dad4d21a5bf1,1.0,1.0,0.5,1.0,0.6767403623603919,1.0,0.0,1.0,0.3708464932786414,True,2021.09.16.14.39.34_veh-42_00297_00935,1,1631804065.200268,587778.2294319099,4475636.043991636,587770.7766236443,4475625.876257682,1.0,0.4650807714402031,0.3869906816188112
659,7681847aa2ebf24e0,1.0,0.0,0.5,1.0,1.0,1.0,0.0,1.0,0.0,True,2021.09.09.17.18.51_veh-48_01248_01450,1,1631209389.999616,330958.7089850353,4690928.1787513895,330968.2879712896,4690938.000165678,0.0,0.07692307692307693,0.0
660,b22e723d346176e1f,0.0,1.0,1.0,1.0,0.6921542978877382,0.0,0.0,1.0,0.0,True,2021.06.03.13.55.17_veh-35_02866_03582,1,1622746356.6008,664546.8010952942,3999003.7576213474,664540.0389118404,3998987.3787226435,1.0,9.53262503210942e-37,0.0
661,2676c3c7286b4756a,1.0,0.0,0.5,1.0,0.8660062220167415,0.0,1.0,1.0,0.0,True,2021.09.29.14.44.26_veh-28_00528_00992,1,1632927662.2998679,331693.65668968245,4690873.855843475,331698.9968664168,4690864.401921823,1.0,0.06666666666666667,0.0
662,29a8fd6439b689c2f,1.0,1.0,0.0,1.0,0.760597939521258,1.0,0.0,1.0,0.0,True,2021.09.16.19.12.04_veh-42_01438_01677,1,1631821507.000123,588088.0815853459,4475757.216497336,588066.4527516615,4475738.992125462,0.0,3.360210463313689e-166,0.0
663,e8a9486b49b69adbf,0.0,1.0,1.0,1.0,0.8976411940940313,0.0,1.0,1.0,0.0,True,2021.09.16.19.27.01_veh-45_01749_03230,1,1631822761.5000799,587582.1760940843,4475567.736396897,587576.7578189567,4475577.747090529,0.0,8.530655825160866e-31,0.0
664,fe454c84ae38cb664,1.0,1.0,1.0,1.0,0.0,1.0,0.0,1.0,0.5,True,2021.09.16.13.53.10_veh-42_00860_01069,1,1631801423.399725,587804.9757642407,4475663.563783255,587804.975481097,4475663.563573448,1.0,5.923546820679065e-15,0.5625
665,7ab2fe1651beb3aae,1.0,1.0,1.0,1.0,0.9267311396365614,1.0,1.0,1.0,0.9738325498702005,True,2021.09.29.14.44.26_veh-28_00238_00320,1,1632927022.299784,330859.7932392032,4690005.539392826,330837.166926296,4689958.950104604,1.0,0.05,0.9771034811364254
666,b692dc44c9a90c1e2,1.0,0.0,1.0,1.0,0.8940204660448715,1.0,1.0,1.0,0.0,True,2021.09.09.17.18.51_veh-48_01248_01450,1,1631209389.999616,330956.64435013745,4690919.285158464,330967.3142927764,4690934.2540987395,1.0,0.07692307692307693,0.0
667,4f206a0dd84457b8a,1.0,1.0,1.0,1.0,1.0,1.0,1.0,1.0,1.0,True,2021.06.28.20.24.43_veh-38_03385_04952,1,1624915517.599393,664196.7611577192,3997420.5990164746,664205.8620124164,3997422.465747436,1.0,0.14285714285714285,1.0
668,3349d086f3bc06728,1.0,1.0,1.0,1.0,0.8666574710965705,1.0,0.0,1.0,0.8095205253916323,True,2021.10.06.08.16.17_veh-52_00181_00574,1,1633508490.699611,365669.28313534055,143881.0113153436,365649.04637862905,143856.63021180342,1.0,0.05555555555555555,0.8333304597176783
669,43d8801586cb39007,1.0,1.0,1.0,1.0,0.7987727221050371,1.0,0.0,1.0,0.7852759721803704,True,2021.05.25.17.54.41_veh-35_01905_02121,1,1621981836.40063,664410.5502925505,3997337.4047209597,664422.6158829029,3997342.7505904506,1.0,1.4675474577815618e-78,0.8121164756578241
670,875f6c89666fde397,0.0,0.0,1.0,1.0,1.0,0.0,1.0,1.0,0.0,True,2021.09.16.19.27.01_veh-45_01749_03230,1,1631822762.0001838,587583.7389128839,4475566.911104987,587578.2023942334,4475577.062022233,0.0,4.041061124096644e-06,0.0
671,fc3f449099625878e,1.0,1.0,1.0,1.0,0.8719849843537787,1.0,0.0,1.0,0.8114232086977781,True,2021.09.16.15.47.30_veh-45_01199_01391,1,1631808555.2996619,587715.0017182357,4475560.988400575,587710.7074414279,4475554.007869127,1.0,9.874100633068847e-236,0.8349953076105558
672,7fc94bcc4790ac58b,1.0,1.0,1.0,1.0,0.7722375195133955,1.0,0.0,1.0,0.775799114111927,True,2021.08.30.13.45.25_veh-40_00610_00771,1,1630331841.500309,332826.6929391544,4690180.621543049,332849.1599477655,4690184.749775055,0.0,0.058823529411764705,0.6788242248479361
673,5e3a21657a7371a7a,1.0,1.0,0.0,1.0,1.0,1.0,0.0,1.0,0.0,True,2021.09.29.14.44.26_veh-28_00528_00992,1,1632927662.7996838,331655.91719423677,4690891.355213447,331685.0335334492,4690874.362368551,0.0,1.1845175636197478e-66,0.0
674,4aaea4c50ce77a4de,0.5,0.0,0.0,1.0,1.0,0.0,1.0,1.0,0.0,True,2021.06.28.13.53.26_veh-26_00492_00696,1,1624889083.703023,664407.5340172157,3997310.6834121104,664424.9898653093,3997355.4868474687,0.0,0.9999999999999855,0.0
675,2add74aa82c54303c,1.0,1.0,1.0,1.0,1.0,1.0,0.0,1.0,0.8571428571428571,True,2021.09.29.15.23.04_veh-28_00814_01101,1,1632930209.2996628,331550.98948561953,4690838.114749075,331531.8224217831,4690847.659268279,0.0,5.023119637713517e-07,0.75
676,6bdc53cfa4a8ecb29,1.0,1.0,1.0,1.0,0.5460143439961603,1.0,1.0,1.0,0.8378622657129144,True,2021.08.30.13.45.25_veh-40_00610_00771,1,1630331842.000428,332848.77621286944,4690181.202410279,332853.93174180697,4690186.573888168,0.0,0.058823529411764705,0.7331294824988002
677,3a3ec856e77a7616a,1.0,1.0,1.0,1.0,0.8907052967635873,1.0,1.0,1.0,0.9609661774155669,True,2021.09.16.14.39.34_veh-42_00297_00935,1,1631803657.699476,588352.827782342,4475966.286748429,588381.1795025113,4475988.071367214,1.0,0.08333333333333333,0.9658454052386211
678,8ae96b22321e730ee,1.0,1.0,1.0,1.0,0.7451012774064576,1.0,0.0,1.0,0.7661075990737348,True,2021.06.03.13.55.17_veh-35_02866_03582,1,1622746356.6008,664536.8025146293,3998985.088250549,664535.771150205,3998976.606360711,0.0,1.1858237241621957e-115,0.670344149189518
679,3aa9ab0760c9f1c8a,1.0,1.0,1.0,1.0,0.7311782461135501,1.0,1.0,1.0,0.9039922307548393,True,2021.09.16.13.53.10_veh-42_00860_01069,1,1631801423.399725,587813.7654378514,4475675.713525627,587805.9518829858,4475665.59207116,0.0,0.44078355223716703,0.7909932019104844
680,318b2d84b07441bb0,1.0,0.0,1.0,1.0,1.0,1.0,0.0,0.0,0.0,True,2021.09.16.17.40.09_veh-45_02539_02745,1,1631816799.8999288,587617.7425165988,4475949.190504307,587631.3382179402,4475957.436734071,0.0,0.1,0.0
681,60bb87853fd5997e5,1.0,1.0,1.0,1.0,0.59355996825713,1.0,1.0,1.0,0.8548428458061179,True,2021.09.16.13.53.10_veh-42_00180_00342,1,1631800720.399858,589152.6717597878,4474491.649280693,589159.7486132092,4474478.416274172,1.0,0.058823529411764705,0.8729874900803531
682,205e1f314131287bc,1.0,0.0,1.0,1.0,0.7632133867579337,1.0,1.0,1.0,0.0,True,2021.10.06.07.26.10_veh-52_02208_02394,1,1633507452.19991,365159.42782721383,143541.259205981,365151.0885937317,143542.9337135564,0.0,0.125,0.0
683,45429b4b5e82551ac,1.0,1.0,1.0,1.0,1.0,1.0,1.0,1.0,1.0,True,2021.09.29.18.19.40_veh-28_01268_01685,1,1632940905.099813,331188.8038509892,4690850.117923725,331188.8061654066,4690850.1278888015,1.0,5.110967319631391e-17,1.0
684,1bb0ace72a38d2201,1.0,1.0,1.0,1.0,0.1873317685847209,1.0,1.0,1.0,0.7097613459231146,True,2021.05.25.14.16.10_veh-35_03373_03550,1,1621970165.0009809,664425.7501944712,3997345.8178926567,664425.773345439,3997347.4244971494,0.0,0.0,0.6210411776827253
685,ed92b02e2867b4579,0.0,0.0,0.5,1.0,1.0,0.0,1.0,1.0,0.0,True,2021.08.30.14.54.34_veh-40_00439_00835,1,1630335935.500406,331312.06655927177,4691046.172013325,331301.92989722424,4691029.239537104,0.0,4.808988160744563e-32,0.0
686,4762ced79d548ee7c,1.0,1.0,1.0,1.0,0.9878077728412118,1.0,1.0,1.0,0.9956456331575756,True,2021.09.16.13.53.10_veh-42_00180_00342,1,1631800720.399858,589136.8067697037,4474527.04414312,589154.3285093086,4474487.865845961,1.0,0.058823529411764705,0.9961899290128786
687,894ee0eaafbdc05e5,1.0,0.0,0.5,1.0,1.0,0.0,1.0,1.0,0.0,True,2021.10.06.07.26.10_veh-52_02208_02394,1,1633507451.700127,365190.9830511503,143553.06081645127,365164.3536262749,143540.5595836549,0.0,0.125,0.0
688,ae42ff25d7ab0442f,1.0,0.0,1.0,1.0,0.8056879806872067,1.0,0.0,1.0,0.0,True,2021.10.06.08.16.17_veh-52_00181_00574,1,1633508490.1997619,365654.226083235,143858.02249482457,365641.77888122806,143849.0888709164,1.0,0.05555555555555555,0.0
689,c35e331384b550d78,1.0,1.0,1.0,1.0,0.7883874220335365,1.0,1.0,1.0,0.9244240792976915,True,2021.06.03.13.55.17_veh-35_02866_03582,1,1622746356.6008,664552.5839197021,3999012.6714579295,664542.0434431487,3998989.7104896144,1.0,1.1163597058829408e-107,0.9338710693854801
690,e1d4af242fe8773fa,0.0,0.0,1.0,1.0,1.0,0.0,0.0,0.0,0.0,True,2021.10.06.08.16.17_veh-52_01949_02501,1,1633510715.199517,364981.5282510055,143535.58144413162,365002.7467819615,143559.39013389262,0.0,0.05555555555555555,0.0
691,8ed1946abef82fdb9,1.0,1.0,1.0,1.0,0.7866336371312758,1.0,0.0,1.0,0.7809405846897414,True,2021.10.06.07.26.10_veh-52_00006_00398,1,1633505590.699844,365559.4108968416,143150.0263305495,365537.6834817291,143143.46341947248,0.0,2.8402818098830468e-64,0.6833230116035237
692,428b6ffe51af1390c,1.0,0.0,1.0,1.0,1.0,1.0,0.0,1.0,0.0,True,2021.05.25.14.16.10_veh-35_03373_03550,1,1621970164.500871,664410.5059342616,3997336.2778755296,664424.2606935801,3997342.566270333,0.0,0.14285714285714285,0.0
693,6e261442656fe6159,1.0,1.0,1.0,1.0,0.7859109893834761,1.0,1.0,1.0,0.9235396390655273,True,2021.09.16.13.53.10_veh-42_00860_01069,1,1631801423.8995168,587825.5187999229,4475663.583404486,587809.600475341,4475668.835526644,0.0,3.6513797124841086e-36,0.8080971841823363
694,0e893b68e326d1c97,1.0,1.0,1.0,1.0,0.4594873554631881,1.0,1.0,1.0,0.8069597698082814,True,2021.09.29.19.02.14_veh-28_00540_00917,1,1632942809.7997708,331135.7723764718,4690836.07035651,331131.4697900028,4690841.714184319,0.0,0.0012286112130010626,0.7060897985822463
695,1c53209f745ee0b66,1.0,1.0,1.0,1.0,0.9754133402677859,1.0,1.0,1.0,0.9912190500956378,True,2021.09.16.14.39.34_veh-42_00297_00935,1,1631803658.199535,588342.3116825605,4475956.761463739,588373.995365543,4475983.243841984,1.0,1.138423923673591e-27,0.9923166688336831
696,83d03d52f14fe2aba,1.0,0.0,1.0,1.0,0.8424816391269627,1.0,0.0,1.0,0.0,True,2021.10.06.08.16.17_veh-52_00181_00574,1,1633508490.699611,365655.68008041696,143859.47528676156,365642.81121655245,143849.55657273464,1.0,0.05555555555555555,0.0
697,887a22206566761ea,1.0,1.0,1.0,1.0,0.49226365203166106,1.0,0.0,1.0,0.6758084471541647,True,2021.09.29.19.02.14_veh-28_03198_03360,1,1632945465.299811,332392.1010605542,4690479.354017248,332383.58701348084,4690480.167131059,1.0,0.08333333333333333,0.7163323912598941
698,d04ff28ed5ef1d0d5,1.0,1.0,1.0,1.0,0.7234818355710831,1.0,1.0,1.0,0.9012435127039583,True,2021.09.29.19.02.14_veh-28_00540_00917,1,1632942809.7997708,331141.1262292705,4690831.759012817,331133.05507879076,4690839.8595896065,1.0,6.866122086497186e-29,0.9135880736159635
699,7ee964bcd33d7480e,1.0,1.0,1.0,1.0,0.7214212067137964,1.0,0.0,1.0,0.757650430969213,True,2021.10.06.08.16.17_veh-52_00181_00574,1,1633508490.699611,365663.0237141896,143875.5610783958,365649.6758556966,143856.9823684264,1.0,0.05555555555555555,0.7879441270980614
700,9506188a844465e23,1.0,1.0,1.0,1.0,0.8537909166495647,1.0,1.0,1.0,0.9477824702319875,True,2021.09.29.14.44.26_veh-28_00238_00320,1,1632927022.299784,330855.46376017807,4689995.75684654,330836.00474501593,4689956.636338058,1.0,0.05,0.954309661452989
701,b710f4583e83f5650,1.0,1.0,1.0,1.0,0.7332501000381327,1.0,1.0,1.0,0.9047321785850474,True,2021.08.30.13.45.25_veh-40_00610_00771,1,1630331842.000428,332847.23526787356,4690179.15538486,332855.90200234635,4690186.900944942,1.0,0.058823529411764705,0.9166406562619165
702,fedfbdfcf20092620,1.0,1.0,1.0,1.0,0.8638786597284694,1.0,0.0,1.0,0.8085280927601676,True,2021.09.16.15.47.30_veh-45_01199_01391,1,1631808554.7998118,587714.9985447115,4475560.973651332,587710.6595601721,4475553.991210357,1.0,6.817696234618212e-164,0.8324620811651466
703,af26e74f0d5def154,1.0,1.0,1.0,1.0,0.8839456943505667,1.0,0.0,1.0,0.8156948908394881,True,2021.10.06.08.16.17_veh-52_00181_00574,1,1633508490.699611,365649.7746716967,143857.92310875095,365639.6581442549,143848.80382103595,1.0,0.05555555555555555,0.8387330294845521
704,d790b694cb899e145,1.0,1.0,1.0,1.0,0.9638901908265598,1.0,1.0,1.0,0.9871036395809142,True,2021.10.06.07.26.10_veh-52_00953_01126,1,1633506342.700286,365993.45923655987,143009.35565698435,366015.45079151203,142992.75189591333,1.0,7.776461447207524e-159,0.9887156846333
705,b04402bb6e662613d,0.0,1.0,1.0,1.0,1.0,0.0,1.0,1.0,0.0,True,2021.09.16.14.39.34_veh-42_00297_00935,1,1631803658.199535,588329.2246900871,4475944.083098625,588372.1184239963,4475979.826302984,1.0,0.4999999999985532,0.0
706,e9751ea5c28dbd703,0.0,1.0,1.0,1.0,0.8075901351031485,0.0,1.0,1.0,0.0,True,2021.08.30.16.16.44_veh-40_00779_01088,1,1630341065.50014,331454.86350747355,4691026.705070204,331436.6795827341,4691038.726695339,1.0,8.766228804544071e-37,0.0
707,6d3e5e6a1c2f52b9a,1.0,1.0,1.0,1.0,1.0,0.0,1.0,1.0,0.6428571428571429,True,2021.10.06.08.16.17_veh-52_01949_02501,1,1633510715.199517,364983.8696721797,143537.28594262275,365001.2300753976,143559.72374203242,1.0,0.05555555555555555,0.6875
708,fc31a6f8ac42c70a9,1.0,1.0,1.0,1.0,0.8968427372396097,1.0,0.0,1.0,0.8203009775855749,True,2021.10.06.07.26.10_veh-52_00953_01126,1,1633506342.700286,366004.7594159104,143004.45514800813,366020.8559934873,142989.61588156852,0.0,1.9333546123785127e-08,0.717763355387378
709,32506dba644177a4e,1.0,1.0,1.0,1.0,0.8956420042174068,1.0,1.0,1.0,0.9627292872205023,True,2021.09.29.19.02.14_veh-28_00540_00917,1,1632942809.7997708,331147.8348116529,4690828.86916063,331134.03507430624,4690840.027639596,1.0,2.510010643224296e-37,0.9673881263179396
710,88f98f8020b3e0f5f,1.0,1.0,0.5,1.0,1.0,1.0,0.0,0.0,0.35714285714285715,True,2021.10.06.08.16.17_veh-52_01949_02501,1,1633510715.6996589,364979.7902683973,143532.4497822778,365001.32394157053,143556.5374969668,0.0,0.05555555555555555,0.3125
711,c4bb99fe9ff474e51,1.0,1.0,1.0,1.0,0.7739211279034538,1.0,1.0,1.0,0.919257545679805,True,2021.09.29.19.02.14_veh-28_00540_00917,1,1632942810.299607,331140.36982375686,4690833.993462901,331130.35591167473,4690842.6697072545,1.0,1.7060473244350685e-06,0.9293503524698293
712,f38039c54ad8d65a3,1.0,1.0,0.5,1.0,1.0,1.0,0.0,1.0,0.42857142857142855,True,2021.09.16.19.49.00_veh-42_00990_01609,1,1631823269.000026,587688.2585058687,4475623.371308741,587696.4963143484,4475617.706996575,0.0,0.125,0.375
713,8a790ebf1c22b11d5,0.0,1.0,1.0,1.0,1.0,0.0,0.0,1.0,0.0,True,2021.09.29.15.23.04_veh-28_00814_01101,1,1632930209.2996628,331570.9001237323,4690825.508420453,331540.1141283736,4690844.838099086,0.0,2.324422874547261e-80,0.0
714,ed6d05f676ec3069b,1.0,1.0,1.0,1.0,0.10566527717573776,1.0,1.0,1.0,0.6805947418484778,True,2021.10.06.07.26.10_veh-52_00006_00398,1,1633505590.699844,365529.07225105836,143146.6392287523,365528.0270917083,143147.2274356407,0.0,0.0,0.595520399117418
715,031cc5379a5e98feb,1.0,1.0,1.0,1.0,0.9356820441314376,1.0,0.0,1.0,0.8341721586183706,True,2021.09.29.14.44.26_veh-28_00238_00320,1,1632927022.299784,330857.8820474379,4690003.523545394,330835.5918997531,4689957.20843356,1.0,0.05,0.8549006387910743
716,ac0f0df8d058130c5,1.0,1.0,1.0,1.0,1.0,1.0,1.0,1.0,1.0,True,2021.10.06.07.26.10_veh-52_02208_02394,1,1633507451.700127,365159.0792484936,143538.62186151193,365154.8581952023,143540.19986886656,0.0,0.125,0.875
717,f743301660e4f13bf,1.0,1.0,1.0,1.0,0.7279959110462592,1.0,1.0,1.0,0.9028556825165212,True,2021.05.25.17.54.41_veh-35_01905_02121,1,1621981836.40063,664403.6619906507,3997339.6910657594,664420.2759215535,3997338.5411127536,0.0,1.0,0.789998722201956
718,bba1435e11b43591b,0.0,1.0,1.0,1.0,1.0,0.0,1.0,1.0,0.0,True,2021.08.30.16.16.44_veh-40_00779_01088,1,1630341065.000195,331456.3293473748,4691025.681419249,331435.0475448556,4691039.8788521625,1.0,2.4464850222798126e-11,0.0
719,e0a3b2c921d0f6f6d,1.0,1.0,1.0,1.0,0.8064866271252509,1.0,1.0,1.0,0.9308880811161611,True,2021.10.06.08.16.17_veh-52_00181_00574,1,1633508490.699611,365643.3312438429,143852.5867290302,365635.8331931455,143847.50248338288,0.0,0.05555555555555555,0.8145270709766409
720,6f5571bbc6dc5faee,1.0,1.0,1.0,1.0,0.9751481394592413,1.0,0.0,1.0,0.8482671926640146,True,2021.10.06.07.26.10_veh-52_00953_01126,1,1633506342.700286,366013.6101604474,142995.3047079909,366025.2591907367,142987.12474999626,0.0,1.087422040001751e-10,0.7422337935810128
721,77db839a0d3b1d5fe,1.0,1.0,1.0,1.0,1.0,1.0,1.0,1.0,1.0,True,2021.09.29.19.02.14_veh-28_00540_00917,1,1632942809.7997708,331150.546944112,4690827.381886361,331133.919180238,4690840.87212961,1.0,6.692591130349132e-27,1.0
722,c172bf35d27bb2a60,1.0,1.0,1.0,1.0,0.8150762529916338,1.0,0.0,1.0,0.7910986617827264,True,2021.09.16.19.12.04_veh-42_01438_01677,1,1631821507.000123,588092.5858049319,4475759.772044574,588068.3160604563,4475740.484741106,0.0,3.484254210260814e-88,0.6922113290598856
723,3fa4f9afc8577cdb1,0.0,1.0,1.0,1.0,0.6836764407366891,0.0,0.0,1.0,0.0,True,2021.06.03.13.55.17_veh-35_02866_03582,1,1622746356.6008,664545.2921608248,3999001.228755151,664539.9605736439,3998986.240421443,1.0,1.2963146731723626e-18,0.0
724,bae5ac57314f7412b,1.0,0.0,1.0,1.0,1.0,1.0,1.0,1.0,0.0,True,2021.09.16.17.40.09_veh-45_02539_02745,1,1631816799.399855,587620.1201088026,4475953.283561267,587628.7267811804,4475958.608437965,1.0,0.1,0.0
725,ff0923fcd8d30a51b,1.0,0.0,0.0,1.0,1.0,1.0,1.0,1.0,0.0,True,2021.09.16.14.39.34_veh-42_00032_00186,1,1631803295.199668,589211.7618835319,4474341.928227988,589195.344200475,4474379.12914641,1.0,2.7031223809034914e-133,0.0
726,ff355597ff0f68f3c,1.0,1.0,1.0,1.0,1.0,1.0,0.0,1.0,0.8571428571428571,True,2021.06.28.20.24.43_veh-38_03385_04952,1,1624916868.099995,664455.0201716892,3998072.701185841,664456.3301934629,3998061.165767673,0.0,0.2,0.75
727,5ac7230087ab9e9cc,1.0,1.0,0.0,1.0,1.0,1.0,0.0,1.0,0.0,True,2021.09.16.13.53.10_veh-42_00180_00342,1,1631800720.399858,589128.9286933199,4474544.143815827,589150.7700001545,4474494.616158282,1.0,0.058823529411764705,0.0
728,592e29a92e9aa79df,1.0,1.0,1.0,1.0,1.0,1.0,0.0,0.0,0.7142857142857143,True,2021.10.06.08.16.17_veh-52_01949_02501,1,1633510715.199517,364989.3993472933,143544.50688715753,365003.287455893,143562.76933315367,0.0,0.05555555555555555,0.625
729,390d17b9e350ffe45,1.0,1.0,1.0,1.0,0.8108807872829935,1.0,1.0,1.0,0.9324574240296405,True,2021.09.29.14.44.26_veh-28_00238_00320,1,1632927022.299784,330850.1791228225,4689984.6690278975,330833.9367606676,4689951.677020012,1.0,0.05,0.9409002460259355
730,90d6b6889f35e691d,1.0,1.0,1.0,1.0,0.836315857921483,1.0,0.0,1.0,0.7986842349719582,True,2021.09.16.19.12.04_veh-42_01438_01677,1,1631821507.50001,588096.0874282763,4475761.002921417,588070.9620392425,4475742.039471224,1.0,5.05807216290859e-249,0.8238487056004634
731,f38cc020e1b05accc,1.0,0.0,1.0,1.0,0.8472198330601404,1.0,1.0,1.0,0.0,True,2021.05.25.17.54.41_veh-35_01905_02121,1,1621981835.900663,664419.0137622759,3997336.661465693,664425.0356544148,3997346.989593335,0.0,0.125,0.0
732,a7cf069369c371dd2,1.0,1.0,1.0,1.0,0.0131298745332984,1.0,1.0,1.0,0.6475463837618923,True,2021.10.06.07.26.10_veh-52_00006_00398,1,1633505590.699844,365528.92920163926,143145.59065967202,365528.9032999761,143145.6078567427,0.0,0.0,0.5666030857916557
733,ab0cda5402469194e,1.0,1.0,1.0,1.0,1.0,1.0,1.0,1.0,1.0,True,2021.09.16.13.53.10_veh-42_00180_00342,1,1631800720.399858,589140.4113531504,4474516.904851305,589155.8248982917,4474484.947006996,0.0,0.058823529411764705,0.875
734,04be4c5a8a9eee15b,0.0,1.0,1.0,1.0,1.0,0.0,1.0,1.0,0.0,True,2021.09.29.14.44.26_veh-28_00528_00992,1,1632927662.2998679,331665.553890313,4690889.03033882,331691.88658824924,4690872.630066937,0.0,0.06666666666666667,0.0
735,2a839dc18e91bbd40,1.0,1.0,1.0,1.0,1.0,1.0,0.0,1.0,0.8571428571428571,True,2021.10.06.08.16.17_veh-52_01949_02501,1,1633510351.1995609,365819.6297475696,143147.12829387208,365796.8803716732,143164.02545118093,0.0,0.0,0.75
736,cc4c628ad79f6395d,1.0,1.0,1.0,1.0,0.7737890245210531,1.0,0.0,1.0,0.7763532230432332,True,2021.06.03.13.55.17_veh-35_02866_03582,1,1622746356.1010978,664543.543461718,3998986.955852397,664538.2924686184,3998978.5932795173,0.0,1.7804735324092016e-27,0.679309070162829
737,c00676be121eaac31,1.0,1.0,1.0,1.0,1.0,0.0,1.0,1.0,0.6428571428571429,True,2021.10.06.08.16.17_veh-52_01949_02501,1,1633510715.199517,364983.8274362671,143536.9358346415,365001.2300753976,143559.72374203242,1.0,0.05555555555555555,0.6875
738,997532ca2ca1c8c42,1.0,1.0,1.0,1.0,0.44266949165560404,1.0,1.0,1.0,0.8009533898770015,True,2021.09.16.19.27.01_veh-45_01749_03230,1,1631823139.000078,587608.2046687612,4475933.540706471,587613.4850599037,4475938.438339938,0.0,0.026462970796789744,0.7008342161423763
739,863415a0e3cc1897d,1.0,1.0,1.0,1.0,0.8160246976391148,1.0,1.0,1.0,0.9342945348711125,True,2021.09.16.15.47.30_veh-45_01199_01391,1,1631808554.7998118,587720.9663053444,4475564.986382111,587716.7318686969,4475559.635512512,0.0,0.9637826070850346,0.8175077180122234
740,1cc31a1834f400ea1,1.0,1.0,1.0,1.0,1.0,0.0,0.0,1.0,0.5,True,2021.08.30.16.16.44_veh-40_00779_01088,1,1630341065.000195,331442.25372231717,4691036.216242654,331430.72587291914,4691043.0403758865,0.0,1.3542846971881468e-13,0.4375
741,e612d86c9121fd77b,0.0,1.0,1.0,1.0,1.0,0.0,0.0,1.0,0.0,True,2021.09.29.15.23.04_veh-28_00814_01101,1,1632930209.2996628,331560.51620527724,4690832.296055394,331536.5502093494,4690846.055276436,0.0,5.2913078211017054e-08,0.0
742,2288b831536d541ba,1.0,1.0,1.0,1.0,0.030249154199923745,1.0,1.0,1.0,0.6536604122142585,True,2021.09.29.18.19.40_veh-28_01268_01685,1,1632940905.099813,331189.3765417663,4690851.981758687,331189.3784731144,4690851.988606171,1.0,4.846902791524411e-45,0.6969528606874762
743,1e345865d056e4812,1.0,1.0,1.0,1.0,0.7964992665846746,1.0,0.0,1.0,0.7844640237802409,True,2021.09.16.19.12.04_veh-42_01438_01677,1,1631821507.000123,588091.1723878679,4475757.583074922,588067.3498358998,4475739.033981306,0.0,9.308229832831369e-138,0.6864060208077108
744,57226182464088f5d,1.0,0.0,1.0,1.0,1.0,1.0,1.0,1.0,0.0,True,2021.05.25.17.54.41_veh-35_01905_02121,1,1621981835.900663,664406.3985978937,3997337.9383818186,664421.2816510523,3997341.613974929,0.0,0.125,0.0
745,43bcce57368a6bbc8,1.0,1.0,0.5,1.0,1.0,1.0,0.0,1.0,0.42857142857142855,True,2021.09.16.13.53.10_veh-42_00180_00342,1,1631800719.899852,589141.617853311,4474515.279551691,589157.048038842,4474481.797639466,1.0,0.058823529411764705,0.4375
746,70543352531547cfd,1.0,0.0,0.5,1.0,1.0,1.0,0.0,1.0,0.0,True,2021.09.16.17.40.09_veh-45_02539_02745,1,1631816799.8999288,587618.6761192055,4475955.558292317,587627.8423374832,4475959.817627145,0.0,0.1,0.0
747,3dade981d5c5fb068,1.0,0.0,1.0,1.0,1.0,1.0,1.0,1.0,0.0,True,2021.09.16.14.39.34_veh-42_00032_00186,1,1631803294.6996439,589210.320227865,4474346.798814374,589193.3270830058,4474383.890527788,1.0,4.265272258667086e-138,0.0
748,def4466c6854eed10,0.0,1.0,1.0,1.0,1.0,0.0,0.0,1.0,0.0,True,2021.09.29.15.23.04_veh-28_00814_01101,1,1632930209.799517,331575.6026857906,4690823.318376829,331543.5816678948,4690843.655345641,0.0,1.7095969777500197e-199,0.0
749,96a372a94c983cb06,1.0,0.0,1.0,1.0,0.7574763351797704,1.0,1.0,1.0,0.0,True,2021.09.16.17.40.09_veh-45_02539_02745,1,1631816799.8999288,587615.0306779887,4475928.0122755235,587622.2312174402,4475952.157331818,0.0,0.1,0.0
750,fa4895c5592886086,0.0,0.0,1.0,1.0,1.0,0.0,1.0,1.0,0.0,True,2021.08.30.14.54.34_veh-40_00439_00835,1,1630335936.00053,331310.192620183,4691043.145030026,331302.0089913491,4691025.764485947,0.0,0.9998840984438045,0.0
751,0fc796582943bab81,1.0,0.0,1.0,1.0,0.955007655840312,1.0,1.0,1.0,0.0,True,2021.06.28.13.53.26_veh-26_00492_00696,1,1624889083.703023,664422.5103629185,3997338.8963119118,664424.8803723583,3997361.4189599976,1.0,5.35057639813664e-81,0.0
752,fec1c3f2a8d0d6136,1.0,1.0,0.0,1.0,1.0,1.0,0.0,1.0,0.0,True,2021.09.16.14.39.34_veh-42_00032_00186,1,1631803295.199668,589211.4467453146,4474351.300440497,589195.195516468,4474383.7928990945,1.0,1.7609200129762852e-34,0.0
753,14e45cc6be6120e78,1.0,0.0,1.0,1.0,0.9458730354432996,1.0,1.0,1.0,0.0,True,2021.06.28.13.53.26_veh-26_00492_00696,1,1624889083.703023,664422.5277063512,3997338.5776912933,664425.455452262,3997361.1699980376,1.0,6.81759790546061e-73,0.0
754,77591ae74db6e241c,1.0,1.0,1.0,1.0,1.0,1.0,1.0,1.0,1.0,True,2021.05.25.14.16.10_veh-35_03373_03550,1,1621970164.500871,664426.0207155228,3997345.4475772567,664426.0145366575,3997345.71846425,1.0,0.14285714285714285,1.0
755,18c9cb09dce594905,1.0,1.0,1.0,1.0,1.0,1.0,0.0,1.0,0.8571428571428571,True,2021.09.16.14.39.34_veh-42_00297_00935,1,1631804065.200268,587783.3049278902,4475639.965036131,587767.8224395702,4475620.76931427,1.0,2.0341485204885521e-84,0.875
756,f705ea7622e27d209,0.0,1.0,1.0,1.0,0.8960220724081684,0.0,0.0,1.0,0.0,True,2021.06.03.13.55.17_veh-35_02866_03582,1,1622746356.6008,664553.8465049254,3999018.854913561,664540.8878685088,3998988.7221255037,1.0,4.9722529485256296e-70,0.0
757,d9229c0f61c8ff48a,1.0,1.0,1.0,1.0,0.8049504649719171,1.0,1.0,1.0,0.9303394517756847,True,2021.09.29.19.02.14_veh-28_00540_00917,1,1632942810.299607,331135.91768106294,4690836.710101916,331130.0385180316,4690843.157582002,0.0,6.362955757140931e-11,0.8140470203037241
758,bc79ecb5bdc5ca4f3,1.0,1.0,1.0,1.0,0.7685775844708527,1.0,1.0,1.0,0.9173491373110189,True,2021.10.06.07.26.10_veh-52_00006_00398,1,1633505590.200058,365557.3058156327,143147.63802580786,365535.3950957797,143143.74289276675,0.0,0.1111111111111111,0.8026804951471415
759,362376a65fe8ca576,0.0,1.0,1.0,1.0,1.0,0.0,0.0,1.0,0.0,True,2021.09.16.15.47.30_veh-45_01199_01391,1,1631808554.7998118,587722.275348863,4475568.850629529,587713.1879280512,4475557.588755212,0.0,1.2739048231915016e-43,0.0
760,3b0bf79a32b642604,1.0,0.0,1.0,1.0,1.0,1.0,0.0,0.0,0.0,True,2021.10.06.08.16.17_veh-52_01949_02501,1,1633510715.199517,364989.54202609713,143544.70316050175,365003.72587080725,143561.88780596046,0.0,0.05555555555555555,0.0
761,3c70a054e8d40ce21,1.0,1.0,1.0,1.0,1.0,1.0,0.0,1.0,0.8571428571428571,True,2021.09.29.19.02.14_veh-28_00964_01689,1,1632943898.299569,331563.40521506296,4690832.135480333,331547.22008120466,4690841.4112813,1.0,0.125,0.875
762,7ed807aaa179c87b1,0.0,1.0,0.5,1.0,1.0,0.0,1.0,1.0,0.0,True,2021.10.06.08.16.17_veh-52_01949_02501,1,1633510715.6996589,364979.10347572097,143533.06282440652,364999.85759488505,143556.93431270478,1.0,0.05555555555555555,0.0
763,40e5f23e7c1df8791,1.0,1.0,0.5,1.0,0.8746134582757604,1.0,0.0,1.0,0.40618097469210007,True,2021.08.30.13.45.25_veh-40_00610_00771,1,1630331842.000428,332820.0469185237,4690178.54908298,332847.4325215749,4690183.300095851,0.0,0.058823529411764705,0.3554083528555876
764,a874b5928d421efad,1.0,0.0,1.0,1.0,0.6593146845046142,1.0,1.0,1.0,0.0,True,2021.10.06.07.26.10_veh-52_01245_02064,1,1633506905.200531,364954.3487536938,143501.89926838447,364962.6698603895,143509.80519109548,1.0,3.3662490138044326e-194,0.0
765,7e21d3337e4e59b97,1.0,1.0,1.0,1.0,0.8138190809946835,1.0,1.0,1.0,0.9335068146409584,True,2021.10.06.07.26.10_veh-52_01245_02064,1,1633506905.200531,364929.91259380506,143470.469553194,364951.91389546223,143496.18127162906,1.0,1.5318880552649032e-134,0.9418184628108386
766,7427abf44bb60ffa4,1.0,0.0,0.5,1.0,0.3092756514800022,1.0,0.0,1.0,0.0,True,2021.09.29.14.44.26_veh-28_00238_00320,1,1632927022.299784,330846.74397314317,4689950.783625918,330830.68857008126,4689946.223034247,0.0,0.05,0.0
767,832b4c7a0e847fb0c,1.0,1.0,1.0,1.0,0.6309480979156785,1.0,1.0,1.0,0.8681957492555995,True,2021.09.29.19.02.14_veh-28_00540_00917,1,1632942810.299607,331139.9357045779,4690833.34790289,331133.57529780077,4690840.177445866,0.0,9.225794055269658e-12,0.7596712805986495
768,ec57bab7a9c75c4d0,1.0,1.0,1.0,1.0,1.0,1.0,1.0,1.0,1.0,True,2021.09.16.13.53.10_veh-42_00180_00342,1,1631800719.899852,589135.1203198967,4474532.544236147,589153.5264078306,4474488.314469711,0.0,0.058823529411764705,0.875
769,9fe9464c7d920430e,1.0,0.0,0.5,1.0,1.0,1.0,0.0,1.0,0.0,True,2021.09.16.19.27.01_veh-45_01749_03230,1,1631823139.5002458,587589.9608614229,4475930.4737772215,587609.2323144957,4475935.394587796,0.0,1.3176873285986168e-36,0.0
770,eeb4b0334d12c4c0f,1.0,1.0,1.0,1.0,1.0,1.0,1.0,1.0,1.0,True,2021.09.16.14.39.34_veh-42_00297_00935,1,1631804065.200268,587774.9340976493,4475630.112555213,587767.0929871419,4475619.048805551,0.0,1.3366674698908792e-141,0.875
771,e33c0044eab71bc97,1.0,1.0,1.0,1.0,1.0,1.0,1.0,1.0,1.0,True,2021.06.28.20.24.43_veh-38_03385_04952,1,1624915518.099637,664194.4967307515,3997419.740819971,664204.9157173167,3997422.326696801,1.0,0.9958150971044722,1.0
772,2b357fcebd9642bfe,1.0,0.0,1.0,1.0,1.0,1.0,0.0,1.0,0.0,True,2021.10.06.08.16.17_veh-52_01949_02501,1,1633510715.6996589,364990.6133586387,143545.81810672773,365003.9728953273,143560.066677622,0.0,0.05555555555555555,0.0
773,3f8c33cff8d582456,1.0,1.0,1.0,1.0,0.5639383414601519,1.0,1.0,1.0,0.8442636933786256,True,2021.10.06.07.26.10_veh-52_01245_02064,1,1633506904.7003188,364956.81505608757,143503.71878575764,364962.16203957563,143509.315134141,1.0,0.9999999917125755,0.8637307317062974
774,4d59b2a4c64101d41,0.0,1.0,0.5,1.0,1.0,0.0,1.0,1.0,0.0,True,2021.08.30.14.54.34_veh-40_00439_00835,1,1630335935.500406,331305.2488087536,4691040.212699448,331301.8673962377,4691026.423823086,1.0,0.006965935984464642,0.0
775,1879a7c4a97f64bf9,1.0,1.0,1.0,1.0,0.9514351797828193,1.0,0.0,1.0,0.8397982784938641,True,2021.10.06.07.26.10_veh-52_00953_01126,1,1633506342.700286,366000.0054939165,143006.23961252274,366019.24704162596,142990.38272415425,1.0,1.421254241320632e-34,0.8598234936821311
776,e848a6d0aa53e2ec3,1.0,1.0,1.0,1.0,0.6660629749371431,1.0,1.0,1.0,0.8807367767632653,True,2021.09.16.14.39.34_veh-42_01609_01687,1,1631804880.699805,589021.4860287927,4474711.555236519,589015.9187340088,4474734.010527016,1.0,3.293755323306146e-144,0.8956446796678572
777,6f43b1ff7218bc4e6,1.0,1.0,1.0,1.0,1.0,1.0,1.0,1.0,1.0,True,2021.10.06.08.16.17_veh-52_00181_00574,1,1633508490.699611,365648.69055271905,143854.00069077258,365637.2241840567,143846.88293013666,0.0,0.05555555555555555,0.875
778,1cdb5f8486a6e3a2b,1.0,1.0,1.0,1.0,1.0,1.0,1.0,1.0,1.0,True,2021.06.28.20.24.43_veh-38_03385_04952,1,1624915518.099637,664194.8616258339,3997419.6681022323,664204.7304053452,3997421.885017882,1.0,0.002608026794798815,1.0
779,1c6327dd6c33a1c36,1.0,0.0,1.0,1.0,1.0,1.0,1.0,1.0,0.0,True,2021.09.09.17.18.51_veh-48_01248_01450,1,1631209389.999616,330964.19667922123,4690933.781266958,330974.90998780617,4690938.094254966,0.0,0.07692307692307693,0.0
780,c7c0caa29dbf55999,0.0,1.0,1.0,1.0,1.0,0.0,0.0,1.0,0.0,True,2021.09.29.15.23.04_veh-28_00814_01101,1,1632930209.799517,331565.41439737123,4690828.42215429,331539.40037399775,4690845.23032149,0.0,2.7674546670717827e-56,0.0
781,c3430498fdada1e4d,1.0,1.0,1.0,1.0,0.811811969743915,1.0,0.0,1.0,0.7899328463371125,True,2021.09.29.14.44.26_veh-28_00238_00320,1,1632927022.799661,330845.83211320784,4689975.812418516,330831.6657317394,4689949.7124086665,1.0,7.968923864661147e-170,0.8161912405449734
782,6cbcce7f4aa5854ab,1.0,1.0,1.0,1.0,1.0,1.0,0.0,1.0,0.8571428571428571,True,2021.09.16.19.12.04_veh-42_01438_01677,1,1631821507.50001,588116.517693243,4475776.898088227,588077.5876292359,4475747.753442471,1.0,3.615614853985134e-10,0.875
783,aa2d7b83ea2052e20,1.0,1.0,1.0,1.0,0.935369925315088,1.0,1.0,1.0,0.9769178304696743,True,2021.10.06.08.16.17_veh-52_01949_02501,1,1633510350.699738,365838.68088371167,143131.50481658286,365801.19891757355,143160.98252454685,1.0,0.09090909090909091,0.979803101660965
784,9e6b3a8efae9904aa,1.0,1.0,1.0,1.0,1.0,1.0,1.0,1.0,1.0,True,2021.09.29.15.23.04_veh-28_00814_01101,1,1632930209.799517,331554.3076113008,4690838.369560955,331536.17882334924,4690848.237128185,0.0,2.1134523184980857e-09,0.875
785,47fc4c6fd21e44379,1.0,1.0,1.0,1.0,0.9622186967030589,0.0,1.0,1.0,0.6293638202510925,True,2021.08.30.14.54.34_veh-40_00439_00835,1,1630335935.500406,331303.66964681144,4691034.266155452,331302.0373064373,4691025.417263684,0.0,0.9927672825477554,0.5506933427197059
786,cc06efea87df36bc7,1.0,0.0,0.5,1.0,0.7653984613227693,1.0,0.0,1.0,0.0,True,2021.10.06.07.26.10_veh-52_00006_00398,1,1633505590.200058,365562.5631373652,143148.82170855807,365537.025117311,143143.96748294806,0.0,0.1111111111111111,0.0
787,a946e96acbe5186d9,1.0,1.0,1.0,0.0,1.0,1.0,1.0,1.0,0.0,True,2021.09.16.15.47.30_veh-45_01199_01391,1,1631808554.7998118,587733.4717164763,4475578.082523884,587716.7949514076,4475560.810205926,1.0,0.03621739235606114,0.0
788,5d7300eccaaae4563,1.0,1.0,1.0,1.0,0.8906490032269674,1.0,0.0,1.0,0.8180889297239169,True,2021.10.06.07.26.10_veh-52_00953_01126,1,1633506342.700286,366004.9382740242,143004.31779324182,366020.8559934873,142989.61588156852,1.0,1.9333546123785127e-08,0.8408278135084273
789,c3ded6e25641b2068,1.0,1.0,0.5,1.0,1.0,1.0,1.0,1.0,0.5,True,2021.09.29.19.02.14_veh-28_00540_00917,1,1632942809.7997708,331141.5480501286,4690837.39640848,331131.43080038053,4690843.722443038,1.0,0.046759386095630476,0.5
790,7e241b2390105cdb3,1.0,1.0,1.0,1.0,0.9363831493852264,1.0,0.0,1.0,0.8344225533518665,True,2021.09.29.19.02.14_veh-28_03198_03360,1,1632945465.299811,332409.5912410679,4690470.602503476,332385.5743783643,4690480.76495465,0.0,0.08333333333333333,0.7301197341828832
791,749fa88824e849ee8,1.0,1.0,1.0,1.0,0.8461752297883982,0.0,0.0,1.0,0.4450625820672851,True,2021.10.06.07.26.10_veh-52_01245_02064,1,1633506905.200531,364931.975140212,143473.8276706265,364953.38736193825,143499.2002167909,1.0,5.363743847264987e-47,0.5144297593088745
792,8868a14471179c2a7,0.0,1.0,0.0,1.0,1.0,0.0,0.0,1.0,0.0,True,2021.08.30.16.16.44_veh-40_00779_01088,1,1630341065.000195,331467.97494200885,4691021.263991864,331441.9585649387,4691037.532543241,1.0,8.0282155816149e-206,0.0
793,6eb44fdbacc1fdf1c,1.0,1.0,1.0,1.0,1.0,1.0,1.0,1.0,1.0,True,2021.09.16.14.39.34_veh-42_00297_00935,1,1631803657.699476,588335.0158546829,4475949.305509614,588376.6132293325,4475983.74636636,1.0,0.08333333333333333,1.0
794,2c5d88f56ea71888d,0.0,0.0,0.0,1.0,0.8789786028737915,0.0,0.0,1.0,0.0,True,2021.10.06.07.26.10_veh-52_01245_02064,1,1633506905.200531,364940.41341092467,143488.122609395,364957.9405822277,143504.39572967772,1.0,2.3663731962891e-11,0.0
795,4b48232c28699eff0,1.0,1.0,1.0,1.0,0.618447986872533,1.0,1.0,1.0,0.8637314238830475,True,2021.06.28.20.24.43_veh-38_03385_04952,1,1624915517.599393,664206.2697792496,3997422.27052484,664210.3346316103,3997422.132250138,0.0,0.14285714285714285,0.7557649958976665
796,74fbb7c806207e386,1.0,1.0,1.0,1.0,1.0,1.0,1.0,1.0,1.0,True,2021.10.06.08.16.17_veh-52_01949_02501,1,1633510715.199517,365001.3577798786,143556.6305661376,364999.99242029747,143569.68281021176,1.0,0.05555555555555555,1.0
797,2b2111da18ed8032d,1.0,0.0,1.0,1.0,1.0,0.0,0.0,1.0,0.0,True,2021.09.29.14.44.26_veh-28_00528_00992,1,1632927662.7996838,331689.03836042533,4690876.6311659645,331697.7212606054,4690867.800218743,1.0,1.2962951995334368e-260,0.0
798,f9b79d00824722fc5,1.0,1.0,1.0,1.0,0.8958994908902534,1.0,1.0,1.0,0.962821246746519,True,2021.09.29.14.44.26_veh-28_00528_00992,1,1632927662.2998679,331672.2480470251,4690885.823076483,331691.0215822454,4690871.843087689,1.0,0.06666666666666667,0.9674685909032041
799,a0b8747e5af0f2b1d,1.0,0.0,1.0,1.0,1.0,1.0,1.0,1.0,0.0,True,2021.05.25.17.54.41_veh-35_01905_02121,1,1621981836.40063,664404.3331263629,3997339.713678705,664420.1725522421,3997340.6224909388,0.0,5.443362743915118e-22,0.0
800,d23dccf53d6e2e76b,1.0,0.0,1.0,1.0,0.9763711657493923,1.0,0.0,1.0,0.0,True,2021.09.16.14.39.34_veh-42_01609_01687,1,1631804880.200022,589026.277003421,4474690.179517323,589016.3927437481,4474732.851816476,1.0,0.125,0.0
801,5eda23d004b1120db,1.0,1.0,1.0,1.0,0.8200511136455891,1.0,0.0,1.0,0.7928753977305675,True,2021.10.06.08.16.17_veh-52_01949_02501,1,1633510351.1995609,365823.4259000958,143141.74724457398,365798.7625050721,143162.65148439063,0.0,2.400804754938226e-280,0.6937659730142466
802,b50c1c40b51d7211f,1.0,1.0,1.0,1.0,1.0,1.0,0.0,1.0,0.8571428571428571,True,2021.06.03.13.55.17_veh-35_02866_03582,1,1622746356.6008,664540.9086850972,3998993.9252981525,664536.776185008,3998980.5237875753,0.0,2.2164218790901413e-24,0.75
803,52beeecb68d3427e9,1.0,1.0,1.0,1.0,0.8223020156584954,1.0,0.0,1.0,0.7936792913066054,True,2021.08.30.13.45.25_veh-40_00610_00771,1,1630331842.000428,332830.3750880493,4690179.649952627,332851.75591008976,4690184.488124209,0.0,0.058823529411764705,0.6944693798932797
804,f228148d75c9d3b09,1.0,1.0,1.0,1.0,0.7036963945772697,1.0,1.0,1.0,0.8941772837775963,True,2021.09.29.14.44.26_veh-28_00238_00320,1,1632927022.299784,330842.5320875983,4689968.40344441,330831.4069453765,4689947.669123081,0.0,0.05,0.7824051233053968
805,e6ece8d2d8cf12a8c,1.0,1.0,1.0,1.0,0.08167415070005113,1.0,0.0,1.0,0.5291693395357325,True,2021.09.16.13.53.10_veh-42_00860_01069,1,1631801423.8995168,587806.0088524461,4475664.480291852,587805.2422530242,4475663.8683607,1.0,4.514027495772377e-15,0.588023172093766
806,737a6728f5f065a24,1.0,1.0,1.0,1.0,0.7992436628131434,1.0,0.0,1.0,0.7854441652904084,True,2021.09.16.14.39.34_veh-42_00297_00935,1,1631804065.200268,587773.859024797,4475627.107810802,587767.8583972224,4475620.2707056785,0.0,1.1649392948873532e-95,0.6872636446291074
807,7d0e6ab1e39a11f7e,1.0,1.0,0.5,1.0,0.5509131725253288,1.0,1.0,1.0,0.4198059236652373,True,2021.09.29.19.02.14_veh-28_03198_03360,1,1632945465.799696,332391.0124223177,4690481.52248468,332383.6518154559,4690480.52166693,0.0,0.08333333333333333,0.3673301832070826
808,7bc8b418055d0cc73,0.0,1.0,0.0,1.0,1.0,0.0,0.0,1.0,0.0,True,2021.08.30.16.16.44_veh-40_00779_01088,1,1630341065.50014,331464.7055557814,4691021.703338737,331437.7736215878,4691039.300012907,0.0,2.785157337378979e-50,0.0
809,83316d588a0204528,1.0,1.0,1.0,1.0,1.0,1.0,0.0,1.0,0.8571428571428571,True,2021.10.06.07.26.10_veh-52_02208_02394,1,1633507451.700127,365152.4633061439,143541.289470675,365152.4323664338,143541.31026604766,0.0,0.125,0.75
810,e03e2999009dbd343,1.0,1.0,1.0,1.0,0.5981728194896757,1.0,0.0,1.0,0.7136331498177413,True,2021.09.16.19.27.01_veh-45_01749_03230,1,1631822761.5000799,587576.5082173973,4475579.752933017,587570.8679478588,4475581.293643561,1.0,2.684640624012157e-20,0.7494290060905237
811,fb2b568b2a055b83c,1.0,1.0,1.0,1.0,0.720717450400679,1.0,1.0,1.0,0.9002562322859567,True,2021.09.29.14.44.26_veh-28_00528_00992,1,1632927662.2998679,331683.18327265704,4690878.367400033,331695.47446180036,4690868.118107419,1.0,0.06666666666666667,0.9127242032502122
812,8dd36b48e9549dfbb,1.0,0.0,0.0,1.0,1.0,1.0,0.0,1.0,0.0,True,2021.09.16.19.27.01_veh-45_01749_03230,1,1631823139.000078,587589.679669668,4475929.918411314,587610.4162711856,4475936.371495688,0.0,1.2931144505568358e-45,0.0
813,fcc569fe0c7aef6a1,1.0,0.0,1.0,1.0,1.0,1.0,0.0,1.0,0.0,True,2021.09.16.14.39.34_veh-42_01609_01687,1,1631804880.699805,589020.3984654107,4474718.951759968,589014.3488741631,4474740.523539449,0.0,0.0,0.0
814,b02622c8d05a2a7ab,1.0,1.0,1.0,1.0,1.0,1.0,0.0,1.0,0.8571428571428571,True,2021.09.29.18.19.40_veh-28_01268_01685,1,1632940905.099813,331185.0246985003,4690843.19842625,331187.84036403213,4690849.414124266,1.0,2.1320371272024625e-05,0.875
815,ee0214c25403e4214,0.0,1.0,1.0,1.0,0.7074854061817493,0.0,0.0,1.0,0.0,True,2021.06.03.13.55.17_veh-35_02866_03582,1,1622746356.1010978,664545.185559015,3999000.595066682,664539.4405694851,3998984.6256547687,1.0,1.262928137895116e-13,0.0
816,6fae01aed04d6fd01,0.0,1.0,1.0,1.0,1.0,0.0,0.0,1.0,0.0,True,2021.09.09.17.18.51_veh-48_01248_01450,1,1631209389.999616,330944.11947482335,4690892.586314477,330961.4065859238,4690926.15513664,1.0,0.07692307692307693,0.0
817,10f68fec177e9b51c,1.0,1.0,1.0,1.0,1.0,1.0,1.0,1.0,1.0,True,2021.09.09.17.18.51_veh-48_01248_01450,1,1631209389.499202,330961.4510341578,4690926.988439183,330971.0085100992,4690937.207172397,1.0,0.07692307692307693,1.0
818,d2db523662daf6690,0.0,0.0,0.5,1.0,1.0,0.0,1.0,1.0,0.0,True,2021.08.30.14.54.34_veh-40_00439_00835,1,1630335935.500406,331317.67135192954,4691044.557858474,331301.6059514231,4691031.18092502,0.0,1.264928428089029e-72,0.0
819,53435e78f75ede28c,1.0,1.0,1.0,1.0,1.0,1.0,0.0,1.0,0.8571428571428571,True,2021.09.29.15.23.04_veh-28_00814_01101,1,1632930209.2996628,331553.16809843516,4690838.148169922,331534.31344690314,4690848.465211479,0.0,0.9999992207167059,0.75
820,e2575892f97539fa7,1.0,0.0,1.0,1.0,1.0,1.0,1.0,1.0,0.0,True,2021.09.09.17.18.51_veh-48_01248_01450,1,1631209389.999616,330960.4336642347,4690924.966718365,330970.081177928,4690936.878092547,1.0,0.07692307692307693,0.0
821,6ab786f972b45ffe0,1.0,0.0,1.0,1.0,0.6482919267731898,1.0,0.0,1.0,0.0,True,2021.10.06.07.26.10_veh-52_02208_02394,1,1633507452.19991,365172.85174514784,143541.31679840598,365159.7325871025,143540.2440246418,0.0,0.125,0.0
822,13d3b12e20ec70ec5,1.0,1.0,1.0,1.0,0.9909353362445417,1.0,1.0,1.0,0.9967626200873363,True,2021.05.25.14.16.10_veh-35_03373_03550,1,1621970165.0009809,664389.749020352,3997336.686113975,664416.382415528,3997335.1670849444,0.0,0.999999999999067,0.8721672925764192
823,1161a45a0921d7c8e,1.0,1.0,0.5,1.0,0.688043876606586,1.0,0.0,1.0,0.37286497796546175,True,2021.09.16.13.53.10_veh-42_00180_00342,1,1631800719.899852,589152.6654472426,4474488.222207555,589161.608634958,4474473.001854255,1.0,0.058823529411764705,0.388756855719779
824,21c67a61bb969877f,1.0,0.0,0.5,1.0,1.0,1.0,0.0,1.0,0.0,True,2021.09.16.17.40.09_veh-45_02539_02745,1,1631816799.8999288,587618.650682657,4475955.6031705635,587627.8423374832,4475959.817627145,0.0,0.1,0.0
825,dc18fd577680f44b9,0.0,1.0,1.0,1.0,0.5691199567461638,0.0,0.0,1.0,0.0,True,2021.06.28.13.53.26_veh-26_00492_00696,1,1624889083.703023,664425.931894521,3997356.3409776036,664425.3614762097,3997369.63019721,1.0,0.0,0.0
826,6d33b3de92c436972,1.0,1.0,1.0,1.0,0.8142694696073061,1.0,1.0,0.0,0.7908105248597522,True,2021.09.29.14.44.26_veh-28_00528_00992,1,1632927662.2998679,331694.7629700353,4690868.810013399,331698.6573094107,4690861.067315985,0.0,0.06666666666666667,0.6919592092522832
827,f2d69faa21d148235,1.0,1.0,1.0,1.0,0.8463788247054707,1.0,1.0,1.0,0.9451352945376682,True,2021.10.06.07.26.10_veh-52_01245_02064,1,1633506904.7003188,364935.09007664386,143477.6182693083,364955.8406042104,143501.66914964246,1.0,1.5147104453875058e-156,0.9519933827204596
828,07a36d3f2100bc352,1.0,1.0,0.5,1.0,1.0,1.0,0.0,1.0,0.42857142857142855,True,2021.09.16.19.27.01_veh-45_01749_03230,1,1631822762.0001838,587578.9213705797,4475580.050440069,587571.5534055934,4475582.0090224575,0.0,3.963231450821343e-99,0.375
829,8f284d670d5b623bf,1.0,0.0,1.0,1.0,1.0,1.0,1.0,1.0,0.0,True,2021.09.29.19.02.14_veh-28_00540_00917,1,1632942809.7997708,331143.49493391946,4690829.846411413,331133.09259581065,4690840.6901923595,0.0,8.878135620258216e-20,0.0
830,e5f874a384d04ada1,1.0,1.0,0.0,1.0,1.0,1.0,0.0,1.0,0.0,True,2021.09.16.14.39.34_veh-42_00032_00186,1,1631803294.6996439,589202.5535270134,4474374.203537852,589189.9701833583,4474394.8900415925,0.0,4.977058158496947e-24,0.0
831,0fc3bc1b7fce2461a,1.0,1.0,1.0,1.0,0.8392884844805801,1.0,0.0,1.0,0.7997458873144928,True,2021.10.06.08.16.17_veh-52_01949_02501,1,1633510351.1995609,365833.4622154266,143137.49702883174,365803.46473591425,143160.31866742295,1.0,4.6659427875004197e-85,0.8247776514001812
832,944867d5050b336ad,0.0,0.0,0.0,1.0,1.0,0.0,0.0,1.0,0.0,True,2021.09.29.14.44.26_veh-28_00238_00320,1,1632927022.799661,330845.7251871123,4689969.844343415,330833.82339613023,4689948.622864025,1.0,4.627931628772858e-160,0.0
833,858914d079ed93fdb,1.0,0.0,0.0,1.0,1.0,1.0,0.0,1.0,0.0,True,2021.10.06.07.26.10_veh-52_00953_01126,1,1633506342.700286,366008.0712522844,142990.68704455244,366028.9738016667,142985.8195834591,1.0,6.56165174130894e-86,0.0
834,8fc9c5ae5ccfdda02,0.0,1.0,1.0,1.0,1.0,0.0,1.0,1.0,0.0,True,2021.09.29.18.19.40_veh-28_01268_01685,1,1632940905.099813,331183.872863519,4690843.265453959,331187.09122981975,4690848.87350815,1.0,0.9999786796287281,0.0
835,abeae7488b509687d,1.0,1.0,0.0,1.0,1.0,1.0,0.0,1.0,0.0,True,2021.08.30.13.45.25_veh-40_00610_00771,1,1630331842.000428,332831.5647569211,4690177.695443216,332851.31331426743,4690181.999076485,0.0,0.058823529411764705,0.0
836,a4d8865551f14fe33,1.0,1.0,1.0,1.0,0.8165411014404987,1.0,0.0,1.0,0.7916218219430353,True,2021.09.16.14.39.34_veh-42_00032_00186,1,1631803294.6996439,589206.8338573246,4474360.810177176,589191.7639147628,4474389.834763359,1.0,4.814251270340062e-07,0.8176690942001559
837,9ca4cc4bfc1a7a0a0,0.0,0.0,1.0,1.0,1.0,0.0,1.0,0.0,0.0,True,2021.09.29.15.23.04_veh-28_00814_01101,1,1632930209.799517,331551.9316994354,4690836.702468528,331533.57640835387,4690847.165147643,0.0,0.9999999978820602,0.0
838,beee26fb5719cdfcb,1.0,0.0,1.0,0.0,1.0,1.0,1.0,1.0,0.0,True,2021.09.16.15.47.30_veh-45_01199_01391,1,1631808555.2996619,587747.5159871657,4475592.850141025,587723.0574047576,4475568.022460672,1.0,2.06067286841402e-149,0.0
839,21caa7576c2da8f7a,1.0,1.0,1.0,1.0,0.9726788088407903,1.0,0.0,1.0,0.8473852888717107,True,2021.09.29.19.02.14_veh-28_00964_01689,1,1632943898.299569,331560.53515767766,4690831.656802055,331546.3364552553,4690842.074812937,1.0,0.125,0.8664621277627469
840,b8adc6e76a36fd705,1.0,1.0,0.0,1.0,0.8032371418604054,1.0,0.0,1.0,0.0,True,2021.09.16.19.12.04_veh-42_01438_01677,1,1631821507.50001,588091.4479405563,4475759.130418506,588069.1513168585,4475741.461751863,0.0,0.0,0.0
841,7459b322982d2932c,1.0,1.0,1.0,1.0,1.0,1.0,1.0,1.0,1.0,True,2021.09.29.19.02.14_veh-28_00540_00917,1,1632942810.299607,331147.20882442617,4690834.238650479,331130.4924017494,4690843.835006821,1.0,1.1582333855711316e-11,1.0
842,1c46609a6f85e1150,1.0,1.0,1.0,1.0,0.8079944918812443,1.0,0.0,1.0,0.7885694613861587,True,2021.10.06.07.26.10_veh-52_01245_02064,1,1633506904.7003188,364941.3000150595,143484.27898769357,364958.303235911,143503.8618066753,1.0,2.895832626232879e-57,0.8149982787128889
843,6f8cba85e3f6cd0d4,1.0,1.0,0.5,1.0,1.0,1.0,0.0,1.0,0.42857142857142855,True,2021.09.16.13.53.10_veh-42_00180_00342,1,1631800719.899852,589151.2582595383,4474490.652823245,589159.7016943633,4474476.159698283,0.0,0.058823529411764705,0.375
844,e3fffb822fb5efac2,0.0,0.0,1.0,1.0,1.0,0.0,0.0,1.0,0.0,True,2021.10.06.07.26.10_veh-52_01245_02064,1,1633506905.200531,364938.7102743822,143484.4589884206,364956.74384443153,143504.014019274,1.0,6.8125898453025755e-06,0.0
845,df2f5f2688acbcf8c,1.0,0.0,0.5,1.0,1.0,1.0,1.0,1.0,0.0,True,2021.09.16.19.27.01_veh-45_01749_03230,1,1631823139.000078,587594.5567371512,4475937.452433288,587610.838190337,4475936.444122345,0.0,6.23162122601152e-39,0.0
846,bc1165d3665880833,1.0,1.0,1.0,1.0,1.0,1.0,1.0,1.0,1.0,True,2021.09.16.19.12.04_veh-42_01438_01677,1,1631821507.000123,588118.5165910354,4475777.863985851,588075.9735942315,4475746.020876865,1.0,3.254108663898816e-20,1.0
847,d294ac095b61c1877,1.0,1.0,1.0,1.0,0.21961747122228642,1.0,1.0,1.0,0.7212919540079594,True,2021.09.16.19.27.01_veh-45_01749_03230,1,1631823139.5002458,587611.647688724,4475934.851572686,587613.3013174274,4475938.043550146,0.0,0.027579440317393022,0.6311304597569645
848,68c48977b8b13f11f,0.0,1.0,0.5,1.0,1.0,0.0,1.0,1.0,0.0,True,2021.10.06.08.16.17_veh-52_01949_02501,1,1633510715.6996589,364978.7438385653,143532.5302312343,364999.85759488505,143556.93431270478,1.0,0.05555555555555555,0.0
849,2e822d476fd14739c,1.0,1.0,1.0,1.0,1.0,1.0,1.0,1.0,1.0,True,2021.09.16.19.27.01_veh-45_01749_03230,1,1631822761.5000799,587584.5457811054,4475575.984389068,587575.1548027445,4475579.794372161,1.0,0.0003174662641414426,1.0
850,ed0f40ad04605d018,0.0,1.0,0.0,1.0,1.0,0.0,0.0,1.0,0.0,True,2021.08.30.16.16.44_veh-40_00779_01088,1,1630341065.50014,331468.4803095996,4691021.494901783,331444.84070609807,4691036.079272893,1.0,0.0,0.0
851,f57b598a624e522c7,1.0,1.0,1.0,1.0,0.7713041584185102,1.0,0.0,1.0,0.7754657708637537,True,2021.09.16.19.49.00_veh-42_00990_01609,1,1631823269.000026,587691.8865090361,4475624.478050697,587697.6272901412,4475619.19630587,1.0,0.125,0.8035325495057845
852,bf23a089fb07a1891,1.0,1.0,1.0,1.0,0.8575561704433915,1.0,0.0,1.0,0.8062700608726399,True,2021.10.06.07.26.10_veh-52_01245_02064,1,1633506905.200531,364935.78952672216,143476.40663096026,364956.47161269933,143500.3868106198,1.0,1.0631360803966822e-07,0.8304863032635599
853,32888a8d5ffa4cfa6,1.0,1.0,1.0,0.0,1.0,1.0,1.0,1.0,0.0,True,2021.09.16.15.47.30_veh-45_01199_01391,1,1631808554.7998118,587739.6823213628,4475583.985826344,587719.3297512654,4475563.035190471,1.0,2.7928904936778743e-33,0.0
854,d17adfd1c40c90f05,0.0,1.0,0.5,1.0,1.0,0.0,0.0,1.0,0.0,True,2021.09.16.19.27.01_veh-45_01749_03230,1,1631822328.5003679,587527.6412763916,4475704.779816057,587513.9997804072,4475706.430433161,1.0,0.2,0.0
855,b1aefb166ba160b03,1.0,1.0,1.0,1.0,0.9056623777419179,1.0,0.0,1.0,0.8234508491935422,True,2021.10.06.08.16.17_veh-52_00181_00574,1,1633508490.1997619,365666.20938789815,143881.2045172231,365646.2461134587,143854.93604353094,1.0,0.05555555555555555,0.8455194930443494
856,024776041efb70cd4,0.0,1.0,0.0,1.0,0.8250423823138016,0.0,0.0,1.0,0.0,True,2021.10.06.08.16.17_veh-52_01949_02501,1,1633510350.699738,365823.5065543784,143140.68310138528,365796.9626482809,143162.7354831149,1.0,0.09090909090909091,0.0
857,4ce31f5e37ac47b5f,1.0,1.0,1.0,1.0,0.6838877219439012,1.0,1.0,1.0,0.8871027578371076,True,2021.10.06.07.26.10_veh-52_01245_02064,1,1633506904.7003188,364956.1685199763,143501.02547593878,364963.3563630423,143510.41581640625,1.0,3.4106447216403503e-15,0.9012149131074692
858,334428793abea228f,1.0,0.0,1.0,1.0,1.0,1.0,0.0,1.0,0.0,True,2021.10.06.07.26.10_veh-52_00006_00398,1,1633505590.699844,365563.15819368046,143150.092921259,365539.77786649804,143143.24066476547,0.0,2.9135461155321925e-24,0.0
859,2b1cf649494f9cd62,1.0,1.0,0.0,1.0,1.0,1.0,0.0,1.0,0.0,True,2021.09.29.14.44.26_veh-28_00238_00320,1,1632927022.799661,330844.82269722136,4689983.674786989,330833.6377125972,4689954.118085071,0.0,2.3004556504549935e-39,0.0
860,4a9850fe681028df5,1.0,1.0,1.0,1.0,0.8185644671108283,1.0,1.0,0.0,0.7923444525395816,True,2021.09.16.13.53.10_veh-42_00860_01069,1,1631801423.8995168,587829.2476141854,4475657.990073705,587811.9723728695,4475668.92911178,0.0,1.821016876427607e-78,0.6933013959721339
861,86ec67f271b64b199,1.0,1.0,0.0,1.0,0.8206227170011728,1.0,0.0,1.0,0.0,True,2021.09.29.14.44.26_veh-28_00238_00320,1,1632927022.299784,330845.04648922925,4689980.540858222,330832.6035841377,4689950.459584124,0.0,0.05,0.0
862,f5d0746ef157601ff,1.0,1.0,1.0,1.0,0.3660056203828659,1.0,1.0,1.0,0.7735734358510236,True,2021.09.29.19.02.14_veh-28_00964_01689,1,1632943898.799849,331551.28638026706,4690840.41398216,331545.7493122567,4690843.850020009,1.0,2.2011575329044824e-36,0.8018767563696456
863,5e9e3c88e21f7a346,1.0,0.0,1.0,1.0,1.0,1.0,1.0,1.0,0.0,True,2021.09.16.14.39.34_veh-42_00032_00186,1,1631803295.199668,589213.2056044994,4474339.581966066,589195.0592659332,4474380.237002522,1.0,1.052813733202324e-97,0.0
864,43f884d69baea51f6,1.0,0.0,1.0,1.0,1.0,1.0,0.0,1.0,0.0,True,2021.09.16.19.12.04_veh-42_01438_01677,1,1631821507.50001,588116.8185940238,4475775.68106003,588075.8830942679,4475744.401480079,1.0,3.132235133090867e-61,0.0
865,7272b7a2cb56feb27,1.0,0.0,1.0,1.0,0.7896738849545928,1.0,1.0,1.0,0.0,True,2021.09.16.17.40.09_veh-45_02539_02745,1,1631816799.8999288,587612.9434366219,4475933.9031409025,587621.2340544377,4475952.945434454,0.0,0.1,0.0
866,068049348ed36eb6a,1.0,1.0,1.0,1.0,0.8459366596441634,1.0,0.0,1.0,0.8021202355872011,True,2021.06.03.13.55.17_veh-35_02866_03582,1,1622746356.6008,664540.6935884478,3998982.9869800997,664535.9682729511,3998974.838757912,0.0,2.6411194645586676e-170,0.701855206138801
867,49f60cc575589f36c,1.0,1.0,1.0,1.0,0.9487541803934272,1.0,1.0,1.0,0.9816979215690811,True,2021.09.16.13.53.10_veh-42_00180_00342,1,1631800719.899852,589137.842784916,4474525.061442235,589154.8008956707,4474486.940735045,1.0,0.058823529411764705,0.983985681372946
868,ddc382f4a2aa9f33e,1.0,1.0,0.0,1.0,1.0,1.0,0.0,1.0,0.0,True,2021.09.16.14.39.34_veh-42_00297_00935,1,1631804065.200268,587793.4719065736,4475655.405919623,587773.0951090654,4475629.5754270535,1.0,1.8796338685161476e-36,0.0
869,860bdda18ca280ead,1.0,0.0,0.0,1.0,1.0,1.0,0.0,1.0,0.0,True,2021.10.06.07.26.10_veh-52_00006_00398,1,1633505590.699844,365564.4409026295,143149.65472992315,365541.63760602917,143142.42644825942,0.0,1.0,0.0
870,de3ab8b6981c3e632,1.0,1.0,1.0,1.0,1.0,1.0,1.0,1.0,1.0,True,2021.10.06.08.16.17_veh-52_00181_00574,1,1633508490.1997619,365648.19339030946,143853.36258443075,365637.22525045736,143846.8850652437,0.0,0.05555555555555555,0.875
871,26961603aa068511e,1.0,1.0,1.0,1.0,1.0,1.0,1.0,1.0,1.0,True,2021.09.16.14.39.34_veh-42_00297_00935,1,1631803657.699476,588342.9778146963,4475958.309117648,588381.3067702592,4475987.525908504,1.0,0.08333333333333333,1.0
872,b2ca4b63cda4a8fe2,1.0,1.0,1.0,1.0,0.8359939944802951,1.0,1.0,1.0,0.9414264266001054,True,2021.10.06.07.26.10_veh-52_01245_02064,1,1633506904.7003188,364932.3647790983,143473.64273167672,364954.4353626183,143499.17316794329,1.0,7.398678287302057e-278,0.9487481232750923
873,ab0eca9405de9696c,1.0,0.0,1.0,1.0,0.8465173096510242,1.0,1.0,1.0,0.0,True,2021.08.30.13.45.25_veh-40_00610_00771,1,1630331842.000428,332838.33095110394,4690181.656511337,332855.5741293648,4690185.902317941,0.0,0.058823529411764705,0.0
874,4f3676dd29cda956d,1.0,1.0,1.0,1.0,1.0,1.0,0.0,1.0,0.8571428571428571,True,2021.09.16.19.12.04_veh-42_01438_01677,1,1631821507.000123,588111.6032171521,4475772.7259034235,588074.2704483668,4475744.644094554,1.0,0.47709285035006677,0.875
875,a455cb198227aca78,0.0,0.0,0.0,1.0,1.0,1.0,0.0,1.0,0.0,True,2021.09.29.14.44.26_veh-28_00238_00320,1,1632927022.799661,330845.0658258476,4689969.1197461635,330832.3441504604,4689948.098669892,0.0,3.363129159753558e-207,0.0
876,a0f74d36d2aa52b1f,1.0,1.0,1.0,1.0,0.3785264810601176,1.0,1.0,1.0,0.7780451718071849,True,2021.09.16.19.49.00_veh-42_00990_01609,1,1631823268.499907,587698.4444835738,4475617.460495968,587701.3349776983,4475614.989482388,1.0,0.125,0.8057895253312868
877,d8df0e75d22679cef,0.0,1.0,1.0,1.0,1.0,0.0,0.0,1.0,0.0,True,2021.09.29.14.44.26_veh-28_00528_00992,1,1632927662.7996838,331656.65511711995,4690896.42825502,331684.49223550886,4690876.279322836,1.0,7.407808381248425e-74,0.0
878,d6b2852cfdf21ad06,1.0,1.0,1.0,1.0,0.6990390647542118,1.0,1.0,1.0,0.8925139516979328,True,2021.10.06.08.16.17_veh-52_00181_00574,1,1633508490.699611,365655.6396994492,143867.79667282675,365644.35276459914,143853.56670125824,0.0,0.05555555555555555,0.7809497077356912
879,fdeff0684535eaf4b,0.0,0.0,1.0,1.0,0.7238087401118345,0.0,0.0,1.0,0.0,True,2021.10.06.07.26.10_veh-52_01245_02064,1,1633506904.7003188,364948.0836519841,143495.24188089996,364959.48204484076,143507.16133719587,1.0,8.283357547791179e-09,0.0
880,c91d6633fc0516a81,1.0,1.0,1.0,1.0,0.9228262681340553,1.0,1.0,1.0,0.9724379529050198,True,2021.09.16.19.27.01_veh-45_01749_03230,1,1631822762.0001838,587575.5148420553,4475579.482280607,587567.2867706518,4475582.380479481,1.0,3.601964035437217e-253,0.9758832087918923
881,6995c156a66d6a8ee,1.0,1.0,1.0,1.0,0.7818850917669705,1.0,0.0,1.0,0.7792446756310609,True,2021.10.06.08.16.17_veh-52_00181_00574,1,1633508490.1997619,365655.65621236205,143865.06065681617,365642.1827415407,143852.22303087736,1.0,0.05555555555555555,0.8068390911771783
882,17de904ac4c504886,1.0,1.0,1.0,1.0,0.45912248483405294,1.0,1.0,1.0,0.8068294588693047,True,2021.09.29.15.23.04_veh-28_00814_01101,1,1632930209.799517,331535.932812124,4690847.444204616,331529.1222452914,4690847.785665981,1.0,2.7701106824452273e-63,0.8309757765106416
883,18cc6c426879cd157,1.0,1.0,1.0,1.0,1.0,1.0,0.0,1.0,0.8571428571428571,True,2021.09.16.19.12.04_veh-42_01438_01677,1,1631821507.50001,588122.657292473,4475781.874082109,588080.6247414763,4475749.436964844,1.0,0.0006885718895028018,0.875
884,b2fc06e37171c8dd9,1.0,1.0,1.0,1.0,1.0,1.0,1.0,1.0,1.0,True,2021.09.16.19.12.04_veh-42_01438_01677,1,1631821507.50001,588122.8754259817,4475781.055967595,588081.1583081122,4475749.9995534485,1.0,2.0961946204545813e-10,1.0
885,5b01b06231ac39143,1.0,1.0,1.0,1.0,0.6958797264170822,1.0,1.0,1.0,0.8913856165775293,True,2021.10.06.07.26.10_veh-52_00953_01126,1,1633506342.1999938,366009.95347716496,142997.96402086472,366021.3134619331,142987.90396479712,1.0,5.802840522565953e-07,0.9049624145053382
886,18cf30de794bcf3f5,0.0,0.0,0.5,1.0,1.0,0.0,0.0,1.0,0.0,True,2021.08.30.16.16.44_veh-40_00779_01088,1,1630341065.50014,331447.85908729775,4691036.00667481,331432.1996546306,4691042.723007062,0.0,1.0439251422633602e-05,0.0
887,80800198aa496ffc8,0.0,1.0,1.0,1.0,0.7791369832189496,0.0,0.0,0.0,0.0,True,2021.09.09.17.18.51_veh-48_01248_01450,1,1631209389.499202,330960.9080480951,4690922.381830911,330969.1945138572,4690935.863354931,1.0,0.07692307692307693,0.0
888,27fe2548642974f6e,1.0,1.0,1.0,1.0,0.9124108666013476,0.0,0.0,1.0,0.4687181666433385,True,2021.09.16.19.49.00_veh-42_00990_01609,1,1631823269.000026,587693.422575753,4475624.501116578,587700.1432904764,4475617.650509054,1.0,0.125,0.5351283958129212
889,ff0db1e010ed49544,1.0,1.0,1.0,1.0,1.0,1.0,0.0,1.0,0.8571428571428571,True,2021.09.29.19.02.14_veh-28_00540_00917,1,1632942809.7997708,331165.88813491305,4690813.94955716,331140.2527789977,4690836.135593211,1.0,5.367581214475249e-283,0.875
890,eb2b9b57bc8fba12d,1.0,1.0,1.0,1.0,0.8863211285857185,1.0,0.0,1.0,0.8165432602091851,True,2021.09.16.19.12.04_veh-42_01438_01677,1,1631821507.50001,588096.1817097978,4475761.109247702,588070.311328928,4475741.451012973,0.0,3.533878712785239e-291,0.714475352683037
891,8d9bc38e815347396,1.0,1.0,1.0,1.0,0.7096263934742515,1.0,0.0,1.0,0.7534379976693756,True,2021.06.03.13.55.17_veh-35_02866_03582,1,1622746356.1010978,664540.4341753032,3998992.444861493,664536.6873223427,3998981.152970978,1.0,8.772351591171899e-11,0.7842582479607036
892,186f59c514ff34824,1.0,0.0,0.0,1.0,1.0,1.0,0.0,0.0,0.0,True,2021.10.06.08.16.17_veh-52_01430_01579,1,1633509775.199492,365403.3174033084,143791.9803940684,365392.75470750284,143776.07158072747,0.0,0.1,0.0
893,8df3615e729babee2,1.0,1.0,1.0,1.0,1.0,1.0,1.0,1.0,1.0,True,2021.09.16.14.39.34_veh-42_00297_00935,1,1631804065.7000349,587774.7655511015,4475630.519961883,587767.0919293783,4475619.046317606,0.0,9.688720857205062e-131,0.875
894,f4fb6e871bef33f03,1.0,0.0,0.5,1.0,1.0,1.0,0.0,1.0,0.0,True,2021.10.06.08.16.17_veh-52_01949_02501,1,1633510715.199517,364999.89059347566,143549.84571982705,365004.046645535,143566.2293268939,0.0,0.05555555555555555,0.0
895,91927b9cf7456c200,1.0,0.0,1.0,1.0,0.8988183966018666,1.0,1.0,1.0,0.0,True,2021.09.16.14.39.34_veh-42_00297_00935,1,1631803657.699476,588354.4746268974,4475968.615849381,588382.7675947626,4475989.417247813,1.0,0.08333333333333333,0.0
896,644712e1f5b51074a,1.0,0.0,1.0,1.0,0.7567875129894244,1.0,0.0,1.0,0.0,True,2021.08.30.13.45.25_veh-40_00610_00771,1,1630331841.500309,332837.82836993446,4690181.46167889,332852.8328802099,4690187.173106559,1.0,0.058823529411764705,0.0
897,7052cedfc597ff134,0.0,1.0,1.0,1.0,1.0,0.0,0.0,1.0,0.0,True,2021.09.16.19.27.01_veh-45_01749_03230,1,1631822329.0000448,587529.9469105229,4475703.559167291,587514.323799331,4475705.798019957,1.0,0.2,0.0
898,90dfc4788a349e60b,1.0,1.0,1.0,1.0,0.9578170776269316,1.0,1.0,1.0,0.984934670581047,True,2021.09.16.15.47.30_veh-45_01199_01391,1,1631808555.2996619,587717.6300885256,4475561.323491105,587711.0989854136,4475552.946768088,1.0,2.862302187507771e-259,0.9868178367584162
899,48cab8078b80242a1,1.0,1.0,1.0,1.0,0.9254619375611836,1.0,1.0,1.0,0.9733792634147084,True,2021.09.29.14.44.26_veh-28_00238_00320,1,1632927022.799661,330862.74366015836,4690011.47170649,330839.9080867477,4689964.500148699,1.0,3.0897139568113765e-143,0.9767068554878698
900,015532dcc98a07ab5,0.0,1.0,0.0,1.0,1.0,0.0,0.0,1.0,0.0,True,2021.10.06.08.16.17_veh-52_01949_02501,1,1633510351.1995609,365820.84017759503,143142.07503389166,365798.80982725223,143161.5244444271,0.0,2.4934742836914327e-246,0.0
901,eeb0b8f8cc54ccf58,0.0,1.0,1.0,1.0,1.0,0.0,1.0,1.0,0.0,True,2021.10.06.08.16.17_veh-52_01430_01579,1,1633509775.199492,365407.3087381038,143774.94527111796,365391.1546087535,143774.83495218895,0.0,0.1,0.0
902,10dc3b2e0ce99941a,0.0,1.0,1.0,1.0,1.0,0.0,1.0,1.0,0.0,True,2021.08.30.14.54.34_veh-40_00439_00835,1,1630335935.500406,331308.08542717475,4691040.387432359,331303.2388812116,4691030.477057872,1.0,7.91347938725671e-59,0.0
903,56f3701eaba44cbba,1.0,1.0,1.0,1.0,0.7711922342509732,1.0,0.0,1.0,0.7754257979467761,True,2021.10.06.07.26.10_veh-52_00953_01126,1,1633506342.700286,366017.2243247161,142994.4109160329,366024.90273859084,142987.56677791767,1.0,0.00015784019885083962,0.8034975732034291
904,b36cff254193955cf,1.0,0.0,1.0,1.0,0.3417749843446141,1.0,1.0,1.0,0.0,True,2021.10.06.07.26.10_veh-52_00953_01126,1,1633506342.1999938,366023.62110694137,142986.5741645473,366027.4574261344,142986.10742491944,0.0,2.4059471318485808e-50,0.0
905,47bbf73e6941376ea,1.0,1.0,1.0,1.0,0.8818824479941914,1.0,1.0,1.0,0.9578151599979254,True,2021.10.06.07.26.10_veh-52_01245_02064,1,1633506904.7003188,364940.73308428423,143483.1593900842,364958.4295440398,143505.73309403087,1.0,1.2787008632578854e-30,0.9630882649981848
906,742919271b6be5815,1.0,0.0,0.0,1.0,1.0,1.0,0.0,1.0,0.0,True,2021.09.16.13.53.10_veh-42_00180_00342,1,1631800719.899852,589143.3669300238,4474492.779439591,589158.2304239641,4474478.659896939,0.0,0.058823529411764705,0.0
907,204d7543af9e55675,1.0,1.0,1.0,1.0,0.764849375077803,1.0,1.0,1.0,0.9160176339563583,True,2021.06.03.13.55.17_veh-35_02866_03582,1,1622746356.6008,664538.2918818373,3998992.4012132734,664536.7489920777,3998981.9829260963,1.0,2.6487787037992995e-12,0.9265154297118134
908,bad2ad9c318ddb264,1.0,1.0,0.5,1.0,0.7266919090556654,1.0,0.0,1.0,0.3797664123313688,True,2021.08.30.13.45.25_veh-40_00610_00771,1,1630331842.000428,332837.00188798335,4690178.143429574,332851.7060318293,4690182.271264154,0.0,0.058823529411764705,0.33229561078994774
909,aecefddf9e7523945,1.0,1.0,1.0,1.0,0.6082461708789051,1.0,1.0,1.0,0.8600879181710376,True,2021.10.06.07.26.10_veh-52_00006_00398,1,1633505590.200058,365534.47543721815,143144.6302004242,365527.8035012146,143147.33726438423,0.0,0.1111111111111111,0.7525769283996578
910,dba739bec7326715c,0.0,1.0,1.0,1.0,1.0,0.0,0.0,1.0,0.0,True,2021.09.29.19.02.14_veh-28_00540_00917,1,1632942810.299607,331165.3968322935,4690810.744727865,331139.8741829879,4690834.073325749,1.0,1.7559050140809013e-269,0.0
911,7859f7283b9d34589,1.0,1.0,1.0,1.0,0.43820880845135257,1.0,1.0,1.0,0.799360288732626,True,2021.10.06.08.16.17_veh-52_01949_02501,1,1633510351.1995609,365810.00582365535,143154.0035013542,365799.89817084366,143162.20895389465,0.0,1.052909539730723e-225,0.6994402526410477
912,09747cf799a19f292,1.0,1.0,0.5,1.0,1.0,1.0,0.0,1.0,0.42857142857142855,True,2021.09.16.19.49.00_veh-42_00990_01609,1,1631823269.000026,587688.5120783861,4475622.59478106,587696.1801977034,4475617.57771972,1.0,0.125,0.4375
913,0ac03aaa52e160cd9,1.0,1.0,1.0,1.0,0.4104232692514503,1.0,1.0,1.0,0.789436881875518,True,2021.09.29.19.02.14_veh-28_00964_01689,1,1632943898.299569,331551.84655241267,4690840.728863915,331544.5197507749,4690844.365858328,1.0,0.125,0.8157572716410783
914,2ffcefe9968b81e13,1.0,1.0,0.5,1.0,0.8841280972248393,1.0,0.0,1.0,0.4078800173615784,True,2021.09.16.13.53.10_veh-42_00180_00342,1,1631800719.899852,589152.8802707699,4474488.005510923,589160.3450912985,4474475.585102389,0.0,0.058823529411764705,0.3568950151913811
915,c7f0d1c6de80f0c15,1.0,1.0,1.0,1.0,0.12628697287225404,1.0,1.0,1.0,0.6879596331686623,True,2021.09.16.13.53.10_veh-42_00860_01069,1,1631801423.8995168,587808.2473147558,4475668.676418012,587807.2279751069,4475667.106482366,0.0,0.0004105228093507313,0.6019646790225794
916,b83ed44f0a4151018,1.0,1.0,1.0,1.0,1.0,1.0,1.0,1.0,1.0,True,2021.05.25.14.16.10_veh-35_03373_03550,1,1621970164.500871,664391.1156683573,3997336.9488890986,664418.9037995143,3997337.176457684,0.0,0.14285714285714285,0.875
917,c855eb02dea11b02e,1.0,1.0,0.0,1.0,1.0,1.0,0.0,1.0,0.0,True,2021.09.16.14.39.34_veh-42_00297_00935,1,1631804065.7000349,587797.3789774186,4475660.395437082,587774.9247298137,4475632.608775674,1.0,8.677481192431928e-135,0.0
918,c42f42235ba427d14,1.0,0.0,1.0,1.0,0.60552726549649,1.0,1.0,1.0,0.0,True,2021.09.16.19.27.01_veh-45_01749_03230,1,1631823139.5002458,587606.1151420388,4475932.022050106,587614.9907090489,4475940.554223308,0.0,2.1642001993807615e-33,0.0
919,87d737da1d3ba4b40,1.0,1.0,1.0,1.0,0.0,1.0,1.0,1.0,0.6428571428571429,True,2021.09.29.18.19.40_veh-28_01268_01685,1,1632940905.099813,331190.0981956636,4690853.740604676,331190.098317175,4690853.74093547,1.0,3.68869829986496e-89,0.6875
920,85cab6604a5a39b78,1.0,1.0,0.5,1.0,1.0,0.0,0.0,1.0,0.25,True,2021.08.30.16.16.44_veh-40_00779_01088,1,1630341065.000195,331460.3515104113,4691024.3609224465,331435.5406650622,4691040.253959295,0.0,2.3082590841449777e-14,0.21875
921,3e4a969700de7141a,0.0,1.0,1.0,1.0,1.0,0.0,0.0,1.0,0.0,True,2021.06.28.13.53.26_veh-26_00492_00696,1,1624889084.203117,664425.4874036098,3997352.265023647,664425.7011536455,3997368.1161914757,1.0,0.0,0.0
922,1395f6f7af57b553b,1.0,0.0,1.0,1.0,0.7590646518289365,1.0,0.0,1.0,0.0,True,2021.08.30.13.45.25_veh-40_00610_00771,1,1630331842.000428,332824.8318151377,4690181.006508112,332846.8552111856,4690183.833163573,0.0,0.058823529411764705,0.0
923,122590be147f65d56,1.0,1.0,1.0,1.0,0.7283692397554772,1.0,0.0,1.0,0.7601318713412419,True,2021.10.06.07.26.10_veh-52_00006_00398,1,1633505590.699844,365540.9005888521,143143.3559721545,365530.9536506042,143145.803623264,1.0,0.0,0.7901153874235867
924,a423127bc4cb28773,1.0,1.0,1.0,1.0,0.7231505725192264,1.0,1.0,1.0,0.9011252044711523,True,2021.10.06.07.26.10_veh-52_01245_02064,1,1633506904.7003188,364946.5551420455,143491.59832278843,364959.569345159,143505.64946555378,1.0,2.298039851530039e-17,0.9134845539122582
925,6c8d225b7e93d1ff8,1.0,0.0,1.0,1.0,1.0,1.0,0.0,0.0,0.0,True,2021.10.06.08.16.17_veh-52_01949_02501,1,1633510715.6996589,364995.00985328684,143547.45464512674,365003.4396386818,143566.06764668002,0.0,0.05555555555555555,0.0
926,e4755b06844a3bf92,1.0,1.0,0.0,1.0,1.0,1.0,0.0,1.0,0.0,True,2021.08.30.13.45.25_veh-40_00610_00771,1,1630331841.500309,332819.6462251845,4690176.637479826,332849.90493257943,4690181.953505271,0.0,0.058823529411764705,0.0
927,de5875c3da62d3850,1.0,1.0,0.5,1.0,1.0,1.0,0.0,1.0,0.42857142857142855,True,2021.09.29.14.44.26_veh-28_00238_00320,1,1632927022.799661,330841.3001588009,4689969.751360326,330831.3378868248,4689950.21075613,1.0,4.057876772148226e-164,0.4375
928,fc2eb6e32259de9aa,0.0,1.0,1.0,1.0,1.0,0.0,0.0,1.0,0.0,True,2021.08.30.14.54.34_veh-40_00439_00835,1,1630335936.00053,331313.17623567034,4691047.777503614,331303.1174073297,4691030.5162337525,0.0,1.3895106144489491e-58,0.0
929,265cbf9df314f7700,1.0,1.0,1.0,1.0,0.6885100429271429,1.0,0.0,1.0,0.745896443902551,True,2021.05.25.17.54.41_veh-35_01905_02121,1,1621981835.900663,664413.3786905787,3997337.0223986483,664423.1944633242,3997343.4794253777,1.0,0.125,0.7776593884147321
930,3a64c41fecb2ab1ca,1.0,1.0,1.0,1.0,0.08313158205009846,1.0,1.0,1.0,0.6725469935893208,True,2021.09.29.19.02.14_veh-28_00964_01689,1,1632943898.299569,331542.72691860015,4690845.535642523,331542.48724000633,4690845.611714373,1.0,0.125,0.7134786193906557
931,355219fd5c589d7e5,0.0,1.0,0.0,1.0,1.0,0.0,0.0,1.0,0.0,True,2021.08.30.14.54.34_veh-40_00439_00835,1,1630335936.00053,331311.4110641524,4691049.884555574,331301.8710027491,4691031.227236022,0.0,7.275287177895364e-73,0.0
932,317774c453bf853ce,1.0,1.0,1.0,1.0,0.6972072722391981,1.0,0.0,1.0,0.7490025972282851,True,2021.10.06.07.26.10_veh-52_00953_01126,1,1633506342.1999938,366017.329895157,142994.07225364068,366024.7715418845,142987.2928089817,1.0,1.6112195631682843e-06,0.7803772725747494
933,344bd2551e98ed803,1.0,0.0,1.0,1.0,1.0,1.0,0.0,1.0,0.0,True,2021.09.29.14.44.26_veh-28_00238_00320,1,1632927022.299784,330842.806073602,4689965.6282041,330832.06726558576,4689946.3523197,1.0,0.05,0.0
934,514d7497a9ead95b4,0.0,0.0,1.0,1.0,0.6918656124172722,0.0,0.0,1.0,0.0,True,2021.10.06.07.26.10_veh-52_01245_02064,1,1633506905.200531,364954.3935529394,143503.22369591516,364961.8116668678,143509.01559314708,1.0,6.811409696479355e-150,0.0
935,ac187965e42f68435,1.0,1.0,0.5,1.0,1.0,1.0,1.0,1.0,0.5,True,2021.09.29.19.02.14_veh-28_00540_00917,1,1632942810.299607,331151.7852135091,4690829.7889623605,331135.27566183644,4690840.088357943,1.0,6.2851792486449875e-30,0.5
936,c4f1bbae37da9b03a,1.0,1.0,1.0,1.0,0.7328710389354741,1.0,1.0,1.0,0.9045967996198121,True,2021.09.29.19.02.14_veh-28_03198_03360,1,1632945465.299811,332392.8996076268,4690478.018380307,332381.62582577544,4690479.387542681,0.0,0.08333333333333333,0.7915221996673356
937,81c9c878090cea034,1.0,1.0,1.0,1.0,0.0034923023175488293,1.0,1.0,1.0,0.6441043936848388,True,2021.10.06.08.16.17_veh-52_01430_01579,1,1633509774.6997578,365392.24723101617,143776.2918268591,365392.2257764263,143776.2879091619,1.0,0.1,0.688591344474234
938,e33920fdd8fdbaaae,1.0,1.0,1.0,1.0,1.0,1.0,0.0,1.0,0.8571428571428571,True,2021.06.03.13.55.17_veh-35_02866_03582,1,1622746356.1010978,664539.0250898637,3998990.3360316935,664536.0382692752,3998977.5579005373,0.0,2.6287688629441966e-61,0.75
939,01b75264953369ae4,1.0,1.0,0.0,1.0,1.0,1.0,0.0,1.0,0.0,True,2021.10.06.08.16.17_veh-52_01949_02501,1,1633510351.1995609,365807.81654600793,143152.2557320594,365793.086024577,143164.9137013914,1.0,0.0,0.0
940,ffe0db4c4b5ed141a,1.0,1.0,0.5,1.0,1.0,1.0,0.0,1.0,0.42857142857142855,True,2021.09.16.19.27.01_veh-45_01749_03230,1,1631822761.5000799,587578.5815187776,4475580.08745437,587571.2643945969,4475582.1101538325,0.0,6.153658300918093e-22,0.375
941,733dab2043d02d8e3,1.0,1.0,1.0,1.0,0.6506254234562261,1.0,1.0,1.0,0.8752233655200808,True,2021.09.29.15.23.04_veh-28_00814_01101,1,1632930209.2996628,331541.2728581365,4690845.433018986,331530.0754116673,4690847.897931046,1.0,5.934746063517131e-32,0.8908204448300707
942,25fb03a1d180b3b47,1.0,0.0,1.0,1.0,1.0,1.0,1.0,1.0,0.0,True,2021.10.06.08.16.17_veh-52_01430_01579,1,1633509774.6997578,365401.0901662043,143776.8976073341,365392.382482225,143776.0225420584,0.0,0.1,0.0
943,789c9e60213111cde,1.0,1.0,0.0,1.0,1.0,1.0,0.0,1.0,0.0,True,2021.09.16.14.39.34_veh-42_00032_00186,1,1631803295.199668,589210.5691261156,4474353.842933815,589194.4468471596,4474385.8180941325,1.0,1.8924768137609304e-12,0.0
944,80d8583368d2573b4,0.5,0.0,1.0,1.0,1.0,0.0,1.0,1.0,0.0,True,2021.05.25.17.54.41_veh-35_01905_02121,1,1621981836.40063,664420.4249603535,3997336.088561814,664425.9255775842,3997346.5475188973,1.0,3.90029443033688e-263,0.0
945,abb1e9c0cfeb7bb29,0.0,1.0,0.0,1.0,1.0,0.0,0.0,1.0,0.0,True,2021.08.30.16.16.44_veh-40_00779_01088,1,1630341065.000195,331449.494048445,4691034.129958078,331435.18094296975,4691041.280171693,0.0,5.196675438827568e-08,0.0
946,4239966d2e8490d01,1.0,1.0,1.0,1.0,0.7724530317867299,1.0,0.0,1.0,0.775876082780975,True,2021.09.29.14.44.26_veh-28_00238_00320,1,1632927022.299784,330846.5387348855,4689978.140184262,330832.39518546365,4689951.035805962,0.0,0.05,0.6788915724333531
947,cd00bd6a4daf5fce4,1.0,1.0,1.0,1.0,0.7980868104239053,1.0,0.0,1.0,0.7850310037228233,True,2021.06.03.13.55.17_veh-35_02866_03582,1,1622746356.1010978,664545.1777505125,3998999.144809877,664538.2833195789,3998983.4759568786,1.0,0.0013367613951597713,0.8119021282574704
948,43e9554b328e8aa7f,1.0,1.0,1.0,1.0,0.8367757302683732,1.0,0.0,1.0,0.7988484750958476,True,2021.10.06.08.16.17_veh-52_00181_00574,1,1633508490.699611,365671.1483187376,143886.35761957872,365650.69322505017,143860.4964712529,1.0,0.05555555555555555,0.8239924157088666
949,781cb5a7c59f1d728,1.0,0.0,0.5,1.0,1.0,1.0,0.0,1.0,0.0,True,2021.10.06.08.16.17_veh-52_01949_02501,1,1633510715.6996589,364997.9810673641,143549.47016304804,365004.8724741718,143564.89574039317,0.0,0.05555555555555555,0.0
950,b0c55df9228d485bb,1.0,1.0,1.0,1.0,0.8544774401937302,1.0,0.0,1.0,0.8051705143549037,True,2021.10.06.08.16.17_veh-52_00181_00574,1,1633508490.699611,365670.49177847634,143885.6928933547,365650.2093244026,143859.92373030362,1.0,0.05555555555555555,0.8295242000605407
951,d3b5a3486c40ea561,1.0,0.0,0.0,1.0,1.0,1.0,1.0,1.0,0.0,True,2021.09.16.19.27.01_veh-45_01749_03230,1,1631823139.5002458,587594.4971622698,4475933.719192312,587612.6876689546,4475937.440785136,0.0,0.966993810949221,0.0
952,d409509cfbf993fc3,1.0,1.0,1.0,1.0,1.0,1.0,0.0,1.0,0.8571428571428571,True,2021.09.29.19.02.14_veh-28_00540_00917,1,1632942809.7997708,331158.8726173274,4690819.308890387,331137.3855928249,4690838.290985097,1.0,3.458091022455166e-133,0.875
953,a1de70408377fb037,1.0,1.0,1.0,1.0,0.8599601070333966,1.0,1.0,1.0,0.9499857525119274,True,2021.10.06.08.16.17_veh-52_01949_02501,1,1633510351.1995609,365835.83391537936,143134.4988278807,365803.49205410434,143159.5065652346,1.0,4.875849976387053e-69,0.9562375334479365
954,af1a4d903d6c645ce,1.0,1.0,1.0,0.0,1.0,1.0,1.0,1.0,0.0,True,2021.09.16.15.47.30_veh-45_01199_01391,1,1631808555.2996619,587736.7964001412,4475580.327760213,587718.6375028103,4475563.014258014,1.0,3.062657923332403e-06,0.0
955,e9a53fb1b01539d71,1.0,1.0,1.0,1.0,0.5214001837498815,1.0,0.0,1.0,0.6862143513392434,True,2021.09.29.19.02.14_veh-28_00964_01689,1,1632943898.799849,331553.8221802178,4690837.3439438045,331547.10344172607,4690841.667788047,1.0,0.00023367099629271896,0.7254375574218379
956,5f80678c8465899ca,1.0,1.0,1.0,1.0,0.8069705944699751,1.0,0.0,1.0,0.7882037837392767,True,2021.09.16.19.49.00_veh-42_00990_01609,1,1631823268.499907,587692.305474162,4475624.173029697,587698.4642986624,4475618.357584744,1.0,0.125,0.8146783107718671
957,50ca93bd394c4a025,0.0,1.0,1.0,1.0,1.0,0.0,1.0,1.0,0.0,True,2021.09.29.18.19.40_veh-28_01268_01685,1,1632940905.599799,331183.88247849967,4690841.925072328,331186.7626842065,4690848.18323895,1.0,0.8928003102256409,0.0
958,a71664743c9a3ca78,1.0,1.0,1.0,1.0,0.7707836051269217,1.0,0.0,1.0,0.7752798589739006,True,2021.10.06.08.16.17_veh-52_01949_02501,1,1633510350.699738,365823.43866554403,143141.5949266642,365798.32225280843,143161.85347790705,1.0,0.09090909090909091,0.8033698766021631
959,b360500595d619f7c,1.0,1.0,1.0,1.0,0.928626820618168,1.0,0.0,1.0,0.83165243593506,True,2021.09.16.19.12.04_veh-42_01438_01677,1,1631821507.000123,588098.9915458164,4475763.532103703,588068.3900340069,4475740.368672201,1.0,6.182571566946992e-88,0.8526958814431775
960,40fd4749fb6c9cd3a,1.0,0.0,1.0,1.0,0.5001363008095747,1.0,1.0,1.0,0.0,True,2021.09.29.14.44.26_veh-28_00238_00320,1,1632927022.799661,330835.69506167213,4689952.541749406,330830.64323566045,4689944.445058514,0.0,0.0,0.0
961,4f21dca90878d8a58,1.0,0.0,1.0,1.0,0.8516271206224889,1.0,1.0,0.0,0.0,True,2021.05.25.17.54.41_veh-35_01905_02121,1,1621981835.900663,664394.459050358,3997344.591685278,664418.6296799394,3997339.127133745,0.0,0.125,0.0
962,1effe02b2af9680a9,1.0,1.0,1.0,1.0,1.0,1.0,0.0,1.0,0.8571428571428571,True,2021.09.16.15.47.30_veh-45_01199_01391,1,1631808554.7998118,587717.6844294373,4475563.820711899,587710.6595601721,4475553.991210357,1.0,6.817696234618212e-164,0.875
963,d308ca8a7878741eb,1.0,0.0,1.0,1.0,1.0,1.0,0.0,1.0,0.0,True,2021.10.06.08.16.17_veh-52_01949_02501,1,1633510715.199517,364993.23546363297,143547.4307321633,365004.1267968598,143561.80005182934,0.0,0.05555555555555555,0.0
964,bc686838d510dad87,1.0,1.0,1.0,1.0,1.0,1.0,0.0,1.0,0.8571428571428571,True,2021.09.16.15.47.30_veh-45_01199_01391,1,1631808555.2996619,587717.5726824313,4475561.858128814,587710.5614094248,4475552.721872448,0.0,1.0360372987327894e-284,0.75
965,b42c321597e6726d4,1.0,1.0,0.5,1.0,1.0,1.0,0.0,1.0,0.42857142857142855,True,2021.09.16.13.53.10_veh-42_00180_00342,1,1631800720.399858,589150.7525389671,4474490.995002242,589160.6155515924,4474474.706743531,1.0,0.058823529411764705,0.4375
