,token,valid,no_at_fault_collisions,drivable_area_compliance,ego_progress,time_to_collision_within_bound,comfort,driving_direction_compliance,score
0,a60e8e8afe675063,True,1.0,1.0,0.9021746340361009,1.0,1.0,1.0,0.9592394308483754
1,c8d4707fcc465f8b,True,0.0,1.0,0.0,0.0,1.0,1.0,0.0
2,d060c613969b5092,True,1.0,1.0,0.82973541501638,1.0,1.0,1.0,0.9290564229234916
3,520c2defbbc958a0,True,1.0,1.0,0.9413332112779179,1.0,1.0,1.0,0.9755555046991325
4,c42697d5870e5dee,True,0.0,1.0,0.0,0.0,1.0,1.0,0.0
5,7398c63b60075187,True,1.0,1.0,0.09374669180311632,1.0,1.0,1.0,0.6223944549179651
6,bd06d301fe645a28,True,1.0,0.0,0.0,1.0,1.0,0.5,0.0
7,ba02d873678c5cf9,True,1.0,1.0,1.0,1.0,1.0,1.0,1.0
8,a2cbf7c347a45c6e,True,1.0,1.0,1.0,1.0,1.0,1.0,1.0
9,21d65485fa3c55e7,True,1.0,1.0,0.7994235772551698,1.0,1.0,1.0,0.9164264905229874
10,955916fd66da5657,True,1.0,1.0,0.6584439330535856,1.0,1.0,1.0,0.8576849721056607
11,96dd879c7e365dc9,True,1.0,1.0,0.8088373418866541,1.0,1.0,1.0,0.9203488924527726
12,8cafe946e9c752fc,True,1.0,1.0,0.9115390281501106,0.0,1.0,1.0,0.5464745950625461
13,bce567be125d523e,True,1.0,1.0,0.807914221266525,1.0,1.0,1.0,0.919964258861052
14,6c81fef5b490580a,True,1.0,1.0,0.8744466233287468,0.0,1.0,0.0,0.5310194263869779
15,5c55fbcddea45f87,True,1.0,1.0,0.8952509162223287,1.0,1.0,1.0,0.9563545484259702
16,ce3ff067f10b526b,True,1.0,0.0,0.0,1.0,1.0,1.0,0.0
17,108b8b1ea5fd57ff,True,1.0,1.0,1.0,1.0,1.0,1.0,1.0
18,570ba391cb6158c2,True,1.0,1.0,0.7137307465430165,1.0,1.0,1.0,0.8807211443929236
19,3d400bec249a5f88,True,1.0,1.0,0.8303467525395006,1.0,1.0,1.0,0.9293111468914587
20,9ebf7c0f1b4f5f39,True,1.0,1.0,0.9815171938425135,1.0,1.0,1.0,0.992298830767714
21,8cee2a96b57d58ba,True,1.0,1.0,1.0,1.0,1.0,1.0,1.0
22,43a759f57b1d51e4,True,1.0,1.0,0.8834403536939834,1.0,1.0,1.0,0.9514334807058265
23,9540f5a8db575a50,True,1.0,1.0,1.0,1.0,1.0,1.0,1.0
24,67e538558b0b5f93,True,1.0,0.0,0.0,1.0,1.0,1.0,0.0
25,258fd15174fb5e47,True,0.0,0.0,0.0,0.0,1.0,1.0,0.0
26,c8fa1980b26e5f46,True,1.0,1.0,0.7415893686062225,1.0,1.0,1.0,0.8923289035859261
27,517530489c455086,True,1.0,1.0,0.9710969842367807,1.0,1.0,1.0,0.9879570767653253
28,fffbe416ae85553b,True,1.0,1.0,1.0,1.0,1.0,1.0,1.0
29,c388df5240dd5f6c,True,1.0,1.0,0.8259882914280421,1.0,1.0,1.0,0.9274951214283509
30,0590bd1f5b2057f2,True,1.0,1.0,1.0,0.0,1.0,1.0,0.5833333333333334
31,83a9fe7e03fd5755,True,1.0,1.0,0.6638456820322769,1.0,1.0,1.0,0.8599357008467821
32,fcdc1e7c917e5283,True,1.0,1.0,0.8673594418666102,1.0,1.0,1.0,0.9447331007777543
33,b8ca1857a0f75fb4,True,1.0,0.0,0.0,1.0,1.0,1.0,0.0
34,ae7fdaafe2c250e6,True,1.0,1.0,1.0,1.0,1.0,1.0,1.0
35,876278ea40b25284,True,1.0,1.0,1.0,1.0,1.0,1.0,1.0
36,43458f6eab155322,True,0.0,1.0,0.0,0.0,1.0,1.0,0.0
37,fc1800501fa157a7,True,1.0,1.0,0.9810177691050888,1.0,1.0,1.0,0.9920907371271204
38,c4d424c8f74e5b70,True,1.0,1.0,1.0,0.0,1.0,1.0,0.5833333333333334
39,69ddc43178e9572a,True,1.0,1.0,0.7544304674772296,1.0,1.0,1.0,0.8976793614488456
40,9e4c1639be465a8a,True,1.0,1.0,0.9793835357157509,1.0,1.0,1.0,0.9914098065482295
41,d9b28b3ee70e57f2,True,1.0,1.0,1.0,1.0,1.0,1.0,1.0
42,96540ed00a785607,True,1.0,1.0,0.901708195249898,0.0,1.0,1.0,0.5423784146874575
43,57a77b8c90465bc4,True,1.0,0.0,0.0,1.0,1.0,1.0,0.0
44,db07a6d7eacd57d1,True,1.0,1.0,1.0,1.0,1.0,1.0,1.0
45,9f8764247caa5e71,True,1.0,1.0,0.9537697663361906,1.0,1.0,1.0,0.9807374026400794
46,34b8a3355a255f29,True,1.0,1.0,0.8959635054892748,1.0,1.0,1.0,0.9566514606205313
47,f0f77f6f5cb4562c,True,1.0,1.0,1.0,0.0,1.0,1.0,0.5833333333333334
48,8c3d43af9a905864,True,1.0,1.0,1.0,0.0,1.0,1.0,0.5833333333333334
49,3ba8b6918fc45634,True,1.0,1.0,0.9384516385137204,1.0,1.0,0.5,0.9743548493807168
50,bd5f0b15f9a65bf1,True,1.0,0.0,0.0,1.0,1.0,1.0,0.0
51,d798fc24805d5f19,True,1.0,1.0,0.6879851933566954,1.0,1.0,1.0,0.8699938305652898
52,253c33ffe10a5aa7,True,1.0,0.0,0.0,1.0,1.0,1.0,0.0
53,ac04f9fd4233550c,True,1.0,0.0,0.0,1.0,1.0,1.0,0.0
54,ee9615c4b10d5ec9,True,1.0,1.0,1.0,1.0,1.0,1.0,1.0
55,ee42b86599ca5632,True,1.0,0.0,0.0,1.0,1.0,1.0,0.0
56,af67221644ad5bd3,True,1.0,1.0,0.8142772341000951,1.0,1.0,1.0,0.9226155142083728
57,ef5dcc2415915678,True,1.0,1.0,0.9563383696629585,1.0,1.0,1.0,0.9818076540262327
58,3f19f97d980754f7,True,1.0,1.0,0.7931161220422919,1.0,1.0,1.0,0.9137983841842883
59,d0a77f19bd8b5348,True,1.0,0.0,0.0,1.0,1.0,1.0,0.0
60,8d7c5f26b9775cce,True,1.0,1.0,0.4008371093712951,1.0,1.0,1.0,0.750348795571373
61,63930f7b3b0e5872,True,1.0,1.0,0.9469644994637673,1.0,1.0,1.0,0.9779018747765696
62,f57f56e799be599f,True,1.0,1.0,1.0,0.0,1.0,1.0,0.5833333333333334
63,3d2adf8b0bb65492,True,1.0,1.0,0.8575965932599418,1.0,1.0,1.0,0.9406652471916424
64,948e6a45c7cd5837,True,1.0,1.0,0.8793127391422967,1.0,1.0,1.0,0.9497136413092903
65,6b8774b008675f8d,True,1.0,1.0,0.8832690396298648,0.0,1.0,1.0,0.5346954331791104
66,28ecaf0359ee5029,True,1.0,1.0,0.863201050110483,1.0,1.0,1.0,0.9430004375460346
67,70f72122f1605fa1,True,1.0,0.0,0.0,1.0,1.0,0.5,0.0
68,865033089cfd5288,True,1.0,1.0,0.8009457136542528,1.0,1.0,1.0,0.9170607140226054
69,e941bb5a630f58ae,True,1.0,1.0,0.0,1.0,1.0,1.0,0.5833333333333334
70,9efa05c9731a51d8,True,1.0,0.0,0.0,1.0,1.0,1.0,0.0
71,d8af5ee176db5d89,True,1.0,1.0,0.7816882055375202,1.0,1.0,1.0,0.9090367523073001
72,24c278846879520f,True,1.0,0.0,0.0,1.0,1.0,1.0,0.0
73,eccba8e0ad6651c3,True,0.0,1.0,0.0,0.0,1.0,1.0,0.0
74,59f118e966905d1e,True,0.0,1.0,0.0,0.0,1.0,1.0,0.0
75,b7453f77be5b53df,True,1.0,1.0,0.8308897515895122,1.0,1.0,1.0,0.92953739649563
76,0769a262b53b589e,True,1.0,1.0,0.8340944293084578,1.0,1.0,1.0,0.930872678878524
77,fb7d83b69f38539f,True,0.0,1.0,0.0,0.0,1.0,1.0,0.0
78,f1494fd9840c5014,True,1.0,1.0,0.9848681252324313,1.0,1.0,1.0,0.9936950521801796
79,cc652b7870745fa5,True,1.0,0.0,0.0,1.0,1.0,1.0,0.0
80,36a10b24956c5db7,True,1.0,1.0,0.39339091032655643,1.0,1.0,1.0,0.7472462126360652
81,6e10835f184d5921,True,1.0,1.0,0.9060444666944707,1.0,1.0,1.0,0.9608518611226962
82,c73dd42b15465858,True,1.0,1.0,0.7776766344072509,1.0,1.0,1.0,0.9073652643363546
83,52c77cea68eb5afc,True,1.0,1.0,1.0,0.0,1.0,1.0,0.5833333333333334
84,80f6c94fed0c5519,True,1.0,1.0,0.9587501747527385,1.0,1.0,1.0,0.982812572813641
85,20f825e0d33a5160,True,1.0,0.0,0.0,1.0,1.0,1.0,0.0
86,8d3c8a698ac65342,True,1.0,1.0,0.5646686543801789,1.0,1.0,1.0,0.8186119393250745
87,814e85810b7757bb,True,1.0,1.0,0.6364269981403716,1.0,1.0,1.0,0.8485112492251549
88,8a4a0c6823cd5e33,True,1.0,1.0,0.9897373772047292,1.0,1.0,1.0,0.9957239071686371
89,574aa2eca31057d5,True,1.0,1.0,1.0,1.0,1.0,1.0,1.0
90,53928c06f3005536,True,1.0,1.0,1.0,1.0,1.0,1.0,1.0
91,45e8b10f95925c47,True,1.0,1.0,1.0,1.0,1.0,1.0,1.0
92,f5a6d648a71e5d47,True,1.0,1.0,1.0,1.0,1.0,1.0,1.0
93,b5ee0c4a00765073,True,1.0,1.0,0.8851884598441851,1.0,1.0,1.0,0.9521618582684104
94,e36f096910ed562a,True,1.0,1.0,1.0,0.0,1.0,1.0,0.5833333333333334
95,aee53565120f533b,True,1.0,1.0,0.8499055050748713,1.0,1.0,1.0,0.9374606271145297
96,2313aa310e16503d,True,1.0,1.0,1.0,1.0,1.0,1.0,1.0
97,a3f82403e6945aa7,True,1.0,1.0,0.9927609353830903,1.0,1.0,1.0,0.9969837230762876
98,418eb2a0ba415e93,True,1.0,1.0,0.8143290945480806,1.0,1.0,1.0,0.922637122728367
99,b657fb1afb7c54f3,True,1.0,1.0,0.9801400669086097,1.0,1.0,1.0,0.9917250278785873
100,0a3caedd4a7c5394,True,1.0,1.0,1.0,0.0,1.0,1.0,0.5833333333333334
101,4ed57aa187415e7f,True,1.0,0.0,0.0,1.0,1.0,1.0,0.0
102,56706b5fe8b4575f,True,1.0,1.0,0.7861469394013637,1.0,1.0,1.0,0.9108945580839016
103,a8ef1b08315752f3,True,1.0,1.0,1.0,1.0,1.0,1.0,1.0
104,32454d817bcb5305,True,1.0,1.0,1.0,1.0,1.0,1.0,1.0
105,4334739a7f4e554e,True,1.0,1.0,1.0,0.0,1.0,1.0,0.5833333333333334
106,f733e02fa876535a,True,1.0,1.0,0.7591327428538398,1.0,1.0,1.0,0.8996386428557667
107,87da3996575459a8,True,0.0,1.0,0.0,0.0,1.0,1.0,0.0
108,b667e90bf3055cea,True,1.0,1.0,1.0,1.0,1.0,1.0,1.0
109,ea1b4fddc18d51bf,True,1.0,0.0,0.0,1.0,1.0,1.0,0.0
110,fd8299e81b435b94,True,1.0,1.0,0.9810964379923538,0.0,1.0,1.0,0.5754568491634807
111,fcb4f430c99050b3,True,1.0,1.0,0.6516753004666926,1.0,1.0,1.0,0.8548647085277885
112,e02db4e2c5ed5b76,True,1.0,1.0,0.9318155486993881,1.0,1.0,1.0,0.9715898119580784
113,7c150adbe5225f20,True,1.0,1.0,1.0,0.0,1.0,1.0,0.5833333333333334
114,115d3d7bdadf52f8,True,1.0,1.0,0.8242378790613281,1.0,1.0,1.0,0.92676578294222
115,6b52f2b62f215cb4,True,1.0,1.0,1.0,1.0,1.0,1.0,1.0
116,6d08dce7cfaa5035,True,1.0,1.0,0.8520593280913517,1.0,1.0,1.0,0.9383580533713965
117,491dce963f7f5b57,True,0.0,1.0,0.0,0.0,1.0,1.0,0.0
118,a2ed8d7503b85e2d,True,1.0,1.0,1.0,1.0,1.0,1.0,1.0
119,71e87d45fe895277,True,1.0,1.0,1.0,1.0,1.0,1.0,1.0
120,efe0cf18491855e6,True,0.0,0.0,0.0,0.0,1.0,1.0,0.0
121,3b34e3fd5b9e5767,True,1.0,0.0,0.0,1.0,1.0,1.0,0.0
122,569187407cd3517c,True,1.0,1.0,1.0,1.0,1.0,1.0,1.0
123,0c4bafb20cea5e44,True,1.0,1.0,1.0,1.0,1.0,1.0,1.0
124,d5f582e6945d5bc3,True,1.0,1.0,0.0550149542918485,0.0,1.0,1.0,0.1895895642882702
125,b441db826d515eb7,True,1.0,1.0,0.49387041975439416,1.0,1.0,0.5,0.7891126748976642
126,a04a20407bf95386,True,1.0,1.0,0.8896797508469723,1.0,1.0,1.0,0.9540332295195718
127,2d30620b507f5f7c,True,1.0,1.0,1.0,1.0,1.0,1.0,1.0
128,7fc551e4e0375d00,True,0.0,1.0,0.0,0.0,1.0,1.0,0.0
129,c0e14f1288ca5066,True,1.0,1.0,0.8456654414351846,1.0,1.0,1.0,0.9356939339313269
130,fe469d42385259e2,True,1.0,1.0,0.841431992878152,1.0,1.0,1.0,0.9339299970325633
131,892f8a0d37dd5af3,True,1.0,1.0,1.0,0.0,1.0,1.0,0.5833333333333334
132,bb783ab5850c5ee2,True,1.0,1.0,0.8243978529955205,1.0,1.0,1.0,0.9268324387481336
133,0f536eebc58d5ff4,True,1.0,1.0,0.9483734417597833,1.0,1.0,1.0,0.9784889340665764
134,86fbb46276605d14,True,1.0,1.0,1.0,1.0,1.0,1.0,1.0
135,2371a65f76025bfd,True,1.0,0.0,0.0,1.0,1.0,1.0,0.0
136,c543bad7f8ff5eae,True,1.0,1.0,0.8521354987935472,1.0,1.0,1.0,0.9383897911639781
137,5004df3161065742,True,1.0,1.0,0.683197245166739,1.0,1.0,1.0,0.8679988521528079
138,bd3e71c7666156ee,True,1.0,0.0,0.0,1.0,1.0,1.0,0.0
139,81997d01d8f65c19,True,1.0,1.0,1.0,1.0,1.0,1.0,1.0
140,cf50ffa22c81555d,True,1.0,0.0,0.0,1.0,1.0,0.5,0.0
141,a19dd8ff9c4e5fc7,True,1.0,0.0,0.0,1.0,1.0,1.0,0.0
142,1270261ff182534f,True,1.0,1.0,0.7443522020077596,1.0,1.0,1.0,0.8934800841698998
143,cfbf3f55398f5fc6,True,1.0,1.0,0.6273691318470365,1.0,1.0,1.0,0.8447371382695984
144,79ea7fb311c4574a,True,1.0,1.0,0.8916659419499522,1.0,1.0,1.0,0.9548608091458135
145,3e7bec3b1c4359b6,True,1.0,1.0,1.0,1.0,1.0,1.0,1.0
146,f15b26c87a0e557d,True,1.0,1.0,0.8435509000076239,1.0,1.0,1.0,0.9348128750031766
147,a06eec37a0f058b2,True,0.0,1.0,0.0,0.0,1.0,1.0,0.0
148,65107c981e1c568c,True,1.0,1.0,1.0,1.0,1.0,1.0,1.0
149,afe269451bc757e1,True,1.0,1.0,0.5657551389147955,1.0,1.0,1.0,0.8190646412144981
150,21b36975c4f75e9a,True,1.0,1.0,1.0,1.0,1.0,1.0,1.0
151,1623cbaee7295b13,True,1.0,1.0,1.0,1.0,1.0,1.0,1.0
152,a572d70690f75ad4,True,1.0,1.0,0.9846596831500951,1.0,1.0,1.0,0.9936082013125397
153,8a7750196bc65a14,True,1.0,1.0,0.8454883767316573,1.0,1.0,1.0,0.9356201569715239
154,ab51ce190cca5673,True,1.0,1.0,0.8049694760809613,0.0,1.0,1.0,0.5020706150337338
155,eea52ed765aa5977,True,1.0,1.0,0.8172036352741415,1.0,1.0,1.0,0.9238348480308923
156,d11ecb84b9b1511c,True,1.0,1.0,0.9127078631449108,1.0,1.0,1.0,0.9636282763103795
157,5aae47691f185a21,True,1.0,0.0,0.0,1.0,1.0,1.0,0.0
158,719a6c965dd55d00,True,1.0,1.0,1.0,1.0,1.0,1.0,1.0
159,096d823b664e5972,True,1.0,1.0,0.7948793807484141,0.0,1.0,1.0,0.4978664086451725
160,0d1800f960bf5d51,True,1.0,1.0,0.7882082914861298,1.0,1.0,1.0,0.9117534547858875
161,9334f5a33c07587a,True,1.0,1.0,0.7951601160492181,1.0,1.0,1.0,0.9146500483538409
162,86bc41537b2e5bb5,True,1.0,0.0,0.0,1.0,1.0,1.0,0.0
163,85aaf087e6fe54ee,True,1.0,1.0,0.8615471073212955,1.0,1.0,1.0,0.9423112947172064
164,dae9ebb7c5ff5c6a,True,1.0,1.0,1.0,1.0,1.0,1.0,1.0
165,d6fc32608ecc581c,True,1.0,1.0,0.8814252648086094,1.0,1.0,1.0,0.9505938603369205
166,e7ae612e880e5d5f,True,1.0,0.0,0.0,1.0,1.0,1.0,0.0
167,c5099436d08c5e1f,True,1.0,1.0,0.799576960060555,1.0,1.0,1.0,0.9164904000252312
168,1bf45a481f1d52e3,True,1.0,1.0,0.7242081752261864,1.0,1.0,1.0,0.8850867396775777
169,608c6909618b5642,True,1.0,1.0,0.9452840109173564,1.0,1.0,1.0,0.9772016712155652
170,ed5defe615515789,True,1.0,1.0,0.9250912511670423,1.0,1.0,1.0,0.9687880213196008
171,cd008a1ed571512f,True,1.0,1.0,0.8285866688143017,1.0,1.0,1.0,0.9285777786726257
172,a15d7c93c85e5505,True,1.0,1.0,0.9405249025118507,1.0,1.0,1.0,0.9752187093799378
173,360670b878f45284,True,0.0,1.0,0.0,0.0,1.0,1.0,0.0
174,a312f24a197d530c,True,1.0,1.0,0.9227881887394236,1.0,1.0,1.0,0.9678284119747599
175,6350e3b4ec0a59dc,True,1.0,1.0,0.8563216423696782,1.0,1.0,1.0,0.9401340176540326
176,774432c5e7b25128,True,1.0,0.0,0.0,1.0,1.0,1.0,0.0
177,b9013028b5d45eee,True,1.0,1.0,1.0,1.0,1.0,1.0,1.0
178,5a7633ce22365440,True,1.0,1.0,0.867872954412814,1.0,1.0,1.0,0.9449470643386725
179,13da814cde3a525b,True,1.0,1.0,0.9515918805649886,1.0,1.0,1.0,0.9798299502354119
180,ef3dd8a6f4995678,True,1.0,1.0,0.7762917790051524,1.0,1.0,1.0,0.9067882412521469
181,3de31c78c86c52b7,True,1.0,1.0,0.9099431306507825,1.0,1.0,1.0,0.9624763044378261
182,141d6f95ecf059c4,True,1.0,1.0,0.7033622141518626,1.0,1.0,0.5,0.8764009225632762
183,c4f21fef5b86535b,True,1.0,1.0,1.0,1.0,1.0,1.0,1.0
184,8062fe1c1def5111,True,1.0,1.0,1.0,0.0,1.0,1.0,0.5833333333333334
185,53259c7d4d8952eb,True,1.0,1.0,1.0,1.0,1.0,1.0,1.0
186,14b839d065b358d0,True,0.5,1.0,0.9831666005003288,0.0,1.0,1.0,0.2881597084375685
187,f5ebfa68c2315d0c,True,0.0,1.0,0.0,0.0,1.0,1.0,0.0
188,402f952c89ae550c,True,1.0,1.0,0.795404243616261,1.0,1.0,1.0,0.9147517681734421
189,d7c017783af2520b,True,1.0,1.0,1.0,1.0,1.0,1.0,1.0
190,1cb1b58a3129563c,True,1.0,1.0,0.9977528970234782,1.0,1.0,1.0,0.999063707093116
191,cb163ff9424a5aee,True,1.0,1.0,1.0,1.0,1.0,1.0,1.0
192,b069ef19c0ba5887,True,1.0,1.0,0.8097007025977315,1.0,1.0,1.0,0.9207086260823881
193,aef8ab04144650cd,True,1.0,1.0,0.5493733446135403,1.0,1.0,1.0,0.812238893588975
194,69966a921d43544d,True,1.0,1.0,0.9619899890480953,1.0,1.0,1.0,0.9841624954367063
195,e694a2cdf01e52b8,True,1.0,1.0,0.8481819086431972,1.0,1.0,1.0,0.9367424619346655
196,5445d4283a475bf6,True,1.0,0.0,0.0,1.0,1.0,1.0,0.0
197,720c4f312c0f529e,True,1.0,1.0,1.0,1.0,1.0,1.0,1.0
198,4d6e0b4cf60f5e98,True,1.0,1.0,1.0,1.0,1.0,1.0,1.0
199,e76e7c89a8935276,True,1.0,0.0,0.0,1.0,1.0,1.0,0.0
200,61766a0be9165cb7,True,1.0,1.0,0.5508519497863695,1.0,1.0,1.0,0.8128549790776539
201,accb5d206fd05911,True,1.0,1.0,0.8902422627141692,1.0,1.0,1.0,0.954267609464237
202,71220ef085f459fc,True,1.0,1.0,0.5108663972410346,1.0,1.0,1.0,0.7961943321837645
203,b83f5bd6726e5996,True,1.0,1.0,1.0,1.0,1.0,1.0,1.0
204,7263ccb23351549b,True,1.0,1.0,0.6230443328605791,1.0,1.0,0.5,0.842935138691908
205,02f1ad081f41550e,True,1.0,1.0,0.9107809016836333,1.0,1.0,0.5,0.9628253757015139
206,5c7513fea7b45963,True,1.0,1.0,1.0,1.0,1.0,1.0,1.0
207,0f7e1062e04e5fb5,True,1.0,1.0,1.0,1.0,1.0,1.0,1.0
208,bdb483626cc95b2b,True,1.0,0.0,0.0,1.0,1.0,0.5,0.0
209,27bcec96f13c5426,True,1.0,1.0,1.0,1.0,1.0,1.0,1.0
210,99889a4679b15509,True,1.0,1.0,1.0,1.0,1.0,1.0,1.0
211,2569d386da9c54ff,True,1.0,1.0,0.8035924051251663,1.0,1.0,1.0,0.9181635021354859
212,9bafc41b5ee0547c,True,1.0,1.0,0.9865862271172895,1.0,1.0,1.0,0.9944109279655372
213,ee88e21932e6564f,True,1.0,1.0,1.0,1.0,1.0,1.0,1.0
214,f03963c1aacd54f4,True,1.0,1.0,1.0,1.0,1.0,1.0,1.0
215,0ddc4576607e561e,True,1.0,1.0,0.9629931768012312,1.0,1.0,1.0,0.9845804903338463
216,671dcd0d1c86592c,True,1.0,1.0,0.6484328808853016,1.0,1.0,1.0,0.8535137003688756
217,47fdf7c04b155eac,True,1.0,1.0,0.7159925861612154,1.0,1.0,0.0,0.8816635775671732
218,6b0d21782a3b5a22,True,1.0,0.0,0.0,1.0,1.0,1.0,0.0
219,cb61b4237ad25a7c,True,1.0,1.0,0.9530615401862831,1.0,1.0,1.0,0.9804423084109514
220,0b1a626ef31150b3,True,1.0,1.0,1.0,1.0,1.0,1.0,1.0
221,47c8c3903f245f96,True,0.0,1.0,0.0,1.0,1.0,1.0,0.0
222,1e1f35531c5856bb,True,1.0,1.0,0.8203393678632633,1.0,1.0,1.0,0.9251414032763597
223,f4059b9c69d5509c,True,1.0,1.0,1.0,1.0,1.0,1.0,1.0
224,b60cd9b5f9a75b57,True,1.0,1.0,0.8102575521132426,1.0,1.0,1.0,0.9209406467138511
225,cfa1a5ff80355988,True,1.0,1.0,0.9021170280866356,1.0,1.0,1.0,0.9592154283694315
226,f199bfb931d65f4f,True,1.0,1.0,1.0,1.0,1.0,1.0,1.0
227,bb57439423df56c7,True,1.0,1.0,0.8027852096261134,1.0,1.0,1.0,0.9178271706775473
228,6d9063dd44bc55cc,True,0.0,1.0,0.0,0.0,1.0,1.0,0.0
229,54ab49005da25b3e,True,1.0,1.0,0.7600219815055751,1.0,1.0,1.0,0.9000091589606564
230,87ecb477e85b5a58,True,1.0,1.0,0.9928727737638868,1.0,1.0,1.0,0.9970303224016194
231,6f44533cf2965b47,True,1.0,1.0,0.9444936154953686,1.0,1.0,1.0,0.976872339789737
232,239705f6ca945846,True,1.0,1.0,0.5063481944298184,1.0,1.0,1.0,0.794311747679091
233,91795d835c905882,True,1.0,1.0,0.4086447840262906,1.0,1.0,1.0,0.7536019933442878
234,936bb410fa70545b,True,1.0,1.0,0.988648626419363,1.0,1.0,1.0,0.9952702610080678
235,0695553567185c3c,True,1.0,1.0,1.0,0.0,1.0,1.0,0.5833333333333334
236,2928cfbed3d15000,True,0.0,1.0,0.0,0.0,1.0,1.0,0.0
237,f606d0e6eda7549a,True,1.0,1.0,0.7613538085820031,1.0,1.0,1.0,0.900564086909168
238,e6c5a792f2f058f3,True,1.0,1.0,0.972847101763894,1.0,1.0,1.0,0.9886862924016224
239,047b56d34f1d5aa0,True,1.0,1.0,0.8788585117524759,0.0,1.0,1.0,0.5328577132301983
240,bb9c441a4c2b5791,True,1.0,1.0,1.0,1.0,1.0,1.0,1.0
241,c06c4ffcf72653a5,True,1.0,1.0,1.0,1.0,1.0,1.0,1.0
242,59c00a21c1315d9b,True,1.0,1.0,1.0,1.0,1.0,1.0,1.0
243,b111bb8716b756d2,True,1.0,1.0,0.961497923595497,1.0,1.0,1.0,0.9839574681647903
244,564b7ca4f210501e,True,1.0,1.0,0.6305843752709303,1.0,1.0,1.0,0.8460768230295542
245,0f24ec666e145cab,True,1.0,0.0,0.0,1.0,1.0,1.0,0.0
246,ef1f8e45b9f05e4f,True,1.0,0.0,0.0,1.0,1.0,1.0,0.0
247,0e60a3a86ce2570d,True,1.0,1.0,0.6437470421312802,1.0,1.0,1.0,0.8515612675547001
248,9a179eb32481553e,True,1.0,1.0,1.0,1.0,1.0,1.0,1.0
249,19a595ad0fe35941,True,1.0,1.0,0.8338095930938529,1.0,1.0,0.0,0.9307539971224387
250,17da0f4b109154d4,True,1.0,1.0,0.9035956142934142,1.0,1.0,0.0,0.9598315059555892
251,8c156f5b675b5657,True,1.0,1.0,1.0,1.0,1.0,1.0,1.0
252,cbe7b4e464235ca6,True,1.0,1.0,0.729852220357467,1.0,1.0,1.0,0.8874384251489446
253,1fd8eed8897a5667,True,0.0,1.0,0.0,0.0,1.0,1.0,0.0
254,09d424ddf3a558b3,True,1.0,0.0,0.0,1.0,1.0,1.0,0.0
255,ce27f725951058f3,True,0.5,0.0,0.0,0.0,1.0,1.0,0.0
256,557a287c11cc5960,True,1.0,1.0,0.5831278034784189,1.0,1.0,1.0,0.8263032514493412
257,6316ea076a0e597f,True,1.0,1.0,0.8522354706047646,1.0,1.0,1.0,0.9384314460853185
258,23514d24647a52a3,True,1.0,0.0,0.0,1.0,1.0,1.0,0.0
259,7ff005be930e5ad6,True,1.0,1.0,0.6158030488699026,1.0,1.0,1.0,0.8399179370291261
260,128e9fbd01125cc7,True,1.0,1.0,1.0,0.0,1.0,1.0,0.5833333333333334
261,fda70850d06c51a1,True,1.0,1.0,1.0,1.0,1.0,1.0,1.0
262,8b93118c77d25b5d,True,1.0,1.0,0.9300383826136212,1.0,1.0,1.0,0.9708493260890089
263,bc667a4fc0f454d7,True,0.0,1.0,0.0,0.0,1.0,1.0,0.0
264,7b429e3d4ad159a2,True,1.0,1.0,1.0,1.0,1.0,1.0,1.0
265,342f42c4b2855ffb,True,1.0,1.0,0.5582998943956631,1.0,1.0,1.0,0.8159582893315264
266,7bb715f6c245555e,True,1.0,0.0,0.0,1.0,1.0,1.0,0.0
267,535d4220196452ed,True,1.0,1.0,1.0,1.0,1.0,1.0,1.0
268,31602c26eedc5f7e,True,1.0,1.0,0.9633224485177746,1.0,1.0,1.0,0.984717686882406
269,7a18ceb376d859c1,True,1.0,1.0,0.4631531991601471,1.0,1.0,1.0,0.7763138329833946
270,f01fa850d0455e68,True,1.0,1.0,0.6503952715707612,1.0,1.0,1.0,0.8543313631544839
271,f879fd3edf21506a,True,1.0,1.0,0.9800442232014854,0.0,1.0,1.0,0.5750184263339523
272,d96d1690e3c05f36,True,1.0,1.0,1.0,1.0,1.0,1.0,1.0
273,2fa0f34bd2da5b39,True,0.0,1.0,0.0,0.0,1.0,1.0,0.0
274,d2789ec30aaa5d6a,True,1.0,1.0,1.0,1.0,1.0,1.0,1.0
275,871164a7e40652b5,True,1.0,1.0,0.8050168542493673,1.0,1.0,1.0,0.918757022603903
276,2a2308354f4c5aa2,True,1.0,1.0,0.7868045885318496,1.0,1.0,1.0,0.9111685785549373
277,deff279b0c815e5a,True,1.0,1.0,1.0,1.0,1.0,1.0,1.0
278,5cf43f51d45c552f,True,1.0,1.0,1.0,1.0,1.0,1.0,1.0
279,df1a9e58ca1150cd,True,1.0,1.0,0.7019344222575817,1.0,1.0,1.0,0.8758060092739924
280,4b6b3a81cc235dbf,True,1.0,0.0,0.0,1.0,1.0,1.0,0.0
281,976ec6840abe5733,True,1.0,1.0,0.796776601955856,1.0,1.0,1.0,0.9153235841482733
282,33f04aa1460b5dc5,True,1.0,1.0,1.0,1.0,1.0,0.5,1.0
283,4f5b00e0de115593,True,1.0,1.0,0.79068660703994,0.0,1.0,1.0,0.49611941959997496
284,eb8fd3a2b08e5e52,True,1.0,1.0,1.0,1.0,1.0,1.0,1.0
285,93080b4cb0435e4a,True,1.0,1.0,0.8378169484936071,1.0,1.0,1.0,0.932423728539003
286,064018bfafb05f56,True,1.0,1.0,0.9942961818105068,1.0,1.0,1.0,0.9976234090877112
287,f7e52770089e5230,True,1.0,1.0,0.7151550047080422,1.0,1.0,1.0,0.8813145852950175
288,5ebf3103a78b5e39,True,1.0,1.0,0.7878318920646941,1.0,1.0,0.5,0.9115966216936225
289,3c303aa231e65a53,True,0.0,1.0,0.0,0.0,1.0,1.0,0.0
290,25cb9b6179435488,True,1.0,1.0,1.0,1.0,1.0,1.0,1.0
291,0f6d159f5f0c52d0,True,1.0,1.0,0.5928106817335074,1.0,1.0,1.0,0.8303377840556281
292,d45f18da371a5fe5,True,1.0,1.0,0.9052481681222199,1.0,1.0,1.0,0.9605200700509249
293,1d7a96e116735b6c,True,1.0,1.0,0.7781705876987894,1.0,1.0,1.0,0.9075710782078289
294,3eef6c6972dd538f,True,1.0,1.0,0.9255975404630571,1.0,1.0,1.0,0.9689989751929403
295,e8a004bfab7d5034,True,1.0,1.0,0.9035176419511738,1.0,1.0,0.0,0.9597990174796557
296,dee481365b265a2d,True,1.0,1.0,0.6821868262471247,1.0,1.0,1.0,0.8675778442696354
297,5b14b00087b051e3,True,1.0,1.0,1.0,1.0,1.0,1.0,1.0
298,b4176d2246d452ea,True,1.0,1.0,1.0,1.0,1.0,1.0,1.0
299,ca3e9faa3258522b,True,1.0,1.0,1.0,1.0,1.0,1.0,1.0
300,9b88dfaff2615c83,True,1.0,1.0,0.7752718934018463,0.0,1.0,1.0,0.4896966222507693
301,313a7a6feb1c5490,True,1.0,1.0,0.8135119732317025,1.0,1.0,1.0,0.9222966555132094
302,9320c42b53b052f0,True,1.0,1.0,1.0,1.0,1.0,1.0,1.0
303,265a62af0b2954a5,True,1.0,1.0,0.46921613719838184,1.0,1.0,1.0,0.7788400571659925
304,dc47dc70547551f6,True,1.0,1.0,0.9500063398084633,0.0,1.0,1.0,0.5625026415868597
305,fbe0e54ef79254bb,True,0.0,1.0,0.0,0.0,1.0,1.0,0.0
306,a43d45f7369d5489,True,1.0,1.0,1.0,0.0,1.0,1.0,0.5833333333333334
307,dd72153f54fa59e7,True,1.0,1.0,0.5833744841071515,1.0,1.0,1.0,0.8264060350446464
308,39147f08f4645365,True,1.0,0.0,0.0,1.0,1.0,1.0,0.0
309,2963ac11563356d9,True,1.0,1.0,0.9295131213220775,1.0,1.0,1.0,0.9706304672175324
310,bee7eebe90dd5285,True,1.0,1.0,0.9791957679811898,1.0,1.0,1.0,0.9913315699921624
311,bc089c23e7f95250,True,1.0,1.0,0.842072155102496,1.0,1.0,1.0,0.9341967312927068
312,c60be3c852c55da2,True,1.0,1.0,1.0,1.0,1.0,1.0,1.0
313,5b3f41f636aa5136,True,1.0,1.0,1.0,1.0,1.0,1.0,1.0
314,93ec10a2fdc35c9a,True,1.0,0.0,0.0,1.0,1.0,1.0,0.0
315,7135ce0e5eea5907,True,1.0,1.0,0.7148866977418956,1.0,1.0,1.0,0.8812027907257898
316,084ce89976f1505e,True,0.0,1.0,0.0,0.0,1.0,1.0,0.0
317,dd25fc02c23c537b,True,1.0,1.0,1.0,1.0,1.0,1.0,1.0
318,1013821ba47c55b3,True,1.0,1.0,0.9141598489434263,1.0,1.0,1.0,0.9642332703930943
319,3dc04b54c3515f56,True,1.0,1.0,0.8577639835257101,1.0,1.0,1.0,0.9407349931357126
320,a59aff81f75759ff,True,1.0,1.0,1.0,1.0,1.0,1.0,1.0
321,94693a54967757f6,True,1.0,1.0,1.0,1.0,1.0,1.0,1.0
322,7597912d2a175b46,True,1.0,1.0,1.0,1.0,1.0,1.0,1.0
323,c21ec33e15b458a1,True,1.0,1.0,0.9007650776809358,1.0,1.0,1.0,0.9586521157003899
324,7e3d6e037fbc506c,True,1.0,1.0,1.0,0.0,1.0,1.0,0.5833333333333334
325,11936935515f5daa,True,1.0,1.0,1.0,1.0,1.0,1.0,1.0
326,6ae88d39556d57ec,True,1.0,1.0,0.5625352845758972,1.0,1.0,1.0,0.8177230352399572
327,9ddee0363c1f530a,True,1.0,1.0,1.0,1.0,1.0,1.0,1.0
328,3502b30911d75ed8,True,1.0,1.0,0.33442018058951145,1.0,1.0,1.0,0.7226750752456298
329,ea57966419605846,True,1.0,1.0,0.9660422831757836,0.0,1.0,1.0,0.5691842846565764
330,72d13a5ce3af5ca6,True,1.0,1.0,1.0,1.0,1.0,1.0,1.0
331,4b347fca93c65596,True,1.0,1.0,0.7307586445305337,1.0,1.0,1.0,0.8878161018877223
332,e6dde7de045154c3,True,1.0,1.0,1.0,1.0,1.0,1.0,1.0
333,6639fa7905a3599b,True,1.0,1.0,0.9134691378472786,1.0,1.0,1.0,0.9639454741030328
334,090d6a17e77d59b5,True,1.0,1.0,1.0,0.0,1.0,1.0,0.5833333333333334
335,4f67484c73e2503a,True,1.0,1.0,0.8901031778739537,1.0,1.0,1.0,0.9542096574474807
336,8b7212ba11ec5f3b,True,1.0,0.0,0.0,1.0,1.0,0.0,0.0
337,c11b8e3e58e857f6,True,1.0,1.0,0.998465203320356,1.0,1.0,1.0,0.9993605013834816
338,c0c3f6eb7f445755,True,1.0,1.0,0.897059223340563,1.0,1.0,1.0,0.9571080097252346
339,4509bc830bbc5fbd,True,1.0,0.0,0.0,0.0,1.0,1.0,0.0
340,6e5ae240ac8a5862,True,1.0,0.0,0.0,0.0,1.0,1.0,0.0
341,ade66429cb58544c,True,1.0,1.0,0.8253625073673783,1.0,1.0,1.0,0.9272343780697408
342,fdc43c8424a256ce,True,1.0,1.0,0.6809455697286105,1.0,1.0,1.0,0.8670606540535877
343,50d6986491d3510a,True,1.0,1.0,1.0,0.0,1.0,1.0,0.5833333333333334
344,7a5ad5a3fcd85c7a,True,0.0,1.0,0.0,0.0,1.0,1.0,0.0
345,4bc122716deb519f,True,1.0,1.0,1.0,1.0,1.0,1.0,1.0
346,ef72c411731f5e79,True,1.0,1.0,0.5008176387017874,1.0,1.0,1.0,0.7920073494590781
347,878665ca715b53d3,True,1.0,1.0,0.9561847163859607,1.0,1.0,1.0,0.9817436318274836
348,af0e1a3043ba51c6,True,1.0,0.0,0.0,1.0,1.0,0.0,0.0
349,38db478c95eb5079,True,1.0,1.0,1.0,1.0,1.0,1.0,1.0
350,91496ec9ca5f5d5f,True,0.0,1.0,0.0,0.0,1.0,1.0,0.0
351,a366d90f10ca5866,True,1.0,0.0,0.0,1.0,1.0,1.0,0.0
352,a6f3c89c3d745a5b,True,1.0,1.0,0.6474101352418621,1.0,1.0,1.0,0.8530875563507759
353,bdaa773585685d09,True,1.0,1.0,0.34746866056103526,1.0,1.0,0.5,0.7281119419004313
354,639ed89313465584,True,1.0,0.0,0.0,1.0,1.0,1.0,0.0
355,b39406677030585e,True,0.0,1.0,0.0,0.0,1.0,1.0,0.0
356,efc8eef1e7b551d9,True,0.0,1.0,0.0,0.0,1.0,1.0,0.0
357,bf0fa6fe20b5587f,True,1.0,1.0,1.0,1.0,1.0,1.0,1.0
358,75811dfc02ce59f7,True,1.0,1.0,1.0,1.0,1.0,1.0,1.0
359,5c9063357a725208,True,1.0,1.0,1.0,1.0,1.0,1.0,1.0
360,c16d0c6076ab5a85,True,1.0,1.0,1.0,1.0,1.0,1.0,1.0
361,08a8fc71ab1b57c2,True,1.0,1.0,1.0,0.0,1.0,1.0,0.5833333333333334
362,d07fa319e6045a3d,True,1.0,1.0,0.9024476246890871,1.0,1.0,1.0,0.9593531769537863
363,7cb9260c8be35c5c,True,0.0,0.0,0.0,0.0,1.0,0.5,0.0
364,8e84ecdbb84c5784,True,1.0,0.0,0.0,1.0,1.0,1.0,0.0
365,19768d49bbd45f08,True,1.0,1.0,0.955393079133765,1.0,1.0,1.0,0.981413782972402
366,47af60921ec65144,True,1.0,0.0,0.0,1.0,1.0,0.5,0.0
367,46e5a6cf37de5493,True,0.0,0.0,0.0,0.0,1.0,1.0,0.0
368,2738dcd449ef567f,True,1.0,1.0,0.8432629560824599,1.0,1.0,1.0,0.9346928983676918
369,7900996a42f35f67,True,1.0,0.0,0.0,1.0,1.0,1.0,0.0
370,feff7ece85635a65,True,1.0,1.0,1.0,1.0,1.0,1.0,1.0
371,eddb4834d5e459c6,True,1.0,1.0,0.8094364705622636,1.0,1.0,1.0,0.9205985294009432
372,a5b24b47fef85a1b,True,1.0,1.0,0.8974152314931733,1.0,1.0,0.5,0.9572563464554888
373,60cfc7f20f825d8a,True,1.0,1.0,0.9673726874407155,1.0,1.0,1.0,0.9864052864336315
374,48b503ec9c5a5d7a,True,1.0,1.0,0.9286740020043353,1.0,1.0,1.0,0.9702808341684731
375,65cf19209dc55631,True,1.0,1.0,0.7515467477528623,1.0,1.0,1.0,0.8964778115636927
376,4355d2853ef15044,True,1.0,1.0,1.0,1.0,1.0,1.0,1.0
377,301f483843535f89,True,1.0,1.0,1.0,1.0,1.0,1.0,1.0
378,0b81fee06b6156d5,True,1.0,1.0,1.0,1.0,1.0,1.0,1.0
379,c62dafe55b9d538d,True,1.0,1.0,1.0,1.0,1.0,1.0,1.0
380,152a3fbb37155fa0,True,1.0,1.0,0.959551342438288,1.0,1.0,0.5,0.9831463926826199
381,1b10cc004b735f40,True,1.0,1.0,0.6678839912225158,1.0,1.0,1.0,0.8616183296760482
382,39dba8a42eaa5ea0,True,1.0,1.0,1.0,1.0,1.0,1.0,1.0
383,ed2466a660ba5661,True,1.0,1.0,1.0,1.0,1.0,1.0,1.0
384,dfb6fbca92bb5183,True,1.0,1.0,0.8478997257409062,1.0,1.0,1.0,0.9366248857253776
385,bd2591ae189c5a38,True,1.0,1.0,1.0,1.0,1.0,1.0,1.0
386,4d1e72e6a45853c3,True,1.0,0.0,0.0,1.0,1.0,1.0,0.0
387,0b3a16034cc35dc0,True,1.0,1.0,0.8187378829334557,0.0,1.0,1.0,0.5078074512222732
388,c4b85436e314515b,True,1.0,1.0,0.5565850663307429,1.0,1.0,1.0,0.8152437776378095
389,043839beb58a5dad,True,1.0,1.0,0.8757560914563299,1.0,1.0,1.0,0.9482317047734709
390,3ffea9df17af502b,True,1.0,1.0,1.0,0.0,1.0,1.0,0.5833333333333334
391,95a4b51d1d865ba0,True,1.0,1.0,0.6978014992083927,1.0,1.0,1.0,0.874083958003497
392,be87511d69ba58e7,True,1.0,1.0,0.8633976606234224,1.0,1.0,1.0,0.9430823585930926
393,c418551cd6285092,True,1.0,1.0,0.8410911667966079,1.0,1.0,0.0,0.9337879861652533
394,8e511022e0e95a13,True,1.0,1.0,0.9938647167437906,1.0,1.0,1.0,0.9974436319765795
395,351663288cc45157,True,1.0,1.0,0.7344757400880002,1.0,1.0,1.0,0.8893648917033334
396,f4f1692fee475afa,True,1.0,1.0,0.9374922612835209,1.0,1.0,1.0,0.9739551088681337
397,e726c3ae361058c1,True,1.0,1.0,1.0,1.0,1.0,1.0,1.0
398,88fb8b083a2d56c7,True,1.0,1.0,1.0,1.0,1.0,1.0,1.0
399,a08215e27d775f96,True,1.0,1.0,0.9831555666001811,1.0,1.0,1.0,0.9929814860834089
400,75aa8f2b9b6250e4,True,1.0,1.0,0.992029397837692,1.0,1.0,1.0,0.9966789157657049
401,71531dafe28052ac,True,1.0,1.0,0.9081835202927535,1.0,1.0,1.0,0.961743133455314
402,3f6732f66f695405,True,1.0,1.0,1.0,1.0,1.0,1.0,1.0
403,c95f17dbae835b51,True,1.0,1.0,0.7908228318361908,1.0,1.0,1.0,0.9128428465984127
404,92e499cae59d57d4,True,1.0,1.0,1.0,1.0,1.0,1.0,1.0
405,2c978eb63fec5d2a,True,1.0,1.0,0.9251306694524706,0.0,1.0,1.0,0.5521377789385294
406,ae05160436d45a62,True,0.0,1.0,0.0,0.0,1.0,1.0,0.0
407,94b9b31c975a5796,True,1.0,1.0,0.7888872265708917,1.0,1.0,0.5,0.9120363444045383
408,767ce55e55515539,True,1.0,1.0,0.7980719892683931,1.0,1.0,1.0,0.9158633288618304
409,a786025ec8ab5a6b,True,1.0,1.0,0.9852850173900972,1.0,1.0,1.0,0.9938687572458739
410,fc0acfe530ba5562,True,1.0,1.0,0.7823279902474604,1.0,1.0,1.0,0.9093033292697751
411,a1d40a879acc5165,True,0.0,1.0,0.0,0.0,1.0,1.0,0.0
412,12af1e0adcb65df9,True,0.0,1.0,0.0,0.0,1.0,1.0,0.0
413,218d9b0348fe5687,True,1.0,0.0,0.0,1.0,1.0,0.5,0.0
414,3154180ecf9a5e67,True,1.0,1.0,0.8681954481410296,1.0,1.0,1.0,0.9450814367254289
415,97c8e9ca10ba5a69,True,1.0,1.0,0.9598140425939283,0.0,1.0,1.0,0.5665891844141367
416,157c6c5b1b9d5608,True,0.0,1.0,0.0,0.0,1.0,1.0,0.0
417,5997813b7cc55036,True,1.0,1.0,1.0,1.0,1.0,1.0,1.0
418,240f44eb30c7500b,True,1.0,1.0,1.0,1.0,1.0,1.0,1.0
419,0c38a8ace1f5548e,True,1.0,1.0,0.8440046998520733,1.0,1.0,1.0,0.9350019582716973
420,8237f47b224952b4,True,1.0,1.0,1.0,1.0,1.0,1.0,1.0
421,8d62f19202505230,True,1.0,1.0,1.0,1.0,1.0,1.0,1.0
422,1b439c269a83590c,True,1.0,1.0,1.0,0.0,1.0,0.5,0.5833333333333334
423,6bd6995e2a275d91,True,1.0,0.0,0.0,1.0,1.0,0.5,0.0
424,c2eecf5cfe46536f,True,0.0,1.0,0.0,0.0,1.0,1.0,0.0
425,ba84537a483f508a,True,1.0,1.0,0.6920998275328334,1.0,1.0,1.0,0.8717082614720139
426,d1af94a471135add,True,1.0,1.0,0.8576243827374209,1.0,1.0,1.0,0.9406768261405921
427,db7dbae63ff15234,True,1.0,1.0,1.0,1.0,1.0,1.0,1.0
428,adb5cfe871c55445,True,0.0,1.0,0.0,0.0,1.0,1.0,0.0
429,dc145331696d5400,True,0.0,1.0,0.0,0.0,1.0,1.0,0.0
430,64a52073ea395752,True,1.0,1.0,0.703733438975417,1.0,1.0,1.0,0.8765555995730905
431,62735179d4f258ea,True,1.0,1.0,0.8280272294095681,1.0,1.0,1.0,0.9283446789206534
432,1148c72f141c532d,True,1.0,0.0,0.0,0.0,1.0,1.0,0.0
433,d31b4eb761a15872,True,1.0,1.0,0.9834109019395564,0.0,1.0,1.0,0.5764212091414819
434,1c6e6f287c2354f1,True,1.0,1.0,0.6994860589211556,1.0,1.0,1.0,0.8747858578838148
435,59b4bb47cf6656cf,True,1.0,1.0,0.7583766965685881,1.0,1.0,1.0,0.8993236235702451
436,62013ac84b3a57e5,True,1.0,1.0,0.9751355129257516,1.0,1.0,1.0,0.9896397970523966
437,dff44219172a5f99,True,1.0,1.0,1.0,1.0,1.0,1.0,1.0
438,250389f21dee5793,True,1.0,1.0,0.6498075072302549,1.0,1.0,0.5,0.8540864613459395
439,cf1ad202aadb5ee6,True,0.0,1.0,0.0,0.0,1.0,1.0,0.0
440,38f555fbc07f5185,True,1.0,1.0,1.0,1.0,1.0,1.0,1.0
441,a65896c3c7be51ca,True,1.0,1.0,0.7717900497686242,1.0,1.0,1.0,0.9049125207369267
442,371d154a89425165,True,0.0,1.0,0.0,0.0,1.0,1.0,0.0
443,0727a3cccad352d7,True,1.0,1.0,1.0,1.0,1.0,1.0,1.0
444,171e0bea742d52d0,True,1.0,1.0,1.0,1.0,1.0,1.0,1.0
445,73ba0e501a005971,True,1.0,1.0,0.8115697407898509,1.0,1.0,1.0,0.9214873919957712
446,a8a10f07becb5a55,True,1.0,1.0,1.0,0.0,1.0,1.0,0.5833333333333334
447,458fa5236b795941,True,1.0,1.0,0.9094623479596788,1.0,1.0,1.0,0.9622759783165328
448,684a977a365b5e73,True,1.0,1.0,1.0,1.0,1.0,1.0,1.0
449,471869e791085ef6,True,1.0,1.0,0.9627980009937943,1.0,1.0,1.0,0.9844991670807476
450,ad8fec600a4c5ed7,True,1.0,1.0,0.813739652676121,1.0,1.0,1.0,0.9223915219483837
451,15165972946050eb,True,1.0,1.0,0.9504628313574631,0.0,1.0,1.0,0.562692846398943
452,2d0334f7e7d75853,True,1.0,1.0,1.0,1.0,1.0,1.0,1.0
453,d1e4600c80ab519a,True,1.0,1.0,0.7058417327492598,1.0,1.0,1.0,0.8774340553121917
454,80ad06a7a2975213,True,1.0,1.0,1.0,1.0,1.0,1.0,1.0
455,2e8c4827d8c757a3,True,1.0,1.0,0.9974180021993518,1.0,1.0,1.0,0.9989241675830632
456,a9fc9ff67fef5b5c,True,1.0,1.0,1.0,1.0,1.0,1.0,1.0
457,702351f9d23159ad,True,1.0,1.0,1.0,0.0,1.0,1.0,0.5833333333333334
458,4b4a268bee4c5ab5,True,1.0,0.0,0.0,1.0,1.0,1.0,0.0
459,e0bb2b04e9455fa6,True,1.0,1.0,0.7343016768056736,1.0,1.0,1.0,0.8892923653356973
460,3d11d1a35e8f500d,True,1.0,1.0,1.0,0.0,1.0,1.0,0.5833333333333334
461,5d78f0d383a95860,True,1.0,1.0,0.7844241702342821,1.0,1.0,1.0,0.9101767375976175
462,02e3c13aa3975b02,True,1.0,1.0,0.8781665340621524,1.0,1.0,1.0,0.9492360558592301
463,768ae2e06b1e5d90,True,1.0,1.0,0.9970020684477875,1.0,1.0,1.0,0.9987508618532447
464,efb7ddb02e9f59f1,True,1.0,1.0,1.0,0.0,1.0,1.0,0.5833333333333334
465,baef20f6b33e594e,True,1.0,1.0,1.0,1.0,1.0,1.0,1.0
466,484bac10bd295459,True,1.0,0.0,0.0,1.0,1.0,0.5,0.0
467,701c95bcdaa65c14,True,1.0,1.0,0.7616968226513725,1.0,1.0,1.0,0.9007070094380719
468,c28c7b29e80059d2,True,1.0,0.0,0.0,1.0,1.0,1.0,0.0
469,24df13e119aa5d5d,True,1.0,1.0,0.537639426499775,1.0,1.0,0.5,0.8073497610415729
470,1f12591bdae05306,True,1.0,1.0,1.0,1.0,1.0,1.0,1.0
471,eae658a09ef152a9,True,0.0,1.0,0.0,0.0,1.0,1.0,0.0
472,e4f34d35c8fd5fd2,True,1.0,1.0,0.6860250098197939,0.0,1.0,1.0,0.4525104207582474
473,833545ff73da5eb5,True,1.0,0.0,0.0,0.0,1.0,0.0,0.0
474,0530c20c3c71533a,True,1.0,1.0,0.9791878039939609,1.0,1.0,1.0,0.9913282516641505
475,476ad53b78325ef2,True,1.0,1.0,0.5772669484161882,1.0,1.0,1.0,0.823861228506745
476,30827c8c62c55b46,True,0.0,1.0,0.0,0.0,1.0,1.0,0.0
477,66a924c7d02159cf,True,1.0,1.0,0.0,1.0,1.0,1.0,0.5833333333333334
478,4bfd5690eb3d5c6e,True,1.0,1.0,0.8287566600636207,1.0,1.0,1.0,0.928648608359842
479,cc0668b663b25703,True,1.0,1.0,0.7381269183583699,1.0,1.0,1.0,0.890886215982654
480,d243aa8117495932,True,1.0,1.0,1.0,1.0,1.0,1.0,1.0
481,4ba033878f8b5284,True,1.0,1.0,0.6423655373193206,1.0,1.0,1.0,0.8509856405497169
482,38afc409029551e0,True,1.0,0.0,0.0,1.0,1.0,1.0,0.0
483,09e4d1d929535af0,True,1.0,1.0,1.0,1.0,1.0,1.0,1.0
484,1ceec301ab6552b1,True,1.0,1.0,0.984319664984338,1.0,1.0,1.0,0.9934665270768074
485,99127f15fd9b5847,True,1.0,0.0,0.0,1.0,1.0,1.0,0.0
486,94625815a7b351b5,True,1.0,1.0,0.870703342916954,1.0,1.0,1.0,0.9461263928820642
487,7e21aeb3afc2592b,True,1.0,1.0,0.8622450979886097,1.0,1.0,1.0,0.9426021241619207
488,75f91ced021c543e,True,1.0,1.0,0.918978071129698,1.0,1.0,1.0,0.9662408629707074
489,da924c882e6e52d0,True,1.0,1.0,1.0,1.0,1.0,1.0,1.0
490,247ae110b0c454cb,True,0.0,1.0,0.0,0.0,1.0,1.0,0.0
491,e5abdd8b726e5a2f,True,1.0,1.0,1.0,1.0,1.0,1.0,1.0
492,f63a2f8e05115d52,True,1.0,1.0,1.0,0.0,1.0,1.0,0.5833333333333334
493,c9ddc670b1195efd,True,1.0,0.0,0.0,1.0,1.0,1.0,0.0
494,ec68073cb7a15741,True,0.0,1.0,0.0,0.0,1.0,1.0,0.0
495,58c61cbce5825c91,True,1.0,1.0,0.7388289549918572,1.0,1.0,1.0,0.8911787312466072
496,449ed0c45858583f,True,1.0,0.0,0.0,1.0,1.0,1.0,0.0
497,024d012881be5995,True,1.0,1.0,0.7753872017502617,1.0,1.0,1.0,0.906411334062609
498,0027991369e05ab2,True,1.0,1.0,0.9371652189019336,1.0,1.0,1.0,0.973818841209139
499,68559679a9bd5d3c,True,1.0,1.0,0.932341873124757,1.0,1.0,1.0,0.9718091138019821
500,3d580ffc3de95e49,True,1.0,1.0,0.8676186722990981,1.0,1.0,1.0,0.9448411134579575
501,f308a472f26056a7,True,1.0,1.0,0.3685019940429463,1.0,1.0,1.0,0.7368758308512277
502,9f1d535f158c5758,True,1.0,1.0,1.0,0.0,1.0,1.0,0.5833333333333334
503,4211afd0df14524c,True,1.0,1.0,1.0,1.0,1.0,1.0,1.0
504,08226b91e42858de,True,1.0,1.0,1.0,1.0,1.0,1.0,1.0
505,b1b2eb47b045566c,True,1.0,1.0,0.5881010762771909,1.0,1.0,1.0,0.8283754484488295
506,0f3d66a03c5e500b,True,1.0,1.0,1.0,1.0,1.0,1.0,1.0
507,2d741bb457ed5434,True,1.0,1.0,0.9694622857475347,1.0,1.0,1.0,0.987275952394806
508,8e9f743d92c05d10,True,1.0,1.0,1.0,0.0,1.0,1.0,0.5833333333333334
509,68ba851239655c3a,True,1.0,1.0,0.2399496847029953,1.0,1.0,1.0,0.683312368626248
510,9fe07284cb3f5e0a,True,1.0,1.0,0.8315679335082794,1.0,1.0,1.0,0.9298199722951165
511,91fc00df56ae5aca,True,1.0,1.0,0.7529910080879891,1.0,1.0,1.0,0.8970795867033288
512,85865789fb545e3c,True,1.0,1.0,0.967238978539849,1.0,1.0,1.0,0.9863495743916038
513,c766d336f81858c5,True,1.0,1.0,1.0,0.0,1.0,0.0,0.5833333333333334
514,78beb0eba954535e,True,0.0,1.0,0.0,0.0,1.0,1.0,0.0
515,fc5d32be7f785570,True,1.0,0.0,0.0,1.0,1.0,1.0,0.0
516,175fc3cad7805262,True,1.0,1.0,0.8522257212181396,1.0,1.0,1.0,0.9384273838408914
517,56b0ed5018c25d3f,True,1.0,1.0,1.0,1.0,1.0,0.0,1.0
518,d90cd23a434f5c55,True,1.0,1.0,1.0,1.0,1.0,1.0,1.0
519,4b85f48b7172519f,True,1.0,1.0,1.0,1.0,1.0,0.5,1.0
520,db601036b2fb58d7,True,1.0,1.0,1.0,1.0,1.0,1.0,1.0
521,7f2a06cede325573,True,1.0,1.0,1.0,0.0,1.0,1.0,0.5833333333333334
522,d2ce22d49c4c5166,True,1.0,1.0,1.0,1.0,1.0,1.0,1.0
523,9016f4b84afb5913,True,1.0,1.0,1.0,0.0,1.0,1.0,0.5833333333333334
524,2bc38f766c8851fa,True,1.0,1.0,0.9447942635675716,0.0,1.0,0.0,0.5603309431531548
525,bfcbb192c11b5736,True,1.0,1.0,0.797351245292483,1.0,1.0,1.0,0.9155630188718679
526,8430e9ba6d395dd2,True,1.0,1.0,0.9332235303713965,1.0,1.0,1.0,0.9721764709880819
527,97b1ea53fad65625,True,1.0,0.0,0.0,1.0,1.0,1.0,0.0
528,03f248caa9c35a98,True,1.0,1.0,1.0,1.0,1.0,1.0,1.0
529,30c52d38e4975fe7,True,1.0,1.0,0.8705130958247926,1.0,1.0,1.0,0.9460471232603304
530,09436f14d3185748,True,1.0,1.0,1.0,1.0,1.0,1.0,1.0
531,47510e3eddd950ad,True,0.0,1.0,0.0,0.0,1.0,1.0,0.0
532,d53c6de1a159537b,True,1.0,1.0,0.8499595853337146,1.0,1.0,1.0,0.9374831605557145
533,666573b1628a5475,True,1.0,1.0,0.9962250661847124,1.0,1.0,1.0,0.9984271109102968
534,015593741e7050f7,True,1.0,1.0,0.761109196310502,1.0,1.0,1.0,0.9004621651293757
535,f2b83fb414eb5cf0,True,1.0,0.0,0.0,1.0,1.0,1.0,0.0
536,7dae0a8be0545755,True,1.0,1.0,0.3109509542582035,1.0,1.0,1.0,0.7128962309409181
537,e9f68a55225a536c,True,1.0,1.0,0.9627672387940752,1.0,1.0,1.0,0.9844863494975313
538,5b7700fa99d95a94,True,1.0,1.0,1.0,1.0,1.0,1.0,1.0
539,d6aa1499d0be503a,True,1.0,1.0,0.9073458993393743,1.0,1.0,1.0,0.9613941247247393
540,dfa06e9592e65896,True,1.0,1.0,0.8008697780936628,1.0,1.0,1.0,0.9170290742056929
541,d73cabbfed045bf2,True,0.0,0.0,0.0,0.0,1.0,1.0,0.0
542,1ad96f74e72750db,True,1.0,1.0,1.0,1.0,1.0,1.0,1.0
543,9191f3f8644d50cb,True,0.5,1.0,0.7486584730458173,0.0,1.0,1.0,0.23930384855121192
544,4299796c2c845718,True,1.0,1.0,0.7919631468574536,0.0,1.0,1.0,0.4966513111906057
545,669972d5c4c55872,True,1.0,1.0,0.32662769744381986,1.0,1.0,1.0,0.7194282072682583
546,9d4e4e721d77503e,True,1.0,1.0,0.9619191684384277,1.0,1.0,1.0,0.9841329868493448
547,e2116f0f33b25eb5,True,1.0,1.0,1.0,1.0,1.0,1.0,1.0
548,39bbb12794ca56a3,True,1.0,1.0,0.7029177348543161,1.0,1.0,1.0,0.876215722855965
549,40d43586b1195366,True,1.0,1.0,1.0,1.0,1.0,1.0,1.0
550,64bb182ef4035065,True,1.0,1.0,0.9980508886885341,1.0,1.0,1.0,0.9991878702868892
551,a9bdcf08c1ce5f5a,True,1.0,0.0,0.0,1.0,1.0,1.0,0.0
552,4d88ae43c2f55d96,True,0.0,1.0,0.0,0.0,1.0,1.0,0.0
553,49e3bfda06d45f7e,True,1.0,1.0,0.8856407956936573,1.0,1.0,1.0,0.9523503315390238
554,1b96821ba3425e3b,True,1.0,1.0,0.6715468013061093,1.0,1.0,1.0,0.8631445005442121
555,6cb33358dfbc5a84,True,1.0,1.0,0.8298807206895326,0.0,1.0,1.0,0.5124503002873052
556,455f894b6e3b58ab,True,1.0,1.0,1.0,1.0,1.0,1.0,1.0
557,43768792861e5c7e,True,1.0,1.0,0.7835618734412085,1.0,1.0,1.0,0.9098174472671703
558,fe8eddd5ec8654cd,True,1.0,0.0,0.0,1.0,1.0,1.0,0.0
559,1a0ce53e0a4755e5,True,1.0,1.0,0.9925849822014037,1.0,1.0,1.0,0.9969104092505848
560,9b4cfcda4a755b05,True,1.0,1.0,0.9742953814006109,1.0,1.0,1.0,0.9892897422502545
561,47f29dad0bec52d2,True,1.0,1.0,0.6251939623773315,1.0,1.0,1.0,0.8438308176572215
562,e06567ac03815716,True,1.0,1.0,1.0,1.0,1.0,1.0,1.0
563,4417a92b5b1956b8,True,1.0,1.0,0.7963237316163166,1.0,1.0,0.0,0.9151348881734652
564,d3fe95784a34578f,True,1.0,1.0,0.9332113773279913,1.0,1.0,1.0,0.9721714072199964
565,3a7fa6d4bfb65f4b,True,1.0,1.0,1.0,1.0,1.0,1.0,1.0
566,8a8bf2275db85432,True,1.0,1.0,0.9921359236703827,1.0,1.0,1.0,0.9967233015293262
567,aadb2479ded750e4,True,1.0,1.0,1.0,0.0,1.0,1.0,0.5833333333333334
568,b962399e13f35965,True,1.0,1.0,1.0,1.0,1.0,1.0,1.0
569,68d46e380acc5f56,True,1.0,1.0,1.0,1.0,1.0,1.0,1.0
570,bf5be5d94ffa52f8,True,1.0,1.0,1.0,1.0,1.0,1.0,1.0
571,aa58dfcb46765181,True,1.0,1.0,1.0,1.0,1.0,1.0,1.0
572,3e634fa2ea715bb1,True,1.0,1.0,0.7499919959228463,1.0,1.0,0.0,0.895829998301186
573,7505cca154d95d60,True,1.0,1.0,1.0,0.0,1.0,1.0,0.5833333333333334
574,e309a82b568d5669,True,1.0,1.0,1.0,1.0,1.0,1.0,1.0
575,2f1d36641ecb509a,True,1.0,1.0,1.0,1.0,1.0,1.0,1.0
576,b7f26baef02d54ea,True,1.0,1.0,1.0,1.0,1.0,1.0,1.0
577,d0fccf42f606569a,True,1.0,1.0,0.3690948435528099,1.0,1.0,1.0,0.7371228514803375
578,3bdecfdccc335eda,True,1.0,1.0,0.8503082431999006,1.0,1.0,1.0,0.9376284346666252
579,5cd75b90a44e5a65,True,0.0,1.0,0.0,0.0,1.0,1.0,0.0
580,dce06ee8c9fc572f,True,0.0,1.0,0.0,0.0,1.0,1.0,0.0
581,fb311858e737556d,True,1.0,0.0,0.0,1.0,1.0,0.0,0.0
582,74a8af10863e5455,True,1.0,1.0,1.0,1.0,1.0,1.0,1.0
583,ae145d614988581c,True,1.0,1.0,0.994884525447878,1.0,1.0,1.0,0.9978685522699492
584,f4d869c13a015a28,True,1.0,1.0,0.8046153618870231,1.0,1.0,0.5,0.918589734119593
585,f962927ff5dc518c,True,1.0,1.0,0.8922979962480504,1.0,1.0,1.0,0.9551241651033543
586,7fb4ab2c7e8c527f,True,0.5,0.0,0.0,0.0,1.0,1.0,0.0
587,0e2ed241aa315929,True,1.0,1.0,0.8187779906174123,1.0,1.0,1.0,0.9244908294239217
588,a728ab8233415a86,True,1.0,1.0,0.6529398827857916,1.0,1.0,1.0,0.8553916178274132
589,bb25cbb49f9157ae,True,1.0,1.0,1.0,0.0,1.0,1.0,0.5833333333333334
590,8984fe1857e057b3,True,1.0,1.0,1.0,1.0,1.0,1.0,1.0
591,a0b3a3b623235a49,True,1.0,1.0,1.0,1.0,1.0,1.0,1.0
592,feb4ce395d4d54fb,True,1.0,1.0,0.9370832490413903,1.0,1.0,1.0,0.9737846871005793
593,63b91b18f46a5a96,True,1.0,1.0,1.0,1.0,1.0,1.0,1.0
594,c67e9184504951c5,True,1.0,1.0,0.8501595805942008,1.0,1.0,1.0,0.9375664919142505
595,7dd7ec944ff15821,True,0.0,1.0,0.0,0.0,1.0,1.0,0.0
596,dcf89e4b93ba5fbe,True,0.0,1.0,0.0,0.0,1.0,1.0,0.0
597,ed95bd64d5a555c8,True,1.0,1.0,0.9428657936466881,0.0,1.0,1.0,0.5595274140194534
598,679c8386480d5023,True,1.0,1.0,0.911067857329503,1.0,1.0,1.0,0.9629449405539595
599,6c8d2b130c4d5288,True,1.0,1.0,0.843657599349747,1.0,1.0,1.0,0.9348573330623946
600,0bab0d24762a596d,True,0.0,0.0,0.0,0.0,1.0,1.0,0.0
601,31013d67978e5284,True,1.0,1.0,0.8734694811378511,1.0,1.0,1.0,0.9472789504741046
602,2b40b4ee692d52a4,True,1.0,1.0,0.3736115987419556,1.0,1.0,1.0,0.7390048328091482
603,10b19bf49b67574f,True,1.0,1.0,0.8391760891437284,1.0,1.0,1.0,0.9329900371432203
604,6ddd79643130526d,True,1.0,1.0,1.0,1.0,1.0,1.0,1.0
605,55a584a116ec5e6d,True,1.0,0.0,0.0,0.0,1.0,1.0,0.0
606,18023ea42fe95bdb,True,1.0,1.0,0.8277200522085691,1.0,1.0,1.0,0.9282166884202372
607,09a004a6ded55f7e,True,1.0,1.0,0.013600476098103163,1.0,1.0,1.0,0.5890001983742096
608,78e3ba9d36dc59a0,True,1.0,1.0,0.6762862032369649,1.0,1.0,1.0,0.8651192513487352
609,b3b8a7989ba5519f,True,1.0,1.0,1.0,1.0,1.0,1.0,1.0
610,d94aa4b0e05e5be9,True,1.0,1.0,1.0,1.0,1.0,0.5,1.0
611,af34277ea53e5f77,True,1.0,0.0,0.0,0.0,1.0,1.0,0.0
612,e1b3e5e086a05ff9,True,0.0,0.0,0.0,0.0,1.0,1.0,0.0
613,6dc36068505c5de2,True,1.0,1.0,1.0,1.0,1.0,1.0,1.0
614,57fa478b9b1e5de3,True,1.0,0.0,0.0,1.0,1.0,1.0,0.0
615,312c0f2f981d51c3,True,1.0,1.0,0.792726604991699,1.0,1.0,1.0,0.913636085413208
616,2ff39958d9f35279,True,1.0,1.0,0.8175580682383535,1.0,1.0,1.0,0.9239825284326472
617,f1849aa89eed53d1,True,1.0,1.0,0.6932059589887426,1.0,1.0,1.0,0.8721691495786428
618,b9400f20792f5936,True,1.0,1.0,0.9243958517533117,1.0,1.0,1.0,0.9684982715638798
619,f1b71a95642b5da2,True,1.0,1.0,0.8953015097519511,1.0,1.0,1.0,0.956375629063313
620,d789efd527395984,True,1.0,1.0,1.0,1.0,1.0,1.0,1.0
621,1212ba4b68e95583,True,1.0,1.0,0.6467941077120724,1.0,1.0,1.0,0.8528308782133635
622,f75560fb13f25476,True,1.0,1.0,0.12639179183411606,1.0,1.0,1.0,0.6359965799308817
623,2db75185de1d5763,True,1.0,1.0,0.9482027305560959,1.0,1.0,1.0,0.9784178043983734
624,365808b195f35dff,True,1.0,1.0,1.0,0.0,1.0,1.0,0.5833333333333334
625,d08ae5bc8a435f97,True,1.0,1.0,1.0,1.0,1.0,1.0,1.0
626,9a23e7bc52e657c3,True,1.0,0.0,0.0,1.0,1.0,1.0,0.0
627,8b10128072e6539f,True,1.0,1.0,1.0,0.0,1.0,1.0,0.5833333333333334
628,06d7515412d45507,True,1.0,1.0,0.7023089222481139,1.0,1.0,1.0,0.8759620509367142
629,09bf6cc1f6545219,True,1.0,1.0,0.8084590491044287,1.0,1.0,1.0,0.9201912704601787
630,83671631057f50a4,True,0.0,1.0,0.0,0.0,1.0,1.0,0.0
631,0cf908f72d885124,True,1.0,1.0,1.0,1.0,1.0,1.0,1.0
632,e5d133c0ed5b51f6,True,1.0,1.0,1.0,1.0,1.0,1.0,1.0
633,11d28b80cd0a56d5,True,1.0,1.0,0.6746308001790039,1.0,1.0,1.0,0.8644295000745851
634,01167513b5b55ca1,True,1.0,1.0,0.38650471707767187,1.0,1.0,1.0,0.74437696544903
635,d20659149c14557c,True,1.0,1.0,1.0,1.0,1.0,1.0,1.0
636,883bb02a4f7c5f0a,True,1.0,1.0,1.0,1.0,1.0,1.0,1.0
637,e2e6c22bce7f59fc,True,1.0,1.0,0.8468867923884569,1.0,1.0,1.0,0.9362028301618569
638,4aab1b32b1ad58aa,True,0.5,0.0,0.0,0.0,1.0,1.0,0.0
639,eeba0804c2645281,True,1.0,1.0,1.0,0.0,1.0,1.0,0.5833333333333334
640,9f4bf4a979835749,True,1.0,1.0,0.8104316970904459,1.0,1.0,1.0,0.9210132071210192
641,d4daf5d0fd355401,True,1.0,1.0,0.9138177043776712,1.0,1.0,1.0,0.9640907101573629
642,340f9f95b1e459ab,True,1.0,1.0,1.0,1.0,1.0,1.0,1.0
643,1134d05b608b54e8,True,1.0,1.0,0.9756525227548389,1.0,1.0,1.0,0.9898552178145161
644,5bdbe484641a55fa,True,1.0,1.0,1.0,1.0,1.0,1.0,1.0
645,e360cb69b8a55a47,True,1.0,1.0,1.0,0.0,1.0,1.0,0.5833333333333334
646,6f2baa8c8c8e5942,True,1.0,1.0,1.0,1.0,1.0,1.0,1.0
647,33c58e00f5805824,True,0.0,1.0,0.0,0.0,1.0,1.0,0.0
648,2d9d1d9aa6d25bd9,True,1.0,1.0,1.0,1.0,1.0,1.0,1.0
649,9858cb2db360536b,True,1.0,1.0,0.6561362786995154,1.0,1.0,1.0,0.8567234494581314
650,84ad97e1c9c85d4e,True,1.0,0.0,0.0,1.0,1.0,1.0,0.0
651,6c00b2782d3b5f6e,True,1.0,1.0,0.8072268836891722,1.0,1.0,1.0,0.9196778682038218
652,22a9f8694d425753,True,1.0,0.0,0.0,1.0,1.0,1.0,0.0
653,f4991b521fa15f17,True,1.0,1.0,1.0,1.0,1.0,1.0,1.0
654,14f724bc59705bb4,True,1.0,1.0,0.8319274532741286,0.0,1.0,1.0,0.5133031055308869
655,45845be1b56d59c7,True,1.0,1.0,1.0,1.0,1.0,1.0,1.0
656,ccd3ef26274b5b13,True,1.0,1.0,1.0,0.0,1.0,0.5,0.5833333333333334
657,eff63ffe642d5409,True,0.0,1.0,0.0,0.0,1.0,1.0,0.0
658,bbc8e4799fe85548,True,1.0,1.0,0.7675433603843893,1.0,1.0,1.0,0.9031430668268289
659,3d776c43acfd5327,True,1.0,1.0,0.8228279161247445,1.0,1.0,1.0,0.9261782983853101
660,60e98c18f487568c,True,1.0,0.0,0.0,1.0,1.0,0.5,0.0
661,e9b43b140b1d54bf,True,1.0,0.0,0.0,1.0,1.0,1.0,0.0
662,3984225e4458525b,True,0.0,1.0,0.0,0.0,1.0,1.0,0.0
663,bdf6ce6385325a58,True,1.0,0.0,0.0,1.0,1.0,1.0,0.0
664,f381809a5ec053f3,True,1.0,1.0,0.8489190023415425,1.0,1.0,1.0,0.937049584308976
665,9a594a58c8125976,True,1.0,1.0,1.0,1.0,1.0,1.0,1.0
666,3bbe96de854e5ff3,True,1.0,1.0,0.9648826728131782,1.0,1.0,1.0,0.9853677803388242
667,7d24bd01f77c5d87,True,1.0,0.0,0.0,1.0,1.0,0.5,0.0
668,9e991901a49a55ea,True,1.0,1.0,1.0,1.0,1.0,1.0,1.0
669,cb8822d19cc45d85,True,1.0,1.0,1.0,1.0,1.0,1.0,1.0
670,da56fca2caff52e4,True,1.0,1.0,0.7097906471619113,1.0,1.0,1.0,0.879079436317463
671,4e8e687d6fd55093,True,1.0,1.0,0.7978680206545937,1.0,1.0,1.0,0.9157783419394141
672,2f525b2a3cf35331,True,0.0,1.0,0.0,0.0,1.0,1.0,0.0
673,2ef80fbe7233514a,True,1.0,1.0,0.8514346333468286,1.0,1.0,1.0,0.9380977638945119
674,a5ed322a79205030,True,1.0,1.0,1.0,1.0,1.0,1.0,1.0
675,c2a93dd3494b5702,True,1.0,1.0,0.8247228756073356,1.0,1.0,1.0,0.9269678648363898
676,b504737fcab3545b,True,1.0,1.0,1.0,1.0,1.0,0.5,1.0
677,d655ae3476c9530c,True,1.0,1.0,0.9728555436791605,1.0,1.0,1.0,0.9886898098663169
678,70428e7a613e55cc,True,1.0,1.0,0.9363362624256599,1.0,1.0,1.0,0.9734734426773582
679,80199eddf2cc590f,True,0.0,1.0,0.0,0.0,1.0,1.0,0.0
680,fa5edfd430ba550d,True,1.0,1.0,0.9047730484078902,0.0,1.0,1.0,0.5436554368366209
681,7bce82e059a05030,True,1.0,1.0,0.9099357876378252,1.0,1.0,1.0,0.9624732448490939
682,fd676fd01e475e33,True,0.0,1.0,0.0,0.0,1.0,1.0,0.0
683,7d59e0ea1e0d524b,True,1.0,1.0,0.6074977412357042,1.0,1.0,1.0,0.8364573921815435
684,167063f69e8357d8,True,1.0,1.0,1.0,1.0,1.0,1.0,1.0
685,8f67b84df6b75bd1,True,1.0,1.0,0.5898051298772946,1.0,1.0,0.5,0.8290854707822062
686,cb3c9e9327b25cdc,True,1.0,1.0,0.8018338010832176,1.0,1.0,1.0,0.9174307504513406
687,70bf5f0d100d580f,True,0.0,0.0,0.0,0.0,1.0,1.0,0.0
688,b3e8baac7b4d5e4a,True,1.0,1.0,1.0,1.0,1.0,1.0,1.0
689,d58c4ad27c525465,True,1.0,1.0,0.8637783713168947,1.0,1.0,1.0,0.9432409880487062
690,06279fdb46815c6c,True,0.0,1.0,0.0,0.0,1.0,0.5,0.0
691,3370b43bf64151a6,True,1.0,1.0,1.0,1.0,1.0,1.0,1.0
692,e6eeac307f6d507d,True,1.0,1.0,1.0,1.0,1.0,1.0,1.0
693,aa84169dd1f3538d,True,0.0,1.0,0.0,0.0,1.0,1.0,0.0
694,4cfe4dc173bb5e2e,True,1.0,0.0,0.0,0.0,1.0,1.0,0.0
695,f6e64f5e788b5101,True,1.0,1.0,0.9786162255895919,1.0,1.0,1.0,0.9910900939956632
696,d4f989ee320e52e9,True,1.0,1.0,1.0,0.0,1.0,1.0,0.5833333333333334
697,23803695a4c1547c,True,1.0,0.0,0.0,1.0,1.0,1.0,0.0
698,b0c4bad4c4fa5060,True,1.0,1.0,0.8550520499238061,1.0,1.0,1.0,0.9396050208015859
699,f559d26401125dbe,True,1.0,0.0,0.0,1.0,1.0,0.5,0.0
700,aba3b771ef0054c6,True,1.0,1.0,0.8696433340337415,1.0,1.0,1.0,0.9456847225140589
701,cdf51b82bae55641,True,0.0,1.0,0.0,0.0,1.0,1.0,0.0
702,8636c755aabe5792,True,1.0,1.0,0.9682703052353828,1.0,1.0,1.0,0.9867792938480763
703,40660dbe143d52c1,True,1.0,1.0,1.0,0.0,1.0,1.0,0.5833333333333334
704,9d9aced6d8da5f28,True,0.5,0.0,0.0,0.0,1.0,1.0,0.0
705,184e4aef7e095f7a,True,1.0,1.0,1.0,0.0,1.0,1.0,0.5833333333333334
706,2dd7293bcb445815,True,1.0,1.0,1.0,1.0,1.0,1.0,1.0
707,1039e136e6605cfb,True,1.0,0.0,0.0,1.0,1.0,1.0,0.0
708,f064ef8fafcf5528,True,1.0,1.0,1.0,1.0,1.0,1.0,1.0
709,910c4dd3f1ec51b1,True,1.0,1.0,1.0,1.0,1.0,1.0,1.0
710,3328705b7cf0517a,True,1.0,0.0,0.0,1.0,1.0,0.5,0.0
711,2a79320a3e3b5239,True,1.0,1.0,0.9005296318060712,1.0,1.0,1.0,0.9585540132525296
712,d8346b35ed785e1d,True,1.0,1.0,1.0,1.0,1.0,1.0,1.0
713,56a1470952cb57a0,True,1.0,1.0,0.8514362135065247,1.0,1.0,1.0,0.9380984222943853
714,51586a8c23a4569a,True,1.0,1.0,1.0,1.0,1.0,1.0,1.0
715,26e6818bd14d52a5,True,1.0,1.0,0.987982464809149,1.0,1.0,1.0,0.9949926936704787
716,77218354c5c25657,True,1.0,1.0,1.0,1.0,1.0,1.0,1.0
717,de8957bb05ae5d5d,True,1.0,1.0,1.0,1.0,1.0,1.0,1.0
718,1558511dc7b45b86,True,1.0,1.0,1.0,1.0,1.0,1.0,1.0
719,1da970c8d7ac55b0,True,1.0,1.0,0.6636408848419133,1.0,1.0,1.0,0.8598503686841306
720,2b201c0ffa245b8b,True,1.0,0.0,0.0,1.0,1.0,1.0,0.0
721,a22de94be8935752,True,1.0,1.0,0.5469739414186079,1.0,1.0,1.0,0.8112391422577533
722,ef0914834c445c21,True,1.0,1.0,1.0,1.0,1.0,1.0,1.0
723,1c542cec168557e3,True,1.0,1.0,0.8292336036112324,1.0,1.0,1.0,0.9288473348380135
724,6561633171e75bb6,True,1.0,1.0,1.0,1.0,1.0,1.0,1.0
725,3b4f49412be55b80,True,1.0,1.0,0.6875283904615118,1.0,1.0,1.0,0.8698034960256299
726,ff6f020133855f6a,True,1.0,1.0,1.0,1.0,1.0,0.5,1.0
727,2556a5c923c95128,True,1.0,1.0,0.840661156191294,1.0,1.0,1.0,0.9336088150797058
728,5e02e80df7fe5f5b,True,1.0,1.0,0.7410273035264979,1.0,1.0,1.0,0.8920947098027074
729,e60d3950023a5e46,True,1.0,1.0,0.9700422972244733,1.0,1.0,1.0,0.9875176238435306
730,189e9c0a20085a38,True,1.0,1.0,0.6888862645320614,1.0,1.0,1.0,0.870369276888359
731,9e28afceaa155cf4,True,0.0,1.0,0.0,0.0,1.0,1.0,0.0
732,213494be2acb5c68,True,1.0,1.0,0.7947840774633317,1.0,1.0,1.0,0.9144933656097215
733,b6a62a2356885962,True,1.0,1.0,1.0,1.0,1.0,1.0,1.0
734,016d8cf09d875f57,True,1.0,1.0,0.8454540829342323,1.0,1.0,1.0,0.9356058678892634
735,d42e15faa6375e18,True,0.0,1.0,0.0,0.0,1.0,1.0,0.0
736,4c775cb227b0519d,True,1.0,1.0,0.9727696816123467,1.0,1.0,1.0,0.9886540340051445
737,a807cfefb041572b,True,1.0,1.0,0.7636339771207928,1.0,1.0,1.0,0.9015141571336637
738,054e4984e1b55ec9,True,1.0,1.0,0.986725572657523,1.0,1.0,1.0,0.9944689886073013
739,12d283af921a5f09,True,1.0,1.0,1.0,1.0,1.0,0.0,1.0
740,32a9021303f65743,True,1.0,1.0,1.0,1.0,1.0,1.0,1.0
741,c0a12f1497045322,True,1.0,1.0,0.8609769394277584,1.0,1.0,1.0,0.942073724761566
742,a7ad6a154d2051bd,True,1.0,1.0,1.0,1.0,1.0,1.0,1.0
743,2aa414aa9a9057fb,True,1.0,1.0,0.6132239996572385,1.0,1.0,0.0,0.838843333190516
744,0599b72c60335651,True,1.0,1.0,0.8060168820371667,1.0,1.0,1.0,0.9191737008488193
745,742ec95b24ee529c,True,1.0,1.0,1.0,0.0,1.0,1.0,0.5833333333333334
746,dad522fc9c405963,True,1.0,1.0,1.0,1.0,1.0,1.0,1.0
747,0334cae9f1ef56ae,True,1.0,1.0,0.6861640260371413,1.0,1.0,1.0,0.8692350108488088
748,c5ee24aa8f5059d6,True,1.0,1.0,1.0,1.0,1.0,1.0,1.0
749,19efcf474dd85579,True,1.0,1.0,0.8384880853390563,1.0,1.0,1.0,0.9327033688912735
750,d926deb799a65bea,True,1.0,1.0,0.8636881973734739,1.0,1.0,1.0,0.9432034155722807
751,086e0f2ff2c45bb3,True,1.0,1.0,1.0,1.0,1.0,1.0,1.0
752,83f9ceae9dad56d9,True,1.0,1.0,0.795417155149724,1.0,1.0,1.0,0.9147571479790516
753,0cb51b0d4e285c55,True,1.0,1.0,1.0,1.0,1.0,1.0,1.0
754,cd828def214c571e,True,0.0,1.0,0.0,0.0,1.0,1.0,0.0
755,f9df92352a5f53f2,True,1.0,1.0,1.0,1.0,1.0,1.0,1.0
756,98ae2c97a0375eaf,True,1.0,1.0,0.7683131217430644,1.0,1.0,1.0,0.9034638007262769
757,689ed7a2ee4b583d,True,1.0,1.0,0.9713983716618694,1.0,1.0,1.0,0.9880826548591122
758,1df1903e5bcd5036,True,1.0,0.0,0.0,0.0,1.0,1.0,0.0
759,44c39701a6d65696,True,1.0,1.0,0.8480112618881063,1.0,1.0,1.0,0.9366713591200443
760,9a38ba16ae8d57be,True,1.0,1.0,1.0,1.0,1.0,1.0,1.0
761,5498f9f2cfc55668,True,1.0,1.0,0.9449524374079447,1.0,1.0,1.0,0.9770635155866435
762,94f5959417f75349,True,1.0,1.0,0.8515569690671684,1.0,1.0,1.0,0.9381487371113201
763,3b6e03834b255849,True,1.0,1.0,0.7432294382750805,1.0,1.0,1.0,0.8930122659479501
764,9064ebbda4425d30,True,1.0,1.0,1.0,1.0,1.0,1.0,1.0
765,bacbab3d771e59fd,True,1.0,1.0,0.8552882150058918,0.0,1.0,1.0,0.5230367562524549
766,fb5265ab37085422,True,1.0,1.0,1.0,0.0,1.0,1.0,0.5833333333333334
767,270768ccd1df5e0d,True,1.0,1.0,1.0,1.0,1.0,1.0,1.0
768,91d37a0aabe95056,True,1.0,1.0,0.7217934434374924,1.0,1.0,1.0,0.8840806014322885
769,e5224fa3a0f95b04,True,1.0,1.0,0.7691728629061415,1.0,1.0,1.0,0.9038220262108924
770,3fa1e0c2313358ba,True,1.0,1.0,0.6978771352997628,1.0,1.0,1.0,0.8741154730415678
771,4a66983ed3545869,True,1.0,1.0,0.9864055073046956,1.0,1.0,1.0,0.9943356280436232
772,3aa2680fdc805d09,True,1.0,1.0,0.9736958749887786,1.0,1.0,1.0,0.9890399479119911
773,ebb383e16f7c5121,True,0.0,1.0,0.0,0.0,1.0,1.0,0.0
774,489bb0ed93455b69,True,1.0,1.0,0.7840824447053447,1.0,1.0,1.0,0.9100343519605603
775,02c173ffafdd5be5,True,1.0,0.0,0.0,1.0,1.0,1.0,0.0
776,b8a1d133723f5897,True,1.0,0.0,0.0,1.0,1.0,1.0,0.0
777,fdfad1317cd75455,True,1.0,1.0,1.0,1.0,1.0,1.0,1.0
778,28c74da2ea1d5629,True,0.0,1.0,0.0,0.0,1.0,1.0,0.0
779,70e50d9b18305fa4,True,1.0,1.0,0.7554624697485371,1.0,1.0,1.0,0.8981093623952239
780,fdde37fbe3d35bef,True,1.0,1.0,1.0,1.0,1.0,1.0,1.0
781,0d391852df3f5737,True,1.0,1.0,0.8408021305124821,1.0,1.0,1.0,0.9336675543802008
782,9d7b9273d56f5d02,True,1.0,1.0,1.0,1.0,1.0,1.0,1.0
783,2b9bb7ffb9cf5da8,True,0.0,1.0,0.0,0.0,1.0,1.0,0.0
784,37ebe75f19b1549a,True,1.0,1.0,0.7824463481903023,1.0,1.0,1.0,0.9093526450792927
785,2fd327a8eff250ba,True,1.0,1.0,0.7208359809359991,1.0,1.0,1.0,0.8836816587233329
786,0ac3823481f15815,True,1.0,1.0,0.7189331710931315,1.0,1.0,1.0,0.8828888212888047
787,2615f45588965f4c,True,1.0,1.0,1.0,1.0,1.0,0.5,1.0
788,e55ee684113c5e7d,True,0.0,1.0,0.0,0.0,1.0,1.0,0.0
789,111485c5e6f458a9,True,1.0,1.0,1.0,1.0,1.0,1.0,1.0
790,e429babc45b05f4e,True,1.0,1.0,0.9619033989077201,1.0,1.0,1.0,0.9841264162115501
791,0fb88262272f5110,True,1.0,1.0,0.9299136291721076,0.0,1.0,1.0,0.5541306788217115
792,781386f5659b5cdf,True,1.0,1.0,1.0,1.0,1.0,1.0,1.0
793,8b57a471e74e573f,True,1.0,1.0,1.0,1.0,1.0,1.0,1.0
794,13fcbcdacbe35755,True,1.0,1.0,1.0,1.0,1.0,1.0,1.0
795,55bc862799d350f9,True,0.0,1.0,0.0,0.0,1.0,1.0,0.0
796,cd9d029138325c2c,True,1.0,1.0,0.8748651063235967,1.0,1.0,1.0,0.9478604609681653
797,fb0a26a28ec359ce,True,1.0,1.0,1.0,1.0,1.0,0.5,1.0
798,f2909a9ad9cb552e,True,1.0,1.0,0.6479280982780687,1.0,1.0,1.0,0.8533033742825286
799,d852a7b32d6c5448,True,1.0,1.0,0.8085248975529524,0.0,1.0,1.0,0.5035520406470635
800,abdf3c37dc03596c,True,1.0,1.0,0.8108401975673316,1.0,1.0,1.0,0.9211834156530548
801,b523d101fb0958c3,True,1.0,1.0,0.6616614570324005,1.0,1.0,1.0,0.8590256070968335
802,6b977574e52a5f1b,True,1.0,1.0,1.0,1.0,1.0,1.0,1.0
803,81de41d688185082,True,1.0,1.0,0.9110442085861367,1.0,1.0,1.0,0.9629350869108902
804,98c7a48dd75052ab,True,1.0,1.0,1.0,0.0,1.0,1.0,0.5833333333333334
805,36716a89eb9c5ef9,True,1.0,1.0,1.0,1.0,1.0,1.0,1.0
806,90797642e4065c3c,True,1.0,1.0,0.6963121355946971,1.0,1.0,1.0,0.8734633898311238
807,7f002eadb0845994,True,1.0,1.0,1.0,0.0,1.0,1.0,0.5833333333333334
808,d5b18d6105c25004,True,0.0,1.0,0.0,0.0,1.0,1.0,0.0
809,51e74fb3d9945768,True,1.0,1.0,0.8493436574745487,1.0,1.0,1.0,0.9372265239477287
810,c6bd79f439c254a0,True,1.0,0.0,0.0,1.0,1.0,1.0,0.0
811,1e09c94f9cfb5fc9,True,1.0,1.0,1.0,1.0,1.0,1.0,1.0
812,0208ed2202af56b2,True,1.0,1.0,0.8837076930230369,1.0,1.0,1.0,0.9515448720929319
813,ecf0448cf58a54fb,True,1.0,1.0,0.9739236898294812,1.0,1.0,1.0,0.9891348707622839
814,f20518f97cb558d4,True,1.0,1.0,0.9754557339930019,0.0,1.0,1.0,0.5731065558304175
815,c2735759fe9957a5,True,1.0,1.0,1.0,1.0,1.0,1.0,1.0
816,0456452c8a13546c,True,1.0,1.0,0.8305086190470753,1.0,1.0,1.0,0.9293785912696148
817,35583284eac15ae5,True,1.0,1.0,1.0,1.0,1.0,1.0,1.0
818,07bf0601ad425977,True,1.0,1.0,0.30225889098949693,1.0,1.0,1.0,0.7092745379122904
819,0a672fa6dbb95d68,True,1.0,1.0,0.7866608204186804,1.0,1.0,1.0,0.9111086751744502
820,e66d21ee45e65dac,True,1.0,1.0,0.8017418803639295,1.0,1.0,1.0,0.9173924501516373
821,04fbbb5817255f30,True,0.0,1.0,0.0,0.0,1.0,1.0,0.0
822,c3ed0328b37b586b,True,1.0,1.0,0.833065455239294,1.0,1.0,1.0,0.9304439396830392
823,41bf372d03d95267,True,1.0,1.0,1.0,1.0,1.0,1.0,1.0
824,556283de632c5226,True,1.0,1.0,0.9253285722749691,1.0,1.0,1.0,0.9688869051145704
825,0012a35a78a151b5,True,1.0,1.0,0.8493344987920414,1.0,1.0,1.0,0.9372227078300174
826,2034e8ae11cc594e,True,1.0,0.0,0.0,1.0,1.0,1.0,0.0
827,64f56e62619850b2,True,1.0,1.0,1.0,0.0,1.0,1.0,0.5833333333333334
828,33bae177e9c75992,True,1.0,1.0,0.8070817897235857,1.0,1.0,1.0,0.9196174123848273
829,938ceea80dd85b62,True,1.0,1.0,0.8041011601147648,1.0,1.0,1.0,0.918375483381152
830,d5d4f1c1a2f0589e,True,1.0,0.0,0.0,1.0,1.0,1.0,0.0
831,b043b68462d7540c,True,1.0,1.0,1.0,0.0,1.0,1.0,0.5833333333333334
832,1ebc0b5378ab5caa,True,1.0,1.0,1.0,1.0,1.0,1.0,1.0
833,99dae52a2a6451da,True,1.0,1.0,0.49677295569359814,1.0,1.0,1.0,0.7903220648723326
834,0eb6987fdc9b5213,True,1.0,1.0,1.0,1.0,1.0,0.0,1.0
835,60fbe2351f325132,True,1.0,1.0,1.0,0.0,1.0,1.0,0.5833333333333334
836,4907817195ff5d6f,True,1.0,1.0,0.7140121605311736,1.0,1.0,1.0,0.8808384002213222
837,82e1485de4fa5b71,True,1.0,1.0,0.8032668970743019,1.0,1.0,1.0,0.9180278737809591
838,d7f2f0a77e3e5b4d,True,1.0,1.0,0.8697471903022129,1.0,1.0,1.0,0.9457279959592554
839,1e921882661b5a6b,True,1.0,1.0,0.6706038181393211,1.0,1.0,1.0,0.8627515908913838
840,82ba424ca77e5a4a,True,1.0,1.0,0.39824045635791605,1.0,1.0,1.0,0.7492668568157983
841,2c71b83e25e1577d,True,1.0,1.0,0.9015312736718878,1.0,1.0,1.0,0.9589713640299532
842,22e04303d53f54f5,True,1.0,1.0,0.7695401415828487,1.0,1.0,1.0,0.9039750589928536
843,53f1331b9dd45ffa,True,1.0,1.0,0.8398085385408354,1.0,1.0,1.0,0.9332535577253481
844,551cf39c34f75b25,True,1.0,1.0,0.3547315850690066,1.0,1.0,1.0,0.7311381604454193
845,b2dd5bf723d55469,True,0.0,1.0,0.0,0.0,1.0,1.0,0.0
846,179ea24426e95029,True,1.0,1.0,1.0,1.0,1.0,1.0,1.0
847,4f87ef91e3425ebc,True,1.0,1.0,0.8224581067964403,1.0,1.0,1.0,0.9260242111651834
848,e9799c219eb25a48,True,1.0,1.0,1.0,1.0,1.0,1.0,1.0
849,57d9e7f9125751e2,True,1.0,1.0,0.7375157374285063,1.0,1.0,1.0,0.8906315572618776
850,76b1b05efba353fe,True,1.0,0.0,0.0,1.0,1.0,1.0,0.0
851,5303407715805679,True,1.0,1.0,1.0,1.0,1.0,0.5,1.0
852,84d10a502c1b5a74,True,0.0,1.0,0.0,0.0,1.0,1.0,0.0
853,20c8f9038443596e,True,1.0,1.0,0.9826775218312892,0.0,1.0,1.0,0.5761156340963706
854,b387a02b67e45a4b,True,1.0,1.0,0.9420490522619197,1.0,1.0,1.0,0.9758537717757999
855,5f42f18776195578,True,1.0,1.0,1.0,1.0,1.0,1.0,1.0
856,0992d669b9a25a25,True,1.0,1.0,0.767539862492379,1.0,1.0,1.0,0.9031416093718246
857,fba8aa5a1cb8583e,True,1.0,0.0,0.0,1.0,1.0,1.0,0.0
858,4ccdd6c153335a2b,True,1.0,1.0,0.7010499165785027,1.0,1.0,1.0,0.8754374652410428
859,1f5144778210505c,True,1.0,1.0,1.0,1.0,1.0,1.0,1.0
860,1a2027db44a350ff,True,1.0,1.0,1.0,1.0,1.0,1.0,1.0
861,4ae7296f92115e83,True,1.0,1.0,0.8119550317979304,1.0,1.0,1.0,0.9216479299158044
862,6b68c09f87b85dc8,True,1.0,1.0,1.0,1.0,1.0,1.0,1.0
863,ffb2d865d42e57c0,True,1.0,1.0,1.0,1.0,1.0,1.0,1.0
864,53abaebc66d4549e,True,1.0,1.0,1.0,0.0,1.0,1.0,0.5833333333333334
865,578d2af2c3625ace,True,1.0,1.0,1.0,1.0,1.0,1.0,1.0
866,9c1f46770f2655b1,True,0.5,0.0,0.0,0.0,1.0,1.0,0.0
867,8b279a20979950d6,True,1.0,1.0,1.0,1.0,1.0,1.0,1.0
868,43fe2321124251d3,True,1.0,1.0,1.0,1.0,1.0,1.0,1.0
869,0da520f851415d75,True,1.0,1.0,1.0,1.0,1.0,1.0,1.0
870,85ee18c706cf5966,True,1.0,0.0,0.0,1.0,1.0,1.0,0.0
871,b32ef3cb010c5903,True,1.0,1.0,0.9660652121763723,1.0,1.0,1.0,0.9858605050734885
872,fd001bff97c155b3,True,1.0,0.0,0.0,1.0,1.0,1.0,0.0
873,30d90432ffb357cf,True,0.0,1.0,0.0,0.0,1.0,1.0,0.0
874,54bf100910bc5b10,True,1.0,1.0,1.0,1.0,1.0,1.0,1.0
875,0cdeb48fac9d5292,True,1.0,1.0,0.8164920673518512,1.0,1.0,1.0,0.9235383613966047
876,f5c4d4a66e13514d,True,1.0,1.0,0.7942900968124679,1.0,1.0,1.0,0.9142875403385283
877,d130c508fb26575e,True,1.0,1.0,0.8258545473912932,1.0,1.0,1.0,0.9274393947463722
878,3b8bc6ec37105767,True,1.0,1.0,1.0,1.0,1.0,1.0,1.0
879,7758c231f45d51de,True,1.0,1.0,0.8642948098881866,1.0,1.0,1.0,0.9434561707867445
880,33cdc99603ed57b9,True,1.0,1.0,1.0,0.0,1.0,1.0,0.5833333333333334
881,2150cda2905d51ca,True,1.0,1.0,1.0,1.0,1.0,1.0,1.0
882,69153018527e5315,True,1.0,1.0,0.9317366971769203,1.0,1.0,1.0,0.9715569571570501
883,9bd12765d98b514f,True,0.0,1.0,0.0,0.0,1.0,1.0,0.0
884,1b7b7697be9c5dc5,True,1.0,0.0,0.0,1.0,1.0,1.0,0.0
885,f7b7dcf856ce587d,True,0.0,1.0,0.0,0.0,1.0,1.0,0.0
886,39752b75d70d5458,True,0.0,1.0,0.0,0.0,1.0,1.0,0.0
887,ba2ebab05dfd523e,True,1.0,0.0,0.0,1.0,1.0,1.0,0.0
888,e5fb0daef05956f0,True,1.0,1.0,0.9462681287711907,1.0,1.0,1.0,0.9776117203213296
889,afb6f330e8665731,True,1.0,0.0,0.0,1.0,1.0,1.0,0.0
890,df2ff4c2c9785df6,True,1.0,1.0,0.776488752585029,1.0,1.0,1.0,0.9068703135770955
891,1f6d3d52a6685c15,True,1.0,1.0,0.9068551936742361,1.0,1.0,1.0,0.9611896640309316
892,e3d7979e2cfb5441,True,0.0,1.0,0.0,0.0,1.0,1.0,0.0
893,fa7793ced9cc559e,True,0.0,1.0,0.0,0.0,1.0,0.5,0.0
894,f625dafc811b5c1f,True,1.0,1.0,0.7068386588760828,1.0,1.0,1.0,0.8778494411983678
895,0a51eb8adf8e5391,True,1.0,1.0,0.6467359202634868,1.0,1.0,1.0,0.8528066334431195
896,e6b7dddf4ae95fea,True,1.0,1.0,0.9104844982271386,1.0,1.0,1.0,0.9627018742613078
897,467a4f14137a5910,True,0.0,1.0,0.0,0.0,1.0,1.0,0.0
898,537935a8e7b653f2,True,1.0,1.0,0.4536353972279646,1.0,1.0,0.5,0.7723480821783185
899,e54bb40453165fac,True,1.0,1.0,1.0,1.0,1.0,1.0,1.0
900,f39db68736425365,True,1.0,1.0,0.8193262496246029,1.0,1.0,1.0,0.9247192706769178
901,8413eaf2b8e45e3b,True,0.5,1.0,0.42394216631274556,0.0,1.0,1.0,0.171654617981822
902,77f0818999145e8f,True,1.0,1.0,1.0,0.0,1.0,1.0,0.5833333333333334
903,6a2adb1da8dd53f3,True,1.0,1.0,0.8350771785606015,1.0,1.0,1.0,0.9312821577335839
904,f5d967a1fedb5e3b,True,1.0,1.0,0.9749619884915646,0.0,1.0,1.0,0.5729008285381519
905,9b7108902e7158d6,True,1.0,1.0,1.0,0.0,1.0,0.0,0.5833333333333334
906,48321ca34be254e5,True,1.0,1.0,1.0,0.0,1.0,1.0,0.5833333333333334
907,04674da1553352ad,True,1.0,1.0,1.0,1.0,1.0,1.0,1.0
908,601eee0a0e2d52a3,True,1.0,1.0,1.0,1.0,1.0,1.0,1.0
909,6872fa29d1345d03,True,1.0,1.0,0.9649189431498213,1.0,1.0,1.0,0.9853828929790923
910,200c447283ed50eb,True,1.0,1.0,1.0,1.0,1.0,1.0,1.0
911,961cd53fde9a5c3d,True,1.0,1.0,0.8653912883184003,0.0,1.0,1.0,0.5272463701326667
912,f518d10b147c5398,True,1.0,1.0,0.7656896426494619,1.0,1.0,1.0,0.9023706844372757
913,ff8fade989aa5bb8,True,1.0,1.0,0.8901257934759086,1.0,1.0,1.0,0.954219080614962
914,f233f263a7e75621,True,1.0,1.0,1.0,0.0,1.0,1.0,0.5833333333333334
915,fd3b8f88745c5c2d,True,1.0,1.0,1.0,0.0,1.0,1.0,0.5833333333333334
916,58dd10abb9ba5388,True,1.0,0.0,0.0,1.0,1.0,1.0,0.0
917,b094018eef175a6b,True,1.0,1.0,0.7633162343687857,1.0,1.0,1.0,0.9013817643203273
918,143420292ce554f6,True,1.0,1.0,1.0,1.0,1.0,1.0,1.0
919,d56e3d307eb8525a,True,1.0,1.0,1.0,1.0,1.0,1.0,1.0
920,1987c158de8a5120,True,1.0,1.0,0.69298563405296,1.0,1.0,1.0,0.8720773475220667
921,0b57b00279885fd4,True,1.0,1.0,1.0,1.0,1.0,1.0,1.0
922,7fd97ff49f5b5761,True,1.0,1.0,0.7417840253366952,1.0,1.0,1.0,0.8924100105569565
923,cf7876c4ad0752b5,True,0.0,1.0,0.0,0.0,1.0,1.0,0.0
924,b5d0bfdf09375423,True,1.0,1.0,1.0,1.0,1.0,1.0,1.0
925,08c1c8fbe5435208,True,1.0,1.0,1.0,0.0,1.0,1.0,0.5833333333333334
926,40ee16c17fc05cfb,True,1.0,1.0,0.6430764228183005,1.0,1.0,1.0,0.8512818428409585
927,e917a198bd9757a4,True,0.0,1.0,0.0,0.0,1.0,1.0,0.0
928,777cf50be27a5d4b,True,1.0,1.0,0.7723411395226316,1.0,1.0,1.0,0.9051421414677631
929,d444aa6b0d4a5573,True,1.0,1.0,0.7136976205955189,1.0,1.0,1.0,0.8807073419147996
930,482601c870805c11,True,0.0,1.0,0.0,0.0,1.0,1.0,0.0
931,62974364debd5463,True,1.0,1.0,0.2741558870778914,1.0,1.0,1.0,0.6975649529491214
932,f6c528f78bdf593c,True,1.0,1.0,0.016235232419151015,1.0,1.0,1.0,0.5900980135079795
933,580a10ad9ad55a5d,True,1.0,1.0,0.0,1.0,1.0,1.0,0.5833333333333334
934,5ae0b5e6a95f5335,True,1.0,1.0,1.0,0.0,1.0,1.0,0.5833333333333334
935,9696a32e868259e3,True,0.5,1.0,0.6122643599491012,0.0,1.0,1.0,0.21088840832272945
936,7eab8efaacef55bb,True,1.0,0.0,0.0,1.0,1.0,0.5,0.0
937,7b7d556d563f5ac4,True,1.0,0.0,0.0,1.0,1.0,1.0,0.0
938,13cbee7dbb4853ec,True,1.0,1.0,1.0,0.0,1.0,1.0,0.5833333333333334
939,d4849a52aaa55a9f,True,1.0,1.0,1.0,1.0,1.0,1.0,1.0
940,d2fbab8bed795b5a,True,1.0,1.0,1.0,1.0,1.0,1.0,1.0
941,0ae7ba2fd0f95d17,True,1.0,1.0,0.8949252786193959,1.0,1.0,1.0,0.9562188660914149
942,e5e00457df055e1a,True,1.0,1.0,1.0,1.0,1.0,1.0,1.0
943,ea8ce810e307587d,True,1.0,1.0,0.7634889615741557,1.0,1.0,1.0,0.9014537339892316
944,804236dcfffa523e,True,1.0,1.0,0.7908728431683529,1.0,1.0,1.0,0.9128636846534803
945,6a833f3690205bac,True,1.0,1.0,0.773833055623181,1.0,1.0,1.0,0.9057637731763254
946,5bb280e3aebe5a67,True,1.0,1.0,0.7224945678805945,1.0,1.0,1.0,0.8843727366169144
947,3a54e9d3717d5760,True,1.0,1.0,0.8334095044573929,1.0,1.0,1.0,0.9305872935239137
948,d392c806c0605f72,True,1.0,1.0,0.7475672366114922,1.0,1.0,1.0,0.894819681921455
949,2ead0bb5e6705b4a,True,1.0,0.0,0.0,1.0,1.0,1.0,0.0
950,49a53d11de6d5b1d,True,0.0,0.0,0.0,0.0,1.0,0.0,0.0
951,bc85f0c7a2305ef5,True,1.0,0.0,0.0,1.0,1.0,1.0,0.0
952,2f2caab982ad5739,True,1.0,1.0,1.0,1.0,1.0,1.0,1.0
953,9e04987475e85dd5,True,1.0,1.0,0.8369274909284984,1.0,1.0,1.0,0.9320531212202076
954,1682c020a94054fa,True,1.0,0.0,0.0,1.0,1.0,0.5,0.0
955,3266d9113ede5f3c,True,1.0,0.0,0.0,1.0,1.0,1.0,0.0
956,01da0653d99c5903,True,1.0,1.0,1.0,0.0,1.0,1.0,0.5833333333333334
957,980f649f5cef5434,True,1.0,1.0,1.0,1.0,1.0,1.0,1.0
958,8db7275969855f22,True,1.0,1.0,1.0,1.0,1.0,1.0,1.0
959,61c31afab34d5e94,True,1.0,1.0,0.8908131630226592,1.0,1.0,1.0,0.9545054845927746
960,b5be2c625dcf54e2,True,1.0,1.0,0.7748703616097794,1.0,1.0,1.0,0.9061959840040746
961,9c63c33c198e5aa9,True,1.0,1.0,0.7852988355934087,1.0,1.0,1.0,0.9105411814972536
962,0000548db87959c2,True,1.0,1.0,0.7708764911514749,0.0,1.0,1.0,0.48786520464644784
963,a61b9afbe5d857b1,True,1.0,1.0,0.5868444635290799,1.0,1.0,1.0,0.8278518598037833
964,08fcb3344bea538d,True,1.0,1.0,0.7956744714999862,1.0,1.0,1.0,0.9148643631249942
965,1b5606e475d554f7,True,1.0,1.0,0.9351014958749585,1.0,1.0,1.0,0.9729589566145661
966,75570ebf4f3551c1,True,1.0,1.0,0.7574190577876077,1.0,1.0,1.0,0.8989246074115033
967,cba63a3ef5bc51b3,True,1.0,1.0,1.0,0.0,1.0,1.0,0.5833333333333334
968,8f105ffb008c5801,True,1.0,1.0,1.0,1.0,1.0,1.0,1.0
969,66129006472354e7,True,1.0,1.0,0.8276007525785283,1.0,1.0,1.0,0.9281669802410534
970,de49d859c60758e9,True,1.0,1.0,0.8669884042018156,1.0,1.0,1.0,0.9445785017507564
971,d753a5379cc15b69,True,1.0,1.0,0.797233037995991,1.0,1.0,1.0,0.9155137658316629
972,9d6eac20a6fb5cd9,True,1.0,1.0,1.0,1.0,1.0,0.5,1.0
973,ca5969a1b0775849,True,0.0,1.0,0.0,0.0,1.0,1.0,0.0
974,b8554777b68750e7,True,1.0,1.0,0.8076835671546375,0.0,1.0,1.0,0.5032014863144323
975,5e74b6a61b715f47,True,0.0,1.0,0.0,0.0,1.0,1.0,0.0
976,239e3ed3199d5ae6,True,1.0,1.0,0.9806903618398183,1.0,1.0,1.0,0.9919543174332576
977,c719960a45715a9c,True,1.0,1.0,0.8451067017284717,1.0,1.0,1.0,0.9354611257201966
978,1ea920764abe5dcb,True,1.0,0.0,0.0,1.0,1.0,0.5,0.0
979,b46f5915049e52a5,True,1.0,1.0,0.991825046616973,1.0,1.0,1.0,0.9965937694237388
980,35d07990fee95985,True,0.0,1.0,0.0,0.0,1.0,1.0,0.0
981,4543fc207fbb553e,True,1.0,1.0,0.8230407798666646,1.0,1.0,1.0,0.9262669916111103
982,6123057c78785150,True,1.0,1.0,1.0,1.0,1.0,1.0,1.0
983,06b2df49f0455bd0,True,1.0,1.0,0.7050283668910662,1.0,1.0,1.0,0.8770951528712776
984,8113ea1b58245172,True,1.0,1.0,0.9553202502357164,1.0,1.0,1.0,0.9813834375982152
985,320446eca62c59fe,True,1.0,1.0,0.7172645497859375,1.0,1.0,0.5,0.8821935624108073
986,2d1f929350f65cdc,True,1.0,1.0,0.8348435806188739,1.0,1.0,1.0,0.9311848252578642
987,47e005481cf0579d,True,1.0,1.0,0.8103833451282966,1.0,1.0,1.0,0.9209930604701236
988,926ea834d8f256d5,True,1.0,1.0,0.8495327195932891,1.0,1.0,1.0,0.9373052998305371
989,6e738f032ad75169,True,1.0,1.0,0.7814079844893159,1.0,1.0,1.0,0.9089199935372149
990,dd32aebcb8e6550e,True,1.0,1.0,0.7653788521677245,1.0,1.0,1.0,0.9022411884032185
991,637b2eb74b0d5144,True,1.0,1.0,0.5228520944928722,1.0,1.0,0.5,0.8011883727053634
992,6c62956221e4511e,True,1.0,1.0,0.9710457602927973,1.0,1.0,1.0,0.9879357334553323
993,b61a73309da75ac3,True,1.0,1.0,0.8128116609625351,1.0,1.0,1.0,0.9220048587343896
994,a1493423e0d1521c,True,0.0,1.0,0.0,0.0,1.0,1.0,0.0
995,6ce7347fb53b5d83,True,0.5,0.0,0.0,0.0,1.0,1.0,0.0
996,00c6aecefec9576c,True,1.0,1.0,0.8935278986631432,1.0,1.0,1.0,0.9556366244429763
997,0dc54a8c8203567b,True,1.0,0.0,0.0,1.0,1.0,1.0,0.0
998,e8850900bade58f6,True,1.0,1.0,1.0,1.0,1.0,1.0,1.0
999,94d209006f485164,True,1.0,0.0,0.0,1.0,1.0,1.0,0.0
1000,da6d3b6810995466,True,1.0,0.0,0.0,1.0,1.0,1.0,0.0
1001,de18caace4a351b6,True,1.0,1.0,0.824084445522808,0.0,1.0,1.0,0.5100351856345033
1002,993d17cce2685b9a,True,1.0,1.0,0.8109198874774999,1.0,1.0,1.0,0.9212166197822915
1003,13b9787d163b5072,True,1.0,1.0,0.5991544995815048,1.0,1.0,1.0,0.8329810414922937
1004,c53328cc0fb15f17,True,1.0,1.0,0.9938456683846695,1.0,1.0,1.0,0.997435695160279
1005,a9152eadc70058ba,True,1.0,1.0,1.0,1.0,1.0,1.0,1.0
1006,ba58a70fcf8e5c64,True,1.0,0.0,0.0,1.0,1.0,1.0,0.0
1007,a8c150e293ac5bd3,True,1.0,1.0,0.7737701253123963,1.0,1.0,1.0,0.9057375522134984
1008,f1ef98a6ff94525c,True,1.0,1.0,1.0,1.0,1.0,1.0,1.0
1009,cd16888f31015b81,True,1.0,1.0,1.0,1.0,1.0,0.5,1.0
1010,4dd9f8881881500d,True,1.0,1.0,1.0,1.0,1.0,1.0,1.0
1011,ecaca52a9b295117,True,1.0,1.0,1.0,1.0,1.0,1.0,1.0
1012,278885f077d65d53,True,1.0,1.0,0.7280095954825755,0.0,1.0,1.0,0.47000399811773974
1013,04e3f71d6bc15d1e,True,1.0,1.0,1.0,0.0,1.0,1.0,0.5833333333333334
1014,3c58a86242fe5671,True,1.0,1.0,1.0,1.0,1.0,1.0,1.0
1015,e24e2c91fb5759dc,True,1.0,1.0,0.8276876469844369,1.0,1.0,1.0,0.9282031862435153
1016,8b83388ca9005cf1,True,1.0,1.0,0.838576877134574,1.0,1.0,1.0,0.9327403654727391
1017,353988b87d995f68,True,1.0,1.0,0.8213072054462702,1.0,1.0,1.0,0.925544668935946
1018,e9645135a4fe5739,True,1.0,1.0,0.910274596211494,1.0,1.0,1.0,0.9626144150881224
1019,522894525b4e5168,True,1.0,0.0,0.0,1.0,1.0,1.0,0.0
1020,cc4bccf7f7175ea3,True,1.0,1.0,0.7441897165258103,1.0,1.0,1.0,0.8934123818857543
1021,741ee8b9ea3059a5,True,1.0,1.0,1.0,1.0,1.0,1.0,1.0
1022,c940e807dd6b53c8,True,1.0,1.0,0.7330828353951552,1.0,1.0,1.0,0.8887845147479814
1023,60021a9f6c585c16,True,1.0,1.0,0.8987885226065309,1.0,1.0,1.0,0.9578285510860546
1024,3486294123695bed,True,1.0,0.0,0.0,1.0,1.0,1.0,0.0
1025,07dd30b182de5fa5,True,1.0,1.0,0.6326783104725738,1.0,1.0,1.0,0.846949296030239
1026,a4f4a240e54e56b2,True,1.0,1.0,1.0,1.0,1.0,1.0,1.0
1027,ff4f691f82915561,True,1.0,1.0,0.8389254380800234,1.0,1.0,1.0,0.9328855992000097
1028,6df89719fce05527,True,1.0,1.0,0.9439506554570857,1.0,1.0,1.0,0.9766461064404522
1029,927b73fea33f5218,True,1.0,1.0,0.9396551748807068,1.0,1.0,1.0,0.9748563228669612
1030,26af85cbc2d15e05,True,0.5,1.0,0.4569475863211188,0.0,1.0,1.0,0.1785307471502331
1031,0093ff0188ea5b90,True,1.0,1.0,1.0,1.0,1.0,1.0,1.0
1032,3e1e7bc23c515108,True,1.0,1.0,0.05261937043815921,1.0,1.0,1.0,0.6052580710158997
1033,e61e8cbd0df957f0,True,1.0,1.0,1.0,1.0,1.0,1.0,1.0
1034,3c448f4385bf58e1,True,1.0,1.0,1.0,1.0,1.0,1.0,1.0
1035,3257b4f1ac7e5b62,True,1.0,1.0,0.62224937864774,1.0,1.0,1.0,0.8426039077698917
1036,da2fb85306b2560c,True,1.0,1.0,0.7297603467270171,1.0,1.0,1.0,0.8874001444695905
1037,6740833c5f9d571a,True,1.0,1.0,0.8216343080549263,1.0,1.0,1.0,0.9256809616895527
1038,c69051fe82a95f3c,True,1.0,1.0,0.5499024288990588,1.0,1.0,1.0,0.812459345374608
1039,4fc373052fb55899,True,0.0,1.0,0.0,0.0,1.0,0.5,0.0
1040,4a4a11299e125c20,True,1.0,1.0,0.6864900199802185,1.0,1.0,1.0,0.8693708416584244
1041,fac7dc214370509e,True,1.0,1.0,1.0,1.0,1.0,1.0,1.0
1042,986ebb8642ae5b64,True,1.0,1.0,0.8474678434887573,1.0,1.0,1.0,0.9364449347869822
1043,8867ae193b7a5ba8,True,1.0,1.0,0.9695297751052397,1.0,1.0,1.0,0.9873040729605166
1044,32d85d373126537e,True,1.0,1.0,1.0,1.0,1.0,1.0,1.0
1045,1eed252c6ca25157,True,1.0,1.0,0.8058456579595158,1.0,1.0,1.0,0.9191023574831316
1046,8c731225bf685391,True,1.0,1.0,0.8648715713939666,1.0,1.0,1.0,0.9436964880808194
1047,4434242a192c58b4,True,1.0,0.0,0.0,0.0,1.0,1.0,0.0
1048,2ad04beca6e65771,True,1.0,1.0,0.6541317381134588,1.0,1.0,1.0,0.8558882242139413
1049,210a2cd8efe051af,True,1.0,1.0,0.8163689444594919,1.0,1.0,1.0,0.923487060191455
1050,110bec4c6d2153d7,True,1.0,1.0,0.8972800558386859,1.0,1.0,1.0,0.9572000232661191
1051,5971485918d155dd,True,1.0,1.0,1.0,1.0,1.0,1.0,1.0
1052,d1861adbe9ff5581,True,1.0,1.0,1.0,1.0,1.0,1.0,1.0
1053,31cda9ad4b8257b9,True,1.0,1.0,1.0,0.0,1.0,1.0,0.5833333333333334
1054,f79b805ec2435c98,True,1.0,1.0,1.0,1.0,1.0,1.0,1.0
1055,2072f71b7e8f5ece,True,1.0,1.0,0.5914348008854047,1.0,1.0,1.0,0.8297645003689187
1056,ae5377e5ebf65f45,True,1.0,1.0,0.8692970646004862,1.0,1.0,1.0,0.9455404435835358
1057,ba72861df9725061,True,1.0,1.0,1.0,1.0,1.0,1.0,1.0
1058,31960634eefb5d47,True,1.0,1.0,0.8914317222891587,1.0,1.0,1.0,0.9547632176204828
1059,0777f5a7263758be,True,1.0,1.0,1.0,1.0,1.0,1.0,1.0
1060,c240593c969a5cfc,True,1.0,1.0,1.0,1.0,1.0,1.0,1.0
1061,5a12337425265ea1,True,1.0,1.0,0.9306844934307522,1.0,1.0,1.0,0.97111853892948
1062,c96b4de8d3d55287,True,1.0,1.0,0.8661924748050025,1.0,1.0,1.0,0.9442468645020844
1063,9b0b6d3472465b35,True,1.0,1.0,1.0,1.0,1.0,1.0,1.0
1064,a8245437ee3d5dd7,True,1.0,0.0,0.0,1.0,1.0,0.0,0.0
1065,15b25b99cf2d5965,True,1.0,1.0,0.8579740388434092,1.0,1.0,1.0,0.9408225161847538
1066,a7f5d22750b75466,True,0.0,1.0,0.0,0.0,1.0,1.0,0.0
1067,e00c640657fb5895,True,1.0,1.0,0.8893270125094898,1.0,1.0,1.0,0.9538862552122874
1068,b86c171d4a9d51e3,True,0.0,1.0,0.0,0.0,1.0,1.0,0.0
1069,3afcfc58857f5790,True,1.0,1.0,1.0,1.0,1.0,1.0,1.0
1070,82ab6983691a5599,True,1.0,1.0,1.0,1.0,1.0,1.0,1.0
1071,6498149e85ef5b8d,True,1.0,1.0,1.0,1.0,1.0,1.0,1.0
1072,8135a67aa74e586c,True,1.0,0.0,0.0,1.0,1.0,1.0,0.0
1073,29518f7a31945a13,True,1.0,1.0,0.9067385498176987,1.0,1.0,1.0,0.9611410624240412
1074,bca2f135ebf4542c,True,1.0,1.0,0.528547045828027,1.0,1.0,1.0,0.8035612690950114
1075,0d77009a20f25175,True,1.0,1.0,0.6686032584923359,1.0,1.0,1.0,0.8619180243718066
1076,5dc491914c6a595f,True,1.0,0.0,0.0,1.0,1.0,1.0,0.0
1077,e23fdb8f34b35d20,True,1.0,1.0,0.781146928609086,1.0,1.0,1.0,0.9088112202537859
1078,3fe4d3672285579c,True,1.0,1.0,0.9756334121922474,1.0,1.0,1.0,0.9898472550801031
1079,6326d00e52115da4,True,1.0,1.0,0.0397190745600948,1.0,1.0,1.0,0.5998829477333728
1080,1935e5d682ff5981,True,1.0,1.0,0.8208622367222516,1.0,1.0,1.0,0.9253592653009383
1081,785a51e5263b5bec,True,1.0,1.0,0.891898790371958,1.0,1.0,1.0,0.9549578293216491
1082,6c3a055d6ac15aa9,True,1.0,1.0,0.8366588226038931,1.0,1.0,1.0,0.9319411760849555
1083,502fadfdde3554b2,True,1.0,1.0,0.4433214992131252,1.0,1.0,1.0,0.7680506246721355
1084,8fc0b7212263588f,True,1.0,1.0,0.9842711053499968,1.0,1.0,1.0,0.993446293895832
1085,6469176632cf52a0,True,1.0,1.0,0.8950817047649685,1.0,1.0,1.0,0.9562840436520702
1086,95733bb0b55e5d5f,True,1.0,1.0,0.6882979180081947,1.0,1.0,1.0,0.8701241325034145
1087,25dbdd29ce325538,True,0.0,1.0,0.0,0.0,1.0,1.0,0.0
1088,db36572d530a5ed3,True,1.0,1.0,0.7373011125872782,1.0,1.0,1.0,0.8905421302446993
1089,81a726148d245594,True,1.0,1.0,0.8038923759477348,1.0,1.0,1.0,0.9182884899782229
1090,ad84af7b33615884,True,1.0,1.0,1.0,1.0,1.0,0.0,1.0
1091,d54eba5510dc5469,True,1.0,1.0,0.9438866243132711,1.0,1.0,1.0,0.9766194267971963
1092,48e9a54281845595,True,1.0,0.0,0.0,0.0,1.0,0.5,0.0
1093,bef85b7ac1dc5207,True,1.0,1.0,0.28446843337617805,1.0,1.0,1.0,0.7018618472400742
1094,92c920c643695ff3,True,1.0,1.0,0.8288756274003235,1.0,1.0,1.0,0.9286981780834681
1095,fe2270288c1d5628,True,1.0,1.0,0.9303167862976603,1.0,1.0,0.0,0.9709653276240252
1096,60b09bc0e48c5d97,True,1.0,1.0,1.0,1.0,1.0,1.0,1.0
1097,5016d5a7a87a538d,True,1.0,1.0,0.833761742615585,1.0,1.0,1.0,0.9307340594231605
1098,b8de09ba44a054df,True,1.0,0.0,0.0,1.0,1.0,1.0,0.0
1099,4ceb0bc19e0f57d5,True,1.0,0.0,0.0,1.0,1.0,1.0,0.0
1100,83212ddd15375812,True,1.0,1.0,1.0,1.0,1.0,1.0,1.0
1101,4fabf8c780005e4f,True,1.0,1.0,1.0,1.0,1.0,1.0,1.0
1102,b48c29fc1bd15ca0,True,1.0,1.0,0.9235987451524524,1.0,1.0,1.0,0.9681661438135217
1103,a0ff6ccbf156551f,True,1.0,1.0,1.0,0.0,1.0,1.0,0.5833333333333334
1104,8e2d1588daa3536f,True,1.0,1.0,0.9283210112389432,1.0,1.0,1.0,0.9701337546828931
1105,d15124ba09f35a70,True,1.0,1.0,0.9960716920736206,1.0,1.0,1.0,0.9983632050306751
1106,b7c371d55ca65cf8,True,1.0,1.0,0.8170021094250796,1.0,1.0,1.0,0.9237508789271165
1107,542304e2baf25357,True,1.0,1.0,0.9868418290686088,1.0,1.0,1.0,0.994517428778587
1108,690e07e19bf55c7c,True,1.0,1.0,0.7449088565130185,1.0,1.0,1.0,0.8937120235470911
1109,e0f45205e41155ed,True,0.0,1.0,0.0,0.0,1.0,1.0,0.0
1110,e15cc5e1d2f85a26,True,0.0,1.0,0.0,0.0,1.0,1.0,0.0
1111,952c1875f64057b9,True,1.0,1.0,0.8253763441753285,1.0,1.0,1.0,0.9272401434063869
1112,e7da21c4ef4a5e3f,True,0.0,1.0,0.0,0.0,1.0,1.0,0.0
1113,93512ae1de725307,True,1.0,1.0,1.0,1.0,1.0,1.0,1.0
1114,ed166d61f7435477,True,1.0,1.0,0.6687687625404406,1.0,1.0,1.0,0.8619869843918503
1115,8cd3ad22a81c52b6,True,1.0,1.0,1.0,0.0,1.0,1.0,0.5833333333333334
1116,58b0a1db2a145780,True,1.0,1.0,1.0,1.0,1.0,1.0,1.0
1117,a7cf529d15425b63,True,1.0,1.0,1.0,1.0,1.0,1.0,1.0
1118,dec6932758755596,True,1.0,0.0,0.0,1.0,1.0,1.0,0.0
1119,868e873c94b75b38,True,1.0,1.0,0.8835047130862803,1.0,1.0,1.0,0.9514602971192835
1120,2c1f43c6b93c5952,True,1.0,1.0,0.8705792559308512,1.0,1.0,1.0,0.946074689971188
1121,f3f0ebe8d9185b69,True,1.0,1.0,0.7233149509940964,1.0,1.0,1.0,0.8847145629142069
1122,c13f0e8db9b15c69,True,0.0,1.0,0.0,0.0,1.0,1.0,0.0
1123,da026eb9dcf75339,True,1.0,1.0,0.6291496882988601,1.0,1.0,1.0,0.8454790367911916
1124,e03da8beb33a5e06,True,1.0,1.0,1.0,1.0,1.0,1.0,1.0
1125,2ccebcdb0da25be5,True,1.0,1.0,1.0,1.0,1.0,0.0,1.0
1126,29be20efdac25f74,True,1.0,1.0,0.6967607656943259,1.0,1.0,1.0,0.8736503190393025
1127,f749ff64838c5664,True,1.0,0.0,0.0,1.0,1.0,1.0,0.0
1128,a62a20e735805039,True,1.0,1.0,0.705112113475411,1.0,1.0,1.0,0.8771300472814213
1129,3c93f87b0bb0561d,True,1.0,1.0,0.46536198487493036,1.0,1.0,1.0,0.7772341603645544
1130,f65f43d44343500b,True,1.0,1.0,0.5723038890492846,1.0,1.0,1.0,0.8217932871038686
1131,657ea52878935352,True,1.0,1.0,0.625837554126178,1.0,1.0,1.0,0.8440989808859075
1132,05ee09cb75205555,True,1.0,1.0,1.0,1.0,1.0,1.0,1.0
1133,277c6ebd67da5320,True,1.0,1.0,0.8581740820291163,1.0,1.0,1.0,0.9409058675121318
1134,91aeae3843455c34,True,1.0,1.0,1.0,1.0,1.0,1.0,1.0
1135,66cd30f395c45537,True,1.0,1.0,0.7675349878081105,1.0,1.0,1.0,0.9031395782533793
1136,eb3c2a16d549564a,True,1.0,0.0,0.0,1.0,1.0,0.5,0.0
1137,561ac555b4a85edc,True,1.0,1.0,0.948815100647878,0.0,1.0,1.0,0.5620062919366159
1138,b989e46aae3a5332,True,1.0,1.0,1.0,1.0,1.0,1.0,1.0
1139,5ca7353cbe4a5cf7,True,1.0,1.0,1.0,0.0,1.0,1.0,0.5833333333333334
1140,f6a5c2b1f50d5afc,True,1.0,1.0,0.9381769738978535,1.0,1.0,1.0,0.9742404057907722
1141,43e7125800a6532c,True,1.0,1.0,0.8745914609896841,1.0,1.0,1.0,0.9477464420790351
1142,a259460cd13f55c2,True,1.0,1.0,0.9231443904337193,1.0,1.0,1.0,0.967976829347383
1143,1ed850327b905ebd,True,1.0,1.0,0.8084344771060024,1.0,1.0,1.0,0.920181032127501
1144,72781f1cbd405769,True,1.0,1.0,0.5581682755790955,1.0,1.0,1.0,0.8159034481579566
1145,862378e4a52553be,True,1.0,1.0,0.8563272174425708,1.0,1.0,1.0,0.9401363406010711
1146,dd162898ecf351d4,True,0.0,1.0,0.0,0.0,1.0,1.0,0.0
1147,1a5f614c9b815e92,True,1.0,1.0,1.0,0.0,1.0,1.0,0.5833333333333334
1148,581b5ae61b1c569d,True,0.0,1.0,0.0,0.0,1.0,1.0,0.0
1149,ad568870afa55435,True,1.0,1.0,0.843174258298818,1.0,1.0,1.0,0.9346559409578408
1150,7984326209765d68,True,1.0,1.0,1.0,0.0,1.0,1.0,0.5833333333333334
1151,11714a81e1c45a54,True,1.0,1.0,1.0,1.0,1.0,1.0,1.0
1152,12fac37cef195384,True,1.0,1.0,0.9021539428315879,1.0,1.0,1.0,0.9592308095131616
1153,10f15e844ab15831,True,1.0,1.0,0.9119879652515667,1.0,1.0,1.0,0.9633283188548195
1154,a4778444628f5c49,True,0.0,1.0,0.0,0.0,1.0,1.0,0.0
1155,c308037e34c45bed,True,1.0,1.0,0.9758161076690314,1.0,1.0,1.0,0.9899233781954297
1156,dc7dda8b400157ef,True,0.0,1.0,0.0,0.0,1.0,1.0,0.0
1157,808e5edcddce51c3,True,1.0,1.0,1.0,1.0,1.0,1.0,1.0
1158,7cee421600545b00,True,1.0,1.0,0.7428718669467406,1.0,1.0,0.5,0.8928632778944753
1159,dbcb1f2c3979500d,True,1.0,1.0,0.9936525934935272,1.0,1.0,1.0,0.9973552472889696
1160,a984f0459c1055d5,True,1.0,1.0,1.0,1.0,1.0,1.0,1.0
1161,f3532c4c4ad95b27,True,1.0,1.0,0.9932756279658009,1.0,1.0,1.0,0.9971981783190836
1162,48f72313812d5f53,True,1.0,0.0,0.0,1.0,1.0,1.0,0.0
1163,03ca1900f09b5d20,True,1.0,1.0,0.8544675609875244,1.0,1.0,1.0,0.9393614837448018
1164,d02d0643d42c5d91,True,0.5,0.0,0.0,0.0,1.0,1.0,0.0
1165,c65cb00fba005ab1,True,1.0,1.0,0.9652597108010164,1.0,1.0,1.0,0.9855248795004234
1166,817f460a4ad7577a,True,0.0,1.0,0.0,0.0,1.0,1.0,0.0
1167,6eac35cd4c6e53b0,True,1.0,1.0,0.026666913482899235,1.0,1.0,1.0,0.5944445472845413
1168,4c59eeddd50e5866,True,1.0,0.0,0.0,1.0,1.0,1.0,0.0
1169,8aaf40c869ca574f,True,1.0,1.0,0.941120465071304,1.0,1.0,1.0,0.9754668604463766
1170,223d02be29c65e81,True,1.0,0.0,0.0,1.0,1.0,1.0,0.0
1171,70b89bff643e5ef0,True,1.0,1.0,1.0,1.0,1.0,1.0,1.0
1172,ddd3fc0cf919567b,True,1.0,1.0,0.14236641457533383,1.0,1.0,1.0,0.6426526727397225
1173,29d3a233b1915c1a,True,1.0,1.0,0.8574155390431082,1.0,1.0,1.0,0.9405898079346283
1174,217307a367fd551a,True,1.0,1.0,0.9158675679966213,0.0,1.0,1.0,0.5482781533319255
1175,d2b6dcd76085519e,True,1.0,1.0,0.7270191773489021,1.0,1.0,1.0,0.8862579905620426
1176,6929a902435e56b0,True,1.0,1.0,0.7683116804399834,1.0,1.0,1.0,0.9034632001833264
1177,ab1fd108d5885b58,True,1.0,1.0,1.0,1.0,1.0,0.0,1.0
1178,87b8587f94c5549a,True,0.0,1.0,0.0,0.0,1.0,1.0,0.0
1179,b0aa550f818f52a0,True,1.0,0.0,0.0,1.0,1.0,1.0,0.0
1180,36e3e0f9a589578d,True,1.0,1.0,0.7047888991979789,1.0,1.0,0.5,0.8769953746658246
1181,6360aa4dd01151c3,True,1.0,0.0,0.0,1.0,1.0,1.0,0.0
1182,42dc421e37c154e5,True,1.0,1.0,1.0,1.0,1.0,1.0,1.0
1183,b5b422189a075a27,True,1.0,1.0,0.8205083964037434,1.0,1.0,1.0,0.9252118318348931
1184,76d34ae8c95156b2,True,1.0,1.0,1.0,1.0,1.0,1.0,1.0
1185,ce978770a87253c8,True,1.0,1.0,1.0,1.0,1.0,1.0,1.0
1186,1b2bf4aef1465325,True,1.0,1.0,0.7605546975536521,1.0,1.0,1.0,0.9002311239806883
1187,0fd48798118057f7,True,1.0,1.0,0.4732859122306933,1.0,1.0,1.0,0.780535796762789
1188,173b456bbf29598f,True,0.0,1.0,0.0,0.0,1.0,1.0,0.0
1189,39fd7cb73aa259db,True,1.0,1.0,0.9631609433472438,1.0,1.0,1.0,0.9846503930613516
1190,1fc2b1630a0e5c53,True,1.0,0.0,0.0,0.0,1.0,0.0,0.0
1191,7231c4ecc0395010,True,1.0,1.0,0.7551340013504978,1.0,1.0,1.0,0.8979725005627074
1192,5f78b2fcada85eef,True,1.0,1.0,0.9156490332240581,1.0,1.0,1.0,0.9648537638433575
1193,4eff4682a7795fe1,True,0.0,1.0,0.0,0.0,1.0,1.0,0.0
1194,ee7a9468bd475205,True,1.0,1.0,0.7616918969907651,1.0,1.0,1.0,0.9007049570794855
1195,92aee2a7b815565f,True,1.0,1.0,0.5227990107660928,1.0,1.0,1.0,0.8011662544858721
1196,85005d733df9577f,True,1.0,1.0,1.0,1.0,1.0,1.0,1.0
1197,c8b422346e1f5252,True,1.0,1.0,1.0,1.0,1.0,1.0,1.0
1198,6f7355de329659f2,True,1.0,1.0,0.910431106891906,1.0,1.0,1.0,0.9626796278716275
1199,d9c700e9e21b50ba,True,1.0,1.0,0.8607842545021808,1.0,1.0,1.0,0.9419934393759086
1200,e11091e5742d545b,True,1.0,1.0,0.35604625979956234,1.0,1.0,1.0,0.731685941583151
1201,69e8fff107b05199,True,1.0,0.0,0.0,1.0,1.0,0.5,0.0
1202,23d0ae8aedf8537b,True,1.0,1.0,1.0,1.0,1.0,1.0,1.0
1203,05c6edc5f05c5932,True,1.0,1.0,0.8117764177676886,1.0,1.0,1.0,0.9215735074032035
1204,eb5989e21dc35a47,True,1.0,1.0,1.0,0.0,1.0,1.0,0.5833333333333334
1205,b7784f3cdf6b5991,True,1.0,0.0,0.0,1.0,1.0,1.0,0.0
1206,d8952813d8de574d,True,1.0,1.0,0.9534732230969595,1.0,1.0,1.0,0.9806138429570664
1207,7084e524e59c50ab,True,1.0,1.0,0.9575980160829017,1.0,1.0,1.0,0.9823325067012091
1208,3af1019a97d959fa,True,1.0,1.0,1.0,1.0,1.0,1.0,1.0
1209,680c8d90658556da,True,1.0,0.0,0.0,1.0,1.0,1.0,0.0
1210,260c9a75f6e05785,True,1.0,1.0,1.0,1.0,1.0,1.0,1.0
1211,b683672d37cc5001,True,1.0,1.0,0.7238709673949019,1.0,1.0,1.0,0.8849462364145424
1212,8560e670c7865e3f,True,0.0,1.0,0.0,0.0,1.0,1.0,0.0
1213,83dd1484eb265a3c,True,1.0,1.0,1.0,1.0,1.0,1.0,1.0
1214,cbd14310b3885779,True,1.0,1.0,0.888141297975059,1.0,1.0,1.0,0.9533922074896081
1215,c844ccab55295a05,True,1.0,1.0,1.0,1.0,1.0,1.0,1.0
1216,f3c6560a01e55c94,True,1.0,1.0,1.0,1.0,1.0,1.0,1.0
1217,8fdb21d863c5504b,True,1.0,1.0,0.6993202666080487,1.0,1.0,1.0,0.8747167777533535
1218,1f248c6b5f2f5234,True,1.0,1.0,1.0,1.0,1.0,1.0,1.0
1219,7ae0a03be0c357d2,True,1.0,1.0,0.6877827427520873,1.0,1.0,1.0,0.8699094761467031
1220,77398398b6c550c2,True,1.0,1.0,0.7002400462249625,1.0,1.0,1.0,0.875100019260401
1221,594e39f9024a5835,True,1.0,1.0,0.874209580360617,1.0,1.0,1.0,0.947587325150257
1222,a55fa060a119508b,True,1.0,1.0,0.9502111865216462,1.0,1.0,1.0,0.9792546610506859
1223,5d12ad55fdd858e1,True,1.0,0.0,0.0,1.0,1.0,1.0,0.0
1224,c856f2dbe8715b80,True,1.0,1.0,1.0,1.0,1.0,1.0,1.0
1225,a75469eea7815984,True,1.0,1.0,1.0,1.0,1.0,1.0,1.0
1226,d68dba02509b50a3,True,1.0,1.0,0.8759487286520073,1.0,1.0,0.5,0.9483119702716697
1227,06f604b0d4835371,True,1.0,1.0,0.8758194688061384,1.0,1.0,1.0,0.9482581120025576
1228,ddfeb4814eba5cf8,True,1.0,1.0,1.0,1.0,1.0,1.0,1.0
1229,dd951db716735c82,True,1.0,1.0,0.8898483668930812,1.0,1.0,1.0,0.9541034862054505
1230,63d80f7499fc5784,True,1.0,1.0,1.0,1.0,1.0,1.0,1.0
1231,c928d5d9ddc25082,True,1.0,1.0,1.0,1.0,1.0,1.0,1.0
1232,a6b4447359075e54,True,1.0,1.0,0.9722877045109174,0.0,1.0,1.0,0.5717865435462156
1233,bf2c48523de254ea,True,1.0,1.0,1.0,1.0,1.0,1.0,1.0
1234,65fc12f7836f58ed,True,1.0,1.0,0.01621229809803591,1.0,1.0,1.0,0.5900884575408483
1235,aea962fd9c025957,True,1.0,0.0,0.0,1.0,1.0,1.0,0.0
1236,9839d83635495727,True,1.0,1.0,0.8665144490077151,1.0,1.0,1.0,0.9443810204198814
1237,844760894a04505a,True,1.0,1.0,1.0,0.0,1.0,1.0,0.5833333333333334
1238,61d847c3a95f5032,True,1.0,1.0,0.8864771633532141,1.0,1.0,1.0,0.9526988180638393
1239,a1eab14904fc5807,True,1.0,1.0,0.7769854531492891,1.0,1.0,1.0,0.907077272145537
1240,0715626fc800527e,True,1.0,1.0,1.0,1.0,1.0,1.0,1.0
1241,562f38636f975be4,True,1.0,1.0,1.0,1.0,1.0,1.0,1.0
1242,10657b4beeeb5461,True,1.0,1.0,1.0,1.0,1.0,1.0,1.0
1243,866e7ca97d3c5548,True,1.0,1.0,1.0,0.0,1.0,1.0,0.5833333333333334
1244,75d9973be85e50f0,True,1.0,1.0,0.943860627530207,1.0,1.0,1.0,0.976608594804253
1245,4f2ac10c0fc1566a,True,1.0,1.0,0.8039623965944508,1.0,1.0,1.0,0.9183176652476878
1246,a009893e14c75fd0,True,1.0,1.0,0.9745295179702282,1.0,1.0,1.0,0.9893872991542617
1247,5f2c3f928abe5f5b,True,1.0,1.0,0.8393471236339574,1.0,1.0,1.0,0.9330613015141488
1248,c64f55518a18575b,True,1.0,1.0,1.0,0.0,1.0,1.0,0.5833333333333334
1249,7d40448fd04e5e28,True,1.0,1.0,0.014066824104146164,1.0,1.0,1.0,0.5891945100433943
1250,f414059fffd45057,True,1.0,1.0,1.0,1.0,1.0,1.0,1.0
1251,16c38196f44751bd,True,1.0,1.0,1.0,0.0,1.0,1.0,0.5833333333333334
1252,03817943eb905452,True,1.0,1.0,1.0,1.0,1.0,1.0,1.0
1253,43066c8c8e325fcf,True,0.0,1.0,0.0,0.0,1.0,1.0,0.0
1254,bc93e095f13c54b2,True,1.0,1.0,1.0,1.0,1.0,1.0,1.0
1255,86dfdf03f928570a,True,1.0,1.0,0.9180396762486125,1.0,1.0,1.0,0.9658498651035886
1256,c77bcde9378b551c,True,1.0,0.0,0.0,1.0,1.0,0.0,0.0
1257,abbfc957d5545f53,True,1.0,1.0,0.5805933554954605,1.0,1.0,1.0,0.825247231456442
1258,3f5c9cc5b40a5ff5,True,1.0,1.0,0.43328640693671105,1.0,1.0,1.0,0.7638693362236296
1259,2e508e23f47d5f96,True,0.0,1.0,0.0,0.0,1.0,1.0,0.0
1260,daaa1858309c5938,True,1.0,1.0,1.0,1.0,1.0,1.0,1.0
1261,b7bb53ad2bb1505f,True,1.0,1.0,1.0,0.0,1.0,1.0,0.5833333333333334
1262,828b1011212253c6,True,0.0,1.0,0.0,0.0,1.0,1.0,0.0
1263,4a07aac45fc35fcf,True,1.0,0.0,0.0,1.0,1.0,1.0,0.0
1264,0bcae698fd905226,True,1.0,1.0,1.0,1.0,1.0,1.0,1.0
1265,ddc1271ea57154bc,True,1.0,1.0,1.0,1.0,1.0,1.0,1.0
1266,9cc2069263cc5e4a,True,0.0,1.0,0.0,0.0,1.0,1.0,0.0
1267,bddb70b4743352ce,True,1.0,1.0,0.9256744097807964,1.0,1.0,1.0,0.9690310040753318
1268,a5d23e7aa6265f80,True,1.0,1.0,0.8591973510887337,1.0,1.0,1.0,0.9413322296203056
1269,28926b7190705b82,True,1.0,1.0,0.8059726493187858,1.0,1.0,1.0,0.9191552705494942
1270,36be99da12575896,True,1.0,1.0,0.9333675807150235,1.0,1.0,1.0,0.9722364919645932
1271,24a09c3c8a985e8e,True,0.0,1.0,0.0,0.0,1.0,1.0,0.0
1272,b2872eb05a455f97,True,1.0,1.0,0.8057492377907098,1.0,1.0,1.0,0.9190621824127958
1273,4986d2307c895bdb,True,1.0,1.0,0.6382542486776827,1.0,1.0,1.0,0.8492726036157011
1274,005fcf3e9a125706,True,1.0,1.0,0.6956436157622068,1.0,1.0,0.5,0.8731848399009196
1275,4a29aee6f5bd5073,True,1.0,1.0,0.46165731815285904,1.0,1.0,1.0,0.775690549230358
1276,5abe25231fd05639,True,1.0,1.0,1.0,1.0,1.0,1.0,1.0
1277,9707c6cbc83556f6,True,1.0,1.0,1.0,1.0,1.0,1.0,1.0
1278,34e7c93be2465f25,True,1.0,1.0,1.0,0.0,1.0,1.0,0.5833333333333334
1279,c5ae8b49dc6b54f6,True,1.0,1.0,0.848006772465345,1.0,1.0,1.0,0.9366694885272272
1280,cd59c2696d01521a,True,1.0,1.0,0.8102506786073098,1.0,1.0,1.0,0.9209377827530458
1281,dd4e7db697465be3,True,1.0,0.0,0.0,1.0,1.0,1.0,0.0
1282,77bff1fe494e52dd,True,1.0,1.0,1.0,0.0,1.0,1.0,0.5833333333333334
1283,a9609780217c5831,True,1.0,1.0,0.7645476856283946,1.0,1.0,1.0,0.901894869011831
1284,8799520f3ff95bfc,True,1.0,1.0,0.36181787646133245,1.0,1.0,1.0,0.7340907818588885
1285,df4bfb41bc3b5ded,True,1.0,0.0,0.0,1.0,1.0,1.0,0.0
1286,8d8f5c8c6c29525c,True,1.0,0.0,0.0,1.0,1.0,1.0,0.0
1287,6233d1b3e62a5772,True,0.0,1.0,0.0,1.0,1.0,1.0,0.0
1288,18236bb0b875582d,True,1.0,1.0,1.0,1.0,1.0,1.0,1.0
1289,c9968e9ec0135b9d,True,1.0,1.0,1.0,1.0,1.0,1.0,1.0
1290,eac61acb69665f21,True,1.0,1.0,0.8267560210465201,1.0,1.0,1.0,0.9278150087693834
1291,6761ba552b3759fa,True,1.0,1.0,0.9932548454863048,1.0,1.0,1.0,0.9971895189526271
1292,8c554c3017d05e9b,True,1.0,1.0,0.9135281823971813,1.0,1.0,1.0,0.9639700759988256
1293,a2737c768a335e27,True,1.0,1.0,0.8114911105436392,1.0,1.0,1.0,0.921454629393183
1294,cdac2937953e5398,True,1.0,1.0,0.9587253542109598,1.0,1.0,1.0,0.9828022309212333
1295,4ac1bcffb2bb5010,True,1.0,1.0,1.0,0.0,1.0,1.0,0.5833333333333334
1296,e9cfc98fdc09590a,True,1.0,1.0,1.0,0.0,1.0,0.0,0.5833333333333334
1297,2e1d4bde0a16514b,True,1.0,1.0,0.92995152973131,1.0,1.0,1.0,0.9708131373880459
1298,7dfae2f3b33a5d6e,True,0.0,1.0,0.0,0.0,1.0,1.0,0.0
1299,2834297c33cd5d50,True,1.0,0.0,0.0,1.0,1.0,1.0,0.0
1300,44e882ff27ec5566,True,1.0,1.0,0.9142822176503782,1.0,1.0,1.0,0.9642842573543242
1301,943cbb2398a150b4,True,1.0,1.0,0.9503578969798598,1.0,1.0,1.0,0.9793157904082749
1302,f2e1685f07675799,True,1.0,1.0,0.9502349763655369,0.0,1.0,1.0,0.5625979068189737
1303,fd2de60bf6745e9a,True,1.0,1.0,0.941757903415833,1.0,1.0,1.0,0.9757324597565971
1304,358d973661955d68,True,1.0,1.0,1.0,0.0,1.0,0.5,0.5833333333333334
1305,b4afab5329e95368,True,1.0,1.0,0.9789644522212342,1.0,1.0,1.0,0.9912351884255143
1306,b2f320b5d94753f9,True,0.0,1.0,0.0,0.0,1.0,1.0,0.0
1307,249478c83c155093,True,1.0,1.0,0.6921740155895316,1.0,1.0,1.0,0.8717391731623048
1308,9fc116e61c8e50e8,True,1.0,1.0,1.0,1.0,1.0,1.0,1.0
1309,18649e595e7b51ab,True,1.0,1.0,1.0,0.0,1.0,1.0,0.5833333333333334
1310,b81c602d68a25e90,True,1.0,1.0,1.0,1.0,1.0,1.0,1.0
1311,88d08f76270d5e37,True,1.0,1.0,0.8984116691603473,1.0,1.0,1.0,0.9576715288168115
1312,2c439b29049252a7,True,0.0,1.0,0.0,0.0,1.0,1.0,0.0
1313,ac6b7fc70fc25a1a,True,1.0,1.0,0.6568613068277491,1.0,1.0,1.0,0.8570255445115622
1314,281798a7d40559bb,True,1.0,0.0,0.0,1.0,1.0,1.0,0.0
1315,74707039ce5550d1,True,1.0,0.0,0.0,1.0,1.0,1.0,0.0
1316,d9422fc7065e5b62,True,1.0,0.0,0.0,1.0,1.0,1.0,0.0
1317,c33832506a165cd3,True,1.0,1.0,0.7409814414266995,1.0,1.0,0.5,0.8920756005944582
1318,2ee0fbae6edc5e0d,True,1.0,1.0,1.0,1.0,1.0,1.0,1.0
1319,58911c0c8e3f5906,True,0.0,1.0,0.0,0.0,1.0,1.0,0.0
1320,132ea05c88d355ca,True,1.0,1.0,0.7829553962273436,1.0,1.0,0.5,0.9095647484280599
1321,3770407dcc67520c,True,1.0,0.0,0.0,1.0,1.0,0.5,0.0
1322,01fa845276f857c5,True,1.0,1.0,0.8352779365432452,1.0,1.0,1.0,0.931365806893019
1323,159972aee8265c33,True,1.0,0.0,0.0,1.0,1.0,1.0,0.0
1324,95f42de7bd075f88,True,1.0,0.0,0.0,1.0,1.0,1.0,0.0
1325,57730912486a5853,True,1.0,0.0,0.0,1.0,1.0,0.0,0.0
1326,a76311c957b05f8c,True,1.0,1.0,1.0,1.0,1.0,1.0,1.0
1327,4bdff78fdccd5f6d,True,1.0,1.0,1.0,1.0,1.0,1.0,1.0
1328,f863be1a4d1d5e96,True,1.0,1.0,0.8072662664637965,1.0,1.0,1.0,0.9196942776932486
1329,eb81d53204735bcc,True,1.0,1.0,0.8802010843049378,1.0,1.0,1.0,0.9500837851270575
1330,019eaadd84cb56f8,True,1.0,1.0,0.5699547714432056,1.0,1.0,1.0,0.8208144881013357
1331,86cad912457d5115,True,1.0,1.0,1.0,1.0,1.0,1.0,1.0
1332,23ee5a5b9a1a550c,True,1.0,1.0,1.0,1.0,1.0,1.0,1.0
1333,3eb063189dd15649,True,1.0,1.0,0.8202929658410634,1.0,1.0,1.0,0.925122069100443
1334,c6fc9d4d4dec5609,True,1.0,1.0,0.9310183086273562,1.0,1.0,1.0,0.9712576285947317
1335,c038901b4a0259ab,True,1.0,0.0,0.0,1.0,1.0,1.0,0.0
1336,ea9f070b56115301,True,1.0,1.0,0.9321623666962378,1.0,1.0,1.0,0.9717343194567657
1337,71729b03a1e95896,True,1.0,0.0,0.0,1.0,1.0,1.0,0.0
1338,616439dd808d57f1,True,0.5,0.0,0.0,0.0,1.0,1.0,0.0
1339,38878741cbee5e88,True,1.0,0.0,0.0,1.0,1.0,1.0,0.0
1340,4e021aea953652b9,True,1.0,1.0,0.6421922945482771,1.0,1.0,1.0,0.850913456061782
1341,1961d1075a085a1d,True,1.0,1.0,0.9449846553964361,1.0,1.0,1.0,0.977076939748515
1342,e8d7197f07635cfb,True,1.0,1.0,1.0,1.0,1.0,1.0,1.0
1343,87a70998eed25e32,True,1.0,1.0,1.0,1.0,1.0,1.0,1.0
1344,cedd32ec31e45cd9,True,1.0,0.0,0.0,1.0,1.0,0.5,0.0
1345,d607d27b421a562b,True,1.0,1.0,0.7780566383427626,1.0,1.0,1.0,0.9075235993094845
1346,8bb0f6034d505f75,True,1.0,1.0,0.7083096541079734,1.0,1.0,1.0,0.8784623558783222
1347,03143ef8f2f65a2f,True,1.0,1.0,0.02249008290720967,1.0,1.0,1.0,0.5927042012113374
1348,e64d11cc39c753ba,True,1.0,1.0,0.8917239786033155,1.0,1.0,1.0,0.9548849910847149
1349,7e76a2b3918656f9,True,1.0,1.0,0.6798493723764687,1.0,1.0,1.0,0.8666039051568619
1350,51a384b48ace570a,True,1.0,0.0,0.0,1.0,1.0,1.0,0.0
1351,62b0d1b0d5b35c44,True,0.0,0.0,0.0,0.0,1.0,1.0,0.0
1352,63f6c401c24557e1,True,1.0,1.0,0.9283270096059074,1.0,1.0,1.0,0.9701362540024614
1353,ac47687039a75848,True,1.0,1.0,1.0,1.0,1.0,1.0,1.0
1354,e3bfee2b093e5e35,True,1.0,1.0,1.0,1.0,1.0,1.0,1.0
1355,8676d43a96795310,True,1.0,1.0,0.8631628831183394,1.0,1.0,1.0,0.9429845346326414
1356,026e7b1e0e335625,True,1.0,1.0,1.0,1.0,1.0,1.0,1.0
1357,e99744bcd703522c,True,1.0,1.0,0.019153919212967194,1.0,1.0,1.0,0.591314133005403
1358,74cc0056b2c05248,True,1.0,0.0,0.0,1.0,1.0,1.0,0.0
1359,526a568a22795441,True,0.0,1.0,0.0,0.0,1.0,0.5,0.0
1360,7aaa1817f97e5e5e,True,1.0,1.0,1.0,0.0,1.0,1.0,0.5833333333333334
1361,cfe730cbf7e55330,True,1.0,1.0,0.9002618469243118,1.0,1.0,1.0,0.9584424362184633
1362,e08a526c85475c4b,True,1.0,1.0,1.0,1.0,1.0,1.0,1.0
1363,f34af4dbbbd35a23,True,0.0,1.0,0.0,0.0,1.0,1.0,0.0
1364,291a9c13b9345fd7,True,1.0,1.0,1.0,1.0,1.0,1.0,1.0
1365,8f4e4b81b2b15283,True,1.0,1.0,1.0,1.0,1.0,1.0,1.0
1366,ad3d0b30c78355d4,True,1.0,1.0,1.0,1.0,1.0,1.0,1.0
1367,8a17d8a06b425d2d,True,1.0,1.0,1.0,1.0,1.0,1.0,1.0
1368,409711b03072566a,True,1.0,0.0,0.0,1.0,1.0,1.0,0.0
1369,b20e8629283e540c,True,1.0,1.0,0.6580393754513811,1.0,1.0,1.0,0.8575164064380755
1370,737920796b595b0f,True,1.0,0.0,0.0,0.0,1.0,1.0,0.0
1371,2a4ee10b521258a2,True,1.0,1.0,0.905475114550159,1.0,1.0,1.0,0.9606146310625663
1372,1a3c8066b86857b5,True,1.0,1.0,0.9795232040015837,1.0,1.0,1.0,0.9914680016673265
1373,3f38262eb4d55376,True,1.0,1.0,0.9200130486132257,1.0,1.0,1.0,0.9666721035888441
1374,a4a08c828e87562c,True,1.0,1.0,1.0,1.0,1.0,1.0,1.0
1375,ebe1b48a47f356a4,True,0.0,1.0,0.0,0.0,1.0,1.0,0.0
1376,2a3ab48ae28f5e90,True,1.0,0.0,0.0,1.0,1.0,1.0,0.0
1377,e463ad284c0d595c,True,1.0,1.0,0.5808907816045588,1.0,1.0,1.0,0.8253711590018996
1378,770c714d82535180,True,1.0,1.0,0.988513676449515,1.0,1.0,1.0,0.9952140318539646
1379,605ac5873f015baf,True,1.0,1.0,0.9358819178671565,0.0,1.0,1.0,0.5566174657779819
1380,e0ae2ba5807f558a,True,1.0,1.0,0.8535722063763277,1.0,1.0,1.0,0.9389884193234699
1381,e7c691d409295501,True,1.0,0.0,0.0,1.0,1.0,0.5,0.0
1382,1aabc43f2a7453f1,True,1.0,1.0,0.9421466269005004,1.0,1.0,1.0,0.9758944278752084
1383,0d8754f6d53d5968,True,1.0,1.0,0.4731126596715767,1.0,1.0,1.0,0.7804636081964903
1384,c6d6faaea8915ef2,True,1.0,1.0,0.9983052348322382,1.0,1.0,1.0,0.9992938478467659
1385,be1ef67efd445f45,True,1.0,1.0,1.0,0.0,1.0,1.0,0.5833333333333334
1386,69742b86e6b25ecc,True,1.0,1.0,0.6610502509208758,1.0,1.0,1.0,0.8587709378836982
1387,90314b74c92954d6,True,1.0,0.0,0.0,1.0,1.0,1.0,0.0
1388,9952eefa82585b83,True,1.0,0.0,0.0,1.0,1.0,1.0,0.0
1389,ec4557ae01265fc4,True,0.0,1.0,0.0,0.0,1.0,1.0,0.0
1390,cf34e1f8d98f56ee,True,1.0,1.0,1.0,0.0,1.0,1.0,0.5833333333333334
1391,677d8d1e838b5793,True,0.0,1.0,0.0,0.0,1.0,1.0,0.0
1392,e747d6fdc59252f3,True,1.0,1.0,0.987239633773372,1.0,1.0,0.5,0.9946831807389049
1393,fc4811f1f2745645,True,1.0,1.0,0.8348094317393909,1.0,1.0,1.0,0.9311705965580795
1394,ce09ed938df353d1,True,1.0,1.0,1.0,1.0,1.0,1.0,1.0
1395,41d7b533797c5209,True,1.0,1.0,1.0,1.0,1.0,1.0,1.0
1396,a9c9765a005351b9,True,1.0,1.0,1.0,1.0,1.0,1.0,1.0
1397,83c7a6c3c0b15b36,True,1.0,1.0,1.0,1.0,1.0,1.0,1.0
1398,982671de6e755ca0,True,1.0,1.0,0.7059322615090243,1.0,1.0,1.0,0.8774717756287602
1399,0561ac957ffc5c4f,True,1.0,1.0,0.776919784103141,1.0,1.0,1.0,0.9070499100429754
1400,bd76dffbe3065854,True,1.0,1.0,0.6474378312471621,1.0,1.0,1.0,0.8530990963529842
1401,1347c91c511a5918,True,1.0,1.0,0.9356730097702177,1.0,1.0,1.0,0.9731970874042574
1402,764bbbaf51f85bd8,True,1.0,1.0,0.6645354396062536,1.0,1.0,0.5,0.860223099835939
1403,1bd8492a6487562f,True,1.0,1.0,1.0,0.0,1.0,1.0,0.5833333333333334
1404,9e787f2f65a85f08,True,1.0,0.0,0.0,1.0,1.0,1.0,0.0
1405,ac808bd1bfac5425,True,1.0,1.0,1.0,1.0,1.0,1.0,1.0
1406,298fff3a2ae95293,True,1.0,1.0,0.8274587477669071,1.0,1.0,1.0,0.9281078115695447
1407,c574d461642f5deb,True,1.0,1.0,1.0,1.0,1.0,1.0,1.0
1408,392a50db492b536e,True,1.0,1.0,0.7429718409583226,1.0,1.0,1.0,0.8929049337326344
1409,90caeda16d835f42,True,1.0,1.0,1.0,1.0,1.0,1.0,1.0
1410,3ad6a3f7a0f155f8,True,1.0,0.0,0.0,1.0,1.0,1.0,0.0
1411,3cf9c200e3485696,True,1.0,1.0,0.9833647663442794,1.0,1.0,1.0,0.9930686526434497
1412,e4b8bdb842ae567e,True,1.0,1.0,0.6723849889995109,1.0,1.0,1.0,0.8634937454164628
1413,8ff412b66d24593c,True,1.0,1.0,1.0,0.0,1.0,1.0,0.5833333333333334
1414,b92aaa468aa25958,True,1.0,1.0,0.7835570891298087,1.0,1.0,1.0,0.9098154538040869
1415,b1e1c1a12339588a,True,1.0,1.0,1.0,1.0,1.0,1.0,1.0
1416,f8b8b8ee49205def,True,1.0,0.0,0.0,1.0,1.0,1.0,0.0
1417,8470cdca41255e20,True,1.0,1.0,0.8276053444129033,1.0,1.0,1.0,0.9281688935053763
1418,e052a41759445a28,True,1.0,1.0,0.7615084354933535,1.0,1.0,1.0,0.9006285147888974
1419,48762908e4705b55,True,1.0,1.0,0.46867591613219645,1.0,1.0,1.0,0.7786149650550819
1420,ba8e8393326d5652,True,1.0,1.0,0.9746995045122497,1.0,1.0,1.0,0.989458126880104
1421,9897a102ee075dee,True,1.0,1.0,0.8044934619074896,1.0,1.0,1.0,0.918538942461454
1422,c9b3ce1062455ad6,True,1.0,0.0,0.0,1.0,1.0,1.0,0.0
1423,7ccfef5040b359df,True,1.0,1.0,1.0,1.0,1.0,1.0,1.0
1424,913212df2a415e44,True,1.0,1.0,0.9309520041915575,1.0,1.0,1.0,0.9712300017464823
1425,d70f8a8eeeeb5e82,True,1.0,0.0,0.0,1.0,1.0,1.0,0.0
1426,682660223761501d,True,1.0,1.0,0.8362275619107955,1.0,1.0,1.0,0.9317614841294981
1427,4d3807c5fd5d573f,True,1.0,1.0,1.0,0.0,1.0,1.0,0.5833333333333334
1428,9ed85925d375504b,True,1.0,1.0,0.9451922390081815,1.0,1.0,1.0,0.9771634329200757
1429,42545a072b1a5820,True,1.0,1.0,0.8191382945057816,1.0,1.0,1.0,0.9246409560440757
1430,5a468d5e9d955993,True,0.5,1.0,0.4432478678038237,0.0,1.0,1.0,0.1756766391257966
1431,c493172b908c5df9,True,1.0,1.0,0.6720275578839869,1.0,1.0,1.0,0.8633448157849944
1432,205cce163e5a5b46,True,1.0,1.0,1.0,0.0,1.0,1.0,0.5833333333333334
1433,22ff5ba619a250b0,True,1.0,1.0,1.0,1.0,1.0,1.0,1.0
1434,93bdcee4c814567c,True,1.0,1.0,0.8547712420146206,1.0,1.0,1.0,0.9394880175060919
1435,465e7357a8965dcd,True,1.0,1.0,0.8427490481501306,1.0,1.0,1.0,0.9344787700625545
1436,d64a3964875f5b41,True,1.0,0.0,0.0,0.0,1.0,1.0,0.0
1437,597f506bb5fd5a83,True,0.0,1.0,0.0,0.0,1.0,1.0,0.0
1438,cf05c9f4f6e55af3,True,0.0,1.0,0.0,0.0,1.0,1.0,0.0
1439,6fee6df4d64b5d9d,True,1.0,1.0,0.9646998723459463,1.0,1.0,1.0,0.9852916134774775
1440,123bc88af914514c,True,1.0,1.0,1.0,1.0,1.0,1.0,1.0
1441,eb1315c4860c5189,True,1.0,0.0,0.0,1.0,1.0,1.0,0.0
1442,1cffb22700735548,True,1.0,1.0,1.0,1.0,1.0,1.0,1.0
1443,bf929b24f13b5c37,True,0.0,1.0,0.0,0.0,1.0,1.0,0.0
1444,62ebe5d1697f5b73,True,1.0,1.0,1.0,1.0,1.0,1.0,1.0
1445,431869f33ace51a0,True,1.0,1.0,1.0,0.0,1.0,1.0,0.5833333333333334
1446,225eb6e22af55972,True,1.0,1.0,1.0,1.0,1.0,1.0,1.0
1447,96b5b1c350745a73,True,1.0,1.0,1.0,1.0,1.0,1.0,1.0
1448,66e559e29cca52e0,True,1.0,1.0,1.0,1.0,1.0,1.0,1.0
1449,f24ade1ee3ac51ce,True,1.0,1.0,1.0,1.0,1.0,1.0,1.0
1450,0ef7ecd9c0035467,True,1.0,1.0,0.8263261843295145,1.0,1.0,1.0,0.9276359101372978
1451,46b79218b0195050,True,1.0,1.0,1.0,1.0,1.0,1.0,1.0
1452,2802831d87ba5a55,True,1.0,1.0,0.9577995582494718,1.0,1.0,1.0,0.9824164826039467
1453,135337bf847b5726,True,1.0,1.0,0.6881685594762115,1.0,1.0,1.0,0.8700702331150881
1454,d7708962e5cc554f,True,1.0,1.0,1.0,1.0,1.0,1.0,1.0
1455,24593b75ebb35271,True,0.0,1.0,0.0,0.0,1.0,1.0,0.0
1456,e45023fbb46857d6,True,1.0,1.0,0.752481592262988,1.0,1.0,1.0,0.8968673301095783
1457,a51fda3f10da5432,True,1.0,1.0,1.0,1.0,1.0,1.0,1.0
1458,eda3453c6d5355e0,True,0.5,0.0,0.0,0.0,1.0,1.0,0.0
1459,fc8f087133c55220,True,0.0,1.0,0.0,0.0,1.0,1.0,0.0
1460,a67f68a6c9e85668,True,1.0,1.0,0.99890844534679,1.0,1.0,1.0,0.9995451855611625
1461,2af5b66260bf5795,True,1.0,0.0,0.0,1.0,1.0,1.0,0.0
1462,540ec2943ea050c9,True,1.0,1.0,1.0,1.0,1.0,1.0,1.0
1463,aab517c2e5e75245,True,1.0,1.0,0.018658397149053017,1.0,1.0,1.0,0.591107665478772
1464,a992bba6c1d054f3,True,1.0,1.0,0.8394173228089954,1.0,1.0,1.0,0.9330905511704147
1465,1ff00d6929bb5569,True,1.0,1.0,0.5068577807542456,1.0,1.0,1.0,0.7945240753142689
1466,586c5b66ad8158ee,True,1.0,1.0,0.9206023409697177,1.0,1.0,1.0,0.9669176420707157
1467,f93751942d4e5c48,True,1.0,1.0,1.0,1.0,1.0,1.0,1.0
1468,6f0538a6ba9c5b7f,True,1.0,1.0,1.0,1.0,1.0,1.0,1.0
1469,6d3db8abd9ad52eb,True,1.0,1.0,1.0,1.0,1.0,1.0,1.0
1470,8eb6e6b220755d3b,True,0.0,1.0,0.0,0.0,1.0,1.0,0.0
1471,5fb039973cf85b11,True,1.0,1.0,0.9288460910804963,1.0,1.0,1.0,0.9703525379502068
1472,03ad57c205da56f2,True,1.0,1.0,0.756184198781957,1.0,1.0,1.0,0.8984100828258154
1473,8f9712da66485b70,True,1.0,1.0,0.012289573239444344,1.0,1.0,1.0,0.5884539888497685
1474,763821f100605f76,True,1.0,1.0,0.9222634706174198,1.0,1.0,1.0,0.9676097794239249
1475,dbadf83c8bc85324,True,1.0,1.0,0.6482643523594483,1.0,1.0,0.5,0.8534434801497701
1476,a454e18ca33d5cb7,True,1.0,0.0,0.0,1.0,1.0,0.5,0.0
1477,7b281124be57507a,True,1.0,0.0,0.0,1.0,1.0,0.5,0.0
1478,1c2170ed2977545e,True,1.0,1.0,0.911234390528034,1.0,1.0,1.0,0.9630143293866809
1479,b15b2d36b1ea51cc,True,1.0,1.0,0.49281559371665923,0.0,1.0,1.0,0.3720064973819414
1480,8164612a623156ae,True,1.0,1.0,1.0,1.0,1.0,1.0,1.0
1481,0a7ed373b7de5037,True,1.0,1.0,0.9133377933515763,1.0,1.0,1.0,0.9638907472298235
1482,3cbb6c030b1e5d19,True,1.0,0.0,0.0,1.0,1.0,1.0,0.0
1483,cde6be1eb8f85b3c,True,1.0,0.0,0.0,1.0,1.0,1.0,0.0
1484,14976ab056005044,True,1.0,1.0,0.9850937447142841,1.0,1.0,1.0,0.9937890602976184
1485,9bb9ee9f03525ac0,True,1.0,1.0,0.8550482113749631,1.0,1.0,1.0,0.9396034214062347
1486,37430d1c47995fdd,True,1.0,1.0,0.8286446479881755,1.0,1.0,1.0,0.9286019366617397
1487,99f3a7ec61305307,True,1.0,1.0,0.9083449584374697,1.0,1.0,1.0,0.9618103993489457
1488,3bf2974c80c55503,True,1.0,1.0,0.04550777853767289,1.0,1.0,1.0,0.6022949077240304
1489,c1b38e62a97d590d,True,1.0,1.0,0.9336292593824966,1.0,1.0,1.0,0.9723455247427069
1490,43c9ac6f2bf95da0,True,1.0,1.0,1.0,1.0,1.0,1.0,1.0
1491,72b0f2dcaf1f59a1,True,1.0,0.0,0.0,1.0,1.0,1.0,0.0
1492,dde50b95cefd5ecd,True,1.0,1.0,0.7754445754367884,1.0,1.0,1.0,0.9064352397653285
1493,b42ed6a1fecd5e91,True,1.0,1.0,1.0,1.0,1.0,1.0,1.0
1494,8de2e76340335ed9,True,1.0,1.0,0.4993435849363967,1.0,1.0,1.0,0.7913931603901653
1495,8aec77f33ddb5ac8,True,1.0,1.0,1.0,1.0,1.0,1.0,1.0
1496,52a632acca085891,True,1.0,1.0,0.8985425950158262,1.0,1.0,1.0,0.9577260812565943
1497,61a9157ac995542c,True,1.0,1.0,1.0,1.0,1.0,1.0,1.0
1498,9f547ab121b456e1,True,1.0,1.0,1.0,0.0,1.0,1.0,0.5833333333333334
1499,9482776d16a6551d,True,1.0,1.0,0.7522857764065332,1.0,1.0,1.0,0.8967857401693888
1500,1661876892b952e5,True,1.0,1.0,0.9927214045366735,0.0,1.0,1.0,0.5803005852236139
1501,fa02f1587177551c,True,1.0,1.0,1.0,1.0,1.0,1.0,1.0
1502,8220631d2c6a52f4,True,1.0,1.0,1.0,1.0,1.0,1.0,1.0
1503,3ce3c32cb4655d3d,True,1.0,1.0,1.0,1.0,1.0,1.0,1.0
1504,49454db3d9ef54a1,True,1.0,1.0,0.9093571098328913,0.0,1.0,1.0,0.5455654624303714
1505,a3d1310fbc3f50a5,True,1.0,1.0,0.8288560264026157,1.0,1.0,1.0,0.9286900110010898
1506,01c019a7360f5445,True,1.0,1.0,0.8450666498436308,1.0,1.0,1.0,0.9354444374348461
1507,15d5078041dd5a4f,True,1.0,1.0,0.6620523834671007,1.0,1.0,1.0,0.859188493111292
1508,460c1bc090365d1b,True,1.0,1.0,1.0,1.0,1.0,0.0,1.0
1509,ab8d6b4c8b20564b,True,1.0,1.0,0.9684526830777197,1.0,1.0,1.0,0.9868552846157165
1510,a6c24c9ca7335016,True,1.0,1.0,1.0,1.0,1.0,1.0,1.0
1511,d81b6324477757dd,True,1.0,1.0,0.7486736318927661,1.0,1.0,1.0,0.8952806799553192
1512,e3ee34ba4c0c59fd,True,0.5,1.0,1.0,0.0,1.0,1.0,0.2916666666666667
1513,3e9b399280e250fc,True,1.0,1.0,0.8904356694256177,1.0,1.0,1.0,0.9543481955940073
1514,6215ad2b225e5b1a,True,1.0,1.0,0.8570345796152977,1.0,1.0,1.0,0.9404310748397074
1515,52d6d6f0e4305a44,True,0.0,1.0,0.0,0.0,1.0,1.0,0.0
1516,838caf9ffb875248,True,1.0,1.0,0.8066225154195474,1.0,1.0,1.0,0.9194260480914781
1517,b7e61e7b15265bb9,True,1.0,1.0,1.0,0.0,1.0,1.0,0.5833333333333334
1518,79d3720b23b6533e,True,1.0,0.0,0.0,1.0,1.0,1.0,0.0
1519,97fcdcd35af7563b,True,1.0,1.0,1.0,1.0,1.0,1.0,1.0
1520,0bdc177e43cf5df8,True,1.0,1.0,0.7975390979954663,1.0,1.0,1.0,0.9156412908314443
1521,d25a0ab96d165b78,True,1.0,1.0,1.0,0.0,1.0,1.0,0.5833333333333334
1522,9c9944c9e8b3583e,True,1.0,1.0,0.5444396552833923,1.0,1.0,1.0,0.8101831897014135
1523,3067f3d3d5a75989,True,1.0,0.0,0.0,1.0,1.0,1.0,0.0
1524,e849e6a954285f60,True,1.0,1.0,0.9873895129638677,1.0,1.0,1.0,0.9947456304016115
1525,3632fd6cd4295719,True,1.0,1.0,1.0,1.0,1.0,1.0,1.0
1526,4b09402394995325,True,1.0,1.0,0.3239008374033515,1.0,1.0,1.0,0.7182920155847299
1527,20911cdf7e285a63,True,0.0,1.0,0.0,0.0,1.0,1.0,0.0
1528,6d593ca981fd56b8,True,1.0,1.0,0.9567168360187777,1.0,1.0,1.0,0.9819653483411575
1529,2f7190c1da685537,True,0.0,1.0,0.0,0.0,1.0,1.0,0.0
1530,c7e06d79e58454ae,True,1.0,1.0,1.0,1.0,1.0,1.0,1.0
1531,b14ac3255b3b520b,True,1.0,1.0,1.0,1.0,1.0,1.0,1.0
1532,35b810aad36b553a,True,1.0,1.0,1.0,1.0,1.0,1.0,1.0
1533,85c0017516e95fdc,True,1.0,1.0,0.026226923894457747,1.0,1.0,1.0,0.5942612182893574
1534,008844070af456e3,True,1.0,1.0,0.44581313759588737,1.0,1.0,1.0,0.7690888073316198
1535,523ab1ffcace56f6,True,1.0,1.0,0.0,1.0,1.0,1.0,0.5833333333333334
1536,8ee20c966e7853c1,True,1.0,1.0,0.9781962209783341,1.0,1.0,1.0,0.9909150920743058
1537,ae33eb2afd655f7d,True,1.0,1.0,0.8955285316452527,1.0,1.0,1.0,0.9564702215188552
1538,95ccb71300195f57,True,1.0,1.0,1.0,1.0,1.0,0.0,1.0
1539,613770d7f39051be,True,0.0,1.0,0.0,0.0,1.0,1.0,0.0
1540,f985ec5a35285901,True,1.0,1.0,0.8055851366032595,1.0,1.0,0.0,0.9189938069180248
1541,62d339c4086d51ba,True,1.0,1.0,0.8220608751035303,1.0,1.0,1.0,0.9258586979598044
1542,73c897c7de1454af,True,1.0,1.0,0.6754901828431006,1.0,1.0,1.0,0.8647875761846252
1543,69acf2f6a20454a0,True,1.0,1.0,0.5143970751030155,1.0,1.0,1.0,0.7976654479595897
1544,0f9e883357585ec4,True,1.0,1.0,1.0,1.0,1.0,1.0,1.0
1545,75bb2e7612425d57,True,1.0,1.0,1.0,1.0,1.0,1.0,1.0
1546,14618f22bb605676,True,1.0,1.0,0.7042352272220459,1.0,1.0,1.0,0.8767646780091858
1547,ac328bbd087d5cf2,True,1.0,1.0,0.8740031774961431,1.0,1.0,1.0,0.9475013239567263
1548,f33405d075755825,True,1.0,1.0,0.7746430989315137,1.0,1.0,1.0,0.906101291221464
1549,d34d0398de585e6c,True,1.0,1.0,0.4856112753123929,1.0,1.0,1.0,0.7856713647134971
1550,61138bee69015264,True,1.0,1.0,0.7616117259140625,1.0,1.0,1.0,0.9006715524641926
1551,05769097cb6c5b91,True,1.0,1.0,0.8264005710971504,1.0,1.0,1.0,0.9276669046238126
1552,d3d7a91aff375fc5,True,1.0,1.0,0.7487170180939132,1.0,1.0,1.0,0.8952987575391305
1553,16dbc607f5f75479,True,1.0,1.0,1.0,1.0,1.0,1.0,1.0
1554,1a7b42fbbaf65c18,True,1.0,1.0,0.8794195385168365,1.0,1.0,1.0,0.9497581410486818
1555,40c362dd278b5280,True,0.0,1.0,0.0,0.0,1.0,1.0,0.0
1556,eee59dd716c05e1b,True,1.0,1.0,0.8665241350360103,1.0,1.0,1.0,0.9443850562650044
1557,a41f538fa8e25be0,True,1.0,1.0,1.0,1.0,1.0,1.0,1.0
1558,6abe0ed266f258d9,True,1.0,1.0,1.0,1.0,1.0,1.0,1.0
1559,603d4a913f315a41,True,1.0,1.0,1.0,1.0,1.0,1.0,1.0
1560,dbfcc3b5aa945597,True,1.0,0.0,0.0,1.0,1.0,1.0,0.0
1561,9bebc9f8507c5cf4,True,1.0,1.0,1.0,1.0,1.0,1.0,1.0
1562,ab8034dd8873524b,True,1.0,1.0,0.9909233161060543,1.0,1.0,1.0,0.9962180483775226
1563,2cbf505c735c5c34,True,1.0,0.0,0.0,1.0,1.0,1.0,0.0
1564,b55cc20818705801,True,1.0,1.0,0.9547405029903893,1.0,1.0,1.0,0.9811418762459955
1565,50708f973eec5e38,True,0.0,1.0,0.0,0.0,1.0,1.0,0.0
1566,6891e8163e4d5e58,True,1.0,1.0,0.9702162065086724,1.0,1.0,1.0,0.9875900860452802
1567,c7c04f1581855ac4,True,0.0,1.0,0.0,0.0,1.0,1.0,0.0
1568,77dce92bdc8752d4,True,1.0,1.0,0.9007380016989184,1.0,1.0,1.0,0.958640834041216
1569,60a317c40ae656c0,True,0.0,1.0,0.0,0.0,1.0,1.0,0.0
1570,0a0d98c22d765e1e,True,1.0,1.0,0.8404273917648416,1.0,1.0,1.0,0.9335114132353507
1571,1f9d4228103950f8,True,1.0,0.0,0.0,1.0,1.0,1.0,0.0
1572,84a6257839b65f93,True,1.0,1.0,0.8866111782242003,1.0,1.0,1.0,0.9527546575934167
1573,2dfc1e8df2ef5da1,True,1.0,1.0,0.8436885523126607,1.0,1.0,1.0,0.9348702301302753
1574,7291b74b016d5672,True,0.0,1.0,0.0,0.0,1.0,1.0,0.0
1575,0367791336c3533e,True,1.0,1.0,0.5837560811899559,1.0,1.0,1.0,0.8265650338291483
1576,695990349fc551a7,True,1.0,1.0,0.786110472100678,1.0,1.0,1.0,0.9108793633752824
1577,9b25bbac0aac5357,True,1.0,1.0,1.0,1.0,1.0,1.0,1.0
1578,73f2ce543024548e,True,1.0,1.0,0.8023262264060264,1.0,1.0,1.0,0.9176359276691777
1579,b5823453f7875542,True,1.0,1.0,1.0,1.0,1.0,1.0,1.0
1580,6b363ffce294521f,True,1.0,1.0,0.8676307744743256,1.0,1.0,1.0,0.944846156030969
1581,473a047c10f45ef3,True,1.0,1.0,1.0,1.0,1.0,1.0,1.0
1582,f8e036dd79a954d6,True,1.0,1.0,1.0,1.0,1.0,1.0,1.0
1583,0c625b3536f2553d,True,1.0,1.0,0.9519911890608632,1.0,1.0,1.0,0.9799963287753597
1584,f8331125139c53d2,True,1.0,1.0,0.9257919052796193,1.0,1.0,1.0,0.9690799605331747
1585,81f49ac925aa5781,True,1.0,1.0,1.0,0.0,1.0,1.0,0.5833333333333334
1586,cbc1c1f392825ad6,True,1.0,0.0,0.0,1.0,1.0,1.0,0.0
1587,1c8ca8c10d1a5757,True,1.0,1.0,0.9051663503462567,0.0,1.0,1.0,0.5438193126442736
1588,d8d39177bd96593d,True,1.0,1.0,0.8125057444213565,1.0,1.0,1.0,0.9218773935088986
1589,f36dbc258c8b5e17,True,1.0,1.0,1.0,1.0,1.0,1.0,1.0
1590,7b5a966f89f35abe,True,1.0,1.0,0.7847087036307528,1.0,1.0,1.0,0.9102952931794803
1591,fb2402a506065225,True,1.0,1.0,0.379077269980557,1.0,1.0,1.0,0.7412821958252321
1592,88518b03093d5036,True,1.0,1.0,0.6157409098115911,1.0,1.0,1.0,0.8398920457548297
1593,c87dc623a8b3564d,True,1.0,1.0,0.8525806402430014,1.0,1.0,1.0,0.9385752667679172
1594,4102a6399acf528b,True,1.0,1.0,0.7762876340504546,1.0,1.0,1.0,0.9067865141876895
1595,d0d1b5bd3b83551d,True,0.0,0.0,0.0,0.0,1.0,0.5,0.0
1596,8a2df3fb1632552a,True,1.0,1.0,1.0,1.0,1.0,1.0,1.0
1597,2e6b78be8c9e5e0c,True,1.0,1.0,1.0,1.0,1.0,1.0,1.0
1598,9d213c7b9ab4550d,True,1.0,1.0,0.9795369113523891,1.0,1.0,1.0,0.9914737130634954
1599,fbf2eaa61abb5a2f,True,1.0,1.0,0.9801523764410031,1.0,1.0,1.0,0.9917301568504179
1600,bed45577041051b8,True,1.0,1.0,1.0,0.0,1.0,1.0,0.5833333333333334
1601,cecce24905cb5641,True,1.0,0.0,0.0,1.0,1.0,1.0,0.0
1602,32f53a8cb63f55db,True,0.0,1.0,0.0,0.0,1.0,1.0,0.0
1603,0b046094d70257ed,True,1.0,0.0,0.0,1.0,1.0,1.0,0.0
1604,e1886e081b945907,True,1.0,1.0,0.8064369717574289,1.0,1.0,1.0,0.9193487382322619
1605,deb455f53c805643,True,1.0,1.0,0.7580161356623768,0.0,1.0,1.0,0.482506723192657
1606,70645140f08352ca,True,1.0,1.0,0.7487435995522438,1.0,1.0,1.0,0.8953098331467683
1607,4023fa59fcfd5671,True,1.0,1.0,0.4206976402397955,1.0,1.0,1.0,0.7586240167665815
1608,9410f817dff058c2,True,1.0,1.0,1.0,1.0,1.0,1.0,1.0
1609,7e8b3ed18d295d9c,True,1.0,0.0,0.0,0.0,1.0,1.0,0.0
1610,8b3679b7c11d5ada,True,1.0,1.0,0.9385856335116525,1.0,1.0,1.0,0.9744106806298553
1611,dcc3b1a2a6da565a,True,1.0,1.0,0.8816087544106003,1.0,1.0,1.0,0.9506703143377502
1612,1c3c37eeacd15c92,True,1.0,1.0,0.748278534521772,1.0,1.0,1.0,0.8951160560507384
1613,012dc5d8043555ef,True,1.0,1.0,1.0,1.0,1.0,1.0,1.0
1614,6e3cf172a2755fae,True,1.0,0.0,0.0,1.0,1.0,1.0,0.0
1615,6bb854e8312e5c30,True,1.0,1.0,1.0,0.0,1.0,1.0,0.5833333333333334
1616,2754e05ff9d35719,True,1.0,1.0,0.8006994382699087,1.0,1.0,1.0,0.9169580992791286
1617,974d5c00402f55aa,True,1.0,1.0,1.0,1.0,1.0,1.0,1.0
1618,afcd7846a4f35622,True,1.0,1.0,1.0,1.0,1.0,1.0,1.0
1619,c091585789c859db,True,1.0,1.0,1.0,0.0,1.0,1.0,0.5833333333333334
1620,33423262feb656a3,True,1.0,0.0,0.0,1.0,1.0,1.0,0.0
1621,0ee0c8c2556c506a,True,1.0,1.0,1.0,1.0,1.0,1.0,1.0
1622,e69f96075afb5d86,True,1.0,1.0,0.9755558241330718,1.0,1.0,1.0,0.9898149267221132
1623,9215943615c45afd,True,1.0,1.0,0.6407832603338316,1.0,1.0,1.0,0.8503263584724299
1624,35f13a6de1575fdc,True,1.0,1.0,1.0,1.0,1.0,1.0,1.0
1625,87423b239de058c9,True,1.0,0.0,0.0,1.0,1.0,0.5,0.0
1626,de2c2bde3a615d75,True,1.0,1.0,0.8540206302176785,1.0,1.0,1.0,0.9391752625906994
1627,88862af321ce5c8f,True,1.0,1.0,1.0,1.0,1.0,1.0,1.0
1628,0e74f7b5b7c45c1b,True,1.0,1.0,0.8658044807090061,1.0,1.0,1.0,0.9440852002954192
1629,7ebca95e877a557b,True,1.0,1.0,0.8039753570630355,1.0,1.0,1.0,0.9183230654429314
1630,c6724cca6a1559a1,True,1.0,1.0,0.9312022549542416,1.0,1.0,1.0,0.9713342728976007
1631,3a3297d21e905b02,True,1.0,0.0,0.0,0.0,1.0,1.0,0.0
1632,5a3613f60fb454d4,True,1.0,1.0,1.0,0.0,1.0,1.0,0.5833333333333334
1633,0497454a0d735bc1,True,1.0,1.0,0.8611505766654196,1.0,1.0,1.0,0.9421460736105916
1634,c80bc7cdeb5e50f0,True,1.0,1.0,1.0,0.0,1.0,1.0,0.5833333333333334
1635,b2b73ef16f0a5a9f,True,0.0,1.0,0.0,0.0,1.0,1.0,0.0
1636,b1861baea30d54ef,True,1.0,1.0,0.878697438109943,1.0,1.0,1.0,0.9494572658791429
1637,90fa31af769c5e8d,True,0.0,1.0,0.0,0.0,1.0,1.0,0.0
1638,07930113a85651b0,True,1.0,1.0,1.0,1.0,1.0,1.0,1.0
1639,3838eb184c9d5989,True,1.0,1.0,0.41284967646925874,1.0,1.0,1.0,0.7553540318621912
1640,d9880e5e2cff5787,True,1.0,1.0,1.0,1.0,1.0,1.0,1.0
1641,f71f0d4ca6db5d40,True,1.0,1.0,0.6899432272972786,1.0,1.0,1.0,0.8708096780405329
1642,3f0c448b71005686,True,1.0,1.0,1.0,0.0,1.0,0.0,0.5833333333333334
1643,e82216ae03b05bd4,True,1.0,1.0,1.0,1.0,1.0,1.0,1.0
1644,451f66014a765bce,True,1.0,1.0,1.0,1.0,1.0,1.0,1.0
1645,f2655b7cd5d15a20,True,1.0,1.0,0.7335510847653064,1.0,1.0,1.0,0.8889796186522109
1646,7f86145a2a8a514b,True,1.0,1.0,0.9302770684537207,1.0,1.0,1.0,0.9709487785223837
1647,330ca2e9aa935a3a,True,1.0,1.0,1.0,1.0,1.0,1.0,1.0
1648,50a5cd7410e85782,True,1.0,1.0,0.7619199659055919,1.0,1.0,1.0,0.9007999857939967
1649,78754f4862d65445,True,1.0,1.0,0.8345599755238546,1.0,1.0,1.0,0.9310666564682727
1650,e631898f3f38551c,True,1.0,1.0,0.8745708793417719,1.0,1.0,1.0,0.947737866392405
1651,5b24b678ff67555d,True,1.0,1.0,0.9554266845696243,1.0,1.0,1.0,0.9814277852373435
1652,80c267878c6a54fa,True,1.0,1.0,0.6878754772911423,1.0,1.0,1.0,0.8699481155379759
1653,be709e9a5d085f75,True,1.0,1.0,1.0,1.0,1.0,1.0,1.0
1654,4e1b2f2152b551e2,True,1.0,1.0,0.9432904304885258,1.0,1.0,1.0,0.9763710127035523
1655,003a1fdca9505c09,True,1.0,0.0,0.0,1.0,1.0,1.0,0.0
1656,963a72ef9c615033,True,1.0,1.0,0.9933155277861843,0.0,1.0,1.0,0.5805481365775768
1657,511ba067a1835f86,True,1.0,1.0,1.0,1.0,1.0,1.0,1.0
1658,748d7e95687d5d26,True,1.0,1.0,1.0,1.0,1.0,1.0,1.0
1659,4e5e09ac14395d70,True,1.0,1.0,0.9160282490666432,1.0,1.0,1.0,0.9650117704444346
1660,a1848a01a20b5224,True,1.0,1.0,1.0,1.0,1.0,1.0,1.0
1661,69fab78920a55a7a,True,1.0,0.0,0.0,1.0,1.0,1.0,0.0
1662,e57f09cee57d5ee1,True,1.0,1.0,1.0,1.0,1.0,1.0,1.0
1663,b4d40a7532c05cd0,True,1.0,0.0,0.0,1.0,1.0,1.0,0.0
1664,80752a827b8253fe,True,1.0,1.0,1.0,1.0,1.0,1.0,1.0
1665,a0e9cbedca0a56b7,True,1.0,1.0,1.0,1.0,1.0,1.0,1.0
1666,5085749584aa5377,True,1.0,1.0,0.6663769986546967,1.0,1.0,1.0,0.8609904161061236
1667,3fb360a01b775e07,True,1.0,1.0,0.0,1.0,1.0,1.0,0.5833333333333334
1668,d61ff1ca160557e8,True,1.0,1.0,0.8806967659395448,0.0,1.0,1.0,0.5336236524748104
1669,4c3718ea056c5656,True,1.0,1.0,1.0,0.0,1.0,0.5,0.5833333333333334
1670,4e496bfdb6b95697,True,1.0,1.0,1.0,0.0,1.0,1.0,0.5833333333333334
1671,6a5c90faa1cc5f03,True,1.0,1.0,0.8638132099479067,1.0,1.0,1.0,0.9432555041449611
1672,7c6e9037e7dd5e8c,True,1.0,1.0,0.6398251455409519,1.0,1.0,1.0,0.8499271439753966
1673,34a2cb9790ae53f3,True,0.0,1.0,0.0,0.0,1.0,1.0,0.0
1674,cd34209eec085b73,True,1.0,1.0,0.906545840057313,1.0,1.0,1.0,0.961060766690547
1675,33947554006251e9,True,1.0,0.0,0.0,1.0,1.0,1.0,0.0
1676,78a46fe48bf15051,True,1.0,1.0,0.5723176209646111,1.0,1.0,0.0,0.8217990087352547
1677,ec2d4139247f5375,True,1.0,0.0,0.0,1.0,1.0,1.0,0.0
1678,1371cce68aa95a4e,True,1.0,1.0,1.0,1.0,1.0,1.0,1.0
1679,2695738230ce5ad0,True,1.0,1.0,1.0,1.0,1.0,1.0,1.0
1680,7da6ba784b8b5ff0,True,1.0,1.0,0.80994882682139,1.0,1.0,1.0,0.9208120111755792
1681,b27bb0eced055858,True,1.0,1.0,0.9665988928791841,1.0,1.0,1.0,0.9860828720329934
1682,1e78181bb1c150e4,True,1.0,1.0,1.0,0.0,1.0,1.0,0.5833333333333334
1683,6fbdacdf660253b6,True,0.0,1.0,0.0,0.0,1.0,1.0,0.0
1684,378f82a326bd5875,True,1.0,1.0,0.6232060691742105,1.0,1.0,0.5,0.8430025288225877
1685,0e08da5fbc735956,True,1.0,1.0,1.0,0.0,1.0,1.0,0.5833333333333334
1686,00f925ab5406520f,True,0.0,1.0,0.0,0.0,1.0,1.0,0.0
1687,5e48f684248053bd,True,1.0,1.0,1.0,1.0,1.0,1.0,1.0
1688,a83d8c6015e85622,True,1.0,1.0,0.80728236166136,1.0,1.0,1.0,0.9197009840255667
1689,6cd23fffac65568b,True,1.0,1.0,0.8175044633795789,1.0,1.0,1.0,0.9239601930748246
1690,c79ab4c1abcb56fa,True,1.0,1.0,0.5156475313278572,1.0,1.0,1.0,0.7981864713866073
1691,b23f49937a48507e,True,1.0,1.0,1.0,1.0,1.0,1.0,1.0
1692,909655c780e152ac,True,1.0,1.0,1.0,1.0,1.0,1.0,1.0
1693,e8e49013253b5e7c,True,1.0,1.0,0.9340260771874791,1.0,1.0,1.0,0.9725108654947828
1694,6e9027bc59c857a9,True,1.0,1.0,0.6392625131523982,1.0,1.0,1.0,0.8496927138134992
1695,592f536375e755b6,True,1.0,1.0,0.33344879340388844,1.0,1.0,1.0,0.7222703305849535
1696,ed7d26ad16065f5a,True,1.0,1.0,0.629706590253437,1.0,1.0,1.0,0.8457110792722654
1697,ef90f66b5d465ebf,True,0.0,1.0,0.0,0.0,1.0,1.0,0.0
1698,89ad209b83755848,True,1.0,1.0,0.9800940669742112,1.0,1.0,1.0,0.9917058612392546
1699,6545ea70cb285327,True,1.0,1.0,1.0,1.0,1.0,1.0,1.0
1700,52b428b6ff135845,True,1.0,1.0,1.0,1.0,1.0,1.0,1.0
1701,228dbe4bb59c537b,True,1.0,1.0,0.9503145061861297,1.0,1.0,1.0,0.9792977109108874
1702,bf1f3fe1ca935bba,True,1.0,1.0,0.6652111246625045,1.0,1.0,1.0,0.8605046352760436
1703,0d5496cc08dc50fe,True,1.0,1.0,1.0,0.0,1.0,1.0,0.5833333333333334
1704,e706a9c88e625828,True,1.0,1.0,1.0,1.0,1.0,1.0,1.0
1705,d9eeceb896445e10,True,0.5,0.0,0.0,0.0,1.0,1.0,0.0
1706,0393e11b085a5cc2,True,1.0,1.0,1.0,1.0,1.0,1.0,1.0
1707,cdd097ea065a5ff7,True,1.0,1.0,0.9286104950563574,1.0,1.0,1.0,0.970254372940149
1708,a9343b1abc5957ab,True,1.0,1.0,0.8707539861645027,0.0,1.0,1.0,0.5294808275685429
1709,17bc4c71fc425620,True,1.0,1.0,1.0,0.0,1.0,1.0,0.5833333333333334
1710,37c816fee82753e3,True,0.0,1.0,0.0,0.0,1.0,1.0,0.0
1711,6247bc8d9df7529d,True,1.0,0.0,0.0,1.0,1.0,1.0,0.0
1712,b87ed2985e545397,True,0.0,1.0,0.0,0.0,1.0,1.0,0.0
1713,0e9d524cb7ab5e2a,True,1.0,1.0,1.0,1.0,1.0,1.0,1.0
1714,8be468b729aa5f1e,True,1.0,1.0,0.9411537579659649,1.0,1.0,1.0,0.9754807324858188
1715,8354786ba35c5440,True,1.0,0.0,0.0,1.0,1.0,0.0,0.0
1716,ee53e7213c995a0b,True,1.0,1.0,0.8868391631372945,1.0,1.0,1.0,0.952849651307206
1717,f8fd766eb013577f,True,1.0,1.0,0.9630222416010534,1.0,1.0,1.0,0.9845926006671055
1718,b3056d1269ae5df9,True,1.0,1.0,0.4718397806650612,1.0,1.0,1.0,0.7799332419437756
1719,f42c66a9b7a456f7,True,1.0,1.0,1.0,1.0,1.0,1.0,1.0
1720,5c3080b50d365629,True,1.0,0.0,0.0,1.0,1.0,0.5,0.0
1721,2114e7e213c45fc0,True,1.0,1.0,1.0,1.0,1.0,1.0,1.0
1722,66225fc71bd35554,True,1.0,1.0,1.0,1.0,1.0,1.0,1.0
1723,4a7fd1bd37ed5463,True,1.0,0.0,0.0,1.0,1.0,1.0,0.0
1724,64859d25f1b555dd,True,1.0,1.0,0.8061093138006754,1.0,1.0,1.0,0.9192122140836148
1725,4da3c27db2495e9e,True,1.0,1.0,0.42290927117176236,1.0,1.0,1.0,0.759545529654901
1726,baff5b48a5c056ec,True,1.0,0.0,0.0,0.0,1.0,1.0,0.0
1727,d67eda0cf1305a71,True,1.0,1.0,0.8338879339397464,1.0,1.0,1.0,0.930786639141561
1728,8611c130815150a7,True,1.0,1.0,1.0,1.0,1.0,1.0,1.0
1729,0df7b61597705cf2,True,1.0,1.0,1.0,0.0,1.0,1.0,0.5833333333333334
1730,b9e254f3d4a75454,True,1.0,1.0,0.7953124129639673,1.0,1.0,1.0,0.914713505401653
1731,a38bd3c8068d5ebb,True,1.0,1.0,1.0,1.0,1.0,1.0,1.0
1732,013fbdcd9db35b43,True,1.0,1.0,1.0,1.0,1.0,1.0,1.0
1733,584d2d7503175ef5,True,1.0,1.0,1.0,1.0,1.0,1.0,1.0
1734,ec7ec2875d5f5fe9,True,0.0,1.0,0.0,0.0,1.0,1.0,0.0
1735,fd9ae566c34f5acd,True,0.0,1.0,0.0,0.0,1.0,1.0,0.0
1736,81b8a8b98a655f0f,True,1.0,1.0,1.0,1.0,1.0,1.0,1.0
1737,f53ece8c1cb9562c,True,0.0,1.0,0.0,0.0,1.0,1.0,0.0
1738,153dfbd3d4355809,True,1.0,1.0,0.7099188306008358,1.0,1.0,1.0,0.8791328460836816
1739,e0d14f6cb7df526e,True,1.0,1.0,1.0,1.0,1.0,1.0,1.0
1740,a332b717471c5704,True,1.0,1.0,0.879729405976622,1.0,1.0,1.0,0.9498872524902592
1741,e343f38ae86a57fd,True,1.0,1.0,1.0,1.0,1.0,1.0,1.0
1742,6a947d290fe257ce,True,1.0,1.0,0.9336427031954789,1.0,1.0,1.0,0.9723511263314496
1743,583113c5db20565d,True,1.0,0.0,0.0,1.0,1.0,1.0,0.0
1744,dc97241b7037592b,True,1.0,1.0,1.0,1.0,1.0,1.0,1.0
1745,cc7d3c360c345a4b,True,0.0,1.0,0.0,0.0,1.0,1.0,0.0
1746,e49e37e5fed25c9a,True,1.0,1.0,0.8283122165733173,1.0,1.0,1.0,0.9284634235722157
1747,6f8a5e89c0325aa8,True,1.0,1.0,0.912300160759588,1.0,1.0,1.0,0.9634584003164951
1748,bffb3b45a1c55080,True,1.0,0.0,0.0,1.0,1.0,1.0,0.0
1749,36f71d88df925b39,True,1.0,1.0,0.9851689142056266,1.0,1.0,1.0,0.993820380919011
1750,fedeb108feed57c0,True,1.0,1.0,0.5069727148103372,1.0,1.0,1.0,0.7945719645043071
1751,f70c8122d2a65847,True,1.0,1.0,1.0,1.0,1.0,1.0,1.0
1752,de64687e89f25285,True,1.0,0.0,0.0,1.0,1.0,1.0,0.0
1753,534587f0abca573b,True,1.0,1.0,1.0,1.0,1.0,1.0,1.0
1754,8c9cbf03c46b5ddc,True,1.0,1.0,1.0,0.0,1.0,1.0,0.5833333333333334
1755,825269c866465320,True,1.0,1.0,0.8652428296783674,1.0,1.0,1.0,0.9438511790326531
1756,49bdbf5ee25c5024,True,1.0,0.0,0.0,1.0,1.0,1.0,0.0
1757,f08f205e15975d97,True,1.0,0.0,0.0,1.0,1.0,1.0,0.0
1758,d4af857a65825fc1,True,1.0,0.0,0.0,1.0,1.0,0.0,0.0
1759,4d50c69f430850a0,True,1.0,1.0,1.0,1.0,1.0,1.0,1.0
1760,1d198434c5f9569e,True,1.0,1.0,0.5478513631900647,1.0,1.0,1.0,0.8116047346625269
1761,d3afcd1be60851a9,True,1.0,1.0,0.903367631208564,1.0,1.0,1.0,0.9597365130035683
1762,76e72a3b44205ec0,True,1.0,1.0,1.0,1.0,1.0,1.0,1.0
1763,1786ef7edac65502,True,0.0,1.0,0.0,0.0,1.0,1.0,0.0
1764,ab01e3ce19875471,True,1.0,1.0,1.0,1.0,1.0,1.0,1.0
1765,f25881a0f78f5aa9,True,1.0,1.0,0.9908023810096402,1.0,1.0,1.0,0.9961676587540168
1766,e776468d9bf65a8a,True,0.0,1.0,0.0,0.0,1.0,1.0,0.0
1767,c054f473288d5515,True,1.0,1.0,0.7846001166843266,1.0,1.0,1.0,0.9102500486184694
1768,1e4fb3a9572f5e7d,True,1.0,1.0,0.7917850292156081,1.0,1.0,1.0,0.91324376217317
1769,d514826bdd045d68,True,1.0,1.0,1.0,1.0,1.0,1.0,1.0
1770,6535e6022ba0547c,True,1.0,1.0,1.0,1.0,1.0,1.0,1.0
1771,6704953640e55b83,True,1.0,1.0,1.0,1.0,1.0,0.0,1.0
1772,ac24fb00e61a5da2,True,1.0,1.0,0.8584477302984512,1.0,1.0,1.0,0.9410198876243546
1773,9ab5654cfc9f5724,True,1.0,1.0,0.06372925077990796,1.0,1.0,1.0,0.6098871878249617
1774,9c42f5a9d56c5ebf,True,1.0,1.0,0.7121435552874945,1.0,1.0,0.0,0.8800598147031228
1775,9ad434ec99685d35,True,1.0,1.0,0.6639320538287455,1.0,1.0,1.0,0.8599716890953107
1776,7fa02fbd7287526f,True,1.0,1.0,0.8695696146818073,1.0,1.0,1.0,0.9456540061174197
1777,2647308c0cbe519c,True,1.0,1.0,0.9173752519088068,1.0,1.0,1.0,0.9655730216286695
1778,fa23f65e1638570e,True,1.0,1.0,0.7981266235287031,1.0,1.0,1.0,0.9158860931369596
1779,018690bcb255590d,True,1.0,1.0,1.0,1.0,1.0,1.0,1.0
1780,1c047acccbcb548f,True,1.0,1.0,0.8062516883375668,1.0,1.0,1.0,0.9192715368073195
1781,e131caa356115811,True,1.0,1.0,0.7738661888587844,1.0,1.0,1.0,0.9057775786911603
1782,11ef3e2ec35051d8,True,1.0,1.0,0.9174142427834445,1.0,1.0,1.0,0.9655892678264353
1783,7606dcaf85735093,True,1.0,1.0,0.6159270633948495,1.0,1.0,1.0,0.839969609747854
1784,74da64c81fe1552e,True,1.0,1.0,1.0,1.0,1.0,1.0,1.0
1785,310fcecd57a95e06,True,0.0,1.0,0.0,0.0,1.0,0.5,0.0
1786,4167ff5049555a2f,True,1.0,1.0,0.7862886628128534,1.0,1.0,1.0,0.9109536095053556
1787,93d5e0dd29bc5e7c,True,0.0,1.0,0.0,0.0,1.0,1.0,0.0
1788,fae990c38c515aa9,True,1.0,1.0,0.6344755575694374,1.0,1.0,1.0,0.8476981489872656
1789,b12f2581dde259f4,True,1.0,1.0,0.7551981072525029,1.0,1.0,1.0,0.8979992113552097
1790,87339a4d32305504,True,0.5,0.0,0.0,0.0,1.0,1.0,0.0
1791,85406e57732a5121,True,1.0,1.0,0.781357557715674,1.0,1.0,1.0,0.9088989823815309
1792,f227c6775ba75451,True,1.0,1.0,0.6878597285976961,1.0,1.0,1.0,0.8699415535823732
1793,7515bed58abd5f21,True,1.0,1.0,0.9138534965516735,1.0,1.0,1.0,0.9641056235631972
1794,ab40048b88b257c3,True,1.0,1.0,1.0,0.0,1.0,1.0,0.5833333333333334
1795,614cdeb09cc25923,True,0.0,1.0,0.0,0.0,1.0,1.0,0.0
1796,0c8e3fd67ae45324,True,1.0,1.0,0.8990959593945996,1.0,1.0,1.0,0.9579566497477497
1797,8df9b515d98e5c38,True,1.0,1.0,0.8217680772826246,1.0,1.0,1.0,0.9257366988677602
1798,fa919203c245502d,True,0.0,1.0,0.0,0.0,1.0,1.0,0.0
1799,82f70d5f3a11576d,True,1.0,1.0,0.8313674987961448,1.0,1.0,1.0,0.929736457831727
1800,505f4ccbd00d5e99,True,1.0,1.0,1.0,1.0,1.0,1.0,1.0
1801,a2b2c80a9db75f5f,True,0.0,1.0,0.0,0.0,1.0,1.0,0.0
1802,b19f226d281e588a,True,1.0,1.0,0.7998401029509694,1.0,1.0,1.0,0.9166000428962372
1803,b0070f55eda95848,True,1.0,1.0,0.9522782194718644,1.0,1.0,1.0,0.9801159247799435
1804,4dca385d371c57fb,True,1.0,0.0,0.0,1.0,1.0,1.0,0.0
1805,08e03654c0ca5151,True,1.0,1.0,0.5389964038490471,1.0,1.0,1.0,0.8079151682704363
1806,cc9a87182a05533d,True,1.0,1.0,0.8080240541313537,1.0,1.0,1.0,0.9200100225547306
1807,7f0cd8a968f45cf9,True,1.0,1.0,0.5856181086894047,1.0,1.0,1.0,0.8273408786205853
1808,b53db7bbc74956ed,True,1.0,1.0,0.9140914003349891,1.0,1.0,1.0,0.9642047501395788
1809,14d112b14e9a5d5c,True,1.0,1.0,0.9778721365131611,1.0,1.0,1.0,0.9907800568804838
1810,3284cc6a78b05b9e,True,0.0,1.0,0.0,0.0,1.0,1.0,0.0
1811,e14711ef4d2f5000,True,1.0,1.0,0.5067811432460975,1.0,1.0,0.5,0.7944921430192072
1812,7b00e131a2885ecf,True,1.0,1.0,1.0,1.0,1.0,1.0,1.0
1813,26ca54769df65193,True,1.0,1.0,1.0,1.0,1.0,1.0,1.0
1814,4126aeb4289c593c,True,1.0,1.0,1.0,1.0,1.0,1.0,1.0
1815,d3322747793a5dda,True,0.0,1.0,0.0,0.0,1.0,1.0,0.0
1816,f77c053616475084,True,1.0,1.0,0.7247214570219361,1.0,1.0,1.0,0.8853006070924735
1817,4e2cc4b2c43055fe,True,1.0,1.0,0.5238019352298026,1.0,1.0,0.5,0.8015841396790844
1818,3e4c9c9e67545b03,True,1.0,1.0,0.6990817645711676,1.0,1.0,1.0,0.8746174019046532
1819,14e8d439dd5a5da0,True,0.0,1.0,0.0,0.0,1.0,0.0,0.0
1820,4b594a8e80915943,True,0.0,1.0,0.0,0.0,1.0,1.0,0.0
1821,a862b4e7cbc05869,True,1.0,1.0,1.0,1.0,1.0,1.0,1.0
1822,d01b6e67a995589c,True,1.0,1.0,0.867586510832539,1.0,1.0,1.0,0.9448277128468913
1823,79bba6381fb85a36,True,0.0,1.0,0.0,0.0,1.0,1.0,0.0
1824,52f07f442baa5fe5,True,0.0,1.0,0.0,0.0,1.0,1.0,0.0
1825,5594163f2d8751f6,True,1.0,1.0,1.0,1.0,1.0,1.0,1.0
1826,b7122fd86c855943,True,1.0,1.0,0.5725507917948031,1.0,1.0,1.0,0.8218961632478345
1827,42007c7edb945956,True,1.0,1.0,0.7039227692979819,1.0,1.0,1.0,0.8766344872074926
1828,c5c7922b844d592f,True,1.0,1.0,1.0,1.0,1.0,1.0,1.0
1829,16a40c5db95c5467,True,1.0,1.0,1.0,1.0,1.0,1.0,1.0
1830,5503e65e815a58c7,True,1.0,1.0,0.5134032337159624,1.0,1.0,1.0,0.797251347381651
1831,c447b75808ee5ea6,True,1.0,1.0,0.7891303632640619,1.0,1.0,1.0,0.9121376513600259
1832,d1d19175f88e5b2e,True,1.0,1.0,0.7714475685848047,1.0,1.0,1.0,0.9047698202436686
1833,c1e612a123d059d7,True,1.0,1.0,0.6027277904350724,1.0,1.0,1.0,0.8344699126812802
1834,c2cf2b10f7e953c4,True,1.0,1.0,1.0,1.0,1.0,1.0,1.0
1835,cd72b9f6b03f5f41,True,1.0,1.0,0.8905080143558498,1.0,1.0,1.0,0.9543783393149375
1836,150bfebecc525d57,True,1.0,0.0,0.0,0.0,1.0,1.0,0.0
1837,50fef67a5a9a5a4b,True,1.0,0.0,0.0,1.0,1.0,1.0,0.0
1838,11bf2d4580ab5bc2,True,1.0,1.0,0.9104780960080427,1.0,1.0,1.0,0.9626992066700177
1839,96c8893a610b51ba,True,1.0,1.0,0.8871994288751801,1.0,1.0,1.0,0.952999762031325
1840,aa1f80806fa35b9f,True,0.0,1.0,0.0,0.0,1.0,1.0,0.0
1841,6d7754fdda3a50a6,True,1.0,1.0,0.8871149868090006,1.0,1.0,0.5,0.9529645778370837
1842,2bf94996d2325e20,True,1.0,1.0,0.8543982360642246,1.0,1.0,1.0,0.9393325983600936
1843,ccb2ae93b23b5826,True,0.0,1.0,0.0,0.0,1.0,1.0,0.0
1844,68ece717ce6553e7,True,1.0,1.0,1.0,1.0,1.0,1.0,1.0
1845,f9c6e1eadcf45c37,True,0.0,1.0,0.0,0.0,1.0,1.0,0.0
1846,56e1329f01d95164,True,1.0,1.0,0.9681050046611427,1.0,1.0,1.0,0.9867104186088094
1847,69bedd73861656f1,True,1.0,1.0,0.6337512941508459,1.0,1.0,1.0,0.8473963725628524
1848,7767ce3fbd5f5f50,True,1.0,1.0,1.0,1.0,1.0,1.0,1.0
1849,8d06ea883e7853a9,True,1.0,1.0,0.7190170272854709,1.0,1.0,1.0,0.8829237613689461
1850,27e100e5fd605194,True,1.0,1.0,0.9091857308634143,1.0,1.0,1.0,0.9621607211930893
1851,8d21608fa8c354f1,True,1.0,0.0,0.0,1.0,1.0,1.0,0.0
1852,1cd73301d5745314,True,0.0,1.0,0.0,0.0,1.0,1.0,0.0
1853,5fe951e403f25012,True,0.0,1.0,0.0,0.0,1.0,1.0,0.0
1854,190e931f7a7a52dc,True,1.0,1.0,0.5033731579486939,1.0,1.0,1.0,0.7930721491452891
1855,644d0407ee0a5337,True,1.0,0.0,0.0,1.0,1.0,1.0,0.0
1856,81286af2aa9c5e17,True,1.0,0.0,0.0,1.0,1.0,0.5,0.0
1857,028d10ed5c105755,True,1.0,1.0,1.0,1.0,1.0,1.0,1.0
1858,1835975eaaf65843,True,1.0,1.0,1.0,1.0,1.0,1.0,1.0
1859,263367576c285a2a,True,1.0,1.0,1.0,1.0,1.0,1.0,1.0
1860,6fdde744b66451da,True,1.0,1.0,1.0,1.0,1.0,1.0,1.0
1861,c39af88ae1be534a,True,0.0,0.0,0.0,0.0,1.0,1.0,0.0
1862,2908ea54e9955267,True,1.0,1.0,0.7649073280854604,1.0,1.0,1.0,0.9020447200356084
1863,3466b16cf2c95855,True,1.0,1.0,1.0,1.0,1.0,1.0,1.0
1864,0a954cc695e751ab,True,1.0,1.0,0.7930754323165339,1.0,1.0,1.0,0.9137814301318891
1865,9243ca15a76e552f,True,1.0,1.0,0.9380074855669162,1.0,1.0,1.0,0.9741697856528817
1866,f105b1f7e3a65303,True,1.0,0.0,0.0,1.0,1.0,1.0,0.0
1867,c3634ce5c5535b16,True,1.0,1.0,0.8825019928556609,1.0,1.0,1.0,0.951042497023192
1868,0c0044f312655c94,True,1.0,1.0,0.38558165896429436,1.0,1.0,1.0,0.7439923579017892
1869,ffe92084016a5795,True,1.0,1.0,0.41030113941131857,1.0,1.0,1.0,0.7542921414213827
1870,4cc313afb2665204,True,1.0,1.0,0.8596030277887289,1.0,1.0,1.0,0.941501261578637
1871,42ba77cc2fb05229,True,1.0,1.0,0.9703652098616877,1.0,1.0,1.0,0.9876521707757032
1872,5d87c059eba15807,True,1.0,0.0,0.0,1.0,1.0,1.0,0.0
1873,b4ec906c4dbe5735,True,1.0,1.0,0.9605842854423672,1.0,1.0,1.0,0.9835767856009863
1874,38736da1e9dc51c8,True,1.0,1.0,0.8881774501304583,1.0,1.0,1.0,0.953407270887691
1875,d870256a3b185659,True,1.0,1.0,0.9730094737614247,1.0,1.0,1.0,0.9887539474005935
1876,79596c3c8ac45e5e,True,1.0,1.0,0.9124997214104438,1.0,1.0,1.0,0.963541550587685
1877,a8d904be723d5ab9,True,1.0,0.0,0.0,1.0,1.0,1.0,0.0
1878,667afe1f010351c5,True,1.0,1.0,1.0,0.0,1.0,1.0,0.5833333333333334
1879,2a04d84433e6576f,True,1.0,1.0,0.9178511849162857,1.0,1.0,1.0,0.9657713270484525
1880,3047f87f67555d16,True,1.0,1.0,1.0,1.0,1.0,1.0,1.0
1881,15faa071a7145ad6,True,1.0,1.0,0.6292424254322913,1.0,1.0,1.0,0.8455176772634547
1882,18e40fd61be753b9,True,0.5,0.0,0.0,0.0,1.0,1.0,0.0
1883,d21b22d6c0405ad7,True,1.0,0.0,0.0,1.0,1.0,1.0,0.0
1884,ca7e845b9c19597c,True,1.0,1.0,0.6592343216327854,1.0,1.0,1.0,0.8580143006803272
1885,283f93bc73b2571b,True,1.0,1.0,1.0,0.0,1.0,1.0,0.5833333333333334
1886,ad0beea498f15978,True,1.0,1.0,0.7519244239198403,1.0,1.0,1.0,0.8966351766332669
1887,9726171368175cc6,True,1.0,1.0,1.0,1.0,1.0,1.0,1.0
1888,df7662125da1513f,True,1.0,1.0,1.0,1.0,1.0,1.0,1.0
1889,bcc94c5142785550,True,1.0,1.0,0.7375964730718133,1.0,1.0,0.0,0.8906651971132554
1890,b02bf210eda55579,True,1.0,0.0,0.0,1.0,1.0,1.0,0.0
1891,303d452ddd2d58d1,True,1.0,1.0,0.9690704847574969,1.0,1.0,1.0,0.9871127019822904
1892,1d3700dc6c9950e0,True,1.0,0.0,0.0,1.0,1.0,1.0,0.0
1893,625a015c1f7c5170,True,1.0,1.0,1.0,0.0,1.0,0.0,0.5833333333333334
1894,25b5cecdb3b75e7c,True,1.0,1.0,1.0,1.0,1.0,1.0,1.0
1895,af94f29d37e55b02,True,1.0,1.0,0.7121943742813183,1.0,1.0,1.0,0.8800809892838827
1896,447a983c9fc45077,True,1.0,1.0,1.0,1.0,1.0,1.0,1.0
1897,b637b5849b475a18,True,1.0,1.0,0.8107280694575185,1.0,1.0,1.0,0.9211366956072994
1898,0225c61734025867,True,1.0,1.0,0.9579165441677717,1.0,1.0,1.0,0.9824652267365716
1899,131c6cc5af9c58b6,True,1.0,1.0,0.8155227411779241,1.0,1.0,0.5,0.9231344754908019
1900,fab1fef0e2dc57cd,True,0.0,1.0,0.0,0.0,1.0,1.0,0.0
1901,b1cb5523e43b594a,True,1.0,1.0,0.7490954779966551,1.0,1.0,1.0,0.8954564491652729
1902,18ca4d6e9c0a576b,True,1.0,0.0,0.0,1.0,1.0,1.0,0.0
1903,06753f6c597f512b,True,0.5,0.0,0.0,0.0,1.0,1.0,0.0
1904,7c4757c2c9675f2b,True,1.0,0.0,0.0,1.0,1.0,1.0,0.0
1905,7d6c25f47aa658e8,True,1.0,1.0,1.0,1.0,1.0,1.0,1.0
1906,e40b2bf57fa5576f,True,1.0,1.0,0.8027548463813577,1.0,1.0,1.0,0.9178145193255657
1907,54718dd05cad553a,True,1.0,1.0,1.0,1.0,1.0,1.0,1.0
1908,7346e23546d15b29,True,1.0,1.0,0.6954362246176551,1.0,1.0,1.0,0.873098426924023
1909,e2ae05340dba502d,True,1.0,0.0,0.0,1.0,1.0,0.5,0.0
1910,5a90354cbaa45cc2,True,1.0,1.0,0.7589224810311817,0.0,1.0,1.0,0.48288436709632565
1911,407bc420086a58f6,True,1.0,0.0,0.0,1.0,1.0,1.0,0.0
1912,641e208507255987,True,1.0,1.0,0.8129746612271113,1.0,1.0,1.0,0.9220727755112964
1913,5bfd2094e1ed528c,True,1.0,1.0,1.0,1.0,1.0,1.0,1.0
1914,c472d369df235104,True,1.0,1.0,0.9545422605902326,1.0,1.0,1.0,0.9810592752459302
1915,ff1a4e51e3f558ce,True,1.0,1.0,0.737697356102164,1.0,1.0,1.0,0.8907072317092349
1916,ffcc0535b4fa5628,True,1.0,1.0,0.8076104587597708,1.0,1.0,1.0,0.9198376911499045
1917,1ec7ff5bb8cf5477,True,1.0,1.0,0.8937304886277357,1.0,1.0,1.0,0.9557210369282232
1918,e27870f87c3656b1,True,1.0,0.0,0.0,1.0,1.0,1.0,0.0
1919,10d172af1ba359a2,True,1.0,1.0,0.9666686860881532,1.0,1.0,1.0,0.9861119525367306
1920,89e02236312d5038,True,1.0,0.0,0.0,1.0,1.0,1.0,0.0
1921,2218fd73bd8d54da,True,1.0,1.0,0.8609755040311617,1.0,1.0,1.0,0.9420731266796508
1922,f94d84bd174d59ce,True,1.0,0.0,0.0,1.0,1.0,1.0,0.0
1923,426cc213a80352f9,True,1.0,1.0,0.9042731591974199,1.0,1.0,1.0,0.9601138163322583
1924,d37afaf062ea5835,True,1.0,1.0,0.6677922173358805,1.0,1.0,1.0,0.8615800905566169
1925,bc3d973c3543556c,True,1.0,1.0,0.8284975466382059,1.0,1.0,1.0,0.9285406444325858
1926,21ef33c75fee5561,True,1.0,1.0,0.8490316031638171,1.0,1.0,1.0,0.9370965013182572
1927,4ca0e98b86fb5377,True,1.0,1.0,1.0,1.0,1.0,1.0,1.0
1928,7c8900e0a2ef5024,True,1.0,0.0,0.0,1.0,1.0,0.5,0.0
1929,04c8cad554925432,True,1.0,1.0,0.7838735326338605,1.0,1.0,1.0,0.9099473052641085
1930,088cebb101bf5ed6,True,1.0,1.0,1.0,1.0,1.0,1.0,1.0
1931,59ced21f109a5320,True,1.0,1.0,1.0,1.0,1.0,1.0,1.0
1932,a3af72210c7553c4,True,1.0,1.0,1.0,0.0,1.0,1.0,0.5833333333333334
1933,e393bc5cafe95872,True,1.0,0.0,0.0,1.0,1.0,1.0,0.0
1934,bc23c66181b15e25,True,1.0,1.0,0.9548334313872622,1.0,1.0,1.0,0.9811805964113592
1935,f9b16eaee3b956a3,True,1.0,1.0,1.0,1.0,1.0,1.0,1.0
1936,cae6cbccfd535659,True,1.0,1.0,0.5105118818739117,1.0,1.0,1.0,0.7960466174474633
1937,1d538fa6a8825de1,True,1.0,1.0,1.0,1.0,1.0,1.0,1.0
1938,9d02128f653455a3,True,1.0,1.0,1.0,0.0,1.0,1.0,0.5833333333333334
1939,a2047f9cb3865b75,True,1.0,1.0,0.3017216626926544,1.0,1.0,1.0,0.709050692788606
1940,65ae67808d1f5de5,True,1.0,1.0,1.0,0.0,1.0,1.0,0.5833333333333334
1941,e805310ff3055efa,True,1.0,1.0,1.0,0.0,1.0,1.0,0.5833333333333334
1942,d6e4774d5cc65309,True,1.0,1.0,1.0,1.0,1.0,1.0,1.0
1943,242d17bd2af15992,True,1.0,1.0,0.924124941467986,1.0,1.0,1.0,0.9683853922783275
1944,3968f1bc11085a70,True,1.0,1.0,0.8391842398708298,1.0,1.0,1.0,0.9329934332795125
1945,3e09adf2d7055216,True,1.0,1.0,1.0,1.0,1.0,1.0,1.0
1946,731f133ce3055d30,True,1.0,0.0,0.0,1.0,1.0,1.0,0.0
1947,566394b6f104598e,True,1.0,1.0,0.8485944599307231,1.0,1.0,1.0,0.936914358304468
1948,0748764d9de454ea,True,1.0,1.0,1.0,1.0,1.0,1.0,1.0
1949,5ee6f86b7dec5484,True,1.0,1.0,1.0,1.0,1.0,1.0,1.0
1950,29af925fc44b5380,True,1.0,1.0,0.9223505905361602,1.0,1.0,1.0,0.9676460793900667
1951,5e9e03ce875059ed,True,1.0,1.0,0.8255647647632521,1.0,1.0,1.0,0.9273186519846884
1952,c20652fc6a78529b,True,1.0,1.0,0.8600618643000505,1.0,1.0,1.0,0.9416924434583543
1953,16f3b92e5d56573a,True,1.0,1.0,1.0,0.0,1.0,1.0,0.5833333333333334
1954,2b5dabfa534156c0,True,1.0,1.0,0.8359048819511953,1.0,1.0,1.0,0.9316270341463314
1955,6ed328b05b54553e,True,1.0,1.0,0.6315926656586429,1.0,1.0,1.0,0.8464969440244344
1956,19cee80b71525f86,True,1.0,1.0,0.9277051079268518,1.0,1.0,1.0,0.9698771283028549
1957,a28aff9148b55b3b,True,1.0,1.0,1.0,1.0,1.0,1.0,1.0
1958,1dc0a266d7ea5c61,True,1.0,1.0,0.588328630110608,1.0,1.0,1.0,0.8284702625460866
1959,7d80c95c24645b06,True,1.0,1.0,1.0,1.0,1.0,1.0,1.0
1960,54ed7e46291c5fcf,True,1.0,1.0,0.7922528313888287,1.0,1.0,1.0,0.9134386797453452
1961,7bea1ee3e6bc584d,True,1.0,1.0,1.0,1.0,1.0,1.0,1.0
1962,88152114a47d5175,True,0.0,1.0,0.0,0.0,1.0,1.0,0.0
1963,38b7b1afe2bf516b,True,1.0,1.0,0.6104282217238107,1.0,1.0,1.0,0.8376784257182545
1964,a0c719046be7530e,True,1.0,0.0,0.0,1.0,1.0,1.0,0.0
1965,9a94341d994d5ec9,True,1.0,1.0,0.9034049842038485,0.0,1.0,1.0,0.5430854100849368
1966,fe71d216396c5ab3,True,1.0,1.0,1.0,1.0,1.0,1.0,1.0
1967,b7598f311c365e95,True,1.0,1.0,0.8949738021198043,1.0,1.0,1.0,0.9562390842165852
1968,9ba21cb552c35238,True,1.0,0.0,0.0,1.0,1.0,0.5,0.0
1969,f67e431f781659eb,True,1.0,1.0,0.6438958489219004,1.0,1.0,1.0,0.8516232703841252
1970,618902d469b5516e,True,1.0,0.0,0.0,1.0,1.0,1.0,0.0
1971,9e1be9753cf75e57,True,1.0,1.0,0.6887462710942941,1.0,1.0,1.0,0.8703109462892892
1972,85164858b3e55841,True,1.0,1.0,0.872651346294929,1.0,1.0,1.0,0.9469380609562205
1973,889aac2576295c91,True,0.0,1.0,0.0,0.0,1.0,1.0,0.0
1974,cdc469758f7c502b,True,1.0,1.0,1.0,1.0,1.0,1.0,1.0
1975,51c2558524435a31,True,1.0,1.0,0.9900096256605891,1.0,1.0,1.0,0.9958373440252455
1976,aa34b08bfad85fac,True,1.0,1.0,0.8848414753175605,1.0,1.0,1.0,0.9520172813823168
1977,7edfabe116e25844,True,1.0,1.0,1.0,1.0,1.0,1.0,1.0
1978,54d9604b5b265c99,True,1.0,1.0,0.8033358803295573,1.0,1.0,1.0,0.9180566168039821
1979,c0fb4281da785582,True,1.0,0.0,0.0,1.0,1.0,1.0,0.0
1980,3b10bf025bd65e4b,True,1.0,1.0,1.0,1.0,1.0,1.0,1.0
1981,9c0cc184e0895e70,True,1.0,1.0,0.7808111650698257,1.0,1.0,1.0,0.9086713187790941
1982,5143553713f05db3,True,1.0,1.0,0.9171103150380236,1.0,1.0,1.0,0.9654626312658432
1983,21bd985c9d7155e5,True,0.0,1.0,0.0,0.0,1.0,1.0,0.0
1984,06091e78878d510e,True,1.0,1.0,1.0,0.0,1.0,1.0,0.5833333333333334
1985,be0064dac5f85957,True,1.0,1.0,0.8076060993665121,1.0,1.0,1.0,0.9198358747360467
1986,e1d5cb7ac38f5038,True,0.0,1.0,0.0,0.0,1.0,1.0,0.0
1987,ec044ac1af1655be,True,1.0,1.0,1.0,1.0,1.0,1.0,1.0
1988,ea3766d0f2985fc8,True,1.0,1.0,1.0,1.0,1.0,1.0,1.0
1989,bf80166d9d045752,True,1.0,1.0,0.8884984285507633,1.0,1.0,1.0,0.9535410118961515
1990,caaf011808a15c9e,True,1.0,1.0,0.8239620554353988,1.0,1.0,1.0,0.9266508564314161
1991,45c4158a235e514a,True,0.0,1.0,0.0,0.0,1.0,1.0,0.0
1992,c3c6442b2f525269,True,1.0,1.0,0.9230155337631641,1.0,1.0,1.0,0.9679231390679851
1993,895513fa202c506f,True,1.0,1.0,1.0,1.0,1.0,1.0,1.0
1994,553c80b72cdc5c04,True,1.0,1.0,0.8665585035173619,1.0,1.0,1.0,0.9443993764655675
1995,67c2aef1f35a523e,True,1.0,1.0,1.0,1.0,1.0,1.0,1.0
1996,41470fb14dab5d99,True,1.0,1.0,0.8862685965006186,1.0,1.0,1.0,0.9526119152085911
1997,fb43d35afc375bb2,True,1.0,1.0,1.0,1.0,1.0,1.0,1.0
1998,be503a7ef2805c88,True,1.0,1.0,1.0,1.0,1.0,1.0,1.0
1999,9678b0cccb565681,True,1.0,1.0,1.0,1.0,1.0,1.0,1.0
2000,cce0795c7ff05129,True,1.0,1.0,0.9814931661002412,1.0,1.0,1.0,0.9922888192084338
2001,e1ea05ca230f5c42,True,1.0,1.0,0.9421205415094533,1.0,1.0,1.0,0.9758835589622722
2002,f0b762b8c08b5ff0,True,1.0,1.0,1.0,1.0,1.0,1.0,1.0
2003,a4cd60ef102957cb,True,1.0,1.0,0.8477681412786278,1.0,1.0,1.0,0.9365700588660949
2004,2d55129330045d3f,True,1.0,1.0,1.0,1.0,1.0,1.0,1.0
2005,71bacc65bda2569c,True,1.0,1.0,1.0,1.0,1.0,1.0,1.0
2006,3a243db0d1d15fcf,True,1.0,1.0,0.5835247251941451,1.0,1.0,1.0,0.8264686354975606
2007,6157148c5fa25838,True,1.0,1.0,0.9858251363321924,1.0,1.0,1.0,0.9940938068050801
2008,7a7e8074ee5c5389,True,0.0,1.0,0.0,0.0,1.0,1.0,0.0
2009,794584aa724a55f4,True,1.0,1.0,1.0,0.0,1.0,1.0,0.5833333333333334
2010,c823f9a693a05d93,True,1.0,1.0,0.9632397477140964,1.0,1.0,1.0,0.9846832282142067
2011,55dab3d9ebd95046,True,1.0,1.0,0.6884401200653094,1.0,1.0,1.0,0.8701833833605456
2012,5d47863332065766,True,1.0,1.0,0.9950368258896115,1.0,1.0,1.0,0.9979320107873381
2013,77919997d5c352d8,True,1.0,1.0,1.0,0.0,1.0,1.0,0.5833333333333334
2014,fe55e4c568a753a9,True,1.0,1.0,0.9722596768013612,1.0,1.0,1.0,0.9884415320005671
2015,c9f8032d2d725257,True,1.0,1.0,1.0,1.0,1.0,1.0,1.0
2016,7f47c3fca9075a31,True,1.0,1.0,0.8516089324448833,0.0,1.0,1.0,0.5215037218520348
2017,ceb9332b03d3577b,True,1.0,1.0,0.77807668701989,1.0,1.0,0.5,0.9075319529249541
2018,dc2a5d567a8e5f17,True,1.0,1.0,0.7939104509402636,1.0,1.0,1.0,0.9141293545584431
2019,93b0ff5c4c5c507e,True,1.0,1.0,1.0,1.0,1.0,1.0,1.0
2020,b9c124bdb19956b7,True,1.0,1.0,1.0,1.0,1.0,1.0,1.0
2021,f1cc8f05115d5db6,True,1.0,1.0,0.7987954634784543,0.0,1.0,1.0,0.4994981097826893
2022,f465e74f13e652ce,True,1.0,1.0,0.979890170306416,1.0,1.0,0.0,0.99162090429434
2023,463c7c8c669d57cf,True,1.0,1.0,0.8885368460129253,1.0,1.0,1.0,0.9535570191720523
2024,6074e965781b510e,True,1.0,0.0,0.0,1.0,1.0,1.0,0.0
2025,average,True,0.9071604938271605,0.8775308641975309,0.6901698420417116,0.8098765432098766,1.0,0.9590123456790124,0.7140452297546296
