{
  "n_samples": 7200,
  "state_dim": 2048,
  "active_k": 21,
  "iso_ratio_global": 1.9610022117059773e-08,
  "cond_number_global": 100000000.0,
  "cov_effective_rank": 24.932906896376434,
  "participation_ratio_global": 4.917794050752314,
  "iso_ratio_active": 0.2499080066202479,
  "cond_number_active": 246.32137403849057,
  "rms_offdiag_corr": 0.4279950661823714,
  "n_active_coords": 2032,
  "iso_threshold": 0.5,
  "corr_threshold": 0.1,
  "verdict": "NOT-YET-ADMISSIBLE: active-subspace anisotropy (iso_ratio_active=0.250 < 0.5; cond_active=246.3); coordinate correlation (rms_offdiag=0.428 > 0.1). SIGReg has not reached its isotropic-Gaussian target within the active subspace (k=21) on this checkpoint, so the 2605.26379 optimal-planning guarantee is not licensed. The `spectral.py` spectrum stays DESCRIPTIVE (rank/knee), but the D-021 'optimal' interpretation must wait for a checkpoint whose readout isotropy has converged. (Expect iso to rise with SIGReg training \u2014 re-measure at the final Stage-0 ckpt.)",
  "top_eigs": [
    616.109106482505,
    295.85385161060174,
    261.49459936585606,
    157.72358959798424,
    92.03600595689798,
    68.84961460832591,
    42.757074857324376,
    35.275476019745575,
    18.64634207847665,
    14.481714992659683,
    11.206739228798185,
    10.536682942998548,
    8.58672499381714,
    6.685258953573115,
    6.040659747216737,
    5.3100463874614565,
    4.592493656333567,
    3.9363204852216125,
    3.516884961131497,
    2.6968696112281303,
    2.5012409454415874
  ],
  "checkpoint_step": 6500,
  "n_episodes": 24,
  "DIAGNOSTIC_NOTE": "early-checkpoint isotropy = diagnostic (has SIGReg's target converged?); decision-grade admissibility needs the final ckpt"
}