{
  "n_windows": 3241,
  "n_fast": 2600,
  "n_brake_near": 157,
  "n_brake_far": 23,
  "n_cruise": 1283,
  "drop_threshold_mps": 2.0,
  "drop_far_threshold_mps": 1.5,
  "vmin_mps": 5.0,
  "brake_near": {
    "auroc_informed": 0.9834980964660645,
    "auroc_held": 0.9677705764770508,
    "auroc_blind": 0.9449340105056763,
    "auroc_gt_oracle": 0.9972447156906128,
    "auroc_reactive": 0.9379886984825134,
    "ci95_informed": [
      0.977,
      0.989
    ],
    "ci95_held": [
      0.957,
      0.977
    ],
    "ci95_blind": [
      0.927,
      0.96
    ],
    "ci95_gt_oracle": [
      0.996,
      0.999
    ],
    "ci95_reactive": [
      0.902,
      0.969
    ],
    "median_v0_event": 10.18234634399414,
    "median_v0_cruise": 17.336965560913086,
    "median_informed_event": 1.9661006927490234,
    "median_held_event": 1.637068748474121,
    "median_blind_event": 1.0398502349853516,
    "median_gt_oracle_event": 3.22159481048584,
    "median_reactive_event": 1.1938533782958984,
    "median_informed_cruise": -0.8110389709472656,
    "median_held_cruise": -0.8080062866210938,
    "median_blind_cruise": -0.705322265625,
    "median_gt_oracle_cruise": 0.00910186767578125,
    "median_reactive_cruise": -0.00426483154296875
  },
  "brake_far": {
    "auroc_informed": 0.8687518835067749,
    "auroc_held": 0.8207326531410217,
    "auroc_blind": 0.686366856098175,
    "auroc_gt_oracle": 0.6265885233879089,
    "auroc_reactive": 0.42390456795692444,
    "ci95_informed": [
      0.799,
      0.919
    ],
    "ci95_held": [
      0.702,
      0.917
    ],
    "ci95_blind": [
      0.546,
      0.824
    ],
    "ci95_gt_oracle": [
      0.472,
      0.766
    ],
    "ci95_reactive": [
      0.249,
      0.606
    ],
    "median_v0_event": 8.936457633972168,
    "median_v0_cruise": 17.336965560913086,
    "median_informed_event": 0.12514686584472656,
    "median_held_event": 0.1705608367919922,
    "median_blind_event": 0.06843280792236328,
    "median_gt_oracle_event": 0.36768341064453125,
    "median_reactive_event": -0.2526073455810547,
    "median_informed_cruise": -0.8110389709472656,
    "median_held_cruise": -0.8080062866210938,
    "median_blind_cruise": -0.705322265625,
    "median_gt_oracle_cruise": 0.00910186767578125,
    "median_reactive_cruise": -0.00426483154296875
  },
  "ade2s_m": {
    "informed": 0.899016261100769,
    "held": 1.1947625875473022,
    "blind": 1.2637970447540283,
    "cv": 1.7419031858444214
  },
  "model": "flagship-30k",
  "ckpt": "/root/models/flagship-30k/ckpt.pt",
  "episodes": 40,
  "stride": 2,
  "wallclock_s": 349.3,
  "val": "/root/valdata/physicalai-val-0c5f7dac3b11"
}