{
  "n_windows": 8384,
  "n_fast": 7925,
  "n_brake_near": 209,
  "n_brake_far": 45,
  "n_cruise": 4640,
  "drop_threshold_mps": 2.0,
  "drop_far_threshold_mps": 1.5,
  "vmin_mps": 5.0,
  "brake_near": {
    "auroc_informed": 0.9964722990989685,
    "auroc_held": 0.9781703948974609,
    "auroc_blind": 0.9690799713134766,
    "auroc_gt_oracle": 0.9988852739334106,
    "auroc_reactive": 0.9374623894691467,
    "ci95_informed": [
      0.995,
      0.998
    ],
    "ci95_held": [
      0.968,
      0.986
    ],
    "ci95_blind": [
      0.954,
      0.981
    ],
    "ci95_gt_oracle": [
      0.998,
      1.0
    ],
    "ci95_reactive": [
      0.911,
      0.963
    ],
    "median_v0_event": 12.915583610534668,
    "median_v0_cruise": 29.10712432861328,
    "median_informed_event": 1.6170539855957031,
    "median_held_event": 1.2254924774169922,
    "median_blind_event": 0.30860137939453125,
    "median_gt_oracle_event": 2.8977432250976562,
    "median_reactive_event": 1.0135078430175781,
    "median_informed_cruise": -1.3430328369140625,
    "median_held_cruise": -1.3503494262695312,
    "median_blind_cruise": -1.3418693542480469,
    "median_gt_oracle_cruise": 0.026065826416015625,
    "median_reactive_cruise": -0.00098419189453125
  },
  "brake_far": {
    "auroc_informed": 0.8693486452102661,
    "auroc_held": 0.7763505578041077,
    "auroc_blind": 0.683563232421875,
    "auroc_gt_oracle": 0.6399521231651306,
    "auroc_reactive": 0.5497413873672485,
    "ci95_informed": [
      0.804,
      0.925
    ],
    "ci95_held": [
      0.689,
      0.85
    ],
    "ci95_blind": [
      0.596,
      0.761
    ],
    "ci95_gt_oracle": [
      0.536,
      0.745
    ],
    "ci95_reactive": [
      0.454,
      0.654
    ],
    "median_v0_event": 18.212766647338867,
    "median_v0_cruise": 29.10712432861328,
    "median_informed_event": -0.575469970703125,
    "median_held_event": -0.7838935852050781,
    "median_blind_event": -1.0538549423217773,
    "median_gt_oracle_event": 0.1810455322265625,
    "median_reactive_event": 0.0037975311279296875,
    "median_informed_cruise": -1.3430328369140625,
    "median_held_cruise": -1.3503494262695312,
    "median_blind_cruise": -1.3418693542480469,
    "median_gt_oracle_cruise": 0.026065826416015625,
    "median_reactive_cruise": -0.00098419189453125
  },
  "ade2s_m": {
    "informed": 1.7552000284194946,
    "held": 1.874316692352295,
    "blind": 1.853148341178894,
    "cv": 1.3024367094039917
  },
  "model": "flagship-30k",
  "ckpt": "/root/models/flagship-30k/ckpt.pt",
  "episodes": 64,
  "stride": 2,
  "wallclock_s": 1358.6,
  "val": "/root/valdata/comma2k19-val-76b6e94a97a1"
}