{
  "d9": {},
  "final": {
    "step": 1999,
    "loss": 1.067347526550293,
    "pred": 0.2391032874584198,
    "tac": 0.0,
    "roll": 0.0,
    "sigreg": 8.183018684387207,
    "inv": 0.01988488808274269,
    "h15": 0.0,
    "erank": 39.5,
    "dim_std": 0.91843,
    "step_ratio": 0.17013,
    "lr": 2.050471361370043e-10
  },
  "wallclock_s": 674.515294790268,
  "device": "cuda",
  "n_params": 11743554,
  "instruments": {
    "I2_batch_consistency_pass": true,
    "I2_max_rel_dev": 6.405554131561075e-07,
    "I3_split": "episode-level",
    "I4_imag_relative": 4.232888221740723
  }
}