{
  "d9": {},
  "final": {
    "step": 1999,
    "loss": 1.126646637916565,
    "pred": 0.19948820769786835,
    "tac": 0.0,
    "roll": 0.06752651184797287,
    "sigreg": 8.848262786865234,
    "inv": 0.017137765884399414,
    "h15": 0.0,
    "erank": 40.1,
    "dim_std": 0.91386,
    "step_ratio": 0.14683,
    "lr": 2.050471361370043e-10
  },
  "wallclock_s": 748.8885307312012,
  "device": "cuda",
  "n_params": 11743554,
  "instruments": {
    "I2_batch_consistency_pass": true,
    "I2_max_rel_dev": 3.7191247770351765e-07,
    "I3_split": "episode-level",
    "I4_imag_relative": 1.1570837497711182
  }
}