{
  "d9": {
    "hidden_cosine": 0.9464443922042847,
    "shuffled_cosine": 0.9354538321495056,
    "calibration_gap": -0.33956217765808105
  },
  "final": {
    "step": 299,
    "loss": 2.4604172706604004,
    "pred": 0.2565540373325348,
    "tac": 0.6710286140441895,
    "sigreg": 17.406780242919922,
    "inv": 0.44034644961357117,
    "h15": -0.1850048005580902,
    "lr": 4.4999999999999996e-05
  },
  "wallclock_s": 6152.110277891159,
  "device": "cuda",
  "n_params": 261115525,
  "instruments": {
    "I2_batch_consistency_pass": false,
    "I2_max_rel_dev": 0.0008757616160437465,
    "I3_split": "episode-level",
    "I4_imag_relative": 2.948416233062744
  }
}