no_at_fault_collisions,drivable_area_compliance,driving_direction_compliance,traffic_light_compliance,ego_progress,time_to_collision_within_bound,lane_keeping,history_comfort,multiplicative_metrics_prod,weighted_metrics,weighted_metrics_array,pdm_score,valid,log_name,frame_type,start_time,endpoint_x,endpoint_y,start_point_x,start_point_y,token
1.0,0.0,1.0,1.0,0.7193691874333087,1.0,1.0,1.0,0.0,[0.71936919 1.         1.         1.         0.        ],[5. 5. 2. 2. 2.],0.0,True,2021.10.06.08.16.17_veh-52_01949_02501,0,1633510636.200337,364941.7963501215,143331.5099331434,364952.0110358778,143322.8325520773,2391f12d7e6a5e7f
1.0,1.0,1.0,1.0,1.0,1.0,1.0,1.0,1.0,[1. 1. 1. 1. 0.],[5. 5. 2. 2. 2.],0.0,True,2021.09.29.19.02.14_veh-28_02911_03005,0,1632945157.7996979,331573.13020709954,4689339.491744017,331601.721969442,4689330.118968012,5f53001e7e2d5347
1.0,1.0,1.0,1.0,1.0,1.0,1.0,1.0,1.0,[1. 1. 1. 1. 0.],[5. 5. 2. 2. 2.],0.0,True,2021.08.30.16.16.44_veh-40_01099_01351,0,1630341461.500154,331665.92167940194,4690765.039066017,331659.6328328321,4690785.70411436,a97ceb2edd0251f9
1.0,0.0,1.0,1.0,0.7319606165092418,1.0,1.0,1.0,0.0,[0.73196062 1.         1.         1.         0.        ],[5. 5. 2. 2. 2.],0.0,True,2021.10.06.07.26.10_veh-52_02208_02394,0,1633507604.199972,365050.3268317987,143918.6545457181,365053.06098572706,143946.67447936133,e46762b07ca45b74
1.0,0.0,1.0,1.0,0.8975319815358423,1.0,1.0,1.0,0.0,[0.89753198 1.         1.         1.         0.        ],[5. 5. 2. 2. 2.],0.0,True,2021.10.06.08.16.17_veh-52_01949_02501,0,1633510635.700551,364941.04392505833,143332.67255979954,364953.089464652,143322.98444637738,c195a8cb7ccb59fd
1.0,1.0,1.0,1.0,1.0,1.0,1.0,1.0,1.0,[1. 1. 1. 1. 0.],[5. 5. 2. 2. 2.],1.0,True,2021.09.16.21.13.37_veh-42_00172_00347,0,1631827117.6998,588619.9167272686,4475740.898505903,588622.3623674614,4475714.26696306,1981a85eb4ba5001
1.0,1.0,1.0,1.0,1.0,1.0,1.0,1.0,1.0,[1. 1. 1. 1. 0.],[5. 5. 2. 2. 2.],1.0,True,2021.06.28.16.29.11_veh-38_03263_03766,0,1624901545.299866,664173.7096333954,3997407.010816416,664178.0659224319,3997413.095712444,686b55439d5e591e
1.0,1.0,1.0,1.0,0.9152994186748027,1.0,1.0,1.0,1.0,[0.91529942 1.         1.         1.         0.        ],[5. 5. 2. 2. 2.],0.9697497923838581,True,2021.09.16.13.53.10_veh-42_00180_00342,0,1631800696.400497,589219.7843613678,4474326.073554091,589226.7606764956,4474287.348752344,689abfdd66235378
1.0,1.0,1.0,1.0,0.9181123817226992,1.0,1.0,1.0,1.0,[0.91811238 1.         1.         1.         0.        ],[5. 5. 2. 2. 2.],0.970754422043821,True,2021.09.16.13.53.10_veh-42_00180_00342,0,1631800696.900168,589218.7275085979,4474330.817256942,589226.0944801508,4474292.171116349,a312f24a197d530c
1.0,0.0,1.0,1.0,0.7912121531018118,1.0,1.0,1.0,0.0,[0.79121215 1.         1.         1.         0.        ],[5. 5. 2. 2. 2.],0.0,True,2021.10.06.07.26.10_veh-52_00006_00398,0,1633505521.1996589,365144.1224046343,143388.24100914283,365123.01474009705,143391.44075959484,599c8b2bc9b252a7
1.0,0.0,0.5,1.0,0.7322587746898487,1.0,1.0,1.0,0.0,[0.73225877 1.         1.         1.         0.        ],[5. 5. 2. 2. 2.],0.0,True,2021.10.06.08.16.17_veh-52_00612_00782,0,1633508983.700402,365135.89934506296,144122.08648734176,365152.1716694888,144145.40558604378,25e9d76574075cee
0.0,0.0,0.5,1.0,0.6360347323687033,0.0,1.0,1.0,0.0,[0.63603473 0.         1.         1.         0.        ],[5. 5. 2. 2. 2.],0.0,True,2021.10.06.08.16.17_veh-52_01949_02501,0,1633510201.200161,365603.97437716473,143268.1004049779,365587.39306425606,143278.8386719886,20728d3e677b593d
1.0,1.0,1.0,1.0,1.0,1.0,1.0,1.0,1.0,[1. 1. 1. 1. 0.],[5. 5. 2. 2. 2.],1.0,True,2021.09.16.14.39.34_veh-42_00297_00935,0,1631803539.699729,588737.2677928746,4475412.448178673,588767.2392173391,4475373.758688426,e024bd23594b5a13
1.0,0.0,1.0,1.0,1.0,1.0,1.0,1.0,0.0,[1. 1. 1. 1. 0.],[5. 5. 2. 2. 2.],0.0,True,2021.10.06.07.26.10_veh-52_00772_00917,0,1633506037.200417,365742.87846577546,143937.4103514802,365727.4581180522,143942.78180965874,a7d3076a7b7b58b2
1.0,1.0,1.0,1.0,1.0,1.0,1.0,1.0,1.0,[1. 1. 1. 1. 0.],[5. 5. 2. 2. 2.],1.0,True,2021.08.30.16.16.44_veh-40_00256_00716,0,1630340549.499431,331073.0265422078,4690744.249139278,331089.24587773206,4690730.222804875,262333f372975eef
1.0,1.0,1.0,1.0,1.0,1.0,0.0,1.0,1.0,[1. 1. 0. 1. 0.],[5. 5. 2. 2. 2.],0.8571428571428571,True,2021.06.03.13.55.17_veh-35_02866_03582,0,1622745879.1012368,664213.6048227041,3997420.735462151,664233.2117904078,3997405.423263525,c9ca538cb3235e43
1.0,1.0,1.0,1.0,1.0,1.0,1.0,1.0,1.0,[1. 1. 1. 1. 0.],[5. 5. 2. 2. 2.],1.0,True,2021.09.16.14.39.34_veh-42_01609_01687,0,1631804858.1996238,588940.8623405058,4474925.384824343,588925.737396421,4474972.854026498,e7f8a61d807f5914
1.0,0.0,0.5,1.0,1.0,1.0,0.0,1.0,0.0,[1. 1. 0. 1. 0.],[5. 5. 2. 2. 2.],0.0,True,2021.09.29.19.02.14_veh-28_00964_01689,0,1632943672.299804,330878.8829058848,4691084.711129472,330884.59165889374,4691069.560382643,f23073987e7956e3
1.0,0.0,1.0,1.0,1.0,1.0,1.0,1.0,0.0,[1. 1. 1. 1. 0.],[5. 5. 2. 2. 2.],0.0,True,2021.09.16.21.13.37_veh-42_00172_00347,0,1631827117.199802,588622.9400194002,4475737.612714787,588620.9687915137,4475711.935933683,5d7c7edca69d5e73
1.0,1.0,1.0,1.0,1.0,1.0,1.0,1.0,1.0,[1. 1. 1. 1. 0.],[5. 5. 2. 2. 2.],1.0,True,2021.09.16.15.12.03_veh-42_01037_01434,0,1631806649.999665,588064.1691519198,4475735.4778805,588024.2413856064,4475703.4935289975,1c5c2e372dc954cd
1.0,1.0,1.0,1.0,1.0,1.0,1.0,1.0,1.0,[1. 1. 1. 1. 0.],[5. 5. 2. 2. 2.],0.8571428571428571,True,2021.10.06.07.26.10_veh-52_00006_00398,0,1633505520.6999378,365141.62593374285,143387.92871704025,365121.05197670264,143390.6700474759,36899d67473c5c91
1.0,0.0,1.0,1.0,0.8423972498805681,1.0,0.0,1.0,0.0,[0.84239725 1.         0.         1.         0.        ],[5. 5. 2. 2. 2.],0.0,True,2021.08.30.13.45.25_veh-40_01116_01336,0,1630332368.501016,331328.5203950449,4690988.967519461,331306.527869889,4691001.586130526,1c77ba7488d35c52
1.0,0.0,0.5,1.0,1.0,1.0,1.0,1.0,0.0,[1. 1. 1. 1. 0.],[5. 5. 2. 2. 2.],0.0,True,2021.06.28.20.24.43_veh-38_03385_04952,0,1624916543.600098,664421.0155759093,3997335.0475814682,664425.1668083835,3997359.8885868704,f749ff64838c5664
1.0,0.0,1.0,1.0,0.9493645622126609,1.0,1.0,1.0,0.0,[0.94936456 1.         1.         1.         0.        ],[5. 5. 2. 2. 2.],0.0,True,2021.09.16.19.12.04_veh-42_01438_01677,0,1631821416.9999518,587621.9396854101,4475944.308087163,587603.7659281587,4475933.218438182,05f1a5cbc0905d8e
1.0,0.0,1.0,1.0,0.7991298861745175,1.0,1.0,1.0,0.0,[0.79912989 1.         1.         1.         0.        ],[5. 5. 2. 2. 2.],0.0,True,2021.09.29.19.02.14_veh-28_02911_03005,0,1632945158.299608,331569.85267680197,4689341.93462322,331598.1846219732,4689330.576005744,3c542be991515ccd
0.0,0.0,0.5,1.0,1.0,0.0,1.0,1.0,0.0,[1. 0. 1. 1. 0.],[5. 5. 2. 2. 2.],0.0,True,2021.09.29.19.02.14_veh-28_00964_01689,0,1632943671.7998118,330878.94160415663,4691082.255905372,330885.46606744285,4691068.387321038,99a98a7ffb075389
0.0,1.0,1.0,1.0,1.0,1.0,0.0,1.0,0.0,[1. 1. 0. 1. 0.],[5. 5. 2. 2. 2.],0.0,True,2021.09.29.19.02.14_veh-28_00273_00514,0,1632942604.299748,331172.5152565184,4690594.343817012,331191.27314318507,4690573.753601432,02a81792cbdb5dd5
1.0,1.0,1.0,1.0,1.0,1.0,1.0,1.0,1.0,[1. 1. 1. 1. 0.],[5. 5. 2. 2. 2.],1.0,True,2021.09.29.18.19.40_veh-28_00844_01218,0,1632940660.599773,330875.811962586,4691084.820483647,330883.70725658,4691070.6163680535,e9c2b75226b85cfe
1.0,1.0,1.0,1.0,1.0,1.0,0.0,1.0,1.0,[1. 1. 0. 1. 0.],[5. 5. 2. 2. 2.],0.8571428571428571,True,2021.06.03.13.55.17_veh-35_02866_03582,0,1622745878.601147,664217.21962312,3997419.0040100985,664235.1020825568,3997403.427422862,0fde069313a35062
1.0,0.0,1.0,1.0,0.7739864362088924,1.0,1.0,1.0,0.0,[0.77398644 1.         1.         1.         0.        ],[5. 5. 2. 2. 2.],0.0,True,2021.10.06.08.16.17_veh-52_01949_02501,0,1633510200.700055,365601.09550834505,143266.17795675018,365586.4590972093,143280.72516714848,e22c42694be05703
1.0,0.0,1.0,1.0,1.0,1.0,1.0,1.0,0.0,[1. 1. 1. 1. 0.],[5. 5. 2. 2. 2.],0.0,True,2021.10.06.07.26.10_veh-52_01245_02064,0,1633507105.2006059,365218.22288013546,143694.7856151127,365229.76002447365,143691.3376562909,289a58bd2ab6512b
1.0,0.0,0.5,1.0,0.8559192328589643,1.0,1.0,1.0,0.0,[0.85591923 1.         1.         1.         0.        ],[5. 5. 2. 2. 2.],0.0,True,2021.09.16.19.49.00_veh-42_00990_01609,0,1631823101.0010228,587630.488671826,4475957.497647919,587617.1556711638,4475939.557229541,16a738813dbe5496
1.0,1.0,1.0,1.0,1.0,1.0,1.0,1.0,1.0,[1. 1. 1. 1. 0.],[5. 5. 2. 2. 2.],1.0,True,2021.09.16.14.39.34_veh-42_01609_01687,0,1631804858.6993868,588941.6101765297,4474921.2850094475,588927.6216028472,4474967.130664264,99ebd32df2f453f8
1.0,1.0,1.0,1.0,0.4261925211069896,1.0,1.0,1.0,1.0,[0.42619252 1.         1.         1.         0.        ],[5. 5. 2. 2. 2.],0.7950687575382105,True,2021.09.16.19.27.01_veh-45_01749_03230,0,1631822492.500316,587543.1793316043,4475821.583164861,587545.8695621348,4475830.026046517,fe9e76e6cac35fba
0.5,0.0,0.5,1.0,1.0,0.0,1.0,1.0,0.0,[1. 0. 1. 1. 0.],[5. 5. 2. 2. 2.],0.0,True,2021.09.16.19.27.01_veh-45_01749_03230,0,1631823100.500588,587801.4654368568,4475852.940832601,587812.7755681688,4475845.145327923,abbf1c193ac75f91
1.0,1.0,1.0,1.0,0.9055252906093283,1.0,1.0,1.0,1.0,[0.90552529 1.         1.         1.         0.        ],[5. 5. 2. 2. 2.],0.9662590323604744,True,2021.08.16.14.23.37_veh-45_00015_00132,0,1629124034.5002139,588979.3425770974,4474829.915315746,588997.4249823656,4474797.31860608,d45f18da371a5fe5
1.0,0.0,1.0,1.0,0.6552734642579822,1.0,1.0,1.0,0.0,[0.65527346 1.         1.         1.         0.        ],[5. 5. 2. 2. 2.],0.0,True,2021.10.06.08.16.17_veh-52_00612_00782,0,1633508984.2001379,365137.04668324604,144122.42947451823,365149.99639019446,144142.99752113785,8cec7d21f7dc540b
0.0,1.0,1.0,1.0,1.0,0.0,1.0,1.0,0.0,[1. 0. 1. 1. 0.],[5. 5. 2. 2. 2.],0.0,True,2021.05.25.15.59.03_veh-30_04027_04200,0,1621976892.099305,664260.0169967228,3996285.052578923,664273.2485855508,3996285.2849496137,76b708c365e45536
1.0,0.0,0.5,1.0,1.0,1.0,1.0,1.0,0.0,[1. 1. 1. 1. 0.],[5. 5. 2. 2. 2.],0.0,True,2021.10.06.07.26.10_veh-52_01245_02064,0,1633507104.700281,365216.5975730217,143695.6214057923,365230.9232651359,143690.72104311633,2c8a58b94332570d
1.0,0.0,1.0,1.0,1.0,1.0,1.0,1.0,0.0,[1. 1. 1. 1. 0.],[5. 5. 2. 2. 2.],0.0,True,2021.09.16.19.27.01_veh-45_01749_03230,0,1631823101.000248,587800.0302515251,4475852.517303053,587812.1860947579,4475845.545562038,b02bf210eda55579
1.0,1.0,1.0,1.0,0.40302938159245866,1.0,1.0,1.0,1.0,[0.40302938 1.         1.         1.         0.        ],[5. 5. 2. 2. 2.],0.7867962077115924,True,2021.09.16.19.27.01_veh-45_01749_03230,0,1631822492.000351,587543.6709171615,4475822.82455688,587546.2111359687,4475831.609771722,712427ff1635596c
1.0,0.0,1.0,1.0,0.6941786920994756,1.0,0.0,1.0,0.0,[0.69417869 1.         0.         1.         0.        ],[5. 5. 2. 2. 2.],0.0,True,2021.09.29.19.02.14_veh-28_00273_00514,0,1632942604.79947,331172.1398923026,4690593.424656624,331189.43488334666,4690576.098079785,69baa41122b45e43
1.0,0.0,1.0,1.0,0.6110891195253366,1.0,1.0,0.0,0.0,[0.61108912 1.         1.         0.         0.        ],[5. 5. 2. 2. 2.],0.0,True,2021.09.16.19.27.01_veh-45_00472_00711,0,1631821060.9999669,588386.4884707486,4476012.496424893,588410.777742,4475999.610419313,d5b86f3b51d3535c
0.0,1.0,0.0,1.0,1.0,0.0,1.0,0.0,0.0,[1. 0. 1. 0. 0.],[5. 5. 2. 2. 2.],0.0,True,2021.09.16.19.27.01_veh-45_00472_00711,0,1631821061.499929,588383.3291923691,4475982.254841211,588408.7109923674,4476000.4352001315,67abcf0964415891
1.0,0.0,0.0,1.0,0.9743698870223929,1.0,0.0,1.0,0.0,[0.97436989 1.         0.         1.         0.        ],[5. 5. 2. 2. 2.],0.0,True,2021.09.16.14.39.34_veh-42_00032_00186,0,1631803260.700367,589096.2060336934,4474618.677656091,589091.4698354624,4474641.553234005,c7cb2e43b2d053b7
1.0,1.0,1.0,1.0,0.8044922619611712,1.0,1.0,1.0,1.0,[0.80449226 1.         1.         1.         0.        ],[5. 5. 2. 2. 2.],0.9301758078432754,True,2021.06.03.18.47.39_veh-35_00257_00492,0,1622760880.201263,664702.7971211112,3999310.24123172,664700.2906019527,3999305.246630263,962deb8ccdaf50e3
0.0,1.0,1.0,1.0,1.0,0.0,1.0,1.0,0.0,[1. 0. 1. 1. 0.],[5. 5. 2. 2. 2.],0.0,True,2021.05.25.14.16.10_veh-35_01100_01664,0,1621967925.500423,664209.7291717527,3997421.4064445402,664223.7711747602,3997412.152791113,d715fbc6ea0551f8
1.0,1.0,1.0,1.0,0.7113248309394316,1.0,1.0,1.0,1.0,[0.71132483 1.         1.         1.         0.        ],[5. 5. 2. 2. 2.],0.8969017253355113,True,2021.10.06.07.26.10_veh-52_01245_02064,0,1633506832.2000608,364917.8653743357,143485.91209071613,364917.63225514954,143465.04541829714,b6b5f3cc01a05f83
1.0,1.0,1.0,1.0,1.0,1.0,1.0,1.0,1.0,[1. 1. 1. 1. 0.],[5. 5. 2. 2. 2.],1.0,True,2021.09.29.18.19.40_veh-28_00844_01218,0,1632940661.099751,330875.80363506067,4691087.424314709,330882.6267714929,4691072.075532072,17a015f4ef9b56d0
1.0,0.0,0.5,1.0,0.8178487716005451,1.0,1.0,1.0,0.0,[0.81784877 1.         1.         1.         0.        ],[5. 5. 2. 2. 2.],0.0,True,2021.09.29.14.44.26_veh-28_01331_01485,0,1632928169.7995548,332304.52518444613,4690374.504169773,332276.4337175149,4690384.247022759,7da863f64a5f5e90
1.0,0.0,1.0,1.0,0.8090966053371663,1.0,1.0,1.0,0.0,[0.80909661 1.         1.         1.         0.        ],[5. 5. 2. 2. 2.],0.0,True,2021.09.16.19.49.00_veh-42_00990_01609,0,1631823101.500836,587631.4540935813,4475955.9539056355,587618.4529967231,4475941.808668785,74c8385c2d845cde
1.0,1.0,1.0,1.0,0.7803130828743566,1.0,1.0,1.0,1.0,[0.78031308 1.         1.         1.         0.        ],[5. 5. 2. 2. 2.],0.9215403867408416,True,2021.09.16.19.12.04_veh-42_01438_01677,0,1631821416.499888,587616.3168302096,4475939.344170819,587602.2047408951,4475933.228746847,e244b2ddf97a57d6
1.0,1.0,1.0,1.0,0.7877571379631272,1.0,1.0,1.0,1.0,[0.78775714 1.         1.         1.         0.        ],[5. 5. 2. 2. 2.],0.7813418349868311,True,2021.09.29.14.44.26_veh-28_00528_00992,0,1632927474.7998638,331262.70968084835,4691031.743971585,331239.4909247703,4691046.953995135,11d28b80cd0a56d5
1.0,1.0,1.0,1.0,0.9050924997118402,1.0,1.0,1.0,1.0,[0.9050925 1.        1.        1.        0.       ],[5. 5. 2. 2. 2.],0.9661044641828,True,2021.09.16.14.39.34_veh-42_00297_00935,0,1631803908.7000148,587678.483731469,4475747.828899763,587673.1368967636,4475761.3805430895,ad34e2d0d3865530
1.0,1.0,1.0,1.0,1.0,1.0,1.0,1.0,1.0,[1. 1. 1. 1. 0.],[5. 5. 2. 2. 2.],0.0,True,2021.08.30.16.16.44_veh-40_00256_00716,0,1630340548.99978,331078.2816022461,4690738.812232184,331090.4559931544,4690728.802910649,c1e0af56e9eb50b8
1.0,0.0,1.0,1.0,0.6557920585783723,1.0,1.0,1.0,0.0,[0.65579206 1.         1.         1.         0.        ],[5. 5. 2. 2. 2.],0.0,True,2021.10.06.07.26.10_veh-52_02208_02394,0,1633507603.700233,365050.5954203801,143924.38999894707,365053.81832151586,143950.22504511414,680c8d90658556da
1.0,1.0,1.0,1.0,1.0,1.0,1.0,1.0,1.0,[1. 1. 1. 1. 0.],[5. 5. 2. 2. 2.],1.0,True,2021.10.06.07.26.10_veh-52_00772_00917,0,1633506036.700115,365741.7253927194,143937.42363072542,365725.9506258264,143943.05785343124,e7ae612e880e5d5f
1.0,1.0,1.0,1.0,0.6916937488896564,1.0,1.0,1.0,1.0,[0.69169375 1.         1.         1.         0.        ],[5. 5. 2. 2. 2.],0.8898906246034487,True,2021.10.06.07.26.10_veh-52_01245_02064,0,1633506832.700336,364918.46483442554,143487.58228729854,364917.1366706409,143467.4880652639,cd7e4f70ce8e539b
1.0,1.0,1.0,1.0,0.8490682398429811,1.0,1.0,1.0,1.0,[0.84906824 1.         1.         1.         0.        ],[5. 5. 2. 2. 2.],0.803238657086779,True,2021.09.29.14.44.26_veh-28_00528_00992,0,1632927475.2997909,331262.97559271543,4691032.2687953785,331243.28111606016,4691044.917307779,bcf787cdb66453f0
1.0,1.0,1.0,1.0,0.9974315392090567,0.0,0.0,1.0,1.0,[0.99743154 0.         0.         1.         0.        ],[5. 5. 2. 2. 2.],0.4990826925746631,True,2021.09.16.17.40.09_veh-45_02539_02745,0,1631816743.8997178,587715.1676178396,4475782.558551279,587693.2427707505,4475762.572318295,f9a9b5ee707e501e
1.0,1.0,1.0,1.0,0.922841037368839,1.0,1.0,1.0,1.0,[0.92284104 1.         1.         1.         0.        ],[5. 5. 2. 2. 2.],0.9724432276317282,True,2021.08.30.13.45.25_veh-40_01116_01336,0,1630332368.0009859,331327.2101304929,4690989.058434219,331303.5884281832,4691003.251816596,fa2c36ce4ba156cb
1.0,1.0,1.0,1.0,1.0,1.0,0.0,1.0,1.0,[1. 1. 0. 1. 0.],[5. 5. 2. 2. 2.],0.8571428571428571,True,2021.09.16.14.39.34_veh-42_00297_00935,0,1631803540.199694,588734.2253534524,4475416.201145311,588763.9892271876,4475378.66605484,8164612a623156ae
1.0,1.0,1.0,1.0,1.0,1.0,1.0,1.0,1.0,[1. 1. 1. 1. 0.],[5. 5. 2. 2. 2.],1.0,True,2021.05.25.15.59.03_veh-30_04027_04200,0,1621976891.599604,664262.4216274945,3996284.820130432,664273.6673850334,3996285.2938541477,2033fff7b44e56db
0.5,1.0,1.0,1.0,0.9405015809196274,0.0,0.0,1.0,0.5,[0.94050158 0.         0.         1.         0.        ],[5. 5. 2. 2. 2.],0.23937528230707633,True,2021.09.16.17.40.09_veh-45_02539_02745,0,1631816743.399859,587712.6800237795,4475778.408198321,587690.3755130742,4475761.376813899,3d324bda0cec57ab
1.0,0.0,1.0,1.0,1.0,1.0,1.0,1.0,0.0,[1. 1. 1. 1. 0.],[5. 5. 2. 2. 2.],0.0,True,2021.06.28.20.24.43_veh-38_03385_04952,0,1624916544.0997849,664420.8546037078,3997338.3241703706,664425.2217777373,3997356.5614068895,3cbb6c030b1e5d19
1.0,1.0,1.0,1.0,1.0,1.0,1.0,1.0,1.0,[1. 1. 1. 1. 0.],[5. 5. 2. 2. 2.],0.0,True,2021.08.30.16.16.44_veh-40_01099_01351,0,1630341461.00012,331663.52973773424,4690766.304132076,331660.6493096794,4690788.411843104,2bd04a0902095129
1.0,1.0,1.0,1.0,1.0,1.0,1.0,1.0,1.0,[1. 1. 1. 1. 0.],[5. 5. 2. 2. 2.],0.8571428571428571,True,2021.05.25.14.16.10_veh-35_01100_01664,0,1621967926.000484,664207.4368461764,3997421.5498693194,664222.7247346382,3997413.6176064275,4a919f7ea2f65200
1.0,1.0,1.0,1.0,0.8803358479039068,1.0,1.0,1.0,1.0,[0.88033585 1.         1.         1.         0.        ],[5. 5. 2. 2. 2.],0.9572628028228239,True,2021.09.16.14.39.34_veh-42_00297_00935,0,1631803909.1999888,587677.8433922707,4475745.163381514,587674.3501576843,4475760.799518865,6c9e40634f705f56
0.0,1.0,1.0,1.0,1.0,0.0,1.0,1.0,0.0,[1. 0. 1. 1. 0.],[5. 5. 2. 2. 2.],0.0,True,2021.06.03.18.47.39_veh-35_00257_00492,0,1622760880.701622,664705.3740387048,3999315.6962302295,664700.420815746,3999305.51339302,e0b92501aa5051b1
1.0,1.0,0.5,1.0,0.7253886358199552,1.0,1.0,1.0,0.5,[0.72538864 1.         1.         1.         0.        ],[5. 5. 2. 2. 2.],0.45096225639642057,True,2021.09.29.14.44.26_veh-28_01331_01485,0,1632928169.299607,332297.5462495612,4690380.852133842,332273.90161215176,4690387.02936721,7b22018666ac5b0e
1.0,0.0,1.0,1.0,1.0,1.0,1.0,1.0,0.0,[1. 1. 1. 1. 0.],[5. 5. 2. 2. 2.],0.0,True,2021.09.16.13.53.10_veh-42_00180_00342,0,1631800757.900074,589024.5405379763,4474712.0947414115,589028.7092150096,4474670.411613307,da36c99454f65715
1.0,1.0,1.0,1.0,0.8993376993233385,1.0,1.0,1.0,1.0,[0.8993377 1.        1.        1.        0.       ],[5. 5. 2. 2. 2.],0.9640491783297637,True,2021.08.16.14.23.37_veh-45_00015_00132,0,1629124034.0001519,588981.0731630367,4474825.65759618,588999.9870548961,4474793.6390664205,184c11a8cc875403
1.0,0.0,1.0,1.0,1.0,1.0,1.0,1.0,0.0,[1. 1. 1. 1. 0.],[5. 5. 2. 2. 2.],0.0,True,2021.09.16.14.39.34_veh-42_00032_00186,0,1631803260.2001688,589095.7134620501,4474624.0522072725,589091.9196649985,4474643.7168081,452def672c5d592c
1.0,1.0,1.0,1.0,1.0,1.0,1.0,1.0,1.0,[1. 1. 1. 1. 0.],[5. 5. 2. 2. 2.],1.0,True,2021.09.16.13.53.10_veh-42_00180_00342,0,1631800757.399919,589026.2640914029,4474709.804911091,589028.7509326313,4474666.376579528,afe83cb6c0ae5f67
1.0,1.0,1.0,1.0,1.0,1.0,1.0,1.0,1.0,[1. 1. 1. 1. 0.],[5. 5. 2. 2. 2.],1.0,True,2021.09.16.15.12.03_veh-42_01037_01434,0,1631806649.4996738,588058.8240320238,4475731.854931953,588020.2160714087,4475699.829144898,153ae46b6ba65721
1.0,1.0,1.0,1.0,0.6543415582290097,1.0,1.0,1.0,1.0,[0.65434156 1.         1.         1.         0.        ],[5. 5. 2. 2. 2.],0.8765505565103606,True,2021.06.28.16.29.11_veh-38_03263_03766,0,1624901545.800168,664175.3707679447,3997409.908901442,664178.0676624336,3997413.0975153768,94d74f87c8435b61
0.0,1.0,0.5,1.0,1.0,0.0,0.0,1.0,0.0,[1. 0. 0. 1. 0.],[5. 5. 2. 2. 2.],0.0,True,2021.09.16.17.40.09_veh-45_02539_02745,1,1631816747.900116,587711.6285989946,4475783.673922277,587706.6873494401,4475775.766534348,55d87f273908bb975
1.0,0.0,1.0,1.0,1.0,1.0,1.0,1.0,0.0,[1. 1. 1. 1. 0.],[5. 5. 2. 2. 2.],0.0,True,2021.06.28.16.29.11_veh-38_03263_03766,1,1624901550.3005528,664174.978041288,3997402.263829299,664177.9612134983,3997412.962872725,eddb07c8294cf8efd
1.0,1.0,1.0,1.0,0.7518454445670539,1.0,1.0,1.0,1.0,[0.75184544 1.         1.         1.         0.        ],[5. 5. 2. 2. 2.],0.9113733730596622,True,2021.09.16.13.53.10_veh-42_00180_00342,1,1631800761.899509,589023.6388906833,4474725.088232703,589027.0909287223,4474698.98192594,b291af47ff3b66426
1.0,1.0,0.5,1.0,0.9398659354690755,0.0,1.0,1.0,0.5,[0.93986594 0.         1.         1.         0.        ],[5. 5. 2. 2. 2.],0.3106903456194778,True,2021.09.16.14.39.34_veh-42_00297_00935,1,1631803912.6996648,587679.7928337443,4475740.897138904,587681.0067987748,4475756.11082345,4a1669fb6d9debfb0
0.5,0.0,0.5,1.0,1.0,0.0,1.0,1.0,0.0,[1. 0. 1. 1. 0.],[5. 5. 2. 2. 2.],0.0,True,2021.10.06.07.26.10_veh-52_01245_02064,1,1633507109.20047,365213.5517838872,143686.9469444779,365222.6177667779,143692.68534176465,463716f28ebb21a5d
1.0,0.0,0.0,1.0,1.0,1.0,1.0,1.0,0.0,[1. 1. 1. 1. 0.],[5. 5. 2. 2. 2.],0.0,True,2021.09.29.19.02.14_veh-28_00964_01689,1,1632943676.299618,330879.4287339044,4691109.8315253705,330875.7078814754,4691085.04445132,63584edd9b86f7faf
1.0,0.0,0.0,1.0,1.0,1.0,0.0,1.0,0.0,[1. 1. 0. 1. 0.],[5. 5. 2. 2. 2.],0.0,True,2021.10.06.07.26.10_veh-52_00772_00917,1,1633506041.20016,365748.7119038177,143938.76522866846,365733.68780938216,143942.0627791953,3adb9fc78ee100b06
1.0,1.0,0.5,1.0,1.0,1.0,0.0,1.0,0.5,[1. 1. 0. 1. 0.],[5. 5. 2. 2. 2.],0.42857142857142855,True,2021.09.16.14.39.34_veh-42_00032_00186,1,1631803264.19991,589102.119331061,4474617.62683378,589095.627274604,4474630.029896476,583b2af0de861778c
1.0,1.0,1.0,1.0,0.941303229622548,1.0,0.0,1.0,1.0,[0.94130323 1.         0.         1.         0.        ],[5. 5. 2. 2. 2.],0.8361797248651958,True,2021.09.16.14.39.34_veh-42_00032_00186,1,1631803264.19991,589108.6543992311,4474598.040945147,589096.5577486902,4474626.452405862,5808626bda0a920a5
1.0,1.0,1.0,1.0,0.983587475469726,1.0,1.0,1.0,1.0,[0.98358748 1.         1.         1.         0.        ],[5. 5. 2. 2. 2.],0.9941383840963306,True,2021.09.16.15.12.03_veh-42_01037_01434,1,1631806653.4996688,588091.3471371338,4475757.16503866,588056.0848217659,4475730.232069502,ce40746019045f374
0.0,1.0,1.0,1.0,1.0,0.0,0.0,1.0,0.0,[1. 0. 0. 1. 0.],[5. 5. 2. 2. 2.],0.0,True,2021.09.16.17.40.09_veh-45_02539_02745,1,1631816747.400485,587717.049080633,4475781.861768264,587706.231322361,4475770.752790834,20f30bb4990d9b84e
0.0,1.0,1.0,1.0,1.0,0.0,0.0,1.0,0.0,[1. 0. 0. 1. 0.],[5. 5. 2. 2. 2.],0.0,True,2021.06.28.16.29.11_veh-38_03263_03766,1,1624901550.3005528,664168.1909217564,3997398.450716222,664174.3493641127,3997409.405590556,8d358053106bc9580
1.0,0.0,0.5,1.0,1.0,1.0,0.0,1.0,0.0,[1. 1. 0. 1. 0.],[5. 5. 2. 2. 2.],0.0,True,2021.09.16.19.27.01_veh-45_01749_03230,1,1631823104.999837,587786.5037503727,4475858.667050538,587801.5322766375,4475849.015451669,f843c5c835c2922c1
1.0,1.0,1.0,1.0,0.855051051403615,1.0,0.0,1.0,1.0,[0.85505105 1.         0.         1.         0.        ],[5. 5. 2. 2. 2.],0.805375375501291,True,2021.09.16.14.39.34_veh-42_00032_00186,1,1631803264.19991,589110.5245476839,4474593.875051641,589097.7598512728,4474622.3199379435,59b05ded13f97b278
1.0,0.0,1.0,1.0,0.3827630351174808,1.0,1.0,1.0,0.0,[0.38276304 1.         1.         1.         0.        ],[5. 5. 2. 2. 2.],0.0,True,2021.09.16.19.12.04_veh-42_01438_01677,1,1631821421.000002,587613.9939077729,4475935.328689775,587609.9397377565,4475934.135209782,70204e1d928083e97
1.0,1.0,1.0,1.0,1.0,1.0,1.0,1.0,1.0,[1. 1. 1. 1. 0.],[5. 5. 2. 2. 2.],1.0,True,2021.06.03.13.55.17_veh-35_02866_03582,1,1622745883.10147,664211.3180689062,3997422.05745423,664221.6113105722,3997416.581587934,9463bb4964cd37676
1.0,1.0,1.0,1.0,1.0,1.0,0.0,1.0,1.0,[1. 1. 0. 1. 0.],[5. 5. 2. 2. 2.],0.8571428571428571,True,2021.05.25.14.16.10_veh-35_01100_01664,1,1621967930.000476,664211.3823627547,3997421.033613391,664219.4709970774,3997416.6225947565,13aeb83dad95704fa
1.0,0.0,0.0,1.0,1.0,1.0,0.0,1.0,0.0,[1. 1. 0. 1. 0.],[5. 5. 2. 2. 2.],0.0,True,2021.09.16.19.49.00_veh-42_00990_01609,1,1631823104.999981,587644.8557018684,4475951.999112495,587625.2197782676,4475954.176328219,68f17e6223ed08ff9
1.0,0.0,0.5,1.0,0.6203062718582428,0.0,0.0,1.0,0.0,[0.62030627 0.         0.         1.         0.        ],[5. 5. 2. 2. 2.],0.0,True,2021.10.06.08.16.17_veh-52_01949_02501,1,1633510205.200445,365605.2084495427,143259.4116025488,365595.3979345891,143270.4380660703,af40e0723b46e7fed
0.0,1.0,1.0,1.0,1.0,0.0,1.0,1.0,0.0,[1. 0. 1. 1. 0.],[5. 5. 2. 2. 2.],0.0,True,2021.06.28.20.24.43_veh-38_03385_04952,1,1624916548.099891,664423.3308650119,3997341.37705986,664425.382874377,3997349.459057357,0b09e2367441527e4
1.0,1.0,0.5,1.0,0.8819425508043693,1.0,0.0,1.0,0.5,[0.88194255 1.         0.         1.         0.        ],[5. 5. 2. 2. 2.],0.4074897412150659,True,2021.09.16.14.39.34_veh-42_00032_00186,1,1631803264.699554,589110.5269959634,4474594.6683194535,589098.6014838776,4474621.639168978,7feb54e1cfc0b6b33
1.0,1.0,1.0,1.0,1.0,1.0,0.0,1.0,1.0,[1. 1. 0. 1. 0.],[5. 5. 2. 2. 2.],0.8571428571428571,True,2021.09.16.14.39.34_veh-42_01609_01687,1,1631804862.1998858,588955.6449260823,4474874.673146905,588940.687464159,4474924.271554559,aae1bf6255a96ecbe
1.0,1.0,1.0,1.0,1.0,1.0,1.0,1.0,1.0,[1. 1. 1. 1. 0.],[5. 5. 2. 2. 2.],1.0,True,2021.08.30.16.16.44_veh-40_01099_01351,1,1630341465.500301,331658.95374441176,4690777.454352602,331658.95284896094,4690777.460232975,ed8e5c526e1f42a73
1.0,1.0,0.5,1.0,0.4694973047637052,1.0,1.0,1.0,0.5,[0.4694973 1.        1.        1.        0.       ],[5. 5. 2. 2. 2.],0.40526737585066164,True,2021.10.06.08.16.17_veh-52_01949_02501,1,1633510640.1996188,364949.5386418131,143345.79722468273,364942.81176772964,143329.79837572263,4f4120c32c9c42c47
0.0,0.0,1.0,1.0,0.8179854625707167,0.0,1.0,1.0,0.0,[0.81798546 0.         1.         1.         0.        ],[5. 5. 2. 2. 2.],0.0,True,2021.09.16.14.39.34_veh-42_00297_00935,1,1631803912.6996648,587661.2295485556,4475728.742985053,587677.861440679,4475749.215769267,81745b0b8691480d6
1.0,1.0,1.0,1.0,0.014396007808355819,1.0,1.0,1.0,1.0,[0.01439601 1.         1.         1.         0.        ],[5. 5. 2. 2. 2.],0.6479985742172699,True,2021.10.06.07.26.10_veh-52_02208_02394,1,1633507607.699837,365051.13371087273,143937.81767549392,365051.1349507271,143937.82354066503,a5cb0e8e1b25b4ad4
1.0,0.0,0.0,1.0,1.0,1.0,0.0,0.0,0.0,[1. 1. 0. 0. 0.],[5. 5. 2. 2. 2.],0.0,True,2021.09.16.19.49.00_veh-42_00990_01609,1,1631823104.999981,587645.0281610731,4475950.053673567,587626.4651560907,4475955.600316999,d4b7ede155f05dff3
1.0,1.0,1.0,1.0,0.8758919134766933,1.0,0.0,1.0,1.0,[0.87589191 1.         0.         1.         0.        ],[5. 5. 2. 2. 2.],0.8128185405273906,True,2021.10.06.07.26.10_veh-52_01245_02064,1,1633506836.199858,364934.5106285091,143508.05889929514,364917.90188258234,143485.76753954618,f9b2e117ff4ab2884
1.0,1.0,1.0,1.0,0.722332146594248,1.0,1.0,1.0,1.0,[0.72233215 1.         1.         1.         0.        ],[5. 5. 2. 2. 2.],0.9008329094979457,True,2021.10.06.07.26.10_veh-52_00006_00398,1,1633505525.199602,365161.9661052562,143379.87637459257,365142.23646008375,143387.95950346964,0d322fa61ecc39416
1.0,1.0,1.0,1.0,0.7617660245990666,1.0,1.0,1.0,1.0,[0.76176602 1.         1.         1.         0.        ],[5. 5. 2. 2. 2.],0.9149164373568095,True,2021.10.06.07.26.10_veh-52_00006_00398,1,1633505524.699735,365166.9764855039,143374.9274239542,365141.44706678163,143386.48668447172,7e931dfbe8e295f21
0.0,1.0,1.0,1.0,1.0,0.0,1.0,1.0,0.0,[1. 0. 1. 1. 0.],[5. 5. 2. 2. 2.],0.0,True,2021.06.28.20.24.43_veh-38_03385_04952,1,1624916548.099891,664418.2777880734,3997336.7417850164,664424.8809237493,3997346.9876053925,ca870ac8b947e6752
1.0,1.0,1.0,1.0,1.0,1.0,0.0,1.0,1.0,[1. 1. 0. 1. 0.],[5. 5. 2. 2. 2.],0.8571428571428571,True,2021.08.30.16.16.44_veh-40_00256_00716,1,1630340553.499503,331054.7454837614,4690756.019345559,331073.9443184985,4690742.296705596,43dd11b817c6bdaa8
1.0,1.0,1.0,1.0,1.0,1.0,0.0,1.0,1.0,[1. 1. 0. 1. 0.],[5. 5. 2. 2. 2.],0.8571428571428571,True,2021.09.16.14.39.34_veh-42_00032_00186,1,1631803264.699554,589104.5771944624,4474609.100211121,589095.881225086,4474627.568271228,92dbe7647ced9cbf0
1.0,0.0,1.0,1.0,1.0,1.0,0.0,1.0,0.0,[1. 1. 0. 1. 0.],[5. 5. 2. 2. 2.],0.0,True,2021.09.16.13.53.10_veh-42_00180_00342,1,1631800761.899509,589018.9108040917,4474761.626452409,589025.5281923799,4474716.2891608775,d773ee01e5118e39d
1.0,0.0,0.0,1.0,1.0,1.0,0.0,1.0,0.0,[1. 1. 0. 1. 0.],[5. 5. 2. 2. 2.],0.0,True,2021.10.06.08.16.17_veh-52_01949_02501,1,1633510205.200445,365600.7855466078,143242.76235102845,365598.662381763,143266.30090966457,757e84df9c3c5f093
1.0,1.0,1.0,1.0,0.55010444793259,1.0,1.0,1.0,1.0,[0.55010445 1.         1.         1.         0.        ],[5. 5. 2. 2. 2.],0.8393230171187821,True,2021.09.29.19.02.14_veh-28_00273_00514,1,1632942608.299759,331164.3154167585,4690600.130267582,331175.4599238756,4690589.407894139,dfaaf61d58472b476
1.0,1.0,0.0,1.0,1.0,1.0,0.0,1.0,0.0,[1. 1. 0. 1. 0.],[5. 5. 2. 2. 2.],0.0,True,2021.09.16.13.53.10_veh-42_00180_00342,1,1631800700.900575,589207.225472702,4474355.729840565,589218.5203070501,4474324.54370209,6e060f8eb067a3b37
1.0,1.0,1.0,1.0,0.643801927456754,1.0,1.0,1.0,1.0,[0.64380193 1.         1.         1.         0.        ],[5. 5. 2. 2. 2.],0.8727864026631265,True,2021.09.16.14.39.34_veh-42_00297_00935,1,1631803544.199785,588725.8792729501,4475424.446774423,588740.9915016696,4475406.831301663,b909db4a1499a9c5b
1.0,1.0,1.0,1.0,1.0,1.0,0.0,1.0,1.0,[1. 1. 0. 1. 0.],[5. 5. 2. 2. 2.],0.8571428571428571,True,2021.09.16.13.53.10_veh-42_00180_00342,1,1631800761.3994029,589018.8157179758,4474755.813449017,589025.8563402757,4474710.835661477,4082fe517c4e84c40
1.0,1.0,1.0,1.0,0.5308386708053245,1.0,1.0,1.0,1.0,[0.53083867 1.         1.         1.         0.        ],[5. 5. 2. 2. 2.],0.8324423824304731,True,2021.09.16.14.39.34_veh-42_00297_00935,1,1631803913.199848,587683.199024102,4475755.943485106,587676.1634768812,4475759.8105015345,375ef6cffa757aadf
0.5,0.0,0.0,1.0,1.0,1.0,0.0,1.0,0.0,[1. 1. 0. 1. 0.],[5. 5. 2. 2. 2.],0.0,True,2021.09.16.19.49.00_veh-42_00990_01609,1,1631823105.4999719,587638.1391098571,4475960.606673655,587623.2295206132,4475954.563126955,44028467a67d38460
1.0,1.0,1.0,1.0,1.0,1.0,1.0,1.0,1.0,[1. 1. 1. 1. 0.],[5. 5. 2. 2. 2.],1.0,True,2021.06.03.13.55.17_veh-35_02866_03582,1,1622745882.601212,664222.7673464323,3997415.0609444957,664229.663138554,3997409.418569583,8ff1eaec9e4ad790c
1.0,1.0,1.0,1.0,0.9173572405809691,1.0,0.0,1.0,1.0,[0.91735724 1.         0.         1.         0.        ],[5. 5. 2. 2. 2.],0.8276275859217748,True,2021.09.16.14.39.34_veh-42_00032_00186,1,1631803264.699554,589098.6445417092,4474621.094742617,589093.7448991049,4474630.594674434,b178cd8e12d552cb7
1.0,1.0,1.0,1.0,1.0,1.0,0.0,1.0,1.0,[1. 1. 0. 1. 0.],[5. 5. 2. 2. 2.],0.8571428571428571,True,2021.10.06.08.16.17_veh-52_01949_02501,1,1633510204.700271,365599.38650799415,143261.71864787556,365593.41108788236,143272.9731445041,2bb698b451e491605
1.0,1.0,0.5,1.0,1.0,1.0,0.0,1.0,0.5,[1. 1. 0. 1. 0.],[5. 5. 2. 2. 2.],0.42857142857142855,True,2021.09.16.19.12.04_veh-42_01438_01677,1,1631821421.000002,587620.9432870462,4475953.824227516,587613.3763703568,4475939.400678836,38e9599c6c91e204f
0.0,1.0,1.0,1.0,1.0,0.0,0.0,1.0,0.0,[1. 0. 0. 1. 0.],[5. 5. 2. 2. 2.],0.0,True,2021.09.16.19.27.01_veh-45_00472_00711,1,1631821065.500315,588373.886687412,4475982.176669302,588389.1462111891,4475995.524932708,2eab4bf554ebec232
1.0,0.0,0.5,1.0,1.0,1.0,0.0,1.0,0.0,[1. 1. 0. 1. 0.],[5. 5. 2. 2. 2.],0.0,True,2021.09.29.14.44.26_veh-28_01331_01485,1,1632928173.2996988,332303.95866765146,4690361.618774609,332291.6928503465,4690372.465170887,b589b9a8082420ee5
1.0,1.0,1.0,1.0,0.6716382359669095,1.0,0.0,1.0,1.0,[0.67163824 1.         0.         1.         0.        ],[5. 5. 2. 2. 2.],0.7398707985596106,True,2021.09.16.13.53.10_veh-42_00180_00342,1,1631800700.900575,589214.3057683684,4474342.330195966,589219.7076837659,4474321.766329598,cff10d121d9ee4a1a
1.0,0.0,1.0,1.0,0.4981485772900714,1.0,1.0,1.0,0.0,[0.49814858 1.         1.         1.         0.        ],[5. 5. 2. 2. 2.],0.0,True,2021.09.16.19.12.04_veh-42_01438_01677,1,1631821421.000002,587616.6281201866,4475933.07454481,587609.155472832,4475933.14504197,8155d4f80d0416c00
1.0,1.0,1.0,1.0,0.6191400332944762,1.0,0.0,1.0,1.0,[0.61914003 1.         0.         1.         0.        ],[5. 5. 2. 2. 2.],0.721121440462313,True,2021.09.16.13.53.10_veh-42_00180_00342,1,1631800700.400107,589216.7357765782,4474334.010456141,589221.0507805741,4474316.854979364,1e3da3a342a445433
1.0,0.0,1.0,1.0,1.0,1.0,0.0,1.0,0.0,[1. 1. 0. 1. 0.],[5. 5. 2. 2. 2.],0.0,True,2021.10.06.07.26.10_veh-52_00772_00917,1,1633506041.20016,365746.6941107829,143943.05257402273,365736.8302641143,143944.08742051537,be37c56ecccec8f54
1.0,1.0,1.0,1.0,1.0,1.0,1.0,1.0,1.0,[1. 1. 1. 1. 0.],[5. 5. 2. 2. 2.],1.0,True,2021.08.30.16.16.44_veh-40_01099_01351,1,1630341465.500301,331662.4766111328,4690767.882079184,331659.3166952421,4690772.172363721,bccd8c64fe9f7bd3b
1.0,1.0,1.0,1.0,0.9834743212689908,1.0,1.0,1.0,1.0,[0.98347432 1.         1.         1.         0.        ],[5. 5. 2. 2. 2.],0.9940979718817824,True,2021.09.16.15.12.03_veh-42_01037_01434,1,1631806653.999687,588095.6716195216,4475760.597200688,588060.6052146589,4475733.752537861,9eaf4038cc95831dd
1.0,1.0,0.5,1.0,0.7448432534219699,1.0,1.0,1.0,0.5,[0.74484325 1.         1.         1.         0.        ],[5. 5. 2. 2. 2.],0.4544362952539232,True,2021.09.16.14.39.34_veh-42_00297_00935,1,1631803912.6996648,587680.4851054088,4475742.981310345,587680.6192302285,4475756.364572051,3a5164bb3f2fdabd5
1.0,1.0,1.0,1.0,1.0,1.0,0.0,1.0,1.0,[1. 1. 0. 1. 0.],[5. 5. 2. 2. 2.],0.8571428571428571,True,2021.06.03.13.55.17_veh-35_02866_03582,1,1622745883.10147,664213.7305759023,3997420.1895881905,664221.7689907261,3997415.00473338,781d4b5658394c5ca
1.0,1.0,1.0,1.0,1.0,1.0,0.0,1.0,1.0,[1. 1. 0. 1. 0.],[5. 5. 2. 2. 2.],0.8571428571428571,True,2021.06.03.13.55.17_veh-35_02866_03582,1,1622745882.601212,664211.8750353018,3997422.296226936,664221.6589623946,3997416.417257306,3d20ef43bc694566a
1.0,1.0,1.0,1.0,1.0,1.0,0.0,1.0,1.0,[1. 1. 0. 1. 0.],[5. 5. 2. 2. 2.],0.8571428571428571,True,2021.09.16.14.39.34_veh-42_00297_00935,1,1631803543.699842,588708.0254496332,4475446.036593998,588741.0476973262,4475408.705754072,9e0cc66836c767421
1.0,1.0,1.0,1.0,1.0,1.0,0.0,1.0,1.0,[1. 1. 0. 1. 0.],[5. 5. 2. 2. 2.],0.8571428571428571,True,2021.10.06.07.26.10_veh-52_00006_00398,1,1633505525.199602,365151.62174795143,143383.4627235356,365131.6902843705,143391.33367575312,d7437e062d9eed183
1.0,1.0,1.0,1.0,0.12707934940739396,1.0,1.0,1.0,1.0,[0.12707935 1.         1.         1.         0.        ],[5. 5. 2. 2. 2.],0.6882426247883551,True,2021.09.29.14.44.26_veh-28_01331_01485,1,1632928173.2996988,332291.28969136113,4690375.80597939,332289.7983768595,4690376.214026575,c13e406734b95eb11
0.5,0.0,0.5,1.0,1.0,1.0,0.0,1.0,0.0,[1. 1. 0. 1. 0.],[5. 5. 2. 2. 2.],0.0,True,2021.09.16.19.49.00_veh-42_00990_01609,1,1631823104.999981,587634.7609384343,4475959.00291833,587624.4218822867,4475952.247453307,786f6723260569e56
1.0,1.0,1.0,1.0,0.6864884502291592,1.0,1.0,1.0,1.0,[0.68648845 1.         1.         1.         0.        ],[5. 5. 2. 2. 2.],0.8880315893675569,True,2021.10.06.08.16.17_veh-52_01949_02501,1,1633510640.1996188,364944.1738534839,143333.6164017967,364947.35967571475,143324.80149341095,76a210a0c3456a3e3
1.0,1.0,1.0,1.0,0.8419679689545918,1.0,1.0,1.0,1.0,[0.84196797 1.         1.         1.         0.        ],[5. 5. 2. 2. 2.],0.9435599889123542,True,2021.10.06.07.26.10_veh-52_00772_00917,1,1633506040.700116,365739.9689494997,143943.41331012888,365730.6455663278,143942.95389776965,fa938137662435c29
1.0,1.0,1.0,1.0,0.9859640653806471,1.0,1.0,1.0,1.0,[0.98596407 1.         1.         1.         0.        ],[5. 5. 2. 2. 2.],0.994987166207374,True,2021.09.16.14.39.34_veh-42_00297_00935,1,1631803543.699842,588710.2280442482,4475442.013148413,588739.3052448055,4475408.87447176,56bd93dec0d4cb4df
1.0,1.0,1.0,1.0,0.8811462719960628,1.0,0.0,1.0,1.0,[0.88114627 1.         0.         1.         0.        ],[5. 5. 2. 2. 2.],0.8146950971414509,True,2021.09.16.14.39.34_veh-42_00297_00935,1,1631803543.699842,588717.2695835654,4475432.787119903,588741.984010328,4475405.878588557,c2a3b350db0887b64
1.0,0.0,0.5,1.0,0.9813298213258161,1.0,1.0,1.0,0.0,[0.98132982 1.         1.         1.         0.        ],[5. 5. 2. 2. 2.],0.0,True,2021.09.16.19.12.04_veh-42_01438_01677,1,1631821421.000002,587637.0680864187,4475955.063336083,587619.2708305744,4475943.311467161,ab20f07e685b59761
1.0,0.0,1.0,1.0,0.7191179328132368,1.0,0.0,1.0,0.0,[0.71911793 1.         0.         1.         0.        ],[5. 5. 2. 2. 2.],0.0,True,2021.09.29.14.44.26_veh-28_00528_00992,1,1632927479.2998168,331266.7797307347,4691031.481875129,331259.959565447,4691035.451233423,a1cb215dcdc186fb1
0.5,0.0,1.0,1.0,1.0,0.0,1.0,1.0,0.0,[1. 0. 1. 1. 0.],[5. 5. 2. 2. 2.],0.0,True,2021.06.03.13.55.17_veh-35_02866_03582,1,1622745882.601212,664199.9926487498,3997427.30476628,664219.165372828,3997417.3485939354,3accc2d050327016d
1.0,1.0,1.0,1.0,0.0,1.0,1.0,1.0,1.0,[0. 1. 1. 1. 0.],[5. 5. 2. 2. 2.],0.6428571428571429,True,2021.10.06.07.26.10_veh-52_01245_02064,1,1633507108.700289,365225.30757378886,143692.3317149939,365225.3162152895,143692.33175636517,db7100201c9cbe2f6
1.0,0.0,0.0,1.0,1.0,1.0,0.0,1.0,0.0,[1. 1. 0. 1. 0.],[5. 5. 2. 2. 2.],0.0,True,2021.09.16.19.12.04_veh-42_01438_01677,1,1631821420.5000958,587639.9938455572,4475966.190672735,587617.3522687283,4475943.478673858,a2b6df5b32c01b3d9
1.0,0.0,1.0,1.0,1.0,1.0,0.0,1.0,0.0,[1. 1. 0. 1. 0.],[5. 5. 2. 2. 2.],0.0,True,2021.09.16.13.53.10_veh-42_00180_00342,1,1631800761.899509,589016.37317216,4474760.285829462,589025.2812616166,4474711.6459251065,5b7d267fca157a9e6
1.0,1.0,1.0,1.0,0.6789498881214617,1.0,1.0,1.0,1.0,[0.67894989 1.         1.         1.         0.        ],[5. 5. 2. 2. 2.],0.885339245757665,True,2021.10.06.07.26.10_veh-52_01245_02064,1,1633506836.199858,364915.96513815044,143480.19116729253,364916.05590232543,143472.58719258662,484e5d7157f571795
1.0,1.0,1.0,1.0,0.7336583659537578,1.0,1.0,1.0,1.0,[0.73365837 1.         1.         1.         0.        ],[5. 5. 2. 2. 2.],0.9048779878406278,True,2021.10.06.08.16.17_veh-52_00612_00782,1,1633508988.200479,365143.00665206974,144110.41220884238,365139.9566385909,144128.40726583247,a5323cbe675ea589c
1.0,1.0,1.0,1.0,0.7540206793544915,1.0,0.0,1.0,1.0,[0.75402068 1.         0.         1.         0.        ],[5. 5. 2. 2. 2.],0.7692930997694613,True,2021.09.16.14.39.34_veh-42_01609_01687,1,1631804862.699841,588953.7384671487,4474884.997705843,588944.2475076058,4474914.834472299,51468624f84655cc2
1.0,1.0,0.0,1.0,1.0,1.0,0.0,1.0,0.0,[1. 1. 0. 1. 0.],[5. 5. 2. 2. 2.],0.0,True,2021.09.29.19.02.14_veh-28_02911_03005,1,1632945162.29987,331553.49849448225,4689353.616923197,331573.30149393657,4689337.818307991,1a6ba40b74f9b51e5
1.0,0.0,0.5,1.0,1.0,1.0,1.0,1.0,0.0,[1. 1. 1. 1. 0.],[5. 5. 2. 2. 2.],0.0,True,2021.09.16.19.12.04_veh-42_01438_01677,1,1631821421.000002,587621.454381754,4475942.689147552,587611.8613608539,4475934.545111941,06b56c8b5f4b02d36
1.0,1.0,1.0,1.0,1.0,1.0,0.0,1.0,1.0,[1. 1. 0. 1. 0.],[5. 5. 2. 2. 2.],0.8571428571428571,True,2021.06.03.13.55.17_veh-35_02866_03582,1,1622745883.10147,664219.6439974017,3997415.523005814,664227.7840185539,3997410.077476815,a9c1cde64b777a9e3
0.0,0.0,0.0,1.0,1.0,0.0,0.0,1.0,0.0,[1. 0. 0. 1. 0.],[5. 5. 2. 2. 2.],0.0,True,2021.09.29.14.44.26_veh-28_01331_01485,1,1632928173.799785,332323.72504174337,4690335.9248536425,332301.0855285738,4690366.971526505,0cd1d84434c6f5d44
1.0,1.0,1.0,1.0,0.6140311735885714,1.0,1.0,1.0,1.0,[0.61403117 1.         1.         1.         0.        ],[5. 5. 2. 2. 2.],0.8621539905673469,True,2021.09.29.19.02.14_veh-28_00964_01689,1,1632943675.79978,330877.29446471925,4691081.863789316,330879.972519388,4691075.945400724,a2df1d2e1065e5f83
0.0,1.0,1.0,1.0,1.0,0.0,0.0,1.0,0.0,[1. 0. 0. 1. 0.],[5. 5. 2. 2. 2.],0.0,True,2021.06.28.16.29.11_veh-38_03263_03766,1,1624901549.800334,664169.9993972223,3997386.928767257,664171.2352316561,3997403.938477499,0f675cf0cf0417413
1.0,1.0,0.0,1.0,1.0,0.0,0.0,1.0,0.0,[1. 0. 0. 1. 0.],[5. 5. 2. 2. 2.],0.0,True,2021.09.29.19.02.14_veh-28_02911_03005,1,1632945162.29987,331539.13659136975,4689366.64847667,331569.46166043926,4689342.305654939,15755cd0249f8223a
0.0,1.0,0.5,1.0,0.6887683787592577,0.0,0.0,1.0,0.0,[0.68876838 0.         0.         1.         0.        ],[5. 5. 2. 2. 2.],0.0,True,2021.09.16.21.13.37_veh-42_00172_00347,1,1631827121.200512,588614.7124884129,4475743.956299073,588623.9417122668,4475729.4015660295,7d4ce2377f19fda93
1.0,1.0,1.0,1.0,0.7547031317146141,1.0,1.0,1.0,1.0,[0.75470313 1.         1.         1.         0.        ],[5. 5. 2. 2. 2.],0.9123939756123622,True,2021.10.06.07.26.10_veh-52_02208_02394,1,1633507607.699837,365055.49496482254,143900.79985348805,365050.0918750237,143924.5808258668,d8126a7e3ab8882d8
1.0,1.0,1.0,1.0,0.0024521141212828544,1.0,1.0,1.0,1.0,[0.00245211 1.         1.         1.         0.        ],[5. 5. 2. 2. 2.],0.6437328979004582,True,2021.10.06.08.16.17_veh-52_01949_02501,1,1633510639.69981,364949.1826604019,143323.3636181399,364949.18444391823,143323.3628599895,5d8640ad77a995a45
1.0,0.0,1.0,1.0,0.42623208277750513,1.0,0.0,1.0,0.0,[0.42623208 1.         0.         1.         0.        ],[5. 5. 2. 2. 2.],0.0,True,2021.08.16.14.23.37_veh-45_00015_00132,1,1629124038.500187,588982.5949558293,4474819.662616971,588985.2397295821,4474815.1412255345,ea6c6eed6cbac7b1e
1.0,1.0,0.0,1.0,1.0,1.0,0.0,1.0,0.0,[1. 1. 0. 1. 0.],[5. 5. 2. 2. 2.],0.0,True,2021.09.16.13.53.10_veh-42_00180_00342,1,1631800700.900575,589203.5819531122,4474366.680164021,589217.4953641864,4474328.757201797,29ac6cd782f3052a8
0.0,1.0,1.0,1.0,1.0,0.0,0.0,1.0,0.0,[1. 0. 0. 1. 0.],[5. 5. 2. 2. 2.],0.0,True,2021.09.16.19.27.01_veh-45_00472_00711,1,1631821065.500315,588357.1085437281,4475969.244450157,588385.1740628748,4475990.552381387,bb5645d7e55a4f54b
1.0,1.0,1.0,1.0,0.4041046975318234,1.0,1.0,1.0,1.0,[0.4041047 1.        1.        1.        0.       ],[5. 5. 2. 2. 2.],0.7871802491185084,True,2021.09.16.19.27.01_veh-45_01749_03230,1,1631822496.000454,587544.0063901606,4475825.283718882,587545.1793799915,4475828.182223546,d694ab7fc94aa5dcf
1.0,1.0,1.0,1.0,0.06071061144398952,1.0,0.0,1.0,1.0,[0.06071061 1.         0.         1.         0.        ],[5. 5. 2. 2. 2.],0.5216823612299962,True,2021.08.30.13.45.25_veh-40_01116_01336,1,1630332372.0005639,331317.74324152485,4690992.931322928,331317.6371976751,4690993.042165124,bf56b1e490af51e25
1.0,1.0,1.0,1.0,0.036250034951520266,1.0,1.0,1.0,1.0,[0.03625003 1.         1.         1.         0.        ],[5. 5. 2. 2. 2.],0.6558035839112571,True,2021.10.06.07.26.10_veh-52_02208_02394,1,1633507608.199764,365051.36129841337,143933.93152757897,365051.3657973852,143933.97992456408,2629f98f6e294c4f4
1.0,0.0,1.0,1.0,0.8544484199564598,1.0,1.0,1.0,0.0,[0.85444842 1.         1.         1.         0.        ],[5. 5. 2. 2. 2.],0.0,True,2021.09.29.14.44.26_veh-28_00528_00992,1,1632927478.7997549,331262.59740022314,4691034.072947785,331255.12268000486,4691038.5564592695,14fb3ae1207501c5b
1.0,1.0,1.0,1.0,1.0,1.0,0.0,1.0,1.0,[1. 1. 0. 1. 0.],[5. 5. 2. 2. 2.],0.8571428571428571,True,2021.09.16.17.40.09_veh-45_02539_02745,1,1631816747.900116,587719.2951349006,4475788.118560445,587708.0535790438,4475775.156088402,51a778c753d0604cb
1.0,1.0,1.0,1.0,0.7917712708659912,1.0,0.0,1.0,1.0,[0.79177127 1.         0.         1.         0.        ],[5. 5. 2. 2. 2.],0.7827754538807111,True,2021.10.06.07.26.10_veh-52_00006_00398,1,1633505525.199602,365161.84307897557,143378.28470380412,365139.7775886948,143388.66444852523,9aabc1816bfcdd63e
0.0,1.0,1.0,1.0,1.0,0.0,0.0,1.0,0.0,[1. 0. 0. 1. 0.],[5. 5. 2. 2. 2.],0.0,True,2021.06.28.16.29.11_veh-38_03263_03766,1,1624901549.800334,664171.0741957126,3997388.3165201545,664174.8335719589,3997407.252008113,8170f12fb1131df99
1.0,1.0,1.0,1.0,1.0,1.0,0.0,1.0,1.0,[1. 1. 0. 1. 0.],[5. 5. 2. 2. 2.],0.8571428571428571,True,2021.09.16.19.27.01_veh-45_01749_03230,1,1631822496.000454,587545.1346356916,4475823.972768109,587545.6070386049,4475826.213761986,336a85438db14731e
0.0,1.0,1.0,0.0,1.0,0.0,1.0,1.0,0.0,[1. 0. 1. 1. 0.],[5. 5. 2. 2. 2.],0.0,True,2021.09.29.14.44.26_veh-28_00528_00992,1,1632927478.7997549,331273.6564204137,4691025.425551732,331264.2318334004,4691032.204701356,892cab52968bdafc3
1.0,1.0,1.0,1.0,0.5276242627152831,1.0,1.0,1.0,1.0,[0.52762426 1.         1.         1.         0.        ],[5. 5. 2. 2. 2.],0.8312943795411726,True,2021.08.30.13.45.25_veh-40_01116_01336,1,1630332372.5004869,331338.9268451228,4690980.388258163,331327.9375064691,4690988.272202996,843ebabea0b9906f9
1.0,1.0,0.0,1.0,1.0,0.0,0.0,1.0,0.0,[1. 0. 0. 1. 0.],[5. 5. 2. 2. 2.],0.0,True,2021.09.16.14.39.34_veh-42_00297_00935,1,1631803913.199848,587675.7947682121,4475737.933800229,587681.8239360348,4475754.842383717,a1fc0c3eb1ef15aba
1.0,1.0,1.0,1.0,0.7298902606196956,1.0,1.0,1.0,1.0,[0.72989026 1.         1.         1.         0.        ],[5. 5. 2. 2. 2.],0.9035322359356056,True,2021.08.16.14.23.37_veh-45_00015_00132,1,1629124038.500187,588977.9064558793,4474834.793646738,588984.7183381337,4474817.303817566,60d8762d0c173197e
1.0,1.0,0.0,1.0,1.0,1.0,0.0,1.0,0.0,[1. 1. 0. 1. 0.],[5. 5. 2. 2. 2.],0.0,True,2021.09.16.14.39.34_veh-42_00032_00186,1,1631803264.699554,589116.458751427,4474583.814820689,589101.0844983357,4474618.706560219,54ccf1e5e48744666
1.0,1.0,1.0,1.0,0.8221654951293268,1.0,1.0,1.0,1.0,[0.8221655 1.        1.        1.        0.       ],[5. 5. 2. 2. 2.],0.9364876768319024,True,2021.09.29.19.02.14_veh-28_00273_00514,1,1632942608.79968,331135.4056126407,4690628.983122267,331164.42222507787,4690600.303595932,d80a5ecfeec414cd1
0.0,0.0,1.0,1.0,1.0,0.0,1.0,1.0,0.0,[1. 0. 1. 1. 0.],[5. 5. 2. 2. 2.],0.0,True,2021.09.29.18.19.40_veh-28_00844_01218,1,1632940664.5995688,330884.2938728274,4691097.110490974,330875.8808178503,4691082.94892695,fd7743059db2ad01f
1.0,1.0,1.0,1.0,0.731024240196267,1.0,0.0,1.0,1.0,[0.73102424 1.         0.         1.         0.        ],[5. 5. 2. 2. 2.],0.761080085784381,True,2021.09.29.19.02.14_veh-28_00273_00514,1,1632942608.79968,331148.4532488591,4690614.323057736,331168.41872456117,4690595.117558073,39dac9068ac428048
1.0,0.0,1.0,1.0,1.0,1.0,0.0,1.0,0.0,[1. 1. 0. 1. 0.],[5. 5. 2. 2. 2.],0.0,True,2021.09.16.14.39.34_veh-42_00297_00935,1,1631803544.199785,588711.7637369798,4475442.787477516,588738.293408045,4475412.120279068,94e0532c49d982780
1.0,1.0,1.0,1.0,1.0,1.0,0.0,1.0,1.0,[1. 1. 0. 1. 0.],[5. 5. 2. 2. 2.],0.8571428571428571,True,2021.09.16.17.40.09_veh-45_02539_02745,1,1631816747.400485,587710.9629666804,4475781.154886615,587705.1826296534,4475772.601421768,c3a31672b53c086c7
1.0,0.0,1.0,1.0,1.0,1.0,1.0,1.0,0.0,[1. 1. 1. 1. 0.],[5. 5. 2. 2. 2.],0.0,True,2021.08.30.16.16.44_veh-40_01099_01351,1,1630341465.500301,331662.02337881783,4690771.831935485,331659.0888197182,4690780.046334191,a387296016f95192a
1.0,0.0,1.0,1.0,0.6856727340856728,1.0,1.0,1.0,0.0,[0.68567273 1.         1.         1.         0.        ],[5. 5. 2. 2. 2.],0.0,True,2021.10.06.08.16.17_veh-52_00612_00782,1,1633508988.200479,365138.4161338155,144128.26481129602,365142.7897912793,144135.4451336128,20a8cbfef6940983b
1.0,1.0,1.0,1.0,0.8654748910243231,1.0,1.0,1.0,1.0,[0.86547489 1.         1.         1.         0.        ],[5. 5. 2. 2. 2.],0.9519553182229725,True,2021.09.16.14.39.34_veh-42_00297_00935,1,1631803543.699842,588716.3064012476,4475436.527793138,588739.5154120789,4475408.191773444,6689a93bda6a6470b
1.0,1.0,1.0,1.0,0.999209093334392,1.0,0.0,1.0,1.0,[0.99920909 1.         0.         1.         0.        ],[5. 5. 2. 2. 2.],0.8568603904765686,True,2021.08.30.13.45.25_veh-40_01116_01336,1,1630332372.5004869,331355.13315086224,4690967.442571651,331331.834854684,4690985.502800607,cb891ab8f0c9f0ffc
1.0,1.0,1.0,1.0,0.5512278847380021,1.0,1.0,1.0,1.0,[0.55122788 1.         1.         1.         0.        ],[5. 5. 2. 2. 2.],0.8397242445492864,True,2021.09.16.14.39.34_veh-42_00297_00935,1,1631803913.199848,587688.802835161,4475754.78308784,587677.5909478904,4475759.26346343,4b9efbcd44942d553
1.0,1.0,1.0,1.0,0.8612472403068862,1.0,0.0,1.0,1.0,[0.86124724 1.         0.         1.         0.        ],[5. 5. 2. 2. 2.],0.8075883001096023,True,2021.09.16.17.40.09_veh-45_02539_02745,1,1631816747.900116,587711.1384586926,4475781.07276875,587705.526310233,4475773.141230699,2bdf702f467e5cdf1
1.0,1.0,1.0,1.0,1.0,1.0,0.0,1.0,1.0,[1. 1. 0. 1. 0.],[5. 5. 2. 2. 2.],0.8571428571428571,True,2021.09.16.15.12.03_veh-42_01037_01434,1,1631806653.999687,588117.6433919274,4475779.258687301,588067.0074928614,4475738.799091649,e4cf6ec3cedd01e6b
0.0,1.0,1.0,1.0,1.0,0.0,1.0,1.0,0.0,[1. 0. 1. 1. 0.],[5. 5. 2. 2. 2.],0.0,True,2021.06.03.18.47.39_veh-35_00257_00492,1,1622760884.200723,664708.395396161,3999316.2212104197,664701.5625610693,3999306.9133607587,c4a1482387b6b8440
1.0,1.0,1.0,1.0,0.2339013132755309,1.0,1.0,1.0,1.0,[0.23390131 1.         1.         1.         0.        ],[5. 5. 2. 2. 2.],0.7263933261698324,True,2021.09.16.14.39.34_veh-42_00297_00935,1,1631803912.6996648,587678.9891200972,4475758.669199542,587676.2138680241,4475759.888572906,17014286d867292ae
1.0,1.0,1.0,1.0,0.7710369495811645,1.0,0.0,1.0,1.0,[0.77103695 1.         0.         1.         0.        ],[5. 5. 2. 2. 2.],0.7753703391361302,True,2021.10.06.07.26.10_veh-52_00772_00917,1,1633506040.700116,365740.2046753691,143944.0343252948,365731.689062729,143943.09028835988,d684c7c8d5a53f7d2
0.0,1.0,1.0,1.0,1.0,0.0,1.0,1.0,0.0,[1. 0. 1. 1. 0.],[5. 5. 2. 2. 2.],0.0,True,2021.06.03.13.55.17_veh-35_02866_03582,1,1622745882.601212,664199.2121478159,3997422.3205502275,664219.6542134859,3997418.179864,dab0fa452a04c5188
1.0,1.0,1.0,1.0,0.7081759815010265,1.0,0.0,1.0,1.0,[0.70817598 1.         0.         1.         0.        ],[5. 5. 2. 2. 2.],0.7529199933932238,True,2021.10.06.08.16.17_veh-52_01949_02501,1,1633510204.700271,365601.85855314526,143258.61005615856,365594.22444720566,143271.1604566629,9f1d660e1e39a5197
1.0,0.0,0.5,1.0,1.0,1.0,0.0,1.0,0.0,[1. 1. 0. 1. 0.],[5. 5. 2. 2. 2.],0.0,True,2021.10.06.08.16.17_veh-52_01949_02501,1,1633510640.1996188,364947.74578838417,143343.17742866394,364944.5334105123,143329.4798046299,1d52003f3b3835dcd
1.0,1.0,1.0,1.0,0.8114254828226585,1.0,0.0,1.0,1.0,[0.81142548 1.         0.         1.         0.        ],[5. 5. 2. 2. 2.],0.7897948152938066,True,2021.09.16.19.27.01_veh-45_01749_03230,1,1631823104.4999778,587783.7806869171,4475864.283376898,587802.4835882207,4475849.844574238,819c74509b391434b
1.0,1.0,1.0,1.0,1.0,1.0,0.0,1.0,1.0,[1. 1. 0. 1. 0.],[5. 5. 2. 2. 2.],0.8571428571428571,True,2021.09.16.14.39.34_veh-42_00297_00935,1,1631803913.199848,587673.0642817869,4475738.451401385,587680.323711482,4475754.474118894,01b72798ffad4fcc6
1.0,1.0,1.0,1.0,1.0,1.0,1.0,1.0,1.0,[1. 1. 1. 1. 0.],[5. 5. 2. 2. 2.],1.0,True,2021.10.06.08.16.17_veh-52_00612_00782,1,1633508987.700743,365140.39166889334,144134.3916987672,365141.50467574486,144135.38278756215,581c763cd78c9643e
0.0,1.0,1.0,1.0,1.0,0.0,1.0,1.0,0.0,[1. 0. 1. 1. 0.],[5. 5. 2. 2. 2.],0.0,True,2021.09.29.19.02.14_veh-28_00964_01689,1,1632943675.79978,330888.37203067093,4691105.869586504,330876.65037567145,4691082.524392785,a6f2bb94eb4ae6278
0.0,1.0,1.0,1.0,1.0,0.0,0.0,1.0,0.0,[1. 0. 0. 1. 0.],[5. 5. 2. 2. 2.],0.0,True,2021.09.16.17.40.09_veh-45_02539_02745,1,1631816747.400485,587721.741647897,4475788.207473647,587708.0046370034,4475772.888639387,ea57c9c13c9526722
1.0,1.0,1.0,1.0,0.7532100378978575,1.0,1.0,1.0,1.0,[0.75321004 1.         1.         1.         0.        ],[5. 5. 2. 2. 2.],0.9118607278206634,True,2021.10.06.07.26.10_veh-52_02208_02394,1,1633507607.699837,365059.1180481494,143891.2771226928,365051.8025285481,143920.10838039577,abb500cc3351d897a
1.0,1.0,0.0,1.0,1.0,1.0,0.0,1.0,0.0,[1. 1. 0. 1. 0.],[5. 5. 2. 2. 2.],0.0,True,2021.09.16.19.27.01_veh-45_01749_03230,1,1631823104.4999778,587783.1929910962,4475863.349112498,587802.3456794672,4475849.103278246,5bfc22f5524f10a47
1.0,1.0,1.0,1.0,0.7130577617166058,1.0,1.0,1.0,1.0,[0.71305776 1.         1.         1.         0.        ],[5. 5. 2. 2. 2.],0.897520629184502,True,2021.10.06.07.26.10_veh-52_00006_00398,1,1633505524.699735,365149.66699724336,143382.54185772786,365134.5834790858,143389.2805937258,d3a6f863fceaf4d0e
1.0,1.0,1.0,1.0,0.503167308582632,1.0,1.0,1.0,1.0,[0.50316731 1.         1.         1.         0.        ],[5. 5. 2. 2. 2.],0.8225597530652257,True,2021.09.16.14.39.34_veh-42_00297_00935,1,1631803543.699842,588732.8684711878,4475417.685003083,588743.9279118081,4475403.9072582275,83d2191f456a3fa85
1.0,0.0,1.0,1.0,1.0,1.0,0.0,1.0,0.0,[1. 1. 0. 1. 0.],[5. 5. 2. 2. 2.],0.0,True,2021.10.06.07.26.10_veh-52_00772_00917,1,1633506040.700116,365749.407136453,143940.6776956973,365735.03636091296,143942.5323934868,bee1f7c478d5663fc
0.0,1.0,1.0,1.0,1.0,0.0,1.0,1.0,0.0,[1. 0. 1. 1. 0.],[5. 5. 2. 2. 2.],0.0,True,2021.09.16.14.39.34_veh-42_00297_00935,1,1631803913.199848,587665.7513227655,4475731.956317373,587679.3330919786,4475751.771188446,7e160b5ef1f82a420
1.0,1.0,1.0,1.0,1.0,1.0,0.0,1.0,1.0,[1. 1. 0. 1. 0.],[5. 5. 2. 2. 2.],0.8571428571428571,True,2021.09.16.15.12.03_veh-42_01037_01434,1,1631806653.999687,588102.6287451452,4475766.878843078,588061.0062244219,4475734.8373469785,4d6386d3f9143b9e0
0.0,1.0,1.0,1.0,1.0,0.0,1.0,1.0,0.0,[1. 0. 1. 1. 0.],[5. 5. 2. 2. 2.],0.0,True,2021.09.16.17.40.09_veh-45_02539_02745,1,1631816747.900116,587739.708375765,4475813.13327528,587715.4454938031,4475784.000254628,b58fa3cc9262a73d1
0.0,1.0,1.0,1.0,1.0,0.0,0.0,1.0,0.0,[1. 0. 0. 1. 0.],[5. 5. 2. 2. 2.],0.0,True,2021.06.28.16.29.11_veh-38_03263_03766,1,1624901550.3005528,664172.0273304392,3997391.526870053,664175.3246151845,3997408.498328947,f047a65c1ef695e27
1.0,0.0,0.0,1.0,1.0,1.0,0.0,1.0,0.0,[1. 1. 0. 1. 0.],[5. 5. 2. 2. 2.],0.0,True,2021.09.16.14.39.34_veh-42_00032_00186,1,1631803264.699554,589117.2442172186,4474584.578996341,589100.7755160193,4474619.866982899,209b97b1bbd7f20ba
1.0,1.0,0.0,1.0,0.9908433013462798,1.0,0.0,1.0,0.0,[0.9908433 1.        0.        1.        0.       ],[5. 5. 2. 2. 2.],0.0,True,2021.09.16.19.27.01_veh-45_01749_03230,1,1631823104.999837,587789.1953654162,4475857.807608466,587804.4464198456,4475847.570723652,e26b9a326897c57c3
1.0,1.0,1.0,1.0,1.0,1.0,1.0,1.0,1.0,[1. 1. 1. 1. 0.],[5. 5. 2. 2. 2.],1.0,True,2021.09.29.14.44.26_veh-28_01331_01485,1,1632928173.799785,332306.70127995213,4690361.597756199,332296.6742064859,4690370.934266238,aa2fc37ba0a88cfd3
1.0,1.0,1.0,1.0,1.0,1.0,0.0,1.0,1.0,[1. 1. 0. 1. 0.],[5. 5. 2. 2. 2.],0.8571428571428571,True,2021.08.30.16.16.44_veh-40_00256_00716,1,1630340552.999716,331036.059498294,4690767.2531559225,331068.81221198273,4690746.154931313,3d05bde7ec3405ddd
1.0,0.0,0.5,1.0,0.5414510516758948,1.0,0.0,1.0,0.0,[0.54145105 1.         0.         1.         0.        ],[5. 5. 2. 2. 2.],0.0,True,2021.10.06.08.16.17_veh-52_01949_02501,1,1633510640.1996188,364950.8762255891,143345.91603845046,364944.0034626353,143328.7522582859,a3a4072d8e5ed009f
0.0,1.0,1.0,1.0,1.0,0.0,0.0,1.0,0.0,[1. 0. 0. 1. 0.],[5. 5. 2. 2. 2.],0.0,True,2021.09.16.21.13.37_veh-42_00172_00347,1,1631827121.700409,588609.5121324324,4475751.719547659,588621.5404102324,4475734.501089348,ae6ddb39ee6d093e7
0.0,1.0,1.0,1.0,1.0,0.0,1.0,1.0,0.0,[1. 0. 1. 1. 0.],[5. 5. 2. 2. 2.],0.0,True,2021.06.03.18.47.39_veh-35_00257_00492,1,1622760884.700826,664708.3293175518,3999315.674605192,664701.994691329,3999307.296680426,4ebad6e2adb7c2ab4
1.0,1.0,1.0,1.0,1.0,1.0,0.0,1.0,1.0,[1. 1. 0. 1. 0.],[5. 5. 2. 2. 2.],0.8571428571428571,True,2021.09.16.13.53.10_veh-42_00180_00342,1,1631800761.899509,589018.152271636,4474755.482512295,589025.6201811968,4474709.649432093,9c439f9711b4d4d8a
1.0,1.0,1.0,0.0,1.0,1.0,0.0,1.0,0.0,[1. 1. 0. 1. 0.],[5. 5. 2. 2. 2.],0.0,True,2021.09.29.14.44.26_veh-28_00528_00992,1,1632927479.2998168,331272.9538728603,4691021.765112839,331261.88467002276,4691032.38558005,54c5618f3af037eb9
1.0,1.0,1.0,1.0,0.813775481060749,1.0,0.0,1.0,1.0,[0.81377548 1.         0.         1.         0.        ],[5. 5. 2. 2. 2.],0.790634100378839,True,2021.09.16.14.39.34_veh-42_00297_00935,1,1631803544.199785,588715.724547194,4475438.282888586,588736.7321918273,4475411.917682921,eb46263a3a324c2e0
1.0,1.0,1.0,1.0,0.8174967159079242,1.0,1.0,1.0,1.0,[0.81749672 1.         1.         1.         0.        ],[5. 5. 2. 2. 2.],0.9348202556814015,True,2021.09.16.15.12.03_veh-42_01037_01434,1,1631806653.4996688,588073.2725882619,4475743.200367393,588048.5178742186,4475723.9361577295,1ddeaca2c3ce651e2
1.0,1.0,1.0,1.0,0.9607935501388127,1.0,0.0,1.0,1.0,[0.96079355 1.         0.         1.         0.        ],[5. 5. 2. 2. 2.],0.8431405536210045,True,2021.09.16.14.39.34_veh-42_00297_00935,1,1631803913.199848,587658.174656087,4475720.087103035,587677.0857129638,4475746.446331331,ea22bac93bab13f69
1.0,1.0,1.0,1.0,0.2637607278354544,1.0,1.0,1.0,1.0,[0.26376073 1.         1.         1.         0.        ],[5. 5. 2. 2. 2.],0.7370574027983766,True,2021.09.16.19.12.04_veh-42_01438_01677,1,1631821420.5000958,587611.7443262276,4475936.877078743,587609.9343276406,4475935.319554669,f37a107cfe0b65537
1.0,1.0,1.0,1.0,1.0,1.0,1.0,1.0,1.0,[1. 1. 1. 1. 0.],[5. 5. 2. 2. 2.],1.0,True,2021.08.30.16.16.44_veh-40_01099_01351,1,1630341465.000279,331661.4867198869,4690770.486690781,331658.9401740355,4690777.512026227,07675a8f705892e3b
1.0,0.0,1.0,1.0,0.6076201818597748,1.0,1.0,1.0,0.0,[0.60762018 1.         1.         1.         0.        ],[5. 5. 2. 2. 2.],0.0,True,2021.10.06.08.16.17_veh-52_01949_02501,1,1633510205.200445,365593.9060428411,143268.31344443563,365589.99697885185,143274.34015118948,4b2c40907436ec443
0.0,1.0,1.0,1.0,1.0,0.0,1.0,1.0,0.0,[1. 0. 1. 1. 0.],[5. 5. 2. 2. 2.],0.0,True,2021.06.03.18.47.39_veh-35_00257_00492,1,1622760884.700826,664703.8537107935,3999314.8047174364,664700.6669630519,3999306.444828315,ae3513291969ee51b
1.0,1.0,1.0,1.0,0.790161461396413,1.0,0.0,1.0,1.0,[0.79016146 1.         0.         1.         0.        ],[5. 5. 2. 2. 2.],0.7822005219272903,True,2021.10.06.07.26.10_veh-52_00006_00398,1,1633505524.699735,365159.24217463686,143379.8180810596,365137.5368787674,143389.83382393493,3dd52ad2d0d369330
1.0,1.0,1.0,1.0,0.9985245552715367,1.0,1.0,1.0,1.0,[0.99852456 1.         1.         1.         0.        ],[5. 5. 2. 2. 2.],0.9994730554541204,True,2021.09.16.14.39.34_veh-42_01609_01687,1,1631804862.1998858,588955.6987738644,4474878.292485079,588942.743186456,4474919.476797193,60b000943deffcfb1
1.0,1.0,1.0,1.0,0.0968521189001546,1.0,0.0,1.0,1.0,[0.09685212 1.         0.         1.         0.        ],[5. 5. 2. 2. 2.],0.5345900424643409,True,2021.06.03.13.55.17_veh-35_02866_03582,1,1622745882.601212,664224.5134272424,3997413.605752811,664224.6104176391,3997413.5230246596,983f5e64888cf8b80
0.0,1.0,1.0,1.0,1.0,0.0,1.0,1.0,0.0,[1. 0. 1. 1. 0.],[5. 5. 2. 2. 2.],0.0,True,2021.05.25.14.16.10_veh-35_01100_01664,1,1621967929.500474,664197.485268473,3997424.106269496,664214.5039449728,3997420.581386859,3dd919c5a93fd6754
1.0,0.0,1.0,1.0,0.8326266387320181,1.0,1.0,1.0,0.0,[0.83262664 1.         1.         1.         0.        ],[5. 5. 2. 2. 2.],0.0,True,2021.09.16.19.12.04_veh-42_01438_01677,1,1631821421.000002,587627.6036711866,4475952.627553253,587615.3385550976,4475938.994466196,eb5c033b5d728ecba
1.0,1.0,1.0,1.0,0.9580002907636227,1.0,0.0,1.0,1.0,[0.95800029 1.         0.         1.         0.        ],[5. 5. 2. 2. 2.],0.8421429609870081,True,2021.09.16.14.39.34_veh-42_00297_00935,1,1631803912.6996648,587673.8126318348,4475737.933241002,587679.5181736943,4475752.294746938,6b8b063fa80fa480f
1.0,1.0,0.5,1.0,1.0,1.0,0.0,1.0,0.5,[1. 1. 0. 1. 0.],[5. 5. 2. 2. 2.],0.42857142857142855,True,2021.09.16.19.12.04_veh-42_01438_01677,1,1631821420.5000958,587628.4314678897,4475955.79398109,587615.8048596992,4475940.795265885,545989b6d92a09061
1.0,1.0,1.0,1.0,0.9590302207026982,1.0,0.0,1.0,1.0,[0.95903022 1.         0.         1.         0.        ],[5. 5. 2. 2. 2.],0.8425107931081064,True,2021.09.16.15.12.03_veh-42_01037_01434,1,1631806653.4996688,588084.7073190478,4475752.891626961,588051.3316607934,4475727.213525209,a60992b05822c13e5
1.0,0.0,1.0,1.0,1.0,1.0,0.0,0.0,0.0,[1. 1. 0. 0. 0.],[5. 5. 2. 2. 2.],0.0,True,2021.10.06.07.26.10_veh-52_01245_02064,1,1633506836.199858,364929.52787172573,143502.485208966,364916.3412956254,143485.82061933103,44d4ff5239aca3b14
1.0,0.0,0.5,1.0,0.8050018969340096,1.0,1.0,1.0,0.0,[0.8050019 1.        1.        1.        0.       ],[5. 5. 2. 2. 2.],0.0,True,2021.10.06.08.16.17_veh-52_01949_02501,1,1633510640.1996188,364940.8558882662,143326.3913857745,364950.4921044448,143322.71747021037,fa217f69e5273bf53
1.0,1.0,1.0,1.0,0.05351649652960787,1.0,1.0,1.0,1.0,[0.0535165 1.        1.        1.        0.       ],[5. 5. 2. 2. 2.],0.6619701773320028,True,2021.09.29.19.02.14_veh-28_02911_03005,1,1632945161.7997289,331584.737815318,4689332.612954476,331584.8398241987,4689332.595921771,c64e0d6194293f51e
1.0,1.0,1.0,1.0,0.0,1.0,1.0,1.0,1.0,[0. 1. 1. 1. 0.],[5. 5. 2. 2. 2.],0.6428571428571429,True,2021.09.29.19.02.14_veh-28_00964_01689,1,1632943675.79978,330880.0363917545,4691075.218062523,330880.0375135123,4691075.216855322,eb818e242c63c7f20
0.0,1.0,1.0,1.0,1.0,0.0,1.0,1.0,0.0,[1. 0. 1. 1. 0.],[5. 5. 2. 2. 2.],0.0,True,2021.06.28.16.29.11_veh-38_03263_03766,1,1624901550.3005528,664175.823203877,3997371.99966546,664171.2245236785,3997401.855030979,31df3ebdb68bf83fe
1.0,1.0,1.0,1.0,1.0,1.0,0.0,1.0,1.0,[1. 1. 0. 1. 0.],[5. 5. 2. 2. 2.],0.8571428571428571,True,2021.09.16.17.40.09_veh-45_02539_02745,1,1631816747.400485,587710.7922978494,4475780.395710961,587704.4028524158,4475772.079322516,77f94784109733a34
1.0,0.0,1.0,1.0,0.7526449558137521,1.0,1.0,1.0,0.0,[0.75264496 1.         1.         1.         0.        ],[5. 5. 2. 2. 2.],0.0,True,2021.09.16.21.13.37_veh-42_00172_00347,1,1631827121.200512,588610.5164392955,4475753.326946488,588622.1503940142,4475733.030820252,f4eac938a68f3b495
0.0,0.0,0.5,1.0,1.0,0.0,1.0,1.0,0.0,[1. 0. 1. 1. 0.],[5. 5. 2. 2. 2.],0.0,True,2021.10.06.07.26.10_veh-52_01245_02064,1,1633507108.700289,365213.50285490975,143687.40622097978,365223.51429290674,143692.63679124444,0224d4cee538e69c3
1.0,0.0,1.0,1.0,0.7996614043910956,1.0,1.0,1.0,0.0,[0.7996614 1.        1.        1.        0.       ],[5. 5. 2. 2. 2.],0.0,True,2021.09.29.19.02.14_veh-28_00964_01689,1,1632943675.79978,330877.11867921957,4691085.124915867,330878.4434597603,4691076.442868481,54f184883023efbf9
1.0,0.0,0.5,1.0,1.0,1.0,0.0,1.0,0.0,[1. 1. 0. 1. 0.],[5. 5. 2. 2. 2.],0.0,True,2021.09.16.19.49.00_veh-42_00990_01609,1,1631823104.999981,587634.3618458877,4475961.437315724,587622.8110301871,4475953.66660434,c1c2f041cb05320b6
1.0,1.0,1.0,1.0,1.0,1.0,1.0,1.0,1.0,[1. 1. 1. 1. 0.],[5. 5. 2. 2. 2.],1.0,True,2021.09.16.15.12.03_veh-42_01037_01434,1,1631806653.4996688,588101.9385843279,4475764.586382389,588058.1693813413,4475730.482033667,486265f291210faed
0.0,1.0,1.0,1.0,1.0,0.0,0.0,0.0,0.0,[1. 0. 0. 0. 0.],[5. 5. 2. 2. 2.],0.0,True,2021.09.29.18.19.40_veh-28_00844_01218,1,1632940665.099565,330896.48158179433,4691111.20361559,330877.0292787452,4691090.47602071,3fec70d4e8fe8d5b1
1.0,1.0,0.5,1.0,0.6425773390862238,1.0,1.0,1.0,0.5,[0.64257734 1.         1.         1.         0.        ],[5. 5. 2. 2. 2.],0.4361745248368257,True,2021.10.06.08.16.17_veh-52_01949_02501,1,1633510639.69981,364948.36588694126,143346.17011084102,364944.23059330066,143327.1416490118,d7f69774de0c9938e
0.0,1.0,1.0,1.0,1.0,0.0,0.0,1.0,0.0,[1. 0. 0. 1. 0.],[5. 5. 2. 2. 2.],0.0,True,2021.09.16.17.40.09_veh-45_02539_02745,1,1631816747.400485,587732.9967744444,4475806.388401413,587712.0003247153,4475779.088408204,4036f3945f5783618
1.0,1.0,0.5,1.0,1.0,1.0,0.0,1.0,0.5,[1. 1. 0. 1. 0.],[5. 5. 2. 2. 2.],0.42857142857142855,True,2021.09.16.19.12.04_veh-42_01438_01677,1,1631821421.000002,587631.3571505988,4475956.213490949,587617.691556932,4475943.288756342,21dda72ce686d45f5
1.0,1.0,1.0,1.0,0.049767841109361756,1.0,1.0,1.0,1.0,[0.04976784 1.         1.         1.         0.        ],[5. 5. 2. 2. 2.],0.660631371824772,True,2021.09.29.19.02.14_veh-28_02911_03005,1,1632945162.29987,331584.59643601254,4689332.763878364,331584.64208724984,4689332.757191157,c47263e93d93b6838
1.0,1.0,1.0,1.0,0.724911484133446,1.0,0.0,1.0,1.0,[0.72491148 1.         0.         1.         0.        ],[5. 5. 2. 2. 2.],0.7588969586190879,True,2021.09.29.19.02.14_veh-28_00273_00514,1,1632942608.299759,331150.9750802554,4690612.01076938,331171.095831658,4690592.913580443,aa7d114cf25b1f9f0
1.0,0.0,0.0,1.0,1.0,1.0,0.0,1.0,0.0,[1. 1. 0. 1. 0.],[5. 5. 2. 2. 2.],0.0,True,2021.09.16.14.39.34_veh-42_00297_00935,1,1631803544.199785,588725.4687662523,4475426.751965312,588743.8970152338,4475406.790785259,15a4d38c20001c0e4
1.0,1.0,1.0,1.0,0.737018970265576,1.0,1.0,1.0,1.0,[0.73701897 1.         1.         1.         0.        ],[5. 5. 2. 2. 2.],0.906078203666277,True,2021.09.16.19.27.01_veh-45_01749_03230,1,1631822496.5005078,587552.8277432548,4475804.380979795,587543.5257240348,4475816.159258038,4831965b341a7fca8
1.0,1.0,1.0,1.0,0.2613209289260087,1.0,0.0,1.0,1.0,[0.26132093 1.         0.         1.         0.        ],[5. 5. 2. 2. 2.],0.5933289031878602,True,2021.09.29.14.44.26_veh-28_01331_01485,1,1632928173.799785,332297.4818286792,4690371.518488913,332293.20286488405,4690372.742952081,2df4afab4d0b02842
1.0,1.0,1.0,1.0,0.9241111533944556,1.0,1.0,1.0,1.0,[0.92411115 1.         1.         1.         0.        ],[5. 5. 2. 2. 2.],0.9728968404980198,True,2021.09.29.18.19.40_veh-28_00844_01218,1,1632940664.5995688,330874.3647474197,4691088.16900496,330876.92367405805,4691079.834589237,c6d10cce20bba3c8f
1.0,1.0,1.0,1.0,1.0,1.0,0.0,1.0,1.0,[1. 1. 0. 1. 0.],[5. 5. 2. 2. 2.],0.8571428571428571,True,2021.05.25.14.16.10_veh-35_01100_01664,1,1621967929.500474,664207.6058729985,3997420.5409241538,664216.331710342,3997419.1095892163,6b912a3796564dd7e
1.0,0.0,0.5,1.0,1.0,1.0,0.0,1.0,0.0,[1. 1. 0. 1. 0.],[5. 5. 2. 2. 2.],0.0,True,2021.09.16.19.49.00_veh-42_00990_01609,1,1631823104.999981,587629.4591691901,4475959.89620333,587621.2834537318,4475950.211948463,095200d2374c09356
1.0,1.0,0.5,1.0,0.6638788030329509,1.0,1.0,1.0,0.5,[0.6638788 1.        1.        1.        0.       ],[5. 5. 2. 2. 2.],0.4399783576844555,True,2021.09.16.14.39.34_veh-42_00297_00935,1,1631803912.6996648,587681.5563640128,4475743.971362234,587681.2830346633,4475756.422527615,0ed9b19cfb122d58d
1.0,1.0,1.0,1.0,1.0,1.0,1.0,1.0,1.0,[1. 1. 1. 1. 0.],[5. 5. 2. 2. 2.],1.0,True,2021.08.30.16.16.44_veh-40_01099_01351,1,1630341465.000279,331665.25818577054,4690763.975814544,331658.53555567283,4690773.719212148,f6c5e4b7769ddda20
1.0,1.0,1.0,1.0,0.6813527348164832,1.0,1.0,1.0,1.0,[0.68135273 1.         1.         1.         0.        ],[5. 5. 2. 2. 2.],0.8861974052916012,True,2021.10.06.07.26.10_veh-52_01245_02064,1,1633506836.199858,364915.9248537183,143480.2665764422,364916.05590232543,143472.58719258662,64173df5c7bc60b13
1.0,0.0,0.0,1.0,1.0,1.0,0.0,0.0,0.0,[1. 1. 0. 0. 0.],[5. 5. 2. 2. 2.],0.0,True,2021.09.16.19.49.00_veh-42_00990_01609,1,1631823105.4999719,587647.0655422092,4475948.0637201825,587628.1546545243,4475956.46486739,80ad340ede19df8b3
1.0,1.0,1.0,1.0,0.6231102474198889,1.0,0.0,1.0,1.0,[0.62311025 1.         0.         1.         0.        ],[5. 5. 2. 2. 2.],0.7225393740785317,True,2021.09.16.13.53.10_veh-42_00180_00342,1,1631800700.900575,589216.2195557978,4474334.942831669,589220.4259662223,4474319.019884328,ef271f3dd1d4e77d9
1.0,1.0,1.0,1.0,1.0,1.0,1.0,1.0,1.0,[1. 1. 1. 1. 0.],[5. 5. 2. 2. 2.],1.0,True,2021.10.06.07.26.10_veh-52_02208_02394,1,1633507607.699837,365049.7246550705,143931.50306307635,365050.0677124477,143933.15853799108,3ada23a933f4d460c
1.0,0.0,1.0,1.0,0.7381512679635198,1.0,0.0,1.0,0.0,[0.73815127 1.         0.         1.         0.        ],[5. 5. 2. 2. 2.],0.0,True,2021.10.06.07.26.10_veh-52_01245_02064,1,1633506836.700073,364913.9213428125,143482.43847315718,364915.113178828,143474.0441003474,fd2cd8e0a11510837
1.0,1.0,1.0,1.0,0.42523208513876376,1.0,0.0,1.0,1.0,[0.42523209 1.         0.         1.         0.        ],[5. 5. 2. 2. 2.],0.6518686018352727,True,2021.09.16.14.39.34_veh-42_01609_01687,1,1631804862.699841,588943.3307156318,4474917.899946717,588939.316905772,4474930.81150947,596506940b29ec5c0
1.0,1.0,1.0,1.0,0.8703524890234767,1.0,0.0,1.0,1.0,[0.87035249 1.         0.         1.         0.        ],[5. 5. 2. 2. 2.],0.8108401746512417,True,2021.10.06.07.26.10_veh-52_00006_00398,1,1633505524.699735,365181.2945341503,143368.96171493817,365145.23930559354,143385.70215178607,db13e1f50a5d36df0
1.0,0.0,0.5,1.0,0.8877227325655209,1.0,0.0,1.0,0.0,[0.88772273 1.         0.         1.         0.        ],[5. 5. 2. 2. 2.],0.0,True,2021.09.16.19.12.04_veh-42_01438_01677,1,1631821420.5000958,587631.702607814,4475954.177832386,587618.0562904275,4475941.138163742,2fcce49ea42967480
1.0,1.0,1.0,1.0,1.0,1.0,0.0,1.0,1.0,[1. 1. 0. 1. 0.],[5. 5. 2. 2. 2.],0.8571428571428571,True,2021.10.06.07.26.10_veh-52_00772_00917,1,1633506041.20016,365750.7577289973,143940.85311409738,365735.9436182241,143942.6231012265,d3a043b81ea9596cd
1.0,1.0,1.0,1.0,1.0,1.0,0.0,1.0,1.0,[1. 1. 0. 1. 0.],[5. 5. 2. 2. 2.],0.8571428571428571,True,2021.09.16.14.39.34_veh-42_01609_01687,1,1631804862.699841,588962.065266321,4474857.119969763,588944.5321779395,4474913.794250896,b93890b60ea010aaa
1.0,0.0,1.0,1.0,0.7639691158270975,1.0,0.0,1.0,0.0,[0.76396912 1.         0.         1.         0.        ],[5. 5. 2. 2. 2.],0.0,True,2021.10.06.07.26.10_veh-52_01245_02064,1,1633506836.700073,364917.3433371337,143490.21247223415,364914.6986641956,143478.5006135083,f7f422a9d4e7a419f
1.0,1.0,1.0,1.0,0.698523494325063,1.0,0.0,1.0,1.0,[0.69852349 1.         0.         1.         0.        ],[5. 5. 2. 2. 2.],0.7494726765446654,True,2021.09.16.13.53.10_veh-42_00180_00342,1,1631800700.400107,589216.8264954246,4474334.412819,589221.400296022,4474315.6383267995,7ad621cdbc4494e0d
1.0,1.0,1.0,1.0,0.7837256944097499,1.0,1.0,1.0,1.0,[0.78372569 1.         1.         1.         0.        ],[5. 5. 2. 2. 2.],0.9227591765749106,True,2021.10.06.08.16.17_veh-52_00612_00782,1,1633508988.200479,365140.7719565255,144130.37872215413,365145.30609665724,144137.66174869667,67f2162f2fa5e2d76
1.0,1.0,0.5,1.0,0.6426715819597482,1.0,1.0,1.0,0.5,[0.64267158 1.         1.         1.         0.        ],[5. 5. 2. 2. 2.],0.43619135392138364,True,2021.09.16.14.39.34_veh-42_00297_00935,1,1631803913.199848,587680.7946229704,4475743.692233827,587681.1624212803,4475755.66676717,49f77b5c62d2c5787
0.0,1.0,1.0,1.0,1.0,0.0,1.0,1.0,0.0,[1. 0. 1. 1. 0.],[5. 5. 2. 2. 2.],0.0,True,2021.06.03.13.55.17_veh-35_02866_03582,1,1622745882.601212,664184.7852910598,3997419.56874565,664216.06501977,3997419.6827687845,ca521b286f7fb606e
0.0,1.0,1.0,1.0,1.0,0.0,0.0,1.0,0.0,[1. 0. 0. 1. 0.],[5. 5. 2. 2. 2.],0.0,True,2021.06.28.16.29.11_veh-38_03263_03766,1,1624901549.800334,664171.1150250116,3997392.700239373,664175.7767107852,3997409.8021613015,8ab7f330292d7d49f
1.0,0.0,0.0,1.0,1.0,1.0,0.0,1.0,0.0,[1. 1. 0. 1. 0.],[5. 5. 2. 2. 2.],0.0,True,2021.09.29.14.44.26_veh-28_01331_01485,1,1632928173.799785,332306.38394535426,4690357.681557313,332293.3097488191,4690371.707537266,003fad41549a954eb
1.0,0.0,0.5,1.0,1.0,0.0,0.0,1.0,0.0,[1. 0. 0. 1. 0.],[5. 5. 2. 2. 2.],0.0,True,2021.09.29.14.44.26_veh-28_01331_01485,1,1632928173.799785,332312.00591379765,4690347.844959927,332298.7791454047,4690370.821227531,20c10d1762c2f560d
1.0,1.0,1.0,1.0,0.3810775907135919,1.0,0.0,1.0,1.0,[0.38107759 1.         0.         1.         0.        ],[5. 5. 2. 2. 2.],0.6360991395405685,True,2021.08.30.13.45.25_veh-40_01116_01336,1,1630332372.5004869,331328.7166939619,4690985.365360078,331322.6355048143,4690990.719545536,25e84823ff411a3c2
0.0,1.0,1.0,0.0,1.0,0.0,1.0,1.0,0.0,[1. 0. 1. 1. 0.],[5. 5. 2. 2. 2.],0.0,True,2021.09.29.14.44.26_veh-28_00528_00992,1,1632927479.2998168,331285.0668551115,4691012.988176653,331268.2026053803,4691028.58090175,08c4b293745d6aef6
1.0,1.0,1.0,1.0,0.7740849815724531,1.0,0.0,1.0,1.0,[0.77408498 1.         0.         1.         0.        ],[5. 5. 2. 2. 2.],0.7764589219901618,True,2021.10.06.07.26.10_veh-52_00006_00398,1,1633505525.199602,365149.7322328592,143382.55792293444,365135.85547200876,143390.31363512922,4c8f99b2e4efaa034
1.0,0.0,0.0,1.0,1.0,1.0,1.0,1.0,0.0,[1. 1. 1. 1. 0.],[5. 5. 2. 2. 2.],0.0,True,2021.09.29.14.44.26_veh-28_01331_01485,1,1632928173.2996988,332311.37756786327,4690350.745911236,332295.46235682047,4690371.940748942,71f3d5ae763258af7
1.0,0.0,0.0,1.0,1.0,1.0,0.0,1.0,0.0,[1. 1. 0. 1. 0.],[5. 5. 2. 2. 2.],0.0,True,2021.09.16.14.39.34_veh-42_00297_00935,1,1631803543.699842,588724.7962919348,4475427.637457254,588745.693390628,4475404.203865803,4fc9662f3c2a3bb75
1.0,0.0,1.0,1.0,1.0,1.0,0.0,1.0,0.0,[1. 1. 0. 1. 0.],[5. 5. 2. 2. 2.],0.0,True,2021.10.06.07.26.10_veh-52_01245_02064,1,1633506836.700073,364928.87829935504,143502.8590411784,364916.2133865728,143484.8821713657,2f7f9ce16e4034224
1.0,1.0,1.0,1.0,0.0,1.0,1.0,1.0,1.0,[0. 1. 1. 1. 0.],[5. 5. 2. 2. 2.],0.6428571428571429,True,2021.09.29.14.44.26_veh-28_01331_01485,1,1632928173.799785,332284.1640159164,4690376.515432888,332284.1630815348,4690376.516370891,fa28a1a92ae386086
1.0,0.0,1.0,1.0,1.0,0.0,1.0,1.0,0.0,[1. 0. 1. 1. 0.],[5. 5. 2. 2. 2.],0.0,True,2021.09.29.14.44.26_veh-28_01331_01485,1,1632928173.799785,332315.2016392573,4690348.6288367435,332297.8273858482,4690369.709063095,1f5d0fc347f539ce3
1.0,0.0,1.0,1.0,0.8446856335126288,1.0,0.0,1.0,0.0,[0.84468563 1.         0.         1.         0.        ],[5. 5. 2. 2. 2.],0.0,True,2021.10.06.07.26.10_veh-52_01245_02064,1,1633506836.199858,364925.2549501152,143495.09039264589,364915.54514729994,143479.93156918805,456c64c9a6cfefe27
0.0,0.0,0.5,1.0,1.0,0.0,1.0,1.0,0.0,[1. 0. 1. 1. 0.],[5. 5. 2. 2. 2.],0.0,True,2021.06.03.13.55.17_veh-35_02866_03582,1,1622745883.10147,664193.0653119836,3997429.558419942,664216.7035644237,3997418.836182017,31944303cafb772a3
1.0,1.0,1.0,1.0,0.8977113199091294,1.0,0.0,1.0,1.0,[0.89771132 1.         0.         1.         0.        ],[5. 5. 2. 2. 2.],0.8206111856818319,True,2021.09.16.19.27.01_veh-45_01749_03230,1,1631822496.5005078,587540.0952989456,4475818.857507229,587543.5238208016,4475824.989320915,472c522cbfefce360
1.0,1.0,1.0,1.0,0.6836624680737763,1.0,1.0,1.0,1.0,[0.68366247 1.         1.         1.         0.        ],[5. 5. 2. 2. 2.],0.8870223100263487,True,2021.10.06.07.26.10_veh-52_00006_00398,1,1633505524.699735,365147.5204029402,143382.5817080851,365134.1206091907,143389.32952846345,249520f1574eff090
1.0,1.0,1.0,1.0,0.5495762362221727,1.0,1.0,1.0,1.0,[0.54957624 1.         1.         1.         0.        ],[5. 5. 2. 2. 2.],0.8391343700793473,True,2021.08.30.13.45.25_veh-40_01116_01336,1,1630332372.0005639,331338.1710033466,4690981.420948768,331325.9388833629,4690989.673033172,fcba11bedf38fce20
0.0,1.0,1.0,1.0,1.0,0.0,1.0,1.0,0.0,[1. 0. 1. 1. 0.],[5. 5. 2. 2. 2.],0.0,True,2021.09.16.17.40.09_veh-45_02539_02745,1,1631816747.400485,587736.6736116277,4475810.383538419,587712.7958916097,4475780.620276127,1b7254e27f1faae48
1.0,1.0,1.0,1.0,0.7814044949070481,1.0,0.0,1.0,1.0,[0.78140449 1.         0.         1.         0.        ],[5. 5. 2. 2. 2.],0.7790730338953743,True,2021.09.29.19.02.14_veh-28_00273_00514,1,1632942608.79968,331139.54945524666,4690622.41480174,331165.2166271333,4690598.471966183,da5a71cf5abef95d8
1.0,1.0,1.0,1.0,0.0,1.0,1.0,1.0,1.0,[0. 1. 1. 1. 0.],[5. 5. 2. 2. 2.],0.6428571428571429,True,2021.09.29.14.44.26_veh-28_01331_01485,1,1632928173.799785,332284.1640159164,4690376.515432888,332284.1630815348,4690376.516370891,c2453cf14f2d02b30
1.0,1.0,1.0,1.0,0.8408221637550313,1.0,1.0,1.0,1.0,[0.84082216 1.         1.         1.         0.        ],[5. 5. 2. 2. 2.],0.943150772769654,True,2021.10.06.08.16.17_veh-52_01949_02501,1,1633510640.1996188,364936.9851528256,143363.16432119394,364942.66999749705,143334.38159824198,73f7119a7b5a0b42c
0.0,0.0,1.0,1.0,1.0,0.0,1.0,1.0,0.0,[1. 0. 1. 1. 0.],[5. 5. 2. 2. 2.],0.0,True,2021.09.16.19.27.01_veh-45_01749_03230,1,1631822496.000454,587550.144674018,4475811.437491955,587543.9954585241,4475821.955361481,97e73edb0ec984db5
0.5,0.0,0.5,1.0,1.0,0.0,0.0,1.0,0.0,[1. 0. 0. 1. 0.],[5. 5. 2. 2. 2.],0.0,True,2021.06.28.16.29.11_veh-38_03263_03766,1,1624901550.3005528,664178.544470279,3997395.784743804,664176.2358536517,3997410.150061781,36c1bdf64ea8ffbe0
0.0,1.0,0.5,1.0,1.0,0.0,0.0,1.0,0.0,[1. 0. 0. 1. 0.],[5. 5. 2. 2. 2.],0.0,True,2021.09.16.17.40.09_veh-45_02539_02745,1,1631816747.400485,587713.9704134266,4475785.167965394,587706.2302832989,4475774.897795474,96e56db3408ebe51e
1.0,1.0,0.0,1.0,0.9116762909375373,1.0,0.0,1.0,0.0,[0.91167629 1.         0.         1.         0.        ],[5. 5. 2. 2. 2.],0.0,True,2021.09.16.13.53.10_veh-42_00180_00342,1,1631800700.400107,589207.3683843943,4474360.752197907,589219.0515544771,4474324.466241668,d218a0af775558af6
1.0,1.0,1.0,1.0,1.0,1.0,1.0,1.0,1.0,[1. 1. 1. 1. 0.],[5. 5. 2. 2. 2.],1.0,True,2021.10.06.08.16.17_veh-52_00612_00782,1,1633508988.200479,365141.26644008985,144135.1263411511,365141.29964569834,144135.1553725427,8477f7ad00092e6c2
0.5,0.0,0.5,1.0,1.0,0.0,0.0,1.0,0.0,[1. 0. 0. 1. 0.],[5. 5. 2. 2. 2.],0.0,True,2021.06.28.16.29.11_veh-38_03263_03766,1,1624901550.3005528,664180.3170409758,3997374.3935733098,664170.8719069785,3997400.2969786474,898965de3a97c47dc
1.0,1.0,1.0,1.0,1.0,1.0,1.0,1.0,1.0,[1. 1. 1. 1. 0.],[5. 5. 2. 2. 2.],1.0,True,2021.09.16.14.39.34_veh-42_00297_00935,1,1631803544.199785,588704.012960197,4475449.814381091,588737.272512907,4475412.90057676,60f4ba34fce9a6a16
1.0,1.0,1.0,1.0,1.0,1.0,0.0,1.0,1.0,[1. 1. 0. 1. 0.],[5. 5. 2. 2. 2.],0.8571428571428571,True,2021.09.16.17.40.09_veh-45_02539_02745,1,1631816747.900116,587713.6389111015,4475782.9169243835,587704.9505873396,4475772.832560715,86946a7ffef3ac7b0
1.0,1.0,1.0,1.0,1.0,1.0,1.0,1.0,1.0,[1. 1. 1. 1. 0.],[5. 5. 2. 2. 2.],1.0,True,2021.09.16.15.12.03_veh-42_01037_01434,1,1631806653.999687,588096.6233174179,4475761.043974681,588058.3879522338,4475731.846386763,a84f9dde85427d73a
1.0,0.0,1.0,1.0,1.0,1.0,0.0,1.0,0.0,[1. 1. 0. 1. 0.],[5. 5. 2. 2. 2.],0.0,True,2021.10.06.07.26.10_veh-52_02208_02394,1,1633507608.199764,365060.69993646874,143885.1939843898,365050.86700466124,143916.8874424289,7fd5398b4e1c42134
1.0,0.0,1.0,1.0,1.0,1.0,1.0,0.0,0.0,[1. 1. 1. 0. 0.],[5. 5. 2. 2. 2.],0.0,True,2021.08.16.14.23.37_veh-45_00015_00132,1,1629124037.999939,588976.669456071,4474840.882523132,588986.0032472964,4474814.620217098,2359c99d75ecbdfaa
1.0,1.0,1.0,1.0,0.5070651638344145,1.0,1.0,1.0,1.0,[0.50706516 1.         1.         1.         0.        ],[5. 5. 2. 2. 2.],0.8239518442265766,True,2021.10.06.08.16.17_veh-52_00612_00782,1,1633508987.700743,365139.84751480527,144129.9867235194,365142.97694257565,144135.6095399815,72df155b106ed7e16
0.0,1.0,0.0,1.0,1.0,0.0,0.0,1.0,0.0,[1. 0. 0. 1. 0.],[5. 5. 2. 2. 2.],0.0,True,2021.09.29.19.02.14_veh-28_02911_03005,1,1632945162.29987,331542.09880889824,4689361.18850368,331571.2700151894,4689337.755788311,321422cad3f85a6a3
1.0,1.0,1.0,1.0,1.0,1.0,1.0,1.0,1.0,[1. 1. 1. 1. 0.],[5. 5. 2. 2. 2.],1.0,True,2021.09.16.14.39.34_veh-42_01609_01687,1,1631804862.1998858,588950.9340144481,4474892.489550223,588938.3266611098,4474931.804448416,aaa2921db2669810d
1.0,0.0,1.0,1.0,1.0,1.0,0.0,1.0,0.0,[1. 1. 0. 1. 0.],[5. 5. 2. 2. 2.],0.0,True,2021.09.16.14.39.34_veh-42_01609_01687,1,1631804862.699841,588959.1133153278,4474862.514888488,588942.3692969553,4474916.85112337,210bdf510357465fe
0.0,0.0,1.0,1.0,1.0,0.0,1.0,1.0,0.0,[1. 0. 1. 1. 0.],[5. 5. 2. 2. 2.],0.0,True,2021.09.29.19.02.14_veh-28_00964_01689,1,1632943676.299618,330886.83648005384,4691099.251945379,330876.3872403013,4691081.884348034,cb000016d3d61dd05
1.0,1.0,0.5,1.0,1.0,1.0,1.0,1.0,0.5,[1. 1. 1. 1. 0.],[5. 5. 2. 2. 2.],0.5,True,2021.09.16.19.27.01_veh-45_01749_03230,1,1631822496.000454,587554.0523588418,4475807.551621595,587544.5051344306,4475821.734417805,946b593648412d83c
0.0,1.0,1.0,1.0,1.0,0.0,1.0,1.0,0.0,[1. 0. 1. 1. 0.],[5. 5. 2. 2. 2.],0.0,True,2021.06.28.16.29.11_veh-38_03263_03766,1,1624901549.800334,664169.8795248643,3997382.716771907,664173.1411358449,3997406.3289742945,8add9070020c81cb2
1.0,1.0,1.0,1.0,1.0,1.0,1.0,1.0,1.0,[1. 1. 1. 1. 0.],[5. 5. 2. 2. 2.],1.0,True,2021.10.06.07.26.10_veh-52_02208_02394,1,1633507607.699837,365049.1114588705,143928.85676856348,365049.9537197492,143934.0513352759,c596165a8d328b5dd
1.0,0.0,1.0,1.0,0.9460276947933202,1.0,0.0,1.0,0.0,[0.94602769 1.         0.         1.         0.        ],[5. 5. 2. 2. 2.],0.0,True,2021.09.16.14.39.34_veh-42_00297_00935,1,1631803543.699842,588714.669238368,4475439.477663586,588741.4712124375,4475408.179902491,385a771804ff89676
0.0,1.0,0.0,1.0,1.0,0.0,0.0,1.0,0.0,[1. 0. 0. 1. 0.],[5. 5. 2. 2. 2.],0.0,True,2021.09.16.14.39.34_veh-42_00297_00935,1,1631803912.6996648,587661.7510241029,4475721.2295666095,587680.3147655106,4475748.353036719,6a746336ecf0f665c
0.0,1.0,1.0,1.0,1.0,0.0,0.0,1.0,0.0,[1. 0. 0. 1. 0.],[5. 5. 2. 2. 2.],0.0,True,2021.08.30.13.45.25_veh-40_01116_01336,1,1630332372.0005639,331363.6832675827,4690962.1862520585,331332.23335602734,4690985.2097307835,fc2f7b0ec25d44aea
1.0,1.0,1.0,1.0,0.0,1.0,1.0,1.0,1.0,[0. 1. 1. 1. 0.],[5. 5. 2. 2. 2.],0.6428571428571429,True,2021.09.16.21.13.37_veh-42_00172_00347,1,1631827121.700409,588625.8853069949,4475725.207450533,588625.8812791327,4475725.190028185,880ea2e1739fd042f
0.0,1.0,1.0,1.0,1.0,0.0,1.0,1.0,0.0,[1. 0. 1. 1. 0.],[5. 5. 2. 2. 2.],0.0,True,2021.06.03.18.47.39_veh-35_00257_00492,1,1622760884.200723,664707.798183194,3999314.180957314,664701.1239266129,3999306.569179946,a9d7dd368b96f5f2d
0.0,1.0,1.0,1.0,1.0,0.0,1.0,1.0,0.0,[1. 0. 1. 1. 0.],[5. 5. 2. 2. 2.],0.0,True,2021.09.16.19.27.01_veh-45_00472_00711,1,1631821065.000145,588368.9825519599,4475977.588897009,588391.2661671425,4475994.796625719,84be03c80c37d30a3
1.0,1.0,1.0,1.0,1.0,1.0,0.0,1.0,1.0,[1. 1. 0. 1. 0.],[5. 5. 2. 2. 2.],0.8571428571428571,True,2021.08.30.16.16.44_veh-40_00256_00716,1,1630340552.999716,331036.3500861816,4690766.962838531,331068.81221198273,4690746.154931313,b494d2dc15c7b315f
1.0,1.0,1.0,1.0,0.8223565349519445,1.0,0.0,1.0,1.0,[0.82235653 1.         0.         1.         0.        ],[5. 5. 2. 2. 2.],0.7936987624828374,True,2021.09.29.19.02.14_veh-28_02911_03005,1,1632945161.7997289,331554.56004531623,4689353.660066326,331575.945779709,4689337.697199305,7a999e76f404c4956
1.0,0.0,1.0,1.0,1.0,1.0,0.0,1.0,0.0,[1. 1. 0. 1. 0.],[5. 5. 2. 2. 2.],0.0,True,2021.05.25.14.16.10_veh-35_01100_01664,1,1621967929.500474,664213.8028562922,3997421.793515504,664220.8474460859,3997416.294328846,b7f53c6ea01b7cbc9
1.0,1.0,1.0,1.0,0.7105712978885024,0.0,0.0,1.0,1.0,[0.7105713 0.        0.        1.        0.       ],[5. 5. 2. 2. 2.],0.3966326063887508,True,2021.09.29.19.02.14_veh-28_00273_00514,1,1632942608.299759,331161.44780381885,4690602.133863269,331176.6258618156,4690587.243054872,37f45087a3d60aaff
1.0,1.0,1.0,1.0,0.9742101608248127,1.0,1.0,1.0,1.0,[0.97421016 1.         1.         1.         0.        ],[5. 5. 2. 2. 2.],0.9907893431517188,True,2021.09.16.14.39.34_veh-42_00297_00935,1,1631803912.6996648,587669.808074736,4475734.994697263,587679.3689954282,4475753.648690005,f643477a1fb277583
1.0,1.0,1.0,1.0,0.70544601375514,1.0,1.0,1.0,1.0,[0.70544601 1.         1.         1.         0.        ],[5. 5. 2. 2. 2.],0.8948021477696929,True,2021.09.16.19.12.04_veh-42_01438_01677,1,1631821420.5000958,587623.3392551618,4475951.346155201,587614.1826522874,4475937.671215491,d53c9d9cbcfbfd03f
1.0,1.0,1.0,1.0,0.03915317317120792,1.0,0.0,1.0,1.0,[0.03915317 1.         0.         1.         0.        ],[5. 5. 2. 2. 2.],0.5139832761325743,True,2021.09.29.19.02.14_veh-28_00964_01689,1,1632943676.299618,330881.057738976,4691074.618878791,330881.0637791283,4691074.609664654,2fb382cc58b2e089f
1.0,1.0,1.0,1.0,1.0,1.0,1.0,0.0,1.0,[1. 1. 1. 0. 0.],[5. 5. 2. 2. 2.],0.8571428571428571,True,2021.09.29.19.02.14_veh-28_02911_03005,1,1632945161.7997289,331567.08086123853,4689344.218597768,331583.34452081943,4689333.582932697,9cb5545908502a26c
0.0,1.0,1.0,1.0,1.0,0.0,1.0,1.0,0.0,[1. 0. 1. 1. 0.],[5. 5. 2. 2. 2.],0.0,True,2021.05.25.14.16.10_veh-35_01100_01664,1,1621967930.000476,664197.7616792081,3997423.118307371,664213.0600727285,3997419.7922334257,7be779b9f100e6373
1.0,1.0,1.0,1.0,1.0,1.0,1.0,1.0,1.0,[1. 1. 1. 1. 0.],[5. 5. 2. 2. 2.],1.0,True,2021.06.03.13.55.17_veh-35_02866_03582,1,1622745882.601212,664222.5959690465,3997414.3628627085,664230.3034367849,3997408.6500686696,37eb625a0529e1cfa
1.0,1.0,1.0,1.0,0.6154435650365907,1.0,1.0,1.0,1.0,[0.61544357 1.         1.         1.         0.        ],[5. 5. 2. 2. 2.],0.8626584160844967,True,2021.10.06.07.26.10_veh-52_02208_02394,1,1633507608.199764,365051.12522036885,143926.12152880407,365051.3304209951,143934.70746642497,363ef196e8503db27
1.0,1.0,1.0,1.0,0.9483280053995702,1.0,0.0,1.0,1.0,[0.94832801 1.         0.         1.         0.        ],[5. 5. 2. 2. 2.],0.8386885733569894,True,2021.09.16.15.12.03_veh-42_01037_01434,1,1631806653.4996688,588086.5729556776,4475753.908507273,588053.4188636143,4475728.738018973,b24c5109d9a3320ec
1.0,1.0,1.0,1.0,0.7603290426828737,1.0,1.0,1.0,1.0,[0.76032904 1.         1.         1.         0.        ],[5. 5. 2. 2. 2.],0.9144032295295977,True,2021.08.30.13.45.25_veh-40_01116_01336,1,1630332372.5004869,331350.64513683645,4690973.003682288,331333.9950674019,4690984.802659913,e6338db1d83f3ba4e
1.0,0.0,1.0,1.0,0.521815169601885,1.0,1.0,1.0,0.0,[0.52181517 1.         1.         1.         0.        ],[5. 5. 2. 2. 2.],0.0,True,2021.10.06.07.26.10_veh-52_01245_02064,1,1633506836.199858,364917.02117989346,143486.2105852386,364915.93298633775,143478.3994961227,d9d4ce69f1cb10c10
1.0,0.0,1.0,1.0,0.5719562771620348,1.0,0.0,1.0,0.0,[0.57195628 1.         0.         1.         0.        ],[5. 5. 2. 2. 2.],0.0,True,2021.09.16.14.39.34_veh-42_00297_00935,1,1631803544.199785,588729.483204038,4475422.105187662,588742.0892790016,4475407.55371202,f0cb86afe097df891
1.0,0.0,1.0,1.0,0.886672611641253,1.0,0.0,1.0,0.0,[0.88667261 1.         0.         1.         0.        ],[5. 5. 2. 2. 2.],0.0,True,2021.10.06.07.26.10_veh-52_01245_02064,1,1633506836.700073,364927.30968939065,143498.83398938875,364915.8332137391,143481.86098331804,8d07721cee604c720
0.0,0.0,0.0,1.0,1.0,0.0,0.0,1.0,0.0,[1. 0. 0. 1. 0.],[5. 5. 2. 2. 2.],0.0,True,2021.08.30.13.45.25_veh-40_01116_01336,1,1630332372.5004869,331344.948791941,4690970.7720632125,331329.3420729812,4690985.089107567,ba5e7c7cbfedb9d37
1.0,1.0,1.0,1.0,1.0,1.0,1.0,1.0,1.0,[1. 1. 1. 1. 0.],[5. 5. 2. 2. 2.],1.0,True,2021.09.16.13.53.10_veh-42_00180_00342,1,1631800761.899509,589015.3882751141,4474766.951212014,589024.9690895339,4474715.171569311,7f0488639b20ae5c7
0.5,0.0,0.5,1.0,1.0,0.0,1.0,1.0,0.0,[1. 0. 1. 1. 0.],[5. 5. 2. 2. 2.],0.0,True,2021.06.28.20.24.43_veh-38_03385_04952,1,1624916548.099891,664425.6452388868,3997336.1566925542,664425.3476496454,3997348.4413235034,4eb8b4fdc3085e121
0.0,1.0,1.0,1.0,1.0,0.0,0.0,0.0,0.0,[1. 0. 0. 0. 0.],[5. 5. 2. 2. 2.],0.0,True,2021.09.29.18.19.40_veh-28_00844_01218,1,1632940665.099565,330892.2289115068,4691107.664000179,330876.3781496145,4691090.426958275,cf84397ec4944d689
1.0,1.0,1.0,1.0,1.0,1.0,1.0,1.0,1.0,[1. 1. 1. 1. 0.],[5. 5. 2. 2. 2.],1.0,True,2021.09.16.14.39.34_veh-42_00032_00186,1,1631803264.699554,589100.0898300379,4474615.558040612,589093.9887268298,4474628.535427961,824d8ba46202fe8eb
1.0,1.0,1.0,1.0,0.8630987656494391,1.0,0.0,1.0,1.0,[0.86309877 1.         0.         1.         0.        ],[5. 5. 2. 2. 2.],0.808249559160514,True,2021.10.06.07.26.10_veh-52_00006_00398,1,1633505524.699735,365180.9038623069,143369.01508526667,365145.23930559354,143385.70215178607,95f89994ef4b0b0e3
1.0,0.0,0.5,1.0,0.8973248658465436,1.0,1.0,1.0,0.0,[0.89732487 1.         1.         1.         0.        ],[5. 5. 2. 2. 2.],0.0,True,2021.10.06.08.16.17_veh-52_01949_02501,1,1633510639.69981,364939.31626329967,143326.2128722314,364950.5031468703,143322.55671220875,dcb2510de7a9a4dfc
1.0,1.0,1.0,1.0,1.0,1.0,1.0,1.0,1.0,[1. 1. 1. 1. 0.],[5. 5. 2. 2. 2.],1.0,True,2021.09.16.13.53.10_veh-42_00180_00342,1,1631800700.400107,589202.3683395513,4474373.6174068535,589218.5170663607,4474330.155137576,19590a52744c02e94
1.0,0.0,1.0,1.0,1.0,1.0,0.0,1.0,0.0,[1. 1. 0. 1. 0.],[5. 5. 2. 2. 2.],0.0,True,2021.10.06.07.26.10_veh-52_01245_02064,1,1633507109.20047,365217.1469206091,143686.5783532534,365223.5022914697,143691.4314667159,5b8b54ff77ea4777f
1.0,1.0,1.0,1.0,0.3132861945465912,1.0,0.0,1.0,1.0,[0.31328619 1.         0.         1.         0.        ],[5. 5. 2. 2. 2.],0.6118879266237826,True,2021.09.16.19.49.00_veh-42_00990_01609,1,1631823105.4999719,587621.7474149547,4475952.286985663,587620.8808624885,4475948.969093774,c71bdecb4c4eb5848
1.0,1.0,1.0,1.0,0.46649025844258113,1.0,1.0,1.0,1.0,[0.46649026 1.         1.         1.         0.        ],[5. 5. 2. 2. 2.],0.8094608065866361,True,2021.10.06.07.26.10_veh-52_02208_02394,1,1633507607.699837,365051.17282517225,143924.37380607805,365051.2180724259,143931.89594947733,7339827ceaab8796b
1.0,0.0,0.5,1.0,1.0,1.0,0.0,1.0,0.0,[1. 1. 0. 1. 0.],[5. 5. 2. 2. 2.],0.0,True,2021.09.16.14.39.34_veh-42_00297_00935,1,1631803544.199785,588741.1983536202,4475411.180920658,588746.5683085059,4475403.750116566,5a7f1b88b2ab93c12
1.0,1.0,0.0,1.0,1.0,1.0,0.0,1.0,0.0,[1. 1. 0. 1. 0.],[5. 5. 2. 2. 2.],0.0,True,2021.09.16.14.39.34_veh-42_00032_00186,1,1631803264.699554,589112.0417947497,4474595.108133376,589098.9209654079,4474623.638517797,94290de1a09e79e7b
1.0,1.0,1.0,1.0,1.0,0.0,0.0,1.0,1.0,[1. 0. 0. 1. 0.],[5. 5. 2. 2. 2.],0.5,True,2021.06.28.16.29.11_veh-38_03263_03766,1,1624901549.800334,664169.2201235719,3997396.226638498,664175.0304544182,3997410.099586434,1106accd2b5707701
0.0,1.0,1.0,1.0,1.0,0.0,1.0,1.0,0.0,[1. 0. 1. 1. 0.],[5. 5. 2. 2. 2.],0.0,True,2021.05.25.14.16.10_veh-35_01100_01664,1,1621967930.000476,664202.0416930232,3997422.763982416,664214.1155271524,3997421.2645955533,ea1bac206caf8d18e
1.0,1.0,0.0,1.0,1.0,1.0,0.0,1.0,0.0,[1. 1. 0. 1. 0.],[5. 5. 2. 2. 2.],0.0,True,2021.09.16.14.39.34_veh-42_00032_00186,1,1631803264.19991,589117.0615697899,4474578.684524274,589100.1251942676,4474618.433537238,397b093b8766274f9
1.0,1.0,1.0,1.0,1.0,1.0,1.0,1.0,1.0,[1. 1. 1. 1. 0.],[5. 5. 2. 2. 2.],1.0,True,2021.06.03.18.47.39_veh-35_00257_00492,1,1622760884.200723,664703.793881351,3999311.6859475425,664699.6730826568,3999304.2842046805,e125fce6404cad012
1.0,1.0,1.0,1.0,0.3393284045761035,1.0,0.0,1.0,1.0,[0.3393284 1.        0.        1.        0.       ],[5. 5. 2. 2. 2.],0.621188715920037,True,2021.09.16.17.40.09_veh-45_02539_02745,1,1631816747.400485,587705.2117192426,4475773.105605091,587703.5661157237,4475770.91711902,51f2dcebd843e5ea9
1.0,1.0,0.5,1.0,1.0,1.0,0.0,1.0,0.5,[1. 1. 0. 1. 0.],[5. 5. 2. 2. 2.],0.42857142857142855,True,2021.09.16.14.39.34_veh-42_00032_00186,1,1631803264.699554,589103.6741502946,4474613.278452066,589095.0163218861,4474628.741942834,5ee839d646b6d620e
1.0,1.0,1.0,1.0,1.0,1.0,1.0,1.0,1.0,[1. 1. 1. 1. 0.],[5. 5. 2. 2. 2.],1.0,True,2021.09.16.19.27.01_veh-45_01749_03230,1,1631823104.999837,587809.68397135,4475847.43969377,587810.0840035721,4475847.092456489,516eb2ea0832b6c1d
0.0,1.0,0.0,1.0,1.0,0.0,0.0,1.0,0.0,[1. 0. 0. 1. 0.],[5. 5. 2. 2. 2.],0.0,True,2021.09.16.17.40.09_veh-45_02539_02745,1,1631816747.900116,587737.212764317,4475813.784937596,587713.8054002416,4475782.664211339,d12e9fb682bb31656
1.0,1.0,1.0,1.0,1.0,1.0,0.0,1.0,1.0,[1. 1. 0. 1. 0.],[5. 5. 2. 2. 2.],0.8571428571428571,True,2021.08.30.16.16.44_veh-40_00256_00716,1,1630340553.499503,331032.7096268025,4690768.085396707,331064.8645148771,4690748.146693809,56cdce665c7a8a742
1.0,1.0,1.0,1.0,0.7712432262908024,1.0,1.0,1.0,1.0,[0.77124323 1.         1.         1.         0.        ],[5. 5. 2. 2. 2.],0.9183011522467152,True,2021.10.06.07.26.10_veh-52_01245_02064,1,1633506836.700073,364916.10437183,143481.18546636542,364916.06149737816,143472.56627764096,0030f1747a12c4a8d
1.0,0.0,1.0,1.0,0.5302247522996744,1.0,1.0,1.0,0.0,[0.53022475 1.         1.         1.         0.        ],[5. 5. 2. 2. 2.],0.0,True,2021.09.16.19.12.04_veh-42_01438_01677,1,1631821420.5000958,587617.4643678801,4475933.07736756,587609.1579053729,4475933.165858202,a480f952c0cac164f
0.5,0.0,0.5,1.0,1.0,0.0,1.0,1.0,0.0,[1. 0. 1. 1. 0.],[5. 5. 2. 2. 2.],0.0,True,2021.06.28.20.24.43_veh-38_03385_04952,1,1624916548.099891,664427.7094967144,3997336.327481591,664426.095798707,3997348.470460702,3501e37f323516fb9
1.0,1.0,1.0,1.0,1.0,0.0,0.0,1.0,1.0,[1. 0. 0. 1. 0.],[5. 5. 2. 2. 2.],0.5,True,2021.06.28.16.29.11_veh-38_03263_03766,1,1624901550.3005528,664168.54193641,3997387.6114500915,664172.2574084147,3997405.8815362887,f229cb59e31bbd82f
1.0,1.0,1.0,1.0,1.0,1.0,0.0,1.0,1.0,[1. 1. 0. 1. 0.],[5. 5. 2. 2. 2.],0.8571428571428571,True,2021.09.16.15.12.03_veh-42_01037_01434,1,1631806653.999687,588103.8742223075,4475767.3497662395,588063.1470394899,4475736.325484455,01a49c2730cc3a531
1.0,1.0,0.5,1.0,0.5931937376386819,1.0,1.0,1.0,0.5,[0.59319374 1.         1.         1.         0.        ],[5. 5. 2. 2. 2.],0.42735602457833605,True,2021.09.16.14.39.34_veh-42_00297_00935,1,1631803913.199848,587680.9890589723,4475744.626263821,587681.1355358607,4475754.395679988,90074b411c5d7d55b
0.0,0.0,1.0,1.0,1.0,0.0,1.0,0.0,0.0,[1. 0. 1. 0. 0.],[5. 5. 2. 2. 2.],0.0,True,2021.09.29.18.19.40_veh-28_00844_01218,1,1632940664.5995688,330884.4131371493,4691096.2216650555,330876.5886077568,4691082.061020845,aefb28d15c78ef21c
0.0,1.0,1.0,1.0,1.0,0.0,0.0,1.0,0.0,[1. 0. 0. 1. 0.],[5. 5. 2. 2. 2.],0.0,True,2021.08.30.13.45.25_veh-40_01116_01336,1,1630332372.0005639,331369.2959040018,4690960.006084026,331333.61807079066,4690983.9135913355,63ab15ccc8dcb91fd
0.0,0.0,0.0,1.0,1.0,0.0,0.0,1.0,0.0,[1. 0. 0. 1. 0.],[5. 5. 2. 2. 2.],0.0,True,2021.06.28.16.29.11_veh-38_03263_03766,1,1624901550.3005528,664153.8595941295,3997361.6630012128,664169.3283232256,3997400.9101908784,f8e452be20910fe87
1.0,1.0,0.5,1.0,0.8057955647567382,1.0,1.0,1.0,0.5,[0.80579556 1.         1.         1.         0.        ],[5. 5. 2. 2. 2.],0.46532063656370326,True,2021.09.16.19.27.01_veh-45_01749_03230,1,1631823104.999837,587797.5532884977,4475851.369935066,587807.9448888744,4475846.997668855,16e1819d7d9d5f11d
1.0,1.0,1.0,1.0,0.8527740539277051,1.0,0.0,1.0,1.0,[0.85277405 1.         0.         1.         0.        ],[5. 5. 2. 2. 2.],0.8045621621170376,True,2021.09.16.17.40.09_veh-45_02539_02745,1,1631816747.900116,587708.8539569586,4475777.590007888,587703.6349680222,4475771.0223374395,daf6f2775f3fee4c9
1.0,1.0,1.0,1.0,0.719020745176333,1.0,0.0,1.0,1.0,[0.71902075 1.         0.         1.         0.        ],[5. 5. 2. 2. 2.],0.7567931232772617,True,2021.10.06.07.26.10_veh-52_02208_02394,1,1633507608.199764,365056.377797518,143900.42889156516,365050.56154927064,143921.9560011851,6565c4983e9b3670b
1.0,1.0,1.0,1.0,1.0,1.0,1.0,1.0,1.0,[1. 1. 1. 1. 0.],[5. 5. 2. 2. 2.],1.0,True,2021.08.30.16.16.44_veh-40_01099_01351,1,1630341465.000279,331662.0237562501,4690769.7120317975,331658.9401740355,4690777.512026227,d748c74cc9549b8fe
1.0,1.0,1.0,1.0,1.0,1.0,0.0,1.0,1.0,[1. 1. 0. 1. 0.],[5. 5. 2. 2. 2.],0.8571428571428571,True,2021.09.16.15.12.03_veh-42_01037_01434,1,1631806653.999687,588104.0254896324,4475768.410943609,588062.2207224679,4475735.89935461,5bd97408b667dca22
1.0,1.0,1.0,1.0,0.6165438730841096,1.0,1.0,1.0,1.0,[0.61654387 1.         1.         1.         0.        ],[5. 5. 2. 2. 2.],0.8630513832443248,True,2021.09.29.19.02.14_veh-28_02911_03005,1,1632945161.7997289,331570.4068691835,4689339.614047479,331580.8853145912,4689334.5240330845,bffe666f9175e93c1
1.0,1.0,1.0,1.0,0.6278294750914383,1.0,0.0,1.0,1.0,[0.62782948 1.         0.         1.         0.        ],[5. 5. 2. 2. 2.],0.7242248125326566,True,2021.08.30.13.45.25_veh-40_01116_01336,1,1630332372.0005639,331339.19304566726,4690977.56395127,331325.7312446211,4690988.958033008,df00098f604a521a4
1.0,1.0,1.0,1.0,1.0,1.0,0.0,1.0,1.0,[1. 1. 0. 1. 0.],[5. 5. 2. 2. 2.],0.8571428571428571,True,2021.09.16.17.40.09_veh-45_02539_02745,1,1631816747.400485,587716.3927781531,4475784.49468575,587706.833264181,4475773.936331021,756e98a2a3d823c33
1.0,0.0,1.0,1.0,1.0,1.0,1.0,1.0,0.0,[1. 1. 1. 1. 0.],[5. 5. 2. 2. 2.],0.0,True,2021.09.16.19.12.04_veh-42_01438_01677,1,1631821420.5000958,587620.4786046764,4475944.384537413,587611.0999858052,4475934.250746359,d24b5a7c9247ecd43
1.0,0.0,0.5,1.0,1.0,1.0,0.0,1.0,0.0,[1. 1. 0. 1. 0.],[5. 5. 2. 2. 2.],0.0,True,2021.10.06.07.26.10_veh-52_00772_00917,1,1633506040.700116,365742.24602950347,143939.20140327702,365733.0798970591,143942.12295866883,b4804c80431225e41
1.0,1.0,1.0,1.0,0.7520288736943441,1.0,1.0,1.0,1.0,[0.75202887 1.         1.         1.         0.        ],[5. 5. 2. 2. 2.],0.9114388834622658,True,2021.09.16.14.39.34_veh-42_00297_00935,1,1631803912.6996648,587672.1232409446,4475737.707597912,587678.5603181368,4475752.93696093,1a764c92b4c5c5a8a
1.0,0.0,1.0,1.0,1.0,0.0,0.0,1.0,0.0,[1. 0. 0. 1. 0.],[5. 5. 2. 2. 2.],0.0,True,2021.10.06.08.16.17_veh-52_01949_02501,1,1633510205.200445,365598.58606318175,143238.25101504792,365598.9029093721,143265.04769705556,7d9dbfb94fb6594f8
1.0,1.0,1.0,1.0,1.0,1.0,0.0,1.0,1.0,[1. 1. 0. 1. 0.],[5. 5. 2. 2. 2.],0.8571428571428571,True,2021.09.16.14.39.34_veh-42_01609_01687,1,1631804862.1998858,588960.516701337,4474863.005887067,588942.3123369949,4474920.816529552,8eb4319f6f1477277
1.0,1.0,1.0,1.0,0.08881100364194985,1.0,1.0,1.0,1.0,[0.088811 1.       1.       1.       0.      ],[5. 5. 2. 2. 2.],0.6745753584435535,True,2021.09.16.21.13.37_veh-42_00172_00347,1,1631827121.200512,588626.0488034168,4475725.867974113,588625.8521920784,4475725.029925727,15cd04f7d172178fc
1.0,1.0,1.0,1.0,1.0,1.0,1.0,1.0,1.0,[1. 1. 1. 1. 0.],[5. 5. 2. 2. 2.],1.0,True,2021.10.06.07.26.10_veh-52_02208_02394,1,1633507608.199764,365049.4859110187,143935.08453694425,365049.49153479066,143935.09783904508,0d6f670a9daf4bde4
1.0,1.0,1.0,1.0,1.0,1.0,1.0,1.0,1.0,[1. 1. 1. 1. 0.],[5. 5. 2. 2. 2.],1.0,True,2021.06.28.16.29.11_veh-38_03263_03766,1,1624901549.800334,664173.2206099945,3997405.262058171,664178.0678104744,3997413.082022767,8d47793d9ca1f6778
1.0,1.0,1.0,1.0,0.377267812028107,1.0,0.0,1.0,1.0,[0.37726781 1.         0.         1.         0.        ],[5. 5. 2. 2. 2.],0.6347385042957525,True,2021.10.06.07.26.10_veh-52_00772_00917,1,1633506040.700116,365736.1282660182,143944.03318703416,365732.1197823643,143943.22240912533,686930fbb99ca475c
1.0,1.0,1.0,1.0,0.5542362619845621,1.0,0.0,1.0,1.0,[0.55423626 1.         0.         1.         0.        ],[5. 5. 2. 2. 2.],0.6979415221373435,True,2021.10.06.07.26.10_veh-52_01245_02064,1,1633506836.199858,364916.8226124866,143482.8691981786,364916.1310474816,143476.23889205986,af8bb014864eab6d8
1.0,1.0,1.0,1.0,0.0,1.0,1.0,1.0,1.0,[0. 1. 1. 1. 0.],[5. 5. 2. 2. 2.],0.6428571428571429,True,2021.09.29.14.44.26_veh-28_01331_01485,1,1632928173.2996988,332284.19751397305,4690376.473224898,332284.1944946191,4690376.476255544,e262bce33b82a53de
1.0,1.0,1.0,1.0,1.0,1.0,0.0,1.0,1.0,[1. 1. 0. 1. 0.],[5. 5. 2. 2. 2.],0.8571428571428571,True,2021.09.16.14.39.34_veh-42_00297_00935,1,1631803912.6996648,587673.4097831915,4475739.052306264,587679.8531162133,4475755.814041033,d8052b68418709942
0.0,1.0,1.0,1.0,1.0,0.0,0.0,1.0,0.0,[1. 0. 0. 1. 0.],[5. 5. 2. 2. 2.],0.0,True,2021.09.16.19.27.01_veh-45_00472_00711,1,1631821065.500315,588371.6283582414,4475979.903282677,588389.1462111891,4475995.524932708,c1ff77f605c58678a
1.0,1.0,1.0,1.0,0.40032427934679027,1.0,0.0,1.0,1.0,[0.40032428 1.         0.         1.         0.        ],[5. 5. 2. 2. 2.],0.642972956909568,True,2021.10.06.07.26.10_veh-52_00772_00917,1,1633506041.20016,365736.04996422795,143943.89515406176,365731.67884817603,143943.09378999658,9d5ce658b960c75f6
0.0,1.0,1.0,0.0,1.0,0.0,0.0,1.0,0.0,[1. 0. 0. 1. 0.],[5. 5. 2. 2. 2.],0.0,True,2021.09.29.14.44.26_veh-28_00528_00992,1,1632927478.7997549,331282.69836067886,4691017.531940283,331264.3152144617,4691031.420099678,3176ea282b5516214
1.0,1.0,1.0,1.0,0.8464980796281556,1.0,1.0,1.0,1.0,[0.84649808 1.         1.         1.         0.        ],[5. 5. 2. 2. 2.],0.9451778855814841,True,2021.10.06.08.16.17_veh-52_01949_02501,1,1633510640.1996188,364936.80614032556,143363.34723823587,364942.66999749705,143334.38159824198,e6aacc10619a6082c
0.0,1.0,1.0,1.0,1.0,0.0,1.0,1.0,0.0,[1. 0. 1. 1. 0.],[5. 5. 2. 2. 2.],0.0,True,2021.05.25.14.16.10_veh-35_01100_01664,1,1621967930.000476,664186.7332826029,3997423.3138595424,664207.0587685308,3997423.3125996348,b4750fa326ea1085b
1.0,1.0,1.0,1.0,0.844698004261342,1.0,0.0,1.0,1.0,[0.844698 1.       0.       1.       0.      ],[5. 5. 2. 2. 2.],0.8016778586647649,True,2021.09.16.14.39.34_veh-42_00032_00186,1,1631803264.19991,589103.3256224322,4474609.993767636,589094.8249271781,4474629.090446462,77ea1d582cf3df680
1.0,0.0,0.5,1.0,1.0,1.0,1.0,1.0,0.0,[1. 1. 1. 1. 0.],[5. 5. 2. 2. 2.],0.0,True,2021.09.29.14.44.26_veh-28_01331_01485,1,1632928173.2996988,332312.9076174104,4690349.356513908,332295.18156949215,4690370.823952437,99c29ddae00eb2eee
0.0,1.0,1.0,1.0,1.0,0.0,1.0,1.0,0.0,[1. 0. 1. 1. 0.],[5. 5. 2. 2. 2.],0.0,True,2021.06.03.13.55.17_veh-35_02866_03582,1,1622745882.601212,664197.2498372358,3997425.8491550526,664218.0366880558,3997418.0597029757,db59121d7d601b04b
0.0,0.0,1.0,1.0,1.0,0.0,0.0,1.0,0.0,[1. 0. 0. 1. 0.],[5. 5. 2. 2. 2.],0.0,True,2021.09.16.17.40.09_veh-45_02539_02745,1,1631816747.900116,587721.6072945705,4475786.777432741,587709.6718626822,4475774.12489191,f4012a586df6289ed
0.0,1.0,1.0,0.0,1.0,0.0,1.0,1.0,0.0,[1. 0. 1. 1. 0.],[5. 5. 2. 2. 2.],0.0,True,2021.09.29.14.44.26_veh-28_00528_00992,1,1632927479.2998168,331276.30657267285,4691023.708272799,331266.34604528884,4691030.72312021,246a9b54a485510a5
1.0,1.0,1.0,1.0,0.5992977140717228,1.0,1.0,1.0,1.0,[0.59929771 1.         1.         1.         0.        ],[5. 5. 2. 2. 2.],0.8568920407399011,True,2021.09.29.19.02.14_veh-28_00273_00514,1,1632942608.79968,331162.4993691008,4690601.550848348,331173.79548530607,4690590.875545644,80412ca123ecd72bc
1.0,1.0,1.0,1.0,1.0,1.0,0.0,1.0,1.0,[1. 1. 0. 1. 0.],[5. 5. 2. 2. 2.],0.8571428571428571,True,2021.09.16.15.12.03_veh-42_01037_01434,1,1631806653.4996688,588099.0744965614,4475763.698148893,588058.0678281818,4475732.288891364,08888312c5d67618e
1.0,1.0,0.5,1.0,1.0,1.0,0.0,1.0,0.5,[1. 1. 0. 1. 0.],[5. 5. 2. 2. 2.],0.42857142857142855,True,2021.09.16.19.12.04_veh-42_01438_01677,1,1631821421.000002,587631.556018085,4475955.5596106695,587616.6159481086,4475942.766833431,312594bc42c547bb1
1.0,0.0,0.5,1.0,0.7715253681447707,1.0,0.0,1.0,0.0,[0.77152537 1.         0.         1.         0.        ],[5. 5. 2. 2. 2.],0.0,True,2021.10.06.08.16.17_veh-52_01949_02501,1,1633510204.700271,365597.78233640315,143245.630752448,365598.0064175771,143267.19260522083,4330e2204831576d7
0.0,0.0,1.0,1.0,0.6868258950201799,0.0,0.0,1.0,0.0,[0.6868259 0.        0.        1.        0.       ],[5. 5. 2. 2. 2.],0.0,True,2021.08.30.13.45.25_veh-40_01116_01336,1,1630332372.0005639,331340.33823755477,4690975.747874017,331325.37725876266,4690989.389031506,f456c5e9004e0cd78
1.0,1.0,0.0,1.0,0.7961711014442622,1.0,0.0,1.0,0.0,[0.7961711 1.        0.        1.        0.       ],[5. 5. 2. 2. 2.],0.0,True,2021.09.16.13.53.10_veh-42_00180_00342,1,1631800700.400107,589210.3044581336,4474350.068467044,589219.7421451745,4474320.916768077,215d99206d864850d
1.0,0.0,1.0,1.0,1.0,1.0,0.0,1.0,0.0,[1. 1. 0. 1. 0.],[5. 5. 2. 2. 2.],0.0,True,2021.10.06.07.26.10_veh-52_01245_02064,1,1633506836.199858,364927.2843861451,143502.05303191554,364916.811955346,143484.40627194208,981f8d9ddc9472041
1.0,1.0,1.0,1.0,0.40832631033020633,1.0,0.0,1.0,1.0,[0.40832631 1.         0.         1.         0.        ],[5. 5. 2. 2. 2.],0.6458308251179308,True,2021.10.06.07.26.10_veh-52_02208_02394,1,1633507608.199764,365050.381913944,143923.57878562502,365050.1422371458,143929.8659470144,cecd0fc5ce59cf0d6
0.0,1.0,1.0,1.0,1.0,0.0,0.0,1.0,0.0,[1. 0. 0. 1. 0.],[5. 5. 2. 2. 2.],0.0,True,2021.09.16.19.27.01_veh-45_00472_00711,1,1631821065.000145,588361.339693979,4475971.912957482,588387.9731662152,4475992.963284113,2c06706ac4ab7c708
0.0,1.0,1.0,1.0,1.0,0.0,0.0,1.0,0.0,[1. 0. 0. 1. 0.],[5. 5. 2. 2. 2.],0.0,True,2021.06.28.16.29.11_veh-38_03263_03766,1,1624901550.3005528,664173.9541178622,3997376.74900146,664172.4181936064,3997403.7221154533,cb1939bb101889c17
1.0,1.0,0.0,1.0,1.0,1.0,0.0,1.0,0.0,[1. 1. 0. 1. 0.],[5. 5. 2. 2. 2.],0.0,True,2021.09.16.14.39.34_veh-42_00297_00935,1,1631803544.199785,588702.2458715693,4475448.404878264,588734.2954424481,4475413.392964227,f94ffca3fb08a2c86
1.0,1.0,1.0,0.0,1.0,1.0,1.0,1.0,0.0,[1. 1. 1. 1. 0.],[5. 5. 2. 2. 2.],0.0,True,2021.08.30.16.16.44_veh-40_01099_01351,1,1630341465.500301,331662.3915769336,4690765.770267508,331658.89350660786,4690774.282926281,f507ae7c610fe346a
0.0,1.0,1.0,1.0,1.0,0.0,1.0,1.0,0.0,[1. 0. 1. 1. 0.],[5. 5. 2. 2. 2.],0.0,True,2021.05.25.14.16.10_veh-35_01100_01664,1,1621967929.500474,664196.7218560615,3997423.597790364,664213.0708800841,3997419.9606561065,18dbdfb5b9fe301f4
1.0,1.0,1.0,1.0,1.0,1.0,1.0,1.0,1.0,[1. 1. 1. 1. 0.],[5. 5. 2. 2. 2.],1.0,True,2021.06.03.13.55.17_veh-35_02866_03582,1,1622745883.10147,664222.5763585255,3997414.495962156,664230.3128778525,3997408.639282682,2b5b15e806903df0c
1.0,1.0,1.0,1.0,0.6008023559252549,1.0,0.0,1.0,1.0,[0.60080236 1.         0.         1.         0.        ],[5. 5. 2. 2. 2.],0.7145722699733054,True,2021.09.16.19.27.01_veh-45_01749_03230,1,1631822496.000454,587541.4316838343,4475821.686328369,587543.5017542302,4475824.964436698,87b69a9da5677bf5b
1.0,1.0,1.0,1.0,1.0,1.0,0.0,1.0,1.0,[1. 1. 0. 1. 0.],[5. 5. 2. 2. 2.],0.8571428571428571,True,2021.09.16.14.39.34_veh-42_00297_00935,1,1631803543.699842,588706.9633275414,4475444.701965674,588738.2963931448,4475409.41694533,342ef8eb6e93505ce
1.0,1.0,1.0,1.0,0.8383837337782559,0.0,0.0,1.0,1.0,[0.83838373 0.         0.         1.         0.        ],[5. 5. 2. 2. 2.],0.44227990492080566,True,2021.09.29.19.02.14_veh-28_00273_00514,1,1632942608.79968,331138.223777483,4690624.302788757,331166.10819361417,4690597.533075062,2cce2f9aeacb49d13
1.0,1.0,1.0,1.0,0.033626913385636566,1.0,0.0,1.0,1.0,[0.03362691 1.         0.         1.         0.        ],[5. 5. 2. 2. 2.],0.5120096119234416,True,2021.06.03.13.55.17_veh-35_02866_03582,1,1622745882.601212,664226.7223515111,3997411.685709762,664226.7407979585,3997411.6696147355,59e6ebcbd44500064
1.0,1.0,1.0,1.0,0.687640941884717,1.0,0.0,1.0,1.0,[0.68764094 1.         0.         1.         0.        ],[5. 5. 2. 2. 2.],0.7455860506731132,True,2021.10.06.07.26.10_veh-52_00006_00398,1,1633505525.199602,365151.8556749944,143381.6919835798,365136.26433294197,143388.92982130457,a8e077fe91ae167df
1.0,0.0,1.0,1.0,0.7286857393101202,1.0,0.0,1.0,0.0,[0.72868574 1.         0.         1.         0.        ],[5. 5. 2. 2. 2.],0.0,True,2021.10.06.08.16.17_veh-52_01949_02501,1,1633510205.200445,365596.95165006863,143264.1381211497,365592.44241270015,143271.91868144032,3029efd936ffc0d0d
0.0,0.0,1.0,1.0,1.0,0.0,0.0,1.0,0.0,[1. 0. 0. 1. 0.],[5. 5. 2. 2. 2.],0.0,True,2021.06.28.16.29.11_veh-38_03263_03766,1,1624901549.800334,664172.5961507212,3997393.8103436804,664174.1075242445,3997407.9231673004,cb517587f4a1e3711
1.0,1.0,1.0,1.0,0.4618950636753454,1.0,1.0,1.0,1.0,[0.46189506 1.         1.         1.         0.        ],[5. 5. 2. 2. 2.],0.8078196655983376,True,2021.09.29.19.02.14_veh-28_00273_00514,1,1632942608.299759,331171.90174591035,4690592.723353505,331178.3158160503,4690586.690217842,09bd7428736e6525b
1.0,0.0,1.0,1.0,1.0,1.0,0.0,1.0,0.0,[1. 1. 0. 1. 0.],[5. 5. 2. 2. 2.],0.0,True,2021.10.06.07.26.10_veh-52_01245_02064,1,1633506836.700073,364928.79589999386,143502.2835102953,364917.0625040017,143484.5618255971,ab9b0531b8d7800ce
1.0,0.0,1.0,1.0,1.0,1.0,0.0,1.0,0.0,[1. 1. 0. 1. 0.],[5. 5. 2. 2. 2.],0.0,True,2021.08.16.14.23.37_veh-45_00015_00132,1,1629124038.500187,588970.6141653238,4474853.81188493,588981.2236209131,4474824.314127039,5811614378e2be311
1.0,0.0,1.0,1.0,1.0,1.0,0.0,1.0,0.0,[1. 1. 0. 1. 0.],[5. 5. 2. 2. 2.],0.0,True,2021.09.16.14.39.34_veh-42_01609_01687,1,1631804862.1998858,588956.8974480722,4474869.502687891,588940.6368284322,4474923.320708004,2c126d0b4fc4f59f6
1.0,1.0,1.0,1.0,0.0,1.0,0.0,1.0,1.0,[0. 1. 0. 1. 0.],[5. 5. 2. 2. 2.],0.5,True,2021.10.06.08.16.17_veh-52_01949_02501,1,1633510205.200445,365593.5184778896,143272.90454595152,365593.509561028,143272.91121407592,85d790e9c5c2e7b7c
1.0,1.0,1.0,1.0,0.1309446765674931,1.0,1.0,1.0,1.0,[0.13094468 1.         1.         1.         0.        ],[5. 5. 2. 2. 2.],0.6896230987741047,True,2021.09.16.19.12.04_veh-42_01438_01677,1,1631821420.5000958,587611.1575871472,4475934.49387569,587609.8535294955,4475934.115103398,ead470fc76d3720d5
1.0,1.0,1.0,1.0,1.0,1.0,0.0,1.0,1.0,[1. 1. 0. 1. 0.],[5. 5. 2. 2. 2.],0.8571428571428571,True,2021.10.06.07.26.10_veh-52_00772_00917,1,1633506041.20016,365745.6970052857,143942.65457129804,365736.11626889923,143943.44624624212,5d7c10a16ad487174
1.0,1.0,1.0,1.0,0.7767515085208491,1.0,1.0,1.0,1.0,[0.77675151 1.         1.         1.         0.        ],[5. 5. 2. 2. 2.],0.9202683959003032,True,2021.09.29.19.02.14_veh-28_00273_00514,1,1632942608.299759,331146.9938421959,4690616.87299282,331170.90595859545,4690594.05317918,8f8fa607cf20ce163
0.0,1.0,1.0,1.0,1.0,0.0,1.0,1.0,0.0,[1. 0. 1. 1. 0.],[5. 5. 2. 2. 2.],0.0,True,2021.05.25.14.16.10_veh-35_01100_01664,1,1621967930.000476,664197.1656481636,3997424.0511906715,664211.5652848624,3997420.5393827264,778f661244251a842
1.0,0.0,1.0,1.0,1.0,1.0,1.0,1.0,0.0,[1. 1. 1. 1. 0.],[5. 5. 2. 2. 2.],0.0,True,2021.10.06.07.26.10_veh-52_00772_00917,1,1633506041.20016,365737.4555215891,143939.43175196732,365729.3504763473,143942.27529214873,7441ab5cb1d596d66
1.0,1.0,1.0,1.0,0.7679231313001919,1.0,1.0,1.0,1.0,[0.76792313 1.         1.         1.         0.        ],[5. 5. 2. 2. 2.],0.9171154040357827,True,2021.09.29.19.02.14_veh-28_00273_00514,1,1632942608.79968,331143.8650193601,4690619.485399268,331167.8394005185,4690596.766355993,e1181167f5c790340
1.0,0.0,1.0,1.0,0.781219895951066,1.0,0.0,1.0,0.0,[0.7812199 1.        0.        1.        0.       ],[5. 5. 2. 2. 2.],0.0,True,2021.10.06.07.26.10_veh-52_01245_02064,1,1633506836.199858,364918.31718381343,143490.45382859407,364914.86401067406,143477.7605113124,997169e70df191713
1.0,1.0,1.0,1.0,0.5383880411911374,1.0,0.0,1.0,1.0,[0.53838804 1.         0.         1.         0.        ],[5. 5. 2. 2. 2.],0.692281443282549,True,2021.08.30.13.45.25_veh-40_01116_01336,1,1630332372.0005639,331331.1528108752,4690983.952655053,331321.4828044282,4690991.954346758,b5eae8e67d3680501
0.0,1.0,1.0,1.0,1.0,0.0,0.0,1.0,0.0,[1. 0. 0. 1. 0.],[5. 5. 2. 2. 2.],0.0,True,2021.06.28.16.29.11_veh-38_03263_03766,1,1624901549.800334,664166.9499771075,3997384.7278154693,664172.8494724086,3997407.784656957,9e4e2947f7b3098a7
1.0,1.0,0.0,1.0,1.0,0.0,0.0,1.0,0.0,[1. 0. 0. 1. 0.],[5. 5. 2. 2. 2.],0.0,True,2021.09.16.14.39.34_veh-42_00297_00935,1,1631803913.199848,587668.1496053962,4475730.166349937,587681.6363419808,4475750.60674005,29e06b2285a52c6d0
1.0,1.0,1.0,1.0,0.5740256162715912,1.0,0.0,1.0,1.0,[0.57402562 1.         0.         1.         0.        ],[5. 5. 2. 2. 2.],0.7050091486684255,True,2021.10.06.07.26.10_veh-52_01245_02064,1,1633506836.700073,364916.6976417708,143482.81751793393,364916.1622778022,143476.46785860116,90d989f2205e253f9
1.0,0.0,1.0,1.0,0.7767039394185193,1.0,0.0,1.0,0.0,[0.77670394 1.         0.         1.         0.        ],[5. 5. 2. 2. 2.],0.0,True,2021.09.16.19.12.04_veh-42_01438_01677,1,1631821420.5000958,587623.0232759243,4475948.440562046,587614.0623738489,4475936.782397825,cd7d476e450a5083d
0.0,1.0,1.0,1.0,1.0,0.0,1.0,1.0,0.0,[1. 0. 1. 1. 0.],[5. 5. 2. 2. 2.],0.0,True,2021.06.03.13.55.17_veh-35_02866_03582,1,1622745883.10147,664189.8736762997,3997419.257764484,664215.4737567847,3997419.4334424366,bda9a328490cd8105
1.0,1.0,1.0,1.0,0.004205731157592753,1.0,0.0,1.0,1.0,[0.00420573 1.         0.         1.         0.        ],[5. 5. 2. 2. 2.],0.5015020468419974,True,2021.06.03.13.55.17_veh-35_02866_03582,1,1622745883.10147,664224.4354183577,3997413.6475714943,664224.4520849154,3997413.633504738,556d1d92f66a8344d
1.0,0.0,0.0,1.0,1.0,1.0,0.0,1.0,0.0,[1. 1. 0. 1. 0.],[5. 5. 2. 2. 2.],0.0,True,2021.09.16.19.12.04_veh-42_01438_01677,1,1631821420.5000958,587641.8882628345,4475966.029301261,587616.8316424937,4475944.621728689,dfc4fb3ce45ccca81
1.0,1.0,1.0,1.0,0.7873607295533505,1.0,0.0,1.0,1.0,[0.78736073 1.         0.         1.         0.        ],[5. 5. 2. 2. 2.],0.781200260554768,True,2021.06.28.16.29.11_veh-38_03263_03766,1,1624901549.800334,664174.6551685184,3997404.7056141905,664176.4549770869,3997410.687907652,5c1c76ff6dae6f388
1.0,1.0,1.0,1.0,0.09712571129903154,1.0,0.0,1.0,1.0,[0.09712571 1.         0.         1.         0.        ],[5. 5. 2. 2. 2.],0.5346877540353684,True,2021.09.29.19.02.14_veh-28_00964_01689,1,1632943675.79978,330878.51654860325,4691075.634291771,330878.6368503024,4691075.537653962,384e8594099b2b5f2
0.0,1.0,0.5,1.0,1.0,0.0,0.0,1.0,0.0,[1. 0. 0. 1. 0.],[5. 5. 2. 2. 2.],0.0,True,2021.09.16.19.27.01_veh-45_01749_03230,1,1631822496.5005078,587545.3780360015,4475817.567099579,587545.4977232416,4475825.991397898,db8e9c0ed37d0df11
1.0,1.0,1.0,1.0,0.5559701546800003,1.0,1.0,1.0,1.0,[0.55597015 1.         1.         1.         0.        ],[5. 5. 2. 2. 2.],0.8414179123857144,True,2021.09.16.15.12.03_veh-42_01037_01434,1,1631806653.999687,588065.4022132858,4475736.406598019,588051.9155770097,4475725.909523288,a810d97362a0219ed
1.0,1.0,0.0,1.0,0.8815875761679096,1.0,0.0,1.0,0.0,[0.88158758 1.         0.         1.         0.        ],[5. 5. 2. 2. 2.],0.0,True,2021.09.16.19.27.01_veh-45_01749_03230,1,1631823104.4999778,587791.4100624823,4475855.293168708,587805.4257894589,4475847.27150513,e2d10c9ccbbc61bce
1.0,1.0,1.0,1.0,0.7974368631875621,1.0,1.0,1.0,1.0,[0.79743686 1.         1.         1.         0.        ],[5. 5. 2. 2. 2.],0.9276560225669864,True,2021.09.16.13.53.10_veh-42_00180_00342,1,1631800761.3994029,589023.6825098317,4474724.183164067,589027.430711149,4474695.705003993,90c45199dafb82117
1.0,0.0,1.0,1.0,0.7628903110026684,1.0,1.0,1.0,0.0,[0.76289031 1.         1.         1.         0.        ],[5. 5. 2. 2. 2.],0.0,True,2021.10.06.08.16.17_veh-52_00612_00782,1,1633508987.700743,365149.83570003376,144102.76312386192,365139.66374210466,144125.36102850747,6cbd63c8a5077be25
0.5,0.0,1.0,1.0,1.0,0.0,0.0,1.0,0.0,[1. 0. 0. 1. 0.],[5. 5. 2. 2. 2.],0.0,True,2021.06.03.13.55.17_veh-35_02866_03582,1,1622745882.601212,664216.9917578317,3997414.1826020516,664227.7571480871,3997410.0932064396,462336a687ff62978
1.0,1.0,1.0,1.0,0.7245626378005047,1.0,0.0,1.0,1.0,[0.72456264 1.         0.         1.         0.        ],[5. 5. 2. 2. 2.],0.7587723706430374,True,2021.10.06.07.26.10_veh-52_01245_02064,1,1633506836.199858,364928.6134122344,143501.97012350382,364917.7491953913,143484.71722561063,4df02e870186ea610
1.0,1.0,0.5,1.0,1.0,1.0,0.0,1.0,0.5,[1. 1. 0. 1. 0.],[5. 5. 2. 2. 2.],0.42857142857142855,True,2021.09.16.19.12.04_veh-42_01438_01677,1,1631821420.5000958,587620.4103900777,4475951.631325351,587612.6707949121,4475938.056192845,de7117fede978534c
1.0,1.0,1.0,1.0,0.8500841914970202,1.0,1.0,1.0,1.0,[0.85008419 1.         1.         1.         0.        ],[5. 5. 2. 2. 2.],0.9464586398203644,True,2021.10.06.07.26.10_veh-52_00006_00398,1,1633505524.699735,365173.27266436577,143375.03593464528,365142.87001553446,143387.7019742778,23d3fdeb556df092e
0.0,1.0,1.0,1.0,1.0,0.0,1.0,1.0,0.0,[1. 0. 1. 1. 0.],[5. 5. 2. 2. 2.],0.0,True,2021.09.29.19.02.14_veh-28_00964_01689,1,1632943675.79978,330878.92192835285,4691093.158903414,330877.2116640948,4691079.495863705,b141bcb6ae7025055
0.0,1.0,1.0,1.0,1.0,0.0,0.0,1.0,0.0,[1. 0. 0. 1. 0.],[5. 5. 2. 2. 2.],0.0,True,2021.05.25.15.59.03_veh-30_04027_04200,1,1621976895.599787,664253.0154476073,3996287.0687486692,664269.0317424623,3996285.950182109,6d11863653324dee3
1.0,1.0,1.0,1.0,0.4809792061376341,1.0,1.0,1.0,1.0,[0.48097921 1.         1.         1.         0.        ],[5. 5. 2. 2. 2.],0.8146354307634408,True,2021.10.06.08.16.17_veh-52_01949_02501,1,1633510205.200445,365599.97831151367,143262.87132554103,365595.78787811607,143269.05626373953,3b3f6182f292aea44
0.0,0.0,1.0,1.0,1.0,0.0,0.0,1.0,0.0,[1. 0. 0. 1. 0.],[5. 5. 2. 2. 2.],0.0,True,2021.08.30.13.45.25_veh-40_01116_01336,1,1630332372.5004869,331352.85497194424,4690966.75634188,331330.9668164991,4690983.793747235,e1dfffddf7ca3297a
1.0,1.0,1.0,1.0,0.03461692044042189,1.0,1.0,1.0,1.0,[0.03461692 1.         1.         1.         0.        ],[5. 5. 2. 2. 2.],0.6552203287287222,True,2021.09.29.18.19.40_veh-28_00844_01218,1,1632940664.5995688,330877.2680910361,4691079.24109534,330877.2802591396,4691079.225976784,f9f0618a87c59174c
1.0,1.0,1.0,1.0,0.77944732087093,1.0,0.0,1.0,1.0,[0.77944732 1.         0.         1.         0.        ],[5. 5. 2. 2. 2.],0.7783740431681893,True,2021.10.06.07.26.10_veh-52_00006_00398,1,1633505525.199602,365166.2995411733,143376.11914905426,365141.2246194956,143386.76048132227,8ec2f225bd1ccc3ff
1.0,0.0,1.0,1.0,0.7339141416702727,1.0,0.0,1.0,0.0,[0.73391414 1.         0.         1.         0.        ],[5. 5. 2. 2. 2.],0.0,True,2021.10.06.08.16.17_veh-52_01949_02501,1,1633510204.700271,365601.9287986895,143252.1345345693,365597.4449094683,143268.17962777082,114cffc6aed0cbf4b
1.0,1.0,1.0,1.0,1.0,1.0,1.0,1.0,1.0,[1. 1. 1. 1. 0.],[5. 5. 2. 2. 2.],1.0,True,2021.09.29.18.19.40_veh-28_00844_01218,1,1632940665.099565,330874.74915327516,4691093.600773584,330876.45478549384,4691080.469318213,10d905dbddd82d817
1.0,1.0,1.0,1.0,0.6900443284867771,1.0,1.0,1.0,1.0,[0.69004433 1.         1.         1.         0.        ],[5. 5. 2. 2. 2.],0.8893015458881346,True,2021.09.16.19.27.01_veh-45_01749_03230,1,1631822496.5005078,587548.9588176748,4475805.895273575,587543.1124936487,4475816.91424236,120c21d6c27040aa9
1.0,1.0,1.0,1.0,1.0,0.0,1.0,1.0,1.0,[1. 0. 1. 1. 0.],[5. 5. 2. 2. 2.],0.6428571428571429,True,2021.09.16.19.27.01_veh-45_01749_03230,1,1631822496.000454,587549.6374731342,4475811.227487022,587544.729240514,4475822.880651101,c19a21525d410c990
1.0,1.0,1.0,1.0,0.6058030233595011,1.0,0.0,1.0,1.0,[0.60580302 1.         0.         1.         0.        ],[5. 5. 2. 2. 2.],0.7163582226283933,True,2021.08.30.13.45.25_veh-40_01116_01336,1,1630332372.0005639,331332.33570521686,4690984.1597612,331320.65453746374,4690992.182077008,69983915889fb6856
0.0,1.0,1.0,1.0,1.0,0.0,1.0,1.0,0.0,[1. 0. 1. 1. 0.],[5. 5. 2. 2. 2.],0.0,True,2021.05.25.14.16.10_veh-35_01100_01664,1,1621967929.500474,664189.153720127,3997424.028154963,664209.3495808936,3997422.7024526014,bba03402f6222135f
1.0,1.0,0.0,1.0,0.0,1.0,0.0,1.0,0.0,[0. 1. 0. 1. 0.],[5. 5. 2. 2. 2.],0.0,True,2021.09.16.19.12.04_veh-42_01438_01677,1,1631821421.000002,587621.2108212402,4475952.536614852,587610.6384289371,4475936.354129014,b3d317372d76fa570
1.0,1.0,1.0,1.0,0.40746495805122973,1.0,1.0,1.0,1.0,[0.40746496 1.         1.         1.         0.        ],[5. 5. 2. 2. 2.],0.7883803421611535,True,2021.08.30.13.45.25_veh-40_01116_01336,1,1630332372.0005639,331327.2068325939,4690988.915343799,331320.8363851186,4690993.004855851,096330032f89cefb3
1.0,0.0,1.0,1.0,1.0,1.0,0.0,1.0,0.0,[1. 1. 0. 1. 0.],[5. 5. 2. 2. 2.],0.0,True,2021.10.06.08.16.17_veh-52_01949_02501,1,1633510205.200445,365599.94297458796,143243.9077932028,365599.54150198144,143265.55161009525,ab0ba6120248926e3
1.0,0.0,1.0,1.0,0.8731378412294775,1.0,0.0,1.0,0.0,[0.87313784 1.         0.         1.         0.        ],[5. 5. 2. 2. 2.],0.0,True,2021.10.06.07.26.10_veh-52_00772_00917,1,1633506040.700116,365742.65363246243,143940.93347478524,365732.8318151864,143942.52545888233,925bbd1a587bfa622
0.0,1.0,1.0,1.0,1.0,0.0,1.0,1.0,0.0,[1. 0. 1. 1. 0.],[5. 5. 2. 2. 2.],0.0,True,2021.09.16.19.27.01_veh-45_00472_00711,1,1631821065.500315,588366.0343648192,4475975.822200731,588388.691867521,4475993.379729282,67aafbe3b9430e738
1.0,1.0,1.0,1.0,0.7921584176237765,1.0,0.0,1.0,1.0,[0.79215842 1.         0.         1.         0.        ],[5. 5. 2. 2. 2.],0.7829137205799201,True,2021.09.16.15.12.03_veh-42_01037_01434,1,1631806653.999687,588069.0378589719,4475740.662741511,588048.3799322944,4475724.995347356,7acdb574f1a885262
0.0,1.0,1.0,1.0,1.0,0.0,1.0,1.0,0.0,[1. 0. 1. 1. 0.],[5. 5. 2. 2. 2.],0.0,True,2021.09.16.17.40.09_veh-45_02539_02745,1,1631816747.400485,587735.4063691988,4475807.463592185,587712.7154215935,4475780.342469215,7fa72ac59f374d3ab
1.0,1.0,1.0,1.0,0.9238803016680017,1.0,0.0,1.0,1.0,[0.9238803 1.        0.        1.        0.       ],[5. 5. 2. 2. 2.],0.8299572505957149,True,2021.09.16.14.39.34_veh-42_00032_00186,1,1631803264.699554,589095.4214240584,4474626.270778722,589091.9643993626,4474635.890917054,8a80c99bf844921b8
0.0,1.0,1.0,1.0,1.0,0.0,1.0,1.0,0.0,[1. 0. 1. 1. 0.],[5. 5. 2. 2. 2.],0.0,True,2021.05.25.14.16.10_veh-35_01100_01664,1,1621967929.500474,664198.4041311747,3997422.8618830605,664214.4282790229,3997419.300628837,e2ea1000f4e2d0904
0.0,0.0,0.5,1.0,1.0,0.0,1.0,0.0,0.0,[1. 0. 1. 0. 0.],[5. 5. 2. 2. 2.],0.0,True,2021.09.29.18.19.40_veh-28_00844_01218,1,1632940664.5995688,330895.1142211446,4691102.923426397,330876.2946932757,4691087.724667633,6a7d426363539d6d7
1.0,1.0,1.0,1.0,0.004935731966031861,1.0,0.0,1.0,1.0,[0.00493573 1.         0.         1.         0.        ],[5. 5. 2. 2. 2.],0.5017627614164399,True,2021.08.30.13.45.25_veh-40_01116_01336,1,1630332372.5004869,331317.83637448977,4690992.817527115,331317.8158302711,4690992.839117811,14a8b09c096718d35
0.0,1.0,1.0,1.0,1.0,0.0,1.0,1.0,0.0,[1. 0. 1. 1. 0.],[5. 5. 2. 2. 2.],0.0,True,2021.05.25.15.59.03_veh-30_04027_04200,1,1621976895.599787,664250.4123130464,3996286.3734093057,664266.8295658168,3996285.5619158098,703b1c2f2088dc549
1.0,1.0,1.0,1.0,0.7343775923305192,1.0,0.0,1.0,1.0,[0.73437759 1.         0.         1.         0.        ],[5. 5. 2. 2. 2.],0.762277711546614,True,2021.10.06.07.26.10_veh-52_00006_00398,1,1633505524.699735,365149.21194858005,143384.31543923376,365134.6484556098,143390.93919855545,cfdd0359dacc8fea1
0.0,1.0,1.0,1.0,0.8010157267303968,1.0,1.0,1.0,0.0,[0.80101573 1.         1.         1.         0.        ],[5. 5. 2. 2. 2.],0.0,True,2021.09.16.14.39.34_veh-42_00297_00935,1,1631803912.6996648,587675.164066898,4475742.337067781,587678.5581376153,4475755.980228627,1559b4629f70930e4
1.0,1.0,1.0,1.0,0.6727164096569798,1.0,1.0,1.0,1.0,[0.67271641 1.         1.         1.         0.        ],[5. 5. 2. 2. 2.],0.8831130034489213,True,2021.09.16.19.27.01_veh-45_01749_03230,1,1631823104.4999778,587801.2264071541,4475851.656374875,587808.749895594,4475847.39007967,c6d9117f5b5eb2902
1.0,1.0,1.0,1.0,1.0,1.0,1.0,1.0,1.0,[1. 1. 1. 1. 0.],[5. 5. 2. 2. 2.],1.0,True,2021.09.16.15.12.03_veh-42_01037_01434,1,1631806653.4996688,588091.5789791077,4475757.28849385,588053.8415646992,4475728.426203761,e2d44e550396a6802
1.0,1.0,1.0,1.0,0.7402345858107633,1.0,1.0,1.0,1.0,[0.74023459 1.         1.         1.         0.        ],[5. 5. 2. 2. 2.],0.9072266377895584,True,2021.10.06.07.26.10_veh-52_00006_00398,1,1633505525.199602,365169.43209167116,143373.0325739937,365144.41338667873,143384.901628573,eb0047db76ca54d58
1.0,0.0,0.0,1.0,1.0,1.0,0.0,1.0,0.0,[1. 1. 0. 1. 0.],[5. 5. 2. 2. 2.],0.0,True,2021.09.16.14.39.34_veh-42_00297_00935,1,1631803544.199785,588725.9853789127,4475426.893788282,588743.732103921,4475406.847076533,a73bc7fee06a21930
1.0,1.0,1.0,1.0,0.10755097626681442,1.0,0.0,1.0,1.0,[0.10755098 1.         0.         1.         0.        ],[5. 5. 2. 2. 2.],0.5384110629524337,True,2021.09.16.19.49.00_veh-42_00990_01609,1,1631823104.999981,587623.387898978,4475953.769276843,587622.9189818047,4475952.176916266,e4cc46ea076c674d9
1.0,0.0,1.0,1.0,0.842085161480309,1.0,1.0,1.0,0.0,[0.84208516 1.         1.         1.         0.        ],[5. 5. 2. 2. 2.],0.0,True,2021.10.06.08.16.17_veh-52_01949_02501,1,1633510639.69981,364936.4919086086,143357.04601627743,364942.53361172235,143330.36188102368,2e2b274bd113ed59f
1.0,1.0,1.0,1.0,1.0,1.0,1.0,1.0,1.0,[1. 1. 1. 1. 0.],[5. 5. 2. 2. 2.],1.0,True,2021.06.28.20.24.43_veh-38_03385_04952,1,1624916547.6001759,664425.319310276,3997344.739641943,664425.348165536,3997348.3800055943,856438ce448da4265
1.0,1.0,1.0,1.0,0.8095680268029849,1.0,1.0,1.0,1.0,[0.80956803 1.         1.         1.         0.        ],[5. 5. 2. 2. 2.],0.9319885810010661,True,2021.10.06.07.26.10_veh-52_01245_02064,1,1633506836.700073,364941.09658433706,143515.904336795,364921.8580457376,143491.63598143525,c912edcab444df468
1.0,0.0,1.0,1.0,1.0,1.0,0.0,1.0,0.0,[1. 1. 0. 1. 0.],[5. 5. 2. 2. 2.],0.0,True,2021.09.16.14.39.34_veh-42_00297_00935,1,1631803543.699842,588706.1819507647,4475448.107422414,588738.5312551319,4475411.91391749,ecb3b9f1238edf126
1.0,1.0,1.0,1.0,0.841195501257761,1.0,1.0,1.0,1.0,[0.8411955 1.        1.        1.        0.       ],[5. 5. 2. 2. 2.],0.9432841075920575,True,2021.08.16.14.23.37_veh-45_00015_00132,1,1629124037.999939,588971.3436696228,4474850.891994236,588982.9363705117,4474821.092804628,7186caba98873825a
1.0,0.0,1.0,1.0,1.0,1.0,1.0,1.0,0.0,[1. 1. 1. 1. 0.],[5. 5. 2. 2. 2.],0.0,True,2021.10.06.07.26.10_veh-52_01245_02064,1,1633507108.700289,365215.7782434576,143686.89357171598,365222.0417135557,143691.38435756392,8db77c0cfd06714d8
0.0,0.0,1.0,1.0,1.0,0.0,1.0,0.0,0.0,[1. 0. 1. 0. 0.],[5. 5. 2. 2. 2.],0.0,True,2021.09.29.18.19.40_veh-28_00844_01218,1,1632940664.5995688,330893.51920570526,4691103.292719743,330875.82362210174,4691087.962481969,a5a4330ec613db5a3
0.0,0.0,0.0,1.0,1.0,0.0,0.0,1.0,0.0,[1. 0. 0. 1. 0.],[5. 5. 2. 2. 2.],0.0,True,2021.08.30.13.45.25_veh-40_01116_01336,1,1630332372.5004869,331340.3834454358,4690972.312344111,331327.1557698145,4690986.920018978,39ebfd58dcc9b5aea
1.0,0.0,0.0,1.0,0.9892608944324982,1.0,0.0,1.0,0.0,[0.98926089 1.         0.         1.         0.        ],[5. 5. 2. 2. 2.],0.0,True,2021.09.16.19.27.01_veh-45_00472_00711,1,1631821065.500315,588378.15428459,4475989.420666928,588391.3603014124,4475997.560387492,58ab5764f037eca22
0.0,1.0,1.0,1.0,1.0,0.0,1.0,1.0,0.0,[1. 0. 1. 1. 0.],[5. 5. 2. 2. 2.],0.0,True,2021.05.25.15.59.03_veh-30_04027_04200,1,1621976896.09955,664255.7945914207,3996284.805594369,664272.9363242231,3996285.2908643894,6facf1979a5a3837b
1.0,0.0,1.0,1.0,0.8267725107350014,1.0,0.0,1.0,0.0,[0.82677251 1.         0.         1.         0.        ],[5. 5. 2. 2. 2.],0.0,True,2021.10.06.08.16.17_veh-52_01949_02501,1,1633510204.700271,365598.2492236441,143260.40492150694,365593.6834742867,143270.40058129374,8aabedd8189160e6a
1.0,1.0,1.0,1.0,0.4703161164096542,1.0,1.0,1.0,1.0,[0.47031612 1.         1.         1.         0.        ],[5. 5. 2. 2. 2.],0.8108271844320194,True,2021.09.29.19.02.14_veh-28_02911_03005,1,1632945161.7997289,331570.9289131426,4689341.335421359,331580.7051852272,4689335.688855501,71afcb9b1ac436e14
1.0,0.0,0.0,1.0,1.0,1.0,0.0,1.0,0.0,[1. 1. 0. 1. 0.],[5. 5. 2. 2. 2.],0.0,True,2021.09.16.13.53.10_veh-42_00180_00342,1,1631800700.900575,589202.7323473212,4474365.832038737,589218.1636109542,4474329.539414795,e33aa6b2d5b26910b
1.0,0.0,1.0,1.0,0.8703283254609923,1.0,0.0,1.0,0.0,[0.87032833 1.         0.         1.         0.        ],[5. 5. 2. 2. 2.],0.0,True,2021.10.06.08.16.17_veh-52_01949_02501,1,1633510204.700271,365599.40638650575,143243.8646624829,365596.80627862277,143267.84868260354,feeaa6210f5b68928
1.0,0.0,0.5,1.0,0.6159848249533559,1.0,1.0,1.0,0.0,[0.61598482 1.         1.         1.         0.        ],[5. 5. 2. 2. 2.],0.0,True,2021.10.06.08.16.17_veh-52_01949_02501,1,1633510639.69981,364950.4345242365,143347.380939293,364943.4611743129,143327.8476090612,63539a8af8e7678fa
0.0,0.0,1.0,1.0,0.7411632691989513,0.0,1.0,1.0,0.0,[0.74116327 0.         1.         1.         0.        ],[5. 5. 2. 2. 2.],0.0,True,2021.09.29.19.02.14_veh-28_02911_03005,1,1632945161.7997289,331563.7888781454,4689347.306818092,331577.8396451818,4689338.80067288,960a0cd8fd6e4be22
1.0,1.0,1.0,1.0,1.0,1.0,0.0,1.0,1.0,[1. 1. 0. 1. 0.],[5. 5. 2. 2. 2.],0.8571428571428571,True,2021.08.30.16.16.44_veh-40_00256_00716,1,1630340553.499503,331032.65637834056,4690768.052146235,331064.8645148771,4690748.146693809,24474e28c524b8a8a
0.0,1.0,1.0,0.0,1.0,0.0,0.0,1.0,0.0,[1. 0. 0. 1. 0.],[5. 5. 2. 2. 2.],0.0,True,2021.09.29.14.44.26_veh-28_00528_00992,1,1632927478.7997549,331274.0039596259,4691023.230995675,331263.2076991119,4691032.754171818,302d43ed9ed327d94
1.0,0.0,1.0,1.0,0.42039803667193876,1.0,1.0,1.0,0.0,[0.42039804 1.         1.         1.         0.        ],[5. 5. 2. 2. 2.],0.0,True,2021.10.06.07.26.10_veh-52_01245_02064,1,1633506836.700073,364916.2840582629,143484.34288806003,364915.9150795587,143478.94334049552,5f2803a94f9f2adba
0.5,0.0,0.5,1.0,0.6668027664299148,1.0,0.0,1.0,0.0,[0.66680277 1.         0.         1.         0.        ],[5. 5. 2. 2. 2.],0.0,True,2021.09.16.19.49.00_veh-42_00990_01609,1,1631823105.4999719,587634.2033504165,4475959.363587214,587623.961196748,4475952.668312784,648b4aa95f01b805d
1.0,1.0,1.0,1.0,0.020341178423576613,1.0,1.0,1.0,1.0,[0.02034118 1.         1.         1.         0.        ],[5. 5. 2. 2. 2.],0.6501218494369916,True,2021.09.16.19.12.04_veh-42_01438_01677,1,1631821421.000002,587610.2236727445,4475935.56994695,587610.0678951944,4475935.440091293,f5714362919202c36
0.0,1.0,1.0,1.0,1.0,0.0,0.0,1.0,0.0,[1. 0. 0. 1. 0.],[5. 5. 2. 2. 2.],0.0,True,2021.05.25.15.59.03_veh-30_04027_04200,1,1621976896.09955,664251.8877177398,3996287.7060721186,664267.662670894,3996286.3242779365,a33fa10f772275b4a
1.0,1.0,1.0,1.0,0.3721497561919701,1.0,1.0,1.0,1.0,[0.37214976 1.         1.         1.         0.        ],[5. 5. 2. 2. 2.],0.7757677700685608,True,2021.10.06.07.26.10_veh-52_02208_02394,1,1633507608.199764,365050.75313287036,143924.2044349469,365050.57367568597,143928.7908177948,6d342e630c70431ff
1.0,1.0,1.0,1.0,0.0,1.0,1.0,1.0,1.0,[0. 1. 1. 1. 0.],[5. 5. 2. 2. 2.],0.6428571428571429,True,2021.09.29.19.02.14_veh-28_00964_01689,1,1632943675.79978,330881.9103100649,4691073.128834231,330881.9112005375,4691073.127639439,8a767a8d9952eeaf9
1.0,1.0,1.0,1.0,0.6701850351084866,1.0,1.0,1.0,1.0,[0.67018504 1.         1.         1.         0.        ],[5. 5. 2. 2. 2.],0.8822089411101738,True,2021.09.29.19.02.14_veh-28_02911_03005,1,1632945161.7997289,331557.97292870557,4689351.08047386,331576.11454652785,4689337.228227746,aaaeb97c15db0e2f6
1.0,1.0,1.0,1.0,0.7659305116489911,1.0,0.0,1.0,1.0,[0.76593051 1.         0.         1.         0.        ],[5. 5. 2. 2. 2.],0.7735466113032111,True,2021.09.16.19.27.01_veh-45_01749_03230,1,1631822496.000454,587539.7976694088,4475820.39818551,587543.0343342536,4475824.561964342,9d5110bb7daed22bf
1.0,1.0,1.0,1.0,1.0,1.0,0.0,1.0,1.0,[1. 1. 0. 1. 0.],[5. 5. 2. 2. 2.],0.8571428571428571,True,2021.10.06.07.26.10_veh-52_00772_00917,1,1633506040.700116,365746.92238706804,143942.04542306397,365735.16973691015,143943.29033537142,34bba0aaea8099d53
1.0,1.0,1.0,1.0,1.0,1.0,0.0,1.0,1.0,[1. 1. 0. 1. 0.],[5. 5. 2. 2. 2.],0.8571428571428571,True,2021.09.16.15.12.03_veh-42_01037_01434,1,1631806653.4996688,588108.7425443954,4475771.031792949,588061.2812965153,4475733.967014732,0eb1a54023685f27e
1.0,1.0,1.0,1.0,0.9664854119348003,1.0,1.0,1.0,1.0,[0.96648541 1.         1.         1.         0.        ],[5. 5. 2. 2. 2.],0.9880305042624287,True,2021.09.16.19.27.01_veh-45_01749_03230,1,1631822496.000454,587552.039360137,4475808.178973604,587544.6288154206,4475818.839139704,964d3400667ae187f
1.0,1.0,1.0,1.0,0.7794686601496041,1.0,1.0,1.0,1.0,[0.77946866 1.         1.         1.         0.        ],[5. 5. 2. 2. 2.],0.9212388071962871,True,2021.09.16.21.13.37_veh-42_00172_00347,1,1631827121.200512,588610.5379253858,4475752.455927588,588622.5153298588,4475732.201129231,80c12d47df3847b19
1.0,1.0,1.0,1.0,1.0,1.0,1.0,1.0,1.0,[1. 1. 1. 1. 0.],[5. 5. 2. 2. 2.],1.0,True,2021.06.28.20.24.43_veh-38_03385_04952,1,1624916547.6001759,664425.3176031545,3997345.3455132744,664425.3857943816,3997349.4192039887,f09090db20660a80f
0.5,0.0,1.0,1.0,1.0,0.0,1.0,1.0,0.0,[1. 0. 1. 1. 0.],[5. 5. 2. 2. 2.],0.0,True,2021.06.28.16.29.11_veh-38_03263_03766,1,1624901549.800334,664175.9017467799,3997378.699440036,664172.3060456817,3997404.8419312416,f66f81ffd843802cd
1.0,0.0,1.0,1.0,1.0,1.0,0.0,1.0,0.0,[1. 1. 0. 1. 0.],[5. 5. 2. 2. 2.],0.0,True,2021.09.16.13.53.10_veh-42_00180_00342,1,1631800761.899509,589018.7541589356,4474761.560271978,589025.5281923799,4474716.2891608775,6de62a830b05d683f
0.0,1.0,1.0,1.0,1.0,0.0,1.0,1.0,0.0,[1. 0. 1. 1. 0.],[5. 5. 2. 2. 2.],0.0,True,2021.08.30.16.16.44_veh-40_00256_00716,1,1630340553.499503,331058.26455489686,4690751.042366159,331079.5624813301,4690737.628304879,c71b26ad44d13d5a5
1.0,1.0,0.0,1.0,1.0,1.0,0.0,1.0,0.0,[1. 1. 0. 1. 0.],[5. 5. 2. 2. 2.],0.0,True,2021.09.16.14.39.34_veh-42_00032_00186,1,1631803264.19991,589115.2185970934,4474584.427121835,589100.4053647547,4474618.843309528,b4a96aa4d4b538e2a
1.0,1.0,1.0,1.0,0.4078950072375488,1.0,0.0,1.0,1.0,[0.40789501 1.         0.         1.         0.        ],[5. 5. 2. 2. 2.],0.6456767882991246,True,2021.09.16.14.39.34_veh-42_01609_01687,1,1631804862.1998858,588939.2370852426,4474926.693673919,588936.0640014668,4474938.426810958,bc3c63c0479feee36
0.0,0.0,0.5,1.0,0.9060256287882197,0.0,1.0,1.0,0.0,[0.90602563 0.         1.         1.         0.        ],[5. 5. 2. 2. 2.],0.0,True,2021.09.29.14.44.26_veh-28_01331_01485,1,1632928173.2996988,332309.2565868521,4690363.191097705,332292.0494196123,4690373.050580648,bbfd9bdc997348cff
1.0,1.0,1.0,1.0,0.7197252610343,1.0,1.0,1.0,1.0,[0.71972526 1.         1.         1.         0.        ],[5. 5. 2. 2. 2.],0.8999018789408214,True,2021.10.06.08.16.17_veh-52_00612_00782,1,1633508987.700743,365141.0733626926,144131.00974914985,365145.28126167256,144137.63044309156,2c9bdc85f913f14f3
0.5,0.0,0.0,1.0,1.0,0.0,1.0,1.0,0.0,[1. 0. 1. 1. 0.],[5. 5. 2. 2. 2.],0.0,True,2021.06.03.13.55.17_veh-35_02866_03582,1,1622745882.601212,664191.6621066326,3997414.439283795,664216.7871091533,3997418.623260391,82e64850661b77497
1.0,0.0,1.0,1.0,0.9761342052294965,1.0,1.0,1.0,0.0,[0.97613421 1.         1.         1.         0.        ],[5. 5. 2. 2. 2.],0.0,True,2021.10.06.08.16.17_veh-52_00612_00782,1,1633508988.200479,365149.0819130689,144102.78633467283,365139.52181721345,144123.56573920965,cc9e04e3c4887f26c
1.0,1.0,1.0,1.0,0.4902599414034792,1.0,1.0,1.0,1.0,[0.49025994 1.         1.         1.         0.        ],[5. 5. 2. 2. 2.],0.8179499790726712,True,2021.09.16.19.27.01_veh-45_01749_03230,1,1631823104.4999778,587799.218589166,4475852.715132833,587806.002707676,4475848.057403704,129e42105cbb4c354
1.0,0.0,1.0,1.0,1.0,1.0,1.0,1.0,0.0,[1. 1. 1. 1. 0.],[5. 5. 2. 2. 2.],0.0,True,2021.10.06.07.26.10_veh-52_02208_02394,1,1633507608.199764,365048.85589962424,143926.934910159,365049.83936981205,143933.71931242224,5c78d4068407d661c
1.0,0.0,1.0,1.0,1.0,1.0,0.0,1.0,0.0,[1. 1. 0. 1. 0.],[5. 5. 2. 2. 2.],0.0,True,2021.10.06.07.26.10_veh-52_01245_02064,1,1633506836.199858,364925.7935313378,143495.62845569514,364914.67316358315,143480.93476079678,945b57db140235d1c
1.0,1.0,0.0,1.0,1.0,1.0,0.0,1.0,0.0,[1. 1. 0. 1. 0.],[5. 5. 2. 2. 2.],0.0,True,2021.09.16.14.39.34_veh-42_00032_00186,1,1631803264.699554,589119.297311808,4474573.447070593,589102.3125063682,4474614.509300874,981dae0f5f7fb62f4
0.0,1.0,0.0,1.0,1.0,0.0,0.0,1.0,0.0,[1. 0. 0. 1. 0.],[5. 5. 2. 2. 2.],0.0,True,2021.09.16.14.39.34_veh-42_00297_00935,1,1631803913.199848,587655.7701804677,4475715.841410106,587679.9062085003,4475745.195360036,06be59490e2e14bcd
1.0,1.0,0.0,1.0,1.0,0.0,0.0,1.0,0.0,[1. 0. 0. 1. 0.],[5. 5. 2. 2. 2.],0.0,True,2021.09.16.14.39.34_veh-42_00297_00935,1,1631803912.6996648,587670.745951106,4475732.791035945,587681.6392356843,4475752.556319993,478ebd3b3ddcd9ccd
1.0,0.0,1.0,1.0,0.5340207889111328,1.0,1.0,1.0,0.0,[0.53402079 1.         1.         1.         0.        ],[5. 5. 2. 2. 2.],0.0,True,2021.09.16.19.12.04_veh-42_01438_01677,1,1631821421.000002,587616.7752862639,4475938.550575351,587610.6146521347,4475934.874074307,3cd41195f5d27a4f7
1.0,1.0,1.0,1.0,0.7845913498747022,1.0,0.0,1.0,1.0,[0.78459135 1.         0.         1.         0.        ],[5. 5. 2. 2. 2.],0.7802111963838223,True,2021.10.06.07.26.10_veh-52_00006_00398,1,1633505524.699735,365162.72458446526,143377.30015143123,365138.495968081,143388.01215604448,a557acb1f1d4211d2
0.0,1.0,1.0,1.0,1.0,0.0,0.0,1.0,0.0,[1. 0. 0. 1. 0.],[5. 5. 2. 2. 2.],0.0,True,2021.05.25.15.59.03_veh-30_04027_04200,1,1621976896.09955,664256.676744673,3996287.4775594734,664270.9290123276,3996285.81104693,baf1cc49f4250c41a
1.0,1.0,0.5,1.0,0.6388552908261013,1.0,1.0,1.0,0.5,[0.63885529 1.         1.         1.         0.        ],[5. 5. 2. 2. 2.],0.4355098733618038,True,2021.09.16.14.39.34_veh-42_00297_00935,1,1631803912.6996648,587680.4651395851,4475743.612742537,587680.7555241983,4475755.039793096,953bd3451def71fb4
1.0,1.0,1.0,1.0,0.5637327850500493,1.0,1.0,1.0,1.0,[0.56373279 1.         1.         1.         0.        ],[5. 5. 2. 2. 2.],0.8441902803750176,True,2021.09.29.19.02.14_veh-28_00964_01689,1,1632943675.79978,330875.0021252895,4691084.01146706,330877.7195339818,4691078.206985749,91974452b21450f60
1.0,0.0,1.0,1.0,1.0,1.0,1.0,1.0,0.0,[1. 1. 1. 1. 0.],[5. 5. 2. 2. 2.],0.0,True,2021.09.29.14.44.26_veh-28_01331_01485,1,1632928173.799785,332311.5087159998,4690352.725297213,332294.82004519366,4690370.521556608,fa8f611f3da2dce93
1.0,1.0,1.0,1.0,0.6283849248955953,1.0,1.0,1.0,1.0,[0.62838492 1.         1.         1.         0.        ],[5. 5. 2. 2. 2.],0.8672803303198554,True,2021.09.29.19.02.14_veh-28_00273_00514,1,1632942608.299759,331169.3474494358,4690595.098996071,331178.3158160503,4690586.690217842,a33343b83ce194f89
1.0,1.0,1.0,1.0,1.0,1.0,0.0,1.0,1.0,[1. 1. 0. 1. 0.],[5. 5. 2. 2. 2.],0.8571428571428571,True,2021.09.16.15.12.03_veh-42_01037_01434,1,1631806653.4996688,588108.7182012751,4475771.043670623,588061.2812965153,4475733.967014732,a5929390d283fddb9
1.0,1.0,1.0,1.0,0.21550388179805835,1.0,1.0,1.0,1.0,[0.21550388 1.         1.         1.         0.        ],[5. 5. 2. 2. 2.],0.7198228149278779,True,2021.10.06.07.26.10_veh-52_02208_02394,1,1633507608.199764,365051.3231007565,143927.40851314983,365051.1836430219,143931.19263195846,6d9888406276bc884
0.0,1.0,1.0,1.0,1.0,0.0,1.0,1.0,0.0,[1. 0. 1. 1. 0.],[5. 5. 2. 2. 2.],0.0,True,2021.06.28.20.24.43_veh-38_03385_04952,1,1624916547.6001759,664421.2984163775,3997340.1045200345,664424.9262156452,3997347.4406601526,e85778ab78f702e4b
0.0,1.0,1.0,1.0,1.0,0.0,0.0,1.0,0.0,[1. 0. 0. 1. 0.],[5. 5. 2. 2. 2.],0.0,True,2021.06.28.16.29.11_veh-38_03263_03766,1,1624901550.3005528,664168.666588143,3997405.109946132,664176.5487562759,3997412.127373804,1730cbbbd72e9ce7d
1.0,1.0,1.0,1.0,0.060722505544492995,1.0,0.0,1.0,1.0,[0.06072251 1.         0.         1.         0.        ],[5. 5. 2. 2. 2.],0.5216866091230332,True,2021.09.16.19.49.00_veh-42_00990_01609,1,1631823105.4999719,587623.2589663917,4475953.373962562,587623.0812002586,4475952.768927855,1ce076a3d8049e0e4
1.0,1.0,1.0,1.0,0.9654114192581703,1.0,1.0,0.0,1.0,[0.96541142 1.         1.         0.         0.        ],[5. 5. 2. 2. 2.],0.8447897925922037,True,2021.09.29.19.02.14_veh-28_02911_03005,1,1632945162.29987,331569.1098236684,4689340.80920972,331581.6943057831,4689334.057688561,01898e4c2520a9400
1.0,1.0,1.0,1.0,0.6901252918236948,1.0,0.0,1.0,1.0,[0.69012529 1.         0.         1.         0.        ],[5. 5. 2. 2. 2.],0.7464733185084624,True,2021.09.16.14.39.34_veh-42_00032_00186,1,1631803264.699554,589099.5502047711,4474618.944801256,589094.2095322614,4474629.937622996,631046410650329eb
1.0,1.0,1.0,1.0,0.6664807528956854,1.0,0.0,1.0,1.0,[0.66648075 1.         0.         1.         0.        ],[5. 5. 2. 2. 2.],0.7380288403198876,True,2021.09.29.19.02.14_veh-28_00273_00514,1,1632942608.79968,331156.27910660405,4690605.9862773735,331171.6264885846,4690591.997602992,4e6f3caac62c57abb
0.0,1.0,1.0,1.0,1.0,0.0,0.0,1.0,0.0,[1. 0. 0. 1. 0.],[5. 5. 2. 2. 2.],0.0,True,2021.06.28.16.29.11_veh-38_03263_03766,1,1624901550.3005528,664169.3197704976,3997382.825947831,664171.3228585286,3997406.017161178,cdc70ea2300980958
0.0,1.0,0.5,1.0,1.0,0.0,0.0,1.0,0.0,[1. 0. 0. 1. 0.],[5. 5. 2. 2. 2.],0.0,True,2021.09.16.17.40.09_veh-45_02539_02745,1,1631816747.400485,587708.9939003959,4475780.811799353,587704.3398459802,4475773.095195671,88943e0d8ac52cc5f
1.0,1.0,0.0,1.0,1.0,1.0,0.0,1.0,0.0,[1. 1. 0. 1. 0.],[5. 5. 2. 2. 2.],0.0,True,2021.09.16.14.39.34_veh-42_00297_00935,1,1631803912.6996648,587665.0184467903,4475728.253306028,587679.6202940264,4475748.368708013,3a96e943c2c264f67
0.0,1.0,1.0,1.0,1.0,1.0,0.0,1.0,0.0,[1. 1. 0. 1. 0.],[5. 5. 2. 2. 2.],0.0,True,2021.09.16.19.27.01_veh-45_00472_00711,1,1631821065.000145,588372.414987997,4475979.370343304,588391.0634647458,4475996.760911981,2cb233c37065ae18d
1.0,0.0,1.0,1.0,1.0,1.0,0.0,1.0,0.0,[1. 1. 0. 1. 0.],[5. 5. 2. 2. 2.],0.0,True,2021.10.06.08.16.17_veh-52_01949_02501,1,1633510205.200445,365602.3135654211,143255.09227125035,365598.59634719027,143267.20428187575,04d4f1277557232ce
1.0,1.0,1.0,1.0,0.04516387159664236,1.0,0.0,1.0,1.0,[0.04516387 1.         0.         1.         0.        ],[5. 5. 2. 2. 2.],0.516129954141658,True,2021.05.25.14.16.10_veh-35_01100_01664,1,1621967929.500474,664218.0327477962,3997417.4704315234,664218.0644251263,3997417.4564148635,3b9a4be29bdd2c8ae
1.0,0.0,0.0,1.0,0.7768811426952072,1.0,0.0,1.0,0.0,[0.77688114 1.         0.         1.         0.        ],[5. 5. 2. 2. 2.],0.0,True,2021.09.16.14.39.34_veh-42_01609_01687,1,1631804862.699841,588949.6877088627,4474916.841917279,588936.6705060127,4474936.010713548,cff8174da68b6ed57
1.0,0.0,1.0,1.0,0.8942600057269098,1.0,1.0,1.0,0.0,[0.89426001 1.         1.         1.         0.        ],[5. 5. 2. 2. 2.],0.0,True,2021.10.06.08.16.17_veh-52_01949_02501,1,1633510639.69981,364939.89044516557,143337.7185266261,364947.55239944515,143324.19604485028,523bfa9ffbc43f698
1.0,1.0,1.0,1.0,0.41707043607842037,1.0,1.0,1.0,1.0,[0.41707044 1.         1.         1.         0.        ],[5. 5. 2. 2. 2.],0.7918108700280072,True,2021.10.06.07.26.10_veh-52_02208_02394,1,1633507608.199764,365051.4749119485,143920.82711579796,365050.976828061,143928.01838851557,debbba18b341ebebb
1.0,1.0,1.0,1.0,0.7205459706301486,1.0,1.0,1.0,1.0,[0.72054597 1.         1.         1.         0.        ],[5. 5. 2. 2. 2.],0.9001949895107674,True,2021.10.06.08.16.17_veh-52_01949_02501,1,1633510639.69981,364943.8366059905,143333.5206532959,364947.7259315835,143324.43284874194,1de9185a9bb05abe5
1.0,0.0,1.0,1.0,0.755173799825252,1.0,0.0,1.0,0.0,[0.7551738 1.        0.        1.        0.       ],[5. 5. 2. 2. 2.],0.0,True,2021.10.06.08.16.17_veh-52_01949_02501,1,1633510204.700271,365596.7927291935,143264.61069680974,365591.51940293703,143272.23493269048,50e0b955654ae8794
1.0,1.0,1.0,1.0,1.0,1.0,1.0,1.0,1.0,[1. 1. 1. 1. 0.],[5. 5. 2. 2. 2.],1.0,True,2021.09.16.13.53.10_veh-42_00180_00342,1,1631800761.3994029,589018.9009535181,4474755.754067882,589025.8563402757,4474710.835661477,0d62abe857251412c
1.0,0.0,1.0,1.0,0.7439132904867642,1.0,1.0,1.0,0.0,[0.74391329 1.         1.         1.         0.        ],[5. 5. 2. 2. 2.],0.0,True,2021.09.16.19.12.04_veh-42_01438_01677,1,1631821420.5000958,587629.5736496309,4475954.405912734,587616.6933520779,4475941.257779429,29155e956236db1c4
1.0,0.0,1.0,1.0,1.0,1.0,0.0,0.0,0.0,[1. 1. 0. 0. 0.],[5. 5. 2. 2. 2.],0.0,True,2021.10.06.07.26.10_veh-52_00772_00917,1,1633506041.20016,365748.53699591494,143939.63122608233,365733.1994655287,143942.53843030139,9ca95a29837848e74
1.0,1.0,1.0,1.0,1.0,1.0,0.0,1.0,1.0,[1. 1. 0. 1. 0.],[5. 5. 2. 2. 2.],0.8571428571428571,True,2021.09.16.17.40.09_veh-45_02539_02745,1,1631816747.400485,587711.4464878519,4475781.065883597,587704.4028524158,4475772.079322516,6d649dcdbc3037d7a
1.0,1.0,1.0,1.0,0.39850678330548917,1.0,1.0,1.0,1.0,[0.39850678 1.         1.         1.         0.        ],[5. 5. 2. 2. 2.],0.7851809940376747,True,2021.10.06.07.26.10_veh-52_02208_02394,1,1633507607.699837,365051.6227569777,143921.0945675885,365051.06282627594,143929.29176050806,ae591052e837d1674
0.0,1.0,1.0,1.0,1.0,0.0,0.0,1.0,0.0,[1. 0. 0. 1. 0.],[5. 5. 2. 2. 2.],0.0,True,2021.05.25.15.59.03_veh-30_04027_04200,1,1621976896.09955,664255.8108349497,3996288.75634,664270.1196380779,3996285.803583832,13f2d7e9ace73e420
1.0,0.0,1.0,1.0,0.49944266759212014,1.0,0.0,1.0,0.0,[0.49944267 1.         0.         1.         0.        ],[5. 5. 2. 2. 2.],0.0,True,2021.10.06.08.16.17_veh-52_01949_02501,1,1633510205.200445,365595.5757383696,143266.4828425303,365591.6975961337,143271.95169756943,ae43de39d8b2ab73c
1.0,0.0,1.0,1.0,0.7288173331968583,1.0,0.0,1.0,0.0,[0.72881733 1.         0.         1.         0.        ],[5. 5. 2. 2. 2.],0.0,True,2021.10.06.07.26.10_veh-52_01245_02064,1,1633506836.700073,364931.9309023007,143507.53466477405,364918.9741232243,143488.299570355,597d6626cc9f6cdbd
1.0,1.0,1.0,1.0,0.5753382213444677,1.0,0.0,1.0,1.0,[0.57533822 1.         0.         1.         0.        ],[5. 5. 2. 2. 2.],0.7054779361944528,True,2021.09.16.14.39.34_veh-42_00297_00935,1,1631803544.199785,588730.1210106349,4475421.822475882,588741.8633654878,4475406.5079268385,481cb8f4c173a9ed0
1.0,1.0,1.0,1.0,0.8090246125263991,1.0,0.0,1.0,1.0,[0.80902461 1.         0.         1.         0.        ],[5. 5. 2. 2. 2.],0.7889373616165711,True,2021.09.29.19.02.14_veh-28_00273_00514,1,1632942608.299759,331142.74734449806,4690620.209464756,331169.63371338503,4690594.77479975,ae529a342a5742720
1.0,1.0,1.0,1.0,0.6284591352117191,1.0,1.0,1.0,1.0,[0.62845914 1.         1.         1.         0.        ],[5. 5. 2. 2. 2.],0.8673068340041853,True,2021.10.06.08.16.17_veh-52_01949_02501,1,1633510204.700271,365600.0768213045,143259.7515139137,365595.0431728561,143269.7047090513,90263fed2b7db0365
1.0,1.0,1.0,1.0,1.0,1.0,1.0,1.0,1.0,[1. 1. 1. 1. 0.],[5. 5. 2. 2. 2.],1.0,True,2021.06.28.16.29.11_veh-38_03263_03766,1,1624901550.3005528,664168.4349583661,3997390.2264542533,664174.0201141685,3997405.659091546,3b99197cc8a0e07a3
0.0,1.0,1.0,1.0,1.0,0.0,0.0,1.0,0.0,[1. 0. 0. 1. 0.],[5. 5. 2. 2. 2.],0.0,True,2021.05.25.15.59.03_veh-30_04027_04200,1,1621976895.599787,664250.5855012506,3996287.1492433185,664271.2865760606,3996285.508440788,de3881c003667e53e
1.0,0.0,0.0,1.0,1.0,1.0,0.0,1.0,0.0,[1. 1. 0. 1. 0.],[5. 5. 2. 2. 2.],0.0,True,2021.09.16.14.39.34_veh-42_00297_00935,1,1631803543.699842,588726.6053332285,4475425.849958019,588745.7734971024,4475404.325471388,dd0ed1239e6562358
1.0,1.0,1.0,1.0,0.8915527682676806,1.0,0.0,1.0,1.0,[0.89155277 1.         0.         1.         0.        ],[5. 5. 2. 2. 2.],0.8184117029527431,True,2021.09.16.14.39.34_veh-42_00032_00186,1,1631803264.19991,589103.0469261503,4474611.401867105,589095.0615771285,4474629.482612641,9c7d353e930a79a97
0.0,1.0,1.0,1.0,1.0,0.0,1.0,1.0,0.0,[1. 0. 1. 1. 0.],[5. 5. 2. 2. 2.],0.0,True,2021.06.28.20.24.43_veh-38_03385_04952,1,1624916548.099891,664418.7599730293,3997337.0572332186,664424.8809237493,3997346.9876053925,bc14063bcfe64e058
1.0,1.0,1.0,1.0,1.0,1.0,1.0,1.0,1.0,[1. 1. 1. 1. 0.],[5. 5. 2. 2. 2.],1.0,True,2021.06.03.13.55.17_veh-35_02866_03582,1,1622745883.10147,664222.8944852924,3997414.2208181797,664230.3128778525,3997408.639282682,19076eddbca015da6
1.0,1.0,0.0,1.0,1.0,1.0,0.0,0.0,0.0,[1. 1. 0. 0. 0.],[5. 5. 2. 2. 2.],0.0,True,2021.09.16.15.12.03_veh-42_01037_01434,1,1631806653.999687,588110.3815558262,4475774.267453635,588060.840588641,4475735.118216723,102d7c98065905ad0
1.0,1.0,1.0,1.0,0.5932436582745789,1.0,0.0,1.0,1.0,[0.59324366 1.         0.         1.         0.        ],[5. 5. 2. 2. 2.],0.7118727350980639,True,2021.10.06.07.26.10_veh-52_01245_02064,1,1633506836.700073,364927.5162040931,143501.37570854384,364917.42142503016,143487.90182917484,8480de05eed695abf
1.0,1.0,0.0,1.0,0.9665978824147554,1.0,0.0,1.0,0.0,[0.96659788 1.         0.         1.         0.        ],[5. 5. 2. 2. 2.],0.0,True,2021.09.29.19.02.14_veh-28_02911_03005,1,1632945161.7997289,331557.58843388443,4689350.347204217,331575.9617626483,4689336.798542999,13f7d51df20a8dc66
0.5,0.0,1.0,1.0,1.0,0.0,0.0,1.0,0.0,[1. 0. 0. 1. 0.],[5. 5. 2. 2. 2.],0.0,True,2021.10.06.07.26.10_veh-52_01245_02064,1,1633507108.700289,365216.4664581005,143686.2446992342,365223.7453776253,143691.53809965038,d069a0081ae35d442
1.0,1.0,1.0,1.0,0.0,1.0,0.0,1.0,1.0,[0. 1. 0. 1. 0.],[5. 5. 2. 2. 2.],0.5,True,2021.06.03.13.55.17_veh-35_02866_03582,1,1622745883.10147,664226.7197463454,3997411.6670485656,664226.7233080536,3997411.6639428386,1ad6a12ee1c381847
1.0,0.0,1.0,1.0,0.8494808607412048,1.0,0.0,1.0,0.0,[0.84948086 1.         0.         1.         0.        ],[5. 5. 2. 2. 2.],0.0,True,2021.10.06.07.26.10_veh-52_01245_02064,1,1633507109.20047,365219.1335204507,143694.6020488239,365227.82288259576,143692.33530497915,115bbfc42ca3a09e4
1.0,1.0,1.0,1.0,1.0,1.0,0.0,1.0,1.0,[1. 1. 0. 1. 0.],[5. 5. 2. 2. 2.],0.8571428571428571,True,2021.05.25.14.16.10_veh-35_01100_01664,1,1621967929.500474,664213.5622336946,3997420.7624489656,664219.8716629833,3997416.5133939544,5634addd2134d1453
1.0,1.0,0.0,1.0,1.0,1.0,0.0,1.0,0.0,[1. 1. 0. 1. 0.],[5. 5. 2. 2. 2.],0.0,True,2021.09.16.14.39.34_veh-42_00297_00935,1,1631803912.6996648,587665.1507334537,4475728.041385219,587679.6202940264,4475748.368708013,7ff58b20e56a787e0
0.0,1.0,1.0,1.0,1.0,0.0,0.0,1.0,0.0,[1. 0. 0. 1. 0.],[5. 5. 2. 2. 2.],0.0,True,2021.06.28.16.29.11_veh-38_03263_03766,1,1624901550.3005528,664174.1238075282,3997383.5592584885,664174.5686894289,3997406.888881667,bf42260856c674066
1.0,1.0,1.0,1.0,1.0,1.0,0.0,1.0,1.0,[1. 1. 0. 1. 0.],[5. 5. 2. 2. 2.],0.8571428571428571,True,2021.09.16.14.39.34_veh-42_00297_00935,1,1631803543.699842,588702.5728409237,4475450.286356006,588737.0886779308,4475411.949075941,b66b0513b3b0cf5c4
1.0,0.0,1.0,1.0,1.0,1.0,1.0,1.0,0.0,[1. 1. 1. 1. 0.],[5. 5. 2. 2. 2.],0.0,True,2021.09.16.21.13.37_veh-42_00172_00347,1,1631827121.700409,588607.4753827209,4475757.888907514,588621.3616670814,4475735.418409839,5e9774a9c27631bee
1.0,0.0,1.0,1.0,1.0,1.0,1.0,1.0,0.0,[1. 1. 1. 1. 0.],[5. 5. 2. 2. 2.],0.0,True,2021.10.06.07.26.10_veh-52_02208_02394,1,1633507607.699837,365059.2094665745,143887.2070309366,365051.29213079606,143920.1642222302,b06abb0b6477b1473
0.0,1.0,1.0,1.0,1.0,0.0,0.0,1.0,0.0,[1. 0. 0. 1. 0.],[5. 5. 2. 2. 2.],0.0,True,2021.09.29.14.44.26_veh-28_00528_00992,1,1632927478.7997549,331271.7528587047,4691025.130322037,331262.50789003,4691032.229272187,87c28ad76ca252469
1.0,1.0,1.0,1.0,0.6019412404715904,1.0,0.0,1.0,1.0,[0.60194124 1.         0.         1.         0.        ],[5. 5. 2. 2. 2.],0.7149790144541395,True,2021.09.16.19.27.01_veh-45_01749_03230,1,1631823104.4999778,587803.0477648139,4475849.383469493,587808.9064391288,4475846.93038714,0d2f41b0b8ec0376a
0.5,0.0,0.5,1.0,1.0,0.0,1.0,1.0,0.0,[1. 0. 1. 1. 0.],[5. 5. 2. 2. 2.],0.0,True,2021.06.28.20.24.43_veh-38_03385_04952,1,1624916547.6001759,664427.5656107173,3997337.39348454,664426.1185278678,3997348.4150222517,d443dcd06a9dbae34
0.0,1.0,1.0,1.0,1.0,0.0,1.0,1.0,0.0,[1. 0. 1. 1. 0.],[5. 5. 2. 2. 2.],0.0,True,2021.06.03.18.47.39_veh-35_00257_00492,1,1622760884.700826,664708.3027544091,3999314.093951179,664701.1693086802,3999306.627872015,412fcdb7f8f144443
0.0,1.0,1.0,1.0,1.0,0.0,1.0,1.0,0.0,[1. 0. 1. 1. 0.],[5. 5. 2. 2. 2.],0.0,True,2021.06.03.18.47.39_veh-35_00257_00492,1,1622760884.200723,664706.3747483471,3999318.4539540103,664702.0079161867,3999307.99732042,a3ef9e8575b866d50
1.0,0.0,1.0,1.0,0.7081178780592623,1.0,1.0,1.0,0.0,[0.70811788 1.         1.         1.         0.        ],[5. 5. 2. 2. 2.],0.0,True,2021.10.06.08.16.17_veh-52_01949_02501,1,1633510204.700271,365594.37056441285,143267.49831667636,365590.00992747064,143274.28266986474,2dbd58ac0d23460fd
1.0,1.0,0.0,1.0,1.0,1.0,0.0,1.0,0.0,[1. 1. 0. 1. 0.],[5. 5. 2. 2. 2.],0.0,True,2021.09.16.13.53.10_veh-42_00180_00342,1,1631800700.400107,589201.9124629594,4474371.713443396,589217.8029790962,4474328.5584748285,3c4a076e3eb21f85e
1.0,1.0,0.5,1.0,1.0,1.0,0.0,1.0,0.5,[1. 1. 0. 1. 0.],[5. 5. 2. 2. 2.],0.42857142857142855,True,2021.09.16.19.12.04_veh-42_01438_01677,1,1631821421.000002,587631.3065963292,4475957.0141505115,587617.1074830579,4475942.214091948,81cd2035c0d6c6dbb
1.0,0.0,1.0,1.0,0.957041282942909,1.0,1.0,1.0,0.0,[0.95704128 1.         1.         1.         0.        ],[5. 5. 2. 2. 2.],0.0,True,2021.09.16.13.53.10_veh-42_00180_00342,1,1631800700.900575,589207.4917158843,4474365.92725764,589218.8276773731,4474326.963203048,71fe821c1ced6591c
1.0,1.0,1.0,1.0,1.0,1.0,0.0,1.0,1.0,[1. 1. 0. 1. 0.],[5. 5. 2. 2. 2.],0.8571428571428571,True,2021.06.03.13.55.17_veh-35_02866_03582,1,1622745883.10147,664212.0086805308,3997421.409796947,664220.6317698376,3997417.1595070874,5f53c45bd71589e3f
1.0,1.0,1.0,1.0,1.0,1.0,1.0,1.0,1.0,[1. 1. 1. 1. 0.],[5. 5. 2. 2. 2.],1.0,True,2021.06.03.13.55.17_veh-35_02866_03582,1,1622745882.601212,664222.6934876265,3997415.6211229046,664230.3034367849,3997408.6500686696,7897a78a2a7b1d695
0.0,1.0,1.0,1.0,1.0,0.0,1.0,1.0,0.0,[1. 0. 1. 1. 0.],[5. 5. 2. 2. 2.],0.0,True,2021.06.03.18.47.39_veh-35_00257_00492,1,1622760884.200723,664704.0386474023,3999315.0481466018,664700.6707771901,3999306.454949718,4b55982185962b484
1.0,1.0,1.0,1.0,1.0,1.0,1.0,1.0,1.0,[1. 1. 1. 1. 0.],[5. 5. 2. 2. 2.],1.0,True,2021.09.16.13.53.10_veh-42_00180_00342,1,1631800761.3994029,589016.7864605468,4474761.881000809,589025.8522135996,4474708.896406271,bf77adfc09f7cebc5
1.0,0.0,1.0,1.0,1.0,1.0,1.0,1.0,0.0,[1. 1. 1. 1. 0.],[5. 5. 2. 2. 2.],0.0,True,2021.09.29.19.02.14_veh-28_02911_03005,1,1632945161.7997289,331549.6673289685,4689359.6330933375,331574.4729347124,4689340.527079539,3c8afefbaf08142c1
0.0,1.0,1.0,0.0,1.0,0.0,1.0,1.0,0.0,[1. 0. 1. 1. 0.],[5. 5. 2. 2. 2.],0.0,True,2021.09.29.14.44.26_veh-28_00528_00992,1,1632927479.2998168,331291.43432718347,4691009.573820542,331268.23330203875,4691027.681392043,9f30b4f8547cd991f
1.0,1.0,1.0,1.0,0.9410692551764532,1.0,0.0,1.0,1.0,[0.94106926 1.         0.         1.         0.        ],[5. 5. 2. 2. 2.],0.8360961625630191,True,2021.09.16.14.39.34_veh-42_00032_00186,1,1631803264.699554,589112.2052434015,4474590.647389413,589099.2938863577,4474619.25703332,6b611802253a6f2c9
1.0,0.0,1.0,1.0,0.9277588810829306,1.0,1.0,1.0,0.0,[0.92775888 1.         1.         1.         0.        ],[5. 5. 2. 2. 2.],0.0,True,2021.10.06.08.16.17_veh-52_01949_02501,1,1633510640.1996188,364935.62723085645,143364.48921022817,364941.59614098375,143333.08083092852,7e6c9f4638d88c304
1.0,1.0,1.0,0.0,1.0,1.0,0.0,1.0,0.0,[1. 1. 0. 1. 0.],[5. 5. 2. 2. 2.],0.0,True,2021.09.29.14.44.26_veh-28_00528_00992,1,1632927479.2998168,331276.41520447424,4691020.432920484,331265.148875266,4691030.881202865,5959223c7ec6a8c04
1.0,0.0,1.0,1.0,0.9765563584745938,1.0,1.0,1.0,0.0,[0.97655636 1.         1.         1.         0.        ],[5. 5. 2. 2. 2.],0.0,True,2021.08.30.16.16.44_veh-40_00256_00716,1,1630340552.999716,331078.331012254,4690741.5685571,331085.92923186865,4690734.355621584,842ac0b9f9e4a08ca
1.0,1.0,1.0,1.0,0.7615217301610392,1.0,0.0,1.0,1.0,[0.76152173 1.         0.         1.         0.        ],[5. 5. 2. 2. 2.],0.7719720464860854,True,2021.09.29.19.02.14_veh-28_02911_03005,1,1632945162.29987,331551.2478774737,4689356.693014622,331573.0156806204,4689339.211341454,e7ae2cd68d33a847e
1.0,1.0,1.0,1.0,0.6680759868335008,1.0,0.0,1.0,1.0,[0.66807599 1.         0.         1.         0.        ],[5. 5. 2. 2. 2.],0.7385985667262503,True,2021.10.06.08.16.17_veh-52_01949_02501,1,1633510204.700271,365597.19859608344,143267.40705214936,365591.5042182816,143274.27460240453,c1db792a77989232e
1.0,1.0,1.0,1.0,0.3068117367780131,1.0,0.0,1.0,1.0,[0.30681174 1.         0.         1.         0.        ],[5. 5. 2. 2. 2.],0.6095756202778618,True,2021.09.16.19.27.01_veh-45_01749_03230,1,1631822496.5005078,587542.4186050054,4475822.901911133,587543.7179662553,4475824.607413121,dee771fcf184f2521
1.0,1.0,0.5,1.0,0.7113170887517977,1.0,0.0,1.0,0.5,[0.71131709 1.         0.         1.         0.        ],[5. 5. 2. 2. 2.],0.37702090870567817,True,2021.09.16.19.27.01_veh-45_01749_03230,1,1631823104.999837,587784.507382441,4475862.708905691,587800.3817087001,4475850.216828074,8134b9f604787b2c1
0.0,0.0,0.5,1.0,1.0,0.0,0.0,1.0,0.0,[1. 0. 0. 1. 0.],[5. 5. 2. 2. 2.],0.0,True,2021.10.06.07.26.10_veh-52_01245_02064,1,1633507108.700289,365213.42111265945,143687.6425895633,365224.39732342964,143692.51075544907,b71a18c869cb8bd24
0.0,1.0,1.0,1.0,1.0,0.0,0.0,1.0,0.0,[1. 0. 0. 1. 0.],[5. 5. 2. 2. 2.],0.0,True,2021.08.30.13.45.25_veh-40_01116_01336,1,1630332372.5004869,331359.09182846907,4690965.860288652,331334.2699097207,4690983.625097977,44e8cafa5fe4603a5
1.0,1.0,1.0,1.0,0.8468403670027205,1.0,1.0,1.0,1.0,[0.84684037 1.         1.         1.         0.        ],[5. 5. 2. 2. 2.],0.9453001310724002,True,2021.09.29.19.02.14_veh-28_00273_00514,1,1632942608.299759,331138.0428954643,4690626.584693226,331168.07967105473,4690596.7185060885,bef5978ef06f054f6
0.0,1.0,1.0,1.0,1.0,0.0,1.0,1.0,0.0,[1. 0. 1. 1. 0.],[5. 5. 2. 2. 2.],0.0,True,2021.05.25.15.59.03_veh-30_04027_04200,1,1621976895.599787,664259.18578262,3996284.823147991,664273.2846689121,3996285.2954493035,6029879ac957933a1
1.0,1.0,1.0,1.0,0.8675568707693099,1.0,0.0,1.0,1.0,[0.86755687 1.         0.         1.         0.        ],[5. 5. 2. 2. 2.],0.8098417395604678,True,2021.09.16.14.39.34_veh-42_00297_00935,1,1631803912.6996648,587662.4928042504,4475725.788467006,587679.2853284226,4475749.586226425,f1e68724beef04f5c
0.0,0.0,0.5,1.0,1.0,0.0,1.0,1.0,0.0,[1. 0. 1. 1. 0.],[5. 5. 2. 2. 2.],0.0,True,2021.05.25.14.16.10_veh-35_01100_01664,1,1621967930.000476,664198.2698947282,3997414.4707020386,664212.5860096514,3997419.5435681944,0e55c21e09e86d8ba
0.0,1.0,1.0,1.0,1.0,0.0,0.0,1.0,0.0,[1. 0. 0. 1. 0.],[5. 5. 2. 2. 2.],0.0,True,2021.09.29.19.02.14_veh-28_00273_00514,1,1632942608.79968,331159.4234005067,4690603.420850346,331174.6454405169,4690588.779928883,805995afc5d305912
1.0,0.0,1.0,1.0,1.0,1.0,1.0,1.0,0.0,[1. 1. 1. 1. 0.],[5. 5. 2. 2. 2.],0.0,True,2021.08.30.16.16.44_veh-40_01099_01351,1,1630341465.000279,331662.47995835304,4690763.3494402915,331658.0213287886,4690773.068932709,5de1e274bd9229940
1.0,0.0,0.0,1.0,0.9290294319142448,1.0,0.0,1.0,0.0,[0.92902943 1.         0.         1.         0.        ],[5. 5. 2. 2. 2.],0.0,True,2021.09.29.14.44.26_veh-28_01331_01485,1,1632928173.2996988,332306.58544113557,4690358.625849281,332293.51665271574,4690372.549753484,402ed0d50f8b2ce26
1.0,1.0,1.0,1.0,0.714083103830529,1.0,1.0,1.0,1.0,[0.7140831 1.        1.        1.        0.       ],[5. 5. 2. 2. 2.],0.8978868227966175,True,2021.09.16.19.27.01_veh-45_01749_03230,1,1631822496.000454,587549.4483478804,4475806.460455485,587543.3474314093,4475818.123769608,6df6f08cd7de3b69e
1.0,1.0,1.0,1.0,1.0,1.0,1.0,1.0,1.0,[1. 1. 1. 1. 0.],[5. 5. 2. 2. 2.],1.0,True,2021.09.16.14.39.34_veh-42_01609_01687,1,1631804862.1998858,588957.7116011007,4474868.2287429515,588941.5256648334,4474921.947278537,299f646dfb858774d
1.0,0.0,1.0,1.0,1.0,1.0,0.0,1.0,0.0,[1. 1. 0. 1. 0.],[5. 5. 2. 2. 2.],0.0,True,2021.09.16.19.27.01_veh-45_00472_00711,1,1631821065.000145,588375.8511679702,4475985.530846925,588392.6020763414,4475997.964058799,d3738c5a4d7530837
1.0,1.0,1.0,1.0,0.9173337582805731,1.0,1.0,0.0,1.0,[0.91733376 1.         1.         0.         0.        ],[5. 5. 2. 2. 2.],0.8276191993859189,True,2021.09.29.19.02.14_veh-28_00964_01689,1,1632943676.299618,330876.35998772335,4691082.773118524,330880.06100775563,4691075.196221149,00c31cdc6c3be2b28
1.0,1.0,1.0,1.0,0.5051595856062033,1.0,1.0,1.0,1.0,[0.50515959 1.         1.         1.         0.        ],[5. 5. 2. 2. 2.],0.8232712805736441,True,2021.09.16.19.12.04_veh-42_01438_01677,1,1631821421.000002,587615.7034485268,4475930.549009212,587607.1824197181,4475932.979338268,119f45080f686caca
1.0,1.0,1.0,1.0,0.09638285271698423,1.0,1.0,1.0,1.0,[0.09638285 1.         1.         1.         0.        ],[5. 5. 2. 2. 2.],0.6772795902560658,True,2021.09.29.18.19.40_veh-28_00844_01218,1,1632940664.5995688,330875.7353511565,4691081.351067874,330875.9305352208,4691081.07903988,3e56a32b74b50d827
1.0,1.0,1.0,1.0,0.8380602004570187,1.0,1.0,1.0,1.0,[0.8380602 1.        1.        1.        0.       ],[5. 5. 2. 2. 2.],0.9421643573060781,True,2021.10.06.07.26.10_veh-52_00006_00398,1,1633505525.199602,365184.2236818232,143366.4416043641,365149.23744333413,143383.37083949498,19a22a2c5501797dc
1.0,1.0,1.0,1.0,0.049932914879157145,1.0,1.0,1.0,1.0,[0.04993291 1.         1.         1.         0.        ],[5. 5. 2. 2. 2.],0.6606903267425561,True,2021.09.29.19.02.14_veh-28_02911_03005,1,1632945162.29987,331584.5751557037,4689332.627349733,331584.62067658774,4689332.619826215,dd091b9e715ca6370
1.0,0.0,0.5,1.0,1.0,1.0,0.0,1.0,0.0,[1. 1. 0. 1. 0.],[5. 5. 2. 2. 2.],0.0,True,2021.09.16.13.53.10_veh-42_00180_00342,1,1631800761.899509,589020.6824998545,4474731.455223183,589025.7512807105,4474700.136244672,012fd1457eb78c56c
1.0,0.0,1.0,1.0,1.0,1.0,1.0,1.0,0.0,[1. 1. 1. 1. 0.],[5. 5. 2. 2. 2.],0.0,True,2021.08.30.16.16.44_veh-40_00256_00716,1,1630340553.499503,331077.13981131924,4690742.442230865,331085.9316066024,4690734.355859349,be69267980b9fb08a
1.0,1.0,1.0,1.0,0.6372534662753971,1.0,0.0,1.0,1.0,[0.63725347 1.         0.         1.         0.        ],[5. 5. 2. 2. 2.],0.7275905236697847,True,2021.09.29.19.02.14_veh-28_00273_00514,1,1632942608.299759,331158.6173478248,4690604.36431181,331173.7862755563,4690590.34740352,0939026cbd6b9cc48
1.0,1.0,1.0,1.0,0.015700296766459548,1.0,1.0,1.0,1.0,[0.0157003 1.        1.        1.        0.       ],[5. 5. 2. 2. 2.],0.648464391702307,True,2021.09.16.21.13.37_veh-42_00172_00347,1,1631827121.700409,588624.6982444833,4475727.323487316,588624.6967646505,4475727.280156372,a42fb99bdb7e61156
0.0,1.0,1.0,1.0,1.0,0.0,0.0,1.0,0.0,[1. 0. 0. 1. 0.],[5. 5. 2. 2. 2.],0.0,True,2021.06.28.16.29.11_veh-38_03263_03766,1,1624901549.800334,664171.061630992,3997387.29987431,664175.2364255969,3997408.796441696,5d499c9197211c7e4
1.0,1.0,1.0,1.0,1.0,1.0,0.0,1.0,1.0,[1. 1. 0. 1. 0.],[5. 5. 2. 2. 2.],0.8571428571428571,True,2021.09.16.14.39.34_veh-42_00032_00186,1,1631803264.19991,589108.5157054679,4474599.0200438,589097.022110264,4474623.959833381,68681651575ebbc90
1.0,1.0,1.0,1.0,1.0,1.0,1.0,1.0,1.0,[1. 1. 1. 1. 0.],[5. 5. 2. 2. 2.],1.0,True,2021.10.06.07.26.10_veh-52_02208_02394,1,1633507608.199764,365049.4859110187,143935.08453694425,365049.49153479066,143935.09783904508,ecc3d1d6244314a20
1.0,1.0,1.0,1.0,0.9337711036996383,1.0,0.0,1.0,1.0,[0.9337711 1.        0.        1.        0.       ],[5. 5. 2. 2. 2.],0.8334896798927279,True,2021.09.16.15.12.03_veh-42_01037_01434,1,1631806653.999687,588089.8867523351,4475756.586986828,588057.4341148137,4475731.980007753,94f8422c63c8418c0
1.0,1.0,1.0,1.0,0.9158223190562521,1.0,0.0,1.0,1.0,[0.91582232 1.         0.         1.         0.        ],[5. 5. 2. 2. 2.],0.8270793996629473,True,2021.10.06.07.26.10_veh-52_01245_02064,1,1633506836.199858,364927.1384832737,143499.01058456494,364916.693662642,143482.6049355453,66f2ad1b5f1ca119d
1.0,1.0,1.0,1.0,1.0,1.0,1.0,1.0,1.0,[1. 1. 1. 1. 0.],[5. 5. 2. 2. 2.],1.0,True,2021.06.03.13.55.17_veh-35_02866_03582,1,1622745883.10147,664222.8872330876,3997415.1020290297,664229.6720998018,3997409.401606259,9453a01b26e5f5079
1.0,0.0,1.0,1.0,1.0,1.0,0.0,1.0,0.0,[1. 1. 0. 1. 0.],[5. 5. 2. 2. 2.],0.0,True,2021.10.06.07.26.10_veh-52_01245_02064,1,1633507109.20047,365217.7678727612,143688.76703646398,365226.800453296,143691.57750239538,0409a56c40aabf66c
1.0,1.0,1.0,1.0,0.8241214606759026,1.0,0.0,1.0,1.0,[0.82412146 1.         0.         1.         0.        ],[5. 5. 2. 2. 2.],0.7943290930985366,True,2021.10.06.07.26.10_veh-52_00006_00398,1,1633505525.199602,365152.5332662932,143382.7448251817,365135.42972504615,143389.6604520969,2dac755118d4733e7
1.0,1.0,1.0,1.0,0.7588745855555689,1.0,1.0,1.0,1.0,[0.75887459 1.         1.         1.         0.        ],[5. 5. 2. 2. 2.],0.9138837805555603,True,2021.08.30.16.16.44_veh-40_00256_00716,1,1630340553.499503,331072.84051989944,4690743.555505783,331081.66340144706,4690736.860855238,0c9e5d46eff0fcf41
1.0,1.0,0.0,1.0,1.0,1.0,0.0,1.0,0.0,[1. 1. 0. 1. 0.],[5. 5. 2. 2. 2.],0.0,True,2021.09.16.14.39.34_veh-42_00032_00186,1,1631803264.19991,589108.301426239,4474600.769661602,589097.3272704154,4474625.957869588,2f7d514e5c41a23d7
1.0,0.0,1.0,1.0,0.7853481408598403,1.0,1.0,1.0,0.0,[0.78534814 1.         1.         1.         0.        ],[5. 5. 2. 2. 2.],0.0,True,2021.09.29.14.44.26_veh-28_00528_00992,1,1632927478.7997549,331266.8705402079,4691031.219655446,331259.26112147764,4691035.825597542,5220d7e21ab6ff818
1.0,1.0,1.0,1.0,0.3346380632050275,1.0,0.0,1.0,1.0,[0.33463806 1.         0.         1.         0.        ],[5. 5. 2. 2. 2.],0.6195135940017956,True,2021.09.16.19.27.01_veh-45_01749_03230,1,1631822496.000454,587543.6325066513,4475824.960642107,587544.7955457199,4475827.426752879,3f4e1856faab2a6f3
1.0,0.0,1.0,1.0,1.0,1.0,0.0,1.0,0.0,[1. 1. 0. 1. 0.],[5. 5. 2. 2. 2.],0.0,True,2021.10.06.07.26.10_veh-52_01245_02064,1,1633506836.700073,364926.11227620137,143497.7931864534,364915.5257409394,143481.40399447453,4c74c0df8c74b80db
0.0,1.0,1.0,1.0,1.0,0.0,0.0,1.0,0.0,[1. 0. 0. 1. 0.],[5. 5. 2. 2. 2.],0.0,True,2021.09.16.17.40.09_veh-45_02539_02745,1,1631816747.900116,587717.0054751098,4475781.860093456,587708.1553482342,4475772.837362713,739639234c47bf547
1.0,1.0,1.0,1.0,1.0,1.0,1.0,1.0,1.0,[1. 1. 1. 1. 0.],[5. 5. 2. 2. 2.],1.0,True,2021.10.06.07.26.10_veh-52_00772_00917,1,1633506040.700116,365737.46917950053,143938.49952162607,365729.35977968964,143942.27218474098,ced98f0c60c32e69a
0.0,1.0,1.0,1.0,1.0,0.0,0.0,1.0,0.0,[1. 0. 0. 1. 0.],[5. 5. 2. 2. 2.],0.0,True,2021.06.03.18.47.39_veh-35_00257_00492,1,1622760884.700826,664714.3120064528,3999334.2050991715,664703.0491179025,3999312.005477261,da19f3b30489b58f8
1.0,0.0,1.0,1.0,0.5170754434424213,1.0,0.0,1.0,0.0,[0.51707544 1.         0.         1.         0.        ],[5. 5. 2. 2. 2.],0.0,True,2021.10.06.08.16.17_veh-52_00612_00782,1,1633508987.700743,365137.59990931314,144123.01418501808,365140.2813831908,144131.58832830624,576ad4ad9e64275b1
1.0,0.0,1.0,1.0,0.9226103332022845,1.0,1.0,1.0,0.0,[0.92261033 1.         1.         1.         0.        ],[5. 5. 2. 2. 2.],0.0,True,2021.09.29.19.02.14_veh-28_00964_01689,1,1632943676.299618,330878.1847882535,4691080.960512071,330881.9177703206,4691073.119152671,a19215a312654cd8f
1.0,1.0,1.0,1.0,0.5889108249406069,1.0,0.0,1.0,1.0,[0.58891082 1.         0.         1.         0.        ],[5. 5. 2. 2. 2.],0.7103252946216453,True,2021.08.30.13.45.25_veh-40_01116_01336,1,1630332372.5004869,331332.2608013274,4690983.861736023,331321.99359411927,4690991.187807798,fbc2b4583a81f36b9
1.0,1.0,1.0,1.0,1.0,1.0,0.0,1.0,1.0,[1. 1. 0. 1. 0.],[5. 5. 2. 2. 2.],0.8571428571428571,True,2021.05.25.14.16.10_veh-35_01100_01664,1,1621967930.000476,664211.4695333188,3997421.9687830606,664219.8793612662,3997416.5063106627,5421fa2f2e2b4cb13
1.0,0.0,1.0,1.0,0.9082324800811206,1.0,1.0,1.0,0.0,[0.90823248 1.         1.         1.         0.        ],[5. 5. 2. 2. 2.],0.0,True,2021.09.16.19.12.04_veh-42_01438_01677,1,1631821420.5000958,587630.0991842146,4475954.585890384,587616.0437243279,4475940.157118219,6ccefb14640c0647d
1.0,0.0,1.0,1.0,0.8484606179887393,1.0,0.0,0.0,0.0,[0.84846062 1.         0.         0.         0.        ],[5. 5. 2. 2. 2.],0.0,True,2021.10.06.08.16.17_veh-52_00612_00782,1,1633508988.200479,365149.10471564817,144105.28712926627,365139.7688415066,144125.89205258503,2913dab4565a29b87
1.0,0.0,1.0,1.0,1.0,0.0,0.0,1.0,0.0,[1. 0. 0. 1. 0.],[5. 5. 2. 2. 2.],0.0,True,2021.08.30.13.45.25_veh-40_01116_01336,1,1630332372.0005639,331349.6894214644,4690969.229109331,331328.41459528974,4690986.345973417,c0e8d70495bec7921
1.0,1.0,1.0,1.0,0.057973167566832066,1.0,1.0,1.0,1.0,[0.05797317 1.         1.         1.         0.        ],[5. 5. 2. 2. 2.],0.6635618455595829,True,2021.09.16.14.39.34_veh-42_00297_00935,1,1631803912.6996648,587676.8994030419,4475759.350373502,587676.1711583862,4475759.805941885,1b3141d6d2c2b651a
0.0,1.0,1.0,1.0,1.0,0.0,0.0,1.0,0.0,[1. 0. 0. 1. 0.],[5. 5. 2. 2. 2.],0.0,True,2021.06.03.18.47.39_veh-35_00257_00492,1,1622760884.200723,664712.6127208197,3999331.93524607,664702.2356886815,3999309.892740347,7a934a0d58b6d113b
1.0,1.0,1.0,1.0,1.0,1.0,1.0,1.0,1.0,[1. 1. 1. 1. 0.],[5. 5. 2. 2. 2.],1.0,True,2021.08.30.16.16.44_veh-40_01099_01351,1,1630341465.000279,331663.474190697,4690766.813212166,331659.0940066935,4690772.6941648405,439df93c525a5e285
1.0,0.0,0.0,1.0,1.0,1.0,0.0,1.0,0.0,[1. 1. 0. 1. 0.],[5. 5. 2. 2. 2.],0.0,True,2021.09.16.19.12.04_veh-42_01438_01677,1,1631821421.000002,587647.1985450197,4475973.915834425,587618.7912860056,4475946.799926177,2a1e301e08b641e81
1.0,1.0,1.0,1.0,0.8007123113293396,1.0,0.0,1.0,1.0,[0.80071231 1.         0.         1.         0.        ],[5. 5. 2. 2. 2.],0.7859686826176213,True,2021.09.16.19.27.01_veh-45_01749_03230,1,1631823104.999837,587800.9774598988,4475850.844643053,587808.9133859345,4475846.93112839,0c5705a24a60a8fd4
1.0,1.0,1.0,1.0,0.7596584069156179,1.0,0.0,1.0,1.0,[0.75965841 1.         0.         1.         0.        ],[5. 5. 2. 2. 2.],0.7713065738984349,True,2021.10.06.07.26.10_veh-52_01245_02064,1,1633506836.199858,364936.3389804403,143511.88266603003,364919.86807020294,143488.76083529717,89267c56db23f89c7
1.0,1.0,1.0,1.0,0.888294138384703,1.0,1.0,1.0,1.0,[0.88829414 1.         1.         1.         0.        ],[5. 5. 2. 2. 2.],0.9601050494231081,True,2021.10.06.07.26.10_veh-52_00772_00917,1,1633506041.20016,365740.45052733755,143943.23994228587,365730.6323777171,143942.94870763965,00aa61063a3147cb9
1.0,1.0,1.0,1.0,0.6793877081458068,1.0,0.0,1.0,1.0,[0.67938771 1.         0.         1.         0.        ],[5. 5. 2. 2. 2.],0.7426384671949311,True,2021.06.28.16.29.11_veh-38_03263_03766,1,1624901550.3005528,664176.8921326227,3997410.489064127,664179.032726763,3997414.2329818476,2acdb8c02a4722af1
1.0,0.0,1.0,1.0,0.8989348800617679,1.0,1.0,1.0,0.0,[0.89893488 1.         1.         1.         0.        ],[5. 5. 2. 2. 2.],0.0,True,2021.10.06.07.26.10_veh-52_01245_02064,1,1633506836.199858,364928.41780855414,143498.10825457328,364916.661719712,143480.34660478562,00bbaca29a3b34595
0.0,0.0,0.5,1.0,1.0,0.0,1.0,0.0,0.0,[1. 0. 1. 0. 0.],[5. 5. 2. 2. 2.],0.0,True,2021.09.29.18.19.40_veh-28_00844_01218,1,1632940665.099565,330886.50780964294,4691094.900360608,330876.5499255914,4691083.614369775,15a72986ee0932891
1.0,1.0,1.0,1.0,0.7908693568284814,1.0,1.0,1.0,1.0,[0.79086936 1.         1.         1.         0.        ],[5. 5. 2. 2. 2.],0.9253104845816005,True,2021.09.16.19.27.01_veh-45_01749_03230,1,1631823104.999837,587780.6518077136,4475866.838142425,587798.6778685732,4475852.82368125,4355523e202befd73
0.0,1.0,1.0,1.0,1.0,0.0,1.0,1.0,0.0,[1. 0. 1. 1. 0.],[5. 5. 2. 2. 2.],0.0,True,2021.09.16.17.40.09_veh-45_02539_02745,1,1631816747.400485,587731.8059365747,4475803.521702584,587711.1381641908,4475777.258502829,c40c7b11924becb1b
0.0,1.0,1.0,1.0,0.7758642391998051,0.0,0.0,1.0,0.0,[0.77586424 0.         0.         1.         0.        ],[5. 5. 2. 2. 2.],0.0,True,2021.09.16.15.12.03_veh-42_01037_01434,1,1631806653.4996688,588067.1426984927,4475738.813751183,588046.1188850867,4475723.0582755655,896888ec148c2c4cb
1.0,1.0,1.0,1.0,0.055708378045280726,1.0,1.0,1.0,1.0,[0.05570838 1.         1.         1.         0.        ],[5. 5. 2. 2. 2.],0.6627529921590288,True,2021.09.16.19.12.04_veh-42_01438_01677,1,1631821421.000002,587609.0863773874,4475933.240260584,587608.29433002,4475933.255782123,765b429e21230f949
1.0,0.0,1.0,1.0,1.0,0.0,0.0,1.0,0.0,[1. 0. 0. 1. 0.],[5. 5. 2. 2. 2.],0.0,True,2021.09.29.14.44.26_veh-28_01331_01485,1,1632928173.2996988,332312.1608014747,4690352.059298424,332296.2141248721,4690371.815576771,b757155200a7aea72
0.0,1.0,1.0,1.0,1.0,0.0,0.0,1.0,0.0,[1. 0. 0. 1. 0.],[5. 5. 2. 2. 2.],0.0,True,2021.06.28.16.29.11_veh-38_03263_03766,1,1624901549.800334,664172.5951210986,3997391.7697206675,664174.7715318822,3997406.6182799423,07d73bb7099662d82
1.0,0.0,1.0,1.0,1.0,0.0,1.0,1.0,0.0,[1. 0. 1. 1. 0.],[5. 5. 2. 2. 2.],0.0,True,2021.06.03.13.55.17_veh-35_02866_03582,1,1622745883.10147,664189.4843100599,3997416.084103557,664213.6193357271,3997419.4150627423,1f200aef5aa80a98d
0.0,0.0,0.0,1.0,1.0,0.0,0.0,1.0,0.0,[1. 0. 0. 1. 0.],[5. 5. 2. 2. 2.],0.0,True,2021.09.29.14.44.26_veh-28_01331_01485,1,1632928173.799785,332319.3579433333,4690348.462489297,332297.2308431455,4690371.813864556,eeab7294535bc0168
0.0,1.0,1.0,1.0,1.0,0.0,0.0,1.0,0.0,[1. 0. 0. 1. 0.],[5. 5. 2. 2. 2.],0.0,True,2021.09.29.14.44.26_veh-28_00528_00992,1,1632927478.7997549,331269.87057612813,4691026.047456928,331260.5917076522,4691033.995614101,1e0bfb2c4139f0062
1.0,0.0,1.0,1.0,1.0,1.0,0.0,1.0,0.0,[1. 1. 0. 1. 0.],[5. 5. 2. 2. 2.],0.0,True,2021.10.06.07.26.10_veh-52_02208_02394,1,1633507607.699837,365058.757359388,143888.17756406363,365050.6142535253,143920.76451174542,5bd0e7981e5378287
1.0,0.0,0.5,1.0,0.5267387277816286,1.0,0.0,1.0,0.0,[0.52673873 1.         0.         1.         0.        ],[5. 5. 2. 2. 2.],0.0,True,2021.08.16.14.23.37_veh-45_00015_00132,1,1629124038.500187,588971.6490397231,4474824.373722739,588985.0429276018,4474816.080991327,c3eabd6982ee224c4
1.0,0.0,1.0,1.0,1.0,1.0,1.0,1.0,0.0,[1. 1. 1. 1. 0.],[5. 5. 2. 2. 2.],0.0,True,2021.10.06.07.26.10_veh-52_02208_02394,1,1633507608.199764,365062.0085391156,143883.87984237343,365051.66146945115,143916.20157683583,546ea00bc8516f8dc
1.0,0.0,1.0,1.0,0.9509112229233486,1.0,0.0,1.0,0.0,[0.95091122 1.         0.         1.         0.        ],[5. 5. 2. 2. 2.],0.0,True,2021.09.16.14.39.34_veh-42_00297_00935,1,1631803543.699842,588715.3648896936,4475438.467084867,588741.9287327187,4475407.422436119,9ce715dfae40ca8c0
1.0,1.0,1.0,1.0,0.9974616862230469,1.0,0.0,1.0,1.0,[0.99746169 1.         0.         1.         0.        ],[5. 5. 2. 2. 2.],0.8562363165082311,True,2021.09.16.14.39.34_veh-42_00297_00935,1,1631803544.199785,588706.1582344791,4475446.290814879,588735.6353840414,4475412.854993552,ce0d18bc2635a901b
1.0,1.0,1.0,1.0,0.42398633473053543,1.0,1.0,1.0,1.0,[0.42398633 1.         1.         1.         0.        ],[5. 5. 2. 2. 2.],0.794280833832334,True,2021.09.16.19.27.01_veh-45_01749_03230,1,1631822496.5005078,587544.003395949,4475825.273805746,587545.1833678763,4475828.191184849,49243c381a0bed43b
1.0,0.0,0.5,1.0,0.9527181775198645,1.0,1.0,1.0,0.0,[0.95271818 1.         1.         1.         0.        ],[5. 5. 2. 2. 2.],0.0,True,2021.10.06.08.16.17_veh-52_01949_02501,1,1633510640.1996188,364939.0465389678,143326.9366755833,364950.5125077976,143322.559037677,c3200abf96a354efa
1.0,1.0,1.0,1.0,0.8573730691939354,1.0,1.0,1.0,1.0,[0.85737307 1.         1.         1.         0.        ],[5. 5. 2. 2. 2.],0.9490618104264055,True,2021.10.06.08.16.17_veh-52_01949_02501,1,1633510640.1996188,364938.4212095787,143351.9399275319,364943.3480438496,143328.97759257638,86a500b770f0588cb
1.0,1.0,1.0,1.0,0.7629810249113803,1.0,1.0,1.0,1.0,[0.76298102 1.         1.         1.         0.        ],[5. 5. 2. 2. 2.],0.9153503660397787,True,2021.10.06.07.26.10_veh-52_00006_00398,1,1633505524.699735,365166.973389862,143374.90016937195,365141.44706678163,143386.48668447172,bc012430feac631cb
1.0,1.0,1.0,1.0,0.5263701514924722,1.0,1.0,1.0,1.0,[0.52637015 1.         1.         1.         0.        ],[5. 5. 2. 2. 2.],0.8308464826758829,True,2021.09.29.19.02.14_veh-28_02911_03005,1,1632945162.29987,331563.05412885704,4689346.696749618,331575.6694932988,4689339.70799534,b3c7672d677c644c7
1.0,1.0,0.0,1.0,1.0,1.0,0.0,1.0,0.0,[1. 1. 0. 1. 0.],[5. 5. 2. 2. 2.],0.0,True,2021.09.16.14.39.34_veh-42_00032_00186,1,1631803264.699554,589116.1674396202,4474582.263336733,589102.5043591702,4474615.1781835975,7404698935ca6a31c
1.0,0.0,1.0,1.0,0.7544585511925025,1.0,0.0,1.0,0.0,[0.75445855 1.         0.         1.         0.        ],[5. 5. 2. 2. 2.],0.0,True,2021.10.06.08.16.17_veh-52_01949_02501,1,1633510204.700271,365598.32793999044,143247.6789231598,365597.6330312102,143267.64086142785,a8318f7cafe4396ae
0.5,0.0,0.5,1.0,1.0,0.0,0.0,1.0,0.0,[1. 0. 0. 1. 0.],[5. 5. 2. 2. 2.],0.0,True,2021.06.28.16.29.11_veh-38_03263_03766,1,1624901550.3005528,664177.1748093964,3997397.95985837,664177.3534085171,3997411.967715119,4aa0d20a71cc4b60d
1.0,1.0,1.0,1.0,0.35317852680625683,1.0,0.0,1.0,1.0,[0.35317853 1.         0.         1.         0.        ],[5. 5. 2. 2. 2.],0.6261351881450918,True,2021.10.06.07.26.10_veh-52_02208_02394,1,1633507607.699837,365050.5809910052,143923.77130555606,365050.2461303363,143930.83395057503,5f19a901791abf90c
1.0,1.0,1.0,1.0,0.9675638818403947,1.0,0.0,1.0,1.0,[0.96756388 1.         0.         1.         0.        ],[5. 5. 2. 2. 2.],0.8455585292287123,True,2021.09.16.15.12.03_veh-42_01037_01434,1,1631806653.4996688,588087.5147663312,4475753.226306816,588053.9611369194,4475727.270752779,55a589ced770cbf72
1.0,1.0,1.0,1.0,0.054853893552040005,1.0,1.0,1.0,1.0,[0.05485389 1.         1.         1.         0.        ],[5. 5. 2. 2. 2.],0.6624478191257285,True,2021.09.29.19.02.14_veh-28_02911_03005,1,1632945161.7997289,331584.75604267424,4689332.728488817,331584.85811432754,4689332.7132662255,e92394471671ed533
1.0,1.0,1.0,1.0,0.5801587110901782,1.0,1.0,1.0,1.0,[0.58015871 1.         1.         1.         0.        ],[5. 5. 2. 2. 2.],0.8500566825322065,True,2021.08.30.16.16.44_veh-40_00256_00716,1,1630340553.499503,331072.7197591472,4690741.57520366,331079.9629059118,4690737.669290536,10cc41fbc38a43481
0.0,1.0,1.0,1.0,1.0,0.0,1.0,1.0,0.0,[1. 0. 1. 1. 0.],[5. 5. 2. 2. 2.],0.0,True,2021.06.28.16.29.11_veh-38_03263_03766,1,1624901549.800334,664175.3688615538,3997375.395476284,664171.5704242404,3997403.3658329374,0e81443200fd71592
1.0,1.0,1.0,1.0,0.9378313088744616,1.0,0.0,1.0,1.0,[0.93783131 1.         0.         1.         0.        ],[5. 5. 2. 2. 2.],0.8349397531694506,True,2021.09.16.14.39.34_veh-42_00032_00186,1,1631803264.699554,589104.551827281,4474606.389870806,589095.980787407,4474627.925115054,299c68e344d04e536
1.0,1.0,1.0,1.0,0.9615106204389456,1.0,1.0,1.0,1.0,[0.96151062 1.         1.         1.         0.        ],[5. 5. 2. 2. 2.],0.9862537930139091,True,2021.09.29.19.02.14_veh-28_02911_03005,1,1632945162.29987,331565.60967970977,4689343.938709312,331579.88148132525,4689334.815148327,be4d95422b6b6e212
1.0,0.0,1.0,1.0,1.0,1.0,0.0,1.0,0.0,[1. 1. 0. 1. 0.],[5. 5. 2. 2. 2.],0.0,True,2021.10.06.07.26.10_veh-52_00772_00917,1,1633506040.700116,365747.1737169869,143942.0594136899,365735.8401343844,143943.86393640775,49538162999026026
0.0,1.0,1.0,1.0,1.0,0.0,1.0,1.0,0.0,[1. 0. 1. 1. 0.],[5. 5. 2. 2. 2.],0.0,True,2021.05.25.15.59.03_veh-30_04027_04200,1,1621976896.09955,664244.1427424247,3996286.1949579166,664266.2014595122,3996285.4582148436,fb498b2bdc72e8f69
1.0,1.0,1.0,1.0,0.661515401474239,1.0,1.0,1.0,1.0,[0.6615154 1.        1.        1.        0.       ],[5. 5. 2. 2. 2.],0.8791126433836568,True,2021.08.16.14.23.37_veh-45_00015_00132,1,1629124037.999939,588981.0196547806,4474826.478708391,588987.1855250958,4474813.139672041,c4bc5e76f15b2b430
1.0,1.0,1.0,1.0,0.8082764144131668,1.0,1.0,1.0,1.0,[0.80827641 1.         1.         1.         0.        ],[5. 5. 2. 2. 2.],0.9315272908618452,True,2021.09.16.14.39.34_veh-42_00297_00935,1,1631803543.699842,588723.061339379,4475427.389163729,588743.4200654016,4475404.08698004,8b8b4f2749140ac7a
0.0,1.0,1.0,1.0,1.0,0.0,0.0,1.0,0.0,[1. 0. 0. 1. 0.],[5. 5. 2. 2. 2.],0.0,True,2021.09.16.17.40.09_veh-45_02539_02745,1,1631816747.400485,587715.9814996824,4475781.108051356,587707.0375094968,4475771.979524641,f785ce4a119cc22a1
1.0,0.0,1.0,1.0,1.0,1.0,0.0,1.0,0.0,[1. 1. 0. 1. 0.],[5. 5. 2. 2. 2.],0.0,True,2021.09.16.19.12.04_veh-42_01438_01677,1,1631821421.000002,587622.5117008126,4475948.0268961135,587614.932550256,4475937.429721668,74e68e4dba8d14dfa
1.0,1.0,1.0,1.0,1.0,1.0,0.0,1.0,1.0,[1. 1. 0. 1. 0.],[5. 5. 2. 2. 2.],0.8571428571428571,True,2021.06.28.16.29.11_veh-38_03263_03766,1,1624901549.800334,664176.0642745703,3997408.156246135,664179.0031529323,3997414.190614765,2328dbb272ccbb947
1.0,0.0,1.0,1.0,0.7665087956906083,1.0,1.0,1.0,0.0,[0.7665088 1.        1.        1.        0.       ],[5. 5. 2. 2. 2.],0.0,True,2021.09.29.14.44.26_veh-28_01331_01485,1,1632928173.2996988,332302.01743213163,4690365.112828477,332288.688329562,4690374.189868421,1ab13d4826a06cc9f
1.0,1.0,0.0,1.0,1.0,0.0,0.0,1.0,0.0,[1. 0. 0. 1. 0.],[5. 5. 2. 2. 2.],0.0,True,2021.09.29.19.02.14_veh-28_02911_03005,1,1632945161.7997289,331545.8294878349,4689359.858764401,331572.4619695308,4689338.932874922,e1f0dcd38a9ec2523
1.0,1.0,1.0,1.0,1.0,1.0,1.0,1.0,1.0,[1. 1. 1. 1. 0.],[5. 5. 2. 2. 2.],1.0,True,2021.09.16.14.39.34_veh-42_00297_00935,1,1631803543.699842,588700.541834162,4475453.17665323,588736.2047792104,4475412.925019109,9e017dbb384c3b2b8
1.0,1.0,1.0,1.0,0.8845760876711373,1.0,1.0,1.0,1.0,[0.88457609 1.         1.         1.         0.        ],[5. 5. 2. 2. 2.],0.9587771741682634,True,2021.10.06.07.26.10_veh-52_01245_02064,1,1633506836.700073,364926.7472560691,143497.1962662932,364916.9012340491,143482.1086873998,56c892f39067ffb33
1.0,1.0,1.0,1.0,0.7148169082811575,1.0,1.0,1.0,1.0,[0.71481691 1.         1.         1.         0.        ],[5. 5. 2. 2. 2.],0.8981488958146991,True,2021.08.16.14.23.37_veh-45_00015_00132,1,1629124038.500187,588980.4703044846,4474828.205830704,588986.4032463179,4474814.408511604,a41ba68bdc9f9fb88
1.0,1.0,1.0,1.0,0.4798715954773888,1.0,1.0,1.0,1.0,[0.4798716 1.        1.        1.        0.       ],[5. 5. 2. 2. 2.],0.8142398555276389,True,2021.08.30.13.45.25_veh-40_01116_01336,1,1630332372.0005639,331326.2992012223,4690989.164475216,331319.3677279529,4690993.779720256,e4dc487d828f489c8
0.0,1.0,1.0,1.0,1.0,0.0,1.0,1.0,0.0,[1. 0. 1. 1. 0.],[5. 5. 2. 2. 2.],0.0,True,2021.09.16.17.40.09_veh-45_02539_02745,1,1631816747.900116,587738.7698174049,4475811.076453871,587715.3981281669,4475783.468815594,f0f7f3ed13da5cccf
1.0,1.0,1.0,1.0,0.6981567580756172,1.0,0.0,1.0,1.0,[0.69815676 1.         0.         1.         0.        ],[5. 5. 2. 2. 2.],0.7493416993127203,True,2021.10.06.08.16.17_veh-52_00612_00782,1,1633508987.700743,365141.143763418,144118.14519620556,365141.31734323583,144131.13734719742,4aa85cd3f686e016d
0.0,1.0,1.0,0.0,1.0,0.0,1.0,1.0,0.0,[1. 0. 1. 1. 0.],[5. 5. 2. 2. 2.],0.0,True,2021.09.29.14.44.26_veh-28_00528_00992,1,1632927479.2998168,331284.0952286888,4691014.276154312,331266.5457744417,4691029.115752984,c77d4472e1ca73bd3
1.0,1.0,1.0,1.0,0.795726332174208,1.0,1.0,1.0,1.0,[0.79572633 1.         1.         1.         0.        ],[5. 5. 2. 2. 2.],0.9270451186336457,True,2021.10.06.07.26.10_veh-52_00006_00398,1,1633505525.199602,365175.09167765,143373.91747805782,365146.2634473428,143386.39840797317,17e36b4f4f12c5fd5
1.0,1.0,1.0,1.0,0.8343672202722322,1.0,1.0,1.0,1.0,[0.83436722 1.         1.         1.         0.        ],[5. 5. 2. 2. 2.],0.9408454358115116,True,2021.10.06.08.16.17_veh-52_01949_02501,1,1633510639.69981,364938.2421093636,143358.57992523408,364943.41048556,143331.56881858353,bc91ea0c9c2963c7e
0.0,1.0,1.0,1.0,1.0,0.0,0.0,1.0,0.0,[1. 0. 0. 1. 0.],[5. 5. 2. 2. 2.],0.0,True,2021.09.16.17.40.09_veh-45_02539_02745,1,1631816747.400485,587728.9113362276,4475798.926967149,587709.4643095294,4475776.110506209,74a93e74eb8082fae
0.0,0.0,1.0,1.0,1.0,0.0,0.0,1.0,0.0,[1. 0. 0. 1. 0.],[5. 5. 2. 2. 2.],0.0,True,2021.09.16.19.27.01_veh-45_00472_00711,1,1631821065.500315,588361.7479182747,4475973.683468158,588385.3256383836,4475991.650212974,6e7f645a1e9a9337a
1.0,1.0,1.0,1.0,0.7862551526043817,1.0,1.0,1.0,1.0,[0.78625515 1.         1.         1.         0.        ],[5. 5. 2. 2. 2.],0.9236625545015649,True,2021.09.16.19.27.01_veh-45_01749_03230,1,1631823104.999837,587781.7290560736,4475866.230932865,587800.4901506635,4475851.199023055,8d2018c3d25b185de
1.0,1.0,1.0,1.0,1.0,1.0,1.0,1.0,1.0,[1. 1. 1. 1. 0.],[5. 5. 2. 2. 2.],1.0,True,2021.10.06.08.16.17_veh-52_01949_02501,1,1633510639.69981,364939.8641728918,143351.57949388004,364944.6765609949,143326.99937210945,e6ff8ec91b67a0256
1.0,0.0,1.0,1.0,1.0,1.0,0.0,1.0,0.0,[1. 1. 0. 1. 0.],[5. 5. 2. 2. 2.],0.0,True,2021.10.06.07.26.10_veh-52_01245_02064,1,1633506836.199858,364919.3805893289,143486.08394097709,364916.89315396163,143475.19560360807,d25b5af7899d7e8e0
1.0,1.0,1.0,1.0,1.0,1.0,0.0,1.0,1.0,[1. 1. 0. 1. 0.],[5. 5. 2. 2. 2.],0.8571428571428571,True,2021.09.16.15.12.03_veh-42_01037_01434,1,1631806653.4996688,588098.212305558,4475763.642689137,588057.2444632726,4475731.901818368,9b14a119979ac6d94
1.0,0.0,1.0,1.0,1.0,1.0,1.0,1.0,0.0,[1. 1. 1. 1. 0.],[5. 5. 2. 2. 2.],0.0,True,2021.09.16.13.53.10_veh-42_00180_00342,1,1631800700.900575,589200.0236458096,4474379.5695009725,589217.0856554152,4474335.595464237,f06a4e01a1e5abdd5
1.0,1.0,1.0,1.0,0.37644238869823776,1.0,0.0,1.0,1.0,[0.37644239 1.         0.         1.         0.        ],[5. 5. 2. 2. 2.],0.6344437102493706,True,2021.09.16.14.39.34_veh-42_00032_00186,1,1631803264.19991,589095.9091611659,4474626.963846019,589093.5443681963,4474630.914393136,2496fb23d66af6353
1.0,1.0,1.0,1.0,0.6239926487735495,1.0,0.0,1.0,1.0,[0.62399265 1.         0.         1.         0.        ],[5. 5. 2. 2. 2.],0.7228545174191249,True,2021.10.06.08.16.17_veh-52_00612_00782,1,1633508988.200479,365140.1847019471,144115.35378673233,365138.88883794623,144128.3552792167,40ab16e6d2c7b1db0
1.0,1.0,1.0,1.0,0.801828131328089,0.0,0.0,1.0,1.0,[0.80182813 0.         0.         1.         0.        ],[5. 5. 2. 2. 2.],0.4292243326171747,True,2021.09.29.19.02.14_veh-28_00273_00514,1,1632942608.79968,331139.09125139867,4690622.772722743,331164.93601860444,4690597.771864778,99dfc5eae6278dfec
1.0,0.0,1.0,1.0,1.0,1.0,0.0,1.0,0.0,[1. 1. 0. 1. 0.],[5. 5. 2. 2. 2.],0.0,True,2021.10.06.08.16.17_veh-52_01949_02501,1,1633510205.200445,365598.0918269632,143263.77329288644,365591.67083795124,143274.1198399607,15605fa49f762af2f
0.0,1.0,1.0,1.0,1.0,0.0,0.0,1.0,0.0,[1. 0. 0. 1. 0.],[5. 5. 2. 2. 2.],0.0,True,2021.09.16.19.27.01_veh-45_01749_03230,1,1631822496.5005078,587545.4070886489,4475817.989807842,587545.6136599429,4475826.225989512,2940f44b99e0dfbcb
1.0,0.0,1.0,1.0,1.0,1.0,1.0,1.0,0.0,[1. 1. 1. 1. 0.],[5. 5. 2. 2. 2.],0.0,True,2021.09.16.13.53.10_veh-42_00180_00342,1,1631800761.3994029,589018.7988028406,4474750.361693459,589026.3521649945,4474704.365861841,507ff750eaaf02bd0
1.0,1.0,1.0,1.0,0.8125637673322862,1.0,0.0,1.0,1.0,[0.81256377 1.         0.         1.         0.        ],[5. 5. 2. 2. 2.],0.7902013454758166,True,2021.09.16.19.27.01_veh-45_00472_00711,1,1631821065.000145,588377.5447088914,4475985.244070808,588391.0634647458,4475996.760911981,bf348ece26ab3f920
0.5,0.0,1.0,1.0,1.0,1.0,1.0,1.0,0.0,[1. 1. 1. 1. 0.],[5. 5. 2. 2. 2.],0.0,True,2021.05.25.14.16.10_veh-35_01100_01664,1,1621967929.500474,664203.348375482,3997419.920219167,664215.213622102,3997420.6865650117,3b8808368bea4771a
1.0,1.0,0.0,1.0,1.0,1.0,0.0,1.0,0.0,[1. 1. 0. 1. 0.],[5. 5. 2. 2. 2.],0.0,True,2021.09.16.19.12.04_veh-42_01438_01677,1,1631821420.5000958,587619.2761923254,4475950.778177507,587609.6940121573,4475935.624778474,fe021b72b8b0cf19e
1.0,0.0,0.5,1.0,0.4505781633808021,1.0,0.0,1.0,0.0,[0.45057816 1.         0.         1.         0.        ],[5. 5. 2. 2. 2.],0.0,True,2021.09.16.14.39.34_veh-42_00032_00186,1,1631803264.19991,589107.3143737193,4474624.516376628,589094.3071510498,4474629.686546185,c95a60eebe3ab0adb
1.0,0.0,1.0,1.0,0.9846729494896506,1.0,1.0,1.0,0.0,[0.98467295 1.         1.         1.         0.        ],[5. 5. 2. 2. 2.],0.0,True,2021.10.06.07.26.10_veh-52_01245_02064,1,1633507109.20047,365217.5253078559,143689.5337252299,365225.32062611845,143692.30288677046,886484d2bedf04b15
1.0,1.0,1.0,1.0,0.9221710529033178,1.0,1.0,1.0,1.0,[0.92217105 1.         1.         1.         0.        ],[5. 5. 2. 2. 2.],0.9722039474654707,True,2021.08.16.14.23.37_veh-45_00015_00132,1,1629124037.999939,588969.5359481692,4474857.631889302,588982.5312204143,4474822.410906619,e576f1ec67be1cbd0
1.0,1.0,0.5,1.0,0.8004254908882426,1.0,0.0,1.0,0.5,[0.80042549 1.         0.         1.         0.        ],[5. 5. 2. 2. 2.],0.39293312337290043,True,2021.09.16.14.39.34_veh-42_00297_00935,1,1631803544.199785,588745.0637075593,4475405.928944454,588748.2453441581,4475401.548914305,d8696cab0b29dcbba
1.0,0.0,1.0,1.0,1.0,1.0,0.0,1.0,0.0,[1. 1. 0. 1. 0.],[5. 5. 2. 2. 2.],0.0,True,2021.10.06.07.26.10_veh-52_01245_02064,1,1633506836.199858,364917.38942060835,143490.09170654826,364913.9902651862,143478.19083643408,bff99a3eb84ffe4ba
1.0,0.0,0.0,1.0,1.0,1.0,0.0,1.0,0.0,[1. 1. 0. 1. 0.],[5. 5. 2. 2. 2.],0.0,True,2021.09.16.14.39.34_veh-42_00297_00935,1,1631803544.199785,588714.7405193325,4475439.573544338,588738.9992855197,4475411.263016494,afc5b9d01744dc019
1.0,1.0,0.5,1.0,1.0,1.0,1.0,1.0,0.5,[1. 1. 1. 1. 0.],[5. 5. 2. 2. 2.],0.5,True,2021.09.16.19.27.01_veh-45_01749_03230,1,1631823104.4999778,587795.3115247096,4475853.40191024,587808.3839113708,4475846.940527783,4e0a366def21f29ed
1.0,1.0,0.5,1.0,0.6753305985115621,1.0,1.0,1.0,0.5,[0.6753306 1.        1.        1.        0.       ],[5. 5. 2. 2. 2.],0.4420233211627789,True,2021.09.16.14.39.34_veh-42_00297_00935,1,1631803913.199848,587681.0752032576,4475743.4658562895,587681.7998814894,4475755.7239403725,00fa9133315b462d3
1.0,0.0,0.5,1.0,1.0,1.0,0.0,1.0,0.0,[1. 1. 0. 1. 0.],[5. 5. 2. 2. 2.],0.0,True,2021.10.06.07.26.10_veh-52_01245_02064,1,1633507109.20047,365214.10726792365,143688.96750616308,365223.88012162613,143692.55728940957,54474c2dd7ecfcc29
0.0,1.0,1.0,1.0,1.0,0.0,1.0,1.0,0.0,[1. 0. 1. 1. 0.],[5. 5. 2. 2. 2.],0.0,True,2021.08.30.16.16.44_veh-40_00256_00716,1,1630340552.999716,331066.8374373497,4690745.235923928,331080.90596823057,4690736.97970229,8254112e33078afad
0.0,1.0,1.0,1.0,1.0,0.0,1.0,1.0,0.0,[1. 0. 1. 1. 0.],[5. 5. 2. 2. 2.],0.0,True,2021.06.28.20.24.43_veh-38_03385_04952,1,1624916547.6001759,664421.446859946,3997340.196978584,664424.9262156452,3997347.4406601526,e306d6a4971bcbd83
1.0,1.0,1.0,1.0,1.0,1.0,1.0,1.0,1.0,[1. 1. 1. 1. 0.],[5. 5. 2. 2. 2.],1.0,True,2021.09.29.19.02.14_veh-28_00964_01689,1,1632943676.299618,330875.7835346296,4691086.948625575,330878.1103068576,4691076.96070672,d44e744043dbb77b1
1.0,1.0,1.0,1.0,0.8610930300467313,1.0,0.0,1.0,1.0,[0.86109303 1.         0.         1.         0.        ],[5. 5. 2. 2. 2.],0.8075332250166898,True,2021.10.06.07.26.10_veh-52_01245_02064,1,1633506836.199858,364925.7399917912,143497.23802691352,364915.7181104805,143480.2246084476,d87e1dbb0017ab960
1.0,1.0,1.0,1.0,1.0,1.0,1.0,1.0,1.0,[1. 1. 1. 1. 0.],[5. 5. 2. 2. 2.],1.0,True,2021.06.03.13.55.17_veh-35_02866_03582,1,1622745882.601212,664209.34875285,3997423.4775265036,664222.809294283,3997415.5618989835,e19b34f93116cdb17
1.0,1.0,1.0,1.0,1.0,1.0,1.0,1.0,1.0,[1. 1. 1. 1. 0.],[5. 5. 2. 2. 2.],1.0,True,2021.09.29.19.02.14_veh-28_00964_01689,1,1632943676.299618,330875.61526185524,4691091.263821973,330876.32222023373,4691080.698434657,96162a63802df3c29
1.0,1.0,1.0,1.0,1.0,1.0,0.0,1.0,1.0,[1. 1. 0. 1. 0.],[5. 5. 2. 2. 2.],0.8571428571428571,True,2021.06.03.13.55.17_veh-35_02866_03582,1,1622745883.10147,664216.0124542377,3997419.835100995,664223.1201975218,3997414.6678400724,1048c5ca4a09af32d
0.5,0.0,1.0,1.0,1.0,0.0,1.0,1.0,0.0,[1. 0. 1. 1. 0.],[5. 5. 2. 2. 2.],0.0,True,2021.10.06.07.26.10_veh-52_01245_02064,1,1633507109.20047,365214.42845125427,143685.60266094393,365221.60145172814,143691.23906112512,ecc22288ebf17a22e
0.0,1.0,1.0,1.0,1.0,0.0,1.0,1.0,0.0,[1. 0. 1. 1. 0.],[5. 5. 2. 2. 2.],0.0,True,2021.10.06.07.26.10_veh-52_00006_00398,1,1633505525.199602,365153.54220815806,143380.27700793534,365136.01171322,143388.3434791266,b7b9067126836af21
1.0,1.0,1.0,1.0,0.8506677467551476,1.0,1.0,1.0,1.0,[0.85066775 1.         1.         1.         0.        ],[5. 5. 2. 2. 2.],0.9466670524125528,True,2021.09.16.19.27.01_veh-45_01749_03230,1,1631823104.4999778,587782.2444675616,4475866.969957252,587800.6014640015,4475851.568635774,9bfb6e5100707e5d1
1.0,1.0,1.0,1.0,0.9438736837974471,1.0,0.0,1.0,1.0,[0.94387368 1.         0.         1.         0.        ],[5. 5. 2. 2. 2.],0.8370977442133739,True,2021.08.30.13.45.25_veh-40_01116_01336,1,1630332372.0005639,331353.3803189971,4690969.820604647,331330.8569965905,4690986.086451338,3812881ab01c38f32
1.0,1.0,1.0,1.0,1.0,1.0,0.0,1.0,1.0,[1. 1. 0. 1. 0.],[5. 5. 2. 2. 2.],0.8571428571428571,True,2021.09.16.14.39.34_veh-42_01609_01687,1,1631804862.699841,588950.9314567128,4474890.411482811,588939.2821587647,4474928.054696677,aad606c2d4cfea9a1
0.0,1.0,1.0,1.0,1.0,0.0,0.0,1.0,0.0,[1. 0. 0. 1. 0.],[5. 5. 2. 2. 2.],0.0,True,2021.09.16.17.40.09_veh-45_02539_02745,1,1631816747.900116,587735.0531494521,4475808.77039958,587713.2680856646,4475780.515823963,01e51bacf68548cab
1.0,0.0,1.0,1.0,0.6303721259112968,1.0,0.0,1.0,0.0,[0.63037213 1.         0.         1.         0.        ],[5. 5. 2. 2. 2.],0.0,True,2021.10.06.08.16.17_veh-52_01949_02501,1,1633510204.700271,365596.58264817816,143265.37410540952,365592.23468250997,143272.18321546935,9923250503e62f3e8
1.0,0.0,1.0,1.0,0.8490928852147546,1.0,0.0,1.0,0.0,[0.84909289 1.         0.         1.         0.        ],[5. 5. 2. 2. 2.],0.0,True,2021.09.16.14.39.34_veh-42_01609_01687,1,1631804862.1998858,588947.5911954452,4474904.749416126,588938.3203264467,4474933.957521258,281e89e3d9a31b9b6
1.0,1.0,1.0,1.0,0.5052202900763877,1.0,1.0,1.0,1.0,[0.50522029 1.         1.         1.         0.        ],[5. 5. 2. 2. 2.],0.823292960741567,True,2021.09.16.14.39.34_veh-42_00032_00186,1,1631803264.19991,589097.5356387986,4474622.327373958,589093.6962433126,4474629.113366026,b5d691e56539e289e
1.0,1.0,1.0,1.0,0.5077898712837815,1.0,1.0,1.0,1.0,[0.50778987 1.         1.         1.         0.        ],[5. 5. 2. 2. 2.],0.8242106683156363,True,2021.08.30.13.45.25_veh-40_01116_01336,1,1630332372.5004869,331329.25873588875,4690987.596115307,331321.778432547,4690992.407870029,bf36dbafa15d4c261
1.0,1.0,1.0,1.0,0.3544031813004877,1.0,0.0,1.0,1.0,[0.35440318 1.         0.         1.         0.        ],[5. 5. 2. 2. 2.],0.6265725647501742,True,2021.09.29.19.02.14_veh-28_00964_01689,1,1632943676.299618,330875.20353630476,4691078.359005584,330878.33952890843,4691075.725273665,9a21c94093757379d
0.0,0.0,1.0,1.0,1.0,0.0,1.0,1.0,0.0,[1. 0. 1. 1. 0.],[5. 5. 2. 2. 2.],0.0,True,2021.09.29.19.02.14_veh-28_00964_01689,1,1632943676.299618,330885.6537111432,4691099.270431139,330876.0027720057,4691084.188102197,0c19c99a701794b8d
1.0,1.0,1.0,1.0,0.8044248635750213,0.0,0.0,1.0,1.0,[0.80442486 0.         0.         1.         0.        ],[5. 5. 2. 2. 2.],0.43015173699107906,True,2021.09.29.19.02.14_veh-28_00273_00514,1,1632942608.299759,331142.32056649146,4690620.108708724,331168.34402332007,4690595.088433839,59873106299ffb94f
1.0,1.0,1.0,1.0,1.0,1.0,0.0,1.0,1.0,[1. 1. 0. 1. 0.],[5. 5. 2. 2. 2.],0.8571428571428571,True,2021.09.29.19.02.14_veh-28_02911_03005,1,1632945161.7997289,331544.452721146,4689363.053726223,331573.3427308561,4689340.702600871,190768b2e92e01b36
1.0,1.0,1.0,1.0,0.7647255029851674,1.0,0.0,1.0,1.0,[0.7647255 1.        0.        1.        0.       ],[5. 5. 2. 2. 2.],0.7731162510661312,True,2021.09.29.14.44.26_veh-28_00528_00992,1,1632927478.7997549,331265.55649511586,4691031.045380958,331257.7019515245,4691036.168354429,1a1b33942c90c349f
1.0,1.0,1.0,1.0,0.47041728276335415,1.0,1.0,1.0,1.0,[0.47041728 1.         1.         1.         0.        ],[5. 5. 2. 2. 2.],0.8108633152726265,True,2021.09.16.14.39.34_veh-42_00297_00935,1,1631803913.199848,587683.385747283,4475757.005060384,587676.2057057726,4475759.892202447,a1144bd1f4f830e91
1.0,1.0,1.0,1.0,0.626555554037727,1.0,1.0,1.0,1.0,[0.62655555 1.         1.         1.         0.        ],[5. 5. 2. 2. 2.],0.8666269835849025,True,2021.09.29.19.02.14_veh-28_00273_00514,1,1632942608.79968,331169.6651064582,4690594.747097286,331177.50956655253,4690587.419189745,6232a0b37017c2c9f
1.0,1.0,1.0,1.0,0.6343426189694598,1.0,1.0,1.0,1.0,[0.63434262 1.         1.         1.         0.        ],[5. 5. 2. 2. 2.],0.8694080782033785,True,2021.09.29.19.02.14_veh-28_00273_00514,1,1632942608.79968,331169.60006788425,4690594.885082629,331177.50956655253,4690587.419189745,fd0901032c45b4e62
1.0,1.0,1.0,1.0,0.21939312424635776,1.0,1.0,1.0,1.0,[0.21939312 1.         1.         1.         0.        ],[5. 5. 2. 2. 2.],0.721211830087985,True,2021.09.16.14.39.34_veh-42_00297_00935,1,1631803912.6996648,587680.4874591228,4475758.022367424,587677.612609992,4475759.260761246,0105e5486cfb69483
1.0,1.0,1.0,1.0,0.7452967597457703,1.0,0.0,1.0,1.0,[0.74529676 1.         0.         1.         0.        ],[5. 5. 2. 2. 2.],0.7661774141949179,True,2021.09.29.14.44.26_veh-28_00528_00992,1,1632927479.2998168,331265.4181973089,4691031.133212352,331258.40714102203,4691035.691757806,4fd96d4727fd67d4a
1.0,1.0,1.0,1.0,0.7531240214202992,0.0,1.0,1.0,1.0,[0.75312402 0.         1.         1.         0.        ],[5. 5. 2. 2. 2.],0.5546871505072497,True,2021.10.06.07.26.10_veh-52_00006_00398,1,1633505525.199602,365150.4381618003,143381.66516488872,365135.3690944197,143388.55364311943,939cad6fe88e1d488
1.0,0.0,1.0,1.0,0.7450674410888457,1.0,1.0,1.0,0.0,[0.74506744 1.         1.         1.         0.        ],[5. 5. 2. 2. 2.],0.0,True,2021.10.06.08.16.17_veh-52_01949_02501,1,1633510204.700271,365599.2760952286,143247.51276801826,365596.602900552,143266.52360233275,19c21fee65a87c2d8
1.0,1.0,1.0,1.0,0.823434434441054,1.0,0.0,1.0,1.0,[0.82343443 1.         0.         1.         0.        ],[5. 5. 2. 2. 2.],0.7940837265860907,True,2021.09.29.19.02.14_veh-28_00273_00514,1,1632942608.299759,331141.3865924777,4690621.52362805,331168.690085182,4690595.744395522,f197eb9bb03399772
1.0,1.0,1.0,1.0,0.9476057349910924,1.0,1.0,1.0,1.0,[0.94760573 1.         1.         1.         0.        ],[5. 5. 2. 2. 2.],0.9812877624968187,True,2021.10.06.08.16.17_veh-52_01949_02501,1,1633510640.1996188,364940.4601313393,143340.95872166383,364946.7895028855,143324.85917524365,7e909c56c1daea780
0.0,1.0,1.0,1.0,1.0,0.0,0.0,1.0,0.0,[1. 0. 0. 1. 0.],[5. 5. 2. 2. 2.],0.0,True,2021.09.16.19.27.01_veh-45_00472_00711,1,1631821065.000145,588363.2179425455,4475974.421385544,588388.244372982,4475993.29370451,178157ae0466a3851
1.0,0.0,0.0,1.0,1.0,0.0,0.0,1.0,0.0,[1. 0. 0. 1. 0.],[5. 5. 2. 2. 2.],0.0,True,2021.09.29.19.02.14_veh-28_02911_03005,1,1632945162.29987,331541.375659204,4689364.647401936,331570.7729771068,4689341.988314637,b795e9c4c8fde41bb
1.0,0.0,1.0,1.0,0.6877378995949751,1.0,0.0,1.0,0.0,[0.6877379 1.        0.        1.        0.       ],[5. 5. 2. 2. 2.],0.0,True,2021.10.06.08.16.17_veh-52_00612_00782,1,1633508988.200479,365141.9879976932,144119.4476513366,365140.9170337616,144130.21302967193,3108d12aec681dcb0
1.0,0.0,0.0,1.0,1.0,1.0,0.0,1.0,0.0,[1. 1. 0. 1. 0.],[5. 5. 2. 2. 2.],0.0,True,2021.09.16.19.12.04_veh-42_01438_01677,1,1631821420.5000958,587641.5254097171,4475968.078018869,587619.1345911443,4475944.356750431,aaf7a6f6d13220a76
1.0,0.0,0.0,1.0,1.0,1.0,0.0,1.0,0.0,[1. 1. 0. 1. 0.],[5. 5. 2. 2. 2.],0.0,True,2021.09.16.14.39.34_veh-42_00297_00935,1,1631803544.199785,588719.2156188604,4475435.775908361,588740.1461730435,4475411.372091538,7a163daf930e48637
1.0,0.0,1.0,1.0,1.0,1.0,0.0,1.0,0.0,[1. 1. 0. 1. 0.],[5. 5. 2. 2. 2.],0.0,True,2021.10.06.07.26.10_veh-52_01245_02064,1,1633506836.700073,364932.3980415779,143506.18448825314,364918.53862796776,143489.00483737557,ddad060b5ec9428e3
1.0,1.0,0.0,1.0,1.0,1.0,0.0,1.0,0.0,[1. 1. 0. 1. 0.],[5. 5. 2. 2. 2.],0.0,True,2021.09.16.14.39.34_veh-42_00032_00186,1,1631803264.699554,589115.7707219127,4474582.938624756,589100.504484109,4474617.384509991,1b82ae87e58cbab28
0.5,0.0,1.0,1.0,1.0,0.0,0.0,1.0,0.0,[1. 0. 0. 1. 0.],[5. 5. 2. 2. 2.],0.0,True,2021.06.28.16.29.11_veh-38_03263_03766,1,1624901549.800334,664176.5803300261,3997400.2169984994,664177.6544316589,3997412.5544650573,941e498bd0dfbd991
1.0,1.0,1.0,1.0,0.9005016080852253,1.0,0.0,1.0,1.0,[0.90050161 1.         0.         1.         0.        ],[5. 5. 2. 2. 2.],0.8216077171732946,True,2021.09.16.14.39.34_veh-42_00297_00935,1,1631803913.199848,587676.6592977096,4475741.427873358,587679.0726249802,4475754.9035773305,7e61c66c138daab84
0.0,1.0,1.0,1.0,1.0,0.0,1.0,1.0,0.0,[1. 0. 1. 1. 0.],[5. 5. 2. 2. 2.],0.0,True,2021.06.03.13.55.17_veh-35_02866_03582,1,1622745883.10147,664191.5468826664,3997420.8650379935,664217.0042073133,3997419.2333383695,96539cf10e3cf92af
0.0,1.0,1.0,1.0,1.0,0.0,1.0,1.0,0.0,[1. 0. 1. 1. 0.],[5. 5. 2. 2. 2.],0.0,True,2021.05.25.15.59.03_veh-30_04027_04200,1,1621976895.599787,664246.9661410855,3996284.9663910996,664268.0983832595,3996285.272988946,96e86e9c0ae1056bf
1.0,1.0,1.0,1.0,0.08280996202743975,1.0,1.0,1.0,1.0,[0.08280996 1.         1.         1.         0.        ],[5. 5. 2. 2. 2.],0.6724321292955142,True,2021.09.16.21.13.37_veh-42_00172_00347,1,1631827121.200512,588624.7100082143,4475727.516322549,588624.6864177246,4475726.892920656,c72e69f316e2cb580
0.5,0.0,0.5,1.0,0.860771592366534,1.0,0.0,1.0,0.0,[0.86077159 1.         0.         1.         0.        ],[5. 5. 2. 2. 2.],0.0,True,2021.09.16.19.49.00_veh-42_00990_01609,1,1631823104.999981,587635.4116682999,4475959.220699844,587623.6718657094,4475952.083784194,6d7d0467feb2787ea
1.0,1.0,1.0,1.0,0.7570138764164333,1.0,1.0,1.0,1.0,[0.75701388 1.         1.         1.         0.        ],[5. 5. 2. 2. 2.],0.9132192415772976,True,2021.10.06.08.16.17_veh-52_00612_00782,1,1633508987.700743,365147.5560257641,144105.06685298035,365140.23175583885,144126.8874956083,5eeb6bb55001c1fc4
0.0,1.0,1.0,1.0,1.0,0.0,0.0,1.0,0.0,[1. 0. 0. 1. 0.],[5. 5. 2. 2. 2.],0.0,True,2021.09.29.14.44.26_veh-28_00528_00992,1,1632927479.2998168,331270.6638398335,4691025.903830818,331264.0604447806,4691031.042503686,1f7d87b846306d4ed
1.0,0.0,1.0,1.0,0.8353714819806192,1.0,1.0,1.0,0.0,[0.83537148 1.         1.         1.         0.        ],[5. 5. 2. 2. 2.],0.0,True,2021.10.06.07.26.10_veh-52_02208_02394,1,1633507608.199764,365049.9066504355,143928.62628361728,365051.14174744295,143937.86601649362,146060978cf746557
1.0,1.0,1.0,1.0,0.903069996579704,1.0,0.0,1.0,1.0,[0.90307 1.      0.      1.      0.     ],[5. 5. 2. 2. 2.],0.8225249987784657,True,2021.10.06.08.16.17_veh-52_01949_02501,1,1633510204.700271,365597.11332952307,143266.86188619357,365590.9729746042,143274.58771148894,4a99f83b526b20ecf
1.0,0.0,1.0,1.0,1.0,1.0,0.0,1.0,0.0,[1. 1. 0. 1. 0.],[5. 5. 2. 2. 2.],0.0,True,2021.10.06.07.26.10_veh-52_01245_02064,1,1633506836.199858,364914.55344948743,143485.5220465801,364915.0927956699,143474.0865191382,a481ac0055adbf0c2
1.0,1.0,0.5,1.0,1.0,1.0,1.0,1.0,0.5,[1. 1. 1. 1. 0.],[5. 5. 2. 2. 2.],0.5,True,2021.09.16.19.27.01_veh-45_01749_03230,1,1631822496.5005078,587556.9963004595,4475807.2601126935,587544.3961878971,4475820.387953221,8567f7439d7a4586e
1.0,1.0,1.0,1.0,0.698040712850296,1.0,1.0,1.0,1.0,[0.69804071 1.         1.         1.         0.        ],[5. 5. 2. 2. 2.],0.8921573974465343,True,2021.08.30.13.45.25_veh-40_01116_01336,1,1630332372.5004869,331329.099435934,4690987.237466176,331320.0847387135,4690993.268936851,b1914ef64d65f8786
1.0,0.0,0.0,1.0,1.0,1.0,0.0,1.0,0.0,[1. 1. 0. 1. 0.],[5. 5. 2. 2. 2.],0.0,True,2021.09.16.13.53.10_veh-42_00180_00342,1,1631800761.3994029,589020.9068771156,4474727.383433418,589026.1145332191,4474696.424139996,25c21cb66208cb6c6
0.5,0.0,0.5,1.0,1.0,0.0,1.0,1.0,0.0,[1. 0. 1. 1. 0.],[5. 5. 2. 2. 2.],0.0,True,2021.05.25.14.16.10_veh-35_01100_01664,1,1621967929.500474,664201.8611717143,3997417.200534085,664214.0273488538,3997419.138566566,0a8cbe192f3d3dfba
0.0,1.0,1.0,1.0,1.0,0.0,1.0,1.0,0.0,[1. 0. 1. 1. 0.],[5. 5. 2. 2. 2.],0.0,True,2021.09.16.19.27.01_veh-45_01749_03230,1,1631822496.5005078,587545.8708301169,4475813.458060981,587543.8874084754,4475821.242466593,0a61ab78c3fb6fbe9
1.0,1.0,1.0,1.0,0.6053482726372577,1.0,1.0,1.0,1.0,[0.60534827 1.         1.         1.         0.        ],[5. 5. 2. 2. 2.],0.8590529545133064,True,2021.09.29.19.02.14_veh-28_02911_03005,1,1632945162.29987,331573.68923909887,4689337.338275688,331582.4724853818,4689333.761984227,5a6f69ea54c00b6d2
1.0,1.0,1.0,1.0,0.6362002741476817,1.0,1.0,1.0,1.0,[0.63620027 1.         1.         1.         0.        ],[5. 5. 2. 2. 2.],0.8700715264813148,True,2021.09.29.19.02.14_veh-28_02911_03005,1,1632945162.29987,331569.98164041043,4689339.419630126,331579.90225486807,4689334.702326402,c909e005442d28a9c
1.0,1.0,1.0,1.0,0.8594701205491098,1.0,1.0,1.0,1.0,[0.85947012 1.         1.         1.         0.        ],[5. 5. 2. 2. 2.],0.9498107573389678,True,2021.09.16.13.53.10_veh-42_00180_00342,1,1631800761.3994029,589023.1722412948,4474731.552198697,589027.8749853082,4474698.709237598,a9b1d16817d446b6e
1.0,1.0,0.5,1.0,0.9507058863347044,1.0,0.0,1.0,0.5,[0.95070589 1.         0.         1.         0.        ],[5. 5. 2. 2. 2.],0.4197689082740544,True,2021.09.16.13.53.10_veh-42_00180_00342,1,1631800700.400107,589205.660422556,4474363.169978737,589219.629062434,4474324.973213707,816c667298ca2d859
0.0,1.0,1.0,1.0,1.0,0.0,0.0,0.0,0.0,[1. 0. 0. 0. 0.],[5. 5. 2. 2. 2.],0.0,True,2021.09.29.18.19.40_veh-28_00844_01218,1,1632940665.099565,330896.4521126177,4691111.30579091,330877.0292787452,4691090.47602071,8cc221e21b07d66db
0.0,1.0,1.0,1.0,1.0,0.0,1.0,1.0,0.0,[1. 0. 1. 1. 0.],[5. 5. 2. 2. 2.],0.0,True,2021.06.03.13.55.17_veh-35_02866_03582,1,1622745883.10147,664184.8292677313,3997420.641859801,664213.6861731921,3997419.7646799553,a3b3172d137c4851c
0.5,0.0,0.5,1.0,1.0,0.0,1.0,1.0,0.0,[1. 0. 1. 1. 0.],[5. 5. 2. 2. 2.],0.0,True,2021.06.03.13.55.17_veh-35_02866_03582,1,1622745882.601212,664207.1068871715,3997414.5783294477,664222.7530260404,3997414.3565635565,406c46b5527457915
1.0,1.0,1.0,1.0,0.42292882082737543,1.0,1.0,1.0,1.0,[0.42292882 1.         1.         1.         0.        ],[5. 5. 2. 2. 2.],0.7939031502954912,True,2021.10.06.07.26.10_veh-52_02208_02394,1,1633507607.699837,365051.4676441521,143928.642470803,365051.38237700786,143934.30339693004,325c79bfe38fe6e9a
1.0,0.0,1.0,1.0,0.7738965159621701,1.0,0.0,1.0,0.0,[0.77389652 1.         0.         1.         0.        ],[5. 5. 2. 2. 2.],0.0,True,2021.10.06.08.16.17_veh-52_01949_02501,1,1633510205.200445,365598.95453907055,143245.19745903517,365598.07558586897,143265.07686650797,f6a13add7d93584e0
1.0,1.0,1.0,1.0,0.39680510550676085,1.0,1.0,1.0,1.0,[0.39680511 1.         1.         1.         0.        ],[5. 5. 2. 2. 2.],0.7845732519667002,True,2021.09.16.19.12.04_veh-42_01438_01677,1,1631821421.000002,587611.4373796997,4475934.104875708,587607.1771741083,4475933.523371643,0dd2f5f325ca3c02e
1.0,1.0,1.0,1.0,0.7489793969431598,1.0,1.0,1.0,1.0,[0.7489794 1.        1.        1.        0.       ],[5. 5. 2. 2. 2.],0.9103497846225571,True,2021.10.06.07.26.10_veh-52_00006_00398,1,1633505525.199602,365169.95064916625,143373.1592409408,365144.41338667873,143384.901628573,7dd7378a3a19d8a0e
0.0,0.0,0.5,1.0,1.0,0.0,1.0,1.0,0.0,[1. 0. 1. 1. 0.],[5. 5. 2. 2. 2.],0.0,True,2021.06.03.13.55.17_veh-35_02866_03582,1,1622745882.601212,664189.0331281791,3997428.1358671705,664216.7631643213,3997418.614050376,81a0fd8a5f248a253
1.0,1.0,1.0,1.0,0.7477316623086502,1.0,1.0,1.0,1.0,[0.74773166 1.         1.         1.         0.        ],[5. 5. 2. 2. 2.],0.9099041651102322,True,2021.09.16.15.12.03_veh-42_01037_01434,1,1631806653.4996688,588073.9045038128,4475743.530764394,588050.9055854465,4475725.287072278,0bb05e9c2e6296330
1.0,1.0,1.0,1.0,1.0,1.0,0.0,1.0,1.0,[1. 1. 0. 1. 0.],[5. 5. 2. 2. 2.],0.8571428571428571,True,2021.08.30.13.45.25_veh-40_01116_01336,1,1630332372.5004869,331362.31499393546,4690961.231732894,331333.67953941255,4690982.877950239,346c72dba6f32d44c
1.0,0.0,1.0,1.0,0.7084002042359054,1.0,1.0,1.0,0.0,[0.7084002 1.        1.        1.        0.       ],[5. 5. 2. 2. 2.],0.0,True,2021.10.06.08.16.17_veh-52_00612_00782,1,1633508987.700743,365146.51627369266,144105.8375155187,365139.9487677823,144126.09212650242,8f669c4ed49b0595f
1.0,0.0,0.5,1.0,0.5392465221871026,1.0,1.0,1.0,0.0,[0.53924652 1.         1.         1.         0.        ],[5. 5. 2. 2. 2.],0.0,True,2021.10.06.08.16.17_veh-52_01949_02501,1,1633510639.69981,364947.17143912695,143343.06183069493,364944.1025302698,143327.8607879097,e52b7d36af99f123d
1.0,1.0,1.0,1.0,0.0,1.0,1.0,1.0,1.0,[0. 1. 1. 1. 0.],[5. 5. 2. 2. 2.],0.6428571428571429,True,2021.09.29.14.44.26_veh-28_01331_01485,1,1632928173.2996988,332284.19751397305,4690376.473224898,332284.1944946191,4690376.476255544,02a66384ce22f1be6
1.0,0.0,1.0,1.0,1.0,1.0,1.0,1.0,0.0,[1. 1. 1. 1. 0.],[5. 5. 2. 2. 2.],0.0,True,2021.10.06.08.16.17_veh-52_00612_00782,1,1633508988.200479,365149.6377378946,144099.96690234487,365139.33662641473,144122.49759038514,4cf1e96869318f4da
1.0,0.0,1.0,1.0,1.0,1.0,0.0,1.0,0.0,[1. 1. 0. 1. 0.],[5. 5. 2. 2. 2.],0.0,True,2021.10.06.07.26.10_veh-52_01245_02064,1,1633506836.199858,364927.063294853,143500.83677825631,364915.83268174203,143482.89060758753,f822b7fedd599ccea
1.0,1.0,1.0,1.0,0.7486740430992792,1.0,0.0,1.0,1.0,[0.74867404 1.         0.         1.         0.        ],[5. 5. 2. 2. 2.],0.7673835868211711,True,2021.10.06.07.26.10_veh-52_02208_02394,1,1633507608.199764,365060.9568026032,143888.52665674454,365052.5750041163,143916.531283059,1e6bc8862dcc8e9e0
0.0,0.0,1.0,1.0,1.0,0.0,0.0,1.0,0.0,[1. 0. 0. 1. 0.],[5. 5. 2. 2. 2.],0.0,True,2021.09.16.17.40.09_veh-45_02539_02745,1,1631816747.900116,587715.367367888,4475779.943314633,587707.2402986285,4475771.449307276,ad352a19a340fd99b
1.0,0.0,1.0,1.0,0.8307925585950732,1.0,0.0,1.0,0.0,[0.83079256 1.         0.         1.         0.        ],[5. 5. 2. 2. 2.],0.0,True,2021.09.16.14.39.34_veh-42_00297_00935,1,1631803544.199785,588719.8985695401,4475433.165631595,588740.1468180029,4475408.141208641,fe2856fd4df6ee473
1.0,1.0,1.0,1.0,1.0,1.0,0.0,1.0,1.0,[1. 1. 0. 1. 0.],[5. 5. 2. 2. 2.],0.8571428571428571,True,2021.10.06.07.26.10_veh-52_00006_00398,1,1633505524.699735,365146.98903008417,143383.758986023,365130.7380837066,143391.7373705653,c398b0b20ab17435c
0.0,0.0,1.0,1.0,0.8493293459509417,0.0,0.0,1.0,0.0,[0.84932935 0.         0.         1.         0.        ],[5. 5. 2. 2. 2.],0.0,True,2021.08.30.13.45.25_veh-40_01116_01336,1,1630332372.0005639,331346.2434748078,4690971.110803639,331327.23237741936,4690987.632682361,c9eccd69e416f78ae
1.0,1.0,1.0,1.0,0.5180008122812779,1.0,0.0,1.0,1.0,[0.51800081 1.         0.         1.         0.        ],[5. 5. 2. 2. 2.],0.6850002901004564,True,2021.10.06.08.16.17_veh-52_01949_02501,1,1633510205.200445,365598.85517973837,143264.17704800682,365594.23696552205,143269.84734074507,a8591c7d6a4f149f2
1.0,0.0,1.0,1.0,0.9239738485403711,1.0,1.0,1.0,0.0,[0.92397385 1.         1.         1.         0.        ],[5. 5. 2. 2. 2.],0.0,True,2021.08.16.14.23.37_veh-45_00015_00132,1,1629124038.500187,588968.043163811,4474861.329365182,588980.6995335224,4474826.207697257,52cc30d63f3ee962c
1.0,1.0,1.0,1.0,0.7839867052336548,1.0,0.0,1.0,1.0,[0.78398671 1.         0.         1.         0.        ],[5. 5. 2. 2. 2.],0.7799952518691624,True,2021.08.30.13.45.25_veh-40_01116_01336,1,1630332372.5004869,331348.04459468543,4690971.0639141435,331330.4854896159,4690985.764541952,b19a34b568608122f
1.0,1.0,1.0,1.0,1.0,1.0,1.0,1.0,1.0,[1. 1. 1. 1. 0.],[5. 5. 2. 2. 2.],1.0,True,2021.09.16.14.39.34_veh-42_00297_00935,1,1631803543.699842,588701.03993846,4475453.487693473,588736.1017496126,4475413.619478316,8081e2cd26d042444
1.0,1.0,1.0,1.0,0.7236199600909959,1.0,0.0,1.0,1.0,[0.72361996 1.         0.         1.         0.        ],[5. 5. 2. 2. 2.],0.7584357000324985,True,2021.10.06.07.26.10_veh-52_00772_00917,1,1633506041.20016,365740.0672672375,143944.03770506644,365732.09892445075,143943.22286683402,99c29f3c8b69eab4e
1.0,0.0,1.0,1.0,0.7593903422010074,1.0,1.0,1.0,0.0,[0.75939034 1.         1.         1.         0.        ],[5. 5. 2. 2. 2.],0.0,True,2021.10.06.08.16.17_veh-52_01949_02501,1,1633510639.69981,364941.4317225863,143326.02182337543,364950.482459765,143322.71734808723,111982efc7ab59a6d
1.0,1.0,0.0,1.0,1.0,1.0,0.0,1.0,0.0,[1. 1. 0. 1. 0.],[5. 5. 2. 2. 2.],0.0,True,2021.09.16.14.39.34_veh-42_00297_00935,1,1631803544.199785,588713.4960576358,4475437.013762576,588738.6231206892,4475408.694859512,68d8bd51d02182ea6
1.0,0.0,0.0,1.0,1.0,1.0,0.0,1.0,0.0,[1. 1. 0. 1. 0.],[5. 5. 2. 2. 2.],0.0,True,2021.09.16.14.39.34_veh-42_00297_00935,1,1631803543.699842,588720.1348607279,4475434.5312871225,588742.7377775342,4475407.943764221,060c2eff47b49d915
1.0,0.0,1.0,1.0,1.0,1.0,0.0,1.0,0.0,[1. 1. 0. 1. 0.],[5. 5. 2. 2. 2.],0.0,True,2021.10.06.07.26.10_veh-52_01245_02064,1,1633506836.700073,364925.6520987668,143492.77562612784,364914.8326667108,143482.50410193976,873e0ddcc4fdfae2e
1.0,0.0,0.5,1.0,0.39580317601090426,1.0,1.0,1.0,0.0,[0.39580318 1.         1.         1.         0.        ],[5. 5. 2. 2. 2.],0.0,True,2021.09.16.19.12.04_veh-42_01438_01677,1,1631821420.5000958,587620.5571908504,4475934.7484361995,587610.1222460911,4475934.662590595,95285e276d73120c3
1.0,0.0,1.0,1.0,1.0,1.0,1.0,1.0,0.0,[1. 1. 1. 1. 0.],[5. 5. 2. 2. 2.],0.0,True,2021.09.16.19.27.01_veh-45_01749_03230,1,1631823104.4999778,587808.6810059524,4475848.277536776,587810.0723985261,4475847.102632953,2730c2af7fa40d559
1.0,1.0,1.0,1.0,0.4960448247377707,1.0,1.0,1.0,1.0,[0.49604482 1.         1.         1.         0.        ],[5. 5. 2. 2. 2.],0.8200160088349181,True,2021.09.29.19.02.14_veh-28_02911_03005,1,1632945161.7997289,331575.4897106541,4689336.520902526,331582.2864623239,4689333.886051493,bc730296c22859127
1.0,1.0,1.0,1.0,1.0,1.0,0.0,1.0,1.0,[1. 1. 0. 1. 0.],[5. 5. 2. 2. 2.],0.8571428571428571,True,2021.05.25.14.16.10_veh-35_01100_01664,1,1621967930.000476,664207.1985758356,3997420.85334527,664215.981588116,3997419.278891232,c864abb5afff1f7f4
1.0,1.0,1.0,1.0,1.0,1.0,0.0,1.0,1.0,[1. 1. 0. 1. 0.],[5. 5. 2. 2. 2.],0.8571428571428571,True,2021.06.28.16.29.11_veh-38_03263_03766,1,1624901549.800334,664169.8706306941,3997388.4747502184,664173.4558853189,3997407.481632337,89184cd5e26fb9bde
0.5,0.0,1.0,1.0,1.0,0.0,1.0,1.0,0.0,[1. 0. 1. 1. 0.],[5. 5. 2. 2. 2.],0.0,True,2021.10.06.07.26.10_veh-52_01245_02064,1,1633507109.20047,365210.61997642956,143678.26402782518,365221.0872562468,143691.53706024328,9add3630e04fe7c41
1.0,1.0,1.0,1.0,0.3244653521048511,1.0,1.0,1.0,1.0,[0.32446535 1.         1.         1.         0.        ],[5. 5. 2. 2. 2.],0.7587376257517325,True,2021.09.16.19.12.04_veh-42_01438_01677,1,1631821420.5000958,587610.6500185189,4475933.982837239,587607.1917194217,4475933.527383022,6a0e7c7b6a5967f37
1.0,1.0,1.0,1.0,1.0,1.0,1.0,1.0,1.0,[1. 1. 1. 1. 0.],[5. 5. 2. 2. 2.],1.0,True,2021.08.30.16.16.44_veh-40_01099_01351,1,1630341465.000279,331663.9412878032,4690764.273056738,331658.8486961926,4690774.638096299,9f713e2cd506e1fef
1.0,0.0,1.0,1.0,0.8730386050870242,1.0,1.0,1.0,0.0,[0.87303861 1.         1.         1.         0.        ],[5. 5. 2. 2. 2.],0.0,True,2021.10.06.08.16.17_veh-52_01949_02501,1,1633510640.1996188,364941.4701044155,143330.09768847915,364949.2112447213,143323.35448138823,c5e30f61f4d10eee2
1.0,1.0,1.0,1.0,0.6175386741636686,1.0,1.0,1.0,1.0,[0.61753867 1.         1.         1.         0.        ],[5. 5. 2. 2. 2.],0.8634066693441673,True,2021.09.16.19.27.01_veh-45_01749_03230,1,1631823104.999837,587797.4735925391,4475854.130058173,587805.2754009234,4475848.439730964,f3ce063b49364f5ba
1.0,1.0,1.0,1.0,0.7776273035596583,1.0,1.0,1.0,1.0,[0.7776273 1.        1.        1.        0.       ],[5. 5. 2. 2. 2.],0.920581179842735,True,2021.10.06.07.26.10_veh-52_01245_02064,1,1633506836.700073,364916.24009582977,143481.22988519218,364916.06149737816,143472.56627764096,226f8f3910e177d34
1.0,1.0,0.0,1.0,1.0,1.0,0.0,1.0,0.0,[1. 1. 0. 1. 0.],[5. 5. 2. 2. 2.],0.0,True,2021.09.16.14.39.34_veh-42_00032_00186,1,1631803264.19991,589114.5825466145,4474587.729351674,589099.0844303982,4474621.905924947,bc91b5b7dc430b04d
1.0,1.0,1.0,1.0,1.0,1.0,0.0,1.0,1.0,[1. 1. 0. 1. 0.],[5. 5. 2. 2. 2.],0.8571428571428571,True,2021.09.16.14.39.34_veh-42_00297_00935,1,1631803544.199785,588699.2928093413,4475454.686835199,588732.709854061,4475416.433087241,c379f5f53ec8ac236
1.0,1.0,1.0,1.0,1.0,1.0,0.0,1.0,1.0,[1. 1. 0. 1. 0.],[5. 5. 2. 2. 2.],0.8571428571428571,True,2021.09.16.14.39.34_veh-42_00032_00186,1,1631803264.699554,589118.4289982883,4474574.919255873,589101.3809646245,4474614.124021758,939c99b6da1e786f5
1.0,1.0,1.0,1.0,1.0,1.0,1.0,1.0,1.0,[1. 1. 1. 1. 0.],[5. 5. 2. 2. 2.],1.0,True,2021.10.06.07.26.10_veh-52_02208_02394,1,1633507608.199764,365049.9782648476,143932.7673006327,365049.98942920374,143932.81831073517,f12a7ee18a123034b
1.0,1.0,0.5,1.0,1.0,1.0,0.0,1.0,0.5,[1. 1. 0. 1. 0.],[5. 5. 2. 2. 2.],0.42857142857142855,True,2021.09.16.19.27.01_veh-45_01749_03230,1,1631823104.4999778,587788.602263279,4475857.395461675,587803.1846882821,4475848.577692262,88685892fa01fcedf
1.0,1.0,1.0,1.0,1.0,1.0,1.0,1.0,1.0,[1. 1. 1. 1. 0.],[5. 5. 2. 2. 2.],1.0,True,2021.08.30.16.16.44_veh-40_01099_01351,1,1630341465.500301,331663.4599278248,4690764.136736323,331658.6215102511,4690772.959946105,008d19d3a7e53bd2f
1.0,0.0,1.0,1.0,0.7799904550983533,1.0,1.0,1.0,0.0,[0.77999046 1.         1.         1.         0.        ],[5. 5. 2. 2. 2.],0.0,True,2021.10.06.08.16.17_veh-52_00612_00782,1,1633508988.200479,365150.9198027319,144104.2225256172,365139.7735581697,144124.32267189233,284604b19e5b66780
0.0,1.0,1.0,1.0,1.0,0.0,1.0,1.0,0.0,[1. 0. 1. 1. 0.],[5. 5. 2. 2. 2.],0.0,True,2021.09.16.19.27.01_veh-45_00472_00711,1,1631821065.500315,588372.9438481671,4475981.07821396,588391.6527336439,4475995.569708829,29034e89288b15cef
0.0,1.0,0.0,1.0,1.0,0.0,0.0,1.0,0.0,[1. 0. 0. 1. 0.],[5. 5. 2. 2. 2.],0.0,True,2021.09.29.19.02.14_veh-28_02911_03005,1,1632945162.29987,331541.7670363783,4689361.6126467865,331568.81363850954,4689340.393638021,5922fad17f2f5e59f
1.0,1.0,1.0,1.0,0.9690248210135824,1.0,0.0,1.0,1.0,[0.96902482 1.         0.         1.         0.        ],[5. 5. 2. 2. 2.],0.8460802932191366,True,2021.09.16.14.39.34_veh-42_01609_01687,1,1631804862.699841,588952.2516420339,4474884.834714858,588940.127465565,4474925.690987379,81d22f948dc0fae75
1.0,1.0,1.0,1.0,0.8523235033831588,1.0,1.0,1.0,1.0,[0.8523235 1.        1.        1.        0.       ],[5. 5. 2. 2. 2.],0.9472583940654139,True,2021.09.16.15.12.03_veh-42_01037_01434,1,1631806653.999687,588077.0398789154,4475746.5678355405,588051.4832696544,4475726.371542145,39bdf934b35cb930d
1.0,0.0,1.0,1.0,1.0,1.0,0.0,1.0,0.0,[1. 1. 0. 1. 0.],[5. 5. 2. 2. 2.],0.0,True,2021.10.06.07.26.10_veh-52_01245_02064,1,1633506836.700073,364919.79470102646,143486.2314497358,364916.89789113955,143475.20072553764,322862242b452cccc
1.0,1.0,1.0,1.0,0.7266197932541059,1.0,0.0,1.0,1.0,[0.72661979 1.         0.         1.         0.        ],[5. 5. 2. 2. 2.],0.7595070690193235,True,2021.10.06.07.26.10_veh-52_00006_00398,1,1633505524.699735,365151.09535575187,143382.36742437776,365134.5537234235,143389.73948533484,34c0cbcc136c66c89
1.0,1.0,1.0,1.0,0.7980355359305569,1.0,0.0,1.0,1.0,[0.79803554 1.         0.         1.         0.        ],[5. 5. 2. 2. 2.],0.7850126914037704,True,2021.10.06.08.16.17_veh-52_01949_02501,1,1633510205.200445,365596.42952058767,143267.72623827067,365590.9537073915,143274.61361505787,697d22c3f19ab6820
1.0,1.0,1.0,1.0,0.3239599403163406,1.0,1.0,1.0,1.0,[0.32395994 1.         1.         1.         0.        ],[5. 5. 2. 2. 2.],0.7585571215415502,True,2021.10.06.07.26.10_veh-52_02208_02394,1,1633507607.699837,365051.00975816796,143924.57316483196,365050.70555149653,143930.30008364993,fb069de5c1aacc9f5
1.0,0.0,1.0,1.0,1.0,1.0,1.0,1.0,0.0,[1. 1. 1. 1. 0.],[5. 5. 2. 2. 2.],0.0,True,2021.08.30.16.16.44_veh-40_00256_00716,1,1630340553.499503,331067.23296417535,4690747.639861282,331080.06106511183,4690739.159370973,72e532553b9a9b88d
1.0,1.0,1.0,1.0,1.0,1.0,0.0,1.0,1.0,[1. 1. 0. 1. 0.],[5. 5. 2. 2. 2.],0.8571428571428571,True,2021.08.30.13.45.25_veh-40_01116_01336,1,1630332372.0005639,331357.7757227629,4690965.088054784,331330.1041675366,4690985.832607908,bfee1080de1fa0853
0.0,1.0,0.5,1.0,1.0,0.0,0.0,1.0,0.0,[1. 0. 0. 1. 0.],[5. 5. 2. 2. 2.],0.0,True,2021.09.16.19.27.01_veh-45_01749_03230,1,1631822496.000454,587546.3516602643,4475819.755025448,587545.496950468,4475825.977553865,e1c30e4d72a0c6a35
1.0,0.0,1.0,1.0,0.5232886238414409,1.0,0.0,1.0,0.0,[0.52328862 1.         0.         1.         0.        ],[5. 5. 2. 2. 2.],0.0,True,2021.09.16.14.39.34_veh-42_00297_00935,1,1631803543.699842,588732.0898338181,4475419.177412262,588744.2385006498,4475404.971047353,46cb7915dd2c8bddc
1.0,1.0,1.0,1.0,0.08200477547707859,1.0,1.0,1.0,1.0,[0.08200478 1.         1.         1.         0.        ],[5. 5. 2. 2. 2.],0.6721445626703851,True,2021.09.16.21.13.37_veh-42_00172_00347,1,1631827121.200512,588626.0422394791,4475725.78626465,588625.8521920784,4475725.029925727,8428b4ef1485fe533
1.0,0.0,1.0,1.0,0.9310277099626247,1.0,0.0,0.0,0.0,[0.93102771 1.         0.         0.         0.        ],[5. 5. 2. 2. 2.],0.0,True,2021.09.16.14.39.34_veh-42_00032_00186,1,1631803264.19991,589095.3242073442,4474626.1011414295,589091.9687816958,4474635.873823148,e4a4cf72a6a92f620
1.0,1.0,1.0,1.0,0.7235256940035978,1.0,0.0,1.0,1.0,[0.72352569 1.         0.         1.         0.        ],[5. 5. 2. 2. 2.],0.7584020335727135,True,2021.09.16.14.39.34_veh-42_00297_00935,1,1631803912.6996648,587674.4843388587,4475740.153259676,587678.5565469943,4475752.653060819,facc7bdf3ca0a7492
1.0,1.0,1.0,1.0,0.6215371153484816,1.0,0.0,1.0,1.0,[0.62153712 1.         0.         1.         0.        ],[5. 5. 2. 2. 2.],0.7219775411958863,True,2021.10.06.08.16.17_veh-52_00612_00782,1,1633508987.700743,365140.57981613814,144115.66606604186,365139.4518277022,144129.73564889948,731d0bae35b763cde
1.0,0.0,1.0,1.0,0.6425654464922428,1.0,0.0,1.0,0.0,[0.64256545 1.         0.         1.         0.        ],[5. 5. 2. 2. 2.],0.0,True,2021.09.16.15.12.03_veh-42_01037_01434,1,1631806653.4996688,588066.8683658134,4475737.438803935,588049.4196920791,4475724.151906718,f216d1ab22df1e533
0.0,0.0,1.0,1.0,0.5971915244075485,0.0,0.0,1.0,0.0,[0.59719152 0.         0.         1.         0.        ],[5. 5. 2. 2. 2.],0.0,True,2021.08.30.13.45.25_veh-40_01116_01336,1,1630332372.5004869,331339.36455865734,4690975.8794187335,331327.5938824632,4690986.98075577,308f14ec6e576e4d7
1.0,1.0,1.0,1.0,0.9561106592933342,1.0,1.0,1.0,1.0,[0.95611066 1.         1.         1.         0.        ],[5. 5. 2. 2. 2.],0.9843252354619051,True,2021.09.16.14.39.34_veh-42_01609_01687,1,1631804862.1998858,588950.5465128808,4474890.4052005885,588938.7326866679,4474930.668478335,69f612044609b63d1
1.0,1.0,1.0,1.0,0.49907761795505706,1.0,1.0,1.0,1.0,[0.49907762 1.         1.         1.         0.        ],[5. 5. 2. 2. 2.],0.8210991492696633,True,2021.09.16.19.12.04_veh-42_01438_01677,1,1631821420.5000958,587615.5875295027,4475930.62332214,587607.197039676,4475932.975608103,36ae44a98b7378f57
1.0,1.0,1.0,1.0,0.41230987391241347,1.0,0.0,1.0,1.0,[0.41230987 1.         0.         1.         0.        ],[5. 5. 2. 2. 2.],0.6472535263972905,True,2021.09.16.19.27.01_veh-45_01749_03230,1,1631822496.5005078,587543.0902686587,4475824.253016098,587544.805231819,4475827.4418955725,c85dd3e87ba3c50e0
1.0,1.0,1.0,1.0,0.02527435319157283,1.0,0.0,1.0,1.0,[0.02527435 1.         0.         1.         0.        ],[5. 5. 2. 2. 2.],0.509026554711276,True,2021.09.29.19.02.14_veh-28_00964_01689,1,1632943675.79978,330881.07699423656,4691074.5943847215,330881.09756993846,4691074.56306349,0cf895d7d61939eb3
1.0,1.0,1.0,1.0,1.0,1.0,1.0,1.0,1.0,[1. 1. 1. 1. 0.],[5. 5. 2. 2. 2.],1.0,True,2021.09.16.19.27.01_veh-45_00472_00711,1,1631821065.000145,588374.9799410964,4475982.650885493,588393.5515096872,4475996.8397160545,1b9be7126769fdb92
0.0,1.0,1.0,0.0,1.0,0.0,1.0,1.0,0.0,[1. 0. 1. 1. 0.],[5. 5. 2. 2. 2.],0.0,True,2021.09.29.14.44.26_veh-28_00528_00992,1,1632927478.7997549,331281.54466558277,4691019.406743801,331265.47370444686,4691029.878942431,0c9af5dd9b0259374
1.0,0.0,1.0,1.0,1.0,1.0,0.0,1.0,0.0,[1. 1. 0. 1. 0.],[5. 5. 2. 2. 2.],0.0,True,2021.09.29.14.44.26_veh-28_01331_01485,1,1632928173.2996988,332308.40483854787,4690356.955834969,332292.5653598496,4690371.337529452,0f71d78f15a2628a4
1.0,1.0,0.5,1.0,0.8189760142699659,1.0,1.0,1.0,0.5,[0.81897601 1.         1.         1.         0.        ],[5. 5. 2. 2. 2.],0.46767428826249396,True,2021.09.16.19.27.01_veh-45_01749_03230,1,1631822496.000454,587553.8555442804,4475805.180447745,587543.5589807632,4475817.760242936,c429ee2fbcaf012bc
0.0,0.0,1.0,1.0,1.0,0.0,1.0,1.0,0.0,[1. 0. 1. 1. 0.],[5. 5. 2. 2. 2.],0.0,True,2021.09.29.19.02.14_veh-28_00964_01689,1,1632943675.79978,330886.07082633156,4691098.402719416,330877.0185384222,4691080.097700537,89fdadaeadc80221e
1.0,1.0,1.0,1.0,0.625811719014184,1.0,1.0,1.0,1.0,[0.62581172 1.         1.         1.         0.        ],[5. 5. 2. 2. 2.],0.8663613282193514,True,2021.09.16.14.39.34_veh-42_00297_00935,1,1631803913.199848,587674.3818879217,4475739.102501621,587678.6066612736,4475751.573989362,3df43c406e596ada4
1.0,0.0,1.0,1.0,0.5018740613733551,1.0,0.0,1.0,0.0,[0.50187406 1.         0.         1.         0.        ],[5. 5. 2. 2. 2.],0.0,True,2021.08.16.14.23.37_veh-45_00015_00132,1,1629124037.999939,588981.6871735011,4474821.388250639,588985.6134199202,4474814.622873321,7964eadbdbfc7f2a6
0.0,1.0,1.0,0.0,1.0,0.0,1.0,1.0,0.0,[1. 0. 1. 1. 0.],[5. 5. 2. 2. 2.],0.0,True,2021.09.29.14.44.26_veh-28_00528_00992,1,1632927478.7997549,331287.13722443726,4691014.297016154,331265.83320184826,4691031.21812356,38a3f728f0878e6c6
1.0,1.0,1.0,1.0,1.0,1.0,0.0,1.0,1.0,[1. 1. 0. 1. 0.],[5. 5. 2. 2. 2.],0.8571428571428571,True,2021.06.28.16.29.11_veh-38_03263_03766,1,1624901550.3005528,664169.9193449895,3997391.2908849157,664173.5253842219,3997406.6375603634,f5e271bc6f92b1f61
0.0,1.0,1.0,1.0,1.0,0.0,1.0,1.0,0.0,[1. 0. 1. 1. 0.],[5. 5. 2. 2. 2.],0.0,True,2021.09.29.18.19.40_veh-28_00844_01218,1,1632940665.099565,330882.3047671669,4691098.981209025,330875.28084663406,4691084.71079662,fd482580f69491ce5
1.0,0.0,0.5,1.0,0.7475624091161988,1.0,0.0,1.0,0.0,[0.74756241 1.         0.         1.         0.        ],[5. 5. 2. 2. 2.],0.0,True,2021.09.16.14.39.34_veh-42_00297_00935,1,1631803543.699842,588742.4297487696,4475409.770680486,588747.767632341,4475401.964239548,9e31589f9ede4587e
1.0,1.0,1.0,1.0,0.6791693658611073,1.0,0.0,1.0,1.0,[0.67916937 1.         0.         1.         0.        ],[5. 5. 2. 2. 2.],0.7425604878075384,True,2021.10.06.07.26.10_veh-52_01245_02064,1,1633506836.700073,364928.6206838725,143502.04342686298,364918.4467399383,143486.81357000762,4bd3930751899054f
1.0,0.0,1.0,1.0,1.0,1.0,1.0,0.0,0.0,[1. 1. 1. 0. 0.],[5. 5. 2. 2. 2.],0.0,True,2021.08.30.16.16.44_veh-40_01099_01351,1,1630341465.000279,331662.06663081475,4690771.6421938855,331659.09001846815,4690780.028728241,d07109d7827c6eace
0.0,1.0,1.0,1.0,1.0,0.0,1.0,1.0,0.0,[1. 0. 1. 1. 0.],[5. 5. 2. 2. 2.],0.0,True,2021.05.25.14.16.10_veh-35_01100_01664,1,1621967930.000476,664195.3060468165,3997424.6004033075,664212.9741750725,3997421.29398102,530edf0e35aa025b6
1.0,0.0,1.0,1.0,0.877784366149906,1.0,0.0,1.0,0.0,[0.87778437 1.         0.         1.         0.        ],[5. 5. 2. 2. 2.],0.0,True,2021.10.06.07.26.10_veh-52_01245_02064,1,1633507108.700289,365218.7904672292,143694.61989754462,365227.81808362185,143692.33809517205,ece1be85754833649
1.0,1.0,1.0,1.0,0.5026841655341463,1.0,0.0,1.0,1.0,[0.50268417 1.         0.         1.         0.        ],[5. 5. 2. 2. 2.],0.679530059119338,True,2021.09.16.19.27.01_veh-45_01749_03230,1,1631822496.5005078,587541.1940657918,4475821.203006479,587542.8577157925,4475824.257765194,6c00c1447928881d7
1.0,0.0,0.5,1.0,0.4926418451860424,1.0,0.0,1.0,0.0,[0.49264185 1.         0.         1.         0.        ],[5. 5. 2. 2. 2.],0.0,True,2021.10.06.08.16.17_veh-52_01949_02501,1,1633510640.1996188,364948.8946920669,143344.0326471558,364943.4237938538,143329.52964306253,9941e5249d262210a
1.0,0.0,1.0,1.0,1.0,1.0,1.0,1.0,0.0,[1. 1. 1. 1. 0.],[5. 5. 2. 2. 2.],0.0,True,2021.08.30.16.16.44_veh-40_00256_00716,1,1630340552.999716,331067.62879538315,4690747.984990849,331081.2443692697,4690738.164992059,c73b72769d48ae4f5
1.0,0.0,1.0,1.0,1.0,1.0,0.0,1.0,0.0,[1. 1. 0. 1. 0.],[5. 5. 2. 2. 2.],0.0,True,2021.10.06.08.16.17_veh-52_00612_00782,1,1633508988.200479,365138.10789258685,144126.55200239978,365139.8058661732,144130.90561198798,fa38f3940f913e8fd
0.0,1.0,0.5,1.0,0.7186017982592839,0.0,0.0,1.0,0.0,[0.7186018 0.        0.        1.        0.       ],[5. 5. 2. 2. 2.],0.0,True,2021.09.16.21.13.37_veh-42_00172_00347,1,1631827121.700409,588612.1926243494,4475745.159351174,588623.3393536059,4475731.197584596,e07233c9901810349
1.0,0.0,1.0,1.0,0.774388299643042,1.0,0.0,1.0,0.0,[0.7743883 1.        0.        1.        0.       ],[5. 5. 2. 2. 2.],0.0,True,2021.09.29.14.44.26_veh-28_01331_01485,1,1632928173.799785,332304.56829788565,4690366.295093912,332290.0261841294,4690373.774945958,6f033e7af721547a9
1.0,1.0,1.0,1.0,0.8545033351826083,1.0,1.0,1.0,1.0,[0.85450334 1.         1.         1.         0.        ],[5. 5. 2. 2. 2.],0.9480369054223602,True,2021.09.16.13.53.10_veh-42_00180_00342,1,1631800761.899509,589022.4655903737,4474734.694040914,589027.4534492168,4474702.452024317,2e14fecb99657b5f6
1.0,0.0,1.0,1.0,1.0,1.0,0.0,1.0,0.0,[1. 1. 0. 1. 0.],[5. 5. 2. 2. 2.],0.0,True,2021.10.06.07.26.10_veh-52_01245_02064,1,1633506836.199858,364931.6804644833,143505.09133996637,364917.62895516155,143486.6959070635,271b906800ea0cf57
1.0,1.0,1.0,1.0,0.8733295490309334,1.0,0.0,1.0,1.0,[0.87332955 1.         0.         1.         0.        ],[5. 5. 2. 2. 2.],0.8119034103681905,True,2021.09.16.14.39.34_veh-42_00297_00935,1,1631803913.199848,587659.9756006,4475722.355412021,587678.1597908883,4475746.821705974,4366160abaeabb363
1.0,1.0,1.0,1.0,0.8235098412503448,1.0,0.0,1.0,1.0,[0.82350984 1.         0.         1.         0.        ],[5. 5. 2. 2. 2.],0.7941106575894088,True,2021.09.16.14.39.34_veh-42_00297_00935,1,1631803913.199848,587668.8687665442,4475733.655727485,587678.5541167677,4475751.259551308,0b23cba96b245dcbe
0.0,1.0,1.0,1.0,1.0,0.0,0.0,1.0,0.0,[1. 0. 0. 1. 0.],[5. 5. 2. 2. 2.],0.0,True,2021.05.25.15.59.03_veh-30_04027_04200,1,1621976895.599787,664259.9013259963,3996287.144898647,664271.4725943191,3996285.6156264935,a5fd097616c7708db
1.0,1.0,1.0,1.0,0.7106333505097847,1.0,1.0,1.0,1.0,[0.71063335 1.         1.         1.         0.        ],[5. 5. 2. 2. 2.],0.8966547680392088,True,2021.09.16.19.27.01_veh-45_01749_03230,1,1631823104.999837,587800.6853874277,4475852.093077028,587808.391213747,4475847.543216178,61d3d79e3e01157d9
1.0,0.0,1.0,1.0,1.0,1.0,0.0,1.0,0.0,[1. 1. 0. 1. 0.],[5. 5. 2. 2. 2.],0.0,True,2021.10.06.07.26.10_veh-52_01245_02064,1,1633507108.700289,365216.3804418596,143687.519962592,365226.7838833134,143691.57653983904,7ce8dbee04817c7de
0.0,1.0,1.0,1.0,1.0,0.0,1.0,1.0,0.0,[1. 0. 1. 1. 0.],[5. 5. 2. 2. 2.],0.0,True,2021.09.29.19.02.14_veh-28_00964_01689,1,1632943675.79978,330884.4075538833,4691098.334557185,330876.7127517456,4691082.228408924,7128f87176a382be0
0.0,1.0,0.5,1.0,1.0,0.0,0.0,1.0,0.0,[1. 0. 0. 1. 0.],[5. 5. 2. 2. 2.],0.0,True,2021.09.16.17.40.09_veh-45_02539_02745,1,1631816747.900116,587711.2874488937,4475783.794604368,587704.71679021,4475773.9409165485,f44e7838ec7d4f843
1.0,1.0,1.0,1.0,0.02616739045149289,1.0,1.0,1.0,1.0,[0.02616739 1.         1.         1.         0.        ],[5. 5. 2. 2. 2.],0.6522026394469618,True,2021.09.29.14.44.26_veh-28_00528_00992,1,1632927479.2998168,331257.6945132112,4691037.272046255,331257.6488735728,4691037.296364031,ec511fbf17452272b
1.0,1.0,0.0,1.0,1.0,1.0,0.0,1.0,0.0,[1. 1. 0. 1. 0.],[5. 5. 2. 2. 2.],0.0,True,2021.09.16.14.39.34_veh-42_00297_00935,1,1631803913.199848,587663.1359477439,4475724.580296916,587678.8635811503,4475745.919358116,59b413d34d6d4b46a
1.0,1.0,1.0,1.0,0.9678550266225702,1.0,0.0,1.0,1.0,[0.96785503 1.         0.         1.         0.        ],[5. 5. 2. 2. 2.],0.8456625095080608,True,2021.09.16.14.39.34_veh-42_00032_00186,1,1631803264.19991,589114.0820910076,4474585.979906019,589098.3846715024,4474620.716560993,e717e9e58fcb1f253
1.0,0.0,0.0,1.0,1.0,1.0,0.0,1.0,0.0,[1. 1. 0. 1. 0.],[5. 5. 2. 2. 2.],0.0,True,2021.09.16.19.49.00_veh-42_00990_01609,1,1631823105.4999719,587630.8714305863,4475961.610780848,587621.3832500111,4475950.8483487,56528b515c3eb4ed5
1.0,0.0,1.0,1.0,1.0,1.0,1.0,1.0,0.0,[1. 1. 1. 1. 0.],[5. 5. 2. 2. 2.],0.0,True,2021.09.29.14.44.26_veh-28_00528_00992,1,1632927479.2998168,331266.75145764643,4691031.477485095,331255.2572862482,4691038.476087134,b3648e983488baa4f
1.0,1.0,1.0,1.0,0.8833262616295228,1.0,1.0,1.0,1.0,[0.88332626 1.         1.         1.         0.        ],[5. 5. 2. 2. 2.],0.9583308077248296,True,2021.09.16.19.27.01_veh-45_01749_03230,1,1631822496.5005078,587550.8155443432,4475807.5152434455,587544.6824292876,4475817.965560838,1aaa4996c12e817a7
1.0,0.0,0.0,1.0,1.0,1.0,0.0,1.0,0.0,[1. 1. 0. 1. 0.],[5. 5. 2. 2. 2.],0.0,True,2021.09.16.19.12.04_veh-42_01438_01677,1,1631821421.000002,587648.4855078169,4475962.394500426,587618.6114209606,4475947.5902390005,9d5d767fac644cae7
0.5,0.0,1.0,1.0,1.0,0.0,1.0,1.0,0.0,[1. 0. 1. 1. 0.],[5. 5. 2. 2. 2.],0.0,True,2021.10.06.07.26.10_veh-52_01245_02064,1,1633507108.700289,365212.47454137163,143682.86841509095,365222.30778851965,143692.0431851568,319a6165fd328e03e
1.0,0.0,0.0,1.0,1.0,1.0,0.0,1.0,0.0,[1. 1. 0. 1. 0.],[5. 5. 2. 2. 2.],0.0,True,2021.09.16.19.49.00_veh-42_00990_01609,1,1631823105.4999719,587643.8576363052,4475952.101655473,587626.6438124087,4475955.461505931,885154f1032e04177
0.0,1.0,1.0,1.0,1.0,0.0,0.0,1.0,0.0,[1. 0. 0. 1. 0.],[5. 5. 2. 2. 2.],0.0,True,2021.08.30.13.45.25_veh-40_01116_01336,1,1630332372.5004869,331367.19368236815,4690959.297582171,331335.9419485383,4690982.299017299,6947b69561a94404d
1.0,0.0,0.0,1.0,0.9267969609108025,1.0,0.0,1.0,0.0,[0.92679696 1.         0.         1.         0.        ],[5. 5. 2. 2. 2.],0.0,True,2021.08.16.14.23.37_veh-45_00015_00132,1,1629124037.999939,588967.9306988074,4474822.162468106,588984.572703502,4474816.888635406,a53b204e1934058ab
1.0,1.0,1.0,1.0,0.8861874878469723,1.0,1.0,1.0,1.0,[0.88618749 1.         1.         1.         0.        ],[5. 5. 2. 2. 2.],0.9593526742310615,True,2021.08.30.13.45.25_veh-40_01116_01336,1,1630332372.0005639,331350.73196097085,4690972.490665539,331328.8998522353,4690987.807622958,f65b972c0bb906291
1.0,0.0,1.0,1.0,0.7453684855598609,1.0,0.0,1.0,0.0,[0.74536849 1.         0.         1.         0.        ],[5. 5. 2. 2. 2.],0.0,True,2021.08.30.13.45.25_veh-40_01116_01336,1,1630332372.0005639,331344.5943822799,4690973.335262232,331327.8334881161,4690988.054918738,a2b81e8e944dc724f
1.0,1.0,1.0,1.0,0.4133957495336548,1.0,0.0,1.0,1.0,[0.41339575 1.         0.         1.         0.        ],[5. 5. 2. 2. 2.],0.6476413391191624,True,2021.09.16.19.27.01_veh-45_01749_03230,1,1631822496.000454,587542.3463737014,4475822.481845837,587543.7124234432,4475824.597538891,11e2abc76462d36f9
1.0,1.0,1.0,1.0,1.0,1.0,1.0,1.0,1.0,[1. 1. 1. 1. 0.],[5. 5. 2. 2. 2.],1.0,True,2021.08.30.16.16.44_veh-40_01099_01351,1,1630341465.500301,331658.95374441176,4690777.454352602,331658.95284896094,4690777.460232975,241e8b27fb85d3e53
1.0,1.0,1.0,1.0,1.0,1.0,0.0,1.0,1.0,[1. 1. 0. 1. 0.],[5. 5. 2. 2. 2.],0.8571428571428571,True,2021.09.16.14.39.34_veh-42_00032_00186,1,1631803264.19991,589116.9321758829,4474578.104731331,589099.3521313366,4474618.173117096,ff2edd12a568b7eac
0.0,1.0,1.0,1.0,1.0,0.0,1.0,1.0,0.0,[1. 0. 1. 1. 0.],[5. 5. 2. 2. 2.],0.0,True,2021.09.16.21.13.37_veh-42_00172_00347,1,1631827121.200512,588614.6459204416,4475745.448121225,588624.3969163873,4475728.850812356,b95297d2453c0e1e8
1.0,0.0,1.0,1.0,0.9102347053346332,1.0,0.0,1.0,0.0,[0.91023471 1.         0.         1.         0.        ],[5. 5. 2. 2. 2.],0.0,True,2021.10.06.08.16.17_veh-52_00612_00782,1,1633508988.200479,365138.1334015679,144124.07715280997,365141.0034969679,144132.80264864094,b96ce0efca7101f74
1.0,1.0,1.0,1.0,1.0,0.0,1.0,1.0,1.0,[1. 0. 1. 1. 0.],[5. 5. 2. 2. 2.],0.6428571428571429,True,2021.09.16.19.27.01_veh-45_01749_03230,1,1631822496.5005078,587550.1627979949,4475810.980724295,587544.6875452903,4475822.194126841,2796e0e0b71483121
1.0,1.0,1.0,1.0,1.0,1.0,0.0,1.0,1.0,[1. 1. 0. 1. 0.],[5. 5. 2. 2. 2.],0.8571428571428571,True,2021.09.16.15.12.03_veh-42_01037_01434,1,1631806653.4996688,588097.2224571157,4475762.839889182,588056.0342479106,4475730.808330687,8155746fdb7c4d3d8
1.0,1.0,1.0,1.0,1.0,1.0,1.0,1.0,1.0,[1. 1. 1. 1. 0.],[5. 5. 2. 2. 2.],1.0,True,2021.10.06.08.16.17_veh-52_01949_02501,1,1633510639.69981,364947.97375077003,143322.47345475372,364947.9901888481,143322.4732339643,2c41c5664b187598f
1.0,1.0,1.0,1.0,0.5484468716337643,1.0,1.0,1.0,1.0,[0.54844687 1.         1.         1.         0.        ],[5. 5. 2. 2. 2.],0.8387310255834873,True,2021.09.29.19.02.14_veh-28_02911_03005,1,1632945162.29987,331568.84102028486,4689342.46063113,331579.1370296297,4689336.382348301,2048a65fec13c23d5
1.0,0.0,1.0,1.0,1.0,1.0,0.0,1.0,0.0,[1. 1. 0. 1. 0.],[5. 5. 2. 2. 2.],0.0,True,2021.10.06.07.26.10_veh-52_01245_02064,1,1633506836.700073,364917.7836933389,143490.59346685713,364913.8435781603,143478.84786700836,43f7d2bb6b4b6f35a
1.0,1.0,0.0,1.0,1.0,1.0,0.0,1.0,0.0,[1. 1. 0. 1. 0.],[5. 5. 2. 2. 2.],0.0,True,2021.09.16.14.39.34_veh-42_00297_00935,1,1631803913.199848,587663.0612833917,4475724.676116079,587678.8635811503,4475745.919358116,4485e78013e23fef4
1.0,1.0,1.0,1.0,1.0,1.0,0.0,1.0,1.0,[1. 1. 0. 1. 0.],[5. 5. 2. 2. 2.],0.8571428571428571,True,2021.06.03.13.55.17_veh-35_02866_03582,1,1622745882.601212,664213.7585380183,3997420.7174787703,664223.7159799946,3997414.0984296,d394c98f566e20aab
1.0,1.0,1.0,1.0,1.0,1.0,1.0,1.0,1.0,[1. 1. 1. 1. 0.],[5. 5. 2. 2. 2.],1.0,True,2021.06.03.18.47.39_veh-35_00257_00492,1,1622760884.700826,664703.4650115512,3999309.44737005,664699.6420214751,3999304.2429156485,4304662a687a53d30
1.0,0.0,1.0,1.0,0.8214938230910611,1.0,1.0,1.0,0.0,[0.82149382 1.         1.         1.         0.        ],[5. 5. 2. 2. 2.],0.0,True,2021.10.06.08.16.17_veh-52_01949_02501,1,1633510204.700271,365598.69794122374,143241.74239391505,365597.2382166933,143267.21231394686,f21c4208d817951b4
1.0,0.0,0.5,1.0,0.5328859149288366,1.0,0.0,1.0,0.0,[0.53288591 1.         0.         1.         0.        ],[5. 5. 2. 2. 2.],0.0,True,2021.10.06.08.16.17_veh-52_01949_02501,1,1633510639.69981,364949.119644992,143341.92565965632,364944.7760880741,143327.85194258209,8f22304866f36485f
1.0,1.0,0.5,1.0,1.0,1.0,0.0,1.0,0.5,[1. 1. 0. 1. 0.],[5. 5. 2. 2. 2.],0.42857142857142855,True,2021.09.16.14.39.34_veh-42_00297_00935,1,1631803543.699842,588743.7270862596,4475407.426995602,588749.1043936023,4475400.308987214,9b71a67f61e5fffb3
1.0,0.0,0.5,1.0,1.0,1.0,0.0,1.0,0.0,[1. 1. 0. 1. 0.],[5. 5. 2. 2. 2.],0.0,True,2021.09.29.14.44.26_veh-28_01331_01485,1,1632928173.799785,332310.5089819406,4690352.368219256,332297.64000080863,4690370.9940168485,fb300036a09e3c31c
1.0,0.0,1.0,1.0,0.7705534937413437,1.0,1.0,1.0,0.0,[0.77055349 1.         1.         1.         0.        ],[5. 5. 2. 2. 2.],0.0,True,2021.09.29.14.44.26_veh-28_01331_01485,1,1632928173.799785,332305.87289912696,4690361.77694766,332295.13152346725,4690371.75062075,1ab4af6d2763780c4
1.0,1.0,1.0,1.0,0.0026473300271605683,1.0,0.0,1.0,1.0,[0.00264733 1.         0.         1.         0.        ],[5. 5. 2. 2. 2.],0.5009454750097002,True,2021.05.25.14.16.10_veh-35_01100_01664,1,1621967929.500474,664219.4309486627,3997416.646154607,664219.4319395464,3997416.645548099,7d4dd35efebf5aa8f
0.5,0.0,0.5,1.0,1.0,0.0,0.0,1.0,0.0,[1. 0. 0. 1. 0.],[5. 5. 2. 2. 2.],0.0,True,2021.06.28.16.29.11_veh-38_03263_03766,1,1624901550.3005528,664178.9311688652,3997391.941132495,664174.5711646259,3997405.337919646,a8066d7e843deda8f
1.0,1.0,0.0,1.0,0.9558804264752548,1.0,0.0,1.0,0.0,[0.95588043 1.         0.         1.         0.        ],[5. 5. 2. 2. 2.],0.0,True,2021.09.16.15.12.03_veh-42_01037_01434,1,1631806653.999687,588088.1542909937,4475756.44673775,588055.2734420123,4475730.544965722,e2bde995b7f918cba
1.0,1.0,0.0,1.0,1.0,0.0,0.0,1.0,0.0,[1. 0. 0. 1. 0.],[5. 5. 2. 2. 2.],0.0,True,2021.09.29.19.02.14_veh-28_02911_03005,1,1632945161.7997289,331547.7722395102,4689357.225743348,331574.96039307193,4689336.474785248,808e6b707f608e2a9
1.0,1.0,1.0,1.0,1.0,1.0,1.0,1.0,1.0,[1. 1. 1. 1. 0.],[5. 5. 2. 2. 2.],1.0,True,2021.10.06.07.26.10_veh-52_02208_02394,1,1633507607.699837,365049.1776451615,143934.33879163378,365049.5438788899,143935.21285062787,68e2d10ecbeed8111
1.0,0.0,1.0,1.0,1.0,1.0,0.0,1.0,0.0,[1. 1. 0. 1. 0.],[5. 5. 2. 2. 2.],0.0,True,2021.09.16.13.53.10_veh-42_00180_00342,1,1631800761.3994029,589017.508375313,4474754.488549693,589026.3515782004,4474705.918816052,36973343935f49ac7
0.0,0.0,0.5,1.0,1.0,0.0,1.0,0.0,0.0,[1. 0. 1. 0. 0.],[5. 5. 2. 2. 2.],0.0,True,2021.09.29.18.19.40_veh-28_00844_01218,1,1632940664.5995688,330894.96792932827,4691102.639157347,330876.2946932757,4691087.724667633,cc640d20710f182c6
1.0,1.0,1.0,1.0,0.9257050319328904,1.0,1.0,1.0,1.0,[0.92570503 1.         1.         1.         0.        ],[5. 5. 2. 2. 2.],0.9734660828331752,True,2021.09.16.13.53.10_veh-42_00180_00342,1,1631800700.400107,589209.2333444773,4474359.742514145,589220.0009771609,4474322.543752754,f6021914cda2ce515
1.0,0.0,1.0,1.0,1.0,1.0,0.0,1.0,0.0,[1. 1. 0. 1. 0.],[5. 5. 2. 2. 2.],0.0,True,2021.09.16.14.39.34_veh-42_01609_01687,1,1631804862.699841,588957.1723422364,4474868.774263232,588942.3796663127,4474918.149788321,73c0e8fd14908dce6
1.0,1.0,1.0,1.0,0.7344112158694023,1.0,0.0,1.0,1.0,[0.73441122 1.         0.         1.         0.        ],[5. 5. 2. 2. 2.],0.762289719953358,True,2021.09.16.13.53.10_veh-42_00180_00342,1,1631800700.400107,589214.5449534734,4474342.4791089855,589220.4790751564,4474318.940985809,5fc5bb18513bc7d0b
1.0,1.0,1.0,1.0,0.0,1.0,1.0,1.0,1.0,[0. 1. 1. 1. 0.],[5. 5. 2. 2. 2.],0.6428571428571429,True,2021.09.16.21.13.37_veh-42_00172_00347,1,1631827121.700409,588625.8853069949,4475725.207450533,588625.8812791327,4475725.190028185,ccd1d26bd7d71f952
1.0,1.0,1.0,1.0,0.660093511936789,1.0,1.0,1.0,1.0,[0.66009351 1.         1.         1.         0.        ],[5. 5. 2. 2. 2.],0.8786048256917104,True,2021.10.06.08.16.17_veh-52_00612_00782,1,1633508987.700743,365142.65315039817,144109.91426281448,365139.97414072463,144128.0430262596,370df15505429bd41
1.0,1.0,1.0,1.0,0.5845357351335542,1.0,1.0,1.0,1.0,[0.58453574 1.         1.         1.         0.        ],[5. 5. 2. 2. 2.],0.8516199054048409,True,2021.10.06.07.26.10_veh-52_02208_02394,1,1633507607.699837,365051.0530305472,143927.15284599952,365051.3587688893,143935.12255964515,d2e7ee3ace0b92dee
1.0,1.0,1.0,1.0,1.0,1.0,1.0,1.0,1.0,[1. 1. 1. 1. 0.],[5. 5. 2. 2. 2.],1.0,True,2021.10.06.07.26.10_veh-52_02208_02394,1,1633507607.699837,365049.1415154348,143934.24034373093,365049.5438788899,143935.21285062787,696843a23b748f1b0
0.0,0.0,1.0,1.0,1.0,0.0,1.0,1.0,0.0,[1. 0. 1. 1. 0.],[5. 5. 2. 2. 2.],0.0,True,2021.09.29.19.02.14_veh-28_02911_03005,1,1632945162.29987,331555.68077119405,4689354.217525972,331573.7147071865,4689339.105293911,f9533c6195790b299
0.5,0.0,0.0,1.0,1.0,0.0,1.0,1.0,0.0,[1. 0. 1. 1. 0.],[5. 5. 2. 2. 2.],0.0,True,2021.06.03.13.55.17_veh-35_02866_03582,1,1622745883.10147,664185.0258528824,3997409.06622039,664212.5776155419,3997420.3523219298,52273aa3c8bd19695
1.0,0.0,0.0,1.0,1.0,1.0,0.0,1.0,0.0,[1. 1. 0. 1. 0.],[5. 5. 2. 2. 2.],0.0,True,2021.09.16.19.12.04_veh-42_01438_01677,1,1631821421.000002,587650.7356877582,4475970.359151671,587620.7044538367,4475947.793609827,b0917755d03fa6298
1.0,1.0,1.0,1.0,1.0,1.0,0.0,1.0,1.0,[1. 1. 0. 1. 0.],[5. 5. 2. 2. 2.],0.8571428571428571,True,2021.09.16.14.39.34_veh-42_00297_00935,1,1631803544.199785,588696.5226978412,4475457.454906769,588731.7900358931,4475417.789941434,0dd1d00f6d1725ec3
0.0,1.0,1.0,1.0,0.5900776790378807,1.0,1.0,1.0,0.0,[0.59007768 1.         1.         1.         0.        ],[5. 5. 2. 2. 2.],0.0,True,2021.08.30.16.16.44_veh-40_00256_00716,1,1630340552.999716,331072.13182475907,4690741.910563105,331080.7735494895,4690737.193483488,8a72c1ce26bcc476d
1.0,0.0,1.0,1.0,1.0,1.0,1.0,1.0,0.0,[1. 1. 1. 1. 0.],[5. 5. 2. 2. 2.],0.0,True,2021.10.06.08.16.17_veh-52_01949_02501,1,1633510640.1996188,364944.1347986848,143322.57320955643,364947.98441303417,143322.46481129978,27b7e5ec4bfe00f85
1.0,1.0,0.5,1.0,1.0,1.0,0.0,1.0,0.5,[1. 1. 0. 1. 0.],[5. 5. 2. 2. 2.],0.42857142857142855,True,2021.09.16.14.39.34_veh-42_00032_00186,1,1631803264.699554,589104.3099555204,4474614.681769573,589096.5486793523,4474628.876024722,09b94e3a221caebb6
1.0,1.0,1.0,1.0,0.9030019191276709,1.0,1.0,1.0,1.0,[0.90300192 1.         1.         1.         0.        ],[5. 5. 2. 2. 2.],0.9653578282598824,True,2021.09.16.21.13.37_veh-42_00172_00347,1,1631827121.200512,588595.1517111306,4475773.338450801,588619.4759318425,4475739.752859283,e26a54b7a798e6e57
1.0,1.0,1.0,1.0,0.8239073767104531,1.0,1.0,1.0,1.0,[0.82390738 1.         1.         1.         0.        ],[5. 5. 2. 2. 2.],0.9371097773965903,True,2021.10.06.07.26.10_veh-52_00006_00398,1,1633505525.199602,365183.52420585055,143366.66348920314,365149.23744333413,143383.37083949498,4743e61ca1af03cd7
1.0,1.0,1.0,1.0,1.0,1.0,0.0,1.0,1.0,[1. 1. 0. 1. 0.],[5. 5. 2. 2. 2.],0.8571428571428571,True,2021.09.16.14.39.34_veh-42_00297_00935,1,1631803544.199785,588701.1313987089,4475453.319325545,588734.583164259,4475416.336625802,c1bf650dac02cb0f8
1.0,1.0,1.0,1.0,0.2816168612395725,1.0,0.0,1.0,1.0,[0.28161686 1.         0.         1.         0.        ],[5. 5. 2. 2. 2.],0.6005774504427045,True,2021.08.30.13.45.25_veh-40_01116_01336,1,1630332372.0005639,331323.6674134021,4690990.245184632,331320.21698490327,4690992.795994574,4a16da9c6c03b5918
1.0,1.0,1.0,1.0,1.0,1.0,0.0,1.0,1.0,[1. 1. 0. 1. 0.],[5. 5. 2. 2. 2.],0.8571428571428571,True,2021.09.16.14.39.34_veh-42_00297_00935,1,1631803912.6996648,587672.9000126774,4475737.994605293,587679.8019427105,4475752.861000684,4b4fe8d10a7defecd
1.0,1.0,1.0,1.0,0.8326051913508011,1.0,1.0,1.0,1.0,[0.83260519 1.         1.         1.         0.        ],[5. 5. 2. 2. 2.],0.9402161397681432,True,2021.09.16.21.13.37_veh-42_00172_00347,1,1631827121.700409,588594.0944151016,4475774.988279293,588617.03153787,4475743.521968497,a7eababd56f26dc5e
1.0,1.0,1.0,1.0,1.0,1.0,1.0,1.0,1.0,[1. 1. 1. 1. 0.],[5. 5. 2. 2. 2.],1.0,True,2021.09.16.14.39.34_veh-42_00297_00935,1,1631803544.199785,588697.3249889272,4475457.51454296,588731.8223047452,4475418.5358427,e4b33d7affe423d8f
1.0,1.0,1.0,1.0,0.1121329600069498,1.0,1.0,1.0,1.0,[0.11213296 1.         1.         1.         0.        ],[5. 5. 2. 2. 2.],0.6829046285739107,True,2021.09.29.14.44.26_veh-28_01331_01485,1,1632928173.799785,332291.60082353477,4690375.759180195,332290.4205693802,4690376.06440542,c02fa35875ea4e3e1
1.0,0.0,1.0,1.0,1.0,1.0,1.0,1.0,0.0,[1. 1. 1. 1. 0.],[5. 5. 2. 2. 2.],0.0,True,2021.09.29.14.44.26_veh-28_01331_01485,1,1632928173.2996988,332308.76683653914,4690357.906817716,332294.9721915886,4690371.78232874,f5cba35a5a2bc646e
0.0,1.0,1.0,1.0,1.0,0.0,0.0,1.0,0.0,[1. 0. 0. 1. 0.],[5. 5. 2. 2. 2.],0.0,True,2021.09.16.17.40.09_veh-45_02539_02745,1,1631816747.900116,587731.6872217772,4475803.049522306,587711.8505314654,4475778.510679476,a1ad222a6de4f84d8
1.0,0.0,1.0,1.0,1.0,0.0,1.0,1.0,0.0,[1. 0. 1. 1. 0.],[5. 5. 2. 2. 2.],0.0,True,2021.09.29.14.44.26_veh-28_01331_01485,1,1632928173.2996988,332320.6705011954,4690340.859618579,332297.4623750942,4690368.888545137,ec8c748e31436c7e5
1.0,0.0,1.0,1.0,1.0,1.0,0.0,1.0,0.0,[1. 1. 0. 1. 0.],[5. 5. 2. 2. 2.],0.0,True,2021.09.16.14.39.34_veh-42_01609_01687,1,1631804862.699841,588958.9889677842,4474861.759960176,588943.2658445049,4474915.32793883,aecd96a93af75adeb
1.0,1.0,1.0,1.0,0.002738662958302473,1.0,0.0,1.0,1.0,[0.00273866 1.         0.         1.         0.        ],[5. 5. 2. 2. 2.],0.5009780939136794,True,2021.05.25.14.16.10_veh-35_01100_01664,1,1621967930.000476,664217.9894867224,3997417.4853023733,664217.9962638022,3997417.482359056,6b5b128424d5357b0
1.0,0.0,1.0,1.0,1.0,1.0,0.0,1.0,0.0,[1. 1. 0. 1. 0.],[5. 5. 2. 2. 2.],0.0,True,2021.10.06.08.16.17_veh-52_01949_02501,1,1633510205.200445,365600.22417146515,143246.5374271976,365599.10758869915,143266.16593599637,dba7acca42dcb992f
1.0,1.0,1.0,1.0,1.0,1.0,1.0,1.0,1.0,[1. 1. 1. 1. 0.],[5. 5. 2. 2. 2.],1.0,True,2021.08.30.16.16.44_veh-40_01099_01351,1,1630341465.500301,331662.3998125408,4690764.324362513,331658.03753713693,4690772.249394654,40f4ad799feb54f82
0.0,0.0,1.0,1.0,0.8069469243123049,0.0,0.0,1.0,0.0,[0.80694692 0.         0.         1.         0.        ],[5. 5. 2. 2. 2.],0.0,True,2021.06.28.16.29.11_veh-38_03263_03766,1,1624901549.800334,664170.879111603,3997408.6122732516,664177.0124299158,3997412.365742592,041ef3b3c078e7cea
1.0,1.0,1.0,1.0,0.6651332578395147,1.0,0.0,1.0,1.0,[0.66513326 1.         0.         1.         0.        ],[5. 5. 2. 2. 2.],0.737547592085541,True,2021.08.30.13.45.25_veh-40_01116_01336,1,1630332372.5004869,331328.54895675665,4690986.906378331,331320.7388062539,4690992.400137146,09f2c709af42130ee
1.0,0.0,0.0,1.0,1.0,1.0,0.0,1.0,0.0,[1. 1. 0. 1. 0.],[5. 5. 2. 2. 2.],0.0,True,2021.08.16.14.23.37_veh-45_00015_00132,1,1629124038.500187,588969.9263363307,4474824.708783432,588983.7304759964,4474818.218722609,9583f6043942f7590
0.0,1.0,1.0,1.0,1.0,0.0,0.0,1.0,0.0,[1. 0. 0. 1. 0.],[5. 5. 2. 2. 2.],0.0,True,2021.08.30.13.45.25_veh-40_01116_01336,1,1630332372.5004869,331375.0206192871,4690954.835752524,331337.8399428466,4690980.708468134,9b219df65a0e3f22b
1.0,1.0,0.0,1.0,1.0,1.0,0.0,1.0,0.0,[1. 1. 0. 1. 0.],[5. 5. 2. 2. 2.],0.0,True,2021.09.16.13.53.10_veh-42_00180_00342,1,1631800700.900575,589198.5889393762,4474377.284735131,589216.0872532399,4474333.824554718,16d41ea13c0836f9f
1.0,1.0,1.0,1.0,0.6985430612423948,1.0,1.0,1.0,1.0,[0.69854306 1.         1.         1.         0.        ],[5. 5. 2. 2. 2.],0.8923368075865695,True,2021.10.06.07.26.10_veh-52_00006_00398,1,1633505524.699735,365159.33995263674,143380.72126097968,365139.91372399224,143388.8706597464,e96c4d87797ab96d1
1.0,1.0,1.0,1.0,0.7573605790495286,1.0,0.0,1.0,1.0,[0.75736058 1.         0.         1.         0.        ],[5. 5. 2. 2. 2.],0.7704859210891174,True,2021.09.16.17.40.09_veh-45_02539_02745,1,1631816747.900116,587710.504119091,4475779.987766005,587704.9505873396,4475772.832560715,fb84b929b3de63176
1.0,1.0,1.0,1.0,0.8929852259483465,1.0,0.0,1.0,1.0,[0.89298523 1.         0.         1.         0.        ],[5. 5. 2. 2. 2.],0.8189232949815523,True,2021.10.06.08.16.17_veh-52_00612_00782,1,1633508987.700743,365138.61797245266,144124.5327926172,365141.5038707775,144133.39164124164,4e24a469af52b2b29
1.0,0.0,1.0,1.0,1.0,0.0,0.0,1.0,0.0,[1. 0. 0. 1. 0.],[5. 5. 2. 2. 2.],0.0,True,2021.09.29.14.44.26_veh-28_01331_01485,1,1632928173.2996988,332313.73207212886,4690351.16893302,332294.40483232227,4690372.753033071,303bc627ceab22570
0.0,1.0,1.0,1.0,1.0,0.0,1.0,1.0,0.0,[1. 0. 1. 1. 0.],[5. 5. 2. 2. 2.],0.0,True,2021.05.25.15.59.03_veh-30_04027_04200,1,1621976896.09955,664248.1483905922,3996287.033883581,664265.200829311,3996285.9281861573,e87f91497184fed2b
0.0,1.0,1.0,1.0,1.0,0.0,1.0,1.0,0.0,[1. 0. 1. 1. 0.],[5. 5. 2. 2. 2.],0.0,True,2021.06.03.18.47.39_veh-35_00257_00492,1,1622760884.700826,664706.0114850211,3999319.636619037,664702.4213505406,3999308.6718833144,b638486d7d50a3d60
1.0,1.0,1.0,1.0,0.729977804013973,1.0,0.0,1.0,1.0,[0.7299778 1.        0.        1.        0.       ],[5. 5. 2. 2. 2.],0.760706358576419,True,2021.10.06.07.26.10_veh-52_00006_00398,1,1633505524.699735,365149.26618151175,143384.23086772772,365134.0279522632,143390.2067022893,bfa4c1bdc4387e96e
1.0,1.0,1.0,1.0,0.5799839922138931,1.0,1.0,1.0,1.0,[0.57998399 1.         1.         1.         0.        ],[5. 5. 2. 2. 2.],0.8499942829335332,True,2021.09.29.19.02.14_veh-28_02911_03005,1,1632945161.7997289,331569.8552620402,4689339.813807127,331581.2239589549,4689334.319382456,9600f9f6992618229
1.0,1.0,1.0,1.0,0.12844546291618278,1.0,1.0,1.0,1.0,[0.12844546 1.         1.         1.         0.        ],[5. 5. 2. 2. 2.],0.6887305224700653,True,2021.09.29.19.02.14_veh-28_00964_01689,1,1632943676.299618,330877.062568994,4691079.015626167,330877.21794140583,4691078.815571181,eac3cd256c959f2bc
1.0,1.0,0.5,1.0,0.9119968814888898,1.0,0.0,1.0,0.5,[0.91199688 1.         0.         1.         0.        ],[5. 5. 2. 2. 2.],0.4128565859801589,True,2021.09.16.14.39.34_veh-42_00297_00935,1,1631803913.199848,587670.0670271284,4475734.844197616,587679.695965857,4475750.752410133,7a487393a13b1bc7e
1.0,1.0,1.0,1.0,0.8603357607921656,1.0,1.0,1.0,1.0,[0.86033576 1.         1.         1.         0.        ],[5. 5. 2. 2. 2.],0.9501199145686305,True,2021.09.16.14.39.34_veh-42_00297_00935,1,1631803543.699842,588720.7129996476,4475430.908337064,588742.5059920292,4475405.02390678,f6f0c7a27b1c90f37
1.0,1.0,1.0,1.0,1.0,1.0,0.0,1.0,1.0,[1. 1. 0. 1. 0.],[5. 5. 2. 2. 2.],0.8571428571428571,True,2021.09.16.14.39.34_veh-42_00032_00186,1,1631803264.19991,589101.9502593358,4474612.897710271,589093.6795362621,4474630.883846742,fbf4ec49ea2272ba1
1.0,1.0,1.0,1.0,0.7142977413585998,1.0,1.0,1.0,1.0,[0.71429774 1.         1.         1.         0.        ],[5. 5. 2. 2. 2.],0.8979634790566428,True,2021.10.06.08.16.17_veh-52_00612_00782,1,1633508987.700743,365141.4655890214,144112.2067581788,365140.6391939977,144130.1109934347,f10788e83a50fa0b2
1.0,1.0,1.0,1.0,0.28298329232749336,1.0,1.0,1.0,1.0,[0.28298329 1.         1.         1.         0.        ],[5. 5. 2. 2. 2.],0.7439226044026762,True,2021.09.16.19.12.04_veh-42_01438_01677,1,1631821420.5000958,587611.7327494544,4475933.19963241,587608.3173938574,4475933.256002038,48f968a3c272876d9
1.0,1.0,1.0,1.0,1.0,1.0,1.0,1.0,1.0,[1. 1. 1. 1. 0.],[5. 5. 2. 2. 2.],1.0,True,2021.09.16.15.12.03_veh-42_01037_01434,1,1631806653.999687,588106.3919338551,4475768.8571090475,588063.1486221434,4475734.640041698,9c1c1fb7b2f09b8b6
1.0,0.0,1.0,1.0,0.9727643944323491,1.0,0.0,1.0,0.0,[0.97276439 1.         0.         1.         0.        ],[5. 5. 2. 2. 2.],0.0,True,2021.09.16.15.12.03_veh-42_01037_01434,1,1631806653.999687,588091.6430613983,4475756.166950317,588057.987550273,4475730.327362335,2f18d7c845a84a85c
1.0,1.0,0.0,1.0,1.0,1.0,0.0,1.0,0.0,[1. 1. 0. 1. 0.],[5. 5. 2. 2. 2.],0.0,True,2021.09.16.14.39.34_veh-42_00032_00186,1,1631803264.19991,589114.6615228901,4474587.9992808,589098.6737306345,4474623.097771119,d798add46e9093547
1.0,1.0,1.0,1.0,1.0,1.0,0.0,1.0,1.0,[1. 1. 0. 1. 0.],[5. 5. 2. 2. 2.],0.8571428571428571,True,2021.09.16.14.39.34_veh-42_00297_00935,1,1631803913.199848,587670.9495487707,4475735.920636167,587679.8732242605,4475751.292634455,90bd22f98b4c8c0db
1.0,1.0,1.0,1.0,0.763872139875341,1.0,1.0,1.0,1.0,[0.76387214 1.         1.         1.         0.        ],[5. 5. 2. 2. 2.],0.9156686213840504,True,2021.08.30.13.45.25_veh-40_01116_01336,1,1630332372.0005639,331348.55942463863,4690974.527651894,331330.93551542464,4690986.893453843,f13bedf0787265ff4
1.0,1.0,1.0,1.0,0.6594049412411573,1.0,1.0,1.0,1.0,[0.65940494 1.         1.         1.         0.        ],[5. 5. 2. 2. 2.],0.8783589075861276,True,2021.08.16.14.23.37_veh-45_00015_00132,1,1629124037.999939,588978.5991352698,4474831.686760164,588985.8051016957,4474815.584201641,1b3fd5e7993de38c0
1.0,0.0,1.0,1.0,1.0,1.0,0.0,1.0,0.0,[1. 1. 0. 1. 0.],[5. 5. 2. 2. 2.],0.0,True,2021.10.06.07.26.10_veh-52_01245_02064,1,1633506836.700073,364929.5207663905,143503.49789503418,364917.39279020944,143486.7458769541,872a49bbab0e3eadd
1.0,1.0,1.0,1.0,0.0,1.0,1.0,1.0,1.0,[0. 1. 1. 1. 0.],[5. 5. 2. 2. 2.],0.6428571428571429,True,2021.09.29.18.19.40_veh-28_00844_01218,1,1632940665.099565,330877.3030156722,4691079.211757011,330877.303895799,4691079.210662838,0abe9e69bf806a8c4
1.0,1.0,1.0,1.0,0.83268168063006,1.0,1.0,1.0,1.0,[0.83268168 1.         1.         1.         0.        ],[5. 5. 2. 2. 2.],0.9402434573678785,True,2021.09.16.15.12.03_veh-42_01037_01434,1,1631806653.999687,588078.9620734364,4475747.6493952675,588053.9387393105,4475727.826761485,38237140ae3e57418
1.0,1.0,1.0,1.0,1.0,1.0,1.0,1.0,1.0,[1. 1. 1. 1. 0.],[5. 5. 2. 2. 2.],1.0,True,2021.09.29.19.02.14_veh-28_00964_01689,1,1632943676.299618,330877.09030438244,4691086.240769999,330879.65196335735,4691076.386468581,ec788232fc7f2cf7e
1.0,1.0,1.0,1.0,1.0,1.0,0.0,0.0,1.0,[1. 1. 0. 0. 0.],[5. 5. 2. 2. 2.],0.7142857142857143,True,2021.09.16.15.12.03_veh-42_01037_01434,1,1631806653.4996688,588108.4403289657,4475772.029176536,588055.2505355107,4475730.483144551,74dc897cc60962fc0
1.0,1.0,1.0,1.0,0.06904579592921409,1.0,1.0,1.0,1.0,[0.0690458 1.        1.        1.        0.       ],[5. 5. 2. 2. 2.],0.667516355689005,True,2021.09.29.18.19.40_veh-28_00844_01218,1,1632940665.099565,330875.7855990185,4691081.280171236,330875.81166651804,4691081.245037556,17848b0db348eea20
1.0,1.0,1.0,1.0,0.7517896439822986,1.0,1.0,1.0,1.0,[0.75178964 1.         1.         1.         0.        ],[5. 5. 2. 2. 2.],0.9113534442793924,True,2021.08.30.16.16.44_veh-40_00256_00716,1,1630340552.999716,331073.01974274724,4690742.098189779,331082.1887749994,4690736.5192525545,0d922ca55b8036075
1.0,1.0,1.0,1.0,0.9996010645036106,1.0,1.0,1.0,1.0,[0.99960106 1.         1.         1.         0.        ],[5. 5. 2. 2. 2.],0.9998575230370038,True,2021.08.30.16.16.44_veh-40_00256_00716,1,1630340552.999716,331057.8558630884,4690753.734782498,331076.18032528437,4690740.741195114,81e6ca0e63a415859
1.0,0.0,1.0,1.0,1.0,1.0,0.0,1.0,0.0,[1. 1. 0. 1. 0.],[5. 5. 2. 2. 2.],0.0,True,2021.05.25.14.16.10_veh-35_01100_01664,1,1621967930.000476,664213.9655694744,3997421.700907017,664220.8553276241,3997416.28303254,46ccc7e9752595671
1.0,1.0,1.0,1.0,0.8380759824246201,1.0,1.0,1.0,1.0,[0.83807598 1.         1.         1.         0.        ],[5. 5. 2. 2. 2.],0.9421699937230786,True,2021.10.06.08.16.17_veh-52_01949_02501,1,1633510639.69981,364936.85389879567,143358.29252158373,364943.41048556,143331.56881858353,daf6c56e39384e309
1.0,1.0,1.0,1.0,1.0,1.0,1.0,1.0,1.0,[1. 1. 1. 1. 0.],[5. 5. 2. 2. 2.],1.0,True,2021.09.16.21.13.37_veh-42_00172_00347,1,1631827121.700409,588616.4525864283,4475744.104784191,588624.1097421906,4475730.3864014475,2028fc3dfa9816bf8
1.0,0.0,0.5,1.0,0.5496696059102258,1.0,0.0,1.0,0.0,[0.54966961 1.         0.         1.         0.        ],[5. 5. 2. 2. 2.],0.0,True,2021.09.16.19.49.00_veh-42_00990_01609,1,1631823105.4999719,587633.3229423126,4475959.097707106,587624.8058544573,4475952.819481198,0062f66f0a168555e
1.0,1.0,1.0,1.0,0.709140822471333,1.0,0.0,1.0,1.0,[0.70914082 1.         0.         1.         0.        ],[5. 5. 2. 2. 2.],0.7532645794540475,True,2021.09.16.13.53.10_veh-42_00180_00342,1,1631800700.900575,589216.499796305,4474335.084341048,589220.8208275924,4474317.638097487,02d32235a5a1497cc
1.0,0.0,1.0,1.0,0.9006164705611072,1.0,0.0,1.0,0.0,[0.90061647 1.         0.         1.         0.        ],[5. 5. 2. 2. 2.],0.0,True,2021.09.29.14.44.26_veh-28_00528_00992,1,1632927478.7997549,331265.9833809776,4691032.084515609,331257.3263894699,4691037.514097713,175f019927da9929a
1.0,1.0,1.0,1.0,1.0,1.0,0.0,1.0,1.0,[1. 1. 0. 1. 0.],[5. 5. 2. 2. 2.],0.8571428571428571,True,2021.09.16.15.12.03_veh-42_01037_01434,1,1631806653.999687,588117.2743143267,4475779.184704143,588067.0074928614,4475738.799091649,2d4e4632841c3cf8e
1.0,1.0,1.0,1.0,0.0467380691522546,1.0,0.0,1.0,1.0,[0.04673807 1.         0.         1.         0.        ],[5. 5. 2. 2. 2.],0.5166921675543766,True,2021.09.16.19.49.00_veh-42_00990_01609,1,1631823104.999981,587620.9321919646,4475949.200668283,587620.8678885913,4475948.930092466,3f501988e5d39bd03
1.0,1.0,0.0,1.0,0.9361872187369545,1.0,0.0,1.0,0.0,[0.93618722 1.         0.         1.         0.        ],[5. 5. 2. 2. 2.],0.0,True,2021.09.16.14.39.34_veh-42_00032_00186,1,1631803264.699554,589110.5976006418,4474594.603410754,589098.0616006363,4474623.939548385,2f841ea41e11faf68
