,token,valid,no_at_fault_collisions,drivable_area_compliance,ego_progress,time_to_collision_within_bound,comfort,driving_direction_compliance,score
0,680f4753a59c5a24,True,1.0,1.0,0.7865031733780924,1.0,1.0,1.0,0.9110429889075385
1,61e3a4acbdf55ffe,True,1.0,1.0,0.7870227189974909,1.0,1.0,1.0,0.9112594662489545
2,4abb45d9ee1a5c5c,True,1.0,0.0,0.0,1.0,1.0,0.5,0.0
3,a85c442c31bc557f,True,1.0,1.0,0.5973195412008457,1.0,1.0,1.0,0.8322164755003524
4,3b6fb25a1e725f29,True,1.0,1.0,1.0,1.0,1.0,1.0,1.0
5,2638cdfa752b5d7c,True,1.0,1.0,1.0,1.0,1.0,1.0,1.0
6,075154c90a0a5d7c,True,1.0,1.0,1.0,0.0,1.0,1.0,0.5833333333333334
7,b3a00387265a5cdc,True,1.0,1.0,0.9160837882372995,1.0,1.0,1.0,0.9650349117655415
8,28a0cdbbc1e55291,True,1.0,1.0,0.5801387732977699,1.0,1.0,1.0,0.8250578222074041
9,c41c11cf85b751e2,True,1.0,1.0,0.8610914282387025,1.0,1.0,1.0,0.9421214284327927
10,0a4cf95e90d45770,True,1.0,1.0,1.0,1.0,1.0,1.0,1.0
11,0f337f2c23215a9e,True,1.0,1.0,1.0,1.0,1.0,1.0,1.0
12,5dcc8367111b5fad,True,1.0,1.0,1.0,1.0,1.0,1.0,1.0
13,622867ce25805447,True,1.0,1.0,0.6316290590421064,1.0,1.0,1.0,0.846512107934211
14,bc692afe313d50ee,True,1.0,1.0,0.5155521518054271,1.0,1.0,1.0,0.798146729918928
15,a5d356da90d05835,True,1.0,1.0,0.8945104710429304,1.0,1.0,1.0,0.9560460296012211
16,9f5172e4a2cb5304,True,1.0,1.0,0.8220627448836026,1.0,1.0,1.0,0.9258594770348344
17,8ba3e54303a352c8,True,1.0,0.0,0.0,1.0,1.0,1.0,0.0
18,16dbc607f5f75479,True,1.0,1.0,1.0,1.0,1.0,1.0,1.0
19,cb0905651ea35122,True,1.0,1.0,0.6562365784481432,1.0,1.0,1.0,0.8567652410200597
20,087df0996ade50d3,True,1.0,1.0,1.0,1.0,1.0,1.0,1.0
21,87efb8cf52135247,True,1.0,1.0,0.6459934223037783,1.0,1.0,1.0,0.852497259293241
22,7f2a06cede325573,True,1.0,1.0,1.0,1.0,1.0,1.0,1.0
23,a004456be0fd5ce0,True,1.0,1.0,1.0,1.0,1.0,1.0,1.0
24,2bc38f766c8851fa,True,1.0,1.0,1.0,1.0,1.0,0.0,1.0
25,ee7be0b111a85c25,True,1.0,1.0,1.0,1.0,1.0,1.0,1.0
26,9bc3ee11944a5bef,True,1.0,1.0,0.7434987884371238,1.0,1.0,1.0,0.893124495182135
27,88ff8f6ad0ab5a77,True,1.0,1.0,0.6362115934270137,1.0,1.0,0.5,0.8484214972612557
28,3e5b0593a3e75d29,True,1.0,1.0,0.7278964892301744,1.0,1.0,1.0,0.8866235371792394
29,b42af31e8e9b596d,True,1.0,1.0,0.8752214297901176,1.0,1.0,1.0,0.9480089290792156
30,22878e2b2f6e5ab2,True,1.0,1.0,0.8416565021380633,1.0,1.0,1.0,0.9340235425575264
31,725cc9599c3455ad,True,1.0,1.0,1.0,1.0,1.0,1.0,1.0
32,48b2f85cc68c5a0a,True,1.0,1.0,0.6587190679366378,1.0,1.0,1.0,0.8577996116402659
33,3256f37c21915104,True,1.0,1.0,1.0,1.0,1.0,1.0,1.0
34,c538fa98187053d8,True,1.0,1.0,1.0,1.0,1.0,1.0,1.0
35,7dae0a8be0545755,True,1.0,1.0,0.4875845641452549,1.0,1.0,1.0,0.7864935683938562
36,df65991258ba5334,True,1.0,1.0,0.7808655402469447,1.0,1.0,1.0,0.9086939751028936
37,55eed45c895852b9,True,1.0,1.0,1.0,1.0,1.0,1.0,1.0
38,861805c4ff585f84,True,1.0,1.0,0.9971993464844501,1.0,1.0,0.5,0.9988330610351875
39,9e76720cbd565595,True,1.0,1.0,0.8352106937875287,1.0,1.0,1.0,0.9313377890781368
40,918b6721bcf75d38,True,1.0,1.0,0.784508160510463,1.0,1.0,1.0,0.9102117335460264
41,5e4dd8c91b8453bf,True,1.0,1.0,0.8704318819204512,1.0,1.0,1.0,0.9460132841335213
42,0d74b112df715917,True,0.0,1.0,0.0,0.0,1.0,1.0,0.0
43,6b5b038496cb56ba,True,1.0,1.0,1.0,1.0,1.0,1.0,1.0
44,0c6772102cc550ef,True,1.0,1.0,1.0,1.0,1.0,1.0,1.0
45,c7d7e1aa241a56a7,True,1.0,1.0,0.7951587152430395,0.0,1.0,1.0,0.49798279801793316
46,4aa06b58da9a56f8,True,1.0,1.0,0.6253682096677103,1.0,1.0,1.0,0.8439034206948793
47,082988f40658562c,True,1.0,1.0,0.9689543179035282,0.0,1.0,1.0,0.5703976324598033
48,6420c06f99465b53,True,1.0,1.0,1.0,1.0,1.0,1.0,1.0
49,de7b87d6624754cf,True,1.0,1.0,0.963031425193388,1.0,1.0,1.0,0.9845964271639117
50,2c7e5f987d5752c7,True,0.0,1.0,0.0,0.0,1.0,1.0,0.0
51,efb87bb3ff675f08,True,1.0,1.0,0.8797354994648646,1.0,1.0,0.0,0.9498897914436936
52,8e274784672a514b,True,1.0,1.0,0.9176025415471404,1.0,1.0,1.0,0.9656677256446419
53,a5cde0f1dace5561,True,1.0,1.0,1.0,1.0,1.0,1.0,1.0
54,ef27f4eeb34e5b83,True,1.0,1.0,0.781930659029823,1.0,1.0,1.0,0.9091377745957595
55,473a047c10f45ef3,True,1.0,1.0,1.0,1.0,1.0,1.0,1.0
56,356738fb8224508b,True,1.0,1.0,1.0,1.0,1.0,1.0,1.0
57,db07a6d7eacd57d1,True,1.0,1.0,1.0,1.0,1.0,1.0,1.0
58,d834813ce20a54e1,True,1.0,1.0,1.0,1.0,1.0,1.0,1.0
59,06fbdeb141965cca,True,1.0,1.0,1.0,1.0,1.0,1.0,1.0
60,b7215e8a4eb6552a,True,1.0,1.0,0.8338175278020881,1.0,1.0,1.0,0.93075730325087
61,a0be9e4c6cc15ec7,True,1.0,1.0,0.7793053885636457,1.0,1.0,1.0,0.908043911901519
62,4abad0cd5fee5f43,True,1.0,1.0,0.5174039562234253,1.0,1.0,1.0,0.7989183150930939
63,8959015fc1fe5791,True,1.0,1.0,0.3713434040841957,1.0,1.0,1.0,0.7380597517017482
64,5785ba7017515a65,True,1.0,1.0,1.0,1.0,1.0,1.0,1.0
65,e779c1cc4ae45a84,True,1.0,1.0,0.9472755423640314,1.0,1.0,1.0,0.9780314759850132
66,1434146a1ab75426,True,1.0,1.0,0.7909653919277291,1.0,1.0,1.0,0.9129022466365537
67,443b9c514efc5829,True,1.0,1.0,0.8323081821187294,1.0,1.0,1.0,0.9301284092161373
68,a6b34e50b7995664,True,0.0,1.0,0.0,0.0,1.0,1.0,0.0
69,e52f4dccf26f55a8,True,1.0,1.0,0.8928579782656895,1.0,1.0,1.0,0.9553574909440373
70,efd0435305f5532a,True,1.0,1.0,0.945913873664199,1.0,1.0,1.0,0.9774641140267496
71,169ccb03f27e589d,True,1.0,1.0,1.0,1.0,1.0,1.0,1.0
72,dc2279179bb25d08,True,1.0,1.0,0.8166109355967284,1.0,1.0,1.0,0.9235878898319702
73,97b8b4204a2a5484,True,1.0,1.0,0.961603904752894,1.0,1.0,1.0,0.9840016269803725
74,9c2602db70435500,True,1.0,1.0,0.7300699847816542,1.0,1.0,1.0,0.8875291603256893
75,0ffcae2811b257ee,True,1.0,1.0,1.0,1.0,1.0,1.0,1.0
76,045044cb9f21527e,True,1.0,1.0,0.9389416740629851,1.0,1.0,1.0,0.9745590308595772
77,befdd4140e4252e5,True,1.0,1.0,1.0,1.0,1.0,1.0,1.0
78,754bdad5455f53ad,True,1.0,1.0,0.9630322365357981,1.0,1.0,1.0,0.9845967652232491
79,d4f972826d645ca8,True,1.0,1.0,0.7130538093672033,1.0,1.0,1.0,0.8804390872363347
80,47f76d2da48f57ba,True,1.0,1.0,0.6523513627873249,1.0,1.0,1.0,0.8551464011613854
81,f2a54a0461005d6c,True,1.0,1.0,1.0,1.0,1.0,1.0,1.0
82,a7cf529d15425b63,True,1.0,1.0,1.0,1.0,1.0,1.0,1.0
83,a2701552b0f95f7b,True,1.0,1.0,1.0,1.0,1.0,1.0,1.0
84,aa58dfcb46765181,True,1.0,1.0,0.8936857129369175,1.0,1.0,1.0,0.9557023803903822
85,8d7c5f26b9775cce,True,1.0,1.0,0.5915280724956414,1.0,1.0,1.0,0.8298033635398506
86,3e634fa2ea715bb1,True,1.0,1.0,1.0,1.0,1.0,1.0,1.0
87,92e7b3a7f4d054f3,True,1.0,1.0,0.6426869868227184,0.0,1.0,1.0,0.43445291117613266
88,278518f5fd0354b3,True,1.0,1.0,0.9446744699312432,1.0,1.0,1.0,0.9769476958046847
89,e241e150a9c157b8,True,1.0,1.0,0.8895824971940641,1.0,1.0,1.0,0.9539927071641934
90,deb455f53c805643,True,1.0,1.0,0.42868832039918625,1.0,1.0,1.0,0.7619534668329943
91,948e6a45c7cd5837,True,1.0,1.0,0.7946815736048,1.0,1.0,1.0,0.9144506556686666
92,4a40d0564325502c,True,1.0,1.0,0.8290892733221397,1.0,1.0,1.0,0.9287871972175582
93,7da9641127dd514b,True,1.0,1.0,0.49769284054628304,1.0,1.0,1.0,0.7907053502276179
94,d7c78dbb6fb25194,True,1.0,1.0,1.0,0.0,1.0,1.0,0.5833333333333334
95,5517642e588e59d0,True,1.0,1.0,0.3724874885034872,1.0,1.0,1.0,0.7385364535431197
96,277c6ebd67da5320,True,1.0,1.0,0.5942124112797249,1.0,1.0,1.0,0.8309218380332187
97,4cf1c34e608158a6,True,1.0,1.0,1.0,1.0,1.0,1.0,1.0
98,9468f5ec72415a29,True,1.0,1.0,1.0,1.0,1.0,1.0,1.0
99,790e0f5c7fce5627,True,1.0,1.0,0.8113516880326314,1.0,1.0,1.0,0.9213965366802631
100,8e04fd5e1613597a,True,1.0,1.0,0.9531299370859515,1.0,1.0,1.0,0.9804708071191465
101,7df960d73e50560b,True,1.0,1.0,1.0,0.0,1.0,1.0,0.5833333333333334
102,13c76ba40a5e5987,True,1.0,1.0,0.4362952110380071,1.0,1.0,1.0,0.7651230045991696
103,a9ffe9bb174851e6,True,1.0,1.0,1.0,0.0,1.0,1.0,0.5833333333333334
104,08a80ada64475443,True,1.0,1.0,0.7987882152315364,1.0,1.0,1.0,0.9161617563464736
105,490f4995542058fc,True,1.0,1.0,1.0,1.0,1.0,1.0,1.0
106,0e2ed241aa315929,True,1.0,1.0,0.7126360395675712,1.0,1.0,1.0,0.8802650164864879
107,9820fb92380b522b,True,0.0,1.0,0.0,0.0,1.0,0.0,0.0
108,a728ab8233415a86,True,1.0,1.0,0.7009083498346045,1.0,1.0,1.0,0.8753784790977518
109,8f60912c624e5f5f,True,1.0,1.0,0.9288388934784579,1.0,1.0,1.0,0.9703495389493574
110,e55fc5c3ee36528b,True,1.0,1.0,1.0,1.0,1.0,1.0,1.0
111,c052667192cb5ade,True,1.0,1.0,0.7126091235778826,1.0,1.0,1.0,0.8802538014907845
112,b47df4a21c515394,True,1.0,1.0,0.5649409581307526,1.0,1.0,1.0,0.818725399221147
113,feb4ce395d4d54fb,True,1.0,1.0,0.9582119366799603,1.0,1.0,1.0,0.9825883069499834
114,26cae32c50095246,True,1.0,1.0,0.9046908252888205,1.0,1.0,1.0,0.9602878438703418
115,0769a262b53b589e,True,1.0,1.0,0.6945535956531553,1.0,1.0,1.0,0.8727306648554815
116,92da1e3c12fa54b6,True,1.0,1.0,0.48751417144727294,1.0,1.0,1.0,0.7864642381030303
117,e6e189b1aaa85d41,True,1.0,1.0,1.0,1.0,1.0,1.0,1.0
118,73864df7d2d25214,True,0.0,1.0,0.0,0.0,1.0,1.0,0.0
119,fb1c9ac223bf5bbe,True,1.0,1.0,1.0,1.0,1.0,1.0,1.0
120,0bab0d24762a596d,True,1.0,1.0,0.9752515152450538,1.0,1.0,1.0,0.9896881313521058
121,8cba6cacb16d5acc,True,1.0,1.0,0.8270842045264506,1.0,1.0,1.0,0.9279517518860211
122,5ebe40763ac05b5c,True,1.0,1.0,0.7931721200636959,1.0,1.0,1.0,0.9138217166932066
123,f3462625913a59c2,True,1.0,1.0,0.799017602395879,1.0,1.0,1.0,0.9162573343316162
124,873e300af5a95bf2,True,1.0,1.0,1.0,1.0,1.0,1.0,1.0
125,10b19bf49b67574f,True,1.0,1.0,0.5277684193299369,1.0,1.0,1.0,0.8032368413874736
126,94839be4b8c95789,True,1.0,1.0,1.0,1.0,1.0,1.0,1.0
127,3e09a3c33726545c,True,1.0,1.0,1.0,1.0,1.0,1.0,1.0
128,a067e1b873c8534d,True,1.0,1.0,0.5069722409855212,1.0,1.0,1.0,0.7945717670773004
129,cd41ee390afb5da7,True,1.0,1.0,0.7438322413024873,1.0,1.0,1.0,0.8932634338760362
130,b3b8a7989ba5519f,True,1.0,1.0,1.0,1.0,1.0,1.0,1.0
131,490f13844af5590d,True,1.0,1.0,1.0,1.0,1.0,1.0,1.0
132,84765426fd0a5a99,True,1.0,1.0,0.6579503946180788,1.0,1.0,1.0,0.857479331090866
133,c308037e34c45bed,True,1.0,1.0,0.8116564069546284,1.0,1.0,1.0,0.9215235028977619
134,4302a0a4b9f05b61,True,1.0,1.0,0.5409823190360235,1.0,1.0,1.0,0.8087426329316765
135,7cee421600545b00,True,1.0,1.0,0.7721110106877169,1.0,1.0,1.0,0.9050462544532154
136,f51f9c282b9a54aa,True,1.0,1.0,0.9654877225891471,1.0,1.0,1.0,0.9856198844121445
137,d91f0c28683e52da,True,1.0,1.0,1.0,1.0,1.0,1.0,1.0
138,1212ba4b68e95583,True,1.0,1.0,0.7964067772048702,1.0,1.0,1.0,0.9151694905020292
139,3e2a45dbe6fa50aa,True,1.0,1.0,0.9557855369583574,1.0,1.0,1.0,0.9815773070659822
140,ffb972d89b065422,True,1.0,1.0,1.0,1.0,1.0,1.0,1.0
141,ab8af92e0bda5def,True,1.0,1.0,1.0,1.0,1.0,1.0,1.0
142,27b8eae78cf05c1e,True,1.0,1.0,0.6254238364046891,1.0,1.0,1.0,0.8439265985019538
143,7e134ea5ffa259f2,True,1.0,1.0,0.7088736075659695,1.0,1.0,1.0,0.8786973364858207
144,31cacaff4fa25b87,True,1.0,1.0,0.640613551205353,1.0,1.0,1.0,0.8502556463355638
145,2e393fad09985c87,True,1.0,1.0,1.0,1.0,1.0,1.0,1.0
146,e0094ac69a8955fb,True,1.0,1.0,1.0,1.0,1.0,1.0,1.0
147,778dc72ff2ec5e94,True,1.0,1.0,0.8994073354408577,1.0,1.0,1.0,0.9580863897670241
148,25d6781d5063561a,True,1.0,1.0,0.8543244945240519,1.0,1.0,0.5,0.9393018727183549
149,a7fa674076175448,True,1.0,1.0,1.0,1.0,1.0,1.0,1.0
150,f94a9ce36b8e5516,True,1.0,1.0,0.7979626874817801,1.0,1.0,1.0,0.9158177864507416
151,883bb02a4f7c5f0a,True,1.0,1.0,1.0,1.0,1.0,1.0,1.0
152,5395d42cc65e5c06,True,1.0,1.0,0.8236008683881941,1.0,1.0,1.0,0.9265003618284142
153,09cd7b3746d65a79,True,1.0,0.0,0.0,1.0,1.0,1.0,0.0
154,4334739a7f4e554e,True,1.0,1.0,0.9550003242574073,1.0,1.0,1.0,0.981250135107253
155,23ad4e776c025531,True,1.0,1.0,0.6635101085656256,1.0,1.0,1.0,0.8597958785690106
156,f18efb3a137b529a,True,1.0,1.0,0.8534899969690186,1.0,1.0,1.0,0.9389541654037578
157,8d6e4249496b504c,True,1.0,1.0,0.609916369138042,1.0,1.0,1.0,0.8374651538075174
158,5ea2a4ecc18752fa,True,1.0,1.0,1.0,1.0,1.0,1.0,1.0
159,1ab2fedfbb4b5c2f,True,1.0,1.0,0.7160927242367328,1.0,1.0,1.0,0.8817053017653054
160,ad601a0f5b8350dd,True,1.0,1.0,0.7445331108177738,1.0,1.0,1.0,0.8935554628407392
161,cbe2fffee4105dbf,True,1.0,1.0,0.7980876445753212,1.0,1.0,1.0,0.9158698519063838
162,869ee63671f65126,True,1.0,1.0,0.8836452802203801,1.0,1.0,1.0,0.9515188667584917
163,a93fe1ec53155bf7,True,1.0,1.0,0.6487389548005372,1.0,1.0,1.0,0.8536412311668905
164,b27212debb885706,True,1.0,1.0,1.0,1.0,1.0,1.0,1.0
165,a2ed8d7503b85e2d,True,1.0,1.0,0.7781627478186226,1.0,1.0,1.0,0.9075678115910928
166,71e87d45fe895277,True,1.0,1.0,1.0,1.0,1.0,1.0,1.0
167,6a13232f3c97575a,True,1.0,1.0,0.7125606512943423,1.0,1.0,1.0,0.880233604705976
168,472899393e8f55e1,True,1.0,1.0,0.9131337019461958,1.0,1.0,1.0,0.9638057091442483
169,c1255801436851c4,True,1.0,1.0,0.7631742471074123,1.0,1.0,1.0,0.9013226029614217
170,f8e2454674f75e0f,True,1.0,1.0,0.8317191813818224,1.0,1.0,1.0,0.9298829922424261
171,980db9371e6b52de,True,1.0,0.0,0.0,1.0,1.0,0.0,0.0
172,b7784f3cdf6b5991,True,1.0,1.0,0.7571701061013273,1.0,1.0,1.0,0.8988208775422196
173,055dff3e32835333,True,1.0,1.0,0.720165829200486,1.0,1.0,1.0,0.8834024288335357
174,0c86ab0f851559e8,True,1.0,1.0,1.0,1.0,1.0,1.0,1.0
175,bd9af5e4299b5fb6,True,1.0,1.0,0.630780833827153,1.0,1.0,1.0,0.8461586807613136
176,d37e71f395695c6f,True,1.0,1.0,0.5151200620611793,1.0,1.0,1.0,0.7979666925254914
177,b691d77ef9ff5d5e,True,1.0,1.0,1.0,1.0,1.0,1.0,1.0
178,5cf3fc5bbafd57bf,True,1.0,1.0,0.8885967561939377,1.0,1.0,1.0,0.9535819817474741
179,1ad3e9d726b35d0e,True,1.0,1.0,1.0,1.0,1.0,1.0,1.0
180,3b0d8847b4a25a92,True,1.0,1.0,1.0,1.0,1.0,1.0,1.0
181,6a5a73243cbe5f1d,True,1.0,1.0,1.0,1.0,1.0,1.0,1.0
182,7a90cd45ef505058,True,1.0,1.0,0.9575186944510592,1.0,1.0,1.0,0.9822994560212747
183,ac6e1ca0ebe75e15,True,1.0,1.0,0.8505028461196376,1.0,1.0,1.0,0.9377095192165156
184,cf696c3ba1995fd8,True,1.0,1.0,0.5557178005131307,1.0,1.0,1.0,0.814882416880471
185,7da6ba784b8b5ff0,True,1.0,1.0,0.7655210187490773,1.0,1.0,1.0,0.9023004244787822
186,8671b777d49e5dea,True,0.0,1.0,0.0,0.0,1.0,1.0,0.0
187,60b3c9715d995c1d,True,1.0,1.0,1.0,1.0,1.0,1.0,1.0
188,c24424805c075539,True,1.0,1.0,1.0,1.0,1.0,1.0,1.0
189,b7c9a2a8db7d5b48,True,1.0,1.0,0.909456235511741,0.0,1.0,1.0,0.5456067647965588
190,1f248c6b5f2f5234,True,1.0,1.0,1.0,1.0,1.0,1.0,1.0
191,c543bad7f8ff5eae,True,1.0,1.0,0.9040082206991491,1.0,1.0,1.0,0.9600034252913122
192,fda0145d54065b7c,True,1.0,1.0,1.0,1.0,1.0,1.0,1.0
193,48f6a3bdc0bf5d64,True,1.0,1.0,0.755256270507245,1.0,1.0,1.0,0.8980234460446854
194,9311d9a2409c5224,True,1.0,1.0,0.5678211273575772,1.0,1.0,1.0,0.8199254697323238
195,5dbf07df40a55d2e,True,1.0,1.0,0.9549333824964014,1.0,1.0,1.0,0.981222242706834
196,a6e683b6f2a557a4,True,1.0,1.0,0.7108623399611177,1.0,1.0,1.0,0.879525974983799
197,1b8f0a989c8b5636,True,1.0,1.0,0.6743625307022388,1.0,1.0,1.0,0.8643177211259329
198,c2736d03415f515b,True,1.0,1.0,0.889788802568814,1.0,1.0,1.0,0.9540786677370058
199,66583dab627951a2,True,1.0,1.0,0.7235356924518312,1.0,1.0,1.0,0.8848065385215964
200,1719439969a55cc6,True,1.0,1.0,0.88648434921904,1.0,1.0,1.0,0.9527018121745999
201,342982275eb15441,True,1.0,1.0,0.5547625558032203,1.0,1.0,1.0,0.8144843982513418
202,67fee242b1a35834,True,1.0,1.0,0.917687208669623,1.0,1.0,1.0,0.9657030036123428
203,6083bfcb495d5f9a,True,1.0,1.0,0.8923466588777532,1.0,1.0,1.0,0.9551444411990638
204,ee86c71bc0765fd0,True,1.0,1.0,1.0,0.0,1.0,1.0,0.5833333333333334
205,8e9e20dde3ed5f0d,True,1.0,1.0,0.8818476111360293,0.0,1.0,1.0,0.5341031713066788
206,7af7ff61308e5e5c,True,1.0,1.0,0.4805888831872099,1.0,1.0,1.0,0.7835787013280041
207,fa7f471f19aa5806,True,1.0,1.0,0.9296518862755493,1.0,1.0,1.0,0.9706882859481455
208,0670d0c81a5550c4,True,1.0,1.0,0.8931392559607861,1.0,1.0,1.0,0.9554746899836609
209,ac3410e696505284,True,1.0,1.0,0.4001552570989821,1.0,1.0,1.0,0.7500646904579092
210,17bc4c71fc425620,True,1.0,1.0,1.0,0.0,1.0,0.5,0.5833333333333334
211,d39ff27c54d55ef1,True,1.0,1.0,0.8623312350215957,1.0,1.0,1.0,0.9426380145923315
212,b87ed2985e545397,True,0.0,1.0,0.0,0.0,1.0,1.0,0.0
213,b80d3fb49fc858d1,True,1.0,1.0,0.8652588279977869,1.0,1.0,1.0,0.9438578449990779
214,b27e6e6bf91d59be,True,1.0,1.0,0.6332817853502132,1.0,1.0,1.0,0.8472007438959221
215,c74dd20cc31755b0,True,1.0,1.0,0.6554897026116558,1.0,1.0,1.0,0.8564540427548565
216,349606982fb252ae,True,1.0,1.0,0.8586574774929971,1.0,1.0,1.0,0.9411072822887488
217,eb72736f2edf5380,True,1.0,1.0,0.6402373864682565,0.0,1.0,1.0,0.4334322443617735
218,2dd7293bcb445815,True,1.0,1.0,1.0,1.0,1.0,1.0,1.0
219,d697dea3ebba5047,True,1.0,0.0,0.0,0.0,1.0,1.0,0.0
220,faa12c2adc7c521f,True,1.0,0.0,0.0,1.0,1.0,0.0,0.0
221,669b4ffc8b8a5f21,True,1.0,1.0,0.6591635671936649,1.0,1.0,1.0,0.8579848196640271
222,60615c7f766c5a10,True,1.0,1.0,1.0,1.0,1.0,1.0,1.0
223,0bb3e400083659c7,True,1.0,1.0,1.0,1.0,1.0,1.0,1.0
224,2073f76964735ff7,True,1.0,1.0,0.5796816333660153,1.0,1.0,1.0,0.8248673472358398
225,99e3b8d3211f53d7,True,1.0,1.0,0.4375718404798613,1.0,1.0,1.0,0.7656549335332755
226,52a862ac6c845dbb,True,1.0,0.0,0.0,1.0,1.0,1.0,0.0
227,b090f02ef43f5d41,True,1.0,1.0,0.7321072862679178,1.0,1.0,1.0,0.8883780359449657
228,d67eda0cf1305a71,True,1.0,1.0,0.8710397547913865,1.0,1.0,1.0,0.946266564496411
229,d08756521e64547e,True,1.0,1.0,1.0,1.0,1.0,1.0,1.0
230,b50b8f11d75a5cb0,True,1.0,1.0,0.949820796139797,1.0,1.0,1.0,0.9790919983915821
231,9cf612ff6e4f5bd5,True,1.0,1.0,1.0,0.0,1.0,0.0,0.5833333333333334
232,a1d7b6056b4b5566,True,1.0,1.0,0.7824261493451055,1.0,1.0,1.0,0.909344228893794
233,3dcb4ddd8afe598d,True,1.0,1.0,0.8643710658392968,1.0,1.0,1.0,0.943487944099707
234,d44241b93dc95d36,True,1.0,1.0,0.9983550320883102,1.0,1.0,1.0,0.9993145967034627
235,7f890846214d583a,True,1.0,1.0,0.7876223882579816,1.0,1.0,1.0,0.9115093284408257
236,bd0f9349cc1053a3,True,1.0,1.0,1.0,1.0,1.0,1.0,1.0
237,a66477a84cc05f05,True,1.0,1.0,1.0,1.0,1.0,1.0,1.0
238,7dbe342f2b1c57c5,True,1.0,1.0,0.9507815189145334,1.0,1.0,1.0,0.9794922995477222
239,cbe3a6c80bfb5327,True,0.0,1.0,0.0,0.0,1.0,1.0,0.0
240,d8320bd0be9a50b3,True,1.0,1.0,1.0,0.0,1.0,1.0,0.5833333333333334
241,166d08e80654527d,True,1.0,1.0,1.0,1.0,1.0,1.0,1.0
242,8ead980b5c845769,True,1.0,1.0,1.0,1.0,1.0,1.0,1.0
243,1ebc11a17d925215,True,1.0,1.0,0.7168494511464767,1.0,1.0,1.0,0.8820206046443652
244,5aac73b6f21a5a86,True,1.0,1.0,1.0,1.0,1.0,1.0,1.0
245,a02d58c7e9ee50f5,True,0.0,1.0,0.0,0.0,1.0,1.0,0.0
246,584d2d7503175ef5,True,1.0,1.0,0.868064542085658,1.0,1.0,1.0,0.9450268925356907
247,f1b802f6e9a559af,True,1.0,1.0,0.9862449018220211,1.0,1.0,1.0,0.9942687090925088
248,5ea36cebd2575b16,True,1.0,1.0,1.0,0.0,1.0,1.0,0.5833333333333334
249,cacf768cc27e5574,True,1.0,1.0,0.404288038164072,1.0,1.0,1.0,0.7517866825683633
250,e694a2cdf01e52b8,True,1.0,1.0,0.6492220103791466,1.0,1.0,1.0,0.8538425043246445
251,8625ec015e075c02,True,1.0,1.0,0.9050915751360484,1.0,1.0,1.0,0.9604548229733535
252,35dbc03efb3c5f00,True,1.0,1.0,0.8323371755542299,1.0,1.0,1.0,0.9301404898142623
253,39f81c49a1ba5f41,True,1.0,1.0,1.0,1.0,1.0,1.0,1.0
254,6881586931a25031,True,1.0,1.0,0.9275153440244557,1.0,1.0,1.0,0.96979806001019
255,a807cfefb041572b,True,1.0,1.0,0.9770687799124598,1.0,1.0,1.0,0.9904453249635249
256,b5d72ce63e11581b,True,1.0,1.0,0.953921804147936,1.0,1.0,1.0,0.9808007517283066
257,7fdfa29d75525f46,True,1.0,1.0,1.0,1.0,1.0,1.0,1.0
258,32a9021303f65743,True,1.0,1.0,1.0,1.0,1.0,1.0,1.0
259,cf43204828af5513,True,1.0,1.0,1.0,1.0,1.0,1.0,1.0
260,46aea2dcb1485353,True,1.0,1.0,1.0,1.0,1.0,1.0,1.0
261,7dac1567fa8d574c,True,1.0,1.0,0.8012939822927865,1.0,1.0,1.0,0.9172058259553277
262,880d9918a2635d59,True,1.0,1.0,0.39841302593135264,1.0,1.0,1.0,0.7493387608047303
263,fcb45b2aa29356d9,True,1.0,1.0,0.9623776405443256,1.0,1.0,1.0,0.9843240168934689
264,ca41dc3231965d47,True,1.0,1.0,0.9572358365333562,1.0,1.0,1.0,0.9821815985555652
265,cd59c2696d01521a,True,1.0,1.0,0.47388071588959313,1.0,1.0,1.0,0.7807836316206638
266,f740386a50c45238,True,1.0,1.0,1.0,1.0,1.0,1.0,1.0
267,bca002ce93bd5997,True,1.0,1.0,0.8840989916430113,1.0,1.0,1.0,0.9517079131845879
268,ce28bbe99d7f5f43,True,1.0,1.0,0.8214876633815404,1.0,1.0,1.0,0.9256198597423085
269,1a1aa689c53951ba,True,1.0,1.0,1.0,1.0,1.0,1.0,1.0
270,0802a51b0a1d512c,True,1.0,1.0,0.22910328161652552,1.0,1.0,1.0,0.6787930340068856
271,d01d51c26594547c,True,1.0,1.0,1.0,1.0,1.0,1.0,1.0
272,8eeeb7c3d5b158d8,True,1.0,1.0,1.0,0.0,1.0,1.0,0.5833333333333334
273,e194e033ee72504a,True,1.0,1.0,0.829371848119984,0.0,1.0,1.0,0.5122382700499933
274,604f30d83d8652ae,True,1.0,1.0,1.0,1.0,1.0,1.0,1.0
275,419ff14e34c45d7f,True,1.0,1.0,0.7039964717040141,1.0,1.0,1.0,0.8766651965433393
276,e31131deed6656ea,True,1.0,1.0,1.0,1.0,1.0,1.0,1.0
277,9b1bea0cc0d75583,True,1.0,0.0,0.0,1.0,1.0,0.0,0.0
278,407b876e623a5c51,True,1.0,1.0,1.0,1.0,1.0,1.0,1.0
279,cb52442dd7165211,True,1.0,1.0,0.8490116840007621,1.0,1.0,1.0,0.9370882016669843
280,182fe7c6dd5b5e44,True,1.0,1.0,1.0,1.0,1.0,1.0,1.0
281,e5224fa3a0f95b04,True,1.0,1.0,0.5590718818151784,1.0,1.0,1.0,0.8162799507563244
282,92729339932751f6,True,1.0,1.0,0.7950124980161908,1.0,1.0,1.0,0.9145885408400796
283,616382bea2ff5853,True,1.0,1.0,0.8511455394440395,1.0,1.0,1.0,0.9379773081016832
284,61046515c9885bf5,True,1.0,1.0,0.6108696040070641,1.0,1.0,1.0,0.8378623350029434
285,cde54c98cbec5255,True,1.0,1.0,0.6924272879993107,1.0,1.0,1.0,0.8718447033330462
286,5009bb0ce61b5921,True,1.0,1.0,0.8685381199710104,1.0,1.0,1.0,0.9452242166545877
287,6aa26df6c6d052cb,True,1.0,1.0,0.6323135434034088,1.0,1.0,1.0,0.8467973097514204
288,ddc62293e7875556,True,1.0,1.0,0.8402514457708269,1.0,1.0,1.0,0.9334381024045113
289,0da11f45cc1b51ac,True,1.0,1.0,0.8823434901551536,1.0,1.0,1.0,0.950976454231314
290,d398c8ceafe050be,True,1.0,1.0,0.9049651906593081,1.0,1.0,1.0,0.9604021627747117
291,14b6e7ce317d531f,True,1.0,1.0,0.9340539295045861,0.0,1.0,1.0,0.5558558039602443
292,1164ea5308cf5aae,True,1.0,1.0,1.0,1.0,1.0,1.0,1.0
293,84b38cdaa93e5dcd,True,1.0,1.0,0.907898719201553,1.0,1.0,1.0,0.9616244663339805
294,0bf5bbbd53fe5ea6,True,1.0,1.0,1.0,1.0,1.0,1.0,1.0
295,74d1662073cd5fc1,True,1.0,1.0,1.0,1.0,1.0,1.0,1.0
296,1ea152f7056659a9,True,1.0,0.0,0.0,1.0,1.0,1.0,0.0
297,aa7d4f9537495b1f,True,1.0,1.0,0.6406308443930544,1.0,1.0,1.0,0.8502628518304394
298,fd2de60bf6745e9a,True,1.0,1.0,0.8187386753123649,1.0,1.0,1.0,0.9244744480468187
299,358d973661955d68,True,1.0,1.0,1.0,1.0,1.0,1.0,1.0
300,bb870b710b7a53e8,True,1.0,1.0,1.0,1.0,1.0,1.0,1.0
301,887e4d57da835b12,True,1.0,1.0,1.0,1.0,1.0,1.0,1.0
302,abdc7a57df4a56cd,True,1.0,1.0,1.0,1.0,1.0,1.0,1.0
303,1ed9f27f63645f09,True,1.0,1.0,1.0,1.0,1.0,1.0,1.0
304,c40e41ba1a285e0d,True,1.0,1.0,1.0,1.0,1.0,1.0,1.0
305,3420dd4340635018,True,1.0,1.0,0.9149160406004465,1.0,1.0,1.0,0.964548350250186
306,14c2bb3737ab519c,True,1.0,1.0,0.7714031460263753,1.0,1.0,1.0,0.9047513108443231
307,2b482f615de15efb,True,0.0,1.0,0.0,1.0,1.0,1.0,0.0
308,3866b4b85a135f66,True,1.0,1.0,0.920384447204866,1.0,1.0,1.0,0.9668268530020274
309,59402b7bd60b5da7,True,1.0,1.0,0.4617146519119682,1.0,1.0,1.0,0.7757144382966534
310,c778933c0b8f5093,True,1.0,1.0,1.0,1.0,1.0,1.0,1.0
311,7d399fe8e4335fc3,True,1.0,1.0,0.6402454487331273,1.0,1.0,1.0,0.8501022703054697
312,6b895016e28d513c,True,1.0,1.0,1.0,1.0,1.0,1.0,1.0
313,c054f473288d5515,True,1.0,1.0,0.6067389284554584,1.0,1.0,1.0,0.8361412201897743
314,42559fd839fa54b2,True,1.0,1.0,0.5964045401695296,1.0,1.0,1.0,0.8318352250706372
315,fa3c2377e39c52e3,True,1.0,1.0,0.851719251091935,1.0,1.0,1.0,0.9382163546216397
316,607298120f23583c,True,1.0,1.0,0.9611196992237127,1.0,1.0,1.0,0.983799874676547
317,36f34c9e02a15801,True,1.0,1.0,0.9770792068738599,1.0,1.0,1.0,0.9904496695307751
318,c98ef0c5c89c51d6,True,1.0,0.0,0.0,1.0,1.0,1.0,0.0
319,611a1729dd145afb,True,1.0,1.0,1.0,1.0,1.0,1.0,1.0
320,98c7a48dd75052ab,True,1.0,1.0,0.6575353142960607,1.0,1.0,1.0,0.857306380956692
321,3b1e0182cb145b8d,True,1.0,0.0,0.0,1.0,1.0,0.5,0.0
322,04e105927ad451ab,True,1.0,1.0,0.7794953273976712,1.0,1.0,1.0,0.9081230530823631
323,81935f2cb7d45945,True,1.0,1.0,0.70950250127435,1.0,1.0,1.0,0.8789593755309791
324,994db6ebee835fbd,True,1.0,1.0,0.8264353499493112,1.0,1.0,1.0,0.927681395812213
325,c988ef2f076359de,True,1.0,1.0,1.0,1.0,1.0,1.0,1.0
326,60991b5c52d85113,True,1.0,1.0,1.0,1.0,1.0,1.0,1.0
327,8d4601efa6b6581e,True,1.0,1.0,1.0,1.0,1.0,1.0,1.0
328,ef23fc3dea3551b5,True,1.0,1.0,1.0,1.0,1.0,1.0,1.0
329,cd9db9ad41d35989,True,1.0,1.0,0.690177178238256,1.0,1.0,1.0,0.8709071575992734
330,17d8604b0bc65ce5,True,1.0,1.0,1.0,1.0,1.0,1.0,1.0
331,6d26431aced45f83,True,1.0,1.0,0.7007228340549849,1.0,1.0,1.0,0.8753011808562438
332,d9150469e9885120,True,1.0,1.0,0.7249679089201183,1.0,1.0,1.0,0.8854032953833827
333,84a832f4cdbc5aef,True,1.0,1.0,1.0,1.0,1.0,1.0,1.0
334,7b429e3d4ad159a2,True,1.0,1.0,1.0,0.0,1.0,1.0,0.5833333333333334
335,93d5e0dd29bc5e7c,True,1.0,1.0,1.0,0.0,1.0,1.0,0.5833333333333334
336,26565788812b5fde,True,1.0,1.0,0.9472249281101329,1.0,1.0,1.0,0.9780103867125552
337,fccd90b794b15d6a,True,1.0,1.0,1.0,1.0,1.0,1.0,1.0
338,c68108211dfa57e0,True,1.0,1.0,0.40881612910838483,1.0,1.0,1.0,0.7536733871284937
339,3972714235c35bcc,True,1.0,1.0,1.0,1.0,1.0,1.0,1.0
340,e814805effdb5b56,True,1.0,1.0,0.603553380278547,1.0,1.0,1.0,0.8348139084493945
341,aaf949be7f2150df,True,1.0,1.0,0.5807947771473367,1.0,1.0,1.0,0.8253311571447236
342,c820630081b056f7,True,1.0,1.0,0.5955335956627492,1.0,1.0,1.0,0.8314723315261455
343,3eb063189dd15649,True,1.0,1.0,0.9134737050865938,1.0,1.0,1.0,0.963947377119414
344,47359dd210e254ea,True,1.0,1.0,1.0,1.0,1.0,1.0,1.0
345,a8afec520f035a68,True,1.0,1.0,0.8888944641364691,1.0,1.0,1.0,0.9537060267235288
346,2fa0f34bd2da5b39,True,1.0,1.0,0.7392900003237338,1.0,1.0,1.0,0.8913708334682223
347,b022d508550251bf,True,1.0,1.0,1.0,1.0,1.0,1.0,1.0
348,8df9b515d98e5c38,True,1.0,1.0,0.9348023194455015,1.0,1.0,1.0,0.9728342997689591
349,8c8694effde754e6,True,1.0,1.0,0.6965805241969755,1.0,1.0,1.0,0.8735752184154064
350,885f450f0b875861,True,1.0,1.0,1.0,0.0,1.0,1.0,0.5833333333333334
351,c77dbdd287825d1a,True,1.0,1.0,0.8220366029548348,1.0,1.0,1.0,0.9258485845645145
352,2e67ddf209365112,True,1.0,1.0,0.871140910301065,1.0,1.0,1.0,0.9463087126254438
353,c2ddfc9b18815c97,True,1.0,1.0,0.8541778075803381,1.0,1.0,1.0,0.9392407531584742
354,be851166b6665891,True,1.0,1.0,0.9150715674835728,1.0,1.0,1.0,0.9646131531181553
355,b04c892043a352d3,True,1.0,1.0,1.0,1.0,1.0,1.0,1.0
356,283f39e817575b93,True,1.0,1.0,0.5887544395853062,1.0,1.0,1.0,0.8286476831605443
357,f5b613e3fa03593d,True,1.0,1.0,0.9501812253627879,1.0,1.0,1.0,0.9792421772344949
358,ac47687039a75848,True,1.0,1.0,0.8113374094049192,1.0,1.0,1.0,0.9213905872520497
359,fbd963d6b7e750a6,True,1.0,1.0,0.9219536251561676,1.0,1.0,1.0,0.9674806771484032
360,56f5294b63df53b9,True,1.0,1.0,0.9400320082855834,1.0,1.0,1.0,0.9750133367856598
361,2ad9640eb724590d,True,1.0,1.0,0.6796749930649745,1.0,1.0,0.5,0.8665312471104061
362,da01de71bce95578,True,1.0,1.0,0.9276888136269927,1.0,1.0,1.0,0.969870339011247
363,9bbdfa78ebc85eec,True,0.5,1.0,0.8118046634907188,0.0,1.0,1.0,0.2524593048938997
364,d615904971e05b5a,True,1.0,1.0,0.9994994257962679,1.0,1.0,1.0,0.9997914274151117
365,1c2140b2eac55906,True,1.0,1.0,1.0,1.0,1.0,1.0,1.0
366,8e7906efc10a5e42,True,1.0,1.0,0.47236627909949724,1.0,1.0,0.5,0.7801526162914572
367,850551ecc7a35ebf,True,1.0,1.0,1.0,1.0,1.0,1.0,1.0
368,e668948b1c0f5b82,True,1.0,1.0,1.0,1.0,1.0,1.0,1.0
369,da6bafca1d9f5b58,True,1.0,1.0,0.5659485991109822,1.0,1.0,1.0,0.8191452496295759
370,2f6b9bbb16cb59ba,True,1.0,1.0,0.70135738643758,1.0,1.0,1.0,0.875565577682325
371,a572393e361e5b6c,True,1.0,1.0,0.839335886350818,1.0,1.0,1.0,0.9330566193128408
372,9e1761b29988514c,True,1.0,1.0,1.0,1.0,1.0,1.0,1.0
373,170ea72e455e5e57,True,1.0,1.0,1.0,1.0,1.0,1.0,1.0
374,5303407715805679,True,1.0,1.0,0.9332038277048103,1.0,1.0,1.0,0.972168261543671
375,966e42e47cc85a5c,True,1.0,1.0,0.540912926547583,1.0,1.0,1.0,0.8087137193948263
376,dc47dc70547551f6,True,1.0,1.0,0.5922858126588887,1.0,1.0,1.0,0.8301190886078702
377,92beafb962d457db,True,1.0,1.0,0.7970204771165872,1.0,1.0,1.0,0.915425198798578
378,5f42f18776195578,True,1.0,1.0,0.6825446286361508,1.0,1.0,1.0,0.8677269285983962
379,6b68c09f87b85dc8,True,1.0,1.0,1.0,1.0,1.0,1.0,1.0
380,ffb2d865d42e57c0,True,1.0,1.0,0.9949404451788881,1.0,1.0,1.0,0.99789185215787
381,dd72153f54fa59e7,True,1.0,1.0,0.7344113918067068,1.0,1.0,1.0,0.8893380799194611
382,48183678cb965e68,True,1.0,1.0,0.42873900689282624,1.0,1.0,1.0,0.7619745862053442
383,2dd2bd50fcc458d7,True,1.0,1.0,0.576059442116266,1.0,1.0,1.0,0.8233581008817775
384,c0a14b9e841a5aee,True,1.0,0.0,0.0,1.0,1.0,1.0,0.0
385,2a3ab48ae28f5e90,True,1.0,1.0,0.8810972314516622,1.0,1.0,1.0,0.9504571797715259
386,e7b269e3a51c5713,True,1.0,1.0,0.7827559682669974,1.0,1.0,1.0,0.9094816534445823
387,6fa01275a4525b26,True,1.0,1.0,0.8071826762405628,1.0,1.0,1.0,0.9196594484335678
388,534e6a7d7e8c528b,True,1.0,1.0,0.8504223515594772,1.0,1.0,1.0,0.9376759798164489
389,94ae12c4703950be,True,1.0,1.0,0.7555710534825881,1.0,1.0,1.0,0.8981546056177451
390,e0ae2ba5807f558a,True,1.0,1.0,0.7971915992778154,1.0,1.0,1.0,0.9154964996990897
391,807f6b90b60d5685,True,1.0,1.0,0.5646970369105699,0.0,1.0,1.0,0.40195709871273744
392,68ece717ce6553e7,True,1.0,1.0,0.8753194374672307,1.0,1.0,1.0,0.9480497656113461
393,de03efda68e65021,True,1.0,1.0,0.6820954555787384,1.0,1.0,1.0,0.8675397731578077
394,4495218e41b35f25,True,1.0,1.0,1.0,1.0,1.0,1.0,1.0
395,43c74ea303715baf,True,1.0,1.0,0.3702801868768056,1.0,1.0,1.0,0.7376167445320023
396,b4899f9464d058f2,True,1.0,1.0,0.6521312666174351,1.0,1.0,1.0,0.8550546944239313
397,9483bda6b31259bd,True,1.0,1.0,0.704533239979723,1.0,1.0,1.0,0.8768888499915511
398,947829285f5d5526,True,1.0,1.0,0.850620790733841,1.0,1.0,1.0,0.9377586628057671
399,12ca80cc0d575578,True,1.0,1.0,1.0,1.0,1.0,1.0,1.0
400,c6aec764d6d059e9,True,1.0,1.0,0.7512331743123113,1.0,1.0,1.0,0.896347155963463
401,40c083a3c4ff5b45,True,1.0,1.0,0.7460752918982134,1.0,1.0,1.0,0.8941980382909223
402,7597912d2a175b46,True,1.0,1.0,1.0,1.0,1.0,1.0,1.0
403,f87414e8321c5fa7,True,1.0,1.0,0.8471018911662848,1.0,1.0,1.0,0.9362924546526186
404,cb70f332bc5f5bcf,True,1.0,1.0,0.8841305682751539,1.0,1.0,1.0,0.9517210701146475
405,f3c9dcda27ba51a7,True,1.0,1.0,0.8529904406037543,1.0,1.0,1.0,0.938746016918231
406,237b75204e495145,True,1.0,1.0,0.70198158417075,1.0,1.0,0.5,0.8758256600711457
407,677d8d1e838b5793,True,1.0,1.0,0.5378171872130616,1.0,1.0,1.0,0.8074238280054423
408,bf896d504b4356c7,True,1.0,1.0,0.34407342259480805,1.0,1.0,1.0,0.7266972594145034
409,714a2012b2a75d4f,True,1.0,1.0,0.7729400953763499,1.0,1.0,1.0,0.9053917064068124
410,71af26e14ba65545,True,0.0,0.0,0.0,0.0,1.0,0.5,0.0
411,143234de18d5587f,True,1.0,1.0,0.8724787284082951,1.0,1.0,1.0,0.9468661368367896
412,8d5d769b1f1e5802,True,1.0,1.0,0.7878158293062544,1.0,1.0,1.0,0.911589928877606
413,936037f7683c50e8,True,1.0,1.0,0.6723797561847759,1.0,1.0,1.0,0.86349156507699
414,1ca03ed089925396,True,1.0,1.0,0.9321639164927141,1.0,1.0,1.0,0.9717349652052976
415,5a7626d57d61594b,True,1.0,1.0,0.4459561753801523,1.0,1.0,1.0,0.7691484064083968
416,6d024ab27b8e517b,True,1.0,1.0,0.9875450811596659,1.0,1.0,1.0,0.994810450483194
417,0c0044f312655c94,True,1.0,1.0,0.4108046411486327,1.0,1.0,1.0,0.7545019338119303
418,d2b3f402ba0f55c3,True,1.0,1.0,1.0,1.0,1.0,1.0,1.0
419,e3d7979e2cfb5441,True,1.0,1.0,1.0,1.0,1.0,1.0,1.0
420,3d43337c0e6b5910,True,1.0,1.0,0.4944416579346313,1.0,1.0,1.0,0.7893506908060964
421,c1553b5b161e5db1,True,1.0,1.0,0.6518218896937525,1.0,1.0,1.0,0.8549257873723969
422,92d2f07fc6075f5d,True,1.0,1.0,1.0,1.0,1.0,1.0,1.0
423,d05f1fb1af98505d,True,1.0,1.0,0.781368911767172,1.0,1.0,1.0,0.9089037132363217
424,7e8549121120596a,True,1.0,1.0,0.9188785210279504,1.0,1.0,1.0,0.966199383761646
425,e2e2578cd6b6505f,True,1.0,1.0,0.5582637890634793,1.0,1.0,1.0,0.8159432454431164
426,f8b10bcaa98a53e8,True,0.0,1.0,0.0,0.0,1.0,1.0,0.0
427,05965158ab845b47,True,1.0,1.0,0.8752357567646086,1.0,1.0,1.0,0.9480148986519202
428,a7fb000f96b35f94,True,1.0,1.0,0.8266247149410179,1.0,1.0,1.0,0.9277602978920907
429,520e72270acb562a,True,0.0,1.0,0.0,0.0,1.0,1.0,0.0
430,7762b47b2ed156a9,True,1.0,1.0,0.7406545397169239,1.0,1.0,1.0,0.8919393915487183
431,b8f2f60346035cb0,True,1.0,1.0,0.601812996492705,1.0,1.0,1.0,0.834088748538627
432,537935a8e7b653f2,True,1.0,1.0,0.5181491970259828,1.0,1.0,1.0,0.7992288320941595
433,79596c3c8ac45e5e,True,1.0,1.0,1.0,1.0,1.0,1.0,1.0
434,667afe1f010351c5,True,1.0,1.0,0.4173580627361622,1.0,1.0,1.0,0.7572325261400676
435,3c3991ec8d7a5507,True,1.0,1.0,0.29900302019020963,1.0,1.0,1.0,0.7079179250792539
436,b5b57305df6f5b99,True,0.0,1.0,0.0,0.0,1.0,1.0,0.0
437,1ac0023fd2655313,True,1.0,1.0,0.8581972787008442,1.0,1.0,1.0,0.9409155327920183
438,6ff86f7f95cb502a,True,1.0,1.0,1.0,1.0,1.0,1.0,1.0
439,a6f3c89c3d745a5b,True,1.0,1.0,0.5720223222455535,1.0,1.0,1.0,0.8216759676023139
440,96d9a24139ca5ad4,True,1.0,1.0,0.7846348132013561,1.0,1.0,1.0,0.910264505500565
441,ffd429cac51751d9,True,1.0,1.0,0.8727013733746839,1.0,1.0,1.0,0.9469589055727848
442,9020d65504e554b3,True,1.0,0.0,0.0,1.0,1.0,1.0,0.0
443,b5b46d4db32a5d8c,True,1.0,1.0,0.999601104398196,1.0,1.0,1.0,0.9998337934992483
444,9e787f2f65a85f08,True,1.0,1.0,0.49604503968366515,1.0,1.0,1.0,0.7900187665348605
445,0dd3297ee86d56c9,True,1.0,1.0,1.0,1.0,1.0,1.0,1.0
446,c66c7433e8855d01,True,1.0,1.0,0.869633447176924,1.0,1.0,1.0,0.945680602990385
447,18e40fd61be753b9,True,1.0,1.0,0.7121841350216431,1.0,1.0,1.0,0.8800767229256846
448,905ab0794c235f69,True,1.0,1.0,0.9210537147944795,1.0,1.0,1.0,0.9671057144976998
449,efc8eef1e7b551d9,True,1.0,1.0,0.4998301529175934,1.0,1.0,1.0,0.7915958970489972
450,404a7bf372cb5eac,True,1.0,1.0,0.6347377712841442,1.0,1.0,1.0,0.8478074047017268
451,fe520672ef8f5770,True,1.0,1.0,0.7551663705628723,1.0,1.0,1.0,0.8979859877345301
452,2eb015a011ac5fa2,True,1.0,1.0,1.0,1.0,1.0,1.0,1.0
453,94500c64b0e457bb,True,1.0,1.0,0.773716517667666,1.0,1.0,1.0,0.9057152156948609
454,79cfc07ef4645c81,True,1.0,1.0,0.5504191610795078,1.0,1.0,1.0,0.8126746504497949
455,63eeb15e6e3e5504,True,1.0,1.0,0.8209592925569472,1.0,1.0,1.0,0.9253997052320614
456,7602fcbad344586a,True,1.0,1.0,0.37877384702066824,1.0,1.0,1.0,0.7411557695919452
457,19768d49bbd45f08,True,1.0,1.0,0.8956634177344216,1.0,1.0,1.0,0.9565264240560091
458,68ba9a9b2d6f572d,True,1.0,1.0,0.6492384114772538,1.0,1.0,1.0,0.8538493381155224
459,9b7eb62d80db55e7,True,1.0,1.0,0.9344465080924462,1.0,1.0,1.0,0.9726860450385192
460,c1f91d06e8285351,True,1.0,1.0,0.8503708891329756,1.0,1.0,1.0,0.9376545371387399
461,8f5610a77c3257f9,True,1.0,1.0,0.7402186977777284,1.0,1.0,1.0,0.8917577907407201
462,cc2587bf27c75cc2,True,1.0,1.0,1.0,1.0,1.0,1.0,1.0
463,25f4a620bd5f51cc,True,1.0,1.0,0.7546726593145718,1.0,1.0,1.0,0.897780274714405
464,dea63e35e7545f27,True,1.0,1.0,0.6347433189887759,1.0,1.0,1.0,0.8478097162453233
465,447a983c9fc45077,True,1.0,1.0,1.0,1.0,1.0,1.0,1.0
466,9f841033bc335965,True,1.0,0.0,0.0,1.0,1.0,1.0,0.0
467,b4eb56fcd01857bb,True,1.0,1.0,0.6844860744004867,1.0,1.0,1.0,0.8685358643335362
468,4e60581353585fdc,True,1.0,1.0,0.7433822128285952,0.0,1.0,1.0,0.476409255345248
469,fd8d10736c675232,True,1.0,1.0,0.8070607184581162,1.0,1.0,1.0,0.9196086326908818
470,3f188244418552d9,True,1.0,1.0,0.6123056272126157,1.0,1.0,1.0,0.8384606780052565
471,205cce163e5a5b46,True,1.0,1.0,1.0,1.0,1.0,1.0,1.0
472,21d4990a6b4f597a,True,1.0,1.0,0.6138078154462984,1.0,1.0,1.0,0.8390865897692911
473,b562ff054b765717,True,1.0,0.0,0.0,1.0,1.0,1.0,0.0
474,ad2ceb40a046543c,True,1.0,1.0,0.8661321117285483,1.0,1.0,1.0,0.9442217132202284
475,9696a32e868259e3,True,1.0,1.0,0.9998598719538233,1.0,1.0,1.0,0.999941613314093
476,0ca7781c66ea5fc9,True,1.0,1.0,0.5669864570918757,1.0,1.0,1.0,0.8195776904549481
477,06753f6c597f512b,True,1.0,1.0,0.9759960981899884,1.0,1.0,1.0,0.9899983742458285
478,caa3170f8c3b5cfe,True,1.0,1.0,0.5773771688089144,1.0,1.0,1.0,0.823907153670381
479,da4d89151b245e0c,True,1.0,1.0,0.5629663384537564,1.0,1.0,1.0,0.8179026410223985
480,d4358e3962b758ce,True,1.0,1.0,0.9401936369416849,1.0,1.0,0.0,0.9750806820590353
481,57af94e8290254bb,True,1.0,1.0,0.8484971421599103,1.0,1.0,1.0,0.9368738092332961
482,eb19160d56255b73,True,1.0,1.0,0.98358027476121,1.0,1.0,1.0,0.9931584478171708
483,e0b7d625d3f55cd8,True,1.0,1.0,0.7883010894250166,1.0,1.0,1.0,0.9117921205937569
484,5d7eedc503ef575c,True,1.0,1.0,1.0,0.0,1.0,1.0,0.5833333333333334
485,a584a676d2b859c7,True,1.0,1.0,1.0,1.0,1.0,1.0,1.0
486,89766121ee605be0,True,1.0,1.0,0.9636285344388521,1.0,1.0,0.0,0.9848452226828549
487,85b599a5e238576a,True,1.0,1.0,0.36169792772696924,1.0,1.0,1.0,0.7340408032195705
488,ec8a3deaeb1a53ac,True,1.0,1.0,0.5287874691374734,1.0,1.0,1.0,0.8036614454739471
489,b8deacee10515f02,True,1.0,1.0,0.6929330339746814,1.0,1.0,1.0,0.8720554308227838
490,3336f42a7e175d0b,True,1.0,1.0,0.9510864030574073,1.0,1.0,1.0,0.979619334607253
491,75c91bd683535274,True,1.0,1.0,0.8616051459998793,1.0,1.0,1.0,0.9423354774999497
492,86027694aed550bd,True,1.0,1.0,1.0,1.0,1.0,1.0,1.0
493,e2ae05340dba502d,True,1.0,0.0,0.0,1.0,1.0,0.5,0.0
494,f4cc7553b85f5fb0,True,1.0,1.0,0.43150178621896473,1.0,1.0,1.0,0.763125744257902
495,190c8d0cece45af1,True,1.0,1.0,0.9447124769331471,1.0,1.0,1.0,0.9769635320554779
496,542bec9a7d6e5c52,True,1.0,1.0,0.7869806776971611,0.0,1.0,1.0,0.49457528237381715
497,5b707d3c85dd5ff0,True,1.0,1.0,0.7914869507463442,1.0,1.0,1.0,0.9131195628109768
498,980f649f5cef5434,True,1.0,1.0,1.0,1.0,1.0,1.0,1.0
499,652e91c4f9b1505a,True,1.0,1.0,0.7518396477557878,1.0,1.0,1.0,0.8965998532315783
500,86db4cfb30b55a5e,True,1.0,1.0,0.7723658877162224,1.0,1.0,1.0,0.9051524532150926
501,bc88b69c56ec5a0f,True,1.0,1.0,0.6587464649536905,1.0,1.0,1.0,0.8578110270640377
502,04715723caea505e,True,1.0,1.0,1.0,1.0,1.0,1.0,1.0
503,f9349f5d723b5421,True,1.0,1.0,0.9619570227968601,1.0,1.0,1.0,0.9841487594986917
504,5a03ac06c53d5b19,True,1.0,1.0,1.0,0.0,1.0,1.0,0.5833333333333334
505,360b5fec28655626,True,1.0,1.0,1.0,1.0,1.0,1.0,1.0
506,303e7dd5717f54cd,True,1.0,0.0,0.0,1.0,1.0,1.0,0.0
507,d5bf13024f755ee4,True,1.0,1.0,0.40383922249466725,1.0,1.0,1.0,0.7515996760394447
508,0dc4e0a3f0195741,True,1.0,1.0,0.7653950023170774,1.0,1.0,1.0,0.9022479176321155
509,c18b1648f6045467,True,1.0,1.0,0.39645960449502354,1.0,1.0,1.0,0.7485248352062598
510,89a0561418585e07,True,1.0,1.0,0.684475682039692,0.0,1.0,1.0,0.45186486751653837
511,7e9101f6d01a53e0,True,1.0,1.0,0.6533152107606169,1.0,1.0,1.0,0.8555480044835905
512,7ce6c5c094c55055,True,1.0,1.0,0.8855775728111557,1.0,1.0,1.0,0.9523239886713148
513,40d24af6505f50c9,True,1.0,1.0,0.6981433587114917,1.0,1.0,1.0,0.8742263994631215
514,a3af72210c7553c4,True,1.0,0.0,0.0,1.0,1.0,1.0,0.0
515,5350c9f947cb5482,True,1.0,1.0,0.8034739881861653,1.0,1.0,1.0,0.9181141617442355
516,3cc3ea967df55cf0,True,1.0,1.0,0.8974900649779319,1.0,1.0,1.0,0.9572875270741384
517,e14d9a1990535a29,True,1.0,0.0,0.0,1.0,1.0,1.0,0.0
518,3fb200a0fddb5c8e,True,1.0,1.0,1.0,1.0,1.0,1.0,1.0
519,4d8c41cf686957d1,True,1.0,1.0,1.0,1.0,1.0,1.0,1.0
520,1d538fa6a8825de1,True,1.0,1.0,1.0,1.0,1.0,1.0,1.0
521,1ea920764abe5dcb,True,1.0,1.0,0.9296674955839171,1.0,1.0,1.0,0.9706947898266322
522,60a560bfff6f528b,True,1.0,1.0,0.8502716786910163,1.0,1.0,1.0,0.9376131994545901
523,d9f67f2d224a5aaf,True,1.0,1.0,0.8159111121691031,1.0,1.0,1.0,0.9232962967371262
524,240f44eb30c7500b,True,1.0,1.0,1.0,1.0,1.0,1.0,1.0
525,1198cf572c315f9c,True,1.0,1.0,0.8094429344553983,1.0,1.0,1.0,0.9206012226897493
526,06b2df49f0455bd0,True,1.0,1.0,0.6355762424990816,1.0,1.0,1.0,0.8481567677079506
527,8cbe3bf8cf9c5718,True,1.0,1.0,1.0,1.0,1.0,1.0,1.0
528,731f133ce3055d30,True,1.0,1.0,0.5158202124224882,1.0,1.0,1.0,0.7982584218427035
529,dcf3da6b34935bc8,True,1.0,1.0,0.611621226241054,1.0,1.0,1.0,0.8381755109337724
530,f34d9948bdc257ab,True,1.0,1.0,1.0,1.0,1.0,1.0,1.0
531,33ecaddeb5735faf,True,1.0,1.0,0.8700199597431377,1.0,1.0,1.0,0.9458416498929741
532,d65373ac727f541f,True,1.0,1.0,0.92666396140468,1.0,1.0,1.0,0.9694433172519501
533,715d1ae75d215269,True,1.0,1.0,0.6545741813580581,1.0,1.0,1.0,0.8560725755658575
534,673a88a4037f5b6b,True,1.0,1.0,0.3245741723853267,1.0,1.0,1.0,0.7185725718272195
535,2f03781e3fd05c28,True,1.0,1.0,1.0,1.0,1.0,1.0,1.0
536,0a8c2aac609d5a04,True,1.0,1.0,0.8701890722516357,1.0,1.0,1.0,0.9459121134381815
537,2751f9eb641455c9,True,1.0,1.0,0.6769609538151095,1.0,1.0,1.0,0.8654003974229623
538,16f3b92e5d56573a,True,1.0,1.0,0.7161639282498603,1.0,1.0,1.0,0.8817349701041085
539,8390620a5e745bfa,True,1.0,1.0,0.7404483932764954,1.0,1.0,1.0,0.8918534971985398
540,ffef12d9476e557b,True,1.0,0.0,0.0,1.0,1.0,1.0,0.0
541,7bc20084dcb15f05,True,1.0,1.0,0.9876774636509369,1.0,1.0,1.0,0.994865609854557
542,2dd8a04bcb735c5e,True,1.0,1.0,1.0,1.0,1.0,1.0,1.0
543,585a681f4ad95682,True,1.0,1.0,0.9957531590159099,0.0,1.0,1.0,0.5815638162566291
544,bf4d95ea76b75de7,True,1.0,1.0,0.5774139609537328,1.0,1.0,1.0,0.8239224837307221
545,863e343b2fe45cc1,True,1.0,1.0,0.7730767308568303,1.0,1.0,1.0,0.9054486378570127
546,de9f2e538b69576c,True,1.0,1.0,1.0,1.0,1.0,1.0,1.0
547,73ba0e501a005971,True,1.0,1.0,0.6748869286346572,1.0,1.0,1.0,0.8645362202644405
548,85159c024a355d8d,True,1.0,1.0,0.8581444595587753,1.0,1.0,1.0,0.9408935248161564
549,57e7565904e05728,True,1.0,1.0,1.0,1.0,1.0,1.0,1.0
550,13bae3f5ab31581d,True,1.0,1.0,1.0,1.0,1.0,1.0,1.0
551,b930ed8abf2b5e8d,True,1.0,1.0,1.0,1.0,1.0,1.0,1.0
552,c7cd4edb7b455e9f,True,1.0,1.0,0.672912285128832,1.0,1.0,1.0,0.8637134521370133
553,b2ec50201ac25ada,True,1.0,1.0,1.0,1.0,1.0,1.0,1.0
554,e4ad471729c65fc9,True,1.0,1.0,0.529104856085248,1.0,1.0,1.0,0.80379369003552
555,a0c719046be7530e,True,1.0,1.0,0.8354625120287482,1.0,1.0,1.0,0.9314427133453117
556,8de2e76340335ed9,True,1.0,1.0,0.8354049929774554,1.0,1.0,1.0,0.9314187470739398
557,09e2eda76fde54ae,True,1.0,1.0,1.0,1.0,1.0,1.0,1.0
558,484acea96ad3506a,True,1.0,1.0,0.9076846978414417,1.0,1.0,1.0,0.9615352907672673
559,acd37cf126fa5a59,True,1.0,1.0,0.9621958671412217,1.0,1.0,1.0,0.984248277975509
560,7f54c08f50ef5ace,True,1.0,1.0,0.7734502713400573,1.0,1.0,1.0,0.9056042797250239
561,17ea7a2cc29957fa,True,1.0,1.0,1.0,1.0,1.0,1.0,1.0
562,a9fc9ff67fef5b5c,True,1.0,1.0,1.0,1.0,1.0,1.0,1.0
563,578adc6dc97d510f,True,1.0,1.0,0.8063225856575914,1.0,1.0,1.0,0.9193010773573297
564,aa072830a2d15d9f,True,1.0,1.0,1.0,1.0,1.0,1.0,1.0
565,ded4ce0e91b4596a,True,1.0,1.0,0.7098659954243002,1.0,1.0,1.0,0.8791108314267917
566,ffcbea07e13e540d,True,1.0,1.0,1.0,1.0,1.0,1.0,1.0
567,6e0bfaa448c5587d,True,1.0,1.0,0.5976034836723769,1.0,1.0,1.0,0.8323347848634904
568,559c83269c035643,True,1.0,1.0,1.0,1.0,1.0,1.0,1.0
569,ef9b600e65ac5391,True,1.0,1.0,0.5356126773395044,1.0,1.0,1.0,0.8065052822247935
570,d663992c13fa5438,True,1.0,1.0,0.7064113270876637,1.0,1.0,1.0,0.8776713862865266
571,7fb88e704c1a5cca,True,1.0,1.0,0.869266973115913,1.0,1.0,1.0,0.9455279054649637
572,ddf3383ec8965d9b,True,1.0,1.0,0.7126951836718688,1.0,1.0,1.0,0.8802896598632787
573,125a155883e55be7,True,1.0,1.0,0.9651686592454957,1.0,1.0,1.0,0.9854869413522899
574,07dd30b182de5fa5,True,1.0,1.0,0.38537525097338987,1.0,1.0,1.0,0.7439063545722457
575,e058b97f439c51c7,True,1.0,1.0,0.874201629008062,1.0,1.0,1.0,0.9475840120866925
576,a5de46cebb7d5260,True,1.0,1.0,0.3572000151855204,1.0,1.0,1.0,0.7321666729939668
577,40ef82b4d5735701,True,1.0,1.0,1.0,1.0,1.0,1.0,1.0
578,406d4391f1205862,True,1.0,1.0,0.7579194315145347,1.0,1.0,1.0,0.8991330964643894
579,1b471d7f756a5c7f,True,1.0,1.0,1.0,1.0,1.0,1.0,1.0
580,4faa4706a50958e2,True,1.0,1.0,0.37288080741497653,1.0,1.0,1.0,0.7387003364229069
581,b677a8a95c395ad2,True,1.0,1.0,0.6232364175560152,1.0,1.0,1.0,0.8430151739816729
582,7730f64417df5d47,True,1.0,1.0,0.843836262217302,1.0,1.0,1.0,0.9349317759238759
583,5c4f8e6a644258d3,True,1.0,1.0,0.9132262657905057,1.0,1.0,1.0,0.9638442774127108
584,72d842bc596b536b,True,1.0,1.0,1.0,1.0,1.0,1.0,1.0
585,52c6827af61d5b87,True,1.0,1.0,1.0,1.0,1.0,1.0,1.0
586,96bc4f4e46f752f4,True,1.0,1.0,1.0,1.0,1.0,1.0,1.0
587,6321c384f59c5265,True,1.0,1.0,0.772178273887535,1.0,1.0,1.0,0.905074280786473
588,e1c0081536575390,True,1.0,1.0,1.0,1.0,1.0,1.0,1.0
589,0d63314a528159c9,True,1.0,1.0,0.9130492716401332,1.0,1.0,1.0,0.9637705298500555
590,b711cfd42ac55706,True,1.0,1.0,0.8016806778175584,1.0,1.0,1.0,0.9173669490906494
591,756ce42a326f5033,True,1.0,1.0,0.5461528969671152,1.0,1.0,1.0,0.8108970404029646
592,2fd50ca82a7a5df4,True,1.0,1.0,0.9855141541182444,1.0,1.0,1.0,0.9939642308826019
593,9c4e60dd8e9959d8,True,1.0,1.0,0.8520616498614516,1.0,1.0,1.0,0.9383590207756048
594,337a46b592e654da,True,1.0,1.0,1.0,1.0,1.0,1.0,1.0
595,afd8795214205519,True,1.0,1.0,1.0,1.0,1.0,1.0,1.0
596,6347504b632c5be1,True,1.0,1.0,0.7077441525424824,0.0,1.0,1.0,0.4615600635593677
597,5c5a8066ceae51bc,True,1.0,1.0,0.7061650404958255,1.0,1.0,1.0,0.8775687668732607
598,91d449d737cc50fb,True,0.0,1.0,0.0,0.0,1.0,1.0,0.0
599,afe3f2650ff85a95,True,1.0,1.0,0.9257656202550879,1.0,1.0,1.0,0.96906900843962
600,0f1d91e077d05381,True,1.0,1.0,0.8528320417162691,1.0,1.0,1.0,0.9386800173817788
601,85229d62b0965482,True,1.0,1.0,0.8902102463053947,1.0,1.0,1.0,0.9542542692939144
602,7e21aeb3afc2592b,True,1.0,1.0,1.0,1.0,1.0,0.5,1.0
603,9b0f5a2f65e45867,True,1.0,1.0,0.888598979282478,1.0,1.0,1.0,0.9535829080343659
604,d00c78600089543a,True,1.0,1.0,0.9065441668785805,1.0,1.0,1.0,0.9610600695327419
605,63980d0b4c9352c4,True,1.0,1.0,0.732212700087549,1.0,1.0,1.0,0.8884219583698121
606,e16f6f634adf50d3,True,1.0,1.0,1.0,1.0,1.0,1.0,1.0
607,40726c708b17504a,True,0.0,1.0,0.0,0.0,1.0,1.0,0.0
608,c41b4666b98e5b92,True,1.0,1.0,0.9351981521948652,1.0,1.0,1.0,0.9729992300811938
609,642a177df62954ad,True,1.0,0.0,0.0,1.0,1.0,1.0,0.0
610,255be1c4910b506e,True,1.0,1.0,0.8918481736501691,1.0,1.0,0.5,0.9549367390209037
611,5cdf559f99b859a4,True,1.0,1.0,0.8493536177858501,1.0,1.0,1.0,0.9372306740774375
612,b53b172e95895a12,True,1.0,0.0,0.0,1.0,1.0,0.0,0.0
613,85c0017516e95fdc,True,1.0,1.0,0.9936430168113377,1.0,1.0,1.0,0.9973512570047239
614,31cdd1b336305b1a,True,1.0,1.0,0.8276566577275344,1.0,1.0,1.0,0.9281902740531393
615,0c3c5692dcdd5bdc,True,1.0,1.0,0.7815981959434191,1.0,1.0,1.0,0.9089992483097579
616,da137494751e500f,True,1.0,1.0,0.9285692154911742,1.0,1.0,1.0,0.9702371731213226
617,bf1db71f1cc35b98,True,1.0,1.0,1.0,1.0,1.0,1.0,1.0
618,ec68073cb7a15741,True,1.0,1.0,1.0,1.0,1.0,1.0,1.0
619,ff4dceb630df54fa,True,1.0,1.0,0.8137660797707811,1.0,1.0,1.0,0.9224025332378254
620,458e833803315b4f,True,1.0,1.0,0.5580813882079145,1.0,1.0,1.0,0.815867245086631
621,c887e4bc08f85aa5,True,0.5,1.0,0.6851084685130543,0.0,1.0,1.0,0.22606426427355297
622,11aef9f936f45518,True,1.0,1.0,0.9225359763113945,1.0,1.0,1.0,0.967723323463081
623,e1209ca7050c5033,True,1.0,1.0,0.8030681773613446,1.0,1.0,1.0,0.9179450739005602
624,7a7e8074ee5c5389,True,1.0,1.0,0.8954333827722423,1.0,1.0,1.0,0.956430576155101
625,5d47863332065766,True,1.0,1.0,0.8151721414787597,1.0,1.0,1.0,0.9229883922828165
626,59dcc37e3f235412,True,1.0,1.0,1.0,1.0,1.0,1.0,1.0
627,8c12150f849b5b10,True,1.0,1.0,1.0,1.0,1.0,1.0,1.0
628,814b5e08c20e57af,True,1.0,1.0,1.0,1.0,1.0,1.0,1.0
629,8728071969cc5091,True,1.0,1.0,0.6535962712218972,1.0,1.0,1.0,0.8556651130091238
630,1423dcf83efa5241,True,1.0,1.0,0.8079898312559506,1.0,1.0,1.0,0.9199957630233128
631,6e6c19ea921f550d,True,1.0,1.0,0.6018726205813686,1.0,1.0,1.0,0.8341135919089036
632,c9f8032d2d725257,True,1.0,1.0,0.9857274232688942,1.0,1.0,1.0,0.994053093028706
633,3b5422b60c4f5c4b,True,1.0,1.0,0.8794510836341334,1.0,1.0,1.0,0.9497712848475556
634,8c5a5e3a57535abf,True,1.0,1.0,0.9412186335597698,1.0,1.0,1.0,0.9755077639832374
635,40688677dc5e5d16,True,1.0,1.0,0.8078876032798651,1.0,1.0,1.0,0.9199531680332771
636,d0ae9b081c1857cf,True,1.0,1.0,0.7856956237894218,1.0,1.0,1.0,0.910706509912259
637,b62d1a9194025d38,True,1.0,1.0,0.7728063707912125,1.0,1.0,1.0,0.9053359878296718
638,87c6ef5053865368,True,1.0,0.0,0.0,1.0,1.0,0.0,0.0
639,7755fb23f28f5b2f,True,1.0,1.0,0.7968460325482826,1.0,1.0,0.5,0.9153525135617845
640,6225b347244658c1,True,1.0,1.0,0.7698708595984135,1.0,1.0,1.0,0.9041128581660057
0,cbc6f9e782c950ad,True,1.0,1.0,1.0,1.0,1.0,1.0,1.0
1,c5388dbd766353cf,True,1.0,1.0,1.0,1.0,1.0,1.0,1.0
2,8c384d60912b5f73,True,1.0,1.0,0.7246082729611256,1.0,1.0,1.0,0.8852534470671357
3,9e1cdfa2d2185645,True,1.0,1.0,0.7636436375863136,1.0,1.0,1.0,0.9015181823276306
4,5e25570a2f725a17,True,1.0,1.0,0.8929286316175,1.0,1.0,1.0,0.9553869298406251
5,3afcfc58857f5790,True,1.0,1.0,1.0,1.0,1.0,1.0,1.0
6,f253fd0891d3562a,True,1.0,1.0,0.9979751865552124,1.0,1.0,1.0,0.9991563277313386
7,82ab6983691a5599,True,1.0,1.0,1.0,1.0,1.0,1.0,1.0
8,520c2defbbc958a0,True,1.0,1.0,0.5783004317491562,1.0,1.0,1.0,0.8242918465621484
9,74a8e53c9a6f50a3,True,1.0,1.0,1.0,1.0,1.0,1.0,1.0
10,aab1c6b4ac3d57a4,True,1.0,1.0,1.0,1.0,1.0,1.0,1.0
11,806b0f2b2ade5454,True,1.0,1.0,0.7284019687491154,1.0,1.0,1.0,0.8868341536454647
12,47c92818d9005eea,True,1.0,1.0,1.0,1.0,1.0,1.0,1.0
13,5dc491914c6a595f,True,1.0,1.0,0.6911551355181852,1.0,1.0,1.0,0.8713146397992438
14,45878940b52550ea,True,1.0,1.0,1.0,1.0,1.0,1.0,1.0
15,7328fe7f857051ea,True,1.0,1.0,1.0,1.0,1.0,1.0,1.0
16,91c479d90ccb521a,True,1.0,1.0,0.7876408569912765,1.0,1.0,1.0,0.9115170237463652
17,b11b571fd6a35e9e,True,1.0,0.0,0.0,1.0,1.0,1.0,0.0
18,9016f4b84afb5913,True,1.0,1.0,0.9609142507503099,1.0,1.0,1.0,0.9837142711459625
19,e565610cd7b15784,True,1.0,1.0,1.0,1.0,1.0,1.0,1.0
20,785a51e5263b5bec,True,1.0,1.0,0.8561090862418772,0.0,1.0,1.0,0.5233787859341156
21,6cdf58d03f8e5493,True,1.0,1.0,0.43266477653697066,1.0,1.0,1.0,0.7636103235570711
22,a41f538fa8e25be0,True,1.0,1.0,0.7284518242773821,1.0,1.0,1.0,0.8868549267822425
23,122a6e620fcb5c80,True,1.0,1.0,0.8849848803280758,1.0,1.0,1.0,0.9520770334700316
24,1893fb783df95146,True,1.0,1.0,0.9355309325419996,1.0,1.0,1.0,0.9731378885591665
25,8430e9ba6d395dd2,True,1.0,1.0,0.8679666687566082,1.0,1.0,1.0,0.9449861119819202
26,2ad650691b5d58f0,True,1.0,1.0,0.9009386258117061,1.0,1.0,1.0,0.9587244274215442
27,4cca4c982f9855c5,True,1.0,1.0,0.8306486906052378,1.0,1.0,1.0,0.9294369544188491
28,dbba0a418817539e,True,1.0,1.0,0.9239846822931357,1.0,1.0,1.0,0.9683269509554732
29,6de81a38cd7655dd,True,1.0,1.0,0.8451498100447468,1.0,1.0,1.0,0.9354790875186444
30,674e6f0f529a51f7,True,1.0,1.0,0.4932470348106416,1.0,1.0,1.0,0.7888529311711007
31,9540f5a8db575a50,True,1.0,1.0,1.0,1.0,1.0,1.0,1.0
32,442b2cf63c6f570a,True,1.0,1.0,0.7550931552405823,1.0,1.0,1.0,0.8979554813502425
33,f004b5e4838455f3,True,1.0,1.0,0.6841646008189983,1.0,1.0,1.0,0.8684019170079159
34,c70300305bb9547e,True,1.0,1.0,0.43401373896896944,1.0,1.0,1.0,0.7641723912370706
35,5593d7326b9c59aa,True,1.0,1.0,0.9910363707244291,1.0,1.0,1.0,0.996265154468512
36,ff60c00aba8b554e,True,1.0,1.0,0.4723696569625262,1.0,1.0,1.0,0.7801540237343859
37,72808a9b1e7f5f15,True,1.0,1.0,1.0,1.0,1.0,1.0,1.0
38,3346340e1c275766,True,1.0,0.0,0.0,1.0,1.0,1.0,0.0
39,454e63f98e365a3a,True,1.0,1.0,0.9450495192989431,1.0,1.0,1.0,0.9771039663745595
40,f809d95714a05fad,True,1.0,1.0,0.7424041134202052,1.0,1.0,1.0,0.8926683805917522
41,88e453ca4644586f,True,1.0,1.0,0.7655167954957245,1.0,1.0,1.0,0.9022986647898851
42,7defd0c32cd8546a,True,1.0,1.0,0.7283063746248841,1.0,1.0,1.0,0.8867943227603684
43,524695a4857859fe,True,1.0,1.0,0.9984525101340126,1.0,1.0,1.0,0.9993552125558386
44,3190b058710b520b,True,1.0,1.0,0.8866221704254889,1.0,1.0,1.0,0.9527592376772871
45,ae7fdaafe2c250e6,True,1.0,1.0,0.9320400718709898,1.0,1.0,1.0,0.971683363279579
46,ad84af7b33615884,True,1.0,1.0,1.0,1.0,1.0,0.0,1.0
47,72928620ac2a55a0,True,1.0,1.0,0.7570816611562173,1.0,1.0,1.0,0.8987840254817572
48,b8ca1857a0f75fb4,True,1.0,1.0,0.6385694781117224,1.0,1.0,1.0,0.8494039492132176
49,0d7d0361dc665d25,True,1.0,1.0,1.0,1.0,1.0,1.0,1.0
50,32dd24533788546c,True,1.0,1.0,0.9196809503676767,1.0,1.0,1.0,0.9665337293198654
51,0b4c7130090c5e85,True,1.0,1.0,1.0,1.0,1.0,1.0,1.0
52,e09425a247f752e5,True,1.0,1.0,0.9703490921234816,1.0,1.0,1.0,0.9876454550514507
53,c2cf3991e2e65486,True,1.0,1.0,1.0,1.0,1.0,1.0,1.0
54,1ecaacbc53a754e7,True,1.0,1.0,1.0,1.0,1.0,1.0,1.0
55,f03f53f19c6254b8,True,1.0,1.0,0.4279847494433173,1.0,1.0,1.0,0.7616603122680489
56,8a46ac0d50d4505e,True,1.0,1.0,0.43247752476238666,1.0,1.0,1.0,0.7635323019843279
57,b9633d9afd4356a8,True,1.0,1.0,0.7140497251741615,1.0,1.0,1.0,0.8808540521559006
58,ac55c7f072c6528d,True,1.0,1.0,0.6891726043434917,1.0,1.0,1.0,0.8704885851431216
59,c262c31769935486,True,1.0,1.0,0.8448313225348169,1.0,1.0,1.0,0.935346384389507
60,b0598da891205aa3,True,1.0,1.0,0.449496276327894,1.0,1.0,1.0,0.7706234484699559
61,5016d5a7a87a538d,True,1.0,1.0,1.0,1.0,1.0,1.0,1.0
62,24b9908a6761529b,True,0.0,1.0,0.0,0.0,1.0,1.0,0.0
63,69ddc43178e9572a,True,1.0,1.0,1.0,1.0,1.0,1.0,1.0
64,def10158059d5eb1,True,1.0,1.0,1.0,1.0,1.0,1.0,1.0
65,9dff2b84ff305fff,True,1.0,1.0,1.0,1.0,1.0,1.0,1.0
66,a0da100b0dcb543c,True,1.0,1.0,1.0,0.0,1.0,1.0,0.5833333333333334
67,a9af1e73c9575428,True,1.0,1.0,0.4038092561012645,1.0,1.0,1.0,0.7515871900421937
68,4eaf35cea96d5dd9,True,1.0,1.0,1.0,1.0,1.0,1.0,1.0
69,5be54baed8b35bd7,True,1.0,1.0,1.0,1.0,1.0,1.0,1.0
70,4bb645483bf4594a,True,1.0,1.0,0.9570909558387835,1.0,1.0,1.0,0.982121231599493
71,bc1b30ec654c5d78,True,1.0,1.0,1.0,1.0,1.0,1.0,1.0
72,a7ce5a625a525b45,True,1.0,1.0,1.0,1.0,1.0,1.0,1.0
73,8790ecedb8ac580e,True,1.0,1.0,1.0,1.0,1.0,1.0,1.0
74,db3833e656c256dd,True,1.0,1.0,1.0,1.0,1.0,1.0,1.0
75,82cd122751085a80,True,1.0,1.0,0.6284941458085328,1.0,1.0,1.0,0.8452058940868886
76,c28f3febaf635777,True,1.0,1.0,0.8367262711560983,1.0,1.0,1.0,0.9319692796483743
77,cbc1c1f392825ad6,True,1.0,1.0,0.28878040001336186,1.0,1.0,1.0,0.7036585000055675
78,e6e2b0d2f0495557,True,1.0,1.0,0.795351005576172,1.0,1.0,1.0,0.9147295856567382
79,d7f6204c325d53fe,True,1.0,1.0,1.0,1.0,1.0,1.0,1.0
80,18f485e808bf58da,True,1.0,1.0,0.6634985270028904,1.0,1.0,1.0,0.859791052917871
81,76cd37d3370f5d04,True,1.0,1.0,1.0,1.0,1.0,1.0,1.0
82,f9c8ec6aefc05be4,True,1.0,0.0,0.0,1.0,1.0,1.0,0.0
83,4bf65e0c75f05509,True,1.0,1.0,1.0,0.0,1.0,1.0,0.5833333333333334
84,53ab46d6ca9d5b68,True,1.0,1.0,1.0,1.0,1.0,1.0,1.0
85,29163817326a5eab,True,1.0,1.0,1.0,1.0,1.0,1.0,1.0
86,4158d702c66351d4,True,1.0,1.0,0.9180295102102902,1.0,1.0,1.0,0.9658456292542876
87,fda9b858e7e4588f,True,1.0,1.0,0.9268468822397418,1.0,1.0,1.0,0.969519534266559
88,ed166d61f7435477,True,1.0,1.0,0.2784853353113576,1.0,1.0,1.0,0.6993688897130657
89,81d893bd99de519b,True,1.0,1.0,0.9939563497455497,1.0,1.0,1.0,0.9974818123939789
90,ef5dcc2415915678,True,1.0,1.0,0.9074529701193199,1.0,1.0,1.0,0.9614387375497166
91,d09ecc45a5685873,True,1.0,1.0,1.0,1.0,1.0,1.0,1.0
92,8181a3050dfa51b4,True,1.0,1.0,0.4767582631796184,1.0,1.0,1.0,0.7819826096581743
93,39b5d00781925b16,True,1.0,1.0,1.0,0.0,1.0,1.0,0.5833333333333334
94,2f1d36641ecb509a,True,1.0,1.0,1.0,1.0,1.0,1.0,1.0
95,f749ff64838c5664,True,1.0,0.0,0.0,1.0,1.0,1.0,0.0
96,b6247a5245a5554f,True,1.0,1.0,1.0,1.0,1.0,1.0,1.0
97,a59bd481d324594a,True,1.0,1.0,0.7800041151753572,1.0,1.0,1.0,0.9083350479897322
98,6666f491ef505a49,True,1.0,1.0,0.5816801041131264,1.0,1.0,1.0,0.8257000433804693
99,70645140f08352ca,True,1.0,1.0,0.8674418791795807,1.0,1.0,1.0,0.9447674496581587
100,c59ff27cf18056b4,True,1.0,1.0,0.4016416310717291,1.0,1.0,1.0,0.7506840129465537
101,ade646d3c19b5bb0,True,1.0,1.0,1.0,1.0,1.0,0.5,1.0
102,52cad7d83eb65e75,True,1.0,1.0,0.5708951055611041,1.0,1.0,1.0,0.8212062939837934
103,7e5bb23808a850ca,True,1.0,1.0,0.9439021236670654,1.0,1.0,1.0,0.9766258848612773
104,9e9e33077f375062,True,1.0,1.0,0.3161507967298427,1.0,1.0,1.0,0.7150628319707678
105,25000ee050145f13,True,1.0,0.0,0.0,1.0,1.0,1.0,0.0
106,13c555e68671524f,True,1.0,1.0,0.8534286429428439,1.0,1.0,1.0,0.938928601226185
107,74a8af10863e5455,True,1.0,1.0,1.0,1.0,1.0,1.0,1.0
108,cd9330daeec55224,True,1.0,1.0,0.5855278269597429,1.0,1.0,1.0,0.8273032612332262
109,f962927ff5dc518c,True,1.0,1.0,0.9255496064010564,1.0,1.0,1.0,0.9689790026671069
110,7fb4ab2c7e8c527f,True,1.0,1.0,0.9350827394280092,1.0,1.0,1.0,0.9729511414283372
111,a6b518a433065727,True,1.0,1.0,0.9845600838382058,1.0,1.0,1.0,0.9935667015992524
112,a259460cd13f55c2,True,1.0,1.0,0.782972045631057,1.0,1.0,1.0,0.9095716856796071
113,9b94fe18b9ea5b73,True,1.0,1.0,1.0,1.0,1.0,1.0,1.0
114,b5754d53017b5d49,True,1.0,1.0,1.0,1.0,1.0,1.0,1.0
115,1ed850327b905ebd,True,1.0,1.0,0.7960778257696093,1.0,1.0,1.0,0.9150324274040038
116,cb22383a26cf594e,True,1.0,1.0,1.0,1.0,1.0,1.0,1.0
117,72781f1cbd405769,True,1.0,1.0,0.6208709355744998,1.0,1.0,1.0,0.8420295564893748
118,73b4c0560bd85b5e,True,1.0,1.0,0.9556451357106234,1.0,1.0,1.0,0.981518806546093
119,253ec4fb977d52d6,True,1.0,1.0,0.8514038547748942,1.0,1.0,1.0,0.9380849394895393
120,2c79b7300d3a5219,True,1.0,1.0,1.0,1.0,1.0,1.0,1.0
121,b658c12176c05fc5,True,1.0,1.0,0.9833103767495909,0.0,1.0,1.0,0.5763793236456628
122,624f26fa47485b3d,True,1.0,1.0,0.8411781914567241,1.0,1.0,1.0,0.9338242464403018
123,33c925ac7b905e8f,True,1.0,1.0,1.0,1.0,1.0,1.0,1.0
124,5ae3a0ab54a950d7,True,1.0,1.0,0.9675588045688114,1.0,1.0,1.0,0.9864828352370049
125,55a584a116ec5e6d,True,1.0,1.0,0.9267212625647601,1.0,1.0,1.0,0.9694671927353168
126,0ee0c8c2556c506a,True,1.0,1.0,1.0,1.0,1.0,1.0,1.0
127,8f224f01713a5376,True,1.0,1.0,0.9041655550338455,1.0,1.0,1.0,0.9600689812641022
128,d5ea47f2ec1550b2,True,1.0,1.0,0.7851072974556603,1.0,1.0,1.0,0.9104613739398584
129,c236972435215288,True,1.0,1.0,1.0,1.0,1.0,1.0,1.0
130,34bdecafedff5fdf,True,1.0,1.0,0.9007290378097733,1.0,1.0,1.0,0.9586370990874057
131,db98c374c7e65602,True,1.0,1.0,1.0,1.0,1.0,1.0,1.0
132,22af89102e0650b7,True,1.0,1.0,0.7861920715913344,1.0,1.0,1.0,0.9109133631630559
133,acd0bceedc6852c2,True,1.0,1.0,0.4254682726237194,1.0,1.0,1.0,0.760611780259883
134,6d3f9d5ca5e05aa2,True,1.0,1.0,0.5839068953566522,1.0,1.0,1.0,0.8266278730652717
135,a5977f7fb4fd5386,True,1.0,1.0,1.0,1.0,1.0,1.0,1.0
136,04e3e7c9b4bf5ddf,True,1.0,1.0,1.0,1.0,1.0,1.0,1.0
137,20f825e0d33a5160,True,1.0,1.0,0.9507768898086043,1.0,1.0,1.0,0.979490370753585
138,f3532c4c4ad95b27,True,1.0,1.0,0.8997786433641068,1.0,1.0,1.0,0.9582411014017111
139,b24954d56c155570,True,1.0,1.0,0.7368101631199001,1.0,1.0,1.0,0.890337567966625
140,14d53eb06a7d582a,True,1.0,1.0,1.0,1.0,1.0,1.0,1.0
141,346a78f56b165dea,True,1.0,1.0,0.8127999522594712,1.0,1.0,1.0,0.921999980108113
142,4bbfb5ec60205e63,True,1.0,1.0,0.86952556421758,1.0,1.0,1.0,0.9456356517573251
143,067d731005885300,True,1.0,1.0,1.0,1.0,1.0,1.0,1.0
144,1abf52a927025259,True,1.0,1.0,0.9031429877299356,1.0,1.0,1.0,0.9596429115541398
145,0d7f280bf979592b,True,1.0,1.0,0.7174547057083662,1.0,1.0,1.0,0.8822727940451527
146,b3de01e79b725ae4,True,1.0,1.0,0.9503195507312772,1.0,1.0,1.0,0.9792998128046988
147,d08ae5bc8a435f97,True,1.0,1.0,1.0,1.0,1.0,1.0,1.0
148,9a4575e2dfd75ffb,True,1.0,1.0,0.7894656198623862,1.0,1.0,1.0,0.9122773416093276
149,f7103dfe59a959be,True,1.0,1.0,0.9287006148054963,1.0,1.0,1.0,0.9702919228356235
150,9a23e7bc52e657c3,True,1.0,0.0,0.0,1.0,1.0,1.0,0.0
151,4d55f6c3a3dc58fe,True,1.0,1.0,1.0,1.0,1.0,1.0,1.0
152,352290f8ed8e572e,True,1.0,1.0,1.0,1.0,1.0,1.0,1.0
153,4f12e3acfb125088,True,1.0,1.0,0.9915105370237561,1.0,1.0,1.0,0.9964627237598984
154,8aaf40c869ca574f,True,1.0,1.0,0.9813185373290154,1.0,1.0,1.0,0.992216057220423
155,644b16fd65f956b8,True,1.0,1.0,1.0,1.0,1.0,1.0,1.0
156,5a3a4277dc785511,True,1.0,1.0,0.7015804790620903,1.0,1.0,1.0,0.8756585329425377
157,274fc7077c1b55d4,True,1.0,1.0,0.946135686926138,1.0,1.0,1.0,0.9775565362192241
158,6544f1c9668c58c3,True,1.0,1.0,1.0,1.0,1.0,1.0,1.0
159,0706e8bf25805e91,True,1.0,1.0,1.0,1.0,1.0,0.5,1.0
160,ca7c752bcdfa5e4d,True,1.0,1.0,1.0,1.0,1.0,1.0,1.0
161,b2c0a19be09f5b76,True,1.0,1.0,0.4688454212420773,1.0,1.0,1.0,0.7786855921841989
162,8b53a14edf305638,True,1.0,1.0,0.4373479755685164,1.0,1.0,1.0,0.7655616564868818
163,e2e6c22bce7f59fc,True,1.0,1.0,0.7875942804662331,1.0,1.0,1.0,0.9114976168609304
164,4f47f41d84c450e8,True,1.0,0.0,0.0,1.0,1.0,1.0,0.0
165,4d1a4e9606075497,True,1.0,1.0,1.0,1.0,1.0,0.5,1.0
166,2025f4a272e15733,True,1.0,1.0,1.0,1.0,1.0,1.0,1.0
167,f1d33f8016b153ef,True,1.0,1.0,0.8321359530121011,1.0,1.0,1.0,0.9300566470883754
168,fca1702dec8a50c6,True,1.0,1.0,1.0,1.0,1.0,1.0,1.0
169,42d2414f92c651bf,True,1.0,1.0,1.0,1.0,1.0,0.5,1.0
170,b87e9553091a5216,True,1.0,1.0,0.6877125689577182,1.0,1.0,1.0,0.8698802370657158
171,0fc778045313531b,True,1.0,1.0,1.0,0.0,1.0,1.0,0.5833333333333334
172,7643b4b3f33d5910,True,1.0,1.0,1.0,1.0,1.0,1.0,1.0
173,67077701cdd85c9d,True,1.0,1.0,0.4706938058499792,1.0,1.0,1.0,0.7794557524374914
174,5bdbe484641a55fa,True,0.0,1.0,0.0,1.0,1.0,1.0,0.0
175,2de709220e34507e,True,1.0,1.0,0.732505164166062,1.0,1.0,1.0,0.8885438184025259
176,5444d6dfc06559c3,True,1.0,1.0,1.0,1.0,1.0,1.0,1.0
177,5012cae5e4fc57a1,True,1.0,1.0,1.0,1.0,1.0,1.0,1.0
178,dc0152c1caca5d94,True,1.0,0.0,0.0,1.0,1.0,1.0,0.0
179,3f56f99e2cf15355,True,0.0,1.0,0.0,0.0,1.0,1.0,0.0
180,bedf9db2d7b15abd,True,1.0,1.0,1.0,1.0,1.0,1.0,1.0
181,57fc7e48f73a5218,True,1.0,1.0,0.5717471553069219,1.0,1.0,1.0,0.8215613147112174
182,db4bcafb6d775b4f,True,1.0,0.0,0.0,1.0,1.0,1.0,0.0
183,b72c6ad506465ebb,True,1.0,1.0,1.0,1.0,1.0,1.0,1.0
184,eff63ffe642d5409,True,0.5,1.0,0.5016671206438374,0.0,1.0,1.0,0.18784731680079947
185,773ae953dba953b4,True,1.0,0.0,0.0,1.0,1.0,1.0,0.0
186,69e8fff107b05199,True,1.0,0.0,0.0,1.0,1.0,1.0,0.0
187,571bb034360052d9,True,1.0,1.0,1.0,1.0,1.0,1.0,1.0
188,a151ed0de3f35bf5,True,1.0,1.0,0.9645932761445922,1.0,1.0,1.0,0.98524719839358
189,07bc26f4b1735347,True,1.0,1.0,0.9163217424332005,0.0,1.0,1.0,0.5484673926805003
190,5085749584aa5377,True,1.0,1.0,0.48969268371756236,1.0,1.0,1.0,0.7873719515489843
191,b13f0b445e605951,True,1.0,1.0,1.0,1.0,1.0,1.0,1.0
192,b4507882ebac5f7a,True,1.0,1.0,0.9158310032651062,1.0,1.0,1.0,0.9649295846937943
193,83873a51bef051ac,True,1.0,1.0,0.6689627974781184,1.0,1.0,1.0,0.8620678322825492
194,d14f03fdfc1d5d54,True,1.0,1.0,0.7061972342084596,1.0,1.0,1.0,0.8775821809201915
195,ab19982dd5cd57ac,True,1.0,1.0,1.0,1.0,1.0,1.0,1.0
196,9a594a58c8125976,True,1.0,1.0,1.0,1.0,1.0,1.0,1.0
197,e4fdad547c9a54a7,True,1.0,1.0,1.0,0.0,1.0,1.0,0.5833333333333334
198,ff412420037b524a,True,1.0,1.0,0.9056563466858761,1.0,1.0,1.0,0.9606901444524484
199,20f0988b6050572a,True,1.0,1.0,0.8147005835244115,1.0,1.0,1.0,0.9227919098018381
200,d3e3c4998ad25800,True,1.0,1.0,1.0,1.0,1.0,1.0,1.0
201,178d9a3c6c6852a4,True,1.0,1.0,0.7415712808323195,1.0,1.0,1.0,0.8923213670134665
202,49bd1e2dd88457e3,True,1.0,1.0,1.0,1.0,1.0,1.0,1.0
203,5982df20d90a59cc,True,1.0,1.0,0.691621561900169,1.0,1.0,1.0,0.8715089841250704
204,7900d1167dfe5c24,True,1.0,1.0,1.0,1.0,1.0,1.0,1.0
205,a61ba5902ded5c56,True,1.0,1.0,1.0,1.0,1.0,1.0,1.0
206,5a8a6c9d92935076,True,1.0,0.0,0.0,1.0,1.0,1.0,0.0
207,ac45c0d29f1e5d76,True,1.0,1.0,0.8192814477513242,1.0,1.0,1.0,0.9247006032297184
208,330fe55520e351fb,True,1.0,1.0,1.0,1.0,1.0,1.0,1.0
209,bb74197177cb51b0,True,1.0,1.0,1.0,1.0,1.0,1.0,1.0
210,4db50b60ca1f57f1,True,1.0,1.0,0.9399869113591576,0.0,1.0,1.0,0.5583278797329824
211,0a2f44ba3be05531,True,1.0,1.0,0.6570387340445936,1.0,1.0,1.0,0.8570994725185807
212,33b5a72931215b30,True,1.0,1.0,1.0,1.0,1.0,1.0,1.0
213,2b4fee42169a54a8,True,1.0,1.0,0.46105235519942517,1.0,1.0,1.0,0.7754384813330938
214,f37c90e977e856c8,True,1.0,0.0,0.0,1.0,1.0,1.0,0.0
215,9ca9d2ce60a35d66,True,1.0,1.0,0.7771478679487898,1.0,1.0,1.0,0.9071449449786625
216,dddf76663455527f,True,1.0,1.0,0.7762510754081003,1.0,1.0,1.0,0.9067712814200418
217,95193473b1cb5434,True,1.0,1.0,0.900013876106372,1.0,1.0,1.0,0.9583391150443217
218,b5f57f5a6b5b5244,True,1.0,1.0,0.7525134812859456,1.0,1.0,1.0,0.8968806172024774
219,e194cef299cf5264,True,1.0,1.0,1.0,1.0,1.0,1.0,1.0
220,e59a5171c33c5af9,True,1.0,1.0,1.0,1.0,1.0,1.0,1.0
221,cfbf3f55398f5fc6,True,1.0,1.0,0.3684236156958337,1.0,1.0,1.0,0.7368431732065974
222,9ca89d773ed651ab,True,1.0,1.0,0.9029002312961588,1.0,1.0,1.0,0.9595417630400661
223,52b428b6ff135845,True,1.0,1.0,1.0,1.0,1.0,1.0,1.0
224,384def2e3f9657f6,True,1.0,1.0,0.8090958629448454,1.0,1.0,1.0,0.9204566095603521
225,70bf5f0d100d580f,True,1.0,1.0,1.0,0.0,1.0,1.0,0.5833333333333334
226,77a891db719c5273,True,1.0,1.0,0.6669000262349458,1.0,1.0,1.0,0.8612083442645607
227,21990e031d705957,True,1.0,1.0,0.3870277549832897,1.0,1.0,1.0,0.7445948979097041
228,6050bcf9baab54f6,True,1.0,1.0,0.5253983830239212,1.0,1.0,1.0,0.8022493262599671
229,a1325310017c5057,True,1.0,1.0,0.9896720821346899,1.0,1.0,1.0,0.9956967008894542
230,b751857996975e6c,True,1.0,0.0,0.0,1.0,1.0,1.0,0.0
231,9f3b77fe8cd3541c,True,1.0,1.0,0.7495702547856575,1.0,1.0,1.0,0.8956542728273572
232,e6eeac307f6d507d,True,1.0,1.0,0.9662161790176373,1.0,1.0,1.0,0.9859234079240156
233,df11795878cb5419,True,1.0,1.0,0.7392351082105882,1.0,1.0,1.0,0.8913479617544118
234,0d5496cc08dc50fe,True,1.0,1.0,1.0,1.0,1.0,1.0,1.0
235,9100530861d851b0,True,1.0,1.0,1.0,1.0,1.0,1.0,1.0
236,3bae0e44f3095a9c,True,1.0,1.0,0.820591106425462,1.0,1.0,1.0,0.9252462943439426
237,4a096077f8165879,True,1.0,1.0,0.997338704790055,1.0,1.0,1.0,0.9988911269958564
238,cdae0433bb5d5b9e,True,1.0,1.0,0.9521031452038675,1.0,1.0,1.0,0.9800429771682783
239,63768cbe8b2d5c65,True,1.0,0.0,0.0,1.0,1.0,1.0,0.0
240,deae4b3cac52513c,True,1.0,1.0,0.9605124677186714,1.0,1.0,1.0,0.9835468615494465
241,ff1044970b525386,True,1.0,1.0,1.0,1.0,1.0,1.0,1.0
242,a4bf921a024f551e,True,1.0,1.0,0.6968255765366748,1.0,1.0,1.0,0.8736773235569478
243,0e9d524cb7ab5e2a,True,1.0,1.0,1.0,1.0,1.0,1.0,1.0
244,2aa9dce62cd75fce,True,1.0,1.0,0.7335245630572336,1.0,1.0,1.0,0.888968567940514
245,10657b4beeeb5461,True,1.0,1.0,0.8073673662201014,1.0,1.0,1.0,0.9197364025917089
246,9d9aced6d8da5f28,True,1.0,1.0,1.0,0.0,1.0,1.0,0.5833333333333334
247,a2b7733806b355ac,True,1.0,1.0,1.0,1.0,1.0,1.0,1.0
248,b204289cd95c59b5,True,1.0,1.0,0.7029773815934222,1.0,1.0,1.0,0.8762405756639259
249,fdaf1d60259d5466,True,1.0,1.0,0.8905619419096751,1.0,1.0,1.0,0.9544008091290314
250,b30e51044c885122,True,1.0,1.0,0.9616979248554882,1.0,1.0,1.0,0.9840408020231202
251,673cfe7af7db5911,True,1.0,1.0,1.0,1.0,1.0,1.0,1.0
252,5c3080b50d365629,True,1.0,1.0,0.6775773199672258,1.0,1.0,1.0,0.8656572166530108
253,eb15f0d956eb5ac4,True,1.0,1.0,1.0,1.0,1.0,1.0,1.0
254,0691c520f834559d,True,1.0,1.0,0.7147845847054528,1.0,1.0,1.0,0.881160243627272
255,a3a47ea11a5e5939,True,1.0,1.0,0.762289944665966,1.0,1.0,1.0,0.9009541436108192
256,c50b9b8950ba5347,True,1.0,1.0,0.9259749574284672,1.0,1.0,1.0,0.9691562322618613
257,b0b98b1a4d1552c7,True,1.0,1.0,0.8417127849462962,1.0,1.0,1.0,0.9340469937276233
258,b60afdbc7cc65971,True,1.0,1.0,0.958671419331889,1.0,1.0,1.0,0.9827797580549538
259,cdc9d2e591cc552c,True,1.0,1.0,1.0,1.0,1.0,1.0,1.0
260,eadc0f19b54352ae,True,1.0,1.0,0.6389171902410072,1.0,1.0,1.0,0.8495488292670864
261,16c38196f44751bd,True,1.0,1.0,0.7889966955454127,1.0,1.0,1.0,0.9120819564772553
262,d7b1d984a0ff5791,True,1.0,1.0,0.7159158960173141,1.0,1.0,1.0,0.8816316233405476
263,c4f21fef5b86535b,True,1.0,1.0,0.8083681576611903,1.0,1.0,1.0,0.9201533990254959
264,e6095ad750805bff,True,1.0,1.0,0.7284332285131643,1.0,1.0,1.0,0.8868471785471518
265,54229e2cb94b5adb,True,1.0,1.0,0.683464624468198,1.0,1.0,1.0,0.8681102601950825
266,b6a5d96d702a5ffd,True,1.0,1.0,1.0,1.0,1.0,1.0,1.0
267,786f447064055cfd,True,1.0,1.0,1.0,1.0,1.0,1.0,1.0
268,ec04801554fb518f,True,1.0,1.0,0.49063587325176705,1.0,1.0,1.0,0.7877649471882363
269,82b415fbbc725562,True,1.0,1.0,0.8131226784753915,1.0,1.0,1.0,0.9221344493647464
270,dd43c6087aca5206,True,1.0,1.0,0.6042836855602365,0.0,1.0,1.0,0.41845153565009857
271,61e0ce212ed75a50,True,1.0,1.0,0.9287300055490069,1.0,1.0,1.0,0.9703041689787528
272,6451d6a270c75f58,True,1.0,1.0,1.0,1.0,1.0,1.0,1.0
273,8628470b20555c1d,True,1.0,1.0,0.5792135998633057,1.0,1.0,1.0,0.8246723332763773
274,11de8888bf235231,True,1.0,1.0,1.0,1.0,1.0,1.0,1.0
275,9d55692d15dc5155,True,1.0,1.0,0.9807542008490524,1.0,1.0,1.0,0.9919809170204384
276,c35a248a5941531d,True,1.0,1.0,1.0,1.0,1.0,1.0,1.0
277,73e0459194ce577f,True,1.0,1.0,1.0,1.0,1.0,1.0,1.0
278,70a70a9054d75d9f,True,1.0,1.0,1.0,1.0,1.0,1.0,1.0
279,c86e7d3c0dfb57bd,True,1.0,1.0,0.9444468902965486,1.0,1.0,1.0,0.9768528709568952
280,ddc1271ea57154bc,True,1.0,0.0,0.0,1.0,1.0,1.0,0.0
281,5e96a7620956567a,True,1.0,1.0,0.5926389467146326,1.0,1.0,1.0,0.8302662277977636
282,20ae5f5df50a5865,True,1.0,1.0,0.630634658499165,1.0,1.0,1.0,0.8460977743746522
283,1d3a143cf41f5d16,True,1.0,1.0,0.5225822400294907,1.0,1.0,1.0,0.8010759333456212
284,a41e9aff2ee457c2,True,1.0,1.0,0.7150444687613997,1.0,1.0,1.0,0.8812685286505832
285,28c89352b09b55d4,True,1.0,1.0,0.8151302613475782,1.0,1.0,1.0,0.9229709422281576
286,a1665c3aeb8f551f,True,1.0,1.0,1.0,1.0,1.0,1.0,1.0
287,ab1adeaf66035b88,True,1.0,1.0,0.6621261808625675,1.0,1.0,1.0,0.8592192420260698
288,51bf8103b6cd5b4c,True,1.0,0.0,0.0,1.0,1.0,1.0,0.0
289,4342cb36fbba580b,True,1.0,1.0,0.5505276975423181,1.0,1.0,1.0,0.8127198739759658
290,3a84cbdfcbf554a6,True,1.0,1.0,0.6320285372317362,1.0,1.0,1.0,0.8466785571798902
291,67d74f48ba2a548e,True,0.5,1.0,0.6121215495810287,0.0,1.0,1.0,0.2108586561627143
292,0f7e1062e04e5fb5,True,1.0,1.0,0.9107828433481746,1.0,1.0,1.0,0.9628261847284061
293,7effab69ce785772,True,1.0,1.0,1.0,1.0,1.0,1.0,1.0
294,9707c6cbc83556f6,True,1.0,1.0,1.0,1.0,1.0,1.0,1.0
295,59c00098b95d53b8,True,1.0,1.0,0.9308542626342169,1.0,1.0,1.0,0.9711892760975903
296,129c4e6b058a5f6d,True,1.0,0.0,0.0,1.0,1.0,1.0,0.0
297,df4bfb41bc3b5ded,True,1.0,1.0,0.7843935902971482,1.0,1.0,1.0,0.910163995957145
298,1df1903e5bcd5036,True,1.0,0.0,0.0,0.0,1.0,1.0,0.0
299,8bb7091fe0d959fc,True,1.0,1.0,1.0,1.0,1.0,1.0,1.0
300,e56891a5170256f1,True,1.0,1.0,1.0,1.0,1.0,1.0,1.0
301,ebfd1e0fff105c51,True,1.0,1.0,1.0,1.0,1.0,1.0,1.0
302,368cb65e8fef57b7,True,1.0,1.0,0.45379187303024776,1.0,1.0,1.0,0.7724132804292699
303,5a80299213875068,True,1.0,1.0,1.0,1.0,1.0,1.0,1.0
304,8ba84ea2cc4a5ead,True,1.0,1.0,0.7855147570558259,1.0,1.0,1.0,0.9106311487732608
305,bacbab3d771e59fd,True,1.0,1.0,0.783437449051092,1.0,1.0,1.0,0.9097656037712883
306,61d8eb4fd2395520,True,1.0,1.0,0.5736727554289783,0.0,1.0,1.0,0.40569698142874094
307,dc4b44d8961e538a,True,1.0,1.0,0.7486616687740825,1.0,1.0,1.0,0.8952756953225344
308,270768ccd1df5e0d,True,1.0,1.0,1.0,1.0,1.0,1.0,1.0
309,f50843b06ec259f2,True,1.0,1.0,0.9723370365571137,1.0,1.0,1.0,0.9884737652321306
310,ea7d8f38a0a05149,True,1.0,1.0,0.2028968204255863,1.0,1.0,1.0,0.6678736751773275
311,534587f0abca573b,True,1.0,1.0,0.8954882899544361,1.0,1.0,1.0,0.9564534541476816
312,a2737c768a335e27,True,1.0,1.0,0.7593216589887766,1.0,1.0,1.0,0.8997173579119903
313,2b610cc56f635751,True,1.0,1.0,0.3748907231890781,1.0,1.0,1.0,0.7395378013287827
314,53a22c2f65fd57d5,True,1.0,1.0,0.6650047010284307,1.0,1.0,1.0,0.8604186254285128
315,6e821a856fe45177,True,1.0,1.0,1.0,1.0,1.0,1.0,1.0
316,3be6682bde7d5548,True,1.0,1.0,0.5797615474324186,1.0,1.0,1.0,0.8249006447635078
317,cc6022c226c15d80,True,1.0,0.0,0.0,1.0,1.0,1.0,0.0
318,e9c2b75226b85cfe,True,1.0,1.0,0.7598528411058215,1.0,1.0,1.0,0.8999386837940923
319,c5af9333bf63510d,True,0.0,0.0,0.0,0.0,1.0,0.0,0.0
320,3f85ed22ffdf5683,True,1.0,1.0,0.8220591175428453,1.0,1.0,1.0,0.9258579656428522
321,6bacccc5dd3652c3,True,1.0,1.0,0.3612151989742076,1.0,1.0,1.0,0.7338396662392531
322,2e1d4bde0a16514b,True,1.0,1.0,0.33818626903511556,1.0,1.0,1.0,0.7242442787646315
323,936bb410fa70545b,True,1.0,1.0,0.781109012371993,1.0,1.0,1.0,0.9087954218216637
324,feb90d2112ec57cf,True,1.0,1.0,0.7332924474326168,1.0,1.0,1.0,0.8888718530969237
325,213870b088245664,True,1.0,1.0,0.29186047654281044,1.0,1.0,1.0,0.704941865226171
326,4d50c69f430850a0,True,1.0,1.0,0.6901565267639449,1.0,1.0,1.0,0.8708985528183103
327,55c604d608af594f,True,1.0,1.0,0.9759765721320599,1.0,1.0,1.0,0.9899902383883582
328,20c16675ba295725,True,1.0,1.0,0.593525196074852,0.0,1.0,1.0,0.413968831697855
329,be7004554c8750bc,True,1.0,1.0,1.0,1.0,1.0,0.0,1.0
330,59c8fb57fe4058ea,True,1.0,1.0,0.936584686967083,1.0,1.0,1.0,0.9735769529029512
331,5a35f8abb51c5303,True,1.0,1.0,1.0,1.0,1.0,1.0,1.0
332,c4e83619721455b0,True,1.0,1.0,0.7011342878017294,1.0,1.0,1.0,0.8754726199173873
333,e456e929ecb85b07,True,1.0,1.0,0.42595098772457335,1.0,1.0,1.0,0.7608129115519056
334,35f448c5566658be,True,1.0,1.0,0.7039370713869473,1.0,1.0,1.0,0.8766404464112281
335,6c08755130155f96,True,1.0,1.0,1.0,1.0,1.0,1.0,1.0
336,ee5975ff12275983,True,1.0,1.0,1.0,1.0,1.0,1.0,1.0
337,8e0ecc2622425ef0,True,1.0,1.0,0.9064696243559413,1.0,1.0,1.0,0.9610290101483088
338,fd89a82cf20e5632,True,1.0,1.0,0.9561725157796606,1.0,1.0,1.0,0.9817385482415252
339,74df9f9decc45b84,True,1.0,1.0,1.0,1.0,1.0,1.0,1.0
340,35e4b04bab1058d5,True,1.0,1.0,0.6425371875029124,1.0,1.0,1.0,0.8510571614595469
341,802ea08c7ae1530a,True,1.0,1.0,1.0,1.0,1.0,1.0,1.0
342,08b29b05bc4650f8,True,1.0,1.0,0.4909034159160029,1.0,1.0,1.0,0.7878764232983345
343,c38664c4b23853a3,True,1.0,1.0,0.7521341170294703,1.0,1.0,1.0,0.8967225487622793
344,10d0706cdc655c9f,True,1.0,0.0,0.0,1.0,1.0,1.0,0.0
345,d8699a1844cc5541,True,1.0,1.0,1.0,1.0,1.0,1.0,1.0
346,7d5f417c01fb5a87,True,1.0,1.0,0.6224739935884189,1.0,1.0,1.0,0.8426974973285078
347,eed30293a86e5feb,True,1.0,1.0,1.0,1.0,1.0,1.0,1.0
348,9a179eb32481553e,True,1.0,1.0,0.96487026540827,1.0,1.0,1.0,0.9853626105867792
349,687da3cabde458b5,True,1.0,1.0,0.5842640671588187,1.0,1.0,1.0,0.8267766946495078
350,c6319bbc03fb57d0,True,1.0,1.0,0.3344115846823614,1.0,1.0,1.0,0.7226714936176505
351,de3ea1d3c1e0588a,True,1.0,1.0,1.0,1.0,1.0,1.0,1.0
352,d1225aaedc8a5d48,True,1.0,1.0,1.0,1.0,1.0,1.0,1.0
353,71217bf1294b5c4b,True,1.0,1.0,0.8349305351388021,1.0,1.0,1.0,0.9312210563078342
354,e8daa33268685b31,True,1.0,1.0,1.0,1.0,1.0,1.0,1.0
355,0f31cc38f9f55c9a,True,1.0,1.0,0.9474893283208017,1.0,1.0,0.5,0.9781205534670008
356,09d424ddf3a558b3,True,1.0,0.0,0.0,1.0,1.0,1.0,0.0
357,7fded53ec049537a,True,1.0,1.0,1.0,1.0,1.0,1.0,1.0
358,36716a89eb9c5ef9,True,1.0,1.0,1.0,1.0,1.0,1.0,1.0
359,2ee0fbae6edc5e0d,True,1.0,1.0,1.0,1.0,1.0,1.0,1.0
360,8875d7f59f045de3,True,1.0,1.0,0.7736848699945018,1.0,1.0,1.0,0.9057020291643757
361,4386a0ba98f95bb3,True,1.0,1.0,0.5356884920325664,1.0,1.0,1.0,0.8065368716802359
362,5cbb02f3e0e253e5,True,1.0,1.0,1.0,1.0,1.0,1.0,1.0
363,18492b6ce9905b13,True,1.0,1.0,0.7263743546200451,1.0,1.0,1.0,0.8859893144250188
364,28f3ee6207ae50d6,True,1.0,1.0,0.4449613181448755,1.0,1.0,1.0,0.7687338825603648
365,7ed454741a7f54d5,True,1.0,1.0,0.8331341631626124,1.0,1.0,1.0,0.9304725679844218
366,c2156c6760fd55b5,True,1.0,1.0,1.0,1.0,1.0,0.5,1.0
367,f0455664b24358a7,True,1.0,1.0,0.9347018526889148,1.0,1.0,1.0,0.9727924386203811
368,37d8b3ca81905645,True,1.0,1.0,1.0,1.0,1.0,1.0,1.0
369,2302da9c486d5e3b,True,1.0,1.0,1.0,1.0,1.0,1.0,1.0
370,52e0d1590e0e529d,True,1.0,1.0,0.5808335721392722,1.0,1.0,1.0,0.8253473217246968
371,25e5bbbced86504c,True,1.0,1.0,0.7624013268993322,1.0,1.0,1.0,0.9010005528747218
372,e0388cc13b635cd7,True,1.0,1.0,1.0,0.0,1.0,1.0,0.5833333333333334
373,fae990c38c515aa9,True,1.0,0.0,0.0,0.0,1.0,1.0,0.0
374,da9ee145e2b05480,True,1.0,1.0,0.1933817010882568,1.0,1.0,1.0,0.6639090421201069
375,23ee5a5b9a1a550c,True,1.0,1.0,0.9902606601726757,1.0,1.0,1.0,0.9959419417386148
376,cefc63c820c45c3b,True,1.0,0.0,0.0,1.0,1.0,1.0,0.0
377,7383ddb2fac255cb,True,1.0,1.0,0.6727044541932725,1.0,1.0,1.0,0.8636268559138637
378,41bf372d03d95267,True,1.0,1.0,1.0,1.0,1.0,1.0,1.0
379,616439dd808d57f1,True,1.0,0.0,0.0,0.0,1.0,1.0,0.0
380,2c9ad43fb0cd5394,True,1.0,1.0,0.549894772528415,1.0,1.0,1.0,0.8124561552201729
381,184f5d3c75275c6e,True,1.0,1.0,1.0,1.0,1.0,1.0,1.0
382,7515bed58abd5f21,True,1.0,1.0,1.0,1.0,1.0,1.0,1.0
383,6292d2ef6730548d,True,1.0,1.0,0.7390870923469837,1.0,1.0,1.0,0.8912862884779099
384,c8dc1e0c85f75036,True,1.0,1.0,1.0,1.0,1.0,1.0,1.0
385,3e68b96c1d745820,True,1.0,1.0,0.6016324021415971,1.0,1.0,1.0,0.8340135008923321
386,8c1e2438ad5f514a,True,1.0,1.0,0.9620736644961998,1.0,1.0,1.0,0.9841973602067499
387,88642e4f16be55bd,True,1.0,1.0,1.0,1.0,1.0,1.0,1.0
388,1ebc0b5378ab5caa,True,1.0,1.0,1.0,1.0,1.0,1.0,1.0
389,8bb0f6034d505f75,True,1.0,1.0,0.2533583475892551,1.0,1.0,1.0,0.6888993114955229
390,08e03654c0ca5151,True,1.0,1.0,0.8182752729132586,1.0,1.0,1.0,0.9242813637138578
391,3ae409424da65443,True,1.0,1.0,1.0,1.0,1.0,1.0,1.0
392,9d864c15bf7d5414,True,1.0,1.0,1.0,1.0,1.0,1.0,1.0
393,14d112b14e9a5d5c,True,1.0,1.0,0.6488249077466718,1.0,1.0,1.0,0.8536770448944466
394,d88f286835b95ff3,True,1.0,1.0,1.0,1.0,1.0,1.0,1.0
395,3284cc6a78b05b9e,True,0.0,1.0,0.0,0.0,1.0,1.0,0.0
396,4b563d8a22145ed6,True,1.0,1.0,0.9977698009730642,1.0,1.0,1.0,0.9990707504054434
397,594dba6254d4500b,True,1.0,1.0,0.9706404714031641,1.0,1.0,1.0,0.9877668630846518
398,2389414c94075d6a,True,1.0,1.0,0.4075453223003564,1.0,1.0,1.0,0.7531438842918151
399,153af25086535f35,True,1.0,1.0,1.0,1.0,1.0,1.0,1.0
400,312d2bf03023521a,True,1.0,1.0,0.7528631645225758,1.0,1.0,1.0,0.8970263185510733
401,2a3a3e232e86560b,True,1.0,1.0,0.5745165030740939,1.0,1.0,1.0,0.8227152096142057
402,90ed1fb3861c56d7,True,1.0,1.0,0.7556674114585729,1.0,1.0,1.0,0.8981947547744054
403,859dea9ce9215b47,True,1.0,0.0,0.0,1.0,1.0,1.0,0.0
404,84a763e08d2c5ac6,True,1.0,1.0,1.0,1.0,1.0,1.0,1.0
405,71031bf46f1b5cb8,True,1.0,1.0,0.8282248906950171,1.0,1.0,1.0,0.9284270377895906
406,39fde97003dd540e,True,1.0,1.0,0.6390182110838123,1.0,1.0,1.0,0.8495909212849218
407,a862b4e7cbc05869,True,1.0,1.0,0.9675655145800488,1.0,1.0,1.0,0.9864856310750203
408,fbe55fdc31135ad5,True,1.0,1.0,0.6293515856759092,1.0,1.0,1.0,0.8455631606982955
409,e56402797d665711,True,1.0,0.0,0.0,1.0,1.0,1.0,0.0
410,f52211f2dec85537,True,1.0,1.0,0.8719081205168584,1.0,1.0,1.0,0.946628383548691
411,e13e38532130514b,True,1.0,1.0,1.0,1.0,1.0,1.0,1.0
412,dc87013816e059f5,True,1.0,1.0,1.0,1.0,1.0,1.0,1.0
413,f3738f5be59d5d10,True,1.0,1.0,1.0,1.0,1.0,1.0,1.0
414,51d961409a285653,True,1.0,1.0,1.0,1.0,1.0,1.0,1.0
415,2731fa425acf52f4,True,1.0,1.0,1.0,1.0,1.0,0.5,1.0
416,8d83f07bed9d5f6a,True,1.0,1.0,1.0,1.0,1.0,1.0,1.0
417,76b1b05efba353fe,True,1.0,1.0,0.8759026069056013,1.0,1.0,1.0,0.9482927528773338
418,dd9b1479609c5c59,True,1.0,1.0,1.0,1.0,1.0,1.0,1.0
419,265a62af0b2954a5,True,1.0,1.0,0.22314149981522377,1.0,1.0,1.0,0.6763089582563433
420,e89a30bba6345ada,True,1.0,1.0,0.32003322597465134,1.0,1.0,1.0,0.7166805108227714
421,8ea6783a7b195706,True,1.0,1.0,0.6618259514256147,1.0,1.0,1.0,0.8590941464273394
422,2a4ee10b521258a2,True,1.0,1.0,0.7180322876444956,1.0,1.0,1.0,0.8825134531852065
423,eefc84cb86d45529,True,1.0,1.0,1.0,1.0,1.0,1.0,1.0
424,4ccdd6c153335a2b,True,1.0,1.0,0.29070561476835816,1.0,1.0,1.0,0.7044606728201493
425,5b21d7acaa545a46,True,1.0,1.0,1.0,1.0,1.0,1.0,1.0
426,34787bf8b0d95f31,True,1.0,1.0,1.0,1.0,1.0,1.0,1.0
427,39168e35ed085e11,True,1.0,1.0,0.33629222221595584,1.0,1.0,1.0,0.7234550925899815
428,95ee5b14fb3a5ce0,True,1.0,1.0,1.0,1.0,1.0,1.0,1.0
429,eeee7091fa995250,True,1.0,1.0,0.6265670743370111,1.0,1.0,1.0,0.8444029476404212
430,10ffaee1fe81544d,True,1.0,1.0,1.0,1.0,1.0,1.0,1.0
431,c95f789949355567,True,1.0,1.0,0.6401306095929423,1.0,1.0,1.0,0.850054420663726
432,b1e0acd51fbf5895,True,1.0,1.0,0.5727491273396859,1.0,1.0,1.0,0.8219788030582024
433,cbdda157b6705786,True,1.0,1.0,0.3520190338005195,1.0,1.0,1.0,0.7300079307502164
434,afd632f043e35a49,True,1.0,1.0,0.8780034111710625,1.0,1.0,1.0,0.9491680879879428
435,45b494315ca85268,True,1.0,1.0,0.7804684483868977,1.0,1.0,1.0,0.9085285201612073
436,58ba738c8dd15d55,True,1.0,1.0,0.4296961687554552,0.0,1.0,1.0,0.34570673698143967
437,e81d82f764c853c0,True,1.0,1.0,0.9350827147976278,1.0,1.0,1.0,0.9729511311656783
438,2564ab331db05cb9,True,1.0,1.0,0.99263072907805,1.0,1.0,1.0,0.9969294704491874
439,27a8d6913e5b557b,True,1.0,1.0,1.0,1.0,1.0,1.0,1.0
440,79e582695923514a,True,1.0,1.0,0.5696102915495055,1.0,1.0,1.0,0.8206709548122939
441,78c26c7e63c3534c,True,1.0,0.0,0.0,1.0,1.0,1.0,0.0
442,1bc892186af15042,True,1.0,0.0,0.0,1.0,1.0,1.0,0.0
443,05d6f076bdc855d1,True,1.0,1.0,0.7924162293097049,1.0,1.0,1.0,0.913506762212377
444,0c4bf4c931b05734,True,1.0,1.0,0.765062278123492,1.0,1.0,1.0,0.9021092825514551
445,7a140c5865295d91,True,1.0,1.0,0.8091750079205455,1.0,1.0,1.0,0.9204895866335606
446,94817f3d96fe5072,True,1.0,1.0,1.0,1.0,1.0,1.0,1.0
447,e4c83b8feafe5cb4,True,1.0,1.0,0.9257514401459007,1.0,1.0,1.0,0.9690631000607919
448,684ff3674eeb54ea,True,1.0,1.0,0.7757163203368445,1.0,1.0,1.0,0.9065484668070184
449,b868adf3ec2e56a5,True,1.0,1.0,0.4404676959345664,1.0,1.0,1.0,0.766861539972736
450,0965108c193757a9,True,1.0,1.0,0.7636044350836526,1.0,1.0,1.0,0.901501847951522
451,41f86f5fb97d505c,True,1.0,1.0,0.7716991809160765,1.0,1.0,1.0,0.9048746587150319
452,81286af2aa9c5e17,True,1.0,0.0,0.0,1.0,1.0,1.0,0.0
453,1a707ed0d7ba541d,True,1.0,1.0,1.0,1.0,1.0,1.0,1.0
454,f3e09f0670d25426,True,1.0,1.0,1.0,1.0,1.0,1.0,1.0
455,a20beaedf66b59f3,True,1.0,1.0,0.6736401556354399,1.0,1.0,1.0,0.8640167315147665
456,c39af88ae1be534a,True,0.0,1.0,0.0,0.0,1.0,1.0,0.0
457,e102672eb1975e6f,True,1.0,1.0,1.0,1.0,1.0,1.0,1.0
458,2c21ad85949653a6,True,1.0,1.0,1.0,1.0,1.0,1.0,1.0
459,41d7b533797c5209,True,1.0,1.0,0.7986612480215782,1.0,1.0,1.0,0.9161088533423243
460,7287189737c85540,True,1.0,1.0,1.0,1.0,1.0,1.0,1.0
461,b411a654aa215f1b,True,1.0,1.0,0.992252544352472,1.0,1.0,1.0,0.9967718934801967
462,44f758bf2bee53ce,True,1.0,1.0,0.5206593127597009,1.0,1.0,1.0,0.8002747136498755
463,e69feea0fa7953e0,True,1.0,1.0,0.8954300951231442,1.0,1.0,1.0,0.9564292063013101
464,5c665c5453cc54a0,True,1.0,1.0,0.9882304116807905,1.0,1.0,1.0,0.995096004866996
465,4a919f7ea2f65200,True,1.0,1.0,1.0,1.0,1.0,1.0,1.0
466,76ec850d346b5ca7,True,1.0,1.0,1.0,1.0,1.0,1.0,1.0
467,ef68308faf305171,True,1.0,1.0,1.0,1.0,1.0,1.0,1.0
468,d7b1349fb4775cc1,True,1.0,1.0,0.6410004971898217,1.0,1.0,1.0,0.8504168738290924
469,0af464147919575d,True,1.0,1.0,1.0,1.0,1.0,1.0,1.0
470,1347c91c511a5918,True,1.0,1.0,0.8999502136645472,1.0,1.0,1.0,0.9583125890268946
471,4509bc830bbc5fbd,True,1.0,1.0,1.0,1.0,1.0,1.0,1.0
472,342596d95a475bed,True,1.0,1.0,0.9937498513664428,1.0,1.0,1.0,0.9973957714026845
473,17a015f4ef9b56d0,True,1.0,1.0,0.7033617150496628,1.0,1.0,1.0,0.8764007146040261
474,cff12b59b73c537e,True,1.0,1.0,1.0,1.0,1.0,1.0,1.0
475,c648574640a65934,True,1.0,1.0,0.5348798789282802,1.0,1.0,1.0,0.8061999495534501
476,ba3833aabbb85e7b,True,1.0,1.0,0.8156116058790716,1.0,1.0,1.0,0.9231715024496131
477,249c1b68ba355e43,True,1.0,1.0,0.7019968361813392,1.0,1.0,1.0,0.875832015075558
478,1d3cf448005f56c1,True,1.0,1.0,1.0,1.0,1.0,1.0,1.0
479,8b3423345f3657b0,True,1.0,1.0,1.0,1.0,1.0,1.0,1.0
480,2daa400892ce5a95,True,1.0,1.0,0.7639035001090926,1.0,1.0,1.0,0.9016264583787885
481,11482ead31545f3a,True,1.0,1.0,1.0,1.0,1.0,1.0,1.0
482,d0bf0c6c025c5c8c,True,1.0,1.0,0.4305193675592077,1.0,1.0,1.0,0.7627164031496699
483,642ba15d21c05f4e,True,1.0,1.0,0.7184394272345616,1.0,1.0,1.0,0.8826830946810672
484,94c3ef5a3168570a,True,1.0,1.0,0.6722806286901315,1.0,1.0,1.0,0.8634502619542216
485,3d84e6189fdd51bb,True,1.0,0.0,0.0,1.0,1.0,1.0,0.0
486,a861711ff302554b,True,1.0,1.0,1.0,1.0,1.0,1.0,1.0
487,8f5485a8338c5278,True,1.0,1.0,0.4909791200553859,1.0,1.0,1.0,0.787907966689744
488,15faa071a7145ad6,True,1.0,1.0,0.42584881528189406,1.0,1.0,1.0,0.7607703397007892
489,4a2f87a2fd42549e,True,1.0,1.0,1.0,1.0,1.0,1.0,1.0
490,583f7d0d8b27513c,True,1.0,1.0,0.9204118301934967,1.0,1.0,1.0,0.9668382625806237
491,3e1dd9067b365a42,True,1.0,1.0,0.9173676888066555,1.0,1.0,1.0,0.9655698703361065
492,04674da1553352ad,True,1.0,1.0,0.9816232704605499,1.0,1.0,1.0,0.9923430293585623
493,3ad6a3f7a0f155f8,True,1.0,1.0,0.4183090209689892,1.0,1.0,1.0,0.7576287587370789
494,5c9063357a725208,True,1.0,1.0,1.0,1.0,1.0,1.0,1.0
495,fe800ded24045b44,True,1.0,1.0,0.7127422377518348,1.0,1.0,1.0,0.8803092657299311
496,eaa64f296ff85b61,True,1.0,1.0,1.0,1.0,1.0,1.0,1.0
497,c32ae6a1954651ec,True,1.0,1.0,0.7152839951758269,1.0,1.0,1.0,0.8813683313232611
498,8429a35187bb5c08,True,1.0,1.0,1.0,1.0,1.0,1.0,1.0
499,c9b3ce1062455ad6,True,1.0,1.0,0.7630025179420926,1.0,1.0,1.0,0.9012510491425386
500,cecf3adea347569b,True,1.0,1.0,0.8952382320599491,1.0,1.0,1.0,0.956349263358312
501,c653006470bf521f,True,1.0,1.0,1.0,1.0,1.0,1.0,1.0
502,fad0701870e750a5,True,1.0,1.0,1.0,1.0,1.0,1.0,1.0
503,d151becf4b395f13,True,1.0,1.0,1.0,1.0,1.0,1.0,1.0
504,557690c1c31357b1,True,1.0,1.0,0.5274198913083648,1.0,1.0,1.0,0.8030916213784853
505,3fbc15dbb18756ba,True,1.0,1.0,0.9675802035560371,0.0,1.0,1.0,0.5698250848150155
506,152a3fbb37155fa0,True,1.0,1.0,1.0,1.0,1.0,1.0,1.0
507,c08100986326547c,True,1.0,1.0,1.0,0.0,1.0,1.0,0.5833333333333334
508,91fbe6fb1a3d5717,True,1.0,1.0,1.0,1.0,1.0,1.0,1.0
509,984716e6e27e59ee,True,1.0,1.0,1.0,1.0,1.0,1.0,1.0
510,8084b4b0d97b5d93,True,1.0,1.0,1.0,1.0,1.0,1.0,1.0
511,58cf6aaf126b5727,True,1.0,1.0,1.0,1.0,1.0,1.0,1.0
512,f0fb575adb8a5171,True,1.0,1.0,1.0,1.0,1.0,1.0,1.0
513,1a66019703c45296,True,1.0,1.0,1.0,1.0,1.0,1.0,1.0
514,44062179c5b350bc,True,1.0,1.0,0.9105021387164284,0.0,1.0,1.0,0.5460425577985119
515,e61699cda2f15e01,True,1.0,1.0,0.7694442839823188,1.0,1.0,1.0,0.9039351183259662
516,2be07b9c94db5de7,True,1.0,1.0,0.9621591005895295,1.0,1.0,1.0,0.9842329585789708
517,fce752b25ce55380,True,1.0,1.0,0.406389798548676,1.0,1.0,1.0,0.7526624160619484
518,33a4b3a5822e52db,True,1.0,1.0,1.0,1.0,1.0,1.0,1.0
519,70e6f01ee485510a,True,1.0,1.0,0.7609633721798005,1.0,1.0,1.0,0.9004014050749168
520,d763dadacfd55928,True,1.0,1.0,0.9748744952400281,1.0,1.0,1.0,0.989531039683345
521,d64a3964875f5b41,True,1.0,1.0,1.0,1.0,1.0,1.0,1.0
522,351663288cc45157,True,1.0,1.0,0.8004677301466853,1.0,1.0,1.0,0.9168615542277855
523,250e6e2e6a9d5ee8,True,1.0,1.0,0.9382332652627398,1.0,1.0,1.0,0.9742638605261416
524,407bc420086a58f6,True,1.0,1.0,1.0,1.0,1.0,1.0,1.0
525,87751a071a7e50a4,True,1.0,1.0,1.0,1.0,1.0,1.0,1.0
526,a19d3096f2625fdb,True,1.0,1.0,0.7781168727855199,1.0,1.0,1.0,0.9075486969939667
527,6bd5888420e851a1,True,1.0,0.0,0.0,1.0,1.0,1.0,0.0
528,cb2a52e9af3a5e0a,True,1.0,1.0,1.0,1.0,1.0,1.0,1.0
529,511741d6df93540d,True,1.0,0.0,0.0,1.0,1.0,0.5,0.0
530,626b5dc253965ecb,True,1.0,1.0,0.9370501362358116,1.0,1.0,1.0,0.9737708900982548
531,c0e6947e2b455ff7,True,1.0,1.0,1.0,1.0,1.0,0.0,1.0
532,d715fbc6ea0551f8,True,1.0,1.0,0.6337485786604479,1.0,1.0,1.0,0.8473952411085199
533,119bd713e2db5e25,True,1.0,1.0,0.7693835876988859,1.0,1.0,1.0,0.9039098282078691
534,2e6e9e72249a5980,True,1.0,1.0,0.6542006440344299,1.0,1.0,1.0,0.8559169350143457
535,1679f30058f75db4,True,1.0,1.0,1.0,1.0,1.0,1.0,1.0
536,3f6732f66f695405,True,1.0,1.0,1.0,1.0,1.0,1.0,1.0
537,3f5d3b68c1a156ed,True,1.0,1.0,0.7734606145718422,1.0,1.0,1.0,0.9056085894049343
538,2115792748a75f88,True,1.0,1.0,1.0,1.0,1.0,1.0,1.0
539,f94d84bd174d59ce,True,1.0,1.0,1.0,1.0,1.0,1.0,1.0
540,2fd95381df705415,True,1.0,1.0,0.9075642365061855,1.0,1.0,1.0,0.9614850985442439
541,92e499cae59d57d4,True,1.0,0.0,0.0,1.0,1.0,1.0,0.0
542,8ff8246f69f75f6a,True,1.0,1.0,1.0,1.0,1.0,1.0,1.0
543,08fcb3344bea538d,True,1.0,1.0,0.5645020098213303,1.0,1.0,1.0,0.8185425040922208
544,de28290571ec523a,True,1.0,1.0,1.0,1.0,1.0,1.0,1.0
545,0eb28cf3dad95c46,True,1.0,1.0,1.0,1.0,1.0,1.0,1.0
546,fa9e58947ab65890,True,1.0,1.0,0.7493973725293708,1.0,1.0,1.0,0.8955822385539044
547,5f3fbfc334c0579c,True,1.0,1.0,1.0,1.0,1.0,1.0,1.0
548,57b2cc25579a5885,True,1.0,1.0,0.9380309235962434,1.0,1.0,1.0,0.9741795514984348
549,1b35b775c4a95647,True,1.0,1.0,0.833881505314662,1.0,1.0,1.0,0.9307839605477758
550,a08ed58ddc6d53b3,True,1.0,1.0,1.0,1.0,1.0,1.0,1.0
551,9d6eac20a6fb5cd9,True,1.0,1.0,0.9788980516928426,1.0,1.0,1.0,0.9912075215386844
552,2d305230053e5e19,True,1.0,1.0,0.8446724915012954,1.0,1.0,1.0,0.9352802047922064
553,fee60d4bd08f550a,True,1.0,1.0,1.0,1.0,1.0,1.0,1.0
554,d1dd156bb9b1599d,True,1.0,1.0,0.9553032657000805,1.0,1.0,1.0,0.9813763607083669
555,f0d6814d23245178,True,1.0,1.0,1.0,0.0,1.0,1.0,0.5833333333333334
556,752255614d7f569a,True,1.0,1.0,0.6056850820339524,0.0,1.0,1.0,0.4190354508474801
557,d26170a35d1c5e33,True,1.0,1.0,0.7047920533136227,1.0,1.0,1.0,0.8769966888806762
558,5d004fb36ca95fa0,True,1.0,1.0,1.0,1.0,1.0,1.0,1.0
559,69610203b8c35c96,True,0.0,1.0,0.0,0.0,1.0,1.0,0.0
560,485b3e83878255b2,True,1.0,0.0,0.0,1.0,1.0,1.0,0.0
561,da888593e9a0518c,True,1.0,1.0,0.2880359824081509,1.0,1.0,1.0,0.7033483260033963
562,ed02d0df47ca55e7,True,1.0,1.0,1.0,1.0,1.0,1.0,1.0
563,f32d809c7175588c,True,1.0,1.0,1.0,1.0,1.0,1.0,1.0
564,0ea5bbb7337d5a56,True,1.0,1.0,0.5068079061230313,1.0,1.0,1.0,0.7945032942179298
565,33b379cc74255b15,True,1.0,1.0,0.7397484471575531,1.0,1.0,1.0,0.8915618529823138
566,6d3db8abd9ad52eb,True,1.0,1.0,1.0,1.0,1.0,1.0,1.0
567,59a1d448fbdf53f6,True,1.0,1.0,1.0,1.0,1.0,1.0,1.0
568,dded75c35039515f,True,1.0,1.0,0.962473387548815,1.0,1.0,1.0,0.984363911478673
569,611bde5a2b585c9d,True,1.0,1.0,0.928976881378707,1.0,1.0,1.0,0.9704070339077946
570,a5a4a6add0d05113,True,1.0,1.0,1.0,1.0,1.0,1.0,1.0
571,d6e4774d5cc65309,True,1.0,1.0,1.0,1.0,1.0,1.0,1.0
572,15bc35249e5656b6,True,0.0,1.0,0.0,0.0,1.0,1.0,0.0
573,9933a1df50ff5919,True,1.0,1.0,0.9269006850201662,1.0,1.0,1.0,0.969541952091736
574,ece9650c827e569f,True,1.0,1.0,1.0,1.0,1.0,1.0,1.0
575,78b4153a6d3e5b33,True,1.0,1.0,1.0,1.0,1.0,1.0,1.0
576,61768c493892576d,True,1.0,1.0,0.7350913698774847,1.0,1.0,1.0,0.8896214041156186
577,5fb039973cf85b11,True,1.0,1.0,0.9740777980416441,1.0,1.0,1.0,0.9891990825173517
578,866edd106b555de6,True,1.0,1.0,0.8999905111826968,1.0,1.0,1.0,0.9583293796594571
579,ad5284a6be715f10,True,1.0,1.0,0.8604853831596239,1.0,1.0,1.0,0.9418689096498433
580,353a7c23eed25597,True,1.0,1.0,1.0,1.0,1.0,1.0,1.0
581,6cbc045e25c2506d,True,1.0,1.0,1.0,1.0,1.0,1.0,1.0
582,4655358777d95867,True,1.0,1.0,0.9667017137397075,1.0,1.0,1.0,0.9861257140582115
583,d45773d48e4f5fb7,True,1.0,1.0,0.9463761633784257,1.0,1.0,1.0,0.9776567347410108
584,1e98fee7a7cc5254,True,1.0,1.0,0.5800502263869725,0.0,1.0,1.0,0.40835426099457184
585,ab4015c25a66588a,True,1.0,1.0,0.9331039839881093,1.0,1.0,1.0,0.9721266599950456
586,07846b829b3a575e,True,1.0,1.0,0.8650837958280689,1.0,1.0,1.0,0.943784914928362
587,f6df3f934bdb598d,True,1.0,1.0,1.0,1.0,1.0,1.0,1.0
588,26a1ceab4d455a77,True,1.0,1.0,1.0,1.0,1.0,1.0,1.0
589,d3484ba53e775a66,True,1.0,1.0,1.0,1.0,1.0,1.0,1.0
590,0ae1539816f55b5f,True,1.0,1.0,0.712778809952792,1.0,1.0,1.0,0.8803245041469966
591,2322850f71fa5c4d,True,1.0,1.0,0.42081799154551724,1.0,1.0,1.0,0.7586741631439655
592,50202ba4b1b55f6b,True,1.0,1.0,1.0,1.0,1.0,1.0,1.0
593,f9ed38d9ddfa531e,True,1.0,0.0,0.0,1.0,1.0,1.0,0.0
594,3cbb6c030b1e5d19,True,1.0,0.0,0.0,1.0,1.0,1.0,0.0
595,cde6be1eb8f85b3c,True,1.0,1.0,1.0,1.0,1.0,1.0,1.0
596,3acfdef9ef305e77,True,0.0,1.0,0.0,0.0,1.0,0.5,0.0
597,0b6912dfdcf450c1,True,1.0,1.0,1.0,1.0,1.0,1.0,1.0
598,371d154a89425165,True,1.0,1.0,0.924603593545912,1.0,1.0,1.0,0.9685848306441299
599,f2291b8766215c41,True,1.0,1.0,0.6508318469403677,1.0,1.0,1.0,0.8545132695584865
600,1d1dde59c417522f,True,1.0,1.0,1.0,1.0,1.0,1.0,1.0
601,0a8612e9d0df52f1,True,1.0,1.0,0.7994310567428514,1.0,1.0,1.0,0.916429606976188
602,54a295777c3a5d46,True,1.0,1.0,0.7130230892693987,1.0,1.0,1.0,0.8804262871955828
603,c91c301500e95244,True,1.0,1.0,0.9867512210939178,1.0,1.0,1.0,0.9944796754557991
604,dcb8fbfc6c1d5fd6,True,1.0,1.0,0.8301492830417586,1.0,1.0,1.0,0.9292288679340661
605,625bda810b66583a,True,1.0,1.0,0.7570142956145095,1.0,1.0,1.0,0.8987559565060456
606,a8a10f07becb5a55,True,1.0,1.0,1.0,1.0,1.0,1.0,1.0
607,268ab283b4a95126,True,1.0,1.0,0.9752596892785836,1.0,1.0,1.0,0.9896915371994099
608,9833f2646439513e,True,1.0,1.0,1.0,1.0,1.0,1.0,1.0
609,e073c9ed32975c17,True,1.0,1.0,1.0,1.0,1.0,1.0,1.0
610,cd7568df56095ff2,True,1.0,1.0,1.0,1.0,1.0,1.0,1.0
611,83242e2595a85111,True,1.0,0.0,0.0,1.0,1.0,1.0,0.0
612,e83be8437b0c5862,True,1.0,1.0,1.0,1.0,1.0,1.0,1.0
613,4936360c43435011,True,1.0,1.0,0.7685089100518989,1.0,1.0,1.0,0.9035453791882913
614,940becbbb9d05594,True,1.0,1.0,1.0,1.0,1.0,1.0,1.0
615,cd16888f31015b81,True,1.0,1.0,1.0,1.0,1.0,0.5,1.0
616,3ce814811e5252dc,True,1.0,1.0,0.7326252624974134,1.0,1.0,1.0,0.8885938593739223
617,ca8b5c5ed914507c,True,1.0,1.0,1.0,1.0,1.0,1.0,1.0
618,c67262b6c33b5b0f,True,1.0,1.0,0.7840127963026243,1.0,1.0,1.0,0.9100053317927602
619,fa02f1587177551c,True,1.0,1.0,1.0,1.0,1.0,1.0,1.0
620,eccb91aff29c5415,True,1.0,1.0,0.6456575695909971,1.0,1.0,1.0,0.8523573206629154
621,3a29d6bc75a557f1,True,1.0,1.0,1.0,1.0,1.0,1.0,1.0
622,9d87610ffed85509,True,1.0,1.0,0.7428026489274805,1.0,1.0,1.0,0.8928344370531169
623,79bb6b3243f151a6,True,1.0,1.0,0.6912177062708146,1.0,1.0,1.0,0.8713407109461727
624,8d86cfd038145f2a,True,1.0,1.0,0.7180288775763065,1.0,1.0,1.0,0.8825120323234611
625,0f97d412a94255ac,True,1.0,1.0,1.0,1.0,1.0,1.0,1.0
626,65bed9b54a335206,True,1.0,1.0,0.9795960211271322,1.0,1.0,1.0,0.991498342136305
627,3b10bf025bd65e4b,True,1.0,1.0,1.0,1.0,1.0,1.0,1.0
628,0a649534cf715ba2,True,1.0,1.0,0.3099972206869382,1.0,1.0,1.0,0.7124988419528909
629,6482eb343a2b5329,True,1.0,1.0,0.8857423174496548,1.0,1.0,1.0,0.9523926322706894
630,b2b49c0ddec25abc,True,1.0,1.0,1.0,1.0,1.0,1.0,1.0
631,16d3bf2e9bf75eb4,True,1.0,1.0,0.36976968914373554,1.0,1.0,1.0,0.7374040371432232
632,6fed9368351f54d5,True,0.0,0.0,0.0,0.0,1.0,1.0,0.0
633,2f6ef141a25657e5,True,1.0,1.0,0.8000809493441063,1.0,1.0,1.0,0.9167003955600443
634,da0d775d13c956be,True,1.0,1.0,0.5344458073755146,1.0,1.0,1.0,0.8060190864064644
635,a3e0421d08d25e5b,True,1.0,1.0,0.421099996270179,1.0,1.0,1.0,0.7587916651125747
636,927b73fea33f5218,True,1.0,1.0,0.9406380171678989,1.0,1.0,1.0,0.9752658404866246
637,c1e76b8992fa5182,True,1.0,1.0,1.0,1.0,1.0,1.0,1.0
638,ad970e7cae1a5ead,True,1.0,1.0,1.0,1.0,1.0,1.0,1.0
639,9f528c7bfca6509b,True,1.0,1.0,0.8140312697858819,1.0,1.0,1.0,0.9225130290774507
640,c3907cc0d2ed5600,True,1.0,1.0,1.0,1.0,1.0,1.0,1.0
641,29560d02d4615d4c,True,1.0,1.0,1.0,1.0,1.0,1.0,1.0
642,3216cf4d7e975148,True,1.0,1.0,0.8944002663570501,1.0,1.0,1.0,0.9560001109821042
643,3ea7ba225643556d,True,1.0,1.0,0.6725297215689956,1.0,1.0,1.0,0.8635540506537481
644,bf80166d9d045752,True,1.0,1.0,0.8509371712736995,1.0,1.0,1.0,0.9378904880307081
645,b5ca533bca505ceb,True,1.0,1.0,1.0,1.0,1.0,1.0,1.0
646,073b782b57115061,True,1.0,1.0,0.8490071088505838,1.0,1.0,1.0,0.9370862953544098
647,e38dd745e363544c,True,1.0,1.0,0.8197197649049086,1.0,1.0,1.0,0.9248832353770453
648,64a8b055818c5bef,True,1.0,1.0,0.711530949152767,1.0,1.0,1.0,0.8798045621469862
649,95612e81595b568f,True,1.0,1.0,0.7002491829142456,1.0,1.0,1.0,0.8751038262142691
650,65858c2fe6b5501f,True,1.0,1.0,1.0,1.0,1.0,1.0,1.0
651,59e4fc5b37f55556,True,1.0,1.0,0.8055833287069004,1.0,1.0,1.0,0.9189930536278753
652,974041ac230056eb,True,1.0,1.0,1.0,1.0,1.0,1.0,1.0
653,4ba033878f8b5284,True,1.0,1.0,0.7342923278895692,1.0,1.0,1.0,0.8892884699539872
654,fcb6bd60c8905c79,True,1.0,1.0,0.7058132185058681,1.0,1.0,1.0,0.8774221743774451
655,a6229e66c0e656d8,True,1.0,1.0,0.8128707147792951,1.0,1.0,1.0,0.922029464491373
656,2ef107f7be2351a5,True,1.0,1.0,0.8919796169587101,1.0,1.0,1.0,0.9549915070661292
657,090af86f693c507b,True,1.0,1.0,0.8016007040147388,0.0,1.0,1.0,0.5006669600061412
658,8fc41f783d475448,True,1.0,1.0,1.0,1.0,1.0,1.0,1.0
659,14d9640a8b9d5d7d,True,1.0,0.0,0.0,1.0,1.0,1.0,0.0
660,db73bde6710e50ca,True,1.0,1.0,1.0,1.0,1.0,1.0,1.0
661,85a89a122095548d,True,1.0,1.0,0.6946823990475678,1.0,1.0,1.0,0.8727843329364866
662,52fae9c4f2025dc3,True,1.0,1.0,0.7730499056300439,1.0,1.0,1.0,0.905437460679185
663,4434242a192c58b4,True,1.0,1.0,1.0,1.0,1.0,1.0,1.0
664,ae73a52a1a5d54ac,True,1.0,1.0,0.9986105373847296,1.0,1.0,1.0,0.9994210572436373
665,4a35a95ee57f5572,True,1.0,1.0,1.0,1.0,1.0,1.0,1.0
666,c5bec7e4a75f5ca1,True,1.0,1.0,1.0,1.0,1.0,1.0,1.0
667,f19d96f947fa52d9,True,1.0,1.0,0.9739464134702066,1.0,1.0,1.0,0.9891443389459195
668,90a14e5bd7cb5f47,True,1.0,1.0,0.9784558729314496,1.0,1.0,1.0,0.991023280388104
669,c9ddc670b1195efd,True,1.0,1.0,0.68508176699161,1.0,1.0,1.0,0.8687840695798376
670,6ecc4586af155c50,True,1.0,1.0,1.0,1.0,1.0,1.0,1.0
671,1484455d33b85a75,True,1.0,1.0,1.0,1.0,1.0,1.0,1.0
672,5c9d51dc830453c5,True,1.0,1.0,0.8119496609430209,1.0,1.0,1.0,0.921645692059592
673,1a442597212150c2,True,0.5,0.0,0.0,0.0,1.0,1.0,0.0
674,3be53588a286557f,True,1.0,1.0,1.0,1.0,1.0,1.0,1.0
675,6781255a85605dd5,True,1.0,1.0,1.0,1.0,1.0,1.0,1.0
676,43cfa12f279355aa,True,1.0,0.0,0.0,1.0,1.0,1.0,0.0
677,55dab3d9ebd95046,True,1.0,1.0,0.2346657845214801,1.0,1.0,1.0,0.6811107435506166
678,04605629ea8a50cc,True,1.0,1.0,1.0,1.0,1.0,1.0,1.0
679,1bc6668f3dff5822,True,1.0,1.0,0.7302803595248699,1.0,1.0,1.0,0.8876168164686957
680,87eae54f57ea5690,True,1.0,1.0,0.8235143712427252,1.0,1.0,1.0,0.9264643213511355
681,04582784acfe5725,True,1.0,1.0,1.0,1.0,1.0,1.0,1.0
682,17a3e2d3cba55770,True,1.0,1.0,1.0,1.0,1.0,1.0,1.0
683,4940444d511c5594,True,1.0,1.0,0.558997964078432,1.0,1.0,1.0,0.8162491516993468
684,08b6a130aaa35629,True,1.0,1.0,1.0,1.0,1.0,1.0,1.0
685,9adad5bdab6b52fa,True,1.0,1.0,0.8529445282357707,1.0,1.0,1.0,0.9387268867649045
0,d5ece6235301571f,True,1.0,1.0,1.0,1.0,1.0,1.0,1.0
1,b3509fd31f495cfb,True,1.0,1.0,0.7509301701673743,1.0,1.0,1.0,0.8962209042364059
2,1541f285d1525ca0,True,1.0,1.0,1.0,1.0,1.0,1.0,1.0
3,a49be33c358b5cb4,True,1.0,0.0,0.0,1.0,1.0,1.0,0.0
4,96a0bbef8c335c3e,True,1.0,1.0,0.9898173646375271,1.0,1.0,1.0,0.9957572352656362
5,58169843acb45a62,True,1.0,1.0,0.8851003649359602,1.0,1.0,1.0,0.9521251520566502
6,71629f355b5e5b19,True,1.0,1.0,0.9423767050200977,1.0,1.0,1.0,0.9759902937583741
7,722ed88251d25420,True,1.0,1.0,0.9661624563957874,1.0,1.0,1.0,0.9859010234982447
8,2cc421e9b3fd5c17,True,1.0,0.0,0.0,0.0,1.0,1.0,0.0
9,ccce59bb3b3a5c29,True,1.0,1.0,1.0,1.0,1.0,1.0,1.0
10,082ea12d7b2355cb,True,1.0,1.0,1.0,1.0,1.0,1.0,1.0
11,05769097cb6c5b91,True,1.0,1.0,0.8012444976660217,1.0,1.0,1.0,0.9171852073608423
12,955916fd66da5657,True,1.0,1.0,0.48617563917841033,1.0,1.0,1.0,0.7859065163243377
13,bb85e87e90ae52ec,True,1.0,1.0,1.0,1.0,1.0,0.0,1.0
14,c87001c4251e559a,True,1.0,1.0,0.8434705183479116,1.0,1.0,1.0,0.9347793826449632
15,27861c4d747751ba,True,1.0,1.0,1.0,1.0,1.0,1.0,1.0
16,b7d52a0a64825b14,True,1.0,1.0,1.0,1.0,1.0,1.0,1.0
17,dbb26055ea9351dc,True,1.0,1.0,0.8898971442753795,1.0,1.0,1.0,0.9541238101147415
18,f407714273645434,True,1.0,1.0,0.7324204655178082,1.0,1.0,1.0,0.8885085272990868
19,603d4a913f315a41,True,1.0,1.0,0.9518205233208499,1.0,1.0,1.0,0.979925218050354
20,e22fe7366ecd5c70,True,0.0,1.0,0.0,0.0,1.0,1.0,0.0
21,77ee60147e0e55b7,True,1.0,1.0,1.0,1.0,1.0,1.0,1.0
22,aa5f2769e03f5a8b,True,1.0,1.0,0.42581830396960585,1.0,1.0,1.0,0.7607576266540024
23,985240456390586f,True,1.0,1.0,1.0,1.0,1.0,1.0,1.0
24,570ba391cb6158c2,True,1.0,1.0,0.4746308156254359,1.0,1.0,1.0,0.7810961731772649
25,03ec8e118cb0541d,True,1.0,1.0,1.0,1.0,1.0,1.0,1.0
26,ee8e4ad158ef5a8d,True,1.0,1.0,0.9945483183702881,1.0,1.0,1.0,0.9977284659876201
27,a911eef9f873522a,True,1.0,1.0,0.9010894726451881,1.0,1.0,1.0,0.9587872802688283
28,c1ea7d700faa5fee,True,1.0,1.0,1.0,1.0,1.0,1.0,1.0
29,534efc35151f543d,True,1.0,1.0,1.0,1.0,1.0,1.0,1.0
30,1ad96f74e72750db,True,1.0,1.0,0.83286970205766,1.0,1.0,1.0,0.9303623758573583
31,81102abfeaa25562,True,1.0,1.0,0.8532258124711649,1.0,1.0,1.0,0.9388440885296521
32,5b61b9072cad5dbc,True,1.0,1.0,0.8749631105039083,1.0,1.0,1.0,0.9479012960432951
33,ae2c1faedb3356f9,True,1.0,1.0,0.6256599352515758,1.0,1.0,1.0,0.8440249730214898
34,b5efcbfe3c6f5888,True,1.0,1.0,0.7472966273427794,1.0,1.0,1.0,0.8947069280594914
35,b2fb8aee62dc5b09,True,1.0,1.0,0.48041106579478904,1.0,1.0,1.0,0.7835046107478288
36,9b3a284d78f458f3,True,1.0,1.0,0.9293862724348864,1.0,1.0,1.0,0.970577613514536
37,39bbb12794ca56a3,True,1.0,1.0,0.6618144844081951,1.0,1.0,1.0,0.8590893685034146
38,63873e2afca95e70,True,1.0,1.0,0.9733224863358844,1.0,1.0,1.0,0.9888843693066184
39,aecf8e9ea11c5a06,True,1.0,1.0,0.8334296834357434,1.0,1.0,1.0,0.9305957014315598
40,7291b74b016d5672,True,1.0,1.0,1.0,1.0,1.0,1.0,1.0
41,5bbd26efb97658ec,True,1.0,1.0,0.6341738963709098,1.0,1.0,1.0,0.8475724568212124
42,f790e64181a15f5a,True,1.0,0.0,0.0,1.0,1.0,1.0,0.0
43,2807cd605f1156da,True,1.0,1.0,0.7385312052920575,1.0,1.0,1.0,0.8910546688716906
44,97b9989fa3675cab,True,1.0,1.0,1.0,1.0,1.0,1.0,1.0
45,9f8764247caa5e71,True,1.0,1.0,0.9532123845954783,1.0,1.0,1.0,0.980505160248116
46,970cfee3bc7d5e3d,True,1.0,1.0,0.7514549640746815,1.0,1.0,1.0,0.8964395683644506
47,fc1b6762387f5209,True,1.0,1.0,0.781296395033599,1.0,1.0,1.0,0.9088734979306663
48,c2aa6f44aad45549,True,1.0,1.0,0.93770896533282,1.0,1.0,1.0,0.9740454022220083
49,ab94d64d31ea5435,True,1.0,1.0,1.0,1.0,1.0,1.0,1.0
50,1b818742aecc51d0,True,1.0,1.0,0.7611499489577734,1.0,1.0,1.0,0.9004791453990723
51,fdee882945885aa7,True,1.0,1.0,0.685703220598351,1.0,1.0,1.0,0.8690430085826462
52,ee380d59f0f450c6,True,1.0,1.0,0.7799858082319272,1.0,1.0,1.0,0.9083274200966364
53,8e5ce0a119585d3b,True,1.0,1.0,0.4137578506319722,1.0,1.0,1.0,0.7557324377633217
54,df4bbe0b4f6d5312,True,1.0,1.0,0.966351979301251,1.0,1.0,1.0,0.9859799913755213
55,0dfcc232f8445d3f,True,1.0,1.0,0.7558538475597769,1.0,1.0,1.0,0.8982724364832405
56,da9ae73013715f70,True,1.0,1.0,0.8756451790998447,1.0,1.0,1.0,0.948185491291602
57,d88a725f8b125d74,True,1.0,1.0,0.9569985242753849,1.0,1.0,1.0,0.982082718448077
58,773005dea0fc53ab,True,1.0,1.0,0.669868589888259,1.0,1.0,1.0,0.8624452457867746
59,6c1a4bb1d99b52a3,True,1.0,1.0,0.9018660804220239,1.0,1.0,1.0,0.95911086684251
60,4d0c174b077e5603,True,1.0,1.0,1.0,1.0,1.0,1.0,1.0
61,f618df9b13b75f68,True,1.0,1.0,1.0,1.0,1.0,1.0,1.0
62,09da6a53016b5333,True,1.0,1.0,1.0,1.0,1.0,1.0,1.0
63,e0865304e2b95eaa,True,1.0,1.0,1.0,1.0,1.0,1.0,1.0
64,5f859ab2a2205477,True,1.0,1.0,0.6376564941321363,1.0,1.0,1.0,0.8490235392217235
65,4ddab8ee947255d9,True,1.0,1.0,0.4719566776825035,1.0,1.0,1.0,0.7799819490343763
66,4bda94d100d65f0d,True,1.0,1.0,1.0,1.0,1.0,1.0,1.0
67,f205c912572b559e,True,1.0,1.0,0.9201699978015809,1.0,1.0,1.0,0.9667374990839921
68,dcf89e4b93ba5fbe,True,0.0,1.0,0.0,0.0,1.0,1.0,0.0
69,8ec53979117552c7,True,1.0,1.0,0.5903498929998727,1.0,1.0,1.0,0.8293124554166136
70,d26771df718251d1,True,1.0,1.0,1.0,1.0,1.0,1.0,1.0
71,b41e61d24f915d6f,True,1.0,1.0,0.932913215961546,1.0,1.0,1.0,0.9720471733173109
72,7b4383b378035cb7,True,1.0,1.0,0.6419607978423971,1.0,1.0,1.0,0.8508169991009988
73,0490beca807c5e9f,True,1.0,1.0,1.0,1.0,1.0,1.0,1.0
74,c4e94b7583555176,True,1.0,1.0,1.0,1.0,1.0,1.0,1.0
75,8eae3eab30c95228,True,1.0,1.0,0.5343452952978214,1.0,1.0,1.0,0.8059772063740923
76,571c1c28470e5dcc,True,1.0,1.0,0.7526156228558617,1.0,1.0,1.0,0.8969231761899423
77,729c7f95c12f5dd4,True,1.0,1.0,1.0,1.0,1.0,1.0,1.0
78,d33aaa347f795d0b,True,1.0,1.0,0.6941368660726511,1.0,1.0,1.0,0.8725570275302713
79,dffc6ff890745dbe,True,1.0,1.0,0.53221244728235,1.0,1.0,1.0,0.8050885197009792
80,cc2ab80d336a56e0,True,1.0,1.0,0.6787874018572598,1.0,1.0,1.0,0.8661614174405249
81,6ccc026f6fc55bb0,True,1.0,1.0,0.7441227815305188,1.0,1.0,1.0,0.8933844923043829
82,7be2f6436ce95042,True,1.0,1.0,0.9822678361236361,1.0,1.0,1.0,0.9926115983848485
83,48f72313812d5f53,True,1.0,0.0,0.0,1.0,1.0,1.0,0.0
84,d789efd527395984,True,1.0,1.0,1.0,1.0,1.0,1.0,1.0
85,1665bb5ab9d55dca,True,1.0,1.0,0.601883705735382,1.0,1.0,1.0,0.8341182107230759
86,d218ff87bdc25c55,True,1.0,1.0,0.6934006238259115,1.0,1.0,1.0,0.8722502599274632
87,e3ce6f2ef9765b9a,True,1.0,1.0,1.0,1.0,1.0,1.0,1.0
88,b2b73ef16f0a5a9f,True,1.0,1.0,1.0,0.0,1.0,1.0,0.5833333333333334
89,dc9bf97cb9e151ad,True,1.0,1.0,0.8795295613779488,1.0,1.0,1.0,0.9498039839074787
90,93dab1bad99e58f7,True,1.0,1.0,0.3563490444116963,1.0,1.0,1.0,0.7318121018382069
91,488822d6447b5b58,True,1.0,1.0,0.6617017041572293,1.0,1.0,1.0,0.8590423767321789
92,0a2b9bb1214f5e2f,True,1.0,1.0,0.887218482973929,1.0,1.0,1.0,0.953007701239137
93,9873c047e9155996,True,1.0,1.0,0.5561014258742292,1.0,1.0,1.0,0.8150422607809288
94,56706b5fe8b4575f,True,1.0,1.0,0.6374197415223957,1.0,1.0,1.0,0.8489248923009982
95,4d2fceb0b30f59cd,True,1.0,1.0,0.47039050558757717,1.0,1.0,1.0,0.7793293773281572
96,36e3e0f9a589578d,True,1.0,1.0,0.877004718834656,1.0,1.0,1.0,0.9487519661811067
97,f4e2ec6e37535056,True,1.0,1.0,0.8963845247990601,1.0,1.0,1.0,0.9568268853329417
98,50a5cd7410e85782,True,1.0,1.0,0.45292529537214754,1.0,1.0,1.0,0.7720522064050614
99,cace9e6345445eee,True,1.0,1.0,0.7486373150175792,1.0,1.0,1.0,0.8952655479239914
100,7e3ae733f7ef5c8f,True,1.0,1.0,0.6803271385569335,1.0,1.0,1.0,0.8668029743987223
101,9b5cb743a4a4590b,True,1.0,1.0,1.0,1.0,1.0,0.0,1.0
102,173b456bbf29598f,True,1.0,1.0,0.8533924711691596,1.0,1.0,1.0,0.9389135296538166
103,6f2baa8c8c8e5942,True,1.0,1.0,0.9883331352503951,1.0,1.0,1.0,0.9951388063543313
104,2d9d1d9aa6d25bd9,True,1.0,1.0,0.7305722503101766,1.0,1.0,1.0,0.8877384376292402
105,947518978dcd5005,True,1.0,1.0,0.7421350141294525,1.0,1.0,1.0,0.8925562558872718
106,c6ef6a6fcd2c5466,True,1.0,1.0,0.9222868256026543,1.0,1.0,1.0,0.9676195106677726
107,3bd0bc4b1100504c,True,1.0,1.0,0.8151599065451772,1.0,1.0,1.0,0.9229832943938239
108,e7d1a48359b65c2d,True,1.0,1.0,0.9030588260418333,1.0,1.0,1.0,0.9596078441840973
109,22a9f8694d425753,True,1.0,1.0,0.6715697297379684,1.0,1.0,1.0,0.8631540540574868
110,8d90099a801d5682,True,1.0,1.0,1.0,1.0,1.0,1.0,1.0
111,4e5e09ac14395d70,True,1.0,1.0,0.9245656225953344,1.0,1.0,1.0,0.9685690094147227
112,c84e6787935b5483,True,1.0,1.0,0.5305284067528081,1.0,1.0,0.5,0.8043868361470033
113,0fc0217e2dd05256,True,1.0,1.0,1.0,1.0,1.0,1.0,1.0
114,fefad5f7d3405512,True,1.0,1.0,0.5881737679708403,1.0,1.0,1.0,0.8284057366545167
115,bd4be260be50516f,True,1.0,1.0,1.0,1.0,1.0,1.0,1.0
116,e39a79ae2ceb5829,True,1.0,1.0,0.9128295129737666,1.0,1.0,1.0,0.9636789637390694
117,9090d50c08b05715,True,1.0,0.0,0.0,1.0,1.0,1.0,0.0
118,a37ac5585e74546d,True,1.0,1.0,1.0,1.0,1.0,1.0,1.0
119,69976d75e3a5521e,True,1.0,1.0,1.0,1.0,1.0,1.0,1.0
120,0f3cdfd8866b5915,True,1.0,1.0,0.6430008163402249,1.0,1.0,1.0,0.8512503401417604
121,a152c8cad6625d6a,True,1.0,1.0,0.9469556116788861,1.0,1.0,1.0,0.9778981715328691
122,79a151c333745253,True,1.0,1.0,0.6121442686692924,1.0,1.0,1.0,0.8383934452788718
123,ade979d99d51517f,True,1.0,1.0,1.0,1.0,1.0,1.0,1.0
124,9fd28a8f6fd85254,True,1.0,1.0,0.5547621775233476,1.0,1.0,0.5,0.814484240634728
125,ca59ecba5722534c,True,1.0,1.0,0.6864023613039255,1.0,1.0,0.5,0.8693343172099689
126,1e78181bb1c150e4,True,1.0,1.0,1.0,0.0,1.0,1.0,0.5833333333333334
127,2371a65f76025bfd,True,1.0,1.0,0.42340509034618773,1.0,1.0,1.0,0.7597521209775783
128,97ade9e6fa5e5646,True,1.0,1.0,0.9824239991826439,1.0,1.0,1.0,0.9926766663261016
129,db4f9f954c2e597f,True,1.0,1.0,1.0,1.0,1.0,1.0,1.0
130,1ebd95c73644569f,True,1.0,1.0,0.4649836849847728,1.0,1.0,1.0,0.7770765354103221
131,6e9027bc59c857a9,True,1.0,1.0,0.4130284716426895,1.0,1.0,1.0,0.7554285298511206
132,cc4a4dc2afc75aed,True,1.0,1.0,0.91302134687685,1.0,1.0,1.0,0.9637588945320208
133,fa5edfd430ba550d,True,1.0,1.0,0.7642405049941963,0.0,1.0,1.0,0.4851002104142485
134,d5fc95fa66025d7a,True,1.0,1.0,0.5749238317359391,1.0,1.0,1.0,0.8228849298899746
135,3ec3d2ab34f756e6,True,1.0,1.0,0.5906828560302566,1.0,1.0,1.0,0.8294511900126068
136,6a9d9f877efb51e3,True,1.0,1.0,0.4771795954409313,1.0,1.0,1.0,0.7821581647670547
137,31811172f43c5188,True,0.0,1.0,0.0,1.0,1.0,1.0,0.0
138,812d49975bf357fc,True,1.0,1.0,0.7801208252663425,1.0,1.0,1.0,0.9083836771943093
139,043524c9126f5893,True,1.0,0.0,0.0,1.0,1.0,1.0,0.0
140,2aade0b3987d5366,True,1.0,1.0,1.0,1.0,1.0,1.0,1.0
141,9baf79c0513b5228,True,1.0,1.0,0.7071561417452767,1.0,1.0,1.0,0.8779817257271986
142,e7ae612e880e5d5f,True,1.0,1.0,0.7103484619063848,1.0,1.0,1.0,0.8793118591276604
143,0eb72de48c875897,True,1.0,1.0,1.0,1.0,1.0,1.0,1.0
144,f8fd766eb013577f,True,1.0,1.0,0.8093348414895354,1.0,1.0,1.0,0.920556183953973
145,fc844eb140035b27,True,1.0,1.0,1.0,1.0,1.0,1.0,1.0
146,7bacd3cec5df553f,True,1.0,1.0,1.0,1.0,1.0,1.0,1.0
147,52ab5e0a4e075cad,True,1.0,1.0,0.6796341269660983,1.0,1.0,1.0,0.8665142195692076
148,e4237030b1b75a8d,True,1.0,0.0,0.0,1.0,1.0,0.5,0.0
149,efd90f7518445bef,True,1.0,1.0,1.0,1.0,1.0,1.0,1.0
150,3c8a95ec33f45af6,True,1.0,1.0,0.5232311609868819,1.0,1.0,1.0,0.8013463170778675
151,f1e870d5d8275cac,True,1.0,1.0,0.7476809325337213,1.0,1.0,1.0,0.894867055222384
152,444d8e18dcce5e49,True,1.0,1.0,0.6839364962399791,1.0,1.0,1.0,0.8683068734333247
153,b5271c19eef859ed,True,1.0,1.0,0.9411564942828055,0.0,1.0,1.0,0.558815205951169
154,620a34ec02795768,True,1.0,1.0,0.8077655010262605,1.0,1.0,1.0,0.9199022920942751
155,433a4b88d64350dd,True,1.0,1.0,0.6108594063704936,1.0,1.0,1.0,0.8378580859877056
156,937ca624cc2658a6,True,1.0,1.0,1.0,1.0,1.0,1.0,1.0
157,9d7108a109a2571f,True,1.0,1.0,0.5894162950735011,1.0,1.0,1.0,0.8289234562806255
158,8894cb9c1f385198,True,1.0,1.0,1.0,1.0,1.0,1.0,1.0
159,f3a61425920f57a7,True,1.0,1.0,0.9226335707386877,1.0,1.0,1.0,0.9677639878077865
160,189e9c0a20085a38,True,1.0,1.0,0.4013156791960015,1.0,1.0,1.0,0.7505481996650006
161,c8649af783035c0f,True,1.0,1.0,0.7768111993623121,1.0,1.0,1.0,0.9070046664009634
162,8072e0c324205e72,True,1.0,1.0,0.743959844606313,1.0,1.0,1.0,0.8933166019192971
163,828b1011212253c6,True,1.0,1.0,1.0,0.0,1.0,1.0,0.5833333333333334
164,56c652d4f2715e43,True,1.0,1.0,0.679958195560716,1.0,1.0,1.0,0.8666492481502983
165,b39df49b8b565ac3,True,1.0,1.0,0.7292168535001795,1.0,1.0,1.0,0.8871736889584082
166,720c4f312c0f529e,True,1.0,1.0,1.0,1.0,1.0,1.0,1.0
167,842d40cd41cf56e8,True,1.0,1.0,0.7886575963077539,1.0,1.0,1.0,0.9119406651282308
168,a5d23e7aa6265f80,True,1.0,1.0,0.8773360755751418,1.0,1.0,1.0,0.9488900314896425
169,153dfbd3d4355809,True,1.0,1.0,0.3974378388075385,1.0,1.0,1.0,0.7489324328364745
170,ef7089ecfb0c5028,True,1.0,0.0,0.0,0.0,1.0,1.0,0.0
171,7cc4cef34e635c5a,True,1.0,1.0,0.9590585412580045,1.0,1.0,1.0,0.9829410588575019
172,703aa650ece25a02,True,1.0,0.0,0.0,1.0,1.0,1.0,0.0
173,3fd20b372fd15206,True,1.0,1.0,0.9524968671380741,1.0,1.0,1.0,0.9802070279741976
174,66f8bdd077ff5fc3,True,1.0,1.0,0.632062264060518,1.0,1.0,1.0,0.8466926100252158
175,d42d0a93b7185161,True,1.0,1.0,0.8665180958992987,1.0,1.0,1.0,0.9443825399580411
176,1f174dcc44335ad6,True,1.0,1.0,0.9036176370561009,1.0,1.0,1.0,0.9598406821067087
177,6761ba552b3759fa,True,1.0,1.0,0.618658204300405,1.0,1.0,1.0,0.8411075851251688
178,e1b645135dae5fe9,True,1.0,1.0,1.0,1.0,1.0,1.0,1.0
179,b5668089b793502b,True,1.0,1.0,1.0,0.0,1.0,1.0,0.5833333333333334
180,5ee1455d53695e5b,True,1.0,0.0,0.0,1.0,1.0,1.0,0.0
181,54ab49005da25b3e,True,1.0,1.0,0.623807607849146,1.0,1.0,1.0,0.8432531699371442
182,5db9d1088a615a4b,True,1.0,1.0,1.0,1.0,1.0,1.0,1.0
183,b7e7604c72e051da,True,1.0,1.0,1.0,1.0,1.0,1.0,1.0
184,598d8ce13c2e5452,True,1.0,1.0,1.0,1.0,1.0,1.0,1.0
185,ccfe1da323ed53a9,True,1.0,1.0,0.7339272669812901,1.0,1.0,1.0,0.8891363612422042
186,f3a327d6e0e45d9a,True,1.0,1.0,1.0,1.0,1.0,0.5,1.0
187,1029003770aa5e2e,True,1.0,1.0,1.0,1.0,1.0,1.0,1.0
188,61a7d33a4c3b5977,True,1.0,1.0,1.0,1.0,1.0,1.0,1.0
189,260d0c0225eb534d,True,1.0,1.0,1.0,1.0,1.0,1.0,1.0
190,dac5a6aa183b5e73,True,1.0,0.0,0.0,1.0,1.0,1.0,0.0
191,59cc5d51c60d5a1d,True,1.0,1.0,1.0,1.0,1.0,1.0,1.0
192,d484aff53cd1589f,True,1.0,1.0,1.0,1.0,1.0,1.0,1.0
193,ce9ee9a68a4c5e93,True,1.0,1.0,1.0,1.0,1.0,1.0,1.0
194,c2466f5ae7a25ad8,True,1.0,1.0,0.897740931329296,1.0,1.0,1.0,0.95739205472054
195,ce27f725951058f3,True,1.0,0.0,0.0,0.0,1.0,1.0,0.0
196,b60b509ee8ba5197,True,1.0,1.0,1.0,1.0,1.0,1.0,1.0
197,0614c017a1f65b80,True,1.0,1.0,0.5797996179253724,1.0,1.0,1.0,0.8249165074689051
198,c3976331b5e456d4,True,1.0,1.0,0.8943626366370954,1.0,1.0,1.0,0.955984431932123
199,2fec62bc2f325559,True,1.0,1.0,1.0,1.0,1.0,1.0,1.0
200,25b719c231d85e56,True,1.0,1.0,1.0,1.0,1.0,1.0,1.0
201,a45b1d5e36b35909,True,1.0,1.0,0.9213416681378146,1.0,1.0,1.0,0.9672256950574227
202,f2495a0cce605703,True,1.0,1.0,0.5731617546365785,1.0,1.0,1.0,0.8221507310985743
203,4fb652e8a58f5623,True,1.0,1.0,0.8604332821730786,1.0,1.0,1.0,0.9418472009054494
204,704fafc3d8fd5258,True,1.0,1.0,0.9952345239690198,1.0,1.0,1.0,0.9980143849870915
205,14b4283d229a5e3d,True,1.0,1.0,0.7071517742153662,1.0,1.0,1.0,0.8779799059230693
206,f4af3907bb665bf7,True,1.0,1.0,1.0,1.0,1.0,1.0,1.0
207,a98e0fd4eee7534a,True,1.0,1.0,0.8028954531335732,1.0,1.0,1.0,0.9178731054723221
208,87339a4d32305504,True,1.0,1.0,0.815885608207032,1.0,1.0,1.0,0.9232856700862634
209,82bebb2c1ca55736,True,1.0,1.0,1.0,1.0,1.0,1.0,1.0
210,63a80bcca90b5dec,True,1.0,1.0,0.9057270799029867,1.0,1.0,1.0,0.9607196166262444
211,2601ffe0d2a056be,True,1.0,1.0,0.9813240381999125,1.0,1.0,1.0,0.9922183492499635
212,9f1b6ff3a4865c8a,True,1.0,1.0,1.0,1.0,1.0,1.0,1.0
213,584a741051cd523f,True,1.0,1.0,0.8491692490437236,1.0,1.0,1.0,0.9371538537682182
214,099ff4835ee45eb6,True,1.0,1.0,0.7677624820118149,1.0,1.0,1.0,0.9032343675049228
215,816c515aa3dc5462,True,1.0,1.0,0.9419360776646615,1.0,1.0,1.0,0.9758066990269422
216,fe132c4b31ff5fc7,True,1.0,1.0,0.5306664850107041,1.0,1.0,1.0,0.80444436875446
217,4bc96604c1c85606,True,1.0,1.0,1.0,1.0,1.0,0.5,1.0
218,c53ae2fe6cc751e7,True,1.0,1.0,0.7827373229090409,1.0,1.0,1.0,0.9094738845454337
219,65729e98f81a526e,True,1.0,1.0,1.0,1.0,1.0,1.0,1.0
220,750b8c926ffd5895,True,1.0,1.0,1.0,1.0,1.0,1.0,1.0
221,df78364de73e581b,True,1.0,1.0,0.8668508595017186,1.0,1.0,1.0,0.9445211914590494
222,0eb6987fdc9b5213,True,1.0,1.0,1.0,1.0,1.0,1.0,1.0
223,79984c4826f653fd,True,1.0,1.0,1.0,1.0,1.0,1.0,1.0
224,046cdc424d515ee1,True,1.0,1.0,0.6442580676703692,1.0,1.0,1.0,0.8517741948626538
225,7fc1ce68acb7562c,True,1.0,1.0,0.7536117337720617,1.0,1.0,1.0,0.8973382224050258
226,b7c1448b395e56c6,True,1.0,1.0,0.6019572122909167,1.0,1.0,1.0,0.8341488384545487
227,d1e46ac6cbe15c1e,True,1.0,1.0,0.7849377629969896,1.0,1.0,1.0,0.9103907345820789
228,d3322747793a5dda,True,1.0,1.0,1.0,0.0,1.0,1.0,0.5833333333333334
229,774ebe12eab151b6,True,1.0,1.0,0.9810500747560887,1.0,1.0,1.0,0.992104197815037
230,d9c4acb18e675789,True,1.0,1.0,1.0,1.0,1.0,1.0,1.0
231,9a95f91ea98652ca,True,1.0,0.0,0.0,1.0,1.0,1.0,0.0
232,d60ec6837413567c,True,1.0,1.0,0.5871788809832889,1.0,1.0,1.0,0.8279912004097038
233,4f7b03242ab05a2d,True,1.0,1.0,0.7855458286211651,1.0,1.0,1.0,0.9106440952588187
234,e7aded473b7e5183,True,1.0,1.0,0.9515603679397688,1.0,1.0,1.0,0.9798168199749037
235,d577027e9c295bde,True,1.0,1.0,0.946944237053133,1.0,1.0,0.0,0.9778934321054722
236,36e1ce5794595e73,True,1.0,1.0,1.0,1.0,1.0,1.0,1.0
237,b72042b4093250c8,True,1.0,1.0,1.0,1.0,1.0,1.0,1.0
238,afd9edcb6d94521f,True,1.0,1.0,0.6964525880024303,1.0,1.0,1.0,0.8735219116676793
239,f5cf721a02df5ba1,True,1.0,1.0,0.8239412733322782,1.0,1.0,1.0,0.9266421972217825
240,b556cea74b125dfa,True,1.0,1.0,0.8699557174681669,1.0,1.0,1.0,0.9458148822784028
241,409711b03072566a,True,1.0,0.0,0.0,1.0,1.0,1.0,0.0
242,fc1785d55b675c6c,True,1.0,1.0,0.789443008109578,1.0,1.0,1.0,0.9122679200456575
243,c2cf2b10f7e953c4,True,1.0,0.0,0.0,1.0,1.0,1.0,0.0
244,dcff89b03b925c41,True,1.0,1.0,0.4197581080912501,1.0,1.0,1.0,0.7582325450380208
245,f0a338ae8f3a56bd,True,1.0,1.0,0.8191453600435092,1.0,1.0,1.0,0.9246439000181289
246,85ee18c706cf5966,True,1.0,1.0,0.5912039035558628,1.0,1.0,1.0,0.8296682931482762
247,63c145828c3b5fd8,True,1.0,1.0,0.5797891677852517,1.0,1.0,0.5,0.8249121532438549
248,50b72b9404da516c,True,1.0,1.0,1.0,1.0,1.0,1.0,1.0
249,69a1f3e84f6758b0,True,1.0,1.0,0.9018781513565991,1.0,1.0,1.0,0.959115896398583
250,23d71fb39b0456f5,True,1.0,1.0,1.0,1.0,1.0,1.0,1.0
251,980e0f0b4d975c23,True,1.0,1.0,1.0,1.0,1.0,1.0,1.0
252,87ab048362385059,True,1.0,1.0,0.7496984379267546,1.0,1.0,1.0,0.8957076824694811
253,9e2fa21e8eac5c11,True,1.0,1.0,0.7498191668334385,1.0,1.0,1.0,0.8957579861805994
254,5fe951e403f25012,True,1.0,1.0,0.7806780834948618,1.0,1.0,1.0,0.9086158681228591
255,cf34e1f8d98f56ee,True,1.0,1.0,1.0,1.0,1.0,1.0,1.0
256,a3df0f8925b251e0,True,1.0,1.0,1.0,1.0,1.0,1.0,1.0
257,3466b16cf2c95855,True,1.0,1.0,0.8291435611854758,1.0,1.0,1.0,0.928809817160615
258,9ddee0363c1f530a,True,1.0,1.0,1.0,1.0,1.0,1.0,1.0
259,dece3a034000579e,True,1.0,1.0,1.0,1.0,1.0,1.0,1.0
260,afb6f330e8665731,True,1.0,1.0,0.7293304161266186,1.0,1.0,1.0,0.8872210067194244
261,2ca33fd04f805478,True,1.0,1.0,1.0,1.0,1.0,1.0,1.0
262,d813c6a4706e5411,True,1.0,1.0,0.8207837750044498,1.0,1.0,1.0,0.9253265729185207
263,9568c56631be548e,True,1.0,0.0,0.0,1.0,1.0,1.0,0.0
264,aa09b515e34356f4,True,1.0,1.0,0.5365347068918824,1.0,1.0,1.0,0.806889461204951
265,6e5ae240ac8a5862,True,1.0,1.0,1.0,1.0,1.0,1.0,1.0
266,50d6986491d3510a,True,1.0,1.0,0.8647468015858758,0.0,1.0,1.0,0.5269778339941149
267,455037cfe9a95796,True,1.0,1.0,1.0,1.0,1.0,1.0,1.0
268,684ac2e9651d5e63,True,1.0,1.0,0.7545184216964379,1.0,1.0,1.0,0.8977160090401824
269,83b2e42ed5eb568f,True,1.0,1.0,1.0,1.0,1.0,1.0,1.0
270,c773514392cc56ba,True,1.0,1.0,0.7490733275921643,1.0,1.0,1.0,0.8954472198300684
271,42eef0001e6c5498,True,1.0,1.0,0.590673333181619,1.0,1.0,1.0,0.829447222159008
272,55bd10ac74585a12,True,1.0,1.0,0.8013141128730273,1.0,1.0,1.0,0.9172142136970948
273,a366d90f10ca5866,True,1.0,1.0,1.0,1.0,1.0,1.0,1.0
274,33cef4cafef9503b,True,1.0,0.0,0.0,1.0,1.0,1.0,0.0
275,dcfc13ba3a4150a6,True,1.0,1.0,1.0,1.0,1.0,1.0,1.0
276,9726171368175cc6,True,1.0,0.0,0.0,1.0,1.0,1.0,0.0
277,465d879f0b205c8f,True,1.0,1.0,1.0,1.0,1.0,1.0,1.0
278,58dd10abb9ba5388,True,1.0,1.0,1.0,1.0,1.0,1.0,1.0
279,0cb87152ed5e5ca1,True,1.0,1.0,0.7923717149545861,1.0,1.0,1.0,0.9134882145644109
280,dda361f4db52537a,True,1.0,1.0,1.0,1.0,1.0,0.5,1.0
281,0536ffc8d9555b0f,True,1.0,1.0,1.0,1.0,1.0,1.0,1.0
282,af94f29d37e55b02,True,1.0,1.0,0.6862425999182076,1.0,1.0,1.0,0.8692677499659198
283,cf7876c4ad0752b5,True,1.0,1.0,1.0,1.0,1.0,1.0,1.0
284,3e7237c8a7815648,True,1.0,1.0,1.0,1.0,1.0,1.0,1.0
285,cce49307530e5b60,True,1.0,1.0,1.0,1.0,1.0,1.0,1.0
286,b66f066aad62515e,True,1.0,1.0,1.0,1.0,1.0,1.0,1.0
287,4d1e72e6a45853c3,True,1.0,1.0,0.8373843839233561,1.0,1.0,1.0,0.9322434933013984
288,62c59eb9ece45d86,True,1.0,1.0,0.7432672349248628,1.0,1.0,1.0,0.8930280145520261
289,3ffea9df17af502b,True,0.5,0.0,0.0,0.0,1.0,1.0,0.0
290,d4849a52aaa55a9f,True,1.0,1.0,1.0,1.0,1.0,1.0,1.0
291,ae312bf769445e43,True,1.0,1.0,0.8747590380938933,1.0,1.0,1.0,0.9478162658724555
292,3d20913330f152ee,True,1.0,1.0,0.750044101521935,1.0,1.0,1.0,0.895851708967473
293,1c3e7aa7df415acb,True,1.0,1.0,0.5718377765089072,1.0,1.0,1.0,0.8215990735453781
294,066c0c3f45915cba,True,1.0,1.0,1.0,1.0,1.0,1.0,1.0
295,40508dfbe0f35d8e,True,1.0,1.0,0.7715035846226528,1.0,1.0,1.0,0.9047931602594387
296,541d2d0ac174524b,True,1.0,1.0,0.6648104250958843,1.0,1.0,1.0,0.8603376771232852
297,0df6533b550c58c1,True,1.0,1.0,0.782481209893648,1.0,1.0,1.0,0.90936717078902
298,9fdd329b72e85179,True,1.0,1.0,0.8797698388504277,1.0,1.0,1.0,0.9499040995210115
299,685e5e9083185108,True,1.0,1.0,1.0,1.0,1.0,1.0,1.0
300,9e04987475e85dd5,True,1.0,1.0,0.7881236409419511,1.0,1.0,1.0,0.9117181837258129
301,137f854539c45fe1,True,1.0,1.0,0.7731521644044475,1.0,1.0,1.0,0.905480068501853
302,8cec7d21f7dc540b,True,1.0,1.0,0.4683234666657715,1.0,1.0,1.0,0.7784681111107381
303,9bfa838de21f5d25,True,1.0,1.0,0.7653034104844594,1.0,1.0,1.0,0.9022097543685247
304,3bf245d895b25ec0,True,1.0,1.0,0.6664243046388583,1.0,1.0,1.0,0.8610101269328577
305,b31e39a660f1535f,True,1.0,1.0,1.0,1.0,1.0,1.0,1.0
306,225eb6e22af55972,True,1.0,1.0,1.0,1.0,1.0,1.0,1.0
307,acb57a529dae5da1,True,1.0,1.0,0.7507651637958545,1.0,1.0,1.0,0.8961521515816061
308,4cf608d9de4e5349,True,1.0,1.0,0.8108597152428951,1.0,1.0,1.0,0.9211915480178728
309,91c7e207e3395557,True,1.0,1.0,0.6790887426652898,1.0,1.0,1.0,0.8662869761105374
310,0e681d3870795a3a,True,1.0,1.0,1.0,1.0,1.0,1.0,1.0
311,18375bbfe4c85ae3,True,1.0,1.0,0.508333211826202,1.0,1.0,1.0,0.7951388382609176
312,5feede5c5a3c5116,True,1.0,0.0,0.0,0.0,1.0,1.0,0.0
313,b8554777b68750e7,True,1.0,1.0,0.7768584378309017,1.0,1.0,1.0,0.907024349096209
314,c719960a45715a9c,True,1.0,1.0,0.7524261339619789,1.0,1.0,1.0,0.896844222484158
315,6361bbead79c5ac2,True,1.0,0.0,0.0,1.0,1.0,1.0,0.0
316,9135a6d270475c7f,True,1.0,1.0,0.4633544155911509,1.0,1.0,1.0,0.7763976731629795
317,2bc2525a4ee95ef4,True,1.0,1.0,1.0,1.0,1.0,1.0,1.0
318,3e09adf2d7055216,True,1.0,1.0,1.0,1.0,1.0,1.0,1.0
319,ed97bf4877fa5bb0,True,0.0,1.0,0.0,0.0,1.0,1.0,0.0
320,a9e622747fc45a0a,True,1.0,1.0,0.8800485214451215,1.0,1.0,1.0,0.9500202172688006
321,687fa6fce3ab5f91,True,1.0,1.0,0.9454157105243053,1.0,1.0,1.0,0.9772565460517938
322,6e738f032ad75169,True,1.0,1.0,0.8605803778830869,1.0,1.0,1.0,0.9419084907846195
323,5d058c203f765173,True,1.0,1.0,1.0,1.0,1.0,1.0,1.0
324,8b177f84759e56e0,True,1.0,1.0,1.0,1.0,1.0,1.0,1.0
325,599e006109385ae5,True,1.0,0.0,0.0,1.0,1.0,1.0,0.0
326,dff44219172a5f99,True,1.0,1.0,0.6970705691779311,1.0,1.0,1.0,0.873779403824138
327,6ed328b05b54553e,True,1.0,1.0,0.6079952169887264,1.0,1.0,1.0,0.8366646737453026
328,77f9c895af8b59f3,True,1.0,1.0,1.0,1.0,1.0,1.0,1.0
329,5218653349a6502a,True,1.0,1.0,0.9033676834438077,1.0,1.0,1.0,0.9597365347682532
330,a65896c3c7be51ca,True,1.0,0.0,0.0,1.0,1.0,1.0,0.0
331,a2336870ff485514,True,1.0,1.0,0.8223335030591693,1.0,1.0,1.0,0.9259722929413204
332,d74f4eda6af854c4,True,1.0,1.0,0.674789216318549,1.0,1.0,1.0,0.8644955067993955
333,43ef28a235035eac,True,1.0,1.0,0.7999430878106837,1.0,1.0,1.0,0.9166429532544514
334,0fcb8c19983c51b6,True,1.0,1.0,0.6945368968502635,1.0,1.0,1.0,0.8727237070209432
335,72b0f2dcaf1f59a1,True,1.0,1.0,0.541466893860252,1.0,1.0,1.0,0.8089445391084383
336,8ce2cf49a1955788,True,1.0,1.0,0.9705197181031913,1.0,1.0,1.0,0.987716549209663
337,25e9d76574075cee,True,1.0,1.0,0.46373606482881785,1.0,1.0,1.0,0.7765566936786742
338,bba5d587cab25dfa,True,1.0,1.0,0.553304117623652,1.0,1.0,1.0,0.8138767156765216
339,580b253c853c5ef9,True,1.0,0.0,0.0,1.0,1.0,1.0,0.0
340,4972962184a75fa7,True,1.0,0.0,0.0,1.0,1.0,1.0,0.0
341,74b5ee27fa1b5612,True,1.0,1.0,0.79229608399063,1.0,1.0,1.0,0.9134567016627625
342,e12cd09a8f515c73,True,1.0,1.0,1.0,1.0,1.0,1.0,1.0
343,8b83388ca9005cf1,True,1.0,1.0,0.6943224189657188,1.0,1.0,1.0,0.8726343412357161
344,baef20f6b33e594e,True,1.0,1.0,1.0,1.0,1.0,1.0,1.0
345,e0aee9e955b35c08,True,1.0,1.0,0.8201968606345837,1.0,1.0,1.0,0.9250820252644099
346,8e785a7a6df95636,True,1.0,1.0,0.9057249617888113,1.0,1.0,1.0,0.9607187340786713
347,78adf1b8ed315c4f,True,1.0,1.0,0.7029443022684244,1.0,1.0,1.0,0.8762267926118436
348,be0064dac5f85957,True,1.0,1.0,0.7496286138315479,1.0,1.0,1.0,0.8956785890964784
349,b11992c2f91d5188,True,1.0,1.0,0.672450157007088,1.0,1.0,1.0,0.8635208987529532
350,eae658a09ef152a9,True,0.0,1.0,0.0,0.0,1.0,1.0,0.0
351,37a8f4466b8b5110,True,1.0,1.0,0.5805958981502204,1.0,1.0,1.0,0.8252482908959252
352,0e04335474bf5b6e,True,1.0,1.0,0.3583688634988576,1.0,1.0,1.0,0.732653693124524
353,3136969223325aa5,True,1.0,1.0,1.0,1.0,1.0,1.0,1.0
354,da2fb85306b2560c,True,1.0,1.0,0.5907811040060663,1.0,1.0,1.0,0.8294921266691944
355,eb872b2d7e7c52bf,True,1.0,1.0,1.0,1.0,1.0,1.0,1.0
356,a7fa8bccce9253cb,True,1.0,1.0,0.6592392495671627,1.0,1.0,0.5,0.8580163539863178
357,ffb89fa44ab351b9,True,1.0,1.0,0.851502775309268,1.0,1.0,1.0,0.9381261563788618
358,a7d3076a7b7b58b2,True,1.0,0.0,0.0,1.0,1.0,1.0,0.0
359,5b265648c07a54b8,True,1.0,0.0,0.0,1.0,1.0,1.0,0.0
360,b197862351735b60,True,1.0,1.0,1.0,1.0,1.0,1.0,1.0
361,52cb0688ae7c5bed,True,1.0,1.0,1.0,1.0,1.0,1.0,1.0
362,dadaa10f428c501e,True,1.0,1.0,0.4889049901081189,1.0,1.0,1.0,0.7870437458783829
363,b8baf3c807cd50b4,True,1.0,1.0,0.94004640293763,1.0,1.0,0.0,0.9750193345573459
364,cd7e9823f2b15e0f,True,1.0,1.0,1.0,0.0,1.0,1.0,0.5833333333333334
365,7569116c33145d2a,True,1.0,1.0,1.0,1.0,1.0,1.0,1.0
366,819d34b59e6159ad,True,1.0,1.0,1.0,1.0,1.0,1.0,1.0
367,3f11b8c2347f5714,True,1.0,1.0,0.8271233373818545,1.0,1.0,1.0,0.9279680572424395
368,c01c5d45b97154d4,True,1.0,1.0,0.763057910110973,1.0,1.0,1.0,0.9012741292129055
369,5d1312c4f2aa5bbf,True,1.0,1.0,0.6490463608979091,1.0,1.0,1.0,0.8537693170407955
370,dcd5dc3f53d9533f,True,1.0,1.0,1.0,1.0,1.0,0.5,1.0
371,6074e965781b510e,True,1.0,0.0,0.0,1.0,1.0,1.0,0.0
372,64b99da814205341,True,1.0,0.0,0.0,1.0,1.0,1.0,0.0
373,f727c5fa1e735d2d,True,1.0,1.0,1.0,1.0,1.0,0.5,1.0
0,08226b91e42858de,True,1.0,1.0,1.0,1.0,1.0,1.0,1.0
1,9b10283b8df6565e,True,1.0,1.0,0.7498839606936606,1.0,1.0,1.0,0.8957849836223586
2,4104fd0bb7845b56,True,1.0,1.0,0.5350480638859528,1.0,1.0,1.0,0.806270026619147
3,bf00c76f25185b83,True,1.0,1.0,0.9681126472020452,1.0,1.0,1.0,0.9867136030008522
4,b031a0b55ab951f8,True,1.0,0.0,0.0,1.0,1.0,0.0,0.0
5,f5f173ece87c5c11,True,1.0,1.0,0.9236654142209598,1.0,1.0,0.5,0.9681939225920666
6,f2e0d7e15fa253f0,True,1.0,1.0,0.8275023240631367,1.0,1.0,1.0,0.9281259683596402
7,c70cfaf737215fca,True,1.0,1.0,0.8510660864148221,1.0,1.0,1.0,0.9379442026728425
8,af2f022a0d685312,True,1.0,1.0,0.7119570028434989,1.0,1.0,1.0,0.8799820845181245
9,2115a02d06035ce0,True,1.0,1.0,0.8888400854743728,1.0,1.0,1.0,0.9536833689476554
10,690f682660e358dc,True,1.0,1.0,1.0,1.0,1.0,1.0,1.0
11,83e42a2487695ac5,True,1.0,1.0,0.7312722335709456,1.0,1.0,1.0,0.8880300973212273
12,476c37463b4f580e,True,1.0,1.0,0.9993354956884976,1.0,1.0,1.0,0.9997231232035406
13,fa7555f0099f5c59,True,1.0,1.0,1.0,1.0,1.0,1.0,1.0
14,76b708c365e45536,True,1.0,1.0,1.0,0.0,1.0,1.0,0.5833333333333334
15,d9634d08b1a85ec4,True,1.0,1.0,1.0,1.0,1.0,1.0,1.0
16,6d93bbdab42255a9,True,1.0,1.0,1.0,1.0,1.0,1.0,1.0
17,e05b464c21d0597d,True,1.0,1.0,1.0,1.0,1.0,1.0,1.0
18,4bbc76cff4355b53,True,1.0,1.0,1.0,1.0,1.0,1.0,1.0
19,e617fe519ab754dc,True,1.0,1.0,0.7795084037954584,1.0,1.0,0.5,0.908128501581441
20,70ce3fce14785ae5,True,1.0,1.0,0.8180679763865208,1.0,1.0,1.0,0.9241949901610503
21,c9a4d6a0295f5142,True,1.0,1.0,1.0,1.0,1.0,1.0,1.0
22,fab7537b12d254bd,True,1.0,1.0,1.0,1.0,1.0,1.0,1.0
23,73298d57a59e5252,True,1.0,1.0,0.5023456414304553,1.0,1.0,1.0,0.7926440172626897
24,050667565815536a,True,1.0,1.0,0.9170085993183323,1.0,1.0,1.0,0.9654202497159718
25,8fc0b7212263588f,True,1.0,1.0,0.9305718972552283,1.0,1.0,1.0,0.9710716238563452
26,507c91dd2444555e,True,1.0,0.0,0.0,1.0,1.0,1.0,0.0
27,09436f14d3185748,True,1.0,1.0,1.0,1.0,1.0,1.0,1.0
28,3d400bec249a5f88,True,1.0,1.0,0.8830995385650803,1.0,1.0,1.0,0.9512914744021167
29,e3ed22f3bc385b45,True,1.0,1.0,1.0,1.0,1.0,0.0,1.0
30,f3fc5020ecbd537f,True,1.0,1.0,0.9606863898449483,1.0,1.0,1.0,0.9836193291020617
31,0acd819b9eae51f7,True,1.0,1.0,0.8849513662556108,1.0,1.0,1.0,0.9520630692731711
32,85936ccd1b405f4c,True,1.0,1.0,1.0,0.0,1.0,1.0,0.5833333333333334
33,742119ab3b9753a7,True,1.0,1.0,0.8016179570750009,1.0,1.0,1.0,0.9173408154479171
34,fd20892efbe35102,True,1.0,1.0,0.7835751133747412,1.0,1.0,0.5,0.9098229639061421
35,f530d03c88b652a7,True,1.0,1.0,0.5563078505210084,1.0,1.0,1.0,0.8151282710504203
36,ec75cc0ff5825fb9,True,1.0,1.0,0.8158416759170962,1.0,1.0,1.0,0.9232673649654567
37,807c1ce92e235b11,True,1.0,1.0,1.0,1.0,1.0,1.0,1.0
38,84a6257839b65f93,True,1.0,1.0,0.9357827814712241,1.0,1.0,1.0,0.97324282561301
39,559e3fe66db15d66,True,1.0,1.0,1.0,1.0,1.0,1.0,1.0
40,4c5c196977b255f5,True,1.0,1.0,0.5564764662301375,1.0,1.0,1.0,0.8151985275958906
41,41598eaa4cef5f77,True,1.0,1.0,1.0,1.0,1.0,1.0,1.0
42,93bbe5e3e6cd5411,True,1.0,1.0,0.7964647745672363,1.0,1.0,1.0,0.9151936560696817
43,681dc1d77f125936,True,1.0,0.0,0.0,1.0,1.0,0.5,0.0
44,73f2ce543024548e,True,1.0,1.0,0.8490666147996839,1.0,1.0,1.0,0.9371110894998683
45,0e2f2cb6712550b7,True,1.0,1.0,0.748441730238316,1.0,1.0,1.0,0.8951840542659649
46,727ed49214315cd6,True,1.0,1.0,1.0,1.0,1.0,1.0,1.0
47,e02f26d0eb0152e3,True,1.0,1.0,1.0,1.0,1.0,1.0,1.0
48,4127ff2cfd615955,True,1.0,1.0,0.9793331827213307,1.0,1.0,0.5,0.9913888261338878
49,1cddf5eb97425ac1,True,1.0,1.0,0.8497082869586601,1.0,1.0,1.0,0.9373784528994417
50,d9b79e606e595700,True,1.0,1.0,0.8392713894167246,1.0,1.0,1.0,0.9330297455903018
51,8601b9cf8c6852f3,True,1.0,1.0,0.6156937820122237,1.0,1.0,1.0,0.8398724091717599
52,fc0a59dcf9d75219,True,1.0,1.0,0.6572312352527185,1.0,1.0,1.0,0.8571796813552993
53,9b4cfcda4a755b05,True,1.0,1.0,0.9601182959649899,1.0,1.0,1.0,0.9833826233187457
54,64185eb977005752,True,1.0,1.0,1.0,1.0,1.0,1.0,1.0
55,63f4362f90ef55a1,True,0.0,1.0,0.0,0.0,1.0,1.0,0.0
56,e3194cb3328b512f,True,1.0,1.0,1.0,1.0,1.0,1.0,1.0
57,b84056c4268153fb,True,1.0,1.0,1.0,0.0,1.0,1.0,0.5833333333333334
58,ef43bbb93f0d50eb,True,1.0,1.0,0.7574810107193972,1.0,1.0,1.0,0.8989504211330822
59,e905f33735985cfe,True,1.0,1.0,0.8334058817110104,1.0,1.0,1.0,0.9305857840462544
60,d5ec09025a1e5a0d,True,1.0,1.0,1.0,1.0,1.0,1.0,1.0
61,cd6e2fc752755753,True,1.0,1.0,1.0,1.0,1.0,1.0,1.0
62,6e813b55dcb35df7,True,1.0,1.0,0.7101977309678333,1.0,1.0,1.0,0.8792490545699305
63,ac04f9fd4233550c,True,1.0,1.0,0.8610726827388767,1.0,1.0,1.0,0.9421136178078653
64,1a8da8e47d235dbe,True,1.0,1.0,0.8872064083627221,1.0,1.0,1.0,0.9530026701511343
65,cc934224447a5c86,True,1.0,1.0,0.9435798687121638,1.0,1.0,0.5,0.9764916119634016
66,885aa5c90eb9554c,True,1.0,1.0,0.9021010340030121,1.0,1.0,1.0,0.9592087641679218
67,a5a1e608305d53a8,True,1.0,1.0,1.0,1.0,1.0,0.0,1.0
68,428532e023bc5783,True,1.0,1.0,0.749609002037428,1.0,1.0,0.0,0.895670417515595
69,56b80cb2ca2c5983,True,1.0,1.0,0.4510012918339051,1.0,1.0,1.0,0.7712505382641272
70,9d213c7b9ab4550d,True,1.0,1.0,1.0,0.0,1.0,1.0,0.5833333333333334
71,82521f61cf965167,True,1.0,1.0,0.5021174820011247,1.0,1.0,1.0,0.792548950833802
72,0f49301527005b0e,True,1.0,1.0,0.723838920376905,1.0,1.0,1.0,0.884932883490377
73,20a276a12f2150c5,True,1.0,1.0,1.0,1.0,1.0,1.0,1.0
74,e6dc564e1a3a588e,True,1.0,1.0,0.6887327788624458,1.0,1.0,1.0,0.870305324526019
75,d0dcc4b5cf6a53ab,True,1.0,1.0,1.0,1.0,1.0,1.0,1.0
76,93358613d3865c5c,True,1.0,1.0,0.9206792945487301,1.0,1.0,1.0,0.9669497060619708
77,7b73da0bb98b5e56,True,1.0,1.0,0.8144790827612878,1.0,1.0,1.0,0.9226996178172033
78,be527ba55a8a548b,True,1.0,1.0,0.968780543321439,1.0,1.0,1.0,0.9869918930505995
79,f84498af5b4f55eb,True,1.0,1.0,1.0,1.0,1.0,0.5,1.0
80,6ec2148215205936,True,1.0,1.0,0.570264800759788,1.0,1.0,1.0,0.820943666983245
81,5b7d7e1a42c95cd7,True,1.0,1.0,0.5022459834196759,1.0,1.0,1.0,0.7926024930915316
82,8b788f2715985cee,True,1.0,1.0,1.0,1.0,1.0,1.0,1.0
83,a28a7a914fbc5919,True,1.0,1.0,0.7780755848318306,1.0,1.0,1.0,0.9075314936799295
84,da3dac3ca6545198,True,1.0,1.0,0.7967248156507148,1.0,1.0,0.0,0.9153020065211311
85,84876bb274165ade,True,1.0,1.0,0.8610838072982048,1.0,1.0,1.0,0.9421182530409187
86,48a547f135595df8,True,1.0,1.0,0.7402106631327994,1.0,1.0,1.0,0.8917544429719998
87,543075ac6a275db3,True,1.0,1.0,0.8994991427564758,1.0,1.0,1.0,0.9581246428151982
88,ed95bd64d5a555c8,True,1.0,1.0,0.9314347282383559,0.0,1.0,1.0,0.554764470099315
89,e3e49101a8b45645,True,1.0,1.0,0.7343574596808343,1.0,1.0,1.0,0.8893156082003477
90,e62e904da0695956,True,1.0,1.0,0.7905398080844892,1.0,1.0,1.0,0.9127249200352038
91,b1649a41e6155dd2,True,1.0,1.0,0.9132037665160321,1.0,1.0,0.5,0.9638349027150133
92,e7cfffa4e8dd53a8,True,1.0,0.0,0.0,1.0,1.0,1.0,0.0
93,badd4b6320d05d87,True,1.0,1.0,1.0,1.0,1.0,1.0,1.0
94,8d7e4421c3e45c99,True,1.0,1.0,0.667303878539359,1.0,1.0,1.0,0.8613766160580663
95,299e19fc72e65ac5,True,1.0,1.0,0.9556881272881216,1.0,1.0,1.0,0.9815367197033839
96,f18ef27ec008527a,True,1.0,1.0,0.8118483625450262,1.0,1.0,1.0,0.9216034843937608
97,dc7dda8b400157ef,True,1.0,1.0,0.6796665673439936,1.0,1.0,1.0,0.8665277363933307
98,c95348f67fa059ae,True,1.0,1.0,1.0,1.0,1.0,1.0,1.0
99,8af8486e96a45fa4,True,1.0,1.0,0.7790376599110235,1.0,1.0,0.5,0.9079323582962598
100,1d359a03436458f0,True,1.0,1.0,0.9576397705255008,1.0,1.0,1.0,0.9823499043856253
101,f5a6d648a71e5d47,True,1.0,1.0,0.8307224744268245,1.0,1.0,1.0,0.9294676976778437
102,ab052def6aec532e,True,1.0,1.0,0.6738301524582434,1.0,1.0,1.0,0.8640958968576014
103,e745423278015ece,True,1.0,1.0,0.926725880176675,1.0,1.0,1.0,0.9694691167402812
104,67debdeae60b5fa4,True,1.0,1.0,0.858019974992663,1.0,1.0,1.0,0.9408416562469428
105,fa16987e17c25356,True,1.0,1.0,1.0,1.0,1.0,1.0,1.0
106,3a7818b46809570a,True,1.0,1.0,0.5003849462952341,1.0,1.0,1.0,0.7918270609563476
107,a3f82403e6945aa7,True,1.0,1.0,1.0,1.0,1.0,1.0,1.0
108,5c4d8dfcb0aa5541,True,1.0,0.0,0.0,1.0,1.0,1.0,0.0
109,71c32c511a445d13,True,1.0,1.0,0.4169764351962953,1.0,1.0,1.0,0.7570735146651231
110,82b1cb7113515dfb,True,1.0,1.0,1.0,1.0,1.0,1.0,1.0
111,448808123f695637,True,1.0,1.0,1.0,1.0,1.0,1.0,1.0
112,76d3db995c9e5946,True,1.0,0.0,0.0,1.0,1.0,1.0,0.0
113,664106f910475a53,True,1.0,1.0,0.5245200171457983,1.0,1.0,0.5,0.801883340477416
114,4bfb085c53cc522f,True,1.0,1.0,0.8061516816694744,1.0,1.0,1.0,0.9192298673622809
115,20ae5de0a8725d9d,True,1.0,1.0,0.5402431919228929,1.0,1.0,1.0,0.8084346633012055
116,e80197fe19435d28,True,1.0,1.0,0.672576291159083,1.0,1.0,1.0,0.863573454649618
117,ab1fd108d5885b58,True,1.0,1.0,1.0,1.0,1.0,0.0,1.0
118,c810620e645e53b8,True,1.0,1.0,1.0,1.0,1.0,1.0,1.0
119,c83d1e0923295d5a,True,1.0,1.0,1.0,1.0,1.0,1.0,1.0
120,29d3fc42d08d57d2,True,1.0,1.0,1.0,1.0,1.0,1.0,1.0
121,8c9e3fd944c051e3,True,1.0,0.0,0.0,1.0,1.0,1.0,0.0
122,95528bd014555540,True,1.0,1.0,1.0,1.0,0.0,1.0,0.8333333333333334
123,e8d869b5752751a6,True,1.0,1.0,1.0,1.0,1.0,1.0,1.0
124,33c58e00f5805824,True,1.0,1.0,1.0,1.0,1.0,1.0,1.0
125,1c31e37ce65b52d9,True,1.0,1.0,0.8934442495200255,1.0,1.0,1.0,0.955601770633344
126,d66634cbe1b65b95,True,1.0,1.0,0.6466384198275463,1.0,1.0,1.0,0.8527660082614776
127,0698ddce973b50ba,True,1.0,1.0,1.0,1.0,1.0,1.0,1.0
128,6d5f5983c8eb5615,True,1.0,1.0,0.7679220772243268,1.0,1.0,0.0,0.9033008655101362
129,1511499da17054b0,True,1.0,1.0,1.0,1.0,1.0,1.0,1.0
130,3fb360a01b775e07,True,1.0,1.0,0.604560856908458,1.0,1.0,1.0,0.8352336903785241
131,70af821c5fe95428,True,1.0,1.0,0.8140026850195731,1.0,1.0,1.0,0.9225011187581554
132,6801df96fcdd5bd9,True,1.0,1.0,0.556422755163222,1.0,1.0,1.0,0.8151761479846759
133,cfd45b3514125d2e,True,1.0,1.0,0.7741980415697861,1.0,1.0,1.0,0.9059158506540775
134,e35a803202875fa0,True,1.0,1.0,0.9734411765479045,1.0,1.0,1.0,0.9889338235616268
135,8ea9276bf0ee55f5,True,1.0,1.0,0.7501033202056879,1.0,1.0,1.0,0.8958763834190367
136,a37f67a1fe095025,True,1.0,1.0,1.0,1.0,1.0,1.0,1.0
137,9f521d00c3ef55b7,True,1.0,0.0,0.0,0.0,1.0,1.0,0.0
138,bde1cb24aeb45289,True,1.0,1.0,0.7078611338187281,1.0,1.0,1.0,0.87827547242447
139,74ea43025c935b2e,True,1.0,1.0,0.8739914873508333,1.0,1.0,1.0,0.9474964530628472
140,cd89b212efe9585a,True,1.0,1.0,1.0,1.0,1.0,1.0,1.0
141,26e8589d8c485726,True,1.0,1.0,0.79535009863617,1.0,1.0,1.0,0.9147292077650708
142,1c25de3a1c805da1,True,1.0,1.0,0.6604780354179034,1.0,1.0,1.0,0.8585325147574597
143,42032a0cedd95dc9,True,1.0,1.0,1.0,1.0,1.0,1.0,1.0
144,b17966d55b335270,True,1.0,1.0,0.6657931898077711,1.0,1.0,1.0,0.8607471624199047
145,1ed469afe6545946,True,1.0,0.0,0.0,1.0,1.0,1.0,0.0
146,d4f5976a6d615330,True,1.0,1.0,0.8583182871209346,1.0,1.0,1.0,0.9409659529670561
147,cbd14310b3885779,True,1.0,1.0,0.6196525830303328,1.0,1.0,1.0,0.8415219095959721
148,75a1c2654839522e,True,1.0,1.0,0.7830274903467557,1.0,1.0,1.0,0.9095947876444815
149,fe469d42385259e2,True,1.0,1.0,0.9405428195892228,1.0,1.0,1.0,0.9752261748288428
150,0c3c4cd553475d3a,True,1.0,1.0,0.9398793156893954,1.0,1.0,1.0,0.9749497148705815
151,9d69a0f2f73f5035,True,1.0,1.0,0.6694164449082783,1.0,1.0,1.0,0.862256852045116
152,d3f00196d11c563c,True,1.0,1.0,0.6701541761427318,1.0,1.0,1.0,0.8625642400594716
153,ead9740dd25f59c3,True,1.0,1.0,1.0,1.0,1.0,1.0,1.0
154,de235386b6c65ebd,True,1.0,1.0,0.7661449051788104,1.0,1.0,1.0,0.9025603771578377
155,1a1f73871bea5afa,True,1.0,1.0,0.7888815555798847,1.0,1.0,0.0,0.9120339814916186
156,8f67b84df6b75bd1,True,1.0,0.0,0.0,1.0,1.0,0.5,0.0
157,1c9f36db867b50bf,True,1.0,1.0,0.8161726679005967,1.0,1.0,1.0,0.9234052782919152
158,117b147622605d6a,True,1.0,1.0,0.8425071517675403,1.0,1.0,1.0,0.9343779799031419
159,f73281d701fd56a6,True,1.0,1.0,0.8721650080002199,1.0,1.0,1.0,0.9467354200000916
160,3370b43bf64151a6,True,1.0,1.0,1.0,1.0,1.0,1.0,1.0
161,76cf7bb2e9625482,True,1.0,1.0,0.9682843798617189,1.0,1.0,1.0,0.9867851582757162
162,2774b2c338a3500c,True,1.0,1.0,0.9374908766321697,1.0,1.0,1.0,0.9739545319300706
163,6347553d03555ffa,True,1.0,1.0,1.0,1.0,1.0,1.0,1.0
164,be43454e5a4f5a2a,True,1.0,1.0,0.9331287125935723,1.0,1.0,1.0,0.9721369635806552
165,8a7750196bc65a14,True,1.0,1.0,0.6204856725956371,1.0,1.0,1.0,0.8418690302481822
166,ab51ce190cca5673,True,1.0,1.0,0.7727670523698499,1.0,1.0,1.0,0.9053196051541041
167,291ac232cc94582a,True,1.0,1.0,0.6342331625604625,1.0,1.0,1.0,0.8475971510668594
168,7a1b61727c255889,True,1.0,1.0,0.5327554441992608,1.0,1.0,1.0,0.8053147684163586
169,44f6f13541dd526e,True,1.0,0.0,0.0,1.0,1.0,1.0,0.0
170,f9ff7b08b88e5365,True,1.0,1.0,1.0,1.0,1.0,0.0,1.0
171,331882a4388559b6,True,1.0,1.0,1.0,1.0,1.0,1.0,1.0
172,8eda03e314a456a4,True,1.0,1.0,1.0,1.0,1.0,1.0,1.0
173,2381f042c0855f20,True,1.0,1.0,0.7935000755707129,1.0,1.0,1.0,0.9139583648211304
174,df30f32cd2ee5633,True,1.0,1.0,1.0,1.0,1.0,1.0,1.0
175,d983f3c9756357b2,True,1.0,1.0,1.0,1.0,1.0,1.0,1.0
176,a0eb6fa78dc2558f,True,1.0,0.0,0.0,1.0,1.0,1.0,0.0
177,828cf870f41a50ed,True,1.0,1.0,0.9787551983990785,1.0,1.0,1.0,0.9911479993329494
178,fdd02b27e20c515e,True,1.0,1.0,0.8574975316239085,1.0,1.0,0.0,0.9406239715099618
179,8e958f3833835138,True,1.0,1.0,1.0,1.0,1.0,1.0,1.0
180,8c6c4c4b507c5eb1,True,1.0,1.0,0.7800537579649787,1.0,1.0,0.5,0.9083557324854077
181,4300f964edbd5ce4,True,1.0,1.0,0.31124349719557803,1.0,1.0,1.0,0.7130181238314908
182,b5e7acb62778580b,True,1.0,1.0,1.0,1.0,1.0,1.0,1.0
183,3f5c9cc5b40a5ff5,True,1.0,1.0,0.7994992955799377,1.0,1.0,1.0,0.916458039824974
184,12b32c24d2cf5309,True,1.0,0.0,0.0,1.0,1.0,0.5,0.0
185,daaa1858309c5938,True,1.0,1.0,1.0,1.0,1.0,1.0,1.0
186,75c7777c6f415535,True,1.0,1.0,1.0,1.0,1.0,1.0,1.0
187,ceedeccf36c35c11,True,1.0,1.0,0.9815673379322691,1.0,1.0,1.0,0.9923197241384454
188,b069ef19c0ba5887,True,1.0,1.0,0.7579886584394879,1.0,1.0,1.0,0.8991619410164532
189,34f4fd0a288b5199,True,1.0,1.0,1.0,1.0,1.0,1.0,1.0
190,bdf4ea0b653c5677,True,1.0,1.0,0.5683044352461247,1.0,1.0,1.0,0.8201268480192186
191,64edcbd39d2b5f08,True,1.0,1.0,0.9379047018921822,1.0,1.0,1.0,0.9741269591217426
192,fbd06f49da055ea8,True,1.0,1.0,0.8027828707006602,1.0,1.0,1.0,0.917826196125275
193,76f053cb2f8851c7,True,1.0,1.0,1.0,1.0,1.0,1.0,1.0
194,d64abcb201245b5a,True,1.0,1.0,1.0,1.0,1.0,0.5,1.0
195,0994517bde3c5188,True,1.0,1.0,0.4657266687277995,1.0,1.0,1.0,0.7773861119699165
196,27244c34c9e355c2,True,1.0,0.0,0.0,1.0,1.0,0.5,0.0
197,6b4ae810d2195d79,True,1.0,1.0,1.0,1.0,1.0,1.0,1.0
198,c10c52fd674f5277,True,1.0,0.0,0.0,1.0,1.0,1.0,0.0
199,0599b72c60335651,True,1.0,1.0,0.5543601223338559,1.0,1.0,1.0,0.8143167176391066
200,1fc3acd944ba540e,True,1.0,1.0,0.7975066817947701,1.0,1.0,1.0,0.9156277840811543
201,da53dac7558e563d,True,1.0,1.0,0.9899441096132351,1.0,1.0,1.0,0.9958100456721812
202,d4ac0a1865ac5c25,True,1.0,1.0,1.0,1.0,1.0,1.0,1.0
203,295b050f45615ad6,True,1.0,1.0,0.5371213491775866,1.0,1.0,1.0,0.8071338954906611
204,37a2f90109f85bff,True,1.0,1.0,0.6152319792402987,1.0,1.0,1.0,0.8396799913501245
205,3f31d5d096f957c9,True,1.0,1.0,0.3803617430757919,1.0,1.0,1.0,0.7418173929482466
206,ab74b3b32d8c5006,True,1.0,1.0,0.7267761028193045,1.0,1.0,1.0,0.8861567095080435
207,94c6fd3f9ec85914,True,1.0,0.0,0.0,1.0,1.0,0.0,0.0
208,2d4b17f8d7585219,True,1.0,1.0,0.9891942214344667,1.0,1.0,1.0,0.9954975922643611
209,cbf41000a2105ca1,True,1.0,1.0,0.7728823719285223,1.0,1.0,1.0,0.9053676549702177
210,b8a1d133723f5897,True,1.0,1.0,0.8010312516515714,1.0,1.0,1.0,0.9170963548548214
211,73b1bfef98ae5664,True,1.0,1.0,0.7500799265752851,1.0,1.0,1.0,0.8958666360730355
212,b4a85f85ef7e532d,True,1.0,1.0,0.8562425836766173,1.0,1.0,1.0,0.9401010765319239
213,b337627936ea5488,True,1.0,1.0,0.7713918298780178,1.0,1.0,1.0,0.9047465957825075
214,c093d999a01c5e92,True,1.0,1.0,0.8409575685442092,1.0,1.0,1.0,0.9337323202267539
215,b1f641fdea505c99,True,1.0,1.0,1.0,1.0,1.0,1.0,1.0
216,1a31ffd5dc39532f,True,1.0,1.0,1.0,1.0,1.0,0.0,1.0
217,efc87f8726645319,True,1.0,1.0,0.8483098740059136,1.0,1.0,1.0,0.9367957808357973
218,564b7ca4f210501e,True,1.0,1.0,0.5299115492000684,1.0,1.0,1.0,0.8041298121666952
219,4bc54773ae245d10,True,1.0,1.0,1.0,1.0,1.0,1.0,1.0
220,76e72a3b44205ec0,True,1.0,1.0,1.0,1.0,1.0,1.0,1.0
221,781386f5659b5cdf,True,1.0,1.0,0.8901270881488021,1.0,1.0,1.0,0.9542196200620009
222,fb0a26a28ec359ce,True,1.0,1.0,0.8454926994288654,1.0,1.0,1.0,0.9356219580953606
223,18649e595e7b51ab,True,1.0,1.0,1.0,1.0,1.0,1.0,1.0
224,92ebb72e83325bb1,True,1.0,1.0,0.6585919363488423,0.0,1.0,1.0,0.4410799734786843
225,1c45a4d22fcc5b2e,True,1.0,1.0,0.7883252569599672,1.0,1.0,1.0,0.9118021903999863
226,f99a74d444e651d3,True,1.0,1.0,0.9517617890541575,1.0,1.0,1.0,0.9799007454392323
227,45c6be97d810541f,True,1.0,1.0,0.6667593004415482,1.0,1.0,1.0,0.8611497085173117
228,4ab74b20c99e5d20,True,1.0,1.0,0.8042268033218839,1.0,1.0,0.5,0.9184278347174516
229,aac7679545c75aed,True,1.0,1.0,0.7428930177061444,1.0,1.0,1.0,0.8928720907108936
230,e76485315c2c5028,True,1.0,1.0,1.0,1.0,1.0,1.0,1.0
231,35234d714b5d5da9,True,1.0,1.0,0.9155652336508101,1.0,1.0,1.0,0.9648188473545042
232,769a27bde35050d1,True,1.0,1.0,0.8469588570543651,1.0,1.0,1.0,0.9362328571059854
233,1cbb42e800785a61,True,1.0,1.0,1.0,1.0,1.0,1.0,1.0
234,132ea05c88d355ca,True,1.0,1.0,0.7982720632659801,1.0,1.0,0.0,0.9159466930274917
235,56587c89d25856b7,True,1.0,1.0,0.9738243012524035,1.0,1.0,1.0,0.9890934588551681
236,4f6abcc897955dfd,True,1.0,1.0,1.0,1.0,1.0,0.5,1.0
237,f3047391e1f25aad,True,1.0,1.0,1.0,1.0,1.0,1.0,1.0
238,5f09eaa4509f5997,True,1.0,1.0,0.34657399265076816,1.0,1.0,1.0,0.7277391636044866
239,128e9fbd01125cc7,True,1.0,1.0,1.0,1.0,1.0,1.0,1.0
240,a7a7c9782f3951a1,True,1.0,1.0,1.0,1.0,1.0,1.0,1.0
241,a8da6565d00e514a,True,1.0,1.0,0.5258733529826838,1.0,1.0,1.0,0.8024472304094515
242,6b4cf0c1208155f5,True,1.0,1.0,0.7212476344806648,1.0,1.0,1.0,0.8838531810336102
243,4bdff78fdccd5f6d,True,1.0,1.0,0.737679583244441,1.0,1.0,1.0,0.8906998263518505
244,8d3ac506e17050ba,True,1.0,1.0,0.6769932142255757,1.0,1.0,1.0,0.8654138392606564
245,b04b5637f4e05625,True,1.0,1.0,1.0,1.0,1.0,1.0,1.0
246,d044b887d646511b,True,1.0,1.0,0.714016439237215,1.0,1.0,1.0,0.8808401830155063
247,6a383816e5c1568b,True,1.0,1.0,0.5651015831683079,1.0,1.0,1.0,0.8187923263201283
248,925e046dba2f525f,True,1.0,1.0,1.0,1.0,1.0,1.0,1.0
249,3a2203251ab65b53,True,1.0,1.0,1.0,1.0,1.0,1.0,1.0
250,b83ed953a4105ddc,True,1.0,1.0,1.0,1.0,1.0,1.0,1.0
251,af194a8f1af65eb7,True,1.0,1.0,0.8431672056249094,1.0,1.0,1.0,0.9346530023437123
252,15b0967d1dab53f8,True,1.0,1.0,0.886628688787156,1.0,1.0,1.0,0.952761953661315
253,9aad3780bef85c98,True,1.0,1.0,1.0,1.0,1.0,1.0,1.0
254,19227b35432f567e,True,1.0,1.0,0.5785289317634531,1.0,1.0,1.0,0.8243870549014387
255,5317b890d3e45958,True,1.0,1.0,0.4733701259776376,1.0,1.0,1.0,0.7805708858240156
256,73a3a880d8d8522c,True,1.0,1.0,0.8999085365089128,1.0,1.0,1.0,0.9582952235453804
257,e68ddf5be41355dc,True,1.0,0.0,0.0,1.0,1.0,1.0,0.0
258,56c64f7e47b15e0d,True,1.0,1.0,0.6057927305590389,1.0,1.0,1.0,0.8357469710662663
259,88538f4b41cc5d4a,True,1.0,1.0,0.9086525151593603,1.0,1.0,1.0,0.9619385479830669
260,62b0d1b0d5b35c44,True,0.5,1.0,0.7193889467229588,0.0,1.0,1.0,0.2332060305672831
261,b3aebfbff38e596f,True,1.0,1.0,0.866134970301502,1.0,1.0,1.0,0.9442229042922925
262,9f4c04b7214b52a8,True,1.0,1.0,1.0,1.0,1.0,1.0,1.0
263,f641cb06f2175d36,True,1.0,1.0,0.9316586133733525,1.0,1.0,0.5,0.9715244222388968
264,0f6d159f5f0c52d0,True,1.0,1.0,0.9926774022874598,1.0,1.0,1.0,0.9969489176197749
265,22e04303d53f54f5,True,1.0,1.0,0.7800778450382636,1.0,1.0,1.0,0.9083657687659432
266,13cd1cf21a4f5acb,True,1.0,1.0,1.0,1.0,1.0,1.0,1.0
267,83d9a73b7a3650c7,True,1.0,1.0,0.8267441863816071,1.0,1.0,1.0,0.9278100776590029
268,40d32b824b705cbc,True,1.0,1.0,0.6740618079188784,1.0,1.0,1.0,0.8641924199661993
269,3580cf9f59395963,True,1.0,1.0,1.0,1.0,1.0,1.0,1.0
270,6f2459c4df665173,True,1.0,1.0,0.9377372906469061,1.0,1.0,1.0,0.9740572044362109
271,d81c4398a40b52b9,True,1.0,0.0,0.0,1.0,1.0,1.0,0.0
272,bb0e1af8651d525b,True,1.0,1.0,1.0,1.0,1.0,1.0,1.0
273,1e3b603ccda457c5,True,1.0,1.0,1.0,1.0,1.0,1.0,1.0
274,208247acd8ca5e2c,True,1.0,1.0,1.0,1.0,1.0,1.0,1.0
275,fbe0e54ef79254bb,True,1.0,1.0,0.5123453761465298,1.0,1.0,1.0,0.7968105733943874
276,39147f08f4645365,True,1.0,1.0,0.6218881655643071,1.0,1.0,1.0,0.8424534023184614
277,cda381919f5e5dca,True,1.0,1.0,0.8371231610205896,1.0,1.0,0.5,0.9321346504252457
278,c2ce362b9cf95fee,True,1.0,1.0,0.6576653846594998,1.0,1.0,1.0,0.8573605769414582
279,28c5e10661025e5f,True,1.0,1.0,0.8294215809268142,1.0,1.0,1.0,0.9289256587195059
280,a61948a5dada537e,True,1.0,1.0,1.0,1.0,1.0,1.0,1.0
281,d68ae36caae15586,True,1.0,1.0,0.9033867034261956,1.0,1.0,1.0,0.9597444597609148
282,4b82ec1d991358e2,True,1.0,1.0,0.9408818794628538,1.0,1.0,1.0,0.975367449776189
283,23ca661f3d7754c7,True,1.0,1.0,0.6717036736249868,1.0,1.0,1.0,0.8632098640104111
284,9f839d5422315781,True,1.0,1.0,1.0,1.0,1.0,0.0,1.0
285,3f2a3e63c3045c95,True,1.0,1.0,0.5008909770176657,1.0,1.0,1.0,0.7920379070906941
286,4d9c7a900c6c5081,True,1.0,1.0,0.4818492172726018,1.0,1.0,1.0,0.7841038405302507
287,e7c691d409295501,True,1.0,1.0,0.6011862958388078,1.0,1.0,1.0,0.83382762326617
288,fe0c83d70ca456ae,True,1.0,1.0,0.8924145778623238,1.0,1.0,1.0,0.9551727407759683
289,9a2c4c75f3785517,True,1.0,1.0,0.7439438323344694,1.0,1.0,1.0,0.8933099301393623
290,f5c4d4a66e13514d,True,1.0,1.0,0.7576607226986208,1.0,1.0,1.0,0.8990253011244254
291,48a6621d92dd5be3,True,1.0,1.0,0.7377886078897972,1.0,1.0,1.0,0.8907452532874155
292,ddc25b8617cb5aa0,True,1.0,1.0,0.9506839295270675,1.0,1.0,1.0,0.9794516373029447
293,b541b6d67bad546d,True,1.0,1.0,0.842566013491674,1.0,1.0,1.0,0.9344025056215308
294,df2ed02abeba57fe,True,1.0,1.0,0.9769776007905113,1.0,1.0,1.0,0.9904073336627132
295,e133b313fabc56b4,True,1.0,1.0,0.8135130447050428,0.0,1.0,1.0,0.5056304352937678
296,253dba7510ca56b8,True,1.0,1.0,1.0,0.0,1.0,1.0,0.5833333333333334
297,62a97d527fd45916,True,1.0,1.0,0.9292366493358076,1.0,1.0,1.0,0.9705152705565864
298,5041cdf76ecb5ee7,True,1.0,0.0,0.0,1.0,1.0,1.0,0.0
299,e7daf964463c530b,True,1.0,1.0,1.0,1.0,1.0,0.0,1.0
300,4b347fca93c65596,True,1.0,1.0,0.6579469365876118,1.0,1.0,1.0,0.8574778902448382
301,6639fa7905a3599b,True,1.0,1.0,0.523428346937667,1.0,1.0,1.0,0.8014284778906946
302,e0e1551b09f15a74,True,1.0,1.0,0.6608041790699372,1.0,1.0,1.0,0.8586684079458071
303,f424ee234e385b95,True,1.0,1.0,0.934666928706881,1.0,1.0,1.0,0.9727778869612004
304,52a4ade5aede53d9,True,1.0,1.0,0.8134552523766777,1.0,1.0,0.5,0.9222730218236158
305,c7ce79ec4bf956c4,True,1.0,1.0,1.0,1.0,1.0,1.0,1.0
306,944a55f58a59597f,True,1.0,1.0,1.0,1.0,1.0,1.0,1.0
307,283f93bc73b2571b,True,1.0,1.0,1.0,0.0,1.0,1.0,0.5833333333333334
308,906d7e590245576a,True,1.0,1.0,0.8189183697661002,1.0,1.0,1.0,0.924549320735875
309,e5ab81a4896751e3,True,1.0,1.0,0.28806821258329823,1.0,1.0,1.0,0.703361755243041
310,a460a03aab635f35,True,1.0,1.0,0.8316445578328068,0.0,1.0,1.0,0.5131852324303362
311,d10c269610375646,True,1.0,1.0,1.0,1.0,1.0,1.0,1.0
312,ade00f93385b5d14,True,1.0,1.0,1.0,1.0,1.0,1.0,1.0
313,82ee38a271b15bb1,True,1.0,1.0,1.0,0.0,1.0,1.0,0.5833333333333334
314,ed2466a660ba5661,True,1.0,1.0,0.8224379848890784,1.0,1.0,1.0,0.926015827037116
315,cf9b7b96f5a057d0,True,1.0,1.0,0.46177783609641543,1.0,1.0,1.0,0.775740765040173
316,dd30198e0e6b5bd8,True,1.0,1.0,1.0,1.0,1.0,1.0,1.0
317,3ebe88aecd0c5d20,True,1.0,0.0,0.0,1.0,1.0,1.0,0.0
318,ff86cfb959e1545e,True,1.0,1.0,0.8435062605828154,1.0,1.0,0.5,0.9347942752428398
319,bb4ca2b147d35b62,True,1.0,1.0,1.0,1.0,1.0,1.0,1.0
320,777c2c183e49504e,True,1.0,1.0,0.9169866966873522,1.0,1.0,1.0,0.96541112361973
321,7d6c25f47aa658e8,True,1.0,1.0,0.9920429600019938,1.0,1.0,1.0,0.9966845666674974
322,54718dd05cad553a,True,1.0,1.0,0.8548079998494892,1.0,1.0,1.0,0.9395033332706205
323,f304e815462d5f1f,True,1.0,1.0,0.7634513466693933,1.0,1.0,1.0,0.9014380611122471
324,65caa24efb4556af,True,1.0,1.0,0.5597336529358682,1.0,1.0,1.0,0.8165556887232784
325,4827434c5d3659cd,True,1.0,1.0,1.0,1.0,1.0,1.0,1.0
326,d961e40cb8185341,True,1.0,1.0,1.0,0.0,1.0,1.0,0.5833333333333334
327,e0657b3fd2ac5c55,True,1.0,1.0,0.5519242716199638,1.0,1.0,1.0,0.8133017798416516
328,1cb96199b6a45732,True,1.0,1.0,0.7633162198749871,1.0,1.0,1.0,0.9013817582812447
329,e9cb16355c1f5d9b,True,1.0,1.0,0.5846988965611347,1.0,1.0,1.0,0.8269578735671393
330,44230a68f8305c14,True,1.0,1.0,0.82190359755415,1.0,1.0,1.0,0.9257931656475625
331,3ae59f6099b65d31,True,1.0,1.0,0.49508719687050834,1.0,1.0,1.0,0.7896196653627118
332,1ee0c099f86a585e,True,1.0,1.0,1.0,1.0,1.0,1.0,1.0
333,6239683a6e0d556d,True,1.0,1.0,1.0,1.0,1.0,1.0,1.0
334,c9aa2159bc3a50a0,True,1.0,1.0,0.9851922318401751,1.0,1.0,1.0,0.9938300966000729
335,b15572e37ce95d98,True,1.0,1.0,1.0,1.0,1.0,1.0,1.0
336,d471c0c48cb05f04,True,1.0,1.0,0.4020707848343146,1.0,1.0,1.0,0.7508628270142977
337,0573408e3cfb5130,True,1.0,1.0,0.7628691062124505,0.0,1.0,1.0,0.48452879425518774
338,114a946faf305345,True,1.0,1.0,0.709484038530717,1.0,1.0,0.5,0.878951682721132
339,27725219ce8a55ff,True,1.0,1.0,0.8768581971610115,1.0,1.0,1.0,0.948690915483755
340,75570ebf4f3551c1,True,1.0,1.0,0.7099788691588454,1.0,1.0,1.0,0.879157862149519
341,66129006472354e7,True,1.0,1.0,0.782759707583728,1.0,1.0,1.0,0.9094832114932201
342,aab517c2e5e75245,True,1.0,1.0,0.5934878972474779,1.0,1.0,1.0,0.8306199571864491
343,a992bba6c1d054f3,True,1.0,1.0,0.5489189785622116,1.0,1.0,1.0,0.8120495744009215
344,e9ed7dbcb6365ea2,True,1.0,1.0,0.63637797143252,1.0,1.0,1.0,0.8484908214302166
345,d12fdbd7f3265051,True,1.0,1.0,0.774084609605705,1.0,1.0,1.0,0.9058685873357103
346,65ae67808d1f5de5,True,1.0,1.0,0.8482258789661696,1.0,1.0,1.0,0.9367607829025707
347,33c7945f43795064,True,1.0,1.0,0.9176089679396436,1.0,1.0,1.0,0.9656704033081849
348,f4aca518cfa05850,True,1.0,1.0,0.8312927874100319,1.0,1.0,1.0,0.9297053280875133
349,f0c41eb61ba65434,True,1.0,1.0,0.9539791999944416,1.0,1.0,1.0,0.9808246666643506
350,ea21c4b17b865a4d,True,1.0,1.0,0.7089322405563615,1.0,1.0,1.0,0.8787217668984839
351,8013f74ddcf055db,True,1.0,1.0,0.5138976319654097,1.0,1.0,1.0,0.7974573466522541
352,d474e3bc97d253ee,True,1.0,1.0,1.0,1.0,1.0,1.0,1.0
353,aa74d194063c5d0b,True,1.0,1.0,0.6658704500327427,1.0,1.0,1.0,0.8607793541803095
354,8a3c6c3502035e11,True,1.0,1.0,0.8471616349550561,1.0,1.0,0.0,0.9363173478979401
355,934c8ac938ad5dca,True,1.0,1.0,0.8082371986623937,1.0,1.0,1.0,0.9200988327759974
356,29af925fc44b5380,True,1.0,1.0,0.9067535843293276,1.0,1.0,1.0,0.9611473268038866
357,83be5aa78f7652de,True,1.0,1.0,1.0,1.0,1.0,1.0,1.0
358,4543b41a1fec5a97,True,1.0,1.0,0.6307617097993715,1.0,1.0,1.0,0.8461507124164047
359,62735179d4f258ea,True,1.0,1.0,0.8487600597893282,1.0,1.0,1.0,0.9369833582455535
360,7fa812aae88d5752,True,1.0,1.0,0.6337042313880659,1.0,1.0,1.0,0.8473767630783607
361,d31b4eb761a15872,True,1.0,1.0,0.9586813675093848,0.0,1.0,1.0,0.5661172364622437
362,f1042fb26da2534a,True,1.0,1.0,0.8455325590780984,1.0,1.0,1.0,0.9356385662825409
363,2e8d3c1cd8b15c97,True,1.0,1.0,0.7320598620666342,1.0,1.0,1.0,0.8883582758610976
364,da365ed766db5a6a,True,1.0,1.0,1.0,1.0,1.0,1.0,1.0
365,492a64b807da5cfb,True,0.0,1.0,0.0,0.0,1.0,1.0,0.0
366,da6d3b6810995466,True,1.0,1.0,1.0,1.0,1.0,1.0,1.0
367,171e0bea742d52d0,True,1.0,1.0,0.8478761431260129,1.0,1.0,1.0,0.9366150596358387
368,5971a8d84ff45bfa,True,1.0,1.0,0.8579631985641778,1.0,1.0,1.0,0.9408179994017408
369,e30d715817b7524a,True,1.0,1.0,1.0,1.0,1.0,1.0,1.0
370,2d723f3d7b9458b8,True,1.0,1.0,0.7954013677064259,1.0,1.0,1.0,0.9147505698776776
371,2836705e16ba5691,True,1.0,1.0,0.7971053969588157,1.0,1.0,1.0,0.9154605820661731
372,38b7b1afe2bf516b,True,1.0,1.0,1.0,1.0,1.0,1.0,1.0
373,dde50b95cefd5ecd,True,1.0,1.0,0.8785801806958444,1.0,1.0,1.0,0.9494084086232686
374,7fdcd804a7a95b6c,True,1.0,1.0,1.0,1.0,1.0,1.0,1.0
375,f68c27c86c235646,True,1.0,1.0,0.8197498772528192,1.0,1.0,1.0,0.9248957821886746
376,20ec6765e35d5cd1,True,1.0,1.0,1.0,1.0,1.0,1.0,1.0
377,a815da9bf45d5b15,True,1.0,1.0,0.8242521529287252,1.0,1.0,1.0,0.9267717303869688
378,c0f364f8ed645542,True,1.0,1.0,0.5933739948936118,1.0,1.0,1.0,0.8305724978723382
379,f769ef75631451c8,True,1.0,1.0,0.7891175752395561,1.0,1.0,1.0,0.9121323230164817
380,0ceeda78f4745942,True,0.5,0.0,0.0,0.0,1.0,0.5,0.0
381,e24e2c91fb5759dc,True,1.0,1.0,0.7640930272122983,1.0,1.0,1.0,0.9017054280051243
382,6adef8f2b0795473,True,1.0,1.0,0.9510474783960172,0.0,1.0,1.0,0.5629364493316739
383,e84ff3e29bc05254,True,1.0,1.0,0.6939578932355364,1.0,1.0,1.0,0.8724824555148069
384,c8ab144242b05eba,True,1.0,1.0,0.8891687152566748,1.0,1.0,1.0,0.9538202980236145
385,6a8a6b3a7d5f55cd,True,1.0,1.0,0.8606559585951464,1.0,1.0,1.0,0.9419399827479777
386,1d58f582aa95543b,True,1.0,1.0,0.9004789864661424,1.0,1.0,1.0,0.9585329110275594
387,71017c020a0b5a75,True,1.0,1.0,0.5192017879499772,1.0,1.0,1.0,0.7996674116458239
388,26de9e2da40c5b0c,True,1.0,0.0,0.0,1.0,1.0,1.0,0.0
389,e4f34d35c8fd5fd2,True,1.0,1.0,0.789180956652779,0.0,1.0,1.0,0.49549206527199124
390,2cce988d410654e2,True,1.0,1.0,1.0,1.0,1.0,1.0,1.0
391,10d9d6d0ad405b9d,True,1.0,1.0,0.7682580774713252,1.0,1.0,1.0,0.9034408656130521
392,87a4e023d9315796,True,1.0,1.0,0.29727327238691115,1.0,1.0,1.0,0.7071971968278796
393,f75d3314a8c85955,True,1.0,1.0,1.0,1.0,1.0,1.0,1.0
394,74df22cda10a5cf9,True,1.0,1.0,1.0,1.0,1.0,1.0,1.0
395,bf72d4d6b25f5b27,True,1.0,1.0,0.9196329744371629,1.0,1.0,1.0,0.9665137393488178
396,46ce401b30ac56e9,True,1.0,1.0,0.9572612149182403,1.0,1.0,1.0,0.9821921728826002
397,ce0c8678bc8559b9,True,1.0,1.0,0.6446890964628792,1.0,1.0,1.0,0.8519537901928663
398,c69051fe82a95f3c,True,1.0,1.0,1.0,1.0,1.0,1.0,1.0
399,d2b7b43e05be5082,True,1.0,1.0,0.815552450179163,1.0,1.0,1.0,0.923146854241318
400,f84819b5dc2a5130,True,1.0,1.0,0.7847931584172657,1.0,1.0,0.0,0.9103304826738606
401,9bb20085732d5f8d,True,1.0,1.0,0.5429378651270379,1.0,1.0,1.0,0.8095574438029325
402,e6056b57c0515735,True,1.0,1.0,1.0,1.0,1.0,1.0,1.0
403,7c94fd89afb95a88,True,1.0,1.0,0.8003724476113384,1.0,1.0,1.0,0.916821853171391
404,5628a405141e5e29,True,1.0,1.0,0.812616083196079,1.0,1.0,1.0,0.9219233679983662
405,6492ae3886505280,True,1.0,1.0,0.680543028999168,1.0,1.0,1.0,0.8668929287496533
406,96d8920289b55395,True,1.0,1.0,0.813971220350793,1.0,1.0,1.0,0.9224880084794971
407,a35847734fc65508,True,1.0,1.0,1.0,1.0,1.0,1.0,1.0
408,71ae69a9499e559c,True,1.0,1.0,0.5780689003498972,1.0,1.0,1.0,0.8241953751457904
409,97f7a14f8a835f59,True,1.0,1.0,1.0,1.0,1.0,1.0,1.0
410,ec90dfde532d5633,True,1.0,1.0,0.8966334180632131,1.0,1.0,1.0,0.9569305908596721
411,73c897c7de1454af,True,1.0,1.0,0.5061603229389271,1.0,1.0,1.0,0.7942334678912196
412,247490a783f25c47,True,1.0,1.0,0.941750596084497,1.0,1.0,1.0,0.975729415035207
0,eeab709ca6e05d14,True,1.0,1.0,1.0,1.0,1.0,1.0,1.0
1,38a5d409f1095059,True,1.0,0.0,0.0,1.0,1.0,1.0,0.0
2,60e35d8a323b5b5f,True,1.0,1.0,0.6373764641134473,1.0,1.0,1.0,0.8489068600472697
3,64a1d44d73015a60,True,1.0,1.0,1.0,1.0,1.0,1.0,1.0
4,4fd76f9d056d5fb3,True,1.0,1.0,0.8143780575601395,1.0,1.0,1.0,0.9226575239833915
5,58863e0ecc6357c5,True,1.0,1.0,0.7009728827102124,1.0,1.0,1.0,0.8754053677959218
6,80bc2d8487e552f1,True,1.0,1.0,1.0,1.0,1.0,1.0,1.0
7,94689128d3bb5ac8,True,1.0,1.0,0.7767043745961985,1.0,1.0,1.0,0.9069601560817494
8,154d0d1b363f5501,True,1.0,1.0,1.0,1.0,1.0,1.0,1.0
9,d34d0398de585e6c,True,1.0,1.0,0.30665219677621924,1.0,1.0,1.0,0.7111050819900914
10,a627522c77eb526c,True,1.0,1.0,0.9420669222606507,1.0,1.0,1.0,0.9758612176086044
11,2b352a08cb3b59ea,True,1.0,0.0,0.0,1.0,1.0,1.0,0.0
12,aa4ec42ec7425de0,True,1.0,1.0,0.7244774980228589,1.0,1.0,1.0,0.8851989575095245
13,56783067f37c553f,True,1.0,1.0,0.5948620104674112,1.0,1.0,1.0,0.8311925043614213
14,2b10974c7f7e5444,True,1.0,1.0,0.7818248435602213,0.0,1.0,1.0,0.4924270181500922
15,6bd962139e2658da,True,1.0,1.0,0.6192299682221613,1.0,1.0,1.0,0.8413458200925672
16,d903d26195085adb,True,1.0,1.0,0.6833061917435735,1.0,1.0,1.0,0.8680442465598223
17,f016e2b6ac155a30,True,1.0,1.0,0.9177310908982463,1.0,1.0,1.0,0.9657212878742693
18,4291f43bae455b98,True,1.0,1.0,0.8100406769812741,1.0,1.0,1.0,0.920850282075531
19,b87c15c9f6cf54eb,True,0.0,1.0,0.0,0.0,1.0,1.0,0.0
20,728988dc8a8b502a,True,1.0,1.0,1.0,1.0,1.0,0.0,1.0
21,dbfcc3b5aa945597,True,1.0,1.0,0.6652323294753826,1.0,1.0,1.0,0.8605134706147428
22,f211c8127aff5246,True,1.0,1.0,0.877215247089327,1.0,1.0,1.0,0.9488396862872195
23,7b6749c7b2795906,True,1.0,1.0,0.8061819321682152,1.0,1.0,1.0,0.9192424717367563
24,9a6e3e5d86dd5949,True,1.0,1.0,0.7280637628123704,1.0,1.0,1.0,0.8866932345051542
25,cf3b2b1199045e08,True,1.0,1.0,0.41968622427419505,1.0,1.0,1.0,0.7582025934475812
26,21000f5c15845bf4,True,1.0,1.0,0.858038453702507,1.0,1.0,1.0,0.9408493557093779
27,dfa06e9592e65896,True,1.0,1.0,0.8489190462308679,1.0,1.0,1.0,0.9370496025961949
28,9191f3f8644d50cb,True,0.5,1.0,0.8164635377177825,0.0,1.0,1.0,0.25342990369120466
29,9b09b277214d5623,True,1.0,1.0,1.0,1.0,1.0,0.5,1.0
30,7d71a7025fde56f3,True,1.0,1.0,0.7051121745139898,1.0,1.0,1.0,0.8771300727141624
31,e96035d0292956f1,True,1.0,1.0,1.0,1.0,1.0,0.0,1.0
32,0a0d98c22d765e1e,True,1.0,1.0,0.8484409126744369,1.0,1.0,1.0,0.9368503802810153
33,94c7ef641e1c5dd7,True,1.0,1.0,0.8208912061807848,1.0,1.0,1.0,0.9253713359086603
34,b1a1b2a18fa4504f,True,1.0,1.0,0.7310633261854103,1.0,1.0,1.0,0.8879430525772541
35,330166def5a35f4d,True,1.0,1.0,1.0,1.0,1.0,1.0,1.0
36,2e34ba0896d75c28,True,1.0,1.0,0.8315439471356038,1.0,1.0,1.0,0.9298099779731682
37,3ff5c9a5bd155bb2,True,1.0,1.0,1.0,1.0,1.0,1.0,1.0
38,49e3bfda06d45f7e,True,1.0,1.0,0.7917549305484424,1.0,1.0,1.0,0.9132312210618511
39,3f67051b121a5e43,True,1.0,1.0,0.8060825698248165,1.0,1.0,1.0,0.9192010707603403
40,b2f336de7d295a8b,True,1.0,1.0,0.6353799512907622,1.0,1.0,1.0,0.8480749797044842
41,d02fff0452445952,True,1.0,1.0,0.5526134222485726,1.0,1.0,1.0,0.8135889259369052
42,f0f77f6f5cb4562c,True,1.0,1.0,1.0,0.0,1.0,1.0,0.5833333333333334
43,0c625b3536f2553d,True,1.0,1.0,0.691848193891855,1.0,1.0,1.0,0.8716034141216062
44,3fb1b622b5e155cc,True,1.0,1.0,1.0,1.0,1.0,1.0,1.0
45,250be1db1d67582c,True,1.0,1.0,1.0,1.0,1.0,1.0,1.0
46,d24706485f0452eb,True,1.0,1.0,0.6845713523261209,1.0,1.0,1.0,0.8685713968025505
47,d89b0ef5c58b5621,True,1.0,1.0,1.0,1.0,1.0,1.0,1.0
48,16b6a51da6515191,True,1.0,1.0,0.5168651414277513,1.0,1.0,1.0,0.7986938089282297
49,7ac633604a3c572d,True,1.0,1.0,1.0,1.0,1.0,1.0,1.0
50,d3fe95784a34578f,True,1.0,1.0,0.8368856262427036,1.0,1.0,1.0,0.9320356776011266
51,7b5a966f89f35abe,True,1.0,1.0,0.7096190993024857,1.0,1.0,1.0,0.8790079580427023
52,12c3a7aea386584b,True,1.0,1.0,1.0,0.0,1.0,1.0,0.5833333333333334
53,513a97511d135ebd,True,1.0,1.0,0.6951501250497795,1.0,1.0,1.0,0.8729792187707415
54,294335a3e5e45496,True,1.0,1.0,1.0,1.0,1.0,1.0,1.0
55,64f5ed7f37905836,True,1.0,1.0,0.6667964760682118,1.0,1.0,1.0,0.8611651983617549
56,2e6b78be8c9e5e0c,True,1.0,1.0,1.0,1.0,1.0,1.0,1.0
57,ed98d12e4c99536d,True,1.0,1.0,1.0,1.0,1.0,0.5,1.0
58,d6f52d0bbaf5523c,True,1.0,1.0,0.7505974672702919,1.0,1.0,1.0,0.8960822780292883
59,da026eb9dcf75339,True,1.0,1.0,0.5072732951526845,1.0,1.0,1.0,0.7946972063136185
60,b3f47592bf415aa3,True,1.0,1.0,1.0,1.0,1.0,1.0,1.0
61,7e8b3ed18d295d9c,True,1.0,1.0,0.9816172171549641,1.0,1.0,1.0,0.9923405071479016
62,b989e46aae3a5332,True,1.0,1.0,1.0,1.0,1.0,1.0,1.0
63,f7c57baf089e561b,True,1.0,1.0,1.0,1.0,1.0,1.0,1.0
64,9efa05c9731a51d8,True,1.0,0.0,0.0,1.0,1.0,1.0,0.0
65,f6082f18c392582f,True,1.0,1.0,1.0,1.0,1.0,0.5,1.0
66,36419e8c59275f61,True,1.0,0.0,0.0,1.0,1.0,1.0,0.0
67,d5085a26c5915a49,True,1.0,1.0,0.679964267004502,1.0,1.0,1.0,0.8666517779185425
68,c26281cfd29f5c15,True,1.0,1.0,1.0,1.0,1.0,1.0,1.0
69,b899b71cf6c95ff2,True,1.0,0.0,0.0,1.0,1.0,1.0,0.0
70,5a37ffc78c1e5782,True,1.0,1.0,0.43467254934716193,1.0,1.0,1.0,0.7644468955613175
71,ad568870afa55435,True,1.0,1.0,1.0,1.0,1.0,1.0,1.0
72,2b40b4ee692d52a4,True,1.0,1.0,0.607380168059484,1.0,1.0,1.0,0.8364084033581184
73,16e4bd114af157a4,True,1.0,1.0,1.0,1.0,1.0,1.0,1.0
74,20024f7ea9635ed8,True,1.0,1.0,1.0,1.0,1.0,1.0,1.0
75,0be1a98f7d1f5fce,True,1.0,1.0,1.0,1.0,1.0,1.0,1.0
76,26ca3d6741065921,True,1.0,1.0,0.9684409820841089,1.0,1.0,1.0,0.9868504092017121
77,f252e2d96f805926,True,1.0,1.0,1.0,1.0,1.0,1.0,1.0
78,8869a2f03bbd5570,True,1.0,1.0,1.0,1.0,1.0,1.0,1.0
79,9bdda55e20a15705,True,1.0,1.0,0.7293061142389851,1.0,1.0,1.0,0.8872108809329106
80,b9400f20792f5936,True,1.0,1.0,0.8540277054948829,1.0,1.0,1.0,0.939178210622868
81,759441833751576b,True,1.0,1.0,1.0,1.0,1.0,1.0,1.0
82,c80bc7cdeb5e50f0,True,1.0,1.0,0.7087827282192334,1.0,1.0,1.0,0.8786594700913474
83,29051d7805db50d0,True,1.0,1.0,0.7966848268839375,1.0,1.0,1.0,0.9152853445349739
84,58b96e6ca9a95ff4,True,1.0,1.0,0.5181905394637356,1.0,1.0,1.0,0.7992460581098898
85,1cbccb79dbe058a6,True,1.0,1.0,0.44229307350297625,1.0,1.0,1.0,0.7676221139595735
86,9337165de94b5a40,True,1.0,1.0,1.0,1.0,1.0,1.0,1.0
87,ed3e5181549254bc,True,1.0,1.0,0.9289328616496237,1.0,1.0,1.0,0.9703886923540099
88,24817ec41ccb5f01,True,1.0,1.0,0.7040612844303145,1.0,1.0,1.0,0.8766922018459643
89,130e977c13995170,True,1.0,1.0,1.0,1.0,1.0,1.0,1.0
90,87b8587f94c5549a,True,1.0,1.0,1.0,1.0,1.0,1.0,1.0
91,3c4e1784d9295821,True,1.0,1.0,0.7089845593573759,1.0,1.0,1.0,0.8787435663989066
92,65130561cbfb567a,True,1.0,1.0,0.7114799942982705,1.0,1.0,1.0,0.8797833309576127
93,88126672803f56a3,True,1.0,1.0,0.7336960885900128,1.0,1.0,1.0,0.8890400369125052
94,ea1b4fddc18d51bf,True,1.0,1.0,0.8622408758794005,1.0,1.0,1.0,0.9426003649497502
95,7335659408525112,True,1.0,1.0,0.7937263073289085,1.0,1.0,1.0,0.9140526280537119
96,690cbb033f3750c7,True,1.0,1.0,1.0,1.0,1.0,1.0,1.0
97,ee7a9468bd475205,True,1.0,1.0,0.935982871267931,1.0,1.0,1.0,0.9733261963616379
98,303d9d8e1bbf5053,True,1.0,1.0,1.0,1.0,1.0,1.0,1.0
99,2696e377ac3e579b,True,1.0,1.0,0.824722618419067,1.0,1.0,1.0,0.9269677576746113
100,27c0f4e2b49b5c08,True,1.0,1.0,0.6196279922234026,1.0,1.0,1.0,0.8415116634264178
101,52761f4f68355373,True,1.0,1.0,0.8324238440132152,1.0,1.0,1.0,0.930176601672173
102,fd30ed65f94d51b2,True,1.0,0.0,0.0,1.0,1.0,1.0,0.0
103,7e6d49b500545236,True,1.0,1.0,1.0,0.0,1.0,1.0,0.5833333333333334
104,3e5647cd8d1a50c2,True,1.0,1.0,0.6698837790476704,1.0,1.0,1.0,0.8624515746031959
105,4c3718ea056c5656,True,1.0,1.0,0.9258629129247227,1.0,1.0,0.5,0.9691095470519677
106,d258d4d9b2235df6,True,1.0,1.0,0.766669836820513,1.0,1.0,1.0,0.9027790986752139
107,b18f4a30eea65702,True,1.0,1.0,0.7899521621295195,1.0,1.0,1.0,0.9124800675539664
108,7c6e9037e7dd5e8c,True,1.0,1.0,0.6736544945703863,1.0,1.0,1.0,0.8640227060709943
109,dd157f14e18f5a1a,True,1.0,1.0,0.9774826216140602,1.0,1.0,1.0,0.9906177590058585
110,3068d16e627b5e69,True,1.0,1.0,0.5681544133647387,1.0,1.0,1.0,0.8200643389019744
111,7fc551e4e0375d00,True,1.0,1.0,0.820939369522953,1.0,1.0,1.0,0.9253914039678971
112,3304abff82cb5f6d,True,1.0,1.0,0.5683387462917688,1.0,1.0,1.0,0.8201411442882369
113,a5ed322a79205030,True,1.0,1.0,1.0,1.0,1.0,1.0,1.0
114,c2a93dd3494b5702,True,1.0,1.0,0.6796551911547573,1.0,1.0,1.0,0.8665229963144823
115,93a4b61a25b0509f,True,1.0,1.0,1.0,1.0,1.0,1.0,1.0
116,2d84ae5e1fa85f94,True,1.0,1.0,0.6630543776670399,0.0,1.0,1.0,0.4429393240279333
117,86fbb46276605d14,True,1.0,1.0,1.0,1.0,1.0,1.0,1.0
118,5fe06174763b5c36,True,1.0,1.0,0.709751581382525,1.0,1.0,1.0,0.8790631589093855
119,c284f9a1803f585f,True,1.0,1.0,1.0,1.0,1.0,1.0,1.0
120,6a87e3be62aa5b5b,True,1.0,1.0,1.0,1.0,1.0,1.0,1.0
121,592f536375e755b6,True,1.0,1.0,0.2654090275238401,1.0,1.0,1.0,0.6939204281349335
122,37d89f35328e55b6,True,1.0,1.0,0.6972375096378001,1.0,1.0,1.0,0.8738489623490834
123,1e15c5256da5549a,True,1.0,1.0,1.0,1.0,1.0,1.0,1.0
124,d6f66c51d98a5db6,True,1.0,1.0,0.7053538993912467,1.0,1.0,1.0,0.8772307914130195
125,ed7d26ad16065f5a,True,1.0,1.0,0.5527406942728749,1.0,1.0,1.0,0.8136419559470313
126,f3f9f7a6f8f15f49,True,1.0,1.0,1.0,1.0,1.0,1.0,1.0
127,701f0be254de56dc,True,1.0,0.0,0.0,0.0,1.0,1.0,0.0
128,a06eec37a0f058b2,True,1.0,1.0,0.8398902621394901,1.0,1.0,1.0,0.9332876092247876
129,d69b6aacdd0459e3,True,1.0,1.0,1.0,1.0,1.0,1.0,1.0
130,f16fe36eef2b5157,True,1.0,1.0,0.9558250362514463,1.0,1.0,1.0,0.9815937651047694
131,40dcc0a979075ffd,True,1.0,1.0,0.6903299158541254,1.0,1.0,1.0,0.8709707982725522
132,345f39f8de925db9,True,1.0,1.0,0.8581442557729201,1.0,1.0,1.0,0.9408934399053833
133,443099f672655d56,True,1.0,1.0,0.4116765204848874,1.0,1.0,1.0,0.7548652168687031
134,223cdeaddc525446,True,1.0,1.0,1.0,1.0,1.0,1.0,1.0
135,44c38912946e580e,True,1.0,1.0,1.0,1.0,1.0,1.0,1.0
136,5655270788dc5fa3,True,1.0,1.0,0.3501816778108429,1.0,1.0,1.0,0.7292423657545178
137,fc4982439fef5cb2,True,1.0,1.0,0.8429999590023511,1.0,1.0,1.0,0.9345833162509797
138,dd9143b12b155b15,True,1.0,1.0,0.6764338043318244,1.0,1.0,1.0,0.8651807518049268
139,aa7cf4712b635bb0,True,1.0,1.0,1.0,1.0,1.0,1.0,1.0
140,1eb0e6e749975996,True,1.0,1.0,0.677326838066029,1.0,1.0,1.0,0.8655528491941787
141,6b2cda5004dc5df9,True,1.0,1.0,1.0,1.0,1.0,1.0,1.0
142,ccf8ef537aa65a7a,True,1.0,1.0,0.9322669458528878,1.0,1.0,1.0,0.97177789410537
143,66225fc71bd35554,True,1.0,1.0,1.0,1.0,1.0,1.0,1.0
144,0e5653822a7a56b3,True,1.0,1.0,0.4779262094003821,1.0,1.0,1.0,0.7824692539168258
145,a312f24a197d530c,True,1.0,0.0,0.0,1.0,1.0,1.0,0.0
146,691a4ca60e745bea,True,1.0,1.0,0.7574045442978482,1.0,1.0,1.0,0.8989185601241033
147,86c622a3ec1255ee,True,1.0,1.0,0.6856091167860815,1.0,1.0,1.0,0.8690037986608673
148,e64d993cb8a75338,True,1.0,1.0,0.7131750947784118,1.0,1.0,1.0,0.8804896228243383
149,7b4ba1d02376503b,True,1.0,1.0,0.7714576085198016,1.0,1.0,1.0,0.9047740035499173
150,1da970c8d7ac55b0,True,1.0,1.0,0.7133955611322369,1.0,1.0,1.0,0.8805814838050988
151,c520f76d99f359f2,True,1.0,1.0,0.8887372863987153,1.0,1.0,1.0,0.9536405359994647
152,655c3f17ee2d5683,True,1.0,0.0,0.0,1.0,1.0,1.0,0.0
153,48b3dd8be2b554b6,True,1.0,1.0,0.9210751664312188,1.0,1.0,1.0,0.9671146526796744
154,3c31377fc8f65160,True,1.0,1.0,0.7559769780958014,1.0,1.0,1.0,0.8983237408732506
155,14b839d065b358d0,True,0.5,1.0,0.7340108762039182,0.0,1.0,1.0,0.2362522658758163
156,db36705ca2645415,True,1.0,1.0,0.6900894772287777,1.0,1.0,1.0,0.8708706155119907
157,23f0187033d658d9,True,1.0,1.0,0.7836163171669405,1.0,1.0,1.0,0.9098401321528918
158,2e5997dafce45eb2,True,1.0,1.0,1.0,1.0,1.0,1.0,1.0
159,43d3d40d9f3b5266,True,1.0,1.0,0.6653098276748014,1.0,1.0,1.0,0.8605457615311672
160,dde59a501b7f5f15,True,1.0,1.0,0.7602481064298239,1.0,1.0,1.0,0.9001033776790933
161,4080e46653b05c94,True,1.0,1.0,0.7205297672947809,1.0,1.0,1.0,0.8835540697061587
162,9d13fadd8afc5833,True,1.0,0.0,0.0,1.0,1.0,1.0,0.0
163,f53ece8c1cb9562c,True,1.0,1.0,1.0,0.0,1.0,1.0,0.5833333333333334
164,61766a0be9165cb7,True,1.0,1.0,0.673895905212718,1.0,1.0,1.0,0.8641232938386324
165,0a99133136835ee9,True,1.0,1.0,1.0,1.0,1.0,1.0,1.0
166,d79874fa9ba4558e,True,1.0,0.0,0.0,1.0,1.0,1.0,0.0
167,f0a6222ab3e55174,True,1.0,1.0,1.0,1.0,1.0,1.0,1.0
168,e343f38ae86a57fd,True,1.0,1.0,1.0,1.0,1.0,1.0,1.0
169,99889a4679b15509,True,1.0,1.0,1.0,1.0,1.0,1.0,1.0
170,46369836a9b654ee,True,1.0,1.0,0.8949972493626142,0.0,1.0,1.0,0.5395821872344225
171,07952d3dbf4550de,True,1.0,1.0,0.9356347644811804,1.0,1.0,1.0,0.9731811518671586
172,bd4dac2ccde55c08,True,1.0,1.0,0.7631440297144931,1.0,1.0,1.0,0.9013100123810388
173,a0c45624aa5251db,True,1.0,1.0,1.0,1.0,1.0,1.0,1.0
174,dd4483f390725319,True,1.0,1.0,0.5637570826861809,1.0,1.0,1.0,0.8182321177859087
175,884826032461520d,True,1.0,1.0,0.5746623383819115,1.0,1.0,1.0,0.8227759743257964
176,597fd00be3675d16,True,1.0,1.0,1.0,1.0,1.0,1.0,1.0
177,bd1e37aab1c7530f,True,1.0,1.0,1.0,0.0,1.0,1.0,0.5833333333333334
178,2b9bb7ffb9cf5da8,True,1.0,1.0,1.0,1.0,1.0,1.0,1.0
179,8ebce152a39f5010,True,1.0,1.0,0.8317060953887649,1.0,1.0,1.0,0.9298775397453186
180,c5b585ddf50d5f1f,True,1.0,1.0,1.0,1.0,1.0,1.0,1.0
181,c06c4ffcf72653a5,True,1.0,1.0,1.0,1.0,1.0,1.0,1.0
182,35bc469fdde35a17,True,1.0,1.0,0.9181684075503099,1.0,1.0,1.0,0.9659035031459625
183,ed7e9a246a01525d,True,1.0,1.0,1.0,0.0,1.0,1.0,0.5833333333333334
184,14d53f85ccc65f23,True,1.0,1.0,0.7255948779009634,1.0,1.0,1.0,0.8856645324587348
185,111485c5e6f458a9,True,1.0,1.0,1.0,1.0,1.0,1.0,1.0
186,a51ed55eaa9c54c9,True,1.0,0.0,0.0,1.0,1.0,1.0,0.0
187,9436b4c35a125beb,True,1.0,1.0,0.7762929397796322,1.0,1.0,1.0,0.90678872490818
188,13ff352834f25320,True,1.0,1.0,0.8654971622993637,1.0,1.0,1.0,0.9439571509580681
189,b7dc33b2e9195867,True,1.0,1.0,0.8156165613173544,1.0,1.0,1.0,0.9231735672155642
190,97080182e9a455b3,True,1.0,1.0,0.45236807251945754,1.0,1.0,1.0,0.7718200302164405
191,f8f7f1ebe2fc5bda,True,1.0,0.0,0.0,1.0,1.0,1.0,0.0
192,d58159872a0d58b7,True,1.0,1.0,0.7870193415111785,1.0,1.0,1.0,0.9112580589629911
193,6e3c7a34388e5ae3,True,1.0,1.0,1.0,1.0,1.0,1.0,1.0
194,6fc2a1e0a7915147,True,1.0,1.0,0.8074352020452175,1.0,1.0,1.0,0.9197646675188406
195,f4fc2446b41e55ba,True,1.0,1.0,0.663902216300616,1.0,1.0,1.0,0.8599592567919233
196,b2bdd6d761035ca4,True,1.0,1.0,0.6566262153333339,1.0,1.0,1.0,0.8569275897222225
197,7b4fca2db9255996,True,1.0,1.0,1.0,1.0,1.0,1.0,1.0
198,2b156c54c8ce5645,True,1.0,1.0,0.64590135517343,1.0,1.0,1.0,0.8524588979889293
199,342f42c4b2855ffb,True,1.0,1.0,0.4925424620751263,1.0,1.0,1.0,0.7885593591979694
200,483042d5dc175e99,True,1.0,1.0,1.0,1.0,1.0,1.0,1.0
201,e66d21ee45e65dac,True,1.0,1.0,0.785871239742163,1.0,1.0,1.0,0.9107796832259013
202,c68a0ad53c105f0d,True,1.0,1.0,0.5146919722209518,1.0,1.0,1.0,0.7977883217587299
203,c8b9b19008605f76,True,1.0,1.0,0.7963494874209521,1.0,1.0,1.0,0.9151456197587301
204,ed7a0f74484d58a8,True,1.0,1.0,1.0,1.0,1.0,1.0,1.0
205,4566a3d9b5e95d9b,True,1.0,0.0,0.0,1.0,1.0,1.0,0.0
206,f01fa850d0455e68,True,1.0,1.0,0.6233252026877838,1.0,1.0,1.0,0.8430521677865767
207,64f56e62619850b2,True,1.0,1.0,0.831648357861634,1.0,1.0,1.0,0.9298534824423476
208,9e9baaa455b55c80,True,1.0,1.0,0.759990416271816,1.0,1.0,1.0,0.8999960067799234
209,d5d4f1c1a2f0589e,True,1.0,1.0,0.7556939840432149,1.0,1.0,1.0,0.898205826684673
210,e26d9a5288165f2a,True,1.0,0.0,0.0,1.0,1.0,1.0,0.0
211,b0070f55eda95848,True,1.0,1.0,0.9196835055102754,1.0,1.0,1.0,0.9665347939626147
212,9baabb31eaac5335,True,1.0,1.0,0.697836560150376,1.0,1.0,1.0,0.8740985667293234
213,b8b3f457e7ac5382,True,1.0,1.0,0.9557283278279932,1.0,1.0,1.0,0.9815534699283305
214,e64d11cc39c753ba,True,1.0,0.0,0.0,1.0,1.0,1.0,0.0
215,05d010f73fab576b,True,1.0,1.0,0.5805712335603815,1.0,1.0,1.0,0.8252380139834923
216,6cd6a10cb3595110,True,1.0,1.0,0.780997395649208,1.0,1.0,1.0,0.9087489148538367
217,0577532eba755552,True,1.0,1.0,0.2994053539315093,1.0,1.0,1.0,0.7080855641381288
218,7eb4ec2ae9fe5702,True,1.0,1.0,0.8365180108614534,1.0,1.0,1.0,0.9318825045256056
219,1fb997ffe1de58f8,True,1.0,1.0,0.7152180842321227,1.0,1.0,0.5,0.8813408684300512
220,f23b50abdf445d29,True,1.0,1.0,0.7826748154259238,1.0,1.0,1.0,0.9094478397608016
221,62053f814af95fce,True,1.0,1.0,0.7989296859331078,1.0,1.0,1.0,0.9162207024721282
222,d0afb786443a5659,True,1.0,1.0,0.49324744284641314,1.0,1.0,1.0,0.7888531011860055
223,8b5dd405c14c5249,True,1.0,1.0,0.949850551701553,1.0,1.0,1.0,0.9791043965423137
224,d01b6e67a995589c,True,1.0,1.0,0.6359963025680807,1.0,1.0,1.0,0.8483317927367002
225,e7d6dc36775b52cc,True,1.0,1.0,1.0,1.0,1.0,1.0,1.0
226,0eb7dda83bbe5fb2,True,0.5,1.0,0.7835518547070562,0.0,1.0,1.0,0.24657330306397007
227,dd83ce8b0dec51d2,True,1.0,1.0,1.0,1.0,1.0,1.0,1.0
228,ffd68c5733d35ebc,True,1.0,1.0,0.7064332643914775,1.0,1.0,1.0,0.8776805268297823
229,80793d56acc15d48,True,1.0,1.0,1.0,0.0,1.0,1.0,0.5833333333333334
230,adfdcd3c5a9a5fb9,True,1.0,1.0,0.9983751216222778,1.0,1.0,1.0,0.9993229673426157
231,c3cdc9086b1a55f6,True,1.0,1.0,0.7668955490156333,1.0,1.0,1.0,0.9028731454231805
232,11bf2d4580ab5bc2,True,1.0,1.0,0.8060651892144969,1.0,1.0,1.0,0.9191938288393736
233,097d35208fcb587c,True,1.0,1.0,0.4812523873782669,1.0,1.0,1.0,0.7838551614076112
234,aec02ec2aec85c06,True,1.0,1.0,0.6945473458174489,1.0,1.0,1.0,0.8727280607572704
235,0da520f851415d75,True,1.0,1.0,1.0,1.0,1.0,1.0,1.0
236,e1d83d0f913a5263,True,1.0,1.0,0.5054261174730554,1.0,1.0,1.0,0.7939275489471065
237,dbb9c9811b275fd8,True,1.0,1.0,0.576103499113929,1.0,1.0,1.0,0.823376457964137
238,8a2c1d34f9df5213,True,1.0,1.0,1.0,1.0,1.0,1.0,1.0
239,69bedd73861656f1,True,1.0,1.0,0.5399593716577723,1.0,1.0,1.0,0.8083164048574051
240,2113dcf1e88b598e,True,1.0,1.0,1.0,1.0,1.0,1.0,1.0
241,dde2ef92aa56546b,True,1.0,1.0,0.7385142186679081,1.0,1.0,1.0,0.8910475911116285
242,6404a27bddb85488,True,1.0,1.0,1.0,1.0,1.0,1.0,1.0
243,db723debaec15d81,True,1.0,0.0,0.0,1.0,1.0,1.0,0.0
244,5e2b839cccb95921,True,1.0,1.0,0.9971564851207553,1.0,1.0,1.0,0.998815202133648
245,ac7167da1d1a5342,True,1.0,1.0,1.0,1.0,1.0,1.0,1.0
246,d1ef1e42fa15573d,True,1.0,1.0,0.3242362339931825,1.0,1.0,1.0,0.7184317641638259
247,5177cf8521f05855,True,1.0,1.0,1.0,1.0,1.0,1.0,1.0
248,b6b5f3cc01a05f83,True,1.0,1.0,0.7844851254315249,1.0,1.0,1.0,0.9102021355964687
249,afa0bb26045b5981,True,1.0,1.0,0.5285743942951021,1.0,1.0,1.0,0.8035726642896259
250,59d306aa441a5665,True,1.0,1.0,0.6945941438341217,1.0,1.0,1.0,0.8727475599308839
251,f105b1f7e3a65303,True,1.0,1.0,0.7330633199666078,1.0,1.0,1.0,0.8887763833194199
252,f1f463892f3d5bb7,True,1.0,1.0,0.8084312419007424,1.0,1.0,1.0,0.9201796841253094
253,8e7cc5d34d415b43,True,1.0,1.0,0.5820099797245336,1.0,1.0,1.0,0.825837491551889
254,cd7e4f70ce8e539b,True,1.0,1.0,0.7496414819357358,1.0,1.0,1.0,0.8956839508065566
255,ae1ac5ca165a5b5c,True,1.0,1.0,0.67787709918946,1.0,1.0,1.0,0.865782124662275
256,314e2f70ce905b5e,True,1.0,1.0,1.0,1.0,1.0,1.0,1.0
257,6f81927cafa65005,True,1.0,1.0,0.8874684341072825,1.0,1.0,1.0,0.953111847544701
258,a9c9765a005351b9,True,1.0,1.0,1.0,1.0,1.0,1.0,1.0
259,23beee726a59557a,True,1.0,0.0,0.0,1.0,1.0,1.0,0.0
260,3bb3a8f506bf5980,True,1.0,1.0,1.0,1.0,1.0,1.0,1.0
261,1814002af9f253c6,True,1.0,1.0,0.8744140903505416,1.0,1.0,1.0,0.9476725376460591
262,635faea61539589a,True,1.0,1.0,0.8551123006119002,1.0,1.0,1.0,0.9396301252549585
263,bd76dffbe3065854,True,1.0,1.0,0.49687780536885173,1.0,1.0,1.0,0.7903657522370215
264,fdc43c8424a256ce,True,1.0,1.0,0.6149668568465628,1.0,1.0,1.0,0.8395695236860679
265,f14e7ed78b5d55b4,True,1.0,1.0,0.3435439612817404,1.0,1.0,1.0,0.7264766505340585
266,aa41c7c6037e5950,True,1.0,1.0,0.6658707190492752,1.0,1.0,1.0,0.8607794662705314
267,824944b52b98552b,True,1.0,1.0,0.5421474124577922,1.0,1.0,1.0,0.8092280885240801
268,ef72c411731f5e79,True,1.0,1.0,0.7213918966886396,1.0,1.0,1.0,0.8839132902869332
269,81353cb7d48a5728,True,1.0,1.0,0.7311469127113986,1.0,1.0,1.0,0.8879778802964161
270,99e0c0250e6e54c5,True,1.0,1.0,0.7050240378240219,1.0,1.0,0.5,0.8770933490933425
271,3fca9a087e505470,True,1.0,0.0,0.0,1.0,1.0,1.0,0.0
272,04f8f8b4cf0c52e7,True,1.0,1.0,1.0,1.0,1.0,0.5,1.0
273,77e9812a54d05caf,True,1.0,1.0,1.0,1.0,1.0,0.5,1.0
274,392a50db492b536e,True,1.0,1.0,0.46286579683335516,1.0,1.0,1.0,0.7761940820138981
275,d165c65009785ef9,True,1.0,1.0,0.6898723679601633,1.0,1.0,1.0,0.8707801533167346
276,c77d485da6ce5075,True,1.0,1.0,0.739401832766062,1.0,1.0,1.0,0.8914174303191924
277,b92aaa468aa25958,True,1.0,0.0,0.0,1.0,1.0,1.0,0.0
278,7cf4a1ba9b6054f9,True,1.0,1.0,0.7138521072979516,1.0,1.0,1.0,0.8807717113741464
279,dd16377ecfa45fe0,True,1.0,0.0,0.0,1.0,1.0,1.0,0.0
280,eb92f4cdb4fa54dd,True,1.0,1.0,1.0,1.0,1.0,0.5,1.0
281,fc09376fd45c509a,True,1.0,1.0,0.8046729621801553,1.0,1.0,1.0,0.9186137342417314
282,8e84ecdbb84c5784,True,1.0,0.0,0.0,1.0,1.0,1.0,0.0
283,4d5c4013a6db5819,True,1.0,1.0,1.0,1.0,1.0,1.0,1.0
284,f39952caeb2b5014,True,1.0,1.0,1.0,1.0,1.0,1.0,1.0
285,077031ef7dcb5ab4,True,1.0,1.0,1.0,1.0,1.0,1.0,1.0
286,c4f590c6b7e85691,True,1.0,1.0,0.8597064215220724,1.0,1.0,1.0,0.9415443423008636
287,aff2f948de815a32,True,1.0,1.0,0.6563789284655456,1.0,1.0,1.0,0.8568245535273107
288,e63d13e083695b1f,True,1.0,1.0,0.6625451005056576,1.0,1.0,1.0,0.8593937918773573
289,d56e3d307eb8525a,True,1.0,1.0,1.0,1.0,1.0,1.0,1.0
290,c62dafe55b9d538d,True,1.0,1.0,0.9781336546369662,1.0,1.0,1.0,0.9908890227654026
291,18b121dcc082591e,True,1.0,1.0,1.0,1.0,1.0,1.0,1.0
292,5a468d5e9d955993,True,1.0,1.0,0.9618376314097549,1.0,1.0,1.0,0.9840990130873979
293,4c771d89311d548a,True,0.5,1.0,0.7532285016912718,0.0,1.0,1.0,0.24025593785234825
294,34ac200e359653b5,True,1.0,1.0,0.9684989655274641,1.0,1.0,1.0,0.9868745689697768
295,530176929c015182,True,1.0,1.0,1.0,1.0,1.0,0.5,1.0
296,689abfdd66235378,True,1.0,0.0,0.0,1.0,1.0,1.0,0.0
297,7404939e443458cc,True,1.0,1.0,1.0,1.0,1.0,1.0,1.0
298,6a85f61bdde35d74,True,1.0,1.0,0.8647192449086768,1.0,1.0,1.0,0.9436330187119486
299,b96ea08d168f5a3d,True,1.0,1.0,0.915044728883346,1.0,1.0,1.0,0.964601970368061
300,601c3cce2a215275,True,1.0,1.0,0.7584442910437479,1.0,1.0,1.0,0.899351787934895
301,349b80a3d95e5f6e,True,1.0,1.0,0.7799326385723045,1.0,1.0,1.0,0.9083052660717935
302,3ceb5afc67975881,True,1.0,1.0,0.5117632946201089,1.0,1.0,1.0,0.7965680394250455
303,4ceacfb6be565ab3,True,1.0,1.0,0.7127057396054874,1.0,1.0,1.0,0.880294058168953
304,5a90354cbaa45cc2,True,1.0,1.0,0.53998268931413,1.0,1.0,1.0,0.8083261205475541
305,5816a23cfee25d4e,True,1.0,1.0,1.0,1.0,1.0,1.0,1.0
306,134651c94f73576f,True,1.0,1.0,0.6548325924090811,1.0,1.0,1.0,0.8561802468371171
307,8d5ac1ce6fb75faf,True,1.0,1.0,0.7313595754740219,1.0,1.0,0.5,0.8880664897808425
308,18c781197c445d64,True,1.0,1.0,1.0,1.0,1.0,1.0,1.0
309,a2f75428b992536c,True,1.0,1.0,0.38002073109384366,1.0,1.0,1.0,0.7416753046224348
310,e9bfb4821bfd5801,True,1.0,1.0,1.0,1.0,1.0,1.0,1.0
311,db026a1a1b6f5d3d,True,1.0,1.0,0.8390766345135959,1.0,1.0,1.0,0.9329485977139983
312,b9d45c43c2fd5165,True,1.0,1.0,0.6710894305509952,1.0,1.0,1.0,0.862953929396248
313,41785a426b555ab9,True,1.0,1.0,0.7995494957191301,1.0,1.0,1.0,0.9164789565496375
314,88b49de4eea35896,True,1.0,1.0,0.7538432276522957,1.0,1.0,1.0,0.8974346781884566
315,8208f7794645559d,True,1.0,1.0,1.0,1.0,1.0,1.0,1.0
316,460110d5a345522d,True,1.0,1.0,1.0,1.0,1.0,1.0,1.0
317,a2e2a360029f508f,True,1.0,1.0,0.8804080000532502,1.0,1.0,1.0,0.9501700000221875
318,f16753eac7825480,True,1.0,1.0,1.0,1.0,1.0,1.0,1.0
319,0c38a8ace1f5548e,True,1.0,1.0,0.9413449202061107,1.0,1.0,1.0,0.9755603834192129
320,7868ce187ae55819,True,1.0,1.0,1.0,1.0,1.0,1.0,1.0
321,288ea364ec115f46,True,1.0,1.0,1.0,1.0,1.0,1.0,1.0
322,c38fcc20f071501a,True,1.0,1.0,1.0,1.0,1.0,1.0,1.0
323,ba84537a483f508a,True,1.0,1.0,0.640813837750847,1.0,1.0,1.0,0.850339099062853
324,637b2eb74b0d5144,True,1.0,1.0,0.7287547453007132,1.0,1.0,1.0,0.8869811438752971
325,6548b286c3365867,True,1.0,1.0,0.6626602497415763,1.0,1.0,1.0,0.8594417707256569
326,6154b9589f9553fa,True,1.0,1.0,1.0,1.0,1.0,1.0,1.0
327,0f3c4d7aee1e572c,True,1.0,1.0,0.5424807091504443,1.0,1.0,1.0,0.8093669621460186
328,dbff1141343a5736,True,1.0,1.0,0.9766675974983547,1.0,1.0,1.0,0.9902781656243146
329,766a723ba30f574c,True,1.0,1.0,1.0,1.0,1.0,1.0,1.0
330,1f13bc7f674b5ebe,True,1.0,1.0,1.0,1.0,1.0,1.0,1.0
331,056c6ca971b355b4,True,1.0,1.0,0.7761325356746122,1.0,1.0,1.0,0.9067218898644217
332,88152114a47d5175,True,1.0,1.0,1.0,1.0,1.0,1.0,1.0
333,6d7d043389ac52c5,True,1.0,1.0,0.8291520863234859,1.0,1.0,1.0,0.9288133693014524
334,4a46ef99ddf55b8d,True,1.0,1.0,1.0,1.0,1.0,1.0,1.0
335,6782b9c3686f58f3,True,1.0,1.0,0.4721643532149161,1.0,1.0,1.0,0.7800684805062151
336,566cac9a7c0358ce,True,1.0,1.0,0.611208970843517,1.0,1.0,1.0,0.8380037378514654
337,80ad06a7a2975213,True,1.0,1.0,1.0,1.0,1.0,1.0,1.0
338,c65ad538a2275dd8,True,1.0,1.0,0.7587712717927059,1.0,1.0,0.5,0.8994880299136274
339,66f664c031765c74,True,1.0,1.0,0.711396395562603,1.0,1.0,1.0,0.8797484981510846
340,bcd38d9246695d74,True,1.0,1.0,0.6857787335019333,1.0,1.0,1.0,0.8690744722924721
341,815ff18b70a75b8f,True,1.0,1.0,0.8884368641661174,1.0,1.0,1.0,0.9535153600692157
342,1c5ca85e734859c4,True,1.0,1.0,1.0,1.0,1.0,1.0,1.0
343,4b4a268bee4c5ab5,True,1.0,0.0,0.0,1.0,1.0,1.0,0.0
344,82c9641923725260,True,1.0,1.0,0.9341947793474596,1.0,1.0,1.0,0.9725811580614415
345,cc7707ad6d0d5346,True,1.0,1.0,0.5261921910758964,1.0,1.0,1.0,0.8025800796149568
346,85f25c14e0125133,True,1.0,1.0,0.7507211653817745,1.0,1.0,1.0,0.8961338189090727
347,4f2041f942aa5630,True,1.0,1.0,0.41681424625645164,1.0,1.0,1.0,0.7570059359401883
348,c0fb4281da785582,True,1.0,0.0,0.0,1.0,1.0,1.0,0.0
349,ec921ad4a3d05806,True,1.0,1.0,1.0,1.0,1.0,1.0,1.0
350,e2de3bfda0725acc,True,1.0,1.0,0.6739853094921382,0.0,1.0,1.0,0.4474938789550576
351,24df13e119aa5d5d,True,1.0,1.0,0.8028853057381582,1.0,1.0,1.0,0.9178688773908993
352,3e9b399280e250fc,True,1.0,1.0,0.7596322225019644,1.0,1.0,1.0,0.8998467593758185
353,7bb27993dd475c3d,True,1.0,1.0,1.0,1.0,1.0,1.0,1.0
354,ba4d9a1f0ac15364,True,1.0,1.0,0.7342815875836718,1.0,1.0,1.0,0.8892839948265299
355,26af85cbc2d15e05,True,1.0,1.0,0.9832535225854738,1.0,1.0,1.0,0.9930223010772807
356,e859a9e666c15716,True,1.0,1.0,0.6812474349240104,1.0,1.0,1.0,0.8671864312183377
357,87dcff4c11315e02,True,1.0,1.0,0.7373605647072311,1.0,1.0,1.0,0.8905669019613462
358,69a4cff1f35655ff,True,1.0,1.0,0.3845938187055043,1.0,1.0,1.0,0.7435807577939602
359,11118a8c74d95c5c,True,1.0,1.0,0.8147570607118938,1.0,1.0,1.0,0.922815441963289
360,b0b850e74a1e5bc7,True,1.0,1.0,0.892157664214556,1.0,1.0,1.0,0.9550656934227316
361,37769b4b04c65713,True,1.0,1.0,0.6988197905763143,1.0,1.0,1.0,0.8745082460734643
362,94625815a7b351b5,True,1.0,1.0,0.8060850181232205,1.0,1.0,1.0,0.9192020908846752
363,3fa4c6924d3c55ab,True,1.0,1.0,0.6553766552163314,1.0,1.0,1.0,0.8564069396734714
364,94ec2c53ddbc5dae,True,1.0,1.0,0.6670510428695556,1.0,1.0,1.0,0.8612712678623149
365,d7099c8643c95283,True,1.0,1.0,1.0,1.0,1.0,1.0,1.0
366,5a7f3e30fe075a16,True,1.0,1.0,1.0,1.0,1.0,1.0,1.0
367,4a07defcfe7f57fb,True,1.0,1.0,0.5330166388430435,1.0,1.0,1.0,0.8054235995179347
368,22a3a112a0485c4c,True,1.0,1.0,1.0,1.0,1.0,1.0,1.0
369,a25bc88dbb4f5f72,True,1.0,1.0,0.5829949650875179,1.0,1.0,1.0,0.8262479021197991
370,189b5f98f6e6549c,True,1.0,1.0,0.9951149970291446,1.0,1.0,1.0,0.9979645820954769
371,86c1c1bcec395011,True,1.0,1.0,0.5033023286966037,1.0,1.0,1.0,0.7930426369569182
372,d88fdf29aeed58f5,True,1.0,1.0,0.8526124503994843,1.0,1.0,1.0,0.9385885209997852
373,d12bf3c2e5ab5f74,True,1.0,1.0,0.712266442620353,1.0,1.0,1.0,0.8801110177584803
374,30638699ab8e575c,True,1.0,1.0,1.0,1.0,1.0,1.0,1.0
375,5be861ae85a75b45,True,1.0,1.0,0.6719981090358783,1.0,1.0,1.0,0.863332545431616
376,bf613de6319c5473,True,1.0,1.0,0.7766148745760658,1.0,1.0,1.0,0.9069228644066941
377,f5af09063e125bb2,True,1.0,1.0,0.8632938767612223,1.0,1.0,1.0,0.943039115317176
378,f79916e26eef5b74,True,1.0,1.0,0.9786733768905064,1.0,1.0,1.0,0.9911139070377111
379,7f9f4661a4875959,True,1.0,1.0,0.7920349507277773,1.0,1.0,1.0,0.9133478961365739
380,82531fc4fe8f5a26,True,1.0,1.0,1.0,1.0,1.0,1.0,1.0
381,f465e74f13e652ce,True,1.0,1.0,1.0,1.0,1.0,0.0,1.0
382,829e3a1622565a63,True,1.0,1.0,0.7027616458275189,1.0,1.0,1.0,0.8761506857614663
383,a6862e7424815856,True,1.0,1.0,1.0,1.0,1.0,1.0,1.0
384,0f7a1388a17f5654,True,1.0,1.0,0.7342114190275353,0.0,1.0,1.0,0.47258809126147305
385,a15ed2f3e39c5c0d,True,1.0,1.0,1.0,1.0,1.0,1.0,1.0
0,15b25b99cf2d5965,True,1.0,1.0,0.9393024049176251,1.0,1.0,1.0,0.9747093353823438
1,c8d4707fcc465f8b,True,1.0,1.0,0.8484123586505204,1.0,1.0,1.0,0.9368384827710502
2,ddddd9e7e4925db9,True,1.0,1.0,0.6455334328889144,1.0,1.0,1.0,0.8523055970370477
3,d33c6db306f35ef9,True,1.0,1.0,1.0,1.0,1.0,0.5,1.0
4,14f07c5159ac566b,True,1.0,1.0,0.8084808224401937,1.0,1.0,1.0,0.9202003426834141
5,7bbb4260e163517f,True,1.0,1.0,0.7684116523001367,1.0,1.0,0.5,0.903504855125057
6,f15b772180455c2f,True,1.0,1.0,0.648159298617668,1.0,1.0,1.0,0.8533997077573616
7,78beb0eba954535e,True,0.0,1.0,0.0,0.0,1.0,1.0,0.0
8,e67c2879271350c1,True,1.0,1.0,0.8910213377267638,1.0,1.0,1.0,0.9545922240528183
9,6edc8f2bcb3054be,True,1.0,1.0,0.9873392806502007,1.0,1.0,1.0,0.994724700270917
10,8135a67aa74e586c,True,1.0,1.0,0.8379907960488383,1.0,1.0,1.0,0.9324961650203493
11,7e1cc7d77132505a,True,1.0,1.0,1.0,0.0,1.0,1.0,0.5833333333333334
12,b58f2b3b894a58bb,True,1.0,1.0,0.8975678265572242,1.0,1.0,1.0,0.9573199277321768
13,fc5d32be7f785570,True,1.0,0.0,0.0,1.0,1.0,1.0,0.0
14,f755005e289d5ccd,True,1.0,0.0,0.0,1.0,1.0,1.0,0.0
15,6bea22b0ee0e5929,True,1.0,1.0,0.7538302443975611,1.0,1.0,1.0,0.8974292684989837
16,ec2200402d965ced,True,1.0,1.0,1.0,1.0,1.0,1.0,1.0
17,f2d7208949535747,True,1.0,1.0,0.7781786224152514,1.0,1.0,1.0,0.9075744260063546
18,0d77009a20f25175,True,1.0,1.0,0.9538757861891006,1.0,1.0,1.0,0.9807815775787919
19,583e9cc4115258e4,True,1.0,1.0,1.0,1.0,1.0,0.0,1.0
20,5757a661eb0f54d2,True,1.0,1.0,1.0,1.0,1.0,1.0,1.0
21,1e4df42d4cea5416,True,1.0,1.0,1.0,0.0,1.0,0.5,0.5833333333333334
22,629ad0d696ed5a25,True,1.0,1.0,0.6382307723837178,1.0,1.0,1.0,0.8492628218265491
23,1218b6a218b750d8,True,1.0,1.0,1.0,1.0,1.0,1.0,1.0
24,ae643fddc1195062,True,1.0,1.0,1.0,1.0,1.0,1.0,1.0
25,c5d626fc4b6c5efb,True,1.0,1.0,1.0,1.0,1.0,1.0,1.0
26,6c81fef5b490580a,True,1.0,1.0,0.9347057335460754,1.0,1.0,0.0,0.9727940556441981
27,b4f362c0d9015d07,True,1.0,1.0,0.7928592710552002,1.0,1.0,1.0,0.9136913629396668
28,2f1653c3481b50f1,True,1.0,1.0,1.0,1.0,1.0,1.0,1.0
29,350a93fe67645bf1,True,1.0,1.0,0.7479176566689636,1.0,1.0,1.0,0.894965690278735
30,daa09f8522125950,True,1.0,1.0,1.0,1.0,1.0,1.0,1.0
31,e072351fbbfd5765,True,1.0,1.0,0.5182235855781803,1.0,1.0,1.0,0.7992598273242418
32,645f5f6b94345fc3,True,1.0,0.0,0.0,1.0,1.0,1.0,0.0
33,cd5c67041095597b,True,1.0,1.0,1.0,1.0,1.0,1.0,1.0
34,0df213c579225af6,True,1.0,1.0,0.9636119408063976,1.0,1.0,1.0,0.9848383086693323
35,ba8dead3eb765a14,True,1.0,1.0,0.8305966599711995,1.0,1.0,1.0,0.9294152749879997
36,790a5a0973815ab3,True,1.0,1.0,0.8538830083481408,1.0,1.0,1.0,0.9391179201450587
37,2805fe41d7d9543a,True,1.0,1.0,0.6759019718089452,1.0,1.0,1.0,0.8649591549203938
38,dcb6ca8a732551eb,True,1.0,1.0,0.6672620673928664,1.0,1.0,1.0,0.8613591947470276
39,f3572fcbcd285f1e,True,1.0,1.0,1.0,1.0,1.0,1.0,1.0
40,e85416da86d4567f,True,1.0,1.0,0.7245148662867207,1.0,1.0,1.0,0.8852145276194671
41,fb8f21990ffb52d5,True,1.0,1.0,0.8119515167954634,1.0,1.0,1.0,0.9216464653314431
42,d73cabbfed045bf2,True,1.0,1.0,0.7098321703671623,1.0,1.0,1.0,0.8790967376529842
43,0b4a7c2ba59e5a8c,True,1.0,1.0,0.5771466311290748,1.0,1.0,1.0,0.8238110963037811
44,15dd65ee730d54d4,True,1.0,1.0,0.7977015362731821,1.0,1.0,1.0,0.9157089734471592
45,a998a0d0131f5208,True,1.0,1.0,0.4796600476954673,1.0,1.0,1.0,0.783191686539778
46,21b54e6d58985ae3,True,1.0,1.0,0.9059899110127145,1.0,1.0,1.0,0.960829129588631
47,67a6bdeb096350ec,True,1.0,1.0,0.9133317193081097,1.0,1.0,1.0,0.9638882163783791
48,43458f6eab155322,True,1.0,1.0,0.7241471636415775,1.0,1.0,1.0,0.8850613181839906
49,38d08753fa4651c2,True,1.0,1.0,1.0,1.0,1.0,1.0,1.0
50,61e104b6c5d35dc6,True,1.0,1.0,0.765023905063873,1.0,1.0,1.0,0.9020932937766138
51,ea85208e83eb57b6,True,1.0,1.0,1.0,1.0,1.0,1.0,1.0
52,08b1894421c455ed,True,1.0,1.0,1.0,1.0,1.0,1.0,1.0
53,7d22e4c9e8605ed2,True,1.0,1.0,0.852300405515322,1.0,1.0,1.0,0.938458502298051
54,d9b28b3ee70e57f2,True,1.0,1.0,0.9497630893397794,1.0,1.0,1.0,0.9790679538915747
55,6cb33358dfbc5a84,True,1.0,1.0,0.5892434708378181,1.0,1.0,1.0,0.8288514461824242
56,1dbaa3f0d0345e61,True,1.0,1.0,1.0,1.0,1.0,1.0,1.0
57,d5b21176c2e1526c,True,1.0,1.0,0.7421280641664727,1.0,1.0,1.0,0.8925533600693636
58,4745746f9a555951,True,1.0,1.0,0.8659613341907957,1.0,1.0,1.0,0.9441505559128315
59,36037c6abc0558dc,True,1.0,1.0,0.7555741104965981,1.0,1.0,1.0,0.8981558793735825
60,32e5d7e804c65214,True,1.0,1.0,0.7266381958299156,1.0,1.0,0.5,0.8860992482624649
61,69d75ac905035187,True,1.0,1.0,0.9415515232216567,1.0,1.0,1.0,0.9756464680090237
62,5862cc032cf45893,True,1.0,1.0,0.5500002780487552,1.0,1.0,1.0,0.812500115853648
63,42629decf8ad5328,True,1.0,1.0,1.0,1.0,1.0,1.0,1.0
64,1e80c5febdd25875,True,1.0,1.0,0.9037079256481864,1.0,1.0,1.0,0.959878302353411
65,864977c14b9754eb,True,1.0,1.0,0.9186186004319044,1.0,1.0,1.0,0.9660910835132935
66,ff5c0e17d20351ca,True,1.0,1.0,0.5934602984581991,0.0,1.0,1.0,0.4139417910242496
67,5b1954a42c2455e7,True,1.0,1.0,0.9799261325711013,1.0,1.0,1.0,0.9916358885712923
68,d71f89f4f6e350b8,True,1.0,1.0,0.4198563501097866,1.0,1.0,1.0,0.7582734792124111
69,3f3d9b32f2fa53ef,True,1.0,1.0,1.0,1.0,1.0,1.0,1.0
70,1c8ca8c10d1a5757,True,1.0,1.0,0.6636770715731839,1.0,1.0,1.0,0.8598654464888266
71,6efb5186a9e55a68,True,1.0,1.0,1.0,1.0,1.0,1.0,1.0
72,305d73038ef35efe,True,1.0,1.0,1.0,1.0,1.0,1.0,1.0
73,c5b7c7d45f1d5ac1,True,1.0,1.0,1.0,1.0,1.0,1.0,1.0
74,dd6f3d80501c5026,True,1.0,0.0,0.0,1.0,1.0,1.0,0.0
75,ee9615c4b10d5ec9,True,1.0,1.0,1.0,1.0,1.0,1.0,1.0
76,8a808765078856bf,True,1.0,0.0,0.0,1.0,1.0,1.0,0.0
77,6121050efd515252,True,1.0,1.0,0.8706512562818822,1.0,1.0,1.0,0.9461046901174509
78,c9628d0526bb58c5,True,1.0,1.0,0.7784356098062006,1.0,1.0,1.0,0.9076815040859169
79,58b0a1db2a145780,True,1.0,1.0,1.0,1.0,1.0,1.0,1.0
80,334ddbed40095e07,True,1.0,1.0,0.8833129574987915,1.0,1.0,0.5,0.9513803989578298
81,3eaf6c916382509b,True,1.0,1.0,1.0,1.0,1.0,1.0,1.0
82,40ce7057faae541e,True,1.0,1.0,1.0,0.0,1.0,1.0,0.5833333333333334
83,09a0456056555b0a,True,1.0,1.0,0.8787189154048417,1.0,1.0,1.0,0.9494662147520173
84,6c6a6b002f715d03,True,1.0,1.0,0.9218536674360552,1.0,1.0,1.0,0.9674390280983562
85,a8455a10df085d45,True,1.0,1.0,0.5315617612207392,1.0,1.0,1.0,0.8048174005086413
86,e309a82b568d5669,True,1.0,1.0,1.0,1.0,1.0,1.0,1.0
87,cdab92d3f2d955db,True,1.0,1.0,0.872539119072771,1.0,1.0,1.0,0.9468912996136547
88,cbec1eda814e5065,True,1.0,1.0,1.0,1.0,1.0,1.0,1.0
89,0b046094d70257ed,True,1.0,1.0,1.0,1.0,1.0,1.0,1.0
90,6618e0dc30c95169,True,1.0,1.0,1.0,1.0,1.0,1.0,1.0
91,8a540001f3f0514d,True,1.0,1.0,0.6997301941466578,1.0,1.0,1.0,0.8748875808944407
92,a7a0fe1f804c5fa5,True,1.0,1.0,0.7658140852687102,1.0,1.0,1.0,0.9024225355286292
93,1586b456d978588f,True,1.0,1.0,1.0,1.0,1.0,1.0,1.0
94,8c867708395f5374,True,1.0,1.0,0.9191571007320529,1.0,1.0,1.0,0.9663154586383554
95,8e33b543120b53d5,True,1.0,1.0,0.7693268019913925,1.0,1.0,1.0,0.9038861674964135
96,58a10d0c924050cf,True,1.0,1.0,1.0,0.0,1.0,1.0,0.5833333333333334
97,29d075e26b5156fc,True,1.0,1.0,1.0,1.0,1.0,1.0,1.0
98,9dfb79c738b155b4,True,1.0,1.0,0.81579385707598,1.0,1.0,1.0,0.923247440448325
99,3d1bf2cf5ad151c7,True,1.0,1.0,0.9170513872032517,1.0,1.0,1.0,0.9654380780013548
100,66cd30f395c45537,True,1.0,1.0,0.6927734365585583,1.0,1.0,1.0,0.8719889318993993
101,734ef653644c55b9,True,1.0,1.0,1.0,1.0,1.0,0.0,1.0
102,fb311858e737556d,True,1.0,1.0,0.5098100617195683,1.0,1.0,1.0,0.7957541923831535
103,a8d4a3fc503c5f83,True,1.0,1.0,0.9615941196191535,1.0,1.0,0.5,0.9839975498413139
104,aacc2ed7ba2859c5,True,1.0,1.0,0.7979078370889813,1.0,1.0,1.0,0.9157949321204089
105,e63c18e2bcfa5526,True,1.0,1.0,0.9397950063716388,1.0,1.0,1.0,0.9749145859881828
106,a0b3a3b623235a49,True,1.0,1.0,1.0,1.0,1.0,1.0,1.0
107,b86df9a9f50e525a,True,1.0,1.0,0.6718321710117036,1.0,1.0,1.0,0.8632634045882098
108,bf23bdc36a8050f5,True,1.0,1.0,0.8845019174409925,1.0,1.0,1.0,0.951875798933747
109,24c278846879520f,True,1.0,1.0,0.8179481641467728,1.0,1.0,1.0,0.9241450683944886
110,3d34ef81b357566e,True,1.0,1.0,1.0,0.0,1.0,1.0,0.5833333333333334
111,de16c26b38425a6b,True,1.0,1.0,0.9709652389892202,1.0,1.0,1.0,0.9879021829121751
112,59f118e966905d1e,True,1.0,1.0,1.0,1.0,1.0,1.0,1.0
113,b9182baaae3b5ab2,True,1.0,0.0,0.0,1.0,1.0,1.0,0.0
114,a38cf6735cfc5f54,True,1.0,1.0,0.8355009046002212,1.0,1.0,1.0,0.9314587102500922
115,862378e4a52553be,True,1.0,1.0,0.9086652547930848,1.0,1.0,1.0,0.9619438561637853
116,3a7b323176855920,True,1.0,1.0,0.6516811113183438,1.0,1.0,1.0,0.8548671297159766
117,d32754e8c47e5771,True,1.0,1.0,1.0,1.0,1.0,1.0,1.0
118,d2a2e2498d505b76,True,1.0,1.0,0.8445005231999008,1.0,1.0,1.0,0.9352085513332921
119,314c032aadbd5011,True,1.0,1.0,1.0,1.0,1.0,1.0,1.0
120,65b76ee44ba5521c,True,1.0,1.0,1.0,1.0,1.0,1.0,1.0
121,c672b42254b3556d,True,1.0,1.0,0.5513780185284586,1.0,1.0,1.0,0.8130741743868577
122,8d1b3ba5749b5a76,True,1.0,1.0,0.8589137528770683,1.0,1.0,1.0,0.9412140636987786
123,95c5cd4c17d9594a,True,1.0,1.0,0.8115621185542257,1.0,1.0,1.0,0.9214842160642607
124,79e7ccb136775266,True,1.0,1.0,0.8490379214557336,1.0,1.0,0.0,0.937099133939889
125,4a839f2910c150c6,True,1.0,1.0,1.0,1.0,1.0,1.0,1.0
126,5c883441084d58d7,True,1.0,0.0,0.0,0.0,1.0,0.0,0.0
127,5a2e2da8e6b75138,True,1.0,0.0,0.0,1.0,1.0,1.0,0.0
128,35f13a6de1575fdc,True,1.0,1.0,1.0,1.0,1.0,1.0,1.0
129,aff9661937e85b81,True,1.0,1.0,0.5558318662218144,1.0,1.0,1.0,0.8149299442590893
130,de2c2bde3a615d75,True,1.0,1.0,0.7965167939102207,1.0,1.0,1.0,0.9152153307959253
131,0bf961d076bc5a15,True,0.0,1.0,0.0,0.0,1.0,1.0,0.0
132,a3d10c0a5a835300,True,1.0,1.0,0.635864220464986,1.0,1.0,1.0,0.8482767585270775
133,9e290b24dff55dff,True,0.0,1.0,0.0,0.0,1.0,1.0,0.0
134,c6724cca6a1559a1,True,1.0,1.0,1.0,1.0,1.0,1.0,1.0
135,6688db9c3a425bb6,True,1.0,1.0,0.7690349994511431,1.0,1.0,1.0,0.9037645831046429
136,c65181647b3b5092,True,1.0,0.0,0.0,1.0,1.0,1.0,0.0
137,b1861baea30d54ef,True,1.0,1.0,1.0,1.0,1.0,1.0,1.0
138,b7c6bbad8e3a579b,True,1.0,1.0,0.7788748777713808,1.0,1.0,1.0,0.907864532404742
139,90fa31af769c5e8d,True,1.0,1.0,0.8988645068878678,1.0,1.0,1.0,0.9578602112032782
140,b614d476ea185810,True,1.0,1.0,1.0,1.0,1.0,1.0,1.0
141,2dd890fcd27352c5,True,1.0,0.0,0.0,1.0,1.0,1.0,0.0
142,e966ed2a366b5bcb,True,1.0,1.0,1.0,1.0,1.0,1.0,1.0
143,f470121c6add5665,True,0.0,0.0,0.0,0.0,1.0,1.0,0.0
144,27f3c1e778bf5748,True,1.0,1.0,0.934668360396232,1.0,1.0,1.0,0.97277848349843
145,562e11865ef75220,True,1.0,1.0,0.8483543409383784,1.0,1.0,1.0,0.9368143087243244
146,820e9a9314405b62,True,1.0,1.0,1.0,1.0,1.0,1.0,1.0
147,9f3da1c3d8b85947,True,1.0,1.0,1.0,1.0,1.0,1.0,1.0
148,6e0a467af0205f04,True,1.0,1.0,0.7524194622323382,1.0,1.0,1.0,0.8968414425968075
149,869f688594fc58c1,True,1.0,1.0,0.9699739001151741,0.0,1.0,1.0,0.5708224583813225
150,e443a0e9bbc75c69,True,1.0,1.0,0.7787597564878752,1.0,1.0,1.0,0.9078165652032814
151,54d86279a0015154,True,1.0,1.0,1.0,1.0,1.0,1.0,1.0
152,d5fbd3df4a505559,True,1.0,1.0,1.0,1.0,1.0,1.0,1.0
153,d3dcb57d3c385f19,True,1.0,1.0,0.5374742761395931,1.0,1.0,1.0,0.807280948391497
154,1139adeebbbe5d34,True,1.0,1.0,1.0,1.0,1.0,1.0,1.0
155,e631898f3f38551c,True,1.0,1.0,0.9697631247940895,1.0,1.0,1.0,0.9874013019975374
156,4909b88b347c5764,True,1.0,0.0,0.0,1.0,1.0,1.0,0.0
157,1290e3066cbc5397,True,1.0,1.0,1.0,1.0,1.0,1.0,1.0
158,e360cb69b8a55a47,True,1.0,1.0,0.7867189841805838,1.0,1.0,1.0,0.9111329100752433
159,9de4d5414a4a50c4,True,1.0,1.0,0.9495818203648704,1.0,1.0,1.0,0.9789924251520293
160,21fb4d702ea85f63,True,1.0,1.0,0.8264983064551309,1.0,1.0,1.0,0.9277076276896379
161,26f3ef1a426f57be,True,1.0,1.0,1.0,1.0,1.0,1.0,1.0
162,68b2ef4a0f9d505e,True,1.0,1.0,1.0,1.0,1.0,1.0,1.0
163,7aed9edff97256c0,True,1.0,0.0,0.0,1.0,1.0,1.0,0.0
164,572e6c81e32958f2,True,1.0,1.0,0.3714734959957132,1.0,1.0,1.0,0.7381139566648806
165,f7a474593242588b,True,1.0,1.0,0.8296611964349849,1.0,1.0,1.0,0.929025498514577
166,7c8dfd86366157b2,True,1.0,1.0,0.6042933935339573,1.0,1.0,0.5,0.8351222473058155
167,5f402207dd7d5977,True,1.0,1.0,0.36027279416503144,1.0,1.0,1.0,0.7334469975687631
168,717d8be0b970524e,True,1.0,1.0,1.0,1.0,1.0,1.0,1.0
169,354ac12e8832565a,True,1.0,1.0,0.8657925644602471,1.0,1.0,1.0,0.9440802351917696
170,2360cd7b0fd85480,True,1.0,1.0,1.0,1.0,1.0,1.0,1.0
171,680c8d90658556da,True,1.0,0.0,0.0,1.0,1.0,0.5,0.0
172,81e5ddc060675e0b,True,1.0,1.0,0.829609070206589,1.0,1.0,1.0,0.9290037792527454
173,e43d7861387c59f2,True,1.0,1.0,0.9543995655761056,1.0,1.0,1.0,0.9809998189900441
174,a67c6744e6c45edb,True,1.0,1.0,0.5315507203955491,1.0,1.0,1.0,0.8048128001648122
175,cb02d1e1315a5e67,True,1.0,1.0,0.6221228407425824,1.0,1.0,1.0,0.8425511836427426
176,3166dd05c45f59e8,True,1.0,1.0,1.0,1.0,1.0,1.0,1.0
177,da56fca2caff52e4,True,1.0,0.0,0.0,0.0,1.0,1.0,0.0
178,784c48e2a44c5036,True,1.0,1.0,0.938115683461535,1.0,1.0,1.0,0.974214868108973
179,c844ccab55295a05,True,1.0,1.0,0.540123071553649,1.0,1.0,1.0,0.8083846131473539
180,582d1109ddf75e76,True,1.0,1.0,0.9175029081804472,0.0,1.0,1.0,0.5489595450751864
181,89fcf773eb5d514e,True,1.0,1.0,0.7420905822296439,1.0,1.0,0.5,0.892537742595685
182,65871def84015af2,True,1.0,1.0,0.9255856883748694,1.0,1.0,1.0,0.9689940368228623
183,597a23643be958dc,True,1.0,1.0,0.7853925581891504,1.0,1.0,1.0,0.9105802325788126
184,84204f2655e4500b,True,1.0,1.0,1.0,1.0,1.0,1.0,1.0
185,7316c116f05d57a5,True,1.0,1.0,1.0,1.0,1.0,1.0,1.0
186,f8c4bf250c1c512c,True,1.0,1.0,0.9265468207430664,1.0,1.0,1.0,0.9693945086429444
187,227d62f5dfd95624,True,1.0,1.0,0.5842970278122257,1.0,1.0,1.0,0.8267904282550941
188,d987180f18155985,True,1.0,0.0,0.0,1.0,1.0,1.0,0.0
189,b3c1a2ac292d5e3f,True,1.0,1.0,1.0,1.0,1.0,1.0,1.0
190,d68dba02509b50a3,True,1.0,1.0,0.9099807344665156,1.0,1.0,0.5,0.9624919726943815
191,75bf56ae8b9d5673,True,1.0,1.0,0.8438840293112253,1.0,1.0,1.0,0.9349516788796772
192,3baa70a146f055d2,True,1.0,1.0,0.6749070026439911,1.0,1.0,1.0,0.8645445844349963
193,4384cab8593f505e,True,1.0,1.0,0.6506934841256127,1.0,1.0,1.0,0.8544556183856719
194,45d77984273c5205,True,1.0,1.0,1.0,1.0,1.0,1.0,1.0
195,c928d5d9ddc25082,True,1.0,1.0,1.0,1.0,1.0,1.0,1.0
196,d6b5646287065fa8,True,1.0,1.0,0.6971831531225581,1.0,1.0,1.0,0.8738263138010659
197,76476276b198570d,True,1.0,1.0,0.8557976312344076,1.0,1.0,1.0,0.9399156796810031
198,a566f9d36b5d5921,True,1.0,1.0,0.5296865451542194,1.0,1.0,1.0,0.8040360604809248
199,7aeb6cedbf4353ef,True,1.0,1.0,0.8399557564292971,1.0,1.0,1.0,0.9333148985122071
200,cc7afdc5a1e95b5a,True,1.0,1.0,0.7613512046628322,1.0,1.0,1.0,0.9005630019428468
201,d9560f4ad686510f,True,1.0,1.0,0.48918404991874714,1.0,1.0,1.0,0.7871600207994779
202,23df9e4092425b2b,True,1.0,1.0,1.0,1.0,1.0,1.0,1.0
203,61d847c3a95f5032,True,1.0,1.0,0.7314472859818312,1.0,1.0,1.0,0.888103035825763
204,dae9ebb7c5ff5c6a,True,1.0,1.0,1.0,1.0,1.0,1.0,1.0
205,a1eab14904fc5807,True,0.0,1.0,0.0,0.0,1.0,1.0,0.0
206,f69367f756605199,True,1.0,1.0,1.0,1.0,1.0,1.0,1.0
207,e0cbc7ab694157a5,True,1.0,0.0,0.0,1.0,1.0,1.0,0.0
208,ef41e9c7f99d5d85,True,1.0,1.0,0.7925987911057679,1.0,1.0,1.0,0.9135828296274032
209,c35f0df7bfdb5140,True,1.0,1.0,1.0,1.0,1.0,1.0,1.0
210,fcdcb2e456bf5360,True,1.0,1.0,0.6531727003724215,1.0,1.0,1.0,0.8554886251551755
211,1039e136e6605cfb,True,1.0,1.0,0.6245422337928243,1.0,1.0,1.0,0.8435592640803434
212,961138ed0ca9525b,True,1.0,1.0,0.858041000026796,1.0,1.0,1.0,0.9408504166778316
213,c61d55c28f3b538d,True,1.0,1.0,0.8269622074447345,1.0,1.0,1.0,0.9279009197686393
214,b6765fe7ee17596e,True,1.0,1.0,1.0,1.0,1.0,1.0,1.0
215,a899eed59bf85d84,True,1.0,1.0,0.20653502127725484,1.0,1.0,1.0,0.6693895921988563
216,4588d3bc87cd5a49,True,1.0,1.0,0.7079635666577858,0.0,1.0,1.0,0.46165148610741075
217,51586a8c23a4569a,True,1.0,1.0,0.9421046877184255,1.0,1.0,1.0,0.9758769532160105
218,4a7fd1bd37ed5463,True,1.0,1.0,0.6851864648418377,1.0,1.0,1.0,0.8688276936840991
219,5f09264f730f5366,True,1.0,1.0,1.0,1.0,1.0,1.0,1.0
220,e253ff0b4fd758cc,True,1.0,1.0,1.0,1.0,1.0,1.0,1.0
221,5a7633ce22365440,True,1.0,1.0,0.5714805560866971,1.0,1.0,1.0,0.8214502317027904
222,c30bc48417bf5354,True,1.0,1.0,1.0,1.0,1.0,1.0,1.0
223,bd77aab92bda5261,True,1.0,1.0,0.9183184897580164,1.0,1.0,1.0,0.9659660373991734
224,4c5164f4b17d5581,True,1.0,1.0,1.0,0.0,1.0,1.0,0.5833333333333334
225,abbfc957d5545f53,True,1.0,1.0,0.6855622957201898,1.0,1.0,1.0,0.8689842898834125
226,77072386dfbb5af8,True,1.0,1.0,0.915296547385841,1.0,1.0,0.0,0.9647068947441003
227,9630074ccab7581e,True,1.0,1.0,0.8834743026373122,1.0,1.0,1.0,0.9514476260988801
228,e45572ab63ef5deb,True,1.0,1.0,0.6776454618565478,1.0,1.0,1.0,0.8656856091068948
229,9b7ffde4ab9c53a5,True,1.0,1.0,1.0,1.0,1.0,1.0,1.0
230,fd9dc6fb2e145ef4,True,1.0,1.0,1.0,1.0,1.0,1.0,1.0
231,b72ed3ae0ad551a8,True,1.0,1.0,0.7888164488472588,0.0,1.0,1.0,0.4953401870196911
232,0bcae698fd905226,True,1.0,1.0,1.0,1.0,1.0,1.0,1.0
233,d42e15faa6375e18,True,1.0,1.0,1.0,1.0,1.0,1.0,1.0
234,932938d86cfc5d6f,True,1.0,0.0,0.0,1.0,1.0,0.0,0.0
235,c099ebaef4c251d6,True,1.0,1.0,0.5365043843758772,1.0,1.0,1.0,0.8068768268232822
236,eaba7fd433c45e20,True,1.0,1.0,0.8484491422098808,1.0,1.0,1.0,0.9368538092541169
237,73aaa82bd3bb596c,True,1.0,1.0,1.0,1.0,1.0,1.0,1.0
238,5dea796da1ce5b02,True,1.0,1.0,0.748641894937417,1.0,1.0,1.0,0.8952674562239237
239,66ccc68c8f755683,True,1.0,1.0,1.0,1.0,1.0,0.0,1.0
240,ed8384b107d95d89,True,1.0,1.0,0.8507702743296772,1.0,1.0,0.5,0.9378209476373655
241,148188e5281e53cd,True,1.0,1.0,0.8106921453459256,1.0,1.0,1.0,0.9211217272274691
242,58d69daf413c5d5a,True,1.0,0.0,0.0,0.0,1.0,1.0,0.0
243,5eef9aece027548e,True,1.0,1.0,1.0,1.0,1.0,1.0,1.0
244,d151cc1bccd958d3,True,1.0,1.0,0.7830886383941007,1.0,1.0,1.0,0.909620265997542
245,6dca7faa6d145d77,True,1.0,1.0,1.0,1.0,1.0,1.0,1.0
246,2aa414aa9a9057fb,True,1.0,1.0,0.682863122162879,1.0,1.0,1.0,0.8678596342345329
247,2a10522631ab5a56,True,1.0,1.0,1.0,1.0,1.0,0.5,1.0
248,4d4ed59397825822,True,1.0,1.0,0.8209007139299133,1.0,1.0,1.0,0.9253752974707972
249,cd828def214c571e,True,1.0,1.0,0.9679322244365526,1.0,1.0,1.0,0.9866384268485636
250,e7116a2035205221,True,1.0,1.0,1.0,1.0,1.0,1.0,1.0
251,f9df92352a5f53f2,True,1.0,1.0,1.0,1.0,1.0,1.0,1.0
252,d70c87fa9c59524a,True,1.0,1.0,0.6302485876606956,1.0,1.0,1.0,0.8459369115252898
253,86018dbae1485c1c,True,1.0,1.0,1.0,1.0,1.0,1.0,1.0
254,3f64ff364b585a3b,True,1.0,1.0,0.5806668759400504,1.0,1.0,0.5,0.8252778649750209
255,b8bd18a1ccf45918,True,1.0,1.0,0.9110610742079366,1.0,1.0,1.0,0.9629421142533069
256,7abf60c1594953cf,True,1.0,1.0,0.9480518459500724,1.0,1.0,1.0,0.9783549358125301
257,8562e5f582e251cf,True,1.0,1.0,1.0,1.0,1.0,1.0,1.0
258,134a3394c9b756d9,True,1.0,1.0,0.6555996071898708,1.0,1.0,1.0,0.8564998363291129
259,5ae9a8971a6754f1,True,1.0,1.0,1.0,1.0,1.0,1.0,1.0
260,db5d96563dcb5427,True,1.0,1.0,0.7722510311169699,1.0,1.0,1.0,0.9051045962987375
261,91d37a0aabe95056,True,1.0,0.0,0.0,1.0,1.0,1.0,0.0
262,e801c47d97b95978,True,1.0,1.0,0.982295986368971,1.0,1.0,1.0,0.992623327653738
263,fedeb108feed57c0,True,1.0,1.0,0.663629831319459,1.0,1.0,1.0,0.8598457630497746
264,5027a61161365407,True,1.0,1.0,1.0,0.0,1.0,1.0,0.5833333333333334
265,de64687e89f25285,True,1.0,1.0,0.6198752840374822,1.0,1.0,1.0,0.8416147016822842
266,d1b4625f7363548e,True,1.0,1.0,0.8837278068133643,1.0,1.0,1.0,0.9515532528389018
267,e55bd804e572502a,True,1.0,1.0,0.8661650161283422,1.0,1.0,1.0,0.9442354233868092
268,313a7548b23b5b8f,True,1.0,0.0,0.0,0.0,1.0,0.5,0.0
269,f4eec162c14e5bfa,True,1.0,1.0,1.0,1.0,1.0,1.0,1.0
270,948e3c9e26805b86,True,1.0,1.0,1.0,1.0,1.0,1.0,1.0
271,c9c7f9354f935514,True,1.0,1.0,0.6989163542723215,1.0,1.0,1.0,0.8745484809468006
272,2248832a822755d9,True,1.0,1.0,1.0,1.0,1.0,1.0,1.0
273,39d78cc469d65bf8,True,1.0,1.0,0.6449310773552254,1.0,1.0,1.0,0.8520546155646773
274,06329b33572752d8,True,1.0,1.0,1.0,1.0,1.0,1.0,1.0
275,943cbb2398a150b4,True,1.0,1.0,0.7302821075944095,1.0,1.0,1.0,0.887617544831004
276,744f8d8edaf859fe,True,1.0,1.0,0.648651407803953,1.0,1.0,1.0,0.8536047532516471
277,c9459a7641335bba,True,1.0,1.0,1.0,1.0,1.0,1.0,1.0
278,59c00a21c1315d9b,True,1.0,1.0,1.0,1.0,1.0,1.0,1.0
279,3978c2d5fb6e5f5a,True,1.0,1.0,0.8511305244013759,1.0,1.0,1.0,0.9379710518339066
280,bdad96248e575296,True,1.0,1.0,0.743681991504704,1.0,1.0,1.0,0.8932008297936266
281,af064082155f5dc0,True,1.0,1.0,0.9819781448544953,1.0,1.0,1.0,0.9924908936893729
282,9bb8633f7c0157fb,True,1.0,1.0,0.8645521731327404,1.0,1.0,1.0,0.9435634054719751
283,967b41c4778d5aac,True,1.0,1.0,0.6637928155059913,1.0,1.0,1.0,0.8599136731274964
284,fdf7643412e85c31,True,1.0,1.0,0.9404054886912979,1.0,1.0,1.0,0.9751689536213742
285,6cd97f45067e5bea,True,1.0,1.0,0.8697557996610213,1.0,1.0,1.0,0.9457315831920923
286,fac5b39e58445a31,True,1.0,1.0,1.0,1.0,1.0,1.0,1.0
287,af4a7d40819b5870,True,1.0,1.0,1.0,1.0,1.0,1.0,1.0
288,61d71be9811b5554,True,1.0,0.0,0.0,1.0,1.0,1.0,0.0
289,47bfcc64021a518d,True,1.0,1.0,0.8550066951561586,1.0,1.0,1.0,0.9395861229817327
290,a4525819e5c25936,True,1.0,1.0,1.0,1.0,1.0,1.0,1.0
291,1e4fb3a9572f5e7d,True,1.0,1.0,0.6324895029637435,1.0,1.0,1.0,0.8468706262348932
292,ae06592110305073,True,1.0,1.0,0.4653378108116202,1.0,1.0,1.0,0.777224087838175
293,c40ede27ed35520b,True,1.0,1.0,0.9102773441593229,1.0,1.0,1.0,0.9626155600663845
294,c9ca538cb3235e43,True,1.0,1.0,0.8913858487486821,1.0,1.0,1.0,0.9547441036452842
295,833189ada8fa5ba2,True,1.0,1.0,1.0,1.0,1.0,1.0,1.0
296,ac28e0768c6a5821,True,1.0,1.0,1.0,1.0,1.0,1.0,1.0
297,5233faf7f9935f97,True,1.0,1.0,1.0,1.0,1.0,1.0,1.0
298,396a8c19c4ac58f3,True,1.0,1.0,1.0,1.0,1.0,1.0,1.0
299,d9422fc7065e5b62,True,1.0,1.0,0.6826112640903451,1.0,1.0,1.0,0.8677546933709772
300,28ef9307f6035143,True,0.5,0.0,0.0,0.0,1.0,1.0,0.0
301,3dd0dfc88c6a5de8,True,1.0,0.0,0.0,0.0,1.0,1.0,0.0
302,d1c5fed75ec951fa,True,1.0,1.0,0.5709471377633745,1.0,1.0,1.0,0.8212279740680727
303,e009079e2dc25bbf,True,1.0,1.0,0.7697327062880288,1.0,1.0,1.0,0.9040552942866786
304,c7215f0ccee350f8,True,1.0,1.0,1.0,1.0,1.0,1.0,1.0
305,fa545b09688957b8,True,1.0,1.0,0.8238839299017978,1.0,1.0,1.0,0.9266183041257491
306,ef7fb2d0c7bf52a4,True,1.0,1.0,0.8634098070312162,1.0,1.0,1.0,0.9430874195963401
307,7dc47eb4f41e523d,True,1.0,1.0,1.0,1.0,1.0,1.0,1.0
308,51e74fb3d9945768,True,1.0,1.0,0.8064012419423937,1.0,1.0,1.0,0.9193338508093308
309,a9fb1181686753ec,True,1.0,0.0,0.0,1.0,1.0,1.0,0.0
310,33c05d622bbe59a8,True,0.0,1.0,0.0,0.0,1.0,1.0,0.0
311,47b8a869ffed5965,True,1.0,1.0,1.0,1.0,1.0,1.0,1.0
312,5b4cbfe57b9b524b,True,1.0,1.0,0.6119115779456333,1.0,1.0,1.0,0.8382964908106806
313,0a672fa6dbb95d68,True,1.0,1.0,0.5955543143462904,1.0,1.0,1.0,0.8314809643109543
314,c41d82a41da35d8d,True,1.0,1.0,0.7713807507347954,0.0,1.0,1.0,0.4880753128061648
315,04fbbb5817255f30,True,0.0,1.0,0.0,0.0,1.0,0.5,0.0
316,99213b077bdf516b,True,1.0,1.0,0.5201539851939655,1.0,1.0,1.0,0.8000641604974857
317,afe2240435575a92,True,1.0,1.0,0.7974507974041942,1.0,1.0,1.0,0.9156044989184142
318,babd01c3694d5e18,True,1.0,1.0,0.842186519739485,1.0,1.0,1.0,0.9342443832247854
319,3bd2edbc70605e87,True,1.0,1.0,0.8355559067429356,1.0,1.0,1.0,0.9314816278095565
320,888913e0978f559b,True,1.0,1.0,0.5293293336917047,1.0,1.0,1.0,0.8038872223715435
321,d96d1690e3c05f36,True,1.0,1.0,0.8106321417306034,1.0,1.0,1.0,0.9210967257210848
322,ab505f8775065375,True,1.0,1.0,1.0,1.0,1.0,1.0,1.0
323,8362f66ef1aa51b1,True,1.0,0.0,0.0,1.0,1.0,1.0,0.0
324,85ab290d4e535060,True,1.0,1.0,0.7092541644575783,1.0,1.0,1.0,0.8788559018573242
325,fa919203c245502d,True,1.0,1.0,0.924889736007006,1.0,1.0,1.0,0.9687040566695858
326,938ceea80dd85b62,True,1.0,1.0,0.569294291519467,1.0,1.0,1.0,0.8205392881331113
327,82f70d5f3a11576d,True,1.0,1.0,0.8965131948876326,1.0,1.0,1.0,0.956880497869847
328,ec372e5b0ad7504f,True,1.0,0.0,0.0,0.0,1.0,0.0,0.0
329,784ddfd058865dcb,True,1.0,1.0,0.5792528321309299,0.0,1.0,1.0,0.4080220133878874
330,a2b2c80a9db75f5f,True,1.0,1.0,1.0,1.0,1.0,1.0,1.0
331,90482225be14588c,True,1.0,1.0,0.8492596000857232,1.0,1.0,1.0,0.937191500035718
332,0e6a9b4fe9ec5443,True,1.0,1.0,0.7811418623493059,1.0,1.0,1.0,0.9088091093122109
333,2a2308354f4c5aa2,True,1.0,1.0,0.7305473880003914,1.0,1.0,1.0,0.8877280783334965
334,3b36add3be02517e,True,1.0,1.0,0.8034362365785178,1.0,1.0,1.0,0.9180984319077158
335,1766fa78fd10576e,True,1.0,1.0,1.0,1.0,1.0,1.0,1.0
336,f980b34746d45868,True,1.0,1.0,0.779673683107776,1.0,1.0,1.0,0.9081973679615732
337,bcdaa4a47f925ebb,True,1.0,1.0,1.0,1.0,1.0,1.0,1.0
338,22b526a96ad65c88,True,1.0,1.0,0.6962691639611699,1.0,1.0,1.0,0.8734454849838208
339,1677503060a95d4a,True,1.0,1.0,0.816893182885759,1.0,1.0,1.0,0.9237054928690661
340,5155241fdbbf57b3,True,1.0,1.0,1.0,1.0,1.0,1.0,1.0
341,9fe3ed9455355edb,True,1.0,1.0,0.742281901502648,1.0,1.0,1.0,0.8926174589594367
342,98c050c637ca5909,True,1.0,1.0,0.8421074987150495,1.0,1.0,1.0,0.9342114577979374
343,9551ef5e14315cc0,True,1.0,1.0,0.7649607477249116,1.0,1.0,1.0,0.9020669782187132
344,f038fc7ffdab5bad,True,1.0,1.0,1.0,1.0,1.0,1.0,1.0
345,8a17d8a06b425d2d,True,1.0,1.0,1.0,1.0,1.0,1.0,1.0
346,5503e65e815a58c7,True,1.0,1.0,0.6675400849512176,1.0,1.0,1.0,0.8614750353963406
347,e095e7e21ab65691,True,1.0,1.0,0.7749344775652703,1.0,1.0,1.0,0.9062226989855292
348,9bfae11fe1af5b67,True,1.0,1.0,0.8521196135612167,1.0,1.0,1.0,0.9383831723171735
349,5d68b0c80cab59c4,True,1.0,1.0,0.9098983813504968,1.0,1.0,1.0,0.9624576588960404
350,ff44394af7265df3,True,1.0,0.0,0.0,1.0,1.0,1.0,0.0
351,a924bf802fe25fa6,True,1.0,1.0,0.6432682707535969,1.0,1.0,1.0,0.8513617794806653
352,bc089c23e7f95250,True,1.0,1.0,0.6993371229708548,1.0,1.0,1.0,0.8747238012378561
353,9db7131f4c8d57dd,True,1.0,0.0,0.0,1.0,1.0,1.0,0.0
354,6fc4fc2702305dfa,True,1.0,1.0,1.0,1.0,1.0,1.0,1.0
355,e463ad284c0d595c,True,1.0,1.0,0.581754900100325,1.0,1.0,1.0,0.8257312083751355
356,52fb49766a14554c,True,1.0,1.0,1.0,1.0,1.0,1.0,1.0
357,d81e608168615b51,True,1.0,1.0,1.0,1.0,1.0,1.0,1.0
358,702cb8df08c15df6,True,1.0,1.0,0.9577768436621534,1.0,1.0,1.0,0.9824070181925638
359,54bf100910bc5b10,True,1.0,1.0,1.0,1.0,1.0,1.0,1.0
360,ad898232cb525d5f,True,1.0,1.0,0.8722549065426843,1.0,1.0,1.0,0.9467728777261185
361,eed4abcb01455af9,True,1.0,1.0,1.0,1.0,1.0,1.0,1.0
362,7767ce3fbd5f5f50,True,1.0,1.0,0.7354703731109163,1.0,1.0,1.0,0.8897793221295484
363,c4fd814210875a8e,True,1.0,1.0,1.0,1.0,1.0,1.0,1.0
364,5d3573d6da7952d3,True,1.0,0.0,0.0,1.0,1.0,1.0,0.0
365,774006a654915196,True,1.0,1.0,0.8522814186701205,1.0,1.0,1.0,0.9384505911125501
366,eb7ed87b4ef65273,True,1.0,1.0,1.0,1.0,1.0,1.0,1.0
367,27e100e5fd605194,True,1.0,1.0,0.7439157807332741,1.0,1.0,1.0,0.8932982419721975
368,7758c231f45d51de,True,1.0,1.0,0.8123317606040541,1.0,1.0,1.0,0.9218049002516892
369,a549496e4b835d1b,True,1.0,1.0,0.9906785017928066,1.0,1.0,1.0,0.9961160424136694
370,7eaba7fa332d55cd,True,1.0,1.0,0.8247358767835482,1.0,1.0,1.0,0.9269732819931451
371,0f8e3ba3d90958d1,True,1.0,1.0,1.0,1.0,1.0,1.0,1.0
372,87a7a9f8aa325467,True,1.0,1.0,1.0,1.0,1.0,1.0,1.0
373,97d06e94283a5a65,True,1.0,1.0,0.7241910266982754,1.0,1.0,1.0,0.8850795944576147
374,93eb75a6d0fc5db4,True,1.0,1.0,0.8383234970588956,1.0,1.0,1.0,0.9326347904412066
375,68513836ad24543b,True,1.0,1.0,1.0,1.0,1.0,1.0,1.0
376,a567ea679ba056ce,True,1.0,1.0,0.53364848822336,1.0,1.0,1.0,0.8056868700930666
377,4d7462e08df954a1,True,1.0,1.0,1.0,1.0,1.0,1.0,1.0
378,f8ec4186e4f15c8f,True,1.0,1.0,1.0,1.0,1.0,1.0,1.0
379,78cfb731b49c5aed,True,1.0,1.0,0.8703547683738241,0.0,1.0,1.0,0.5293144868224268
380,6e5a14ce293c5ae8,True,1.0,1.0,1.0,1.0,1.0,1.0,1.0
381,6743ebcc6f5259b8,True,1.0,1.0,0.6091737562164978,1.0,1.0,1.0,0.8371557317568742
382,1b301e5f9ede59d7,True,1.0,1.0,0.9439815593527435,1.0,1.0,1.0,0.9766589830636431
383,b60ecc0b221751d7,True,1.0,1.0,1.0,1.0,1.0,1.0,1.0
384,c0c3f6eb7f445755,True,1.0,1.0,0.6838284430759349,1.0,1.0,1.0,0.8682618512816397
385,69b32d0447ac5c28,True,1.0,1.0,1.0,1.0,1.0,1.0,1.0
386,75f36091b3ec57e5,True,1.0,1.0,1.0,0.0,1.0,1.0,0.5833333333333334
387,7155820d49975164,True,1.0,1.0,1.0,1.0,1.0,1.0,1.0
388,d870256a3b185659,True,1.0,1.0,0.8784528968634446,1.0,1.0,1.0,0.949355373693102
389,42a20478abeb54d5,True,1.0,0.0,0.0,1.0,1.0,0.0,0.0
390,fb54b190735e579f,True,1.0,1.0,1.0,0.0,1.0,1.0,0.5833333333333334
391,c6281b21b9015448,True,1.0,1.0,0.48970614199837703,1.0,1.0,1.0,0.7873775591659905
392,91496ec9ca5f5d5f,True,1.0,1.0,0.6894789409722456,1.0,1.0,1.0,0.8706162254051023
393,8551466c8066505e,True,1.0,1.0,0.8033804847341237,1.0,1.0,1.0,0.9180752019725515
394,4e1193a7697853ba,True,1.0,1.0,0.9383420638972408,1.0,1.0,1.0,0.9743091932905171
395,c4d87486264d508a,True,1.0,1.0,0.7855561579978411,1.0,1.0,1.0,0.9106483991657671
396,d1e9fac71909545f,True,1.0,1.0,1.0,1.0,1.0,1.0,1.0
397,dd23e66ff660575e,True,1.0,1.0,0.6117219059442817,1.0,1.0,1.0,0.8382174608101174
398,22f98151a771573a,True,1.0,1.0,0.6935033566826477,1.0,1.0,1.0,0.8722930652844365
399,d66904f908405550,True,1.0,1.0,1.0,1.0,1.0,1.0,1.0
400,75811dfc02ce59f7,True,1.0,1.0,0.7030424793008632,1.0,1.0,1.0,0.876267699708693
401,e6e4e254f1c55405,True,1.0,1.0,0.6478903602888985,1.0,1.0,1.0,0.8532876501203743
402,7c04e29efc0c5e46,True,1.0,1.0,1.0,1.0,1.0,1.0,1.0
403,3e941f8f03c1512d,True,1.0,1.0,0.7274706445395301,1.0,1.0,1.0,0.886446101891471
404,9696c1f82bc05ffc,True,1.0,1.0,0.8091059671070602,1.0,1.0,1.0,0.9204608196279418
405,2567ec8e92d05eb6,True,1.0,1.0,0.9992587390944297,1.0,1.0,1.0,0.9996911412893458
406,e8e01645fcde5b8e,True,1.0,1.0,0.9391301880892128,1.0,1.0,1.0,0.9746375783705054
407,961cd53fde9a5c3d,True,1.0,1.0,1.0,1.0,1.0,1.0,1.0
408,ccb49e301e40523f,True,1.0,1.0,0.7416216106243335,1.0,1.0,1.0,0.892342337760139
409,55204d7112015beb,True,1.0,1.0,0.6771432501928906,1.0,1.0,1.0,0.8654763542470377
410,e742fc9deaac5321,True,1.0,1.0,0.9054636356510827,1.0,1.0,1.0,0.9606098481879511
411,9a3778686fd058d2,True,1.0,1.0,0.6409615374447485,1.0,1.0,1.0,0.8504006406019785
412,0d6296a5295a5835,True,1.0,1.0,0.5880253810464423,1.0,1.0,1.0,0.828343908769351
413,e5e21bbf8d665374,True,1.0,1.0,1.0,0.0,1.0,1.0,0.5833333333333334
414,b96dd2fae674571c,True,1.0,0.0,0.0,1.0,1.0,1.0,0.0
415,7ccfef5040b359df,True,1.0,1.0,0.9181271056404757,1.0,1.0,1.0,0.9658862940168649
416,4f50d7c22352505e,True,1.0,1.0,0.9958255201195534,1.0,1.0,1.0,0.9982606333831473
417,9b58f5bd4e995a93,True,1.0,1.0,0.739145880924696,1.0,1.0,1.0,0.8913107837186233
418,c65a7b2b6f8c527e,True,1.0,1.0,0.6942956774842847,1.0,1.0,1.0,0.8726231989517853
419,985af967de8f5f3f,True,1.0,1.0,0.7786012744953641,1.0,1.0,1.0,0.907750531039735
420,c2ed826b31065c66,True,1.0,1.0,0.8739582870668386,1.0,1.0,1.0,0.9474826196111827
421,05f9443de2185b91,True,1.0,0.0,0.0,1.0,1.0,1.0,0.0
422,d45dddb7bbfe5914,True,1.0,1.0,0.7250560688773917,1.0,1.0,1.0,0.8854400286989131
423,7a64a496ba815aa8,True,1.0,1.0,0.8507952428767638,1.0,1.0,1.0,0.9378313511986516
424,2f233e4005e05c1e,True,1.0,1.0,0.8978552198288821,1.0,1.0,1.0,0.9574396749287009
425,9ed85925d375504b,True,1.0,1.0,1.0,1.0,1.0,1.0,1.0
426,75151361dbe658bb,True,1.0,1.0,1.0,1.0,1.0,0.5,1.0
427,f9bd532e790f53ea,True,1.0,1.0,0.6485914620249433,1.0,1.0,1.0,0.8535797758437264
428,66dca10d8f315889,True,1.0,0.0,0.0,1.0,1.0,1.0,0.0
429,66a0abcb3eac57df,True,1.0,1.0,0.7065843050849309,1.0,1.0,1.0,0.8777434604520545
430,b4914b3d729357d1,True,1.0,1.0,0.7538036975668553,1.0,1.0,1.0,0.897418207319523
431,131c6cc5af9c58b6,True,1.0,1.0,0.5061526519279598,1.0,1.0,0.5,0.7942302716366498
432,3f265d778b65596b,True,1.0,1.0,1.0,0.0,1.0,1.0,0.5833333333333334
433,24a1c2301c6853f7,True,1.0,1.0,0.5984724849202213,1.0,1.0,1.0,0.8326968687167589
434,c72c3c003bc95aab,True,1.0,0.0,0.0,1.0,1.0,1.0,0.0
435,b1520b6af9705191,True,0.0,1.0,0.0,0.0,1.0,1.0,0.0
436,cdf234c4f4c35156,True,1.0,0.0,0.0,1.0,1.0,1.0,0.0
437,31ac916bb888562a,True,1.0,0.0,0.0,1.0,1.0,1.0,0.0
438,70e6b8db27e55b53,True,1.0,1.0,1.0,1.0,1.0,1.0,1.0
439,d6a60e406ebc5b01,True,1.0,1.0,0.6365471935640065,1.0,1.0,1.0,0.8485613306516694
440,6cec94a1d70c5cf4,True,1.0,0.0,0.0,1.0,1.0,1.0,0.0
441,4668c53b54255008,True,1.0,1.0,0.771916187337755,1.0,1.0,1.0,0.904965078057398
442,9e4febcde4875181,True,1.0,1.0,0.8411073359518381,1.0,1.0,1.0,0.933794723313266
443,22ff5ba619a250b0,True,1.0,1.0,1.0,1.0,1.0,1.0,1.0
444,c9b41d0b992158c6,True,1.0,1.0,0.5194161518443875,1.0,1.0,1.0,0.7997567299351614
445,e62a5092735359ee,True,1.0,0.0,0.0,1.0,1.0,1.0,0.0
446,b867b28707205c0b,True,1.0,1.0,0.610663247144889,1.0,1.0,1.0,0.8377763529770371
447,f72d2f080fe35910,True,1.0,1.0,0.9970138671598855,1.0,1.0,1.0,0.9987557779832855
448,174ac6135bf65de9,True,1.0,1.0,0.8113208168904391,1.0,1.0,1.0,0.9213836737043497
449,bc85f0c7a2305ef5,True,1.0,1.0,0.6279747210888483,1.0,1.0,1.0,0.8449894671203535
450,700237dffc2d5be7,True,1.0,1.0,0.7472980156921372,1.0,1.0,1.0,0.8947075065383906
451,7db790f4d8965df8,True,1.0,0.0,0.0,1.0,1.0,1.0,0.0
452,26b80207f01e593f,True,1.0,1.0,0.9455006624365744,1.0,1.0,1.0,0.977291942681906
453,ef81756601bc569f,True,1.0,1.0,1.0,1.0,1.0,1.0,1.0
454,bd5e1c226cca5d3e,True,1.0,1.0,0.7114117344920372,0.0,1.0,1.0,0.4630882227050155
455,551ce60633b65fd0,True,1.0,1.0,0.7340970889037142,1.0,1.0,1.0,0.8892071203765476
456,9bbaed3bac735053,True,1.0,0.0,0.0,1.0,1.0,1.0,0.0
457,88fb8b083a2d56c7,True,1.0,1.0,1.0,1.0,1.0,1.0,1.0
458,6b6afd7690245e14,True,1.0,1.0,0.8321642208028058,1.0,1.0,1.0,0.9300684253345025
459,7229dee5d2685deb,True,1.0,1.0,0.712220041345117,1.0,1.0,1.0,0.8800916838937987
460,52f0b8a2023656cf,True,1.0,1.0,0.932700241613987,1.0,1.0,1.0,0.9719584340058279
461,eb890bda8eb75f6c,True,1.0,1.0,0.8363018877151354,1.0,1.0,1.0,0.9317924532146398
462,ce567ba416055525,True,1.0,1.0,0.8707436019649974,1.0,1.0,1.0,0.9461431674854156
463,ec78d882433a50ca,True,1.0,1.0,0.8167125675689545,1.0,1.0,1.0,0.9236302364870644
464,d753a5379cc15b69,True,1.0,1.0,0.6094899535416836,1.0,1.0,1.0,0.8372874806423681
465,5e74b6a61b715f47,True,0.0,1.0,0.0,0.0,1.0,0.5,0.0
466,1550976459b45017,True,1.0,1.0,1.0,1.0,1.0,1.0,1.0
467,f93751942d4e5c48,True,1.0,1.0,1.0,1.0,1.0,1.0,1.0
468,84a6ca68a66e536a,True,1.0,1.0,1.0,1.0,1.0,1.0,1.0
469,36ee69ae43b85587,True,1.0,1.0,0.5956494840630573,1.0,1.0,1.0,0.8315206183596072
470,4c9e695fc66c583a,True,1.0,1.0,0.8187250506367252,1.0,1.0,1.0,0.9244687710986356
471,f750e0c7f8375bae,True,1.0,1.0,1.0,1.0,1.0,1.0,1.0
472,1d6b6b43809a50cf,True,1.0,1.0,1.0,1.0,1.0,1.0,1.0
473,d1ba8c31750e5cbd,True,1.0,1.0,0.7872489975334012,1.0,1.0,1.0,0.9113537489722505
474,700cac410af95cc4,True,1.0,1.0,1.0,1.0,1.0,1.0,1.0
475,f4d95a784b725915,True,1.0,1.0,1.0,1.0,1.0,1.0,1.0
476,387bb49da88353dc,True,1.0,1.0,0.8406323076742085,1.0,1.0,1.0,0.9335967948642535
477,1c044069a36c5d4b,True,1.0,1.0,0.6514142047285203,1.0,1.0,1.0,0.8547559186368835
478,ac5bcee811565a00,True,1.0,1.0,0.6191435340552895,1.0,1.0,1.0,0.8413098058563707
479,8abfcd61303b52df,True,1.0,1.0,0.8668175734770721,1.0,1.0,1.0,0.9445073222821133
480,551867c095c35991,True,1.0,1.0,0.8815192163446192,1.0,1.0,1.0,0.950633006810258
481,4d8baa6e638f5cfb,True,1.0,1.0,1.0,1.0,1.0,1.0,1.0
482,d20a475e7b1956bf,True,1.0,1.0,1.0,1.0,1.0,1.0,1.0
483,64a52073ea395752,True,1.0,1.0,0.5965450480416191,1.0,1.0,1.0,0.8318937700173413
484,302d9a7758625a37,True,1.0,1.0,0.9785721833396847,1.0,1.0,1.0,0.991071743058202
485,5b1a620dcd675298,True,1.0,1.0,1.0,1.0,1.0,1.0,1.0
486,80a22559c9565d0a,True,1.0,1.0,0.8276830986906756,1.0,1.0,1.0,0.9282012911211148
487,6b50fb6bf8265936,True,1.0,1.0,0.6495144014669291,1.0,1.0,1.0,0.8539643339445537
488,9326163d4c9c5d16,True,1.0,1.0,1.0,1.0,1.0,0.0,1.0
489,aace7a7aeaf75f2c,True,1.0,1.0,0.8908670903541749,1.0,1.0,1.0,0.9545279543142394
490,cc1862b24d0157bb,True,1.0,1.0,1.0,1.0,1.0,1.0,1.0
491,f51357fd3f59500a,True,1.0,1.0,1.0,1.0,1.0,1.0,1.0
492,21bc638f113e5f63,True,0.0,1.0,0.0,0.0,1.0,1.0,0.0
493,0d8610ae20005e45,True,1.0,1.0,0.5948321207243842,1.0,1.0,0.5,0.8311800503018268
494,192220ae5c0a54a6,True,1.0,1.0,1.0,1.0,1.0,1.0,1.0
495,d4374a032e28535e,True,1.0,1.0,1.0,1.0,1.0,1.0,1.0
496,95ba88fe9c385123,True,1.0,1.0,1.0,1.0,1.0,1.0,1.0
497,ef65f88fc1a55fdc,True,1.0,1.0,0.7864940750584065,1.0,1.0,1.0,0.9110391979410027
498,af5ebe3ccf8f50ed,True,1.0,1.0,0.5638194310374245,1.0,1.0,1.0,0.8182580962655935
499,43c9ac6f2bf95da0,True,1.0,1.0,1.0,1.0,1.0,1.0,1.0
500,ea38508ef0de57c3,True,1.0,1.0,0.6667117279421472,1.0,1.0,1.0,0.8611298866425613
501,b11eb5c328075b94,True,1.0,1.0,0.8334002961164517,1.0,1.0,1.0,0.9305834567151882
502,cda41068b4b65ae0,True,1.0,0.0,0.0,1.0,1.0,1.0,0.0
503,fc9b5914f47e58fe,True,1.0,0.0,0.0,1.0,1.0,1.0,0.0
504,35fb7e0858ae5bc8,True,1.0,1.0,0.5749523629220281,1.0,1.0,0.5,0.8228968178841783
505,bb4f37403cea5b0e,True,1.0,1.0,0.707281105762789,1.0,1.0,1.0,0.8780337940678287
506,ea1302023ad258ff,True,1.0,1.0,0.5936134863178768,1.0,1.0,1.0,0.830672285965782
507,9ab8b2e7de985004,True,1.0,1.0,0.6487165412225498,1.0,1.0,1.0,0.8536318921760624
508,7c7dc37236745d94,True,1.0,1.0,0.9243520283342731,1.0,1.0,1.0,0.9684800118059472
509,f5c9c516bf7a5ce8,True,1.0,1.0,1.0,1.0,1.0,1.0,1.0
510,6b97412307ad5c16,True,1.0,1.0,0.8718489778007331,1.0,1.0,1.0,0.9466037407503055
511,2462c21ce2bb5f2d,True,1.0,1.0,0.5332895567782737,1.0,1.0,1.0,0.8055373153242806
512,77e18238b9d55c97,True,1.0,1.0,0.8799080703479836,1.0,1.0,1.0,0.9499616959783266
513,50613cf56a8d5a38,True,1.0,1.0,0.90036102090959,1.0,1.0,1.0,0.9584837587123292
514,eb5ef679c80959fe,True,1.0,1.0,1.0,1.0,1.0,1.0,1.0
515,5e9e8c31277d5edc,True,1.0,1.0,1.0,1.0,1.0,1.0,1.0
516,589acfd69c38539a,True,1.0,1.0,0.7692030776261802,1.0,1.0,1.0,0.9038346156775751
517,49454db3d9ef54a1,True,1.0,1.0,0.7890145608922375,1.0,1.0,1.0,0.9120894003717656
518,230ab732c0d65fb3,True,1.0,1.0,1.0,1.0,1.0,1.0,1.0
519,0451b850addd591c,True,1.0,1.0,0.6473013596245277,1.0,1.0,1.0,0.8530422331768865
520,28a4a08f11a05407,True,1.0,1.0,0.377352325188079,1.0,1.0,1.0,0.7405634688283662
521,43311faf65e25505,True,1.0,1.0,1.0,1.0,1.0,1.0,1.0
522,a4f4a240e54e56b2,True,1.0,1.0,0.836466912300109,1.0,1.0,1.0,0.9318612134583787
523,69938a4507ba5419,True,1.0,1.0,0.6587427395826421,1.0,1.0,1.0,0.8578094748261008
524,06091e78878d510e,True,1.0,1.0,0.717449067989389,1.0,1.0,1.0,0.8822704449955787
525,0fa4d1e0739659b4,True,1.0,1.0,0.5063493355675888,1.0,1.0,1.0,0.794312223153162
526,5239e2cfe006568b,True,1.0,1.0,0.6756169844194017,1.0,1.0,1.0,0.8648404101747507
527,f35c6a6f6a1157b3,True,1.0,1.0,1.0,1.0,1.0,1.0,1.0
528,67339e7fe4135722,True,1.0,1.0,0.7985658179289958,1.0,1.0,1.0,0.9160690908037482
529,dd282698a1cf543e,True,1.0,1.0,1.0,1.0,1.0,1.0,1.0
530,196cb93444b35dd7,True,1.0,1.0,0.680166566818962,1.0,1.0,1.0,0.8667360695079008
531,4fc373052fb55899,True,1.0,1.0,0.7335421038667402,1.0,1.0,1.0,0.8889758766111417
532,6b7e5348100b5572,True,1.0,1.0,1.0,1.0,1.0,1.0,1.0
533,e46762b07ca45b74,True,1.0,0.0,0.0,1.0,1.0,1.0,0.0
534,b2eba34ff4c359cc,True,1.0,1.0,0.8408143088196474,1.0,1.0,1.0,0.9336726286748531
535,96164ad9ed8557a7,True,1.0,1.0,0.713165453375304,1.0,1.0,1.0,0.8804856055730433
536,50142143082f5c0e,True,1.0,1.0,1.0,1.0,1.0,1.0,1.0
537,76df9fb807c9580a,True,1.0,1.0,0.8628216925832283,1.0,1.0,0.5,0.9428423719096785
538,b04064e074f55bb0,True,1.0,1.0,0.6107500249430423,1.0,1.0,1.0,0.8378125103929343
539,95fa228136aa55d1,True,1.0,1.0,0.6614650759533703,1.0,1.0,1.0,0.8589437816472376
540,f7cef72b285555af,True,1.0,1.0,0.7436038400806924,1.0,1.0,1.0,0.8931682667002884
541,be503a7ef2805c88,True,1.0,1.0,1.0,1.0,1.0,1.0,1.0
542,05987b88b7be5bea,True,1.0,0.0,0.0,1.0,1.0,1.0,0.0
543,059ce9cd10135396,True,1.0,1.0,1.0,0.0,1.0,1.0,0.5833333333333334
544,2620b03dcfcc567b,True,1.0,1.0,0.806255674782254,1.0,1.0,1.0,0.9192731978259392
545,8b8b41a9d00e5e32,True,1.0,1.0,0.6139436202425084,1.0,1.0,1.0,0.8391431751010452
546,35b810aad36b553a,True,1.0,1.0,1.0,1.0,1.0,1.0,1.0
547,247ae110b0c454cb,True,1.0,1.0,1.0,1.0,1.0,1.0,1.0
548,e25ab8d2df785bf3,True,1.0,1.0,0.5645154268882543,1.0,1.0,1.0,0.8185480945367726
549,f860c4879d1c5996,True,1.0,1.0,0.9970723920648619,1.0,1.0,1.0,0.998780163360359
550,92427e4a55475ba6,True,1.0,1.0,0.6322613410547149,1.0,1.0,1.0,0.8467755587727979
551,bc91cb648d525c6c,True,1.0,1.0,1.0,0.0,1.0,1.0,0.5833333333333334
552,92778c3bfcda566d,True,0.0,1.0,0.0,0.0,1.0,0.5,0.0
553,0777f5a7263758be,True,1.0,1.0,0.8999394386291129,1.0,1.0,1.0,0.958308099428797
554,e6077696f29b54ca,True,0.0,1.0,0.0,0.0,1.0,0.5,0.0
555,dadc8dc029e15f0f,True,1.0,1.0,0.7411463248110797,1.0,1.0,1.0,0.8921443020046166
556,95ccb71300195f57,True,1.0,1.0,0.9140551918694698,1.0,1.0,0.0,0.9641896632789457
557,c240593c969a5cfc,True,1.0,1.0,1.0,1.0,1.0,1.0,1.0
558,81ac4c9af9ea5562,True,1.0,1.0,1.0,1.0,1.0,1.0,1.0
559,994ab680895a55d2,True,1.0,1.0,0.7005340682190292,1.0,1.0,1.0,0.8752225284245956
560,613770d7f39051be,True,1.0,1.0,0.8708275526498921,1.0,1.0,1.0,0.9461781469374552
561,34c872c16eb0577c,True,1.0,1.0,1.0,1.0,1.0,1.0,1.0
562,1fe885bcdf8d53de,True,1.0,1.0,0.9078978255549389,1.0,1.0,1.0,0.9616240939812245
563,f1bd1724d07957cc,True,0.0,1.0,0.0,0.0,1.0,0.5,0.0
564,17296f6032025ecc,True,1.0,1.0,0.48427942634369214,1.0,1.0,1.0,0.7851164276432051
565,bebbdf5c01b85cf1,True,1.0,1.0,0.6519079766176159,1.0,1.0,1.0,0.8549616569240066
566,667fff5344295416,True,1.0,1.0,0.6341484887199101,1.0,1.0,1.0,0.8475618702999625
567,1de80c2e4aca5f33,True,1.0,1.0,0.8522764561660581,1.0,1.0,1.0,0.9384485234025242
568,2b052ebbd7ec543b,True,1.0,1.0,0.8969514248212423,1.0,1.0,0.5,0.9570630936755177
270.70869990224827,average,True,0.9825676115998697,0.9387422613229065,0.7703163658856261,0.9400456174649723,0.9996741609644836,0.9679048550016291,0.8433654086759191
