,token,valid,no_at_fault_collisions_stage_one,drivable_area_compliance_stage_one,driving_direction_compliance_stage_one,traffic_light_compliance_stage_one,ego_progress_stage_one,time_to_collision_within_bound_stage_one,lane_keeping_stage_one,history_comfort_stage_one,two_frame_extended_comfort_stage_one,no_at_fault_collisions_stage_two,drivable_area_compliance_stage_two,driving_direction_compliance_stage_two,traffic_light_compliance_stage_two,ego_progress_stage_two,time_to_collision_within_bound_stage_two,lane_keeping_stage_two,history_comfort_stage_two,two_frame_extended_comfort_stage_two,score
0,5f53001e7e2d5347,True,1.0,1.0,1.0,1.0,1.0,1.0,1.0,1.0,1.0,,,,,,,,,,1.0
1,23d647e77f2d515e,True,1.0,1.0,1.0,1.0,0.13303174142928317,1.0,1.0,1.0,1.0,,,,,,,,,,0.729072419196651
2,48fecfd582935aac,True,1.0,1.0,1.0,1.0,0.5707303079325612,1.0,1.0,1.0,1.0,,,,,,,,,,0.8658532212289254
3,63ec67c4a58a5e5b,True,1.0,0.0,0.5,1.0,0.5127057819774955,1.0,0.0,1.0,1.0,,,,,,,,,,0.0
4,bf00c76f25185b83,True,1.0,1.0,1.0,1.0,0.7687171987693189,1.0,1.0,1.0,1.0,,,,,,,,,,0.9277241246154122
5,b031a0b55ab951f8,True,1.0,0.0,0.0,1.0,0.7827539231597131,1.0,0.0,1.0,0.0,,,,,,,,,,0.0
6,197f2dea642850e7,True,1.0,1.0,1.0,1.0,0.6799485384915368,1.0,1.0,1.0,1.0,,,,,,,,,,0.8999839182786052
7,f289e368449b517b,True,1.0,1.0,1.0,1.0,0.5266304042883883,1.0,1.0,1.0,0.0,,,,,,,,,,0.7270720013401213
8,9ef1d618435d5e53,True,1.0,1.0,1.0,1.0,0.7888490157733123,1.0,1.0,1.0,1.0,,,,,,,,,,0.9340153174291601
9,c7a44a2e52bc5e22,True,0.0,0.0,0.0,1.0,0.8997207348301896,0.0,1.0,1.0,0.0,,,,,,,,,,0.0
10,082ea12d7b2355cb,True,0.5,0.0,1.0,1.0,1.0,1.0,1.0,1.0,1.0,,,,,,,,,,0.0
11,131ab0263b07507c,True,0.0,0.0,1.0,1.0,1.0,0.0,1.0,0.0,1.0,,,,,,,,,,0.0
12,622867ce25805447,True,1.0,1.0,1.0,1.0,1.0,1.0,1.0,1.0,1.0,,,,,,,,,,1.0
13,52b2e626eca85976,True,1.0,0.0,1.0,1.0,0.7286300807067926,1.0,1.0,1.0,1.0,,,,,,,,,,0.0
14,bd2b1a4530a1538b,True,1.0,1.0,1.0,1.0,0.7725547395359285,1.0,1.0,1.0,1.0,,,,,,,,,,0.9289233561049777
15,76b708c365e45536,True,1.0,1.0,1.0,1.0,0.5529350749335201,1.0,1.0,1.0,1.0,,,,,,,,,,0.860292210916725
16,8c689c4b2df55539,True,1.0,1.0,1.0,1.0,0.47660894590482067,1.0,1.0,1.0,1.0,,,,,,,,,,0.8364402955952565
17,1b95b6689ee75fab,True,1.0,0.0,0.5,1.0,0.9140502958652426,1.0,1.0,1.0,0.0,,,,,,,,,,0.0
18,6326d00e52115da4,True,1.0,1.0,1.0,1.0,1.0,1.0,1.0,1.0,1.0,,,,,,,,,,1.0
19,75857e1f177b5af4,True,1.0,0.0,1.0,1.0,0.6235383431480663,1.0,1.0,1.0,1.0,,,,,,,,,,0.0
20,3af9cb4d21e15e9e,True,1.0,0.0,1.0,1.0,0.5533806826848714,1.0,1.0,1.0,1.0,,,,,,,,,,0.0
21,ad34e2d0d3865530,True,1.0,1.0,1.0,1.0,0.5692471420447656,1.0,1.0,1.0,1.0,,,,,,,,,,0.8653897318889893
22,2033fff7b44e56db,True,1.0,1.0,1.0,1.0,0.680502308826218,1.0,1.0,1.0,1.0,,,,,,,,,,0.9001569715081932
23,f9a9b5ee707e501e,True,0.0,1.0,0.5,1.0,1.0,0.0,1.0,1.0,1.0,,,,,,,,,,0.0
24,f025b78e77b25fba,True,0.5,0.0,0.0,1.0,0.6757386796594956,0.0,1.0,1.0,1.0,,,,,,,,,,0.0
25,12f2dccfb88957f9,True,1.0,0.0,1.0,0.0,1.0,1.0,1.0,1.0,1.0,,,,,,,,,,0.0
26,fa2c36ce4ba156cb,True,0.0,0.0,0.0,1.0,0.7821160767646546,0.0,0.0,1.0,0.0,,,,,,,,,,0.0
27,aeeba19e19c35ccb,True,1.0,1.0,0.0,1.0,0.8120639130335197,1.0,1.0,1.0,0.0,,,,,,,,,,0.0
28,7b2f3235b4cb5374,True,1.0,0.0,0.5,1.0,0.7178896028568985,1.0,1.0,1.0,1.0,,,,,,,,,,0.0
29,442b2cf63c6f570a,True,1.0,1.0,1.0,1.0,0.6196855110285824,1.0,1.0,1.0,1.0,,,,,,,,,,0.881151722196432
30,635d0bb58aa95282,True,1.0,1.0,1.0,1.0,0.3220136792356696,1.0,1.0,1.0,1.0,,,,,,,,,,0.7881292747611468
31,eed801b1cd035275,True,1.0,1.0,1.0,1.0,1.0,1.0,1.0,1.0,1.0,,,,,,,,,,1.0
32,a7d3e71b8ca456a9,True,0.0,1.0,1.0,1.0,1.0,0.0,1.0,1.0,1.0,,,,,,,,,,0.0
33,67bce1e28df25eaa,True,1.0,1.0,1.0,1.0,1.0,1.0,1.0,1.0,1.0,,,,,,,,,,1.0
34,9191f3f8644d50cb,True,1.0,0.0,1.0,1.0,1.0,1.0,1.0,1.0,1.0,,,,,,,,,,0.0
35,9483fae2cfc352eb,True,1.0,1.0,1.0,1.0,0.4293735139288255,1.0,1.0,1.0,1.0,,,,,,,,,,0.821679223102758
36,f76112c834c25beb,True,1.0,0.0,0.0,1.0,0.7174817305182107,1.0,1.0,1.0,0.0,,,,,,,,,,0.0
37,2352aa62dbbe58d2,True,0.5,0.0,0.5,1.0,0.648554597349557,0.0,1.0,1.0,1.0,,,,,,,,,,0.0
38,83e895f722575452,True,1.0,1.0,1.0,1.0,0.33059060620189984,1.0,1.0,1.0,1.0,,,,,,,,,,0.7908095644380937
39,082988f40658562c,True,1.0,1.0,1.0,1.0,0.39319901688977027,1.0,1.0,1.0,1.0,,,,,,,,,,0.8103746927780532
40,f56b0cc9c9d95421,True,1.0,1.0,1.0,1.0,1.0,1.0,0.0,1.0,1.0,,,,,,,,,,0.875
41,3c34d5d03e8a5bdc,True,1.0,0.0,0.0,1.0,0.9634509671743954,0.0,1.0,1.0,0.0,,,,,,,,,,0.0
42,ac55c7f072c6528d,True,0.5,0.0,1.0,1.0,0.5829878185867674,0.0,1.0,1.0,1.0,,,,,,,,,,0.0
43,3c542be991515ccd,True,1.0,1.0,0.5,1.0,0.8734668484124859,1.0,1.0,1.0,1.0,,,,,,,,,,0.48022919506445094
44,a8a34f54618050f6,True,1.0,0.0,0.5,1.0,0.8483968933120372,1.0,1.0,1.0,1.0,,,,,,,,,,0.0
45,330166def5a35f4d,True,1.0,1.0,1.0,1.0,1.0,1.0,1.0,1.0,0.0,,,,,,,,,,0.875
46,ea31c764f6385f4a,True,1.0,0.0,1.0,1.0,1.0,1.0,0.0,1.0,0.0,,,,,,,,,,0.0
47,bbb5018d017754d0,True,1.0,1.0,1.0,1.0,1.0,1.0,1.0,1.0,1.0,,,,,,,,,,1.0
48,32e5d7e804c65214,True,1.0,1.0,1.0,1.0,0.5075544167464249,1.0,1.0,1.0,1.0,,,,,,,,,,0.8461107552332577
49,69baa41122b45e43,True,0.0,0.0,0.0,1.0,0.7178510513734547,0.0,0.0,1.0,0.0,,,,,,,,,,0.0
50,b2abc819ebf45c11,True,1.0,1.0,1.0,1.0,0.603754511765429,1.0,1.0,1.0,1.0,,,,,,,,,,0.8761732849266965
51,fe8eddd5ec8654cd,True,1.0,0.0,1.0,1.0,0.705339764550579,1.0,0.0,1.0,0.0,,,,,,,,,,0.0
52,d01fec804cd45644,True,1.0,0.0,1.0,1.0,0.7542860379927873,1.0,0.0,1.0,1.0,,,,,,,,,,0.0
53,76c31764665151be,True,1.0,1.0,1.0,1.0,0.4358709883997772,1.0,1.0,1.0,1.0,,,,,,,,,,0.8237096838749304
54,ed3db88f99a05a6c,True,1.0,1.0,1.0,1.0,0.7775658275821241,1.0,1.0,1.0,1.0,,,,,,,,,,0.9304893211194138
55,a47772efd1d758d6,True,1.0,1.0,1.0,1.0,0.7469817590688413,1.0,1.0,1.0,0.0,,,,,,,,,,0.795931799709013
56,ca58b2e039305479,True,1.0,0.0,0.0,1.0,0.8646557778448423,1.0,0.0,1.0,1.0,,,,,,,,,,0.0
57,cef1a4b302b45ad8,True,1.0,0.0,1.0,1.0,0.851157826142829,1.0,1.0,1.0,1.0,,,,,,,,,,0.0
58,a2701552b0f95f7b,True,0.0,1.0,1.0,1.0,1.0,0.0,1.0,1.0,1.0,,,,,,,,,,0.0
59,8d0697930b5e5df0,True,1.0,1.0,1.0,1.0,1.0,1.0,1.0,1.0,1.0,,,,,,,,,,1.0
60,f0b6499b393152be,True,1.0,1.0,1.0,1.0,1.0,1.0,1.0,1.0,0.0,,,,,,,,,,0.875
61,58d40da0cce05d8c,True,1.0,1.0,1.0,1.0,1.0,1.0,1.0,1.0,1.0,,,,,,,,,,1.0
62,de1662269d685ce0,True,1.0,1.0,1.0,1.0,1.0,1.0,1.0,1.0,1.0,,,,,,,,,,1.0
63,e1886e081b945907,True,1.0,1.0,1.0,1.0,0.5789823818757683,1.0,1.0,1.0,1.0,,,,,,,,,,0.8684319943361776
64,f749ff64838c5664,True,1.0,0.0,1.0,1.0,1.0,1.0,1.0,1.0,1.0,,,,,,,,,,0.0
65,f1ca8dd77f205599,True,1.0,1.0,1.0,1.0,0.9044702650170501,1.0,1.0,1.0,0.0,,,,,,,,,,0.8451469578178281
66,deb455f53c805643,True,1.0,1.0,1.0,1.0,0.5400498339406405,1.0,1.0,0.0,0.0,,,,,,,,,,0.6062655731064501
67,b6247a5245a5554f,True,1.0,1.0,1.0,1.0,1.0,0.0,1.0,1.0,1.0,,,,,,,,,,0.6875
68,a59bd481d324594a,True,1.0,0.0,1.0,1.0,0.8016778269712036,1.0,1.0,1.0,1.0,,,,,,,,,,0.0
69,02a81792cbdb5dd5,True,0.0,1.0,0.0,1.0,1.0,1.0,0.0,1.0,0.0,,,,,,,,,,0.0
70,9e9e33077f375062,True,1.0,0.0,1.0,1.0,0.48292390526524565,1.0,1.0,1.0,1.0,,,,,,,,,,0.0
71,a5ddad9bbb505316,True,1.0,1.0,1.0,1.0,0.8575564929021914,1.0,1.0,1.0,1.0,,,,,,,,,,0.9554864040319349
72,70f72122f1605fa1,True,1.0,0.0,1.0,1.0,0.6331044594246762,1.0,1.0,1.0,1.0,,,,,,,,,,0.0
73,2c8a58b94332570d,True,1.0,0.0,1.0,1.0,0.730410683397156,1.0,1.0,1.0,1.0,,,,,,,,,,0.0
74,6e3cf172a2755fae,True,1.0,1.0,1.0,1.0,0.6962978116213491,1.0,1.0,1.0,1.0,,,,,,,,,,0.9050930661316716
75,697882c22eb65ca7,True,0.5,0.0,0.0,1.0,0.6742753119392881,0.0,0.0,1.0,1.0,,,,,,,,,,0.0
76,36419e8c59275f61,True,0.5,0.0,1.0,1.0,1.0,0.0,1.0,1.0,1.0,,,,,,,,,,0.0
77,c340cf7465ab5bbe,True,1.0,0.0,1.0,1.0,0.7224597100297507,1.0,1.0,1.0,1.0,,,,,,,,,,0.0
78,00016f8b45c25a1d,True,0.5,0.0,1.0,1.0,0.9358512181235636,0.0,1.0,1.0,0.0,,,,,,,,,,0.0
79,b9d14f59883a5496,True,0.0,0.0,0.0,1.0,0.7405154994057701,0.0,0.0,1.0,0.0,,,,,,,,,,0.0
80,6e2c6027edb85763,True,1.0,0.0,0.5,1.0,0.9537770385719647,1.0,1.0,1.0,0.0,,,,,,,,,,0.0
81,f2117260382b5d83,True,1.0,1.0,1.0,1.0,0.9175999482219526,1.0,1.0,1.0,1.0,,,,,,,,,,0.9742499838193601
82,e41740b9529753af,True,0.0,0.0,1.0,1.0,1.0,0.0,1.0,1.0,1.0,,,,,,,,,,0.0
83,afcd7846a4f35622,True,1.0,1.0,1.0,1.0,0.8710722072622085,1.0,0.0,1.0,1.0,,,,,,,,,,0.8347100647694401
84,b8d2227c06a351e4,True,1.0,1.0,1.0,1.0,0.130465367379995,1.0,1.0,1.0,1.0,,,,,,,,,,0.7282704273062485
85,5c883441084d58d7,True,1.0,0.0,0.0,1.0,0.0,1.0,0.0,0.0,0.0,,,,,,,,,,0.0
86,e7f8a61d807f5914,True,1.0,0.0,1.0,1.0,1.0,1.0,0.0,1.0,1.0,,,,,,,,,,0.0
87,68097b10029d5fe1,True,0.5,0.0,0.0,1.0,0.8484188873029217,0.0,1.0,1.0,1.0,,,,,,,,,,0.0
88,a43dbb1d34665f24,True,1.0,0.0,1.0,1.0,0.46389246170656845,1.0,1.0,1.0,1.0,,,,,,,,,,0.0
89,16a738813dbe5496,True,1.0,1.0,0.5,1.0,0.6437018482799497,1.0,0.0,1.0,1.0,,,,,,,,,,0.3818284137937421
90,1abf52a927025259,True,1.0,1.0,1.0,1.0,0.9327420629492656,1.0,1.0,1.0,1.0,,,,,,,,,,0.9789818946716455
91,f29d6171f46b551d,True,1.0,0.0,1.0,1.0,1.0,1.0,1.0,1.0,1.0,,,,,,,,,,0.0
92,67debdeae60b5fa4,True,1.0,0.0,1.0,1.0,0.7836307669575003,1.0,1.0,1.0,1.0,,,,,,,,,,0.0
93,d08ae5bc8a435f97,True,1.0,0.0,0.0,1.0,1.0,1.0,1.0,1.0,1.0,,,,,,,,,,0.0
94,352290f8ed8e572e,True,1.0,1.0,1.0,1.0,1.0,1.0,1.0,1.0,1.0,,,,,,,,,,1.0
95,8846d60884435288,True,1.0,1.0,1.0,1.0,0.21405345340037474,1.0,0.0,1.0,1.0,,,,,,,,,,0.6293917041876171
96,529d2e20dc615c3b,True,0.0,1.0,1.0,1.0,1.0,0.0,1.0,1.0,1.0,,,,,,,,,,0.0
97,5c4d8dfcb0aa5541,True,1.0,0.0,1.0,1.0,0.4173697164412218,1.0,1.0,0.0,1.0,,,,,,,,,,0.0
98,223d02be29c65e81,True,1.0,0.0,0.0,1.0,0.9348397426763669,1.0,0.0,1.0,1.0,,,,,,,,,,0.0
99,11d28b80cd0a56d5,True,1.0,0.0,1.0,1.0,0.8046492730003261,1.0,1.0,1.0,1.0,,,,,,,,,,0.0
100,77f11643ced5562a,True,1.0,1.0,1.0,1.0,0.37175234718965633,1.0,1.0,1.0,1.0,,,,,,,,,,0.8036726084967676
101,ecc6da85180a5eee,True,1.0,1.0,0.0,1.0,1.0,1.0,0.0,1.0,1.0,,,,,,,,,,0.0
102,3838eb184c9d5989,True,1.0,1.0,1.0,1.0,0.3411159178172984,1.0,1.0,1.0,1.0,,,,,,,,,,0.7940987243179057
103,112db94505025ec5,True,1.0,1.0,1.0,1.0,1.0,1.0,1.0,1.0,1.0,,,,,,,,,,1.0
104,dddf14378c355c3a,True,1.0,0.0,0.5,1.0,0.9195478538357269,1.0,1.0,1.0,1.0,,,,,,,,,,0.0
105,aee07628c2ab5ce1,True,1.0,1.0,1.0,1.0,0.6681209064893392,1.0,1.0,1.0,1.0,,,,,,,,,,0.8962877832779185
106,599c8b2bc9b252a7,True,0.0,1.0,1.0,1.0,0.595188119572774,0.0,1.0,1.0,0.0,,,,,,,,,,0.0
107,4cac9f6cd85a5b47,True,1.0,0.0,1.0,1.0,0.93472305023139,1.0,1.0,1.0,1.0,,,,,,,,,,0.0
108,59bf40c427da5eb1,True,1.0,1.0,1.0,1.0,0.4863913396466515,1.0,1.0,1.0,1.0,,,,,,,,,,0.8394972936395786
109,1c77ba7488d35c52,True,1.0,0.0,0.0,1.0,0.9818800861819981,1.0,0.0,1.0,0.0,,,,,,,,,,0.0
110,f1bdf7e4e9f5534e,True,1.0,0.0,1.0,1.0,0.8491976268397313,1.0,1.0,1.0,1.0,,,,,,,,,,0.0
111,8d90099a801d5682,True,1.0,0.0,0.5,1.0,1.0,0.0,1.0,1.0,1.0,,,,,,,,,,0.0
112,dd35be6455fe566b,True,1.0,1.0,1.0,1.0,0.21405200649634937,1.0,1.0,1.0,1.0,,,,,,,,,,0.7543912520301091
113,572e6c81e32958f2,True,1.0,1.0,1.0,1.0,0.12392293154766905,1.0,0.0,1.0,1.0,,,,,,,,,,0.6012259161086466
114,3b910accfc12560a,True,1.0,1.0,1.0,1.0,0.6406727098986937,1.0,1.0,1.0,1.0,,,,,,,,,,0.8877102218433418
115,99a98a7ffb075389,True,0.0,1.0,1.0,1.0,1.0,0.0,1.0,1.0,0.0,,,,,,,,,,0.0
116,7a91cd530cac57fc,True,1.0,1.0,1.0,1.0,0.6349592067069423,1.0,1.0,1.0,1.0,,,,,,,,,,0.8859247520959195
117,e9b43b140b1d54bf,True,1.0,0.0,0.5,1.0,1.0,1.0,0.0,1.0,1.0,,,,,,,,,,0.0
118,116aacf9868e5e4e,True,1.0,1.0,1.0,1.0,0.9392977359409196,1.0,1.0,1.0,1.0,,,,,,,,,,0.9810305424815373
119,7d24bd01f77c5d87,True,1.0,0.0,0.5,1.0,0.579384352094024,1.0,0.0,1.0,1.0,,,,,,,,,,0.0
120,3623049267d35a95,True,1.0,1.0,1.0,1.0,0.47054173480111966,1.0,1.0,1.0,1.0,,,,,,,,,,0.8345442921253499
121,2575048779565f0b,True,1.0,0.0,1.0,1.0,0.6769995062237292,1.0,1.0,1.0,1.0,,,,,,,,,,0.0
122,226e6642fbc65bdc,True,1.0,1.0,1.0,1.0,0.916344211801236,1.0,1.0,1.0,1.0,,,,,,,,,,0.9738575661878863
123,680c8d90658556da,True,1.0,0.0,1.0,1.0,0.6308275847893894,1.0,1.0,1.0,1.0,,,,,,,,,,0.0
124,a67c6744e6c45edb,True,1.0,1.0,0.0,1.0,0.76749921402271,1.0,1.0,1.0,1.0,,,,,,,,,,0.0
125,0ce170237acd51c2,True,1.0,0.0,1.0,1.0,1.0,1.0,1.0,1.0,1.0,,,,,,,,,,0.0
126,70d9d518ad0f5382,True,1.0,1.0,1.0,1.0,1.0,1.0,1.0,1.0,1.0,,,,,,,,,,1.0
127,45ebc34cbe405c3e,True,1.0,0.0,0.0,1.0,1.0,1.0,0.0,1.0,1.0,,,,,,,,,,0.0
128,cb02d1e1315a5e67,True,1.0,0.0,0.0,1.0,0.918236451976486,0.0,0.0,0.0,0.0,,,,,,,,,,0.0
129,bd9abb7104dc5408,True,1.0,0.0,1.0,1.0,0.7604491968474391,1.0,1.0,1.0,1.0,,,,,,,,,,0.0
130,029585f0509d52b0,True,1.0,0.0,0.0,1.0,1.0,1.0,1.0,1.0,0.0,,,,,,,,,,0.0
131,02b68b9cc51f506a,True,1.0,0.0,0.5,1.0,0.6549353253012733,1.0,1.0,1.0,1.0,,,,,,,,,,0.0
132,75b6813b1f4556ce,True,1.0,0.0,0.5,1.0,1.0,1.0,1.0,1.0,1.0,,,,,,,,,,0.0
133,da56fca2caff52e4,True,1.0,1.0,1.0,1.0,0.4097692509657283,1.0,1.0,1.0,0.0,,,,,,,,,,0.6905528909267901
134,491a9b7a44225a75,True,1.0,0.0,0.0,1.0,1.0,1.0,0.0,0.0,0.0,,,,,,,,,,0.0
135,452def672c5d592c,True,1.0,0.0,0.0,1.0,1.0,1.0,0.0,1.0,0.0,,,,,,,,,,0.0
136,0dd3256035e75770,True,1.0,1.0,1.0,1.0,0.1568292032200993,1.0,1.0,1.0,1.0,,,,,,,,,,0.736509126006281
137,a97ceb2edd0251f9,True,1.0,1.0,1.0,1.0,1.0,1.0,1.0,1.0,0.0,,,,,,,,,,0.875
138,909655c780e152ac,True,1.0,0.0,1.0,1.0,1.0,1.0,1.0,1.0,1.0,,,,,,,,,,0.0
139,fda0145d54065b7c,True,0.0,1.0,1.0,1.0,1.0,0.0,1.0,1.0,1.0,,,,,,,,,,0.0
140,90ed944de9405835,True,1.0,0.0,0.0,1.0,0.868617208394136,1.0,1.0,1.0,1.0,,,,,,,,,,0.0
141,5d12ad55fdd858e1,True,1.0,0.0,1.0,1.0,0.8609528079957962,1.0,1.0,1.0,1.0,,,,,,,,,,0.0
142,592f536375e755b6,True,1.0,1.0,1.0,1.0,0.14662995936557885,1.0,1.0,1.0,1.0,,,,,,,,,,0.7333218623017435
143,cf50ffa22c81555d,True,1.0,0.0,1.0,1.0,0.8236546346484122,1.0,1.0,1.0,1.0,,,,,,,,,,0.0
144,771c4e378bef58e4,True,1.0,1.0,1.0,1.0,1.0,1.0,1.0,1.0,0.0,,,,,,,,,,0.875
145,4d5a01dea92b5867,True,1.0,0.0,0.5,1.0,0.997517792350736,1.0,0.0,1.0,1.0,,,,,,,,,,0.0
146,1a928640315c5332,True,1.0,0.0,0.0,1.0,0.9901029087080533,1.0,0.0,1.0,1.0,,,,,,,,,,0.0
147,66583dab627951a2,True,1.0,1.0,1.0,1.0,0.6053722695565311,1.0,1.0,1.0,0.0,,,,,,,,,,0.751678834236416
148,36899d67473c5c91,True,1.0,1.0,1.0,1.0,1.0,1.0,1.0,1.0,0.0,,,,,,,,,,0.875
149,abbf1c193ac75f91,True,0.5,0.0,0.5,1.0,1.0,0.0,1.0,1.0,1.0,,,,,,,,,,0.0
150,c1d95d8a3260541c,True,1.0,1.0,1.0,1.0,0.9962182335736901,1.0,1.0,1.0,1.0,,,,,,,,,,0.9988181979917782
151,0e272e003af65a71,True,1.0,1.0,1.0,1.0,0.8248232330189231,1.0,1.0,1.0,1.0,,,,,,,,,,0.9452572603184135
152,75ffe77189e95d43,True,1.0,1.0,0.5,1.0,0.7682033194592536,1.0,1.0,1.0,0.0,,,,,,,,,,0.40128176866550835
153,4fbfc7dc71db50e2,True,1.0,1.0,1.0,1.0,0.8127479948849216,1.0,1.0,1.0,1.0,,,,,,,,,,0.9414837484015379
154,257773cfd41d59d5,True,1.0,1.0,1.0,1.0,0.6786196160324317,1.0,1.0,1.0,1.0,,,,,,,,,,0.8995686300101349
155,e7ae612e880e5d5f,True,1.0,1.0,1.0,1.0,0.9521869810577939,1.0,1.0,1.0,1.0,,,,,,,,,,0.9850584315805606
156,5c838efd36805c92,True,1.0,0.0,0.0,1.0,0.9236762735032589,1.0,0.0,1.0,1.0,,,,,,,,,,0.0
157,d64b2da8ffb65c16,True,0.0,0.0,0.0,1.0,0.7544532124687947,0.0,0.0,1.0,0.0,,,,,,,,,,0.0
158,faa12c2adc7c521f,True,1.0,0.0,1.0,1.0,0.7893807307200543,1.0,1.0,1.0,1.0,,,,,,,,,,0.0
159,fa8c164985255698,True,1.0,1.0,1.0,1.0,0.7274102716224793,1.0,1.0,1.0,1.0,,,,,,,,,,0.9148157098820248
160,eb3912d9717d5177,True,1.0,1.0,1.0,1.0,0.7363436567817764,1.0,1.0,1.0,1.0,,,,,,,,,,0.9176073927443051
161,6b2cda5004dc5df9,True,1.0,0.0,1.0,1.0,1.0,1.0,1.0,1.0,1.0,,,,,,,,,,0.0
162,d142ab856b7653df,True,1.0,0.0,0.0,1.0,0.8652296494330349,1.0,1.0,1.0,1.0,,,,,,,,,,0.0
163,b459c8b7fd2b5aa4,True,1.0,1.0,1.0,1.0,1.0,1.0,1.0,1.0,0.0,,,,,,,,,,0.875
164,12d426c6727d507a,True,1.0,1.0,1.0,1.0,0.9867665127969957,1.0,1.0,1.0,1.0,,,,,,,,,,0.9958645352490612
165,0e5653822a7a56b3,True,1.0,0.0,1.0,1.0,1.0,1.0,1.0,1.0,1.0,,,,,,,,,,0.0
166,493c90dce63d5653,True,1.0,0.0,0.5,1.0,0.8727328892079387,1.0,1.0,1.0,1.0,,,,,,,,,,0.0
167,20cc0fdb7e2d5c3f,True,1.0,1.0,1.0,1.0,0.9699882925012773,1.0,1.0,1.0,1.0,,,,,,,,,,0.9906213414066491
168,b60afdbc7cc65971,True,1.0,0.0,1.0,1.0,1.0,1.0,0.0,1.0,1.0,,,,,,,,,,0.0
169,a312f24a197d530c,True,1.0,0.0,0.0,1.0,0.8861666132519639,1.0,0.0,1.0,1.0,,,,,,,,,,0.0
170,97c09fe94495563a,True,1.0,0.0,0.0,1.0,1.0,1.0,0.0,1.0,0.0,,,,,,,,,,0.0
171,b393ab92c8ac5e77,True,1.0,0.0,0.0,1.0,0.9894618450164498,0.0,1.0,0.0,0.0,,,,,,,,,,0.0
172,834cf95826ec5c73,True,1.0,1.0,0.5,1.0,0.825502367572063,1.0,1.0,1.0,0.0,,,,,,,,,,0.41023474493313483
173,71405d414236553c,True,1.0,1.0,1.0,1.0,0.5934228022748445,1.0,1.0,1.0,1.0,,,,,,,,,,0.8729446257108888
174,847432a116d35db0,True,1.0,1.0,1.0,1.0,1.0,1.0,1.0,1.0,1.0,,,,,,,,,,1.0
175,c33bb70075e7594c,True,0.0,1.0,1.0,1.0,1.0,0.0,0.0,1.0,0.0,,,,,,,,,,0.0
176,28c89352b09b55d4,True,1.0,0.0,1.0,1.0,0.6258085569356833,1.0,0.0,1.0,1.0,,,,,,,,,,0.0
177,5d2ee89308f958be,True,1.0,1.0,1.0,1.0,0.7390896504229267,1.0,1.0,1.0,1.0,,,,,,,,,,0.9184655157571646
178,ce8a292cbd7f54d5,True,1.0,0.0,1.0,1.0,0.8864644046895636,1.0,1.0,1.0,1.0,,,,,,,,,,0.0
179,813c23718919507a,True,1.0,1.0,1.0,1.0,0.8547878487259358,1.0,1.0,1.0,0.0,,,,,,,,,,0.829621202726855
180,ef7089ecfb0c5028,True,1.0,0.0,1.0,1.0,1.0,1.0,1.0,1.0,1.0,,,,,,,,,,0.0
181,76a0c83f0b6453a0,True,1.0,1.0,1.0,1.0,1.0,1.0,1.0,1.0,1.0,,,,,,,,,,1.0
182,0af68cc78d085fdb,True,1.0,0.0,0.0,1.0,0.45150039875405107,1.0,1.0,1.0,0.0,,,,,,,,,,0.0
183,58d69daf413c5d5a,True,1.0,0.0,1.0,1.0,0.537451244686826,1.0,1.0,1.0,0.0,,,,,,,,,,0.0
184,2bd04a0902095129,True,1.0,0.0,1.0,1.0,1.0,1.0,1.0,1.0,0.0,,,,,,,,,,0.0
185,14fe69db03425780,True,1.0,0.0,1.0,1.0,0.953698485876854,1.0,0.0,1.0,1.0,,,,,,,,,,0.0
186,7b22018666ac5b0e,True,1.0,0.0,1.0,1.0,0.8053200707200339,1.0,1.0,1.0,1.0,,,,,,,,,,0.0
187,773cb036b1195879,True,1.0,1.0,0.0,1.0,1.0,1.0,0.0,1.0,1.0,,,,,,,,,,0.0
188,afe83cb6c0ae5f67,True,1.0,0.0,1.0,1.0,1.0,1.0,1.0,1.0,1.0,,,,,,,,,,0.0
189,5d5dfc678c9759a1,True,1.0,0.0,0.5,1.0,0.7727933537343655,1.0,1.0,1.0,0.0,,,,,,,,,,0.0
190,580dac44fa305877,True,1.0,0.0,1.0,1.0,0.5610393390551655,1.0,1.0,1.0,1.0,,,,,,,,,,0.0
191,e74ca27f40755297,True,1.0,0.0,0.5,1.0,1.0,1.0,1.0,1.0,1.0,,,,,,,,,,0.0
192,0802a51b0a1d512c,True,1.0,1.0,1.0,1.0,0.11203273436735792,1.0,0.0,1.0,1.0,,,,,,,,,,0.5975102294897994
193,6b0d21782a3b5a22,True,0.5,0.0,0.5,1.0,0.6127014857394666,0.0,1.0,1.0,1.0,,,,,,,,,,0.0
194,7a8c81a7cd1256e0,True,1.0,1.0,1.0,1.0,0.5123698826666067,1.0,1.0,1.0,1.0,,,,,,,,,,0.8476155883333145
195,ed01297783a05dba,True,1.0,0.0,1.0,1.0,0.6914870972684979,1.0,1.0,1.0,0.0,,,,,,,,,,0.0
196,52deeca9acf35603,True,1.0,1.0,1.0,1.0,1.0,1.0,1.0,1.0,1.0,,,,,,,,,,1.0
197,5da314e6404c5213,True,1.0,1.0,1.0,1.0,1.0,1.0,1.0,1.0,1.0,,,,,,,,,,1.0
198,f9e3a8f1b0ae5d43,True,1.0,1.0,1.0,1.0,0.16886526888783981,1.0,1.0,1.0,1.0,,,,,,,,,,0.74027039652745
199,b35e48a419d7577f,True,1.0,1.0,1.0,1.0,0.376047971324548,1.0,1.0,1.0,1.0,,,,,,,,,,0.8050149910389213
200,79e8f1ce9ed95cf6,True,1.0,1.0,1.0,1.0,0.2144853097010446,1.0,1.0,1.0,1.0,,,,,,,,,,0.7545266592815765
201,9502cdbb06dd516f,True,1.0,1.0,1.0,1.0,1.0,1.0,1.0,1.0,0.0,,,,,,,,,,0.875
202,93ca181d363358eb,True,1.0,1.0,1.0,1.0,0.5442490867293988,1.0,1.0,1.0,1.0,,,,,,,,,,0.8575778396029371
203,e9c2b75226b85cfe,True,1.0,1.0,1.0,1.0,1.0,1.0,1.0,1.0,1.0,,,,,,,,,,1.0
204,43162b00fe4550b8,True,0.5,0.0,0.5,1.0,0.8632673587903558,0.0,0.0,1.0,1.0,,,,,,,,,,0.0
205,2e1d4bde0a16514b,True,1.0,1.0,1.0,1.0,0.49869287490843855,0.0,1.0,1.0,1.0,,,,,,,,,,0.530841523408887
206,ef703bb40b9a516c,True,1.0,0.0,0.0,1.0,0.9548796173561461,1.0,0.0,1.0,1.0,,,,,,,,,,0.0
207,f1ae4feebfda5b75,True,1.0,0.0,0.5,1.0,0.9725192274087383,1.0,1.0,1.0,0.0,,,,,,,,,,0.0
208,1ea152f7056659a9,True,1.0,0.0,1.0,1.0,1.0,1.0,1.0,1.0,0.0,,,,,,,,,,0.0
209,53a7531622255064,True,1.0,0.0,1.0,1.0,0.7160200780418619,1.0,1.0,1.0,1.0,,,,,,,,,,0.0
210,c5b585ddf50d5f1f,True,1.0,0.0,1.0,1.0,1.0,1.0,1.0,1.0,1.0,,,,,,,,,,0.0
211,39a1ca97dca75beb,True,1.0,1.0,1.0,1.0,0.9711366562778061,1.0,1.0,1.0,1.0,,,,,,,,,,0.9909802050868144
212,57ef08c8f98457d7,True,1.0,0.0,0.0,1.0,0.9088893596421379,1.0,0.0,1.0,0.0,,,,,,,,,,0.0
213,cd9d029138325c2c,True,1.0,0.0,0.0,1.0,0.8735101878500049,1.0,0.0,1.0,1.0,,,,,,,,,,0.0
214,c1839a3333695317,True,1.0,0.0,1.0,1.0,1.0,1.0,1.0,1.0,1.0,,,,,,,,,,0.0
215,5593db2f64115fbf,True,1.0,1.0,1.0,1.0,1.0,1.0,1.0,1.0,1.0,,,,,,,,,,1.0
216,85f2b1f1f1f45b5c,True,1.0,1.0,1.0,1.0,0.7362037914307472,1.0,1.0,1.0,1.0,,,,,,,,,,0.9175636848221085
217,8a492ff6a81054a7,True,1.0,0.0,1.0,1.0,1.0,1.0,1.0,1.0,0.0,,,,,,,,,,0.0
218,5d5d1442b83d5c5c,True,1.0,1.0,1.0,1.0,0.42381823092248055,1.0,1.0,1.0,1.0,,,,,,,,,,0.8199431971632751
219,c054f473288d5515,True,0.0,0.0,0.0,1.0,0.8925084263253,0.0,1.0,1.0,1.0,,,,,,,,,,0.0
220,686b55439d5e591e,True,1.0,1.0,1.0,1.0,0.017761125223212163,1.0,1.0,1.0,1.0,,,,,,,,,,0.6930503516322538
221,53f8bc4012fe5f29,True,1.0,1.0,1.0,1.0,0.13609612727873147,1.0,0.0,1.0,1.0,,,,,,,,,,0.6050300397746036
222,b474c79361415cb0,True,1.0,1.0,1.0,1.0,0.151591052503324,1.0,0.0,1.0,1.0,,,,,,,,,,0.6098722039072888
223,3921f38b62d55f1a,True,1.0,1.0,1.0,1.0,1.0,1.0,1.0,1.0,1.0,,,,,,,,,,1.0
224,a6edd19740415b54,True,1.0,1.0,1.0,1.0,1.0,1.0,1.0,1.0,1.0,,,,,,,,,,1.0
225,e8daa33268685b31,True,1.0,0.0,1.0,1.0,1.0,1.0,1.0,1.0,1.0,,,,,,,,,,0.0
226,c9ca538cb3235e43,True,1.0,0.0,0.5,1.0,1.0,1.0,1.0,1.0,1.0,,,,,,,,,,0.0
227,8f8ccbd6ffcb54b9,True,1.0,0.0,1.0,1.0,0.7251973737968973,1.0,1.0,1.0,1.0,,,,,,,,,,0.0
228,3b1e0182cb145b8d,True,1.0,1.0,1.0,1.0,0.627376867936022,1.0,1.0,0.0,0.0,,,,,,,,,,0.6335552712300069
229,85482a4d20fd5eac,True,1.0,0.0,1.0,1.0,0.9268153845336952,1.0,1.0,1.0,1.0,,,,,,,,,,0.0
230,779852a1160f56f9,True,1.0,0.0,1.0,1.0,0.927801957983546,1.0,1.0,1.0,1.0,,,,,,,,,,0.0
231,5f4991d3d2ca5eee,True,1.0,1.0,1.0,1.0,0.1980144953974276,1.0,1.0,1.0,1.0,,,,,,,,,,0.7493795298116961
232,557a287c11cc5960,True,1.0,1.0,1.0,1.0,1.0,1.0,1.0,1.0,1.0,,,,,,,,,,1.0
233,d5b18d6105c25004,True,1.0,1.0,1.0,1.0,1.0,1.0,1.0,1.0,1.0,,,,,,,,,,1.0
234,18492b6ce9905b13,True,1.0,0.0,1.0,1.0,0.6142560766373688,1.0,1.0,1.0,1.0,,,,,,,,,,0.0
235,c6bd79f439c254a0,True,1.0,1.0,1.0,1.0,0.894455681244389,1.0,0.0,1.0,1.0,,,,,,,,,,0.8420174003888716
236,99ebd32df2f453f8,True,1.0,1.0,1.0,1.0,0.980966709325327,1.0,1.0,1.0,1.0,,,,,,,,,,0.9940520966641647
237,d50b69bed8f2570c,True,1.0,0.0,1.0,1.0,0.6845183051496223,1.0,1.0,1.0,1.0,,,,,,,,,,0.0
238,2cae5f08e11a5dbd,True,1.0,0.0,1.0,1.0,0.960859463859142,1.0,0.0,1.0,0.0,,,,,,,,,,0.0
239,712427ff1635596c,True,1.0,1.0,1.0,1.0,0.3136502473621464,1.0,1.0,1.0,1.0,,,,,,,,,,0.7855157023006707
240,342f42c4b2855ffb,True,1.0,0.0,1.0,1.0,0.569434699840628,1.0,1.0,1.0,1.0,,,,,,,,,,0.0
241,0b1250020ea95539,True,1.0,0.0,0.5,1.0,0.9102909719240254,1.0,0.0,1.0,1.0,,,,,,,,,,0.0
242,74c8385c2d845cde,True,1.0,1.0,0.5,1.0,0.5961787346968032,1.0,0.0,1.0,1.0,,,,,,,,,,0.3744029272963755
243,e244b2ddf97a57d6,True,1.0,0.0,0.5,1.0,0.646068209090795,1.0,1.0,1.0,0.0,,,,,,,,,,0.0
244,2030d3a5ed675084,True,1.0,0.0,0.0,1.0,1.0,1.0,1.0,1.0,1.0,,,,,,,,,,0.0
245,b9f3b69b160e5ad0,True,1.0,0.0,0.5,1.0,0.9541273384290736,1.0,0.0,1.0,1.0,,,,,,,,,,0.0
246,13310ca9a7715154,True,1.0,0.0,0.5,1.0,1.0,1.0,0.0,1.0,1.0,,,,,,,,,,0.0
247,59ea5c8c067e57e7,True,1.0,0.0,0.5,1.0,1.0,1.0,1.0,1.0,1.0,,,,,,,,,,0.0
248,757c23c6819c589c,True,1.0,0.0,1.0,1.0,0.863226646744733,1.0,1.0,1.0,1.0,,,,,,,,,,0.0
249,e5d2a01ab5b0562a,True,1.0,1.0,1.0,1.0,0.1447917610299756,1.0,1.0,1.0,1.0,,,,,,,,,,0.7327474253218673
250,df72dca23ca45733,True,1.0,1.0,1.0,1.0,1.0,1.0,1.0,1.0,1.0,,,,,,,,,,1.0
251,56c64f7e47b15e0d,True,1.0,1.0,1.0,1.0,0.3329549903104032,1.0,1.0,1.0,1.0,,,,,,,,,,0.791548434472001
252,e024bd23594b5a13,True,1.0,1.0,0.5,1.0,1.0,1.0,1.0,1.0,1.0,,,,,,,,,,0.5
253,179bc3ae5b9f56b0,True,1.0,1.0,1.0,1.0,0.7901258962433061,1.0,1.0,1.0,1.0,,,,,,,,,,0.9344143425760332
254,98b414a515bb5b99,True,1.0,1.0,1.0,1.0,0.5098212206368622,1.0,1.0,1.0,1.0,,,,,,,,,,0.8468191314490194
255,5d7c7edca69d5e73,True,0.0,1.0,1.0,1.0,1.0,1.0,1.0,1.0,0.0,,,,,,,,,,0.0
256,ab4401719a355a62,True,1.0,0.0,0.0,1.0,1.0,1.0,0.0,1.0,1.0,,,,,,,,,,0.0
257,3128b8da22c75dd0,True,1.0,0.0,0.0,1.0,0.7228126973230523,1.0,0.0,1.0,0.0,,,,,,,,,,0.0
258,19e90f2757b25f38,True,1.0,1.0,1.0,1.0,0.7220205234794016,1.0,1.0,1.0,1.0,,,,,,,,,,0.913131413587313
259,551cf39c34f75b25,True,1.0,1.0,1.0,1.0,0.1321575718336322,1.0,1.0,1.0,1.0,,,,,,,,,,0.72879924119801
260,d45f18da371a5fe5,True,1.0,0.0,0.0,1.0,0.8654578762760987,1.0,0.0,1.0,1.0,,,,,,,,,,0.0
261,fe22e2c812e65096,True,1.0,1.0,1.0,1.0,0.534763118802839,1.0,1.0,1.0,1.0,,,,,,,,,,0.8546134746258872
262,f2592c08589e5398,True,1.0,0.0,0.5,1.0,0.47677181087230525,1.0,0.0,1.0,1.0,,,,,,,,,,0.0
263,a5f411a2c379503d,True,1.0,0.0,1.0,1.0,0.7557862859708658,1.0,1.0,1.0,1.0,,,,,,,,,,0.0
264,67abcf0964415891,True,1.0,0.0,0.0,1.0,0.0,1.0,1.0,0.0,0.0,,,,,,,,,,0.0
265,d073c3202a7e56da,True,1.0,1.0,1.0,1.0,1.0,1.0,1.0,1.0,1.0,,,,,,,,,,1.0
266,7727bf26f5845499,True,1.0,1.0,0.5,1.0,0.6049842609555758,1.0,1.0,1.0,1.0,,,,,,,,,,0.4382787907743087
267,f038fc7ffdab5bad,True,0.0,0.0,1.0,1.0,0.9514925764274436,0.0,0.0,1.0,0.0,,,,,,,,,,0.0
268,bcf787cdb66453f0,True,1.0,0.0,1.0,1.0,0.9526455213626197,1.0,1.0,1.0,1.0,,,,,,,,,,0.0
269,087023402a695ba3,True,1.0,1.0,1.0,1.0,1.0,1.0,1.0,1.0,0.0,,,,,,,,,,0.875
270,6c9e40634f705f56,True,1.0,0.0,1.0,1.0,0.5592663114524036,1.0,1.0,1.0,1.0,,,,,,,,,,0.0
271,ff44394af7265df3,True,1.0,1.0,1.0,1.0,0.7087413523929011,1.0,1.0,1.0,1.0,,,,,,,,,,0.9089816726227816
272,afd632f043e35a49,True,1.0,0.0,0.5,1.0,0.7687233770904918,1.0,0.0,1.0,1.0,,,,,,,,,,0.0
273,8486dcafaee75d76,True,0.0,1.0,1.0,1.0,1.0,0.0,1.0,1.0,1.0,,,,,,,,,,0.0
274,e1d83d0f913a5263,True,1.0,0.0,0.5,1.0,1.0,1.0,1.0,1.0,1.0,,,,,,,,,,0.0
275,a091a6a6033c559f,True,0.0,1.0,0.5,1.0,1.0,0.0,1.0,1.0,1.0,,,,,,,,,,0.0
276,1bc892186af15042,True,1.0,1.0,1.0,1.0,0.864545929157103,1.0,1.0,1.0,1.0,,,,,,,,,,0.9576706028615947
277,c3d6016d73645955,True,1.0,1.0,1.0,1.0,1.0,1.0,1.0,1.0,1.0,,,,,,,,,,1.0
278,5d3573d6da7952d3,True,1.0,0.0,0.5,1.0,0.973702609193549,1.0,1.0,1.0,1.0,,,,,,,,,,0.0
279,90314b74c92954d6,True,1.0,0.0,1.0,1.0,1.0,1.0,1.0,1.0,1.0,,,,,,,,,,0.0
280,46deeff0d0495df6,True,1.0,0.0,0.0,1.0,1.0,1.0,1.0,1.0,1.0,,,,,,,,,,0.0
281,c8507cfbe8575463,True,1.0,1.0,1.0,1.0,0.5569823976036418,1.0,1.0,1.0,1.0,,,,,,,,,,0.861556999251138
282,1a707ed0d7ba541d,True,0.5,0.0,1.0,1.0,0.798052267569267,0.0,1.0,1.0,1.0,,,,,,,,,,0.0
283,e747d6fdc59252f3,True,1.0,1.0,1.0,1.0,0.9185013186673572,1.0,1.0,1.0,1.0,,,,,,,,,,0.9745316620835491
284,d20dc707981f56e7,True,1.0,1.0,1.0,1.0,1.0,1.0,1.0,1.0,1.0,,,,,,,,,,1.0
285,b6b5f3cc01a05f83,True,1.0,0.0,0.0,1.0,0.5344892926892263,1.0,0.0,1.0,0.0,,,,,,,,,,0.0
286,c1e0af56e9eb50b8,True,1.0,0.0,0.0,1.0,1.0,1.0,0.0,1.0,0.0,,,,,,,,,,0.0
287,5041cdf76ecb5ee7,True,1.0,0.0,0.5,1.0,0.5058243467807322,1.0,1.0,1.0,1.0,,,,,,,,,,0.0
288,cd7e4f70ce8e539b,True,1.0,0.0,0.5,1.0,0.5314167086679337,1.0,0.0,1.0,0.0,,,,,,,,,,0.0
289,a3f2ea7187975b13,True,1.0,0.0,1.0,1.0,1.0,1.0,0.0,1.0,1.0,,,,,,,,,,0.0
290,9b0a5826d2d357d8,True,1.0,0.0,1.0,1.0,0.7505123114895004,1.0,1.0,1.0,1.0,,,,,,,,,,0.0
291,ac0c6104c53e581e,True,1.0,1.0,0.5,1.0,1.0,1.0,1.0,1.0,1.0,,,,,,,,,,0.5
292,ffe92084016a5795,True,1.0,1.0,1.0,1.0,0.3903627662722629,1.0,1.0,1.0,1.0,,,,,,,,,,0.8094883644600821
293,4a919f7ea2f65200,True,1.0,0.0,1.0,1.0,1.0,1.0,1.0,1.0,0.0,,,,,,,,,,0.0
294,75f5cc1f425c501d,True,1.0,0.0,0.0,0.0,1.0,1.0,1.0,1.0,1.0,,,,,,,,,,0.0
295,84b8eb5b1a5757c1,True,1.0,1.0,1.0,1.0,0.13905371259634575,1.0,1.0,1.0,1.0,,,,,,,,,,0.7309542851863581
296,ad47566ea29a57bf,True,1.0,1.0,1.0,1.0,0.6528959704366867,1.0,1.0,1.0,1.0,,,,,,,,,,0.8915299907614646
297,afa8102c20685ec5,True,1.0,1.0,1.0,1.0,0.2588457766371405,1.0,1.0,1.0,1.0,,,,,,,,,,0.7683893051991064
298,95b1bc0848e85064,True,1.0,0.0,1.0,1.0,0.45108848242708677,1.0,1.0,1.0,1.0,,,,,,,,,,0.0
299,17a015f4ef9b56d0,True,1.0,1.0,1.0,1.0,1.0,1.0,1.0,1.0,1.0,,,,,,,,,,1.0
300,f23073987e7956e3,True,0.0,0.0,1.0,1.0,1.0,0.0,1.0,1.0,0.0,,,,,,,,,,0.0
301,c7afdb652a9e5e73,True,1.0,1.0,0.5,1.0,1.0,1.0,1.0,1.0,1.0,,,,,,,,,,0.5
302,2391f12d7e6a5e7f,True,1.0,0.0,0.5,1.0,0.4615162740894748,1.0,1.0,1.0,1.0,,,,,,,,,,0.0
303,f14e7ed78b5d55b4,True,1.0,0.0,0.5,1.0,0.5807554081010688,0.0,1.0,1.0,1.0,,,,,,,,,,0.0
304,7af0e9b8a12056e8,True,1.0,1.0,1.0,1.0,1.0,1.0,1.0,1.0,1.0,,,,,,,,,,1.0
305,efa80e78fce1525d,True,1.0,1.0,1.0,1.0,1.0,1.0,1.0,1.0,1.0,,,,,,,,,,1.0
306,99e0c0250e6e54c5,True,1.0,1.0,1.0,1.0,0.5063672496916499,1.0,1.0,1.0,1.0,,,,,,,,,,0.8457397655286406
307,a18d2b32f8415373,True,1.0,1.0,1.0,1.0,0.10175715639907526,1.0,1.0,1.0,1.0,,,,,,,,,,0.719299111374711
308,4dd1ab3a667b5074,True,1.0,1.0,0.0,1.0,1.0,1.0,0.0,1.0,1.0,,,,,,,,,,0.0
309,c574d461642f5deb,True,1.0,0.0,0.0,1.0,1.0,1.0,0.0,1.0,1.0,,,,,,,,,,0.0
310,ac7bd595b9a3544c,True,0.0,0.0,0.0,1.0,1.0,0.0,1.0,1.0,1.0,,,,,,,,,,0.0
311,9b7108902e7158d6,True,1.0,1.0,1.0,1.0,1.0,1.0,1.0,1.0,0.0,,,,,,,,,,0.875
312,1e9350ac2bc25f59,True,1.0,0.0,0.0,1.0,0.7469230274490974,1.0,1.0,1.0,0.0,,,,,,,,,,0.0
313,dd16377ecfa45fe0,True,1.0,0.0,1.0,1.0,1.0,1.0,1.0,1.0,1.0,,,,,,,,,,0.0
314,398326681cd7500a,True,0.0,1.0,0.0,1.0,0.9028014585314499,0.0,1.0,1.0,1.0,,,,,,,,,,0.0
315,e052a41759445a28,True,1.0,0.0,1.0,1.0,0.6193938176775543,1.0,1.0,1.0,1.0,,,,,,,,,,0.0
316,b02bf210eda55579,True,1.0,0.0,1.0,1.0,1.0,1.0,1.0,1.0,1.0,,,,,,,,,,0.0
317,d25b6512a43f5e54,True,1.0,1.0,1.0,1.0,0.9361715288952913,1.0,1.0,1.0,1.0,,,,,,,,,,0.9800536027797786
318,c7cb2e43b2d053b7,True,1.0,0.0,0.0,1.0,0.822494404599375,1.0,0.0,1.0,0.0,,,,,,,,,,0.0
319,06c9339fdc3e5404,True,1.0,0.0,0.5,1.0,0.8828194258375656,1.0,1.0,1.0,0.0,,,,,,,,,,0.0
320,7da863f64a5f5e90,True,1.0,0.0,1.0,1.0,0.8310703660394659,1.0,1.0,1.0,1.0,,,,,,,,,,0.0
321,e17587a96a795abf,True,1.0,0.0,1.0,1.0,0.6461164490373391,1.0,1.0,1.0,1.0,,,,,,,,,,0.0
322,cfb755b8d37458ac,True,1.0,1.0,1.0,1.0,0.8697815915680679,1.0,1.0,1.0,1.0,,,,,,,,,,0.9593067473650212
323,62103d9b18645ebd,True,1.0,1.0,1.0,1.0,0.639889352070397,1.0,1.0,1.0,1.0,,,,,,,,,,0.8874654225219991
324,00c1e4eb4a045f20,True,1.0,0.0,1.0,1.0,0.791950329397006,1.0,1.0,1.0,1.0,,,,,,,,,,0.0
325,f6b9867069845fd2,True,1.0,1.0,1.0,1.0,1.0,1.0,1.0,1.0,1.0,,,,,,,,,,1.0
326,063dc3e59f7158d9,True,1.0,1.0,1.0,1.0,0.21583269047051398,1.0,1.0,1.0,1.0,,,,,,,,,,0.7549477157720357
327,102627370a1e5b88,True,1.0,1.0,1.0,1.0,0.15484221252262645,1.0,0.0,1.0,1.0,,,,,,,,,,0.6108881914133207
328,1981a85eb4ba5001,True,0.0,1.0,0.0,1.0,1.0,0.0,1.0,1.0,0.0,,,,,,,,,,0.0
329,689abfdd66235378,True,1.0,0.0,0.0,1.0,0.9088877477424815,1.0,0.0,1.0,1.0,,,,,,,,,,0.0
330,6b7c5199f84e5aac,True,1.0,1.0,1.0,1.0,0.8147779942643544,1.0,1.0,1.0,0.0,,,,,,,,,,0.8171181232076108
331,e1f6c044f4235462,True,1.0,1.0,1.0,1.0,0.693091959817702,1.0,1.0,1.0,1.0,,,,,,,,,,0.9040912374430319
332,613c9ac33f6951ca,True,1.0,1.0,1.0,1.0,0.7544846294659115,1.0,1.0,1.0,1.0,,,,,,,,,,0.9232764467080974
333,c296ded44f9a509a,True,1.0,0.0,1.0,1.0,0.8171107434794197,1.0,1.0,1.0,1.0,,,,,,,,,,0.0
334,20728d3e677b593d,True,1.0,0.0,0.5,1.0,0.5532006150823015,0.0,0.0,1.0,0.0,,,,,,,,,,0.0
335,262333f372975eef,True,0.0,0.0,0.0,1.0,1.0,0.0,0.0,1.0,0.0,,,,,,,,,,0.0
336,cbc268a868be50c2,True,1.0,0.0,0.0,1.0,1.0,1.0,1.0,1.0,1.0,,,,,,,,,,0.0
337,1c5c2e372dc954cd,True,1.0,0.0,1.0,1.0,1.0,1.0,1.0,1.0,1.0,,,,,,,,,,0.0
338,132307b3c1a55f97,True,0.0,0.0,0.0,1.0,1.0,0.0,1.0,1.0,0.0,,,,,,,,,,0.0
339,2ee150fedbb15345,True,1.0,1.0,1.0,1.0,0.7538825242302347,1.0,1.0,1.0,1.0,,,,,,,,,,0.9230882888219484
340,b867b28707205c0b,True,1.0,0.0,0.5,1.0,0.7342062042533192,1.0,1.0,1.0,1.0,,,,,,,,,,0.0
341,e2ae05340dba502d,True,1.0,1.0,1.0,1.0,0.644418076854531,1.0,1.0,1.0,1.0,,,,,,,,,,0.8888806490170409
342,d64a3964875f5b41,True,1.0,0.0,1.0,1.0,1.0,0.0,1.0,1.0,1.0,,,,,,,,,,0.0
343,1682c020a94054fa,True,1.0,0.0,0.5,1.0,0.9419094982584645,1.0,1.0,1.0,1.0,,,,,,,,,,0.0
344,e22c42694be05703,True,1.0,1.0,1.0,1.0,0.6607874120817756,1.0,1.0,1.0,0.0,,,,,,,,,,0.7689960662755548
345,f3ca2707d87a586b,True,1.0,1.0,1.0,1.0,1.0,1.0,1.0,1.0,1.0,,,,,,,,,,1.0
346,a19d3096f2625fdb,True,1.0,0.0,1.0,1.0,1.0,0.0,1.0,1.0,1.0,,,,,,,,,,0.0
347,cf05c9f4f6e55af3,True,1.0,1.0,1.0,1.0,0.96832694933381,1.0,1.0,1.0,1.0,,,,,,,,,,0.9901021716668157
348,73b2c72a73b458ca,True,1.0,1.0,1.0,1.0,0.15882658234620103,1.0,1.0,1.0,1.0,,,,,,,,,,0.7371333069831878
349,0cd0aaeb35c95094,True,0.0,1.0,1.0,1.0,0.8769316038199773,0.0,1.0,1.0,0.0,,,,,,,,,,0.0
350,2c5cbab120595d79,True,1.0,0.0,0.0,1.0,0.9291260642828382,1.0,0.0,1.0,1.0,,,,,,,,,,0.0
351,8cec7d21f7dc540b,True,1.0,0.0,0.5,1.0,0.5982749672503832,1.0,1.0,1.0,1.0,,,,,,,,,,0.0
352,89e4665cd63a55bd,True,1.0,1.0,1.0,1.0,0.38184378609165553,1.0,1.0,1.0,1.0,,,,,,,,,,0.8068261831536423
353,470cfa23e42757c3,True,1.0,1.0,1.0,1.0,0.1694157684271737,1.0,1.0,1.0,1.0,,,,,,,,,,0.7404424276334918
354,962deb8ccdaf50e3,True,1.0,1.0,1.0,1.0,0.6894391275784167,1.0,1.0,1.0,1.0,,,,,,,,,,0.9029497273682552
355,d715fbc6ea0551f8,True,1.0,0.0,0.5,1.0,1.0,1.0,1.0,1.0,0.0,,,,,,,,,,0.0
356,2382542e05f253df,True,1.0,0.0,1.0,1.0,0.8283474030750246,1.0,1.0,1.0,1.0,,,,,,,,,,0.0
357,ce05573741b75133,True,1.0,1.0,1.0,1.0,1.0,1.0,1.0,1.0,1.0,,,,,,,,,,1.0
358,dc207d97e04f5ce1,True,0.0,0.0,0.0,1.0,1.0,0.0,1.0,0.0,0.0,,,,,,,,,,0.0
359,5065e99644fb5fc2,True,1.0,1.0,1.0,1.0,1.0,1.0,1.0,1.0,1.0,,,,,,,,,,1.0
360,a713265a7f905034,True,1.0,0.0,1.0,0.0,1.0,1.0,1.0,1.0,1.0,,,,,,,,,,0.0
361,6ae2bcc5c2c050e4,True,0.0,1.0,1.0,1.0,1.0,0.0,1.0,1.0,1.0,,,,,,,,,,0.0
362,64f47c2f2c7754cb,True,1.0,1.0,1.0,1.0,1.0,1.0,1.0,1.0,1.0,,,,,,,,,,1.0
363,3b3627c7892d5b5e,True,0.0,1.0,1.0,1.0,0.7388334130286361,1.0,1.0,1.0,1.0,,,,,,,,,,0.0
364,42052560d5925f35,True,1.0,0.0,0.0,1.0,1.0,1.0,1.0,1.0,1.0,,,,,,,,,,0.0
365,e0b92501aa5051b1,True,1.0,1.0,1.0,1.0,1.0,1.0,1.0,1.0,1.0,,,,,,,,,,1.0
366,ae05160436d45a62,True,1.0,0.0,1.0,1.0,1.0,1.0,0.0,1.0,1.0,,,,,,,,,,0.0
367,af335d636f4c516e,True,1.0,1.0,1.0,1.0,1.0,1.0,1.0,1.0,1.0,,,,,,,,,,1.0
368,550f8f2c9795525c,True,1.0,1.0,1.0,1.0,1.0,1.0,1.0,1.0,1.0,,,,,,,,,,1.0
369,ce2f1ac423965b7a,True,1.0,0.0,1.0,1.0,1.0,1.0,1.0,1.0,1.0,,,,,,,,,,0.0
370,94d74f87c8435b61,True,1.0,1.0,1.0,1.0,0.0038589607358984796,1.0,1.0,1.0,1.0,,,,,,,,,,0.6887059252299683
371,c195a8cb7ccb59fd,True,1.0,0.0,0.5,1.0,0.5178135353731288,1.0,1.0,1.0,1.0,,,,,,,,,,0.0
372,5feede5c5a3c5116,True,0.5,0.0,1.0,1.0,1.0,0.0,1.0,1.0,1.0,,,,,,,,,,0.0
373,5e74b6a61b715f47,True,1.0,1.0,1.0,1.0,1.0,1.0,1.0,1.0,0.0,,,,,,,,,,0.875
374,a2047f9cb3865b75,True,1.0,1.0,1.0,1.0,0.12729713659529712,1.0,1.0,1.0,1.0,,,,,,,,,,0.7272803551860303
375,0f422a003dab525e,True,1.0,1.0,1.0,1.0,0.8012598525657643,1.0,1.0,1.0,1.0,,,,,,,,,,0.9378937039268014
376,afbf82af256b5711,True,1.0,1.0,1.0,1.0,1.0,1.0,1.0,1.0,1.0,,,,,,,,,,1.0
377,70f718ebc8b4505e,True,1.0,1.0,1.0,1.0,1.0,1.0,1.0,1.0,1.0,,,,,,,,,,1.0
378,dded75c35039515f,True,1.0,0.0,0.0,1.0,1.0,1.0,0.0,1.0,1.0,,,,,,,,,,0.0
379,dac84d4f931e54ab,True,0.5,0.0,0.5,1.0,0.6170097021476384,0.0,1.0,1.0,1.0,,,,,,,,,,0.0
380,bb5b44d240945ed0,True,0.0,1.0,1.0,1.0,1.0,0.0,1.0,1.0,1.0,,,,,,,,,,0.0
381,05f1a5cbc0905d8e,True,1.0,0.0,0.5,1.0,0.7165226995616574,1.0,1.0,1.0,0.0,,,,,,,,,,0.0
382,8237f47b224952b4,True,1.0,0.0,1.0,1.0,1.0,1.0,1.0,1.0,1.0,,,,,,,,,,0.0
383,c656016133b05a15,True,1.0,1.0,1.0,1.0,1.0,1.0,1.0,1.0,1.0,,,,,,,,,,1.0
384,0fde069313a35062,True,1.0,0.0,0.5,1.0,1.0,1.0,1.0,1.0,1.0,,,,,,,,,,0.0
385,fe9e76e6cac35fba,True,1.0,1.0,1.0,1.0,0.2680803775230731,1.0,1.0,1.0,1.0,,,,,,,,,,0.7712751179759604
386,faa8cd5e541a5b67,True,1.0,1.0,1.0,1.0,1.0,1.0,0.0,1.0,1.0,,,,,,,,,,0.875
387,8f5b6181d28e5d4a,True,1.0,0.0,0.0,1.0,0.8213869324977521,1.0,0.0,1.0,1.0,,,,,,,,,,0.0
388,a2d7be8710535e33,True,1.0,1.0,1.0,1.0,0.7551257468949507,1.0,1.0,1.0,1.0,,,,,,,,,,0.9234767959046721
389,07846b829b3a575e,True,1.0,1.0,1.0,1.0,0.7480672734545217,1.0,1.0,1.0,1.0,,,,,,,,,,0.921271022954538
390,0ec9a79351355022,True,1.0,1.0,1.0,1.0,1.0,1.0,1.0,1.0,1.0,,,,,,,,,,1.0
391,5c084920ee285003,True,1.0,0.0,0.5,1.0,0.5576052880212171,1.0,0.0,1.0,1.0,,,,,,,,,,0.0
392,7feaf6410f1854a8,True,0.0,1.0,1.0,1.0,1.0,0.0,1.0,1.0,1.0,,,,,,,,,,0.0
393,132d1ec43fc058e1,True,1.0,0.0,1.0,1.0,0.993527854517496,1.0,1.0,1.0,1.0,,,,,,,,,,0.0
394,2322850f71fa5c4d,True,0.5,1.0,1.0,1.0,0.8537137064217503,0.0,1.0,1.0,1.0,,,,,,,,,,0.3208927666283985
395,0dc54a8c8203567b,True,1.0,1.0,1.0,1.0,0.7079788073007952,1.0,1.0,1.0,1.0,,,,,,,,,,0.9087433772814986
396,8164612a623156ae,True,1.0,1.0,1.0,1.0,1.0,1.0,1.0,1.0,1.0,,,,,,,,,,1.0
397,3cbb6c030b1e5d19,True,1.0,0.0,1.0,1.0,1.0,1.0,1.0,1.0,1.0,,,,,,,,,,0.0
398,585a681f4ad95682,True,1.0,1.0,1.0,1.0,0.45739497386376377,1.0,1.0,1.0,1.0,,,,,,,,,,0.8304359293324262
399,3d324bda0cec57ab,True,0.0,1.0,0.5,1.0,0.9499375938467218,0.0,1.0,1.0,1.0,,,,,,,,,,0.0
400,35b84fa433f0583f,True,1.0,1.0,1.0,1.0,0.8169924038731232,1.0,1.0,1.0,1.0,,,,,,,,,,0.942810126210351
401,0122ce98b2735558,True,1.0,0.0,1.0,1.0,1.0,1.0,1.0,1.0,1.0,,,,,,,,,,0.0
402,54a295777c3a5d46,True,1.0,0.0,1.0,1.0,0.6810146392339231,1.0,1.0,1.0,1.0,,,,,,,,,,0.0
403,2b8cde20754c5f0c,True,1.0,1.0,0.0,1.0,1.0,1.0,1.0,1.0,0.0,,,,,,,,,,0.0
404,153ae46b6ba65721,True,0.0,0.0,0.0,1.0,1.0,0.0,0.0,1.0,1.0,,,,,,,,,,0.0
405,f7a9f82f17b256e2,True,1.0,0.0,0.0,1.0,0.9380354187112462,1.0,0.0,1.0,0.0,,,,,,,,,,0.0
406,67b05cf704325e6b,True,1.0,0.0,0.0,1.0,0.8668577419724875,1.0,0.0,1.0,1.0,,,,,,,,,,0.0
407,9d9762d42ff5561d,True,1.0,1.0,1.0,1.0,0.9731157741226918,1.0,1.0,1.0,0.0,,,,,,,,,,0.8665986794133411
408,bb4f37403cea5b0e,True,1.0,1.0,1.0,1.0,0.7367984353438828,1.0,1.0,1.0,1.0,,,,,,,,,,0.9177495110449634
409,25e9d76574075cee,True,1.0,0.0,1.0,1.0,0.6529664768045947,1.0,1.0,1.0,1.0,,,,,,,,,,0.0
410,5521dd071ee95c1a,True,1.0,1.0,1.0,1.0,0.9063321915807154,1.0,1.0,1.0,1.0,,,,,,,,,,0.9707288098689736
411,34489cf42e005e93,True,1.0,0.0,0.0,1.0,1.0,1.0,1.0,0.0,1.0,,,,,,,,,,0.0
412,4972962184a75fa7,True,1.0,0.0,1.0,1.0,0.8687711266758038,1.0,1.0,1.0,1.0,,,,,,,,,,0.0
413,b1906c6b8b8f5f56,True,1.0,1.0,1.0,1.0,1.0,1.0,1.0,1.0,1.0,,,,,,,,,,1.0
414,889aac2576295c91,True,1.0,1.0,1.0,1.0,0.9295189125980172,1.0,1.0,1.0,1.0,,,,,,,,,,0.9779746601868804
415,28a4a08f11a05407,True,1.0,1.0,1.0,1.0,0.8398158099402191,1.0,1.0,1.0,1.0,,,,,,,,,,0.9499424406063185
416,289a58bd2ab6512b,True,1.0,0.0,1.0,1.0,0.8613320276705778,1.0,1.0,1.0,1.0,,,,,,,,,,0.0
417,f8b524a4e8925503,True,1.0,1.0,1.0,1.0,1.0,1.0,1.0,1.0,1.0,,,,,,,,,,1.0
418,c28c7b29e80059d2,True,1.0,0.0,1.0,1.0,0.8945563720316833,1.0,1.0,1.0,1.0,,,,,,,,,,0.0
419,467879c3d37054f5,True,1.0,0.0,0.0,1.0,0.6397848471742555,1.0,1.0,1.0,0.0,,,,,,,,,,0.0
420,8b8ea705c7fd5e8a,True,1.0,0.0,0.5,1.0,1.0,1.0,1.0,1.0,0.0,,,,,,,,,,0.0
421,87b2c0e49070537f,True,1.0,1.0,1.0,1.0,1.0,1.0,1.0,1.0,1.0,,,,,,,,,,1.0
422,ae472d675a965aca,True,1.0,0.0,0.5,1.0,0.5469513463330354,1.0,1.0,1.0,1.0,,,,,,,,,,0.0
423,4aa44e006ca9579e,True,1.0,0.0,1.0,1.0,0.8935698693242163,1.0,1.0,1.0,1.0,,,,,,,,,,0.0
424,184c11a8cc875403,True,1.0,0.0,1.0,1.0,0.864837247716286,1.0,1.0,1.0,1.0,,,,,,,,,,0.0
425,c02f04af32b75648,True,0.5,0.0,0.5,1.0,0.5346946576390118,0.0,1.0,1.0,0.0,,,,,,,,,,0.0
426,64a7186ab49b5cdc,True,1.0,1.0,0.5,1.0,0.7786923764442991,1.0,1.0,1.0,1.0,,,,,,,,,,0.46542068381942175
427,e46762b07ca45b74,True,1.0,0.0,1.0,1.0,0.6042528161169306,1.0,1.0,1.0,1.0,,,,,,,,,,0.0
428,b5ba1ec901f1522c,True,1.0,0.0,0.0,1.0,1.0,1.0,0.0,1.0,1.0,,,,,,,,,,0.0
429,3067f3d3d5a75989,True,1.0,1.0,1.0,1.0,1.0,1.0,1.0,1.0,0.0,,,,,,,,,,0.875
430,a417154cf84a5426,True,1.0,1.0,1.0,1.0,1.0,1.0,1.0,1.0,1.0,,,,,,,,,,1.0
431,f41cf739059453a4,True,1.0,1.0,1.0,1.0,0.5613593239839239,1.0,1.0,1.0,1.0,,,,,,,,,,0.8629247887449762
432,a7d3076a7b7b58b2,True,1.0,1.0,1.0,1.0,0.8541422183365824,1.0,1.0,1.0,1.0,,,,,,,,,,0.954419443230182
433,515fefed28a65a88,True,1.0,1.0,1.0,1.0,0.7410650351357154,1.0,1.0,1.0,1.0,,,,,,,,,,0.9190828234799111
434,5379d354b9b95048,True,1.0,0.0,1.0,1.0,0.8298951799797465,1.0,1.0,1.0,1.0,,,,,,,,,,0.0
435,09446e65ee9a55d3,True,0.0,1.0,0.0,1.0,1.0,0.0,0.0,0.0,0.0,,,,,,,,,,0.0
436,63980d0b4c9352c4,True,1.0,1.0,1.0,1.0,0.6625599295881005,1.0,1.0,1.0,0.0,,,,,,,,,,0.7695499779962814
437,c7e06d79e58454ae,True,1.0,0.0,1.0,1.0,1.0,1.0,1.0,1.0,1.0,,,,,,,,,,0.0
438,008844070af456e3,True,1.0,1.0,1.0,1.0,0.25378796356825445,1.0,1.0,1.0,1.0,,,,,,,,,,0.7668087386150795
439,a5183d5f2da251fa,True,1.0,1.0,1.0,1.0,1.0,1.0,1.0,1.0,1.0,,,,,,,,,,1.0
440,49074bfb7c9e5c26,True,1.0,1.0,0.0,1.0,0.7965816796374592,1.0,1.0,1.0,0.0,,,,,,,,,,0.0
441,a44db880afe95be7,True,1.0,1.0,1.0,1.0,0.19522818494328215,1.0,1.0,1.0,1.0,,,,,,,,,,0.7485088077947757
442,d5b86f3b51d3535c,True,1.0,0.0,0.5,1.0,0.0,1.0,1.0,0.0,0.0,,,,,,,,,,0.0
443,c887e4bc08f85aa5,True,1.0,1.0,1.0,1.0,1.0,1.0,1.0,1.0,1.0,,,,,,,,,,1.0
444,d20be65e3dc65738,True,1.0,0.0,1.0,1.0,0.9852066074900178,1.0,1.0,1.0,1.0,,,,,,,,,,0.0
445,8fb11d5808355072,True,0.0,1.0,1.0,1.0,1.0,0.0,1.0,1.0,1.0,,,,,,,,,,0.0
446,87eae54f57ea5690,True,1.0,0.0,0.5,1.0,0.8263924237802072,1.0,1.0,1.0,1.0,,,,,,,,,,0.0
447,7857a22b3bc85bb4,True,1.0,0.0,0.0,1.0,0.9438088697867993,1.0,1.0,1.0,1.0,,,,,,,,,,0.0
448,da36c99454f65715,True,1.0,0.0,0.0,1.0,1.0,1.0,0.0,1.0,1.0,,,,,,,,,,0.0
449,cc4bdc0160e157c4,True,1.0,1.0,1.0,1.0,0.1699327470470421,1.0,0.0,1.0,1.0,,,,,,,,,,0.6156039834522007
450,55d87f273908bb975,True,,,,,,,,,,0.0,1.0,1.0,1.0,1.0,0.0,0.0,1.0,1.0,0.0
451,eddb07c8294cf8efd,True,,,,,,,,,,0.0,1.0,1.0,1.0,1.0,0.0,1.0,1.0,1.0,0.0
452,8413ea29ea72fdfde,True,,,,,,,,,,1.0,1.0,1.0,1.0,0.36336703660609276,1.0,1.0,1.0,1.0,0.8010521989394039
453,e8015a37a1ba3f7a3,True,,,,,,,,,,1.0,1.0,1.0,1.0,0.24414562965186595,1.0,1.0,1.0,1.0,0.7637955092662081
454,f5daa83268d707022,True,,,,,,,,,,1.0,1.0,1.0,1.0,0.10715075222221111,1.0,1.0,1.0,1.0,0.720984610069441
455,0589a66493d098e9d,True,,,,,,,,,,1.0,0.0,1.0,1.0,0.7017098615592703,1.0,1.0,1.0,1.0,0.0
456,c03cd29553653d383,True,,,,,,,,,,1.0,1.0,1.0,1.0,0.15608212403499988,1.0,1.0,1.0,1.0,0.7362756637609374
457,c1d111042e2830ff9,True,,,,,,,,,,1.0,1.0,1.0,1.0,0.1690479260933799,1.0,1.0,1.0,1.0,0.7403274769041812
458,d8ae22f5da35b2ae9,True,,,,,,,,,,1.0,0.0,1.0,1.0,0.8017813901685493,1.0,1.0,1.0,1.0,0.0
459,71313a0d415f3ff89,True,,,,,,,,,,1.0,1.0,1.0,1.0,0.9493052086457366,0.0,1.0,1.0,1.0,0.6716578777017927
460,0e447192563e126ef,True,,,,,,,,,,1.0,1.0,1.0,1.0,0.07248762434874713,1.0,1.0,1.0,1.0,0.7101523826089835
461,3c5f6c1f10df6f892,True,,,,,,,,,,0.0,0.0,0.5,1.0,1.0,1.0,0.0,1.0,1.0,0.0
462,81745b0b8691480d6,True,,,,,,,,,,0.0,0.0,1.0,1.0,0.9042605755704552,1.0,1.0,1.0,0.0,0.0
463,dcde802c1ad40532b,True,,,,,,,,,,0.0,1.0,1.0,1.0,1.0,0.0,0.0,1.0,1.0,0.0
464,56acd80cef7047ce3,True,,,,,,,,,,1.0,0.0,0.5,1.0,1.0,1.0,0.0,1.0,0.0,0.0
465,757e84df9c3c5f093,True,,,,,,,,,,1.0,0.0,0.0,1.0,1.0,1.0,0.0,1.0,1.0,0.0
466,e1e6ccb3f67db2d88,True,,,,,,,,,,1.0,0.0,0.0,1.0,0.8317997213497447,1.0,0.0,1.0,1.0,0.0
467,29e70aa1afb308764,True,,,,,,,,,,0.0,0.0,0.0,1.0,1.0,0.0,0.0,1.0,1.0,0.0
468,59f54dd987b4a80fd,True,,,,,,,,,,1.0,0.0,0.0,1.0,0.7258320459176782,1.0,0.0,1.0,1.0,0.0
469,d44cdc5b9b4da0e54,True,,,,,,,,,,1.0,1.0,1.0,1.0,0.14189818215535557,1.0,1.0,1.0,1.0,0.7318431819235487
470,416a5f6d80036586b,True,,,,,,,,,,1.0,1.0,0.0,1.0,1.0,1.0,0.0,1.0,1.0,0.0
471,5dfa767630b9b975d,True,,,,,,,,,,1.0,0.0,0.0,1.0,1.0,1.0,0.0,1.0,0.0,0.0
472,0b7a0cf41a68849b4,True,,,,,,,,,,1.0,0.0,0.0,1.0,0.9791169327878968,1.0,0.0,1.0,1.0,0.0
473,14a4ca35ab5b9b46d,True,,,,,,,,,,1.0,0.0,0.0,1.0,0.6790926726709058,1.0,0.0,1.0,1.0,0.0
474,24ac26ca8ac0e9395,True,,,,,,,,,,1.0,0.0,0.0,1.0,1.0,1.0,0.0,1.0,1.0,0.0
475,66fb23ec0e555548e,True,,,,,,,,,,1.0,1.0,1.0,1.0,0.00939851185991226,1.0,1.0,1.0,1.0,0.6904370349562226
476,c2c820f86bd4ff546,True,,,,,,,,,,1.0,0.0,0.5,1.0,0.5194707295369114,1.0,0.0,1.0,0.0,0.0
477,d4866f416d8d48597,True,,,,,,,,,,1.0,0.0,1.0,1.0,1.0,1.0,1.0,1.0,1.0,0.0
478,781d4b5658394c5ca,True,,,,,,,,,,1.0,1.0,1.0,1.0,0.6097722926872309,1.0,0.0,1.0,1.0,0.7530538414647596
479,efd390e03153a7806,True,,,,,,,,,,1.0,0.0,0.0,1.0,0.7180348160170449,1.0,0.0,1.0,0.0,0.0
480,ecccff94c00a6bd77,True,,,,,,,,,,0.0,0.0,0.0,1.0,1.0,0.0,0.0,1.0,0.0,0.0
481,0fd0f1481edb016f4,True,,,,,,,,,,1.0,0.0,0.5,1.0,0.48956899973060736,1.0,0.0,1.0,1.0,0.0
482,a96a23b6f09cca0ae,True,,,,,,,,,,1.0,0.0,0.5,1.0,0.5258773861163524,1.0,0.0,1.0,0.0,0.0
483,588f47bdc35784c16,True,,,,,,,,,,0.5,0.0,1.0,1.0,0.6287107095551364,0.0,0.0,1.0,1.0,0.0
484,b7b75d4d1f9b05cac,True,,,,,,,,,,1.0,0.0,0.5,1.0,0.4150047755496546,1.0,0.0,1.0,0.0,0.0
485,46790b0b88d5ee5b3,True,,,,,,,,,,1.0,1.0,1.0,1.0,1.0,1.0,1.0,1.0,1.0,1.0
486,dab873d7c23152d34,True,,,,,,,,,,0.5,0.0,1.0,1.0,1.0,0.0,0.0,1.0,1.0,0.0
487,6492cabed87012413,True,,,,,,,,,,1.0,1.0,1.0,1.0,0.7565598626862369,1.0,0.0,1.0,1.0,0.798924957089449
488,06b56c8b5f4b02d36,True,,,,,,,,,,1.0,1.0,1.0,1.0,0.22863665218850943,1.0,1.0,1.0,1.0,0.7589489538089091
489,91e4c1dcd12d3cf3c,True,,,,,,,,,,1.0,0.0,0.0,1.0,0.0,1.0,1.0,0.0,0.0,0.0
490,14fb3ae1207501c5b,True,,,,,,,,,,1.0,1.0,1.0,1.0,0.057063678016313846,1.0,1.0,1.0,1.0,0.7053323993800981
491,fd45bba33b3dcb719,True,,,,,,,,,,1.0,1.0,1.0,1.0,0.1586644340849123,1.0,1.0,1.0,1.0,0.7370826356515351
492,60d8762d0c173197e,True,,,,,,,,,,1.0,0.0,1.0,1.0,0.45382557025121967,1.0,0.0,1.0,1.0,0.0
493,94e0532c49d982780,True,,,,,,,,,,0.5,0.0,0.0,1.0,1.0,0.0,0.0,1.0,1.0,0.0
494,819c74509b391434b,True,,,,,,,,,,1.0,0.0,0.0,1.0,0.6756940358014041,1.0,0.0,1.0,0.0,0.0
495,ba3bd0fad9e3fb6eb,True,,,,,,,,,,1.0,1.0,1.0,1.0,0.18573129839994934,1.0,1.0,1.0,1.0,0.7455410307499841
496,579b0b533f44a8dd1,True,,,,,,,,,,1.0,1.0,1.0,1.0,0.44759861877886137,1.0,0.0,1.0,1.0,0.7023745683683942
497,1a04dd2fcf47b0404,True,,,,,,,,,,1.0,1.0,1.0,1.0,0.236049393625891,1.0,1.0,1.0,1.0,0.761265435508091
498,581c763cd78c9643e,True,,,,,,,,,,1.0,1.0,1.0,1.0,1.0,1.0,1.0,1.0,1.0,1.0
499,0ab9b133a9d7aad86,True,,,,,,,,,,1.0,0.0,1.0,1.0,1.0,1.0,0.0,1.0,1.0,0.0
500,1fe19452daacb7953,True,,,,,,,,,,0.0,0.0,0.5,1.0,1.0,0.0,1.0,1.0,1.0,0.0
501,34b9989a51da95af0,True,,,,,,,,,,0.0,0.0,0.0,1.0,1.0,0.0,0.0,1.0,0.0,0.0
502,c97f59b36279e74ae,True,,,,,,,,,,1.0,0.0,0.5,1.0,1.0,1.0,0.0,1.0,0.0,0.0
503,e4f6fd6cc0e09d70c,True,,,,,,,,,,1.0,0.0,0.0,1.0,1.0,1.0,1.0,1.0,0.0,0.0
504,68dc2b23bd498da89,True,,,,,,,,,,1.0,1.0,1.0,1.0,0.28645079770614995,1.0,1.0,1.0,1.0,0.7770158742831719
505,8dd4aa8138b3d9500,True,,,,,,,,,,0.0,0.0,1.0,1.0,1.0,0.0,0.0,1.0,1.0,0.0
506,a3a4072d8e5ed009f,True,,,,,,,,,,1.0,0.0,0.0,1.0,0.4848957350351308,1.0,0.0,1.0,0.0,0.0
507,ae6ddb39ee6d093e7,True,,,,,,,,,,0.0,0.0,0.0,1.0,1.0,0.0,0.0,1.0,0.0,0.0
508,b06305fffe2e19174,True,,,,,,,,,,0.0,0.0,0.0,1.0,0.8877331743714825,0.0,0.0,1.0,1.0,0.0
509,b87411a579f9d7c9e,True,,,,,,,,,,1.0,1.0,1.0,1.0,0.050597100692373616,1.0,1.0,1.0,1.0,0.7033115939663668
510,dab86e6eab3ddf22e,True,,,,,,,,,,1.0,0.0,0.0,1.0,1.0,1.0,1.0,1.0,0.0,0.0
511,6e06dc9cb502fab19,True,,,,,,,,,,1.0,1.0,1.0,1.0,1.0,1.0,1.0,1.0,1.0,1.0
512,545989b6d92a09061,True,,,,,,,,,,1.0,0.0,0.5,1.0,1.0,1.0,0.0,1.0,0.0,0.0
513,88c5a08bcfdda91cd,True,,,,,,,,,,0.5,0.0,0.0,1.0,1.0,0.0,1.0,1.0,1.0,0.0
514,6a1ac7cf335eb8310,True,,,,,,,,,,0.5,0.0,0.0,0.0,1.0,0.0,1.0,1.0,1.0,0.0
515,486265f291210faed,True,,,,,,,,,,0.5,0.0,0.0,1.0,1.0,0.0,0.0,1.0,1.0,0.0
516,aa7d114cf25b1f9f0,True,,,,,,,,,,1.0,1.0,1.0,1.0,0.6792174742157567,1.0,0.0,1.0,1.0,0.774755460692424
517,022f2dcc42d892201,True,,,,,,,,,,1.0,1.0,1.0,1.0,0.16558735093635696,1.0,0.0,1.0,1.0,0.6142460471676116
518,f67482126c7b323a5,True,,,,,,,,,,1.0,1.0,0.5,1.0,0.5456305270524356,1.0,0.0,1.0,1.0,0.3665047698519431
519,83162d3d6d41557e9,True,,,,,,,,,,0.0,1.0,1.0,1.0,1.0,0.0,0.0,1.0,1.0,0.0
520,28d6fffc098e43af8,True,,,,,,,,,,1.0,1.0,1.0,0.0,0.5479814522484134,1.0,0.0,1.0,1.0,0.0
521,2f70249e5e3153c88,True,,,,,,,,,,0.0,1.0,0.5,1.0,0.6706425527413803,0.0,0.0,1.0,1.0,0.0
522,da2b9a69d4322c6e8,True,,,,,,,,,,1.0,0.0,1.0,1.0,0.40540418070693984,1.0,1.0,1.0,0.0,0.0
523,4fa35324bdae11dda,True,,,,,,,,,,1.0,0.0,0.0,0.0,1.0,1.0,1.0,1.0,1.0,0.0
524,233db9b81971aca2a,True,,,,,,,,,,1.0,1.0,1.0,1.0,0.19585806846535683,1.0,1.0,1.0,1.0,0.748705646395424
525,71f3d5ae763258af7,True,,,,,,,,,,1.0,0.0,1.0,1.0,0.7071385251088292,1.0,0.0,1.0,1.0,0.0
526,1e733017715140218,True,,,,,,,,,,0.0,1.0,1.0,1.0,0.8660416177018908,0.0,1.0,1.0,1.0,0.0
527,779362891364950a1,True,,,,,,,,,,1.0,0.0,1.0,1.0,0.41845411255593906,1.0,1.0,1.0,1.0,0.0
528,7926b91284ef771fd,True,,,,,,,,,,1.0,0.0,0.0,1.0,1.0,1.0,0.0,1.0,0.0,0.0
529,5f69ad192f42e1e35,True,,,,,,,,,,1.0,1.0,1.0,1.0,0.30117934998518914,1.0,1.0,1.0,1.0,0.7816185468703716
530,996756f9de2d21bac,True,,,,,,,,,,1.0,1.0,1.0,1.0,1.0,1.0,1.0,1.0,1.0,1.0
531,ca20bcf8f65e1fa9b,True,,,,,,,,,,1.0,1.0,1.0,1.0,0.19364936328102555,1.0,1.0,1.0,1.0,0.7480154260253205
532,f13330e16c05c5902,True,,,,,,,,,,1.0,1.0,1.0,1.0,0.07718328159788473,1.0,1.0,1.0,1.0,0.711619775499339
533,47fd69d104912e67a,True,,,,,,,,,,1.0,1.0,1.0,1.0,0.04023018796383966,1.0,1.0,1.0,1.0,0.7000719337386999
534,0f9705c901c463e2c,True,,,,,,,,,,0.5,1.0,1.0,1.0,0.7207459779002914,1.0,1.0,1.0,0.0,0.39386655904692053
535,46b622275a28d1d2d,True,,,,,,,,,,1.0,0.0,0.0,1.0,1.0,1.0,0.0,1.0,1.0,0.0
536,51cb45da3827bd0fb,True,,,,,,,,,,1.0,1.0,1.0,1.0,0.19226489189870638,1.0,1.0,1.0,1.0,0.7475827787183458
537,1f607fe68e3fc6846,True,,,,,,,,,,0.0,0.0,0.5,1.0,1.0,0.0,1.0,1.0,1.0,0.0
538,363ef196e8503db27,True,,,,,,,,,,1.0,1.0,1.0,1.0,0.342560872545185,1.0,1.0,1.0,1.0,0.7945502726703704
539,e56578b2f08218e36,True,,,,,,,,,,0.5,0.0,0.0,1.0,0.9824427153441277,0.0,0.0,1.0,1.0,0.0
540,b3e74e5b534575941,True,,,,,,,,,,1.0,1.0,1.0,1.0,0.001578518076900471,1.0,1.0,1.0,1.0,0.6879932868990314
541,64c25286434cfc0a6,True,,,,,,,,,,1.0,0.0,0.0,1.0,0.9571611469084519,1.0,0.0,1.0,1.0,0.0
542,95f89994ef4b0b0e3,True,,,,,,,,,,1.0,0.0,0.0,1.0,0.9012253159032136,1.0,0.0,1.0,1.0,0.0
543,d7a37061fcfc5dfd1,True,,,,,,,,,,1.0,0.0,1.0,1.0,1.0,1.0,1.0,1.0,1.0,0.0
544,6dc215cf4dcd911e3,True,,,,,,,,,,1.0,1.0,1.0,1.0,0.0,1.0,1.0,1.0,1.0,0.6875
545,5ee839d646b6d620e,True,,,,,,,,,,1.0,0.0,0.5,1.0,0.5998218334592155,1.0,0.0,1.0,1.0,0.0
546,43510bb262d6965b6,True,,,,,,,,,,1.0,1.0,1.0,1.0,0.013050247157471469,1.0,1.0,1.0,1.0,0.6915782022367098
547,80de7b5aab26bbca8,True,,,,,,,,,,0.0,0.0,0.0,1.0,1.0,0.0,0.0,1.0,0.0,0.0
548,881d6a8509303a3b0,True,,,,,,,,,,1.0,1.0,1.0,1.0,0.03948942385335181,1.0,1.0,1.0,1.0,0.6998404449541724
549,3e6a2a1cb427bfc4d,True,,,,,,,,,,1.0,1.0,0.5,1.0,1.0,1.0,0.0,1.0,0.0,0.375
550,54319e96916504611,True,,,,,,,,,,1.0,1.0,0.5,1.0,0.5638132814610217,1.0,0.0,1.0,1.0,0.36934582522828463
551,4876fb179a00309b5,True,,,,,,,,,,1.0,1.0,1.0,1.0,0.3098179652309392,1.0,1.0,1.0,1.0,0.7843181141346685
552,f9b640894b4a02a02,True,,,,,,,,,,1.0,0.0,0.0,1.0,1.0,1.0,0.0,1.0,1.0,0.0
553,0af32ef4c6cb2b293,True,,,,,,,,,,1.0,1.0,0.0,1.0,1.0,1.0,0.0,1.0,1.0,0.0
554,6a1a3e7fd861ab333,True,,,,,,,,,,1.0,0.0,0.5,1.0,1.0,1.0,0.0,1.0,1.0,0.0
555,d55cfce0d6370e76b,True,,,,,,,,,,0.5,0.0,0.0,1.0,0.8635862900493878,0.0,0.0,1.0,1.0,0.0
556,1a764c92b4c5c5a8a,True,,,,,,,,,,1.0,1.0,0.5,1.0,0.6959303333329512,1.0,0.0,1.0,1.0,0.3899891145832736
557,9a2e4a7f632a3fd8c,True,,,,,,,,,,1.0,0.0,0.0,1.0,1.0,1.0,0.0,0.0,0.0,0.0
558,f19d36e6d48219eba,True,,,,,,,,,,0.0,0.0,0.5,1.0,1.0,0.0,0.0,1.0,1.0,0.0
559,c24ef0bd2ded98fef,True,,,,,,,,,,1.0,1.0,1.0,1.0,0.02653714361090524,1.0,0.0,1.0,1.0,0.5707928573784079
560,a2924cf3c11b98cb0,True,,,,,,,,,,1.0,1.0,1.0,1.0,0.4415622932172112,1.0,0.0,1.0,1.0,0.7004882166303785
561,d8052b68418709942,True,,,,,,,,,,1.0,1.0,1.0,1.0,0.8684635353819473,1.0,0.0,1.0,0.0,0.7088948548068585
562,ba3335342af8a6b57,True,,,,,,,,,,1.0,1.0,1.0,1.0,0.8283519668336521,1.0,0.0,1.0,1.0,0.8213599896355163
563,0222e5d829f11ad1c,True,,,,,,,,,,0.0,0.0,0.5,1.0,1.0,0.0,0.0,1.0,0.0,0.0
564,246a9b54a485510a5,True,,,,,,,,,,0.0,1.0,1.0,0.0,1.0,0.0,1.0,1.0,1.0,0.0
565,4479be8eef64a3460,True,,,,,,,,,,1.0,1.0,1.0,1.0,0.00993574610854334,1.0,1.0,1.0,1.0,0.6906049206589198
566,08888312c5d67618e,True,,,,,,,,,,1.0,1.0,1.0,1.0,1.0,1.0,0.0,1.0,1.0,0.875
567,80412ca123ecd72bc,True,,,,,,,,,,1.0,1.0,1.0,1.0,0.30696683177296624,1.0,0.0,1.0,1.0,0.6584271349290519
568,cc2b7831784a6242d,True,,,,,,,,,,1.0,1.0,1.0,1.0,0.0,1.0,1.0,1.0,1.0,0.6875
569,cd43d27167de6cc79,True,,,,,,,,,,0.5,0.0,0.0,1.0,1.0,0.0,0.0,1.0,1.0,0.0
570,4c8f4212a26a493af,True,,,,,,,,,,0.5,0.0,1.0,1.0,1.0,0.0,1.0,1.0,1.0,0.0
571,ca78ccfc1f366ca72,True,,,,,,,,,,0.0,1.0,0.0,1.0,1.0,0.0,0.0,1.0,1.0,0.0
572,96cc2557a7240b2e7,True,,,,,,,,,,0.0,0.0,0.5,1.0,1.0,0.0,1.0,1.0,1.0,0.0
573,07c652f78c0509a49,True,,,,,,,,,,0.5,0.0,0.5,1.0,0.36841339879366314,0.0,0.0,1.0,0.0,0.0
574,7eb1127a01c79ed76,True,,,,,,,,,,1.0,0.0,1.0,1.0,0.621945952334963,1.0,1.0,1.0,1.0,0.0
575,d039fdc59dc6803bb,True,,,,,,,,,,1.0,0.0,0.0,1.0,0.5381411981906413,1.0,1.0,1.0,1.0,0.0
576,a8e077fe91ae167df,True,,,,,,,,,,0.0,1.0,0.5,1.0,0.6099442700032421,0.0,1.0,1.0,1.0,0.0
577,c35b2274d82ebf3a1,True,,,,,,,,,,1.0,1.0,1.0,1.0,0.9776512018900053,1.0,1.0,1.0,1.0,0.9930160005906267
578,c303322f8c6fe45b9,True,,,,,,,,,,1.0,1.0,1.0,1.0,1.0,1.0,0.0,1.0,1.0,0.875
579,b7f7527c14d0de1ef,True,,,,,,,,,,1.0,0.0,0.0,1.0,1.0,1.0,0.0,1.0,1.0,0.0
580,9632710f733828256,True,,,,,,,,,,1.0,0.0,0.0,1.0,0.954415359059081,1.0,0.0,1.0,1.0,0.0
581,57eb7d1fb4d00dce9,True,,,,,,,,,,1.0,1.0,1.0,1.0,0.6135305038111449,1.0,0.0,1.0,1.0,0.7542282824409827
582,63587c0f95bcdef4c,True,,,,,,,,,,1.0,0.0,0.5,1.0,1.0,1.0,0.0,1.0,1.0,0.0
583,87f3ff9f4e16ee2e1,True,,,,,,,,,,0.0,0.0,0.0,1.0,1.0,0.0,0.0,1.0,0.0,0.0
584,1e76d24e6c9b36a12,True,,,,,,,,,,1.0,0.0,1.0,1.0,0.9465528604282438,1.0,0.0,1.0,1.0,0.0
585,120c21d6c27040aa9,True,,,,,,,,,,1.0,1.0,1.0,1.0,0.30122162213978326,1.0,1.0,1.0,1.0,0.7816317569186823
586,cbb71f7b0aeef65da,True,,,,,,,,,,1.0,1.0,1.0,1.0,0.0014314048529424663,1.0,0.0,1.0,1.0,0.5629473140165445
587,82fb1914f91a82579,True,,,,,,,,,,1.0,0.0,0.0,1.0,0.6454479867287257,1.0,0.0,1.0,1.0,0.0
588,b88788ff5a11cb94f,True,,,,,,,,,,1.0,1.0,1.0,1.0,0.13030290598192223,1.0,1.0,1.0,1.0,0.7282196581193507
589,94c404a1f903addc1,True,,,,,,,,,,1.0,1.0,1.0,1.0,0.009108502440550316,1.0,1.0,1.0,1.0,0.6903464070126719
590,c3d1977a554fb24b2,True,,,,,,,,,,0.0,0.0,0.5,1.0,0.5068764815126037,0.0,0.0,1.0,1.0,0.0
591,703b1c2f2088dc549,True,,,,,,,,,,0.0,0.0,1.0,1.0,1.0,0.0,1.0,1.0,1.0,0.0
592,f0d9c76a3b3a29839,True,,,,,,,,,,1.0,1.0,1.0,1.0,1.0,1.0,0.0,1.0,0.0,0.75
593,3eee54f31bcaed95d,True,,,,,,,,,,1.0,0.0,0.5,1.0,0.48974687116062676,1.0,1.0,1.0,0.0,0.0
594,fc25d83ed4ec8aaad,True,,,,,,,,,,1.0,1.0,1.0,1.0,0.0028885069599070474,1.0,0.0,1.0,1.0,0.563402658424971
595,6e6061d855992b2c3,True,,,,,,,,,,1.0,1.0,1.0,1.0,0.19476118984196528,1.0,1.0,1.0,1.0,0.7483628718256141
596,1fbe931a028dff6f9,True,,,,,,,,,,1.0,0.0,0.0,1.0,1.0,1.0,0.0,1.0,1.0,0.0
597,9419f81f3116fcd08,True,,,,,,,,,,0.0,1.0,0.5,1.0,1.0,0.0,1.0,1.0,1.0,0.0
598,c73438b8126946550,True,,,,,,,,,,1.0,1.0,1.0,1.0,0.6952795218545386,1.0,0.0,1.0,1.0,0.7797748505795433
599,62660d36960de718f,True,,,,,,,,,,1.0,1.0,1.0,1.0,0.3614245801094642,1.0,1.0,1.0,1.0,0.8004451812842075
600,64817a4fdc07fc93a,True,,,,,,,,,,1.0,1.0,1.0,1.0,0.0,1.0,0.0,1.0,1.0,0.5625
601,5c23f7f4493bf911d,True,,,,,,,,,,1.0,1.0,0.5,1.0,0.5723816425293727,1.0,0.0,1.0,1.0,0.3706846316452145
602,bf8b68552794d8026,True,,,,,,,,,,1.0,0.0,0.5,1.0,0.5600705370443673,1.0,1.0,1.0,0.0,0.0
603,344138bb06fa0b513,True,,,,,,,,,,1.0,0.0,1.0,1.0,1.0,1.0,0.0,1.0,1.0,0.0
604,f5714362919202c36,True,,,,,,,,,,1.0,1.0,1.0,1.0,0.009168657993920758,1.0,1.0,1.0,1.0,0.6903652056231002
605,50bb35a33ba92cd52,True,,,,,,,,,,1.0,1.0,1.0,1.0,0.26009991566083596,1.0,1.0,1.0,1.0,0.7687812236440112
606,bccc789380086dadb,True,,,,,,,,,,1.0,1.0,1.0,1.0,0.851697400162223,1.0,0.0,1.0,1.0,0.8286554375506947
607,cf74c1bc63f84da49,True,,,,,,,,,,1.0,1.0,1.0,1.0,1.0,1.0,1.0,1.0,1.0,1.0
608,53932082fb71ad6d8,True,,,,,,,,,,1.0,0.0,1.0,1.0,0.34590359338930465,1.0,0.0,1.0,1.0,0.0
609,90560af9aba9040f6,True,,,,,,,,,,1.0,1.0,0.5,1.0,0.9303116687073785,1.0,0.0,1.0,1.0,0.4266111982355279
610,2c09013af79e257fd,True,,,,,,,,,,1.0,0.0,0.5,1.0,0.6093899144975196,1.0,0.0,1.0,1.0,0.0
611,db8ce7c16bd7a04ef,True,,,,,,,,,,1.0,0.0,1.0,1.0,0.43757461533485387,1.0,0.0,1.0,1.0,0.0
612,f66f81ffd843802cd,True,,,,,,,,,,0.0,0.0,0.0,1.0,1.0,0.0,0.0,1.0,0.0,0.0
613,217065a6aefbd8186,True,,,,,,,,,,0.0,0.0,0.5,1.0,0.27647017576151234,0.0,0.0,1.0,0.0,0.0
614,aae1be1d1482069d0,True,,,,,,,,,,0.0,0.0,0.0,1.0,1.0,0.0,0.0,1.0,1.0,0.0
615,769c42d02e0f583b2,True,,,,,,,,,,1.0,1.0,0.5,1.0,1.0,1.0,0.0,1.0,1.0,0.4375
616,2407bd58b67ea70b2,True,,,,,,,,,,0.5,0.0,1.0,1.0,0.7236870884781321,1.0,0.0,1.0,1.0,0.0
617,a1a35da673b8752f6,True,,,,,,,,,,1.0,1.0,1.0,1.0,0.37046389537869245,1.0,1.0,1.0,1.0,0.8032699673058414
618,d853fa4b72196af01,True,,,,,,,,,,0.0,1.0,1.0,1.0,1.0,0.0,1.0,1.0,1.0,0.0
619,953bd3451def71fb4,True,,,,,,,,,,1.0,1.0,1.0,1.0,0.13914497721871288,1.0,1.0,1.0,1.0,0.7309828053808478
620,cffdc69f30e1aeda2,True,,,,,,,,,,1.0,1.0,1.0,1.0,1.0,1.0,1.0,1.0,1.0,1.0
621,cc716ed59dd6f0250,True,,,,,,,,,,1.0,1.0,1.0,1.0,0.1539413051065957,1.0,1.0,1.0,0.0,0.6106066578458111
622,5b491d7bff86c3e61,True,,,,,,,,,,1.0,1.0,1.0,1.0,0.2835091173619615,1.0,1.0,1.0,1.0,0.776096599175613
623,52454445f992935d8,True,,,,,,,,,,1.0,0.0,0.5,1.0,1.0,1.0,1.0,1.0,1.0,0.0
624,b04390988b4a74994,True,,,,,,,,,,1.0,1.0,1.0,1.0,0.46927430113299023,1.0,1.0,1.0,1.0,0.8341482191040595
625,49d2336208d2cac37,True,,,,,,,,,,1.0,0.0,0.0,1.0,1.0,1.0,0.0,1.0,1.0,0.0
626,aacc85e9299b2ee56,True,,,,,,,,,,1.0,0.0,0.0,1.0,1.0,1.0,0.0,1.0,0.0,0.0
627,151d16ac2d96ae161,True,,,,,,,,,,1.0,1.0,1.0,1.0,1.0,1.0,1.0,1.0,1.0,1.0
628,d1c72c5965ad4f57e,True,,,,,,,,,,1.0,0.0,0.0,1.0,0.27690732372037463,1.0,0.0,0.0,0.0,0.0
629,5d4aa32c37f581673,True,,,,,,,,,,1.0,1.0,1.0,1.0,1.0,0.0,0.0,1.0,0.0,0.4375
630,e855857341cd72c99,True,,,,,,,,,,1.0,0.0,1.0,1.0,0.8075977943564832,1.0,1.0,1.0,1.0,0.0
631,ac3ff7df2071920ad,True,,,,,,,,,,1.0,1.0,1.0,1.0,1.0,1.0,0.0,1.0,0.0,0.75
632,f6ee18e1982a51d52,True,,,,,,,,,,1.0,1.0,1.0,1.0,0.08146278796765237,1.0,1.0,1.0,1.0,0.7129571212398913
633,75bc6c0b77408dcd2,True,,,,,,,,,,1.0,1.0,1.0,1.0,1.0,1.0,1.0,1.0,1.0,1.0
634,7ff58b20e56a787e0,True,,,,,,,,,,0.0,0.0,0.0,1.0,1.0,0.0,0.0,1.0,0.0,0.0
635,7acc87fed29fbe645,True,,,,,,,,,,1.0,0.0,0.5,1.0,1.0,1.0,0.0,1.0,1.0,0.0
636,87c28ad76ca252469,True,,,,,,,,,,1.0,1.0,1.0,1.0,1.0,1.0,0.0,1.0,1.0,0.875
637,35af9247ec4aef73d,True,,,,,,,,,,1.0,0.0,1.0,1.0,0.8163119689563616,1.0,0.0,1.0,1.0,0.0
638,946712c7d5a1cec37,True,,,,,,,,,,0.0,0.0,0.0,1.0,1.0,0.0,0.0,1.0,1.0,0.0
639,24d58aedbf92c910a,True,,,,,,,,,,1.0,0.0,0.0,1.0,0.8517887612610247,1.0,0.0,1.0,1.0,0.0
640,15ab133cee3e14b85,True,,,,,,,,,,0.0,0.0,0.0,1.0,1.0,0.0,1.0,0.0,0.0,0.0
641,b4c09963d7ae450c8,True,,,,,,,,,,0.0,0.0,0.5,1.0,1.0,0.0,1.0,1.0,0.0,0.0
642,aded499bdbf17f962,True,,,,,,,,,,0.0,0.0,1.0,1.0,1.0,0.0,0.0,1.0,1.0,0.0
643,e0b4f883827dd8c7f,True,,,,,,,,,,1.0,1.0,1.0,1.0,0.2397180839092808,1.0,1.0,1.0,1.0,0.7624119012216503
644,32dda48eecd064f26,True,,,,,,,,,,1.0,1.0,1.0,1.0,0.29737054577800986,1.0,0.0,1.0,1.0,0.6554282955556281
645,558bb29151a7f95b1,True,,,,,,,,,,0.0,0.0,1.0,1.0,1.0,0.0,0.0,1.0,1.0,0.0
646,5a6b5af2e36371f17,True,,,,,,,,,,1.0,1.0,1.0,1.0,0.0,1.0,1.0,1.0,1.0,0.6875
647,299f646dfb858774d,True,,,,,,,,,,1.0,0.0,0.0,1.0,1.0,1.0,0.0,1.0,1.0,0.0
648,18baf55921621bf61,True,,,,,,,,,,0.0,0.0,1.0,0.0,1.0,0.0,1.0,1.0,1.0,0.0
649,45eccc47d6cb959e7,True,,,,,,,,,,1.0,1.0,1.0,1.0,0.0,1.0,1.0,1.0,1.0,0.6875
650,427e704f6c39ca2c4,True,,,,,,,,,,1.0,1.0,1.0,1.0,0.02642223288995094,1.0,1.0,1.0,1.0,0.6957569477781096
651,66f2ad1b5f1ca119d,True,,,,,,,,,,1.0,0.0,0.5,1.0,0.6510319825617993,1.0,0.0,1.0,1.0,0.0
652,d27053118101aa310,True,,,,,,,,,,1.0,1.0,1.0,1.0,0.0038014315675071056,1.0,0.0,1.0,1.0,0.563687947364846
653,d0edf77b02ddc46df,True,,,,,,,,,,1.0,0.0,0.0,1.0,1.0,1.0,0.0,1.0,0.0,0.0
654,7d026bbe1e37cd6bf,True,,,,,,,,,,1.0,0.0,0.5,1.0,1.0,1.0,1.0,1.0,1.0,0.0
655,5220d7e21ab6ff818,True,,,,,,,,,,1.0,1.0,1.0,1.0,0.17425697339981222,1.0,1.0,1.0,0.0,0.6169553041874414
656,97f0dfb7f9039bcb2,True,,,,,,,,,,0.0,1.0,1.0,1.0,1.0,0.0,1.0,0.0,0.0,0.0
657,19f59045564664e53,True,,,,,,,,,,1.0,0.0,0.5,1.0,1.0,1.0,0.0,1.0,0.0,0.0
658,63a044757376360cc,True,,,,,,,,,,1.0,0.0,0.0,1.0,0.8143884474804174,1.0,0.0,0.0,0.0,0.0
659,a19215a312654cd8f,True,,,,,,,,,,1.0,1.0,1.0,1.0,0.2586453019634727,1.0,1.0,1.0,1.0,0.7683266568635851
660,7f520a3f0158554b6,True,,,,,,,,,,0.0,0.0,0.0,1.0,1.0,0.0,0.0,1.0,1.0,0.0
661,16a87b4b1ab4b9fa6,True,,,,,,,,,,1.0,1.0,1.0,1.0,1.0,1.0,0.0,1.0,1.0,0.875
662,23ab7eb5b925e86ab,True,,,,,,,,,,1.0,1.0,0.5,1.0,1.0,1.0,0.0,1.0,1.0,0.4375
663,8d00654f6a07c6c75,True,,,,,,,,,,1.0,1.0,1.0,1.0,0.0,1.0,1.0,1.0,1.0,0.6875
664,00aa61063a3147cb9,True,,,,,,,,,,1.0,1.0,1.0,1.0,0.0,1.0,1.0,1.0,1.0,0.6875
665,7d17bb3bdf0937570,True,,,,,,,,,,1.0,1.0,1.0,1.0,0.0,1.0,0.0,1.0,1.0,0.5625
666,0f02c8c55a251c58b,True,,,,,,,,,,1.0,1.0,1.0,1.0,1.0,1.0,1.0,1.0,1.0,1.0
667,1549d79fb52ee0d4d,True,,,,,,,,,,1.0,0.0,1.0,1.0,0.7240726278559202,1.0,1.0,1.0,1.0,0.0
668,46738f7f1afe77303,True,,,,,,,,,,1.0,0.0,0.0,1.0,1.0,1.0,0.0,1.0,1.0,0.0
669,3e0f957bf14b2d2d9,True,,,,,,,,,,1.0,1.0,1.0,1.0,0.0,1.0,0.0,1.0,1.0,0.5625
670,546ea00bc8516f8dc,True,,,,,,,,,,1.0,0.0,0.0,1.0,1.0,1.0,0.0,1.0,1.0,0.0
671,893f024c9ae6bfd2c,True,,,,,,,,,,1.0,1.0,1.0,1.0,0.05723762239357155,1.0,1.0,1.0,1.0,0.7053867569979911
672,34112583ba024c56e,True,,,,,,,,,,1.0,1.0,1.0,1.0,1.0,1.0,1.0,1.0,1.0,1.0
673,ce0d18bc2635a901b,True,,,,,,,,,,0.0,1.0,0.0,1.0,0.9752088412372003,1.0,0.0,1.0,1.0,0.0
674,86a500b770f0588cb,True,,,,,,,,,,1.0,1.0,0.5,1.0,0.7172081499713394,1.0,1.0,1.0,0.0,0.39331377343302176
675,347e462886f69f614,True,,,,,,,,,,1.0,1.0,0.5,1.0,0.2663981884224522,1.0,0.0,1.0,1.0,0.32287471694100817
676,814fa66e0a997a168,True,,,,,,,,,,0.0,0.0,0.5,1.0,1.0,1.0,0.0,1.0,1.0,0.0
677,205bfe6adc22021bb,True,,,,,,,,,,1.0,0.0,1.0,1.0,0.2850886148504729,1.0,0.0,1.0,0.0,0.0
678,17b20f1abf2c81e8d,True,,,,,,,,,,1.0,0.0,0.5,1.0,1.0,1.0,0.0,1.0,0.0,0.0
679,9751b7e09b5514dd3,True,,,,,,,,,,1.0,1.0,1.0,1.0,1.0,1.0,1.0,1.0,1.0,1.0
680,493f74af0100c9223,True,,,,,,,,,,0.5,0.0,0.0,1.0,1.0,0.0,0.0,1.0,0.0,0.0
681,8b8b4f2749140ac7a,True,,,,,,,,,,1.0,1.0,0.5,1.0,0.5614322851056391,1.0,0.0,1.0,1.0,0.36897379454775614
682,1d9d3ed0717ab4ffd,True,,,,,,,,,,0.5,0.0,0.5,1.0,0.47288936924944247,0.0,0.0,1.0,0.0,0.0
683,a2c78b96705709dc4,True,,,,,,,,,,1.0,1.0,1.0,1.0,0.065896339438035,1.0,0.0,1.0,1.0,0.583092606074386
684,9157e54640172d150,True,,,,,,,,,,1.0,0.0,0.0,1.0,1.0,1.0,0.0,1.0,1.0,0.0
685,bc91ea0c9c2963c7e,True,,,,,,,,,,1.0,0.0,1.0,1.0,0.8944758649793344,1.0,1.0,1.0,0.0,0.0
686,cd9aed75f054bccb5,True,,,,,,,,,,1.0,1.0,1.0,1.0,0.10447448240212412,1.0,0.0,1.0,0.0,0.47014827575066376
687,19ef2d6f1a4a25124,True,,,,,,,,,,1.0,1.0,1.0,1.0,0.4241057625726128,1.0,0.0,1.0,1.0,0.6950330508039415
688,9a5b2373854e11383,True,,,,,,,,,,0.0,0.0,0.0,1.0,1.0,0.0,0.0,1.0,0.0,0.0
689,ce91aa0b54e55f85e,True,,,,,,,,,,1.0,1.0,1.0,1.0,0.2816592981292871,1.0,0.0,1.0,1.0,0.6505185306654022
690,36a0cef1b153a4f11,True,,,,,,,,,,1.0,1.0,1.0,1.0,0.42407118745998423,1.0,0.0,1.0,1.0,0.6950222460812451
691,ad43e2b3ade61b59c,True,,,,,,,,,,1.0,1.0,1.0,1.0,0.39652025182793404,1.0,0.0,1.0,1.0,0.6864125786962294
692,fe021b72b8b0cf19e,True,,,,,,,,,,1.0,0.0,0.5,1.0,1.0,1.0,0.0,1.0,1.0,0.0
693,246271906b5570c57,True,,,,,,,,,,1.0,0.0,0.5,1.0,0.6116758006718394,1.0,1.0,1.0,1.0,0.0
694,418477a920a7da811,True,,,,,,,,,,1.0,1.0,1.0,1.0,0.0016062886623506622,1.0,1.0,1.0,1.0,0.6880019652069846
695,5f6ba007265885758,True,,,,,,,,,,1.0,1.0,0.5,1.0,0.541964043663638,1.0,0.0,1.0,1.0,0.36593188182244346
696,2f12a482af4499e20,True,,,,,,,,,,1.0,1.0,1.0,1.0,0.13203573371201238,1.0,1.0,1.0,1.0,0.7287611667850038
697,e2156f59b76e7c195,True,,,,,,,,,,1.0,1.0,1.0,1.0,0.17280410072533292,1.0,1.0,1.0,1.0,0.7415012814766666
698,bf36dbafa15d4c261,True,,,,,,,,,,1.0,1.0,1.0,1.0,0.1775842423421906,1.0,1.0,1.0,1.0,0.7429950757319346
699,e0a3b2c921d0f6f6d,True,,,,,,,,,,1.0,1.0,1.0,1.0,0.0,1.0,1.0,1.0,1.0,0.6875
700,02693119b4e1bacb0,True,,,,,,,,,,1.0,0.0,0.5,1.0,0.24519220042445816,1.0,1.0,1.0,1.0,0.0
701,c00676be121eaac31,True,,,,,,,,,,0.0,0.0,0.0,1.0,1.0,0.0,0.0,1.0,0.0,0.0
702,8162ca210af0620b8,True,,,,,,,,,,1.0,1.0,1.0,1.0,0.9067462869949293,1.0,1.0,1.0,1.0,0.9708582146859155
703,f0da7e68f4547e66a,True,,,,,,,,,,0.0,0.0,1.0,1.0,1.0,0.0,0.0,1.0,0.0,0.0
704,4684692b32e909998,True,,,,,,,,,,1.0,1.0,1.0,1.0,0.43377076934706893,1.0,1.0,1.0,0.0,0.6980533654209591
705,a9c58159eca823219,True,,,,,,,,,,1.0,1.0,1.0,1.0,1.0,1.0,1.0,1.0,1.0,1.0
706,b77f2183b554e6641,True,,,,,,,,,,1.0,1.0,1.0,1.0,0.05667405209287238,1.0,1.0,1.0,1.0,0.7052106412790227
707,57226182464088f5d,True,,,,,,,,,,1.0,0.0,1.0,1.0,1.0,1.0,1.0,1.0,0.0,0.0
708,f11c7bd81d7370578,True,,,,,,,,,,1.0,1.0,1.0,1.0,0.7178487863535519,1.0,1.0,1.0,1.0,0.911827745735485
709,f2ee403d63c2cb379,True,,,,,,,,,,1.0,0.0,0.0,1.0,1.0,1.0,0.0,1.0,1.0,0.0
710,f3d789e129d07af8b,True,,,,,,,,,,1.0,0.0,0.0,1.0,0.9500226351198328,1.0,0.0,1.0,1.0,0.0
711,ddad060b5ec9428e3,True,,,,,,,,,,0.0,0.0,1.0,1.0,1.0,0.0,0.0,1.0,1.0,0.0
712,70543352531547cfd,True,,,,,,,,,,1.0,1.0,1.0,1.0,1.0,1.0,0.0,1.0,1.0,0.875
713,def4466c6854eed10,True,,,,,,,,,,0.0,0.0,0.0,1.0,1.0,0.0,0.0,1.0,1.0,0.0
714,c4e43258697fbd31e,True,,,,,,,,,,1.0,1.0,1.0,1.0,0.6793833986371944,1.0,1.0,1.0,1.0,0.8998073120741232
715,86d3c9d6518530872,True,,,,,,,,,,1.0,0.0,0.0,1.0,0.9919737584438484,1.0,1.0,1.0,1.0,0.0
716,96e86e9c0ae1056bf,True,,,,,,,,,,0.0,1.0,1.0,1.0,1.0,0.0,1.0,1.0,0.0,0.0
717,4142c2fdf6fa0139a,True,,,,,,,,,,1.0,0.0,1.0,0.0,1.0,1.0,1.0,1.0,1.0,0.0
718,d9229c0f61c8ff48a,True,,,,,,,,,,1.0,1.0,1.0,1.0,0.0,1.0,1.0,1.0,1.0,0.6875
719,1212d2f99f183cece,True,,,,,,,,,,1.0,0.0,1.0,1.0,0.45297801582664404,1.0,1.0,1.0,1.0,0.0
720,fd6e363385145a378,True,,,,,,,,,,1.0,0.0,0.0,1.0,1.0,1.0,0.0,1.0,1.0,0.0
721,0e0c4a0cc9feb9612,True,,,,,,,,,,1.0,1.0,1.0,1.0,0.019904047144948322,1.0,0.0,1.0,1.0,0.5687200147327964
722,4d59b2a4c64101d41,True,,,,,,,,,,1.0,1.0,1.0,1.0,0.6309671518588198,1.0,1.0,1.0,1.0,0.8846772349558811
723,5fb47f166e5559387,True,,,,,,,,,,1.0,1.0,1.0,1.0,0.0,1.0,0.0,1.0,1.0,0.5625
724,816c667298ca2d859,True,,,,,,,,,,1.0,0.0,0.5,1.0,0.9252595501549011,1.0,0.0,1.0,1.0,0.0
725,7e1f129d7bf7e7065,True,,,,,,,,,,1.0,1.0,1.0,1.0,0.0,1.0,1.0,1.0,1.0,0.6875
726,69958b4858f9aa696,True,,,,,,,,,,1.0,1.0,1.0,1.0,0.0366875303757937,1.0,1.0,1.0,1.0,0.6989648532424355
727,ed038c1798a7006eb,True,,,,,,,,,,0.0,1.0,1.0,0.0,1.0,0.0,0.0,1.0,1.0,0.0
728,807ac1c906c9cfc44,True,,,,,,,,,,1.0,1.0,1.0,1.0,0.6687596429115883,1.0,1.0,1.0,1.0,0.8964873884098714
729,f9b79d00824722fc5,True,,,,,,,,,,0.0,0.0,0.5,1.0,0.8655508178400764,0.0,0.0,1.0,0.0,0.0
730,5eda23d004b1120db,True,,,,,,,,,,1.0,0.0,0.0,1.0,0.5725381077655644,1.0,0.0,1.0,0.0,0.0
731,d216a742018af5843,True,,,,,,,,,,1.0,0.0,0.0,1.0,1.0,1.0,0.0,1.0,1.0,0.0
732,f1020928f69a09709,True,,,,,,,,,,1.0,0.0,0.0,1.0,1.0,1.0,0.0,1.0,1.0,0.0
733,ee30df8e553e929cb,True,,,,,,,,,,0.0,0.0,1.0,1.0,1.0,0.0,1.0,1.0,1.0,0.0
734,8081e2cd26d042444,True,,,,,,,,,,1.0,1.0,1.0,1.0,1.0,1.0,1.0,1.0,1.0,1.0
735,b19a34b568608122f,True,,,,,,,,,,1.0,0.0,0.0,1.0,0.9621869317825578,1.0,0.0,1.0,1.0,0.0
736,ff06d29f106ca64e4,True,,,,,,,,,,1.0,1.0,1.0,1.0,0.9405472698122255,1.0,0.0,1.0,1.0,0.8564210218163204
737,2730c2af7fa40d559,True,,,,,,,,,,1.0,1.0,1.0,1.0,1.0,1.0,1.0,1.0,1.0,1.0
738,e03e2999009dbd343,True,,,,,,,,,,1.0,1.0,1.0,1.0,0.10565176920877774,1.0,0.0,1.0,1.0,0.595516177877743
739,ef43f59a6f819d9a6,True,,,,,,,,,,1.0,1.0,1.0,1.0,0.06222893231772785,1.0,1.0,1.0,1.0,0.7069465413492899
740,b02622c8d05a2a7ab,True,,,,,,,,,,1.0,1.0,1.0,1.0,0.5576222267111635,1.0,0.0,1.0,1.0,0.7367569458472386
741,2f24eb49857240d79,True,,,,,,,,,,1.0,1.0,1.0,1.0,1.0,1.0,1.0,1.0,1.0,1.0
742,bc91b5b7dc430b04d,True,,,,,,,,,,1.0,0.0,0.0,1.0,1.0,1.0,0.0,1.0,1.0,0.0
743,621583964b8d7bc4a,True,,,,,,,,,,0.0,1.0,1.0,1.0,0.8301248644042396,1.0,1.0,1.0,0.0,0.0
744,944ac9576ebfdb76e,True,,,,,,,,,,1.0,1.0,1.0,1.0,1.0,1.0,1.0,1.0,1.0,1.0
745,88685892fa01fcedf,True,,,,,,,,,,1.0,0.0,0.5,1.0,1.0,1.0,0.0,1.0,1.0,0.0
746,21c67a61bb969877f,True,,,,,,,,,,1.0,1.0,1.0,1.0,1.0,1.0,0.0,1.0,1.0,0.875
747,f2d69faa21d148235,True,,,,,,,,,,0.0,0.0,0.0,1.0,0.9413089629696075,0.0,0.0,1.0,1.0,0.0
748,bfee1080de1fa0853,True,,,,,,,,,,0.0,0.0,1.0,1.0,1.0,0.0,0.0,1.0,1.0,0.0
749,91df963d13c291bb9,True,,,,,,,,,,0.5,0.0,0.0,1.0,0.5886928867092164,0.0,0.0,1.0,0.0,0.0
750,71652a0843409669f,True,,,,,,,,,,0.0,0.0,0.0,1.0,1.0,0.0,0.0,1.0,1.0,0.0
751,47799590d39799760,True,,,,,,,,,,1.0,0.0,1.0,1.0,1.0,1.0,1.0,1.0,1.0,0.0
752,e4a4cf72a6a92f620,True,,,,,,,,,,1.0,1.0,1.0,1.0,0.0,1.0,0.0,0.0,1.0,0.4375
753,5907808b0fa7fc555,True,,,,,,,,,,1.0,1.0,1.0,1.0,0.2551941225885311,1.0,1.0,1.0,1.0,0.767248163308916
754,b8adc6e76a36fd705,True,,,,,,,,,,1.0,1.0,0.0,1.0,0.4448494023546369,1.0,0.0,1.0,1.0,0.0
755,a9a2a4ccbd1a06bee,True,,,,,,,,,,1.0,0.0,1.0,1.0,1.0,1.0,1.0,1.0,1.0,0.0
756,f41a422f052cd19d9,True,,,,,,,,,,1.0,0.0,0.0,1.0,1.0,1.0,1.0,1.0,1.0,0.0
757,63f0437b508ffc626,True,,,,,,,,,,0.0,0.0,0.0,1.0,1.0,0.0,0.0,1.0,0.0,0.0
758,cd892a7201a57c9b3,True,,,,,,,,,,1.0,1.0,0.5,1.0,0.5149156115479541,1.0,0.0,1.0,1.0,0.36170556430436784
759,0437e4fe123ba7e19,True,,,,,,,,,,1.0,1.0,1.0,1.0,0.0,1.0,1.0,1.0,1.0,0.6875
760,5864544991537f112,True,,,,,,,,,,0.0,0.0,0.0,1.0,1.0,0.0,0.0,1.0,1.0,0.0
761,b4ad9997db888e2b4,True,,,,,,,,,,1.0,1.0,1.0,1.0,0.02782554662437313,1.0,0.0,1.0,1.0,0.5711954833201166
762,c7e0e6deef7f0758e,True,,,,,,,,,,1.0,0.0,0.0,1.0,0.6198673689455967,1.0,0.0,1.0,1.0,0.0
763,04635beeb994d0ded,True,,,,,,,,,,1.0,0.0,0.0,1.0,1.0,1.0,0.0,1.0,0.0,0.0
764,915f97c98701afaae,True,,,,,,,,,,1.0,0.0,0.0,1.0,0.6642158748167948,0.0,0.0,1.0,1.0,0.0
765,38a3f728f0878e6c6,True,,,,,,,,,,1.0,0.0,0.0,0.0,1.0,0.0,0.0,1.0,0.0,0.0
766,103886298090f6b5a,True,,,,,,,,,,0.0,0.0,0.5,1.0,1.0,0.0,0.0,1.0,1.0,0.0
767,aeec01880eb4ba54b,True,,,,,,,,,,1.0,0.0,1.0,1.0,1.0,1.0,0.0,1.0,1.0,0.0
768,51d3d62e78d712283,True,,,,,,,,,,0.0,1.0,1.0,1.0,1.0,0.0,0.0,1.0,1.0,0.0
769,2b1cf649494f9cd62,True,,,,,,,,,,1.0,0.0,0.0,1.0,1.0,1.0,0.0,1.0,0.0,0.0
770,87b88ec189315a232,True,,,,,,,,,,1.0,1.0,1.0,1.0,0.11177835819018041,1.0,1.0,1.0,1.0,0.7224307369344314
771,b7f83635c23a2a5d8,True,,,,,,,,,,1.0,0.0,0.5,1.0,1.0,0.0,0.0,1.0,1.0,0.0
772,f573807ec3756dc53,True,,,,,,,,,,1.0,0.0,0.0,1.0,0.879333172642439,1.0,0.0,1.0,1.0,0.0
773,860bdda18ca280ead,True,,,,,,,,,,1.0,0.0,0.0,1.0,1.0,1.0,0.0,1.0,1.0,0.0
774,271b906800ea0cf57,True,,,,,,,,,,0.0,0.0,1.0,1.0,1.0,1.0,0.0,1.0,1.0,0.0
775,ba9155b84dc322eac,True,,,,,,,,,,1.0,0.0,1.0,1.0,0.6342904196838086,1.0,0.0,1.0,1.0,0.0
776,a5fd097616c7708db,True,,,,,,,,,,1.0,1.0,1.0,1.0,1.0,1.0,0.0,1.0,1.0,0.875
777,01d8a706eb3443501,True,,,,,,,,,,1.0,0.0,0.0,1.0,1.0,1.0,1.0,1.0,1.0,0.0
778,dd6072ab6974966f7,True,,,,,,,,,,1.0,0.0,0.5,1.0,1.0,1.0,0.0,1.0,1.0,0.0
779,d8df0e75d22679cef,True,,,,,,,,,,0.0,1.0,0.0,1.0,1.0,0.0,0.0,1.0,1.0,0.0
780,fe70456ec5ebc1918,True,,,,,,,,,,1.0,1.0,1.0,1.0,0.07257830229728798,1.0,1.0,1.0,1.0,0.7101807194679025
781,f0150096a41797505,True,,,,,,,,,,1.0,1.0,0.5,1.0,1.0,1.0,0.0,1.0,1.0,0.4375
782,ef01e0a3e1ff9b43f,True,,,,,,,,,,1.0,0.0,1.0,1.0,0.45253566863622224,1.0,0.0,1.0,1.0,0.0
783,0a3d875284dd62305,True,,,,,,,,,,1.0,1.0,1.0,1.0,0.33052759070297927,1.0,1.0,1.0,1.0,0.790789872094681
784,48bf246ac8952b23d,True,,,,,,,,,,1.0,0.0,0.0,1.0,1.0,1.0,0.0,1.0,0.0,0.0
785,524162acddc61c61a,True,,,,,,,,,,1.0,0.0,1.0,1.0,1.0,0.0,1.0,1.0,1.0,0.0
786,454ed2035bb0054fb,True,,,,,,,,,,1.0,1.0,1.0,1.0,0.3333678147005304,1.0,1.0,1.0,1.0,0.7916774420939158
787,69f1ebdf6731c7c70,True,,,,,,,,,,1.0,1.0,1.0,1.0,0.13398986116791647,1.0,1.0,1.0,1.0,0.7293718316149739
788,4ffc297962a8fbd17,True,,,,,,,,,,1.0,0.0,0.5,1.0,1.0,1.0,0.0,1.0,0.0,0.0
789,32b8d38d96342e28b,True,,,,,,,,,,1.0,0.0,1.0,1.0,0.3286856483924254,1.0,1.0,1.0,1.0,0.0
790,a8066d7e843deda8f,True,,,,,,,,,,1.0,1.0,1.0,1.0,1.0,1.0,1.0,1.0,0.0,0.875
791,6993cc3dbf9cc86cf,True,,,,,,,,,,0.0,0.0,1.0,1.0,1.0,0.0,0.0,1.0,1.0,0.0
792,742919271b6be5815,True,,,,,,,,,,1.0,1.0,0.0,1.0,1.0,1.0,0.0,1.0,1.0,0.0
793,52273aa3c8bd19695,True,,,,,,,,,,0.0,0.0,0.0,1.0,1.0,0.0,0.0,1.0,0.0,0.0
794,3be7098579628f9d1,True,,,,,,,,,,0.0,1.0,1.0,1.0,1.0,0.0,1.0,1.0,0.0,0.0
795,73b46033e2af4eb96,True,,,,,,,,,,1.0,1.0,1.0,1.0,0.1055759419751279,1.0,0.0,1.0,1.0,0.5954924818672275
796,c1bf650dac02cb0f8,True,,,,,,,,,,0.0,0.0,0.0,1.0,1.0,0.0,0.0,1.0,1.0,0.0
797,b83ed44f0a4151018,True,,,,,,,,,,1.0,1.0,1.0,1.0,1.0,1.0,1.0,1.0,0.0,0.875
798,9895d084a0042fff3,True,,,,,,,,,,1.0,1.0,1.0,1.0,0.8588663864448235,1.0,1.0,1.0,1.0,0.9558957457640074
799,1a7308db2e3923b30,True,,,,,,,,,,1.0,0.0,0.5,1.0,0.5151192056059593,1.0,1.0,1.0,1.0,0.0
800,1dcbc0a4f06515ca6,True,,,,,,,,,,1.0,0.0,0.5,1.0,0.43499722236198785,1.0,0.0,1.0,1.0,0.0
801,3638bc9577d1ebfa6,True,,,,,,,,,,0.0,0.0,0.0,1.0,1.0,0.0,0.0,0.0,0.0,0.0
802,63aab11dd75c78ad2,True,,,,,,,,,,1.0,1.0,1.0,1.0,0.6063848759806091,1.0,1.0,1.0,0.0,0.7519952737439404
803,d1982bae71566acc5,True,,,,,,,,,,0.0,0.0,1.0,1.0,1.0,0.0,0.0,1.0,1.0,0.0
804,f1e82aeab9ae98314,True,,,,,,,,,,1.0,1.0,1.0,1.0,0.0,1.0,1.0,1.0,1.0,0.6875
805,842c77c109ef3215c,True,,,,,,,,,,1.0,0.0,0.5,1.0,1.0,1.0,0.0,1.0,0.0,0.0
806,16d41ea13c0836f9f,True,,,,,,,,,,1.0,1.0,0.0,1.0,1.0,1.0,0.0,1.0,1.0,0.0
807,4a6a0597bd6bf2f20,True,,,,,,,,,,1.0,1.0,1.0,1.0,0.0,1.0,1.0,1.0,1.0,0.6875
808,b638486d7d50a3d60,True,,,,,,,,,,0.0,1.0,1.0,1.0,1.0,0.0,1.0,1.0,1.0,0.0
809,bfa4c1bdc4387e96e,True,,,,,,,,,,1.0,1.0,1.0,1.0,0.5268953757192478,1.0,0.0,1.0,1.0,0.7271548049122649
810,11b6577b5cc201594,True,,,,,,,,,,0.0,1.0,1.0,1.0,1.0,0.0,1.0,1.0,1.0,0.0
811,b5be28ec54c28eea8,True,,,,,,,,,,1.0,0.0,0.0,1.0,1.0,1.0,0.0,1.0,1.0,0.0
812,7447fa48c5294d130,True,,,,,,,,,,1.0,0.0,0.5,1.0,1.0,1.0,0.0,1.0,1.0,0.0
813,c279c0b2210285c1f,True,,,,,,,,,,0.5,0.0,0.0,1.0,1.0,0.0,0.0,1.0,0.0,0.0
814,b0c55df9228d485bb,True,,,,,,,,,,1.0,0.0,1.0,1.0,0.8020724795825923,1.0,0.0,1.0,1.0,0.0
815,a1de70408377fb037,True,,,,,,,,,,1.0,1.0,0.5,1.0,0.8714490242482834,1.0,1.0,1.0,1.0,0.47991391003879424
816,d409509cfbf993fc3,True,,,,,,,,,,1.0,1.0,1.0,1.0,1.0,1.0,0.0,1.0,1.0,0.875
817,50ca93bd394c4a025,True,,,,,,,,,,1.0,1.0,1.0,1.0,1.0,1.0,1.0,1.0,1.0,1.0
818,3f501988e5d39bd03,True,,,,,,,,,,1.0,1.0,1.0,1.0,0.029647306870147327,1.0,0.0,1.0,1.0,0.571764783396921
819,69e3a503f78a651d2,True,,,,,,,,,,1.0,1.0,1.0,0.0,1.0,1.0,1.0,1.0,1.0,0.0
820,d9cc3b5dd80f7b6bd,True,,,,,,,,,,1.0,0.0,1.0,1.0,0.5876591286112799,1.0,1.0,1.0,1.0,0.0
821,b5026163c611c7730,True,,,,,,,,,,1.0,1.0,1.0,1.0,0.9724501713678065,1.0,1.0,1.0,1.0,0.9913906785524396
822,e5dbf5ca6877249cf,True,,,,,,,,,,0.0,1.0,1.0,1.0,1.0,0.0,1.0,1.0,1.0,0.0
823,2bf1c7fc03ffaa988,True,,,,,,,,,,1.0,0.0,0.0,1.0,0.8097463988682712,1.0,0.0,1.0,0.0,0.0
824,a34f2a190f165bd3c,True,,,,,,,,,,1.0,1.0,1.0,1.0,0.5092060786467555,1.0,1.0,1.0,0.0,0.7216268995771111
825,f74e8cda8ff469419,True,,,,,,,,,,1.0,0.0,1.0,1.0,1.0,1.0,1.0,1.0,1.0,0.0
826,92454a3fd96f7dc58,True,,,,,,,,,,1.0,1.0,1.0,1.0,1.0,1.0,1.0,1.0,1.0,1.0
827,5d5f36ba279588ae3,True,,,,,,,,,,1.0,0.0,0.0,1.0,1.0,1.0,1.0,1.0,0.0,0.0
828,d7b9e3963f7cb14e1,True,,,,,,,,,,1.0,1.0,1.0,1.0,0.6715948836603947,1.0,1.0,1.0,1.0,0.8973734011438733
829,a9e0e52d177dd7f09,True,,,,,,,,,,1.0,0.0,0.0,1.0,1.0,1.0,0.0,1.0,1.0,0.0
830,2a16480d68428e775,True,,,,,,,,,,1.0,1.0,1.0,1.0,0.01636421373838596,1.0,1.0,1.0,1.0,0.6926138167932456
831,38d50c91468fbe6e5,True,,,,,,,,,,1.0,1.0,1.0,1.0,0.06972843073511611,1.0,0.0,1.0,1.0,0.5842901346047238
832,0d322fa61ecc39416,True,,,,,,,,,,1.0,1.0,1.0,1.0,0.5940393212391389,1.0,1.0,1.0,1.0,0.8731372878872309
833,43dd11b817c6bdaa8,True,,,,,,,,,,1.0,1.0,1.0,1.0,0.8182718230997358,1.0,0.0,1.0,1.0,0.8182099447186675
834,bd7729f8ddc18f827,True,,,,,,,,,,1.0,1.0,1.0,1.0,0.3383227978126062,1.0,0.0,1.0,1.0,0.6682258743164394
835,02c332ea4953567c5,True,,,,,,,,,,1.0,0.0,0.5,1.0,1.0,1.0,1.0,1.0,1.0,0.0
836,5cfc1b909ca5a6869,True,,,,,,,,,,1.0,0.0,0.0,1.0,1.0,1.0,0.0,1.0,1.0,0.0
837,266ccdfd658c4fe17,True,,,,,,,,,,1.0,1.0,0.5,1.0,1.0,1.0,0.0,1.0,1.0,0.4375
838,6dc61a791e23a0224,True,,,,,,,,,,1.0,1.0,1.0,1.0,0.32519333244471865,1.0,1.0,1.0,1.0,0.7891229163889746
839,aa06b6b1578ec1270,True,,,,,,,,,,1.0,1.0,1.0,1.0,0.0,1.0,1.0,1.0,1.0,0.6875
840,c37d82f1251543152,True,,,,,,,,,,1.0,0.0,0.0,1.0,0.8027885907813874,1.0,0.0,1.0,1.0,0.0
841,a092442b5e964fcce,True,,,,,,,,,,0.0,0.0,0.5,1.0,1.0,0.0,0.0,1.0,1.0,0.0
842,0ea26c79c5e97b269,True,,,,,,,,,,1.0,1.0,1.0,1.0,0.3807043771967753,1.0,0.0,1.0,1.0,0.6814701178739923
843,38e9599c6c91e204f,True,,,,,,,,,,1.0,0.0,0.5,1.0,1.0,1.0,0.0,1.0,0.0,0.0
844,5bf5914f66c7794ef,True,,,,,,,,,,1.0,0.0,0.5,1.0,0.5289622744137077,1.0,0.0,1.0,1.0,0.0
845,cff10d121d9ee4a1a,True,,,,,,,,,,1.0,1.0,0.5,1.0,0.580495210226062,1.0,0.0,1.0,1.0,0.3719523765978222
846,1c913239e8b6739a5,True,,,,,,,,,,1.0,0.0,0.5,1.0,0.39064202166259815,1.0,0.0,1.0,1.0,0.0
847,bd8218a7ee5744998,True,,,,,,,,,,1.0,1.0,1.0,1.0,0.11458041151319209,1.0,1.0,1.0,1.0,0.7233063785978725
848,e0d627ef80faeebd6,True,,,,,,,,,,0.0,0.0,0.0,1.0,1.0,0.0,0.0,1.0,1.0,0.0
849,742d03b2d943caa9e,True,,,,,,,,,,1.0,1.0,1.0,1.0,0.29199681462399646,1.0,1.0,1.0,1.0,0.778749004569999
850,13ec6e28d3c1a20c1,True,,,,,,,,,,0.0,0.0,1.0,1.0,1.0,0.0,0.0,1.0,1.0,0.0
851,d438ad9624b532d1a,True,,,,,,,,,,1.0,1.0,0.0,1.0,0.8497853992618597,1.0,0.0,1.0,1.0,0.0
852,e569c39fb04197d73,True,,,,,,,,,,1.0,1.0,1.0,1.0,0.06817052697379222,1.0,1.0,1.0,0.0,0.5838032896793101
853,9a5ec15b58d715b9c,True,,,,,,,,,,1.0,1.0,1.0,1.0,0.0,1.0,1.0,1.0,1.0,0.6875
854,0d85be806c3ea78b8,True,,,,,,,,,,1.0,1.0,1.0,1.0,1.0,1.0,0.0,1.0,1.0,0.875
855,f48375618b581af7d,True,,,,,,,,,,1.0,0.0,0.0,1.0,1.0,1.0,1.0,1.0,0.0,0.0
856,3637ec99fe87c7406,True,,,,,,,,,,1.0,1.0,0.5,1.0,0.5662160875742833,1.0,0.0,1.0,1.0,0.3697212636834818
857,144eb49ce2929f8ea,True,,,,,,,,,,1.0,1.0,1.0,1.0,1.0,1.0,1.0,1.0,1.0,1.0
858,42dea16d984c67d19,True,,,,,,,,,,0.0,0.0,0.0,1.0,1.0,0.0,0.0,1.0,0.0,0.0
859,903d42d3fe50f5b3b,True,,,,,,,,,,1.0,0.0,0.5,1.0,0.6082133421063679,1.0,0.0,1.0,1.0,0.0
860,ee826c29f16b824e8,True,,,,,,,,,,1.0,1.0,1.0,1.0,0.33684899175616273,1.0,1.0,1.0,1.0,0.7927653099238008
861,ea6c6eed6cbac7b1e,True,,,,,,,,,,1.0,0.0,1.0,1.0,0.05869335746232677,1.0,0.0,1.0,1.0,0.0
862,c6144081cdf888af5,True,,,,,,,,,,1.0,0.0,1.0,1.0,1.0,1.0,1.0,1.0,1.0,0.0
863,f9ab90e6bba95734a,True,,,,,,,,,,1.0,1.0,1.0,1.0,0.0790078368132613,1.0,1.0,1.0,1.0,0.7121899490041441
864,23466331481723251,True,,,,,,,,,,0.5,0.0,0.0,1.0,1.0,0.0,0.0,1.0,0.0,0.0
865,dc92f82e6715ac493,True,,,,,,,,,,0.0,0.0,1.0,1.0,1.0,0.0,0.0,1.0,1.0,0.0
866,2cbe5fab2a0892e8d,True,,,,,,,,,,1.0,0.0,0.0,1.0,1.0,1.0,0.0,1.0,1.0,0.0
867,3f8f80892c70b7c5f,True,,,,,,,,,,1.0,0.0,0.5,1.0,1.0,1.0,1.0,1.0,0.0,0.0
868,cc4ba9f3c63ddbc5c,True,,,,,,,,,,1.0,1.0,1.0,1.0,0.0,1.0,1.0,1.0,1.0,0.6875
869,42542b30e0e5ff8c7,True,,,,,,,,,,1.0,1.0,1.0,1.0,0.7580042835032278,1.0,1.0,1.0,1.0,0.9243763385947587
870,40a1b839fda812527,True,,,,,,,,,,1.0,1.0,1.0,1.0,0.7709435984649988,1.0,1.0,1.0,1.0,0.9284198745203122
871,c73d5b941b453432b,True,,,,,,,,,,1.0,1.0,1.0,1.0,0.1959308941650546,1.0,0.0,1.0,1.0,0.6237284044265796
872,630be1035e80b768b,True,,,,,,,,,,1.0,1.0,1.0,1.0,0.0,1.0,1.0,1.0,1.0,0.6875
873,5f2d4a6779083a87d,True,,,,,,,,,,1.0,0.0,0.5,1.0,0.7686362966058753,1.0,1.0,1.0,1.0,0.0
874,c4a1482387b6b8440,True,,,,,,,,,,0.0,1.0,1.0,1.0,1.0,0.0,1.0,1.0,1.0,0.0
875,9f1d660e1e39a5197,True,,,,,,,,,,0.0,0.0,1.0,1.0,0.37384258435717865,0.0,0.0,1.0,1.0,0.0
876,a4564a26800be40aa,True,,,,,,,,,,0.0,0.0,0.5,1.0,1.0,0.0,0.0,1.0,1.0,0.0
877,3fee465a29d222bb0,True,,,,,,,,,,1.0,0.0,0.5,1.0,0.2994734335499616,1.0,1.0,1.0,0.0,0.0
878,92d16fac53c12f99d,True,,,,,,,,,,1.0,1.0,1.0,1.0,0.0,1.0,1.0,1.0,1.0,0.6875
879,5856d9f4b213e9865,True,,,,,,,,,,1.0,1.0,1.0,1.0,1.0,1.0,0.0,1.0,0.0,0.75
880,63afd42accc1a8cd9,True,,,,,,,,,,1.0,0.0,1.0,1.0,0.8307616532720584,1.0,1.0,1.0,1.0,0.0
881,bee1f7c478d5663fc,True,,,,,,,,,,1.0,0.0,1.0,1.0,1.0,1.0,0.0,1.0,1.0,0.0
882,9aae6ea45a3c7efaf,True,,,,,,,,,,1.0,1.0,1.0,1.0,0.7297744146810025,1.0,1.0,1.0,1.0,0.9155545045878133
883,b58fa3cc9262a73d1,True,,,,,,,,,,0.0,1.0,0.0,1.0,1.0,0.0,0.0,1.0,1.0,0.0
884,4428aee2536bf6703,True,,,,,,,,,,1.0,0.0,0.5,1.0,1.0,1.0,0.0,1.0,1.0,0.0
885,3d05bde7ec3405ddd,True,,,,,,,,,,1.0,1.0,1.0,1.0,1.0,1.0,0.0,1.0,0.0,0.75
886,9b8863dbb1afcaba3,True,,,,,,,,,,1.0,1.0,1.0,1.0,1.0,1.0,0.0,1.0,1.0,0.875
887,3410786351a3e24b2,True,,,,,,,,,,1.0,1.0,1.0,1.0,0.0005252137839060923,1.0,0.0,1.0,1.0,0.5626641293074707
888,1ddeaca2c3ce651e2,True,,,,,,,,,,1.0,1.0,1.0,1.0,0.7760153867942056,1.0,0.0,1.0,1.0,0.8050048083731892
889,b36a5e74ec4ae9574,True,,,,,,,,,,1.0,1.0,1.0,1.0,0.06757079207202256,1.0,1.0,1.0,1.0,0.7086158725225071
890,b01708b022b85bbd7,True,,,,,,,,,,1.0,1.0,1.0,1.0,1.0,1.0,1.0,1.0,1.0,1.0
891,a60992b05822c13e5,True,,,,,,,,,,1.0,1.0,0.0,1.0,0.956127211138986,1.0,0.0,1.0,1.0,0.0
892,6bd45348ddbfea0ce,True,,,,,,,,,,1.0,0.0,0.0,1.0,0.4798179260374876,1.0,1.0,0.0,0.0,0.0
893,1c973ecab8156df90,True,,,,,,,,,,1.0,1.0,1.0,1.0,1.0,1.0,0.0,1.0,1.0,0.875
894,d12ce90d3b2b4d63a,True,,,,,,,,,,1.0,1.0,1.0,1.0,0.24174470402471945,1.0,0.0,1.0,1.0,0.6380452200077249
895,b84a6cb8bfc991ad3,True,,,,,,,,,,0.0,0.0,0.5,1.0,1.0,0.0,0.0,1.0,1.0,0.0
896,616dcf87ca891dd84,True,,,,,,,,,,0.0,1.0,1.0,1.0,1.0,0.0,0.0,1.0,0.0,0.0
897,061d3699e77f9817a,True,,,,,,,,,,1.0,0.0,1.0,1.0,0.3695536998005586,1.0,0.0,1.0,1.0,0.0
898,b2be12870f04d58f6,True,,,,,,,,,,1.0,1.0,1.0,1.0,1.0,1.0,1.0,1.0,1.0,1.0
899,0128939093fdde786,True,,,,,,,,,,1.0,0.0,1.0,1.0,0.22622132344821028,1.0,1.0,1.0,1.0,0.0
900,2fcce49ea42967480,True,,,,,,,,,,1.0,0.0,0.5,1.0,0.5103283338273149,1.0,0.0,1.0,0.0,0.0
901,7acbde1d7760e6ca2,True,,,,,,,,,,1.0,1.0,1.0,1.0,0.0,1.0,0.0,1.0,1.0,0.5625
902,40fe52aee319a8b70,True,,,,,,,,,,1.0,0.0,1.0,1.0,0.3050607756882294,1.0,1.0,1.0,0.0,0.0
903,0db32b98281c2454b,True,,,,,,,,,,0.5,0.0,0.0,1.0,0.07899038148262572,0.0,0.0,1.0,0.0,0.0
904,7dc342f8c0d3f169b,True,,,,,,,,,,1.0,0.0,0.0,1.0,1.0,1.0,0.0,1.0,0.0,0.0
905,c6e28acbe0fc41c9e,True,,,,,,,,,,1.0,1.0,1.0,1.0,0.13526821601884206,1.0,0.0,1.0,1.0,0.6047713175058882
906,2f7f9ce16e4034224,True,,,,,,,,,,1.0,0.0,0.0,1.0,1.0,1.0,0.0,1.0,0.0,0.0
907,31cc7cd0fdf16f061,True,,,,,,,,,,1.0,1.0,0.5,1.0,0.7303779329570927,1.0,1.0,0.0,0.0,0.33287155202454577
908,adb8420cc91f10b6d,True,,,,,,,,,,1.0,1.0,1.0,1.0,0.6598338486428869,1.0,1.0,1.0,1.0,0.8936980777009021
909,4f54492b07cc07b87,True,,,,,,,,,,0.0,0.0,0.5,1.0,1.0,0.0,0.0,1.0,1.0,0.0
910,ce2108b53dc19946a,True,,,,,,,,,,1.0,1.0,1.0,1.0,0.0,1.0,0.0,1.0,1.0,0.5625
911,ff6be79e6135c5fe5,True,,,,,,,,,,1.0,1.0,1.0,1.0,0.01641727782845802,1.0,1.0,1.0,1.0,0.6926303993213931
912,0fa05fe58f28e1239,True,,,,,,,,,,1.0,1.0,1.0,1.0,0.0,1.0,1.0,1.0,1.0,0.6875
913,60f4ba34fce9a6a16,True,,,,,,,,,,0.0,0.0,0.0,1.0,1.0,0.0,0.0,1.0,1.0,0.0
914,c596165a8d328b5dd,True,,,,,,,,,,1.0,1.0,1.0,1.0,1.0,1.0,1.0,1.0,1.0,1.0
915,b24c5109d9a3320ec,True,,,,,,,,,,1.0,1.0,1.0,1.0,0.9298283861567137,1.0,0.0,1.0,1.0,0.853071370673973
916,68becb68da6734f1a,True,,,,,,,,,,1.0,1.0,0.5,1.0,0.9964155615973435,1.0,0.0,1.0,1.0,0.4369399314995849
917,dcb2510de7a9a4dfc,True,,,,,,,,,,1.0,1.0,1.0,1.0,0.00651973445625,1.0,1.0,1.0,1.0,0.6895374170175781
918,c532df7508f6fce92,True,,,,,,,,,,1.0,1.0,1.0,1.0,1.0,1.0,1.0,1.0,1.0,1.0
919,5b8b54ff77ea4777f,True,,,,,,,,,,1.0,1.0,1.0,1.0,0.01702909216210369,1.0,0.0,1.0,1.0,0.5678215913006575
920,94290de1a09e79e7b,True,,,,,,,,,,1.0,0.0,0.0,1.0,1.0,1.0,0.0,1.0,1.0,0.0
921,fdf5d3fe80143a1aa,True,,,,,,,,,,1.0,1.0,1.0,1.0,0.20916810444440134,1.0,1.0,1.0,1.0,0.7528650326388754
922,d12e9fb682bb31656,True,,,,,,,,,,0.0,0.0,0.0,1.0,1.0,0.0,0.0,1.0,0.0,0.0
923,19c10d5d061305dbd,True,,,,,,,,,,1.0,1.0,0.5,1.0,0.450825322034356,1.0,0.0,1.0,0.0,0.28919145656786815
924,23c64b101bb797591,True,,,,,,,,,,1.0,1.0,1.0,1.0,1.0,1.0,1.0,1.0,1.0,1.0
925,bb46fbd459543e9c1,True,,,,,,,,,,1.0,0.0,0.0,1.0,0.9667915568793204,1.0,0.0,1.0,1.0,0.0
926,82b54bb048c67baba,True,,,,,,,,,,1.0,1.0,1.0,1.0,0.2946251895787635,1.0,0.0,1.0,1.0,0.6545703717433635
927,b9ec6c1f605a620f0,True,,,,,,,,,,1.0,0.0,0.0,1.0,0.6699581267642034,1.0,0.0,1.0,0.0,0.0
928,8eb4319f6f1477277,True,,,,,,,,,,1.0,1.0,1.0,1.0,1.0,1.0,0.0,1.0,1.0,0.875
929,ddfba30b82c7a702c,True,,,,,,,,,,0.0,0.0,0.0,1.0,1.0,0.0,0.0,1.0,1.0,0.0
930,75e8f9b411d1144ad,True,,,,,,,,,,1.0,1.0,1.0,1.0,0.5912290777516533,1.0,1.0,1.0,1.0,0.8722590867973916
931,54c064bb692276ac7,True,,,,,,,,,,0.0,1.0,0.0,1.0,1.0,0.0,0.0,1.0,1.0,0.0
932,09fa657ef5c07d73d,True,,,,,,,,,,1.0,1.0,1.0,1.0,1.0,1.0,0.0,1.0,1.0,0.875
933,1d0587c2228e349ac,True,,,,,,,,,,1.0,1.0,1.0,1.0,0.6411035389692644,0.0,1.0,1.0,0.0,0.45034485592789514
934,f8269fa1de4da78ec,True,,,,,,,,,,1.0,1.0,1.0,1.0,1.0,1.0,1.0,1.0,1.0,1.0
935,a8b2c2c9a9c84c4f5,True,,,,,,,,,,1.0,1.0,1.0,1.0,0.07132862309087636,1.0,1.0,1.0,1.0,0.7097901947158989
936,9b4f213c9ca37efb2,True,,,,,,,,,,1.0,1.0,1.0,1.0,1.0,1.0,0.0,1.0,0.0,0.75
937,d0d8a6da053f9740c,True,,,,,,,,,,1.0,0.0,0.5,1.0,0.5664622875108886,1.0,0.0,1.0,1.0,0.0
938,cb1939bb101889c17,True,,,,,,,,,,0.0,0.0,0.0,1.0,1.0,0.0,0.0,1.0,0.0,0.0
939,8fb24d26d3dd62b0f,True,,,,,,,,,,1.0,0.0,1.0,1.0,0.5477487573824236,1.0,1.0,1.0,1.0,0.0
940,f155a28a11bdfe4d3,True,,,,,,,,,,0.0,1.0,1.0,1.0,1.0,0.0,1.0,1.0,1.0,0.0
941,342ef8eb6e93505ce,True,,,,,,,,,,0.0,0.0,0.0,1.0,1.0,0.0,0.0,1.0,1.0,0.0
942,27d64cbd86e07452b,True,,,,,,,,,,1.0,1.0,1.0,0.0,1.0,1.0,1.0,1.0,1.0,0.0
943,7b88d46ce71736357,True,,,,,,,,,,1.0,1.0,0.5,1.0,1.0,1.0,0.0,1.0,1.0,0.4375
944,8f8fa607cf20ce163,True,,,,,,,,,,1.0,1.0,1.0,1.0,0.823937215025341,1.0,1.0,1.0,1.0,0.944980379695419
945,9574cf693ee2e6774,True,,,,,,,,,,1.0,1.0,1.0,1.0,0.08656064899754538,1.0,0.0,1.0,1.0,0.589550202811733
946,3864e1953b7d8cbc6,True,,,,,,,,,,1.0,0.0,0.0,1.0,0.43678998807836383,1.0,0.0,0.0,0.0,0.0
947,ee232d7fae40f5bcc,True,,,,,,,,,,1.0,0.0,0.5,1.0,1.0,1.0,0.0,1.0,1.0,0.0
948,3eb13673463836283,True,,,,,,,,,,1.0,1.0,1.0,1.0,0.07389444164753872,1.0,1.0,1.0,1.0,0.7105920130148559
949,90d989f2205e253f9,True,,,,,,,,,,1.0,1.0,1.0,1.0,0.008001011646407317,1.0,0.0,1.0,1.0,0.5650003161395023
950,f5751be1c6f840216,True,,,,,,,,,,1.0,0.0,0.0,1.0,1.0,1.0,0.0,1.0,1.0,0.0
951,5573b3c15a0cc7845,True,,,,,,,,,,1.0,0.0,1.0,1.0,1.0,1.0,1.0,1.0,1.0,0.0
952,435c8cf621dfd73fb,True,,,,,,,,,,1.0,0.0,0.0,1.0,0.6173415009400669,1.0,0.0,0.0,0.0,0.0
953,af6a8ab4980429b3d,True,,,,,,,,,,1.0,0.0,0.0,1.0,0.34558100961228705,1.0,0.0,1.0,0.0,0.0
954,888343bb23c96916c,True,,,,,,,,,,1.0,1.0,1.0,1.0,0.04245838208396424,1.0,0.0,1.0,1.0,0.5757682444012389
955,9fd492f6ce88318ef,True,,,,,,,,,,1.0,0.0,1.0,1.0,1.0,1.0,0.0,1.0,1.0,0.0
956,4683eec43a1454ea9,True,,,,,,,,,,1.0,0.0,0.0,1.0,0.7927186386067456,1.0,0.0,1.0,1.0,0.0
957,4f498e8f4ae7fedd5,True,,,,,,,,,,1.0,0.0,0.0,1.0,1.0,1.0,0.0,1.0,0.0,0.0
958,1bd9daba7d7d502b0,True,,,,,,,,,,1.0,1.0,1.0,1.0,1.0,1.0,1.0,1.0,1.0,1.0
959,f216b9731d3c1f375,True,,,,,,,,,,1.0,0.0,0.0,1.0,1.0,1.0,1.0,1.0,0.0,0.0
960,2e2b274bd113ed59f,True,,,,,,,,,,1.0,0.0,0.5,1.0,0.8237584118486095,1.0,1.0,1.0,0.0,0.0
961,d37b7028969d97560,True,,,,,,,,,,1.0,1.0,1.0,1.0,0.3442984411313545,1.0,1.0,1.0,1.0,0.7950932628535483
962,4470091fffca9e391,True,,,,,,,,,,1.0,1.0,1.0,1.0,1.0,1.0,1.0,1.0,1.0,1.0
963,11efb68d8748f6136,True,,,,,,,,,,1.0,1.0,1.0,1.0,1.0,1.0,0.0,1.0,1.0,0.875
964,0952835e9ba422028,True,,,,,,,,,,1.0,0.0,1.0,1.0,0.3987132004178514,1.0,1.0,1.0,1.0,0.0
965,f5d80ab764fc60704,True,,,,,,,,,,1.0,1.0,1.0,1.0,0.5774017077790955,1.0,0.0,1.0,1.0,0.7429380336809673
966,a6f5d379f32e1dd9a,True,,,,,,,,,,1.0,0.0,1.0,1.0,0.6080994545758718,1.0,1.0,1.0,1.0,0.0
967,960a0cd8fd6e4be22,True,,,,,,,,,,1.0,0.0,1.0,1.0,0.4355249287477653,1.0,1.0,1.0,1.0,0.0
968,5f2803a94f9f2adba,True,,,,,,,,,,1.0,1.0,1.0,1.0,0.06452909518874651,1.0,1.0,1.0,1.0,0.7076653422464834
969,098f2c514384700c9,True,,,,,,,,,,0.5,0.0,0.0,1.0,0.977239944439258,0.0,0.0,1.0,1.0,0.0
970,50dcee9926ded132e,True,,,,,,,,,,1.0,0.0,0.5,1.0,0.7263731061128367,1.0,0.0,1.0,0.0,0.0
971,b1446d3c05a5f7c0a,True,,,,,,,,,,1.0,0.0,0.0,1.0,1.0,1.0,0.0,1.0,1.0,0.0
972,34bba0aaea8099d53,True,,,,,,,,,,1.0,0.0,1.0,1.0,1.0,1.0,0.0,1.0,1.0,0.0
973,0eb1a54023685f27e,True,,,,,,,,,,0.5,0.0,0.0,1.0,1.0,0.0,0.0,1.0,1.0,0.0
974,9de9e57115e5b4d5b,True,,,,,,,,,,1.0,1.0,1.0,1.0,0.3081925600815194,1.0,1.0,1.0,1.0,0.7838101750254748
975,a16a2970a55b1cf7f,True,,,,,,,,,,0.0,0.0,0.0,1.0,0.8165022426590177,0.0,0.0,1.0,1.0,0.0
976,dfa9b874b33acc858,True,,,,,,,,,,1.0,0.0,1.0,1.0,0.43022142206634784,1.0,0.0,1.0,1.0,0.0
977,d7806477ce81cf2b8,True,,,,,,,,,,1.0,1.0,1.0,1.0,0.010278812093473068,1.0,1.0,1.0,1.0,0.6907121287792104
978,8776bb6a2a0edef8e,True,,,,,,,,,,1.0,1.0,1.0,1.0,0.0,0.0,0.0,1.0,1.0,0.25
979,864a83021c759e07e,True,,,,,,,,,,1.0,0.0,0.5,1.0,1.0,1.0,0.0,1.0,1.0,0.0
980,4bec08cedd964d496,True,,,,,,,,,,1.0,1.0,1.0,1.0,1.0,1.0,1.0,1.0,1.0,1.0
981,c71b26ad44d13d5a5,True,,,,,,,,,,0.0,1.0,1.0,1.0,1.0,0.0,1.0,1.0,1.0,0.0
982,9d4da1a5a93059ae2,True,,,,,,,,,,0.0,1.0,1.0,1.0,0.9366959229416836,0.0,1.0,1.0,1.0,0.0
983,1703c3627d09cd9f3,True,,,,,,,,,,1.0,1.0,1.0,1.0,1.0,1.0,1.0,1.0,0.0,0.875
984,b81180657e76ac7aa,True,,,,,,,,,,1.0,1.0,1.0,1.0,0.04068684804431722,1.0,1.0,1.0,1.0,0.7002146400138491
985,0028b234cfbb35f30,True,,,,,,,,,,1.0,1.0,1.0,1.0,0.07311175670640829,1.0,1.0,1.0,1.0,0.7103474239707526
986,a5929390d283fddb9,True,,,,,,,,,,0.5,0.0,0.0,1.0,1.0,0.0,0.0,1.0,1.0,0.0
987,cdc70ea2300980958,True,,,,,,,,,,0.0,0.0,0.0,1.0,1.0,0.0,0.0,1.0,1.0,0.0
988,df33e15913a4524e0,True,,,,,,,,,,1.0,1.0,1.0,1.0,0.5334939543346028,1.0,0.0,1.0,1.0,0.7292168607295634
989,3b9a4be29bdd2c8ae,True,,,,,,,,,,1.0,1.0,1.0,1.0,0.04517308247977421,1.0,0.0,1.0,1.0,0.5766165882749295
990,4d2744d7e3bd555b5,True,,,,,,,,,,1.0,1.0,0.0,1.0,0.8840259329792474,1.0,0.0,1.0,1.0,0.0
991,c7d0ddf8a1a463297,True,,,,,,,,,,1.0,0.0,0.0,1.0,0.8654526025278234,1.0,1.0,1.0,1.0,0.0
992,6d649dcdbc3037d7a,True,,,,,,,,,,1.0,1.0,1.0,1.0,0.24661733593137308,1.0,0.0,1.0,1.0,0.639567917478554
993,41423d9768746a40d,True,,,,,,,,,,1.0,0.0,0.5,1.0,0.5194679654224303,1.0,0.0,0.0,0.0,0.0
994,b1429f698429f9202,True,,,,,,,,,,1.0,0.0,0.0,1.0,0.9076159446719245,1.0,0.0,1.0,1.0,0.0
995,14159a93c87271ed1,True,,,,,,,,,,0.0,1.0,1.0,1.0,1.0,1.0,0.0,1.0,1.0,0.0
996,1ad6a12ee1c381847,True,,,,,,,,,,1.0,1.0,1.0,1.0,0.0,1.0,0.0,1.0,1.0,0.5625
997,32a0c7a629ebabc37,True,,,,,,,,,,1.0,1.0,1.0,0.0,1.0,1.0,1.0,1.0,1.0,0.0
998,7dc3f9cae9f72fe4c,True,,,,,,,,,,1.0,0.0,0.5,1.0,1.0,1.0,0.0,1.0,1.0,0.0
999,f6f239b03260b58d8,True,,,,,,,,,,0.0,0.0,0.5,1.0,1.0,1.0,0.0,1.0,1.0,0.0
1000,81dcc1a7db52cf064,True,,,,,,,,,,1.0,1.0,1.0,1.0,0.4125376116964016,1.0,0.0,1.0,1.0,0.6914180036551255
1001,5de761c988f97e1fa,True,,,,,,,,,,1.0,1.0,1.0,1.0,0.6719097009367432,1.0,1.0,1.0,1.0,0.8974717815427322
1002,8cd4e7ea09172b366,True,,,,,,,,,,1.0,0.0,1.0,1.0,1.0,1.0,1.0,1.0,1.0,0.0
1003,4b55982185962b484,True,,,,,,,,,,1.0,1.0,1.0,1.0,1.0,1.0,1.0,1.0,1.0,1.0
1004,1a52c544d3cfaba4b,True,,,,,,,,,,1.0,0.0,0.0,1.0,0.9504871236236694,1.0,0.0,1.0,1.0,0.0
1005,65a9d726b130c91f5,True,,,,,,,,,,1.0,1.0,1.0,1.0,0.3231407507323641,1.0,0.0,1.0,1.0,0.6634814846038638
1006,7e6c9f4638d88c304,True,,,,,,,,,,1.0,0.0,1.0,1.0,0.9125063624276921,1.0,1.0,1.0,0.0,0.0
1007,ac83e59ec47471195,True,,,,,,,,,,1.0,1.0,1.0,1.0,0.22809401941449275,1.0,1.0,1.0,0.0,0.6337793810670289
1008,86d4226f5118e784d,True,,,,,,,,,,0.5,0.0,0.0,1.0,0.9418321893527148,0.0,0.0,1.0,1.0,0.0
1009,fa4a246511ab86e8d,True,,,,,,,,,,1.0,0.0,0.0,1.0,1.0,1.0,0.0,1.0,1.0,0.0
1010,beae653519f0232e7,True,,,,,,,,,,1.0,1.0,1.0,1.0,0.15089937170735962,1.0,0.0,1.0,1.0,0.6096560536585499
1011,fa08741543328286c,True,,,,,,,,,,1.0,1.0,1.0,1.0,0.3837126365469616,1.0,1.0,1.0,1.0,0.8074101989209255
1012,a8a3d313576f30414,True,,,,,,,,,,1.0,1.0,1.0,1.0,0.4123556454346975,0.0,1.0,1.0,1.0,0.503861139198343
1013,be5258dc2386ca4e3,True,,,,,,,,,,1.0,0.0,0.5,1.0,1.0,1.0,1.0,1.0,0.0,0.0
1014,8858ecf4e78fd953a,True,,,,,,,,,,1.0,1.0,1.0,1.0,0.08850510927106976,1.0,1.0,1.0,1.0,0.7151578466472093
1015,402ed0d50f8b2ce26,True,,,,,,,,,,1.0,1.0,1.0,1.0,0.3120269494858225,1.0,1.0,1.0,1.0,0.7850084217143195
1016,71755f3b7a0b20f35,True,,,,,,,,,,0.0,0.0,0.0,1.0,1.0,0.0,1.0,1.0,1.0,0.0
1017,94f8422c63c8418c0,True,,,,,,,,,,1.0,1.0,1.0,1.0,0.910330328218003,1.0,0.0,1.0,1.0,0.8469782275681259
1018,f6d1ce467bb8ef333,True,,,,,,,,,,0.5,0.0,0.0,1.0,0.5366678147859796,0.0,1.0,1.0,1.0,0.0
1019,36f72d3764ee8b14f,True,,,,,,,,,,1.0,0.0,1.0,1.0,0.25391305352075877,1.0,0.0,1.0,1.0,0.0
1020,797abeb7772dd6343,True,,,,,,,,,,1.0,1.0,1.0,1.0,0.10742488089633016,1.0,0.0,1.0,1.0,0.5960702752801031
1021,c8f09b5608e102dfb,True,,,,,,,,,,0.0,0.0,0.0,1.0,1.0,0.0,0.0,1.0,0.0,0.0
1022,b817b5a5887d3fa36,True,,,,,,,,,,1.0,1.0,1.0,1.0,0.15160640829690125,1.0,1.0,1.0,1.0,0.7348770025927817
1023,86a97d3341cc8c198,True,,,,,,,,,,1.0,0.0,0.5,1.0,1.0,1.0,1.0,1.0,1.0,0.0
1024,ced98f0c60c32e69a,True,,,,,,,,,,1.0,1.0,1.0,1.0,0.0,1.0,1.0,1.0,1.0,0.6875
1025,994054d09b71160e0,True,,,,,,,,,,1.0,1.0,1.0,1.0,0.9675189964952455,1.0,0.0,1.0,1.0,0.8648496864047642
1026,5421fa2f2e2b4cb13,True,,,,,,,,,,1.0,1.0,1.0,1.0,0.45650818815866495,1.0,0.0,1.0,1.0,0.7051588087995828
1027,69fb879cbb73f071a,True,,,,,,,,,,1.0,1.0,1.0,1.0,0.13365450963402134,1.0,1.0,1.0,1.0,0.7292670342606317
1028,700c12c03b64be698,True,,,,,,,,,,1.0,1.0,1.0,1.0,1.0,1.0,0.0,1.0,1.0,0.875
1029,c4724d2f7e5d62357,True,,,,,,,,,,0.0,0.0,1.0,1.0,1.0,0.0,1.0,1.0,1.0,0.0
1030,78cbfd303e7f32efc,True,,,,,,,,,,1.0,1.0,1.0,1.0,1.0,1.0,0.0,1.0,1.0,0.875
1031,eee3dbfa0ec3233b6,True,,,,,,,,,,1.0,1.0,1.0,1.0,0.31915375915067973,1.0,1.0,1.0,1.0,0.7872355497345874
1032,41a39d55c68bb7f5a,True,,,,,,,,,,1.0,1.0,1.0,1.0,0.2691634080581388,1.0,1.0,1.0,1.0,0.7716135650181684
1033,7516958eab299d94d,True,,,,,,,,,,1.0,1.0,1.0,1.0,0.21111778420515853,1.0,1.0,1.0,1.0,0.753474307564112
1034,5b77cb58dfa1f5823,True,,,,,,,,,,1.0,0.0,0.0,1.0,1.0,1.0,0.0,1.0,1.0,0.0
1035,b126b5cfaa1f25e61,True,,,,,,,,,,1.0,1.0,1.0,1.0,0.02433461375781601,1.0,1.0,1.0,0.0,0.5701045667993174
1036,b757155200a7aea72,True,,,,,,,,,,1.0,0.0,0.5,1.0,1.0,1.0,0.0,1.0,1.0,0.0
1037,52b7525b699ef9adf,True,,,,,,,,,,1.0,0.0,0.5,1.0,0.42145344930244344,1.0,0.0,1.0,1.0,0.0
1038,d22b68be5e9fb8c2a,True,,,,,,,,,,1.0,1.0,1.0,1.0,1.0,1.0,1.0,1.0,0.0,0.875
1039,727fa1e7c8aa0cdc1,True,,,,,,,,,,1.0,1.0,1.0,1.0,0.05005866389007459,1.0,0.0,1.0,1.0,0.5781433324656483
1040,b6ce710fb40df843d,True,,,,,,,,,,1.0,0.0,0.0,1.0,1.0,1.0,1.0,1.0,0.0,0.0
1041,7a86797ebcf888d4d,True,,,,,,,,,,1.0,1.0,1.0,1.0,0.12444150854295176,1.0,1.0,1.0,1.0,0.7263879714196724
1042,c3bb1145080f9b2b0,True,,,,,,,,,,1.0,1.0,1.0,1.0,0.06486905890980359,1.0,0.0,1.0,1.0,0.5827715809093137
1043,8078500be0a3e5743,True,,,,,,,,,,1.0,0.0,0.0,1.0,0.1896088379932405,0.0,0.0,0.0,0.0,0.0
1044,7b6a6c9c50efdcf85,True,,,,,,,,,,1.0,0.0,0.0,1.0,0.6786009361891958,1.0,0.0,1.0,1.0,0.0
1045,c51bc3907e1c3fbac,True,,,,,,,,,,1.0,1.0,1.0,1.0,0.36217134781959137,1.0,1.0,1.0,1.0,0.8006785461936223
1046,56ce783224ed8bbc4,True,,,,,,,,,,1.0,1.0,1.0,1.0,0.0,1.0,0.0,1.0,1.0,0.5625
1047,ac979b78a3cdc5d39,True,,,,,,,,,,0.0,0.0,0.5,1.0,1.0,0.0,0.0,1.0,1.0,0.0
1048,0179e3078c6c79cd3,True,,,,,,,,,,1.0,0.0,1.0,1.0,0.6229665862633066,1.0,0.0,1.0,1.0,0.0
1049,5e8bc80abe039be9e,True,,,,,,,,,,1.0,0.0,0.0,1.0,1.0,1.0,0.0,1.0,1.0,0.0
1050,2328dbb272ccbb947,True,,,,,,,,,,1.0,1.0,1.0,1.0,0.0,1.0,1.0,1.0,1.0,0.6875
1051,004a5a808615d791d,True,,,,,,,,,,1.0,1.0,1.0,1.0,0.15767609136815702,1.0,0.0,1.0,1.0,0.611773778552549
1052,294074b42621095d5,True,,,,,,,,,,1.0,1.0,1.0,1.0,0.07195519139574387,1.0,0.0,1.0,1.0,0.58498599731117
1053,faa4f514f8d862142,True,,,,,,,,,,0.0,1.0,1.0,1.0,1.0,0.0,1.0,1.0,1.0,0.0
1054,ff916ad047eb525de,True,,,,,,,,,,1.0,1.0,1.0,1.0,0.562637776902514,1.0,1.0,1.0,1.0,0.8633243052820356
1055,3d1800c34a5e46a21,True,,,,,,,,,,0.0,0.0,0.5,1.0,1.0,1.0,1.0,1.0,1.0,0.0
1056,7fc94bcc4790ac58b,True,,,,,,,,,,1.0,0.0,0.5,1.0,0.6449812319486861,1.0,0.0,1.0,0.0,0.0
1057,2add74aa82c54303c,True,,,,,,,,,,0.0,0.0,0.5,1.0,0.5055539086447519,0.0,0.0,1.0,0.0,0.0
1058,f1ba8705833975e6b,True,,,,,,,,,,1.0,1.0,1.0,1.0,1.0,1.0,1.0,1.0,1.0,1.0
1059,6bdc53cfa4a8ecb29,True,,,,,,,,,,1.0,1.0,1.0,1.0,0.06768722993963533,1.0,1.0,1.0,1.0,0.708652259356136
1060,099b82495b2e618d3,True,,,,,,,,,,1.0,1.0,1.0,1.0,0.17530110760879183,1.0,1.0,1.0,1.0,0.7422815961277475
1061,3aa9ab0760c9f1c8a,True,,,,,,,,,,1.0,1.0,1.0,1.0,0.0,1.0,1.0,1.0,1.0,0.6875
1062,4762ced79d548ee7c,True,,,,,,,,,,1.0,0.0,0.0,1.0,0.9612517635708443,1.0,0.0,1.0,1.0,0.0
1063,bf348ece26ab3f920,True,,,,,,,,,,1.0,1.0,1.0,1.0,0.6564032214062205,1.0,0.0,1.0,0.0,0.6426260066894439
1064,e6aaf829acef158f6,True,,,,,,,,,,1.0,1.0,1.0,1.0,0.12113079376775547,1.0,1.0,1.0,0.0,0.6003533730524235
1065,9142b4f8d76f38072,True,,,,,,,,,,1.0,1.0,1.0,1.0,0.29269584512313135,1.0,0.0,1.0,1.0,0.6539674516009786
1066,102aa278a654e934e,True,,,,,,,,,,0.5,0.0,0.5,1.0,0.47707534671806145,0.0,0.0,1.0,0.0,0.0
1067,b710f4583e83f5650,True,,,,,,,,,,1.0,1.0,1.0,1.0,0.105579795876694,1.0,1.0,1.0,1.0,0.7204936862114668
1068,c9b45ed2516cd216c,True,,,,,,,,,,1.0,0.0,0.0,1.0,1.0,1.0,0.0,1.0,0.0,0.0
1069,4699eb47aa0ff2aa8,True,,,,,,,,,,0.0,1.0,1.0,1.0,1.0,0.0,0.0,1.0,1.0,0.0
1070,77db839a0d3b1d5fe,True,,,,,,,,,,1.0,0.0,0.5,1.0,0.976699554841497,1.0,1.0,1.0,0.0,0.0
1071,3fa4f9afc8577cdb1,True,,,,,,,,,,0.0,1.0,1.0,1.0,0.504055190120996,0.0,0.0,1.0,1.0,0.0
1072,b896aed2b2d4e576b,True,,,,,,,,,,1.0,1.0,1.0,1.0,0.0,1.0,1.0,0.0,0.0,0.4375
1073,3d460fd77ec7fcd59,True,,,,,,,,,,1.0,1.0,1.0,1.0,0.23819121867986862,1.0,0.0,1.0,1.0,0.636934755837459
1074,4c3e13d3975af4927,True,,,,,,,,,,1.0,0.0,0.0,1.0,0.8061936156774422,1.0,0.0,1.0,0.0,0.0
1075,b795e9c4c8fde41bb,True,,,,,,,,,,0.0,0.0,0.0,1.0,1.0,0.0,0.0,1.0,0.0,0.0
1076,2c6298b7b191f9461,True,,,,,,,,,,1.0,1.0,1.0,1.0,0.2398171819740499,1.0,1.0,1.0,1.0,0.7624428693668905
1077,7b4054b4f24d77967,True,,,,,,,,,,1.0,0.0,0.0,1.0,1.0,1.0,0.0,1.0,1.0,0.0
1078,fcdbf5378a4eecdc5,True,,,,,,,,,,1.0,1.0,1.0,1.0,0.319321212721276,1.0,1.0,1.0,1.0,0.7872878789753988
1079,41772b779157e530a,True,,,,,,,,,,1.0,0.0,1.0,1.0,0.7568250390502148,1.0,0.0,1.0,1.0,0.0
1080,14e45cc6be6120e78,True,,,,,,,,,,1.0,0.0,1.0,1.0,0.7964443039368213,1.0,1.0,1.0,1.0,0.0
1081,f3374bc1daec15012,True,,,,,,,,,,1.0,1.0,1.0,1.0,0.0,1.0,0.0,1.0,1.0,0.5625
1082,832b4c7a0e847fb0c,True,,,,,,,,,,1.0,1.0,1.0,1.0,0.39516825500412267,1.0,1.0,1.0,1.0,0.8109900796887883
1083,2806ce33b59f03ee9,True,,,,,,,,,,1.0,1.0,1.0,1.0,0.161120710777958,1.0,0.0,1.0,1.0,0.6128502221181118
1084,e0e4ca847f84568a3,True,,,,,,,,,,1.0,1.0,1.0,1.0,0.20180940164933991,1.0,0.0,1.0,1.0,0.6255654380154188
1085,377968d648e50daf0,True,,,,,,,,,,0.0,1.0,1.0,0.0,1.0,0.0,0.0,1.0,1.0,0.0
1086,e5f171ef890e7a042,True,,,,,,,,,,1.0,0.0,1.0,1.0,1.0,1.0,0.0,1.0,1.0,0.0
1087,d64fff6b350c44bf6,True,,,,,,,,,,1.0,0.0,1.0,1.0,1.0,1.0,1.0,1.0,1.0,0.0
1088,346c72dba6f32d44c,True,,,,,,,,,,1.0,0.0,0.0,1.0,1.0,1.0,0.0,1.0,1.0,0.0
1089,4b48232c28699eff0,True,,,,,,,,,,1.0,1.0,1.0,1.0,0.0,1.0,1.0,1.0,1.0,0.6875
1090,9e6370c960ce41937,True,,,,,,,,,,1.0,1.0,1.0,1.0,0.0,1.0,0.0,1.0,1.0,0.5625
1091,e84670bb458b61a5c,True,,,,,,,,,,1.0,0.0,0.0,1.0,1.0,1.0,1.0,1.0,1.0,0.0
1092,fedd8a6a80f03da33,True,,,,,,,,,,1.0,1.0,1.0,1.0,0.19496031505414738,1.0,1.0,1.0,1.0,0.7484250984544211
1093,111982efc7ab59a6d,True,,,,,,,,,,1.0,1.0,1.0,1.0,0.00979028711413812,1.0,1.0,1.0,1.0,0.6905594647231681
1094,20e09bbb0401bd1be,True,,,,,,,,,,0.5,0.0,0.0,1.0,0.5779762608822231,0.0,0.0,1.0,0.0,0.0
1095,9add3630e04fe7c41,True,,,,,,,,,,0.0,0.0,0.5,1.0,1.0,0.0,1.0,1.0,0.0,0.0
1096,ce4c369affbdefa99,True,,,,,,,,,,1.0,1.0,1.0,1.0,0.6263398265349495,1.0,1.0,1.0,0.0,0.7582311957921717
1097,7d5a7137f0e5a166a,True,,,,,,,,,,0.0,1.0,1.0,1.0,1.0,0.0,1.0,1.0,1.0,0.0
1098,d25e0e0e384818845,True,,,,,,,,,,0.5,0.0,0.0,1.0,0.5598458211247586,0.0,0.0,1.0,0.0,0.0
1099,995a5ceaca13fa6a0,True,,,,,,,,,,1.0,0.0,0.0,1.0,1.0,1.0,0.0,1.0,1.0,0.0
1100,dc18fd577680f44b9,True,,,,,,,,,,1.0,1.0,1.0,1.0,0.19821073625989652,1.0,0.0,1.0,1.0,0.6244408550812177
1101,72e532553b9a9b88d,True,,,,,,,,,,1.0,0.0,1.0,1.0,0.7842854780613701,1.0,1.0,1.0,1.0,0.0
1102,8428b4ef1485fe533,True,,,,,,,,,,1.0,1.0,1.0,1.0,0.046818291053639396,1.0,1.0,1.0,1.0,0.7021307159542622
1103,142f665559387e2c2,True,,,,,,,,,,1.0,1.0,1.0,1.0,0.0,1.0,0.0,1.0,0.0,0.4375
1104,3ee4790171e6a99ef,True,,,,,,,,,,1.0,1.0,1.0,1.0,0.630352325099628,1.0,1.0,1.0,1.0,0.8844851015936337
1105,d2abdf59c161f4eef,True,,,,,,,,,,1.0,1.0,1.0,1.0,0.031934859077994995,1.0,0.0,1.0,1.0,0.5724796434618734
1106,0f71d78f15a2628a4,True,,,,,,,,,,1.0,0.0,0.5,1.0,0.847106918607788,1.0,0.0,1.0,1.0,0.0
1107,6808c5efa6976fe37,True,,,,,,,,,,1.0,1.0,1.0,1.0,0.24611003485523333,1.0,0.0,1.0,0.0,0.5144093858922605
1108,75c869092ef8bc8ce,True,,,,,,,,,,1.0,0.0,0.0,1.0,0.8162383040044422,1.0,0.0,1.0,1.0,0.0
1109,2afbbdc8bf9e5efe2,True,,,,,,,,,,0.0,1.0,1.0,1.0,1.0,0.0,0.0,1.0,1.0,0.0
1110,046b8681d380244e2,True,,,,,,,,,,1.0,0.0,0.0,1.0,0.7011643494258207,0.0,0.0,1.0,0.0,0.0
1111,4a9850fe681028df5,True,,,,,,,,,,1.0,0.0,0.0,1.0,0.5071931970033341,1.0,0.0,0.0,0.0,0.0
1112,ec511fbf17452272b,True,,,,,,,,,,1.0,1.0,1.0,1.0,0.026172504865271208,1.0,1.0,1.0,0.0,0.5706789077703973
1113,9dc9fc49b0eb8dd9c,True,,,,,,,,,,0.5,0.0,0.0,1.0,1.0,0.0,0.0,1.0,1.0,0.0
1114,d8d45144c24388dfb,True,,,,,,,,,,1.0,0.0,0.0,1.0,1.0,1.0,0.0,1.0,1.0,0.0
1115,95b104c6ad1c29b95,True,,,,,,,,,,1.0,0.0,0.0,1.0,0.9715202243577475,1.0,0.0,1.0,1.0,0.0
1116,07095ff9932043d86,True,,,,,,,,,,0.0,1.0,1.0,1.0,1.0,0.0,0.0,1.0,1.0,0.0
1117,6a4de6b536cc07742,True,,,,,,,,,,1.0,1.0,1.0,1.0,0.5336387891449516,1.0,0.0,1.0,1.0,0.7292621216077974
1118,df10a0ed732e3b815,True,,,,,,,,,,1.0,1.0,1.0,1.0,0.018663012856323852,1.0,1.0,1.0,1.0,0.6933321915176012
1119,fb9996df723745a05,True,,,,,,,,,,1.0,1.0,1.0,1.0,0.013900718179946137,1.0,0.0,1.0,1.0,0.5668439744312332
1120,4304662a687a53d30,True,,,,,,,,,,1.0,1.0,1.0,1.0,0.06496834934973025,1.0,1.0,1.0,1.0,0.7078026091717907
1121,102bb69d5a0263f53,True,,,,,,,,,,0.0,0.0,0.5,1.0,0.49778684122120326,0.0,0.0,1.0,1.0,0.0
1122,4f84585468f82a1fc,True,,,,,,,,,,1.0,0.0,0.0,1.0,1.0,1.0,0.0,1.0,1.0,0.0
1123,6a45a8aa53220a0e3,True,,,,,,,,,,1.0,1.0,1.0,1.0,0.19334492329047528,1.0,1.0,1.0,1.0,0.7479202885282735
1124,ef019ffb0a16f5e9f,True,,,,,,,,,,1.0,0.0,0.0,1.0,0.8622841315290818,1.0,1.0,1.0,0.0,0.0
1125,6d2b3bf21e89475b9,True,,,,,,,,,,1.0,0.0,0.0,1.0,1.0,1.0,1.0,1.0,0.0,0.0
1126,696843a23b748f1b0,True,,,,,,,,,,1.0,1.0,1.0,1.0,1.0,1.0,1.0,1.0,1.0,1.0
1127,0dd1d00f6d1725ec3,True,,,,,,,,,,1.0,1.0,0.0,1.0,1.0,1.0,0.0,1.0,1.0,0.0
1128,3365055ca32faadaa,True,,,,,,,,,,1.0,1.0,1.0,1.0,0.460404967282189,1.0,1.0,1.0,1.0,0.8313765522756841
1129,f22018746ab277cda,True,,,,,,,,,,1.0,0.0,0.5,1.0,1.0,1.0,0.0,1.0,1.0,0.0
1130,81f85141bab63b560,True,,,,,,,,,,1.0,1.0,1.0,1.0,0.39842654865013527,1.0,1.0,1.0,1.0,0.8120082964531673
1131,b479708037b5c5d7c,True,,,,,,,,,,1.0,1.0,1.0,1.0,0.24562495589566968,1.0,0.0,1.0,1.0,0.6392577987173967
1132,0a74d996f43c7783c,True,,,,,,,,,,1.0,1.0,1.0,1.0,1.0,1.0,1.0,1.0,1.0,1.0
1133,f5cba35a5a2bc646e,True,,,,,,,,,,1.0,1.0,1.0,1.0,0.4501297764024358,1.0,0.0,1.0,1.0,0.7031655551257612
1134,8d65d3f4d930b58ae,True,,,,,,,,,,1.0,0.0,0.0,1.0,1.0,1.0,0.0,1.0,1.0,0.0
1135,ae2bc6336b41077f4,True,,,,,,,,,,1.0,1.0,1.0,1.0,0.38068996682705675,1.0,0.0,1.0,1.0,0.6814656146334552
1136,355d2f57b20f32e9c,True,,,,,,,,,,1.0,0.0,0.0,1.0,1.0,1.0,0.0,1.0,1.0,0.0
1137,ad215da365bb78fd6,True,,,,,,,,,,1.0,0.0,0.0,1.0,0.7726919133208018,1.0,0.0,1.0,1.0,0.0
1138,fd26db12e49fe9b3e,True,,,,,,,,,,1.0,1.0,0.5,1.0,0.9914516749422796,1.0,0.0,1.0,1.0,0.43616432420973117
1139,e373db6dd950e3e73,True,,,,,,,,,,1.0,0.0,0.0,1.0,1.0,1.0,0.0,1.0,1.0,0.0
1140,dda6b82566281cb83,True,,,,,,,,,,1.0,1.0,1.0,1.0,0.23351446834513764,1.0,1.0,1.0,1.0,0.7604732713578555
1141,b6b4b0f2f2a7815cb,True,,,,,,,,,,1.0,1.0,0.5,1.0,0.6264508501418962,1.0,0.0,1.0,1.0,0.3791329453346713
1142,85ec4ed1a5648c678,True,,,,,,,,,,0.0,0.0,0.5,1.0,1.0,0.0,0.0,1.0,1.0,0.0
1143,e7d365382ac482e2f,True,,,,,,,,,,1.0,1.0,1.0,1.0,1.0,1.0,1.0,1.0,1.0,1.0
1144,2d812dd423748572d,True,,,,,,,,,,1.0,0.0,1.0,1.0,0.6820481557730934,1.0,0.0,1.0,1.0,0.0
1145,2182fa4ac8750cb31,True,,,,,,,,,,1.0,1.0,1.0,1.0,0.14485838337065132,1.0,1.0,1.0,1.0,0.7327682448033286
1146,e7c2b26b8d9679ed7,True,,,,,,,,,,1.0,0.0,1.0,1.0,0.47301988614828255,1.0,1.0,1.0,0.0,0.0
1147,6e6153a1da30b26bd,True,,,,,,,,,,1.0,1.0,1.0,1.0,0.0,1.0,1.0,1.0,1.0,0.6875
1148,87c8ddd115e686126,True,,,,,,,,,,1.0,0.0,0.0,1.0,0.7998927950407441,1.0,1.0,0.0,1.0,0.0
1149,991fe7806bacdbaca,True,,,,,,,,,,0.0,1.0,1.0,1.0,1.0,0.0,1.0,1.0,1.0,0.0
1150,4a1669fb6d9debfb0,True,,,,,,,,,,1.0,1.0,0.5,1.0,0.6711127203367423,1.0,1.0,1.0,0.0,0.38611136255261597
1151,ba6dae21cadca949f,True,,,,,,,,,,1.0,1.0,1.0,1.0,0.013976342333297871,1.0,0.0,1.0,1.0,0.5668676069791556
1152,bc07273c020da88b3,True,,,,,,,,,,0.0,1.0,1.0,1.0,1.0,0.0,1.0,1.0,1.0,0.0
1153,25dc2853331e64985,True,,,,,,,,,,1.0,0.0,0.5,1.0,0.48601385200568464,1.0,0.0,1.0,0.0,0.0
1154,4088cfb3d342b234d,True,,,,,,,,,,1.0,0.0,0.0,1.0,1.0,1.0,0.0,1.0,1.0,0.0
1155,9463bb4964cd37676,True,,,,,,,,,,1.0,1.0,1.0,1.0,1.0,1.0,1.0,1.0,0.0,0.875
1156,bc9c320fb031a11ff,True,,,,,,,,,,1.0,0.0,1.0,1.0,0.6481848724276543,1.0,0.0,1.0,0.0,0.0
1157,ed8e5c526e1f42a73,True,,,,,,,,,,1.0,1.0,1.0,1.0,1.0,1.0,1.0,1.0,1.0,1.0
1158,f2ffa929974330310,True,,,,,,,,,,0.0,0.0,0.0,1.0,1.0,0.0,0.0,1.0,0.0,0.0
1159,1285808d1703253f0,True,,,,,,,,,,1.0,0.0,0.5,1.0,0.7682430758282138,1.0,0.0,1.0,1.0,0.0
1160,8cf5c8b605a2a4959,True,,,,,,,,,,1.0,1.0,1.0,1.0,0.0,1.0,0.0,1.0,1.0,0.5625
1161,fef06dc806442398d,True,,,,,,,,,,1.0,0.0,1.0,1.0,0.4042308527248093,1.0,0.0,1.0,1.0,0.0
1162,37e08a9d04d846913,True,,,,,,,,,,1.0,0.0,1.0,1.0,1.0,1.0,0.0,1.0,1.0,0.0
1163,a7f6db3ebc16e5c7c,True,,,,,,,,,,1.0,1.0,1.0,1.0,0.0,1.0,0.0,1.0,1.0,0.5625
1164,a8f42da9ce93b404d,True,,,,,,,,,,0.0,0.0,0.0,1.0,1.0,1.0,0.0,1.0,0.0,0.0
1165,46571d478b3c7bc57,True,,,,,,,,,,0.0,0.0,1.0,1.0,1.0,0.0,0.0,1.0,0.0,0.0
1166,c8508736bb790cc27,True,,,,,,,,,,0.0,1.0,1.0,1.0,0.36569994788663973,0.0,1.0,1.0,1.0,0.0
1167,0acf0c1a301a7180c,True,,,,,,,,,,1.0,1.0,1.0,1.0,1.0,1.0,1.0,1.0,1.0,1.0
1168,5567f0e0a3373dbcb,True,,,,,,,,,,1.0,1.0,0.0,1.0,1.0,1.0,0.0,1.0,1.0,0.0
1169,c2fbdb2ef268ad123,True,,,,,,,,,,1.0,1.0,1.0,1.0,1.0,1.0,0.0,1.0,1.0,0.875
1170,e1d71fd16cbfaade9,True,,,,,,,,,,1.0,1.0,1.0,1.0,0.0,1.0,1.0,1.0,1.0,0.6875
1171,f5c8d07f9fe6a3b4d,True,,,,,,,,,,0.0,0.0,0.5,0.0,1.0,0.0,1.0,1.0,1.0,0.0
1172,bccd8c64fe9f7bd3b,True,,,,,,,,,,1.0,1.0,1.0,0.0,1.0,1.0,1.0,1.0,1.0,0.0
1173,d78e4f39396f3678e,True,,,,,,,,,,1.0,1.0,1.0,1.0,0.33893968107156897,1.0,1.0,1.0,1.0,0.7934186503348652
1174,dd75967675d1052fc,True,,,,,,,,,,1.0,1.0,1.0,1.0,0.19821073625989652,1.0,0.0,1.0,1.0,0.6244408550812177
1175,dda43e7963e96149d,True,,,,,,,,,,1.0,1.0,1.0,1.0,0.0,1.0,1.0,1.0,1.0,0.6875
1176,0cd1d84434c6f5d44,True,,,,,,,,,,0.0,0.0,0.0,1.0,1.0,0.0,0.0,1.0,1.0,0.0
1177,a9c1cde64b777a9e3,True,,,,,,,,,,1.0,1.0,1.0,1.0,0.380274318247192,1.0,0.0,1.0,1.0,0.6813357244522475
1178,cd5f552597cd3be08,True,,,,,,,,,,0.5,0.0,0.0,1.0,1.0,0.0,0.0,0.0,0.0,0.0
1179,73277da7106839e94,True,,,,,,,,,,0.0,1.0,1.0,1.0,1.0,0.0,0.0,1.0,1.0,0.0
1180,2629f98f6e294c4f4,True,,,,,,,,,,1.0,1.0,1.0,1.0,0.036261307372600964,1.0,1.0,1.0,1.0,0.6988316585539378
1181,62631b017ceec5a18,True,,,,,,,,,,0.5,0.0,0.5,1.0,1.0,0.0,0.0,1.0,1.0,0.0
1182,c00dec2389baa0134,True,,,,,,,,,,1.0,1.0,1.0,1.0,0.3553730539845694,1.0,0.0,1.0,1.0,0.673554079370178
1183,336a85438db14731e,True,,,,,,,,,,1.0,1.0,1.0,1.0,1.0,1.0,0.0,1.0,1.0,0.875
1184,2137517554a7f8e3b,True,,,,,,,,,,1.0,0.0,0.0,1.0,1.0,1.0,0.0,1.0,1.0,0.0
1185,dccd172b97cc9b305,True,,,,,,,,,,1.0,1.0,1.0,1.0,0.12197539781224964,1.0,1.0,1.0,1.0,0.725617311816328
1186,0eef4e705a397f8df,True,,,,,,,,,,1.0,1.0,1.0,1.0,0.6030158488679607,1.0,1.0,1.0,0.0,0.7509424527712377
1187,ec84cf228d6d79089,True,,,,,,,,,,1.0,1.0,1.0,1.0,0.0,1.0,1.0,1.0,1.0,0.6875
1188,a1a5eeda367569815,True,,,,,,,,,,1.0,1.0,1.0,1.0,0.5359217364046712,1.0,1.0,1.0,0.0,0.7299755426264598
1189,a99d30f928a653d12,True,,,,,,,,,,1.0,0.0,1.0,1.0,0.9315213738625081,1.0,1.0,1.0,1.0,0.0
1190,b75d157a5ca10b698,True,,,,,,,,,,1.0,0.0,1.0,1.0,0.8533043938422077,1.0,1.0,1.0,1.0,0.0
1191,c6c58dc45bd1123e3,True,,,,,,,,,,1.0,1.0,1.0,1.0,0.320463987856797,1.0,1.0,1.0,1.0,0.7876449962052491
1192,31e06cefab6d7169f,True,,,,,,,,,,1.0,1.0,1.0,1.0,0.22121932267755925,1.0,0.0,1.0,1.0,0.6316310383367373
1193,899e078cab5924628,True,,,,,,,,,,1.0,0.0,0.0,1.0,1.0,1.0,0.0,1.0,1.0,0.0
1194,903b3cc014d45619e,True,,,,,,,,,,1.0,1.0,1.0,1.0,1.0,1.0,0.0,1.0,0.0,0.75
1195,cb5add2e1dd5aa638,True,,,,,,,,,,1.0,1.0,1.0,1.0,0.0,1.0,1.0,1.0,1.0,0.6875
1196,07019aee6f130ff5d,True,,,,,,,,,,1.0,0.0,0.5,1.0,0.4866404695201076,1.0,0.0,1.0,1.0,0.0
1197,abb500cc3351d897a,True,,,,,,,,,,1.0,0.0,0.0,1.0,0.7217388562146633,1.0,0.0,1.0,1.0,0.0
1198,5717f95b78bfe233e,True,,,,,,,,,,1.0,1.0,1.0,1.0,0.0,1.0,1.0,1.0,1.0,0.6875
1199,e0a8201279694e092,True,,,,,,,,,,0.0,0.0,1.0,1.0,1.0,0.0,1.0,1.0,0.0,0.0
1200,aedab2f29ef97f26a,True,,,,,,,,,,0.5,0.0,1.0,1.0,0.6424075791219811,0.0,1.0,1.0,1.0,0.0
1201,ff15360ae71790eb6,True,,,,,,,,,,0.0,0.0,0.0,1.0,1.0,0.0,0.0,1.0,0.0,0.0
1202,36350983298c6896a,True,,,,,,,,,,1.0,1.0,1.0,1.0,0.06914663024965152,1.0,1.0,1.0,1.0,0.7091083219530161
1203,014c92e4c2718adf8,True,,,,,,,,,,1.0,1.0,1.0,1.0,0.18115856686642307,1.0,1.0,1.0,0.0,0.6191120521457572
1204,4923ab814b3842354,True,,,,,,,,,,1.0,1.0,1.0,1.0,0.2818828584996564,1.0,1.0,1.0,1.0,0.7755883932811426
1205,0ff61f43578c0d8e7,True,,,,,,,,,,1.0,0.0,0.0,1.0,1.0,1.0,0.0,1.0,1.0,0.0
1206,3b2fcd8bf613ba28f,True,,,,,,,,,,1.0,1.0,1.0,1.0,0.1268269650681997,1.0,0.0,1.0,1.0,0.6021334265838124
1207,3fec70d4e8fe8d5b1,True,,,,,,,,,,0.0,0.0,0.0,1.0,1.0,0.0,0.0,0.0,0.0,0.0
1208,94787bba8c2128445,True,,,,,,,,,,0.0,0.0,0.0,1.0,1.0,0.0,1.0,0.0,0.0,0.0
1209,361596ff7ead113e3,True,,,,,,,,,,1.0,1.0,1.0,1.0,0.2338392887924501,1.0,0.0,1.0,1.0,0.6355747777476406
1210,596506940b29ec5c0,True,,,,,,,,,,1.0,1.0,1.0,1.0,0.5145551003601848,1.0,1.0,1.0,1.0,0.8482984688625578
1211,774a05df3c1512cac,True,,,,,,,,,,1.0,1.0,1.0,1.0,0.27900947776123497,1.0,1.0,1.0,1.0,0.7746904618003859
1212,ba66893d0046c895c,True,,,,,,,,,,1.0,0.0,1.0,1.0,1.0,1.0,1.0,1.0,1.0,0.0
1213,cfe27a593a4819294,True,,,,,,,,,,1.0,0.0,0.0,1.0,0.16180835238059726,1.0,0.0,1.0,0.0,0.0
1214,d3a043b81ea9596cd,True,,,,,,,,,,1.0,0.0,1.0,1.0,1.0,1.0,0.0,1.0,1.0,0.0
1215,5a653e174a05d5da0,True,,,,,,,,,,1.0,0.0,0.0,1.0,0.7022086938480379,1.0,1.0,1.0,1.0,0.0
1216,ce7eec1214fedafe8,True,,,,,,,,,,0.0,1.0,1.0,1.0,0.19246759495463647,0.0,0.0,1.0,0.0,0.0
1217,85e4825cd9ff0b2e5,True,,,,,,,,,,0.0,0.0,0.0,1.0,1.0,0.0,0.0,1.0,1.0,0.0
1218,97d9f320cc65aac2b,True,,,,,,,,,,1.0,1.0,1.0,1.0,0.5120949639814366,1.0,0.0,1.0,1.0,0.722529676244199
1219,00ca98016027ffb8d,True,,,,,,,,,,1.0,0.0,1.0,1.0,1.0,1.0,1.0,1.0,1.0,0.0
1220,2c1190d3b505388dd,True,,,,,,,,,,0.5,0.0,0.5,1.0,0.8097664957674445,0.0,1.0,1.0,0.0,0.0
1221,c95875cdc20edcb2a,True,,,,,,,,,,1.0,0.0,0.5,1.0,0.49087501126359134,1.0,0.0,1.0,1.0,0.0
1222,84073ac4c8f117f43,True,,,,,,,,,,0.5,0.0,1.0,1.0,0.7124526645809964,0.0,0.0,1.0,1.0,0.0
1223,7712653347183e698,True,,,,,,,,,,1.0,1.0,1.0,1.0,0.19199894695213232,1.0,0.0,1.0,1.0,0.6224996709225413
1224,e013e127e2126bb32,True,,,,,,,,,,1.0,1.0,0.0,1.0,0.5798047693925882,1.0,1.0,1.0,1.0,0.0
1225,9b28f2e81fd405453,True,,,,,,,,,,1.0,0.0,0.5,1.0,0.5018583635437122,1.0,1.0,1.0,1.0,0.0
1226,515197f50a14bc2fc,True,,,,,,,,,,1.0,1.0,1.0,1.0,0.9783480091527597,1.0,0.0,1.0,1.0,0.8682337528602374
1227,c9b6f0f21e11dae54,True,,,,,,,,,,1.0,0.0,1.0,1.0,0.5686366652364793,1.0,1.0,1.0,1.0,0.0
1228,c4f1e612f0a907247,True,,,,,,,,,,1.0,0.0,1.0,1.0,0.4445523410774305,1.0,1.0,1.0,1.0,0.0
1229,c86b538debe073fb7,True,,,,,,,,,,1.0,0.0,1.0,1.0,0.49806960401333467,1.0,1.0,1.0,0.0,0.0
1230,b494d2dc15c7b315f,True,,,,,,,,,,1.0,1.0,1.0,1.0,1.0,1.0,0.0,1.0,0.0,0.75
1231,c60975bf95e458f4f,True,,,,,,,,,,1.0,0.0,0.0,1.0,0.0,1.0,0.0,0.0,0.0,0.0
1232,f0cb86afe097df891,True,,,,,,,,,,1.0,0.0,1.0,1.0,0.5739251141311247,1.0,0.0,1.0,1.0,0.0
1233,f874994b902ae45d7,True,,,,,,,,,,1.0,1.0,1.0,1.0,0.8551940104354253,1.0,0.0,1.0,1.0,0.8297481282610704
1234,8d8129f6368d5e730,True,,,,,,,,,,0.0,0.0,1.0,1.0,0.7725625834041662,0.0,0.0,1.0,1.0,0.0
1235,19590a52744c02e94,True,,,,,,,,,,1.0,0.0,1.0,1.0,0.9530085504079975,1.0,1.0,1.0,1.0,0.0
1236,d17b5de2642504067,True,,,,,,,,,,1.0,1.0,1.0,1.0,0.8188979404963759,1.0,1.0,1.0,1.0,0.9434056064051175
1237,7036ba346c7d2824b,True,,,,,,,,,,1.0,0.0,0.5,1.0,1.0,1.0,0.0,1.0,1.0,0.0
1238,4429b647133616c7e,True,,,,,,,,,,1.0,1.0,1.0,1.0,0.11574207257382732,1.0,1.0,1.0,1.0,0.723669397679321
1239,17f3ba89b58f991f4,True,,,,,,,,,,1.0,1.0,1.0,1.0,0.8375199807624611,1.0,0.0,1.0,1.0,0.8242249939882691
1240,52e9709be4289e9ff,True,,,,,,,,,,1.0,0.0,1.0,1.0,0.559659561787723,1.0,0.0,1.0,1.0,0.0
1241,61ea80d6d5820ce2a,True,,,,,,,,,,1.0,0.0,1.0,1.0,1.0,1.0,0.0,1.0,0.0,0.0
1242,ecefe6eb9d594a685,True,,,,,,,,,,1.0,1.0,0.0,1.0,0.9827328749184623,1.0,0.0,1.0,1.0,0.0
1243,86dc24585f29d4c87,True,,,,,,,,,,0.0,0.0,0.5,1.0,0.41595691043307775,0.0,1.0,1.0,0.0,0.0
1244,fcfbdd618540644fa,True,,,,,,,,,,0.0,0.0,0.0,1.0,1.0,0.0,1.0,0.0,0.0,0.0
1245,50c3efa45ebc549ab,True,,,,,,,,,,1.0,0.0,1.0,1.0,0.7957143748832044,1.0,0.0,1.0,1.0,0.0
1246,b0687bfcbe79bec09,True,,,,,,,,,,1.0,1.0,1.0,1.0,0.2138572886936516,1.0,1.0,1.0,1.0,0.7543304027167661
1247,bfd4cb9e2a8bebc15,True,,,,,,,,,,1.0,1.0,1.0,1.0,1.0,1.0,1.0,1.0,1.0,1.0
1248,2e49400543ea5674a,True,,,,,,,,,,1.0,0.0,0.0,1.0,1.0,1.0,0.0,1.0,1.0,0.0
1249,d760fd5131cb248fc,True,,,,,,,,,,1.0,0.0,0.5,1.0,0.5968403294839959,1.0,0.0,1.0,1.0,0.0
1250,bc0871e224359d4c3,True,,,,,,,,,,1.0,0.0,0.5,1.0,0.5772071959397888,1.0,0.0,1.0,1.0,0.0
1251,1500bcfee0aae247d,True,,,,,,,,,,1.0,0.0,0.5,1.0,0.4466295731944069,1.0,0.0,1.0,1.0,0.0
1252,2a8ffeaa7391e73c7,True,,,,,,,,,,1.0,0.0,0.0,1.0,1.0,1.0,0.0,1.0,0.0,0.0
1253,6864784b80c0a0fde,True,,,,,,,,,,1.0,1.0,1.0,1.0,1.0,1.0,0.0,1.0,1.0,0.875
1254,e7db08ac75d56b8b2,True,,,,,,,,,,1.0,1.0,1.0,1.0,0.4990897808669967,1.0,0.0,1.0,1.0,0.7184655565209365
1255,d253a5d864e95f8d2,True,,,,,,,,,,1.0,1.0,1.0,1.0,0.0,1.0,1.0,1.0,1.0,0.6875
1256,0950505e558866cf8,True,,,,,,,,,,1.0,0.0,0.5,1.0,0.43499722236198785,1.0,0.0,1.0,1.0,0.0
1257,58a779e8d452e3877,True,,,,,,,,,,1.0,1.0,1.0,1.0,0.6681559817338366,1.0,1.0,1.0,1.0,0.896298744291824
1258,286d0110f79f8450c,True,,,,,,,,,,1.0,1.0,1.0,1.0,0.8096814379227754,1.0,0.0,1.0,1.0,0.8155254493508672
1259,7b49a5c516fc052ba,True,,,,,,,,,,1.0,0.0,0.5,1.0,1.0,1.0,0.0,1.0,1.0,0.0
1260,451c8ee9a94e9524f,True,,,,,,,,,,1.0,0.0,0.0,1.0,1.0,1.0,0.0,1.0,1.0,0.0
1261,59e6ebcbd44500064,True,,,,,,,,,,1.0,1.0,1.0,1.0,0.033632066559165535,1.0,0.0,1.0,1.0,0.5730100207997393
1262,45e565719eec672e1,True,,,,,,,,,,1.0,1.0,1.0,1.0,1.0,1.0,0.0,1.0,1.0,0.875
1263,93a1ac4a9b8b32451,True,,,,,,,,,,1.0,0.0,0.5,1.0,0.6853873463725242,1.0,0.0,1.0,0.0,0.0
1264,500c799cf6e33c39e,True,,,,,,,,,,1.0,1.0,1.0,1.0,0.7717951844716681,1.0,1.0,1.0,1.0,0.9286859951473962
1265,93c5dce231ad8a838,True,,,,,,,,,,1.0,1.0,1.0,1.0,0.03754393136740634,1.0,1.0,1.0,1.0,0.6992324785523145
1266,0bc2b72e890837ec6,True,,,,,,,,,,1.0,1.0,1.0,1.0,0.01742750466616696,1.0,1.0,1.0,1.0,0.6929460952081772
1267,8d59e8ecb60e11b5b,True,,,,,,,,,,1.0,1.0,1.0,1.0,0.22748596616882846,1.0,0.0,1.0,1.0,0.6335893644277589
1268,8c29c71f168e21bbd,True,,,,,,,,,,1.0,0.0,0.0,1.0,1.0,0.0,0.0,1.0,0.0,0.0
1269,4df02e870186ea610,True,,,,,,,,,,1.0,0.0,1.0,1.0,0.5004043611872342,1.0,0.0,1.0,1.0,0.0
1270,6ac3abb0e9eb26113,True,,,,,,,,,,1.0,1.0,1.0,1.0,0.03918514566066351,1.0,0.0,1.0,1.0,0.5747453580189573
1271,c19a21525d410c990,True,,,,,,,,,,0.0,1.0,1.0,1.0,1.0,0.0,1.0,1.0,1.0,0.0
1272,7a574ea5511afe40d,True,,,,,,,,,,1.0,1.0,1.0,1.0,0.0,1.0,0.0,1.0,1.0,0.5625
1273,787aeff562a4b851a,True,,,,,,,,,,1.0,1.0,1.0,1.0,0.0,1.0,0.0,1.0,1.0,0.5625
1274,10591acdd773264c9,True,,,,,,,,,,1.0,1.0,1.0,1.0,1.0,1.0,1.0,1.0,0.0,0.875
1275,372a537447f7672b9,True,,,,,,,,,,1.0,1.0,1.0,1.0,0.0,1.0,1.0,1.0,1.0,0.6875
1276,0fc2fec903c77398f,True,,,,,,,,,,1.0,0.0,0.0,1.0,0.6661876931574778,1.0,0.0,1.0,1.0,0.0
1277,654d6d6e5212f40da,True,,,,,,,,,,1.0,0.0,0.0,1.0,1.0,1.0,1.0,1.0,0.0,0.0
1278,38c8739d0ae9e3f71,True,,,,,,,,,,1.0,1.0,1.0,1.0,0.06739196837935509,1.0,1.0,1.0,1.0,0.7085599901185484
1279,7acdb574f1a885262,True,,,,,,,,,,1.0,1.0,1.0,1.0,0.5442114394065808,1.0,0.0,1.0,1.0,0.7325660748145565
1280,9f8244fb38a036545,True,,,,,,,,,,1.0,1.0,1.0,1.0,0.4528337995494166,1.0,1.0,1.0,1.0,0.8290105623591927
1281,7d544582497e9153d,True,,,,,,,,,,1.0,0.0,1.0,1.0,0.5609619050945291,1.0,0.0,1.0,1.0,0.0
1282,699fb67837db96cea,True,,,,,,,,,,0.5,0.0,0.0,1.0,1.0,0.0,0.0,1.0,1.0,0.0
1283,37965fbc732bb2aaf,True,,,,,,,,,,1.0,1.0,1.0,1.0,0.11780316217228479,1.0,1.0,1.0,1.0,0.724313488178839
1284,5b7915b6c4d354972,True,,,,,,,,,,1.0,0.0,1.0,1.0,0.9105875579945313,1.0,1.0,1.0,1.0,0.0
1285,ebe3f434bfee258dc,True,,,,,,,,,,1.0,1.0,1.0,1.0,0.6911083796002647,1.0,1.0,1.0,1.0,0.9034713686250827
1286,3b32da65a709f23d8,True,,,,,,,,,,1.0,1.0,1.0,1.0,0.3844465370032308,1.0,0.0,1.0,1.0,0.6826395428135097
1287,9f1e97dfb6a8d6a6e,True,,,,,,,,,,1.0,0.0,0.5,1.0,0.9779187593242281,1.0,0.0,1.0,1.0,0.0
1288,24e6339c5f9336f36,True,,,,,,,,,,1.0,0.0,0.5,1.0,0.6226211204398486,1.0,0.0,1.0,1.0,0.0
1289,d745c239ecbf42d39,True,,,,,,,,,,0.0,0.0,1.0,1.0,1.0,0.0,1.0,1.0,0.0,0.0
1290,925c86df127c5e5b6,True,,,,,,,,,,1.0,1.0,1.0,1.0,0.28648644666126283,1.0,1.0,1.0,1.0,0.7770270145816447
1291,e14d602917d1d211f,True,,,,,,,,,,1.0,0.0,0.0,1.0,0.8889604589780681,1.0,0.0,1.0,1.0,0.0
1292,2a32769c4b35a8c07,True,,,,,,,,,,1.0,1.0,1.0,1.0,0.05894230366902413,1.0,1.0,1.0,1.0,0.7059194698965701
1293,bc3c63c0479feee36,True,,,,,,,,,,1.0,0.0,1.0,1.0,0.2940159085751895,1.0,0.0,1.0,1.0,0.0
1294,eb588d2e3b1e3409d,True,,,,,,,,,,1.0,1.0,0.0,1.0,0.9388995619743619,1.0,0.0,1.0,1.0,0.0
1295,43b92681b98be1dd3,True,,,,,,,,,,1.0,0.0,0.0,1.0,1.0,1.0,0.0,1.0,0.0,0.0
1296,e51cdc2544fd62fa6,True,,,,,,,,,,1.0,0.0,0.0,1.0,0.7782375131359109,1.0,0.0,1.0,0.0,0.0
1297,58f8bb6cc7ee41227,True,,,,,,,,,,1.0,0.0,0.0,1.0,0.9587904733660468,1.0,0.0,1.0,1.0,0.0
1298,766195ae1ef2dac03,True,,,,,,,,,,1.0,0.0,0.0,1.0,0.8276445344307372,1.0,1.0,1.0,1.0,0.0
1299,baf1cc49f4250c41a,True,,,,,,,,,,1.0,1.0,1.0,1.0,1.0,1.0,0.0,1.0,1.0,0.875
1300,a33343b83ce194f89,True,,,,,,,,,,1.0,1.0,1.0,1.0,0.17630901098196042,1.0,1.0,1.0,1.0,0.7425965659318626
1301,c7f30a40dbc7d2bf8,True,,,,,,,,,,1.0,1.0,1.0,1.0,0.0,1.0,1.0,1.0,1.0,0.6875
1302,908b05ed734967ac3,True,,,,,,,,,,1.0,1.0,1.0,1.0,0.5460740744881927,1.0,0.0,1.0,1.0,0.7331481482775601
1303,eb18eff580c25dafb,True,,,,,,,,,,1.0,1.0,1.0,1.0,0.027351090772692436,1.0,0.0,1.0,1.0,0.5710472158664663
1304,050eb5c5cd6081213,True,,,,,,,,,,1.0,0.0,1.0,1.0,0.35735594212175853,1.0,1.0,1.0,1.0,0.0
1305,5875003845a7403ab,True,,,,,,,,,,1.0,1.0,1.0,1.0,1.0,1.0,1.0,1.0,1.0,1.0
1306,ecb1dd4076b28cd84,True,,,,,,,,,,1.0,0.0,0.0,1.0,1.0,1.0,1.0,1.0,1.0,0.0
1307,165e39945068ad586,True,,,,,,,,,,1.0,1.0,1.0,1.0,1.0,1.0,1.0,1.0,1.0,1.0
1308,b46226c085423d5a9,True,,,,,,,,,,1.0,1.0,1.0,1.0,0.471912505085577,1.0,1.0,1.0,1.0,0.8349726578392428
1309,772ca0f5b2b35d83b,True,,,,,,,,,,1.0,1.0,1.0,0.0,1.0,1.0,1.0,1.0,1.0,0.0
1310,597d6626cc9f6cdbd,True,,,,,,,,,,0.0,1.0,1.0,1.0,0.6612024141115892,0.0,0.0,1.0,1.0,0.0
1311,83b6e2ed6238cd43a,True,,,,,,,,,,1.0,1.0,1.0,1.0,0.23341670810668397,1.0,1.0,1.0,1.0,0.7604427212833387
1312,66186ff8feddb320f,True,,,,,,,,,,1.0,1.0,1.0,1.0,0.16891260194724877,1.0,0.0,1.0,1.0,0.6152851881085153
1313,517d13818dab667f5,True,,,,,,,,,,1.0,0.0,1.0,1.0,0.4742481857070362,1.0,0.0,1.0,1.0,0.0
1314,fa350068f608950fe,True,,,,,,,,,,0.0,0.0,0.5,1.0,1.0,0.0,1.0,1.0,1.0,0.0
1315,d069a0081ae35d442,True,,,,,,,,,,1.0,1.0,1.0,1.0,0.0820499796650555,1.0,0.0,1.0,1.0,0.5881406186453298
1316,4c838e94f573fa977,True,,,,,,,,,,1.0,1.0,1.0,1.0,0.02372308974925139,1.0,0.0,1.0,1.0,0.5699134655466411
1317,43f7fbb8fc3c4d17b,True,,,,,,,,,,1.0,1.0,1.0,1.0,1.0,1.0,1.0,1.0,1.0,1.0
1318,a382d4a158cc4f443,True,,,,,,,,,,1.0,0.0,1.0,1.0,0.6604268638643288,1.0,0.0,1.0,1.0,0.0
1319,fbf6a32724a0d16f2,True,,,,,,,,,,1.0,1.0,1.0,1.0,1.0,1.0,0.0,1.0,1.0,0.875
1320,dfe73ad8f70781d46,True,,,,,,,,,,1.0,1.0,1.0,1.0,0.0,1.0,0.0,1.0,1.0,0.5625
1321,8b4f3b5980bf21a3b,True,,,,,,,,,,1.0,0.0,1.0,1.0,0.6159528994842968,1.0,1.0,1.0,0.0,0.0
1322,be32b597dc6df2a8a,True,,,,,,,,,,1.0,1.0,1.0,1.0,0.0,1.0,0.0,1.0,1.0,0.5625
1323,5959223c7ec6a8c04,True,,,,,,,,,,1.0,0.0,0.5,0.0,1.0,1.0,0.0,1.0,0.0,0.0
1324,769c3d78ab53dd47b,True,,,,,,,,,,1.0,1.0,1.0,1.0,0.1040642490833685,1.0,1.0,1.0,1.0,0.7200200778385526
1325,4e231a60b33891721,True,,,,,,,,,,1.0,1.0,1.0,1.0,0.05930801767401303,1.0,0.0,1.0,1.0,0.5810337555231291
1326,1e3e373072e96c044,True,,,,,,,,,,1.0,0.0,1.0,1.0,1.0,1.0,1.0,1.0,1.0,0.0
1327,8be69e03781f4c138,True,,,,,,,,,,1.0,0.0,0.0,1.0,0.9542696773132624,1.0,0.0,1.0,1.0,0.0
1328,bef5978ef06f054f6,True,,,,,,,,,,1.0,1.0,1.0,1.0,0.8717438478386628,1.0,1.0,1.0,1.0,0.9599199524495821
1329,fec17ad0f4921b486,True,,,,,,,,,,1.0,1.0,1.0,1.0,0.19957416494114139,1.0,1.0,1.0,1.0,0.7498669265441067
1330,8a9e6d29520f76dfc,True,,,,,,,,,,1.0,1.0,1.0,1.0,0.2290506511370138,1.0,0.0,1.0,1.0,0.6340783284803169
1331,bebc043b24bdb6ddf,True,,,,,,,,,,1.0,0.0,1.0,1.0,0.440905220973132,1.0,1.0,1.0,1.0,0.0
1332,b4f924a8633b4e666,True,,,,,,,,,,0.5,0.0,0.5,1.0,1.0,0.0,0.0,1.0,1.0,0.0
1333,3e56a32b74b50d827,True,,,,,,,,,,1.0,1.0,1.0,1.0,0.09655862110615597,1.0,1.0,1.0,1.0,0.7176745690956737
1334,68681651575ebbc90,True,,,,,,,,,,1.0,0.0,0.0,1.0,1.0,1.0,0.0,1.0,0.0,0.0
1335,624d6c465e568f7a9,True,,,,,,,,,,1.0,0.0,0.0,1.0,1.0,1.0,0.0,1.0,1.0,0.0
1336,b7649c3b2cd5537c8,True,,,,,,,,,,1.0,0.0,1.0,1.0,1.0,1.0,1.0,1.0,1.0,0.0
1337,cad0619a5797da011,True,,,,,,,,,,0.0,1.0,1.0,1.0,0.621167622038698,0.0,0.0,1.0,1.0,0.0
1338,576ad4ad9e64275b1,True,,,,,,,,,,1.0,0.0,1.0,1.0,0.0,1.0,0.0,1.0,1.0,0.0
1339,340986fda5e34ccac,True,,,,,,,,,,1.0,0.0,0.0,1.0,1.0,1.0,0.0,1.0,1.0,0.0
1340,5dc798ecdc1897481,True,,,,,,,,,,0.5,0.0,0.0,1.0,0.900247773924845,0.0,0.0,1.0,0.0,0.0
1341,8b639fb0376857c55,True,,,,,,,,,,1.0,1.0,1.0,1.0,0.428320172511908,1.0,0.0,1.0,1.0,0.6963500539099713
1342,af838aad1e6b19925,True,,,,,,,,,,1.0,1.0,1.0,1.0,0.5956547819969129,1.0,1.0,1.0,1.0,0.8736421193740354
1343,ea85faa2c543fbbae,True,,,,,,,,,,1.0,0.0,1.0,1.0,0.41656945787684674,1.0,1.0,1.0,0.0,0.0
1344,46e64616eb8cc57af,True,,,,,,,,,,0.0,1.0,1.0,1.0,0.5942003515989182,0.0,0.0,1.0,1.0,0.0
1345,2acdb8c02a4722af1,True,,,,,,,,,,1.0,1.0,1.0,1.0,0.05763359176227063,1.0,1.0,1.0,1.0,0.7055104974257096
1346,1bddac86d58ce72a5,True,,,,,,,,,,1.0,0.0,1.0,1.0,1.0,1.0,1.0,1.0,1.0,0.0
1347,31cff30cd9b0dac82,True,,,,,,,,,,1.0,0.0,1.0,1.0,0.4450308761406533,1.0,1.0,1.0,1.0,0.0
1348,1b7240da7a5598b38,True,,,,,,,,,,0.0,0.0,1.0,1.0,1.0,0.0,1.0,1.0,0.0,0.0
1349,0e6b7e12965c8e997,True,,,,,,,,,,1.0,1.0,0.0,1.0,1.0,1.0,0.0,1.0,1.0,0.0
1350,50af9c4a2721fb804,True,,,,,,,,,,1.0,0.0,0.0,1.0,1.0,1.0,1.0,1.0,1.0,0.0
1351,896888ec148c2c4cb,True,,,,,,,,,,0.0,1.0,1.0,1.0,0.5707185683961685,0.0,0.0,1.0,1.0,0.0
1352,b597eeb6a07198090,True,,,,,,,,,,1.0,0.0,1.0,1.0,0.6647847733395998,1.0,1.0,1.0,1.0,0.0
1353,bc84695ec7d4fc814,True,,,,,,,,,,1.0,0.0,0.0,1.0,0.825630617862022,0.0,0.0,0.0,0.0,0.0
1354,56a96ee7abd76ab13,True,,,,,,,,,,0.0,1.0,1.0,1.0,1.0,0.0,0.0,1.0,1.0,0.0
1355,9e8bcf0ba8fefe716,True,,,,,,,,,,0.0,1.0,1.0,1.0,1.0,0.0,1.0,1.0,1.0,0.0
1356,cd294e9205c77defd,True,,,,,,,,,,1.0,1.0,1.0,1.0,0.47019072096171305,1.0,0.0,1.0,1.0,0.7094346003005353
1357,c3eabd6982ee224c4,True,,,,,,,,,,1.0,0.0,1.0,1.0,0.26810684318341527,1.0,0.0,1.0,1.0,0.0
1358,506e98e6817013978,True,,,,,,,,,,1.0,0.0,1.0,1.0,0.7900524753019554,1.0,1.0,1.0,0.0,0.0
1359,79d6ba3b0e13a7f66,True,,,,,,,,,,1.0,1.0,1.0,1.0,0.07937314256305474,1.0,1.0,1.0,1.0,0.7123041070509546
1360,873b2bce6903cffc1,True,,,,,,,,,,1.0,0.0,0.0,1.0,1.0,1.0,0.0,1.0,1.0,0.0
1361,5b733b329372ed8c8,True,,,,,,,,,,1.0,1.0,1.0,1.0,0.22020157473684795,1.0,1.0,1.0,0.0,0.6313129921052649
1362,5b406458d7f722fb2,True,,,,,,,,,,1.0,0.0,0.5,1.0,0.7989799008410274,1.0,1.0,1.0,1.0,0.0
1363,84ca2983c8da58e9b,True,,,,,,,,,,0.0,0.0,0.5,1.0,1.0,0.0,0.0,1.0,1.0,0.0
1364,49538162999026026,True,,,,,,,,,,1.0,0.0,1.0,1.0,1.0,1.0,0.0,1.0,1.0,0.0
1365,5b387bb6b49ae731a,True,,,,,,,,,,1.0,1.0,1.0,1.0,0.039418783047490365,1.0,0.0,1.0,1.0,0.5748183697023408
1366,c950df7be837da65b,True,,,,,,,,,,0.5,0.0,0.5,1.0,1.0,0.0,0.0,1.0,1.0,0.0
1367,5b31db57958441e62,True,,,,,,,,,,1.0,1.0,1.0,1.0,0.0,1.0,1.0,1.0,1.0,0.6875
1368,fe454c84ae38cb664,True,,,,,,,,,,1.0,1.0,1.0,1.0,0.0,1.0,0.0,1.0,1.0,0.5625
1369,36c7b91f3363fdeda,True,,,,,,,,,,1.0,0.0,0.0,1.0,1.0,1.0,0.0,1.0,1.0,0.0
1370,a41ba68bdc9f9fb88,True,,,,,,,,,,1.0,1.0,1.0,1.0,0.27766973409291934,1.0,1.0,1.0,1.0,0.7742717919040373
1371,fa2224428f7eab22f,True,,,,,,,,,,0.0,0.0,0.0,1.0,1.0,0.0,1.0,1.0,1.0,0.0
1372,ca6194714b4b58cfb,True,,,,,,,,,,1.0,1.0,1.0,1.0,0.09477575875622604,1.0,0.0,1.0,1.0,0.5921174246113207
1373,9d01fb3bc5ce52bd1,True,,,,,,,,,,1.0,0.0,0.0,1.0,0.8531443743586833,1.0,0.0,1.0,1.0,0.0
1374,e9b4dc8775d9b86e1,True,,,,,,,,,,1.0,0.0,0.0,1.0,1.0,1.0,0.0,1.0,1.0,0.0
1375,d25b5af7899d7e8e0,True,,,,,,,,,,1.0,1.0,1.0,1.0,0.01408322361395894,1.0,0.0,1.0,1.0,0.5669010073793621
1376,0aaae91a3ffa7e596,True,,,,,,,,,,1.0,0.0,0.0,1.0,0.8890876342374286,1.0,0.0,1.0,1.0,0.0
1377,3b8808368bea4771a,True,,,,,,,,,,1.0,1.0,1.0,1.0,0.5803780567312498,1.0,1.0,1.0,0.0,0.7438681427285155
1378,e677a32f0475fc05e,True,,,,,,,,,,1.0,0.0,1.0,1.0,0.24468075146285087,1.0,0.0,1.0,1.0,0.0
1379,2c48bea3e93ba9e48,True,,,,,,,,,,1.0,1.0,0.5,1.0,0.8687294543579425,1.0,1.0,1.0,1.0,0.47948897724342854
1380,5d16842470d67d7aa,True,,,,,,,,,,1.0,1.0,1.0,1.0,1.0,1.0,1.0,1.0,1.0,1.0
1381,bff99a3eb84ffe4ba,True,,,,,,,,,,1.0,0.0,1.0,1.0,0.25874705624376554,1.0,0.0,1.0,1.0,0.0
1382,0dacd04f2b5cb9990,True,,,,,,,,,,0.5,0.0,0.0,1.0,1.0,0.0,0.0,1.0,1.0,0.0
1383,e9751ea5c28dbd703,True,,,,,,,,,,0.0,0.0,0.5,1.0,0.9718974393926985,0.0,0.0,1.0,1.0,0.0
1384,c4bb99fe9ff474e51,True,,,,,,,,,,1.0,1.0,1.0,1.0,0.736200528191734,1.0,1.0,1.0,1.0,0.9175626650599169
1385,d9f0da556a4c7bb77,True,,,,,,,,,,1.0,1.0,1.0,1.0,1.0,1.0,1.0,1.0,0.0,0.875
1386,ecc22288ebf17a22e,True,,,,,,,,,,1.0,1.0,1.0,1.0,1.0,1.0,1.0,1.0,1.0,1.0
1387,01e51bacf68548cab,True,,,,,,,,,,0.0,1.0,0.0,1.0,1.0,0.0,0.0,1.0,1.0,0.0
1388,bae5ac57314f7412b,True,,,,,,,,,,1.0,0.0,1.0,1.0,1.0,1.0,1.0,1.0,1.0,0.0
1389,9a5590594b11e4e0d,True,,,,,,,,,,1.0,0.0,1.0,1.0,1.0,1.0,1.0,1.0,1.0,0.0
1390,232ee9d7342aed6a0,True,,,,,,,,,,1.0,1.0,1.0,1.0,1.0,1.0,1.0,1.0,1.0,1.0
1391,6232a0b37017c2c9f,True,,,,,,,,,,1.0,1.0,1.0,1.0,0.1331276758659335,1.0,1.0,1.0,1.0,0.7291023987081042
1392,7b6367ddd040256d3,True,,,,,,,,,,1.0,1.0,1.0,1.0,0.0,1.0,1.0,1.0,1.0,0.6875
1393,ea6b0110876910b22,True,,,,,,,,,,0.0,1.0,1.0,1.0,0.6641412641259226,0.0,0.0,1.0,1.0,0.0
1394,4358e02f26d710fd9,True,,,,,,,,,,1.0,1.0,1.0,1.0,0.14067694675911768,1.0,1.0,1.0,1.0,0.7314615458622242
1395,dfb3b08e2dddf7b38,True,,,,,,,,,,1.0,1.0,1.0,1.0,0.7980582591175522,1.0,0.0,1.0,1.0,0.8118932059742351
1396,7a9cbf03b55e84c29,True,,,,,,,,,,1.0,1.0,1.0,1.0,0.09339386598113235,1.0,0.0,1.0,1.0,0.5916855831191039
1397,7e61c66c138daab84,True,,,,,,,,,,1.0,0.0,0.5,1.0,0.5702115816506714,1.0,0.0,1.0,1.0,0.0
1398,977312aa1b30d7f8f,True,,,,,,,,,,0.5,0.0,0.0,1.0,1.0,0.0,0.0,1.0,1.0,0.0
1399,9852fe25aea4c5db3,True,,,,,,,,,,1.0,0.0,0.0,1.0,0.8027885907813874,1.0,0.0,1.0,1.0,0.0
1400,4a99f83b526b20ecf,True,,,,,,,,,,1.0,1.0,1.0,1.0,0.019517877278610506,1.0,0.0,1.0,1.0,0.5685993366495659
1401,25c21cb66208cb6c6,True,,,,,,,,,,1.0,0.0,1.0,1.0,1.0,1.0,0.0,1.0,1.0,0.0
1402,f38fa4be9ff4556d8,True,,,,,,,,,,1.0,1.0,1.0,1.0,0.35308575106323675,1.0,1.0,1.0,1.0,0.7978392972072614
1403,221ee037ec27dbb36,True,,,,,,,,,,1.0,1.0,1.0,1.0,0.0,1.0,1.0,1.0,1.0,0.6875
1404,47269d59365ccc36c,True,,,,,,,,,,1.0,1.0,1.0,1.0,1.0,1.0,1.0,1.0,1.0,1.0
1405,7daae87faa1540ace,True,,,,,,,,,,0.0,0.0,0.0,1.0,0.836450611861033,0.0,0.0,1.0,1.0,0.0
1406,ba1d4ee6517641b7b,True,,,,,,,,,,1.0,1.0,1.0,1.0,1.0,1.0,0.0,1.0,1.0,0.875
1407,a3b3172d137c4851c,True,,,,,,,,,,0.0,1.0,1.0,1.0,1.0,0.0,1.0,1.0,1.0,0.0
1408,bb77c49defa6c4631,True,,,,,,,,,,1.0,1.0,1.0,1.0,0.3885964348677634,1.0,0.0,1.0,1.0,0.683936385896176
1409,6cbcce7f4aa5854ab,True,,,,,,,,,,1.0,1.0,1.0,1.0,1.0,1.0,0.0,1.0,1.0,0.875
1410,47fc4c6fd21e44379,True,,,,,,,,,,1.0,1.0,1.0,1.0,0.3062548722680785,1.0,1.0,1.0,0.0,0.6582046475837745
1411,b4590a06173d6c3f0,True,,,,,,,,,,1.0,1.0,1.0,1.0,0.0,1.0,0.0,0.0,1.0,0.4375
1412,74fbb7c806207e386,True,,,,,,,,,,1.0,0.0,1.0,1.0,0.5305346257634291,1.0,1.0,1.0,1.0,0.0
1413,f8e644eaae7fc78c5,True,,,,,,,,,,1.0,0.0,0.5,1.0,1.0,1.0,0.0,1.0,1.0,0.0
1414,4cb9cbe26edb17f04,True,,,,,,,,,,1.0,0.0,0.0,1.0,1.0,0.0,0.0,0.0,0.0,0.0
1415,dd7cd37257f99be9e,True,,,,,,,,,,1.0,0.0,0.0,1.0,1.0,1.0,0.0,1.0,1.0,0.0
1416,b51b8bf8d757ee5de,True,,,,,,,,,,1.0,1.0,1.0,1.0,1.0,1.0,1.0,1.0,1.0,1.0
1417,dcea45b5db447124d,True,,,,,,,,,,1.0,0.0,1.0,1.0,1.0,1.0,0.0,1.0,1.0,0.0
1418,35d4f508b7e0207b4,True,,,,,,,,,,1.0,1.0,1.0,1.0,0.019042907152669295,1.0,1.0,1.0,0.0,0.5684509084852092
1419,461b3554166aa0d6f,True,,,,,,,,,,1.0,0.0,0.0,1.0,1.0,1.0,0.0,1.0,0.0,0.0
1420,8befb288003901497,True,,,,,,,,,,1.0,0.0,1.0,1.0,1.0,1.0,1.0,1.0,1.0,0.0
1421,b50c1c40b51d7211f,True,,,,,,,,,,1.0,1.0,1.0,1.0,0.03896447506536573,1.0,0.0,1.0,1.0,0.5746763984579268
1422,4b0f639cbf3aaa353,True,,,,,,,,,,1.0,0.0,1.0,1.0,1.0,1.0,0.0,1.0,1.0,0.0
1423,7259df2fbd4ef7047,True,,,,,,,,,,1.0,1.0,1.0,1.0,0.0025023401910392483,1.0,0.0,1.0,1.0,0.5632819813096998
1424,c6e091204feb3069c,True,,,,,,,,,,1.0,1.0,1.0,1.0,0.9144728492950434,1.0,1.0,1.0,0.0,0.8482727654047011
1425,d3fd9caab2859cfd1,True,,,,,,,,,,1.0,1.0,0.0,1.0,1.0,1.0,0.0,1.0,1.0,0.0
1426,8dd36b48e9549dfbb,True,,,,,,,,,,1.0,0.0,0.0,1.0,1.0,1.0,1.0,1.0,0.0,0.0
1427,fcc569fe0c7aef6a1,True,,,,,,,,,,1.0,0.0,0.5,1.0,1.0,1.0,0.0,1.0,1.0,0.0
1428,701516f2dc4b0ec24,True,,,,,,,,,,1.0,1.0,1.0,1.0,0.04273824685852174,1.0,1.0,1.0,1.0,0.700855702143288
1429,385adba134e6d7874,True,,,,,,,,,,0.0,0.0,1.0,1.0,1.0,0.0,1.0,1.0,1.0,0.0
1430,5922fad17f2f5e59f,True,,,,,,,,,,0.0,0.0,0.0,1.0,1.0,0.0,0.0,1.0,1.0,0.0
1431,34c0cbcc136c66c89,True,,,,,,,,,,0.0,1.0,0.5,1.0,0.6639155012569345,0.0,0.0,1.0,1.0,0.0
1432,7338fea39e2bae90e,True,,,,,,,,,,1.0,1.0,1.0,1.0,0.43152569433028176,1.0,0.0,1.0,0.0,0.572351779478213
1433,676ffbee9ca648d5c,True,,,,,,,,,,0.0,1.0,1.0,1.0,1.0,0.0,1.0,1.0,1.0,0.0
1434,1b9be7126769fdb92,True,,,,,,,,,,1.0,1.0,1.0,1.0,0.8279201177062093,1.0,1.0,1.0,1.0,0.9462250367831904
1435,355e5bb60c8fb0793,True,,,,,,,,,,1.0,1.0,1.0,1.0,1.0,1.0,0.0,1.0,1.0,0.875
1436,298d36dd2179b1b09,True,,,,,,,,,,0.0,1.0,1.0,1.0,1.0,1.0,0.0,1.0,1.0,0.0
1437,89fdadaeadc80221e,True,,,,,,,,,,0.0,1.0,1.0,1.0,1.0,0.0,1.0,1.0,0.0,0.0
1438,b6e21e56bbdb5ba68,True,,,,,,,,,,1.0,0.0,0.5,1.0,0.639314978585714,1.0,1.0,1.0,1.0,0.0
1439,f57b598a624e522c7,True,,,,,,,,,,1.0,1.0,1.0,1.0,0.47740514861968536,1.0,0.0,1.0,1.0,0.7116891089436517
1440,334428793abea228f,True,,,,,,,,,,1.0,0.0,0.0,1.0,1.0,1.0,0.0,1.0,1.0,0.0
1441,d5edc9afab7f3a337,True,,,,,,,,,,1.0,1.0,1.0,1.0,0.571432995081659,1.0,1.0,1.0,1.0,0.8660728109630185
1442,bb22e24798c605096,True,,,,,,,,,,0.0,0.0,1.0,1.0,1.0,0.0,0.0,1.0,1.0,0.0
1443,7c8ff6814e197c909,True,,,,,,,,,,0.0,0.0,1.0,1.0,1.0,0.0,0.0,1.0,1.0,0.0
1444,339ecba374c29a3ea,True,,,,,,,,,,1.0,0.0,0.5,1.0,0.3443466750458925,1.0,0.0,1.0,0.0,0.0
1445,6c00c1447928881d7,True,,,,,,,,,,1.0,1.0,1.0,1.0,0.11051726673864586,1.0,0.0,1.0,1.0,0.5970366458558268
1446,de3ab8b6981c3e632,True,,,,,,,,,,1.0,1.0,1.0,1.0,0.0,1.0,1.0,1.0,1.0,0.6875
1447,5a0a989dc5a853c97,True,,,,,,,,,,1.0,1.0,1.0,1.0,0.46234337684593674,1.0,0.0,1.0,1.0,0.7069823052643552
1448,c356f7c7a4dfada23,True,,,,,,,,,,1.0,1.0,1.0,1.0,0.03431294951546447,1.0,0.0,1.0,1.0,0.5732227967235827
1449,a0f74d36d2aa52b1f,True,,,,,,,,,,1.0,1.0,1.0,1.0,0.14040163084455662,1.0,1.0,1.0,1.0,0.731375509638924
1450,bcdf9aeebdcada173,True,,,,,,,,,,1.0,0.0,1.0,1.0,0.48738945923907045,1.0,0.0,1.0,0.0,0.0
1451,fc75e772cd8a739f3,True,,,,,,,,,,1.0,0.0,1.0,1.0,1.0,1.0,1.0,1.0,1.0,0.0
1452,cd19384b9fe667753,True,,,,,,,,,,1.0,0.0,0.5,1.0,0.3953242919393457,1.0,0.0,1.0,1.0,0.0
1453,b95297d2453c0e1e8,True,,,,,,,,,,1.0,0.0,1.0,1.0,0.716372782906922,1.0,1.0,1.0,0.0,0.0
1454,ebf583743cf822ad6,True,,,,,,,,,,0.5,0.0,0.0,1.0,0.8654587776039647,0.0,0.0,1.0,0.0,0.0
1455,9dd3876cb173c36aa,True,,,,,,,,,,0.0,0.0,0.0,1.0,1.0,0.0,0.0,1.0,0.0,0.0
1456,f21c4208d817951b4,True,,,,,,,,,,1.0,0.0,0.0,1.0,0.7860662327285711,1.0,0.0,1.0,1.0,0.0
1457,956a8bcaa1a0b0856,True,,,,,,,,,,0.0,0.0,0.0,1.0,1.0,0.0,0.0,1.0,0.0,0.0
1458,bd9cfcf17b064f7df,True,,,,,,,,,,1.0,1.0,1.0,1.0,0.08160090310488652,1.0,1.0,1.0,1.0,0.713000282220277
1459,29500c50afeb0e68a,True,,,,,,,,,,0.0,0.0,0.5,1.0,1.0,0.0,0.0,1.0,0.0,0.0
1460,7d4dd35efebf5aa8f,True,,,,,,,,,,1.0,1.0,1.0,1.0,0.0579901776548981,1.0,0.0,1.0,1.0,0.5806219305171556
1461,c7690543523741cf3,True,,,,,,,,,,1.0,0.0,0.0,1.0,1.0,1.0,1.0,1.0,0.0,0.0
1462,03a6d53a889503fa1,True,,,,,,,,,,1.0,0.0,0.0,1.0,1.0,1.0,0.0,1.0,1.0,0.0
1463,661923b68a72445aa,True,,,,,,,,,,1.0,0.0,0.5,1.0,0.386924523501721,1.0,0.0,1.0,1.0,0.0
1464,a6158322c9262bd39,True,,,,,,,,,,1.0,0.0,0.0,1.0,0.9885480807109819,1.0,1.0,0.0,0.0,0.0
1465,c88ec2d9a664ec957,True,,,,,,,,,,1.0,1.0,1.0,1.0,1.0,0.0,1.0,1.0,1.0,0.6875
1466,0ea9174f9cfe31c0d,True,,,,,,,,,,0.5,0.0,1.0,1.0,0.5438797275881038,0.0,1.0,1.0,1.0,0.0
1467,89474c5ba034ced0c,True,,,,,,,,,,1.0,1.0,1.0,1.0,0.14592995585584367,1.0,1.0,1.0,1.0,0.7331031112049511
1468,09747cf799a19f292,True,,,,,,,,,,1.0,1.0,1.0,1.0,0.15660606128884919,1.0,0.0,1.0,1.0,0.6114393941527654
1469,3e179fc29839a19a3,True,,,,,,,,,,1.0,1.0,1.0,1.0,1.0,1.0,0.0,1.0,1.0,0.875
1470,a7eababd56f26dc5e,True,,,,,,,,,,0.0,0.0,0.0,1.0,0.8485299060318992,0.0,1.0,1.0,1.0,0.0
1471,393ebaed8cd47962e,True,,,,,,,,,,1.0,0.0,1.0,1.0,0.7900524753019554,1.0,1.0,1.0,0.0,0.0
1472,35a201132842b0275,True,,,,,,,,,,1.0,1.0,1.0,1.0,0.10435810417447396,1.0,0.0,1.0,1.0,0.595111907554523
1473,dba7acca42dcb992f,True,,,,,,,,,,1.0,0.0,0.5,1.0,1.0,1.0,0.0,1.0,1.0,0.0
1474,b1c7cedccc066a77d,True,,,,,,,,,,1.0,0.0,1.0,1.0,0.6486010775029741,1.0,0.0,1.0,0.0,0.0
1475,6e1ecc74646f12ab1,True,,,,,,,,,,0.0,0.0,0.0,1.0,1.0,0.0,0.0,1.0,0.0,0.0
1476,317774c453bf853ce,True,,,,,,,,,,1.0,1.0,1.0,1.0,0.23309222391238799,1.0,0.0,1.0,1.0,0.6353413199726212
1477,467d53c4d720db393,True,,,,,,,,,,0.0,0.0,0.5,1.0,1.0,0.0,0.0,1.0,1.0,0.0
1478,01f31009879396921,True,,,,,,,,,,1.0,0.0,1.0,1.0,0.5187698719959991,1.0,1.0,1.0,1.0,0.0
1479,2dac2b9cae0ff11f8,True,,,,,,,,,,1.0,1.0,1.0,1.0,1.0,1.0,0.0,1.0,1.0,0.875
1480,01b75264953369ae4,True,,,,,,,,,,1.0,0.0,0.5,1.0,1.0,1.0,0.0,1.0,1.0,0.0
1481,977ccf108c51d43d0,True,,,,,,,,,,1.0,1.0,1.0,1.0,0.11530086648741983,1.0,1.0,1.0,1.0,0.7235315207773187
1482,085b907f63a37b0ac,True,,,,,,,,,,0.0,0.0,0.0,1.0,0.6922710200925555,0.0,0.0,1.0,0.0,0.0
1483,cd00bd6a4daf5fce4,True,,,,,,,,,,0.0,1.0,1.0,1.0,0.680092228098494,0.0,0.0,1.0,1.0,0.0
1484,59223499b6e8a12d6,True,,,,,,,,,,1.0,0.0,0.5,1.0,0.7025557159829214,1.0,1.0,1.0,0.0,0.0
1485,f42ba561b2c6f684a,True,,,,,,,,,,1.0,1.0,1.0,1.0,0.2706482290332376,1.0,1.0,1.0,1.0,0.7720775715728867
1486,7fda1bb28d64c96f0,True,,,,,,,,,,1.0,0.0,0.5,1.0,1.0,1.0,0.0,1.0,1.0,0.0
1487,ce3d7615ed78d6c47,True,,,,,,,,,,1.0,1.0,1.0,1.0,0.0,1.0,1.0,1.0,1.0,0.6875
1488,b77eab715fa3e5a65,True,,,,,,,,,,0.0,0.0,1.0,1.0,0.5096878932049679,0.0,1.0,1.0,1.0,0.0
1489,78ff4a8811ea50019,True,,,,,,,,,,1.0,1.0,1.0,1.0,1.0,1.0,1.0,1.0,1.0,1.0
1490,686f1f87016b7e54b,True,,,,,,,,,,1.0,1.0,1.0,1.0,1.0,1.0,1.0,1.0,1.0,1.0
1491,ba8bf5b95601df543,True,,,,,,,,,,1.0,1.0,1.0,1.0,0.8909802368000802,1.0,1.0,1.0,1.0,0.9659313240000251
1492,bd132bb290ee8b29b,True,,,,,,,,,,1.0,1.0,1.0,1.0,1.0,1.0,0.0,1.0,1.0,0.875
1493,b6f6daabfac4fa910,True,,,,,,,,,,0.0,1.0,1.0,1.0,1.0,0.0,1.0,1.0,1.0,0.0
1494,463716f28ebb21a5d,True,,,,,,,,,,1.0,0.0,1.0,1.0,1.0,1.0,1.0,1.0,1.0,0.0
1495,306bd7dfd9818a9eb,True,,,,,,,,,,0.0,0.0,0.0,1.0,0.6426172366205469,0.0,0.0,1.0,0.0,0.0
1496,86275551f43e6b105,True,,,,,,,,,,0.0,0.0,1.0,1.0,1.0,0.0,0.0,1.0,1.0,0.0
1497,8c19ef349d4fc37cb,True,,,,,,,,,,1.0,1.0,1.0,1.0,0.8164415852621234,1.0,1.0,1.0,1.0,0.9426379953944135
1498,7feb54e1cfc0b6b33,True,,,,,,,,,,1.0,1.0,0.0,1.0,0.8574893030363954,1.0,0.0,1.0,0.0,0.0
1499,00e5457ca561abfbb,True,,,,,,,,,,1.0,1.0,1.0,1.0,0.153044173174172,1.0,1.0,1.0,1.0,0.7353263041169287
1500,bca57d9f8472bf1be,True,,,,,,,,,,1.0,1.0,1.0,1.0,0.331570264849312,1.0,1.0,1.0,1.0,0.7911157077654101
1501,3e4706910942fcca4,True,,,,,,,,,,1.0,1.0,1.0,1.0,1.0,1.0,1.0,1.0,1.0,1.0
1502,1efa58a926126dcc0,True,,,,,,,,,,1.0,0.0,0.5,1.0,0.602977614458123,1.0,0.0,1.0,1.0,0.0
1503,544fd2c725ea1a878,True,,,,,,,,,,1.0,1.0,1.0,1.0,0.9015618344342423,1.0,1.0,1.0,1.0,0.9692380732607007
1504,6eb7971620ae92336,True,,,,,,,,,,1.0,0.0,0.5,1.0,1.0,1.0,1.0,1.0,0.0,0.0
1505,11e5a12ad80226150,True,,,,,,,,,,1.0,1.0,0.0,1.0,0.7465564728571233,1.0,0.0,1.0,1.0,0.0
1506,6755c5223bb08c967,True,,,,,,,,,,1.0,1.0,1.0,1.0,0.5967175395739376,1.0,1.0,1.0,1.0,0.8739742311168555
1507,80144b63550c48566,True,,,,,,,,,,0.0,1.0,0.0,1.0,1.0,0.0,0.0,1.0,1.0,0.0
1508,1a873a18080ef431b,True,,,,,,,,,,0.0,0.0,0.5,1.0,1.0,0.0,1.0,1.0,1.0,0.0
1509,4a5ea5d6a2735531c,True,,,,,,,,,,1.0,1.0,0.0,1.0,0.9827328749184623,1.0,0.0,1.0,1.0,0.0
1510,ac132e5b2d0fb3476,True,,,,,,,,,,1.0,1.0,1.0,1.0,0.0,1.0,1.0,1.0,1.0,0.6875
1511,246f9bdfe24441b91,True,,,,,,,,,,1.0,1.0,0.0,1.0,1.0,1.0,0.0,1.0,1.0,0.0
1512,6c5bcf6f99698fac4,True,,,,,,,,,,1.0,0.0,1.0,1.0,0.4584710435657073,1.0,1.0,1.0,1.0,0.0
1513,20a64ca2d03e6cb72,True,,,,,,,,,,1.0,1.0,1.0,1.0,0.29258731842283164,1.0,1.0,1.0,1.0,0.7789335370071349
1514,be37c56ecccec8f54,True,,,,,,,,,,1.0,0.0,1.0,1.0,1.0,1.0,0.0,1.0,1.0,0.0
1515,84f364974b63432d3,True,,,,,,,,,,1.0,0.0,1.0,1.0,0.6856730017159268,1.0,1.0,1.0,1.0,0.0
1516,f5d454a22e5731c5a,True,,,,,,,,,,1.0,0.0,0.5,1.0,0.6061313718960005,1.0,1.0,1.0,1.0,0.0
1517,5c4cdaaf289584cd5,True,,,,,,,,,,1.0,0.0,0.0,1.0,1.0,1.0,1.0,1.0,1.0,0.0
1518,a8cfebbab95e53606,True,,,,,,,,,,0.5,0.0,1.0,1.0,0.6906502922694785,0.0,1.0,1.0,0.0,0.0
1519,f4fb3d3b43707d6a3,True,,,,,,,,,,0.0,1.0,1.0,1.0,1.0,1.0,0.0,1.0,1.0,0.0
1520,eb6640d34db9e73af,True,,,,,,,,,,1.0,1.0,1.0,1.0,0.08620225126740805,1.0,1.0,1.0,1.0,0.714438203521065
1521,f8d974540bdca9c27,True,,,,,,,,,,1.0,0.0,0.0,1.0,1.0,1.0,0.0,1.0,1.0,0.0
1522,aaf0cbe31c7a5aa33,True,,,,,,,,,,1.0,1.0,0.5,1.0,0.4373234503546495,1.0,0.0,1.0,1.0,0.349581789117914
1523,92f6dfd3e7865475c,True,,,,,,,,,,1.0,0.0,0.0,1.0,1.0,1.0,0.0,1.0,1.0,0.0
1524,99fefc4b387e5553a,True,,,,,,,,,,0.0,0.0,0.0,1.0,1.0,0.0,1.0,1.0,1.0,0.0
1525,e135d049b4587c212,True,,,,,,,,,,1.0,0.0,0.0,1.0,0.9857583120467267,1.0,0.0,1.0,0.0,0.0
1526,40e276fbb70b36a86,True,,,,,,,,,,1.0,1.0,1.0,1.0,0.12122867875548965,1.0,1.0,1.0,1.0,0.7253839621110905
1527,51468624f84655cc2,True,,,,,,,,,,1.0,0.0,1.0,1.0,0.6403711115773655,1.0,0.0,1.0,1.0,0.0
1528,f2c959958c4b3a8f0,True,,,,,,,,,,0.0,0.0,0.0,1.0,0.9337424045150278,0.0,0.0,1.0,0.0,0.0
1529,a34d3365f758f1c85,True,,,,,,,,,,1.0,1.0,1.0,1.0,0.1381131429446959,1.0,0.0,1.0,1.0,0.6056603571702175
1530,aaf11968df9ad811b,True,,,,,,,,,,1.0,0.0,0.0,1.0,1.0,1.0,0.0,1.0,1.0,0.0
1531,b6217c8c8ec53139f,True,,,,,,,,,,1.0,1.0,1.0,1.0,0.49238437205433944,1.0,1.0,1.0,1.0,0.8413701162669811
1532,174e7a32e20f2ca14,True,,,,,,,,,,1.0,1.0,0.0,1.0,1.0,1.0,0.0,1.0,1.0,0.0
1533,80bd77183c8a411b9,True,,,,,,,,,,1.0,1.0,1.0,1.0,1.0,1.0,1.0,1.0,1.0,1.0
1534,2715084d8bf201e97,True,,,,,,,,,,1.0,1.0,1.0,1.0,0.8231913828969885,1.0,1.0,1.0,1.0,0.944747307155309
1535,62dc7352b73b8635d,True,,,,,,,,,,1.0,0.0,0.0,1.0,1.0,1.0,1.0,1.0,0.0,0.0
1536,e85a39742e3e7ef00,True,,,,,,,,,,1.0,0.0,0.0,1.0,1.0,1.0,0.0,1.0,1.0,0.0
1537,4a263f9bce5d33176,True,,,,,,,,,,0.0,0.0,1.0,1.0,1.0,0.0,0.0,1.0,1.0,0.0
1538,39dac9068ac428048,True,,,,,,,,,,0.0,0.0,0.5,1.0,0.7024726990230932,0.0,0.0,1.0,1.0,0.0
1539,e87ee58e2c6134551,True,,,,,,,,,,1.0,1.0,1.0,1.0,0.1094163308876521,1.0,0.0,1.0,1.0,0.5966926034023913
1540,1ea06c577a84beafb,True,,,,,,,,,,1.0,1.0,1.0,1.0,0.08932569166998616,1.0,1.0,1.0,1.0,0.7154142786468707
1541,e4cf6ec3cedd01e6b,True,,,,,,,,,,0.5,0.0,0.0,1.0,1.0,0.0,0.0,1.0,1.0,0.0
1542,bf16a1467ed27acf5,True,,,,,,,,,,1.0,1.0,1.0,1.0,0.3605502503655574,1.0,1.0,1.0,1.0,0.8001719532392366
1543,6583dc042ee97ab5a,True,,,,,,,,,,1.0,1.0,1.0,1.0,0.12111638595938524,1.0,0.0,1.0,1.0,0.6003488706123079
1544,eaa70df977f0ed637,True,,,,,,,,,,0.0,0.0,1.0,1.0,1.0,0.0,0.0,1.0,1.0,0.0
1545,e9bf575d65f297345,True,,,,,,,,,,1.0,1.0,0.0,1.0,1.0,1.0,0.0,1.0,0.0,0.0
1546,ab4161a99b49b3ba2,True,,,,,,,,,,1.0,0.0,0.5,1.0,0.5076420960477724,1.0,1.0,0.0,0.0,0.0
1547,2931dbf8882478baa,True,,,,,,,,,,1.0,0.0,0.5,1.0,1.0,1.0,0.0,1.0,1.0,0.0
1548,9011963333f646007,True,,,,,,,,,,1.0,1.0,1.0,1.0,0.12565628235043522,1.0,0.0,1.0,1.0,0.601767588234511
1549,c99c412737b15dcce,True,,,,,,,,,,0.0,1.0,1.0,0.0,1.0,0.0,0.0,1.0,1.0,0.0
1550,303ba3f05a636f6e9,True,,,,,,,,,,1.0,1.0,1.0,1.0,0.17509338114762912,1.0,1.0,1.0,1.0,0.7422166816086341
1551,0d82f96df900285cb,True,,,,,,,,,,1.0,1.0,1.0,1.0,0.0,1.0,1.0,1.0,1.0,0.6875
1552,5f775bac151622950,True,,,,,,,,,,1.0,1.0,1.0,1.0,0.8935680582839717,1.0,1.0,1.0,1.0,0.9667400182137411
1553,c548f7528dc6ad5c8,True,,,,,,,,,,1.0,0.0,0.0,1.0,0.1398107260191426,1.0,0.0,1.0,0.0,0.0
1554,a283fdc5a4a1cd3b0,True,,,,,,,,,,1.0,1.0,0.0,1.0,0.7833865463611414,1.0,0.0,1.0,1.0,0.0
1555,ac7a491ea6609fc90,True,,,,,,,,,,1.0,0.0,1.0,1.0,0.43204142997267647,1.0,1.0,1.0,1.0,0.0
1556,7a1e5853909a335df,True,,,,,,,,,,1.0,1.0,0.5,1.0,0.8349868934457843,1.0,0.0,1.0,0.0,0.3492167021009038
1557,fef836e429bc5768f,True,,,,,,,,,,1.0,1.0,1.0,1.0,0.38648320278527876,1.0,0.0,1.0,1.0,0.6832760008703996
1558,4831965b341a7fca8,True,,,,,,,,,,1.0,1.0,1.0,1.0,0.43177733600161433,1.0,1.0,1.0,0.0,0.6974304175005045
1559,76e0516677156bad8,True,,,,,,,,,,1.0,0.0,1.0,1.0,1.0,1.0,0.0,1.0,1.0,0.0
1560,3c2d7205574952616,True,,,,,,,,,,0.0,1.0,1.0,1.0,1.0,0.0,0.0,1.0,0.0,0.0
1561,df8882fb6dbefa033,True,,,,,,,,,,1.0,0.0,0.0,1.0,1.0,1.0,0.0,1.0,0.0,0.0
1562,fd2cd8e0a11510837,True,,,,,,,,,,1.0,1.0,1.0,1.0,0.0,1.0,0.0,1.0,1.0,0.5625
1563,759a8a1916ceaf38d,True,,,,,,,,,,1.0,1.0,1.0,1.0,0.06444862676471541,1.0,1.0,1.0,1.0,0.7076401958639735
1564,f35c027e64ad46b30,True,,,,,,,,,,1.0,1.0,1.0,1.0,0.24174470402471945,1.0,0.0,1.0,1.0,0.6380452200077249
1565,9451e8ef901cc6db5,True,,,,,,,,,,1.0,1.0,1.0,1.0,0.19015611580629146,1.0,1.0,1.0,1.0,0.7469237861894661
1566,b93890b60ea010aaa,True,,,,,,,,,,1.0,0.0,1.0,1.0,1.0,1.0,0.0,1.0,1.0,0.0
1567,2eb3bf3c471605eb4,True,,,,,,,,,,1.0,1.0,1.0,1.0,1.0,1.0,1.0,1.0,1.0,1.0
1568,70886fe6fcf180420,True,,,,,,,,,,0.0,0.0,0.0,1.0,0.6402696740938297,0.0,0.0,1.0,1.0,0.0
1569,87bc17b46db863809,True,,,,,,,,,,1.0,1.0,0.5,1.0,0.8405180362703206,1.0,0.0,1.0,0.0,0.3500809431672376
1570,01e9b170c5c1365c4,True,,,,,,,,,,1.0,1.0,1.0,1.0,0.38920676994534437,1.0,1.0,1.0,1.0,0.80912711560792
1571,023850d442fe9ca21,True,,,,,,,,,,1.0,0.0,0.0,1.0,0.8890876342374286,1.0,0.0,1.0,1.0,0.0
1572,08c4b293745d6aef6,True,,,,,,,,,,1.0,0.0,0.0,0.0,1.0,1.0,0.0,1.0,0.0,0.0
1573,bbc7311ff7a7c3e18,True,,,,,,,,,,1.0,1.0,1.0,1.0,0.0,1.0,1.0,1.0,1.0,0.6875
1574,942c13a25166d5723,True,,,,,,,,,,1.0,0.0,1.0,1.0,0.24219739077843747,1.0,1.0,1.0,1.0,0.0
1575,e8b8ef9bb7f4bdccb,True,,,,,,,,,,1.0,1.0,1.0,1.0,0.012797973790902344,1.0,0.0,1.0,1.0,0.566499366809657
1576,fa28a1a92ae386086,True,,,,,,,,,,1.0,1.0,1.0,1.0,0.0,1.0,1.0,1.0,1.0,0.6875
1577,c0a268f5942ff8fac,True,,,,,,,,,,1.0,1.0,1.0,1.0,1.0,1.0,1.0,1.0,1.0,1.0
1578,88d4b366c4eb714be,True,,,,,,,,,,1.0,1.0,1.0,1.0,0.0,1.0,0.0,1.0,1.0,0.5625
1579,c672054b9f22ca68b,True,,,,,,,,,,1.0,0.0,1.0,1.0,1.0,1.0,0.0,1.0,1.0,0.0
1580,9c091b0cc6c49fd2a,True,,,,,,,,,,1.0,1.0,0.5,1.0,0.7108270571620502,0.0,1.0,0.0,0.0,0.17356672768157033
1581,c1c57e75b2d100427,True,,,,,,,,,,1.0,1.0,0.5,1.0,0.5937189791060514,1.0,0.0,1.0,1.0,0.37401859048532055
1582,6b27e18868c49b898,True,,,,,,,,,,1.0,1.0,1.0,1.0,0.0,1.0,1.0,1.0,1.0,0.6875
1583,99dc5d64b209fb23b,True,,,,,,,,,,1.0,1.0,1.0,1.0,0.7747321215322627,1.0,0.0,1.0,0.0,0.6796037879788321
1584,f7592c27f95e1ae0e,True,,,,,,,,,,1.0,1.0,1.0,1.0,0.2397180839092808,1.0,1.0,1.0,1.0,0.7624119012216503
1585,5cd83ccdc4993016d,True,,,,,,,,,,1.0,0.0,0.0,1.0,0.8546667443389759,1.0,0.0,1.0,1.0,0.0
1586,918a0960b5cef7615,True,,,,,,,,,,1.0,1.0,0.5,1.0,0.8747185807499775,1.0,1.0,1.0,1.0,0.480424778242184
1587,880ea2e1739fd042f,True,,,,,,,,,,1.0,1.0,1.0,1.0,0.0,1.0,1.0,1.0,1.0,0.6875
1588,aac5e172e96b86e25,True,,,,,,,,,,1.0,0.0,0.5,1.0,1.0,1.0,0.0,1.0,1.0,0.0
1589,47b4f8325c08a9af6,True,,,,,,,,,,1.0,0.0,0.5,1.0,0.730249635083667,1.0,0.0,1.0,1.0,0.0
1590,e5e0959cfd16213ca,True,,,,,,,,,,0.0,0.0,0.0,1.0,1.0,0.0,0.0,1.0,1.0,0.0
1591,9cbb06ac6bd21fc4c,True,,,,,,,,,,1.0,0.0,0.0,1.0,1.0,1.0,0.0,1.0,1.0,0.0
1592,6e32b9a6c91fe85dc,True,,,,,,,,,,1.0,1.0,1.0,1.0,1.0,1.0,0.0,1.0,1.0,0.875
1593,bef503ff5929be3a8,True,,,,,,,,,,0.0,0.0,0.0,1.0,1.0,0.0,0.0,1.0,1.0,0.0
1594,f7741428b4719155a,True,,,,,,,,,,0.0,0.0,0.0,1.0,0.8011469141091946,0.0,0.0,1.0,1.0,0.0
1595,90074b411c5d7d55b,True,,,,,,,,,,1.0,1.0,1.0,1.0,0.1250820368494536,1.0,1.0,1.0,1.0,0.7265881365154543
1596,73bd1fde4cf4bbd5a,True,,,,,,,,,,0.0,1.0,1.0,0.0,1.0,0.0,0.0,1.0,1.0,0.0
1597,fe1ca3f5f54761556,True,,,,,,,,,,1.0,0.0,0.5,1.0,1.0,1.0,0.0,1.0,0.0,0.0
1598,1ac3e56e5a46a2f3a,True,,,,,,,,,,1.0,1.0,1.0,1.0,0.19573856990141705,1.0,0.0,1.0,1.0,0.6236683030941929
1599,12eccd64a8e27f82f,True,,,,,,,,,,1.0,0.0,0.0,1.0,1.0,1.0,0.0,1.0,1.0,0.0
1600,df00098f604a521a4,True,,,,,,,,,,0.0,0.0,0.5,1.0,0.5914654022279618,0.0,0.0,1.0,1.0,0.0
1601,1ee04786c1af4e2d7,True,,,,,,,,,,1.0,0.0,0.0,1.0,1.0,0.0,0.0,1.0,0.0,0.0
1602,eafa5db95b382255d,True,,,,,,,,,,1.0,1.0,1.0,1.0,1.0,1.0,0.0,1.0,1.0,0.875
1603,d31445529f320e6e9,True,,,,,,,,,,1.0,1.0,1.0,1.0,1.0,1.0,1.0,1.0,1.0,1.0
1604,5275c2d3d823a5476,True,,,,,,,,,,1.0,1.0,1.0,1.0,0.03789672959142081,1.0,1.0,1.0,1.0,0.699342727997319
1605,67f4ac3e85d08fa8a,True,,,,,,,,,,1.0,1.0,1.0,1.0,0.11825426790888428,1.0,1.0,1.0,1.0,0.7244544587215264
1606,9557f26df1e4356d7,True,,,,,,,,,,1.0,0.0,0.0,1.0,1.0,1.0,0.0,1.0,1.0,0.0
1607,53c6f9cae0f7a4cd1,True,,,,,,,,,,0.0,0.0,0.0,1.0,1.0,0.0,0.0,1.0,1.0,0.0
1608,4c0a48ba08d3935ff,True,,,,,,,,,,0.0,1.0,1.0,1.0,1.0,0.0,1.0,1.0,1.0,0.0
1609,1f46bbf6d50d08d54,True,,,,,,,,,,1.0,1.0,0.5,1.0,1.0,1.0,0.0,1.0,1.0,0.4375
1610,20264c75b9737127d,True,,,,,,,,,,1.0,1.0,1.0,1.0,0.6603024178277651,1.0,1.0,1.0,1.0,0.8938445055711766
1611,1908461428632f5dd,True,,,,,,,,,,0.5,0.0,0.5,1.0,0.959810634244462,0.0,0.0,1.0,1.0,0.0
1612,e1a05afadd29c9d52,True,,,,,,,,,,1.0,1.0,1.0,1.0,0.6997186968759604,1.0,0.0,1.0,1.0,0.7811620927737376
1613,afb926f0852a51d14,True,,,,,,,,,,1.0,1.0,1.0,1.0,0.0,1.0,1.0,1.0,1.0,0.6875
1614,0f677bebd5ee6c831,True,,,,,,,,,,1.0,0.0,0.0,1.0,0.6689498272207227,1.0,1.0,1.0,0.0,0.0
1615,5a562731374a3054b,True,,,,,,,,,,1.0,1.0,1.0,1.0,0.0,1.0,1.0,1.0,1.0,0.6875
1616,64048e12035273b06,True,,,,,,,,,,1.0,1.0,1.0,1.0,0.06533042869242221,1.0,1.0,1.0,1.0,0.7079157589663819
1617,1484a0a00421bfda6,True,,,,,,,,,,1.0,0.0,1.0,1.0,0.10301334475518069,1.0,1.0,1.0,1.0,0.0
1618,3e0e221b32c026dc2,True,,,,,,,,,,1.0,0.0,0.0,1.0,1.0,1.0,0.0,1.0,1.0,0.0
1619,76ce40d34831b1542,True,,,,,,,,,,1.0,0.0,0.0,1.0,1.0,1.0,0.0,1.0,1.0,0.0
1620,155dbb3e9624d499e,True,,,,,,,,,,0.0,0.0,0.5,1.0,0.47976804830524733,0.0,0.0,1.0,1.0,0.0
1621,bc9e1db1b41d9717b,True,,,,,,,,,,1.0,0.0,0.0,1.0,0.8742048716643921,1.0,1.0,1.0,0.0,0.0
1622,4f8f53cf5fc946ea6,True,,,,,,,,,,1.0,1.0,1.0,1.0,0.3379289737485472,1.0,1.0,1.0,1.0,0.793102804296421
1623,765c939c341bbf4f6,True,,,,,,,,,,1.0,1.0,1.0,1.0,0.16326736294917452,1.0,1.0,1.0,1.0,0.738521050921617
1624,e2d10c9ccbbc61bce,True,,,,,,,,,,1.0,1.0,0.5,1.0,0.49623064258563293,1.0,0.0,1.0,1.0,0.35878603790400515
1625,95f0d6c3b4018f122,True,,,,,,,,,,1.0,1.0,1.0,1.0,0.0,1.0,1.0,1.0,1.0,0.6875
1626,8ec2f225bd1ccc3ff,True,,,,,,,,,,1.0,1.0,0.5,1.0,0.8107362260450787,1.0,1.0,1.0,1.0,0.4704275353195435
1627,daa10fc178dc83dfb,True,,,,,,,,,,1.0,0.0,0.5,1.0,1.0,1.0,0.0,1.0,1.0,0.0
1628,6fe71c9fa733e801d,True,,,,,,,,,,1.0,1.0,1.0,1.0,0.36927565039252064,1.0,1.0,1.0,1.0,0.8028986407476627
1629,b8fafe0f06f38d320,True,,,,,,,,,,0.5,0.0,0.5,1.0,1.0,0.0,0.0,1.0,1.0,0.0
1630,664a5c4af31581693,True,,,,,,,,,,1.0,0.0,0.5,1.0,0.8408501234251993,1.0,0.0,1.0,1.0,0.0
1631,3b55569be269255c2,True,,,,,,,,,,1.0,0.0,0.0,1.0,0.6939466123245012,1.0,0.0,0.0,0.0,0.0
1632,1a221329baff3bfe2,True,,,,,,,,,,0.0,0.0,1.0,1.0,1.0,0.0,1.0,1.0,1.0,0.0
1633,452f589a00d505838,True,,,,,,,,,,1.0,0.0,1.0,1.0,0.6472896122505799,1.0,1.0,1.0,1.0,0.0
1634,cf70e8986954b642f,True,,,,,,,,,,1.0,0.0,0.0,1.0,1.0,1.0,0.0,1.0,1.0,0.0
1635,6a7d426363539d6d7,True,,,,,,,,,,0.0,0.0,0.0,1.0,1.0,0.0,0.0,0.0,0.0,0.0
1636,e42fb75cf07b74514,True,,,,,,,,,,1.0,1.0,1.0,1.0,0.3737070178507354,1.0,1.0,1.0,0.0,0.6792834430783548
1637,e30153992e5712828,True,,,,,,,,,,1.0,1.0,1.0,1.0,0.13580803435092073,1.0,0.0,1.0,1.0,0.6049400107346627
1638,a82a0dff42f2a74f1,True,,,,,,,,,,1.0,0.0,0.5,1.0,0.7873841975572098,1.0,1.0,0.0,1.0,0.0
1639,7d348078ef5cd9345,True,,,,,,,,,,1.0,1.0,1.0,1.0,0.07930092211010123,1.0,1.0,1.0,1.0,0.7122815381594066
1640,583e0fd0c7d71cae0,True,,,,,,,,,,0.0,0.0,0.0,1.0,0.8914552637340218,0.0,0.0,1.0,1.0,0.0
1641,f7aca65344c3b8a4b,True,,,,,,,,,,1.0,1.0,1.0,1.0,0.20724216857322333,1.0,1.0,1.0,1.0,0.7522631776791323
1642,c09eaf80eb8a24e39,True,,,,,,,,,,1.0,1.0,1.0,1.0,0.0484974741123379,1.0,1.0,1.0,1.0,0.7026554606601056
1643,e2d44e550396a6802,True,,,,,,,,,,1.0,0.0,0.0,1.0,0.9963068915217884,1.0,0.0,1.0,1.0,0.0
1644,591164dffebc72c33,True,,,,,,,,,,1.0,1.0,1.0,1.0,0.027310478883427514,1.0,1.0,1.0,1.0,0.6960345246510711
1645,d9ae5adb158047d47,True,,,,,,,,,,1.0,0.0,0.0,1.0,0.7393327418792381,1.0,0.0,1.0,0.0,0.0
1646,39ebfd58dcc9b5aea,True,,,,,,,,,,0.0,0.0,0.0,1.0,1.0,0.0,0.0,1.0,0.0,0.0
1647,6facf1979a5a3837b,True,,,,,,,,,,0.0,0.0,1.0,1.0,1.0,0.0,1.0,1.0,0.0,0.0
1648,4250d2db3b613460c,True,,,,,,,,,,1.0,1.0,1.0,1.0,0.8586922124802531,1.0,0.0,1.0,1.0,0.8308413164000791
1649,e892cc466b54878c6,True,,,,,,,,,,1.0,0.0,0.0,1.0,1.0,1.0,0.0,1.0,0.0,0.0
1650,6b7ec09b2f5066af8,True,,,,,,,,,,1.0,0.0,0.5,1.0,0.5846970797253788,1.0,1.0,1.0,0.0,0.0
1651,4225dd6384602da80,True,,,,,,,,,,1.0,1.0,1.0,1.0,0.11704619780966116,1.0,0.0,1.0,1.0,0.5990769368155191
1652,ff2677dc137bcd3f7,True,,,,,,,,,,1.0,1.0,1.0,1.0,0.5588842349889567,1.0,1.0,1.0,1.0,0.862151323434049
1653,019450490101ebf1c,True,,,,,,,,,,1.0,1.0,1.0,1.0,0.0,1.0,0.0,1.0,1.0,0.5625
1654,ab09d2e92f141236c,True,,,,,,,,,,0.0,0.0,0.0,1.0,1.0,0.0,0.0,1.0,1.0,0.0
1655,9d038765043662211,True,,,,,,,,,,0.0,0.0,0.0,1.0,1.0,0.0,0.0,1.0,1.0,0.0
1656,493f02989c4ff9aac,True,,,,,,,,,,1.0,1.0,1.0,1.0,0.08437532376311362,1.0,0.0,1.0,1.0,0.5888672886759729
1657,712e01f3ee0e674c0,True,,,,,,,,,,1.0,0.0,0.0,1.0,1.0,1.0,0.0,1.0,1.0,0.0
1658,fc50c3e2408f9caad,True,,,,,,,,,,0.0,0.0,0.0,1.0,1.0,0.0,0.0,1.0,1.0,0.0
1659,cd486e24ba631556c,True,,,,,,,,,,1.0,0.0,1.0,1.0,0.12106944401644962,1.0,0.0,1.0,1.0,0.0
1660,478ebd3b3ddcd9ccd,True,,,,,,,,,,0.0,0.0,0.0,1.0,1.0,0.0,1.0,1.0,0.0,0.0
1661,64cb1964d2bb9f801,True,,,,,,,,,,1.0,1.0,1.0,1.0,1.0,1.0,0.0,1.0,1.0,0.875
1662,dad71058266c1b1e8,True,,,,,,,,,,1.0,1.0,1.0,1.0,0.10980627668485048,1.0,1.0,1.0,1.0,0.7218144614640158
1663,91974452b21450f60,True,,,,,,,,,,1.0,1.0,1.0,1.0,0.17452822836187495,1.0,1.0,1.0,1.0,0.7420400713630859
1664,5fb91cdf13ec612c5,True,,,,,,,,,,1.0,0.0,0.0,1.0,0.7164758972399818,1.0,0.0,1.0,1.0,0.0
1665,5ce376c0d0c1cc13f,True,,,,,,,,,,1.0,1.0,1.0,1.0,0.17753181102824234,1.0,0.0,1.0,1.0,0.6179786909463257
1666,95bfecce656f72d69,True,,,,,,,,,,0.0,1.0,0.0,1.0,1.0,0.0,0.0,1.0,1.0,0.0
1667,f67fdc6f83d2e8656,True,,,,,,,,,,1.0,1.0,1.0,1.0,0.24408238406016428,1.0,0.0,1.0,1.0,0.6387757450188014
1668,88943e0d8ac52cc5f,True,,,,,,,,,,1.0,1.0,1.0,1.0,1.0,1.0,0.0,1.0,1.0,0.875
1669,ddea16ece1f071cc3,True,,,,,,,,,,1.0,1.0,1.0,1.0,0.07922241833056132,1.0,1.0,1.0,1.0,0.7122570057283004
1670,033858312a3f04e99,True,,,,,,,,,,0.0,0.0,0.5,1.0,1.0,0.0,0.0,1.0,1.0,0.0
1671,6b8247643fb8d921c,True,,,,,,,,,,1.0,1.0,1.0,1.0,0.18745101142493212,1.0,0.0,1.0,1.0,0.6210784410702913
1672,523bfa9ffbc43f698,True,,,,,,,,,,1.0,0.0,1.0,1.0,0.5877349992030939,1.0,1.0,1.0,1.0,0.0
1673,debbba18b341ebebb,True,,,,,,,,,,1.0,1.0,1.0,1.0,0.11566078599341885,1.0,1.0,1.0,1.0,0.7236439956229435
1674,a95316ef51f44b853,True,,,,,,,,,,1.0,0.0,0.0,1.0,0.6925240800936358,1.0,0.0,1.0,0.0,0.0
1675,566746c1b29ff6a10,True,,,,,,,,,,1.0,1.0,1.0,1.0,0.0,1.0,0.0,1.0,1.0,0.5625
1676,29155e956236db1c4,True,,,,,,,,,,1.0,0.0,0.5,1.0,0.46041483239346537,1.0,0.0,1.0,0.0,0.0
1677,2d044f90ee817dc19,True,,,,,,,,,,1.0,0.0,0.0,1.0,1.0,1.0,0.0,1.0,1.0,0.0
1678,8d911e0483906d5f9,True,,,,,,,,,,1.0,0.0,0.0,1.0,1.0,1.0,1.0,1.0,0.0,0.0
1679,108350d1060a66bd9,True,,,,,,,,,,0.0,0.0,0.0,1.0,0.9244913373845628,0.0,0.0,1.0,1.0,0.0
1680,4cdaeeeeccac7dcd3,True,,,,,,,,,,1.0,0.0,0.0,1.0,1.0,0.0,0.0,1.0,1.0,0.0
1681,1e6601c658eba890a,True,,,,,,,,,,1.0,1.0,1.0,1.0,0.08243988267442752,1.0,1.0,1.0,1.0,0.7132624633357586
1682,fb0fb16361fd50a45,True,,,,,,,,,,1.0,1.0,1.0,1.0,0.18457426249605974,1.0,1.0,1.0,1.0,0.7451794570300186
1683,dd0ed1239e6562358,True,,,,,,,,,,1.0,0.0,0.0,1.0,1.0,1.0,0.0,1.0,1.0,0.0
1684,6697b38b1d73777b9,True,,,,,,,,,,1.0,1.0,1.0,1.0,0.07660899722301352,1.0,1.0,1.0,1.0,0.7114403116321917
1685,8480de05eed695abf,True,,,,,,,,,,1.0,0.0,0.5,1.0,1.0,1.0,0.0,1.0,0.0,0.0
1686,bc14063bcfe64e058,True,,,,,,,,,,1.0,1.0,1.0,1.0,1.0,1.0,1.0,1.0,1.0,1.0
1687,19076eddbca015da6,True,,,,,,,,,,1.0,1.0,1.0,1.0,0.0,1.0,1.0,1.0,1.0,0.6875
1688,1cffc233df9758d3d,True,,,,,,,,,,1.0,0.0,0.0,1.0,1.0,1.0,0.0,1.0,0.0,0.0
1689,09217d8288feb5fad,True,,,,,,,,,,1.0,1.0,1.0,1.0,1.0,1.0,1.0,1.0,1.0,1.0
1690,2b19e158862e6b7cd,True,,,,,,,,,,1.0,0.0,0.0,1.0,0.7325928028346167,1.0,0.0,1.0,1.0,0.0
1691,f8f9337702054ca25,True,,,,,,,,,,1.0,1.0,1.0,1.0,1.0,1.0,0.0,1.0,1.0,0.875
1692,e58c5ddaa428a3e26,True,,,,,,,,,,1.0,0.0,0.0,1.0,0.9986424884179377,1.0,0.0,1.0,1.0,0.0
1693,eaccd2408219e6f5e,True,,,,,,,,,,1.0,1.0,1.0,1.0,0.3853703603938085,1.0,0.0,1.0,1.0,0.6829282376230652
1694,553919abb3a801b7e,True,,,,,,,,,,1.0,1.0,1.0,1.0,1.0,1.0,1.0,1.0,1.0,1.0
1695,a14671fac296719c0,True,,,,,,,,,,1.0,1.0,1.0,1.0,1.0,1.0,0.0,1.0,1.0,0.875
1696,c9c198442a1efdc10,True,,,,,,,,,,1.0,0.0,0.0,1.0,1.0,1.0,0.0,1.0,0.0,0.0
1697,4fa2e904e6a4504ba,True,,,,,,,,,,1.0,0.0,0.5,1.0,1.0,1.0,0.0,1.0,1.0,0.0
1698,8da51d4b0fa17ee9a,True,,,,,,,,,,1.0,1.0,1.0,1.0,0.5546413890577743,1.0,0.0,1.0,0.0,0.6108254340805545
1699,0e55c21e09e86d8ba,True,,,,,,,,,,0.0,1.0,1.0,1.0,1.0,0.0,1.0,1.0,1.0,0.0
1700,19b51ad1679f9fa3c,True,,,,,,,,,,1.0,1.0,1.0,1.0,0.1156488465369405,1.0,0.0,1.0,1.0,0.598640264542794
1701,1c3db8608be4d76f0,True,,,,,,,,,,1.0,1.0,1.0,1.0,0.957020951070223,1.0,1.0,1.0,1.0,0.9865690472094447
1702,45a4165a206b0969b,True,,,,,,,,,,1.0,1.0,1.0,1.0,0.15554743220771186,1.0,0.0,1.0,1.0,0.6111085725649099
1703,0939026cbd6b9cc48,True,,,,,,,,,,0.0,1.0,0.5,1.0,0.5568023541248728,0.0,0.0,1.0,1.0,0.0
1704,c293d0be2f2680817,True,,,,,,,,,,1.0,0.0,0.0,1.0,1.0,1.0,0.0,0.0,0.0,0.0
1705,3f4e1856faab2a6f3,True,,,,,,,,,,1.0,1.0,1.0,1.0,0.0,1.0,0.0,1.0,1.0,0.5625
1706,739639234c47bf547,True,,,,,,,,,,0.5,0.0,1.0,1.0,1.0,0.0,0.0,1.0,1.0,0.0
1707,7577c592d62db033f,True,,,,,,,,,,1.0,1.0,1.0,1.0,0.7681008206504687,1.0,0.0,1.0,1.0,0.8025315064532714
1708,2a1dc6975af402aa9,True,,,,,,,,,,1.0,1.0,1.0,1.0,0.02148146081754863,1.0,0.0,1.0,1.0,0.569212956505484
1709,ab74a4ee392eb4ffc,True,,,,,,,,,,1.0,0.0,1.0,1.0,0.47961186823863666,1.0,0.0,1.0,1.0,0.0
1710,2913dab4565a29b87,True,,,,,,,,,,1.0,0.0,0.5,1.0,0.43205396354224435,1.0,0.0,0.0,0.0,0.0
1711,4c1f05a52e82aac85,True,,,,,,,,,,1.0,1.0,1.0,1.0,0.06848276763069398,1.0,1.0,1.0,1.0,0.7089008648845918
1712,8a2f9fc5fa33f4001,True,,,,,,,,,,1.0,0.0,0.0,1.0,1.0,1.0,0.0,1.0,0.0,0.0
1713,2bd137e85147a0c70,True,,,,,,,,,,1.0,0.0,0.5,1.0,1.0,1.0,0.0,1.0,1.0,0.0
1714,0fc649902e2af4e9e,True,,,,,,,,,,1.0,1.0,1.0,1.0,0.20875240705447773,1.0,1.0,1.0,1.0,0.7527351272045243
1715,a4405612b58117ecc,True,,,,,,,,,,1.0,0.0,1.0,1.0,0.440905220973132,1.0,1.0,1.0,1.0,0.0
1716,614c25aa5977470dc,True,,,,,,,,,,1.0,1.0,1.0,1.0,0.058703267653476124,1.0,1.0,1.0,1.0,0.7058447711417113
1717,7158ea4fc0b59fdee,True,,,,,,,,,,1.0,0.0,0.0,1.0,1.0,1.0,0.0,1.0,1.0,0.0
1718,1e0bfb2c4139f0062,True,,,,,,,,,,1.0,0.0,0.5,1.0,1.0,1.0,0.0,1.0,0.0,0.0
1719,eeab7294535bc0168,True,,,,,,,,,,1.0,0.0,0.0,1.0,1.0,1.0,0.0,1.0,1.0,0.0
1720,3affb77370b09f4d7,True,,,,,,,,,,1.0,1.0,1.0,1.0,0.2385223557123541,1.0,0.0,1.0,1.0,0.6370382361601107
1721,87c8724fcdc627dae,True,,,,,,,,,,1.0,1.0,1.0,1.0,0.09469630969220437,1.0,1.0,1.0,1.0,0.7170925967788139
1722,ca9875b6ae5e08eed,True,,,,,,,,,,1.0,1.0,1.0,1.0,0.09247682062749905,1.0,0.0,1.0,1.0,0.5913990064460934
1723,5d2c37d1b97718200,True,,,,,,,,,,0.0,1.0,1.0,0.0,1.0,0.0,1.0,1.0,1.0,0.0
1724,49dbbe879efac0da9,True,,,,,,,,,,1.0,0.0,0.0,1.0,1.0,1.0,0.0,1.0,1.0,0.0
1725,9a6ec5011d04fc0c9,True,,,,,,,,,,1.0,1.0,1.0,1.0,0.0640634134898185,1.0,1.0,1.0,1.0,0.7075198167155683
1726,a83b75532f5ded9db,True,,,,,,,,,,1.0,1.0,1.0,1.0,0.0,1.0,0.0,1.0,1.0,0.5625
1727,7404698935ca6a31c,True,,,,,,,,,,1.0,0.0,0.0,1.0,1.0,1.0,0.0,1.0,1.0,0.0
1728,961c057965f6951d8,True,,,,,,,,,,0.5,0.0,0.0,1.0,0.6178368393776302,1.0,0.0,1.0,0.0,0.0
1729,9f676ba5230d2ce0f,True,,,,,,,,,,1.0,0.0,0.0,1.0,1.0,1.0,0.0,1.0,1.0,0.0
1730,5fa6ede627d6c9af7,True,,,,,,,,,,1.0,0.0,0.0,1.0,1.0,1.0,1.0,1.0,0.0,0.0
1731,b6f613e0c148d3e98,True,,,,,,,,,,1.0,1.0,1.0,1.0,0.30599057406412256,1.0,1.0,1.0,1.0,0.7831220543950383
1732,c5c884265f0a69c51,True,,,,,,,,,,1.0,1.0,1.0,1.0,0.0,0.0,0.0,1.0,1.0,0.25
1733,fb498b2bdc72e8f69,True,,,,,,,,,,0.0,1.0,0.5,1.0,1.0,0.0,1.0,1.0,0.0,0.0
1734,1e4fec4c7ed8b79e5,True,,,,,,,,,,1.0,1.0,1.0,1.0,0.302985814736636,1.0,1.0,1.0,1.0,0.7821830671051988
1735,60d2e82730e16c5a0,True,,,,,,,,,,1.0,0.0,0.0,1.0,1.0,1.0,0.0,1.0,1.0,0.0
1736,900aad7dc85139b3e,True,,,,,,,,,,1.0,0.0,1.0,1.0,0.4420982115830497,1.0,1.0,1.0,1.0,0.0
1737,e4dc487d828f489c8,True,,,,,,,,,,1.0,1.0,1.0,1.0,0.17486948933347385,1.0,1.0,1.0,1.0,0.7421467154167105
1738,43d8801586cb39007,True,,,,,,,,,,1.0,1.0,1.0,1.0,0.595291270501387,1.0,1.0,1.0,1.0,0.8735285220316834
1739,2efb8ce9a842354c8,True,,,,,,,,,,1.0,1.0,1.0,1.0,0.07587688205297523,1.0,1.0,1.0,1.0,0.7112115256415548
1740,74a93e74eb8082fae,True,,,,,,,,,,0.0,1.0,1.0,1.0,1.0,0.0,0.0,1.0,1.0,0.0
1741,b6a166b330b3673a8,True,,,,,,,,,,1.0,1.0,1.0,1.0,0.017984593105542665,1.0,1.0,1.0,1.0,0.693120185345482
1742,318b2d84b07441bb0,True,,,,,,,,,,1.0,1.0,1.0,1.0,0.051617835665917385,1.0,0.0,1.0,1.0,0.5786305736455992
1743,2fa5ec5e442e3f499,True,,,,,,,,,,1.0,1.0,1.0,1.0,0.09117821856124877,1.0,1.0,1.0,1.0,0.7159931933003902
1744,ed92b02e2867b4579,True,,,,,,,,,,0.0,0.0,0.0,1.0,1.0,0.0,0.0,1.0,1.0,0.0
1745,ea91b41c76a3a54d3,True,,,,,,,,,,1.0,1.0,1.0,1.0,0.5839370838460857,1.0,0.0,1.0,1.0,0.7449803387019018
1746,5c24c6bed91b159e3,True,,,,,,,,,,0.0,0.0,1.0,1.0,0.8299498556966993,1.0,0.0,1.0,0.0,0.0
1747,6324e7d77bf56fdb3,True,,,,,,,,,,1.0,1.0,0.5,1.0,0.8993617057100505,1.0,1.0,1.0,0.0,0.4217752665171954
1748,99dfc5eae6278dfec,True,,,,,,,,,,0.0,1.0,0.0,1.0,0.9073745300879797,0.0,0.0,1.0,1.0,0.0
1749,507ff750eaaf02bd0,True,,,,,,,,,,1.0,0.0,0.0,1.0,1.0,1.0,0.0,1.0,1.0,0.0
1750,760a1b63cdc5e0565,True,,,,,,,,,,1.0,0.0,0.0,1.0,0.5490960215768604,1.0,0.0,1.0,1.0,0.0
1751,00fa9133315b462d3,True,,,,,,,,,,1.0,1.0,1.0,1.0,0.26606210592119756,1.0,1.0,1.0,1.0,0.7706444081003743
1752,54474c2dd7ecfcc29,True,,,,,,,,,,1.0,0.0,1.0,1.0,1.0,1.0,1.0,1.0,1.0,0.0
1753,e19b34f93116cdb17,True,,,,,,,,,,1.0,0.0,1.0,1.0,1.0,1.0,1.0,1.0,0.0,0.0
1754,ebc9bb73d92a43a32,True,,,,,,,,,,0.0,1.0,1.0,1.0,1.0,0.0,1.0,1.0,0.0,0.0
1755,1a06b94eb28c15802,True,,,,,,,,,,1.0,1.0,1.0,1.0,1.0,1.0,0.0,1.0,1.0,0.875
1756,ed6d05f676ec3069b,True,,,,,,,,,,1.0,1.0,1.0,1.0,0.0484974741123379,1.0,1.0,1.0,1.0,0.7026554606601056
1757,80fbecd9f16630510,True,,,,,,,,,,1.0,1.0,1.0,1.0,0.7843730231983712,1.0,1.0,1.0,1.0,0.932616569749491
1758,20494495b733d6710,True,,,,,,,,,,1.0,1.0,1.0,1.0,0.5510228523644465,1.0,1.0,1.0,1.0,0.8596946413638895
1759,bc9a77699f862350d,True,,,,,,,,,,1.0,1.0,1.0,1.0,0.0,1.0,1.0,1.0,1.0,0.6875
1760,d92b3534c888c4bbb,True,,,,,,,,,,0.0,0.0,0.5,1.0,1.0,0.0,1.0,0.0,0.0,0.0
1761,1a1b33942c90c349f,True,,,,,,,,,,1.0,1.0,1.0,1.0,0.1964968590071772,1.0,0.0,1.0,1.0,0.6239052684397428
1762,9bd02c4d06feae3dd,True,,,,,,,,,,1.0,0.0,0.0,1.0,0.9677725660751648,1.0,0.0,1.0,1.0,0.0
1763,4ce9b6dc350d286df,True,,,,,,,,,,1.0,0.0,0.0,1.0,1.0,1.0,0.0,1.0,1.0,0.0
1764,950706a6956dc566f,True,,,,,,,,,,0.0,0.0,0.0,1.0,1.0,0.0,0.0,1.0,0.0,0.0
1765,0517c552242d8cb70,True,,,,,,,,,,0.0,0.0,0.0,1.0,0.8937622482941224,0.0,0.0,1.0,0.0,0.0
1766,153383cdbca3694c0,True,,,,,,,,,,1.0,1.0,1.0,1.0,0.2225365808226121,1.0,1.0,1.0,1.0,0.7570426815070663
1767,f705ea7622e27d209,True,,,,,,,,,,0.0,1.0,1.0,1.0,0.9069031409601203,0.0,0.0,1.0,1.0,0.0
1768,6fea2b47f85b2b5c3,True,,,,,,,,,,1.0,1.0,1.0,1.0,0.29199681462399646,1.0,1.0,1.0,1.0,0.778749004569999
1769,493a69b930b600eb5,True,,,,,,,,,,1.0,0.0,1.0,1.0,1.0,1.0,1.0,1.0,1.0,0.0
1770,7ed807aaa179c87b1,True,,,,,,,,,,0.0,0.0,0.0,1.0,1.0,0.0,0.0,1.0,0.0,0.0
1771,7e21d3337e4e59b97,True,,,,,,,,,,1.0,1.0,1.0,1.0,0.8697173909667606,1.0,0.0,1.0,1.0,0.8342866846771126
1772,95839bd90cc4d94c8,True,,,,,,,,,,1.0,1.0,1.0,1.0,1.0,1.0,1.0,1.0,0.0,0.875
1773,d99b9f48dac697bf1,True,,,,,,,,,,1.0,0.0,0.0,1.0,0.0,0.0,0.0,0.0,0.0,0.0
1774,57b65fccc387a8607,True,,,,,,,,,,1.0,1.0,1.0,1.0,0.05142673159944386,1.0,1.0,1.0,1.0,0.7035708536248262
1775,15db590374cc3993a,True,,,,,,,,,,1.0,1.0,1.0,1.0,0.0,1.0,1.0,1.0,1.0,0.6875
1776,229930ba5820bb1b3,True,,,,,,,,,,0.0,1.0,0.0,1.0,1.0,0.0,0.0,1.0,1.0,0.0
1777,4cf1e96869318f4da,True,,,,,,,,,,1.0,0.0,1.0,1.0,1.0,1.0,1.0,1.0,0.0,0.0
1778,905ea255ddc3a837c,True,,,,,,,,,,0.5,0.0,0.0,1.0,0.7220064954762875,0.0,0.0,1.0,1.0,0.0
1779,7d0e6ab1e39a11f7e,True,,,,,,,,,,1.0,1.0,1.0,1.0,0.06546433627338961,1.0,1.0,1.0,1.0,0.7079576050854343
1780,d362ccbdddf4e0d3f,True,,,,,,,,,,1.0,0.0,0.5,1.0,1.0,1.0,0.0,1.0,1.0,0.0
1781,c28f4287e75996da4,True,,,,,,,,,,0.5,0.0,0.5,1.0,1.0,0.0,0.0,1.0,1.0,0.0
1782,c0581b1e56946d6c1,True,,,,,,,,,,0.0,1.0,1.0,1.0,0.4367047674061958,0.0,0.0,1.0,1.0,0.0
1783,1fb46d16a4f179ce1,True,,,,,,,,,,1.0,0.0,0.0,1.0,1.0,1.0,0.0,1.0,1.0,0.0
1784,9f713e2cd506e1fef,True,,,,,,,,,,1.0,1.0,1.0,1.0,1.0,1.0,1.0,1.0,1.0,1.0
1785,35fc09471c163fd84,True,,,,,,,,,,1.0,1.0,1.0,1.0,0.013100851752377062,1.0,1.0,1.0,1.0,0.6915940161726178
1786,81d22f948dc0fae75,True,,,,,,,,,,1.0,0.0,0.5,1.0,0.9930369396339741,1.0,0.0,1.0,1.0,0.0
1787,0be67c62d046cc4b1,True,,,,,,,,,,1.0,1.0,1.0,1.0,1.0,1.0,0.0,1.0,1.0,0.875
1788,4a2ae0b5cd41f2676,True,,,,,,,,,,1.0,1.0,1.0,1.0,0.06200773062033973,1.0,1.0,1.0,0.0,0.5818774158188562
1789,e1ef0211a91fc5373,True,,,,,,,,,,1.0,0.0,1.0,1.0,1.0,1.0,0.0,1.0,1.0,0.0
1790,4aa1d2e5835ad59ee,True,,,,,,,,,,1.0,1.0,1.0,1.0,0.4070962439863384,1.0,1.0,1.0,1.0,0.8147175762457308
1791,579935f9cfdd09614,True,,,,,,,,,,1.0,0.0,0.5,1.0,0.519154835919504,1.0,0.0,1.0,1.0,0.0
1792,e1c30e4d72a0c6a35,True,,,,,,,,,,1.0,1.0,1.0,1.0,0.0,1.0,0.0,1.0,1.0,0.5625
1793,fad1ad3bce41df4d9,True,,,,,,,,,,1.0,1.0,1.0,1.0,0.19889734337693638,1.0,0.0,1.0,1.0,0.6246554198052926
1794,a4d8865551f14fe33,True,,,,,,,,,,1.0,1.0,1.0,1.0,0.8389805702805827,1.0,0.0,1.0,1.0,0.8246814282126821
1795,0c70bd071d5a4b2fd,True,,,,,,,,,,1.0,0.0,0.5,1.0,0.5255837115450517,1.0,0.0,1.0,0.0,0.0
1796,45480978b802eb7d4,True,,,,,,,,,,1.0,0.0,1.0,1.0,1.0,1.0,0.0,1.0,1.0,0.0
1797,86aa1518812acc807,True,,,,,,,,,,0.0,1.0,1.0,1.0,1.0,0.0,1.0,1.0,0.0,0.0
1798,6b13c052d037390cc,True,,,,,,,,,,1.0,1.0,1.0,1.0,0.011135051107927842,1.0,1.0,1.0,1.0,0.6909797034712275
1799,5c7504aeee1fc6587,True,,,,,,,,,,0.0,0.0,0.5,1.0,1.0,0.0,1.0,1.0,1.0,0.0
1800,d4bddc4246b475541,True,,,,,,,,,,1.0,1.0,1.0,1.0,0.5395692180904704,1.0,0.0,1.0,1.0,0.731115380653272
1801,d113ac7bc40f321c0,True,,,,,,,,,,1.0,1.0,1.0,1.0,1.0,1.0,1.0,1.0,1.0,1.0
1802,0e655768a5fd9c8ad,True,,,,,,,,,,1.0,0.0,0.5,1.0,1.0,1.0,0.0,1.0,0.0,0.0
1803,90411c0174cf07251,True,,,,,,,,,,1.0,0.0,1.0,1.0,0.47451340614407833,1.0,1.0,1.0,1.0,0.0
1804,6b0fd30198ec1713c,True,,,,,,,,,,1.0,1.0,1.0,1.0,0.0008696460157219322,1.0,1.0,1.0,1.0,0.687771764379913
1805,245fb14bb8a926556,True,,,,,,,,,,0.5,0.0,0.0,1.0,0.7876158405375565,0.0,0.0,1.0,1.0,0.0
1806,7ce8dbee04817c7de,True,,,,,,,,,,1.0,1.0,1.0,1.0,0.03642497975996561,1.0,0.0,1.0,1.0,0.5738828061749892
1807,4f381652c85aeb8b4,True,,,,,,,,,,1.0,1.0,1.0,1.0,0.010503238730830523,1.0,1.0,1.0,1.0,0.6907822621033846
1808,d5e47bbb90de1d48f,True,,,,,,,,,,1.0,0.0,0.5,1.0,1.0,1.0,0.0,1.0,1.0,0.0
1809,6206155cd12c2d3af,True,,,,,,,,,,0.0,1.0,1.0,1.0,1.0,0.0,1.0,1.0,1.0,0.0
1810,eef5eabe1b1b7f149,True,,,,,,,,,,0.5,0.0,0.0,1.0,1.0,0.0,0.0,1.0,1.0,0.0
1811,8cb5e32c7adc0ee45,True,,,,,,,,,,0.0,1.0,1.0,1.0,1.0,0.0,1.0,1.0,1.0,0.0
1812,4485e78013e23fef4,True,,,,,,,,,,1.0,1.0,0.0,1.0,1.0,1.0,0.0,1.0,0.0,0.0
1813,e32bd1ec1d273f2a3,True,,,,,,,,,,1.0,1.0,1.0,1.0,0.12871472444733195,1.0,1.0,1.0,1.0,0.7277233513897912
1814,8df3615e729babee2,True,,,,,,,,,,1.0,1.0,1.0,1.0,0.0,1.0,1.0,1.0,1.0,0.6875
1815,5a7bb6958f668a475,True,,,,,,,,,,0.0,1.0,0.0,1.0,1.0,0.0,1.0,1.0,1.0,0.0
1816,78a6c5025d620a6b9,True,,,,,,,,,,1.0,0.0,0.0,1.0,0.5997695786046491,0.0,0.0,1.0,0.0,0.0
1817,9d70974d55a05357d,True,,,,,,,,,,1.0,0.0,0.0,1.0,0.6173415009400669,1.0,0.0,0.0,0.0,0.0
1818,053a3b165ea7a6cb4,True,,,,,,,,,,0.0,0.0,0.0,1.0,1.0,0.0,0.0,1.0,1.0,0.0
1819,48cab8078b80242a1,True,,,,,,,,,,1.0,1.0,1.0,1.0,0.9878089672411476,1.0,1.0,1.0,1.0,0.9961903022628587
1820,86503ecf3c1b0f902,True,,,,,,,,,,1.0,1.0,1.0,1.0,0.0,1.0,1.0,1.0,1.0,0.6875
1821,01939f050c164b6c4,True,,,,,,,,,,1.0,1.0,1.0,1.0,1.0,1.0,0.0,1.0,1.0,0.875
1822,aecefddf9e7523945,True,,,,,,,,,,1.0,1.0,1.0,1.0,0.061047283602561266,1.0,1.0,1.0,1.0,0.7065772761258005
1823,2ffcefe9968b81e13,True,,,,,,,,,,1.0,1.0,1.0,1.0,0.33037706644952425,1.0,0.0,1.0,1.0,0.6657428332654763
1824,bd2a4f1bdd5605e62,True,,,,,,,,,,1.0,0.0,1.0,1.0,0.7328649229107262,1.0,0.0,1.0,1.0,0.0
1825,1395f6f7af57b553b,True,,,,,,,,,,0.5,0.0,0.5,1.0,0.5724091131620014,0.0,0.0,1.0,0.0,0.0
1826,a1ad222a6de4f84d8,True,,,,,,,,,,0.0,0.0,0.5,1.0,1.0,0.0,0.0,1.0,1.0,0.0
1827,aecd96a93af75adeb,True,,,,,,,,,,1.0,0.0,0.0,1.0,1.0,1.0,0.0,1.0,1.0,0.0
1828,65e1feb850bbe8c9b,True,,,,,,,,,,1.0,0.0,0.5,1.0,1.0,1.0,0.0,1.0,0.0,0.0
1829,1cb35ff44517c5025,True,,,,,,,,,,1.0,0.0,1.0,1.0,0.587632321114849,1.0,1.0,1.0,1.0,0.0
1830,e96c4d87797ab96d1,True,,,,,,,,,,1.0,1.0,1.0,1.0,0.6427889806202719,1.0,0.0,1.0,1.0,0.763371556443835
1831,b5f4b999881d2b7f7,True,,,,,,,,,,1.0,1.0,0.5,1.0,0.5094009483495611,1.0,0.0,1.0,1.0,0.3608438981796189
1832,5bc5b9c19039b3131,True,,,,,,,,,,1.0,1.0,1.0,1.0,0.6763832656674453,1.0,0.0,1.0,1.0,0.7738697705210766
1833,517aaa2753027db17,True,,,,,,,,,,1.0,0.0,1.0,1.0,0.6083086724783139,1.0,0.0,1.0,1.0,0.0
1834,1ba581b05f68a9417,True,,,,,,,,,,0.0,0.0,1.0,1.0,1.0,0.0,1.0,1.0,0.0,0.0
1835,adab3d6fadc01f0e9,True,,,,,,,,,,1.0,0.0,0.0,1.0,1.0,1.0,1.0,1.0,1.0,0.0
1836,329089047f59e67fb,True,,,,,,,,,,1.0,1.0,1.0,1.0,0.2394252370157002,1.0,0.0,1.0,1.0,0.6373203865674063
1837,2028fc3dfa9816bf8,True,,,,,,,,,,0.0,1.0,1.0,1.0,0.9347631363964972,0.0,1.0,1.0,0.0,0.0
1838,061cce46c96a0fd2c,True,,,,,,,,,,1.0,1.0,1.0,1.0,0.1427667362130951,1.0,1.0,1.0,1.0,0.7321146050665922
1839,3fcd46f80ab00b6e6,True,,,,,,,,,,1.0,0.0,0.5,1.0,0.4700104095024784,1.0,0.0,1.0,1.0,0.0
1840,e70eb6c2ef34c64ec,True,,,,,,,,,,1.0,1.0,1.0,1.0,0.10832864718513123,1.0,1.0,1.0,1.0,0.7213527022453535
1841,f843c5c835c2922c1,True,,,,,,,,,,1.0,0.0,0.0,1.0,1.0,1.0,0.0,1.0,1.0,0.0
1842,232e7693cefbcf60f,True,,,,,,,,,,1.0,0.0,0.0,1.0,0.8621677298636757,1.0,0.0,1.0,1.0,0.0
1843,934dcf983849279e2,True,,,,,,,,,,1.0,0.0,0.0,1.0,0.8232254797611356,1.0,0.0,1.0,1.0,0.0
1844,3894c9c5592b7db82,True,,,,,,,,,,0.0,1.0,1.0,0.0,1.0,0.0,0.0,1.0,1.0,0.0
1845,7b4787e090d286d89,True,,,,,,,,,,1.0,1.0,1.0,1.0,0.0,1.0,0.0,1.0,1.0,0.5625
1846,823e2256b643e1b5f,True,,,,,,,,,,0.0,1.0,1.0,1.0,1.0,0.0,1.0,1.0,1.0,0.0
1847,522f0d16763a76d06,True,,,,,,,,,,1.0,1.0,1.0,1.0,0.2397180839092808,1.0,1.0,1.0,1.0,0.7624119012216503
1848,15b50c1e18979a018,True,,,,,,,,,,1.0,1.0,1.0,1.0,0.05932855052097236,1.0,1.0,1.0,1.0,0.7060401720378039
1849,af944ea40728e6074,True,,,,,,,,,,1.0,1.0,1.0,1.0,0.0,1.0,1.0,1.0,1.0,0.6875
1850,cf6204044bf64f9d2,True,,,,,,,,,,1.0,1.0,1.0,1.0,0.03952711150133154,1.0,1.0,1.0,1.0,0.6998522223441661
1851,38158890d40f83da6,True,,,,,,,,,,0.0,0.0,0.0,1.0,1.0,0.0,0.0,1.0,0.0,0.0
1852,cbe052f2880b9cd3c,True,,,,,,,,,,1.0,0.0,0.5,1.0,0.711342972784944,1.0,1.0,1.0,1.0,0.0
1853,6d7bece364fac8d01,True,,,,,,,,,,1.0,0.0,0.0,1.0,1.0,1.0,0.0,1.0,1.0,0.0
1854,84b2700de34b073da,True,,,,,,,,,,1.0,1.0,1.0,1.0,0.2241536609099492,1.0,1.0,1.0,1.0,0.7575480190343591
1855,d20b551bd918a2353,True,,,,,,,,,,1.0,0.0,1.0,1.0,0.5234701748140487,1.0,0.0,1.0,1.0,0.0
1856,aa1b4476d7c10952e,True,,,,,,,,,,1.0,0.0,0.0,1.0,1.0,1.0,0.0,1.0,1.0,0.0
1857,bd89af5e343d69421,True,,,,,,,,,,1.0,0.0,1.0,1.0,0.5282871736164736,1.0,0.0,1.0,1.0,0.0
1858,cf516d2c4d97e69a8,True,,,,,,,,,,1.0,0.0,1.0,1.0,1.0,1.0,1.0,1.0,1.0,0.0
1859,c2a3b350db0887b64,True,,,,,,,,,,0.0,0.0,0.0,1.0,0.7206665899902955,0.0,0.0,1.0,1.0,0.0
1860,7dbe15c1329420b90,True,,,,,,,,,,1.0,0.0,1.0,1.0,1.0,1.0,0.0,1.0,1.0,0.0
1861,cca4e701be243a275,True,,,,,,,,,,1.0,0.0,1.0,1.0,1.0,0.0,1.0,0.0,0.0,0.0
1862,5420830c429c1fcb6,True,,,,,,,,,,1.0,1.0,1.0,1.0,0.1829447563165178,1.0,1.0,1.0,1.0,0.7446702363489118
1863,710fa6e57a23bba80,True,,,,,,,,,,1.0,1.0,1.0,1.0,0.43737545581905135,1.0,0.0,1.0,1.0,0.6991798299434535
1864,0c23e365770faecb8,True,,,,,,,,,,1.0,0.0,0.0,1.0,1.0,1.0,0.0,1.0,0.0,0.0
1865,bb5645d7e55a4f54b,True,,,,,,,,,,0.0,1.0,1.0,1.0,1.0,0.0,0.0,1.0,0.0,0.0
1866,16149296d3a6ee433,True,,,,,,,,,,1.0,0.0,1.0,1.0,0.3063172596807029,1.0,0.0,1.0,1.0,0.0
1867,a7ac5526d9ab827a7,True,,,,,,,,,,1.0,1.0,1.0,1.0,0.015814572890773378,1.0,1.0,1.0,1.0,0.6924420540283667
1868,0c384c629c8faf4a0,True,,,,,,,,,,1.0,1.0,1.0,1.0,0.1059985383490207,1.0,1.0,1.0,1.0,0.720624543234069
1869,51a778c753d0604cb,True,,,,,,,,,,1.0,1.0,1.0,1.0,0.40518936677797185,1.0,0.0,1.0,1.0,0.6891216771181162
1870,b378fbb6e27946979,True,,,,,,,,,,1.0,1.0,0.0,1.0,1.0,1.0,0.0,1.0,0.0,0.0
1871,99d9ea218424b8b69,True,,,,,,,,,,1.0,1.0,1.0,1.0,0.19573856990141705,1.0,0.0,1.0,1.0,0.6236683030941929
1872,f320cdfa77acffb59,True,,,,,,,,,,1.0,0.0,0.0,1.0,0.5542261345735643,1.0,0.0,1.0,0.0,0.0
1873,6ad6905cedee6197b,True,,,,,,,,,,1.0,1.0,1.0,1.0,0.07862925293253284,1.0,0.0,1.0,1.0,0.5870716415414166
1874,67ef263669c2bab4b,True,,,,,,,,,,1.0,1.0,1.0,1.0,0.19741565644113881,1.0,1.0,1.0,1.0,0.7491923926378559
1875,2bdf702f467e5cdf1,True,,,,,,,,,,1.0,1.0,1.0,1.0,0.13828068088109988,1.0,0.0,1.0,1.0,0.6057127127753437
1876,dab0fa452a04c5188,True,,,,,,,,,,1.0,0.0,0.0,1.0,1.0,0.0,0.0,1.0,0.0,0.0
1877,1d52003f3b3835dcd,True,,,,,,,,,,0.0,0.0,0.5,1.0,1.0,1.0,0.0,1.0,0.0,0.0
1878,deb3331dfd3043c59,True,,,,,,,,,,1.0,0.0,1.0,1.0,1.0,1.0,0.0,1.0,1.0,0.0
1879,7aa5cbd37497728d5,True,,,,,,,,,,1.0,1.0,1.0,1.0,0.10979851209876887,1.0,1.0,1.0,1.0,0.7218120350308652
1880,01b72798ffad4fcc6,True,,,,,,,,,,0.0,0.0,1.0,1.0,0.8761809664221774,0.0,1.0,1.0,0.0,0.0
1881,d932bcf26367122a9,True,,,,,,,,,,1.0,1.0,1.0,1.0,1.0,1.0,0.0,1.0,1.0,0.875
1882,e204182883d94ae66,True,,,,,,,,,,1.0,0.0,0.0,1.0,0.6576248694175806,1.0,0.0,1.0,0.0,0.0
1883,ac3a27db9ffc981a6,True,,,,,,,,,,1.0,1.0,1.0,1.0,0.8464664299835936,1.0,1.0,1.0,1.0,0.952020759369873
1884,f3c4213c78f53fa5d,True,,,,,,,,,,1.0,0.0,0.0,1.0,1.0,1.0,0.0,1.0,1.0,0.0
1885,b7d252306270e80e3,True,,,,,,,,,,1.0,1.0,1.0,1.0,0.6516330193080174,1.0,1.0,1.0,1.0,0.8911353185337554
1886,23b5ec16bb6ad0b92,True,,,,,,,,,,1.0,0.0,1.0,1.0,1.0,1.0,1.0,1.0,1.0,0.0
1887,fb8289807a1b275b3,True,,,,,,,,,,1.0,1.0,1.0,1.0,0.3887270798598985,1.0,0.0,1.0,1.0,0.6839772124562182
1888,17d06ef1ec00f95dc,True,,,,,,,,,,1.0,1.0,1.0,1.0,1.0,1.0,1.0,1.0,1.0,1.0
1889,b6cc9d50323153d21,True,,,,,,,,,,1.0,0.0,0.0,1.0,0.9569047965583494,1.0,1.0,1.0,1.0,0.0
1890,0dbe87a99ac3cd3e1,True,,,,,,,,,,1.0,0.0,0.0,1.0,1.0,1.0,0.0,1.0,0.0,0.0
1891,4bcb003422a19ae9a,True,,,,,,,,,,1.0,0.0,1.0,1.0,1.0,1.0,0.0,1.0,0.0,0.0
1892,7559939decc250054,True,,,,,,,,,,1.0,1.0,1.0,1.0,0.47739015803613793,1.0,1.0,1.0,1.0,0.8366844243862931
1893,aa6de707b22dadf30,True,,,,,,,,,,1.0,0.0,0.0,1.0,1.0,1.0,0.0,1.0,1.0,0.0
1894,db5fcc30f71c49f32,True,,,,,,,,,,1.0,1.0,1.0,1.0,0.789904658124912,1.0,0.0,1.0,1.0,0.809345205664035
1895,b8a844b02dc16c393,True,,,,,,,,,,1.0,1.0,1.0,1.0,0.1925865020502603,1.0,1.0,1.0,1.0,0.7476832818907063
1896,6f8794f5f301202d0,True,,,,,,,,,,1.0,1.0,1.0,1.0,0.8568871268021092,1.0,1.0,1.0,1.0,0.9552772271256591
1897,f7de2890aa326283e,True,,,,,,,,,,1.0,1.0,1.0,1.0,0.6232855900868695,1.0,1.0,1.0,1.0,0.8822767469021466
1898,a70407f928cd54582,True,,,,,,,,,,1.0,1.0,1.0,1.0,0.1156606022523356,1.0,1.0,1.0,0.0,0.5986439382038549
1899,e3729cb0d1d99f604,True,,,,,,,,,,0.0,0.0,0.0,1.0,1.0,0.0,0.0,1.0,1.0,0.0
1900,c644c8d1984cd65ac,True,,,,,,,,,,1.0,1.0,1.0,1.0,0.19911080343130122,1.0,1.0,1.0,1.0,0.7497221260722816
1901,c43ce94d4cb321477,True,,,,,,,,,,1.0,1.0,0.5,1.0,0.7611566504877031,1.0,0.0,1.0,1.0,0.40018072663870363
1902,b1c69e18979797988,True,,,,,,,,,,1.0,1.0,1.0,1.0,0.0,1.0,0.0,1.0,1.0,0.5625
1903,3f68c9f1e2821def0,True,,,,,,,,,,1.0,1.0,1.0,1.0,0.17514043496246115,1.0,1.0,1.0,1.0,0.7422313859257691
1904,eb818e242c63c7f20,True,,,,,,,,,,1.0,1.0,1.0,1.0,0.0,1.0,1.0,1.0,1.0,0.6875
1905,6ca032cc95e7418a6,True,,,,,,,,,,1.0,1.0,0.5,1.0,0.5661855163369583,1.0,0.0,1.0,1.0,0.36971648692764975
1906,5806dc63fc6e3cad9,True,,,,,,,,,,1.0,1.0,1.0,1.0,1.0,1.0,1.0,1.0,0.0,0.875
1907,543679cd5973594a2,True,,,,,,,,,,1.0,0.0,0.5,1.0,0.45516998603081493,1.0,0.0,1.0,1.0,0.0
1908,58bf2e385090a00e8,True,,,,,,,,,,1.0,1.0,1.0,1.0,0.2479811575085351,1.0,0.0,1.0,1.0,0.6399941117214172
1909,c47263e93d93b6838,True,,,,,,,,,,1.0,1.0,1.0,1.0,0.13169950152333143,1.0,1.0,1.0,1.0,0.728656094226041
1910,cdf1706038e1c4e1c,True,,,,,,,,,,1.0,1.0,1.0,1.0,0.1811289050162137,1.0,0.0,1.0,1.0,0.6191027828175668
1911,9e0949ca46f2a4a49,True,,,,,,,,,,1.0,1.0,1.0,1.0,0.34513412102229263,1.0,1.0,1.0,1.0,0.7953544128194665
1912,765fab253a51a77e4,True,,,,,,,,,,1.0,0.0,1.0,1.0,0.5838730820047655,1.0,0.0,1.0,1.0,0.0
1913,05e7e2acfe2b49d78,True,,,,,,,,,,1.0,0.0,0.0,1.0,0.7093799699679774,1.0,0.0,1.0,1.0,0.0
1914,1cc4886b926fd9c8b,True,,,,,,,,,,1.0,1.0,1.0,1.0,0.12798498420530793,1.0,1.0,1.0,0.0,0.6024953075641587
1915,67937388005952f7f,True,,,,,,,,,,1.0,1.0,1.0,1.0,0.07689282414016549,1.0,0.0,1.0,1.0,0.5865290075438017
1916,2160f6e5d4720f94b,True,,,,,,,,,,1.0,1.0,1.0,1.0,1.0,1.0,0.0,1.0,1.0,0.875
1917,1f5d0fc347f539ce3,True,,,,,,,,,,1.0,0.0,0.5,1.0,1.0,1.0,0.0,1.0,1.0,0.0
1918,da0cbcf9661157a63,True,,,,,,,,,,1.0,1.0,1.0,1.0,0.158564461642385,1.0,1.0,1.0,1.0,0.7370513942632453
1919,57ff3b08be49081c8,True,,,,,,,,,,1.0,1.0,1.0,1.0,0.46581879520727304,1.0,0.0,1.0,1.0,0.7080683735022728
1920,28416fd7feabf49fd,True,,,,,,,,,,1.0,0.0,1.0,1.0,1.0,1.0,1.0,1.0,0.0,0.0
1921,6b41ad5e55b0662fc,True,,,,,,,,,,1.0,1.0,1.0,1.0,0.043883189108591125,1.0,1.0,1.0,1.0,0.7012134965964347
1922,b7e1048a59015eb95,True,,,,,,,,,,1.0,1.0,1.0,1.0,0.023987093515812137,1.0,1.0,1.0,1.0,0.6949959667236913
1923,add057f5877074b22,True,,,,,,,,,,1.0,1.0,1.0,1.0,0.193926803270441,1.0,0.0,1.0,1.0,0.6231021260220129
1924,6ef6514c231637cbf,True,,,,,,,,,,1.0,1.0,1.0,1.0,0.48736589378000417,1.0,1.0,1.0,1.0,0.8398018418062513
1925,c9e15316a3a9036a8,True,,,,,,,,,,1.0,0.0,0.0,1.0,0.6199041633697373,1.0,0.0,1.0,1.0,0.0
1926,7fd5398b4e1c42134,True,,,,,,,,,,1.0,0.0,0.0,1.0,1.0,1.0,0.0,1.0,1.0,0.0
1927,72df155b106ed7e16,True,,,,,,,,,,1.0,1.0,1.0,1.0,0.060478934015369926,1.0,1.0,1.0,1.0,0.7063996668798032
1928,6e4ce2f0d18b57fb3,True,,,,,,,,,,1.0,1.0,1.0,1.0,0.001908509842386175,1.0,1.0,1.0,1.0,0.6880964093257457
1929,5415935ab116cd94f,True,,,,,,,,,,0.0,0.0,0.0,1.0,0.5900787956289413,0.0,1.0,1.0,0.0,0.0
1930,89ffb6efe20df9ccf,True,,,,,,,,,,0.5,0.0,1.0,1.0,1.0,0.0,1.0,1.0,1.0,0.0
1931,961a25cea5dcb8f50,True,,,,,,,,,,1.0,1.0,1.0,1.0,0.0,1.0,1.0,1.0,1.0,0.6875
1932,256b8c1f799d1f6a1,True,,,,,,,,,,1.0,1.0,1.0,1.0,0.2075679906923541,1.0,0.0,1.0,1.0,0.6273649970913606
1933,37f45087a3d60aaff,True,,,,,,,,,,0.0,1.0,1.0,1.0,0.6806794079346231,0.0,0.0,1.0,1.0,0.0
1934,ece6eaee0991a44ed,True,,,,,,,,,,1.0,0.0,0.0,1.0,1.0,1.0,0.0,1.0,1.0,0.0
1935,7c08e3a9b6ee87717,True,,,,,,,,,,1.0,0.0,0.0,1.0,0.8791304288441327,1.0,0.0,1.0,1.0,0.0
1936,e4c060ddfe2b49190,True,,,,,,,,,,1.0,1.0,1.0,1.0,0.0066830976087190325,1.0,1.0,1.0,1.0,0.6895884680027247
1937,87ba78b703221d111,True,,,,,,,,,,1.0,1.0,1.0,1.0,1.0,1.0,1.0,1.0,1.0,1.0
1938,9d9f3b3f6578c5375,True,,,,,,,,,,1.0,1.0,1.0,1.0,0.0,1.0,0.0,1.0,1.0,0.5625
1939,a29cd4e306ffe1e14,True,,,,,,,,,,0.0,0.0,0.5,1.0,0.9076209404952624,0.0,0.0,1.0,1.0,0.0
1940,d9d4ce69f1cb10c10,True,,,,,,,,,,1.0,1.0,1.0,1.0,0.09574308928344388,1.0,1.0,1.0,1.0,0.7174197154010762
1941,c7f9e3c05b67e2257,True,,,,,,,,,,0.0,1.0,0.5,1.0,1.0,0.0,1.0,1.0,0.0,0.0
1942,4eb8b4fdc3085e121,True,,,,,,,,,,1.0,1.0,1.0,1.0,1.0,1.0,1.0,1.0,1.0,1.0
1943,b101c591a23f8d8d9,True,,,,,,,,,,1.0,0.0,1.0,1.0,1.0,1.0,0.0,1.0,0.0,0.0
1944,1106accd2b5707701,True,,,,,,,,,,0.0,0.0,1.0,1.0,1.0,0.0,0.0,1.0,1.0,0.0
1945,5351d5bec3ef40436,True,,,,,,,,,,1.0,0.0,0.0,1.0,0.8373814372015248,1.0,0.0,1.0,1.0,0.0
1946,d82ea5f1c94fd6d13,True,,,,,,,,,,1.0,1.0,1.0,1.0,0.0,1.0,1.0,1.0,1.0,0.6875
1947,335b43f5320efd73d,True,,,,,,,,,,1.0,1.0,1.0,1.0,1.0,1.0,1.0,1.0,1.0,1.0
1948,749b3e461ac448a6a,True,,,,,,,,,,0.0,0.0,0.0,1.0,1.0,0.0,0.0,1.0,1.0,0.0
1949,4f8dbc02e3dd5b958,True,,,,,,,,,,0.0,1.0,1.0,1.0,1.0,0.0,1.0,1.0,1.0,0.0
1950,516eb2ea0832b6c1d,True,,,,,,,,,,1.0,1.0,1.0,1.0,1.0,1.0,1.0,1.0,1.0,1.0
1951,9ddf964682ac312d8,True,,,,,,,,,,1.0,1.0,1.0,1.0,0.044767484272094815,1.0,1.0,1.0,1.0,0.7014898388350297
1952,01a49c2730cc3a531,True,,,,,,,,,,1.0,0.0,1.0,1.0,1.0,1.0,0.0,1.0,1.0,0.0
1953,ffe8f133ba4da683b,True,,,,,,,,,,1.0,0.0,0.0,1.0,0.4732817190169757,1.0,0.0,0.0,0.0,0.0
1954,63ab15ccc8dcb91fd,True,,,,,,,,,,0.0,0.0,0.5,1.0,1.0,0.0,0.0,1.0,1.0,0.0
1955,b3597b197644a67ba,True,,,,,,,,,,1.0,1.0,1.0,1.0,0.16751720586176924,1.0,1.0,1.0,1.0,0.7398491268318028
1956,cbe5f4984cb4e3fe1,True,,,,,,,,,,0.0,0.0,0.5,1.0,0.5132104106527089,0.0,0.0,1.0,0.0,0.0
1957,77154c328dbf81f67,True,,,,,,,,,,1.0,0.0,0.0,1.0,0.8161866857492315,1.0,0.0,1.0,1.0,0.0
1958,27e6f42dd9776a1d4,True,,,,,,,,,,1.0,0.0,0.0,1.0,0.8819273950339886,1.0,0.0,1.0,1.0,0.0
1959,a6b18ec8b52f580ef,True,,,,,,,,,,1.0,1.0,1.0,1.0,0.012573638772270716,1.0,1.0,1.0,0.0,0.5664292621163346
1960,756e98a2a3d823c33,True,,,,,,,,,,1.0,1.0,1.0,1.0,0.5286094995592446,1.0,0.0,1.0,1.0,0.7276904686122639
1961,0d6f670a9daf4bde4,True,,,,,,,,,,1.0,1.0,1.0,1.0,1.0,1.0,1.0,1.0,1.0,1.0
1962,af8bb014864eab6d8,True,,,,,,,,,,1.0,1.0,1.0,1.0,0.05708002076307766,1.0,0.0,1.0,1.0,0.5803375064884617
1963,e262bce33b82a53de,True,,,,,,,,,,1.0,1.0,1.0,1.0,0.0,1.0,1.0,1.0,1.0,0.6875
1964,c1ff77f605c58678a,True,,,,,,,,,,1.0,1.0,0.5,1.0,0.6719096250487978,1.0,1.0,1.0,0.0,0.3862358789138747
1965,c047340a6e1fc6422,True,,,,,,,,,,1.0,1.0,1.0,1.0,0.25667177247617823,1.0,1.0,1.0,1.0,0.7677099288988056
1966,a66365f9db94531ab,True,,,,,,,,,,1.0,1.0,1.0,1.0,0.0,1.0,0.0,1.0,1.0,0.5625
1967,7e3a87b525a6b7c28,True,,,,,,,,,,1.0,1.0,1.0,1.0,0.21731223754295936,1.0,1.0,1.0,1.0,0.7554100742321748
1968,2c06706ac4ab7c708,True,,,,,,,,,,1.0,0.0,0.0,1.0,1.0,1.0,0.0,1.0,0.0,0.0
1969,3b57e348407582e72,True,,,,,,,,,,0.0,0.0,0.0,1.0,0.9988264580227708,1.0,1.0,1.0,0.0,0.0
1970,18087593f1147e61f,True,,,,,,,,,,1.0,0.0,0.5,1.0,0.9265152033863825,1.0,1.0,1.0,1.0,0.0
1971,6ea72a0c3033844cf,True,,,,,,,,,,1.0,1.0,1.0,1.0,0.3361116661874747,1.0,0.0,1.0,1.0,0.6675348956835858
1972,0352c14b8d7493b9a,True,,,,,,,,,,1.0,1.0,1.0,1.0,0.1838094300008387,1.0,1.0,1.0,1.0,0.7449404468752621
1973,d78f1814c06d766b1,True,,,,,,,,,,1.0,1.0,1.0,1.0,1.0,1.0,1.0,1.0,1.0,1.0
1974,617af5a1ea48f3d16,True,,,,,,,,,,1.0,1.0,1.0,1.0,0.0794528882276924,1.0,0.0,1.0,1.0,0.5873290275711539
1975,03aa909d3767ff00e,True,,,,,,,,,,1.0,1.0,1.0,1.0,0.8314686926003678,1.0,1.0,1.0,1.0,0.9473339664376149
1976,8709b2e277d0597b6,True,,,,,,,,,,1.0,0.0,1.0,1.0,1.0,1.0,1.0,1.0,1.0,0.0
1977,7441ab5cb1d596d66,True,,,,,,,,,,1.0,1.0,1.0,1.0,0.01247617375603668,1.0,1.0,1.0,1.0,0.6913988042987614
1978,c55b51f6860007830,True,,,,,,,,,,0.0,0.0,0.5,1.0,1.0,0.0,0.0,1.0,1.0,0.0
1979,5b6eb771ffaf06f55,True,,,,,,,,,,1.0,0.0,0.0,1.0,1.0,1.0,0.0,1.0,1.0,0.0
1980,60bf68aa5fc67729a,True,,,,,,,,,,1.0,1.0,1.0,1.0,0.0,1.0,1.0,1.0,1.0,0.6875
1981,8fb30375f6c972c38,True,,,,,,,,,,1.0,0.0,0.5,1.0,0.7201978215852504,1.0,0.0,1.0,1.0,0.0
1982,5713b6b9f58be2004,True,,,,,,,,,,0.0,0.0,0.0,1.0,0.9337424045150278,0.0,0.0,1.0,0.0,0.0
1983,5eea9af2c6acb36ec,True,,,,,,,,,,1.0,0.0,0.5,1.0,1.0,0.0,0.0,1.0,0.0,0.0
1984,67580f8a1bb721dcf,True,,,,,,,,,,1.0,0.0,0.0,1.0,0.7540609551513794,1.0,0.0,1.0,0.0,0.0
1985,c0d579f499c38fe45,True,,,,,,,,,,1.0,1.0,1.0,1.0,0.7953020153406125,1.0,0.0,1.0,1.0,0.8110318797939414
1986,0c3447f80e5b8a35d,True,,,,,,,,,,1.0,1.0,1.0,1.0,0.022603294225606856,1.0,0.0,1.0,1.0,0.5695635294455021
1987,1d631538778b4fffe,True,,,,,,,,,,1.0,0.0,1.0,1.0,0.26784297536504215,1.0,0.0,1.0,0.0,0.0
1988,e9738336730d6755b,True,,,,,,,,,,1.0,0.0,0.0,1.0,1.0,1.0,0.0,1.0,1.0,0.0
1989,de4d565d2295bfce9,True,,,,,,,,,,0.0,0.0,0.0,1.0,1.0,0.0,0.0,1.0,1.0,0.0
1990,10b844b8db1d56b80,True,,,,,,,,,,1.0,0.0,1.0,1.0,0.8719350830521941,1.0,0.0,1.0,1.0,0.0
1991,96260f12e203e8493,True,,,,,,,,,,1.0,1.0,1.0,1.0,0.13547625219599252,1.0,1.0,1.0,1.0,0.7298363288112477
1992,889738d49bab39139,True,,,,,,,,,,1.0,0.0,0.0,1.0,0.6054677412199307,1.0,0.0,1.0,1.0,0.0
1993,b3d317372d76fa570,True,,,,,,,,,,1.0,0.0,0.5,1.0,0.0,1.0,0.0,1.0,1.0,0.0
1994,925bbd1a587bfa622,True,,,,,,,,,,1.0,0.0,1.0,1.0,0.9863646317645366,1.0,0.0,1.0,0.0,0.0
1995,81742324c5b46cc6f,True,,,,,,,,,,1.0,1.0,1.0,1.0,0.21794058255656398,1.0,0.0,1.0,1.0,0.6306064320489262
1996,256ffb5e85a521e98,True,,,,,,,,,,1.0,1.0,1.0,1.0,0.44719128534116936,1.0,0.0,1.0,1.0,0.7022472766691155
1997,821ded6741a70217e,True,,,,,,,,,,1.0,0.0,0.0,1.0,1.0,1.0,1.0,1.0,1.0,0.0
1998,dcd3a1adb7268a54d,True,,,,,,,,,,1.0,1.0,1.0,1.0,0.2799694346849729,1.0,1.0,1.0,0.0,0.649990448339054
1999,c6d9117f5b5eb2902,True,,,,,,,,,,1.0,1.0,1.0,1.0,0.18057310091256001,1.0,1.0,1.0,1.0,0.743929094035175
2000,eeccf27f0b76f2d75,True,,,,,,,,,,1.0,0.0,1.0,1.0,0.5787702513270215,1.0,1.0,1.0,1.0,0.0
2001,8db77c0cfd06714d8,True,,,,,,,,,,1.0,1.0,1.0,1.0,1.0,1.0,1.0,1.0,1.0,1.0
2002,71afcb9b1ac436e14,True,,,,,,,,,,1.0,1.0,1.0,1.0,0.28294864672778,1.0,1.0,1.0,1.0,0.7759214521024312
2003,3d8d728e149979ead,True,,,,,,,,,,1.0,1.0,1.0,1.0,0.7592769417410871,1.0,0.0,1.0,1.0,0.7997740442940897
2004,77dea5b8b12d56203,True,,,,,,,,,,1.0,0.0,0.0,1.0,0.31104545410409795,1.0,1.0,0.0,0.0,0.0
2005,b2a98e2ef3f3f2ff4,True,,,,,,,,,,1.0,1.0,1.0,1.0,0.8655049916156689,1.0,0.0,1.0,1.0,0.8329703098798965
2006,53df090218b63e39f,True,,,,,,,,,,1.0,1.0,1.0,1.0,0.06174739473532558,1.0,1.0,1.0,1.0,0.7067960608547892
2007,4ada67449cbca8a4f,True,,,,,,,,,,1.0,1.0,1.0,1.0,0.9955652323862135,1.0,1.0,1.0,1.0,0.9986141351206917
2008,0005b7348b80106e2,True,,,,,,,,,,1.0,1.0,1.0,1.0,1.0,1.0,1.0,1.0,1.0,1.0
2009,6de62a830b05d683f,True,,,,,,,,,,1.0,0.0,0.0,1.0,1.0,1.0,0.0,1.0,1.0,0.0
2010,bb6f79a8768f43fd9,True,,,,,,,,,,1.0,1.0,1.0,1.0,0.006161903903810696,1.0,1.0,1.0,1.0,0.6894255949699408
2011,a81080b37a16b485a,True,,,,,,,,,,1.0,0.0,0.0,1.0,1.0,1.0,0.0,1.0,1.0,0.0
2012,81b780529f08d965b,True,,,,,,,,,,1.0,0.0,0.5,1.0,0.5743244395846795,1.0,0.0,1.0,1.0,0.0
2013,eadba795c4950544f,True,,,,,,,,,,1.0,0.0,1.0,1.0,0.3736508762988735,1.0,1.0,1.0,1.0,0.0
2014,8d6032130dcaff306,True,,,,,,,,,,0.0,1.0,0.5,1.0,1.0,0.0,1.0,1.0,0.0,0.0
2015,6e72febafe28c367c,True,,,,,,,,,,1.0,1.0,1.0,1.0,1.0,1.0,0.0,1.0,1.0,0.875
2016,09fa01cf920102b53,True,,,,,,,,,,1.0,1.0,1.0,1.0,0.1825840400061249,1.0,1.0,1.0,1.0,0.744557512501914
2017,3b8447bf8c7f49917,True,,,,,,,,,,1.0,0.0,0.0,1.0,1.0,1.0,0.0,1.0,1.0,0.0
2018,6a8f1db0741e3de32,True,,,,,,,,,,1.0,1.0,0.5,1.0,0.5981863514449024,1.0,0.0,1.0,1.0,0.374716617413266
2019,ca2b49197179c41ac,True,,,,,,,,,,1.0,1.0,1.0,1.0,0.5779254167897344,1.0,0.0,1.0,1.0,0.7431016927467919
2020,4d45bc29714d004dd,True,,,,,,,,,,1.0,0.0,0.0,1.0,1.0,1.0,0.0,1.0,1.0,0.0
2021,e4dcc4b775028c0f4,True,,,,,,,,,,1.0,0.0,0.5,1.0,0.9459813813996297,1.0,1.0,1.0,1.0,0.0
2022,1ce076a3d8049e0e4,True,,,,,,,,,,1.0,1.0,1.0,1.0,0.05948544590685313,1.0,0.0,1.0,1.0,0.5810892018458915
2023,790a3e3a75361c895,True,,,,,,,,,,1.0,1.0,1.0,1.0,0.8158431895064392,1.0,1.0,1.0,1.0,0.9424509967207623
2024,631046410650329eb,True,,,,,,,,,,1.0,1.0,1.0,1.0,0.2896985273490808,1.0,0.0,1.0,1.0,0.6530307897965877
2025,4222a702d3e9ef7bb,True,,,,,,,,,,1.0,1.0,1.0,1.0,0.9299234687481497,1.0,0.0,1.0,1.0,0.8531010839837968
2026,6d8d91ad290f124b2,True,,,,,,,,,,1.0,1.0,1.0,1.0,0.4264353982903792,1.0,0.0,1.0,1.0,0.6957610619657435
2027,6f6d638ab426ccd16,True,,,,,,,,,,0.5,0.0,0.0,1.0,1.0,0.0,0.0,1.0,1.0,0.0
2028,ac09d37b9d495cdc7,True,,,,,,,,,,1.0,0.0,0.0,1.0,1.0,1.0,0.0,1.0,1.0,0.0
2029,aaa4df0b0ab15d438,True,,,,,,,,,,1.0,1.0,1.0,0.0,1.0,1.0,0.0,1.0,1.0,0.0
2030,ae591052e837d1674,True,,,,,,,,,,1.0,1.0,1.0,1.0,0.16818774326999256,1.0,1.0,1.0,1.0,0.7400586697718727
2031,b9f22151c02f5a7d4,True,,,,,,,,,,1.0,1.0,1.0,1.0,0.02385261513249493,1.0,1.0,1.0,1.0,0.6949539422289046
2032,de3881c003667e53e,True,,,,,,,,,,0.0,1.0,1.0,1.0,1.0,0.0,0.0,1.0,0.0,0.0
2033,5154115e543f3aa9a,True,,,,,,,,,,1.0,1.0,1.0,1.0,0.19461790597019402,1.0,1.0,1.0,1.0,0.7483180956156856
2034,b52e19bdb170f1078,True,,,,,,,,,,1.0,1.0,1.0,1.0,0.043883189108591125,1.0,1.0,1.0,1.0,0.7012134965964347
2035,bf42260856c674066,True,,,,,,,,,,0.0,0.0,0.0,1.0,1.0,0.0,0.0,1.0,0.0,0.0
2036,975923741f66dd57f,True,,,,,,,,,,1.0,1.0,1.0,1.0,0.5095729230978704,1.0,1.0,1.0,1.0,0.8467415384680845
2037,3eff742f795344f8e,True,,,,,,,,,,1.0,0.0,1.0,1.0,0.0,1.0,0.0,1.0,1.0,0.0
2038,1321cf37404d27e22,True,,,,,,,,,,1.0,0.0,0.0,1.0,1.0,1.0,0.0,1.0,1.0,0.0
2039,0cb7cbb38d279ba88,True,,,,,,,,,,1.0,1.0,1.0,1.0,0.0,1.0,0.0,1.0,1.0,0.5625
2040,8108a6fe2b34f4118,True,,,,,,,,,,1.0,0.0,0.0,1.0,0.8982423035536753,1.0,0.0,1.0,1.0,0.0
2041,ecd732b7421818ec0,True,,,,,,,,,,1.0,0.0,1.0,1.0,1.0,1.0,0.0,1.0,1.0,0.0
2042,8134b9f604787b2c1,True,,,,,,,,,,1.0,0.0,0.5,1.0,0.587306291880656,1.0,0.0,1.0,1.0,0.0
2043,b68951cab847f0bf5,True,,,,,,,,,,0.0,0.0,0.0,1.0,1.0,0.0,0.0,1.0,1.0,0.0
2044,46d27733df7167bb2,True,,,,,,,,,,1.0,1.0,1.0,1.0,0.48029572558888456,1.0,1.0,1.0,1.0,0.8375924142465264
2045,518126dc1af446798,True,,,,,,,,,,1.0,1.0,0.5,1.0,0.3746016756740321,1.0,0.0,1.0,0.0,0.2772815118240675
2046,9823414897079697b,True,,,,,,,,,,1.0,1.0,1.0,1.0,0.4967997538607643,1.0,0.0,1.0,1.0,0.7177499230814889
2047,7f153f8005d6de1fa,True,,,,,,,,,,1.0,0.0,0.0,1.0,0.8660651428539292,1.0,0.0,1.0,1.0,0.0
2048,2498bf6f5436ef1e3,True,,,,,,,,,,1.0,1.0,0.0,1.0,1.0,1.0,0.0,1.0,1.0,0.0
2049,c1ab514b18918fc4d,True,,,,,,,,,,1.0,1.0,1.0,0.0,0.41496430672954304,1.0,0.0,1.0,1.0,0.0
2050,5d14b0687eb2ad5a2,True,,,,,,,,,,0.5,0.0,1.0,1.0,1.0,0.0,1.0,1.0,1.0,0.0
2051,376f87b3b2f49949d,True,,,,,,,,,,1.0,1.0,1.0,1.0,0.22403290329393238,1.0,1.0,1.0,1.0,0.7575102822793538
2052,be69267980b9fb08a,True,,,,,,,,,,1.0,0.0,1.0,1.0,0.383539018342324,1.0,1.0,1.0,1.0,0.0
2053,a67f897e584962db9,True,,,,,,,,,,1.0,1.0,1.0,1.0,0.3354943083013064,1.0,1.0,1.0,1.0,0.7923419713441582
2054,9958c9d44c4338562,True,,,,,,,,,,0.5,0.0,1.0,1.0,0.7187265436041202,0.0,1.0,1.0,0.0,0.0
2055,2dac755118d4733e7,True,,,,,,,,,,1.0,1.0,1.0,1.0,0.7449858840570649,1.0,0.0,1.0,1.0,0.7953080887678328
2056,699104c386f974829,True,,,,,,,,,,0.0,1.0,1.0,1.0,1.0,0.0,1.0,1.0,1.0,0.0
2057,1d56f1ceb0d56960c,True,,,,,,,,,,1.0,0.0,0.0,1.0,1.0,1.0,1.0,1.0,1.0,0.0
2058,36c18e8d239512a08,True,,,,,,,,,,1.0,0.0,0.0,1.0,1.0,1.0,0.0,1.0,1.0,0.0
2059,c3fd5d39095bf7d25,True,,,,,,,,,,0.0,0.0,0.0,1.0,1.0,0.0,0.0,1.0,1.0,0.0
2060,0c57f2adbbbdf0401,True,,,,,,,,,,0.0,1.0,1.0,1.0,1.0,0.0,0.0,1.0,1.0,0.0
2061,af6044bdbd6647378,True,,,,,,,,,,0.0,0.0,0.0,1.0,1.0,0.0,0.0,1.0,1.0,0.0
2062,2de791cac29ff4f89,True,,,,,,,,,,1.0,1.0,1.0,1.0,0.5456680146097359,1.0,1.0,1.0,1.0,0.8580212545655425
2063,c186ed61c25fb9316,True,,,,,,,,,,0.0,0.0,0.0,1.0,0.979771255973616,0.0,0.0,1.0,1.0,0.0
2064,2309f75fc2af06a77,True,,,,,,,,,,0.0,0.0,0.0,1.0,1.0,0.0,0.0,1.0,1.0,0.0
2065,4466bfd1bb50dfc53,True,,,,,,,,,,1.0,1.0,1.0,1.0,0.4423921224386572,1.0,1.0,1.0,1.0,0.8257475382620804
2066,fe53e5ab658a57258,True,,,,,,,,,,0.5,0.0,0.0,1.0,1.0,0.0,0.0,1.0,0.0,0.0
2067,20d619058c9ec6829,True,,,,,,,,,,1.0,1.0,1.0,1.0,0.0,1.0,0.0,1.0,1.0,0.5625
2068,ab30a09f899e6330e,True,,,,,,,,,,1.0,1.0,1.0,1.0,0.09555366636168411,1.0,1.0,1.0,1.0,0.7173605207380263
2069,a52a1bf87700c06b5,True,,,,,,,,,,1.0,1.0,1.0,1.0,1.0,1.0,0.0,1.0,1.0,0.875
2070,4355523e202befd73,True,,,,,,,,,,1.0,0.0,0.5,1.0,0.6663333573500964,1.0,1.0,1.0,1.0,0.0
2071,3dec28d29ac4ec705,True,,,,,,,,,,1.0,1.0,1.0,1.0,1.0,1.0,1.0,1.0,1.0,1.0
2072,07d73bb7099662d82,True,,,,,,,,,,0.5,0.0,1.0,1.0,1.0,0.0,0.0,1.0,0.0,0.0
2073,085b24e5cde180825,True,,,,,,,,,,0.0,0.0,0.0,1.0,1.0,0.0,0.0,1.0,1.0,0.0
2074,a2d7b9c1ccf5a5070,True,,,,,,,,,,1.0,0.0,1.0,1.0,0.31048122815717105,1.0,1.0,1.0,1.0,0.0
2075,13d89543b4b7dad14,True,,,,,,,,,,1.0,0.0,0.0,1.0,1.0,1.0,1.0,1.0,1.0,0.0
2076,92eaa01aaa1cb995e,True,,,,,,,,,,1.0,1.0,1.0,1.0,0.0,1.0,1.0,1.0,1.0,0.6875
2077,903801b8d2a6d7f58,True,,,,,,,,,,1.0,0.0,1.0,1.0,0.561819586564842,1.0,0.0,1.0,1.0,0.0
2078,294d19afced5a7af8,True,,,,,,,,,,1.0,1.0,1.0,1.0,0.17329756936881066,1.0,1.0,1.0,1.0,0.7416554904277534
2079,e2272321d7d429d4f,True,,,,,,,,,,1.0,0.0,0.5,1.0,1.0,1.0,0.0,0.0,0.0,0.0
2080,67bddd305e7735344,True,,,,,,,,,,1.0,1.0,1.0,1.0,0.22419274262382308,1.0,1.0,1.0,1.0,0.7575602320699447
2081,96f3c7fe0e97ef1f0,True,,,,,,,,,,1.0,1.0,0.0,1.0,0.8707296066051597,1.0,0.0,1.0,1.0,0.0
2082,488b7f582a8d0e834,True,,,,,,,,,,1.0,1.0,1.0,1.0,0.11308004183655303,1.0,1.0,1.0,1.0,0.7228375130739229
2083,7c2d2abd001548d86,True,,,,,,,,,,1.0,0.0,0.0,1.0,1.0,1.0,0.0,1.0,1.0,0.0
2084,367254bcce7ceee1d,True,,,,,,,,,,0.5,0.0,0.0,1.0,0.6559152484802859,0.0,0.0,1.0,0.0,0.0
2085,51382084e8c016080,True,,,,,,,,,,1.0,0.0,0.0,1.0,0.7937570640237153,1.0,0.0,1.0,1.0,0.0
2086,94fe185f4d4ccc501,True,,,,,,,,,,1.0,0.0,0.5,1.0,0.6091680301915195,1.0,0.0,1.0,1.0,0.0
2087,e2f2c32fd3d5f5d35,True,,,,,,,,,,0.0,0.0,0.0,1.0,1.0,0.0,0.0,1.0,1.0,0.0
2088,04d2f35c7f6db137f,True,,,,,,,,,,1.0,1.0,1.0,1.0,0.35812251142716983,1.0,0.0,1.0,1.0,0.6744132848209905
2089,5216f5e0df50fa3bf,True,,,,,,,,,,1.0,0.0,0.0,1.0,1.0,1.0,0.0,1.0,0.0,0.0
2090,6e878407167faf00e,True,,,,,,,,,,1.0,1.0,1.0,1.0,0.22545047612068742,1.0,0.0,1.0,1.0,0.6329532737877148
2091,bf747811ee475d2c1,True,,,,,,,,,,1.0,0.0,1.0,1.0,0.7013713441862359,1.0,1.0,1.0,0.0,0.0
2092,193752eccdb929fcc,True,,,,,,,,,,1.0,1.0,1.0,1.0,0.06155362602916012,1.0,0.0,1.0,1.0,0.5817355081341126
2093,69c099199ed066a94,True,,,,,,,,,,1.0,0.0,0.0,1.0,0.8655361395018036,1.0,0.0,1.0,1.0,0.0
2094,e1c118cf727cb2222,True,,,,,,,,,,0.5,0.0,1.0,1.0,1.0,0.0,1.0,1.0,1.0,0.0
2095,e1d4af242fe8773fa,True,,,,,,,,,,1.0,0.0,0.0,1.0,0.32411262411854774,0.0,1.0,0.0,0.0,0.0
2096,83e0eefcee219247b,True,,,,,,,,,,1.0,0.0,0.0,1.0,0.5486730179944438,1.0,0.0,1.0,1.0,0.0
2097,ee7793a6b27386136,True,,,,,,,,,,1.0,0.0,1.0,1.0,0.31372263955298085,1.0,1.0,1.0,1.0,0.0
2098,c706c39c802cce2d4,True,,,,,,,,,,1.0,1.0,1.0,1.0,0.06477096531442511,1.0,1.0,1.0,1.0,0.7077409266607578
2099,3e5e5f35dd00868f1,True,,,,,,,,,,1.0,1.0,1.0,1.0,0.08421542360152807,1.0,1.0,1.0,1.0,0.7138173198754776
2100,c4e1ff9b786c70034,True,,,,,,,,,,1.0,0.0,0.5,1.0,1.0,1.0,0.0,1.0,1.0,0.0
2101,fbc47d17828f56207,True,,,,,,,,,,1.0,0.0,0.0,1.0,0.9103169081934843,1.0,0.0,1.0,1.0,0.0
2102,af26e74f0d5def154,True,,,,,,,,,,1.0,1.0,1.0,1.0,0.3385402672905318,1.0,0.0,1.0,1.0,0.6682938335282912
2103,2c604a5718db55a9d,True,,,,,,,,,,1.0,0.0,0.5,1.0,0.6470341303704775,1.0,1.0,1.0,1.0,0.0
2104,32506dba644177a4e,True,,,,,,,,,,0.5,0.0,0.5,1.0,0.7422087504760404,0.0,1.0,1.0,0.0,0.0
2105,eb926b1ea7a29e612,True,,,,,,,,,,0.0,0.0,0.5,1.0,1.0,0.0,0.0,1.0,1.0,0.0
2106,92bc964803e65244e,True,,,,,,,,,,1.0,1.0,1.0,1.0,0.20115950727368329,1.0,1.0,1.0,1.0,0.750362346023026
2107,9923250503e62f3e8,True,,,,,,,,,,1.0,1.0,1.0,1.0,0.01693881620701905,1.0,1.0,1.0,1.0,0.6927933800646935
2108,054ea5b13451c621b,True,,,,,,,,,,1.0,1.0,1.0,1.0,0.6606402816373228,1.0,1.0,1.0,1.0,0.8939500880116633
2109,59873106299ffb94f,True,,,,,,,,,,0.0,1.0,0.0,1.0,0.7985444997109421,0.0,0.0,1.0,1.0,0.0
2110,0b20cc78c6d693794,True,,,,,,,,,,1.0,0.0,0.5,1.0,1.0,1.0,0.0,1.0,0.0,0.0
2111,ff0923fcd8d30a51b,True,,,,,,,,,,1.0,0.0,0.0,1.0,1.0,1.0,1.0,1.0,1.0,0.0
2112,b7b2aa82af5f10496,True,,,,,,,,,,1.0,1.0,1.0,1.0,0.5085382955330753,1.0,0.0,1.0,1.0,0.721418217354086
2113,39ee7720dd5c83901,True,,,,,,,,,,1.0,0.0,1.0,1.0,0.4422673512739508,1.0,1.0,1.0,1.0,0.0
2114,6c19dab64235f6915,True,,,,,,,,,,1.0,0.0,0.0,1.0,0.18018288023794068,1.0,0.0,1.0,0.0,0.0
2115,c9e57d49438cf3843,True,,,,,,,,,,1.0,0.0,0.5,1.0,0.6307909318716806,1.0,0.0,1.0,1.0,0.0
2116,04be4c5a8a9eee15b,True,,,,,,,,,,0.0,0.0,0.0,1.0,1.0,0.0,0.0,1.0,0.0,0.0
2117,6eb2d372480ee2f5b,True,,,,,,,,,,1.0,1.0,1.0,1.0,1.0,1.0,1.0,1.0,1.0,1.0
2118,863415a0e3cc1897d,True,,,,,,,,,,1.0,1.0,1.0,1.0,0.4178442101349563,1.0,1.0,1.0,1.0,0.8180763156671739
2119,843dea321ea12e93c,True,,,,,,,,,,1.0,1.0,1.0,1.0,0.41832348943474884,1.0,1.0,1.0,1.0,0.818226090448359
2120,7a163daf930e48637,True,,,,,,,,,,1.0,0.0,0.0,1.0,1.0,1.0,0.0,1.0,1.0,0.0
2121,3dade981d5c5fb068,True,,,,,,,,,,0.5,0.0,0.0,1.0,1.0,0.0,1.0,1.0,1.0,0.0
2122,8e24bdf2be5da6777,True,,,,,,,,,,1.0,1.0,1.0,1.0,0.09314336859871837,1.0,0.0,1.0,1.0,0.5916073026870995
2123,5688641dd10efb02d,True,,,,,,,,,,1.0,1.0,1.0,1.0,0.3751954154448183,1.0,1.0,1.0,1.0,0.8047485673265058
2124,854521fa54e11652c,True,,,,,,,,,,1.0,1.0,1.0,1.0,1.0,1.0,1.0,1.0,1.0,1.0
2125,38a3a85f24db9d0f8,True,,,,,,,,,,1.0,0.0,0.0,1.0,1.0,1.0,0.0,1.0,1.0,0.0
2126,a69f76adb6218f06b,True,,,,,,,,,,1.0,0.0,0.5,1.0,0.5698069084161824,1.0,0.0,1.0,1.0,0.0
2127,b6eff4db462e0b665,True,,,,,,,,,,1.0,1.0,1.0,1.0,0.0,1.0,0.0,1.0,1.0,0.5625
2128,a481ac0055adbf0c2,True,,,,,,,,,,1.0,1.0,1.0,1.0,1.0,1.0,0.0,1.0,1.0,0.875
2129,b2bf35ee955a9d497,True,,,,,,,,,,1.0,1.0,1.0,1.0,0.035416049478469935,1.0,1.0,1.0,1.0,0.6985675154620219
2130,e848a6d0aa53e2ec3,True,,,,,,,,,,1.0,0.0,1.0,1.0,0.458592978669702,1.0,0.0,1.0,1.0,0.0
2131,0f261a9f083cf0d25,True,,,,,,,,,,1.0,1.0,1.0,1.0,0.5249559982042543,1.0,1.0,1.0,0.0,0.7265487494388294
2132,ca4906fdbc82a1b29,True,,,,,,,,,,1.0,1.0,1.0,1.0,0.5061334592818706,1.0,1.0,1.0,1.0,0.8456667060255846
2133,e52b7d36af99f123d,True,,,,,,,,,,1.0,1.0,1.0,1.0,0.5668624682430008,1.0,1.0,1.0,0.0,0.7396445213259377
2134,f594bad990074c0ce,True,,,,,,,,,,1.0,1.0,1.0,1.0,0.0,1.0,0.0,1.0,1.0,0.5625
2135,17f2adbc3fb3e02c2,True,,,,,,,,,,1.0,1.0,1.0,1.0,0.4351741219370935,1.0,1.0,1.0,0.0,0.6984919131053418
2136,4e3a5df59e6d56d34,True,,,,,,,,,,1.0,0.0,0.5,1.0,1.0,0.0,1.0,1.0,0.0,0.0
2137,a8591c7d6a4f149f2,True,,,,,,,,,,1.0,1.0,1.0,1.0,0.12979577648649612,1.0,0.0,1.0,1.0,0.60306118015203
2138,074cb9c09e56d13b7,True,,,,,,,,,,1.0,0.0,0.0,1.0,0.892266021219121,1.0,0.0,1.0,1.0,0.0
2139,4e5923e8ca30416d1,True,,,,,,,,,,1.0,0.0,0.5,1.0,0.7070136989509679,1.0,1.0,1.0,0.0,0.0
2140,161174e0143b41afa,True,,,,,,,,,,1.0,0.0,0.0,1.0,0.895954061116041,1.0,0.0,1.0,0.0,0.0
2141,026597b466e481724,True,,,,,,,,,,1.0,1.0,1.0,1.0,0.2518553121747277,1.0,0.0,1.0,1.0,0.6412047850546024
2142,f29d81b7079d53bff,True,,,,,,,,,,1.0,1.0,1.0,1.0,0.0,1.0,1.0,1.0,1.0,0.6875
2143,03e028a3b31005826,True,,,,,,,,,,1.0,1.0,1.0,1.0,0.09112827604798918,1.0,1.0,1.0,1.0,0.7159775862649966
2144,7bc8b418055d0cc73,True,,,,,,,,,,0.0,0.0,0.0,1.0,1.0,0.0,0.0,1.0,0.0,0.0
2145,fe2ce74b2caa3fec8,True,,,,,,,,,,1.0,1.0,1.0,1.0,0.1149732152920717,1.0,1.0,1.0,1.0,0.7234291297787724
2146,c864abb5afff1f7f4,True,,,,,,,,,,1.0,1.0,1.0,1.0,0.0969554655206394,1.0,0.0,1.0,1.0,0.5927985829751998
2147,9ed7d460817e222e9,True,,,,,,,,,,1.0,0.0,0.0,1.0,0.7465109469376959,1.0,0.0,1.0,1.0,0.0
2148,a36a2aecb6e0cc295,True,,,,,,,,,,1.0,0.0,1.0,1.0,1.0,1.0,0.0,1.0,1.0,0.0
2149,7858c7e045c1ac9b5,True,,,,,,,,,,1.0,0.0,0.5,1.0,1.0,1.0,0.0,1.0,1.0,0.0
2150,f3ce063b49364f5ba,True,,,,,,,,,,1.0,1.0,1.0,1.0,0.25679375458945447,1.0,1.0,1.0,1.0,0.7677480483092045
2151,939c99b6da1e786f5,True,,,,,,,,,,1.0,0.0,0.0,1.0,1.0,1.0,0.0,1.0,0.0,0.0
2152,d2db523662daf6690,True,,,,,,,,,,0.0,0.0,0.5,1.0,1.0,0.0,0.0,1.0,0.0,0.0
2153,195adbb128cbfeea4,True,,,,,,,,,,1.0,1.0,1.0,1.0,0.12050713252590153,1.0,0.0,1.0,1.0,0.6001584789143442
2154,07a36d3f2100bc352,True,,,,,,,,,,1.0,1.0,1.0,1.0,1.0,1.0,0.0,1.0,1.0,0.875
2155,6e7de4339dc039c41,True,,,,,,,,,,1.0,1.0,1.0,1.0,0.05242408787072219,1.0,1.0,1.0,1.0,0.7038825274596007
2156,8fc9c5ae5ccfdda02,True,,,,,,,,,,0.0,1.0,1.0,1.0,1.0,0.0,1.0,1.0,1.0,0.0
2157,525d0548f3cf8685b,True,,,,,,,,,,0.5,0.0,0.0,1.0,0.4147671399482556,0.0,0.0,1.0,0.0,0.0
2158,4733330ccf4a023b5,True,,,,,,,,,,1.0,1.0,1.0,1.0,0.0,1.0,0.0,1.0,1.0,0.5625
2159,dd6cf78b8b897a171,True,,,,,,,,,,1.0,0.0,1.0,1.0,1.0,1.0,0.0,1.0,1.0,0.0
2160,44a5937b14cec415b,True,,,,,,,,,,1.0,1.0,1.0,1.0,0.768383149436695,1.0,0.0,1.0,1.0,0.8026197341989671
2161,6f8cba85e3f6cd0d4,True,,,,,,,,,,1.0,1.0,0.5,1.0,1.0,1.0,0.0,1.0,1.0,0.4375
2162,c429ee2fbcaf012bc,True,,,,,,,,,,1.0,1.0,1.0,1.0,0.5044789013218115,1.0,1.0,1.0,0.0,0.7201496566630661
2163,4413f87001fcbb7eb,True,,,,,,,,,,1.0,1.0,1.0,1.0,0.08887243163868956,1.0,1.0,1.0,1.0,0.7152726348870905
2164,bc1165d3665880833,True,,,,,,,,,,1.0,0.0,1.0,1.0,1.0,1.0,1.0,1.0,1.0,0.0
2165,d294ac095b61c1877,True,,,,,,,,,,1.0,1.0,1.0,1.0,0.06681251616341094,1.0,1.0,1.0,1.0,0.7083789113010659
2166,68c48977b8b13f11f,True,,,,,,,,,,0.0,0.0,0.0,1.0,1.0,0.0,0.0,1.0,0.0,0.0
2167,a8b0718f4ba8367ac,True,,,,,,,,,,1.0,0.0,1.0,1.0,0.358026010807014,1.0,1.0,1.0,1.0,0.0
2168,f5e271bc6f92b1f61,True,,,,,,,,,,0.0,1.0,1.0,1.0,1.0,0.0,0.0,1.0,1.0,0.0
2169,ed0f40ad04605d018,True,,,,,,,,,,0.0,1.0,0.0,1.0,1.0,0.0,0.0,1.0,1.0,0.0
2170,fd482580f69491ce5,True,,,,,,,,,,0.0,1.0,1.0,1.0,1.0,1.0,1.0,1.0,1.0,0.0
2171,246d3c9b39fae2ec7,True,,,,,,,,,,0.0,0.0,0.0,1.0,1.0,0.0,0.0,1.0,1.0,0.0
2172,a0663290a63074719,True,,,,,,,,,,1.0,1.0,1.0,1.0,0.7837909535371672,1.0,0.0,1.0,1.0,0.8074346729803648
2173,108deb7af61e697bb,True,,,,,,,,,,1.0,0.0,1.0,1.0,1.0,1.0,1.0,1.0,0.0,0.0
2174,dc0620e71b9184974,True,,,,,,,,,,1.0,0.0,0.0,1.0,0.7148697664191521,1.0,0.0,1.0,1.0,0.0
2175,6081eace5dbab1fce,True,,,,,,,,,,0.5,0.0,1.0,1.0,1.0,0.0,1.0,1.0,1.0,0.0
2176,f324e70acbaa11675,True,,,,,,,,,,1.0,1.0,1.0,1.0,0.6719097009367432,1.0,1.0,1.0,1.0,0.8974717815427322
2177,9686cdc1f5f01d68e,True,,,,,,,,,,1.0,1.0,1.0,1.0,0.018663012856323852,1.0,1.0,1.0,1.0,0.6933321915176012
2178,e0747e9a8b7b42be1,True,,,,,,,,,,1.0,0.0,0.5,1.0,0.6860506698183378,1.0,0.0,1.0,1.0,0.0
2179,ddc382f4a2aa9f33e,True,,,,,,,,,,0.0,1.0,0.0,1.0,1.0,0.0,0.0,1.0,1.0,0.0
2180,6f033e7af721547a9,True,,,,,,,,,,1.0,0.0,1.0,1.0,0.3175114604994177,1.0,1.0,1.0,1.0,0.0
2181,ab0eca9405de9696c,True,,,,,,,,,,1.0,0.0,1.0,1.0,0.4923834958247879,1.0,1.0,1.0,0.0,0.0
2182,a0dee764f3cd352e8,True,,,,,,,,,,1.0,1.0,1.0,1.0,0.9534244598572528,1.0,1.0,1.0,1.0,0.9854451437053915
2183,885154f1032e04177,True,,,,,,,,,,1.0,0.0,0.5,1.0,1.0,1.0,0.0,1.0,0.0,0.0
2184,d6b2852cfdf21ad06,True,,,,,,,,,,1.0,0.0,0.5,1.0,0.4977108468834011,1.0,0.0,1.0,1.0,0.0
2185,74cc5095551bc3c7d,True,,,,,,,,,,1.0,1.0,0.0,1.0,0.5450880829303595,1.0,0.0,1.0,1.0,0.0
2186,6995c156a66d6a8ee,True,,,,,,,,,,1.0,0.0,1.0,1.0,0.5283467439294033,1.0,0.0,1.0,1.0,0.0
2187,8155746fdb7c4d3d8,True,,,,,,,,,,1.0,1.0,1.0,1.0,1.0,1.0,0.0,1.0,1.0,0.875
2188,85227ded294bb6273,True,,,,,,,,,,1.0,1.0,1.0,1.0,0.0,1.0,1.0,1.0,1.0,0.6875
2189,f55f780bee7a572bb,True,,,,,,,,,,1.0,0.0,0.0,1.0,1.0,1.0,0.0,1.0,1.0,0.0
2190,a7c33da176ab8f433,True,,,,,,,,,,1.0,0.0,0.0,1.0,1.0,1.0,0.0,0.0,0.0,0.0
2191,17d241e8d709ddebf,True,,,,,,,,,,1.0,0.0,0.0,1.0,0.8121840828577831,1.0,0.0,1.0,0.0,0.0
2192,90dfc4788a349e60b,True,,,,,,,,,,1.0,1.0,1.0,1.0,0.0686106038509423,1.0,1.0,1.0,0.0,0.5839408137034194
2193,4c03648ccf3301fe7,True,,,,,,,,,,0.0,0.0,0.0,1.0,1.0,0.0,0.0,1.0,1.0,0.0
2194,808e6b707f608e2a9,True,,,,,,,,,,0.0,0.0,0.0,1.0,1.0,0.0,0.0,1.0,0.0,0.0
2195,801d1b42c0409656b,True,,,,,,,,,,0.0,0.0,1.0,1.0,1.0,0.0,1.0,1.0,1.0,0.0
2196,d2e7ee3ace0b92dee,True,,,,,,,,,,1.0,1.0,1.0,1.0,0.2786855741680075,1.0,1.0,1.0,1.0,0.7745892419275023
2197,974c47a86ec212e1d,True,,,,,,,,,,1.0,0.0,0.5,1.0,1.0,1.0,0.0,1.0,0.0,0.0
2198,bad2ad9c318ddb264,True,,,,,,,,,,1.0,1.0,1.0,1.0,0.20031638654359843,1.0,0.0,1.0,1.0,0.6250988707948746
2199,8d969226c609be10d,True,,,,,,,,,,1.0,1.0,1.0,1.0,1.0,1.0,0.0,1.0,1.0,0.875
2200,ada3a1a9a3d4dee81,True,,,,,,,,,,1.0,1.0,1.0,1.0,0.9628050940996451,1.0,1.0,1.0,1.0,0.9883765919061391
2201,fb83b02b78181e4f8,True,,,,,,,,,,1.0,1.0,1.0,1.0,0.327133309734911,1.0,0.0,1.0,1.0,0.6647291592921597
2202,3fa85a7614a4df720,True,,,,,,,,,,1.0,0.0,0.5,1.0,0.7192485016665713,1.0,1.0,1.0,1.0,0.0
2203,54ce409a64180a221,True,,,,,,,,,,1.0,0.0,0.0,1.0,1.0,1.0,0.0,1.0,1.0,0.0
2204,9a7f43d4720b544da,True,,,,,,,,,,1.0,1.0,1.0,1.0,0.4255571718999576,1.0,1.0,1.0,1.0,0.8204866162187368
2205,a43ef1df0d28a30db,True,,,,,,,,,,0.0,1.0,1.0,1.0,1.0,0.0,0.0,1.0,1.0,0.0
2206,e2d605dbd1207f15f,True,,,,,,,,,,1.0,1.0,1.0,1.0,0.13270323845830104,1.0,0.0,1.0,1.0,0.6039697620182191
2207,5776fb2bb724aff1e,True,,,,,,,,,,0.5,0.0,0.0,1.0,1.0,0.0,0.0,1.0,1.0,0.0
2208,f24caea64b35ec9e9,True,,,,,,,,,,0.5,0.0,0.0,1.0,1.0,0.0,0.0,1.0,1.0,0.0
2209,344bd2551e98ed803,True,,,,,,,,,,1.0,0.0,0.5,1.0,1.0,1.0,0.0,1.0,1.0,0.0
2210,ac187965e42f68435,True,,,,,,,,,,0.5,0.0,0.5,1.0,0.6886089996090419,0.0,1.0,1.0,0.0,0.0
2211,c4f1bbae37da9b03a,True,,,,,,,,,,1.0,1.0,1.0,1.0,0.12308867376138094,1.0,1.0,1.0,1.0,0.7259652105504315
2212,2d176dbb12e40c2aa,True,,,,,,,,,,0.0,1.0,0.5,1.0,1.0,0.0,0.0,1.0,1.0,0.0
2213,25fb03a1d180b3b47,True,,,,,,,,,,1.0,1.0,1.0,1.0,1.0,1.0,1.0,1.0,0.0,0.875
2214,daae79609618606ae,True,,,,,,,,,,1.0,1.0,1.0,1.0,0.0,1.0,1.0,1.0,1.0,0.6875
2215,9c1c1fb7b2f09b8b6,True,,,,,,,,,,0.5,0.0,0.0,1.0,1.0,0.0,0.0,1.0,1.0,0.0
2216,78910a88891eef166,True,,,,,,,,,,1.0,1.0,1.0,1.0,0.16958987100796952,1.0,0.0,1.0,1.0,0.6154968346899905
2217,b360500595d619f7c,True,,,,,,,,,,1.0,1.0,1.0,1.0,0.9048457605541534,1.0,0.0,1.0,1.0,0.845264300173173
2218,0b3ce3fcc2b9cdf45,True,,,,,,,,,,0.0,0.0,0.5,1.0,0.42783041322060467,0.0,0.0,1.0,1.0,0.0
2219,b24ef110ccf50ea20,True,,,,,,,,,,1.0,1.0,1.0,1.0,0.026643393766745963,1.0,1.0,1.0,1.0,0.695826060552108
2220,145a730c9e1e596f5,True,,,,,,,,,,1.0,0.0,0.5,1.0,1.0,1.0,1.0,1.0,1.0,0.0
2221,20f30bb4990d9b84e,True,,,,,,,,,,1.0,0.0,1.0,1.0,1.0,1.0,0.0,1.0,1.0,0.0
2222,97878eb5ec064dcaf,True,,,,,,,,,,0.0,0.0,1.0,1.0,0.41199467069710344,0.0,0.0,1.0,0.0,0.0
2223,b1b76999fa25ad35b,True,,,,,,,,,,1.0,0.0,0.0,1.0,1.0,1.0,0.0,1.0,1.0,0.0
2224,2c5c3c9002e3d1165,True,,,,,,,,,,1.0,1.0,1.0,1.0,0.860735977478798,1.0,1.0,1.0,1.0,0.9564799929621244
2225,9c33aa775bae4e3a1,True,,,,,,,,,,1.0,0.0,0.0,1.0,0.3397966601542074,1.0,0.0,1.0,0.0,0.0
2226,147fe3531a064a546,True,,,,,,,,,,1.0,0.0,0.0,1.0,1.0,1.0,1.0,1.0,0.0,0.0
2227,ca870ac8b947e6752,True,,,,,,,,,,1.0,1.0,1.0,1.0,1.0,1.0,1.0,1.0,1.0,1.0
2228,9c8f0339c698b9080,True,,,,,,,,,,1.0,0.0,0.0,1.0,0.8586892509884662,1.0,0.0,1.0,1.0,0.0
2229,5e6d2cd10c8d3e867,True,,,,,,,,,,1.0,0.0,0.0,1.0,0.8384509244512872,1.0,0.0,1.0,1.0,0.0
2230,d773ee01e5118e39d,True,,,,,,,,,,1.0,0.0,0.0,1.0,1.0,1.0,0.0,1.0,1.0,0.0
2231,fbcd36a566009598c,True,,,,,,,,,,0.0,0.0,0.0,1.0,1.0,0.0,0.0,1.0,1.0,0.0
2232,c6f215cb7b0d88628,True,,,,,,,,,,0.0,1.0,0.0,1.0,1.0,0.0,0.0,1.0,1.0,0.0
2233,c82d37b03fda156aa,True,,,,,,,,,,1.0,0.0,0.0,1.0,0.46924175052856154,1.0,0.0,1.0,0.0,0.0
2234,ba8e76ba50850dffe,True,,,,,,,,,,1.0,1.0,1.0,1.0,0.6927349658494523,1.0,1.0,1.0,0.0,0.7789796768279538
2235,44028467a67d38460,True,,,,,,,,,,1.0,0.0,0.5,1.0,1.0,1.0,0.0,1.0,1.0,0.0
2236,ddbab6bc7b8883cc3,True,,,,,,,,,,1.0,0.0,0.5,1.0,0.4886580126476809,1.0,1.0,1.0,0.0,0.0
2237,b178cd8e12d552cb7,True,,,,,,,,,,1.0,1.0,1.0,1.0,0.040906489633916285,1.0,0.0,1.0,1.0,0.5752832780105989
2238,a67e740ebc3efc17e,True,,,,,,,,,,1.0,0.0,1.0,1.0,1.0,1.0,0.0,1.0,1.0,0.0
2239,1e3da3a342a445433,True,,,,,,,,,,1.0,1.0,0.5,1.0,0.4298471583258756,1.0,0.0,1.0,1.0,0.34841361848841806
2240,81523e3e502f7fd7f,True,,,,,,,,,,1.0,0.0,0.0,1.0,1.0,1.0,1.0,1.0,0.0,0.0
2241,f068d067b1949f364,True,,,,,,,,,,1.0,0.0,0.5,1.0,1.0,1.0,0.0,1.0,1.0,0.0
2242,00d194f38b3f05c1e,True,,,,,,,,,,0.0,0.0,0.5,1.0,1.0,0.0,0.0,1.0,0.0,0.0
2243,1dbcea959d196209c,True,,,,,,,,,,1.0,1.0,1.0,1.0,0.5139741680791929,1.0,0.0,1.0,1.0,0.7231169275247478
2244,46674c511c8ea3dfc,True,,,,,,,,,,1.0,0.0,0.0,1.0,0.9374985394572227,1.0,0.0,1.0,0.0,0.0
2245,01d3cc0b8eddd804c,True,,,,,,,,,,1.0,1.0,1.0,1.0,0.08625191581147115,1.0,0.0,1.0,1.0,0.5894537236910847
2246,a1cb215dcdc186fb1,True,,,,,,,,,,1.0,0.0,1.0,1.0,0.3566579435962444,1.0,1.0,1.0,0.0,0.0
2247,6c0405cd5c40c15ab,True,,,,,,,,,,1.0,0.0,1.0,1.0,1.0,1.0,0.0,1.0,0.0,0.0
2248,c9dca5652801c1a98,True,,,,,,,,,,1.0,1.0,1.0,1.0,0.06634644478486779,1.0,0.0,1.0,1.0,0.5832332639952712
2249,13c1bc44a34013f46,True,,,,,,,,,,1.0,0.0,0.0,1.0,1.0,1.0,0.0,1.0,1.0,0.0
2250,3b556146eac4e59da,True,,,,,,,,,,1.0,1.0,1.0,1.0,0.26076038006236346,1.0,0.0,1.0,0.0,0.5189876187694886
2251,afae980cb1f67291e,True,,,,,,,,,,1.0,0.0,0.5,1.0,0.5657396708287653,1.0,1.0,1.0,1.0,0.0
2252,d8126a7e3ab8882d8,True,,,,,,,,,,1.0,0.0,0.0,1.0,0.6487772764563227,1.0,0.0,1.0,0.0,0.0
2253,d2ac4238dd1e06e2b,True,,,,,,,,,,1.0,0.0,0.5,1.0,1.0,0.0,0.0,1.0,1.0,0.0
2254,3b13a581a5a50dcdd,True,,,,,,,,,,1.0,1.0,1.0,1.0,0.020055101003651522,1.0,0.0,1.0,1.0,0.568767219063641
2255,15342621fd40bb637,True,,,,,,,,,,1.0,1.0,1.0,1.0,0.18070310441165208,1.0,0.0,1.0,1.0,0.6189697201286413
2256,219cbcce551252eb2,True,,,,,,,,,,1.0,1.0,1.0,1.0,0.33406513169689417,1.0,0.0,1.0,1.0,0.6668953536552794
2257,194e5931bc902ac73,True,,,,,,,,,,1.0,1.0,1.0,1.0,0.0,1.0,0.0,1.0,1.0,0.5625
2258,90c40a195012fa8ec,True,,,,,,,,,,1.0,0.0,0.5,1.0,1.0,1.0,0.0,1.0,1.0,0.0
2259,7e105472ccbc51b6a,True,,,,,,,,,,1.0,1.0,1.0,1.0,1.0,1.0,0.0,1.0,1.0,0.875
2260,d684c7c8d5a53f7d2,True,,,,,,,,,,1.0,1.0,1.0,1.0,0.3291125102704155,1.0,0.0,1.0,1.0,0.6653476594595049
2261,336d890ca14e2aab5,True,,,,,,,,,,1.0,1.0,1.0,1.0,0.0,1.0,1.0,0.0,0.0,0.4375
2262,110d0d3e6fdd95bda,True,,,,,,,,,,0.0,1.0,1.0,1.0,1.0,0.0,0.0,1.0,1.0,0.0
2263,569fb4f27fe2509f7,True,,,,,,,,,,1.0,1.0,1.0,1.0,0.10458220180868247,1.0,1.0,1.0,1.0,0.7201819380652132
2264,9a7779cf31f38e961,True,,,,,,,,,,0.5,1.0,0.5,1.0,0.6003347083087692,0.0,1.0,1.0,0.0,0.1094011490866226
2265,e6d1e14cb2784e8d9,True,,,,,,,,,,1.0,1.0,1.0,1.0,0.639219755450934,1.0,1.0,1.0,1.0,0.8872561735784169
2266,11c4a9e4096f68947,True,,,,,,,,,,1.0,0.0,0.0,1.0,0.6573616035592564,1.0,1.0,1.0,1.0,0.0
2267,476448c3e62fe40b1,True,,,,,,,,,,1.0,0.0,0.0,1.0,1.0,0.0,0.0,0.0,0.0,0.0
2268,4533792bbf9b2478b,True,,,,,,,,,,1.0,1.0,1.0,1.0,0.5709950407059994,1.0,1.0,1.0,1.0,0.8659359502206248
2269,aa598127cd934aa23,True,,,,,,,,,,1.0,1.0,1.0,1.0,0.21678147497083847,1.0,1.0,1.0,1.0,0.755244210928387
2270,a87447007dd75f539,True,,,,,,,,,,1.0,1.0,1.0,1.0,0.18706989173638186,1.0,1.0,1.0,1.0,0.7459593411676193
2271,cdcb9b51f99934711,True,,,,,,,,,,1.0,1.0,1.0,1.0,0.0,1.0,1.0,1.0,1.0,0.6875
2272,d9bde28612a6aad4f,True,,,,,,,,,,1.0,0.0,0.0,1.0,1.0,0.0,0.0,0.0,0.0,0.0
2273,04fdae6a66181ea6f,True,,,,,,,,,,1.0,0.0,0.5,1.0,1.0,1.0,0.0,1.0,1.0,0.0
2274,54c5618f3af037eb9,True,,,,,,,,,,1.0,0.0,0.5,1.0,1.0,1.0,0.0,1.0,0.0,0.0
2275,fd56100f9058b46fa,True,,,,,,,,,,1.0,1.0,0.5,1.0,1.0,1.0,0.0,1.0,1.0,0.4375
2276,31df3ebdb68bf83fe,True,,,,,,,,,,0.0,0.0,1.0,1.0,1.0,0.0,1.0,1.0,0.0,0.0
2277,a2d247bf6cbf13f7c,True,,,,,,,,,,0.0,1.0,1.0,1.0,1.0,0.0,1.0,1.0,1.0,0.0
2278,9eba308c132370234,True,,,,,,,,,,1.0,1.0,0.5,1.0,0.4451207241933895,1.0,0.0,1.0,0.0,0.2883001131552171
2279,6e1dbb531aa7e9555,True,,,,,,,,,,1.0,0.0,1.0,1.0,0.48362152790054447,1.0,1.0,1.0,1.0,0.0
2280,da72d5ca0828d5a3d,True,,,,,,,,,,1.0,1.0,1.0,1.0,0.06323735591390653,1.0,1.0,1.0,1.0,0.7072616737230958
2281,cc9f51b0460d19ee5,True,,,,,,,,,,0.0,0.0,0.0,1.0,1.0,0.0,0.0,1.0,1.0,0.0
2282,bb515ff29da41dc33,True,,,,,,,,,,0.0,1.0,1.0,1.0,1.0,0.0,0.0,1.0,1.0,0.0
2283,404bfe24cd4dfebb4,True,,,,,,,,,,0.0,1.0,0.0,1.0,1.0,0.0,1.0,1.0,0.0,0.0
2284,7ad621cdbc4494e0d,True,,,,,,,,,,1.0,1.0,1.0,1.0,0.32862864910082723,1.0,0.0,1.0,1.0,0.6651964528440085
2285,3e8f802de1e65025d,True,,,,,,,,,,0.0,0.0,0.5,1.0,0.6232825783221476,0.0,0.0,1.0,1.0,0.0
2286,9b4ae64ef14740be5,True,,,,,,,,,,0.0,0.0,0.0,1.0,1.0,0.0,0.0,1.0,0.0,0.0
2287,785173203974d1027,True,,,,,,,,,,1.0,1.0,1.0,1.0,0.9581378475865866,1.0,1.0,1.0,1.0,0.9869180773708084
2288,10f3932f4f651de8c,True,,,,,,,,,,1.0,0.0,0.0,1.0,0.9241666870720859,1.0,0.0,1.0,1.0,0.0
2289,d218a0af775558af6,True,,,,,,,,,,0.5,0.0,0.0,1.0,0.8991612454082736,0.0,0.0,1.0,1.0,0.0
2290,72decd6302c88fdf2,True,,,,,,,,,,1.0,0.0,0.0,1.0,1.0,1.0,0.0,1.0,0.0,0.0
2291,f423e66e3506af742,True,,,,,,,,,,1.0,0.0,0.0,1.0,0.36783391827343304,1.0,0.0,1.0,0.0,0.0
2292,61261a713792f46b2,True,,,,,,,,,,1.0,1.0,0.5,1.0,0.5813885068706658,1.0,0.0,1.0,1.0,0.3720919541985415
2293,9e1b38c16d0ece554,True,,,,,,,,,,1.0,1.0,1.0,1.0,0.024319621264958062,1.0,1.0,1.0,1.0,0.6950998816452993
2294,bd799913f5456fbe9,True,,,,,,,,,,1.0,0.0,0.5,1.0,1.0,1.0,1.0,0.0,0.0,0.0
2295,e7f8c99f8df8cf65b,True,,,,,,,,,,1.0,1.0,1.0,1.0,1.0,1.0,1.0,1.0,1.0,1.0
2296,978616965b8fd4cd6,True,,,,,,,,,,1.0,1.0,1.0,1.0,0.7506466746185632,1.0,0.0,1.0,1.0,0.797077085818301
2297,6a746336ecf0f665c,True,,,,,,,,,,0.0,0.0,0.0,1.0,1.0,0.0,0.0,1.0,0.0,0.0
2298,368fa1aeac7542731,True,,,,,,,,,,0.5,0.0,1.0,1.0,1.0,0.0,1.0,1.0,1.0,0.0
2299,2ec229f35727f71c8,True,,,,,,,,,,0.5,1.0,1.0,1.0,1.0,0.0,0.0,0.0,0.0,0.15625
2300,071e35b1661da1366,True,,,,,,,,,,1.0,0.0,1.0,1.0,0.5763691012529124,1.0,1.0,1.0,0.0,0.0
2301,d1d090928a3c1ff44,True,,,,,,,,,,1.0,0.0,1.0,1.0,0.5355137221159163,1.0,0.0,1.0,1.0,0.0
2302,824d8ba46202fe8eb,True,,,,,,,,,,1.0,1.0,1.0,1.0,0.09770202749535241,1.0,1.0,1.0,1.0,0.7180318835922976
2303,07bad7098a8e98783,True,,,,,,,,,,0.0,1.0,1.0,1.0,1.0,0.0,1.0,1.0,1.0,0.0
2304,e2b3b0ba92343745a,True,,,,,,,,,,1.0,1.0,1.0,1.0,1.0,1.0,1.0,1.0,1.0,1.0
2305,fb7b5ae64dda69073,True,,,,,,,,,,1.0,0.0,1.0,1.0,0.29364487756315455,1.0,0.0,1.0,1.0,0.0
2306,152d0a2d7a121ac40,True,,,,,,,,,,0.0,0.0,1.0,1.0,1.0,0.0,1.0,1.0,0.0,0.0
2307,511d6caf7ec40eb09,True,,,,,,,,,,0.0,0.0,0.0,1.0,1.0,0.0,0.0,1.0,1.0,0.0
2308,8e3a32effa7ad4fc9,True,,,,,,,,,,0.0,0.0,0.0,1.0,1.0,0.0,1.0,1.0,0.0,0.0
2309,fe3306915ae1e2328,True,,,,,,,,,,1.0,0.0,1.0,1.0,0.3781942680182299,1.0,0.0,1.0,1.0,0.0
2310,575fcd78444e7124b,True,,,,,,,,,,1.0,0.0,0.0,0.0,1.0,1.0,1.0,1.0,1.0,0.0
2311,d6427f6451b02059f,True,,,,,,,,,,1.0,1.0,0.0,1.0,0.8604085561922442,1.0,0.0,1.0,1.0,0.0
2312,16e1819d7d9d5f11d,True,,,,,,,,,,1.0,1.0,1.0,1.0,0.2981076176932616,1.0,1.0,1.0,1.0,0.7806586305291443
2313,f8e452be20910fe87,True,,,,,,,,,,0.0,0.0,0.0,1.0,1.0,0.0,0.0,1.0,0.0,0.0
2314,44200def81a985e9f,True,,,,,,,,,,0.0,0.0,0.0,1.0,1.0,0.0,0.0,1.0,1.0,0.0
2315,2d73739d94bdfb12e,True,,,,,,,,,,0.0,1.0,1.0,1.0,1.0,0.0,0.0,1.0,1.0,0.0
2316,aee14ef0a789e2911,True,,,,,,,,,,1.0,0.0,0.0,1.0,1.0,1.0,0.0,1.0,1.0,0.0
2317,9559a76868f2d58b3,True,,,,,,,,,,1.0,1.0,1.0,1.0,0.0,1.0,1.0,1.0,1.0,0.6875
2318,04636d07d342e54cd,True,,,,,,,,,,0.5,0.0,1.0,1.0,0.685493814961662,0.0,1.0,1.0,1.0,0.0
2319,2a862303c565d9ca9,True,,,,,,,,,,1.0,0.0,0.0,1.0,0.8782930996665105,1.0,0.0,1.0,1.0,0.0
2320,d02ab95331cc7550b,True,,,,,,,,,,1.0,0.0,0.0,1.0,1.0,1.0,0.0,1.0,1.0,0.0
2321,161ae204e36c7312b,True,,,,,,,,,,1.0,0.0,0.5,1.0,0.5095899004719966,1.0,0.0,1.0,1.0,0.0
2322,18ab088dbc07aa471,True,,,,,,,,,,1.0,0.0,0.5,1.0,0.432889625187559,1.0,0.0,1.0,0.0,0.0
2323,b4750fa326ea1085b,True,,,,,,,,,,0.0,0.0,0.5,1.0,1.0,0.0,1.0,1.0,0.0,0.0
2324,3343ae6524e70afdf,True,,,,,,,,,,1.0,0.0,0.5,1.0,0.6570325474551562,1.0,1.0,1.0,1.0,0.0
2325,fa7ca9fcddad7a40d,True,,,,,,,,,,1.0,0.0,0.5,1.0,0.4866404695201076,1.0,0.0,1.0,1.0,0.0
2326,c6f309a29af4e8f36,True,,,,,,,,,,1.0,0.0,0.0,1.0,0.9499189348280997,1.0,0.0,1.0,1.0,0.0
2327,854e5e93c34b9c7cd,True,,,,,,,,,,1.0,1.0,0.0,1.0,1.0,1.0,0.0,1.0,0.0,0.0
2328,a9b93459b8bfb00a5,True,,,,,,,,,,1.0,0.0,0.0,1.0,0.4803023442288603,1.0,0.0,0.0,0.0,0.0
2329,8e870ed69a2cd9267,True,,,,,,,,,,1.0,1.0,1.0,1.0,0.024506356134058934,1.0,1.0,1.0,1.0,0.6951582362918934
2330,2cce2f9aeacb49d13,True,,,,,,,,,,0.0,0.0,0.0,1.0,0.8740859237786378,0.0,0.0,1.0,1.0,0.0
2331,00caf7c273c7d5065,True,,,,,,,,,,1.0,0.0,0.0,1.0,1.0,1.0,0.0,1.0,1.0,0.0
2332,27f023bf8333f5410,True,,,,,,,,,,1.0,1.0,1.0,1.0,0.05224749321818233,1.0,1.0,1.0,1.0,0.703827341630682
2333,eabd2a62e5069e1a4,True,,,,,,,,,,1.0,0.0,0.0,1.0,0.7711940561029311,1.0,0.0,1.0,1.0,0.0
2334,ab9b0531b8d7800ce,True,,,,,,,,,,1.0,0.0,0.5,1.0,1.0,1.0,0.0,1.0,1.0,0.0
2335,e513c494982a0c41e,True,,,,,,,,,,1.0,0.0,0.0,1.0,1.0,1.0,0.0,1.0,1.0,0.0
2336,956f2e4043c1b8f4d,True,,,,,,,,,,1.0,1.0,1.0,1.0,0.451926752087184,1.0,1.0,1.0,1.0,0.828727110027245
2337,2e6e31a67e672d4a5,True,,,,,,,,,,0.0,1.0,1.0,1.0,0.710926919780362,0.0,0.0,1.0,1.0,0.0
2338,84e277e20e4dfaf5c,True,,,,,,,,,,1.0,1.0,1.0,1.0,0.5549497836520332,1.0,0.0,1.0,1.0,0.7359218073912603
2339,b141bcb6ae7025055,True,,,,,,,,,,1.0,1.0,1.0,1.0,1.0,1.0,1.0,1.0,1.0,1.0
2340,69efea362deb3273e,True,,,,,,,,,,1.0,0.0,1.0,1.0,1.0,1.0,0.0,1.0,1.0,0.0
2341,e1dfffddf7ca3297a,True,,,,,,,,,,0.0,0.0,0.0,1.0,1.0,0.0,0.0,1.0,1.0,0.0
2342,34096e25c51fff4b8,True,,,,,,,,,,0.0,0.0,0.0,1.0,1.0,0.0,0.0,1.0,0.0,0.0
2343,8c317a99933b3b262,True,,,,,,,,,,1.0,1.0,0.5,1.0,0.9468953275380424,1.0,0.0,1.0,1.0,0.4292023949278191
2344,d400b7a715f88fcf5,True,,,,,,,,,,1.0,0.0,1.0,1.0,0.2492861708787777,1.0,0.0,1.0,1.0,0.0
2345,5e35c45c67a83ec9a,True,,,,,,,,,,1.0,0.0,1.0,1.0,0.7694754747013144,1.0,1.0,1.0,1.0,0.0
2346,45f0a34210cea5243,True,,,,,,,,,,1.0,1.0,1.0,1.0,0.0,1.0,1.0,1.0,1.0,0.6875
2347,e2e0472858fa4a63e,True,,,,,,,,,,1.0,1.0,1.0,1.0,0.13955214621810752,1.0,0.0,1.0,1.0,0.6061100456931586
2348,d29638c5140885ccd,True,,,,,,,,,,1.0,0.0,1.0,1.0,1.0,1.0,1.0,0.0,0.0,0.0
2349,8b29c1e65746a1185,True,,,,,,,,,,1.0,1.0,1.0,1.0,0.08055808030724482,1.0,1.0,1.0,1.0,0.712674400096014
2350,175bc910c16425e5c,True,,,,,,,,,,1.0,1.0,1.0,1.0,0.15730859841156056,1.0,1.0,1.0,1.0,0.7366589370036127
2351,1c7991974c14440a3,True,,,,,,,,,,1.0,0.0,0.0,1.0,1.0,1.0,0.0,1.0,1.0,0.0
2352,89628b64c8a329c07,True,,,,,,,,,,1.0,0.0,0.0,1.0,1.0,1.0,0.0,1.0,1.0,0.0
2353,ecb3b9f1238edf126,True,,,,,,,,,,1.0,0.0,1.0,1.0,1.0,1.0,0.0,1.0,1.0,0.0
2354,82e6ed49ff7af43fe,True,,,,,,,,,,1.0,1.0,1.0,1.0,0.008093659349127084,1.0,1.0,1.0,1.0,0.6900292685466023
2355,d3150a8489aa038cb,True,,,,,,,,,,1.0,1.0,1.0,1.0,0.294431191985282,1.0,0.0,1.0,1.0,0.6545097474954007
2356,eb6579d91982e38e5,True,,,,,,,,,,1.0,1.0,1.0,1.0,0.0,1.0,1.0,1.0,1.0,0.6875
2357,e33aa6b2d5b26910b,True,,,,,,,,,,1.0,0.0,0.0,1.0,1.0,1.0,0.0,1.0,1.0,0.0
2358,ea2b7520e71b4c759,True,,,,,,,,,,1.0,0.0,0.5,1.0,1.0,1.0,1.0,1.0,1.0,0.0
2359,6e7525ff98599366a,True,,,,,,,,,,1.0,1.0,1.0,1.0,0.6392916860186874,1.0,0.0,1.0,1.0,0.7622786518808398
2360,3f8a80414eacde90b,True,,,,,,,,,,1.0,0.0,1.0,1.0,0.41845411255593906,1.0,1.0,1.0,1.0,0.0
2361,0d069b495b11daa42,True,,,,,,,,,,1.0,0.0,0.0,1.0,1.0,0.0,0.0,1.0,0.0,0.0
2362,80c12d47df3847b19,True,,,,,,,,,,0.0,1.0,1.0,1.0,0.6422042800504962,0.0,0.0,1.0,0.0,0.0
2363,79a8aa64c00991061,True,,,,,,,,,,1.0,1.0,1.0,1.0,0.01426417583597735,1.0,0.0,1.0,1.0,0.5669575549487429
2364,d7ae6e55bf567365e,True,,,,,,,,,,0.0,1.0,0.0,1.0,1.0,0.0,0.0,1.0,1.0,0.0
2365,62c083fa4339253f3,True,,,,,,,,,,0.0,0.0,0.5,1.0,0.7638003685403414,0.0,1.0,1.0,0.0,0.0
2366,436fb766823bdb92e,True,,,,,,,,,,0.0,1.0,1.0,1.0,0.6425537950882125,0.0,1.0,1.0,1.0,0.0
2367,2c9bdc85f913f14f3,True,,,,,,,,,,1.0,1.0,1.0,1.0,0.0,1.0,1.0,1.0,1.0,0.6875
2368,ef66f2c0cf4893824,True,,,,,,,,,,1.0,0.0,0.5,1.0,1.0,1.0,0.0,1.0,0.0,0.0
2369,95ef6af0cd345193e,True,,,,,,,,,,1.0,0.0,0.0,1.0,0.49567046354106326,1.0,1.0,1.0,0.0,0.0
2370,fe124f930c37d2d0e,True,,,,,,,,,,1.0,1.0,1.0,1.0,0.7147981053683953,1.0,1.0,0.0,0.0,0.6608744079276235
2371,d8bd07f4fcdcdc313,True,,,,,,,,,,0.0,1.0,1.0,1.0,0.8248508793354886,1.0,1.0,1.0,0.0,0.0
2372,3efd4f33e21321aca,True,,,,,,,,,,1.0,1.0,1.0,1.0,0.5348176523303401,1.0,1.0,1.0,0.0,0.7296305163532313
2373,015f3c215167f64d9,True,,,,,,,,,,1.0,0.0,0.0,1.0,0.6150407551969127,1.0,0.0,1.0,1.0,0.0
2374,19211d8eac9c62147,True,,,,,,,,,,1.0,0.0,0.5,1.0,0.6254195688644788,1.0,0.0,1.0,1.0,0.0
2375,b652abb8dca7b06f0,True,,,,,,,,,,1.0,0.0,1.0,1.0,0.6856730017159268,1.0,1.0,1.0,1.0,0.0
2376,3428d82c17d7e5501,True,,,,,,,,,,1.0,1.0,1.0,1.0,1.0,1.0,1.0,1.0,1.0,1.0
2377,4c9f4af922d375f71,True,,,,,,,,,,0.0,1.0,1.0,1.0,1.0,0.0,0.0,1.0,1.0,0.0
2378,cff8174da68b6ed57,True,,,,,,,,,,1.0,0.0,1.0,1.0,0.2415188988344678,1.0,0.0,1.0,1.0,0.0
2379,8cc9b24e2d92d273a,True,,,,,,,,,,1.0,0.0,0.0,1.0,0.6180430747173753,1.0,0.0,1.0,0.0,0.0
2380,50e0b955654ae8794,True,,,,,,,,,,1.0,1.0,1.0,1.0,0.05863960126513881,1.0,0.0,1.0,1.0,0.5808248753953559
2381,8f458d524a4774548,True,,,,,,,,,,1.0,1.0,1.0,1.0,1.0,1.0,0.0,1.0,1.0,0.875
2382,38fd2f329eb063f83,True,,,,,,,,,,1.0,1.0,1.0,1.0,0.16945892158970324,1.0,0.0,1.0,1.0,0.6154559129967823
2383,2ddb8a77091ace2c6,True,,,,,,,,,,1.0,1.0,1.0,1.0,0.5604254515793659,1.0,1.0,1.0,1.0,0.8626329536185519
2384,6d4656583dbcb0d29,True,,,,,,,,,,1.0,1.0,1.0,1.0,0.06134264326453558,1.0,1.0,1.0,1.0,0.7066695760201673
2385,75161de465d28f625,True,,,,,,,,,,1.0,1.0,1.0,1.0,0.329375923018019,1.0,0.0,1.0,1.0,0.6654299759431309
2386,c43503e3cebf10b69,True,,,,,,,,,,1.0,1.0,0.5,1.0,0.4960410316406537,1.0,0.0,1.0,1.0,0.35875641119385215
2387,3432391c5dca44cf9,True,,,,,,,,,,1.0,0.0,0.0,1.0,0.8216575783488838,1.0,0.0,1.0,1.0,0.0
2388,5177a4ffa159dea26,True,,,,,,,,,,1.0,1.0,1.0,1.0,1.0,1.0,1.0,1.0,1.0,1.0
2389,576158d07f0a09e6b,True,,,,,,,,,,1.0,1.0,1.0,1.0,0.5088011059727785,1.0,0.0,1.0,1.0,0.7215003456164932
2390,9384f1e1e708f3470,True,,,,,,,,,,1.0,0.0,1.0,1.0,0.4777570525121332,1.0,1.0,1.0,1.0,0.0
2391,12776777ba8546e14,True,,,,,,,,,,1.0,0.0,0.0,1.0,1.0,0.0,0.0,1.0,0.0,0.0
2392,70f0bbf667ad7bd9e,True,,,,,,,,,,1.0,1.0,1.0,1.0,0.21484775011341412,1.0,1.0,1.0,1.0,0.7546399219104419
2393,272d0fb68e72a32c3,True,,,,,,,,,,1.0,0.0,0.0,1.0,1.0,1.0,0.0,1.0,1.0,0.0
2394,15b6de5b6b812b547,True,,,,,,,,,,1.0,1.0,1.0,1.0,0.0,1.0,1.0,1.0,1.0,0.6875
2395,e6a340849c0025d9f,True,,,,,,,,,,1.0,0.0,1.0,1.0,0.33188588550871656,1.0,1.0,1.0,1.0,0.0
2396,d32b81cb4448f19f1,True,,,,,,,,,,1.0,0.0,1.0,1.0,0.6089008648992668,1.0,0.0,1.0,1.0,0.0
2397,d94f797b81c453893,True,,,,,,,,,,0.5,0.0,0.0,1.0,1.0,0.0,0.0,1.0,1.0,0.0
2398,7c999853833c34336,True,,,,,,,,,,1.0,1.0,1.0,1.0,0.16761042294084907,1.0,0.0,1.0,1.0,0.6148782571690153
2399,c6245a244902cb4af,True,,,,,,,,,,1.0,1.0,1.0,1.0,0.11438892207715082,1.0,1.0,1.0,1.0,0.7232465381491096
2400,47a79d5ba0ff53156,True,,,,,,,,,,1.0,0.0,1.0,1.0,1.0,1.0,1.0,1.0,1.0,0.0
2401,b71a18c869cb8bd24,True,,,,,,,,,,1.0,0.0,1.0,1.0,1.0,1.0,1.0,1.0,1.0,0.0
2402,ccb5c099cfbfadf38,True,,,,,,,,,,1.0,0.0,0.5,1.0,1.0,1.0,1.0,1.0,0.0,0.0
2403,6aa6cb2757b09918e,True,,,,,,,,,,1.0,1.0,1.0,1.0,0.1124206592105013,1.0,0.0,1.0,1.0,0.5976314560032816
2404,5065468cd60f1bc00,True,,,,,,,,,,1.0,1.0,1.0,1.0,0.144316249647714,1.0,1.0,1.0,1.0,0.7325988280149106
2405,58f8054b16f2c0e47,True,,,,,,,,,,1.0,1.0,1.0,1.0,0.0,1.0,0.0,0.0,1.0,0.4375
2406,d50743776b4ebf7b3,True,,,,,,,,,,1.0,1.0,0.5,1.0,0.8825581010546925,1.0,0.0,1.0,0.0,0.3566497032897957
2407,ddf4d43735ce80242,True,,,,,,,,,,0.0,0.0,0.5,1.0,1.0,0.0,0.0,1.0,0.0,0.0
2408,322359bc569d9c145,True,,,,,,,,,,1.0,0.0,0.5,1.0,1.0,1.0,0.0,1.0,1.0,0.0
2409,70fff47737f1e15b4,True,,,,,,,,,,1.0,1.0,0.0,1.0,1.0,1.0,1.0,1.0,0.0,0.0
2410,e05ade0e231d4cf61,True,,,,,,,,,,0.0,1.0,1.0,0.0,1.0,0.0,1.0,1.0,1.0,0.0
2411,d40afa32f3c10b9e0,True,,,,,,,,,,1.0,1.0,1.0,1.0,0.10127640547836325,1.0,1.0,1.0,1.0,0.7191488767119885
2412,8bd9cc5482864e291,True,,,,,,,,,,1.0,0.0,0.0,1.0,1.0,1.0,0.0,1.0,1.0,0.0
2413,d23a6fb267f1f6fa5,True,,,,,,,,,,1.0,1.0,1.0,1.0,0.0,1.0,1.0,1.0,1.0,0.6875
2414,5733be765824e1f33,True,,,,,,,,,,1.0,0.0,1.0,1.0,0.08397006783165545,1.0,1.0,1.0,1.0,0.0
2415,2814e455e1302df51,True,,,,,,,,,,0.5,1.0,1.0,1.0,1.0,0.0,0.0,1.0,1.0,0.28125
2416,b5e97b7e8ca0f8b19,True,,,,,,,,,,1.0,1.0,1.0,1.0,0.9632232742316755,0.0,1.0,1.0,1.0,0.6760072731973986
2417,8254c72f094adeb13,True,,,,,,,,,,1.0,1.0,1.0,1.0,1.0,1.0,1.0,1.0,1.0,1.0
2418,4f4036e82ca553ab5,True,,,,,,,,,,1.0,1.0,1.0,1.0,0.0,1.0,1.0,1.0,1.0,0.6875
2419,1f200aef5aa80a98d,True,,,,,,,,,,1.0,0.0,1.0,1.0,1.0,1.0,1.0,1.0,0.0,0.0
2420,2afebe4218aece0b6,True,,,,,,,,,,1.0,1.0,1.0,1.0,1.0,1.0,0.0,1.0,1.0,0.875
2421,a784ac158bbb30d15,True,,,,,,,,,,1.0,1.0,1.0,1.0,0.26121291711926625,1.0,1.0,1.0,1.0,0.7691290365997707
2422,5bd0e7981e5378287,True,,,,,,,,,,1.0,0.0,1.0,1.0,1.0,1.0,1.0,1.0,1.0,0.0
2423,c3200abf96a354efa,True,,,,,,,,,,1.0,1.0,1.0,1.0,0.0,1.0,1.0,1.0,1.0,0.6875
2424,dc9a1a64623f4ee2a,True,,,,,,,,,,1.0,1.0,1.0,1.0,0.16146328960557063,1.0,0.0,1.0,1.0,0.6129572780017408
2425,1009569404037413a,True,,,,,,,,,,1.0,1.0,1.0,1.0,0.6451217931377198,1.0,1.0,1.0,1.0,0.8891005603555374
2426,7abb624adfb880027,True,,,,,,,,,,1.0,1.0,1.0,1.0,0.5260976223362668,1.0,0.0,1.0,1.0,0.7269055069800834
2427,f6cb349b9078fd7c4,True,,,,,,,,,,1.0,1.0,1.0,1.0,0.33435809504940617,1.0,0.0,1.0,1.0,0.6669869047029394
2428,299c68e344d04e536,True,,,,,,,,,,1.0,1.0,1.0,1.0,0.6025806443227913,1.0,0.0,1.0,1.0,0.7508064513508723
2429,a5dae75091c9d8f94,True,,,,,,,,,,1.0,1.0,1.0,1.0,1.0,1.0,0.0,1.0,1.0,0.875
2430,2e5eb89b3ec98ed08,True,,,,,,,,,,1.0,1.0,1.0,1.0,1.0,1.0,1.0,1.0,1.0,1.0
2431,74e68e4dba8d14dfa,True,,,,,,,,,,1.0,0.0,1.0,1.0,1.0,1.0,0.0,1.0,1.0,0.0
2432,cb2e1dad4d21a5bf1,True,,,,,,,,,,1.0,1.0,0.5,1.0,0.45962751494110454,1.0,0.0,1.0,1.0,0.3530667992095476
2433,69c96d373972cc736,True,,,,,,,,,,1.0,1.0,1.0,1.0,0.18419282137494783,1.0,1.0,1.0,1.0,0.7450602566796711
2434,e8a9486b49b69adbf,True,,,,,,,,,,1.0,1.0,1.0,1.0,0.8777835353682355,1.0,1.0,1.0,1.0,0.9618073548025736
2435,4f206a0dd84457b8a,True,,,,,,,,,,1.0,1.0,1.0,1.0,1.0,1.0,1.0,1.0,1.0,1.0
2436,fb36accc7106e30af,True,,,,,,,,,,1.0,0.0,1.0,1.0,0.16922177242686198,1.0,0.0,1.0,1.0,0.0
2437,5e3a21657a7371a7a,True,,,,,,,,,,0.0,0.0,0.0,1.0,1.0,0.0,0.0,1.0,0.0,0.0
2438,ec56aefe2cb604a4f,True,,,,,,,,,,1.0,1.0,1.0,1.0,0.05343424859031796,1.0,1.0,1.0,1.0,0.7041982026844744
2439,c35d767a796986c02,True,,,,,,,,,,0.0,0.0,1.0,1.0,1.0,0.0,0.0,1.0,1.0,0.0
2440,b5837307d8a14be4a,True,,,,,,,,,,0.0,0.0,0.5,1.0,0.6418111847259972,0.0,0.0,1.0,0.0,0.0
2441,9a1b34a6539726796,True,,,,,,,,,,1.0,0.0,0.0,1.0,0.7668976489097205,1.0,1.0,1.0,1.0,0.0
2442,40ab16e6d2c7b1db0,True,,,,,,,,,,1.0,0.0,1.0,1.0,0.31506357514319944,1.0,0.0,1.0,1.0,0.0
2443,2cc556c9db9fd5088,True,,,,,,,,,,0.0,0.0,0.0,1.0,1.0,0.0,1.0,1.0,1.0,0.0
2444,dc83f2167ec7e2ca3,True,,,,,,,,,,0.0,0.0,0.0,1.0,1.0,0.0,1.0,1.0,1.0,0.0
2445,bd31f3930e078d690,True,,,,,,,,,,1.0,1.0,1.0,1.0,0.0,1.0,1.0,1.0,1.0,0.6875
2446,0e893b68e326d1c97,True,,,,,,,,,,1.0,1.0,1.0,1.0,0.5123066014031218,1.0,1.0,1.0,1.0,0.8475958129384755
2447,5fcf415bcf1a37722,True,,,,,,,,,,0.0,0.0,1.0,1.0,1.0,0.0,0.0,1.0,1.0,0.0
2448,5fe4444b0088c0e14,True,,,,,,,,,,1.0,1.0,1.0,1.0,0.12651981297729956,1.0,1.0,1.0,1.0,0.7270374415554062
2449,f93686a7de229c648,True,,,,,,,,,,1.0,0.0,0.0,1.0,0.4823714596397638,1.0,0.0,1.0,0.0,0.0
2450,d57d9c1eba8896d77,True,,,,,,,,,,0.0,0.0,1.0,1.0,1.0,0.0,0.0,1.0,1.0,0.0
2451,36a59107f58b13a57,True,,,,,,,,,,1.0,0.0,0.5,1.0,0.4622099146644869,1.0,0.0,1.0,1.0,0.0
2452,fe05597461d3229f2,True,,,,,,,,,,1.0,1.0,1.0,1.0,0.28039679107632187,1.0,1.0,1.0,1.0,0.7751239972113506
2453,be44491ed8588df81,True,,,,,,,,,,1.0,0.0,0.0,1.0,1.0,1.0,1.0,1.0,1.0,0.0
2454,f38cc020e1b05accc,True,,,,,,,,,,1.0,0.0,1.0,1.0,0.3104630574181349,1.0,1.0,1.0,1.0,0.0
2455,71825455da2cde07d,True,,,,,,,,,,1.0,1.0,1.0,1.0,0.27068846012102504,1.0,1.0,1.0,1.0,0.7720901437878203
2456,0fc796582943bab81,True,,,,,,,,,,1.0,0.0,1.0,1.0,0.7765622982438287,1.0,1.0,1.0,1.0,0.0
2457,96a372a94c983cb06,True,,,,,,,,,,1.0,0.0,1.0,1.0,0.765503478622093,1.0,1.0,1.0,0.0,0.0
2458,713ecb5e6f7885bee,True,,,,,,,,,,1.0,1.0,1.0,1.0,1.0,1.0,1.0,1.0,1.0,1.0
2459,5eeb6bb55001c1fc4,True,,,,,,,,,,1.0,0.0,1.0,1.0,0.6881723188522071,1.0,1.0,1.0,0.0,0.0
2460,370b6a02f85908e66,True,,,,,,,,,,1.0,1.0,1.0,1.0,0.0,1.0,0.0,0.0,0.0,0.3125
2461,0a61ab78c3fb6fbe9,True,,,,,,,,,,0.0,1.0,1.0,1.0,1.0,0.0,1.0,1.0,1.0,0.0
2462,d14bb6b9926bccfb5,True,,,,,,,,,,1.0,1.0,1.0,1.0,0.0,1.0,1.0,1.0,1.0,0.6875
2463,8e1bbd443f815b48a,True,,,,,,,,,,0.0,0.0,1.0,1.0,1.0,0.0,1.0,1.0,1.0,0.0
2464,eeb4b0334d12c4c0f,True,,,,,,,,,,1.0,1.0,1.0,1.0,0.0,1.0,1.0,1.0,1.0,0.6875
2465,53667f0557981798d,True,,,,,,,,,,1.0,1.0,0.0,1.0,0.7770835608389556,1.0,0.0,1.0,1.0,0.0
2466,534a1ef23eb35451c,True,,,,,,,,,,1.0,0.0,0.0,1.0,1.0,1.0,0.0,0.0,0.0,0.0
2467,1879a7c4a97f64bf9,True,,,,,,,,,,1.0,0.0,0.5,1.0,0.7287633180205921,1.0,0.0,1.0,0.0,0.0
2468,c54816fcfbf2074c3,True,,,,,,,,,,1.0,0.0,1.0,1.0,0.8072111607332098,1.0,1.0,1.0,1.0,0.0
2469,8cc221e21b07d66db,True,,,,,,,,,,0.0,0.0,0.0,1.0,1.0,0.0,0.0,0.0,0.0,0.0
2470,1c6327dd6c33a1c36,True,,,,,,,,,,1.0,1.0,1.0,1.0,0.0,1.0,1.0,1.0,1.0,0.6875
2471,987228c8136243451,True,,,,,,,,,,1.0,1.0,0.5,1.0,1.0,1.0,0.0,1.0,0.0,0.375
2472,071605e0e3709e71e,True,,,,,,,,,,1.0,1.0,1.0,1.0,1.0,1.0,1.0,1.0,1.0,1.0
2473,5e403ae55f93fea63,True,,,,,,,,,,1.0,1.0,0.5,1.0,1.0,1.0,0.0,1.0,1.0,0.4375
2474,8f669c4ed49b0595f,True,,,,,,,,,,1.0,0.0,1.0,1.0,0.6467512028495153,1.0,1.0,1.0,0.0,0.0
2475,04ea6a683ebec3208,True,,,,,,,,,,1.0,1.0,1.0,1.0,0.0,1.0,0.0,1.0,1.0,0.5625
2476,87555f32aa4e45c55,True,,,,,,,,,,1.0,0.0,1.0,1.0,0.7158105322775475,1.0,1.0,1.0,1.0,0.0
2477,562d93c298e442013,True,,,,,,,,,,1.0,1.0,0.0,1.0,0.7232887427473215,1.0,0.0,1.0,1.0,0.0
2478,9afe3b5ff03c0b6bf,True,,,,,,,,,,0.5,0.0,0.0,1.0,1.0,0.0,1.0,1.0,1.0,0.0
2479,8aea1806b6e406159,True,,,,,,,,,,1.0,1.0,1.0,1.0,0.6690074732744428,1.0,1.0,1.0,1.0,0.8965648353982634
2480,99c29f3c8b69eab4e,True,,,,,,,,,,1.0,1.0,1.0,1.0,0.0,1.0,0.0,1.0,1.0,0.5625
2481,728ec7568be562318,True,,,,,,,,,,1.0,1.0,1.0,1.0,1.0,1.0,0.0,1.0,1.0,0.875
2482,e3e06ab2151befbbb,True,,,,,,,,,,1.0,1.0,1.0,1.0,0.8793253112191174,1.0,0.0,1.0,1.0,0.8372891597559742
2483,02b1fffab31483b6f,True,,,,,,,,,,1.0,0.0,0.5,1.0,1.0,1.0,0.0,1.0,1.0,0.0
2484,a70343efbae4bbaab,True,,,,,,,,,,1.0,0.0,0.0,1.0,1.0,1.0,0.0,1.0,1.0,0.0
2485,89184cd5e26fb9bde,True,,,,,,,,,,0.0,0.0,1.0,1.0,1.0,0.0,0.0,1.0,1.0,0.0
2486,5e199a678c61e376a,True,,,,,,,,,,1.0,1.0,1.0,1.0,0.916622014982785,1.0,0.0,1.0,1.0,0.8489443796821203
2487,6a802ffe0ffb0c125,True,,,,,,,,,,1.0,1.0,1.0,1.0,0.6080576069061597,1.0,1.0,1.0,1.0,0.8775180021581749
2488,ee0214c25403e4214,True,,,,,,,,,,1.0,1.0,1.0,1.0,0.5222067557007871,1.0,0.0,1.0,1.0,0.725689611156496
2489,23d3b2f93978ceabf,True,,,,,,,,,,1.0,0.0,1.0,1.0,0.6411587906942255,0.0,0.0,1.0,0.0,0.0
2490,284604b19e5b66780,True,,,,,,,,,,1.0,0.0,1.0,1.0,0.5959780139482184,1.0,1.0,1.0,0.0,0.0
2491,dbf2ff6fc16bf1dbf,True,,,,,,,,,,1.0,0.0,0.0,1.0,0.5772985058675023,1.0,0.0,1.0,0.0,0.0
2492,3d9b28f26222924ba,True,,,,,,,,,,0.0,1.0,1.0,1.0,1.0,0.0,0.0,1.0,1.0,0.0
2493,f511978077fdcd122,True,,,,,,,,,,1.0,1.0,0.5,1.0,0.6258165470421154,1.0,0.0,1.0,1.0,0.37903383547533054
2494,9f8032f6872d56164,True,,,,,,,,,,1.0,1.0,1.0,1.0,0.04273212186151252,1.0,1.0,1.0,1.0,0.7008537880817227
2495,24552af895f24c7c8,True,,,,,,,,,,1.0,1.0,1.0,1.0,0.4575458896926872,1.0,1.0,1.0,1.0,0.8304830905289647
2496,e5f874a384d04ada1,True,,,,,,,,,,1.0,0.0,0.0,1.0,1.0,1.0,0.0,1.0,0.0,0.0
2497,c9a52fd56ee7c5ee5,True,,,,,,,,,,1.0,1.0,1.0,1.0,1.0,1.0,1.0,1.0,1.0,1.0
2498,36ae44a98b7378f57,True,,,,,,,,,,1.0,1.0,1.0,1.0,0.0,1.0,1.0,1.0,1.0,0.6875
2499,21caa7576c2da8f7a,True,,,,,,,,,,0.0,0.0,0.5,1.0,0.8496203477956451,0.0,1.0,1.0,1.0,0.0
2500,1c46609a6f85e1150,True,,,,,,,,,,1.0,1.0,1.0,1.0,0.8902075142311358,1.0,1.0,1.0,1.0,0.9656898481972299
2501,d9bbca7a0907304f1,True,,,,,,,,,,1.0,1.0,1.0,1.0,0.2571641823637385,1.0,0.0,1.0,1.0,0.6428638069886683
2502,24eaf29d6a3fb645e,True,,,,,,,,,,0.5,0.0,0.0,1.0,0.9889827521184806,0.0,0.0,1.0,1.0,0.0
2503,b65f9c34340591fdf,True,,,,,,,,,,1.0,1.0,1.0,1.0,0.6072572717743042,1.0,0.0,1.0,1.0,0.7522678974294701
2504,cc082d08854f64656,True,,,,,,,,,,0.0,0.0,0.5,1.0,1.0,0.0,0.0,1.0,1.0,0.0
2505,55c8727d5f4634051,True,,,,,,,,,,1.0,1.0,1.0,1.0,0.07529966732127658,1.0,1.0,1.0,1.0,0.7110311460378989
2506,cfd0e5de5d28d1a6e,True,,,,,,,,,,0.0,1.0,1.0,1.0,0.48865888023103243,0.0,0.0,1.0,1.0,0.0
2507,024776041efb70cd4,True,,,,,,,,,,1.0,0.0,0.0,1.0,0.7456531749076896,1.0,0.0,1.0,1.0,0.0
2508,fba5b4aa043d4c14b,True,,,,,,,,,,1.0,0.0,0.5,1.0,1.0,1.0,1.0,1.0,1.0,0.0
2509,076a62d5c97d941a6,True,,,,,,,,,,0.5,0.0,1.0,1.0,0.7646213805134467,0.0,0.0,1.0,1.0,0.0
2510,29cd08f6390e4f790,True,,,,,,,,,,1.0,0.0,1.0,1.0,0.22501445118754165,1.0,0.0,1.0,1.0,0.0
2511,e07233c9901810349,True,,,,,,,,,,0.0,1.0,0.5,1.0,0.5447640822049319,0.0,0.0,1.0,1.0,0.0
2512,5e6df44031e160cad,True,,,,,,,,,,1.0,0.0,1.0,1.0,1.0,1.0,1.0,1.0,1.0,0.0
2513,bab672bfc41847afb,True,,,,,,,,,,1.0,0.0,0.5,1.0,0.4969219112941576,1.0,0.0,1.0,1.0,0.0
2514,319a6165fd328e03e,True,,,,,,,,,,0.5,0.0,1.0,1.0,1.0,0.0,1.0,1.0,0.0,0.0
2515,0883e274dffb8a761,True,,,,,,,,,,1.0,0.0,1.0,1.0,1.0,1.0,1.0,1.0,1.0,0.0
2516,b4bb23be8c8b3c00e,True,,,,,,,,,,1.0,1.0,1.0,1.0,0.7824439587700978,1.0,0.0,1.0,1.0,0.8070137371156556
2517,5607119f8cda83560,True,,,,,,,,,,1.0,1.0,1.0,1.0,0.8307812719155961,1.0,0.0,1.0,1.0,0.8221191474736238
2518,241e8b27fb85d3e53,True,,,,,,,,,,1.0,1.0,1.0,1.0,1.0,1.0,1.0,1.0,1.0,1.0
2519,72a853c092fda384e,True,,,,,,,,,,0.0,1.0,1.0,1.0,1.0,0.0,0.0,1.0,1.0,0.0
2520,d5cbf126369d32fdf,True,,,,,,,,,,1.0,0.0,0.5,1.0,1.0,1.0,1.0,1.0,1.0,0.0
2521,63c41e35465456dc7,True,,,,,,,,,,1.0,0.0,0.0,1.0,1.0,1.0,0.0,1.0,1.0,0.0
2522,f6021914cda2ce515,True,,,,,,,,,,1.0,1.0,1.0,1.0,0.9678106129493387,1.0,0.0,1.0,1.0,0.8649408165466683
2523,b0917755d03fa6298,True,,,,,,,,,,1.0,0.0,0.0,1.0,0.6438503537547196,0.0,0.0,1.0,1.0,0.0
2524,e26a54b7a798e6e57,True,,,,,,,,,,0.0,0.0,0.0,1.0,0.8372738263075349,0.0,1.0,1.0,1.0,0.0
2525,1924f6d5f33633039,True,,,,,,,,,,1.0,1.0,0.5,1.0,0.954165147630745,1.0,0.0,1.0,1.0,0.4303383043173039
2526,87d737da1d3ba4b40,True,,,,,,,,,,1.0,1.0,1.0,1.0,0.0,1.0,1.0,1.0,1.0,0.6875
2527,ff4cc095b1e90f672,True,,,,,,,,,,0.5,0.0,0.0,1.0,0.9250924919833631,0.0,0.0,1.0,0.0,0.0
2528,089e61f737418a050,True,,,,,,,,,,1.0,1.0,1.0,1.0,0.781492739143082,1.0,1.0,1.0,1.0,0.9317164809822132
2529,58a0f95c3ba9a97b9,True,,,,,,,,,,1.0,0.0,0.0,1.0,0.9746027324149648,1.0,0.0,1.0,1.0,0.0
2530,d6cd8e55b889c7739,True,,,,,,,,,,1.0,1.0,1.0,1.0,0.7314773673125038,1.0,0.0,1.0,0.0,0.6660866772851575
2531,e58505d2e2a702e58,True,,,,,,,,,,0.0,1.0,1.0,1.0,1.0,0.0,1.0,1.0,1.0,0.0
2532,4e24a469af52b2b29,True,,,,,,,,,,1.0,0.0,1.0,1.0,0.2231323593212239,1.0,0.0,1.0,1.0,0.0
2533,cad1816ad074ec87f,True,,,,,,,,,,1.0,1.0,1.0,1.0,0.6378972526488169,1.0,1.0,1.0,1.0,0.8868428914527553
2534,7a487393a13b1bc7e,True,,,,,,,,,,0.0,0.0,0.5,1.0,0.4863021611384627,0.0,0.0,1.0,1.0,0.0
2535,f6f0c7a27b1c90f37,True,,,,,,,,,,1.0,0.0,0.0,1.0,0.6721206513109687,1.0,0.0,1.0,1.0,0.0
2536,ffe0db4c4b5ed141a,True,,,,,,,,,,1.0,1.0,1.0,1.0,1.0,1.0,0.0,1.0,1.0,0.875
2537,8b9e74d5a89159431,True,,,,,,,,,,0.0,0.0,0.0,1.0,1.0,0.0,0.0,1.0,1.0,0.0
2538,7e80b831e8ff5883f,True,,,,,,,,,,1.0,0.0,0.0,1.0,1.0,1.0,0.0,1.0,1.0,0.0
2539,b01ea6107aea79f6c,True,,,,,,,,,,1.0,1.0,1.0,1.0,0.2735651338840115,1.0,1.0,1.0,1.0,0.7729891043387536
2540,d798add46e9093547,True,,,,,,,,,,1.0,0.0,0.0,1.0,1.0,1.0,0.0,1.0,1.0,0.0
2541,134a68b7ad7fc9ec4,True,,,,,,,,,,0.5,0.0,0.0,1.0,1.0,0.0,0.0,1.0,1.0,0.0
2542,0c90e4fca67a92e84,True,,,,,,,,,,0.0,1.0,1.0,1.0,1.0,0.0,0.0,1.0,1.0,0.0
2543,a71664743c9a3ca78,True,,,,,,,,,,0.0,1.0,0.0,1.0,0.761646980776083,0.0,0.0,1.0,1.0,0.0
2544,f27131cc726cc7eb7,True,,,,,,,,,,1.0,1.0,1.0,1.0,0.04681076384104337,1.0,1.0,1.0,1.0,0.702128363700326
2545,f6eee6000df177477,True,,,,,,,,,,1.0,1.0,1.0,1.0,1.0,1.0,0.0,1.0,1.0,0.875
2546,8cf82bdb10f083506,True,,,,,,,,,,0.0,0.0,0.0,1.0,1.0,0.0,1.0,1.0,0.0,0.0
2547,f6f0f9e856ac09aa5,True,,,,,,,,,,1.0,1.0,1.0,1.0,0.03307753439503679,1.0,1.0,1.0,1.0,0.697836729498449
2548,b291af47ff3b66426,True,,,,,,,,,,1.0,1.0,1.0,1.0,0.6723302674025902,1.0,1.0,1.0,1.0,0.8976032085633094
2549,c8bce5ae9777b5139,True,,,,,,,,,,1.0,0.0,1.0,1.0,0.5501121448363026,1.0,1.0,1.0,1.0,0.0
2550,65d1dc0e08fdbab3c,True,,,,,,,,,,1.0,0.0,0.0,1.0,0.16528718049805646,0.0,1.0,0.0,0.0,0.0
2551,dd7c29b15f5cef89c,True,,,,,,,,,,1.0,0.0,0.0,1.0,0.8801908831395758,1.0,0.0,1.0,1.0,0.0
2552,07f017abc801c8b9e,True,,,,,,,,,,0.5,0.0,0.5,1.0,1.0,0.0,0.0,1.0,1.0,0.0
2553,975103a3e89ae4e4b,True,,,,,,,,,,1.0,1.0,1.0,1.0,0.19337483623823476,1.0,1.0,1.0,1.0,0.7479296363244483
2554,d73385f96b3a8b16d,True,,,,,,,,,,1.0,0.0,1.0,1.0,1.0,1.0,1.0,1.0,1.0,0.0
2555,39db66b6b4731fede,True,,,,,,,,,,1.0,0.0,0.5,1.0,0.6399612793735121,1.0,1.0,1.0,1.0,0.0
2556,02a790e5861b97543,True,,,,,,,,,,1.0,0.0,1.0,1.0,0.4450308761406533,1.0,1.0,1.0,1.0,0.0
2557,891a4a3fda5ecaf08,True,,,,,,,,,,1.0,1.0,1.0,1.0,1.0,1.0,0.0,1.0,1.0,0.875
2558,2eab4bf554ebec232,True,,,,,,,,,,1.0,1.0,0.5,1.0,0.6719096250487978,1.0,1.0,1.0,0.0,0.3862358789138747
2559,50e8217a812643799,True,,,,,,,,,,1.0,0.0,0.5,1.0,0.4979041415639795,1.0,0.0,1.0,1.0,0.0
2560,7ee10c65aff66f1f6,True,,,,,,,,,,1.0,0.0,0.5,1.0,1.0,1.0,0.0,1.0,1.0,0.0
2561,d7437e062d9eed183,True,,,,,,,,,,0.0,0.0,0.0,1.0,0.6981209110092814,0.0,0.0,1.0,1.0,0.0
2562,aa97ab9606aa456ff,True,,,,,,,,,,1.0,0.0,0.0,1.0,1.0,1.0,0.0,1.0,0.0,0.0
2563,47af7b18d8bb14656,True,,,,,,,,,,1.0,1.0,1.0,1.0,0.23556537187176219,1.0,0.0,1.0,1.0,0.6361141787099257
2564,484e5d7157f571795,True,,,,,,,,,,1.0,1.0,1.0,1.0,0.0,1.0,0.0,1.0,1.0,0.5625
2565,7d4ce2377f19fda93,True,,,,,,,,,,0.0,1.0,1.0,1.0,0.48892915486728633,1.0,1.0,1.0,1.0,0.0
2566,cd9f9355204a28a77,True,,,,,,,,,,1.0,0.0,1.0,1.0,1.0,1.0,1.0,1.0,1.0,0.0
2567,09ff70ea6f020da6f,True,,,,,,,,,,0.0,1.0,1.0,1.0,1.0,0.0,1.0,1.0,1.0,0.0
2568,7098c40dee5929017,True,,,,,,,,,,0.0,0.0,0.0,1.0,1.0,0.0,0.0,1.0,1.0,0.0
2569,93815cb266f991f06,True,,,,,,,,,,1.0,0.0,1.0,0.0,1.0,1.0,0.0,1.0,1.0,0.0
2570,9aabc1816bfcdd63e,True,,,,,,,,,,1.0,0.0,0.0,1.0,0.73291797325172,1.0,0.0,1.0,0.0,0.0
2571,2999813e6f4624d21,True,,,,,,,,,,0.0,0.0,1.0,1.0,1.0,0.0,0.0,1.0,1.0,0.0
2572,0d5b6ee9d0a973914,True,,,,,,,,,,1.0,1.0,1.0,0.0,1.0,1.0,1.0,1.0,1.0,0.0
2573,843ebabea0b9906f9,True,,,,,,,,,,1.0,1.0,1.0,1.0,0.529933283143796,1.0,1.0,1.0,1.0,0.8531041509824362
2574,2b1c7704ed19c6b68,True,,,,,,,,,,1.0,1.0,1.0,1.0,0.9937590804030876,1.0,0.0,1.0,1.0,0.8730497126259649
2575,fd7743059db2ad01f,True,,,,,,,,,,0.0,1.0,1.0,1.0,1.0,0.0,1.0,1.0,1.0,0.0
2576,dd0ab6f5e9d352fb2,True,,,,,,,,,,1.0,0.0,0.5,1.0,1.0,1.0,0.0,1.0,1.0,0.0
2577,55c8df3b0682a658a,True,,,,,,,,,,1.0,0.0,0.0,1.0,1.0,1.0,0.0,1.0,1.0,0.0
2578,5e7944c54a12aa9bd,True,,,,,,,,,,1.0,1.0,1.0,1.0,0.05444372097568272,1.0,0.0,1.0,1.0,0.5795136628049009
2579,ea57c9c13c9526722,True,,,,,,,,,,0.0,0.0,0.5,1.0,1.0,0.0,0.0,1.0,1.0,0.0
2580,5bfc22f5524f10a47,True,,,,,,,,,,1.0,1.0,0.0,1.0,1.0,1.0,0.0,1.0,1.0,0.0
2581,ddae067a0bdc3d1ec,True,,,,,,,,,,1.0,0.0,0.0,1.0,0.7195932063779894,1.0,0.0,1.0,1.0,0.0
2582,5b460729c6e5e42fd,True,,,,,,,,,,1.0,1.0,1.0,1.0,0.007113060002912252,1.0,1.0,1.0,1.0,0.68972283125091
2583,3db39c7599f58de4d,True,,,,,,,,,,1.0,1.0,1.0,1.0,0.02404743740528332,1.0,0.0,1.0,1.0,0.5700148241891511
2584,792d3420eef5dbc41,True,,,,,,,,,,1.0,1.0,1.0,1.0,0.11577869628426965,1.0,1.0,1.0,1.0,0.7236808425888342
2585,c107f7eeb5856c0bf,True,,,,,,,,,,1.0,0.0,0.0,1.0,0.9443373552204204,1.0,0.0,1.0,1.0,0.0
2586,98dc40005346d2d4e,True,,,,,,,,,,0.0,0.0,1.0,1.0,0.31961348563878206,0.0,1.0,1.0,1.0,0.0
2587,583a61a4880467bf7,True,,,,,,,,,,1.0,1.0,1.0,1.0,0.24545503164867474,1.0,1.0,1.0,1.0,0.7642046973902108
2588,d1ad6506f1da6b927,True,,,,,,,,,,1.0,0.0,1.0,1.0,0.9846448979786488,1.0,1.0,1.0,0.0,0.0
2589,5a89225b2405d13d7,True,,,,,,,,,,1.0,1.0,1.0,1.0,0.21202868651948575,1.0,0.0,1.0,1.0,0.6287589645373393
2590,ab7e7c6fb9f3451a3,True,,,,,,,,,,1.0,0.0,1.0,1.0,1.0,1.0,0.0,1.0,1.0,0.0
2591,c4630acafb54056da,True,,,,,,,,,,1.0,0.0,1.0,1.0,0.6686839638918682,1.0,0.0,1.0,1.0,0.0
2592,5fdebbeb76c9d0953,True,,,,,,,,,,1.0,0.0,0.0,1.0,1.0,1.0,0.0,1.0,0.0,0.0
2593,c3d63199e3d09c551,True,,,,,,,,,,1.0,1.0,1.0,1.0,0.2338392887924501,1.0,0.0,1.0,1.0,0.6355747777476406
2594,1b742b73235363011,True,,,,,,,,,,1.0,1.0,1.0,0.0,1.0,1.0,1.0,1.0,1.0,0.0
2595,d20185ecb7a02769a,True,,,,,,,,,,0.5,0.0,1.0,1.0,0.7719728850186405,0.0,1.0,1.0,1.0,0.0
2596,e9a805fef6295d90c,True,,,,,,,,,,1.0,0.0,0.5,1.0,1.0,1.0,1.0,1.0,1.0,0.0
2597,1d4894afb05e6ebc3,True,,,,,,,,,,1.0,1.0,1.0,1.0,1.0,1.0,0.0,1.0,1.0,0.875
2598,2df4afab4d0b02842,True,,,,,,,,,,1.0,1.0,1.0,1.0,0.12419192779375977,1.0,1.0,1.0,1.0,0.7263099774355499
2599,fd21a94f937e1535f,True,,,,,,,,,,1.0,0.0,1.0,1.0,0.961256628776775,1.0,1.0,1.0,1.0,0.0
2600,58bd6bb780642e715,True,,,,,,,,,,0.5,0.0,1.0,1.0,1.0,0.0,0.0,1.0,1.0,0.0
2601,c138df3ef41d3bfe5,True,,,,,,,,,,1.0,0.0,0.0,1.0,0.3925893798113237,1.0,0.0,0.0,0.0,0.0
2602,cc5c74bb358203037,True,,,,,,,,,,0.0,0.0,0.0,1.0,1.0,0.0,0.0,1.0,1.0,0.0
2603,08dd93ec00ee02183,True,,,,,,,,,,1.0,1.0,1.0,1.0,0.0,1.0,1.0,1.0,1.0,0.6875
2604,757cbf6c460160db5,True,,,,,,,,,,0.0,0.0,0.5,1.0,1.0,0.0,1.0,1.0,0.0,0.0
2605,594bcaa89ef7fc267,True,,,,,,,,,,0.0,1.0,1.0,1.0,1.0,0.0,1.0,1.0,0.0,0.0
2606,e7a9f463ef537b333,True,,,,,,,,,,1.0,1.0,1.0,1.0,1.0,1.0,1.0,1.0,1.0,1.0
2607,b0cbc535fe9913787,True,,,,,,,,,,0.5,0.0,0.0,1.0,1.0,0.0,1.0,1.0,0.0,0.0
2608,329e52d1e0ada86f6,True,,,,,,,,,,1.0,1.0,1.0,1.0,0.2835091173619615,1.0,1.0,1.0,1.0,0.776096599175613
2609,f185085421e3aa72f,True,,,,,,,,,,1.0,1.0,1.0,1.0,0.2730739708071055,1.0,1.0,1.0,1.0,0.7728356158772205
2610,c21a8802e9c30c4ba,True,,,,,,,,,,1.0,1.0,0.5,1.0,0.3297653026726174,1.0,0.0,1.0,1.0,0.33277582854259646
2611,97e73edb0ec984db5,True,,,,,,,,,,0.0,1.0,1.0,1.0,1.0,0.0,1.0,1.0,1.0,0.0
2612,078d13ba093831831,True,,,,,,,,,,1.0,0.0,0.5,1.0,1.0,1.0,1.0,1.0,1.0,0.0
2613,18f8bfb875dae178e,True,,,,,,,,,,1.0,1.0,1.0,1.0,1.0,1.0,1.0,1.0,1.0,1.0
2614,898965de3a97c47dc,True,,,,,,,,,,0.0,0.0,0.0,1.0,1.0,0.0,0.0,1.0,0.0,0.0
2615,3a09d1ed3abb7ce82,True,,,,,,,,,,1.0,0.0,0.0,1.0,1.0,1.0,0.0,1.0,0.0,0.0
2616,d38c4af1d199d57d9,True,,,,,,,,,,0.0,0.0,0.5,1.0,1.0,0.0,0.0,1.0,1.0,0.0
2617,2d8eeec7c41db723f,True,,,,,,,,,,1.0,0.0,0.0,1.0,1.0,0.0,1.0,0.0,0.0,0.0
2618,7bcbb548162ed8dbb,True,,,,,,,,,,1.0,0.0,1.0,1.0,0.7286239882712612,1.0,1.0,1.0,1.0,0.0
2619,0120638e7b2bd0bdf,True,,,,,,,,,,0.0,1.0,1.0,1.0,1.0,0.0,1.0,1.0,1.0,0.0
2620,19d93db92ab5bcc09,True,,,,,,,,,,1.0,1.0,0.0,1.0,0.7923214713711555,1.0,1.0,1.0,0.0,0.0
2621,6407b45b597b1c340,True,,,,,,,,,,1.0,0.0,1.0,1.0,1.0,1.0,0.0,1.0,0.0,0.0
2622,51a40ab9f271c6454,True,,,,,,,,,,1.0,1.0,1.0,1.0,0.16846570363196922,1.0,0.0,1.0,1.0,0.6151455323849904
2623,045c91494e0548007,True,,,,,,,,,,1.0,1.0,1.0,1.0,0.2810037913694334,1.0,0.0,1.0,1.0,0.6503136848029479
2624,3d45468e32f443cff,True,,,,,,,,,,1.0,0.0,0.5,1.0,0.3967343237505976,1.0,0.0,0.0,0.0,0.0
2625,9c47bf4ba9db25f5d,True,,,,,,,,,,1.0,1.0,1.0,1.0,1.0,1.0,1.0,1.0,1.0,1.0
2626,128cb2527d3987e61,True,,,,,,,,,,1.0,1.0,1.0,1.0,0.06743735064586649,1.0,0.0,1.0,1.0,0.5835741720768333
2627,dd51833cafb701a23,True,,,,,,,,,,1.0,0.0,0.0,1.0,0.7998927950407441,1.0,1.0,0.0,1.0,0.0
2628,ddeb5e032c4e1657a,True,,,,,,,,,,0.0,0.0,1.0,1.0,0.5060726132879271,0.0,0.0,1.0,1.0,0.0
2629,22e6f3013edf76fa7,True,,,,,,,,,,1.0,1.0,1.0,1.0,0.04055708257625244,1.0,1.0,1.0,1.0,0.7001740883050789
2630,83643b4c5add93044,True,,,,,,,,,,1.0,1.0,1.0,1.0,0.8248063657789798,1.0,1.0,1.0,1.0,0.9452519893059312
2631,dd5013a89e336b685,True,,,,,,,,,,1.0,0.0,0.5,1.0,1.0,1.0,0.0,1.0,1.0,0.0
2632,ff95aff7630205c1a,True,,,,,,,,,,1.0,0.0,0.5,1.0,1.0,1.0,1.0,1.0,1.0,0.0
2633,2028b4dbdc9149a19,True,,,,,,,,,,1.0,1.0,1.0,1.0,0.4897386121813399,1.0,0.0,1.0,1.0,0.7155433163066687
2634,4e0c450f15f308dcf,True,,,,,,,,,,1.0,1.0,1.0,1.0,0.30352536148276077,1.0,0.0,1.0,1.0,0.6573516754633627
2635,c7c091e891a6bdac2,True,,,,,,,,,,1.0,1.0,0.0,1.0,0.9873810190072045,1.0,0.0,1.0,1.0,0.0
2636,0030f1747a12c4a8d,True,,,,,,,,,,1.0,1.0,1.0,1.0,0.0,1.0,0.0,1.0,1.0,0.5625
2637,f229cb59e31bbd82f,True,,,,,,,,,,0.0,0.0,0.5,1.0,1.0,0.0,0.0,1.0,1.0,0.0
2638,6565c4983e9b3670b,True,,,,,,,,,,1.0,0.0,1.0,1.0,0.50698469946021,1.0,0.0,1.0,0.0,0.0
2639,a75b9fbb36886afaf,True,,,,,,,,,,1.0,0.0,0.0,1.0,1.0,1.0,0.0,1.0,0.0,0.0
2640,595a7bb76f59c677e,True,,,,,,,,,,1.0,1.0,1.0,1.0,0.3640670292242374,1.0,1.0,1.0,1.0,0.8012709466325743
2641,0d70fefa06711301c,True,,,,,,,,,,1.0,1.0,1.0,1.0,0.576653999733161,1.0,1.0,1.0,1.0,0.8677043749166128
2642,2ae5b4d91dcfac803,True,,,,,,,,,,0.0,1.0,1.0,1.0,1.0,0.0,0.0,1.0,0.0,0.0
2643,6d611ec100d73e0e6,True,,,,,,,,,,1.0,0.0,0.5,1.0,0.8886584072781012,1.0,0.0,1.0,0.0,0.0
2644,91e2e5e740db004ce,True,,,,,,,,,,0.5,0.0,0.0,1.0,1.0,0.0,0.0,1.0,1.0,0.0
2645,13a793ea62b767a28,True,,,,,,,,,,1.0,0.0,0.0,1.0,0.9689177747150399,1.0,0.0,1.0,1.0,0.0
2646,739eb54d88f3b3d35,True,,,,,,,,,,1.0,1.0,1.0,1.0,0.21731223754295936,1.0,1.0,1.0,1.0,0.7554100742321748
2647,fec4e607d84e38636,True,,,,,,,,,,1.0,0.0,0.5,1.0,1.0,1.0,0.0,1.0,1.0,0.0
2648,d5c1ffdf7189b229c,True,,,,,,,,,,1.0,0.0,0.0,1.0,1.0,1.0,1.0,0.0,0.0,0.0
2649,2114731f5f6cae12c,True,,,,,,,,,,1.0,0.0,1.0,1.0,1.0,1.0,0.0,1.0,1.0,0.0
2650,4fb5655af73387ef8,True,,,,,,,,,,1.0,0.0,0.0,1.0,1.0,1.0,0.0,1.0,0.0,0.0
2651,c1b8b4454bc0a112c,True,,,,,,,,,,0.5,0.0,0.0,1.0,1.0,0.0,1.0,1.0,0.0,0.0
2652,f77bd4f74cbf5fa01,True,,,,,,,,,,1.0,1.0,1.0,1.0,0.3368433522813651,1.0,1.0,1.0,1.0,0.7927635475879266
2653,cb517587f4a1e3711,True,,,,,,,,,,0.0,1.0,1.0,1.0,1.0,1.0,0.0,1.0,1.0,0.0
2654,e147b31afd8a5c390,True,,,,,,,,,,1.0,1.0,1.0,0.0,1.0,1.0,1.0,1.0,1.0,0.0
2655,3c9fb934bb7f40998,True,,,,,,,,,,1.0,0.0,1.0,1.0,1.0,1.0,0.0,1.0,1.0,0.0
2656,ead470fc76d3720d5,True,,,,,,,,,,1.0,1.0,1.0,1.0,0.030626838746304865,1.0,1.0,1.0,1.0,0.6970708871082203
2657,168a27b36c1bcf538,True,,,,,,,,,,1.0,0.0,0.0,1.0,1.0,1.0,0.0,1.0,1.0,0.0
2658,10446a2ec2be065e7,True,,,,,,,,,,0.0,1.0,0.0,1.0,1.0,0.0,0.0,1.0,1.0,0.0
2659,da02d1fbeb2cec70a,True,,,,,,,,,,1.0,0.0,0.0,1.0,1.0,0.0,0.0,0.0,0.0,0.0
2660,03edf6df45ef3dc2c,True,,,,,,,,,,1.0,1.0,1.0,1.0,1.0,1.0,0.0,1.0,1.0,0.875
2661,c99ebd2dc27c56b12,True,,,,,,,,,,1.0,0.0,0.0,1.0,1.0,1.0,0.0,1.0,1.0,0.0
2662,8f6e1b2f271bab9a1,True,,,,,,,,,,1.0,0.0,1.0,1.0,0.6155518815466282,1.0,0.0,1.0,1.0,0.0
2663,a810d97362a0219ed,True,,,,,,,,,,1.0,1.0,1.0,1.0,0.29888910202624075,1.0,1.0,1.0,1.0,0.7809028443832002
2664,506d9cb85442a6577,True,,,,,,,,,,1.0,1.0,1.0,1.0,0.5369313429381773,1.0,0.0,1.0,1.0,0.7302910446681804
2665,fd3bc1efc24f56212,True,,,,,,,,,,1.0,1.0,1.0,1.0,0.02245997198911386,1.0,1.0,1.0,1.0,0.6945187412465981
2666,ed81a447f9a55d06c,True,,,,,,,,,,1.0,1.0,1.0,1.0,1.0,1.0,1.0,1.0,1.0,1.0
2667,b7f82c0f75ba493fc,True,,,,,,,,,,1.0,1.0,1.0,1.0,0.17892337420334306,1.0,1.0,1.0,1.0,0.7434135544385447
2668,f9f0618a87c59174c,True,,,,,,,,,,1.0,1.0,1.0,1.0,0.034765648718047236,1.0,1.0,1.0,1.0,0.6983642652243898
2669,a299bacf7699bbf82,True,,,,,,,,,,1.0,1.0,1.0,1.0,0.35428568939795935,1.0,1.0,1.0,1.0,0.7982142779368623
2670,3b0bf9ca3855b2e20,True,,,,,,,,,,1.0,1.0,1.0,1.0,0.050597100692373616,1.0,1.0,1.0,1.0,0.7033115939663668
2671,812c204d59813e5fb,True,,,,,,,,,,1.0,1.0,1.0,1.0,0.32062337353802345,1.0,1.0,1.0,1.0,0.7876948042306323
2672,0908976a3d8f0a196,True,,,,,,,,,,1.0,1.0,1.0,1.0,0.6630808362025062,1.0,1.0,1.0,0.0,0.7697127613132833
2673,a99e7bb23533b8fee,True,,,,,,,,,,1.0,0.0,0.0,1.0,0.5455663828604655,1.0,0.0,1.0,0.0,0.0
2674,879334719374ec947,True,,,,,,,,,,1.0,1.0,1.0,1.0,0.6219419144752746,1.0,1.0,1.0,1.0,0.8818568482735233
2675,1559b4629f70930e4,True,,,,,,,,,,1.0,0.0,0.5,1.0,0.4728153793268527,1.0,1.0,1.0,1.0,0.0
2676,94dbe6cad76160ef1,True,,,,,,,,,,0.0,1.0,1.0,1.0,1.0,0.0,1.0,1.0,1.0,0.0
2677,8257b0ad7e1b11a15,True,,,,,,,,,,1.0,1.0,0.0,1.0,0.7789790399408412,1.0,1.0,1.0,1.0,0.0
2678,2532060dd97ed7c45,True,,,,,,,,,,0.0,0.0,1.0,1.0,1.0,0.0,0.0,1.0,1.0,0.0
2679,a018170a118dc39bc,True,,,,,,,,,,1.0,1.0,1.0,1.0,0.45135931684995323,1.0,0.0,1.0,1.0,0.7035497865156104
2680,350cac7c1e8fc966a,True,,,,,,,,,,1.0,1.0,1.0,1.0,1.0,1.0,1.0,1.0,1.0,1.0
2681,de5c3636623914b49,True,,,,,,,,,,1.0,0.0,0.0,1.0,1.0,1.0,0.0,1.0,1.0,0.0
2682,6561872854225db74,True,,,,,,,,,,0.0,0.0,0.0,1.0,1.0,0.0,0.0,1.0,1.0,0.0
2683,6dfd14bd1bef71d80,True,,,,,,,,,,1.0,0.0,1.0,1.0,0.8648710981107175,1.0,0.0,1.0,1.0,0.0
2684,c8a0832c8f737ce92,True,,,,,,,,,,1.0,0.0,0.0,1.0,0.8699911963516799,1.0,0.0,1.0,1.0,0.0
2685,9b164e112834437ea,True,,,,,,,,,,1.0,1.0,1.0,1.0,0.3326035999337331,1.0,1.0,1.0,1.0,0.7914386249792916
2686,4a421aa61a3bbad1d,True,,,,,,,,,,1.0,1.0,1.0,1.0,0.9889890709667979,1.0,1.0,1.0,1.0,0.9965590846771244
2687,030c19894cf38bd4f,True,,,,,,,,,,1.0,1.0,1.0,1.0,1.0,1.0,1.0,1.0,1.0,1.0
2688,0802cacabc6a28d18,True,,,,,,,,,,1.0,0.0,0.5,1.0,0.5801113087458073,1.0,0.0,1.0,1.0,0.0
2689,964d3400667ae187f,True,,,,,,,,,,1.0,1.0,1.0,1.0,0.25725023749455683,1.0,1.0,1.0,1.0,0.767890699217049
2690,41605b0da6ca7fa55,True,,,,,,,,,,1.0,1.0,0.0,1.0,0.7571485392448466,1.0,0.0,1.0,1.0,0.0
2691,6f4a5b483a72cf990,True,,,,,,,,,,0.0,1.0,1.0,1.0,1.0,0.0,1.0,1.0,1.0,0.0
2692,4af67dc39e7984c17,True,,,,,,,,,,1.0,0.0,1.0,1.0,0.5249690756958079,1.0,1.0,1.0,0.0,0.0
2693,f94bdc2e7d5bba8a9,True,,,,,,,,,,0.5,0.0,1.0,1.0,0.5833525011238363,0.0,0.0,1.0,0.0,0.0
2694,bbfd9bdc997348cff,True,,,,,,,,,,1.0,1.0,1.0,1.0,0.16222165458911147,1.0,1.0,1.0,1.0,0.7381942670590973
2695,09abf15b5898e308b,True,,,,,,,,,,1.0,0.0,0.0,1.0,1.0,1.0,0.0,1.0,1.0,0.0
2696,aede15abec43ca21b,True,,,,,,,,,,0.5,0.0,0.5,1.0,1.0,0.0,0.0,1.0,0.0,0.0
2697,e8a42b314c0d6f88e,True,,,,,,,,,,1.0,0.0,0.0,1.0,1.0,0.0,0.0,1.0,1.0,0.0
2698,d5638ab82149e235f,True,,,,,,,,,,1.0,1.0,1.0,1.0,0.141960794437796,1.0,1.0,1.0,1.0,0.7318627482618112
2699,3e0e15540dab7a9e5,True,,,,,,,,,,1.0,0.0,1.0,1.0,0.3635172014215595,1.0,0.0,1.0,1.0,0.0
2700,d6ae7a1180d77eafb,True,,,,,,,,,,1.0,0.0,1.0,1.0,0.8117976748131184,1.0,1.0,1.0,1.0,0.0
2701,e11c0271d9082ef0a,True,,,,,,,,,,1.0,1.0,1.0,1.0,0.7614749975377008,1.0,0.0,1.0,1.0,0.8004609367305315
2702,a03596d2557544d9f,True,,,,,,,,,,1.0,0.0,0.5,1.0,1.0,1.0,0.0,1.0,1.0,0.0
2703,cea842f2d5b0ad72d,True,,,,,,,,,,1.0,1.0,1.0,1.0,0.1763428913780912,1.0,1.0,1.0,1.0,0.7426071535556535
2704,0a1cec4bdc1f7ba66,True,,,,,,,,,,1.0,0.0,0.0,1.0,1.0,1.0,0.0,1.0,1.0,0.0
2705,386d0b1a688b012fa,True,,,,,,,,,,1.0,1.0,0.5,1.0,0.6941145646161938,1.0,0.0,1.0,1.0,0.3897054007212803
2706,8caf8f0fb08aa9aa2,True,,,,,,,,,,1.0,1.0,1.0,1.0,0.21885532543878555,1.0,0.0,1.0,1.0,0.6308922891996205
2707,5bd3f77bfdb480b75,True,,,,,,,,,,1.0,1.0,0.5,1.0,1.0,1.0,1.0,1.0,1.0,0.5
2708,1a2a9699acac9d639,True,,,,,,,,,,1.0,0.0,0.0,1.0,0.8270944266950104,1.0,0.0,1.0,0.0,0.0
2709,66f77d65755a1c784,True,,,,,,,,,,1.0,0.0,1.0,1.0,0.3897113005378089,1.0,1.0,1.0,1.0,0.0
2710,24a39936d6d41ac30,True,,,,,,,,,,1.0,0.0,0.5,1.0,1.0,1.0,0.0,1.0,1.0,0.0
2711,cd7e663897f923d92,True,,,,,,,,,,1.0,0.0,0.0,1.0,0.6991706447154051,1.0,1.0,1.0,0.0,0.0
2712,a69e816127208136c,True,,,,,,,,,,1.0,0.0,0.5,1.0,0.7050332260564794,1.0,0.0,1.0,1.0,0.0
2713,ba31453558099b11f,True,,,,,,,,,,1.0,0.0,1.0,1.0,0.459583253310193,1.0,1.0,1.0,1.0,0.0
2714,378f516a635bd9169,True,,,,,,,,,,1.0,0.0,0.0,1.0,1.0,1.0,0.0,1.0,0.0,0.0
2715,b22a9c0ef981d4004,True,,,,,,,,,,1.0,1.0,1.0,1.0,0.01493265890623569,1.0,1.0,1.0,1.0,0.6921664559081986
2716,6cb50088281513418,True,,,,,,,,,,1.0,1.0,1.0,1.0,0.2385779962301621,1.0,1.0,1.0,1.0,0.7620556238219256
2717,5f9c9346ee3131354,True,,,,,,,,,,0.0,0.0,0.0,1.0,1.0,0.0,0.0,1.0,0.0,0.0
2718,e91ac9ef742425106,True,,,,,,,,,,1.0,0.0,0.0,1.0,0.6386586732195603,1.0,0.0,1.0,0.0,0.0
2719,e04480093a92a2fc2,True,,,,,,,,,,1.0,0.0,0.0,1.0,1.0,1.0,0.0,1.0,1.0,0.0
2720,fbce95baf9103a2ff,True,,,,,,,,,,1.0,0.0,0.0,1.0,1.0,1.0,0.0,1.0,1.0,0.0
2721,bef08816de1b95125,True,,,,,,,,,,1.0,0.0,0.0,1.0,1.0,1.0,0.0,1.0,1.0,0.0
2722,abe4fa3284d5d8e53,True,,,,,,,,,,1.0,1.0,1.0,1.0,0.13402415702083037,1.0,1.0,1.0,1.0,0.7293825490690096
2723,a863c3cc5f754b2b4,True,,,,,,,,,,1.0,0.0,1.0,1.0,0.5652228807186016,1.0,1.0,1.0,1.0,0.0
2724,9105cbfa672b3e348,True,,,,,,,,,,1.0,1.0,1.0,1.0,1.0,1.0,0.0,1.0,1.0,0.875
2725,d48e40aefebe5e31f,True,,,,,,,,,,1.0,0.0,0.5,1.0,0.6508276186971822,1.0,1.0,1.0,0.0,0.0
2726,e131606576698bb6b,True,,,,,,,,,,1.0,0.0,0.0,1.0,1.0,1.0,0.0,1.0,1.0,0.0
2727,520f935b586e7b731,True,,,,,,,,,,1.0,1.0,1.0,1.0,0.0,1.0,0.0,1.0,1.0,0.5625
2728,6c853ea6e6c4a2a77,True,,,,,,,,,,1.0,0.0,0.0,1.0,1.0,1.0,0.0,1.0,1.0,0.0
2729,0b2a954e62c86d95c,True,,,,,,,,,,1.0,1.0,1.0,1.0,0.0,1.0,1.0,1.0,1.0,0.6875
2730,3f9281303565d8313,True,,,,,,,,,,1.0,0.0,0.0,1.0,0.9011511449184053,1.0,0.0,1.0,1.0,0.0
2731,07c7971b452106335,True,,,,,,,,,,1.0,1.0,1.0,1.0,0.0,1.0,1.0,1.0,1.0,0.6875
2732,b68edb5514fba0f3e,True,,,,,,,,,,1.0,1.0,1.0,1.0,0.3859572718479827,1.0,1.0,1.0,1.0,0.8081116474524945
2733,1bd8d67289c963a19,True,,,,,,,,,,1.0,0.0,0.0,1.0,1.0,1.0,0.0,1.0,1.0,0.0
2734,8fb004759e2d805f0,True,,,,,,,,,,0.0,0.0,0.0,1.0,1.0,1.0,1.0,1.0,0.0,0.0
2735,28b439620873c91b9,True,,,,,,,,,,0.5,1.0,1.0,1.0,0.6134531968265005,0.0,1.0,1.0,0.0,0.2208520620041407
2736,bc9c6d13fa066c8ed,True,,,,,,,,,,1.0,0.0,0.0,1.0,0.8779600879392496,1.0,0.0,1.0,1.0,0.0
2737,81da68a500fb17473,True,,,,,,,,,,1.0,1.0,1.0,1.0,0.003617700285576042,1.0,0.0,1.0,1.0,0.5636305313392425
2738,bd60a921930373e9e,True,,,,,,,,,,0.5,0.0,0.0,1.0,0.9726940616393183,0.0,0.0,1.0,1.0,0.0
2739,1738de90a4b9b6de0,True,,,,,,,,,,1.0,0.0,0.0,1.0,1.0,1.0,1.0,1.0,0.0,0.0
2740,df73f150c23f6aeec,True,,,,,,,,,,1.0,0.0,0.0,1.0,1.0,1.0,0.0,1.0,1.0,0.0
2741,073a5d3c4224d9aa8,True,,,,,,,,,,0.0,1.0,1.0,1.0,1.0,0.0,0.0,1.0,1.0,0.0
2742,c675e95ff07987458,True,,,,,,,,,,1.0,1.0,1.0,1.0,1.0,1.0,0.0,1.0,1.0,0.875
2743,4c74c0df8c74b80db,True,,,,,,,,,,1.0,0.0,0.5,1.0,1.0,1.0,0.0,1.0,1.0,0.0
2744,b6d9feff81539b7b7,True,,,,,,,,,,1.0,0.0,0.0,1.0,1.0,1.0,0.0,1.0,1.0,0.0
2745,6ae4df7fe6f3147d2,True,,,,,,,,,,0.0,1.0,1.0,1.0,0.6740758927241487,0.0,1.0,1.0,1.0,0.0
2746,4619287f3174b7b19,True,,,,,,,,,,0.0,0.0,0.0,1.0,1.0,0.0,0.0,1.0,1.0,0.0
2747,891da533fb5685c31,True,,,,,,,,,,1.0,0.0,0.5,1.0,1.0,1.0,0.0,0.0,0.0,0.0
2748,7f2c914bf8b40c7b7,True,,,,,,,,,,1.0,0.0,1.0,1.0,0.4636397647536188,1.0,1.0,1.0,1.0,0.0
2749,c0e8d70495bec7921,True,,,,,,,,,,0.0,0.0,0.0,1.0,1.0,0.0,0.0,1.0,1.0,0.0
2750,b6ff83d0cafd7c12e,True,,,,,,,,,,1.0,0.0,1.0,1.0,0.6390052972236717,1.0,0.0,1.0,1.0,0.0
2751,367a9fdb29038c66e,True,,,,,,,,,,1.0,1.0,1.0,1.0,0.08488956726074064,1.0,1.0,1.0,1.0,0.7140279897689814
2752,152d958486f2526ce,True,,,,,,,,,,1.0,0.0,0.0,1.0,0.7546200200946368,1.0,0.0,1.0,1.0,0.0
2753,1300580f22bac5f4c,True,,,,,,,,,,1.0,1.0,1.0,1.0,0.030924739288114365,1.0,0.0,1.0,1.0,0.5721639810275357
2754,ae09f26f3f98c0e0e,True,,,,,,,,,,0.5,0.0,0.0,1.0,1.0,0.0,0.0,1.0,1.0,0.0
2755,a779cf32b55be3c41,True,,,,,,,,,,1.0,1.0,1.0,1.0,0.22096788583548743,1.0,1.0,1.0,1.0,0.7565524643235898
2756,32f2437326c9e81b2,True,,,,,,,,,,1.0,1.0,1.0,1.0,1.0,1.0,0.0,1.0,1.0,0.875
2757,8c15ca99bf75d7dbe,True,,,,,,,,,,1.0,1.0,1.0,1.0,0.7852035145331249,1.0,0.0,1.0,1.0,0.8078760982916016
2758,64176216fb79bf46c,True,,,,,,,,,,1.0,0.0,1.0,1.0,0.4926790607876987,1.0,1.0,1.0,0.0,0.0
2759,d0aa7f48f651d0e51,True,,,,,,,,,,0.0,0.0,0.0,1.0,1.0,1.0,1.0,1.0,1.0,0.0
2760,3d0fbd6a6fbde5f86,True,,,,,,,,,,0.0,0.0,0.5,1.0,1.0,1.0,1.0,1.0,0.0,0.0
2761,3d03bade5b2a834b7,True,,,,,,,,,,1.0,1.0,1.0,1.0,0.8412379249531071,1.0,0.0,1.0,1.0,0.825386851547846
2762,b64ff461b41b49e3c,True,,,,,,,,,,1.0,0.0,0.5,1.0,0.3173444393212183,1.0,0.0,1.0,0.0,0.0
2763,49243c381a0bed43b,True,,,,,,,,,,1.0,1.0,1.0,1.0,0.021078297514540687,1.0,1.0,1.0,1.0,0.694086967973294
2764,b3c7672d677c644c7,True,,,,,,,,,,0.0,1.0,0.5,1.0,0.39062140847187043,0.0,0.0,1.0,1.0,0.0
2765,bd2169898173c44cb,True,,,,,,,,,,0.5,0.0,1.0,1.0,1.0,0.0,1.0,1.0,1.0,0.0
2766,0584fafb0cb401aaf,True,,,,,,,,,,1.0,0.0,0.0,1.0,1.0,1.0,1.0,1.0,0.0,0.0
2767,34f398e3cb7f66124,True,,,,,,,,,,1.0,0.0,0.5,1.0,0.822497308440872,1.0,0.0,1.0,0.0,0.0
2768,b3c45b51a36a0ed65,True,,,,,,,,,,1.0,0.0,1.0,1.0,0.3850413721407794,1.0,1.0,1.0,1.0,0.0
2769,c4bc5e76f15b2b430,True,,,,,,,,,,1.0,0.0,1.0,1.0,0.358662122621652,1.0,1.0,1.0,1.0,0.0
2770,7681847aa2ebf24e0,True,,,,,,,,,,1.0,0.0,0.5,1.0,1.0,1.0,0.0,1.0,1.0,0.0
2771,a5bcd5a0e9f79cee3,True,,,,,,,,,,1.0,1.0,1.0,1.0,1.0,1.0,1.0,1.0,1.0,1.0
2772,3c7f6147a0608469d,True,,,,,,,,,,1.0,0.0,0.5,1.0,1.0,1.0,1.0,1.0,0.0,0.0
2773,c77d4472e1ca73bd3,True,,,,,,,,,,1.0,0.0,0.5,0.0,1.0,1.0,0.0,1.0,1.0,0.0
2774,ee1505d57883cfc9f,True,,,,,,,,,,1.0,1.0,0.5,1.0,0.4742716585465549,1.0,0.0,1.0,1.0,0.3553549466478992
2775,167e9515df0f9719a,True,,,,,,,,,,1.0,1.0,0.5,1.0,0.4548026500783745,1.0,0.0,1.0,1.0,0.352312914074746
2776,1bb0ace72a38d2201,True,,,,,,,,,,1.0,1.0,1.0,1.0,0.0,1.0,1.0,1.0,1.0,0.6875
2777,94a40142f4cb7e391,True,,,,,,,,,,1.0,0.0,1.0,1.0,0.5548091078094008,1.0,0.0,1.0,1.0,0.0
2778,aaf5db378e5bb4caa,True,,,,,,,,,,1.0,0.0,1.0,1.0,1.0,1.0,0.0,1.0,1.0,0.0
2779,ae42ff25d7ab0442f,True,,,,,,,,,,1.0,0.0,1.0,1.0,0.32333126803452406,1.0,0.0,1.0,1.0,0.0
2780,99dd1518526c46b6e,True,,,,,,,,,,0.0,0.0,0.0,1.0,1.0,0.0,0.0,1.0,0.0,0.0
2781,535b410078f9658ee,True,,,,,,,,,,1.0,0.0,1.0,1.0,1.0,1.0,0.0,1.0,1.0,0.0
2782,973dc194fd0092c5d,True,,,,,,,,,,1.0,1.0,1.0,1.0,0.7903386393668754,1.0,0.0,1.0,1.0,0.8094808248021486
2783,bba1435e11b43591b,True,,,,,,,,,,0.0,0.0,0.0,1.0,1.0,0.0,0.0,1.0,1.0,0.0
2784,90d6b6889f35e691d,True,,,,,,,,,,1.0,1.0,1.0,1.0,0.737252205916124,1.0,0.0,1.0,0.0,0.6678913143487888
2785,7fe948a38f3a767fe,True,,,,,,,,,,1.0,1.0,1.0,1.0,0.11028419747763016,1.0,0.0,1.0,1.0,0.5969638117117595
2786,1e345865d056e4812,True,,,,,,,,,,1.0,1.0,1.0,1.0,0.5426705957438889,1.0,0.0,1.0,1.0,0.7320845611699653
2787,1b82ae87e58cbab28,True,,,,,,,,,,1.0,0.0,0.0,1.0,1.0,1.0,0.0,1.0,1.0,0.0
2788,ef4057d8e3d8a089e,True,,,,,,,,,,0.0,0.0,0.5,1.0,1.0,0.0,0.0,1.0,0.0,0.0
2789,0a5f73f132223809d,True,,,,,,,,,,1.0,0.0,0.0,1.0,0.8168375735982992,1.0,0.0,1.0,0.0,0.0
2790,9e5efb38c692a4895,True,,,,,,,,,,1.0,1.0,1.0,1.0,0.44317079400183373,1.0,1.0,1.0,1.0,0.8259908731255731
2791,735bf126af1875fe2,True,,,,,,,,,,0.0,1.0,1.0,1.0,1.0,0.0,0.0,1.0,1.0,0.0
2792,1cdb5f8486a6e3a2b,True,,,,,,,,,,0.0,1.0,1.0,1.0,1.0,0.0,1.0,1.0,1.0,0.0
2793,325c79bfe38fe6e9a,True,,,,,,,,,,1.0,1.0,1.0,1.0,0.07470170517456128,1.0,1.0,1.0,1.0,0.7108442828670504
2794,406c46b5527457915,True,,,,,,,,,,1.0,1.0,1.0,1.0,0.7650531062911943,1.0,0.0,1.0,1.0,0.8015790957159983
2795,7e241b2390105cdb3,True,,,,,,,,,,1.0,0.0,0.0,1.0,0.6689498272207227,1.0,1.0,1.0,0.0,0.0
2796,b3ef71b2c228693bd,True,,,,,,,,,,1.0,0.0,1.0,1.0,0.9552183130973214,1.0,0.0,1.0,1.0,0.0
2797,7e15600681ad3a48a,True,,,,,,,,,,0.0,1.0,0.5,1.0,0.8971746825047229,0.0,0.0,1.0,1.0,0.0
2798,904fec4de373b84b3,True,,,,,,,,,,1.0,1.0,1.0,1.0,0.0,1.0,0.0,1.0,1.0,0.5625
2799,7fb39ce347c2b9486,True,,,,,,,,,,0.0,0.0,0.0,1.0,1.0,0.0,0.0,1.0,0.0,0.0
2800,76385bcb475cc16b8,True,,,,,,,,,,0.0,0.0,0.0,1.0,1.0,0.0,0.0,0.0,0.0,0.0
2801,d6e3a8fc354d62753,True,,,,,,,,,,0.0,1.0,1.0,1.0,1.0,0.0,0.0,1.0,1.0,0.0
2802,b89f8f1400c121a0e,True,,,,,,,,,,1.0,1.0,1.0,1.0,1.0,1.0,1.0,1.0,1.0,1.0
2803,11faa3428ed91e426,True,,,,,,,,,,1.0,0.0,0.0,1.0,1.0,1.0,0.0,1.0,0.0,0.0
2804,53435e78f75ede28c,True,,,,,,,,,,1.0,0.0,1.0,1.0,0.883103049666826,1.0,1.0,1.0,1.0,0.0
2805,51539f7b502dc9ffd,True,,,,,,,,,,1.0,1.0,1.0,1.0,1.0,1.0,1.0,1.0,1.0,1.0
2806,8f284d670d5b623bf,True,,,,,,,,,,1.0,1.0,1.0,1.0,0.2290820484639613,1.0,1.0,1.0,1.0,0.7590881401449879
2807,731d0bae35b763cde,True,,,,,,,,,,1.0,0.0,1.0,1.0,0.2869894957775047,1.0,0.0,1.0,1.0,0.0
2808,d64a870652e64162c,True,,,,,,,,,,1.0,0.0,0.5,1.0,0.5604780728758451,1.0,0.0,1.0,1.0,0.0
2809,07d57ac58a266170f,True,,,,,,,,,,1.0,1.0,1.0,1.0,0.1753999226551059,1.0,0.0,1.0,1.0,0.6173124758297206
2810,0fe2cf2ea452fd529,True,,,,,,,,,,1.0,0.0,1.0,1.0,1.0,1.0,1.0,1.0,1.0,0.0
2811,0225e9a16d781eb96,True,,,,,,,,,,0.0,0.0,0.0,1.0,1.0,0.0,0.0,1.0,1.0,0.0
2812,1be8c9376ad3e1e99,True,,,,,,,,,,1.0,0.0,0.0,1.0,1.0,1.0,0.0,1.0,1.0,0.0
2813,72f8e30d5fbc3839a,True,,,,,,,,,,0.0,0.0,1.0,1.0,1.0,0.0,0.0,1.0,1.0,0.0
2814,4ccd60de6eb6c50c6,True,,,,,,,,,,1.0,0.0,0.0,1.0,1.0,1.0,0.0,1.0,1.0,0.0
2815,ac16065f66685feff,True,,,,,,,,,,1.0,1.0,1.0,1.0,0.471912505085577,1.0,1.0,1.0,1.0,0.8349726578392428
2816,db738e711b7d7a1c7,True,,,,,,,,,,1.0,1.0,1.0,1.0,0.0,1.0,1.0,1.0,1.0,0.6875
2817,4929156d96635caed,True,,,,,,,,,,1.0,1.0,1.0,1.0,0.6053489670452191,1.0,0.0,1.0,1.0,0.751671552201631
2818,bafac7b272b09ff2d,True,,,,,,,,,,1.0,1.0,1.0,1.0,0.0,1.0,1.0,1.0,1.0,0.6875
2819,d17adfd1c40c90f05,True,,,,,,,,,,1.0,1.0,0.5,1.0,0.8644918494754517,1.0,0.0,1.0,1.0,0.41632685148053933
2820,947f38ffbc0854bac,True,,,,,,,,,,1.0,1.0,1.0,1.0,1.0,1.0,1.0,1.0,1.0,1.0
2821,1bd74624249d94074,True,,,,,,,,,,0.5,0.0,0.5,1.0,1.0,0.0,0.0,1.0,1.0,0.0
2822,d38a1a28476d4851e,True,,,,,,,,,,0.0,1.0,1.0,1.0,1.0,0.0,0.0,1.0,0.0,0.0
2823,1562459800e0a5ba5,True,,,,,,,,,,0.0,1.0,1.0,1.0,0.8965312399741454,0.0,1.0,1.0,0.0,0.0
2824,5e9e3c88e21f7a346,True,,,,,,,,,,1.0,0.0,1.0,1.0,1.0,1.0,1.0,1.0,1.0,0.0
2825,6f730ed4241558274,True,,,,,,,,,,1.0,0.0,0.0,1.0,1.0,1.0,0.0,1.0,1.0,0.0
2826,40e3b1336b570fbf6,True,,,,,,,,,,1.0,0.0,0.0,1.0,1.0,1.0,0.0,1.0,1.0,0.0
2827,bb64b91f09ac1d235,True,,,,,,,,,,1.0,1.0,1.0,1.0,0.5673116827442127,1.0,1.0,1.0,1.0,0.8647849008575665
2828,56528b515c3eb4ed5,True,,,,,,,,,,1.0,1.0,0.5,1.0,1.0,1.0,0.0,1.0,1.0,0.4375
2829,d41d6a2f8fae47904,True,,,,,,,,,,1.0,1.0,1.0,1.0,0.06681817340651994,1.0,1.0,1.0,1.0,0.7083806791895375
2830,ee668b68ca31e7f56,True,,,,,,,,,,1.0,1.0,0.0,1.0,1.0,1.0,0.0,1.0,1.0,0.0
2831,77fcdd159de9fa48f,True,,,,,,,,,,1.0,1.0,1.0,1.0,0.04895205524114713,1.0,1.0,1.0,1.0,0.7027975172628584
2832,8732dc54a30ca7f80,True,,,,,,,,,,0.0,1.0,0.5,1.0,1.0,0.0,1.0,1.0,1.0,0.0
2833,f65b972c0bb906291,True,,,,,,,,,,1.0,0.0,1.0,1.0,0.9759957022023787,1.0,0.0,1.0,1.0,0.0
2834,c91d6633fc0516a81,True,,,,,,,,,,1.0,1.0,1.0,1.0,0.0,1.0,1.0,1.0,1.0,0.6875
2835,b96ce0efca7101f74,True,,,,,,,,,,1.0,0.0,1.0,1.0,0.16030782585544953,1.0,0.0,1.0,1.0,0.0
2836,ece34bc681d6d755f,True,,,,,,,,,,1.0,1.0,1.0,1.0,0.580488173272436,1.0,1.0,1.0,1.0,0.8689025541476363
2837,f3895fbfb8df71a43,True,,,,,,,,,,1.0,1.0,1.0,1.0,0.13617293136652278,1.0,1.0,1.0,1.0,0.7300540410520384
2838,b7b7adbd3d2126b3f,True,,,,,,,,,,1.0,1.0,1.0,1.0,0.007471650080804259,1.0,0.0,1.0,1.0,0.5648348906502514
2839,80800198aa496ffc8,True,,,,,,,,,,0.0,0.0,0.5,1.0,0.5088787290953269,0.0,0.0,1.0,0.0,0.0
2840,1088e54d61d6c1c1a,True,,,,,,,,,,1.0,1.0,1.0,1.0,0.27263796449326577,1.0,1.0,1.0,1.0,0.7726993639041455
2841,88805cefd139114f5,True,,,,,,,,,,0.0,1.0,1.0,1.0,1.0,0.0,0.0,1.0,1.0,0.0
2842,d394c98f566e20aab,True,,,,,,,,,,1.0,1.0,1.0,1.0,0.2827755335774512,1.0,0.0,1.0,1.0,0.6508673542429535
2843,717d5edb3fb1f4726,True,,,,,,,,,,1.0,1.0,1.0,1.0,0.14497132762742496,1.0,0.0,1.0,1.0,0.6078035398835703
2844,9b71a67f61e5fffb3,True,,,,,,,,,,1.0,1.0,0.5,1.0,0.6290072903724931,1.0,0.0,1.0,1.0,0.3795323891207021
2845,b7161060a1ad34cc6,True,,,,,,,,,,0.5,0.0,0.0,1.0,1.0,0.0,0.0,1.0,1.0,0.0
2846,fb300036a09e3c31c,True,,,,,,,,,,1.0,0.0,1.0,1.0,1.0,1.0,0.0,1.0,1.0,0.0
2847,ffdfaf1a850a4f6c0,True,,,,,,,,,,0.0,1.0,1.0,1.0,1.0,0.0,1.0,1.0,0.0,0.0
2848,9d5c879308ff1f5b5,True,,,,,,,,,,1.0,0.0,1.0,1.0,0.4861208191573514,1.0,0.0,1.0,0.0,0.0
2849,10dc3b2e0ce99941a,True,,,,,,,,,,0.5,1.0,1.0,1.0,1.0,0.0,1.0,1.0,1.0,0.34375
2850,68e2d10ecbeed8111,True,,,,,,,,,,1.0,1.0,1.0,1.0,1.0,1.0,1.0,1.0,1.0,1.0
2851,d9a1e3491e140bd54,True,,,,,,,,,,1.0,1.0,1.0,1.0,0.2427135613659362,1.0,1.0,1.0,1.0,0.763347987926855
2852,ccd1d26bd7d71f952,True,,,,,,,,,,1.0,1.0,1.0,1.0,0.0,1.0,1.0,1.0,1.0,0.6875
2853,47bbf73e6941376ea,True,,,,,,,,,,0.0,0.0,0.0,1.0,0.8231926166249879,0.0,0.0,1.0,1.0,0.0
2854,0d51246322745f1a6,True,,,,,,,,,,1.0,0.0,0.5,1.0,0.5492260331681469,1.0,0.0,1.0,0.0,0.0
2855,6c3a8a0290c8e05e9,True,,,,,,,,,,0.0,1.0,1.0,1.0,1.0,0.0,1.0,1.0,1.0,0.0
2856,9e3a4761b9b643940,True,,,,,,,,,,1.0,0.0,0.0,1.0,1.0,1.0,0.0,1.0,0.0,0.0
2857,4b4fe8d10a7defecd,True,,,,,,,,,,1.0,1.0,0.5,1.0,0.7864546767424407,1.0,0.0,1.0,0.0,0.34163354324100637
2858,09eb15786b4c45a6b,True,,,,,,,,,,0.0,0.0,0.0,1.0,0.969311248983886,0.0,0.0,1.0,1.0,0.0
2859,221c392b5c088f6ce,True,,,,,,,,,,0.0,1.0,1.0,0.0,1.0,0.0,0.0,1.0,1.0,0.0
2860,274217f22058c3a7c,True,,,,,,,,,,1.0,0.0,0.0,1.0,0.9414761559266639,1.0,0.0,1.0,1.0,0.0
2861,de5875c3da62d3850,True,,,,,,,,,,1.0,1.0,0.5,1.0,1.0,1.0,0.0,1.0,0.0,0.375
2862,a30c17989141062af,True,,,,,,,,,,1.0,0.0,1.0,1.0,1.0,1.0,0.0,1.0,1.0,0.0
2863,363ac46bc24e8db3b,True,,,,,,,,,,1.0,0.0,0.0,1.0,0.6445516452233793,1.0,0.0,1.0,1.0,0.0
2864,23406e65760566ef1,True,,,,,,,,,,1.0,1.0,1.0,1.0,0.44044218859923884,1.0,1.0,1.0,1.0,0.8251381839372621
2865,28203b9c4a54e7875,True,,,,,,,,,,0.0,1.0,1.0,1.0,1.0,0.0,0.0,1.0,0.0,0.0
2866,80d8583368d2573b4,True,,,,,,,,,,1.0,1.0,1.0,1.0,1.0,1.0,1.0,1.0,1.0,1.0
2867,e5b4f8a0ccdaf4e6e,True,,,,,,,,,,1.0,1.0,1.0,1.0,0.0493200724181476,1.0,1.0,1.0,1.0,0.7029125226306712
2868,83daac46cb68fabb0,True,,,,,,,,,,1.0,0.0,1.0,1.0,0.4423379002835076,1.0,0.0,1.0,1.0,0.0
2869,5a4fe1d15e2ccbce1,True,,,,,,,,,,1.0,1.0,1.0,1.0,0.25261679213342986,1.0,1.0,1.0,1.0,0.7664427475416968
2870,781cb5a7c59f1d728,True,,,,,,,,,,1.0,0.0,0.5,1.0,1.0,1.0,0.0,1.0,1.0,0.0
2871,dbfdf8f55f68e448a,True,,,,,,,,,,0.0,0.0,0.0,1.0,1.0,0.0,0.0,1.0,0.0,0.0
2872,fda2ab172e994071b,True,,,,,,,,,,1.0,1.0,1.0,1.0,0.1858185186224155,1.0,1.0,1.0,1.0,0.7455682870695048
2873,058faf4c24ca33403,True,,,,,,,,,,1.0,1.0,1.0,1.0,0.06672096309351871,1.0,1.0,1.0,1.0,0.7083503009667246
2874,444902bbbb7e82af9,True,,,,,,,,,,0.0,0.0,0.5,1.0,0.5737367426896864,0.0,0.0,1.0,1.0,0.0
2875,daf6c56e39384e309,True,,,,,,,,,,1.0,0.0,1.0,1.0,0.8944758649793344,1.0,1.0,1.0,0.0,0.0
2876,2d4e4632841c3cf8e,True,,,,,,,,,,0.5,0.0,0.0,1.0,1.0,0.0,0.0,1.0,1.0,0.0
2877,b42c321597e6726d4,True,,,,,,,,,,1.0,0.0,0.5,1.0,1.0,1.0,0.0,1.0,1.0,0.0
2878,12499ddd90200ea9f,True,,,,,,,,,,1.0,1.0,1.0,1.0,0.16773220508533013,1.0,1.0,1.0,0.0,0.6149163140891657
2879,6c4cdcc93a5b36c13,True,,,,,,,,,,1.0,0.0,0.5,1.0,0.6913389667706059,1.0,0.0,1.0,1.0,0.0
2880,34c5a38a6aee37c97,True,,,,,,,,,,1.0,0.0,0.5,1.0,0.5013283263526608,1.0,1.0,1.0,0.0,0.0
2881,0fd638d4d67935416,True,,,,,,,,,,0.0,1.0,1.0,0.0,1.0,0.0,1.0,1.0,1.0,0.0
2882,055b2b04eb387aadb,True,,,,,,,,,,1.0,0.0,1.0,1.0,1.0,1.0,0.0,1.0,1.0,0.0
2883,ce40746019045f374,True,,,,,,,,,,1.0,1.0,1.0,1.0,0.9871664348921787,1.0,0.0,1.0,1.0,0.8709895109038058
2884,c4aee2d09a8407408,True,,,,,,,,,,1.0,0.0,1.0,1.0,0.6345385777453624,1.0,1.0,1.0,1.0,0.0
2885,41a150d2b1beead49,True,,,,,,,,,,1.0,0.0,1.0,1.0,0.8053218130337142,1.0,1.0,1.0,0.0,0.0
2886,68f17e6223ed08ff9,True,,,,,,,,,,0.5,0.0,0.5,1.0,1.0,0.0,0.0,1.0,0.0,0.0
2887,c58481114df532967,True,,,,,,,,,,1.0,1.0,1.0,1.0,0.30928484330390243,1.0,1.0,1.0,1.0,0.7841515135324695
2888,a5cb0e8e1b25b4ad4,True,,,,,,,,,,1.0,1.0,1.0,1.0,0.1286649275394031,1.0,1.0,1.0,1.0,0.7277077898560634
2889,a0ab616e5270b617a,True,,,,,,,,,,1.0,1.0,1.0,1.0,0.8961829592655386,1.0,0.0,1.0,1.0,0.8425571747704808
2890,c55dc2e0f192c70a5,True,,,,,,,,,,1.0,0.0,1.0,1.0,0.6712874739189741,1.0,1.0,1.0,1.0,0.0
2891,57108f72bba7b23f2,True,,,,,,,,,,1.0,0.0,0.0,1.0,1.0,1.0,0.0,1.0,1.0,0.0
2892,a563e26d3cb76d239,True,,,,,,,,,,1.0,0.0,1.0,1.0,0.40385033171956713,1.0,1.0,1.0,1.0,0.0
2893,21ef36d866be6b411,True,,,,,,,,,,0.0,0.0,1.0,1.0,1.0,0.0,0.0,1.0,0.0,0.0
2894,c63fc1f399e5c5f1c,True,,,,,,,,,,1.0,1.0,1.0,1.0,0.06182459380870777,1.0,1.0,1.0,1.0,0.7068201855652212
2895,4e5f4494c8076cc5b,True,,,,,,,,,,1.0,0.0,0.0,1.0,0.7158603103306785,1.0,0.0,1.0,1.0,0.0
2896,b589b9a8082420ee5,True,,,,,,,,,,1.0,1.0,1.0,1.0,0.5391337825690603,1.0,1.0,1.0,0.0,0.7309793070528313
2897,91df938553d5b89fb,True,,,,,,,,,,0.0,1.0,1.0,1.0,0.7739193469869455,0.0,0.0,1.0,1.0,0.0
2898,bf64cc8fd71cdc3d8,True,,,,,,,,,,0.5,0.0,0.0,1.0,0.5635692165720945,0.0,0.0,1.0,0.0,0.0
2899,fc8bd325b3da03b85,True,,,,,,,,,,1.0,1.0,0.0,1.0,0.9470800150282637,1.0,0.0,1.0,1.0,0.0
2900,41dae4808025d25f5,True,,,,,,,,,,1.0,0.0,0.0,1.0,0.6232173203027229,1.0,0.0,1.0,0.0,0.0
2901,4511ae351df046b69,True,,,,,,,,,,1.0,1.0,1.0,1.0,0.49962176186337165,1.0,1.0,1.0,1.0,0.8436318005823036
2902,9529e21b44cd57c29,True,,,,,,,,,,1.0,1.0,1.0,1.0,0.3738832764496054,1.0,1.0,0.0,0.0,0.5543385238905016
2903,3d20ef43bc694566a,True,,,,,,,,,,1.0,1.0,1.0,1.0,0.5852308262843272,1.0,0.0,1.0,1.0,0.7453846332138523
2904,c13e406734b95eb11,True,,,,,,,,,,1.0,1.0,1.0,1.0,0.11888976785656334,1.0,1.0,1.0,1.0,0.724653052455176
2905,1138b571e8fbaaad9,True,,,,,,,,,,1.0,1.0,1.0,1.0,0.08212400275788136,1.0,1.0,1.0,1.0,0.7131637508618379
2906,cd8fa74c681fa08d7,True,,,,,,,,,,1.0,0.0,0.0,1.0,0.9515238019227521,1.0,0.0,1.0,1.0,0.0
2907,6280da1271d9fac21,True,,,,,,,,,,0.0,0.0,1.0,1.0,1.0,0.0,1.0,1.0,1.0,0.0
2908,d80a5ecfeec414cd1,True,,,,,,,,,,1.0,1.0,1.0,1.0,0.8005464930494257,1.0,1.0,1.0,1.0,0.9376707790779455
2909,c28452cccc45f49a1,True,,,,,,,,,,1.0,0.0,0.5,1.0,0.9449444748396411,1.0,0.0,1.0,0.0,0.0
2910,679e3c52a1d70d447,True,,,,,,,,,,1.0,0.0,0.0,1.0,0.28966165898223734,1.0,0.0,0.0,0.0,0.0
2911,0d20e006578be6327,True,,,,,,,,,,0.0,0.0,0.5,1.0,1.0,0.0,0.0,1.0,0.0,0.0
2912,b5dd0e82552c5ca8c,True,,,,,,,,,,0.5,0.0,0.5,1.0,0.6352510925779334,0.0,1.0,1.0,1.0,0.0
2913,589cc001fa920c158,True,,,,,,,,,,0.0,0.0,0.5,1.0,1.0,0.0,0.0,1.0,0.0,0.0
2914,114bae5e9b92e8933,True,,,,,,,,,,0.0,0.0,0.0,1.0,1.0,0.0,1.0,0.0,0.0,0.0
2915,19b9962d1050c08e3,True,,,,,,,,,,0.0,0.0,1.0,1.0,1.0,0.0,0.0,1.0,0.0,0.0
2916,98d803d8ab5715cf8,True,,,,,,,,,,1.0,0.0,0.0,1.0,0.1896088379932405,0.0,0.0,0.0,0.0,0.0
2917,62b18a39075ffdaba,True,,,,,,,,,,1.0,0.0,1.0,1.0,1.0,1.0,0.0,1.0,1.0,0.0
2918,cb9eb4dbe16a93d2e,True,,,,,,,,,,1.0,1.0,1.0,1.0,0.08844139882579762,1.0,1.0,1.0,1.0,0.7151379371330617
2919,b32be2ef15c6d9947,True,,,,,,,,,,1.0,0.0,0.5,1.0,0.829370693859113,1.0,0.0,1.0,1.0,0.0
2920,b016a907699ca499b,True,,,,,,,,,,0.0,0.0,0.5,1.0,1.0,0.0,0.0,1.0,1.0,0.0
2921,65cf82257d919ac3a,True,,,,,,,,,,1.0,1.0,1.0,1.0,0.05274973941107557,1.0,0.0,1.0,1.0,0.578984293565961
2922,2e0773dd81838320f,True,,,,,,,,,,1.0,0.0,0.0,1.0,0.651729679678482,1.0,0.0,1.0,1.0,0.0
2923,17ff329e83009189d,True,,,,,,,,,,1.0,1.0,1.0,1.0,0.18154953766829468,1.0,0.0,1.0,1.0,0.6192342305213421
2924,6c0f20461b27e36fb,True,,,,,,,,,,1.0,1.0,0.0,1.0,0.8890333871082717,1.0,0.0,1.0,0.0,0.0
2925,d9437c8464c89be5d,True,,,,,,,,,,1.0,1.0,1.0,1.0,1.0,1.0,1.0,1.0,1.0,1.0
2926,dec0b3a34c3d245fd,True,,,,,,,,,,1.0,0.0,1.0,1.0,0.7957143748832044,1.0,0.0,1.0,1.0,0.0
2927,eb46263a3a324c2e0,True,,,,,,,,,,0.5,0.0,0.0,1.0,0.69583692338395,0.0,0.0,1.0,1.0,0.0
2928,c9502401d0ae63498,True,,,,,,,,,,1.0,0.0,0.0,1.0,1.0,1.0,0.0,1.0,1.0,0.0
2929,bf56d797d033f36bd,True,,,,,,,,,,1.0,1.0,1.0,1.0,0.249623387103137,1.0,1.0,1.0,1.0,0.7655073084697304
2930,29099b056d78d6ffb,True,,,,,,,,,,1.0,0.0,0.0,1.0,1.0,1.0,0.0,1.0,0.0,0.0
2931,76caf6deea5aff60c,True,,,,,,,,,,1.0,1.0,1.0,1.0,0.0,1.0,1.0,1.0,1.0,0.6875
2932,a8b1bc8442e0fb5b1,True,,,,,,,,,,1.0,0.0,0.0,1.0,0.7335992565001245,1.0,0.0,1.0,1.0,0.0
2933,d7f69774de0c9938e,True,,,,,,,,,,1.0,1.0,0.5,1.0,0.6943713190499473,1.0,1.0,1.0,0.0,0.38974551860155426
2934,4036f3945f5783618,True,,,,,,,,,,0.0,0.0,0.0,1.0,1.0,0.0,0.0,1.0,0.0,0.0
2935,d3f900cebad176f8c,True,,,,,,,,,,0.0,0.0,0.5,1.0,1.0,0.0,0.0,1.0,1.0,0.0
2936,fd5d539436f5c5e86,True,,,,,,,,,,1.0,1.0,1.0,1.0,0.06754038715383037,1.0,1.0,1.0,1.0,0.708606370985572
2937,f118de263d56644de,True,,,,,,,,,,1.0,0.0,0.5,1.0,0.6064218941726803,1.0,1.0,1.0,1.0,0.0
2938,239cac6c74f4f0bd4,True,,,,,,,,,,1.0,0.0,0.5,1.0,1.0,1.0,1.0,1.0,1.0,0.0
2939,bf1cc9724e9048572,True,,,,,,,,,,1.0,1.0,1.0,1.0,0.011234856180114937,1.0,0.0,1.0,1.0,0.5660108925562859
2940,9db723ede5227209d,True,,,,,,,,,,1.0,0.0,0.0,1.0,1.0,1.0,0.0,1.0,0.0,0.0
2941,0ed9b19cfb122d58d,True,,,,,,,,,,1.0,1.0,1.0,1.0,0.24113466484579166,1.0,1.0,1.0,1.0,0.7628545827643098
2942,67509cfba4d26b15a,True,,,,,,,,,,1.0,0.0,0.0,1.0,1.0,1.0,0.0,1.0,1.0,0.0
2943,25cdeef2455f42ea7,True,,,,,,,,,,1.0,1.0,1.0,1.0,0.530447278461595,1.0,1.0,1.0,0.0,0.7282647745192484
2944,7c5d86ba5e0d7e2a3,True,,,,,,,,,,1.0,1.0,1.0,1.0,0.05167223396198154,1.0,1.0,1.0,1.0,0.7036475731131192
2945,80a5f0392d8aa9afb,True,,,,,,,,,,1.0,1.0,1.0,1.0,0.49050181567380324,1.0,1.0,1.0,1.0,0.8407818173980635
2946,80ad340ede19df8b3,True,,,,,,,,,,1.0,0.0,0.5,1.0,1.0,1.0,0.0,0.0,0.0,0.0
2947,1b2cd068b0d562449,True,,,,,,,,,,1.0,1.0,1.0,1.0,0.0824352913881789,1.0,1.0,1.0,1.0,0.7132610285588059
2948,343c682cb6fb49290,True,,,,,,,,,,1.0,1.0,1.0,1.0,0.0,1.0,0.0,1.0,1.0,0.5625
2949,bf14f0399e0ccf645,True,,,,,,,,,,1.0,0.0,0.5,1.0,0.5276697873653927,1.0,1.0,1.0,0.0,0.0
2950,3fc80f9e72ac43027,True,,,,,,,,,,1.0,0.0,0.5,1.0,0.49862121648669955,1.0,0.0,1.0,1.0,0.0
2951,5453eaf707e343346,True,,,,,,,,,,1.0,1.0,1.0,1.0,0.0,1.0,1.0,1.0,1.0,0.6875
2952,79fb2b729214ceac0,True,,,,,,,,,,1.0,0.0,0.0,1.0,0.7524558275758488,0.0,0.0,1.0,1.0,0.0
2953,456c64c9a6cfefe27,True,,,,,,,,,,1.0,0.0,0.5,1.0,0.4410800155527499,1.0,0.0,1.0,1.0,0.0
2954,472c522cbfefce360,True,,,,,,,,,,1.0,1.0,1.0,1.0,0.0,1.0,0.0,1.0,1.0,0.5625
2955,61437c5a9910331f6,True,,,,,,,,,,1.0,1.0,1.0,1.0,1.0,1.0,0.0,1.0,1.0,0.875
2956,5717542c5f1f77274,True,,,,,,,,,,1.0,0.0,0.0,1.0,1.0,1.0,0.0,1.0,1.0,0.0
2957,bb662cb22384c44c1,True,,,,,,,,,,1.0,1.0,1.0,1.0,0.02209287754726581,1.0,1.0,1.0,1.0,0.6944040242335205
2958,cbeda6fcf87d3407c,True,,,,,,,,,,0.0,0.0,0.0,1.0,0.5840575769908225,0.0,0.0,1.0,0.0,0.0
2959,de1d1d3fbf4860a8c,True,,,,,,,,,,0.0,1.0,0.0,1.0,1.0,0.0,0.0,1.0,1.0,0.0
2960,0f32999a6e12e6b4f,True,,,,,,,,,,1.0,1.0,1.0,1.0,1.0,1.0,0.0,1.0,1.0,0.875
2961,00cbc73194109904b,True,,,,,,,,,,1.0,1.0,1.0,1.0,1.0,1.0,0.0,1.0,1.0,0.875
2962,0aef5f06bc06b4b67,True,,,,,,,,,,1.0,1.0,1.0,1.0,1.0,1.0,1.0,1.0,1.0,1.0
2963,86946a7ffef3ac7b0,True,,,,,,,,,,1.0,1.0,1.0,1.0,0.13624881160768565,1.0,0.0,1.0,1.0,0.6050777536274018
2964,82bb73b09ea17fb1a,True,,,,,,,,,,1.0,1.0,1.0,1.0,0.09215271315078832,1.0,1.0,1.0,1.0,0.7162977228596213
2965,18a239284011dd8c3,True,,,,,,,,,,0.0,0.0,0.0,1.0,0.5322660430963063,0.0,0.0,1.0,0.0,0.0
2966,f1d442974b63b87f6,True,,,,,,,,,,1.0,1.0,0.5,1.0,0.45093717760259394,1.0,0.0,1.0,1.0,0.3517089340004053
2967,f732598080ee7f0cf,True,,,,,,,,,,1.0,1.0,1.0,1.0,0.057888160607885646,1.0,1.0,1.0,1.0,0.7055900501899642
2968,803a37fc5a01eb03c,True,,,,,,,,,,1.0,1.0,1.0,1.0,1.0,1.0,0.0,1.0,1.0,0.875
2969,7a999e76f404c4956,True,,,,,,,,,,1.0,0.0,1.0,1.0,0.8546666961218553,1.0,1.0,1.0,1.0,0.0
2970,79a0ca425b61810ad,True,,,,,,,,,,1.0,1.0,1.0,1.0,0.04091789029239801,1.0,1.0,1.0,1.0,0.7002868407163744
2971,ba2d0c2b1a0d13a74,True,,,,,,,,,,1.0,0.0,0.0,1.0,1.0,1.0,0.0,1.0,1.0,0.0
2972,67e23c9775c8647fa,True,,,,,,,,,,1.0,0.0,0.5,1.0,0.7171597040844611,1.0,1.0,1.0,1.0,0.0
2973,8d07721cee604c720,True,,,,,,,,,,1.0,0.0,1.0,1.0,0.7080725828766625,1.0,0.0,1.0,0.0,0.0
2974,1b9fdb3577e3e1018,True,,,,,,,,,,1.0,1.0,1.0,1.0,0.2608848141500026,1.0,1.0,1.0,1.0,0.7690265044218758
2975,cf84397ec4944d689,True,,,,,,,,,,0.0,0.0,0.0,1.0,1.0,0.0,1.0,0.0,0.0,0.0
2976,db1f577b1f0df7a26,True,,,,,,,,,,0.0,0.0,0.0,1.0,1.0,0.0,0.0,1.0,0.0,0.0
2977,5a7f1b88b2ab93c12,True,,,,,,,,,,1.0,0.0,0.5,1.0,1.0,1.0,0.0,1.0,1.0,0.0
2978,7339827ceaab8796b,True,,,,,,,,,,1.0,1.0,1.0,1.0,0.10827476150117342,1.0,1.0,1.0,1.0,0.7213358629691167
2979,b947c49e539199af0,True,,,,,,,,,,1.0,1.0,1.0,1.0,0.19447983786016115,1.0,1.0,1.0,1.0,0.7482749493313003
2980,de6c242bf7dbf68eb,True,,,,,,,,,,1.0,1.0,1.0,1.0,0.0,1.0,0.0,1.0,1.0,0.5625
2981,56cdce665c7a8a742,True,,,,,,,,,,1.0,0.0,0.0,1.0,1.0,1.0,0.0,1.0,0.0,0.0
2982,5913dfbc435fb100c,True,,,,,,,,,,0.0,0.0,1.0,1.0,1.0,0.0,0.0,1.0,1.0,0.0
2983,0cda637bebb7a14dc,True,,,,,,,,,,1.0,0.0,0.0,1.0,1.0,0.0,1.0,0.0,0.0,0.0
2984,ac59b5b148af8474e,True,,,,,,,,,,1.0,1.0,1.0,1.0,0.6687539875170015,1.0,1.0,1.0,1.0,0.896485621099063
2985,12f4928a69547a0bf,True,,,,,,,,,,1.0,0.0,0.0,1.0,0.9887511223713867,1.0,0.0,1.0,0.0,0.0
2986,c82835c09890be38b,True,,,,,,,,,,1.0,0.0,0.5,1.0,0.7291133185423653,1.0,0.0,1.0,1.0,0.0
2987,81d9160bc76331523,True,,,,,,,,,,1.0,0.0,1.0,1.0,0.60629992698777,1.0,1.0,1.0,1.0,0.0
2988,0d3be86b0d2db1b32,True,,,,,,,,,,1.0,1.0,1.0,1.0,0.43930850988806414,1.0,0.0,1.0,1.0,0.69978390934002
2989,1442b131da263f4dc,True,,,,,,,,,,0.0,0.0,0.5,1.0,0.5678261366098563,0.0,0.0,1.0,1.0,0.0
2990,8f3be1fe834c8e1e6,True,,,,,,,,,,0.0,1.0,1.0,1.0,1.0,0.0,0.0,1.0,1.0,0.0
2991,15cd04f7d172178fc,True,,,,,,,,,,1.0,1.0,1.0,1.0,0.046818291053639396,1.0,1.0,1.0,1.0,0.7021307159542622
2992,c69cdc989b0472928,True,,,,,,,,,,1.0,0.0,1.0,1.0,1.0,1.0,0.0,1.0,1.0,0.0
2993,1c53867c6f662be8f,True,,,,,,,,,,1.0,0.0,0.0,1.0,1.0,1.0,0.0,1.0,0.0,0.0
2994,f0ec163fc911ff8bb,True,,,,,,,,,,1.0,1.0,1.0,1.0,0.057372922845376984,1.0,1.0,1.0,0.0,0.5804290383891804
2995,1dc510be8e058122d,True,,,,,,,,,,1.0,1.0,1.0,1.0,0.5247961227275355,1.0,1.0,1.0,1.0,0.8514987883523548
2996,9f903173a7777cf35,True,,,,,,,,,,1.0,0.0,0.0,1.0,1.0,1.0,0.0,1.0,1.0,0.0
2997,c808695431d352ba9,True,,,,,,,,,,0.0,0.0,1.0,1.0,1.0,0.0,1.0,1.0,1.0,0.0
2998,4784832b9639547d6,True,,,,,,,,,,1.0,0.0,1.0,1.0,1.0,1.0,1.0,1.0,1.0,0.0
2999,71ad6b3fd5d476975,True,,,,,,,,,,1.0,0.0,0.0,1.0,1.0,1.0,0.0,1.0,1.0,0.0
3000,ca366055bc1b9838a,True,,,,,,,,,,1.0,1.0,1.0,1.0,0.6855492517517985,1.0,1.0,1.0,1.0,0.901734141172437
3001,f803ae18d279169ec,True,,,,,,,,,,1.0,1.0,1.0,1.0,0.28971538729493646,1.0,0.0,1.0,1.0,0.6530360585296676
3002,6f388bff9ecc03286,True,,,,,,,,,,1.0,1.0,1.0,1.0,0.09830704006527785,1.0,0.0,1.0,1.0,0.5932209500203993
3003,1724e4388e1fa5055,True,,,,,,,,,,1.0,0.0,1.0,1.0,0.6277237524078473,1.0,0.0,1.0,1.0,0.0
3004,bb000886556fcf3ea,True,,,,,,,,,,1.0,1.0,1.0,1.0,0.6193106494707564,1.0,0.0,1.0,1.0,0.7560345779596114
3005,7f0f949c3d0d9fe1f,True,,,,,,,,,,1.0,1.0,1.0,1.0,1.0,1.0,0.0,1.0,1.0,0.875
3006,4689ca7c12d8569bc,True,,,,,,,,,,1.0,0.0,0.5,1.0,0.6883986918017818,1.0,1.0,1.0,0.0,0.0
3007,eeae7aeaf248f7830,True,,,,,,,,,,1.0,0.0,0.0,1.0,1.0,1.0,1.0,1.0,0.0,0.0
3008,129fa714e230a9eae,True,,,,,,,,,,1.0,1.0,0.0,1.0,0.9636229510666794,1.0,0.0,1.0,1.0,0.0
3009,155b9d04c8ecbdf6e,True,,,,,,,,,,1.0,1.0,1.0,1.0,1.0,1.0,1.0,1.0,1.0,1.0
3010,92543dc9e560f1be0,True,,,,,,,,,,1.0,1.0,1.0,1.0,1.0,1.0,1.0,1.0,1.0,1.0
3011,556d1d92f66a8344d,True,,,,,,,,,,1.0,1.0,1.0,1.0,0.004207080347514001,1.0,0.0,1.0,1.0,0.5638147126085982
3012,5c1c76ff6dae6f388,True,,,,,,,,,,1.0,1.0,1.0,1.0,0.6355900271613296,1.0,0.0,1.0,1.0,0.7611218834879155
3013,384e8594099b2b5f2,True,,,,,,,,,,1.0,1.0,1.0,1.0,0.14881216881493797,1.0,0.0,1.0,1.0,0.6090038027546681
3014,252b55b927f05ad09,True,,,,,,,,,,1.0,1.0,1.0,1.0,0.1037082262207381,1.0,1.0,1.0,1.0,0.7199088206939807
3015,e64bbff1f3e0c30be,True,,,,,,,,,,1.0,1.0,1.0,1.0,0.2265291367778055,1.0,0.0,1.0,1.0,0.6332903552430642
3016,1aba878032e3e7e6d,True,,,,,,,,,,0.0,0.0,1.0,1.0,0.6423518534617905,1.0,1.0,1.0,1.0,0.0
3017,9a36095a5f0caaafd,True,,,,,,,,,,1.0,1.0,1.0,1.0,0.0,1.0,1.0,1.0,1.0,0.6875
3018,24f191a721f816f48,True,,,,,,,,,,1.0,1.0,1.0,1.0,0.4579877373436862,1.0,1.0,1.0,1.0,0.8306211679199019
3019,dedf2ffe66804a16a,True,,,,,,,,,,1.0,0.0,1.0,1.0,0.460123997190814,1.0,1.0,1.0,1.0,0.0
3020,94c40772ee3c5ee01,True,,,,,,,,,,1.0,0.0,0.0,1.0,1.0,0.0,1.0,1.0,0.0,0.0
3021,473600f4c7f5be5c9,True,,,,,,,,,,1.0,0.0,1.0,1.0,0.601125601989078,1.0,1.0,1.0,1.0,0.0
3022,ad467d131723f8e9e,True,,,,,,,,,,1.0,1.0,1.0,1.0,0.056476049004496154,1.0,1.0,0.0,0.0,0.455148765313905
3023,8ccebe9711753a11b,True,,,,,,,,,,1.0,1.0,1.0,1.0,0.17978101164331156,1.0,1.0,1.0,1.0,0.7436815661385349
3024,1b0a591d6b3ec8ee1,True,,,,,,,,,,1.0,1.0,1.0,1.0,0.5814084264136077,1.0,1.0,1.0,0.0,0.7441901332542524
3025,d9b6f0d1e16d88b7e,True,,,,,,,,,,0.0,0.0,0.5,1.0,1.0,0.0,1.0,0.0,0.0,0.0
3026,5b32d8e1dbbbd670a,True,,,,,,,,,,1.0,1.0,0.0,1.0,1.0,1.0,0.0,1.0,1.0,0.0
3027,71311b352b3aa16e3,True,,,,,,,,,,1.0,1.0,1.0,1.0,0.10461666750008249,1.0,1.0,1.0,1.0,0.7201927085937758
3028,c24873028db688fff,True,,,,,,,,,,1.0,1.0,1.0,1.0,0.44634848040294856,1.0,0.0,1.0,1.0,0.7019839001259214
3029,2947a7779fffc9a73,True,,,,,,,,,,1.0,0.0,0.5,1.0,1.0,1.0,1.0,1.0,0.0,0.0
3030,63539a8af8e7678fa,True,,,,,,,,,,1.0,0.0,0.0,1.0,0.39312174012157325,1.0,0.0,1.0,0.0,0.0
3031,a71e198a60b5a7b1b,True,,,,,,,,,,1.0,1.0,1.0,1.0,1.0,1.0,1.0,1.0,1.0,1.0
3032,24474e28c524b8a8a,True,,,,,,,,,,1.0,0.0,0.0,1.0,1.0,1.0,0.0,1.0,0.0,0.0
3033,0e733cf0e386ffd7e,True,,,,,,,,,,1.0,0.0,1.0,1.0,1.0,1.0,0.0,1.0,1.0,0.0
3034,117c9da6253882bd5,True,,,,,,,,,,0.0,1.0,1.0,1.0,0.9306009644781741,0.0,0.0,1.0,1.0,0.0
3035,6d9912bf7efcd9fa0,True,,,,,,,,,,1.0,1.0,1.0,1.0,0.15571856935038822,1.0,1.0,1.0,1.0,0.7361620529219963
3036,00fac31cd24587354,True,,,,,,,,,,1.0,1.0,1.0,1.0,0.32796111674409345,1.0,0.0,1.0,1.0,0.6649878489825292
3037,394d8ba443460b0bf,True,,,,,,,,,,1.0,1.0,1.0,1.0,0.14484662578487836,1.0,0.0,1.0,1.0,0.6077645705577746
3038,4ed26e14929f14eb4,True,,,,,,,,,,1.0,1.0,0.5,1.0,0.39326739222010476,1.0,0.0,1.0,0.0,0.28019803003439137
3039,82b0238fb02f13548,True,,,,,,,,,,0.0,0.0,0.0,1.0,1.0,0.0,0.0,1.0,0.0,0.0
3040,96a58a5e3850d0b3d,True,,,,,,,,,,1.0,1.0,1.0,1.0,0.06551546390046567,1.0,1.0,1.0,1.0,0.7079735824688955
3041,e781cee1082355533,True,,,,,,,,,,0.5,0.0,1.0,1.0,1.0,0.0,1.0,1.0,1.0,0.0
3042,6d54d84f2aa7b99a8,True,,,,,,,,,,1.0,1.0,1.0,1.0,0.2332248881104572,1.0,1.0,1.0,1.0,0.7603827775345179
3043,8b44ee25391ad8a73,True,,,,,,,,,,1.0,1.0,1.0,1.0,1.0,1.0,1.0,1.0,1.0,1.0
3044,845c54f5c31f66323,True,,,,,,,,,,1.0,1.0,1.0,1.0,0.8628499368143402,1.0,1.0,1.0,1.0,0.9571406052544813
3045,38de297bc8ae7c55e,True,,,,,,,,,,1.0,1.0,1.0,1.0,0.0,1.0,1.0,1.0,1.0,0.6875
3046,b928ef9aeaf66b2ad,True,,,,,,,,,,0.0,0.0,0.5,1.0,1.0,0.0,0.0,1.0,0.0,0.0
3047,6eed4a0dccbd058f7,True,,,,,,,,,,1.0,1.0,1.0,1.0,0.24852963271953485,1.0,0.0,1.0,1.0,0.6401655102248547
3048,c624adea428b6fde5,True,,,,,,,,,,1.0,0.0,0.0,1.0,0.786586048801814,1.0,1.0,1.0,0.0,0.0
3049,8783df49ca89f8dd7,True,,,,,,,,,,0.0,0.0,0.0,1.0,1.0,0.0,1.0,0.0,0.0,0.0
3050,e9edc42aeefc7e850,True,,,,,,,,,,1.0,1.0,1.0,1.0,0.8258330670619066,1.0,0.0,1.0,0.0,0.6955728334568458
3051,0c4b91dd1d5fee81a,True,,,,,,,,,,1.0,0.0,0.5,1.0,1.0,1.0,0.0,1.0,1.0,0.0
3052,1de9185a9bb05abe5,True,,,,,,,,,,1.0,1.0,1.0,1.0,0.754940935611188,1.0,1.0,1.0,1.0,0.9234190423784963
3053,9ca95a29837848e74,True,,,,,,,,,,1.0,0.0,1.0,1.0,0.8538459102572893,1.0,0.0,0.0,0.0,0.0
3054,8f3dd68f4334d028e,True,,,,,,,,,,1.0,1.0,0.0,1.0,0.8302920309572113,1.0,0.0,1.0,0.0,0.0
3055,a78f2817702c75036,True,,,,,,,,,,1.0,0.0,1.0,1.0,0.6145228411112783,1.0,0.0,1.0,0.0,0.0
3056,c23d40512beeb21d4,True,,,,,,,,,,1.0,1.0,1.0,1.0,0.09495134327455874,1.0,1.0,1.0,1.0,0.7171722947732996
3057,3b99197cc8a0e07a3,True,,,,,,,,,,0.0,0.0,0.5,1.0,1.0,0.0,0.0,1.0,1.0,0.0
3058,daba931964ff703a5,True,,,,,,,,,,1.0,0.0,0.5,1.0,0.6779825485722851,1.0,0.0,1.0,1.0,0.0
3059,8fb206a9ce8434f01,True,,,,,,,,,,1.0,1.0,1.0,1.0,0.0,1.0,0.0,1.0,1.0,0.5625
3060,83dc61b75efe5e09e,True,,,,,,,,,,1.0,0.0,0.5,1.0,1.0,1.0,1.0,1.0,1.0,0.0
3061,7dd030c5962831b4d,True,,,,,,,,,,1.0,0.0,0.0,1.0,0.8361501797368076,1.0,1.0,1.0,1.0,0.0
3062,47c8824494b12b2ae,True,,,,,,,,,,1.0,1.0,1.0,1.0,0.3933706140308013,1.0,1.0,1.0,1.0,0.8104283168846254
3063,5b8a84de1fcdc3118,True,,,,,,,,,,1.0,0.0,1.0,0.0,1.0,1.0,0.0,1.0,1.0,0.0
3064,a2ebc2aec41ccbb33,True,,,,,,,,,,1.0,1.0,1.0,1.0,0.12901861681506424,1.0,1.0,1.0,1.0,0.7278183177547075
3065,1282ea8855e3dab29,True,,,,,,,,,,1.0,1.0,1.0,1.0,1.0,1.0,1.0,1.0,1.0,1.0
3066,a9400ab68fb27ff72,True,,,,,,,,,,1.0,0.0,0.5,1.0,1.0,1.0,0.0,1.0,1.0,0.0
3067,f6807a15ef236a60e,True,,,,,,,,,,1.0,0.0,0.5,1.0,1.0,1.0,0.0,0.0,0.0,0.0
3068,b02f376e03d453a0a,True,,,,,,,,,,0.0,1.0,1.0,1.0,1.0,0.0,1.0,1.0,1.0,0.0
3069,2dbd58ac0d23460fd,True,,,,,,,,,,1.0,0.0,1.0,1.0,0.3782630510134694,1.0,1.0,1.0,1.0,0.0
3070,8003dfc9e785aaede,True,,,,,,,,,,0.0,0.0,0.5,1.0,1.0,0.0,1.0,1.0,1.0,0.0
3071,ae4f3518384257a07,True,,,,,,,,,,1.0,1.0,1.0,1.0,0.0892318651610723,1.0,1.0,1.0,1.0,0.7153849578628351
3072,562756132cea470ea,True,,,,,,,,,,1.0,0.0,1.0,1.0,0.5104778242363524,1.0,1.0,1.0,1.0,0.0
3073,dab22ead12dbdd7e4,True,,,,,,,,,,1.0,1.0,1.0,1.0,0.09715009967391765,1.0,1.0,1.0,1.0,0.7178594061480993
3074,842ac0b9f9e4a08ca,True,,,,,,,,,,1.0,1.0,1.0,1.0,0.0,1.0,1.0,1.0,1.0,0.6875
3075,c1db792a77989232e,True,,,,,,,,,,1.0,1.0,1.0,1.0,0.0,1.0,0.0,1.0,1.0,0.5625
3076,441af8c8c4d582d12,True,,,,,,,,,,1.0,1.0,1.0,1.0,1.0,1.0,0.0,1.0,1.0,0.875
3077,e2a4ea3d760b37276,True,,,,,,,,,,1.0,1.0,1.0,1.0,0.25096830422243765,1.0,1.0,1.0,1.0,0.7659275950695118
3078,f5fd2bdb809b789db,True,,,,,,,,,,1.0,0.0,0.0,1.0,1.0,1.0,0.0,1.0,1.0,0.0
3079,94f50219a9dc3389d,True,,,,,,,,,,0.0,0.0,0.0,1.0,1.0,0.0,1.0,0.0,0.0,0.0
3080,51438ce1bf4a62b2e,True,,,,,,,,,,1.0,1.0,1.0,1.0,0.03871472786867225,1.0,1.0,1.0,1.0,0.6995983524589601
3081,d6c514686f23569a7,True,,,,,,,,,,1.0,1.0,1.0,1.0,0.0,1.0,0.0,1.0,1.0,0.5625
3082,00c31cdc6c3be2b28,True,,,,,,,,,,1.0,1.0,1.0,1.0,0.0,1.0,1.0,0.0,1.0,0.5625
3083,19a22a2c5501797dc,True,,,,,,,,,,1.0,0.0,0.0,1.0,0.832835918545608,1.0,1.0,1.0,1.0,0.0
3084,90ffd09937f409beb,True,,,,,,,,,,1.0,1.0,1.0,1.0,0.22209637174608027,1.0,0.0,1.0,1.0,0.6319051161706501
3085,1aa011bf1da1bf1c7,True,,,,,,,,,,1.0,1.0,1.0,1.0,0.12398348318392995,1.0,1.0,1.0,1.0,0.7262448384949781
3086,f3b236d797b3e906c,True,,,,,,,,,,1.0,1.0,1.0,1.0,0.2753471205032354,1.0,0.0,1.0,1.0,0.6485459751572611
3087,1f18c770d2cfe8d3c,True,,,,,,,,,,0.0,0.0,0.5,1.0,1.0,0.0,0.0,1.0,1.0,0.0
3088,dd2ee657886ef2e66,True,,,,,,,,,,1.0,1.0,1.0,1.0,0.3404112834621502,1.0,0.0,1.0,1.0,0.6688785260819219
3089,f15e1bae8a03b12b1,True,,,,,,,,,,1.0,1.0,0.5,1.0,0.9619453096657276,1.0,0.0,1.0,1.0,0.4315539546352699
3090,928a526fdbbdedce9,True,,,,,,,,,,0.0,1.0,1.0,1.0,1.0,0.0,1.0,1.0,0.0,0.0
3091,b94f2a8ed48de97e9,True,,,,,,,,,,1.0,0.0,1.0,1.0,0.8770156053692765,1.0,1.0,1.0,1.0,0.0
3092,df49c73fde01293e8,True,,,,,,,,,,1.0,1.0,1.0,1.0,0.0,1.0,1.0,1.0,1.0,0.6875
3093,ddb08f9eb92516246,True,,,,,,,,,,1.0,0.0,0.0,1.0,0.7131378258282188,1.0,1.0,1.0,1.0,0.0
3094,a3ebde725e612b5f3,True,,,,,,,,,,1.0,0.0,0.5,1.0,0.44503345341788325,1.0,0.0,1.0,1.0,0.0
3095,977efa0295ed47613,True,,,,,,,,,,1.0,0.0,1.0,1.0,1.0,1.0,0.0,1.0,1.0,0.0
3096,d1dbac626089838d2,True,,,,,,,,,,1.0,0.0,0.0,1.0,1.0,1.0,0.0,1.0,1.0,0.0
3097,1f61d345cacd5e1d1,True,,,,,,,,,,1.0,0.0,1.0,1.0,0.9787391234298854,1.0,1.0,1.0,1.0,0.0
3098,8b017e76640de2142,True,,,,,,,,,,1.0,0.0,0.0,1.0,1.0,1.0,1.0,1.0,0.0,0.0
3099,7e4af807f673c946b,True,,,,,,,,,,1.0,0.0,0.0,1.0,0.8271166359168178,1.0,0.0,1.0,0.0,0.0
3100,083ca0b9e4853254e,True,,,,,,,,,,1.0,0.0,0.5,1.0,1.0,1.0,0.0,1.0,1.0,0.0
3101,15c7d65066442dddd,True,,,,,,,,,,1.0,0.0,1.0,1.0,1.0,1.0,0.0,1.0,1.0,0.0
3102,f3e993209190be300,True,,,,,,,,,,1.0,1.0,1.0,1.0,0.12005553238468646,1.0,1.0,1.0,1.0,0.7250173538702145
3103,c89e54cc4c778e2c6,True,,,,,,,,,,1.0,0.0,0.5,1.0,0.7153880815114512,1.0,0.0,1.0,1.0,0.0
3104,15b6cbe22ab535f70,True,,,,,,,,,,1.0,0.0,0.0,1.0,0.6951066253127073,1.0,0.0,1.0,1.0,0.0
3105,67c191e1da4b23c8a,True,,,,,,,,,,1.0,1.0,1.0,1.0,0.3489284526081269,1.0,0.0,1.0,1.0,0.6715401414400397
3106,5f19a901791abf90c,True,,,,,,,,,,1.0,0.0,1.0,1.0,0.10937247158672231,1.0,0.0,1.0,1.0,0.0
3107,e92394471671ed533,True,,,,,,,,,,1.0,1.0,1.0,1.0,0.05524707127074498,1.0,1.0,1.0,1.0,0.7047647097721078
3108,f754ec519c407f213,True,,,,,,,,,,0.5,0.0,0.5,1.0,0.40670221141290497,0.0,1.0,1.0,0.0,0.0
3109,786b8a8821747f0ce,True,,,,,,,,,,1.0,1.0,0.5,1.0,1.0,1.0,0.0,1.0,1.0,0.4375
3110,c725d6fa44dc9c6d6,True,,,,,,,,,,0.0,1.0,0.5,1.0,1.0,0.0,1.0,1.0,1.0,0.0
3111,2676c3c7286b4756a,True,,,,,,,,,,1.0,1.0,1.0,1.0,0.18284489279638563,1.0,1.0,1.0,1.0,0.7446390289988705
3112,9e017dbb384c3b2b8,True,,,,,,,,,,1.0,1.0,1.0,1.0,1.0,1.0,0.0,1.0,1.0,0.875
3113,02b412777e6ce82cd,True,,,,,,,,,,1.0,1.0,1.0,1.0,1.0,1.0,0.0,1.0,1.0,0.875
3114,d783a4e289c7f6c20,True,,,,,,,,,,1.0,1.0,1.0,1.0,0.7860350008888662,1.0,0.0,1.0,1.0,0.8081359377777707
3115,e98e051c6f03d55bd,True,,,,,,,,,,1.0,0.0,0.5,1.0,0.8791488735830193,1.0,1.0,1.0,0.0,0.0
3116,4aaea4c50ce77a4de,True,,,,,,,,,,0.5,0.0,0.0,0.0,1.0,0.0,1.0,1.0,1.0,0.0
3117,205e1f314131287bc,True,,,,,,,,,,1.0,1.0,1.0,1.0,0.0,1.0,1.0,1.0,1.0,0.6875
3118,5ca342ee0bfdecb05,True,,,,,,,,,,1.0,1.0,1.0,1.0,1.0,1.0,1.0,1.0,1.0,1.0
3119,537f7c58a5c39bec7,True,,,,,,,,,,1.0,0.0,0.0,1.0,0.8640905323097354,1.0,0.0,1.0,1.0,0.0
3120,a33c0d08df145dd4a,True,,,,,,,,,,0.0,1.0,1.0,1.0,1.0,0.0,1.0,1.0,1.0,0.0
3121,e6ff8ec91b67a0256,True,,,,,,,,,,1.0,0.0,0.0,1.0,0.3604281631144136,1.0,0.0,1.0,0.0,0.0
3122,dfa834bc1ba00afb5,True,,,,,,,,,,0.0,0.0,0.0,1.0,1.0,0.0,0.0,1.0,0.0,0.0
3123,2653246a8dbdf690b,True,,,,,,,,,,1.0,1.0,0.5,1.0,0.4292852617088647,1.0,0.0,1.0,1.0,0.34832582214201013
3124,a2a9c734a84da7235,True,,,,,,,,,,1.0,0.0,0.0,1.0,1.0,1.0,0.0,1.0,1.0,0.0
3125,0ba7e570a3d546654,True,,,,,,,,,,1.0,1.0,0.5,1.0,0.7816223645337357,1.0,0.0,1.0,1.0,0.4033784944583962
3126,6663c84e1f3447a03,True,,,,,,,,,,1.0,1.0,1.0,1.0,0.1055759419751279,1.0,0.0,1.0,1.0,0.5954924818672275
3127,ab7c66f93bd1cb471,True,,,,,,,,,,1.0,0.0,0.5,1.0,1.0,1.0,0.0,1.0,1.0,0.0
3128,cd55f0d35ddb36337,True,,,,,,,,,,0.0,0.0,0.0,1.0,0.38354683675500656,0.0,0.0,1.0,0.0,0.0
3129,cc84a91b9d7b3a3d5,True,,,,,,,,,,1.0,0.0,0.0,1.0,0.72985924798932,1.0,0.0,1.0,1.0,0.0
3130,bda8e2ddfcebef730,True,,,,,,,,,,0.0,0.0,0.0,1.0,1.0,0.0,0.0,1.0,1.0,0.0
3131,728522f233e8a9fa9,True,,,,,,,,,,1.0,0.0,0.0,1.0,1.0,1.0,0.0,1.0,1.0,0.0
3132,b9297371e1c1fc881,True,,,,,,,,,,1.0,1.0,1.0,1.0,1.0,1.0,0.0,1.0,1.0,0.875
3133,9bfb6e5100707e5d1,True,,,,,,,,,,1.0,0.0,1.0,1.0,0.89422260602493,1.0,1.0,1.0,1.0,0.0
3134,031cc5379a5e98feb,True,,,,,,,,,,1.0,1.0,1.0,1.0,0.9731173913865061,1.0,0.0,1.0,1.0,0.8665991848082831
3135,d4c12619399c7d2e4,True,,,,,,,,,,1.0,1.0,1.0,1.0,0.38186128688892795,1.0,1.0,1.0,0.0,0.68183165215279
3136,281e89e3d9a31b9b6,True,,,,,,,,,,1.0,1.0,1.0,1.0,0.4169659911639961,1.0,1.0,1.0,1.0,0.8178018722387488
3137,ff355597ff0f68f3c,True,,,,,,,,,,1.0,1.0,1.0,1.0,0.0,1.0,0.0,1.0,1.0,0.5625
3138,d241d7576360a6907,True,,,,,,,,,,1.0,1.0,1.0,1.0,0.7613438345618684,1.0,0.0,1.0,1.0,0.8004199483005838
3139,dbf49f5df6cc0b159,True,,,,,,,,,,1.0,0.0,0.5,1.0,1.0,1.0,0.0,1.0,1.0,0.0
3140,8ace04c31034f39f7,True,,,,,,,,,,0.5,1.0,1.0,1.0,1.0,0.0,0.0,1.0,1.0,0.28125
3141,5f175bac4c1de5964,True,,,,,,,,,,1.0,0.0,0.5,1.0,0.605023161686278,1.0,0.0,1.0,1.0,0.0
3142,761fdfcb355d74f9b,True,,,,,,,,,,0.0,1.0,1.0,1.0,1.0,1.0,1.0,1.0,1.0,0.0
3143,c6c91a989e2c0ae69,True,,,,,,,,,,1.0,1.0,1.0,1.0,0.5230719613296175,1.0,0.0,1.0,1.0,0.7259599879155054
3144,43bcce57368a6bbc8,True,,,,,,,,,,1.0,1.0,0.0,1.0,1.0,1.0,0.0,1.0,1.0,0.0
3145,1f7d87b846306d4ed,True,,,,,,,,,,1.0,1.0,1.0,1.0,1.0,1.0,0.0,1.0,1.0,0.875
3146,362376a65fe8ca576,True,,,,,,,,,,1.0,1.0,1.0,1.0,0.3673639486126981,1.0,0.0,1.0,1.0,0.6773012339414681
3147,3b0bf79a32b642604,True,,,,,,,,,,0.5,0.0,0.5,1.0,0.644528535757215,0.0,1.0,0.0,0.0,0.0
3148,3c70a054e8d40ce21,True,,,,,,,,,,0.0,1.0,1.0,1.0,1.0,0.0,0.0,1.0,1.0,0.0
3149,b1914ef64d65f8786,True,,,,,,,,,,1.0,1.0,1.0,1.0,0.10759845837855933,1.0,1.0,1.0,1.0,0.7211245182432998
3150,1e33e12832b3a171e,True,,,,,,,,,,1.0,1.0,1.0,1.0,0.0,1.0,0.0,1.0,1.0,0.5625
3151,f422184af5c3c266b,True,,,,,,,,,,0.0,1.0,1.0,1.0,1.0,0.0,1.0,1.0,1.0,0.0
3152,3110b909a8ee018b8,True,,,,,,,,,,0.0,1.0,1.0,1.0,1.0,0.0,0.0,1.0,1.0,0.0
3153,6f43b1ff7218bc4e6,True,,,,,,,,,,1.0,1.0,1.0,1.0,0.36728948938223094,1.0,1.0,1.0,1.0,0.8022779654319472
3154,aeafb748fb3a37e8c,True,,,,,,,,,,1.0,1.0,1.0,1.0,0.2783040645583052,1.0,1.0,1.0,1.0,0.7744700201744703
3155,c7c0caa29dbf55999,True,,,,,,,,,,0.0,0.0,0.0,1.0,1.0,0.0,0.0,1.0,0.0,0.0
3156,9e800327f6e34c777,True,,,,,,,,,,0.0,1.0,1.0,0.0,1.0,0.0,0.0,1.0,1.0,0.0
3157,88d72263f1af2d277,True,,,,,,,,,,1.0,0.0,0.0,1.0,1.0,1.0,0.0,1.0,0.0,0.0
3158,749fa88824e849ee8,True,,,,,,,,,,0.0,0.0,0.0,1.0,0.9320971229204316,0.0,0.0,1.0,1.0,0.0
3159,e1d9c45d963c62c2d,True,,,,,,,,,,1.0,0.0,1.0,1.0,0.30570859997095806,1.0,1.0,1.0,1.0,0.0
3160,02a66384ce22f1be6,True,,,,,,,,,,1.0,1.0,1.0,1.0,0.0,1.0,1.0,1.0,1.0,0.6875
3161,cc7eeb6ef4e923a61,True,,,,,,,,,,0.5,0.0,0.0,1.0,1.0,0.0,0.0,1.0,1.0,0.0
3162,fe2856fd4df6ee473,True,,,,,,,,,,1.0,0.0,0.0,1.0,0.7153630289759104,1.0,0.0,1.0,1.0,0.0
3163,28e1ed77c94cf4d91,True,,,,,,,,,,1.0,0.0,0.0,1.0,0.5051363147582851,1.0,0.0,1.0,0.0,0.0
3164,853836094a41151fa,True,,,,,,,,,,1.0,1.0,1.0,1.0,0.09946594074301024,1.0,1.0,1.0,1.0,0.7185831064821907
3165,6ab786f972b45ffe0,True,,,,,,,,,,1.0,0.0,1.0,1.0,0.17749881700416645,1.0,0.0,1.0,1.0,0.0
3166,88d3fad9cfca7c0ad,True,,,,,,,,,,1.0,1.0,1.0,1.0,0.44044218859923884,1.0,1.0,1.0,1.0,0.8251381839372621
3167,7eaedaf0e0d844712,True,,,,,,,,,,1.0,0.0,0.5,1.0,0.8144671128167371,1.0,1.0,1.0,1.0,0.0
3168,88fb73c3952c8f9ea,True,,,,,,,,,,0.0,1.0,1.0,1.0,1.0,0.0,0.0,1.0,1.0,0.0
3169,0fc3bc1b7fce2461a,True,,,,,,,,,,1.0,0.0,1.0,1.0,0.8745749012705887,1.0,0.0,1.0,1.0,0.0
3170,d3fe928c762b0cd0d,True,,,,,,,,,,1.0,1.0,1.0,1.0,0.36528354250955053,1.0,0.0,1.0,1.0,0.6766511070342345
3171,3de0117d8b0d82352,True,,,,,,,,,,1.0,1.0,1.0,1.0,0.2105679886429997,1.0,0.0,1.0,1.0,0.6283024964509374
3172,2d48cd27787fdf6f7,True,,,,,,,,,,1.0,1.0,1.0,1.0,1.0,1.0,1.0,1.0,1.0,1.0
3173,7459b322982d2932c,True,,,,,,,,,,0.5,0.0,0.5,1.0,1.0,0.0,1.0,1.0,1.0,0.0
3174,3c99b1ada8877591e,True,,,,,,,,,,1.0,0.0,0.5,1.0,1.0,1.0,1.0,1.0,1.0,0.0
3175,97a528bb2a0be2c1c,True,,,,,,,,,,1.0,1.0,1.0,1.0,0.07602206509170516,1.0,0.0,1.0,1.0,0.5862568953411579
3176,36f3fac010047f5a8,True,,,,,,,,,,1.0,0.0,1.0,1.0,1.0,1.0,0.0,1.0,1.0,0.0
3177,3df43c406e596ada4,True,,,,,,,,,,1.0,1.0,1.0,1.0,0.1683864103133314,1.0,0.0,1.0,1.0,0.615120753222916
3178,c03a37189cd1ca69a,True,,,,,,,,,,0.0,0.0,0.0,1.0,1.0,0.0,0.0,1.0,1.0,0.0
3179,370e1eb0a4295a2bc,True,,,,,,,,,,1.0,0.0,0.0,1.0,0.0,1.0,0.0,0.0,0.0,0.0
3180,35cc09d55a37ee702,True,,,,,,,,,,1.0,1.0,1.0,1.0,0.0,1.0,1.0,1.0,1.0,0.6875
3181,081da8854328d5c79,True,,,,,,,,,,1.0,1.0,1.0,1.0,0.07838110502593577,1.0,0.0,1.0,1.0,0.586994095320605
3182,86ec67f271b64b199,True,,,,,,,,,,1.0,0.0,0.0,1.0,0.6234866532172183,1.0,0.0,1.0,0.0,0.0
3183,f5d0746ef157601ff,True,,,,,,,,,,1.0,1.0,1.0,1.0,0.2068220075051064,1.0,1.0,1.0,1.0,0.7521318773453458
3184,f960c8624d9938147,True,,,,,,,,,,1.0,0.0,0.0,1.0,1.0,1.0,0.0,1.0,1.0,0.0
3185,530edf0e35aa025b6,True,,,,,,,,,,0.0,1.0,1.0,1.0,1.0,0.0,1.0,1.0,1.0,0.0
3186,7272b7a2cb56feb27,True,,,,,,,,,,1.0,0.0,0.5,1.0,0.6386065789817337,1.0,1.0,1.0,0.0,0.0
3187,c73b72769d48ae4f5,True,,,,,,,,,,1.0,0.0,1.0,1.0,1.0,1.0,1.0,1.0,1.0,0.0
3188,a4a30a8fdac11dd71,True,,,,,,,,,,1.0,1.0,1.0,1.0,0.09340758151448834,1.0,1.0,1.0,1.0,0.7166898692232776
3189,7128f87176a382be0,True,,,,,,,,,,1.0,0.0,1.0,1.0,1.0,1.0,1.0,1.0,1.0,0.0
3190,44af46da795f58fa1,True,,,,,,,,,,1.0,1.0,1.0,1.0,0.09310629772334487,1.0,1.0,1.0,1.0,0.7165957180385453
3191,8821c536a27933ed5,True,,,,,,,,,,0.5,0.0,1.0,1.0,1.0,0.0,0.0,1.0,1.0,0.0
3192,9d5d767fac644cae7,True,,,,,,,,,,1.0,0.0,0.0,1.0,1.0,1.0,0.0,1.0,1.0,0.0
3193,9606e967ad3c59ad3,True,,,,,,,,,,0.0,0.0,0.0,1.0,1.0,0.0,0.0,1.0,0.0,0.0
3194,6a3bedd49247610ca,True,,,,,,,,,,0.5,0.0,0.5,1.0,0.4592706023334781,0.0,0.0,1.0,0.0,0.0
3195,c98ccf44f3285fa8b,True,,,,,,,,,,1.0,1.0,1.0,1.0,0.8279371777731573,1.0,1.0,1.0,1.0,0.9462303680541116
3196,d02177dc313467bf7,True,,,,,,,,,,1.0,0.0,0.0,1.0,1.0,1.0,0.0,1.0,0.0,0.0
3197,32e86d0bba3339136,True,,,,,,,,,,1.0,1.0,1.0,1.0,0.116111584772893,1.0,0.0,1.0,1.0,0.598784870241529
3198,a8335bbfcf7c51cd5,True,,,,,,,,,,1.0,0.0,1.0,1.0,0.9052642696129759,1.0,0.0,1.0,1.0,0.0
3199,f9a60116425308d57,True,,,,,,,,,,1.0,0.0,0.0,1.0,1.0,1.0,0.0,1.0,1.0,0.0
3200,43f7d2bb6b4b6f35a,True,,,,,,,,,,1.0,0.0,1.0,1.0,1.0,1.0,0.0,1.0,1.0,0.0
3201,6023b53fce21949e9,True,,,,,,,,,,1.0,1.0,1.0,1.0,0.2652180432057757,1.0,0.0,1.0,1.0,0.6453806385018049
3202,18cf30de794bcf3f5,True,,,,,,,,,,0.0,0.0,0.5,1.0,1.0,0.0,0.0,1.0,1.0,0.0
3203,27fe2548642974f6e,True,,,,,,,,,,0.0,1.0,1.0,1.0,0.36370755995276277,0.0,0.0,1.0,1.0,0.0
3204,b7f6a370ec46c9fef,True,,,,,,,,,,1.0,1.0,1.0,1.0,0.14189818215535557,1.0,1.0,1.0,1.0,0.7318431819235487
3205,b70d444b82722ea24,True,,,,,,,,,,1.0,0.0,0.0,1.0,1.0,1.0,0.0,1.0,1.0,0.0
3206,38c6024c468e96db8,True,,,,,,,,,,1.0,1.0,0.5,1.0,0.4289696859094311,1.0,0.0,1.0,1.0,0.3482765134233486
3207,c62f78ae6b2bb3ad4,True,,,,,,,,,,1.0,0.0,1.0,1.0,0.933591902210569,1.0,1.0,1.0,1.0,0.0
3208,5e4e80a50729b531a,True,,,,,,,,,,1.0,1.0,1.0,1.0,0.1488038908102978,1.0,1.0,1.0,1.0,0.7340012158782181
3209,2cc336777225529c2,True,,,,,,,,,,1.0,1.0,1.0,1.0,1.0,1.0,1.0,1.0,1.0,1.0
3210,cc640d20710f182c6,True,,,,,,,,,,0.0,0.0,0.0,1.0,1.0,0.0,0.0,0.0,0.0,0.0
3211,fb36ad22580aff945,True,,,,,,,,,,0.0,0.0,0.0,1.0,1.0,0.0,0.0,1.0,0.0,0.0
3212,1f85e503d38a543ba,True,,,,,,,,,,1.0,1.0,1.0,1.0,0.7468619209309514,1.0,0.0,1.0,1.0,0.7958943502909224
3213,04c0d966a74c0c8e0,True,,,,,,,,,,0.0,0.0,1.0,1.0,1.0,0.0,1.0,1.0,1.0,0.0
3214,c27589c1692f0a130,True,,,,,,,,,,1.0,0.0,1.0,1.0,0.7833694488021459,1.0,1.0,1.0,1.0,0.0
3215,4a16da9c6c03b5918,True,,,,,,,,,,1.0,1.0,1.0,1.0,0.1013376211033195,1.0,0.0,1.0,1.0,0.5941680065947874
3216,7c6eb3ebf2ec0a507,True,,,,,,,,,,0.0,1.0,1.0,1.0,1.0,0.0,0.0,1.0,1.0,0.0
3217,bc20b8c58a5cffb8d,True,,,,,,,,,,1.0,1.0,0.5,1.0,1.0,1.0,0.0,1.0,1.0,0.4375
3218,5f64cfcf81e889869,True,,,,,,,,,,0.0,0.0,0.5,1.0,0.5463641904505199,0.0,0.0,1.0,1.0,0.0
3219,40f4ad799feb54f82,True,,,,,,,,,,1.0,1.0,1.0,0.0,1.0,1.0,1.0,1.0,1.0,0.0
3220,59af906a1320b6ea8,True,,,,,,,,,,1.0,0.0,0.5,1.0,1.0,1.0,1.0,1.0,0.0,0.0
3221,e87f91497184fed2b,True,,,,,,,,,,0.0,0.0,1.0,1.0,1.0,0.0,1.0,1.0,1.0,0.0
3222,d6d8e9eb7b9c1befa,True,,,,,,,,,,1.0,1.0,1.0,1.0,0.07575566241864741,1.0,1.0,1.0,1.0,0.7111736445058273
3223,8f0ed4cbd9cfb8ff3,True,,,,,,,,,,0.0,1.0,1.0,1.0,1.0,0.0,1.0,1.0,1.0,0.0
3224,da66c0e7baeb30f35,True,,,,,,,,,,1.0,0.0,0.0,1.0,0.7298566012244809,1.0,0.0,1.0,1.0,0.0
3225,4239966d2e8490d01,True,,,,,,,,,,1.0,1.0,1.0,1.0,0.5423283465990785,1.0,0.0,1.0,1.0,0.731977608312212
3226,2f18d7c845a84a85c,True,,,,,,,,,,1.0,1.0,1.0,1.0,0.914423564902077,1.0,0.0,1.0,1.0,0.8482573640318991
3227,444448ad7659dcee6,True,,,,,,,,,,0.0,0.0,1.0,1.0,1.0,0.0,1.0,1.0,1.0,0.0
3228,2c3eb63a9cdff8129,True,,,,,,,,,,1.0,1.0,1.0,1.0,0.0,1.0,0.0,1.0,1.0,0.5625
3229,d617dbbef56f36875,True,,,,,,,,,,1.0,0.0,0.5,1.0,0.7909517720371568,1.0,0.0,1.0,1.0,0.0
3230,38237140ae3e57418,True,,,,,,,,,,1.0,1.0,1.0,1.0,0.6110859083234014,1.0,0.0,1.0,1.0,0.753464346351063
3231,95068a2e2c9c01e85,True,,,,,,,,,,1.0,1.0,1.0,1.0,0.5549355967916009,1.0,0.0,1.0,1.0,0.7359173739973752
3232,b4fddb3dce784392e,True,,,,,,,,,,0.0,1.0,1.0,1.0,1.0,0.0,0.0,1.0,0.0,0.0
3233,07d601991746bbf45,True,,,,,,,,,,0.0,0.0,0.5,1.0,1.0,0.0,0.0,1.0,1.0,0.0
3234,47349a858e8660e9e,True,,,,,,,,,,1.0,0.0,0.0,1.0,1.0,1.0,0.0,1.0,1.0,0.0
3235,eafc663e431fb2efe,True,,,,,,,,,,1.0,0.0,0.0,1.0,0.25811111804892967,1.0,0.0,0.0,0.0,0.0
3236,ad104e5c73f603ad8,True,,,,,,,,,,1.0,1.0,1.0,1.0,0.020800413862814036,1.0,1.0,1.0,1.0,0.6940001293321294
3237,9b4e2ae84afe8c832,True,,,,,,,,,,1.0,1.0,1.0,1.0,0.08941619719146264,1.0,1.0,1.0,1.0,0.7154425616223321
3238,02d2d3d4304682d94,True,,,,,,,,,,0.0,1.0,1.0,1.0,0.947976777657827,1.0,1.0,1.0,1.0,0.0
3239,fe81231e5ce13b101,True,,,,,,,,,,1.0,0.0,1.0,1.0,1.0,1.0,0.0,1.0,1.0,0.0
3240,41d2023a1a51da75e,True,,,,,,,,,,1.0,1.0,1.0,1.0,0.0,1.0,1.0,1.0,1.0,0.6875
3241,89d2e289ba7d3fd79,True,,,,,,,,,,1.0,0.0,0.0,1.0,1.0,1.0,0.0,1.0,1.0,0.0
3242,d24b8e6fb44849b23,True,,,,,,,,,,1.0,0.0,0.0,1.0,1.0,1.0,0.0,1.0,1.0,0.0
3243,7d7a22329b9cef777,True,,,,,,,,,,1.0,1.0,0.5,1.0,0.7018407061377987,1.0,1.0,1.0,1.0,0.453412610334031
3244,e5e284a0009e877d9,True,,,,,,,,,,1.0,0.0,0.0,1.0,1.0,1.0,0.0,1.0,1.0,0.0
3245,b19bff260481a9a60,True,,,,,,,,,,1.0,1.0,0.5,1.0,0.4373234503546495,1.0,0.0,1.0,1.0,0.349581789117914
3246,c0ff231e77243d969,True,,,,,,,,,,0.0,0.0,0.0,1.0,1.0,0.0,0.0,1.0,1.0,0.0
3247,14a818e9a0e3772dd,True,,,,,,,,,,0.0,0.0,0.0,1.0,0.9940112222501017,0.0,0.0,1.0,1.0,0.0
3248,9985c549514dec050,True,,,,,,,,,,1.0,0.0,0.0,1.0,1.0,1.0,0.0,1.0,1.0,0.0
3249,d50691398e89c58dd,True,,,,,,,,,,1.0,0.0,0.5,1.0,0.5658440328268851,1.0,0.0,1.0,1.0,0.0
3250,6a435ef26f38889a0,True,,,,,,,,,,0.0,1.0,0.5,1.0,1.0,0.0,0.0,1.0,0.0,0.0
3251,486ba1da3162e9265,True,,,,,,,,,,0.0,0.0,0.0,1.0,0.5489584405349287,0.0,0.0,0.0,0.0,0.0
3252,f1386d10ece58ca18,True,,,,,,,,,,1.0,1.0,1.0,1.0,0.2800015997949898,1.0,0.0,1.0,1.0,0.6500004999359343
3253,d4b0d052629a32f79,True,,,,,,,,,,1.0,1.0,1.0,1.0,0.9954626835665111,1.0,1.0,1.0,1.0,0.9985820886145347
3254,db7100201c9cbe2f6,True,,,,,,,,,,1.0,1.0,1.0,1.0,0.0,1.0,1.0,1.0,1.0,0.6875
3255,5dba5a1d4aea8c679,True,,,,,,,,,,1.0,1.0,1.0,1.0,0.4086595755857883,1.0,1.0,1.0,1.0,0.8152061173705588
3256,6c9c8eacefc209d52,True,,,,,,,,,,1.0,1.0,1.0,1.0,0.39842654865013527,1.0,1.0,1.0,1.0,0.8120082964531673
3257,1d37c78c98407e747,True,,,,,,,,,,0.0,1.0,0.5,1.0,1.0,0.0,0.0,1.0,1.0,0.0
3258,8499ef24e45dc8fa6,True,,,,,,,,,,1.0,0.0,0.0,1.0,1.0,1.0,0.0,1.0,1.0,0.0
3259,d694ab7fc94aa5dcf,True,,,,,,,,,,1.0,1.0,1.0,1.0,0.0,1.0,1.0,1.0,1.0,0.6875
3260,892cab52968bdafc3,True,,,,,,,,,,0.0,1.0,1.0,0.0,1.0,0.0,1.0,1.0,1.0,0.0
3261,9818610284ab89cea,True,,,,,,,,,,1.0,1.0,1.0,1.0,0.06205079894764051,1.0,0.0,1.0,1.0,0.5818908746711376
3262,8a5b80c748963e0a4,True,,,,,,,,,,1.0,0.0,0.5,1.0,0.779777234738365,1.0,1.0,1.0,1.0,0.0
3263,b9b2eb5e7bcdfdb6b,True,,,,,,,,,,1.0,0.0,1.0,1.0,0.35710881525058397,1.0,1.0,1.0,1.0,0.0
3264,e320a3747ddfe4a53,True,,,,,,,,,,1.0,1.0,0.5,1.0,0.39395912543844835,1.0,0.0,1.0,1.0,0.3428061133497575
3265,6cca874fda7a3507a,True,,,,,,,,,,0.0,0.0,1.0,1.0,1.0,0.0,0.0,1.0,1.0,0.0
3266,33ff9ec8e9bc148c8,True,,,,,,,,,,1.0,1.0,1.0,1.0,0.16112858293226112,1.0,1.0,1.0,1.0,0.7378526821663316
3267,b81b74ab58ca68574,True,,,,,,,,,,0.0,0.0,0.0,1.0,0.9904103835494287,0.0,0.0,0.0,0.0,0.0
3268,527b9dd077cc88c6e,True,,,,,,,,,,1.0,0.0,0.5,1.0,1.0,1.0,0.0,1.0,1.0,0.0
3269,2445e4f4ae3f0fc04,True,,,,,,,,,,0.0,0.0,0.0,1.0,1.0,0.0,0.0,1.0,1.0,0.0
3270,2bac8b14908f94a2b,True,,,,,,,,,,1.0,0.0,0.0,1.0,0.6577804667639121,1.0,0.0,1.0,0.0,0.0
3271,7442542b3671c78bc,True,,,,,,,,,,1.0,1.0,1.0,1.0,0.3616891056551388,1.0,1.0,1.0,1.0,0.8005278455172309
3272,548f3a3e3c14a9e80,True,,,,,,,,,,1.0,0.0,0.0,1.0,1.0,1.0,0.0,1.0,0.0,0.0
3273,1cba72845abd54b1e,True,,,,,,,,,,1.0,1.0,1.0,1.0,0.6786391835150423,1.0,0.0,1.0,1.0,0.7745747448484507
3274,ea22bac93bab13f69,True,,,,,,,,,,1.0,1.0,0.0,1.0,0.9126570167438797,1.0,0.0,1.0,0.0,0.0
3275,38cc35d94ab3f203c,True,,,,,,,,,,1.0,1.0,1.0,1.0,0.1783661784120641,1.0,0.0,1.0,1.0,0.61823943075377
3276,bed081d2dd114adb6,True,,,,,,,,,,1.0,0.0,0.0,1.0,1.0,1.0,0.0,1.0,1.0,0.0
3277,fa217f69e5273bf53,True,,,,,,,,,,1.0,1.0,1.0,1.0,0.0,1.0,1.0,1.0,1.0,0.6875
3278,2b500351ad1eb0fc8,True,,,,,,,,,,1.0,0.0,0.0,1.0,0.9946712851437335,1.0,1.0,1.0,0.0,0.0
3279,73c6cac7e07b1cf4f,True,,,,,,,,,,1.0,0.0,0.5,1.0,0.3795539448985459,1.0,0.0,1.0,0.0,0.0
3280,40e319c83aab2731d,True,,,,,,,,,,1.0,1.0,1.0,1.0,0.966554751286403,1.0,0.0,1.0,1.0,0.864548359777001
3281,477b98093c6f47fcc,True,,,,,,,,,,0.5,0.0,1.0,1.0,0.741745826093532,0.0,0.0,1.0,1.0,0.0
3282,6b912a3796564dd7e,True,,,,,,,,,,1.0,1.0,1.0,1.0,0.1526086064870594,1.0,0.0,1.0,1.0,0.610190189527206
3283,64173df5c7bc60b13,True,,,,,,,,,,1.0,1.0,1.0,1.0,0.0,1.0,0.0,1.0,1.0,0.5625
3284,1b26aaf90ef14383f,True,,,,,,,,,,1.0,1.0,1.0,1.0,1.0,0.0,1.0,1.0,1.0,0.6875
3285,01edf32aa82765229,True,,,,,,,,,,1.0,0.0,0.5,1.0,1.0,1.0,0.0,1.0,1.0,0.0
3286,19f37ab0ecf15f254,True,,,,,,,,,,1.0,0.0,0.5,1.0,0.8664518191080975,1.0,0.0,1.0,0.0,0.0
3287,f7e01b97b6868da57,True,,,,,,,,,,0.5,0.0,0.0,1.0,1.0,0.0,0.0,1.0,1.0,0.0
3288,44f34ef68cafc4814,True,,,,,,,,,,1.0,0.0,1.0,1.0,0.6933376878344735,1.0,1.0,1.0,1.0,0.0
3289,fb23a658d96acd780,True,,,,,,,,,,0.0,0.0,0.0,1.0,1.0,0.0,0.0,1.0,0.0,0.0
3290,96ae6eb1972fb4ba7,True,,,,,,,,,,0.0,0.0,0.0,1.0,1.0,0.0,0.0,0.0,0.0,0.0
3291,d6cfdfbe6733111b7,True,,,,,,,,,,1.0,1.0,1.0,1.0,1.0,1.0,0.0,1.0,1.0,0.875
3292,526b43badebf3eca2,True,,,,,,,,,,1.0,0.0,0.0,1.0,1.0,1.0,0.0,1.0,0.0,0.0
3293,bab53404d010ca7f6,True,,,,,,,,,,1.0,1.0,1.0,1.0,0.8829983754750436,1.0,0.0,1.0,1.0,0.8384369923359511
3294,10b2a2e4969e65b18,True,,,,,,,,,,1.0,0.0,1.0,1.0,0.3389899982295265,1.0,1.0,1.0,1.0,0.0
3295,0b444583aebb693a7,True,,,,,,,,,,1.0,1.0,1.0,1.0,1.0,1.0,1.0,1.0,0.0,0.875
3296,46c11df9f73cc2f71,True,,,,,,,,,,1.0,1.0,1.0,1.0,0.0,1.0,1.0,1.0,1.0,0.6875
3297,038ec02db8bacb10c,True,,,,,,,,,,1.0,1.0,1.0,1.0,0.002098044706826763,1.0,1.0,1.0,1.0,0.6881556389708834
3298,6d0d47e6df17b8442,True,,,,,,,,,,0.5,0.0,0.0,1.0,0.8716792106648329,0.0,0.0,1.0,0.0,0.0
3299,8fe0f4c205937d179,True,,,,,,,,,,1.0,1.0,1.0,1.0,0.10500958390717047,1.0,0.0,1.0,1.0,0.5953154949709908
3300,624b352e4b7f8d830,True,,,,,,,,,,1.0,1.0,1.0,1.0,0.6175473422726353,1.0,1.0,1.0,1.0,0.8804835444601985
3301,b7e52abb299941045,True,,,,,,,,,,0.0,1.0,1.0,1.0,1.0,0.0,1.0,1.0,0.0,0.0
3302,1b844c67dec9fe5a6,True,,,,,,,,,,1.0,1.0,1.0,1.0,0.4804457412415008,1.0,1.0,1.0,1.0,0.837639294137969
3303,f3f8e9c3fd11d36f3,True,,,,,,,,,,1.0,1.0,1.0,1.0,0.03772170651495934,1.0,1.0,1.0,1.0,0.6992880332859248
3304,32a33652619708c65,True,,,,,,,,,,1.0,1.0,1.0,1.0,0.7628680773043359,1.0,0.0,1.0,1.0,0.800896274157605
3305,8477f7ad00092e6c2,True,,,,,,,,,,1.0,1.0,1.0,1.0,1.0,1.0,1.0,1.0,1.0,1.0
3306,c3d36eb7fd24a9ca2,True,,,,,,,,,,0.5,0.0,0.0,1.0,0.8023303948427625,0.0,0.0,1.0,1.0,0.0
3307,be29b04863547d0c1,True,,,,,,,,,,0.0,1.0,1.0,1.0,1.0,0.0,1.0,1.0,0.0,0.0
3308,25e23d201bebf3f7f,True,,,,,,,,,,1.0,1.0,1.0,1.0,0.4378932988417512,1.0,0.0,0.0,0.0,0.44934165588804725
3309,b33c373192c8560d1,True,,,,,,,,,,1.0,0.0,0.5,1.0,0.41066550050167544,1.0,0.0,1.0,1.0,0.0
3310,aaa2921db2669810d,True,,,,,,,,,,1.0,0.0,1.0,1.0,0.6163156328616016,1.0,0.0,1.0,1.0,0.0
3311,28129e06d328f708d,True,,,,,,,,,,1.0,0.0,0.0,1.0,0.6173415009400669,1.0,0.0,0.0,0.0,0.0
3312,2c5a6bcca688df5f6,True,,,,,,,,,,1.0,0.0,0.0,1.0,1.0,1.0,0.0,1.0,1.0,0.0
3313,5bfde4f04f6f9257a,True,,,,,,,,,,1.0,0.0,0.0,1.0,0.900591728056111,1.0,0.0,1.0,1.0,0.0
3314,67ceda29f620bb598,True,,,,,,,,,,0.0,1.0,1.0,1.0,1.0,0.0,1.0,1.0,1.0,0.0
3315,dc7426c833a3749d6,True,,,,,,,,,,1.0,0.0,1.0,1.0,0.17569334217503124,1.0,1.0,1.0,1.0,0.0
3316,63a0b4eedb06db349,True,,,,,,,,,,1.0,0.0,0.0,1.0,1.0,1.0,0.0,1.0,0.0,0.0
3317,03777a197c96bea9d,True,,,,,,,,,,1.0,1.0,1.0,1.0,0.36805914240815407,1.0,1.0,1.0,1.0,0.8025184820025482
3318,965c2a5d3c105c295,True,,,,,,,,,,1.0,0.0,0.5,1.0,0.5166362194778659,1.0,0.0,1.0,1.0,0.0
3319,4954200b641849a4c,True,,,,,,,,,,1.0,1.0,1.0,1.0,0.5766681498625726,1.0,0.0,1.0,1.0,0.7427087968320539
3320,764328b4ef560f8d6,True,,,,,,,,,,1.0,1.0,1.0,1.0,1.0,1.0,1.0,1.0,1.0,1.0
3321,4b3c2ee5f127a3fe4,True,,,,,,,,,,1.0,0.0,0.0,1.0,0.763081513900227,0.0,1.0,0.0,0.0,0.0
3322,cd1312c660b0759a0,True,,,,,,,,,,1.0,1.0,1.0,1.0,0.49204015580210936,1.0,0.0,1.0,1.0,0.7162625486881592
3323,cac170c5a828b564b,True,,,,,,,,,,1.0,0.0,1.0,1.0,0.5609619050945291,1.0,0.0,1.0,1.0,0.0
3324,e78314605bf2c19c9,True,,,,,,,,,,1.0,1.0,1.0,1.0,0.1776265413840892,1.0,1.0,1.0,1.0,0.7430082941825279
3325,5fd00e9375f6b46f9,True,,,,,,,,,,1.0,1.0,1.0,1.0,0.13764338719665306,1.0,0.0,1.0,1.0,0.605513558498954
3326,5a73952aa052dbbce,True,,,,,,,,,,1.0,0.0,1.0,1.0,1.0,1.0,0.0,1.0,1.0,0.0
3327,27ddf7be2179b60af,True,,,,,,,,,,1.0,1.0,0.5,1.0,0.7411277310803508,1.0,0.0,1.0,1.0,0.3970512079813048
3328,24d9e424388a37357,True,,,,,,,,,,1.0,1.0,1.0,1.0,0.0,1.0,0.0,1.0,1.0,0.5625
3329,d748c74cc9549b8fe,True,,,,,,,,,,1.0,1.0,1.0,1.0,0.06701313743911537,1.0,1.0,1.0,1.0,0.7084416054497236
3330,2c7084169dfd8a99a,True,,,,,,,,,,0.0,0.0,0.0,1.0,1.0,0.0,0.0,1.0,1.0,0.0
3331,6abf3c8e9d73929cc,True,,,,,,,,,,1.0,0.0,1.0,1.0,0.45753827074620457,1.0,1.0,1.0,1.0,0.0
3332,3d7cd2f667f2292d5,True,,,,,,,,,,1.0,0.0,0.5,1.0,1.0,1.0,0.0,0.0,0.0,0.0
3333,d24b5a7c9247ecd43,True,,,,,,,,,,1.0,0.0,1.0,1.0,0.5644767677846281,1.0,1.0,1.0,1.0,0.0
3334,dd01f78238cd88b26,True,,,,,,,,,,1.0,1.0,1.0,1.0,0.2900620498386309,1.0,1.0,1.0,1.0,0.7781443905745722
3335,e9678d2903b5f46d6,True,,,,,,,,,,1.0,1.0,1.0,1.0,1.0,1.0,1.0,1.0,1.0,1.0
3336,5d362d17d2494ac7c,True,,,,,,,,,,1.0,1.0,1.0,1.0,0.004189208212780561,1.0,1.0,1.0,1.0,0.6888091275664939
3337,03e533b28bfac776e,True,,,,,,,,,,1.0,0.0,0.0,1.0,1.0,1.0,0.0,1.0,1.0,0.0
3338,0b1c3be99252f24af,True,,,,,,,,,,1.0,0.0,1.0,1.0,1.0,1.0,1.0,1.0,1.0,0.0
3339,87d2841ebf764daf7,True,,,,,,,,,,1.0,1.0,1.0,1.0,0.03789672959142081,1.0,1.0,1.0,1.0,0.699342727997319
3340,da3afbb4ab75483b4,True,,,,,,,,,,1.0,0.0,0.0,1.0,1.0,0.0,0.0,1.0,0.0,0.0
3341,f94ffca3fb08a2c86,True,,,,,,,,,,0.0,0.0,0.0,1.0,1.0,0.0,0.0,1.0,1.0,0.0
3342,50268da879011f241,True,,,,,,,,,,0.0,0.0,0.5,1.0,1.0,0.0,1.0,1.0,0.0,0.0
3343,b9bc285e03f488e64,True,,,,,,,,,,1.0,1.0,1.0,1.0,1.0,1.0,0.0,1.0,1.0,0.875
3344,38bdb6df2119d0042,True,,,,,,,,,,1.0,0.0,0.0,1.0,0.7524116092633653,1.0,0.0,1.0,1.0,0.0
3345,32dff9c93368fc640,True,,,,,,,,,,1.0,0.0,0.0,1.0,1.0,1.0,0.0,1.0,1.0,0.0
3346,c3fa7a5ee86676098,True,,,,,,,,,,1.0,0.0,1.0,1.0,0.5901746497067345,1.0,1.0,1.0,1.0,0.0
3347,2271e9cd227826682,True,,,,,,,,,,1.0,1.0,1.0,1.0,0.0,1.0,1.0,1.0,1.0,0.6875
3348,778f661244251a842,True,,,,,,,,,,0.0,1.0,1.0,1.0,1.0,0.0,1.0,1.0,1.0,0.0
3349,997169e70df191713,True,,,,,,,,,,1.0,1.0,1.0,1.0,0.14129347773363732,1.0,0.0,1.0,1.0,0.6066542117917617
3350,cd7d476e450a5083d,True,,,,,,,,,,1.0,0.0,1.0,1.0,0.30248649775459435,1.0,1.0,1.0,1.0,0.0
3351,cc8fe959edbcbe076,True,,,,,,,,,,0.0,1.0,1.0,1.0,1.0,0.0,0.0,1.0,1.0,0.0
3352,8a89ac1132afc51b4,True,,,,,,,,,,1.0,0.0,0.0,1.0,0.8131378138351822,1.0,0.0,0.0,0.0,0.0
3353,03ba5f567d1b3dc30,True,,,,,,,,,,1.0,1.0,1.0,1.0,0.030545175692638062,1.0,1.0,1.0,1.0,0.6970453674039494
3354,db8e9c0ed37d0df11,True,,,,,,,,,,1.0,1.0,1.0,1.0,1.0,1.0,0.0,1.0,1.0,0.875
3355,c69efd29d5a9049e3,True,,,,,,,,,,1.0,1.0,1.0,1.0,1.0,1.0,1.0,1.0,1.0,1.0
3356,6cbd63c8a5077be25,True,,,,,,,,,,1.0,0.0,1.0,1.0,0.6292140766888893,1.0,1.0,1.0,0.0,0.0
3357,de7117fede978534c,True,,,,,,,,,,1.0,0.0,0.5,1.0,1.0,1.0,0.0,1.0,0.0,0.0
3358,114cffc6aed0cbf4b,True,,,,,,,,,,1.0,0.0,1.0,1.0,0.2140403760423979,1.0,0.0,1.0,1.0,0.0
3359,9eb568210e6566dd5,True,,,,,,,,,,1.0,1.0,1.0,1.0,0.3951487173341398,1.0,1.0,1.0,1.0,0.8109839741669187
3360,bba03402f6222135f,True,,,,,,,,,,0.0,1.0,1.0,1.0,1.0,0.0,1.0,1.0,0.0,0.0
3361,8dfa62e95dcb416e8,True,,,,,,,,,,1.0,0.0,1.0,1.0,0.25625371308186357,1.0,1.0,1.0,0.0,0.0
3362,f62d00569dc5be2b9,True,,,,,,,,,,1.0,1.0,1.0,1.0,0.0,1.0,1.0,1.0,1.0,0.6875
3363,ad3a915c556a5c581,True,,,,,,,,,,1.0,0.0,0.0,1.0,1.0,1.0,0.0,1.0,1.0,0.0
3364,76112959f0c3cee44,True,,,,,,,,,,1.0,1.0,1.0,1.0,0.3163407644369625,1.0,1.0,1.0,1.0,0.7863564888865509
3365,98f63c421f75a8ead,True,,,,,,,,,,1.0,1.0,1.0,1.0,1.0,1.0,0.0,1.0,1.0,0.875
3366,cf6ea1483f38bad12,True,,,,,,,,,,0.0,1.0,1.0,1.0,0.48219563546188343,0.0,0.0,1.0,1.0,0.0
3367,b1c50bd50a2ae1355,True,,,,,,,,,,1.0,1.0,1.0,1.0,0.4280396447696448,1.0,1.0,0.0,0.0,0.571262388990514
3368,82dd82d413d8fdf95,True,,,,,,,,,,1.0,1.0,1.0,1.0,0.0,1.0,1.0,1.0,1.0,0.6875
3369,1c9335961ee565478,True,,,,,,,,,,1.0,1.0,1.0,1.0,0.8947233111096484,1.0,1.0,1.0,1.0,0.9671010347217651
3370,0128e6a2b97ff89b5,True,,,,,,,,,,0.0,0.0,1.0,1.0,1.0,0.0,1.0,1.0,1.0,0.0
3371,9bd2024518849085f,True,,,,,,,,,,0.0,0.0,0.0,1.0,1.0,0.0,0.0,1.0,1.0,0.0
3372,ce6402fbad2038696,True,,,,,,,,,,1.0,0.0,0.0,1.0,1.0,1.0,0.0,0.0,0.0,0.0
3373,58ab5764f037eca22,True,,,,,,,,,,1.0,0.0,1.0,1.0,0.4455020581112793,1.0,0.0,1.0,1.0,0.0
3374,630694a2f5646413d,True,,,,,,,,,,1.0,0.0,0.0,1.0,1.0,1.0,0.0,1.0,1.0,0.0
3375,2ad6d15da5c47d1be,True,,,,,,,,,,1.0,1.0,1.0,1.0,0.4341379030743705,1.0,1.0,1.0,1.0,0.8231680947107408
3376,d02247bc43841f48b,True,,,,,,,,,,1.0,1.0,1.0,1.0,0.012640509259696574,1.0,0.0,1.0,1.0,0.5664501591436552
3377,49922a7c280248e59,True,,,,,,,,,,1.0,1.0,1.0,1.0,0.49884978450558154,1.0,1.0,1.0,0.0,0.7183905576579942
3378,bb539282bfa7303c7,True,,,,,,,,,,1.0,1.0,1.0,1.0,0.8425739049879782,1.0,0.0,1.0,1.0,0.8258043453087431
3379,9d5110bb7daed22bf,True,,,,,,,,,,1.0,1.0,1.0,1.0,0.18505004261272462,1.0,0.0,1.0,1.0,0.6203281383164765
3380,aaaeb97c15db0e2f6,True,,,,,,,,,,0.0,0.0,1.0,1.0,0.6818891965631263,0.0,1.0,1.0,0.0,0.0
3381,dcf19e94036cc47aa,True,,,,,,,,,,1.0,0.0,0.5,1.0,1.0,1.0,0.0,1.0,0.0,0.0
3382,d0bc7d7a692a6b0e9,True,,,,,,,,,,0.0,1.0,1.0,1.0,1.0,0.0,1.0,1.0,1.0,0.0
3383,c3b8d6641081a7618,True,,,,,,,,,,0.0,0.0,0.5,1.0,1.0,0.0,1.0,1.0,0.0,0.0
3384,3048f4817a5a5e48b,True,,,,,,,,,,1.0,0.0,0.0,1.0,1.0,1.0,0.0,1.0,0.0,0.0
3385,7cef24e9f023c00e8,True,,,,,,,,,,1.0,0.0,0.5,1.0,1.0,0.0,1.0,1.0,0.0,0.0
3386,1d9b777552553488e,True,,,,,,,,,,1.0,0.0,0.5,1.0,1.0,1.0,0.0,1.0,1.0,0.0
3387,c9ac843f74b17080f,True,,,,,,,,,,1.0,1.0,1.0,1.0,0.0553187762400845,1.0,1.0,1.0,1.0,0.7047871175750264
3388,ee835d04e79982ac7,True,,,,,,,,,,1.0,1.0,1.0,1.0,1.0,1.0,0.0,1.0,1.0,0.875
3389,531b93949ba10107b,True,,,,,,,,,,1.0,1.0,0.5,1.0,0.8992310675769203,1.0,0.0,1.0,1.0,0.4217548543088938
3390,c4db0ed678d459874,True,,,,,,,,,,1.0,1.0,0.5,1.0,0.4923443200314125,1.0,0.0,1.0,1.0,0.3581788000049082
3391,a752f273da4956217,True,,,,,,,,,,0.0,1.0,1.0,1.0,1.0,0.0,1.0,1.0,1.0,0.0
3392,1730cbbbd72e9ce7d,True,,,,,,,,,,0.0,0.0,1.0,1.0,1.0,0.0,0.0,1.0,1.0,0.0
3393,087f308c89d8be0ec,True,,,,,,,,,,1.0,0.0,0.5,1.0,0.5480307597220734,1.0,1.0,1.0,0.0,0.0
3394,96e90fd2233ad685a,True,,,,,,,,,,1.0,0.0,0.0,1.0,1.0,1.0,0.0,1.0,1.0,0.0
3395,a34ac70446a543335,True,,,,,,,,,,1.0,1.0,1.0,1.0,0.0,1.0,0.0,1.0,1.0,0.5625
3396,a50c0b5a789ee7174,True,,,,,,,,,,1.0,0.0,0.0,1.0,0.5386245778971572,1.0,0.0,1.0,1.0,0.0
3397,3a914696b13bea070,True,,,,,,,,,,1.0,1.0,1.0,1.0,0.4756167139850532,1.0,0.0,1.0,1.0,0.7111302231203291
3398,c1b9b8e570da075bf,True,,,,,,,,,,1.0,1.0,1.0,1.0,1.0,1.0,1.0,1.0,1.0,1.0
3399,1e2b6420a190b7d56,True,,,,,,,,,,1.0,0.0,0.0,1.0,0.7817496015689044,1.0,0.0,1.0,1.0,0.0
3400,1c719a50f45d2db1e,True,,,,,,,,,,1.0,0.0,0.0,1.0,0.8770571688075399,1.0,0.0,1.0,1.0,0.0
3401,ae43de39d8b2ab73c,True,,,,,,,,,,1.0,1.0,1.0,1.0,0.0,1.0,0.0,1.0,1.0,0.5625
3402,28d54bc8604f16c63,True,,,,,,,,,,1.0,1.0,1.0,1.0,0.24893532570754393,1.0,0.0,1.0,1.0,0.6402922892836075
3403,ba3f20b19ddb93cb1,True,,,,,,,,,,0.0,0.0,1.0,1.0,1.0,0.0,1.0,1.0,1.0,0.0
3404,4f7f3184912163792,True,,,,,,,,,,1.0,0.0,0.0,1.0,0.9598930909398876,1.0,0.0,1.0,1.0,0.0
3405,5e9774a9c27631bee,True,,,,,,,,,,1.0,0.0,1.0,1.0,0.9235079067386732,1.0,0.0,1.0,1.0,0.0
3406,7af1b1dbb5689cb43,True,,,,,,,,,,1.0,1.0,1.0,1.0,0.10142516440307067,1.0,1.0,1.0,1.0,0.7191953638759596
3407,4f4151894f1e74390,True,,,,,,,,,,0.0,0.0,1.0,1.0,0.6448725799011115,0.0,0.0,1.0,1.0,0.0
3408,7206aa9198632886d,True,,,,,,,,,,0.0,1.0,1.0,1.0,0.4951115841947542,0.0,0.0,1.0,0.0,0.0
3409,dd724782a844b55a6,True,,,,,,,,,,0.0,0.0,0.0,1.0,1.0,0.0,0.0,1.0,0.0,0.0
3410,f69feac0ce4643512,True,,,,,,,,,,1.0,1.0,1.0,1.0,0.17608473822790885,1.0,1.0,1.0,1.0,0.7425264806962215
3411,bf77adfc09f7cebc5,True,,,,,,,,,,1.0,0.0,0.0,1.0,1.0,1.0,0.0,1.0,1.0,0.0
3412,b6030dfa5349bcc9b,True,,,,,,,,,,1.0,0.0,0.0,1.0,1.0,1.0,1.0,1.0,1.0,0.0
3413,7ac64209033f8834f,True,,,,,,,,,,1.0,1.0,1.0,1.0,0.1907078600667814,1.0,0.0,1.0,1.0,0.6220962062708693
3414,e7ae2cd68d33a847e,True,,,,,,,,,,1.0,0.0,0.0,1.0,0.7495886481852385,1.0,1.0,1.0,1.0,0.0
3415,11143001e21e68daf,True,,,,,,,,,,1.0,0.0,1.0,1.0,0.46772017781703,1.0,1.0,1.0,1.0,0.0
3416,d227ec1d4a92cd5fe,True,,,,,,,,,,1.0,1.0,1.0,1.0,0.2708731259984903,1.0,1.0,1.0,1.0,0.7721478518745282
3417,44e8cafa5fe4603a5,True,,,,,,,,,,1.0,0.0,1.0,1.0,1.0,1.0,0.0,1.0,1.0,0.0
3418,da1d2937d8bad05e3,True,,,,,,,,,,1.0,1.0,1.0,1.0,0.2114153479464232,1.0,1.0,1.0,1.0,0.7535672962332572
3419,c55fd3e0272579bda,True,,,,,,,,,,1.0,1.0,1.0,1.0,0.9057088985324278,1.0,1.0,1.0,0.0,0.8455340307913837
3420,5de1e274bd9229940,True,,,,,,,,,,1.0,1.0,1.0,1.0,1.0,1.0,1.0,1.0,1.0,1.0
3421,fd516de1672fb997a,True,,,,,,,,,,1.0,0.0,0.0,1.0,1.0,0.0,0.0,1.0,1.0,0.0
3422,bec83a5e0a0ea8c80,True,,,,,,,,,,1.0,1.0,0.0,1.0,0.7369351480278975,1.0,0.0,1.0,0.0,0.0
3423,098638022c2e17fd7,True,,,,,,,,,,1.0,1.0,1.0,1.0,0.030420007068333733,1.0,0.0,1.0,1.0,0.5720062522088543
3424,dd091b9e715ca6370,True,,,,,,,,,,1.0,1.0,1.0,1.0,0.13225999560153093,1.0,1.0,1.0,1.0,0.7288312486254784
3425,91c1ae75902e09e0c,True,,,,,,,,,,1.0,1.0,1.0,1.0,1.0,1.0,1.0,1.0,1.0,1.0
3426,2f7d514e5c41a23d7,True,,,,,,,,,,1.0,0.0,0.0,1.0,1.0,1.0,0.0,1.0,1.0,0.0
3427,f21a1d0c82db2ce84,True,,,,,,,,,,1.0,1.0,1.0,1.0,0.21453332980868553,1.0,0.0,1.0,1.0,0.6295416655652142
3428,d50c124d290a31078,True,,,,,,,,,,1.0,0.0,0.0,1.0,1.0,1.0,0.0,1.0,1.0,0.0
3429,0c5705a24a60a8fd4,True,,,,,,,,,,1.0,1.0,1.0,1.0,0.1967068373085458,1.0,0.0,1.0,1.0,0.6239708866589205
3430,1e843d54340d01971,True,,,,,,,,,,0.5,1.0,1.0,1.0,0.6605506422490478,0.0,1.0,1.0,1.0,0.2907110378514137
3431,4b7a0a59fd31c7c90,True,,,,,,,,,,1.0,1.0,0.0,1.0,1.0,1.0,0.0,1.0,1.0,0.0
3432,c40c7b11924becb1b,True,,,,,,,,,,0.0,0.0,0.0,1.0,1.0,0.0,0.0,1.0,1.0,0.0
3433,c4c07e77aa29efd40,True,,,,,,,,,,1.0,0.0,0.5,1.0,0.5878431854650752,1.0,1.0,1.0,1.0,0.0
3434,198e5922fee004f44,True,,,,,,,,,,1.0,1.0,1.0,1.0,0.8097227374937966,1.0,1.0,1.0,1.0,0.9405383554668114
3435,4d115c250e5dc02b1,True,,,,,,,,,,1.0,1.0,1.0,1.0,0.0,1.0,1.0,1.0,1.0,0.6875
3436,08ad22cbb4d9d003b,True,,,,,,,,,,0.0,1.0,1.0,1.0,1.0,0.0,1.0,0.0,0.0,0.0
3437,ed00ab86d2c2f5767,True,,,,,,,,,,1.0,1.0,1.0,1.0,0.0654239746135974,1.0,0.0,1.0,1.0,0.5829449920667492
3438,56f5b7c7a036edaad,True,,,,,,,,,,1.0,0.0,0.5,1.0,0.8089167798276681,1.0,0.0,1.0,1.0,0.0
3439,ae177687d99242cad,True,,,,,,,,,,1.0,1.0,1.0,1.0,0.8013455938349192,0.0,0.0,1.0,1.0,0.5004204980734123
3440,a8318f7cafe4396ae,True,,,,,,,,,,1.0,0.0,0.5,1.0,0.5781503545173269,1.0,0.0,1.0,1.0,0.0
3441,85c1d52fe9fa2e443,True,,,,,,,,,,1.0,0.0,0.0,1.0,0.781753960778552,1.0,0.0,1.0,1.0,0.0
3442,55a589ced770cbf72,True,,,,,,,,,,1.0,0.0,0.0,1.0,0.9094873524234952,1.0,0.0,1.0,1.0,0.0
3443,f23480d4e2e5e6146,True,,,,,,,,,,0.0,1.0,1.0,1.0,1.0,0.0,1.0,1.0,0.0,0.0
3444,9bcb66e43b4092040,True,,,,,,,,,,0.5,0.0,0.5,1.0,1.0,0.0,0.0,1.0,1.0,0.0
3445,f785ce4a119cc22a1,True,,,,,,,,,,0.5,0.0,1.0,1.0,1.0,0.0,0.0,1.0,1.0,0.0
3446,e742e687d4142df74,True,,,,,,,,,,1.0,0.0,1.0,1.0,0.47670892121675307,1.0,1.0,1.0,1.0,0.0
3447,54d9c82ef12c0980e,True,,,,,,,,,,1.0,1.0,1.0,1.0,0.32213985445709303,1.0,0.0,1.0,1.0,0.6631687045178416
3448,565b302cf79ef624e,True,,,,,,,,,,1.0,1.0,1.0,1.0,0.7283193745129579,1.0,0.0,1.0,1.0,0.7900998045352994
3449,56c892f39067ffb33,True,,,,,,,,,,1.0,1.0,1.0,1.0,0.8526763231613914,1.0,0.0,1.0,0.0,0.7039613509879348
3450,f65fc2cd212c5af85,True,,,,,,,,,,1.0,0.0,0.0,1.0,1.0,0.0,0.0,0.0,0.0,0.0
3451,52998366db81d0fca,True,,,,,,,,,,1.0,0.0,0.0,1.0,0.892266021219121,1.0,0.0,1.0,1.0,0.0
3452,6eff7e6fb5d5bcf04,True,,,,,,,,,,1.0,1.0,1.0,1.0,0.22370918622762725,1.0,1.0,1.0,1.0,0.7574091206961335
3453,26fc6837ede450373,True,,,,,,,,,,1.0,1.0,1.0,1.0,0.3155509779427899,1.0,1.0,1.0,1.0,0.7861096806071218
3454,15605fa49f762af2f,True,,,,,,,,,,1.0,1.0,1.0,1.0,0.022890488765788836,1.0,0.0,1.0,1.0,0.5696532777393091
3455,38a27d438189dcb29,True,,,,,,,,,,1.0,1.0,1.0,1.0,0.1937591578083179,1.0,1.0,1.0,1.0,0.7480497368150993
3456,0165cb0adcfce3796,True,,,,,,,,,,1.0,0.0,1.0,1.0,0.6040481879180908,1.0,0.0,1.0,1.0,0.0
3457,90bac953ef7d525b5,True,,,,,,,,,,1.0,1.0,1.0,1.0,0.2601880500501007,1.0,1.0,1.0,1.0,0.7688087656406565
3458,8ed1946abef82fdb9,True,,,,,,,,,,1.0,0.0,0.5,1.0,0.6436815940005383,1.0,0.0,1.0,0.0,0.0
3459,2251eed913b2fbe46,True,,,,,,,,,,1.0,1.0,1.0,1.0,0.049433740187738204,1.0,1.0,1.0,1.0,0.7029480438086682
3460,42fd65053b0da11c1,True,,,,,,,,,,1.0,1.0,1.0,1.0,0.3756472694511368,1.0,1.0,1.0,1.0,0.8048897717034802
3461,332234ee590ff1dd2,True,,,,,,,,,,1.0,0.0,0.0,1.0,1.0,1.0,0.0,1.0,0.0,0.0
3462,626e000a64788c202,True,,,,,,,,,,0.0,0.0,0.0,1.0,1.0,0.0,0.0,1.0,1.0,0.0
3463,9506188a844465e23,True,,,,,,,,,,1.0,1.0,0.0,1.0,0.8384216738409925,1.0,0.0,1.0,1.0,0.0
3464,9766a7687623d62c6,True,,,,,,,,,,1.0,1.0,1.0,1.0,0.17436770167401142,1.0,0.0,1.0,1.0,0.6169899067731286
3465,bd0a7b8b83e474560,True,,,,,,,,,,1.0,1.0,1.0,1.0,0.13005621772917703,1.0,0.0,1.0,1.0,0.6031425680403678
3466,fedfbdfcf20092620,True,,,,,,,,,,1.0,1.0,1.0,1.0,0.018145966247906126,1.0,0.0,1.0,1.0,0.5681706144524707
3467,e02f0131e55e31509,True,,,,,,,,,,0.0,0.0,0.0,1.0,1.0,0.0,0.0,1.0,0.0,0.0
3468,88f98f8020b3e0f5f,True,,,,,,,,,,0.0,0.0,0.0,1.0,0.5489584405349287,0.0,0.0,0.0,0.0,0.0
3469,da024028d53215ba3,True,,,,,,,,,,1.0,1.0,1.0,1.0,0.4871084347042451,1.0,1.0,1.0,1.0,0.8397213858450766
3470,b2ad6357566bfa454,True,,,,,,,,,,1.0,0.0,0.5,1.0,0.7675560193666937,1.0,1.0,1.0,1.0,0.0
3471,d0a4601b1148fbc50,True,,,,,,,,,,1.0,0.0,1.0,1.0,0.2913915433193096,1.0,1.0,1.0,1.0,0.0
3472,f743301660e4f13bf,True,,,,,,,,,,1.0,1.0,1.0,1.0,0.4753092532166467,1.0,1.0,1.0,0.0,0.7110341416302021
3473,f11206119e3dafe73,True,,,,,,,,,,1.0,1.0,1.0,1.0,0.22250625293467102,1.0,1.0,1.0,1.0,0.7570332040420846
3474,297ba1c65109e01ba,True,,,,,,,,,,0.0,0.0,0.5,1.0,0.34771029687242694,0.0,1.0,0.0,0.0,0.0
3475,f7c257dc15f6031fb,True,,,,,,,,,,0.0,0.0,0.0,1.0,0.5796526477903362,0.0,0.0,1.0,0.0,0.0
3476,6c762cea7e7e3f6b8,True,,,,,,,,,,0.0,0.0,0.0,1.0,1.0,0.0,1.0,1.0,0.0,0.0
3477,9b67c7e02ccf82bac,True,,,,,,,,,,1.0,1.0,1.0,1.0,1.0,1.0,0.0,1.0,1.0,0.875
3478,a8df9dde6ff732727,True,,,,,,,,,,1.0,1.0,1.0,1.0,0.9052538583299631,1.0,0.0,1.0,1.0,0.8453918307281134
3479,2a839dc18e91bbd40,True,,,,,,,,,,1.0,0.0,0.5,1.0,0.35514713357917155,1.0,0.0,1.0,1.0,0.0
3480,7e909c56c1daea780,True,,,,,,,,,,1.0,0.0,1.0,1.0,0.6516973536341004,1.0,0.0,1.0,1.0,0.0
3481,61b536394c345010e,True,,,,,,,,,,1.0,0.0,1.0,1.0,1.0,1.0,1.0,1.0,1.0,0.0
3482,fd168a37bcc4550df,True,,,,,,,,,,1.0,0.0,0.0,1.0,0.6991706447154051,1.0,1.0,1.0,0.0,0.0
3483,fec1c3f2a8d0d6136,True,,,,,,,,,,1.0,0.0,0.0,1.0,1.0,1.0,0.0,1.0,1.0,0.0
3484,97e30986c37339a1b,True,,,,,,,,,,1.0,0.0,0.0,1.0,0.9290333742594497,1.0,0.0,1.0,1.0,0.0
3485,83f19b2038c24367b,True,,,,,,,,,,1.0,1.0,1.0,0.0,1.0,1.0,1.0,1.0,1.0,0.0
3486,f32ce52441f70bfee,True,,,,,,,,,,1.0,0.0,0.0,1.0,0.9510710693245156,1.0,0.0,1.0,1.0,0.0
3487,778099fc6283d21e0,True,,,,,,,,,,1.0,1.0,1.0,1.0,0.06774841845346927,1.0,1.0,1.0,1.0,0.7086713807667091
3488,bc79ecb5bdc5ca4f3,True,,,,,,,,,,1.0,0.0,0.5,1.0,0.6295382764763472,1.0,0.0,1.0,0.0,0.0
3489,036d27d8003dd2f2e,True,,,,,,,,,,1.0,1.0,1.0,1.0,1.0,1.0,1.0,1.0,1.0,1.0
3490,c909e005442d28a9c,True,,,,,,,,,,1.0,1.0,1.0,1.0,0.13933259480356577,1.0,0.0,1.0,1.0,0.6060414358761144
3491,30ae4fd49fda24627,True,,,,,,,,,,1.0,0.0,0.5,1.0,1.0,1.0,0.0,1.0,1.0,0.0
3492,687fb362f72d56b1d,True,,,,,,,,,,1.0,1.0,1.0,1.0,0.1492968024165396,1.0,1.0,1.0,1.0,0.7341552507551686
3493,3f8c33cff8d582456,True,,,,,,,,,,1.0,1.0,1.0,1.0,0.0928405586002699,1.0,1.0,1.0,1.0,0.7165126745625843
3494,4da17212b5480fefc,True,,,,,,,,,,0.0,1.0,0.0,1.0,1.0,0.0,0.0,1.0,1.0,0.0
3495,7dd7378a3a19d8a0e,True,,,,,,,,,,1.0,1.0,1.0,1.0,0.7837846640012565,1.0,0.0,1.0,1.0,0.8074327075003926
3496,ce572306b1a6a0b96,True,,,,,,,,,,1.0,0.0,0.5,1.0,1.0,1.0,0.0,1.0,1.0,0.0
3497,84c83fdf5cd2bf3d0,True,,,,,,,,,,1.0,0.0,0.0,1.0,1.0,1.0,0.0,1.0,0.0,0.0
3498,0c32d5324fdca8702,True,,,,,,,,,,1.0,0.0,0.0,1.0,0.7805270212673371,1.0,0.0,1.0,1.0,0.0
3499,e7e93c5b22cdc4824,True,,,,,,,,,,1.0,0.0,1.0,1.0,0.3260971533099645,1.0,1.0,1.0,1.0,0.0
3500,01ad91141d2668de6,True,,,,,,,,,,1.0,0.0,0.5,1.0,1.0,1.0,1.0,1.0,1.0,0.0
3501,17416a9c9123b7bc1,True,,,,,,,,,,1.0,0.0,1.0,1.0,0.9248984972431067,1.0,0.0,1.0,1.0,0.0
3502,cfb8ea140d6258c81,True,,,,,,,,,,1.0,1.0,1.0,1.0,1.0,1.0,0.0,1.0,1.0,0.875
3503,7d00bd785ae5140f2,True,,,,,,,,,,1.0,1.0,1.0,1.0,1.0,1.0,1.0,1.0,1.0,1.0
3504,c398b0b20ab17435c,True,,,,,,,,,,0.0,1.0,0.5,1.0,0.6859325936369304,0.0,0.0,1.0,1.0,0.0
3505,4ec9148a1b26673a2,True,,,,,,,,,,1.0,0.0,0.0,1.0,1.0,1.0,0.0,1.0,1.0,0.0
3506,0308c9d9ebeab7805,True,,,,,,,,,,1.0,1.0,1.0,1.0,0.0,1.0,1.0,1.0,1.0,0.6875
3507,e6ece8d2d8cf12a8c,True,,,,,,,,,,1.0,1.0,1.0,1.0,0.013170736256829357,1.0,0.0,1.0,1.0,0.5666158550802591
3508,737a6728f5f065a24,True,,,,,,,,,,1.0,1.0,1.0,1.0,0.14964639373585087,1.0,0.0,1.0,1.0,0.6092644980424534
3509,f228148d75c9d3b09,True,,,,,,,,,,1.0,1.0,1.0,1.0,0.42866039999689787,1.0,1.0,1.0,1.0,0.8214563749990306
3510,f76b309e043384dcf,True,,,,,,,,,,1.0,1.0,0.0,1.0,0.697280026296966,1.0,0.0,1.0,0.0,0.0
3511,060c2eff47b49d915,True,,,,,,,,,,1.0,0.0,0.0,1.0,1.0,1.0,0.0,1.0,1.0,0.0
3512,fbe98e6e1454f315c,True,,,,,,,,,,1.0,1.0,1.0,1.0,0.500738654500918,1.0,1.0,1.0,1.0,0.8439808295315369
3513,f0a661b0e2a358ecf,True,,,,,,,,,,1.0,1.0,1.0,1.0,0.0483887731771166,1.0,1.0,1.0,1.0,0.7026214916178489
3514,fb2b568b2a055b83c,True,,,,,,,,,,1.0,1.0,0.5,1.0,0.6665910482297863,1.0,0.0,1.0,1.0,0.3854048512859041
3515,c5e30f61f4d10eee2,True,,,,,,,,,,1.0,1.0,1.0,1.0,0.13073598496420544,1.0,1.0,1.0,1.0,0.7283549953013142
3516,6fae01aed04d6fd01,True,,,,,,,,,,0.0,0.0,0.0,1.0,1.0,0.0,0.0,1.0,0.0,0.0
3517,c379f5f53ec8ac236,True,,,,,,,,,,0.0,0.0,0.0,1.0,1.0,0.0,0.0,1.0,1.0,0.0
3518,ca65ee7c58adc26d8,True,,,,,,,,,,1.0,1.0,1.0,1.0,1.0,1.0,0.0,1.0,1.0,0.875
3519,f4441ff7b0692d28d,True,,,,,,,,,,1.0,1.0,1.0,1.0,0.04263948736442666,1.0,0.0,1.0,1.0,0.5758248398013833
3520,c807c2486a7897e81,True,,,,,,,,,,0.0,1.0,1.0,1.0,0.3360471939545731,0.0,1.0,1.0,1.0,0.0
3521,a78de65bf5a2ee68b,True,,,,,,,,,,1.0,1.0,1.0,1.0,1.0,1.0,1.0,1.0,1.0,1.0
3522,dfb0b00c1c3dcaa0a,True,,,,,,,,,,1.0,0.0,0.0,1.0,0.8722662023758609,1.0,0.0,1.0,1.0,0.0
3523,01944b1d62426bc85,True,,,,,,,,,,1.0,0.0,1.0,1.0,1.0,1.0,1.0,1.0,1.0,0.0
3524,308f14ec6e576e4d7,True,,,,,,,,,,0.0,0.0,0.5,1.0,0.5321526050222851,0.0,0.0,1.0,1.0,0.0
3525,05ca5a62ce0754a30,True,,,,,,,,,,1.0,0.0,0.0,1.0,0.6296859368625567,0.0,0.0,1.0,0.0,0.0
3526,c85dd3e87ba3c50e0,True,,,,,,,,,,1.0,1.0,1.0,1.0,0.0,1.0,0.0,1.0,1.0,0.5625
3527,7928a371230bc1be6,True,,,,,,,,,,1.0,1.0,1.0,1.0,1.0,1.0,1.0,1.0,1.0,1.0
3528,abf07a7ff20944b55,True,,,,,,,,,,1.0,0.0,0.0,1.0,0.9685385811513751,1.0,0.0,1.0,1.0,0.0
3529,e3fffb822fb5efac2,True,,,,,,,,,,0.0,0.0,0.0,1.0,1.0,0.0,0.0,1.0,1.0,0.0
3530,7964eadbdbfc7f2a6,True,,,,,,,,,,1.0,0.0,1.0,1.0,0.10335922538808492,1.0,0.0,1.0,1.0,0.0
3531,b5927d9f04e5f04d4,True,,,,,,,,,,1.0,1.0,1.0,1.0,0.36885632197357626,1.0,1.0,1.0,1.0,0.8027676006167426
3532,51bb4445380dac75e,True,,,,,,,,,,1.0,0.0,0.5,1.0,0.41285628139857683,1.0,0.0,1.0,0.0,0.0
3533,76d9e9afdcf9204ad,True,,,,,,,,,,1.0,0.0,1.0,1.0,1.0,1.0,1.0,1.0,1.0,0.0
3534,ac0e0083b3ca184aa,True,,,,,,,,,,1.0,0.0,0.0,1.0,0.16528718049805646,0.0,1.0,0.0,0.0,0.0
3535,43f884d69baea51f6,True,,,,,,,,,,1.0,0.0,0.0,1.0,1.0,1.0,0.0,1.0,1.0,0.0
3536,9a9ccb6c7221c42a1,True,,,,,,,,,,1.0,1.0,1.0,1.0,0.6444359303075937,1.0,0.0,1.0,1.0,0.7638862282211231
3537,ece1be85754833649,True,,,,,,,,,,1.0,1.0,1.0,1.0,0.0,1.0,0.0,1.0,1.0,0.5625
3538,fa38f3940f913e8fd,True,,,,,,,,,,1.0,0.0,1.0,1.0,1.0,1.0,0.0,1.0,1.0,0.0
3539,2c22ca80805d11abc,True,,,,,,,,,,1.0,0.0,0.5,1.0,1.0,1.0,0.0,1.0,1.0,0.0
3540,59361619b736fa71d,True,,,,,,,,,,1.0,1.0,1.0,1.0,0.2131264508319294,1.0,0.0,1.0,1.0,0.6291020158849779
3541,a2b81e8e944dc724f,True,,,,,,,,,,1.0,0.0,0.0,1.0,0.8780344385843328,1.0,0.0,1.0,1.0,0.0
3542,f74ee85d684d8a2c6,True,,,,,,,,,,1.0,0.0,0.0,1.0,0.7306442031335572,1.0,0.0,0.0,1.0,0.0
3543,ff2edd12a568b7eac,True,,,,,,,,,,1.0,1.0,0.0,1.0,1.0,1.0,0.0,1.0,0.0,0.0
3544,1189a6ada09f1958a,True,,,,,,,,,,1.0,1.0,1.0,1.0,1.0,1.0,1.0,1.0,1.0,1.0
3545,2c41c5664b187598f,True,,,,,,,,,,1.0,1.0,1.0,1.0,1.0,1.0,1.0,1.0,1.0,1.0
3546,b2a59535b3edfbc37,True,,,,,,,,,,1.0,1.0,1.0,1.0,0.8483957239610629,1.0,1.0,1.0,1.0,0.9526236637378321
3547,3a181370dbfab5b1c,True,,,,,,,,,,1.0,1.0,1.0,1.0,0.1621990391189553,1.0,0.0,1.0,1.0,0.6131871997246735
3548,2b1010d61e3c4e8ec,True,,,,,,,,,,0.5,0.0,0.0,1.0,0.9011543336755167,1.0,1.0,1.0,0.0,0.0
3549,e2bde995b7f918cba,True,,,,,,,,,,0.5,1.0,0.0,1.0,0.9560934016346304,0.0,0.0,1.0,1.0,0.0
3550,204d7543af9e55675,True,,,,,,,,,,1.0,1.0,1.0,1.0,0.19829380632646668,1.0,1.0,1.0,1.0,0.7494668144770209
3551,429111d26e72d90ae,True,,,,,,,,,,1.0,1.0,1.0,1.0,0.2629615975139132,1.0,1.0,1.0,1.0,0.7696754992230979
3552,47333aea0afd08b32,True,,,,,,,,,,0.0,0.0,0.0,1.0,1.0,0.0,0.0,1.0,0.0,0.0
3553,bad2ff79565afa1d2,True,,,,,,,,,,1.0,1.0,1.0,1.0,0.1841303795514185,1.0,0.0,1.0,1.0,0.6200407436098183
3554,09bcac39474bd36a4,True,,,,,,,,,,1.0,1.0,1.0,1.0,0.012087322581488577,1.0,1.0,1.0,1.0,0.6912772883067152
3555,8b829bb6658bc36c8,True,,,,,,,,,,0.0,0.0,0.0,1.0,0.9192312734975785,0.0,0.0,1.0,1.0,0.0
3556,3e4a969700de7141a,True,,,,,,,,,,1.0,1.0,1.0,1.0,1.0,1.0,0.0,1.0,1.0,0.875
3557,63c3e07f95869dd8a,True,,,,,,,,,,1.0,0.0,0.5,1.0,1.0,1.0,1.0,1.0,1.0,0.0
3558,b7670ba8822752554,True,,,,,,,,,,1.0,1.0,1.0,1.0,1.0,1.0,1.0,1.0,1.0,1.0
3559,e4755b06844a3bf92,True,,,,,,,,,,1.0,0.0,0.0,1.0,1.0,1.0,0.0,1.0,0.0,0.0
3560,4cf3497675a6d22b9,True,,,,,,,,,,1.0,1.0,0.5,1.0,0.7999625799927657,1.0,0.0,1.0,1.0,0.40624415312386963
3561,9600f9f6992618229,True,,,,,,,,,,1.0,1.0,1.0,1.0,0.21546659847554148,1.0,0.0,1.0,1.0,0.6298333120236067
3562,35dde9258cf9db5c2,True,,,,,,,,,,1.0,1.0,1.0,1.0,0.19292815894204793,1.0,0.0,1.0,1.0,0.62279004966939
3563,4f3ef64863f32d7b6,True,,,,,,,,,,0.0,0.0,0.0,1.0,1.0,0.0,0.0,1.0,1.0,0.0
3564,43e9554b328e8aa7f,True,,,,,,,,,,1.0,0.0,1.0,1.0,0.7815338714724882,1.0,0.0,1.0,1.0,0.0
3565,0abe9e69bf806a8c4,True,,,,,,,,,,1.0,1.0,1.0,1.0,0.0,1.0,1.0,1.0,1.0,0.6875
3566,4dcc314181f8e6c97,True,,,,,,,,,,1.0,1.0,1.0,1.0,0.12266796545820584,1.0,1.0,1.0,1.0,0.7258337392056893
3567,5a9483df05571155b,True,,,,,,,,,,1.0,1.0,1.0,1.0,0.9738134300653009,1.0,1.0,1.0,1.0,0.9918166968954065
3568,c989b3ae7e9270d2d,True,,,,,,,,,,1.0,1.0,1.0,1.0,0.10893766126934903,1.0,1.0,1.0,1.0,0.7215430191466716
3569,0ba1b091bdfec6628,True,,,,,,,,,,1.0,0.0,0.0,1.0,1.0,1.0,0.0,1.0,0.0,0.0
3570,9748e22b4bb8ade92,True,,,,,,,,,,1.0,0.0,0.0,1.0,0.8740354287666853,1.0,1.0,1.0,1.0,0.0
3571,aa52fd60e4fa0f00c,True,,,,,,,,,,1.0,1.0,1.0,1.0,0.0,1.0,0.0,1.0,1.0,0.5625
3572,c193d278e26794340,True,,,,,,,,,,1.0,1.0,1.0,1.0,0.6919220023451166,1.0,0.0,1.0,1.0,0.778725625732849
3573,25db319b5b2d36844,True,,,,,,,,,,1.0,1.0,1.0,1.0,0.0,1.0,1.0,1.0,1.0,0.6875
3574,3843fa52f9eff158e,True,,,,,,,,,,0.5,0.0,0.0,0.0,1.0,0.0,1.0,1.0,1.0,0.0
3575,583b2af0de861778c,True,,,,,,,,,,1.0,0.0,0.5,1.0,1.0,1.0,0.0,1.0,1.0,0.0
3576,59b05ded13f97b278,True,,,,,,,,,,1.0,0.0,0.0,1.0,0.8497902863053927,1.0,0.0,1.0,1.0,0.0
3577,19cc6e3c4179dce92,True,,,,,,,,,,1.0,1.0,1.0,1.0,0.9589487174731759,1.0,0.0,1.0,0.0,0.7371714742103674
3578,c02f1f464e464fc07,True,,,,,,,,,,1.0,1.0,1.0,1.0,0.09112827604798918,1.0,1.0,1.0,1.0,0.7159775862649966
3579,d4b7ede155f05dff3,True,,,,,,,,,,1.0,0.0,0.5,1.0,1.0,1.0,0.0,0.0,0.0,0.0
3580,b18dce3363c25fc91,True,,,,,,,,,,0.0,0.0,0.0,1.0,1.0,0.0,0.0,1.0,0.0,0.0
3581,92dbe7647ced9cbf0,True,,,,,,,,,,1.0,0.0,0.5,1.0,0.7751790333936031,1.0,0.0,1.0,1.0,0.0
3582,ceeb78663a0b4f09b,True,,,,,,,,,,0.0,0.0,0.0,1.0,0.9314704522831266,0.0,0.0,1.0,1.0,0.0
3583,dc140e9555d47bb86,True,,,,,,,,,,1.0,1.0,1.0,1.0,0.1825840400061249,1.0,1.0,1.0,1.0,0.744557512501914
3584,6e060f8eb067a3b37,True,,,,,,,,,,1.0,1.0,0.0,1.0,1.0,1.0,0.0,1.0,1.0,0.0
3585,b909db4a1499a9c5b,True,,,,,,,,,,1.0,1.0,1.0,1.0,0.5220441555641708,1.0,0.0,1.0,1.0,0.7256387986138033
3586,e6c702d5c053c4516,True,,,,,,,,,,1.0,1.0,1.0,1.0,0.0,1.0,0.0,1.0,1.0,0.5625
3587,3eeb39076cf2c1547,True,,,,,,,,,,0.0,0.0,0.5,1.0,1.0,0.0,1.0,1.0,1.0,0.0
3588,4e6440872891a9f19,True,,,,,,,,,,1.0,0.0,0.5,1.0,1.0,1.0,1.0,1.0,0.0,0.0
3589,3e0c9c2ea255fd348,True,,,,,,,,,,1.0,1.0,1.0,1.0,1.0,0.0,0.0,1.0,1.0,0.5625
3590,660b054f474f6bec1,True,,,,,,,,,,1.0,0.0,1.0,1.0,0.3980757518058168,1.0,1.0,1.0,1.0,0.0
3591,95d7198096423bdb7,True,,,,,,,,,,1.0,1.0,1.0,1.0,0.022575203679416053,1.0,0.0,1.0,1.0,0.5695547511498176
3592,9edf6075f6a55d2a5,True,,,,,,,,,,1.0,0.0,0.5,1.0,0.8857211082442896,1.0,0.0,1.0,0.0,0.0
3593,a1ec47d4c6a4ac611,True,,,,,,,,,,0.0,0.0,0.5,1.0,1.0,0.0,1.0,1.0,0.0,0.0
3594,514e8dc72d43731a2,True,,,,,,,,,,1.0,0.0,1.0,1.0,0.5433755467932011,1.0,1.0,1.0,1.0,0.0
3595,dbde88bcc1367bd88,True,,,,,,,,,,1.0,1.0,1.0,1.0,0.0,1.0,1.0,1.0,1.0,0.6875
3596,b73265f459fb49f24,True,,,,,,,,,,1.0,1.0,0.5,1.0,0.8847230175763159,1.0,1.0,1.0,1.0,0.48198797149629935
3597,e8b0f787378ffb08f,True,,,,,,,,,,1.0,1.0,1.0,1.0,1.0,1.0,1.0,1.0,1.0,1.0
3598,e0c4f0b6dc4e1a632,True,,,,,,,,,,1.0,1.0,1.0,1.0,1.0,0.0,0.0,1.0,1.0,0.5625
3599,a567fa13fe7716b55,True,,,,,,,,,,0.0,1.0,1.0,0.0,1.0,0.0,0.0,1.0,1.0,0.0
3600,daff4b299dac7a03f,True,,,,,,,,,,1.0,1.0,1.0,1.0,1.0,1.0,1.0,1.0,1.0,1.0
3601,4ea8e51fd89a2e0aa,True,,,,,,,,,,1.0,0.0,0.0,1.0,1.0,1.0,0.0,1.0,0.0,0.0
3602,2917a71e0e9572784,True,,,,,,,,,,1.0,1.0,0.5,1.0,1.0,1.0,0.0,1.0,1.0,0.4375
3603,a5323cbe675ea589c,True,,,,,,,,,,1.0,0.0,1.0,1.0,0.5819743900187418,1.0,0.0,1.0,0.0,0.0
3604,cb15174665de85fb2,True,,,,,,,,,,1.0,0.0,0.0,1.0,0.6692392050583813,1.0,0.0,1.0,1.0,0.0
3605,1a6ba40b74f9b51e5,True,,,,,,,,,,0.0,0.0,0.5,1.0,1.0,0.0,0.0,1.0,1.0,0.0
3606,590744a9d3d5652dd,True,,,,,,,,,,0.0,1.0,1.0,1.0,1.0,0.0,0.0,1.0,0.0,0.0
3607,bc287d85f89c59202,True,,,,,,,,,,1.0,1.0,1.0,1.0,0.37403367848763797,1.0,0.0,1.0,1.0,0.6793855245273869
3608,f14211934248f5602,True,,,,,,,,,,1.0,1.0,1.0,1.0,0.0,1.0,1.0,1.0,1.0,0.6875
3609,15755cd0249f8223a,True,,,,,,,,,,0.0,0.0,0.0,1.0,1.0,0.0,0.0,1.0,0.0,0.0
3610,afaf4dd4fa375bb85,True,,,,,,,,,,1.0,0.0,1.0,0.0,1.0,1.0,1.0,1.0,1.0,0.0
3611,b71bf73462ddcaa0c,True,,,,,,,,,,1.0,1.0,1.0,1.0,0.07430839179928152,1.0,0.0,1.0,1.0,0.5857213724372754
3612,2e5b938cd95f7cf83,True,,,,,,,,,,1.0,1.0,1.0,1.0,1.0,1.0,0.0,1.0,1.0,0.875
3613,226e200de1c94187e,True,,,,,,,,,,1.0,1.0,1.0,1.0,1.0,1.0,0.0,1.0,1.0,0.875
3614,4afd4718ce4caab2c,True,,,,,,,,,,1.0,1.0,1.0,1.0,0.0,1.0,1.0,1.0,1.0,0.6875
3615,90641ae47d3a38ca0,True,,,,,,,,,,1.0,1.0,1.0,1.0,1.0,1.0,1.0,1.0,1.0,1.0
3616,1d6a75c2185cddac3,True,,,,,,,,,,1.0,1.0,1.0,1.0,0.4179668678700574,1.0,1.0,1.0,1.0,0.8181146462093929
3617,67c494ff455f7fac3,True,,,,,,,,,,1.0,0.0,1.0,1.0,0.39849492116702195,1.0,0.0,1.0,1.0,0.0
3618,54ccf1e5e48744666,True,,,,,,,,,,1.0,0.0,0.0,1.0,1.0,1.0,0.0,1.0,1.0,0.0
3619,3a569f66b0a30418a,True,,,,,,,,,,1.0,1.0,1.0,1.0,0.11124568385496372,1.0,1.0,1.0,0.0,0.5972642762046761
3620,1348d09a15e4bfd3f,True,,,,,,,,,,1.0,1.0,1.0,1.0,0.1662557793076952,1.0,0.0,1.0,1.0,0.6144549310336547
3621,2ef69b84551e22eb2,True,,,,,,,,,,1.0,0.0,0.5,1.0,0.8021838138563703,1.0,1.0,1.0,1.0,0.0
3622,1aee3d353bc51c730,True,,,,,,,,,,0.0,1.0,1.0,1.0,0.2520585862722365,0.0,0.0,1.0,0.0,0.0
3623,733f274e5e937aae5,True,,,,,,,,,,0.0,1.0,0.0,1.0,1.0,0.0,0.0,1.0,1.0,0.0
3624,01b44b930266052c5,True,,,,,,,,,,1.0,0.0,0.0,1.0,0.9336761298996197,1.0,1.0,1.0,0.0,0.0
3625,49251b4564a2244a7,True,,,,,,,,,,1.0,0.0,0.0,1.0,0.983042472566271,1.0,0.0,1.0,1.0,0.0
3626,c47485175a1a20fe8,True,,,,,,,,,,0.0,0.0,0.5,1.0,1.0,0.0,0.0,1.0,0.0,0.0
3627,27fefe70564fbc07a,True,,,,,,,,,,1.0,1.0,1.0,1.0,1.0,1.0,1.0,1.0,1.0,1.0
3628,223f276058256f999,True,,,,,,,,,,0.5,0.0,0.5,1.0,0.47968008474085216,0.0,1.0,1.0,0.0,0.0
3629,2611c3a201b36f3af,True,,,,,,,,,,1.0,1.0,1.0,1.0,0.7333514226321053,1.0,1.0,1.0,1.0,0.9166723195725329
3630,b23bdeea5132cf7af,True,,,,,,,,,,1.0,0.0,1.0,1.0,0.41364323232723144,1.0,0.0,1.0,1.0,0.0
3631,3fb88c089daff90ac,True,,,,,,,,,,1.0,1.0,1.0,1.0,0.474189179264821,1.0,0.0,1.0,1.0,0.7106841185202566
3632,aa2fc37ba0a88cfd3,True,,,,,,,,,,1.0,1.0,1.0,1.0,0.250010184699084,1.0,0.0,1.0,1.0,0.6406281827184638
3633,efc42904915428868,True,,,,,,,,,,0.0,0.0,0.5,1.0,1.0,0.0,1.0,1.0,0.0,0.0
3634,22264d7c1336430c1,True,,,,,,,,,,1.0,1.0,1.0,1.0,0.0,1.0,1.0,1.0,1.0,0.6875
3635,6eb14c57428cd1ec1,True,,,,,,,,,,1.0,0.0,0.0,1.0,0.9659786202119544,1.0,0.0,1.0,1.0,0.0
3636,4ebad6e2adb7c2ab4,True,,,,,,,,,,0.0,0.0,1.0,1.0,1.0,0.0,1.0,1.0,1.0,0.0
3637,73eec9539b3994724,True,,,,,,,,,,0.5,0.0,0.0,1.0,1.0,0.0,0.0,1.0,0.0,0.0
3638,1056c520c5f8da5e9,True,,,,,,,,,,1.0,1.0,1.0,1.0,1.0,1.0,1.0,1.0,1.0,1.0
3639,56e93c94aeafcbe6b,True,,,,,,,,,,1.0,0.0,0.0,1.0,0.980898197201716,1.0,0.0,1.0,1.0,0.0
3640,4b2c40907436ec443,True,,,,,,,,,,1.0,1.0,1.0,1.0,0.0158671901855706,1.0,1.0,1.0,1.0,0.6924584969329908
3641,3a0d3240d496a6276,True,,,,,,,,,,1.0,0.0,1.0,1.0,0.4922421277359915,1.0,0.0,1.0,1.0,0.0
3642,cd53b47b7ab39ebeb,True,,,,,,,,,,1.0,1.0,1.0,1.0,0.2628986755786517,1.0,1.0,1.0,1.0,0.7696558361183287
3643,82aeafe6afee99d4b,True,,,,,,,,,,0.0,1.0,1.0,1.0,0.36569994788663973,0.0,1.0,1.0,1.0,0.0
3644,44d4ff5239aca3b14,True,,,,,,,,,,1.0,0.0,1.0,1.0,1.0,1.0,0.0,0.0,0.0,0.0
3645,423fdbe39c764f2e2,True,,,,,,,,,,1.0,1.0,1.0,1.0,0.2175035455139861,1.0,1.0,1.0,1.0,0.7554698579731207
3646,54f184883023efbf9,True,,,,,,,,,,1.0,1.0,1.0,1.0,0.14773648368583192,1.0,0.0,1.0,1.0,0.6086676511518225
3647,21dda72ce686d45f5,True,,,,,,,,,,1.0,0.0,0.5,1.0,1.0,1.0,0.0,1.0,0.0,0.0
3648,2c8a8566b34a09b90,True,,,,,,,,,,1.0,0.0,1.0,1.0,1.0,1.0,1.0,1.0,0.0,0.0
3649,83eedcad4df5c24c6,True,,,,,,,,,,0.0,0.0,0.0,1.0,1.0,0.0,0.0,1.0,0.0,0.0
3650,693313e8d44aa5fd8,True,,,,,,,,,,1.0,1.0,1.0,1.0,0.18369831149562324,1.0,1.0,1.0,1.0,0.7449057223423823
3651,feff8b53a0025b738,True,,,,,,,,,,1.0,1.0,1.0,1.0,0.16327616745812953,1.0,0.0,1.0,1.0,0.6135238023306655
3652,9a1d8c48d604f6c79,True,,,,,,,,,,1.0,0.0,1.0,1.0,0.6345385777453624,1.0,1.0,1.0,1.0,0.0
3653,65bcd286d06e02669,True,,,,,,,,,,0.5,0.0,1.0,1.0,0.4582080887330872,0.0,1.0,1.0,0.0,0.0
3654,2ba1cba17d48212d7,True,,,,,,,,,,0.5,1.0,1.0,1.0,1.0,0.0,1.0,1.0,1.0,0.34375
3655,67f2162f2fa5e2d76,True,,,,,,,,,,1.0,1.0,1.0,1.0,0.0,1.0,1.0,1.0,1.0,0.6875
3656,702b15efbe7996592,True,,,,,,,,,,1.0,1.0,1.0,1.0,0.0009631087547118034,1.0,1.0,1.0,1.0,0.6878009714858475
3657,c2f99f2f74ef541cb,True,,,,,,,,,,1.0,0.0,0.0,1.0,1.0,1.0,0.0,1.0,1.0,0.0
3658,3e180f4a19fe95fc4,True,,,,,,,,,,1.0,1.0,1.0,1.0,0.0,1.0,0.0,1.0,1.0,0.5625
3659,6f0b775b8d685abec,True,,,,,,,,,,1.0,1.0,1.0,1.0,0.841913659942768,1.0,0.0,1.0,1.0,0.825598018732115
3660,7026d28794e20a290,True,,,,,,,,,,1.0,0.0,0.0,1.0,1.0,1.0,0.0,1.0,1.0,0.0
3661,6952b70f303046472,True,,,,,,,,,,0.0,1.0,1.0,1.0,1.0,0.0,0.0,1.0,1.0,0.0
3662,5fb2ee221c72e08b2,True,,,,,,,,,,1.0,1.0,1.0,1.0,0.4340327674417778,1.0,1.0,1.0,0.0,0.6981352398255556
3663,2b296dc7b6be46a34,True,,,,,,,,,,1.0,0.0,0.5,1.0,1.0,1.0,0.0,1.0,0.0,0.0
3664,2810fb7a63c63635c,True,,,,,,,,,,1.0,1.0,1.0,1.0,0.9117878178525984,1.0,1.0,1.0,1.0,0.972433693078937
3665,73f7119a7b5a0b42c,True,,,,,,,,,,0.0,0.0,0.0,1.0,0.8859307843691552,0.0,1.0,1.0,0.0,0.0
3666,c2453cf14f2d02b30,True,,,,,,,,,,1.0,1.0,1.0,1.0,0.0,1.0,1.0,1.0,1.0,0.6875
3667,c557bbca95b7a9516,True,,,,,,,,,,1.0,1.0,1.0,1.0,0.017698342669809793,1.0,1.0,1.0,1.0,0.6930307320843155
3668,6fb2b8cc6f313cf96,True,,,,,,,,,,1.0,1.0,1.0,1.0,0.0,1.0,1.0,0.0,1.0,0.5625
3669,eb1f907b28806d98c,True,,,,,,,,,,1.0,1.0,1.0,1.0,0.47940286172048296,1.0,1.0,1.0,1.0,0.837313394287651
3670,0800b8cbfe2ebcaf3,True,,,,,,,,,,1.0,1.0,0.5,1.0,0.593404385381211,1.0,0.0,1.0,1.0,0.3739694352158142
3671,5cd73374e1336ce3f,True,,,,,,,,,,1.0,1.0,0.0,1.0,1.0,1.0,0.0,1.0,0.0,0.0
3672,92ad1ee3b8c3a8859,True,,,,,,,,,,0.0,0.0,1.0,1.0,0.45861246929478905,0.0,1.0,1.0,1.0,0.0
3673,a84f9dde85427d73a,True,,,,,,,,,,1.0,1.0,1.0,1.0,1.0,1.0,0.0,1.0,1.0,0.875
3674,2f5db903282a4e143,True,,,,,,,,,,1.0,0.0,1.0,1.0,0.25983664774698856,1.0,0.0,1.0,1.0,0.0
3675,4855fc07a04961bfd,True,,,,,,,,,,0.0,1.0,1.0,0.0,1.0,0.0,1.0,1.0,1.0,0.0
3676,53829d49d04c9df23,True,,,,,,,,,,1.0,0.0,1.0,1.0,0.18597668115717775,1.0,0.0,1.0,1.0,0.0
3677,ace512518cdd33ce6,True,,,,,,,,,,0.5,0.0,0.0,1.0,1.0,0.0,1.0,1.0,0.0,0.0
3678,cb000016d3d61dd05,True,,,,,,,,,,0.0,1.0,1.0,1.0,1.0,0.0,1.0,1.0,0.0,0.0
3679,f3886ebf44a7423f1,True,,,,,,,,,,1.0,1.0,0.5,1.0,1.0,1.0,0.0,1.0,1.0,0.4375
3680,4ce14eab81ed439f2,True,,,,,,,,,,1.0,0.0,0.0,1.0,0.6815537601652543,1.0,0.0,1.0,0.0,0.0
3681,fe96f199e96744aa6,True,,,,,,,,,,1.0,1.0,1.0,1.0,0.06985765511452965,1.0,1.0,1.0,1.0,0.7093305172232905
3682,0a9a4ef68cc4ce8b2,True,,,,,,,,,,1.0,1.0,1.0,1.0,1.0,1.0,1.0,1.0,1.0,1.0
3683,2fb382cc58b2e089f,True,,,,,,,,,,1.0,1.0,1.0,1.0,0.4359630245103103,1.0,0.0,1.0,1.0,0.698738445159472
3684,7be779b9f100e6373,True,,,,,,,,,,1.0,1.0,1.0,1.0,1.0,1.0,1.0,1.0,1.0,1.0
3685,37eb625a0529e1cfa,True,,,,,,,,,,1.0,1.0,1.0,1.0,0.0,1.0,1.0,1.0,1.0,0.6875
3686,8abc54b8e7a9ff3ca,True,,,,,,,,,,1.0,1.0,1.0,1.0,0.2046927354386267,1.0,0.0,1.0,1.0,0.6264664798245708
3687,fedf09c50e4a8ef7b,True,,,,,,,,,,1.0,1.0,1.0,1.0,0.0,1.0,0.0,1.0,1.0,0.5625
3688,ba5e7c7cbfedb9d37,True,,,,,,,,,,0.0,0.0,0.0,1.0,1.0,0.0,0.0,1.0,1.0,0.0
3689,4010ab91841da1843,True,,,,,,,,,,1.0,1.0,1.0,1.0,0.2867078582134248,1.0,1.0,1.0,1.0,0.7770962056916952
3690,c833d5b0fc76fdd86,True,,,,,,,,,,1.0,1.0,1.0,1.0,0.06757079207202256,1.0,1.0,1.0,1.0,0.7086158725225071
3691,f3d58b82e93972910,True,,,,,,,,,,1.0,1.0,1.0,1.0,0.08737862081870813,1.0,1.0,1.0,1.0,0.7148058190058463
3692,15d9842199648136e,True,,,,,,,,,,0.0,0.0,0.5,1.0,1.0,0.0,1.0,0.0,0.0,0.0
3693,16b9d0efaf330fdcf,True,,,,,,,,,,1.0,0.0,0.0,1.0,0.0,1.0,0.0,0.0,0.0,0.0
3694,a42ef2d15ed8d3d94,True,,,,,,,,,,1.0,1.0,1.0,1.0,0.0,1.0,1.0,1.0,1.0,0.6875
3695,7db6e4bbd119fd8c7,True,,,,,,,,,,1.0,1.0,0.5,1.0,0.6295212880473197,1.0,0.0,1.0,1.0,0.3796127012573937
3696,59d497b24fe17609b,True,,,,,,,,,,1.0,0.0,0.5,1.0,0.4679879523618002,1.0,0.0,1.0,1.0,0.0
3697,d7db484a0d7198ab9,True,,,,,,,,,,1.0,0.0,0.0,1.0,1.0,1.0,0.0,1.0,1.0,0.0
3698,686930fbb99ca475c,True,,,,,,,,,,1.0,1.0,1.0,1.0,0.06894423829830097,1.0,0.0,1.0,1.0,0.5840450744682191
3699,6f30da8067d92b503,True,,,,,,,,,,0.0,1.0,1.0,1.0,1.0,0.0,0.0,1.0,1.0,0.0
3700,d4443eaf8695fc97e,True,,,,,,,,,,1.0,0.0,0.0,1.0,0.4387492622473563,1.0,1.0,0.0,0.0,0.0
3701,f13774881108b5e55,True,,,,,,,,,,0.5,0.0,1.0,1.0,0.9164107229674514,0.0,1.0,1.0,1.0,0.0
3702,99c29ddae00eb2eee,True,,,,,,,,,,1.0,0.0,0.5,1.0,1.0,1.0,0.0,1.0,1.0,0.0
3703,93f8da10fb7af1122,True,,,,,,,,,,1.0,0.0,0.0,1.0,1.0,1.0,0.0,1.0,1.0,0.0
3704,981f8d9ddc9472041,True,,,,,,,,,,1.0,0.0,0.5,1.0,1.0,1.0,0.0,1.0,1.0,0.0
3705,cbabaf8e0b53e82d3,True,,,,,,,,,,1.0,0.0,0.0,1.0,1.0,1.0,0.0,1.0,1.0,0.0
3706,17c86323e16dd5691,True,,,,,,,,,,0.0,0.0,0.5,1.0,1.0,0.0,1.0,1.0,0.0,0.0
3707,87f8776a408095eee,True,,,,,,,,,,1.0,1.0,1.0,1.0,0.5975637370107455,1.0,1.0,1.0,1.0,0.874238667815858
3708,3d46e887da2f265d2,True,,,,,,,,,,1.0,1.0,1.0,1.0,0.179069067660332,1.0,1.0,1.0,1.0,0.7434590836438537
3709,09bd7428736e6525b,True,,,,,,,,,,1.0,1.0,1.0,1.0,0.17630901098196042,1.0,1.0,1.0,1.0,0.7425965659318626
3710,5b8389f00775d1a89,True,,,,,,,,,,1.0,0.0,1.0,1.0,1.0,1.0,0.0,1.0,1.0,0.0
3711,2c126d0b4fc4f59f6,True,,,,,,,,,,1.0,0.0,0.0,1.0,1.0,1.0,0.0,1.0,1.0,0.0
3712,ef00d37c017fde631,True,,,,,,,,,,1.0,0.0,0.5,1.0,0.5281096749328681,1.0,0.0,0.0,0.0,0.0
3713,b5eae8e67d3680501,True,,,,,,,,,,0.0,0.0,1.0,1.0,0.32828678702342645,0.0,0.0,1.0,1.0,0.0
3714,5c8283705c1e44a16,True,,,,,,,,,,0.0,1.0,0.5,1.0,1.0,0.0,0.0,1.0,0.0,0.0
3715,dfc4fb3ce45ccca81,True,,,,,,,,,,1.0,0.0,0.0,1.0,1.0,1.0,0.0,1.0,1.0,0.0
3716,9fad04b9636cbc059,True,,,,,,,,,,1.0,1.0,1.0,1.0,0.23950224329999964,1.0,0.0,1.0,1.0,0.6373444510312498
3717,868d49798379dc351,True,,,,,,,,,,0.0,0.0,0.5,1.0,1.0,0.0,0.0,1.0,1.0,0.0
3718,fb56a869a86a4e9ee,True,,,,,,,,,,0.5,0.0,0.5,1.0,0.517446101943542,1.0,1.0,0.0,0.0,0.0
3719,4ee799c8d99616aed,True,,,,,,,,,,1.0,1.0,1.0,1.0,0.07156568771720723,1.0,0.0,1.0,1.0,0.5848642774116273
3720,d9eb3c465a5635619,True,,,,,,,,,,1.0,1.0,1.0,1.0,0.08191343375547529,1.0,1.0,0.0,1.0,0.588097948048586
3721,15f665441aeb9b139,True,,,,,,,,,,1.0,1.0,1.0,1.0,0.23996997375848148,1.0,1.0,1.0,1.0,0.7624906167995255
3722,342254f2ea2e57645,True,,,,,,,,,,1.0,0.0,1.0,1.0,1.0,1.0,0.0,1.0,0.0,0.0
3723,8a80c99bf844921b8,True,,,,,,,,,,1.0,1.0,1.0,1.0,0.0,1.0,0.0,1.0,1.0,0.5625
3724,0e21f086c18f3949c,True,,,,,,,,,,1.0,1.0,1.0,1.0,1.0,1.0,1.0,1.0,1.0,1.0
3725,042bf7d6a0f98a104,True,,,,,,,,,,1.0,1.0,1.0,1.0,0.0,1.0,0.0,1.0,1.0,0.5625
3726,14a8b09c096718d35,True,,,,,,,,,,1.0,1.0,1.0,1.0,0.004937061619858998,1.0,0.0,1.0,1.0,0.564042831756206
3727,856438ce448da4265,True,,,,,,,,,,1.0,1.0,1.0,1.0,1.0,1.0,1.0,1.0,1.0,1.0
3728,f89453f475567e939,True,,,,,,,,,,1.0,1.0,1.0,1.0,0.0,1.0,1.0,1.0,1.0,0.6875
3729,8aabedd8189160e6a,True,,,,,,,,,,1.0,1.0,1.0,1.0,0.1571824790986666,1.0,0.0,1.0,1.0,0.6116195247183334
3730,146404d39b9ce38d7,True,,,,,,,,,,1.0,0.0,0.0,1.0,0.8256843115174333,1.0,0.0,0.0,0.0,0.0
3731,9e9f60c0dd89a3428,True,,,,,,,,,,1.0,1.0,1.0,1.0,0.34023547584969005,1.0,0.0,1.0,1.0,0.6688235862030282
3732,430915b356a81da1d,True,,,,,,,,,,1.0,1.0,1.0,1.0,0.0,1.0,1.0,1.0,1.0,0.6875
3733,e620593c6271f1028,True,,,,,,,,,,1.0,1.0,1.0,1.0,0.21912908356506017,1.0,0.0,1.0,1.0,0.6309778386140813
3734,d87106abfc25f2fab,True,,,,,,,,,,1.0,0.0,0.0,1.0,0.8794885545343846,1.0,0.0,0.0,0.0,0.0
3735,a33fa10f772275b4a,True,,,,,,,,,,0.0,1.0,1.0,1.0,1.0,0.0,0.0,1.0,1.0,0.0
3736,53ceaabb1364b9424,True,,,,,,,,,,1.0,1.0,1.0,1.0,0.08850510927106976,1.0,1.0,1.0,1.0,0.7151578466472093
3737,0980084e5c33ab76e,True,,,,,,,,,,1.0,1.0,1.0,1.0,0.19180291482727713,1.0,1.0,1.0,1.0,0.7474384108835241
3738,64c4d0aeacb7df063,True,,,,,,,,,,1.0,1.0,1.0,1.0,0.09870540559317319,1.0,0.0,1.0,1.0,0.5933454392478666
3739,5139fde7658566f8c,True,,,,,,,,,,0.0,0.0,0.5,1.0,1.0,0.0,0.0,1.0,1.0,0.0
3740,74e4cc639249b885a,True,,,,,,,,,,0.0,1.0,1.0,1.0,1.0,0.0,1.0,1.0,1.0,0.0
3741,3a833c6bb917d783d,True,,,,,,,,,,1.0,1.0,0.5,1.0,0.9154941065981205,1.0,0.0,1.0,1.0,0.42429595415595633
3742,161046c98f6b78205,True,,,,,,,,,,1.0,1.0,0.0,1.0,1.0,1.0,0.0,1.0,0.0,0.0
3743,a436f596d2ea40baa,True,,,,,,,,,,0.5,0.0,0.0,1.0,1.0,0.0,0.0,1.0,1.0,0.0
3744,46c89f59183915eba,True,,,,,,,,,,1.0,0.0,0.0,1.0,1.0,1.0,0.0,1.0,0.0,0.0
3745,5ae5fc96ae87f7041,True,,,,,,,,,,1.0,1.0,1.0,1.0,0.3604290904527625,1.0,1.0,1.0,1.0,0.8001340907664882
3746,5ccf2f32443625c2f,True,,,,,,,,,,1.0,0.0,0.0,1.0,1.0,1.0,0.0,1.0,1.0,0.0
3747,e987a00eb520c3af5,True,,,,,,,,,,1.0,1.0,1.0,1.0,0.24419690577271091,1.0,1.0,1.0,0.0,0.6388115330539721
3748,2d69cb0443fc22cf0,True,,,,,,,,,,1.0,1.0,1.0,1.0,1.0,1.0,1.0,1.0,1.0,1.0
3749,a04d1509b1d00db31,True,,,,,,,,,,1.0,0.0,0.5,1.0,0.8306167723168644,1.0,0.0,1.0,1.0,0.0
3750,50f513cc32849ede8,True,,,,,,,,,,1.0,0.0,0.0,1.0,0.9777745025859966,1.0,0.0,1.0,1.0,0.0
3751,fddbcf39a369cf1df,True,,,,,,,,,,1.0,0.0,0.0,1.0,0.7812635895278762,1.0,0.0,1.0,1.0,0.0
3752,72ff49b38c26122d6,True,,,,,,,,,,0.0,0.0,1.0,1.0,0.3487374191923954,0.0,1.0,1.0,1.0,0.0
3753,a4bf3773c3567bbdc,True,,,,,,,,,,1.0,0.0,0.5,1.0,0.6724807470560362,1.0,0.0,1.0,1.0,0.0
3754,d16bc6d48c2d674bc,True,,,,,,,,,,1.0,0.0,0.0,1.0,1.0,1.0,0.0,1.0,1.0,0.0
3755,aa6a0de76f6f09404,True,,,,,,,,,,0.0,0.0,0.0,1.0,1.0,0.0,1.0,0.0,0.0,0.0
3756,4578349a623642d00,True,,,,,,,,,,1.0,1.0,1.0,1.0,0.0,1.0,1.0,1.0,1.0,0.6875
3757,1297091b925da475f,True,,,,,,,,,,1.0,0.0,1.0,1.0,1.0,1.0,0.0,1.0,1.0,0.0
3758,d31a201a98822b2ce,True,,,,,,,,,,1.0,1.0,1.0,1.0,0.3354163404944022,1.0,1.0,1.0,1.0,0.7923176064045007
3759,86cf77209e00173f3,True,,,,,,,,,,1.0,1.0,1.0,1.0,0.0,1.0,0.0,1.0,1.0,0.5625
3760,90263fed2b7db0365,True,,,,,,,,,,1.0,1.0,1.0,1.0,0.2294985063112098,1.0,1.0,1.0,1.0,0.759218283222253
3761,d2de0edb11096f082,True,,,,,,,,,,0.5,0.0,0.0,1.0,0.9250924919833631,0.0,0.0,1.0,0.0,0.0
3762,2c253de40b51a352a,True,,,,,,,,,,1.0,1.0,1.0,1.0,0.10616010706492882,1.0,1.0,1.0,1.0,0.7206750334577903
3763,de0ea29426ca0c381,True,,,,,,,,,,1.0,1.0,1.0,1.0,0.6799245240924051,1.0,0.0,1.0,1.0,0.7749764137788766
3764,115bbfc42ca3a09e4,True,,,,,,,,,,1.0,1.0,1.0,1.0,0.0,1.0,0.0,1.0,1.0,0.5625
3765,7c2bed78bc3df5a9b,True,,,,,,,,,,1.0,0.0,0.5,1.0,1.0,1.0,0.0,1.0,1.0,0.0
3766,fdef069dff8b15c66,True,,,,,,,,,,1.0,1.0,1.0,1.0,0.7861002712983042,1.0,1.0,1.0,0.0,0.80815633478072
3767,803b2f23625961a5b,True,,,,,,,,,,1.0,0.0,0.0,1.0,0.9278356698371044,1.0,1.0,1.0,1.0,0.0
3768,3c5a4ce4780db74b7,True,,,,,,,,,,1.0,1.0,1.0,1.0,0.017889553160310948,1.0,1.0,1.0,1.0,0.6930904853625972
3769,7897a78a2a7b1d695,True,,,,,,,,,,1.0,1.0,1.0,1.0,0.0,1.0,1.0,1.0,1.0,0.6875
3770,90060fb4a17c1e73a,True,,,,,,,,,,1.0,0.0,0.0,1.0,1.0,1.0,1.0,1.0,0.0,0.0
3771,3a79a64dc5c7059f8,True,,,,,,,,,,1.0,0.0,0.5,1.0,0.4871454462215723,1.0,0.0,1.0,1.0,0.0
3772,ccafa2d23a6f3f8b5,True,,,,,,,,,,1.0,1.0,1.0,1.0,0.14453957813679227,1.0,0.0,1.0,1.0,0.6076686181677475
3773,631e2dc2cca2e3ec5,True,,,,,,,,,,1.0,1.0,1.0,1.0,0.0,1.0,0.0,1.0,1.0,0.5625
3774,e5f10bfebbe5b0bc2,True,,,,,,,,,,1.0,0.0,0.0,1.0,0.6755427187358982,0.0,0.0,1.0,0.0,0.0
3775,467689ba5841d624f,True,,,,,,,,,,1.0,1.0,1.0,1.0,0.39243459639276207,1.0,0.0,1.0,1.0,0.6851358113727382
3776,a17ae323ec016c413,True,,,,,,,,,,1.0,1.0,1.0,1.0,0.5568817090995427,1.0,0.0,1.0,1.0,0.7365255340936071
3777,dd8018127da6cb6ad,True,,,,,,,,,,1.0,1.0,1.0,1.0,0.0,1.0,1.0,1.0,1.0,0.6875
3778,091f890b966563016,True,,,,,,,,,,1.0,1.0,1.0,1.0,0.09865860850016464,1.0,1.0,1.0,1.0,0.7183308151563015
3779,b43ae2c6e0304b991,True,,,,,,,,,,1.0,1.0,1.0,1.0,0.4361263835914725,1.0,0.0,1.0,1.0,0.6987894948723352
3780,1169425dafd2dc633,True,,,,,,,,,,1.0,1.0,1.0,1.0,0.2909090469270192,1.0,1.0,1.0,1.0,0.7784090771646934
3781,a42fb99bdb7e61156,True,,,,,,,,,,1.0,1.0,1.0,1.0,0.015703085465426907,1.0,1.0,1.0,0.0,0.5674072142079459
3782,4f279eb5918287e64,True,,,,,,,,,,1.0,0.0,1.0,1.0,1.0,1.0,0.0,1.0,1.0,0.0
3783,108277792b2690db0,True,,,,,,,,,,1.0,1.0,0.5,1.0,0.6223375642264257,1.0,1.0,1.0,1.0,0.44099024441037904
3784,948ee6f4ce68f4290,True,,,,,,,,,,1.0,0.0,1.0,1.0,0.339212714994138,1.0,0.0,1.0,0.0,0.0
3785,4e1091afb4068e9ee,True,,,,,,,,,,1.0,1.0,0.5,1.0,1.0,1.0,0.0,1.0,1.0,0.4375
3786,bad9757cb0a673425,True,,,,,,,,,,1.0,0.0,0.0,1.0,1.0,1.0,0.0,1.0,0.0,0.0
3787,3d7ddf7a34c6ba150,True,,,,,,,,,,1.0,1.0,0.5,1.0,1.0,1.0,1.0,1.0,1.0,0.5
3788,6e10df391ad68426e,True,,,,,,,,,,1.0,1.0,1.0,1.0,1.0,1.0,0.0,1.0,1.0,0.875
3789,a1467b53499fa05f6,True,,,,,,,,,,1.0,0.0,1.0,1.0,1.0,1.0,1.0,1.0,1.0,0.0
3790,46b0816cf26d29e4f,True,,,,,,,,,,0.5,1.0,1.0,1.0,1.0,0.0,1.0,1.0,1.0,0.34375
3791,075c6629f363025a1,True,,,,,,,,,,1.0,1.0,1.0,1.0,0.8161518024250017,1.0,1.0,1.0,1.0,0.9425474382578131
3792,2191ef080b4043736,True,,,,,,,,,,1.0,0.0,0.5,1.0,0.9686903935019988,1.0,0.0,1.0,1.0,0.0
3793,e1ddf841fc0409636,True,,,,,,,,,,1.0,0.0,0.5,1.0,0.4003572675782286,1.0,0.0,1.0,0.0,0.0
3794,eaae6fd2529ee2b0b,True,,,,,,,,,,1.0,1.0,1.0,1.0,1.0,1.0,0.0,1.0,1.0,0.875
3795,4aa0d20a71cc4b60d,True,,,,,,,,,,0.5,0.0,0.5,1.0,1.0,0.0,0.0,1.0,0.0,0.0
3796,6ed7113fd3721f57b,True,,,,,,,,,,1.0,1.0,0.0,1.0,1.0,1.0,0.0,1.0,1.0,0.0
3797,f39b90bb6aa1bbac7,True,,,,,,,,,,0.0,1.0,1.0,1.0,1.0,0.0,0.0,1.0,0.0,0.0
3798,1dc0015e76a4342d9,True,,,,,,,,,,1.0,0.0,0.5,1.0,1.0,1.0,0.0,1.0,1.0,0.0
3799,0e81443200fd71592,True,,,,,,,,,,0.0,0.0,0.0,1.0,1.0,0.0,0.0,1.0,0.0,0.0
3800,3888d194819d19b6e,True,,,,,,,,,,1.0,0.0,0.0,1.0,1.0,1.0,0.0,1.0,0.0,0.0
3801,71c904391b4dd4412,True,,,,,,,,,,1.0,1.0,1.0,1.0,0.5053690257816887,0.0,1.0,1.0,1.0,0.5329278205567778
3802,6a62285a9933482cb,True,,,,,,,,,,1.0,0.0,0.0,1.0,1.0,1.0,0.0,1.0,1.0,0.0
3803,96d4eccd3044219d2,True,,,,,,,,,,1.0,1.0,1.0,1.0,0.0,1.0,1.0,1.0,1.0,0.6875
3804,29b4bcae1bc32da3c,True,,,,,,,,,,1.0,1.0,1.0,1.0,0.0,1.0,1.0,1.0,1.0,0.6875
3805,75c698c901137829c,True,,,,,,,,,,0.0,0.0,1.0,1.0,0.3632625794235941,0.0,1.0,1.0,1.0,0.0
3806,5957a4b8c0696f222,True,,,,,,,,,,1.0,0.0,1.0,1.0,1.0,1.0,1.0,1.0,1.0,0.0
3807,17e36b4f4f12c5fd5,True,,,,,,,,,,1.0,1.0,1.0,1.0,0.8643674773983162,1.0,1.0,1.0,1.0,0.9576148366869739
3808,edf02a219abbc7a0d,True,,,,,,,,,,1.0,1.0,1.0,1.0,0.0,1.0,1.0,1.0,1.0,0.6875
3809,9a546e8b85e191da8,True,,,,,,,,,,1.0,1.0,1.0,1.0,1.0,1.0,1.0,1.0,1.0,1.0
3810,f06a4e01a1e5abdd5,True,,,,,,,,,,1.0,0.0,0.0,1.0,0.916882663606292,1.0,1.0,1.0,1.0,0.0
3811,85b6589d5332018d1,True,,,,,,,,,,1.0,0.0,1.0,1.0,1.0,1.0,1.0,1.0,1.0,0.0
3812,8d7f7a041d0f59275,True,,,,,,,,,,1.0,0.0,0.0,1.0,1.0,1.0,0.0,1.0,0.0,0.0
3813,8ab43bb08112dc9ee,True,,,,,,,,,,1.0,1.0,1.0,1.0,0.22619325330332357,1.0,1.0,1.0,1.0,0.7581853916572886
3814,d04ff28ed5ef1d0d5,True,,,,,,,,,,1.0,1.0,1.0,1.0,0.5191328875409591,1.0,1.0,1.0,1.0,0.8497290273565496
3815,a4e79fc70ac65c883,True,,,,,,,,,,1.0,1.0,1.0,1.0,0.40019850414010105,1.0,0.0,1.0,1.0,0.6875620325437816
3816,e306d6a4971bcbd83,True,,,,,,,,,,1.0,0.0,1.0,1.0,1.0,1.0,1.0,1.0,1.0,0.0
3817,e69df86c33d5e5522,True,,,,,,,,,,1.0,1.0,1.0,1.0,0.30108985305010844,1.0,0.0,1.0,1.0,0.6565905790781589
3818,90a368abf1e231f06,True,,,,,,,,,,1.0,1.0,1.0,1.0,0.1249094043313062,1.0,1.0,1.0,1.0,0.7265341888535332
3819,a2b706d9e0ce2f53e,True,,,,,,,,,,1.0,0.0,0.0,1.0,1.0,1.0,0.0,1.0,1.0,0.0
3820,b5d691e56539e289e,True,,,,,,,,,,1.0,1.0,1.0,1.0,0.12020153039898851,1.0,1.0,1.0,1.0,0.7250629782496839
3821,592e29a92e9aa79df,True,,,,,,,,,,1.0,0.0,0.5,1.0,0.9173143054771585,1.0,1.0,0.0,0.0,0.0
3822,ea986d3a0c0d7a702,True,,,,,,,,,,1.0,1.0,1.0,1.0,0.145174143777003,1.0,1.0,1.0,1.0,0.7328669199303135
3823,ad16a8e4063d7973e,True,,,,,,,,,,1.0,1.0,1.0,1.0,0.11657576631485253,1.0,1.0,1.0,1.0,0.7239299269733914
3824,0105e5486cfb69483,True,,,,,,,,,,1.0,1.0,1.0,1.0,0.0046149730361862065,1.0,1.0,1.0,1.0,0.6889421790738082
3825,2c1063aa4f44cf5f4,True,,,,,,,,,,1.0,0.0,0.5,1.0,1.0,1.0,0.0,1.0,1.0,0.0
3826,4cac5cf4ef12bcaba,True,,,,,,,,,,1.0,0.0,0.0,1.0,0.6150407551969127,1.0,0.0,1.0,1.0,0.0
3827,5b1f4f799723ae119,True,,,,,,,,,,1.0,1.0,1.0,1.0,0.9998045520347721,1.0,0.0,1.0,1.0,0.8749389225108664
3828,cc4c628ad79f6395d,True,,,,,,,,,,1.0,1.0,1.0,1.0,0.1129860762804216,1.0,0.0,1.0,1.0,0.5978081488376317
3829,f197eb9bb03399772,True,,,,,,,,,,0.0,0.0,0.0,1.0,0.7858070533145303,0.0,0.0,1.0,1.0,0.0
3830,16f88a7f9c92243cb,True,,,,,,,,,,0.5,0.0,1.0,1.0,1.0,0.0,0.0,1.0,1.0,0.0
3831,af0d83c05846b8b86,True,,,,,,,,,,0.0,0.0,0.0,1.0,1.0,0.0,0.0,1.0,0.0,0.0
3832,3c71818855c39904e,True,,,,,,,,,,1.0,1.0,1.0,1.0,1.0,1.0,0.0,1.0,1.0,0.875
3833,c3430498fdada1e4d,True,,,,,,,,,,1.0,0.0,1.0,1.0,0.8318765102251168,1.0,1.0,1.0,1.0,0.0
3834,6f6dd61939e44a14a,True,,,,,,,,,,1.0,1.0,1.0,1.0,0.0,1.0,0.0,1.0,1.0,0.5625
3835,f6a13add7d93584e0,True,,,,,,,,,,1.0,0.0,0.5,1.0,0.3823024602881285,1.0,0.0,1.0,1.0,0.0
3836,cc06efea87df36bc7,True,,,,,,,,,,1.0,0.0,0.5,1.0,0.5471999114128857,1.0,0.0,1.0,1.0,0.0
3837,a946e96acbe5186d9,True,,,,,,,,,,1.0,0.0,1.0,0.0,1.0,1.0,1.0,1.0,1.0,0.0
3838,8c3b732ea1b87e65b,True,,,,,,,,,,1.0,1.0,1.0,1.0,0.2546522507614383,1.0,1.0,1.0,1.0,0.7670788283629495
3839,5cd160daac2e582eb,True,,,,,,,,,,1.0,1.0,1.0,1.0,0.04142503050190611,1.0,1.0,1.0,1.0,0.7004453220318456
3840,f822b7fedd599ccea,True,,,,,,,,,,1.0,0.0,0.5,1.0,1.0,1.0,0.0,1.0,0.0,0.0
3841,62bb22ff90b4ff60a,True,,,,,,,,,,1.0,1.0,1.0,1.0,0.203712751594928,1.0,1.0,1.0,1.0,0.751160234873415
3842,bbf03fd14411cf3b3,True,,,,,,,,,,1.0,1.0,1.0,1.0,1.0,0.0,0.0,1.0,1.0,0.5625
3843,74112fd9ef3478d34,True,,,,,,,,,,1.0,0.0,1.0,1.0,1.0,1.0,0.0,1.0,1.0,0.0
3844,474ead815a6e92542,True,,,,,,,,,,1.0,1.0,1.0,1.0,1.0,1.0,0.0,1.0,0.0,0.75
3845,c19d3aa3c7a6557a9,True,,,,,,,,,,1.0,1.0,1.0,1.0,0.0,1.0,1.0,1.0,1.0,0.6875
3846,6a0e7c7b6a5967f37,True,,,,,,,,,,1.0,1.0,1.0,1.0,0.0,1.0,1.0,1.0,1.0,0.6875
3847,10f68fec177e9b51c,True,,,,,,,,,,1.0,0.0,1.0,1.0,0.496287450680068,1.0,1.0,1.0,1.0,0.0
3848,f9f68056cf387b7a7,True,,,,,,,,,,0.0,0.0,1.0,1.0,1.0,0.0,0.0,1.0,1.0,0.0
3849,da94e1252342dc8d8,True,,,,,,,,,,1.0,1.0,1.0,1.0,1.0,1.0,1.0,1.0,1.0,1.0
3850,57242411e2f320c12,True,,,,,,,,,,1.0,1.0,1.0,1.0,0.2169164287527077,1.0,1.0,1.0,1.0,0.7552863839852212
3851,9bbec38bd775ea622,True,,,,,,,,,,1.0,1.0,1.0,1.0,0.0037324671158782087,1.0,0.0,1.0,1.0,0.5636663959737119
3852,b8f175630a8fe6f7c,True,,,,,,,,,,1.0,1.0,1.0,1.0,0.0654550217889346,1.0,1.0,1.0,1.0,0.707954694309042
3853,3a84eaeca44c1b7ad,True,,,,,,,,,,1.0,1.0,0.0,1.0,1.0,1.0,0.0,1.0,1.0,0.0
3854,abeae7488b509687d,True,,,,,,,,,,1.0,1.0,0.5,1.0,0.733051734885677,1.0,0.0,1.0,1.0,0.395789333575887
3855,f216d1ab22df1e533,True,,,,,,,,,,1.0,0.0,1.0,1.0,0.4118420275826956,1.0,0.0,1.0,1.0,0.0
3856,339edff793767887e,True,,,,,,,,,,1.0,1.0,1.0,1.0,0.4556080061377802,1.0,0.0,1.0,1.0,0.7048775019180563
3857,7b43da672e8898362,True,,,,,,,,,,0.0,0.0,0.5,1.0,1.0,0.0,0.0,1.0,0.0,0.0
3858,c217a9de321bd6af3,True,,,,,,,,,,1.0,1.0,1.0,1.0,0.9727970507657222,1.0,0.0,0.0,1.0,0.7414990783642882
3859,df2f5f2688acbcf8c,True,,,,,,,,,,1.0,0.0,0.5,1.0,1.0,1.0,1.0,1.0,0.0,0.0
3860,6adadb0caf086d050,True,,,,,,,,,,1.0,1.0,1.0,1.0,0.09148735954482054,1.0,1.0,1.0,1.0,0.7160897998577564
3861,4bd3930751899054f,True,,,,,,,,,,1.0,0.0,0.5,1.0,0.569930413048814,1.0,0.0,1.0,1.0,0.0
3862,5e5905ae1266bc1cb,True,,,,,,,,,,1.0,0.0,0.0,1.0,0.6744230438095655,1.0,0.0,1.0,1.0,0.0
3863,8cb3057d000fc44fc,True,,,,,,,,,,1.0,1.0,1.0,1.0,0.2342619812000687,1.0,1.0,1.0,1.0,0.7607068691250215
3864,cdb80903b75b86325,True,,,,,,,,,,1.0,1.0,1.0,1.0,0.9399322206430007,1.0,1.0,1.0,1.0,0.9812288189509377
3865,aa6ae8ce4dc53d9af,True,,,,,,,,,,1.0,1.0,1.0,1.0,0.1780890364157567,1.0,1.0,1.0,1.0,0.743152823879924
3866,9941e5249d262210a,True,,,,,,,,,,1.0,1.0,1.0,1.0,0.48628315053313403,1.0,1.0,1.0,0.0,0.7144634845416044
3867,ff17ac7233820a90f,True,,,,,,,,,,1.0,1.0,1.0,1.0,1.0,1.0,0.0,1.0,1.0,0.875
3868,78501e6f18988cb91,True,,,,,,,,,,0.0,0.0,0.0,1.0,1.0,0.0,0.0,1.0,0.0,0.0
3869,26961603aa068511e,True,,,,,,,,,,1.0,1.0,1.0,1.0,1.0,1.0,1.0,1.0,0.0,0.875
3870,a4f24e691930789eb,True,,,,,,,,,,1.0,1.0,1.0,1.0,1.0,1.0,1.0,1.0,1.0,1.0
3871,a455cb198227aca78,True,,,,,,,,,,1.0,0.0,0.5,1.0,1.0,1.0,0.0,1.0,0.0,0.0
3872,c911e86fa2d53c1d1,True,,,,,,,,,,1.0,1.0,1.0,1.0,0.0,1.0,0.0,1.0,1.0,0.5625
3873,9bbf0a9e8d47e6d77,True,,,,,,,,,,1.0,1.0,0.5,1.0,1.0,1.0,0.0,1.0,1.0,0.4375
3874,3dd2a8f5a8701cb47,True,,,,,,,,,,1.0,1.0,1.0,1.0,1.0,1.0,0.0,1.0,1.0,0.875
3875,9fb82728bb72ae665,True,,,,,,,,,,1.0,0.0,1.0,1.0,1.0,1.0,0.0,1.0,1.0,0.0
3876,f4fb6e871bef33f03,True,,,,,,,,,,1.0,0.0,0.5,1.0,1.0,1.0,0.0,1.0,1.0,0.0
3877,4c0a5d617a08c1e9e,True,,,,,,,,,,1.0,1.0,1.0,1.0,0.15025731996183883,1.0,1.0,1.0,1.0,0.7344554124880747
3878,5744b52773894c061,True,,,,,,,,,,1.0,1.0,0.5,1.0,0.5546705364624217,1.0,0.0,1.0,1.0,0.3679172713222534
3879,cd5f94c276881c890,True,,,,,,,,,,1.0,1.0,1.0,1.0,0.05911090402785029,1.0,1.0,1.0,0.0,0.5809721575087032
3880,36973343935f49ac7,True,,,,,,,,,,1.0,0.0,0.0,1.0,1.0,1.0,0.0,1.0,1.0,0.0
3881,56f3701eaba44cbba,True,,,,,,,,,,1.0,1.0,0.5,1.0,0.5537134187792625,1.0,0.0,1.0,1.0,0.36776772168425975
3882,370df15505429bd41,True,,,,,,,,,,1.0,0.0,1.0,1.0,0.7458592021182828,1.0,1.0,1.0,0.0,0.0
3883,9492d35704d8b1a15,True,,,,,,,,,,1.0,0.0,0.5,1.0,1.0,1.0,0.0,1.0,0.0,0.0
3884,f6eaaf2106ca53ffa,True,,,,,,,,,,1.0,1.0,1.0,1.0,0.3777987754914268,1.0,1.0,1.0,1.0,0.8055621173410709
3885,49fd1c147826df430,True,,,,,,,,,,1.0,0.0,0.0,1.0,0.64623625702265,1.0,1.0,1.0,0.0,0.0
3886,dc91e0fc1f890f6bc,True,,,,,,,,,,1.0,0.0,0.0,1.0,0.991618978884804,1.0,0.0,1.0,1.0,0.0
3887,2bf48c9a1af27a0a1,True,,,,,,,,,,1.0,1.0,1.0,1.0,0.4682362942928228,1.0,0.0,1.0,1.0,0.7088238419665072
3888,041ef3b3c078e7cea,True,,,,,,,,,,0.0,1.0,1.0,1.0,0.6449212523809074,0.0,0.0,1.0,1.0,0.0
3889,3a64c41fecb2ab1ca,True,,,,,,,,,,1.0,1.0,1.0,1.0,0.08363054122744422,1.0,1.0,1.0,1.0,0.7136345441335763
3890,09f2c709af42130ee,True,,,,,,,,,,1.0,1.0,1.0,1.0,0.0820247598155306,1.0,0.0,1.0,1.0,0.5881327374423533
3891,514d7497a9ead95b4,True,,,,,,,,,,1.0,1.0,1.0,1.0,0.09971903238059575,1.0,1.0,1.0,1.0,0.7186621976189362
3892,9faeca442f57af75b,True,,,,,,,,,,0.5,0.0,0.5,1.0,1.0,0.0,0.0,1.0,1.0,0.0
3893,e33920fdd8fdbaaae,True,,,,,,,,,,1.0,1.0,1.0,1.0,0.0,1.0,0.0,1.0,1.0,0.5625
3894,90bd22f98b4c8c0db,True,,,,,,,,,,0.0,1.0,0.5,1.0,0.7863707561316792,0.0,0.0,1.0,0.0,0.0
3895,87e87ae4d5581f967,True,,,,,,,,,,1.0,0.0,0.5,1.0,0.8348899810876621,1.0,0.0,1.0,1.0,0.0
3896,53584220d24323201,True,,,,,,,,,,1.0,1.0,0.5,1.0,0.3201571364549621,1.0,0.0,1.0,1.0,0.33127455257108784
3897,ad123ee37bc2eb842,True,,,,,,,,,,1.0,1.0,1.0,1.0,0.0,1.0,0.0,1.0,1.0,0.5625
3898,4fd56da0ff5065a4d,True,,,,,,,,,,1.0,0.0,1.0,1.0,0.3262976378259397,1.0,1.0,1.0,1.0,0.0
3899,2515a4049787b61ac,True,,,,,,,,,,1.0,1.0,1.0,1.0,0.0,1.0,0.0,1.0,1.0,0.5625
3900,5b9f80fbe5e67358f,True,,,,,,,,,,1.0,0.0,0.0,1.0,1.0,1.0,0.0,1.0,1.0,0.0
3901,e51490fe813037042,True,,,,,,,,,,0.0,1.0,1.0,0.0,1.0,0.0,1.0,1.0,1.0,0.0
3902,f5a7ab053fe5143f8,True,,,,,,,,,,1.0,1.0,1.0,1.0,1.0,1.0,0.0,1.0,1.0,0.875
3903,cac389eb6249d6874,True,,,,,,,,,,1.0,0.0,1.0,1.0,1.0,1.0,0.0,1.0,1.0,0.0
3904,15e9e852fea33e966,True,,,,,,,,,,1.0,1.0,1.0,1.0,1.0,1.0,1.0,1.0,1.0,1.0
3905,4f21dca90878d8a58,True,,,,,,,,,,0.5,0.0,0.5,1.0,0.5285667348167766,1.0,1.0,0.0,0.0,0.0
3906,64680c5b6bd6a89e4,True,,,,,,,,,,1.0,0.0,0.5,1.0,0.3841610710661843,1.0,0.0,1.0,1.0,0.0
3907,ebfe50cfc0a46ef16,True,,,,,,,,,,1.0,1.0,1.0,1.0,0.1711327034081038,1.0,0.0,1.0,1.0,0.6159789698150324
3908,2a3e8710c22275361,True,,,,,,,,,,1.0,1.0,1.0,1.0,0.18745101142493212,1.0,0.0,1.0,1.0,0.6210784410702913
3909,8090a94784c5adc03,True,,,,,,,,,,1.0,0.0,1.0,1.0,0.5165618183094727,1.0,0.0,1.0,1.0,0.0
3910,3d85159a51861aba5,True,,,,,,,,,,0.0,0.0,1.0,1.0,1.0,0.0,0.0,1.0,1.0,0.0
3911,a677f3956eddc7eac,True,,,,,,,,,,1.0,0.0,0.0,1.0,0.8019770179561949,1.0,0.0,1.0,1.0,0.0
3912,cdee605a7b8acd418,True,,,,,,,,,,1.0,1.0,1.0,1.0,0.6977770043850477,1.0,1.0,1.0,0.0,0.7805553138703274
3913,87940f7f64854009d,True,,,,,,,,,,0.0,0.0,1.0,1.0,1.0,0.0,1.0,1.0,1.0,0.0
3914,d338d0b0f53782114,True,,,,,,,,,,1.0,0.0,0.0,1.0,0.6888657355562804,1.0,0.0,1.0,0.0,0.0
3915,dda492e77bd06b5da,True,,,,,,,,,,1.0,1.0,1.0,1.0,0.22463363000490963,1.0,1.0,1.0,1.0,0.7576980093765342
3916,af4ad524dc8b94ef1,True,,,,,,,,,,0.0,0.0,0.5,1.0,1.0,0.0,0.0,1.0,0.0,0.0
3917,fb243ec63be645481,True,,,,,,,,,,1.0,0.0,0.0,1.0,0.7956760160175746,1.0,0.0,1.0,1.0,0.0
3918,f4fc402c592a5d4a2,True,,,,,,,,,,0.5,0.0,0.0,1.0,0.827461376886225,0.0,1.0,1.0,1.0,0.0
3919,48b8608248fe082c2,True,,,,,,,,,,1.0,1.0,1.0,1.0,0.3612738229170033,1.0,1.0,1.0,1.0,0.8003980696615636
3920,76cde40b4dab9f0f1,True,,,,,,,,,,1.0,1.0,1.0,1.0,1.0,1.0,1.0,1.0,1.0,1.0
3921,e02ebb163a52bd53e,True,,,,,,,,,,1.0,1.0,1.0,1.0,0.053162091500349555,1.0,1.0,1.0,1.0,0.7041131535938592
3922,f9b2e117ff4ab2884,True,,,,,,,,,,0.0,1.0,1.0,1.0,0.7081478347783252,0.0,0.0,1.0,1.0,0.0
3923,172abde18b548feb2,True,,,,,,,,,,1.0,0.0,1.0,1.0,0.779581412877102,1.0,1.0,1.0,0.0,0.0
3924,e2094c50a0cc45693,True,,,,,,,,,,1.0,0.0,0.5,1.0,0.5276697873653927,1.0,1.0,1.0,0.0,0.0
3925,835ff0096d7b5ba4f,True,,,,,,,,,,1.0,1.0,1.0,1.0,0.8397090165765498,1.0,1.0,1.0,0.0,0.8249090676801718
3926,375ef6cffa757aadf,True,,,,,,,,,,1.0,1.0,1.0,1.0,0.0,1.0,1.0,1.0,1.0,0.6875
3927,8d442a4953c9da694,True,,,,,,,,,,1.0,0.0,1.0,1.0,0.6263286194436392,1.0,1.0,1.0,1.0,0.0
3928,14b4d5dae8ea46cbc,True,,,,,,,,,,1.0,0.0,0.0,1.0,0.7110761698423254,1.0,0.0,1.0,0.0,0.0
3929,2f704570e75d053c7,True,,,,,,,,,,0.0,0.0,0.0,1.0,0.673291445128475,0.0,0.0,1.0,0.0,0.0
3930,c021ad43ee2e51dd3,True,,,,,,,,,,0.0,0.0,0.0,1.0,0.6654213974476566,1.0,0.0,1.0,0.0,0.0
3931,5f02891c6336297bf,True,,,,,,,,,,1.0,1.0,1.0,1.0,0.925300677684954,1.0,1.0,1.0,0.0,0.8516564617765481
3932,27c67d28b70d594c7,True,,,,,,,,,,0.0,0.0,0.0,1.0,0.8523538621928117,0.0,0.0,1.0,1.0,0.0
3933,5dc4590f82971002e,True,,,,,,,,,,1.0,1.0,1.0,1.0,0.6552955521183704,1.0,0.0,1.0,1.0,0.7672798600369908
3934,29a75324e23136d91,True,,,,,,,,,,1.0,1.0,1.0,1.0,0.38358342133520906,1.0,1.0,1.0,1.0,0.8073698191672528
3935,95972dc9532711131,True,,,,,,,,,,0.0,0.0,0.0,1.0,1.0,0.0,0.0,1.0,0.0,0.0
3936,bec0eb9fc0a02638a,True,,,,,,,,,,1.0,1.0,1.0,1.0,0.0,1.0,1.0,1.0,1.0,0.6875
3937,f1abd83315867c099,True,,,,,,,,,,1.0,1.0,1.0,1.0,0.0,1.0,1.0,1.0,1.0,0.6875
3938,76a210a0c3456a3e3,True,,,,,,,,,,1.0,1.0,1.0,1.0,0.4841800369603089,1.0,1.0,1.0,1.0,0.8388062615500965
3939,20f4af07bc30fb4fd,True,,,,,,,,,,1.0,1.0,1.0,1.0,0.5131871844743419,1.0,1.0,1.0,1.0,0.8478709951482318
3940,7d44659c706a23779,True,,,,,,,,,,0.0,1.0,1.0,1.0,1.0,0.0,0.0,1.0,1.0,0.0
3941,b60c0ec16d57413b5,True,,,,,,,,,,1.0,0.0,0.0,1.0,1.0,1.0,0.0,1.0,1.0,0.0
3942,020ac08667a119075,True,,,,,,,,,,1.0,0.0,1.0,1.0,0.8715306418772031,1.0,1.0,1.0,1.0,0.0
3943,23c9faa5c2360ed1f,True,,,,,,,,,,1.0,0.0,1.0,1.0,0.5477487573824236,1.0,1.0,1.0,1.0,0.0
3944,b74ed296010c24598,True,,,,,,,,,,0.0,1.0,1.0,0.0,1.0,0.0,1.0,1.0,1.0,0.0
3945,65b5a6fd57eb4ffb9,True,,,,,,,,,,1.0,1.0,1.0,1.0,0.8070215142019421,1.0,0.0,1.0,1.0,0.8146942231881069
3946,9ef93765e3465f27d,True,,,,,,,,,,1.0,0.0,0.0,1.0,0.8715455063495875,0.0,0.0,1.0,0.0,0.0
3947,ac022e7e85876da0a,True,,,,,,,,,,1.0,1.0,1.0,1.0,0.0,1.0,1.0,1.0,1.0,0.6875
3948,4eb62ff777df6de35,True,,,,,,,,,,0.0,0.0,0.5,1.0,0.8751348979474917,0.0,0.0,1.0,1.0,0.0
3949,a2aa45cf991d37699,True,,,,,,,,,,1.0,1.0,0.5,1.0,1.0,1.0,1.0,1.0,0.0,0.4375
3950,9a2c6392ddbd1a611,True,,,,,,,,,,1.0,1.0,1.0,1.0,0.47739015803613793,1.0,1.0,1.0,1.0,0.8366844243862931
3951,b12d970eb84c1530f,True,,,,,,,,,,0.0,1.0,1.0,1.0,1.0,0.0,0.0,1.0,1.0,0.0
3952,d153031465d8e37cb,True,,,,,,,,,,1.0,1.0,1.0,1.0,0.02745636679883346,1.0,1.0,1.0,1.0,0.6960801146246355
3953,f4f52070af5d450d0,True,,,,,,,,,,0.0,0.0,0.0,1.0,1.0,0.0,1.0,0.0,0.0,0.0
3954,1e704b348fb75f77d,True,,,,,,,,,,1.0,0.0,1.0,1.0,1.0,1.0,1.0,1.0,1.0,0.0
3955,7878266af5a97d7ce,True,,,,,,,,,,0.0,1.0,1.0,1.0,1.0,0.0,0.0,1.0,1.0,0.0
3956,d85f111a22572d5b1,True,,,,,,,,,,1.0,0.0,0.5,1.0,1.0,1.0,0.0,0.0,0.0,0.0
3957,5d72351d0cf4540a5,True,,,,,,,,,,1.0,1.0,1.0,1.0,0.0,1.0,1.0,1.0,1.0,0.6875
3958,ee370f6df7c0912be,True,,,,,,,,,,1.0,1.0,1.0,1.0,1.0,1.0,1.0,1.0,1.0,1.0
3959,8975720088d1d70ea,True,,,,,,,,,,1.0,0.0,0.0,1.0,0.3942007962715412,1.0,0.0,1.0,0.0,0.0
3960,71ff6e1295d5d408e,True,,,,,,,,,,0.0,0.0,0.5,1.0,1.0,0.0,0.0,1.0,1.0,0.0
3961,edb62f47f8009856e,True,,,,,,,,,,1.0,0.0,1.0,1.0,0.6331286075994575,1.0,0.0,1.0,1.0,0.0
3962,1f060c16840f9229e,True,,,,,,,,,,1.0,1.0,1.0,1.0,0.32427294013158264,1.0,1.0,1.0,1.0,0.7888352937911196
3963,937a8f24b8d3c456f,True,,,,,,,,,,0.0,1.0,1.0,1.0,1.0,0.0,0.0,1.0,1.0,0.0
3964,fe6eb7191dafdb638,True,,,,,,,,,,0.0,1.0,1.0,1.0,1.0,0.0,0.0,1.0,1.0,0.0
3965,f07be583867d7e867,True,,,,,,,,,,0.0,0.0,0.0,1.0,1.0,0.0,0.0,1.0,0.0,0.0
3966,9c439f9711b4d4d8a,True,,,,,,,,,,1.0,0.0,0.0,1.0,1.0,1.0,0.0,1.0,1.0,0.0
3967,14f814e6cbf15fcb5,True,,,,,,,,,,0.5,0.0,0.0,1.0,0.920371896309296,0.0,0.0,1.0,1.0,0.0
3968,f37a107cfe0b65537,True,,,,,,,,,,1.0,1.0,1.0,1.0,0.05735929087292758,1.0,1.0,1.0,1.0,0.7054247783977898
3969,255fdde0f485718e4,True,,,,,,,,,,0.5,0.0,0.0,1.0,1.0,0.0,0.0,1.0,1.0,0.0
3970,e9f1d3b368a8f7603,True,,,,,,,,,,1.0,1.0,1.0,1.0,0.16819585140508694,1.0,0.0,1.0,1.0,0.6150612035640897
3971,b123636b63cd85bd6,True,,,,,,,,,,1.0,1.0,1.0,1.0,0.3029115195370942,1.0,0.0,1.0,1.0,0.6571598498553419
3972,053755e0b8f0dd052,True,,,,,,,,,,0.0,0.0,1.0,1.0,1.0,0.0,0.0,1.0,1.0,0.0
3973,16e839b38304ce550,True,,,,,,,,,,1.0,1.0,1.0,1.0,0.23340755724465384,1.0,1.0,1.0,1.0,0.7604398616389543
3974,3dd919c5a93fd6754,True,,,,,,,,,,0.0,1.0,1.0,1.0,1.0,0.0,1.0,1.0,1.0,0.0
3975,c2ee3d175867a9e7a,True,,,,,,,,,,1.0,0.0,0.0,1.0,1.0,1.0,1.0,1.0,1.0,0.0
3976,f4eac938a68f3b495,True,,,,,,,,,,1.0,0.0,1.0,1.0,0.522123180544886,1.0,0.0,1.0,1.0,0.0
3977,0224d4cee538e69c3,True,,,,,,,,,,1.0,0.0,0.5,1.0,1.0,1.0,0.0,1.0,1.0,0.0
3978,974e05c39e876c78a,True,,,,,,,,,,1.0,1.0,1.0,1.0,0.2479811575085351,1.0,0.0,1.0,1.0,0.6399941117214172
3979,15a4d38c20001c0e4,True,,,,,,,,,,1.0,0.0,0.5,1.0,1.0,1.0,0.0,1.0,1.0,0.0
3980,4930cf1a642d2c66b,True,,,,,,,,,,0.0,0.0,0.0,1.0,1.0,0.0,1.0,1.0,0.0,0.0
3981,bf2fac0bbe0cb019b,True,,,,,,,,,,1.0,1.0,1.0,1.0,0.0473746596394945,1.0,1.0,1.0,1.0,0.7023045811373421
3982,7382576570c02547b,True,,,,,,,,,,1.0,1.0,1.0,1.0,0.25773536224725685,1.0,0.0,1.0,1.0,0.6430423007022678
3983,23ab167e45e62295f,True,,,,,,,,,,1.0,0.0,0.5,1.0,0.991648849403491,1.0,1.0,1.0,1.0,0.0
3984,f32e09eab0a9183d4,True,,,,,,,,,,1.0,1.0,1.0,0.0,1.0,1.0,0.0,1.0,1.0,0.0
3985,720fbcef3959511d0,True,,,,,,,,,,0.0,1.0,1.0,1.0,1.0,0.0,1.0,1.0,1.0,0.0
3986,836d617c75ae603a0,True,,,,,,,,,,1.0,1.0,1.0,1.0,0.0,1.0,0.0,1.0,1.0,0.5625
3987,27061907e5be28dba,True,,,,,,,,,,1.0,0.0,0.0,1.0,0.850133825789896,1.0,0.0,1.0,1.0,0.0
3988,da2e81331b0e59b3e,True,,,,,,,,,,1.0,0.0,0.0,1.0,1.0,1.0,0.0,1.0,1.0,0.0
3989,31944303cafb772a3,True,,,,,,,,,,0.0,0.0,0.0,1.0,1.0,0.0,1.0,1.0,1.0,0.0
3990,249520f1574eff090,True,,,,,,,,,,0.0,1.0,1.0,1.0,0.4808940265036243,0.0,1.0,1.0,1.0,0.0
3991,709f734811414136f,True,,,,,,,,,,1.0,1.0,1.0,1.0,1.0,1.0,1.0,1.0,1.0,1.0
3992,4ff5465a026db2df0,True,,,,,,,,,,1.0,1.0,1.0,1.0,0.2694369186589235,1.0,0.0,1.0,1.0,0.6466990370809136
3993,3b521ee82bdceb608,True,,,,,,,,,,1.0,1.0,1.0,1.0,1.0,1.0,1.0,1.0,1.0,1.0
3994,96e56db3408ebe51e,True,,,,,,,,,,0.0,1.0,1.0,1.0,1.0,0.0,0.0,1.0,1.0,0.0
3995,b740de6b775b4ec70,True,,,,,,,,,,1.0,1.0,1.0,1.0,0.04578475813387682,1.0,1.0,1.0,1.0,0.7018077369168365
3996,ddc0d9aad62836b90,True,,,,,,,,,,1.0,0.0,0.0,1.0,1.0,1.0,1.0,1.0,1.0,0.0
3997,2359c99d75ecbdfaa,True,,,,,,,,,,1.0,0.0,1.0,1.0,0.3090652380349509,1.0,0.0,1.0,1.0,0.0
3998,8266f573d47606b3f,True,,,,,,,,,,0.0,1.0,1.0,1.0,1.0,0.0,1.0,1.0,1.0,0.0
3999,767cefbd4e52c83e0,True,,,,,,,,,,1.0,0.0,1.0,1.0,1.0,1.0,0.0,1.0,1.0,0.0
4000,04d4c78cf88a3c506,True,,,,,,,,,,1.0,0.0,1.0,1.0,0.6007057256077254,1.0,0.0,1.0,1.0,0.0
4001,2a46d49b6aa55f1ca,True,,,,,,,,,,1.0,1.0,0.0,1.0,0.9263079821774693,1.0,0.0,1.0,1.0,0.0
4002,4447196f3f8f1a9e5,True,,,,,,,,,,0.5,0.0,0.0,0.0,1.0,0.0,1.0,1.0,1.0,0.0
4003,d18ebc94f4f3cb405,True,,,,,,,,,,1.0,1.0,1.0,1.0,1.0,1.0,0.0,1.0,1.0,0.875
4004,8a5a158e9d0cf7649,True,,,,,,,,,,0.0,1.0,1.0,1.0,1.0,0.0,1.0,1.0,1.0,0.0
4005,934550d99dbe5a996,True,,,,,,,,,,1.0,0.0,0.0,1.0,0.895954061116041,1.0,0.0,1.0,0.0,0.0
4006,7db61b66f69a92843,True,,,,,,,,,,1.0,1.0,1.0,1.0,0.0,1.0,1.0,1.0,1.0,0.6875
4007,257ea63714e4b9db0,True,,,,,,,,,,1.0,1.0,1.0,1.0,0.23459318098696091,1.0,1.0,1.0,1.0,0.7608103690584253
4008,203c4d85b696869d7,True,,,,,,,,,,1.0,0.0,1.0,1.0,0.9403973574504705,1.0,1.0,1.0,0.0,0.0
4009,66d4f1e7e5ab29631,True,,,,,,,,,,1.0,1.0,1.0,1.0,0.012958003638921063,1.0,1.0,1.0,1.0,0.6915493761371628
4010,60b5ffeeaa577037f,True,,,,,,,,,,1.0,1.0,1.0,1.0,0.1769540379963527,1.0,0.0,1.0,1.0,0.6177981368738602
4011,8124438bc47b3654f,True,,,,,,,,,,0.0,0.0,0.0,1.0,1.0,0.0,0.0,1.0,1.0,0.0
4012,2615ffc998d3b5976,True,,,,,,,,,,0.0,0.0,1.0,1.0,1.0,0.0,0.0,1.0,1.0,0.0
4013,7d9dbfb94fb6594f8,True,,,,,,,,,,1.0,0.0,0.0,1.0,1.0,1.0,0.0,1.0,1.0,0.0
4014,ceabdb590d507edf3,True,,,,,,,,,,1.0,0.0,0.0,1.0,0.46311402558316334,1.0,0.0,1.0,0.0,0.0
4015,043b764789a077f63,True,,,,,,,,,,1.0,0.0,1.0,1.0,0.5609619050945291,1.0,0.0,1.0,1.0,0.0
4016,25c0bd003a55fd341,True,,,,,,,,,,1.0,1.0,1.0,1.0,0.0,1.0,1.0,1.0,1.0,0.6875
4017,0f6d4f139537fd8c3,True,,,,,,,,,,1.0,1.0,1.0,1.0,1.0,1.0,1.0,1.0,1.0,1.0
4018,77ea1d582cf3df680,True,,,,,,,,,,1.0,0.0,0.5,1.0,0.6422399397811103,1.0,0.0,1.0,1.0,0.0
4019,312594bc42c547bb1,True,,,,,,,,,,1.0,0.0,0.0,1.0,1.0,1.0,0.0,1.0,0.0,0.0
4020,df6bd29b481fbd72d,True,,,,,,,,,,1.0,0.0,0.5,1.0,0.4277476744032885,1.0,1.0,1.0,1.0,0.0
4021,18dbdfb5b9fe301f4,True,,,,,,,,,,0.0,1.0,1.0,1.0,1.0,0.0,1.0,1.0,1.0,0.0
4022,253e19e9e77501575,True,,,,,,,,,,1.0,1.0,1.0,1.0,0.021080061316201014,1.0,1.0,1.0,1.0,0.6940875191613128
4023,9c9df3f60654177e5,True,,,,,,,,,,1.0,0.0,0.0,1.0,0.40045556074950706,1.0,1.0,1.0,1.0,0.0
4024,56873aea1946dc836,True,,,,,,,,,,1.0,0.0,1.0,1.0,1.0,1.0,1.0,1.0,1.0,0.0
4025,29e06b2285a52c6d0,True,,,,,,,,,,0.0,0.0,0.5,1.0,1.0,0.0,0.0,1.0,0.0,0.0
4026,57f473049e88971e9,True,,,,,,,,,,1.0,0.0,1.0,1.0,0.45297801582664404,1.0,1.0,1.0,1.0,0.0
4027,7b53923d6ec4115f3,True,,,,,,,,,,1.0,0.0,0.0,1.0,1.0,1.0,0.0,1.0,1.0,0.0
4028,6d11863653324dee3,True,,,,,,,,,,0.0,1.0,1.0,1.0,1.0,0.0,0.0,1.0,1.0,0.0
4029,70271e1e4a4efb5c5,True,,,,,,,,,,1.0,0.0,0.5,1.0,0.4461704115894184,1.0,0.0,1.0,1.0,0.0
4030,cd5e5b17476268370,True,,,,,,,,,,1.0,0.0,0.0,1.0,0.8130252766587646,1.0,0.0,1.0,1.0,0.0
4031,218dfa1bf4d961da8,True,,,,,,,,,,0.0,1.0,0.0,1.0,1.0,0.0,0.0,1.0,1.0,0.0
4032,300e70e9d228631b4,True,,,,,,,,,,1.0,0.0,0.0,1.0,1.0,1.0,0.0,1.0,0.0,0.0
4033,9ce85f2dc52093c43,True,,,,,,,,,,1.0,1.0,1.0,1.0,0.12290911362366341,1.0,0.0,1.0,1.0,0.6009090980073948
4034,096330032f89cefb3,True,,,,,,,,,,1.0,1.0,1.0,1.0,0.1992207621707493,1.0,1.0,1.0,1.0,0.7497564881783592
4035,e2ea1000f4e2d0904,True,,,,,,,,,,0.0,1.0,1.0,1.0,1.0,0.0,1.0,1.0,1.0,0.0
4036,5667ac6a20c2d6e51,True,,,,,,,,,,1.0,0.0,0.0,1.0,1.0,1.0,0.0,1.0,1.0,0.0
4037,ff7b96c916771e141,True,,,,,,,,,,1.0,1.0,1.0,1.0,0.0670753113652819,1.0,1.0,1.0,1.0,0.7084610348016506
4038,93dbd55a373bc4efe,True,,,,,,,,,,1.0,0.0,0.0,1.0,0.7369286309087285,1.0,0.0,1.0,1.0,0.0
4039,0e3016e58756dedce,True,,,,,,,,,,1.0,0.0,0.0,1.0,1.0,1.0,0.0,1.0,1.0,0.0
4040,f50ba88f5b3fedfcd,True,,,,,,,,,,1.0,1.0,1.0,1.0,0.2801753768698341,1.0,0.0,1.0,1.0,0.6500548052718231
4041,2e221a5360953028d,True,,,,,,,,,,1.0,1.0,1.0,1.0,0.056527676580809816,1.0,1.0,1.0,1.0,0.7051648989315031
4042,27007a0ff06d16d30,True,,,,,,,,,,1.0,0.0,1.0,1.0,1.0,1.0,1.0,1.0,1.0,0.0
4043,302d43ed9ed327d94,True,,,,,,,,,,1.0,0.0,1.0,0.0,1.0,1.0,0.0,1.0,0.0,0.0
4044,ca9e9b5a18bc96373,True,,,,,,,,,,1.0,0.0,1.0,1.0,0.41845411255593906,1.0,1.0,1.0,1.0,0.0
4045,648b4aa95f01b805d,True,,,,,,,,,,1.0,1.0,1.0,1.0,0.07501006052595582,1.0,0.0,1.0,1.0,0.5859406439143612
4046,067988277091a3762,True,,,,,,,,,,1.0,1.0,1.0,1.0,0.17495598261586848,1.0,1.0,1.0,1.0,0.7421737445674589
4047,b39cc0075afc7d408,True,,,,,,,,,,1.0,1.0,1.0,1.0,0.22194707415033388,1.0,0.0,1.0,1.0,0.6318584606719794
4048,8e3348c3a2dfabeab,True,,,,,,,,,,1.0,0.0,1.0,1.0,0.42778901834911903,1.0,1.0,1.0,1.0,0.0
4049,fa8f611f3da2dce93,True,,,,,,,,,,1.0,0.0,0.5,1.0,0.6633509546726958,1.0,0.0,1.0,1.0,0.0
4050,e03ef0605d72ffd1a,True,,,,,,,,,,1.0,0.0,1.0,1.0,0.9198687326400872,1.0,1.0,1.0,1.0,0.0
4051,f476792b1bd197fca,True,,,,,,,,,,1.0,1.0,0.5,1.0,0.7596105286761109,1.0,0.0,1.0,1.0,0.3999391451056423
4052,2fc976c7bc0d58fed,True,,,,,,,,,,1.0,1.0,1.0,1.0,1.0,1.0,1.0,1.0,1.0,1.0
4053,0d62abe857251412c,True,,,,,,,,,,1.0,0.0,0.0,1.0,1.0,1.0,0.0,1.0,1.0,0.0
4054,3e951c01a5baffd96,True,,,,,,,,,,1.0,1.0,1.0,1.0,1.0,1.0,0.0,1.0,1.0,0.875
4055,7a7fa75bb756308ba,True,,,,,,,,,,1.0,0.0,0.0,1.0,1.0,1.0,0.0,1.0,1.0,0.0
4056,1bf7eb4037d08171a,True,,,,,,,,,,1.0,0.0,0.0,1.0,0.1896088379932405,0.0,0.0,0.0,0.0,0.0
4057,43a6dc7b51c8d9d06,True,,,,,,,,,,1.0,0.0,1.0,1.0,1.0,1.0,1.0,1.0,1.0,0.0
4058,1821758da0d84714b,True,,,,,,,,,,1.0,0.0,0.0,1.0,1.0,1.0,0.0,1.0,0.0,0.0
4059,79ba4023648130a0c,True,,,,,,,,,,0.0,1.0,1.0,1.0,1.0,0.0,1.0,1.0,1.0,0.0
4060,88b4a166a946c9537,True,,,,,,,,,,1.0,1.0,1.0,1.0,1.0,1.0,0.0,1.0,1.0,0.875
4061,d131d95c5bdd01f16,True,,,,,,,,,,1.0,0.0,0.5,1.0,0.5047046567755576,1.0,0.0,1.0,1.0,0.0
4062,10da8689597a01351,True,,,,,,,,,,1.0,1.0,1.0,1.0,0.19171551997736552,1.0,1.0,1.0,1.0,0.7474110999929267
4063,57e7f219c88ab8fe0,True,,,,,,,,,,1.0,0.0,1.0,1.0,1.0,1.0,1.0,1.0,1.0,0.0
4064,1e6e2d318ec0f30bf,True,,,,,,,,,,1.0,0.0,0.5,1.0,0.5661381994294475,1.0,1.0,1.0,1.0,0.0
4065,d328dc60ffaca31bf,True,,,,,,,,,,1.0,1.0,1.0,1.0,0.5531962519094116,1.0,0.0,1.0,1.0,0.7353738287216911
4066,280a9911bfe1f941e,True,,,,,,,,,,1.0,0.0,1.0,1.0,0.4270658924558473,1.0,1.0,1.0,1.0,0.0
4067,5c51092bca4c55b7d,True,,,,,,,,,,1.0,1.0,1.0,1.0,0.5479641273889525,1.0,1.0,1.0,1.0,0.8587387898090477
4068,c13c2ca0a9374dc3c,True,,,,,,,,,,1.0,1.0,1.0,1.0,0.0,1.0,0.0,1.0,1.0,0.5625
4069,a4dd32146e7a66591,True,,,,,,,,,,1.0,0.0,0.0,1.0,0.970299658302659,1.0,0.0,1.0,1.0,0.0
4070,923c60fcee28fff76,True,,,,,,,,,,1.0,1.0,1.0,1.0,0.1623820325548772,1.0,0.0,1.0,1.0,0.6132443851733991
4071,2f6210cf0561159ae,True,,,,,,,,,,1.0,0.0,1.0,1.0,1.0,1.0,1.0,1.0,1.0,0.0
4072,44b5f6ff06f523846,True,,,,,,,,,,0.0,0.0,0.0,1.0,1.0,0.0,0.0,1.0,1.0,0.0
4073,5d499c9197211c7e4,True,,,,,,,,,,0.5,0.0,0.0,1.0,0.0,0.0,0.0,0.0,0.0,0.0
4074,ecc3d1d6244314a20,True,,,,,,,,,,1.0,1.0,1.0,1.0,1.0,1.0,1.0,1.0,1.0,1.0
4075,54ddae029448a073a,True,,,,,,,,,,1.0,1.0,1.0,1.0,0.5621062714487737,1.0,1.0,1.0,1.0,0.8631582098277417
4076,93665513823171463,True,,,,,,,,,,1.0,1.0,1.0,1.0,1.0,1.0,0.0,1.0,1.0,0.875
4077,3cd90acbf3a318f94,True,,,,,,,,,,0.0,0.0,1.0,1.0,1.0,0.0,0.0,1.0,1.0,0.0
4078,ceec882b56eebd8c4,True,,,,,,,,,,0.0,0.0,0.0,1.0,0.8607931489943333,0.0,0.0,1.0,1.0,0.0
4079,1c036c9aff4d0cf31,True,,,,,,,,,,1.0,1.0,1.0,1.0,0.2880092100156852,1.0,1.0,1.0,1.0,0.7775028781299016
4080,5cd39ab6536d551b7,True,,,,,,,,,,0.0,1.0,1.0,1.0,1.0,0.0,1.0,1.0,0.0,0.0
4081,aebf91cab56134486,True,,,,,,,,,,1.0,0.0,0.0,1.0,0.7255046162199908,1.0,0.0,1.0,1.0,0.0
4082,bdb2442f6ebc40808,True,,,,,,,,,,0.0,0.0,0.0,1.0,1.0,0.0,0.0,1.0,0.0,0.0
4083,30b4066d1794ea8ff,True,,,,,,,,,,1.0,0.0,0.5,1.0,1.0,1.0,0.0,1.0,1.0,0.0
4084,7c441bc98b8690113,True,,,,,,,,,,1.0,1.0,0.0,1.0,1.0,1.0,0.0,1.0,1.0,0.0
4085,02a940e77418c19bc,True,,,,,,,,,,1.0,0.0,1.0,1.0,0.2756577437066988,1.0,0.0,1.0,1.0,0.0
4086,c8b4a00f0d379d88a,True,,,,,,,,,,0.0,1.0,0.5,1.0,0.9395493465267717,0.0,0.0,1.0,0.0,0.0
4087,1d31047f2f32de9e1,True,,,,,,,,,,0.0,0.0,0.0,1.0,1.0,0.0,0.0,1.0,1.0,0.0
4088,6dbbdae0bdb3174ac,True,,,,,,,,,,1.0,1.0,1.0,1.0,0.21254012916648082,1.0,1.0,1.0,1.0,0.7539187903645252
4089,bc012430feac631cb,True,,,,,,,,,,1.0,1.0,1.0,1.0,0.8505232016627238,1.0,1.0,1.0,1.0,0.9532885005196012
4090,9d72bed8e095c9a05,True,,,,,,,,,,1.0,0.0,0.5,1.0,1.0,1.0,0.0,1.0,1.0,0.0
4091,6c643cf3c76195c44,True,,,,,,,,,,1.0,1.0,1.0,1.0,1.0,1.0,1.0,1.0,1.0,1.0
4092,2c048c6ca0a0876cd,True,,,,,,,,,,1.0,0.0,1.0,1.0,0.6824124773365521,1.0,0.0,1.0,1.0,0.0
4093,f0fac8077bc98ead2,True,,,,,,,,,,1.0,1.0,1.0,1.0,0.08164499340503568,1.0,0.0,1.0,1.0,0.5880140604390737
4094,f4d363a5d6d3206e3,True,,,,,,,,,,0.0,0.0,0.5,1.0,1.0,0.0,0.0,1.0,1.0,0.0
4095,b5897b8cc4c644be1,True,,,,,,,,,,1.0,1.0,1.0,1.0,0.6378972526488169,1.0,1.0,1.0,1.0,0.8868428914527553
4096,3965541eb07d065e9,True,,,,,,,,,,0.0,1.0,0.5,1.0,1.0,0.0,1.0,1.0,1.0,0.0
4097,01a7cf70d70d2fa61,True,,,,,,,,,,1.0,1.0,1.0,1.0,0.2770249159719873,1.0,0.0,1.0,1.0,0.6490702862412461
4098,3b60c8877787da3e0,True,,,,,,,,,,1.0,1.0,1.0,1.0,1.0,1.0,1.0,1.0,1.0,1.0
4099,a4e64fbb3636ad2e6,True,,,,,,,,,,1.0,1.0,1.0,1.0,0.8367323978253993,1.0,0.0,1.0,1.0,0.8239788743204373
4100,8d2018c3d25b185de,True,,,,,,,,,,1.0,0.0,0.0,1.0,0.7967126355757257,1.0,0.0,1.0,0.0,0.0
4101,0e79638f76319d5dd,True,,,,,,,,,,1.0,1.0,1.0,1.0,0.0,1.0,1.0,1.0,1.0,0.6875
4102,a0a8ed182426d3f05,True,,,,,,,,,,1.0,0.0,0.0,1.0,0.9469315090855731,1.0,0.0,1.0,1.0,0.0
4103,c35e331384b550d78,True,,,,,,,,,,0.0,1.0,1.0,1.0,0.7419216550620494,0.0,1.0,1.0,1.0,0.0
4104,fc4d5a62c921f8392,True,,,,,,,,,,1.0,1.0,1.0,1.0,0.3317370991729482,1.0,1.0,1.0,1.0,0.7911678434915463
4105,cbf6dd30a0ed348b8,True,,,,,,,,,,0.0,1.0,1.0,1.0,1.0,0.0,0.0,1.0,0.0,0.0
4106,c95a60eebe3ab0adb,True,,,,,,,,,,1.0,0.0,0.5,1.0,0.43731827412058927,1.0,0.0,1.0,1.0,0.0
4107,4eec744ab28fc824f,True,,,,,,,,,,1.0,1.0,1.0,1.0,1.0,1.0,0.0,1.0,1.0,0.875
4108,f455b09466a75b437,True,,,,,,,,,,1.0,0.0,0.0,1.0,1.0,1.0,0.0,1.0,1.0,0.0
4109,73ebc06c5abeb011a,True,,,,,,,,,,1.0,0.0,0.0,1.0,0.6291149504281863,1.0,1.0,1.0,0.0,0.0
4110,028df71b1e849619c,True,,,,,,,,,,1.0,1.0,1.0,1.0,1.0,1.0,1.0,1.0,1.0,1.0
4111,b04402bb6e662613d,True,,,,,,,,,,1.0,0.0,0.0,1.0,1.0,1.0,1.0,1.0,1.0,0.0
4112,fc31a6f8ac42c70a9,True,,,,,,,,,,1.0,0.0,0.0,1.0,0.2530118642003455,1.0,0.0,1.0,0.0,0.0
4113,0f61f35dda061336d,True,,,,,,,,,,1.0,1.0,0.0,1.0,1.0,1.0,0.0,1.0,1.0,0.0
4114,43c0e949f19e63437,True,,,,,,,,,,1.0,0.0,0.5,1.0,1.0,1.0,0.0,1.0,1.0,0.0
4115,f38039c54ad8d65a3,True,,,,,,,,,,1.0,1.0,1.0,1.0,0.21676100843770646,1.0,0.0,1.0,1.0,0.6302378151367833
4116,21cc3fe26ab5be9ef,True,,,,,,,,,,1.0,1.0,1.0,1.0,0.8902429121284137,1.0,1.0,1.0,1.0,0.9657009100401293
4117,d2d732a1ea85df0d1,True,,,,,,,,,,1.0,1.0,1.0,1.0,0.0,1.0,1.0,1.0,1.0,0.6875
4118,6f5571bbc6dc5faee,True,,,,,,,,,,1.0,1.0,1.0,1.0,0.17984537983155943,1.0,0.0,1.0,1.0,0.6187016811973624
4119,064dc83e13c6841b5,True,,,,,,,,,,0.0,0.0,0.0,1.0,0.9430196733724847,0.0,0.0,1.0,1.0,0.0
4120,be077aa94f9771913,True,,,,,,,,,,1.0,0.0,0.0,1.0,1.0,1.0,0.0,1.0,1.0,0.0
4121,661c4fdee268dcb1e,True,,,,,,,,,,1.0,1.0,1.0,1.0,0.2981262557112632,1.0,1.0,1.0,1.0,0.7806644549097698
4122,e536d36c3e7306e47,True,,,,,,,,,,0.0,0.0,0.0,1.0,0.746228546139871,0.0,0.0,1.0,0.0,0.0
4123,474779897c967667c,True,,,,,,,,,,0.0,1.0,0.0,1.0,1.0,0.0,0.0,1.0,1.0,0.0
4124,1cc31a1834f400ea1,True,,,,,,,,,,1.0,1.0,1.0,1.0,0.0,1.0,0.0,1.0,1.0,0.5625
4125,4fd96d4727fd67d4a,True,,,,,,,,,,1.0,1.0,1.0,1.0,0.13811529142521897,1.0,0.0,1.0,1.0,0.605661028570381
4126,93558974f46d692e7,True,,,,,,,,,,1.0,1.0,1.0,1.0,0.9505438995101919,1.0,0.0,1.0,1.0,0.859544968596935
4127,e929306025479f705,True,,,,,,,,,,1.0,0.0,0.5,1.0,1.0,1.0,1.0,1.0,1.0,0.0
4128,2bac462f71b189be9,True,,,,,,,,,,1.0,1.0,1.0,1.0,0.24640739377256207,1.0,1.0,1.0,1.0,0.7645023105539257
4129,cd8ff4168df3741e2,True,,,,,,,,,,1.0,1.0,1.0,1.0,0.0,1.0,0.0,1.0,1.0,0.5625
4130,fa4895c5592886086,True,,,,,,,,,,0.0,1.0,1.0,1.0,1.0,0.0,1.0,1.0,0.0,0.0
4131,62efc5db12ae35bc5,True,,,,,,,,,,1.0,1.0,1.0,1.0,0.43252720797917327,1.0,1.0,1.0,1.0,0.8226647524934916
4132,146060978cf746557,True,,,,,,,,,,1.0,1.0,1.0,1.0,0.0,1.0,1.0,1.0,1.0,0.6875
4133,40e5f23e7c1df8791,True,,,,,,,,,,1.0,0.0,0.0,1.0,0.6982804143754872,1.0,0.0,1.0,1.0,0.0
4134,7427abf44bb60ffa4,True,,,,,,,,,,1.0,0.0,0.5,1.0,0.4554157565278449,1.0,0.0,1.0,0.0,0.0
4135,1e114b2c7da13a9b8,True,,,,,,,,,,1.0,1.0,1.0,1.0,0.1766362276537392,1.0,1.0,1.0,1.0,0.7426988211417935
4136,7caf8d7d76cd0a120,True,,,,,,,,,,0.0,0.0,0.0,1.0,1.0,0.0,0.0,1.0,1.0,0.0
4137,e33c0044eab71bc97,True,,,,,,,,,,1.0,1.0,1.0,1.0,1.0,1.0,1.0,1.0,1.0,1.0
4138,bc4f98185e46d819e,True,,,,,,,,,,1.0,1.0,0.5,1.0,1.0,1.0,1.0,1.0,1.0,0.5
4139,bb3d79c6ae2460067,True,,,,,,,,,,1.0,0.0,1.0,1.0,0.3149530494236989,1.0,1.0,1.0,1.0,0.0
4140,44873a7eb00654595,True,,,,,,,,,,1.0,0.0,0.0,1.0,0.6245169543101563,1.0,0.0,1.0,1.0,0.0
4141,25ca5866628df2ed3,True,,,,,,,,,,1.0,1.0,1.0,1.0,0.43252720797917327,1.0,1.0,1.0,1.0,0.8226647524934916
4142,f6439042fbc2b78de,True,,,,,,,,,,1.0,1.0,1.0,1.0,0.08122716937436093,1.0,1.0,1.0,1.0,0.7128834904294878
4143,02bafb0e20897c0c6,True,,,,,,,,,,1.0,0.0,1.0,1.0,0.4052111378403074,1.0,1.0,1.0,1.0,0.0
4144,0bb05e9c2e6296330,True,,,,,,,,,,1.0,1.0,1.0,1.0,0.6477840368056365,1.0,1.0,1.0,1.0,0.8899325115017613
4145,50442ffec20a73824,True,,,,,,,,,,1.0,1.0,1.0,1.0,0.20461517772640322,1.0,0.0,1.0,1.0,0.626442243039501
4146,0e14703cf05b5dfd9,True,,,,,,,,,,1.0,0.0,0.0,1.0,0.8081852167382567,1.0,0.0,1.0,0.0,0.0
4147,de42e07d2e34faed5,True,,,,,,,,,,1.0,1.0,1.0,1.0,0.23079208147089955,1.0,0.0,1.0,1.0,0.6346225254596561
4148,6eb44fdbacc1fdf1c,True,,,,,,,,,,1.0,0.0,0.0,1.0,1.0,1.0,1.0,1.0,1.0,0.0
4149,ad352a19a340fd99b,True,,,,,,,,,,1.0,0.0,1.0,1.0,1.0,1.0,0.0,1.0,1.0,0.0
4150,e71523844476db4f4,True,,,,,,,,,,1.0,1.0,1.0,1.0,0.6227019249521047,1.0,0.0,1.0,0.0,0.6320943515475328
4151,5cabba46461e04874,True,,,,,,,,,,1.0,1.0,0.0,1.0,1.0,1.0,0.0,1.0,1.0,0.0
4152,a40fbf3b2009b98da,True,,,,,,,,,,1.0,0.0,0.0,1.0,1.0,1.0,0.0,1.0,0.0,0.0
4153,159be5a151baf8f5b,True,,,,,,,,,,1.0,0.0,0.5,1.0,1.0,1.0,0.0,1.0,0.0,0.0
4154,fb4312a55bc021d23,True,,,,,,,,,,1.0,1.0,1.0,1.0,0.0,1.0,1.0,1.0,1.0,0.6875
4155,fd2d5da64073721d2,True,,,,,,,,,,1.0,1.0,1.0,1.0,0.6324113309544077,1.0,0.0,1.0,0.0,0.6351285409232524
4156,95285e276d73120c3,True,,,,,,,,,,1.0,1.0,1.0,1.0,0.11554104752953599,1.0,1.0,1.0,1.0,0.7236065773529801
4157,bc730296c22859127,True,,,,,,,,,,1.0,1.0,1.0,1.0,0.26373560720231476,1.0,1.0,1.0,1.0,0.7699173772507233
4158,669069f25d57f77ae,True,,,,,,,,,,1.0,1.0,0.0,1.0,1.0,1.0,0.0,1.0,1.0,0.0
4159,226f8f3910e177d34,True,,,,,,,,,,1.0,1.0,1.0,1.0,0.0,1.0,0.0,1.0,1.0,0.5625
4160,752a0e5be19b82b59,True,,,,,,,,,,0.0,0.0,0.0,1.0,1.0,0.0,0.0,1.0,1.0,0.0
4161,4de6ba672dc37ec25,True,,,,,,,,,,1.0,1.0,1.0,1.0,1.0,1.0,0.0,1.0,1.0,0.875
4162,f12a7ee18a123034b,True,,,,,,,,,,1.0,1.0,1.0,1.0,1.0,1.0,1.0,1.0,1.0,1.0
4163,6d33b3de92c436972,True,,,,,,,,,,1.0,1.0,1.0,1.0,0.0,1.0,1.0,0.0,1.0,0.5625
4164,697d22c3f19ab6820,True,,,,,,,,,,1.0,1.0,1.0,1.0,0.0,1.0,0.0,1.0,1.0,0.5625
4165,e92600c0f705705df,True,,,,,,,,,,1.0,1.0,1.0,1.0,0.1437051497965378,1.0,1.0,1.0,1.0,0.732407859311418
4166,ad027cf65e5484130,True,,,,,,,,,,1.0,0.0,1.0,1.0,0.40312026145930224,1.0,1.0,1.0,1.0,0.0
4167,46cb7915dd2c8bddc,True,,,,,,,,,,1.0,0.0,1.0,1.0,0.4563086386975939,1.0,0.0,1.0,1.0,0.0
4168,7431e431b6e352571,True,,,,,,,,,,1.0,1.0,1.0,1.0,0.8198551473321155,1.0,0.0,1.0,1.0,0.818704733541286
4169,f7d4775bfad9dcab8,True,,,,,,,,,,1.0,0.0,1.0,1.0,1.0,1.0,0.0,1.0,1.0,0.0
4170,0c9af5dd9b0259374,True,,,,,,,,,,0.0,1.0,1.0,0.0,1.0,0.0,1.0,1.0,1.0,0.0
4171,6a39e3072cc5a4e56,True,,,,,,,,,,1.0,1.0,0.5,1.0,1.0,1.0,0.0,1.0,1.0,0.4375
4172,b74af0790b5550372,True,,,,,,,,,,1.0,1.0,1.0,1.0,0.22066118376520497,1.0,1.0,1.0,1.0,0.7564566199266265
4173,116930ec4ef8fd410,True,,,,,,,,,,1.0,1.0,1.0,1.0,0.0,1.0,1.0,1.0,1.0,0.6875
4174,bf23a089fb07a1891,True,,,,,,,,,,0.0,0.0,0.0,1.0,0.9677908779591926,0.0,0.0,1.0,1.0,0.0
4175,44f588c85236fe365,True,,,,,,,,,,0.0,0.0,1.0,1.0,1.0,0.0,1.0,1.0,1.0,0.0
4176,4ff48fa4e19774be7,True,,,,,,,,,,0.0,1.0,1.0,1.0,0.42713392753379187,0.0,0.0,1.0,1.0,0.0
4177,8fb9c005a042db260,True,,,,,,,,,,1.0,0.0,0.5,1.0,0.6781117361681758,1.0,0.0,1.0,1.0,0.0
4178,beb03158751d7049b,True,,,,,,,,,,1.0,0.0,1.0,1.0,0.6338719097665708,1.0,1.0,1.0,1.0,0.0
4179,b2ca4b63cda4a8fe2,True,,,,,,,,,,1.0,0.0,0.5,1.0,1.0,1.0,1.0,1.0,1.0,0.0
4180,036879f77cadaa2d1,True,,,,,,,,,,1.0,0.0,0.0,1.0,1.0,0.0,1.0,0.0,0.0,0.0
4181,17ea9cff5974892cb,True,,,,,,,,,,1.0,1.0,1.0,1.0,0.24426998621028878,1.0,1.0,1.0,1.0,0.7638343706907152
4182,01529344a0b068d88,True,,,,,,,,,,1.0,1.0,1.0,1.0,0.0,1.0,1.0,1.0,1.0,0.6875
4183,a53b204e1934058ab,True,,,,,,,,,,1.0,0.0,1.0,1.0,0.45906268941966805,1.0,0.0,1.0,1.0,0.0
4184,5f47a3fc517f4ab93,True,,,,,,,,,,1.0,1.0,1.0,1.0,0.0,1.0,1.0,1.0,1.0,0.6875
4185,a91425257255ef015,True,,,,,,,,,,0.0,0.0,0.0,1.0,1.0,0.0,0.0,0.0,0.0,0.0
4186,18cc6c426879cd157,True,,,,,,,,,,1.0,1.0,1.0,1.0,1.0,1.0,0.0,1.0,1.0,0.875
4187,95c7dfd77d6f446a0,True,,,,,,,,,,1.0,0.0,0.0,1.0,0.7306442031335572,1.0,0.0,0.0,1.0,0.0
4188,1ad3760588008efe5,True,,,,,,,,,,1.0,1.0,1.0,1.0,1.0,1.0,0.0,1.0,0.0,0.75
4189,265f651d3984bee82,True,,,,,,,,,,1.0,0.0,0.0,1.0,1.0,1.0,0.0,1.0,0.0,0.0
4190,186f59c514ff34824,True,,,,,,,,,,1.0,1.0,1.0,1.0,1.0,1.0,1.0,1.0,0.0,0.875
4191,8f88cd86720008f23,True,,,,,,,,,,1.0,0.0,1.0,1.0,1.0,1.0,1.0,1.0,1.0,0.0
4192,73c0e8fd14908dce6,True,,,,,,,,,,1.0,0.0,0.0,1.0,1.0,1.0,0.0,1.0,1.0,0.0
4193,5fc5bb18513bc7d0b,True,,,,,,,,,,1.0,1.0,0.5,1.0,0.5282098896562369,1.0,0.0,1.0,1.0,0.36378279525878704
4194,d337b79f01dc75805,True,,,,,,,,,,1.0,0.0,0.5,1.0,0.6334800690642197,1.0,0.0,1.0,1.0,0.0
4195,dba739bec7326715c,True,,,,,,,,,,0.0,0.0,1.0,1.0,1.0,0.0,0.0,1.0,1.0,0.0
4196,09b94e3a221caebb6,True,,,,,,,,,,1.0,0.0,0.5,1.0,1.0,1.0,0.0,1.0,1.0,0.0
4197,969a72274e20ef86e,True,,,,,,,,,,1.0,1.0,1.0,1.0,0.3536675983389952,1.0,1.0,1.0,1.0,0.798021124480936
4198,17924fa146add877f,True,,,,,,,,,,0.0,0.0,0.0,1.0,0.7411786057332422,0.0,0.0,1.0,1.0,0.0
4199,e0fd3073c76ba643d,True,,,,,,,,,,1.0,1.0,1.0,1.0,0.0,1.0,1.0,1.0,1.0,0.6875
4200,e4b33d7affe423d8f,True,,,,,,,,,,1.0,1.0,1.0,1.0,1.0,1.0,1.0,1.0,1.0,1.0
4201,33acea7dafc3e280a,True,,,,,,,,,,1.0,1.0,1.0,1.0,0.6079303754257241,1.0,0.0,1.0,1.0,0.7524782423205387
4202,7ff35ca5444967bbf,True,,,,,,,,,,1.0,1.0,1.0,1.0,0.20596761324200952,1.0,0.0,1.0,1.0,0.6268648791381279
4203,9db9a548b803b14d9,True,,,,,,,,,,1.0,1.0,0.0,1.0,0.9167009650690693,1.0,0.0,1.0,0.0,0.0
4204,6b5b128424d5357b0,True,,,,,,,,,,1.0,1.0,1.0,1.0,0.0027391351383398133,1.0,0.0,1.0,1.0,0.5633559797307313
4205,2e5740aa26165ee89,True,,,,,,,,,,1.0,1.0,1.0,1.0,0.07705550592779341,1.0,1.0,1.0,1.0,0.7115798456024354
4206,7133408c5a1a6f3bf,True,,,,,,,,,,0.5,0.0,0.5,1.0,0.7840815576853077,0.0,1.0,1.0,0.0,0.0
4207,ab96e33e9ab4e191b,True,,,,,,,,,,1.0,0.0,0.0,1.0,1.0,1.0,0.0,1.0,0.0,0.0
4208,0f902fca1e990d9be,True,,,,,,,,,,1.0,1.0,1.0,1.0,1.0,1.0,1.0,1.0,1.0,1.0
4209,789c9e60213111cde,True,,,,,,,,,,1.0,0.0,0.0,1.0,1.0,1.0,0.0,1.0,1.0,0.0
4210,10369bbacaa4e3b7d,True,,,,,,,,,,1.0,1.0,1.0,1.0,0.11770094243851452,1.0,1.0,1.0,1.0,0.7242815445120359
4211,7d8867cd2c80b0fd8,True,,,,,,,,,,1.0,1.0,1.0,1.0,0.061334001458653864,1.0,1.0,1.0,1.0,0.7066668754558294
4212,1b3fd5e7993de38c0,True,,,,,,,,,,1.0,0.0,1.0,1.0,0.3953633080427619,1.0,0.0,1.0,1.0,0.0
4213,af1a4d903d6c645ce,True,,,,,,,,,,1.0,0.0,1.0,0.0,1.0,1.0,1.0,1.0,1.0,0.0
4214,ec788232fc7f2cf7e,True,,,,,,,,,,1.0,1.0,1.0,1.0,0.3890252289268047,1.0,1.0,1.0,1.0,0.8090703840396265
4215,1effe02b2af9680a9,True,,,,,,,,,,1.0,1.0,1.0,1.0,0.018145966247906126,1.0,0.0,1.0,1.0,0.5681706144524707
4216,d308ca8a7878741eb,True,,,,,,,,,,1.0,0.0,1.0,1.0,1.0,1.0,0.0,1.0,0.0,0.0
4217,7002987261d03954e,True,,,,,,,,,,1.0,0.0,0.5,1.0,1.0,1.0,0.0,0.0,0.0,0.0
4218,63584edd9b86f7faf,True,,,,,,,,,,1.0,0.0,0.0,1.0,1.0,1.0,1.0,1.0,1.0,0.0
4219,07f73e596a2b2e3ec,True,,,,,,,,,,1.0,1.0,0.0,1.0,0.7997637883114622,1.0,0.0,1.0,1.0,0.0
4220,a97b99ff7fc06eb65,True,,,,,,,,,,0.0,1.0,1.0,1.0,0.7419216550620494,0.0,1.0,1.0,1.0,0.0
4221,bbe1739362745c097,True,,,,,,,,,,1.0,1.0,1.0,1.0,1.0,1.0,1.0,1.0,1.0,1.0
4222,61c5dadb5c926478c,True,,,,,,,,,,0.0,1.0,0.0,1.0,1.0,0.0,0.0,1.0,1.0,0.0
4223,9d1689f8e6d847437,True,,,,,,,,,,1.0,0.0,0.0,1.0,1.0,0.0,0.0,1.0,0.0,0.0
4224,762f200cb2556d1a2,True,,,,,,,,,,0.0,0.0,0.5,1.0,1.0,0.0,0.0,1.0,1.0,0.0
4225,9d3a947ac7ae15c8a,True,,,,,,,,,,0.0,0.0,0.0,1.0,1.0,0.0,1.0,1.0,1.0,0.0
4226,eeb34640b5657db25,True,,,,,,,,,,1.0,0.0,0.5,1.0,0.9896968711841615,1.0,0.0,1.0,1.0,0.0
4227,0b09e2367441527e4,True,,,,,,,,,,1.0,1.0,1.0,1.0,1.0,1.0,1.0,1.0,1.0,1.0
4228,5f54e7582c508a3ca,True,,,,,,,,,,1.0,1.0,0.5,1.0,0.678527805353118,1.0,0.0,1.0,1.0,0.3872699695864247
4229,06a374b6e74317285,True,,,,,,,,,,1.0,1.0,1.0,1.0,0.36805914240815407,1.0,1.0,1.0,1.0,0.8025184820025482
4230,9acdea8bbc8a06caa,True,,,,,,,,,,1.0,1.0,1.0,1.0,0.0,1.0,1.0,1.0,1.0,0.6875
4231,66f45177e81fc8115,True,,,,,,,,,,1.0,0.0,0.0,1.0,0.1398107260191426,1.0,0.0,1.0,0.0,0.0
4232,bd4cbb0e07c59ee69,True,,,,,,,,,,1.0,1.0,1.0,1.0,0.022482328083114574,1.0,0.0,1.0,1.0,0.5695257275259733
4233,467d1a5ec9c912bda,True,,,,,,,,,,1.0,1.0,1.0,1.0,0.3769041561454177,1.0,0.0,1.0,1.0,0.680282548795443
4234,f5ffbc82e55558f49,True,,,,,,,,,,1.0,0.0,1.0,1.0,0.6725452371494327,1.0,0.0,1.0,1.0,0.0
4235,8155d4f80d0416c00,True,,,,,,,,,,1.0,1.0,1.0,1.0,0.0,1.0,1.0,1.0,1.0,0.6875
4236,e3bbe6b73a88e1b36,True,,,,,,,,,,1.0,1.0,1.0,1.0,0.2436892617943462,1.0,0.0,1.0,1.0,0.6386528943107332
4237,9eaf4038cc95831dd,True,,,,,,,,,,1.0,1.0,1.0,1.0,0.9734087457024015,1.0,0.0,1.0,1.0,0.8666902330320005
4238,acd449fa83a39cef2,True,,,,,,,,,,1.0,0.0,0.0,1.0,0.949010964452552,1.0,1.0,1.0,1.0,0.0
4239,3a5164bb3f2fdabd5,True,,,,,,,,,,1.0,1.0,1.0,1.0,0.36016239377964193,1.0,1.0,1.0,1.0,0.8000507480561381
4240,f03413df184aedd86,True,,,,,,,,,,0.5,0.0,0.5,1.0,0.1139093534380201,0.0,1.0,1.0,0.0,0.0
4241,b592db40b4ae7d08c,True,,,,,,,,,,1.0,0.0,0.5,1.0,0.7064159056566238,1.0,0.0,1.0,1.0,0.0
4242,626d07f3f8b80566b,True,,,,,,,,,,1.0,0.0,0.0,1.0,0.9381521135146239,1.0,0.0,1.0,1.0,0.0
4243,b1606575e4b94f15c,True,,,,,,,,,,1.0,0.0,1.0,1.0,0.8070303349427282,1.0,1.0,1.0,1.0,0.0
4244,a2b6df5b32c01b3d9,True,,,,,,,,,,1.0,0.0,0.0,1.0,1.0,1.0,0.0,1.0,0.0,0.0
4245,6a555d92cb8bdeee6,True,,,,,,,,,,1.0,1.0,0.0,1.0,0.8389001730468649,1.0,1.0,1.0,1.0,0.0
4246,7f866f8c8d00bd3d1,True,,,,,,,,,,0.5,0.0,0.0,1.0,0.7060869084662533,0.0,0.0,1.0,0.0,0.0
4247,1d749bcf71869340e,True,,,,,,,,,,1.0,1.0,1.0,1.0,0.2751409879115993,1.0,0.0,1.0,1.0,0.6484815587223748
4248,3f5815868e493295e,True,,,,,,,,,,1.0,1.0,1.0,1.0,0.4660693883953497,1.0,1.0,1.0,1.0,0.8331466838735468
4249,bf56b1e490af51e25,True,,,,,,,,,,1.0,1.0,1.0,1.0,0.06078623503768867,1.0,0.0,1.0,1.0,0.5814956984492777
4250,0935bea2b70d9fd2a,True,,,,,,,,,,1.0,1.0,0.0,1.0,1.0,1.0,0.0,1.0,1.0,0.0
4251,eedb6f9d589e745c8,True,,,,,,,,,,1.0,0.0,0.0,1.0,1.0,0.0,0.0,1.0,1.0,0.0
4252,8170f12fb1131df99,True,,,,,,,,,,0.0,0.0,0.5,1.0,1.0,0.0,1.0,1.0,1.0,0.0
4253,86ef74bf900e70e17,True,,,,,,,,,,0.0,0.0,0.0,1.0,1.0,0.0,0.0,0.0,0.0,0.0
4254,c41d6466acee52a7f,True,,,,,,,,,,1.0,1.0,1.0,1.0,0.0,1.0,0.0,1.0,1.0,0.5625
4255,5c17574f067aa995c,True,,,,,,,,,,1.0,1.0,1.0,1.0,1.0,1.0,1.0,1.0,1.0,1.0
4256,15f652f1382299b99,True,,,,,,,,,,1.0,0.0,0.5,1.0,1.0,1.0,0.0,1.0,0.0,0.0
4257,2f1ef51a33585046a,True,,,,,,,,,,1.0,0.0,1.0,1.0,1.0,1.0,1.0,1.0,1.0,0.0
4258,6689a93bda6a6470b,True,,,,,,,,,,1.0,0.0,0.0,1.0,0.751807767999287,1.0,0.0,1.0,1.0,0.0
4259,3d35e2b7007a10159,True,,,,,,,,,,1.0,1.0,1.0,1.0,1.0,1.0,0.0,1.0,1.0,0.875
4260,c25117617d76189c0,True,,,,,,,,,,1.0,0.0,1.0,1.0,1.0,1.0,1.0,1.0,1.0,0.0
4261,d3a6f863fceaf4d0e,True,,,,,,,,,,0.0,0.0,0.5,1.0,0.6690831455379112,0.0,0.0,1.0,0.0,0.0
4262,d5f2dcdb50158c20e,True,,,,,,,,,,1.0,0.0,1.0,1.0,0.09562168012957332,1.0,0.0,1.0,1.0,0.0
4263,7e160b5ef1f82a420,True,,,,,,,,,,0.0,0.0,0.5,1.0,1.0,0.0,1.0,1.0,1.0,0.0
4264,a5905de8a4fa82e21,True,,,,,,,,,,1.0,0.0,1.0,1.0,0.649769884259668,1.0,0.0,1.0,1.0,0.0
4265,f047a65c1ef695e27,True,,,,,,,,,,0.5,0.0,0.0,1.0,1.0,0.0,0.0,1.0,0.0,0.0
4266,f74297ce90b621563,True,,,,,,,,,,1.0,1.0,1.0,1.0,0.0,1.0,1.0,1.0,1.0,0.6875
4267,3dd52ad2d0d369330,True,,,,,,,,,,0.0,0.0,0.0,1.0,0.618518992952484,0.0,0.0,1.0,0.0,0.0
4268,3ded0591b23a7df67,True,,,,,,,,,,1.0,1.0,1.0,1.0,0.11657993090751391,1.0,1.0,1.0,1.0,0.7239312284085981
4269,1909b0573a163be83,True,,,,,,,,,,1.0,1.0,1.0,1.0,0.7589076083569474,1.0,1.0,1.0,1.0,0.924658627611546
4270,c38b7f486c2411a81,True,,,,,,,,,,0.0,1.0,1.0,1.0,1.0,0.0,0.0,1.0,1.0,0.0
4271,983f5e64888cf8b80,True,,,,,,,,,,1.0,1.0,1.0,1.0,0.09687953858651474,1.0,0.0,1.0,1.0,0.5927748558082859
4272,c5bf49e3aca8b3adb,True,,,,,,,,,,1.0,1.0,1.0,1.0,0.19476118984196528,1.0,1.0,1.0,1.0,0.7483628718256141
4273,1a8fcc346a063b55c,True,,,,,,,,,,0.0,0.0,0.0,1.0,1.0,0.0,1.0,1.0,0.0,0.0
4274,095200d2374c09356,True,,,,,,,,,,1.0,1.0,1.0,1.0,1.0,1.0,0.0,1.0,1.0,0.875
4275,003fad41549a954eb,True,,,,,,,,,,1.0,1.0,1.0,1.0,0.5461198830515914,1.0,1.0,1.0,0.0,0.7331624634536223
4276,bfb52f68dcd77ef80,True,,,,,,,,,,1.0,0.0,0.0,1.0,1.0,1.0,0.0,1.0,1.0,0.0
4277,0ac5f53f5bbf5603e,True,,,,,,,,,,1.0,0.0,1.0,1.0,0.8164617940277679,1.0,1.0,1.0,1.0,0.0
4278,35dbe67d467571cfb,True,,,,,,,,,,1.0,0.0,0.5,1.0,0.4118218778699691,1.0,0.0,1.0,1.0,0.0
4279,3bcc1dd4e60503094,True,,,,,,,,,,1.0,1.0,1.0,1.0,0.4568313768601504,1.0,0.0,1.0,1.0,0.7052598052687971
4280,1afa1d77d3954125e,True,,,,,,,,,,1.0,0.0,1.0,1.0,0.9096132737893798,1.0,0.0,1.0,1.0,0.0
4281,67ac6348f814bfca1,True,,,,,,,,,,1.0,1.0,1.0,1.0,0.007386654988962989,1.0,1.0,1.0,1.0,0.6898083296840509
4282,37059447ec970c23a,True,,,,,,,,,,1.0,1.0,1.0,1.0,0.9324380629707789,0.0,1.0,1.0,1.0,0.6663868946783684
4283,e85bd1aab37f82bde,True,,,,,,,,,,1.0,0.0,0.5,1.0,1.0,1.0,0.0,1.0,1.0,0.0
4284,da5a71cf5abef95d8,True,,,,,,,,,,0.0,0.0,0.0,1.0,0.7727685098360135,0.0,0.0,1.0,1.0,0.0
4285,36c1bdf64ea8ffbe0,True,,,,,,,,,,1.0,1.0,1.0,1.0,1.0,1.0,0.0,1.0,1.0,0.875
4286,f836208030ee5d621,True,,,,,,,,,,1.0,1.0,0.0,1.0,1.0,0.0,0.0,1.0,0.0,0.0
4287,a244e51837aaa9bc4,True,,,,,,,,,,1.0,1.0,1.0,1.0,0.33719756904455045,1.0,1.0,1.0,1.0,0.792874240326422
4288,210bdf510357465fe,True,,,,,,,,,,1.0,0.0,1.0,1.0,1.0,1.0,0.0,1.0,1.0,0.0
4289,d19cedf7c9391dacc,True,,,,,,,,,,1.0,0.0,0.5,0.0,1.0,1.0,0.0,1.0,1.0,0.0
4290,de50c5684cbb85a60,True,,,,,,,,,,1.0,0.0,0.0,1.0,0.8733755753554666,1.0,0.0,1.0,1.0,0.0
4291,fc2f7b0ec25d44aea,True,,,,,,,,,,1.0,0.0,0.0,1.0,1.0,1.0,0.0,1.0,1.0,0.0
4292,84be03c80c37d30a3,True,,,,,,,,,,0.0,0.0,1.0,1.0,1.0,0.0,0.0,1.0,1.0,0.0
4293,2d240158ae67d64dd,True,,,,,,,,,,1.0,1.0,1.0,1.0,0.14250525890064622,1.0,0.0,1.0,1.0,0.607032893406452
4294,2565c982d32c96893,True,,,,,,,,,,1.0,1.0,1.0,1.0,0.9653068451248725,1.0,1.0,1.0,1.0,0.9891583891015227
4295,8ff15043e7dd18ac8,True,,,,,,,,,,1.0,1.0,1.0,1.0,0.005476864383127191,1.0,1.0,1.0,0.0,0.5642115201197273
4296,4c86c87d1f278b79a,True,,,,,,,,,,1.0,1.0,1.0,1.0,0.4903778007204211,1.0,1.0,1.0,1.0,0.8407430627251316
4297,47a19dd96d0e85b4d,True,,,,,,,,,,1.0,0.0,0.0,1.0,0.8234023831826298,1.0,1.0,1.0,1.0,0.0
4298,4f6a928a2fd54c0ce,True,,,,,,,,,,1.0,1.0,1.0,1.0,1.0,1.0,1.0,1.0,1.0,1.0
4299,705844c20fec39ce6,True,,,,,,,,,,1.0,1.0,1.0,1.0,0.033830505943657926,1.0,0.0,1.0,1.0,0.5730720331073931
4300,e4c493d897f14300a,True,,,,,,,,,,1.0,0.0,1.0,1.0,0.4254908617851389,1.0,0.0,1.0,1.0,0.0
4301,281b6c4a5468c1447,True,,,,,,,,,,1.0,1.0,0.0,1.0,0.957919016008011,1.0,0.0,1.0,1.0,0.0
4302,59c1acee0df7ca984,True,,,,,,,,,,1.0,0.0,1.0,1.0,0.7044012433121377,1.0,0.0,1.0,0.0,0.0
4303,234b7c4138a9802b3,True,,,,,,,,,,1.0,1.0,0.5,1.0,0.4519989944571476,1.0,0.0,1.0,1.0,0.35187484288392934
4304,9864904b0ceaacd61,True,,,,,,,,,,1.0,1.0,1.0,1.0,0.0553187762400845,1.0,1.0,1.0,1.0,0.7047871175750264
4305,cdbe73e69b2aced1d,True,,,,,,,,,,1.0,1.0,1.0,1.0,0.4280396447696448,1.0,1.0,0.0,0.0,0.571262388990514
4306,e3be3af3b3213f65e,True,,,,,,,,,,1.0,1.0,1.0,1.0,1.0,0.0,0.0,1.0,1.0,0.5625
4307,3501e37f323516fb9,True,,,,,,,,,,1.0,1.0,1.0,1.0,1.0,1.0,1.0,1.0,1.0,1.0
4308,5fbdf316a30e33058,True,,,,,,,,,,1.0,1.0,1.0,1.0,0.7136271904094933,1.0,0.0,1.0,1.0,0.7855084970029667
4309,3fdf3c5e045298ad9,True,,,,,,,,,,1.0,1.0,1.0,1.0,0.5294535243267272,1.0,1.0,1.0,1.0,0.8529542263521023
4310,2efb596222f8cbb75,True,,,,,,,,,,1.0,0.0,0.5,1.0,1.0,1.0,0.0,1.0,1.0,0.0
4311,73e128068f712ead2,True,,,,,,,,,,0.0,0.0,0.5,1.0,1.0,0.0,0.0,1.0,1.0,0.0
4312,c48fe378c45229ffa,True,,,,,,,,,,1.0,0.0,0.0,1.0,0.16528718049805646,0.0,1.0,0.0,0.0,0.0
4313,ec4a1a5062f088a0f,True,,,,,,,,,,1.0,1.0,1.0,1.0,1.0,1.0,1.0,1.0,1.0,1.0
4314,5929f8a55e3904cac,True,,,,,,,,,,1.0,0.0,1.0,1.0,0.30850984567644985,1.0,0.0,1.0,1.0,0.0
4315,735cc37028693d641,True,,,,,,,,,,1.0,0.0,1.0,1.0,0.5108341608680858,1.0,0.0,1.0,1.0,0.0
4316,b1eef6642f7b29370,True,,,,,,,,,,1.0,1.0,1.0,1.0,0.30241415468958255,1.0,1.0,1.0,1.0,0.7820044233404946
4317,5843e4397b88575b2,True,,,,,,,,,,0.0,0.0,0.5,1.0,1.0,0.0,0.0,1.0,1.0,0.0
4318,9d5ce658b960c75f6,True,,,,,,,,,,1.0,1.0,1.0,1.0,0.004085478263782701,1.0,1.0,1.0,1.0,0.6887767119574322
4319,55803d7542740813d,True,,,,,,,,,,1.0,0.0,0.0,1.0,1.0,1.0,1.0,1.0,1.0,0.0
4320,e6aacc10619a6082c,True,,,,,,,,,,0.0,0.0,0.0,1.0,0.8859307843691552,0.0,1.0,1.0,0.0,0.0
4321,f456c5e9004e0cd78,True,,,,,,,,,,0.0,0.0,0.0,1.0,0.5092038719601102,0.0,0.0,1.0,0.0,0.0
4322,eee0015497fc5fbb3,True,,,,,,,,,,1.0,0.0,1.0,1.0,0.6989726877641256,1.0,1.0,1.0,1.0,0.0
4323,f507ae7c610fe346a,True,,,,,,,,,,1.0,1.0,1.0,0.0,1.0,1.0,1.0,1.0,1.0,0.0
4324,f549933443a3744d4,True,,,,,,,,,,1.0,0.0,1.0,1.0,0.8336396514891061,1.0,0.0,1.0,1.0,0.0
4325,44c452535c1f9bd1b,True,,,,,,,,,,1.0,1.0,1.0,1.0,0.6607945072341528,1.0,1.0,1.0,1.0,0.8939982835106728
4326,18904eb72c5073ba1,True,,,,,,,,,,1.0,1.0,1.0,1.0,0.46581879520727304,1.0,0.0,1.0,1.0,0.7080683735022728
4327,34e7a39f33ba4f108,True,,,,,,,,,,1.0,1.0,1.0,1.0,1.0,1.0,1.0,1.0,1.0,1.0
4328,a5f9745ded4663076,True,,,,,,,,,,1.0,1.0,1.0,1.0,0.8948981341224255,1.0,1.0,1.0,1.0,0.9671556669132579
4329,bda9a328490cd8105,True,,,,,,,,,,0.0,1.0,1.0,1.0,1.0,0.0,1.0,1.0,1.0,0.0
4330,7474911d349b5a097,True,,,,,,,,,,1.0,1.0,1.0,1.0,0.8874406018803696,1.0,1.0,1.0,1.0,0.9648251880876155
4331,2115b48841ebae650,True,,,,,,,,,,1.0,0.0,1.0,1.0,0.7727246784629556,1.0,1.0,1.0,1.0,0.0
4332,c4c4fa45496336f70,True,,,,,,,,,,1.0,1.0,0.5,1.0,0.6404353969478919,1.0,0.0,1.0,1.0,0.3813180307731081
4333,6564712a0860d6518,True,,,,,,,,,,0.0,0.0,1.0,1.0,0.3772651630352373,0.0,0.0,1.0,1.0,0.0
4334,d89331799987b6909,True,,,,,,,,,,1.0,0.0,0.5,1.0,1.0,0.0,1.0,0.0,0.0,0.0
4335,462336a687ff62978,True,,,,,,,,,,1.0,1.0,1.0,1.0,0.0,1.0,0.0,1.0,1.0,0.5625
4336,23d3fdeb556df092e,True,,,,,,,,,,1.0,1.0,1.0,1.0,0.8644640886119722,1.0,1.0,1.0,1.0,0.9576450276912414
4337,01fd6ca416dc0630c,True,,,,,,,,,,1.0,0.0,0.0,1.0,1.0,1.0,0.0,1.0,1.0,0.0
4338,3b3f6182f292aea44,True,,,,,,,,,,1.0,1.0,1.0,1.0,0.1360244443119431,1.0,1.0,1.0,1.0,0.7300076388474822
4339,3b9ed44b6aec2276a,True,,,,,,,,,,1.0,1.0,1.0,1.0,0.06602198790744074,1.0,1.0,1.0,1.0,0.7081318712210752
4340,10d905dbddd82d817,True,,,,,,,,,,1.0,1.0,1.0,1.0,0.5342595280603588,1.0,1.0,1.0,1.0,0.8544561025188622
4341,8c25a75ef46e49d9f,True,,,,,,,,,,1.0,1.0,1.0,1.0,0.008679314289299751,1.0,1.0,1.0,1.0,0.6902122857154062
4342,1cee104dd05ce3a78,True,,,,,,,,,,1.0,0.0,0.0,1.0,1.0,1.0,1.0,1.0,0.0,0.0
4343,03765fd57aa87ab53,True,,,,,,,,,,1.0,1.0,1.0,1.0,0.001738352042867909,1.0,1.0,1.0,1.0,0.6880432350133963
4344,96a1227ca8539a33e,True,,,,,,,,,,1.0,1.0,1.0,1.0,0.8764803588652836,1.0,1.0,1.0,1.0,0.9614001121454011
4345,554adddfca63d6fe8,True,,,,,,,,,,1.0,1.0,1.0,1.0,0.1571978907792785,1.0,1.0,1.0,1.0,0.7366243408685245
4346,a1852737c84ea03fc,True,,,,,,,,,,1.0,1.0,1.0,1.0,0.13315699140520698,1.0,1.0,1.0,1.0,0.7291115598141271
4347,b83c30081d33ba2dd,True,,,,,,,,,,1.0,0.0,0.0,1.0,0.8363294468866445,1.0,0.0,1.0,1.0,0.0
4348,c82fe572121770ee2,True,,,,,,,,,,1.0,0.0,0.0,1.0,1.0,1.0,0.0,1.0,1.0,0.0
4349,726d488f280e59674,True,,,,,,,,,,1.0,0.0,0.0,1.0,0.7064146343825318,1.0,0.0,1.0,1.0,0.0
4350,6139b967f50241e4f,True,,,,,,,,,,1.0,1.0,1.0,1.0,0.0,1.0,0.0,1.0,1.0,0.5625
4351,4562930d9a4d7543b,True,,,,,,,,,,1.0,1.0,1.0,1.0,0.2973009051703889,1.0,1.0,1.0,1.0,0.7804065328657466
4352,cac2753c7c7b93847,True,,,,,,,,,,1.0,1.0,1.0,1.0,1.0,1.0,1.0,1.0,1.0,1.0
4353,c912edcab444df468,True,,,,,,,,,,0.0,0.0,0.0,1.0,1.0,0.0,0.0,1.0,0.0,0.0
4354,61fd1e677d1c01a32,True,,,,,,,,,,0.5,0.0,0.0,1.0,1.0,0.0,0.0,1.0,1.0,0.0
4355,51b90828c7ba37b79,True,,,,,,,,,,1.0,0.0,0.5,1.0,0.7889628483404252,1.0,0.0,1.0,1.0,0.0
4356,1977bcc474e42d28a,True,,,,,,,,,,1.0,1.0,1.0,1.0,0.3575511876116159,1.0,0.0,1.0,1.0,0.67423474612863
4357,9346180ef7437e555,True,,,,,,,,,,1.0,1.0,1.0,1.0,0.8156113187867986,1.0,0.0,1.0,1.0,0.8173785371208746
4358,bdc5b1c53a1749c9d,True,,,,,,,,,,1.0,0.0,0.0,1.0,1.0,1.0,0.0,1.0,0.0,0.0
4359,be30a0caa3e19507e,True,,,,,,,,,,0.0,1.0,1.0,1.0,1.0,0.0,1.0,1.0,1.0,0.0
4360,89c18ed69c931aa0a,True,,,,,,,,,,1.0,1.0,1.0,1.0,0.2416581617219505,1.0,0.0,1.0,1.0,0.6380181755381096
4361,32e9d651acdfc8f82,True,,,,,,,,,,1.0,0.0,0.5,1.0,0.6524487556445067,1.0,0.0,1.0,0.0,0.0
4362,3ea710ad8425a9566,True,,,,,,,,,,1.0,0.0,1.0,1.0,0.3013945195568553,1.0,1.0,1.0,1.0,0.0
4363,a389c63fbad3287f2,True,,,,,,,,,,1.0,0.0,0.0,1.0,1.0,1.0,0.0,1.0,1.0,0.0
4364,e9998b8b863aa29d4,True,,,,,,,,,,1.0,1.0,1.0,1.0,0.0,1.0,0.0,1.0,1.0,0.5625
4365,818f9becc81f0e975,True,,,,,,,,,,1.0,0.0,0.0,1.0,0.4480042782754907,1.0,1.0,0.0,0.0,0.0
4366,2cd8757231917e0ba,True,,,,,,,,,,1.0,1.0,1.0,1.0,0.0,0.0,1.0,1.0,1.0,0.375
4367,e1654044aa2aa4003,True,,,,,,,,,,1.0,1.0,1.0,1.0,0.1082631956468612,1.0,1.0,0.0,0.0,0.4713322486396441
4368,2516d8b2211015894,True,,,,,,,,,,1.0,0.0,0.5,1.0,0.5814076450694037,1.0,0.0,1.0,1.0,0.0
4369,cc9e04e3c4887f26c,True,,,,,,,,,,1.0,0.0,1.0,1.0,0.8499858489387987,1.0,1.0,1.0,0.0,0.0
4370,06be59490e2e14bcd,True,,,,,,,,,,0.0,0.0,0.0,1.0,1.0,0.0,0.0,1.0,0.0,0.0
4371,ae94ff2780b7d715c,True,,,,,,,,,,1.0,1.0,0.0,1.0,1.0,1.0,0.0,1.0,0.0,0.0
4372,5dbaff082e8bd2a5b,True,,,,,,,,,,1.0,0.0,1.0,1.0,0.5229459526191501,1.0,1.0,1.0,1.0,0.0
4373,0ff0e427305289854,True,,,,,,,,,,1.0,0.0,1.0,1.0,1.0,1.0,0.0,1.0,1.0,0.0
4374,18d79c8cb12df7f0e,True,,,,,,,,,,1.0,1.0,1.0,1.0,0.05610439233730188,1.0,0.0,0.0,0.0,0.33003262260540683
4375,8b6ef443197adad55,True,,,,,,,,,,1.0,0.0,0.0,1.0,1.0,0.0,0.0,1.0,0.0,0.0
4376,04d4f1277557232ce,True,,,,,,,,,,1.0,0.0,1.0,1.0,1.0,1.0,0.0,1.0,1.0,0.0
4377,b55de67890f581798,True,,,,,,,,,,1.0,1.0,1.0,1.0,0.03533059789290382,1.0,1.0,1.0,1.0,0.6985408118415324
4378,8ebb7ac6b5b06cde1,True,,,,,,,,,,1.0,0.0,1.0,1.0,0.22460033649555358,1.0,0.0,1.0,1.0,0.0
4379,deaaf2b39c8541966,True,,,,,,,,,,1.0,0.0,1.0,1.0,0.23028060129187122,1.0,0.0,1.0,1.0,0.0
4380,5defaad214f3a99c9,True,,,,,,,,,,1.0,1.0,1.0,1.0,0.25765231240098385,1.0,0.0,1.0,1.0,0.6430163476253075
4381,e67970e73b3daa612,True,,,,,,,,,,1.0,0.0,0.5,1.0,1.0,1.0,0.0,1.0,1.0,0.0
4382,e1275cf277c0a36c1,True,,,,,,,,,,1.0,1.0,0.0,1.0,0.8945764371837772,1.0,1.0,1.0,1.0,0.0
4383,50b922840407a0340,True,,,,,,,,,,1.0,0.0,1.0,1.0,0.40642789861872003,1.0,1.0,1.0,1.0,0.0
4384,9c7d353e930a79a97,True,,,,,,,,,,1.0,1.0,0.5,1.0,0.6538793937604773,1.0,0.0,1.0,1.0,0.38341865527507457
4385,5afefbf1463923c97,True,,,,,,,,,,1.0,1.0,1.0,1.0,0.728429296271288,1.0,0.0,1.0,1.0,0.7901341550847776
4386,b8b2aad7145d418e5,True,,,,,,,,,,1.0,0.0,1.0,1.0,0.5683717351533136,1.0,1.0,1.0,1.0,0.0
4387,84216c5077769d755,True,,,,,,,,,,1.0,0.0,0.0,1.0,1.0,1.0,0.0,1.0,0.0,0.0
4388,687eac5f36b59550f,True,,,,,,,,,,1.0,0.0,0.5,1.0,1.0,1.0,1.0,1.0,0.0,0.0
4389,d443dcd06a9dbae34,True,,,,,,,,,,1.0,1.0,1.0,1.0,1.0,1.0,1.0,1.0,1.0,1.0
4390,1fe4ed0aea2c3ed33,True,,,,,,,,,,0.0,0.0,0.0,1.0,1.0,0.0,0.0,1.0,0.0,0.0
4391,121c56067fcf173ae,True,,,,,,,,,,1.0,1.0,1.0,1.0,0.2634505529919753,1.0,1.0,1.0,1.0,0.7698282978099923
4392,22a3ae905426058d2,True,,,,,,,,,,1.0,1.0,0.0,1.0,1.0,1.0,0.0,1.0,1.0,0.0
4393,c4a613ef81174337b,True,,,,,,,,,,1.0,0.0,0.5,1.0,0.804888707349631,1.0,0.0,1.0,1.0,0.0
4394,b0b33738475eb449a,True,,,,,,,,,,1.0,0.0,0.0,1.0,0.8282920712822156,1.0,0.0,1.0,1.0,0.0
4395,f75452f2564e8f2ae,True,,,,,,,,,,1.0,1.0,1.0,1.0,0.8233783494190555,1.0,0.0,1.0,1.0,0.8198057341934548
4396,31368b2b5cafa42dc,True,,,,,,,,,,1.0,0.0,1.0,1.0,0.39599356902734645,1.0,0.0,1.0,1.0,0.0
4397,3dafbde4626235155,True,,,,,,,,,,1.0,0.0,0.0,1.0,0.5562654849545424,1.0,0.0,1.0,0.0,0.0
4398,8779ba759ea792fbc,True,,,,,,,,,,1.0,1.0,1.0,1.0,0.049343565592087225,1.0,1.0,1.0,1.0,0.7029198642475273
4399,6029879ac957933a1,True,,,,,,,,,,1.0,1.0,1.0,1.0,0.286088925392148,1.0,1.0,1.0,0.0,0.6519027891850462
4400,dc0cffde6935fbd2b,True,,,,,,,,,,1.0,1.0,1.0,1.0,0.0,1.0,1.0,1.0,1.0,0.6875
4401,b8aa4f2712496a9c3,True,,,,,,,,,,1.0,0.0,0.5,1.0,1.0,1.0,1.0,1.0,1.0,0.0
4402,a436762e9938c1e5b,True,,,,,,,,,,1.0,0.0,0.0,1.0,1.0,1.0,0.0,1.0,0.0,0.0
4403,ff494c8f27c7b3c5d,True,,,,,,,,,,1.0,1.0,1.0,1.0,0.33589929803815766,1.0,1.0,1.0,1.0,0.7924685306369242
4404,1435a0fd243cd3793,True,,,,,,,,,,1.0,1.0,1.0,1.0,0.11770094243851452,1.0,1.0,1.0,1.0,0.7242815445120359
4405,610fbfffa032daacc,True,,,,,,,,,,1.0,0.0,0.0,1.0,1.0,1.0,0.0,1.0,0.0,0.0
4406,252b287c4bec81c38,True,,,,,,,,,,0.0,0.0,0.5,1.0,0.9305020481006668,0.0,0.0,1.0,1.0,0.0
4407,597a84c12865d3cb1,True,,,,,,,,,,1.0,0.0,0.5,1.0,0.6222095337007564,1.0,0.0,1.0,1.0,0.0
4408,692440daecd03cbe0,True,,,,,,,,,,1.0,0.0,0.5,1.0,1.0,1.0,0.0,1.0,1.0,0.0
4409,df257ceb4f8312a9b,True,,,,,,,,,,0.0,0.0,0.0,1.0,1.0,0.0,0.0,1.0,1.0,0.0
4410,5a6d3d8a6cd7a7d2e,True,,,,,,,,,,1.0,1.0,1.0,1.0,0.5135050656180173,1.0,0.0,1.0,1.0,0.7229703330056304
4411,d784680050236fe52,True,,,,,,,,,,1.0,1.0,0.5,1.0,0.5465600624674446,1.0,0.0,1.0,1.0,0.3666500097605382
4412,c25da0ddaa99c1dd9,True,,,,,,,,,,0.0,0.0,0.0,1.0,1.0,0.0,0.0,1.0,1.0,0.0
4413,00bbaca29a3b34595,True,,,,,,,,,,1.0,0.0,1.0,1.0,0.5687740492815063,1.0,0.0,1.0,0.0,0.0
4414,e41e35545e4667bbb,True,,,,,,,,,,1.0,0.0,0.0,1.0,1.0,1.0,0.0,1.0,0.0,0.0
4415,096db7931a7697382,True,,,,,,,,,,1.0,1.0,1.0,1.0,0.5590698104054331,1.0,0.0,1.0,0.0,0.6122093157516979
4416,1a67fcc3becbce6bf,True,,,,,,,,,,1.0,0.0,0.0,1.0,1.0,1.0,0.0,1.0,1.0,0.0
4417,6b0615242bd92eaed,True,,,,,,,,,,1.0,1.0,1.0,1.0,1.0,1.0,1.0,1.0,1.0,1.0
4418,4dbc9cc6aa10c611c,True,,,,,,,,,,1.0,1.0,1.0,1.0,0.1844831857114821,1.0,1.0,1.0,1.0,0.7451509955348381
4419,bea93c9cd22af6ec1,True,,,,,,,,,,1.0,0.0,0.5,1.0,1.0,1.0,1.0,1.0,1.0,0.0
4420,35fe984f84deeb76b,True,,,,,,,,,,1.0,1.0,1.0,1.0,0.3261156931191077,1.0,1.0,1.0,1.0,0.7894111540997212
4421,33f0f0e933c91112e,True,,,,,,,,,,0.0,0.0,0.0,1.0,1.0,0.0,1.0,1.0,1.0,0.0
4422,c783da5c9c8124365,True,,,,,,,,,,1.0,0.0,0.0,1.0,1.0,1.0,0.0,1.0,0.0,0.0
4423,ac6225d45da8b51cf,True,,,,,,,,,,1.0,1.0,1.0,1.0,1.0,1.0,0.0,1.0,1.0,0.875
4424,9adbf8a5bfedb36d2,True,,,,,,,,,,1.0,1.0,1.0,1.0,1.0,1.0,0.0,1.0,1.0,0.875
4425,66582437b06794318,True,,,,,,,,,,1.0,0.0,0.0,1.0,1.0,0.0,0.0,0.0,0.0,0.0
4426,580ccf6399ed92f1c,True,,,,,,,,,,1.0,1.0,1.0,1.0,1.0,1.0,0.0,1.0,1.0,0.875
4427,10cc41fbc38a43481,True,,,,,,,,,,1.0,1.0,1.0,1.0,0.10749149302993652,1.0,1.0,1.0,1.0,0.7210910915718551
4428,e36f8f24723dc8e0e,True,,,,,,,,,,0.0,0.0,0.0,1.0,0.924522220796989,0.0,0.0,1.0,1.0,0.0
4429,1ab13d4826a06cc9f,True,,,,,,,,,,1.0,0.0,1.0,1.0,0.3720272149296411,1.0,1.0,1.0,1.0,0.0
4430,027609f1fbf1b3b16,True,,,,,,,,,,0.0,0.0,1.0,1.0,1.0,0.0,0.0,1.0,1.0,0.0
4431,8ae96b22321e730ee,True,,,,,,,,,,1.0,1.0,1.0,1.0,0.014997577006265764,1.0,0.0,1.0,1.0,0.5671867428144581
4432,9922b31c71414db50,True,,,,,,,,,,0.0,0.0,0.0,1.0,1.0,0.0,0.0,1.0,0.0,0.0
4433,6e7f645a1e9a9337a,True,,,,,,,,,,1.0,0.0,0.5,1.0,1.0,1.0,0.0,1.0,0.0,0.0
4434,fa8d78f84cd8b7f8c,True,,,,,,,,,,1.0,1.0,1.0,1.0,0.8095478039260968,1.0,0.0,1.0,1.0,0.8154836887269052
4435,9b14a119979ac6d94,True,,,,,,,,,,1.0,1.0,1.0,1.0,1.0,1.0,0.0,1.0,1.0,0.875
4436,ae646ba56f5add8db,True,,,,,,,,,,1.0,0.0,0.5,1.0,0.7204128564874976,1.0,0.0,1.0,0.0,0.0
4437,2496fb23d66af6353,True,,,,,,,,,,1.0,1.0,1.0,1.0,0.07980030201458932,1.0,0.0,1.0,1.0,0.5874375943795591
4438,265a501fe44eb4a2e,True,,,,,,,,,,1.0,1.0,1.0,1.0,0.3065802998168322,1.0,0.0,1.0,1.0,0.6583063436927601
4439,2940f44b99e0dfbcb,True,,,,,,,,,,1.0,1.0,1.0,1.0,1.0,1.0,0.0,1.0,1.0,0.875
4440,c6834715d79ac54be,True,,,,,,,,,,0.0,0.0,0.0,1.0,1.0,0.0,0.0,1.0,1.0,0.0
4441,6c0c0d2674d5ee28e,True,,,,,,,,,,0.0,0.0,1.0,1.0,0.39274343999774547,0.0,0.0,1.0,0.0,0.0
4442,94d9715aabd9df7cd,True,,,,,,,,,,0.0,1.0,1.0,1.0,1.0,0.0,0.0,1.0,1.0,0.0
4443,d44e744043dbb77b1,True,,,,,,,,,,1.0,1.0,1.0,1.0,0.13514841995062676,1.0,1.0,1.0,1.0,0.7297338812345708
4444,d790b694cb899e145,True,,,,,,,,,,1.0,0.0,1.0,1.0,0.8237860969735885,1.0,0.0,1.0,1.0,0.0
4445,d87e1dbb0017ab960,True,,,,,,,,,,1.0,0.0,0.5,1.0,0.4412561713158639,1.0,0.0,1.0,0.0,0.0
4446,8a790ebf1c22b11d5,True,,,,,,,,,,0.0,0.0,0.0,1.0,1.0,0.0,0.0,1.0,1.0,0.0
4447,ac0f0df8d058130c5,True,,,,,,,,,,1.0,1.0,1.0,1.0,1.0,1.0,1.0,1.0,1.0,1.0
4448,fac0a5c373900e63b,True,,,,,,,,,,1.0,1.0,1.0,1.0,0.10339083878610791,1.0,1.0,1.0,1.0,0.7198096371206587
4449,f15dde91900f2039a,True,,,,,,,,,,0.0,1.0,0.5,1.0,1.0,0.0,0.0,1.0,0.0,0.0
4450,190768b2e92e01b36,True,,,,,,,,,,0.0,0.0,0.0,1.0,0.8597965171085517,0.0,0.0,1.0,0.0,0.0
4451,390d17b9e350ffe45,True,,,,,,,,,,1.0,1.0,0.0,1.0,0.7943630203139725,1.0,0.0,1.0,1.0,0.0
4452,a1144bd1f4f830e91,True,,,,,,,,,,1.0,1.0,1.0,1.0,0.0,1.0,1.0,1.0,1.0,0.6875
4453,06c6fd20a526803c4,True,,,,,,,,,,0.0,1.0,1.0,1.0,1.0,0.0,1.0,1.0,1.0,0.0
4454,fd0901032c45b4e62,True,,,,,,,,,,1.0,1.0,1.0,1.0,0.1331276758659335,1.0,1.0,1.0,1.0,0.7291023987081042
4455,ff268d62e1e2110ec,True,,,,,,,,,,1.0,1.0,1.0,1.0,0.7769854070602122,1.0,0.0,1.0,0.0,0.6803079397063163
4456,02644631a56fa1750,True,,,,,,,,,,1.0,1.0,1.0,1.0,0.22520515079579617,1.0,1.0,1.0,1.0,0.7578766096236863
4457,c8d8656019a0cad0e,True,,,,,,,,,,1.0,1.0,1.0,1.0,0.7135484219871512,1.0,1.0,1.0,1.0,0.9104838818709847
4458,bc8f20a64d1f52826,True,,,,,,,,,,1.0,1.0,1.0,1.0,0.07098606109054033,1.0,1.0,1.0,1.0,0.7096831440907938
4459,18c9cb09dce594905,True,,,,,,,,,,0.0,0.0,0.0,1.0,1.0,0.0,0.0,1.0,1.0,0.0
4460,255c5f4408394746c,True,,,,,,,,,,1.0,1.0,1.0,1.0,1.0,1.0,0.0,1.0,1.0,0.875
4461,4287573d9633c7d2c,True,,,,,,,,,,1.0,0.0,0.0,1.0,0.8091336437619207,1.0,0.0,1.0,1.0,0.0
4462,b6611f13150a67e76,True,,,,,,,,,,0.0,0.0,0.5,1.0,1.0,0.0,1.0,1.0,1.0,0.0
4463,9fe9464c7d920430e,True,,,,,,,,,,1.0,0.0,0.0,1.0,1.0,1.0,1.0,1.0,0.0,0.0
4464,5a6f69ea54c00b6d2,True,,,,,,,,,,1.0,1.0,1.0,1.0,0.12637249457211508,1.0,1.0,1.0,1.0,0.726991404553786
4465,947c5404a2702b039,True,,,,,,,,,,1.0,0.0,0.0,1.0,1.0,1.0,0.0,1.0,1.0,0.0
4466,492bf2330bca28ca8,True,,,,,,,,,,1.0,1.0,1.0,1.0,0.09712420310936092,1.0,1.0,1.0,1.0,0.7178513134716753
4467,9e3f67fd8b392a5d6,True,,,,,,,,,,1.0,0.0,0.0,1.0,0.7754615802982022,1.0,1.0,1.0,0.0,0.0
4468,f7ae88aefcd8f251e,True,,,,,,,,,,1.0,1.0,1.0,1.0,0.3575511876116159,1.0,0.0,1.0,1.0,0.67423474612863
4469,81a0fd8a5f248a253,True,,,,,,,,,,1.0,1.0,1.0,1.0,1.0,0.0,1.0,1.0,1.0,0.6875
4470,ab3eab42ac8debb31,True,,,,,,,,,,1.0,0.0,0.0,1.0,0.9676921835987092,1.0,0.0,1.0,1.0,0.0
4471,6d53c1572e4753c0c,True,,,,,,,,,,0.0,1.0,1.0,1.0,1.0,0.0,1.0,1.0,1.0,0.0
4472,c2aa1b724cefce8f0,True,,,,,,,,,,0.0,0.0,1.0,1.0,1.0,0.0,0.0,1.0,1.0,0.0
4473,2c5d88f56ea71888d,True,,,,,,,,,,0.0,0.0,0.0,1.0,0.48036936971597016,0.0,0.0,1.0,0.0,0.0
4474,6d342222e4d9d2b2a,True,,,,,,,,,,1.0,1.0,1.0,1.0,0.5826312387903286,1.0,1.0,1.0,1.0,0.8695722621219777
4475,4aa528f577df911a3,True,,,,,,,,,,1.0,0.0,0.0,1.0,0.8223174916833381,1.0,0.0,1.0,1.0,0.0
4476,52cc30d63f3ee962c,True,,,,,,,,,,1.0,0.0,0.0,1.0,0.780374537615545,1.0,0.0,1.0,1.0,0.0
4477,52beeecb68d3427e9,True,,,,,,,,,,1.0,0.0,1.0,1.0,0.6555577482345629,1.0,1.0,1.0,0.0,0.0
4478,68d8bd51d02182ea6,True,,,,,,,,,,0.0,0.0,0.0,1.0,1.0,0.0,0.0,1.0,1.0,0.0
4479,e4fca12e85b84a61b,True,,,,,,,,,,0.0,0.0,0.5,1.0,1.0,0.0,1.0,1.0,1.0,0.0
4480,434099c65ff71b535,True,,,,,,,,,,0.0,0.0,0.5,1.0,1.0,0.0,0.0,1.0,1.0,0.0
4481,873e0ddcc4fdfae2e,True,,,,,,,,,,1.0,0.0,1.0,1.0,1.0,1.0,0.0,1.0,0.0,0.0
4482,0389a1afc56cd9768,True,,,,,,,,,,1.0,1.0,0.5,1.0,0.9118652851127661,1.0,0.0,1.0,0.0,0.36122895079886974
4483,9abae68cd6e25c030,True,,,,,,,,,,0.0,0.0,0.0,1.0,0.6770640944051328,0.0,1.0,1.0,1.0,0.0
4484,cfa0d13a7c93691c3,True,,,,,,,,,,1.0,0.0,0.5,1.0,0.4230433964198728,1.0,0.0,1.0,1.0,0.0
4485,14a48836a583fe310,True,,,,,,,,,,1.0,1.0,1.0,1.0,0.0171149041277009,1.0,1.0,1.0,1.0,0.6928484075399065
4486,e2575892f97539fa7,True,,,,,,,,,,1.0,0.0,1.0,1.0,1.0,1.0,0.0,1.0,1.0,0.0
4487,29034e89288b15cef,True,,,,,,,,,,1.0,1.0,1.0,1.0,0.9377710967474386,1.0,1.0,1.0,1.0,0.9805534677335745
4488,13d3b12e20ec70ec5,True,,,,,,,,,,1.0,1.0,1.0,1.0,0.9210753907868513,1.0,1.0,1.0,0.0,0.8503360596208911
4489,d42ef26a98f8b0220,True,,,,,,,,,,1.0,1.0,1.0,1.0,0.9382884857004159,1.0,1.0,1.0,1.0,0.9807151517813799
4490,1211bf26e9a785053,True,,,,,,,,,,1.0,1.0,0.0,1.0,0.9842658684802628,1.0,0.0,1.0,1.0,0.0
4491,7a12897acffda91d2,True,,,,,,,,,,1.0,1.0,1.0,1.0,0.20534832295860503,1.0,0.0,1.0,1.0,0.626671350924564
4492,63b1d16ef6fc7e410,True,,,,,,,,,,1.0,0.0,1.0,1.0,0.565349268610733,1.0,0.0,1.0,0.0,0.0
4493,0cf895d7d61939eb3,True,,,,,,,,,,1.0,1.0,1.0,1.0,0.025278960286596087,1.0,0.0,1.0,1.0,0.5703996750895612
4494,a173f7714495b0d29,True,,,,,,,,,,1.0,1.0,1.0,1.0,0.29133584271957746,1.0,1.0,1.0,1.0,0.778542450849868
4495,ef4eaef1d214e7da8,True,,,,,,,,,,1.0,1.0,1.0,1.0,0.6836093053447388,1.0,1.0,1.0,0.0,0.7761279079202309
4496,8f18562d38dacb97d,True,,,,,,,,,,0.0,0.0,0.5,1.0,1.0,0.0,0.0,1.0,1.0,0.0
4497,3c5f94f941b068a40,True,,,,,,,,,,0.0,1.0,1.0,1.0,1.0,0.0,1.0,1.0,1.0,0.0
4498,2e822d476fd14739c,True,,,,,,,,,,1.0,1.0,1.0,1.0,0.4493075854825716,1.0,1.0,1.0,1.0,0.8279086204633036
4499,0327a1d58fc2a7c5d,True,,,,,,,,,,1.0,1.0,1.0,1.0,0.7671692874102036,1.0,1.0,1.0,1.0,0.9272404023156886
4500,32f66fdb48e988c92,True,,,,,,,,,,0.0,1.0,1.0,1.0,1.0,1.0,0.0,1.0,1.0,0.0
4501,9efffb1c9487faa89,True,,,,,,,,,,1.0,0.0,1.0,1.0,1.0,1.0,0.0,1.0,1.0,0.0
4502,61d3d79e3e01157d9,True,,,,,,,,,,1.0,1.0,1.0,1.0,0.14262722026530436,1.0,1.0,1.0,1.0,0.7320710063329077
4503,c81e1b4650a6a20fd,True,,,,,,,,,,1.0,1.0,1.0,1.0,0.0565464326012435,1.0,1.0,1.0,1.0,0.7051707601878886
4504,0b23cba96b245dcbe,True,,,,,,,,,,1.0,1.0,0.5,1.0,0.6084356894483741,1.0,0.0,1.0,1.0,0.37631807647630844
4505,2624b8883e65347cd,True,,,,,,,,,,1.0,0.0,0.0,1.0,1.0,1.0,0.0,1.0,0.0,0.0
4506,f44e7838ec7d4f843,True,,,,,,,,,,1.0,1.0,1.0,1.0,1.0,1.0,0.0,1.0,1.0,0.875
4507,1aaa4996c12e817a7,True,,,,,,,,,,1.0,1.0,1.0,1.0,0.34444809015487543,1.0,1.0,1.0,1.0,0.7951400281733986
4508,10933ac8239bd6fbb,True,,,,,,,,,,1.0,0.0,1.0,1.0,0.44258534977384223,1.0,1.0,1.0,1.0,0.0
4509,4c4503dbf9554a97b,True,,,,,,,,,,1.0,0.0,1.0,1.0,0.956210248492846,1.0,0.0,1.0,1.0,0.0
4510,a8d83051ac2ad2fa2,True,,,,,,,,,,1.0,1.0,1.0,1.0,0.13621193919523872,1.0,1.0,1.0,1.0,0.7300662309985121
4511,fdeff0684535eaf4b,True,,,,,,,,,,1.0,1.0,1.0,1.0,0.6891056783407786,1.0,1.0,1.0,1.0,0.9028455244814934
4512,11e2abc76462d36f9,True,,,,,,,,,,1.0,1.0,1.0,1.0,0.02424078386991291,1.0,0.0,1.0,1.0,0.5700752449593478
4513,0d61761d225f31579,True,,,,,,,,,,1.0,1.0,1.0,1.0,1.0,1.0,0.0,1.0,1.0,0.875
4514,917bf16baa9646d6c,True,,,,,,,,,,1.0,1.0,1.0,1.0,0.1161009927149493,1.0,1.0,1.0,1.0,0.7237815602234217
4515,3e8522a5f8d7b3783,True,,,,,,,,,,1.0,1.0,0.0,1.0,1.0,1.0,0.0,1.0,1.0,0.0
4516,ff0db1e010ed49544,True,,,,,,,,,,0.0,1.0,0.0,1.0,1.0,0.0,0.0,1.0,1.0,0.0
4517,6d4dbc1af5fc2435b,True,,,,,,,,,,1.0,1.0,1.0,1.0,0.5085738587664019,1.0,1.0,1.0,1.0,0.8464293308645006
4518,015532dcc98a07ab5,True,,,,,,,,,,1.0,0.0,0.0,1.0,0.7591640794264106,1.0,0.0,1.0,1.0,0.0
4519,b36cff254193955cf,True,,,,,,,,,,1.0,1.0,1.0,1.0,0.002474146304866167,1.0,1.0,1.0,1.0,0.6882731707202707
4520,7859f7283b9d34589,True,,,,,,,,,,1.0,1.0,1.0,1.0,0.3764797290299126,1.0,1.0,1.0,1.0,0.8051499153218478
4521,f26e03767d82f4ae7,True,,,,,,,,,,1.0,1.0,1.0,1.0,1.0,1.0,1.0,1.0,1.0,1.0
4522,5cf2681114e11d9c7,True,,,,,,,,,,0.0,1.0,1.0,1.0,1.0,0.0,1.0,1.0,1.0,0.0
4523,c601af4262caa25fe,True,,,,,,,,,,1.0,0.0,0.0,1.0,0.7102235036835617,1.0,0.0,1.0,1.0,0.0
4524,3271d4013cb715ce0,True,,,,,,,,,,1.0,0.0,0.0,1.0,0.44344178580613675,1.0,0.0,1.0,0.0,0.0
4525,b2b89aaeeff8dd8dd,True,,,,,,,,,,1.0,0.0,0.0,1.0,1.0,1.0,0.0,1.0,1.0,0.0
4526,d2a3fa9bdd6ebc040,True,,,,,,,,,,1.0,0.0,1.0,1.0,0.7895037138036123,1.0,1.0,1.0,1.0,0.0
4527,c4acda7791668ad2d,True,,,,,,,,,,1.0,1.0,1.0,1.0,0.3432148160503431,1.0,1.0,1.0,1.0,0.7947546300157322
4528,85cab6604a5a39b78,True,,,,,,,,,,0.0,0.0,0.0,1.0,1.0,0.0,0.0,1.0,0.0,0.0
4529,ffa477be5c420e9a3,True,,,,,,,,,,0.0,0.0,0.5,1.0,0.6622029567586594,0.0,0.0,1.0,1.0,0.0
4530,7002b130242124367,True,,,,,,,,,,1.0,0.0,1.0,1.0,0.4527292013204329,1.0,0.0,1.0,1.0,0.0
4531,5b5acbaa4890aaac9,True,,,,,,,,,,1.0,0.0,0.0,1.0,1.0,1.0,0.0,1.0,0.0,0.0
4532,bdefe051b162261a4,True,,,,,,,,,,0.0,0.0,0.5,1.0,1.0,0.0,0.0,1.0,1.0,0.0
4533,2dbe11fffefbf239c,True,,,,,,,,,,1.0,0.0,0.0,1.0,0.5220566623344084,1.0,1.0,1.0,0.0,0.0
4534,506ef1fd93816539d,True,,,,,,,,,,1.0,0.0,1.0,1.0,1.0,1.0,1.0,1.0,1.0,0.0
4535,dc6135734ed70b551,True,,,,,,,,,,1.0,1.0,1.0,1.0,0.0714835555922353,1.0,1.0,1.0,1.0,0.7098386111225735
4536,2ad55ac1a6a8d1422,True,,,,,,,,,,1.0,0.0,1.0,1.0,0.8635046064402682,1.0,1.0,1.0,1.0,0.0
4537,f13bedf0787265ff4,True,,,,,,,,,,1.0,0.0,1.0,1.0,0.8622309635651387,1.0,0.0,1.0,1.0,0.0
4538,ceb646b2fba95ebf9,True,,,,,,,,,,1.0,1.0,1.0,1.0,0.5670746897607982,1.0,0.0,1.0,1.0,0.7397108405502495
4539,7e5bed686151e791e,True,,,,,,,,,,0.5,0.0,0.5,1.0,1.0,0.0,1.0,1.0,1.0,0.0
4540,c334b7fe14a98e8d9,True,,,,,,,,,,1.0,1.0,1.0,1.0,0.083070701248417,1.0,0.0,1.0,1.0,0.5884595941401303
4541,dd2c6fc9d1939f427,True,,,,,,,,,,1.0,1.0,1.0,1.0,0.46894946375500135,1.0,1.0,1.0,1.0,0.8340467074234379
4542,67db9f3e12bbe8868,True,,,,,,,,,,0.0,1.0,1.0,1.0,1.0,0.0,1.0,1.0,1.0,0.0
4543,c5566cb2cc7d0ff52,True,,,,,,,,,,1.0,1.0,1.0,1.0,0.0,1.0,1.0,1.0,1.0,0.6875
4544,bc0cc2d8f71b0e8a8,True,,,,,,,,,,0.5,0.0,0.0,1.0,0.8108363237193996,0.0,1.0,1.0,1.0,0.0
4545,6c8c6dc401c0c9ea2,True,,,,,,,,,,1.0,1.0,1.0,1.0,0.780209147057553,1.0,1.0,1.0,1.0,0.9313153584554853
4546,9e892c78dc283445e,True,,,,,,,,,,0.0,0.0,0.0,1.0,0.9507924516802957,0.0,1.0,1.0,1.0,0.0
4547,55617753513055d9b,True,,,,,,,,,,0.0,0.0,0.0,1.0,1.0,0.0,0.0,1.0,0.0,0.0
4548,ef08e59a9c882aea6,True,,,,,,,,,,0.0,1.0,0.0,1.0,1.0,0.0,0.0,1.0,1.0,0.0
4549,99f4cdc8eeabc0426,True,,,,,,,,,,1.0,0.0,0.5,1.0,1.0,1.0,0.0,1.0,1.0,0.0
4550,13aeb83dad95704fa,True,,,,,,,,,,1.0,1.0,1.0,1.0,0.0,1.0,0.0,1.0,1.0,0.5625
4551,2833f76e80e4d4998,True,,,,,,,,,,1.0,0.0,0.5,1.0,0.6048878314814693,1.0,0.0,1.0,1.0,0.0
4552,af40e0723b46e7fed,True,,,,,,,,,,0.0,0.0,0.5,1.0,0.3657436975126963,0.0,0.0,1.0,1.0,0.0
4553,d4ded05eeb073e97b,True,,,,,,,,,,1.0,0.0,1.0,1.0,1.0,1.0,1.0,1.0,1.0,0.0
4554,425b819f70d25df0e,True,,,,,,,,,,1.0,0.0,1.0,1.0,0.49604351999089585,1.0,0.0,1.0,1.0,0.0
4555,ca4163d1efbe0dd9c,True,,,,,,,,,,0.0,0.0,0.0,1.0,1.0,0.0,0.0,1.0,1.0,0.0
4556,a2b18a44314422b37,True,,,,,,,,,,1.0,1.0,1.0,1.0,0.061768469750113644,1.0,1.0,1.0,1.0,0.7068026467969105
4557,0d4c14fd757504ef9,True,,,,,,,,,,0.5,0.0,0.0,1.0,1.0,0.0,0.0,1.0,1.0,0.0
4558,0ec4048ba57347962,True,,,,,,,,,,0.0,0.0,0.0,1.0,1.0,0.0,0.0,1.0,0.0,0.0
4559,4082fe517c4e84c40,True,,,,,,,,,,1.0,0.0,0.0,1.0,1.0,1.0,0.0,1.0,1.0,0.0
4560,894784294c8d0ed99,True,,,,,,,,,,1.0,1.0,0.0,1.0,0.8581041465200211,1.0,1.0,1.0,1.0,0.0
4561,a559541fda572fe81,True,,,,,,,,,,0.0,0.0,1.0,1.0,0.7774294441832372,0.0,0.0,1.0,0.0,0.0
4562,0f4373d1811c9ca90,True,,,,,,,,,,1.0,0.0,0.5,1.0,0.4807777340255575,1.0,0.0,0.0,0.0,0.0
4563,d85e0580a10c3e544,True,,,,,,,,,,1.0,0.0,0.0,1.0,0.7158603103306785,1.0,0.0,1.0,1.0,0.0
4564,89b122a0c34e4ff5b,True,,,,,,,,,,0.0,0.0,0.5,1.0,0.992378005161728,0.0,0.0,1.0,1.0,0.0
4565,230e554a4a9b823fa,True,,,,,,,,,,1.0,0.0,0.0,1.0,1.0,0.0,0.0,1.0,0.0,0.0
4566,542094f5bc210a1c8,True,,,,,,,,,,1.0,1.0,0.5,1.0,1.0,1.0,0.0,1.0,0.0,0.375
4567,78d4cffc4aa085aab,True,,,,,,,,,,0.0,0.0,0.0,1.0,0.5530148969673655,0.0,0.0,1.0,0.0,0.0
4568,24d20a80a611d5e65,True,,,,,,,,,,1.0,1.0,1.0,1.0,0.0,1.0,1.0,1.0,1.0,0.6875
4569,72637a23d58025fde,True,,,,,,,,,,0.0,0.0,0.0,1.0,0.687664588897137,0.0,0.0,1.0,0.0,0.0
4570,e2da039b5ef4ab27c,True,,,,,,,,,,0.0,0.0,0.0,1.0,1.0,0.0,0.0,1.0,1.0,0.0
4571,ab20f07e685b59761,True,,,,,,,,,,1.0,1.0,0.5,1.0,0.5131344768871797,1.0,0.0,1.0,0.0,0.29892726201362185
4572,eacc02fe002535ebb,True,,,,,,,,,,1.0,0.0,0.0,1.0,1.0,0.0,0.0,1.0,0.0,0.0
4573,9b0fa1196afa1a71b,True,,,,,,,,,,1.0,1.0,1.0,1.0,0.0,1.0,1.0,1.0,1.0,0.6875
4574,fff510b0ac67a1e0a,True,,,,,,,,,,1.0,1.0,1.0,1.0,0.4510162940266449,1.0,0.0,1.0,0.0,0.5784425918833265
4575,0976a098312b0ead1,True,,,,,,,,,,1.0,1.0,0.5,1.0,1.0,1.0,1.0,1.0,1.0,0.5
4576,b9d5b5bb73e875bc3,True,,,,,,,,,,1.0,1.0,1.0,1.0,0.02929407969021144,1.0,1.0,1.0,1.0,0.6966543999031911
4577,da13eae8d0d83af38,True,,,,,,,,,,1.0,0.0,1.0,1.0,1.0,1.0,0.0,1.0,1.0,0.0
4578,52825507b7931e0f3,True,,,,,,,,,,1.0,1.0,1.0,1.0,0.2510920975424244,1.0,1.0,1.0,1.0,0.7659662804820077
4579,1307b26ce3d38f704,True,,,,,,,,,,1.0,1.0,0.5,1.0,0.6417147550699307,1.0,0.0,1.0,1.0,0.38151793047967664
4580,3921f85c4ba81b39b,True,,,,,,,,,,1.0,1.0,1.0,1.0,0.002998865842889859,1.0,1.0,1.0,1.0,0.6884371455759031
4581,362f2d9e119bf7981,True,,,,,,,,,,1.0,1.0,1.0,1.0,0.09277721194607634,1.0,1.0,1.0,1.0,0.7164928787331488
4582,f36b1891f8fcc499d,True,,,,,,,,,,1.0,1.0,1.0,1.0,1.0,1.0,1.0,1.0,1.0,1.0
4583,a14ccfc8d2eea6574,True,,,,,,,,,,1.0,1.0,1.0,1.0,0.05644187868359543,1.0,1.0,1.0,0.0,0.5801380870886236
4584,6d02e71114637a043,True,,,,,,,,,,1.0,1.0,1.0,1.0,0.19867869687866502,1.0,1.0,1.0,1.0,0.7495870927745828
4585,c3a31672b53c086c7,True,,,,,,,,,,1.0,1.0,1.0,1.0,0.19522451060343343,1.0,0.0,1.0,1.0,0.6235076595635729
4586,0b204ead40703c13f,True,,,,,,,,,,1.0,1.0,1.0,1.0,0.1464047349996119,1.0,1.0,1.0,1.0,0.7332514796873787
4587,0837e02dbb891dbc9,True,,,,,,,,,,1.0,1.0,1.0,1.0,0.8481973777664049,1.0,0.0,1.0,1.0,0.8275616805520015
4588,1c18bdd5b49d08afb,True,,,,,,,,,,1.0,0.0,0.0,1.0,1.0,1.0,0.0,1.0,0.0,0.0
4589,d6e2587cedd827dce,True,,,,,,,,,,1.0,1.0,1.0,1.0,0.035177983800467376,1.0,1.0,1.0,1.0,0.6984931199376461
4590,93bb489a18cbb6868,True,,,,,,,,,,1.0,0.0,0.5,1.0,1.0,1.0,1.0,1.0,1.0,0.0
4591,25afbc08ad962c6cd,True,,,,,,,,,,1.0,1.0,1.0,1.0,0.0,1.0,1.0,1.0,1.0,0.6875
4592,a6f2bb94eb4ae6278,True,,,,,,,,,,1.0,0.0,0.0,1.0,1.0,1.0,1.0,1.0,1.0,0.0
4593,fed773a2bcad8ee41,True,,,,,,,,,,1.0,0.0,0.0,1.0,1.0,1.0,0.0,1.0,1.0,0.0
4594,cbfd9eec69d28b38b,True,,,,,,,,,,1.0,0.0,0.5,1.0,0.4880854909011829,1.0,1.0,1.0,1.0,0.0
4595,113cb8fed3d36b259,True,,,,,,,,,,1.0,1.0,1.0,1.0,0.046837830852992215,1.0,1.0,1.0,1.0,0.70213682214156
4596,209b97b1bbd7f20ba,True,,,,,,,,,,1.0,0.0,0.0,1.0,1.0,1.0,0.0,1.0,1.0,0.0
4597,289adac373c057f2c,True,,,,,,,,,,1.0,1.0,0.5,1.0,1.0,1.0,0.0,1.0,1.0,0.4375
4598,036aaebb3ee3a09af,True,,,,,,,,,,1.0,1.0,1.0,1.0,1.0,1.0,0.0,1.0,1.0,0.875
4599,ae3513291969ee51b,True,,,,,,,,,,1.0,1.0,1.0,1.0,1.0,1.0,1.0,1.0,1.0,1.0
4600,e1d015abbef9b482d,True,,,,,,,,,,0.0,0.0,0.5,1.0,0.6199742325162487,0.0,0.0,1.0,1.0,0.0
4601,9feb421ac284e987e,True,,,,,,,,,,1.0,1.0,1.0,1.0,0.10502541039557653,1.0,1.0,1.0,1.0,0.7203204407486177
4602,06a4317c41657c287,True,,,,,,,,,,1.0,0.0,0.0,1.0,1.0,1.0,0.0,1.0,1.0,0.0
4603,eb5c033b5d728ecba,True,,,,,,,,,,1.0,0.0,0.5,1.0,0.5649067778339059,1.0,0.0,1.0,1.0,0.0
4604,d8e3174dae4ece006,True,,,,,,,,,,1.0,1.0,1.0,1.0,0.13867656085721844,1.0,0.0,1.0,1.0,0.6058364252678807
4605,66138b6a89d5d40bf,True,,,,,,,,,,1.0,1.0,1.0,1.0,0.24578581984221784,0.0,1.0,1.0,1.0,0.45180806870069307
4606,16d22cc23e0b4cce8,True,,,,,,,,,,0.0,0.0,0.5,1.0,1.0,0.0,1.0,0.0,0.0,0.0
4607,c64e0d6194293f51e,True,,,,,,,,,,1.0,1.0,1.0,1.0,0.05391464924997234,1.0,1.0,1.0,1.0,0.7043483278906164
4608,1f8006333fa33abf2,True,,,,,,,,,,0.0,0.0,1.0,1.0,1.0,0.0,0.0,1.0,1.0,0.0
4609,754d33f5c0419048c,True,,,,,,,,,,1.0,1.0,1.0,1.0,0.11114001115957177,1.0,1.0,1.0,1.0,0.7222312534873662
4610,d16ba8a46fd2ff788,True,,,,,,,,,,1.0,1.0,1.0,1.0,0.9026000483388114,1.0,1.0,1.0,1.0,0.9695625151058785
4611,dbfff1a4f70af53a6,True,,,,,,,,,,1.0,1.0,1.0,1.0,1.0,1.0,0.0,1.0,1.0,0.875
4612,14123368ec92cefb0,True,,,,,,,,,,1.0,0.0,0.0,1.0,0.7399483628012433,1.0,0.0,1.0,0.0,0.0
4613,ef271f3dd1d4e77d9,True,,,,,,,,,,1.0,1.0,1.0,1.0,0.32105972495607304,1.0,0.0,1.0,1.0,0.6628311640487728
4614,1f91f3523e536e074,True,,,,,,,,,,1.0,0.0,1.0,1.0,0.882552355384056,1.0,1.0,1.0,1.0,0.0
4615,f7f422a9d4e7a419f,True,,,,,,,,,,1.0,1.0,1.0,1.0,0.09321961903013709,1.0,0.0,1.0,1.0,0.5916311309469178
4616,8ab7f330292d7d49f,True,,,,,,,,,,0.0,0.0,1.0,1.0,1.0,0.0,0.0,1.0,0.0,0.0
4617,20c10d1762c2f560d,True,,,,,,,,,,1.0,0.0,0.5,1.0,1.0,1.0,0.0,1.0,1.0,0.0
4618,f6557e9f386193dfc,True,,,,,,,,,,1.0,1.0,1.0,1.0,0.005760441629037796,1.0,1.0,1.0,1.0,0.6893001380090743
4619,0cd9ea86052a0b8e1,True,,,,,,,,,,1.0,1.0,1.0,1.0,0.5807643056160022,1.0,1.0,1.0,1.0,0.8689888455050007
4620,db94fae67e9339c05,True,,,,,,,,,,1.0,1.0,1.0,1.0,0.8219005565429907,1.0,0.0,1.0,1.0,0.8193439239196846
4621,e1bcade7bd67e9b78,True,,,,,,,,,,1.0,0.0,0.0,1.0,1.0,1.0,1.0,1.0,1.0,0.0
4622,aa354b140b6d2c2ab,True,,,,,,,,,,1.0,0.0,0.5,1.0,0.7675560193666937,1.0,1.0,1.0,1.0,0.0
4623,980cc797db6c51c02,True,,,,,,,,,,1.0,0.0,0.0,1.0,0.6464858023293634,1.0,0.0,1.0,0.0,0.0
4624,65d00ea9b07494406,True,,,,,,,,,,1.0,1.0,1.0,1.0,1.0,1.0,1.0,1.0,1.0,1.0
4625,8add9070020c81cb2,True,,,,,,,,,,0.0,0.0,0.0,1.0,1.0,0.0,0.0,1.0,0.0,0.0
4626,883dbba6979f32ae3,True,,,,,,,,,,1.0,1.0,1.0,1.0,0.45395805951273216,1.0,1.0,1.0,1.0,0.8293618935977288
4627,24b6ddd9158c4bf2c,True,,,,,,,,,,1.0,0.0,0.5,1.0,0.6084322911907407,1.0,0.0,1.0,0.0,0.0
4628,d53c9d9cbcfbfd03f,True,,,,,,,,,,1.0,0.0,0.5,1.0,0.6163462636802226,1.0,0.0,1.0,1.0,0.0
4629,8999dafaeeabb1612,True,,,,,,,,,,0.0,0.0,1.0,1.0,1.0,0.0,0.0,1.0,1.0,0.0
4630,3f94a9e099ddf73f0,True,,,,,,,,,,1.0,1.0,1.0,1.0,0.6353408679457911,1.0,0.0,1.0,1.0,0.7610440212330597
4631,9e8f8fed1883534f6,True,,,,,,,,,,1.0,0.0,0.0,1.0,1.0,1.0,0.0,1.0,1.0,0.0
4632,397b093b8766274f9,True,,,,,,,,,,1.0,0.0,0.0,1.0,0.9899102738911884,1.0,0.0,1.0,1.0,0.0
4633,51f2dcebd843e5ea9,True,,,,,,,,,,1.0,1.0,1.0,1.0,0.06010697721953395,1.0,0.0,1.0,1.0,0.5812834303811043
4634,188fef8a871d3bb74,True,,,,,,,,,,0.0,0.0,0.0,1.0,1.0,0.0,0.0,1.0,1.0,0.0
4635,0d26c23bce11ae16b,True,,,,,,,,,,1.0,1.0,1.0,1.0,1.0,1.0,1.0,1.0,0.0,0.875
4636,25749b785814d5941,True,,,,,,,,,,1.0,0.0,0.5,1.0,0.6435444341303279,1.0,0.0,1.0,0.0,0.0
4637,6abfaa7acf5d00640,True,,,,,,,,,,1.0,1.0,1.0,1.0,1.0,1.0,1.0,1.0,1.0,1.0
4638,daf6f2775f3fee4c9,True,,,,,,,,,,1.0,1.0,1.0,1.0,0.025997087499829454,1.0,0.0,1.0,1.0,0.5706240898436967
4639,4a53fe73af8c37bee,True,,,,,,,,,,1.0,1.0,1.0,1.0,0.262230616597356,1.0,0.0,1.0,1.0,0.6444470676866738
4640,14a7cb384c787a167,True,,,,,,,,,,1.0,0.0,0.0,1.0,0.8411173763697468,1.0,1.0,1.0,1.0,0.0
4641,9330871bc582e7f96,True,,,,,,,,,,1.0,1.0,1.0,1.0,0.571876542784368,1.0,0.0,1.0,1.0,0.7412114196201149
4642,bffe666f9175e93c1,True,,,,,,,,,,1.0,1.0,1.0,1.0,0.13852072827652465,1.0,0.0,1.0,0.0,0.48078772758641397
4643,6c441b1d10cac68e5,True,,,,,,,,,,1.0,1.0,1.0,1.0,0.1586644340849123,1.0,1.0,1.0,1.0,0.7370826356515351
4644,ef8b4c4b3e7ec1358,True,,,,,,,,,,1.0,1.0,1.0,1.0,0.13029500490277904,1.0,1.0,1.0,0.0,0.6032171890321185
4645,606f1011a6999f264,True,,,,,,,,,,1.0,0.0,0.0,1.0,1.0,1.0,1.0,1.0,1.0,0.0
4646,1f06c169ad7123eab,True,,,,,,,,,,0.0,1.0,1.0,1.0,1.0,0.0,0.0,1.0,0.0,0.0
4647,9bcb88a77a10c4c0c,True,,,,,,,,,,1.0,1.0,1.0,1.0,0.45398615403829706,1.0,0.0,1.0,1.0,0.7043706731369679
4648,58c7dc2cb395006ae,True,,,,,,,,,,1.0,1.0,1.0,1.0,0.017452086962597774,1.0,1.0,1.0,1.0,0.6929537771758119
4649,4330e2204831576d7,True,,,,,,,,,,1.0,0.0,0.5,1.0,0.5742889675072709,1.0,0.0,1.0,0.0,0.0
4650,87b69a9da5677bf5b,True,,,,,,,,,,1.0,1.0,1.0,1.0,0.020919016363952204,1.0,0.0,1.0,1.0,0.5690371926137351
4651,00c800ba9acb02aa0,True,,,,,,,,,,1.0,0.0,1.0,1.0,0.6053107182780528,1.0,1.0,1.0,1.0,0.0
4652,30c354120aed6af34,True,,,,,,,,,,0.0,0.0,0.5,1.0,1.0,0.0,0.0,1.0,1.0,0.0
4653,966244bc558d53ef7,True,,,,,,,,,,1.0,1.0,1.0,1.0,0.32915985254684005,1.0,0.0,1.0,1.0,0.6653624539208876
4654,2664f428da61db472,True,,,,,,,,,,1.0,1.0,1.0,1.0,0.8073595839276289,0.0,0.0,1.0,0.0,0.377299869977384
4655,168ec5291b8accf12,True,,,,,,,,,,1.0,1.0,1.0,1.0,0.21952452656070173,1.0,1.0,1.0,1.0,0.7561014145502193
4656,f8b4dade556ee29d7,True,,,,,,,,,,1.0,1.0,1.0,1.0,0.30520857155834064,1.0,1.0,1.0,1.0,0.7828776786119814
4657,9e4e2947f7b3098a7,True,,,,,,,,,,0.0,0.0,0.0,1.0,1.0,0.0,0.0,1.0,1.0,0.0
4658,edd46eab5d581d11a,True,,,,,,,,,,1.0,0.0,0.0,1.0,1.0,1.0,0.0,1.0,1.0,0.0
4659,0c490f2432946f48b,True,,,,,,,,,,0.0,0.0,0.0,1.0,1.0,0.0,0.0,1.0,0.0,0.0
4660,3e552e543e3533e54,True,,,,,,,,,,1.0,1.0,1.0,1.0,0.1830291628213127,1.0,0.0,1.0,1.0,0.6196966133816602
4661,c23afa5ae384dc837,True,,,,,,,,,,1.0,1.0,1.0,1.0,1.0,1.0,1.0,1.0,1.0,1.0
4662,90c45199dafb82117,True,,,,,,,,,,1.0,0.0,1.0,1.0,0.7190408347047956,1.0,1.0,1.0,1.0,0.0
4663,07f1e4860bc02a04d,True,,,,,,,,,,1.0,1.0,1.0,1.0,1.0,1.0,0.0,1.0,1.0,0.875
4664,8bc78c84321c37423,True,,,,,,,,,,1.0,1.0,1.0,1.0,0.8038062769446119,1.0,1.0,1.0,0.0,0.8136894615451913
4665,7aa2434007747c439,True,,,,,,,,,,1.0,0.0,0.0,1.0,1.0,1.0,0.0,1.0,1.0,0.0
4666,1b4910e763891cfbd,True,,,,,,,,,,1.0,0.0,0.5,1.0,1.0,1.0,0.0,1.0,1.0,0.0
4667,9c849c1f3da3d7ffa,True,,,,,,,,,,1.0,1.0,1.0,1.0,0.07248762434874713,1.0,1.0,1.0,1.0,0.7101523826089835
4668,3df563a8c00556068,True,,,,,,,,,,1.0,1.0,1.0,1.0,0.051189245115266464,1.0,1.0,1.0,1.0,0.7034966390985208
4669,e593c645d1fd3fdb9,True,,,,,,,,,,1.0,1.0,1.0,1.0,0.7325684334085094,1.0,1.0,1.0,1.0,0.9164276354401593
4670,7b5998d0c96e5433a,True,,,,,,,,,,1.0,1.0,1.0,1.0,0.0,1.0,1.0,1.0,1.0,0.6875
4671,9bdc2e6f73aad36a5,True,,,,,,,,,,1.0,0.0,0.0,1.0,0.8036590451348112,1.0,1.0,1.0,0.0,0.0
4672,58f91f82a3c230e1e,True,,,,,,,,,,0.0,0.0,0.0,1.0,1.0,0.0,0.0,1.0,1.0,0.0
4673,d1b44adf0f1195ea7,True,,,,,,,,,,1.0,1.0,1.0,1.0,0.11820162423369195,1.0,1.0,1.0,1.0,0.7244380075730288
4674,7186caba98873825a,True,,,,,,,,,,1.0,0.0,0.0,1.0,0.7858170639087956,1.0,0.0,1.0,1.0,0.0
4675,bc6888f8da8ee3d48,True,,,,,,,,,,1.0,1.0,1.0,1.0,0.0029721640523506115,1.0,1.0,1.0,1.0,0.6884288012663595
4676,f0e29874418de93db,True,,,,,,,,,,0.0,0.0,0.0,1.0,1.0,0.0,0.0,1.0,1.0,0.0
4677,6d342e630c70431ff,True,,,,,,,,,,1.0,1.0,1.0,1.0,0.08814050458454889,1.0,1.0,1.0,1.0,0.7150439076826716
4678,8a767a8d9952eeaf9,True,,,,,,,,,,1.0,1.0,1.0,1.0,0.0,1.0,1.0,1.0,1.0,0.6875
4679,8e2e4ad26edbb4e08,True,,,,,,,,,,1.0,1.0,1.0,1.0,0.055513502030277766,1.0,1.0,1.0,1.0,0.7048479693844618
4680,f09090db20660a80f,True,,,,,,,,,,1.0,1.0,1.0,1.0,1.0,1.0,1.0,1.0,1.0,1.0
4681,599d18ef0c8b9c894,True,,,,,,,,,,0.5,1.0,1.0,1.0,1.0,0.0,1.0,1.0,1.0,0.34375
4682,b4a96aa4d4b538e2a,True,,,,,,,,,,1.0,0.0,0.0,1.0,1.0,1.0,0.0,1.0,1.0,0.0
4683,bc310295755fb7084,True,,,,,,,,,,1.0,0.0,0.5,1.0,1.0,1.0,1.0,1.0,1.0,0.0
4684,7e2d7288e94ae54c5,True,,,,,,,,,,1.0,1.0,1.0,1.0,0.23107334037485724,1.0,1.0,1.0,1.0,0.7597104188671429
4685,5c78d4068407d661c,True,,,,,,,,,,1.0,1.0,1.0,1.0,1.0,1.0,1.0,1.0,1.0,1.0
4686,fa5f831bdaa6b6167,True,,,,,,,,,,1.0,1.0,0.0,1.0,1.0,1.0,0.0,1.0,1.0,0.0
4687,d8c8d7ca717326aa5,True,,,,,,,,,,0.5,0.0,0.5,1.0,0.6936442451825366,0.0,0.0,1.0,0.0,0.0
4688,8cbf7cbc0d30a3d05,True,,,,,,,,,,1.0,1.0,1.0,1.0,0.15318193893392704,1.0,1.0,1.0,1.0,0.7353693559168522
4689,e302536dfb1a897a7,True,,,,,,,,,,0.0,1.0,1.0,1.0,0.5586810910120001,0.0,0.0,1.0,1.0,0.0
4690,c999a24e14bcd26f6,True,,,,,,,,,,1.0,1.0,1.0,1.0,0.34385739167229523,1.0,1.0,1.0,1.0,0.7949554348975922
4691,39a33f6262e8b8c0c,True,,,,,,,,,,0.0,1.0,1.0,1.0,0.8660416177018908,0.0,1.0,1.0,1.0,0.0
4692,4e6f3caac62c57abb,True,,,,,,,,,,0.0,1.0,0.5,1.0,0.5074504912899888,0.0,0.0,1.0,1.0,0.0
4693,3a96e943c2c264f67,True,,,,,,,,,,0.0,0.0,0.0,1.0,1.0,0.0,0.0,1.0,0.0,0.0
4694,6ba28ea05bd9dd3df,True,,,,,,,,,,0.0,1.0,1.0,0.0,1.0,0.0,1.0,1.0,1.0,0.0
4695,7b35876d62521ffc5,True,,,,,,,,,,1.0,1.0,0.0,1.0,0.6481971602081222,1.0,0.0,1.0,1.0,0.0
4696,402bdbb00ffac92e5,True,,,,,,,,,,0.0,1.0,1.0,1.0,1.0,0.0,0.0,1.0,1.0,0.0
4697,08b425d9aa40aee45,True,,,,,,,,,,1.0,0.0,0.5,1.0,1.0,1.0,0.0,0.0,0.0,0.0
4698,129d3c576dc7bb588,True,,,,,,,,,,1.0,1.0,1.0,1.0,0.0,1.0,0.0,1.0,1.0,0.5625
4699,b57ec07d7cbceb48b,True,,,,,,,,,,1.0,0.0,0.5,1.0,0.5753584100035869,1.0,0.0,1.0,0.0,0.0
4700,10e8a0c218db15652,True,,,,,,,,,,1.0,1.0,1.0,1.0,0.361267824015956,1.0,0.0,1.0,1.0,0.6753961950049863
4701,dea13a804cc9407af,True,,,,,,,,,,1.0,1.0,1.0,1.0,0.0670753113652819,1.0,1.0,1.0,1.0,0.7084610348016506
4702,628be721855b43213,True,,,,,,,,,,1.0,0.0,0.0,1.0,0.6660825047803796,0.0,0.0,1.0,0.0,0.0
4703,481cb8f4c173a9ed0,True,,,,,,,,,,1.0,0.0,0.5,1.0,0.5044402941301873,1.0,0.0,1.0,1.0,0.0
4704,c35bfd24684ea8d55,True,,,,,,,,,,0.0,1.0,0.0,1.0,0.9478509788896493,0.0,0.0,1.0,1.0,0.0
4705,7b6d8fa488a09b8d3,True,,,,,,,,,,1.0,0.0,0.5,1.0,0.7158430256821836,1.0,1.0,1.0,0.0,0.0
4706,c0831690e22e4cfbc,True,,,,,,,,,,1.0,1.0,1.0,1.0,0.23715328571183825,1.0,1.0,1.0,1.0,0.7616104017849494
4707,2da594e725662f7c5,True,,,,,,,,,,1.0,1.0,1.0,1.0,0.1053785790066183,1.0,1.0,1.0,1.0,0.7204308059395682
4708,13f7d51df20a8dc66,True,,,,,,,,,,0.0,1.0,0.5,1.0,0.8045004258250077,0.0,0.0,1.0,1.0,0.0
4709,bec8d578f7182bbcd,True,,,,,,,,,,1.0,1.0,1.0,1.0,1.0,1.0,0.0,1.0,1.0,0.875
4710,570c63685f0d25c8f,True,,,,,,,,,,1.0,0.0,0.0,1.0,0.45620287706088664,1.0,0.0,1.0,0.0,0.0
4711,fe3af476ce56a1283,True,,,,,,,,,,1.0,0.0,0.0,1.0,0.7930503147299357,1.0,0.0,1.0,1.0,0.0
4712,b3caab7fde86ee89e,True,,,,,,,,,,1.0,1.0,1.0,1.0,0.022785918950474136,1.0,0.0,1.0,1.0,0.5696205996720232
4713,4ac58ee8e6463cde1,True,,,,,,,,,,1.0,1.0,1.0,1.0,0.3195069249613379,1.0,0.0,1.0,1.0,0.6623459140504181
4714,a4dff43b479ee5041,True,,,,,,,,,,1.0,0.0,0.0,1.0,1.0,1.0,0.0,1.0,1.0,0.0
4715,6ba2025a22f212a94,True,,,,,,,,,,1.0,0.0,0.5,1.0,0.06256903118816606,1.0,0.0,1.0,0.0,0.0
4716,431df46346088a1de,True,,,,,,,,,,1.0,1.0,1.0,1.0,0.29411411991585545,1.0,0.0,1.0,1.0,0.6544106624737048
4717,7f444b043c5b21ab4,True,,,,,,,,,,1.0,1.0,1.0,1.0,0.7859033582069683,1.0,0.0,1.0,1.0,0.8080947994396777
4718,71fe821c1ced6591c,True,,,,,,,,,,1.0,0.0,0.0,1.0,0.9816165348002727,1.0,1.0,1.0,1.0,0.0
4719,0cdb9c6ab183da958,True,,,,,,,,,,1.0,0.0,1.0,1.0,0.704630886941231,1.0,1.0,1.0,1.0,0.0
4720,6b611802253a6f2c9,True,,,,,,,,,,1.0,0.0,0.0,1.0,0.9085792503242428,1.0,0.0,1.0,1.0,0.0
4721,32f1711fd411244b6,True,,,,,,,,,,0.0,0.0,0.5,1.0,1.0,0.0,0.0,1.0,1.0,0.0
4722,dee771fcf184f2521,True,,,,,,,,,,1.0,1.0,1.0,1.0,0.15148118297484406,1.0,0.0,1.0,1.0,0.6098378696796387
4723,2df66cb5d7a252afe,True,,,,,,,,,,0.0,1.0,1.0,1.0,1.0,0.0,1.0,1.0,1.0,0.0
4724,c3f88ffa3ddcecc64,True,,,,,,,,,,0.0,0.0,1.0,1.0,1.0,0.0,1.0,1.0,1.0,0.0
4725,b9a43db97480bc666,True,,,,,,,,,,1.0,0.0,0.0,1.0,1.0,1.0,0.0,1.0,1.0,0.0
4726,3b0eafa0ee94a00a4,True,,,,,,,,,,1.0,1.0,0.5,1.0,0.4353028810436808,1.0,0.0,1.0,1.0,0.3492660751630751
4727,519a6a71d9b2fda8a,True,,,,,,,,,,0.0,1.0,1.0,1.0,1.0,0.0,0.0,1.0,0.0,0.0
4728,9e4b9c5c9c0f63038,True,,,,,,,,,,1.0,1.0,1.0,1.0,0.0,1.0,0.0,0.0,1.0,0.4375
4729,012fd1457eb78c56c,True,,,,,,,,,,1.0,0.0,0.5,1.0,1.0,1.0,1.0,1.0,1.0,0.0
4730,3de4e2683ea8699d4,True,,,,,,,,,,1.0,0.0,1.0,1.0,0.5227423660035831,1.0,1.0,1.0,0.0,0.0
4731,a317b20e8d007342f,True,,,,,,,,,,1.0,1.0,1.0,1.0,0.0,1.0,0.0,1.0,1.0,0.5625
4732,ca2e709d5cab0c6e4,True,,,,,,,,,,1.0,1.0,1.0,1.0,0.021648479641744853,1.0,1.0,1.0,1.0,0.6942651498880452
4733,0c9e5d46eff0fcf41,True,,,,,,,,,,1.0,1.0,1.0,1.0,0.7023642348372425,1.0,1.0,1.0,1.0,0.9069888233866383
4734,9afbf2d7c3a80fd5b,True,,,,,,,,,,1.0,1.0,1.0,1.0,0.8234803878362363,1.0,0.0,1.0,1.0,0.8198376211988239
4735,a5797a61db84af354,True,,,,,,,,,,1.0,1.0,1.0,1.0,0.0,1.0,1.0,1.0,1.0,0.6875
4736,fbc2b4583a81f36b9,True,,,,,,,,,,1.0,1.0,1.0,1.0,0.2581570363311995,1.0,0.0,1.0,1.0,0.6431740738534999
4737,2da7f9d5b6d7592f7,True,,,,,,,,,,1.0,0.0,0.0,1.0,0.9560885759158189,1.0,0.0,1.0,1.0,0.0
4738,d405764e71ecb1286,True,,,,,,,,,,1.0,1.0,1.0,1.0,0.03865742309367635,1.0,0.0,1.0,1.0,0.5745804447167738
4739,0c3cbb85755a00eb2,True,,,,,,,,,,1.0,1.0,1.0,1.0,0.9248287478101784,1.0,1.0,1.0,1.0,0.9765089836906807
4740,7a934a0d58b6d113b,True,,,,,,,,,,0.0,1.0,1.0,1.0,1.0,0.0,0.0,1.0,1.0,0.0
4741,afcd4a859a99df309,True,,,,,,,,,,1.0,1.0,1.0,1.0,0.1292371273290252,1.0,1.0,1.0,1.0,0.7278866022903203
4742,8192ed9c4330db32d,True,,,,,,,,,,1.0,1.0,1.0,1.0,0.978314295308407,1.0,1.0,1.0,1.0,0.9932232172838772
4743,2614f6ffeaef993a9,True,,,,,,,,,,1.0,1.0,1.0,1.0,0.5022720755235099,1.0,0.0,1.0,1.0,0.7194600236010968
4744,2a1e301e08b641e81,True,,,,,,,,,,1.0,0.0,0.0,1.0,1.0,1.0,0.0,1.0,0.0,0.0
4745,194d8549dce1cc044,True,,,,,,,,,,1.0,0.0,0.0,1.0,1.0,1.0,0.0,1.0,1.0,0.0
4746,15a72986ee0932891,True,,,,,,,,,,0.0,0.0,0.5,1.0,1.0,0.0,1.0,0.0,0.0,0.0
4747,66c0ac7e945e90197,True,,,,,,,,,,1.0,1.0,1.0,1.0,0.25266274997595867,1.0,0.0,1.0,1.0,0.641457109367487
4748,17a263da0e14e7155,True,,,,,,,,,,0.0,0.0,0.0,1.0,0.7528362737862511,0.0,0.0,1.0,1.0,0.0
4749,80d431e91d34320c9,True,,,,,,,,,,1.0,1.0,1.0,1.0,0.586952480529479,1.0,0.0,1.0,1.0,0.7459226501654622
4750,7fa425329439a1196,True,,,,,,,,,,1.0,1.0,1.0,1.0,0.8100831158675662,1.0,1.0,1.0,1.0,0.9406509737086144
4751,f295cbd77bfa4efa0,True,,,,,,,,,,1.0,1.0,1.0,1.0,0.0,1.0,0.0,1.0,1.0,0.5625
4752,d62c06587889c5e1b,True,,,,,,,,,,1.0,0.0,1.0,1.0,1.0,1.0,0.0,1.0,1.0,0.0
4753,567b7524457bc9d98,True,,,,,,,,,,1.0,1.0,1.0,1.0,0.37062052529414097,1.0,1.0,1.0,1.0,0.803318914154419
4754,ac657cb166434db62,True,,,,,,,,,,1.0,0.0,0.0,1.0,0.9208817449958442,1.0,0.0,1.0,0.0,0.0
4755,a42442493dd5e64ba,True,,,,,,,,,,1.0,0.0,1.0,1.0,0.6277237524078473,1.0,0.0,1.0,1.0,0.0
4756,3349d086f3bc06728,True,,,,,,,,,,1.0,1.0,1.0,1.0,0.8740866598462669,1.0,0.0,1.0,1.0,0.8356520812019583
4757,1bc64f4db46ec4c9f,True,,,,,,,,,,1.0,0.0,0.0,1.0,1.0,1.0,0.0,1.0,1.0,0.0
4758,f8d618822ef33e7b0,True,,,,,,,,,,1.0,1.0,1.0,1.0,0.0,1.0,1.0,1.0,1.0,0.6875
4759,987cd2bac2de5285e,True,,,,,,,,,,0.0,1.0,1.0,1.0,1.0,0.0,1.0,1.0,0.0,0.0
4760,61fc4b92e35089b4c,True,,,,,,,,,,0.0,0.0,0.0,1.0,0.8682825457965923,0.0,0.0,1.0,0.0,0.0
4761,60bb87853fd5997e5,True,,,,,,,,,,1.0,0.0,1.0,1.0,0.31071704891025353,1.0,1.0,1.0,1.0,0.0
4762,80b51199c992e8e79,True,,,,,,,,,,1.0,0.0,0.0,1.0,1.0,1.0,0.0,1.0,1.0,0.0
4763,428b6ffe51af1390c,True,,,,,,,,,,1.0,0.0,1.0,1.0,1.0,1.0,0.0,1.0,1.0,0.0
4764,83d03d52f14fe2aba,True,,,,,,,,,,1.0,0.0,1.0,1.0,0.2015012365651958,1.0,0.0,1.0,1.0,0.0
4765,c567a3cd6305bc4a6,True,,,,,,,,,,0.0,0.0,0.0,1.0,1.0,0.0,0.0,1.0,1.0,0.0
4766,afc5b9d01744dc019,True,,,,,,,,,,1.0,0.0,0.0,1.0,1.0,1.0,0.0,1.0,1.0,0.0
4767,270e95b1d769b87a0,True,,,,,,,,,,0.0,0.0,0.5,1.0,1.0,0.0,0.0,1.0,0.0,0.0
4768,3b99d2eccb04b25a0,True,,,,,,,,,,0.0,0.0,0.5,1.0,1.0,0.0,0.0,1.0,1.0,0.0
4769,e35c9a585407c6e2a,True,,,,,,,,,,0.0,1.0,1.0,1.0,1.0,0.0,1.0,1.0,1.0,0.0
4770,6a18b0260de73481a,True,,,,,,,,,,1.0,0.0,0.5,1.0,1.0,1.0,0.0,1.0,1.0,0.0
4771,6d3e5e6a1c2f52b9a,True,,,,,,,,,,0.0,0.0,0.0,1.0,1.0,0.0,0.0,1.0,0.0,0.0
4772,72596b62f23cfe8b5,True,,,,,,,,,,0.5,0.0,0.5,1.0,1.0,0.0,1.0,1.0,1.0,0.0
4773,d3e9c090e809349ce,True,,,,,,,,,,0.0,1.0,1.0,1.0,1.0,0.0,0.0,1.0,1.0,0.0
4774,3812881ab01c38f32,True,,,,,,,,,,0.0,1.0,1.0,1.0,1.0,0.0,0.0,1.0,1.0,0.0
4775,af48e9c0da650fb5e,True,,,,,,,,,,0.0,0.0,0.0,1.0,0.6072963635556488,0.0,0.0,1.0,0.0,0.0
4776,0286ad2f0fec1df3b,True,,,,,,,,,,1.0,1.0,1.0,1.0,0.0,1.0,0.0,0.0,1.0,0.4375
4777,c5555e6107565ea71,True,,,,,,,,,,1.0,0.0,0.5,1.0,0.6215132088188337,1.0,0.0,1.0,0.0,0.0
4778,c1ef027c99cf15974,True,,,,,,,,,,1.0,0.0,0.0,1.0,0.30139329744627763,1.0,1.0,1.0,1.0,0.0
4779,cad5818510a871f22,True,,,,,,,,,,0.0,1.0,1.0,1.0,1.0,0.0,1.0,1.0,0.0,0.0
4780,c172bf35d27bb2a60,True,,,,,,,,,,1.0,1.0,0.5,1.0,0.38716763931605147,1.0,0.0,1.0,0.0,0.279244943643133
4781,2301f91f3f804faa5,True,,,,,,,,,,1.0,0.0,1.0,1.0,0.3874233170446742,1.0,1.0,1.0,1.0,0.0
4782,a7cf069369c371dd2,True,,,,,,,,,,1.0,1.0,1.0,1.0,0.013132130875815457,1.0,1.0,1.0,1.0,0.6916037908986923
4783,ab0cda5402469194e,True,,,,,,,,,,1.0,0.0,0.0,1.0,0.7168411528526417,1.0,0.0,1.0,1.0,0.0
4784,0369a23acb953eeac,True,,,,,,,,,,1.0,0.0,0.5,1.0,0.6519598131534691,1.0,0.0,1.0,1.0,0.0
4785,2288b831536d541ba,True,,,,,,,,,,1.0,1.0,1.0,1.0,0.285988927174007,1.0,1.0,1.0,1.0,0.7768715397418772
4786,178157ae0466a3851,True,,,,,,,,,,0.0,0.0,1.0,1.0,1.0,0.0,0.0,1.0,0.0,0.0
4787,c3ae26874d15feb7d,True,,,,,,,,,,1.0,1.0,1.0,1.0,0.0,1.0,0.0,1.0,1.0,0.5625
4788,941e498bd0dfbd991,True,,,,,,,,,,1.0,1.0,1.0,1.0,1.0,1.0,0.0,1.0,0.0,0.75
4789,c72e69f316e2cb580,True,,,,,,,,,,1.0,1.0,1.0,1.0,0.08110072727038785,1.0,1.0,1.0,0.0,0.5878439772719962
4790,d21b58003792bc68a,True,,,,,,,,,,1.0,1.0,0.0,1.0,0.9427117599997691,1.0,0.0,1.0,1.0,0.0
4791,2aa8f5678f71648b6,True,,,,,,,,,,1.0,1.0,1.0,1.0,0.5203134985725141,1.0,0.0,1.0,1.0,0.7250979683039107
4792,6d7d0467feb2787ea,True,,,,,,,,,,1.0,1.0,1.0,1.0,0.13498638397856783,1.0,0.0,1.0,1.0,0.6046832449933024
4793,d2eb3158a4dcc825e,True,,,,,,,,,,0.0,1.0,0.0,1.0,1.0,0.0,0.0,1.0,1.0,0.0
4794,e13710073c3a4f5c6,True,,,,,,,,,,1.0,1.0,1.0,1.0,0.7795792056516804,1.0,1.0,1.0,1.0,0.9311185017661501
4795,a874b5928d421efad,True,,,,,,,,,,0.0,1.0,1.0,1.0,0.43134969017338026,1.0,1.0,1.0,1.0,0.0
4796,7c851ab07e3f1d15f,True,,,,,,,,,,1.0,1.0,1.0,1.0,0.30533304003623674,1.0,1.0,1.0,1.0,0.782916575011324
4797,0a8cbe192f3d3dfba,True,,,,,,,,,,0.0,1.0,1.0,1.0,1.0,0.0,1.0,1.0,1.0,0.0
4798,1ea195d959bce2d65,True,,,,,,,,,,0.0,0.0,0.0,1.0,0.819477092262196,0.0,0.0,1.0,0.0,0.0
4799,64560358188d68edd,True,,,,,,,,,,1.0,0.0,0.0,1.0,0.7705439982734962,1.0,0.0,1.0,1.0,0.0
4800,237248dcf20ccf56f,True,,,,,,,,,,1.0,1.0,1.0,1.0,0.044993485748677946,1.0,1.0,1.0,1.0,0.7015604642964619
4801,a0c6dbfad5c2cef6e,True,,,,,,,,,,0.0,0.0,0.0,1.0,1.0,0.0,0.0,1.0,0.0,0.0
4802,a3adc8c27da8f8689,True,,,,,,,,,,1.0,1.0,1.0,1.0,0.2691857545898162,1.0,1.0,1.0,1.0,0.7716205483093176
4803,5d7300eccaaae4563,True,,,,,,,,,,1.0,0.0,0.0,1.0,0.2530118642003455,1.0,0.0,1.0,0.0,0.0
4804,e06d3e2d64736c62d,True,,,,,,,,,,1.0,1.0,1.0,1.0,0.06136912348740945,1.0,0.0,1.0,1.0,0.5816778510898155
4805,b58b6d88823cf8754,True,,,,,,,,,,0.0,1.0,1.0,1.0,1.0,0.0,0.0,1.0,1.0,0.0
4806,2c920866d1784abe5,True,,,,,,,,,,0.0,0.0,0.5,1.0,1.0,0.0,0.0,1.0,1.0,0.0
4807,5d5440db427d5f265,True,,,,,,,,,,1.0,1.0,1.0,1.0,0.023396938286206072,1.0,1.0,1.0,1.0,0.6948115432144394
4808,eb16cfaf356e80f1f,True,,,,,,,,,,1.0,0.0,0.0,1.0,1.0,1.0,0.0,1.0,1.0,0.0
4809,3fd0808364384b621,True,,,,,,,,,,1.0,1.0,1.0,1.0,1.0,1.0,0.0,1.0,1.0,0.875
4810,c9eccd69e416f78ae,True,,,,,,,,,,0.0,0.0,0.0,1.0,0.6511499285962294,0.0,0.0,1.0,1.0,0.0
4811,4e062143c7bd91118,True,,,,,,,,,,0.5,0.0,0.0,1.0,1.0,0.0,0.0,1.0,1.0,0.0
4812,cdec99ac469508647,True,,,,,,,,,,1.0,1.0,1.0,1.0,0.22714034773718245,1.0,1.0,1.0,1.0,0.7584813586678696
4813,87b0f0681dc28e308,True,,,,,,,,,,1.0,1.0,1.0,1.0,0.5788694530509167,1.0,1.0,1.0,1.0,0.8683967040784115
4814,02e812e171526ec23,True,,,,,,,,,,1.0,1.0,1.0,1.0,0.3320366105145222,1.0,1.0,1.0,1.0,0.7912614407857882
4815,c8443f5a68a70d97c,True,,,,,,,,,,1.0,0.0,0.0,1.0,1.0,1.0,0.0,1.0,1.0,0.0
4816,6aa7e26a080e2bd09,True,,,,,,,,,,1.0,0.0,1.0,1.0,0.5468854082717294,1.0,1.0,1.0,1.0,0.0
4817,087c2f352474fc4ee,True,,,,,,,,,,1.0,1.0,1.0,1.0,0.0,1.0,1.0,1.0,1.0,0.6875
4818,aa1c2ba87587b53cb,True,,,,,,,,,,1.0,1.0,1.0,1.0,0.8702229455424713,1.0,1.0,1.0,1.0,0.9594446704820223
4819,4ac35e2587f31ee76,True,,,,,,,,,,1.0,1.0,1.0,1.0,0.7913582977776119,1.0,1.0,1.0,1.0,0.9347994680555037
4820,2729d19c18ef21b96,True,,,,,,,,,,1.0,0.0,0.5,1.0,1.0,1.0,0.0,1.0,0.0,0.0
4821,008d19d3a7e53bd2f,True,,,,,,,,,,1.0,1.0,1.0,0.0,1.0,1.0,1.0,1.0,1.0,0.0
4822,c3e34d7de79504c8f,True,,,,,,,,,,1.0,0.0,1.0,0.0,1.0,1.0,0.0,1.0,1.0,0.0
4823,33def08f34be607b9,True,,,,,,,,,,1.0,0.0,1.0,1.0,1.0,1.0,0.0,1.0,1.0,0.0
4824,ed75936c057902b19,True,,,,,,,,,,1.0,0.0,0.5,1.0,0.5861903250608791,1.0,0.0,1.0,0.0,0.0
4825,facc7bdf3ca0a7492,True,,,,,,,,,,1.0,1.0,1.0,1.0,0.3488893337409903,1.0,1.0,1.0,1.0,0.7965279167940594
4826,c85aa35e5a8c7e1cc,True,,,,,,,,,,1.0,0.0,0.0,1.0,0.7757241893386373,1.0,0.0,1.0,0.0,0.0
4827,9ca4cc4bfc1a7a0a0,True,,,,,,,,,,0.0,0.0,0.0,1.0,1.0,0.0,0.0,0.0,0.0,0.0
4828,44276d9ca75d0250b,True,,,,,,,,,,1.0,1.0,1.0,1.0,1.0,1.0,1.0,1.0,1.0,1.0
4829,8b07c31db85204e64,True,,,,,,,,,,1.0,0.0,0.0,1.0,0.6825273769389402,0.0,1.0,0.0,0.0,0.0
4830,6eaee379045fa8bd9,True,,,,,,,,,,1.0,1.0,0.0,1.0,1.0,1.0,0.0,1.0,1.0,0.0
4831,41c255d09766b4099,True,,,,,,,,,,0.0,1.0,0.5,1.0,1.0,0.0,0.0,1.0,1.0,0.0
4832,9e31589f9ede4587e,True,,,,,,,,,,1.0,0.0,0.5,1.0,0.5898990569835489,1.0,0.0,1.0,1.0,0.0
4833,f5a896e060751799d,True,,,,,,,,,,0.0,0.0,0.0,1.0,1.0,0.0,0.0,1.0,0.0,0.0
4834,d6f75a03673049ff0,True,,,,,,,,,,1.0,0.0,0.0,1.0,0.7664210642401543,1.0,0.0,1.0,1.0,0.0
4835,82d900751ef2cc1dc,True,,,,,,,,,,1.0,1.0,1.0,1.0,1.0,1.0,0.0,1.0,1.0,0.875
4836,d7cb69340aa436966,True,,,,,,,,,,1.0,1.0,1.0,1.0,0.8533232829742994,1.0,1.0,1.0,1.0,0.9541635259294685
4837,9ed233c4d30f0d7d9,True,,,,,,,,,,1.0,0.0,0.0,1.0,1.0,1.0,0.0,1.0,1.0,0.0
4838,b37e58b47596bc081,True,,,,,,,,,,1.0,0.0,0.0,1.0,1.0,0.0,1.0,0.0,0.0,0.0
4839,2e14fecb99657b5f6,True,,,,,,,,,,1.0,0.0,0.5,1.0,0.7567096560992408,1.0,1.0,1.0,1.0,0.0
4840,4f3676dd29cda956d,True,,,,,,,,,,1.0,0.0,0.5,1.0,1.0,1.0,1.0,1.0,1.0,0.0
4841,553cf28c0505a3ed6,True,,,,,,,,,,1.0,1.0,1.0,1.0,0.11662770829366624,1.0,0.0,1.0,1.0,0.5989461588417707
4842,b3648e983488baa4f,True,,,,,,,,,,1.0,1.0,1.0,1.0,0.26496849674,1.0,1.0,1.0,1.0,0.77030265523125
4843,cade01084629da760,True,,,,,,,,,,0.5,1.0,1.0,1.0,0.9290254724444503,0.0,1.0,1.0,1.0,0.33266023006944534
4844,9ac59d12e61e3b3ff,True,,,,,,,,,,1.0,0.0,1.0,1.0,0.5362379364225951,1.0,1.0,0.0,0.0,0.0
4845,4e1acfe6d874f554d,True,,,,,,,,,,1.0,1.0,1.0,1.0,0.22220820040917097,1.0,1.0,1.0,1.0,0.756940062627866
4846,17de904ac4c504886,True,,,,,,,,,,1.0,0.0,1.0,1.0,0.4788012109340941,1.0,1.0,1.0,1.0,0.0
4847,7904bcffe314d0056,True,,,,,,,,,,1.0,0.0,0.5,1.0,1.0,1.0,1.0,1.0,0.0,0.0
4848,ce2057b130f4218b8,True,,,,,,,,,,1.0,0.0,0.5,1.0,1.0,1.0,0.0,1.0,1.0,0.0
4849,eb2b9b57bc8fba12d,True,,,,,,,,,,1.0,1.0,1.0,1.0,0.5519134915150663,1.0,0.0,1.0,1.0,0.7349729660984582
4850,9c1ac53b20c284d28,True,,,,,,,,,,1.0,0.0,1.0,1.0,0.6216044125878613,1.0,1.0,1.0,1.0,0.0
4851,8d9bc38e815347396,True,,,,,,,,,,1.0,1.0,1.0,1.0,0.17720866732738624,1.0,0.0,1.0,1.0,0.6178777085398082
4852,1770d226b1fbdf6a2,True,,,,,,,,,,1.0,0.0,0.5,1.0,1.0,1.0,0.0,1.0,0.0,0.0
4853,91927b9cf7456c200,True,,,,,,,,,,1.0,0.0,0.0,1.0,0.8563562542502509,1.0,0.0,1.0,1.0,0.0
4854,2d98dd5a526780315,True,,,,,,,,,,1.0,0.0,0.0,1.0,1.0,1.0,0.0,1.0,1.0,0.0
4855,5046d4b4e74d6cbbd,True,,,,,,,,,,1.0,0.0,1.0,0.0,1.0,1.0,0.0,1.0,1.0,0.0
4856,7052cedfc597ff134,True,,,,,,,,,,1.0,1.0,0.5,1.0,1.0,1.0,0.0,1.0,1.0,0.4375
4857,37501de016a2976a7,True,,,,,,,,,,0.5,0.0,0.0,1.0,0.8851982710818666,0.0,1.0,1.0,1.0,0.0
4858,5e5a2a6c7ddbfc092,True,,,,,,,,,,1.0,1.0,1.0,1.0,0.012129025457661799,1.0,1.0,1.0,1.0,0.6912903204555193
4859,96cf7424a206ab31f,True,,,,,,,,,,0.0,0.0,1.0,1.0,1.0,0.0,1.0,1.0,0.0,0.0
4860,a94bc6fc5f5d03f39,True,,,,,,,,,,1.0,0.0,0.0,1.0,1.0,1.0,0.0,1.0,0.0,0.0
4861,eeb0b8f8cc54ccf58,True,,,,,,,,,,1.0,1.0,1.0,1.0,1.0,1.0,1.0,1.0,1.0,1.0
4862,f9533c6195790b299,True,,,,,,,,,,0.0,0.0,0.0,1.0,1.0,0.0,0.0,1.0,0.0,0.0
4863,a3d3acd8f46271484,True,,,,,,,,,,1.0,1.0,1.0,1.0,0.3359616141625014,1.0,1.0,1.0,0.0,0.6674880044257817
4864,6883dd210767ef27d,True,,,,,,,,,,1.0,1.0,1.0,1.0,0.015033180711116815,1.0,1.0,1.0,1.0,0.692197868972224
4865,27b7e5ec4bfe00f85,True,,,,,,,,,,1.0,1.0,1.0,1.0,1.0,1.0,1.0,1.0,1.0,1.0
4866,e4e521f407f1c30df,True,,,,,,,,,,0.0,1.0,1.0,1.0,1.0,0.0,1.0,1.0,1.0,0.0
4867,a281f0b2e0db6ac75,True,,,,,,,,,,1.0,0.0,0.0,1.0,1.0,0.0,0.0,1.0,0.0,0.0
4868,4f7b62e9ded399e3c,True,,,,,,,,,,1.0,0.0,1.0,1.0,1.0,1.0,0.0,1.0,1.0,0.0
4869,645751bf568658675,True,,,,,,,,,,1.0,1.0,1.0,1.0,0.12894717572558995,1.0,0.0,1.0,1.0,0.6027959924142469
4870,c855eb02dea11b02e,True,,,,,,,,,,0.0,0.0,0.0,1.0,1.0,0.0,0.0,1.0,1.0,0.0
4871,b5c727c3b2286dfc5,True,,,,,,,,,,0.0,0.0,0.0,1.0,0.0,0.0,0.0,0.0,0.0,0.0
4872,ec8c748e31436c7e5,True,,,,,,,,,,0.0,0.0,0.0,1.0,1.0,0.0,0.0,1.0,1.0,0.0
4873,909281fad5f1bd401,True,,,,,,,,,,1.0,1.0,1.0,1.0,0.0,1.0,1.0,1.0,1.0,0.6875
4874,265cbf9df314f7700,True,,,,,,,,,,1.0,1.0,1.0,1.0,0.26462035875942197,1.0,0.0,1.0,1.0,0.6451938621123194
4875,eac3cd256c959f2bc,True,,,,,,,,,,1.0,1.0,1.0,1.0,0.13043456855279206,1.0,1.0,1.0,1.0,0.7282608026727475
4876,3331cabab3946bf78,True,,,,,,,,,,0.0,0.0,0.0,1.0,0.7487713701546918,0.0,0.0,1.0,1.0,0.0
4877,45da4abe095b0e759,True,,,,,,,,,,1.0,1.0,1.0,1.0,0.998716393981145,1.0,1.0,1.0,0.0,0.8745988731191078
4878,fbf4ec49ea2272ba1,True,,,,,,,,,,1.0,1.0,1.0,1.0,0.32001648876390526,1.0,0.0,1.0,1.0,0.6625051527387205
4879,2526f4007f6477420,True,,,,,,,,,,1.0,1.0,0.0,1.0,0.9377105491211765,1.0,0.0,1.0,1.0,0.0
4880,abb1e9c0cfeb7bb29,True,,,,,,,,,,0.0,0.0,0.5,1.0,1.0,0.0,0.0,1.0,1.0,0.0
4881,3d8397f4fcf5d9ec3,True,,,,,,,,,,1.0,0.0,0.0,1.0,1.0,1.0,0.0,1.0,1.0,0.0
4882,f3852b4bdec74eddc,True,,,,,,,,,,1.0,1.0,1.0,1.0,1.0,1.0,1.0,1.0,1.0,1.0
4883,a686334790117f882,True,,,,,,,,,,1.0,1.0,1.0,1.0,1.0,1.0,1.0,1.0,1.0,1.0
4884,d8c1cf6f6a65ad21d,True,,,,,,,,,,1.0,0.0,0.5,1.0,1.0,1.0,0.0,1.0,1.0,0.0
4885,872a49bbab0e3eadd,True,,,,,,,,,,1.0,0.0,0.5,1.0,1.0,1.0,0.0,1.0,1.0,0.0
4886,d3b5a3486c40ea561,True,,,,,,,,,,1.0,0.0,0.0,1.0,1.0,1.0,0.0,1.0,0.0,0.0
4887,c70f1e01d8a8d58e0,True,,,,,,,,,,1.0,1.0,1.0,1.0,0.0,1.0,1.0,1.0,1.0,0.6875
4888,74dc897cc60962fc0,True,,,,,,,,,,1.0,1.0,0.0,1.0,1.0,1.0,0.0,0.0,0.0,0.0
4889,17848b0db348eea20,True,,,,,,,,,,1.0,1.0,1.0,1.0,0.0947005798315228,1.0,1.0,1.0,1.0,0.7170939311973509
4890,81e6ca0e63a415859,True,,,,,,,,,,1.0,1.0,1.0,1.0,0.9991618226065794,1.0,1.0,1.0,1.0,0.9997380695645561
4891,fa3650efa1fa9cb64,True,,,,,,,,,,0.0,1.0,1.0,1.0,1.0,0.0,0.0,1.0,0.0,0.0
4892,6d41dae8eb9b92cbe,True,,,,,,,,,,1.0,1.0,0.0,1.0,1.0,1.0,0.0,1.0,1.0,0.0
4893,7f77d13ba2f205d87,True,,,,,,,,,,1.0,1.0,1.0,1.0,0.15868908082065777,1.0,1.0,1.0,1.0,0.7370903377564555
4894,29202e5e7b84d0701,True,,,,,,,,,,1.0,1.0,0.0,1.0,0.5341743774099473,1.0,0.0,1.0,0.0,0.0
4895,7387fd37f78f3fd39,True,,,,,,,,,,1.0,0.0,1.0,1.0,0.656320816666331,1.0,1.0,1.0,1.0,0.0
4896,4f4a53796fa5bb136,True,,,,,,,,,,1.0,1.0,1.0,1.0,0.06765696227221957,1.0,0.0,1.0,1.0,0.5836428007100687
4897,b46505d824967a9bc,True,,,,,,,,,,1.0,1.0,1.0,1.0,0.07308809122354595,1.0,1.0,1.0,1.0,0.7103400285073581
4898,4019a208fc30e8936,True,,,,,,,,,,0.5,0.0,0.0,1.0,1.0,0.0,0.0,1.0,1.0,0.0
4899,6d9ac6e09b2090952,True,,,,,,,,,,0.0,1.0,1.0,1.0,1.0,0.0,0.0,1.0,0.0,0.0
4900,8d358053106bc9580,True,,,,,,,,,,0.0,0.0,1.0,1.0,1.0,0.0,0.0,1.0,1.0,0.0
4901,815411526d5f2c6d5,True,,,,,,,,,,1.0,0.0,0.5,1.0,1.0,1.0,1.0,1.0,1.0,0.0
4902,d70caeb8eb50fae31,True,,,,,,,,,,1.0,1.0,1.0,1.0,0.9515142803491036,1.0,1.0,1.0,1.0,0.9848482126090949
4903,541803e1775a85786,True,,,,,,,,,,1.0,1.0,1.0,1.0,0.26121291711926625,1.0,1.0,1.0,1.0,0.7691290365997707
4904,845a83fdb1732a5ef,True,,,,,,,,,,1.0,0.0,0.0,0.0,1.0,1.0,0.0,1.0,1.0,0.0
4905,f54aae942b797da5a,True,,,,,,,,,,1.0,0.0,0.0,1.0,0.8285529661958275,1.0,0.0,1.0,0.0,0.0
4906,f8ef03363118bcda4,True,,,,,,,,,,1.0,0.0,0.0,1.0,1.0,1.0,0.0,1.0,1.0,0.0
4907,7e931dfbe8e295f21,True,,,,,,,,,,1.0,1.0,1.0,1.0,0.8505232016627238,1.0,1.0,1.0,1.0,0.9532885005196012
4908,976f2d716419166ba,True,,,,,,,,,,1.0,0.0,0.0,1.0,0.0,1.0,0.0,0.0,0.0,0.0
4909,08616e3e14acc949b,True,,,,,,,,,,1.0,0.0,0.0,1.0,1.0,1.0,0.0,1.0,1.0,0.0
4910,fc6b7a66f2b28cca4,True,,,,,,,,,,0.0,1.0,1.0,1.0,1.0,0.0,0.0,1.0,1.0,0.0
4911,8ff1eaec9e4ad790c,True,,,,,,,,,,1.0,1.0,1.0,1.0,0.0,1.0,1.0,1.0,1.0,0.6875
4912,7cdfa18002444c694,True,,,,,,,,,,1.0,0.0,0.0,1.0,1.0,1.0,0.0,1.0,1.0,0.0
4913,2bb698b451e491605,True,,,,,,,,,,1.0,1.0,1.0,1.0,0.023000813425264995,1.0,0.0,1.0,1.0,0.5696877541953953
4914,adbf76475e83933e1,True,,,,,,,,,,0.0,0.0,0.5,1.0,1.0,0.0,0.0,1.0,0.0,0.0
4915,5ffbd12109319857a,True,,,,,,,,,,1.0,0.0,1.0,1.0,0.44104357132126126,1.0,0.0,1.0,1.0,0.0
4916,88fd88a24f2995978,True,,,,,,,,,,1.0,0.0,0.0,1.0,0.16528718049805646,0.0,1.0,0.0,0.0,0.0
4917,0da232d1485aff38f,True,,,,,,,,,,1.0,1.0,1.0,1.0,0.29199681462399646,1.0,1.0,1.0,1.0,0.778749004569999
4918,bcb569c08d9409956,True,,,,,,,,,,1.0,1.0,1.0,1.0,0.30335738141029955,1.0,0.0,1.0,1.0,0.6572991816907185
4919,964210c085079b61a,True,,,,,,,,,,1.0,1.0,1.0,1.0,0.13784898303667242,1.0,0.0,1.0,1.0,0.6055778071989601
4920,786f6723260569e56,True,,,,,,,,,,1.0,1.0,1.0,1.0,0.22243906684088122,1.0,1.0,1.0,1.0,0.7570122083877754
4921,064aaacc7d9acb094,True,,,,,,,,,,1.0,1.0,1.0,1.0,0.8221721278771991,1.0,0.0,1.0,1.0,0.8194287899616247
4922,82164b6dd39963198,True,,,,,,,,,,1.0,0.0,0.0,1.0,1.0,1.0,0.0,1.0,0.0,0.0
4923,56bd93dec0d4cb4df,True,,,,,,,,,,1.0,1.0,0.5,1.0,0.9968757228007844,1.0,0.0,1.0,1.0,0.4370118316876226
4924,7837a188fc6d747f2,True,,,,,,,,,,0.5,0.0,0.0,1.0,1.0,0.0,1.0,1.0,1.0,0.0
4925,330ebf5b4dfbc967a,True,,,,,,,,,,1.0,0.0,0.0,1.0,1.0,0.0,0.0,1.0,1.0,0.0
4926,5b7d267fca157a9e6,True,,,,,,,,,,1.0,0.0,0.0,1.0,1.0,1.0,0.0,1.0,1.0,0.0
4927,09eeb5f6259309d1e,True,,,,,,,,,,0.0,0.0,0.0,1.0,1.0,0.0,0.0,1.0,1.0,0.0
4928,a2df1d2e1065e5f83,True,,,,,,,,,,1.0,1.0,1.0,1.0,0.15420577888920728,1.0,1.0,1.0,1.0,0.7356893059028773
4929,1087cd8acf5661e9c,True,,,,,,,,,,1.0,1.0,1.0,1.0,0.7259235498625234,1.0,0.0,1.0,1.0,0.7893511093320386
4930,bec064ed6d9582bcc,True,,,,,,,,,,1.0,1.0,1.0,1.0,1.0,1.0,0.0,1.0,1.0,0.875
4931,cf135fafcf0b8184d,True,,,,,,,,,,1.0,0.0,0.0,1.0,0.3745038286412518,0.0,0.0,0.0,0.0,0.0
4932,1572e57c1e71e8774,True,,,,,,,,,,1.0,1.0,1.0,1.0,0.2105317810544962,1.0,1.0,1.0,1.0,0.75329118157953
4933,227d0fa0ac82a6985,True,,,,,,,,,,1.0,0.0,0.0,1.0,1.0,1.0,0.0,1.0,1.0,0.0
4934,49bf9b39d6fc7eeb6,True,,,,,,,,,,1.0,1.0,1.0,1.0,0.009984614510374997,1.0,1.0,1.0,1.0,0.6906201920344922
4935,d4aaf5d6841ea2cad,True,,,,,,,,,,1.0,1.0,1.0,1.0,0.1941400615443404,1.0,1.0,1.0,1.0,0.7481687692326064
4936,6ad5915978b38db9e,True,,,,,,,,,,0.0,1.0,1.0,1.0,1.0,0.0,0.0,1.0,1.0,0.0
4937,33bdd00b087ff8b4e,True,,,,,,,,,,1.0,0.0,1.0,1.0,0.3905465059378395,1.0,1.0,1.0,1.0,0.0
4938,3042cb349e2487756,True,,,,,,,,,,1.0,1.0,1.0,1.0,0.0498546396545004,1.0,1.0,1.0,1.0,0.7030795748920313
4939,a387296016f95192a,True,,,,,,,,,,1.0,1.0,1.0,1.0,0.0,1.0,1.0,1.0,1.0,0.6875
4940,1a8b28cb69aa0366e,True,,,,,,,,,,1.0,0.0,0.5,1.0,1.0,1.0,0.0,1.0,0.0,0.0
4941,de6d8849e57d7258f,True,,,,,,,,,,0.0,0.0,1.0,1.0,0.887464321545318,0.0,1.0,1.0,1.0,0.0
4942,3b57dcdd08ad03a39,True,,,,,,,,,,1.0,1.0,1.0,1.0,0.09908189029567901,1.0,1.0,1.0,1.0,0.7184630907173997
4943,4232b6ce6d0b377b8,True,,,,,,,,,,1.0,1.0,1.0,1.0,0.2688192507722874,1.0,1.0,1.0,1.0,0.7715060158663398
4944,e44f39d800c679960,True,,,,,,,,,,1.0,1.0,1.0,1.0,0.640934727570214,1.0,1.0,1.0,1.0,0.8877921023656918
4945,b94470389611028aa,True,,,,,,,,,,0.5,0.0,1.0,1.0,1.0,0.0,0.0,1.0,1.0,0.0
4946,cc675839235bef34d,True,,,,,,,,,,1.0,1.0,1.0,1.0,0.057477877800526475,1.0,1.0,0.0,0.0,0.4554618368126645
4947,eb251433c13f5a4f2,True,,,,,,,,,,0.0,0.0,0.5,1.0,1.0,1.0,0.0,1.0,0.0,0.0
4948,90b96d597a7a1dd74,True,,,,,,,,,,1.0,1.0,1.0,1.0,0.3440908095055106,1.0,1.0,1.0,1.0,0.7950283779704721
4949,14f7e3a226b0e16d8,True,,,,,,,,,,1.0,0.0,0.0,1.0,1.0,1.0,0.0,1.0,1.0,0.0
4950,3606310eace955ba8,True,,,,,,,,,,0.0,0.0,0.5,1.0,1.0,0.0,0.0,1.0,1.0,0.0
4951,7e3fd48eb2c70a68f,True,,,,,,,,,,1.0,0.0,1.0,1.0,0.31227393548361043,1.0,1.0,1.0,1.0,0.0
4952,77bdbbf59381ce4d3,True,,,,,,,,,,1.0,1.0,1.0,1.0,0.0,1.0,0.0,1.0,1.0,0.5625
4953,be1d5bdbfc0e6edc2,True,,,,,,,,,,1.0,0.0,1.0,1.0,0.7503415968705893,1.0,1.0,1.0,1.0,0.0
4954,213fb1c5f3fda924e,True,,,,,,,,,,1.0,0.0,0.5,1.0,1.0,1.0,0.0,1.0,1.0,0.0
4955,5b2b7c5762e61f6b5,True,,,,,,,,,,0.0,1.0,1.0,1.0,1.0,0.0,1.0,1.0,1.0,0.0
4956,60b000943deffcfb1,True,,,,,,,,,,1.0,0.0,0.5,1.0,0.7030352294188343,1.0,0.0,1.0,1.0,0.0
4957,4aabb029fe206ec39,True,,,,,,,,,,1.0,0.0,0.0,1.0,1.0,0.0,1.0,1.0,1.0,0.0
4958,57b584425e87975ce,True,,,,,,,,,,1.0,0.0,0.5,1.0,1.0,1.0,0.0,1.0,0.0,0.0
4959,0a7f7df8603204c57,True,,,,,,,,,,1.0,0.0,0.0,1.0,1.0,1.0,1.0,1.0,1.0,0.0
4960,6b8b063fa80fa480f,True,,,,,,,,,,0.0,1.0,0.5,1.0,0.6175784659300215,0.0,0.0,1.0,1.0,0.0
4961,434058a9bff839494,True,,,,,,,,,,1.0,0.0,0.5,1.0,0.37650941173997804,1.0,0.0,1.0,0.0,0.0
4962,7fd931e169ce1f227,True,,,,,,,,,,0.0,0.0,0.0,1.0,0.8132971383587757,0.0,0.0,1.0,1.0,0.0
4963,4d43428f5f573b6b1,True,,,,,,,,,,1.0,0.0,0.0,1.0,0.8276492601061547,1.0,1.0,1.0,1.0,0.0
4964,3ada23a933f4d460c,True,,,,,,,,,,1.0,1.0,1.0,1.0,1.0,1.0,1.0,1.0,1.0,1.0
4965,db13e1f50a5d36df0,True,,,,,,,,,,1.0,0.0,0.0,1.0,0.9012253159032136,1.0,0.0,1.0,1.0,0.0
4966,403463355af416781,True,,,,,,,,,,1.0,0.0,0.5,1.0,0.583810410426121,1.0,1.0,1.0,0.0,0.0
4967,4f2cdfaccb0f4bfac,True,,,,,,,,,,1.0,1.0,1.0,1.0,0.6233909135361125,1.0,0.0,1.0,1.0,0.7573096604800351
4968,2b91925294ab78999,True,,,,,,,,,,0.0,0.0,0.5,1.0,1.0,0.0,0.0,1.0,1.0,0.0
4969,0a16bdbfa64eeb441,True,,,,,,,,,,1.0,0.0,0.0,1.0,1.0,1.0,1.0,1.0,1.0,0.0
4970,36316a03f12a8e7f4,True,,,,,,,,,,1.0,0.0,0.0,1.0,1.0,1.0,0.0,1.0,1.0,0.0
4971,c4a089c490ce6eb9e,True,,,,,,,,,,0.0,0.0,0.5,1.0,1.0,0.0,1.0,1.0,1.0,0.0
4972,49f77b5c62d2c5787,True,,,,,,,,,,1.0,0.0,1.0,1.0,0.38982566086429377,1.0,1.0,1.0,1.0,0.0
4973,7db120c56ed98be5a,True,,,,,,,,,,0.0,1.0,1.0,1.0,1.0,0.0,1.0,1.0,1.0,0.0
4974,6f23cf03f94e36b89,True,,,,,,,,,,1.0,1.0,1.0,1.0,0.141960794437796,1.0,1.0,1.0,1.0,0.7318627482618112
4975,f9693c34fe2422ec2,True,,,,,,,,,,1.0,1.0,1.0,1.0,0.24008960574843197,1.0,1.0,1.0,1.0,0.762528001796385
4976,a4512ee0b8d11026d,True,,,,,,,,,,1.0,0.0,0.0,1.0,0.41845231003491906,1.0,1.0,1.0,1.0,0.0
4977,7124ea8593f4c9b14,True,,,,,,,,,,1.0,0.0,0.5,1.0,1.0,1.0,0.0,1.0,1.0,0.0
4978,7e640664f4c19d17e,True,,,,,,,,,,1.0,1.0,1.0,1.0,1.0,1.0,0.0,1.0,1.0,0.875
4979,1291da52f5c1dfbde,True,,,,,,,,,,1.0,1.0,1.0,1.0,0.014401600735102377,1.0,0.0,1.0,1.0,0.5670005002297195
4980,42e2e548a93490d54,True,,,,,,,,,,1.0,1.0,1.0,1.0,1.0,1.0,0.0,1.0,1.0,0.875
4981,ffa118247f83dcacd,True,,,,,,,,,,1.0,1.0,1.0,1.0,0.0,1.0,1.0,1.0,1.0,0.6875
4982,4850e4897804c7f1a,True,,,,,,,,,,1.0,1.0,1.0,1.0,0.6930362301464827,1.0,1.0,1.0,1.0,0.9040738219207758
4983,933ba8311a18f9035,True,,,,,,,,,,1.0,0.0,1.0,1.0,0.5719152878479926,1.0,1.0,1.0,1.0,0.0
4984,618e08d8da0ee9129,True,,,,,,,,,,0.0,0.0,0.5,1.0,1.0,0.0,1.0,1.0,0.0,0.0
4985,d1e49d53c8a87357c,True,,,,,,,,,,1.0,1.0,0.5,1.0,1.0,1.0,0.0,1.0,0.0,0.375
4986,9778c919f63adf7c6,True,,,,,,,,,,1.0,1.0,1.0,1.0,0.21123818154363405,1.0,1.0,1.0,1.0,0.7535119317323856
4987,fb487048e0748febd,True,,,,,,,,,,1.0,1.0,1.0,1.0,0.816605471277455,1.0,0.0,1.0,0.0,0.6926892097742047
4988,8f53dde363962b143,True,,,,,,,,,,1.0,0.0,0.5,1.0,0.41884074096148316,1.0,0.0,1.0,1.0,0.0
4989,b6d61abe346b88db3,True,,,,,,,,,,1.0,1.0,1.0,1.0,0.25524470038869224,1.0,1.0,1.0,1.0,0.7672639688714663
4990,d259b8e83d8d206fe,True,,,,,,,,,,1.0,0.0,0.5,1.0,1.0,1.0,0.0,1.0,1.0,0.0
4991,c9ec6104d455f3e47,True,,,,,,,,,,0.0,0.0,0.0,1.0,1.0,0.0,0.0,1.0,0.0,0.0
4992,a9d7dd368b96f5f2d,True,,,,,,,,,,1.0,1.0,1.0,1.0,1.0,1.0,1.0,1.0,1.0,1.0
4993,99775d29ec2361de1,True,,,,,,,,,,1.0,0.0,1.0,1.0,0.24637253326405303,1.0,1.0,1.0,1.0,0.0
4994,1d5e8b5ded8ee3baf,True,,,,,,,,,,1.0,0.0,0.5,1.0,0.8307120555230131,1.0,1.0,1.0,1.0,0.0
4995,dcc637b763e600173,True,,,,,,,,,,0.0,0.0,0.0,1.0,0.6199029195671597,0.0,0.0,1.0,0.0,0.0
4996,1101b454c3a1637f1,True,,,,,,,,,,1.0,1.0,1.0,1.0,0.352889584746176,1.0,0.0,1.0,1.0,0.67277799523318
4997,ea7e06440b39909f9,True,,,,,,,,,,1.0,0.0,0.0,1.0,0.8875050398549835,1.0,1.0,1.0,1.0,0.0
4998,102c820549ded1872,True,,,,,,,,,,1.0,1.0,0.5,1.0,1.0,1.0,0.0,1.0,1.0,0.4375
4999,143c4941004472287,True,,,,,,,,,,1.0,0.0,1.0,1.0,1.0,1.0,0.0,1.0,1.0,0.0
5000,37c49a3e38b6b7781,True,,,,,,,,,,1.0,0.0,0.5,1.0,0.44031228391481786,1.0,1.0,1.0,1.0,0.0
5001,e125fce6404cad012,True,,,,,,,,,,1.0,1.0,1.0,1.0,0.0,1.0,1.0,1.0,1.0,0.6875
5002,96bc4ac7fb23e9119,True,,,,,,,,,,0.0,0.0,1.0,1.0,1.0,1.0,0.0,1.0,1.0,0.0
5003,a0b761c6ddf3b5b92,True,,,,,,,,,,1.0,1.0,1.0,1.0,0.26960585080072774,1.0,0.0,1.0,1.0,0.6467518283752274
5004,a4e2233cf54403d43,True,,,,,,,,,,1.0,1.0,1.0,1.0,0.0,1.0,1.0,1.0,1.0,0.6875
5005,59ea6f742dc62b430,True,,,,,,,,,,1.0,0.0,0.0,1.0,0.5411514050365649,1.0,0.0,1.0,1.0,0.0
5006,8ace3a7104057a34a,True,,,,,,,,,,1.0,1.0,0.5,1.0,1.0,1.0,0.0,1.0,0.0,0.375
5007,99fca017c572f5bc8,True,,,,,,,,,,1.0,1.0,1.0,1.0,0.6921607644248547,1.0,0.0,1.0,1.0,0.7788002388827671
5008,063ea0d49748630a5,True,,,,,,,,,,1.0,1.0,1.0,1.0,0.15740134760353516,1.0,1.0,1.0,1.0,0.7366879211261048
5009,2fd5a616331094ce1,True,,,,,,,,,,1.0,0.0,1.0,1.0,1.0,1.0,0.0,1.0,1.0,0.0
5010,9e2bf4fef7c5a70f5,True,,,,,,,,,,0.0,0.0,1.0,1.0,1.0,0.0,0.0,1.0,1.0,0.0
5011,118825fc5cd99a244,True,,,,,,,,,,0.0,1.0,1.0,1.0,0.6916308623183014,1.0,0.0,1.0,1.0,0.0
5012,5bd97408b667dca22,True,,,,,,,,,,1.0,1.0,1.0,1.0,1.0,1.0,0.0,1.0,1.0,0.875
5013,0cbcae8358528cd55,True,,,,,,,,,,1.0,0.0,0.0,1.0,1.0,1.0,0.0,1.0,1.0,0.0
5014,b4804c80431225e41,True,,,,,,,,,,1.0,0.0,1.0,1.0,1.0,1.0,0.0,1.0,1.0,0.0
5015,b2a29ceff702c11c1,True,,,,,,,,,,1.0,1.0,0.5,1.0,0.6135661346368109,1.0,0.0,1.0,1.0,0.3771197085370017
5016,bf39b618ccc33f36a,True,,,,,,,,,,0.5,0.0,0.5,1.0,1.0,0.0,0.0,1.0,1.0,0.0
5017,b5d11a125c8146f58,True,,,,,,,,,,1.0,1.0,1.0,1.0,0.42943168009970734,1.0,0.0,1.0,1.0,0.6966974000311585
5018,ee893ffe397bbd4fb,True,,,,,,,,,,0.5,0.0,1.0,1.0,1.0,0.0,1.0,1.0,1.0,0.0
5019,8381bad892c31cd51,True,,,,,,,,,,0.5,0.0,0.0,1.0,1.0,0.0,0.0,1.0,1.0,0.0
5020,fbdc714c905b7409f,True,,,,,,,,,,1.0,1.0,1.0,1.0,0.36352095357492537,1.0,0.0,1.0,1.0,0.6761002979921642
5021,1c5915479f9d88e87,True,,,,,,,,,,1.0,0.0,1.0,1.0,0.3556023474531723,1.0,0.0,1.0,1.0,0.0
5022,91eb99dcb70ea628c,True,,,,,,,,,,1.0,0.0,0.0,1.0,1.0,1.0,0.0,1.0,1.0,0.0
5023,5906874d0d863e9c0,True,,,,,,,,,,1.0,1.0,1.0,1.0,1.0,1.0,1.0,1.0,1.0,1.0
5024,215d99206d864850d,True,,,,,,,,,,0.5,0.0,0.0,1.0,0.782084539985943,0.0,0.0,1.0,1.0,0.0
5025,1fa4a4d07117f21ba,True,,,,,,,,,,1.0,1.0,1.0,1.0,0.6710582813984564,0.0,0.0,1.0,1.0,0.4597057129370176
5026,43eb9502a0d70fcea,True,,,,,,,,,,1.0,1.0,1.0,1.0,0.004107595668670512,1.0,1.0,1.0,1.0,0.6887836236464595
5027,2732f280ebb7e46da,True,,,,,,,,,,1.0,1.0,1.0,1.0,0.3807278175413379,1.0,0.0,1.0,1.0,0.6814774429816681
5028,2b5b15e806903df0c,True,,,,,,,,,,1.0,1.0,1.0,1.0,0.0,1.0,1.0,1.0,1.0,0.6875
5029,1d7b812f26f914c71,True,,,,,,,,,,0.0,0.0,0.5,1.0,1.0,0.0,1.0,0.0,0.0,0.0
5030,666a09df2cf7b4568,True,,,,,,,,,,1.0,0.0,0.0,1.0,0.9983245852810773,1.0,0.0,1.0,1.0,0.0
5031,5811614378e2be311,True,,,,,,,,,,1.0,0.0,1.0,1.0,1.0,1.0,0.0,1.0,1.0,0.0
5032,c40981d1d4e696de2,True,,,,,,,,,,1.0,0.0,0.5,1.0,0.30533584802317937,1.0,0.0,1.0,1.0,0.0
5033,fd2d0d2c37b2df3a5,True,,,,,,,,,,1.0,0.0,0.0,1.0,1.0,1.0,0.0,1.0,1.0,0.0
5034,5d7c10a16ad487174,True,,,,,,,,,,1.0,0.0,1.0,1.0,1.0,1.0,0.0,1.0,1.0,0.0
5035,4d27e0875d79e55cb,True,,,,,,,,,,1.0,1.0,1.0,1.0,0.03459624833501724,1.0,1.0,1.0,1.0,0.6983113276046928
5036,77174c66f10b6d7f9,True,,,,,,,,,,1.0,0.0,1.0,1.0,0.2964301304116337,1.0,1.0,1.0,1.0,0.0
5037,198d109d392dbc280,True,,,,,,,,,,1.0,0.0,0.5,1.0,1.0,1.0,0.0,1.0,0.0,0.0
5038,d3fa0f358c6066f70,True,,,,,,,,,,0.0,1.0,1.0,1.0,0.3803000963652358,0.0,0.0,1.0,1.0,0.0
5039,50119f57063995e29,True,,,,,,,,,,0.0,1.0,1.0,1.0,1.0,0.0,1.0,1.0,1.0,0.0
5040,6f0c6f5848fccc5d0,True,,,,,,,,,,1.0,0.0,0.5,1.0,0.7803585148059374,1.0,0.0,1.0,1.0,0.0
5041,d913eb830099d4dfe,True,,,,,,,,,,1.0,1.0,1.0,1.0,1.0,1.0,0.0,1.0,1.0,0.875
5042,aee8a0b219134ae2b,True,,,,,,,,,,1.0,0.0,0.5,1.0,0.636358324143087,1.0,0.0,1.0,1.0,0.0
5043,e1787c2ae57c993f3,True,,,,,,,,,,1.0,1.0,1.0,1.0,0.17192043110814856,1.0,0.0,1.0,1.0,0.6162251347212964
5044,70fc0f58fc8579539,True,,,,,,,,,,1.0,1.0,1.0,1.0,0.7428214519189018,1.0,0.0,1.0,1.0,0.7946317037246569
5045,52d06afe759842b4a,True,,,,,,,,,,1.0,0.0,1.0,1.0,1.0,1.0,0.0,1.0,0.0,0.0
5046,f3e7c306d8f0e2898,True,,,,,,,,,,1.0,0.0,0.5,1.0,1.0,1.0,0.0,1.0,0.0,0.0
5047,ab136507f882d8c94,True,,,,,,,,,,1.0,0.0,0.0,1.0,1.0,1.0,0.0,1.0,1.0,0.0
5048,960134e598a1cc28b,True,,,,,,,,,,1.0,1.0,0.5,1.0,0.5659218903768732,1.0,0.0,1.0,0.0,0.30717529537138644
5049,e19863cd98bd2677b,True,,,,,,,,,,1.0,1.0,1.0,1.0,0.1416958597033513,1.0,1.0,1.0,1.0,0.7317799561572973
5050,60849e221db8f770d,True,,,,,,,,,,1.0,1.0,1.0,1.0,1.0,1.0,1.0,1.0,1.0,1.0
5051,dcb9f36fff6b09354,True,,,,,,,,,,1.0,0.0,0.0,1.0,0.810624648844599,1.0,0.0,1.0,0.0,0.0
5052,a73bc7fee06a21930,True,,,,,,,,,,1.0,0.0,0.0,1.0,1.0,1.0,0.0,1.0,1.0,0.0
5053,1b09ba4c4fe0b53e9,True,,,,,,,,,,1.0,0.0,0.0,1.0,1.0,1.0,0.0,1.0,1.0,0.0
5054,a5a4330ec613db5a3,True,,,,,,,,,,0.0,0.0,0.5,1.0,1.0,0.0,1.0,0.0,0.0,0.0
5055,395c08bc6114b0b9e,True,,,,,,,,,,1.0,1.0,1.0,1.0,0.21190084047563856,1.0,1.0,1.0,1.0,0.753719012648637
5056,99843a353c9918cfd,True,,,,,,,,,,1.0,1.0,0.5,1.0,0.5427193987171933,1.0,0.0,1.0,1.0,0.36604990604956145
5057,e260f18e09079fc0a,True,,,,,,,,,,1.0,1.0,1.0,1.0,0.11308892710145901,1.0,1.0,1.0,0.0,0.5978402897192059
5058,eab8a152f7ae593ae,True,,,,,,,,,,0.0,0.0,0.0,1.0,1.0,0.0,0.0,1.0,1.0,0.0
5059,10934089f8b5ef276,True,,,,,,,,,,1.0,1.0,1.0,1.0,0.06595047725591625,1.0,0.0,1.0,0.0,0.45810952414247386
5060,e3b56ed4a85f713c8,True,,,,,,,,,,0.0,1.0,1.0,1.0,1.0,0.0,1.0,1.0,1.0,0.0
5061,ccb673fb277fc767d,True,,,,,,,,,,1.0,1.0,1.0,1.0,1.0,1.0,1.0,1.0,1.0,1.0
5062,069407bff74cbde70,True,,,,,,,,,,1.0,1.0,1.0,1.0,0.10356657670080706,1.0,1.0,1.0,1.0,0.7198645552190022
5063,dbdd9c6b89f613fdf,True,,,,,,,,,,1.0,0.0,1.0,1.0,1.0,1.0,1.0,1.0,1.0,0.0
5064,10c72d595566b545a,True,,,,,,,,,,0.0,0.0,1.0,1.0,1.0,0.0,1.0,1.0,1.0,0.0
5065,14afd0e1ef0d94d4d,True,,,,,,,,,,1.0,1.0,1.0,1.0,0.33333098653610976,1.0,1.0,1.0,1.0,0.7916659332925343
5066,129e42105cbb4c354,True,,,,,,,,,,1.0,1.0,1.0,1.0,0.26687703883670477,1.0,1.0,1.0,1.0,0.7708990746364702
5067,92bb9ea2567e28fca,True,,,,,,,,,,0.0,0.0,0.5,1.0,0.5819786864490991,0.0,0.0,1.0,0.0,0.0
5068,030798975779630c4,True,,,,,,,,,,0.0,0.0,0.0,1.0,1.0,0.0,0.0,1.0,1.0,0.0
5069,3cd41195f5d27a4f7,True,,,,,,,,,,1.0,1.0,1.0,1.0,0.083120685316459,1.0,1.0,1.0,1.0,0.7134752141613934
5070,61bca41b2089dee0b,True,,,,,,,,,,1.0,1.0,1.0,1.0,0.8837178026241598,1.0,1.0,1.0,1.0,0.9636618133200499
5071,a557acb1f1d4211d2,True,,,,,,,,,,1.0,0.0,1.0,1.0,0.8983275314289082,1.0,0.0,1.0,1.0,0.0
5072,0fda3e9ba0b83c4b2,True,,,,,,,,,,0.0,0.0,0.0,1.0,1.0,0.0,0.0,1.0,1.0,0.0
5073,d84d05e0468db43cc,True,,,,,,,,,,1.0,0.0,0.0,1.0,1.0,1.0,0.0,1.0,1.0,0.0
5074,fd59576ebdf2661ee,True,,,,,,,,,,1.0,0.0,0.5,1.0,0.5703278726008194,1.0,0.0,1.0,1.0,0.0
5075,2c12490b19101760e,True,,,,,,,,,,1.0,1.0,1.0,1.0,0.3837126365469616,1.0,1.0,1.0,1.0,0.8074101989209255
5076,35cbd378e962248ad,True,,,,,,,,,,1.0,1.0,0.0,1.0,1.0,1.0,0.0,1.0,1.0,0.0
5077,213be589c1849a8ad,True,,,,,,,,,,0.5,0.0,0.5,1.0,1.0,0.0,0.0,1.0,0.0,0.0
5078,2df81c34dac0b3f5c,True,,,,,,,,,,1.0,0.0,1.0,1.0,0.45394890799896737,1.0,1.0,1.0,1.0,0.0
5079,66cd8a056ef3dbdd3,True,,,,,,,,,,1.0,1.0,1.0,1.0,0.3329106372838263,1.0,1.0,1.0,1.0,0.7915345741511957
5080,b3b9360d8f660b634,True,,,,,,,,,,0.0,0.0,0.0,1.0,1.0,0.0,0.0,1.0,0.0,0.0
5081,729e2b3a6ce97a377,True,,,,,,,,,,1.0,0.0,0.0,1.0,0.8528367915837117,1.0,1.0,1.0,1.0,0.0
5082,b0fd56183680b68ae,True,,,,,,,,,,1.0,0.0,0.0,1.0,0.32411262411854774,0.0,1.0,0.0,0.0,0.0
5083,b840603cdbc809965,True,,,,,,,,,,1.0,0.0,0.0,1.0,1.0,1.0,0.0,1.0,1.0,0.0
5084,ae63fbc91467ac137,True,,,,,,,,,,1.0,1.0,1.0,1.0,1.0,1.0,1.0,1.0,1.0,1.0
5085,e5c6c91f1d3892636,True,,,,,,,,,,1.0,1.0,1.0,1.0,0.0,1.0,1.0,1.0,1.0,0.6875
5086,b5ee33c961aed53c5,True,,,,,,,,,,0.0,0.0,0.0,1.0,0.8011469141091946,0.0,0.0,1.0,1.0,0.0
5087,f5ac498d3e649455a,True,,,,,,,,,,1.0,1.0,0.5,1.0,0.7378084185245133,1.0,0.0,1.0,0.0,0.3340325653944552
5088,0947aa4445fd336d1,True,,,,,,,,,,1.0,1.0,0.5,1.0,1.0,1.0,0.0,1.0,1.0,0.4375
5089,33d8d746c34cd7fc0,True,,,,,,,,,,1.0,1.0,1.0,1.0,0.0,0.0,1.0,1.0,1.0,0.375
5090,e5f62e45611621e50,True,,,,,,,,,,0.0,1.0,1.0,1.0,1.0,0.0,1.0,1.0,1.0,0.0
5091,8c353bfb7146d30cd,True,,,,,,,,,,1.0,1.0,1.0,1.0,0.7739958459111338,1.0,1.0,1.0,1.0,0.9293737018472293
5092,874ca7613e4fb30ba,True,,,,,,,,,,0.0,0.0,0.5,1.0,0.8377265906236894,1.0,1.0,1.0,1.0,0.0
5093,36c3a5d31d406a1c2,True,,,,,,,,,,1.0,1.0,1.0,1.0,0.07782438334755011,1.0,1.0,1.0,1.0,0.7118201197961094
5094,b66b0513b3b0cf5c4,True,,,,,,,,,,0.0,0.0,0.0,1.0,1.0,0.0,0.0,1.0,1.0,0.0
5095,9d4b20553cbf06af4,True,,,,,,,,,,1.0,1.0,1.0,1.0,0.3051045040404705,1.0,1.0,1.0,1.0,0.782845157512647
5096,df1a0f92cba6a82a6,True,,,,,,,,,,1.0,1.0,1.0,1.0,0.39743683562666793,1.0,1.0,1.0,0.0,0.6866990111333338
5097,2a756bf014216177b,True,,,,,,,,,,1.0,1.0,1.0,1.0,0.47510439280692696,1.0,0.0,1.0,1.0,0.7109701227521646
5098,b06abb0b6477b1473,True,,,,,,,,,,1.0,0.0,0.0,1.0,1.0,1.0,1.0,1.0,1.0,0.0
5099,19d1ed57ca3224e24,True,,,,,,,,,,0.0,0.0,0.0,1.0,1.0,0.0,1.0,0.0,0.0,0.0
5100,412fcdb7f8f144443,True,,,,,,,,,,1.0,1.0,1.0,1.0,1.0,1.0,1.0,1.0,1.0,1.0
5101,a3ef9e8575b866d50,True,,,,,,,,,,0.0,1.0,1.0,1.0,1.0,0.0,1.0,1.0,1.0,0.0
5102,1a5fb4f0990893f71,True,,,,,,,,,,0.5,0.0,0.0,1.0,0.5598458211247586,0.0,0.0,1.0,0.0,0.0
5103,704a2b5191f2e8c04,True,,,,,,,,,,0.0,0.0,0.5,1.0,1.0,0.0,0.0,1.0,1.0,0.0
5104,c1971860f95cbc9ac,True,,,,,,,,,,1.0,1.0,1.0,1.0,0.2342278071459801,1.0,0.0,1.0,1.0,0.6356961897331188
5105,966546464755fdfad,True,,,,,,,,,,1.0,1.0,1.0,1.0,0.4632758810237526,1.0,1.0,1.0,1.0,0.8322737128199227
5106,3c8afefbaf08142c1,True,,,,,,,,,,0.0,0.0,0.0,1.0,0.9942013381364787,0.0,0.0,1.0,0.0,0.0
5107,918fb02f94c16537d,True,,,,,,,,,,1.0,0.0,1.0,1.0,0.4541246737808981,1.0,1.0,1.0,0.0,0.0
5108,9f30b4f8547cd991f,True,,,,,,,,,,0.0,1.0,1.0,0.0,1.0,0.0,1.0,1.0,1.0,0.0
5109,f93b7461f7882ff58,True,,,,,,,,,,1.0,1.0,1.0,1.0,0.13560390835442196,1.0,1.0,1.0,1.0,0.7298762213607568
5110,dc335a90fc3e97ef3,True,,,,,,,,,,1.0,1.0,1.0,1.0,0.9140177169753352,1.0,0.0,1.0,0.0,0.7231305365547922
5111,396a1f73f2332bb19,True,,,,,,,,,,0.5,0.0,0.0,1.0,0.4646009318990815,0.0,0.0,1.0,0.0,0.0
5112,4fe667077cf665671,True,,,,,,,,,,1.0,1.0,0.0,1.0,1.0,1.0,0.0,1.0,1.0,0.0
5113,d79599d25c9842625,True,,,,,,,,,,1.0,0.0,0.0,1.0,0.92151102679519,1.0,0.0,1.0,1.0,0.0
5114,22e34699b1bc71621,True,,,,,,,,,,1.0,1.0,1.0,1.0,0.34688319530847095,1.0,0.0,1.0,1.0,0.6709009985338972
5115,d917882ea2d51f02c,True,,,,,,,,,,1.0,1.0,0.5,1.0,0.546435308726609,1.0,0.0,1.0,1.0,0.36663051698853266
5116,f1e68724beef04f5c,True,,,,,,,,,,0.0,0.0,0.0,1.0,0.47824447911111717,0.0,0.0,1.0,0.0,0.0
5117,5e2acee998e20682e,True,,,,,,,,,,1.0,0.0,0.0,1.0,1.0,1.0,0.0,1.0,0.0,0.0
5118,07ec0b134ef32ae77,True,,,,,,,,,,1.0,0.0,1.0,1.0,1.0,1.0,1.0,1.0,1.0,0.0
5119,fafc51e87167a3031,True,,,,,,,,,,1.0,1.0,1.0,1.0,0.9693536459161055,1.0,1.0,1.0,1.0,0.990423014348783
5120,0409a56c40aabf66c,True,,,,,,,,,,1.0,1.0,1.0,1.0,0.0,1.0,0.0,1.0,1.0,0.5625
5121,bd4e6cf360c4e8c49,True,,,,,,,,,,1.0,0.0,1.0,1.0,0.6345385777453624,1.0,1.0,1.0,1.0,0.0
5122,6787e9f15b62de1b8,True,,,,,,,,,,0.5,1.0,1.0,1.0,1.0,0.0,1.0,1.0,1.0,0.34375
5123,da19f3b30489b58f8,True,,,,,,,,,,0.0,1.0,1.0,1.0,1.0,0.0,0.0,1.0,1.0,0.0
5124,8995bd04ab8959f6a,True,,,,,,,,,,0.0,0.0,0.0,1.0,1.0,0.0,0.0,1.0,1.0,0.0
5125,6ccefb14640c0647d,True,,,,,,,,,,1.0,0.0,0.0,1.0,0.5630249328596525,1.0,0.0,1.0,0.0,0.0
5126,1b3141d6d2c2b651a,True,,,,,,,,,,1.0,1.0,1.0,1.0,0.0,1.0,1.0,1.0,1.0,0.6875
5127,37744feedc918aa7b,True,,,,,,,,,,0.5,0.0,1.0,1.0,1.0,0.0,1.0,1.0,1.0,0.0
5128,439df93c525a5e285,True,,,,,,,,,,1.0,1.0,1.0,1.0,1.0,1.0,1.0,1.0,1.0,1.0
5129,89267c56db23f89c7,True,,,,,,,,,,0.0,0.0,0.0,1.0,1.0,0.0,0.0,1.0,0.0,0.0
5130,94b6ffabace38c36f,True,,,,,,,,,,1.0,1.0,1.0,1.0,0.052551598109717976,1.0,0.0,1.0,1.0,0.5789223744092868
5131,c07fcc57d1a2e1388,True,,,,,,,,,,1.0,0.0,0.5,1.0,0.36514775565394214,1.0,0.0,1.0,1.0,0.0
5132,ab729d3e912f125a5,True,,,,,,,,,,0.0,0.0,1.0,1.0,1.0,0.0,0.0,1.0,1.0,0.0
5133,49e16e57b4df60ee3,True,,,,,,,,,,1.0,0.0,1.0,1.0,0.6047165143545794,1.0,0.0,1.0,0.0,0.0
5134,cdc8eba66ee1c79b4,True,,,,,,,,,,1.0,1.0,1.0,0.0,1.0,1.0,1.0,1.0,1.0,0.0
5135,767b060ded3878908,True,,,,,,,,,,1.0,0.0,1.0,1.0,0.9375921084390764,1.0,0.0,1.0,1.0,0.0
5136,fbaef0dd45ccf2413,True,,,,,,,,,,1.0,0.0,0.5,1.0,0.48181494195485375,1.0,0.0,1.0,1.0,0.0
5137,30efc6f9cfe338bb8,True,,,,,,,,,,1.0,0.0,0.0,1.0,1.0,1.0,0.0,1.0,1.0,0.0
5138,acd2363307018e31e,True,,,,,,,,,,1.0,1.0,0.5,1.0,1.0,1.0,0.0,1.0,1.0,0.4375
5139,d66bc12e93857dd9a,True,,,,,,,,,,1.0,1.0,1.0,1.0,0.029977798826798165,1.0,1.0,1.0,1.0,0.6968680621333745
5140,c2e48998f58fcf229,True,,,,,,,,,,1.0,1.0,1.0,1.0,0.29719209527574897,1.0,1.0,1.0,1.0,0.7803725297736716
5141,4aa85cd3f686e016d,True,,,,,,,,,,1.0,1.0,1.0,1.0,0.08693739993231724,1.0,1.0,1.0,1.0,0.7146679374788492
5142,875f6c89666fde397,True,,,,,,,,,,1.0,1.0,1.0,1.0,0.7901359955322432,1.0,1.0,1.0,1.0,0.9344174986038261
5143,db5a03e690d9afcdb,True,,,,,,,,,,1.0,0.0,1.0,1.0,1.0,1.0,0.0,1.0,0.0,0.0
5144,36fe5d9f407c60a58,True,,,,,,,,,,1.0,0.0,0.5,1.0,0.602977614458123,1.0,0.0,1.0,1.0,0.0
5145,9450ae84450a77fc4,True,,,,,,,,,,1.0,1.0,1.0,1.0,0.7364374357410506,1.0,0.0,1.0,1.0,0.7926366986690783
5146,c30bd4dc602d95119,True,,,,,,,,,,1.0,0.0,1.0,1.0,0.6388693263826404,1.0,1.0,1.0,0.0,0.0
5147,5504db91fe0808550,True,,,,,,,,,,0.5,0.0,1.0,1.0,0.8344438813978636,0.0,0.0,1.0,1.0,0.0
5148,9e268b454b8ca07a1,True,,,,,,,,,,1.0,0.0,1.0,1.0,0.45297801582664404,1.0,1.0,1.0,1.0,0.0
5149,43759bd8769ab0e07,True,,,,,,,,,,1.0,1.0,1.0,1.0,1.0,1.0,1.0,1.0,1.0,1.0
5150,986788851f212ec8c,True,,,,,,,,,,1.0,0.0,1.0,1.0,0.4975562308393052,1.0,1.0,1.0,1.0,0.0
5151,7e63683bda8a632ba,True,,,,,,,,,,1.0,1.0,1.0,1.0,0.06671572125051395,1.0,1.0,1.0,1.0,0.7083486628907856
5152,63e4138abce599b86,True,,,,,,,,,,1.0,0.0,0.0,1.0,1.0,1.0,1.0,1.0,1.0,0.0
5153,887a22206566761ea,True,,,,,,,,,,1.0,1.0,1.0,1.0,0.14715599355042538,1.0,1.0,1.0,1.0,0.7334862479845079
5154,e774d1b87b07638c4,True,,,,,,,,,,1.0,1.0,1.0,1.0,0.8824252914844855,1.0,1.0,1.0,1.0,0.9632579035889017
5155,1048c5ca4a09af32d,True,,,,,,,,,,1.0,1.0,1.0,1.0,0.356948388974106,1.0,0.0,1.0,1.0,0.6740463715544082
5156,aad606c2d4cfea9a1,True,,,,,,,,,,1.0,0.0,1.0,1.0,0.4919963582337087,1.0,0.0,1.0,1.0,0.0
5157,b7b9067126836af21,True,,,,,,,,,,0.0,0.0,0.5,1.0,1.0,0.0,0.0,1.0,0.0,0.0
5158,ef863110f1ea79566,True,,,,,,,,,,0.0,1.0,1.0,1.0,1.0,0.0,0.0,1.0,1.0,0.0
5159,58529df281ddba3bc,True,,,,,,,,,,1.0,1.0,1.0,1.0,0.08162247491387915,1.0,1.0,1.0,1.0,0.7130070234105872
5160,36c78e1f966d78d1b,True,,,,,,,,,,1.0,1.0,1.0,1.0,0.053174212062260605,1.0,1.0,1.0,1.0,0.7041169412694565
5161,ce907a202ee6095c1,True,,,,,,,,,,1.0,1.0,1.0,1.0,0.16524604192179324,1.0,1.0,1.0,1.0,0.7391393881005603
5162,9c691b673576a2299,True,,,,,,,,,,1.0,1.0,1.0,1.0,0.0,1.0,1.0,1.0,1.0,0.6875
5163,d919319074b4ecfbf,True,,,,,,,,,,1.0,0.0,0.0,1.0,1.0,1.0,0.0,1.0,1.0,0.0
5164,19c21fee65a87c2d8,True,,,,,,,,,,1.0,0.0,0.5,1.0,0.44139001686711615,1.0,0.0,1.0,1.0,0.0
5165,e612d86c9121fd77b,True,,,,,,,,,,0.0,0.0,0.5,1.0,1.0,0.0,0.0,1.0,0.0,0.0
5166,9002fdd0eaf7d6a7a,True,,,,,,,,,,1.0,1.0,1.0,0.0,1.0,1.0,1.0,1.0,1.0,0.0
5167,2a2396b5db7435a5e,True,,,,,,,,,,1.0,0.0,0.0,1.0,1.0,1.0,0.0,1.0,1.0,0.0
5168,3108d12aec681dcb0,True,,,,,,,,,,1.0,1.0,1.0,1.0,0.09369478386810613,1.0,0.0,1.0,1.0,0.5917796199587831
5169,45cfb7971f2d2c984,True,,,,,,,,,,1.0,0.0,1.0,1.0,0.6453678907142238,1.0,1.0,1.0,1.0,0.0
5170,77591ae74db6e241c,True,,,,,,,,,,1.0,1.0,1.0,1.0,1.0,1.0,1.0,1.0,1.0,1.0
5171,829b5dca21edece70,True,,,,,,,,,,1.0,1.0,1.0,1.0,0.8451486162189425,1.0,1.0,1.0,1.0,0.9516089425684195
5172,2292f65aeeb91446d,True,,,,,,,,,,1.0,1.0,1.0,1.0,0.5830810922316307,1.0,1.0,1.0,1.0,0.8697128413223846
5173,970116f72225f9d8b,True,,,,,,,,,,1.0,0.0,0.5,1.0,0.5770271203636936,1.0,0.0,1.0,1.0,0.0
5174,a2578379ff901794e,True,,,,,,,,,,1.0,1.0,1.0,0.0,1.0,1.0,1.0,1.0,1.0,0.0
5175,e691defa66927f173,True,,,,,,,,,,1.0,1.0,1.0,1.0,0.226011528806736,1.0,0.0,1.0,1.0,0.633128602752105
5176,5dd439bda5bf2a988,True,,,,,,,,,,1.0,1.0,1.0,1.0,0.3650037340853976,1.0,1.0,1.0,1.0,0.8015636669016868
5177,8567f7439d7a4586e,True,,,,,,,,,,1.0,1.0,1.0,1.0,1.0,1.0,1.0,1.0,1.0,1.0
5178,881878cfae4ce9953,True,,,,,,,,,,1.0,0.0,0.5,1.0,0.6793811972331032,1.0,1.0,1.0,1.0,0.0
5179,dc76f297f95b90094,True,,,,,,,,,,0.0,0.0,0.0,1.0,0.8180549747638824,0.0,0.0,1.0,1.0,0.0
5180,4e61e52835cb5d3ef,True,,,,,,,,,,1.0,0.0,0.5,1.0,0.4384126044474077,1.0,0.0,1.0,0.0,0.0
5181,8e653e8d9b170a7dd,True,,,,,,,,,,1.0,1.0,0.0,1.0,0.9827328749184623,1.0,0.0,1.0,1.0,0.0
5182,43f9b9de05ede6a4d,True,,,,,,,,,,1.0,1.0,1.0,1.0,0.262471137115721,1.0,1.0,1.0,1.0,0.7695222303486629
5183,a9b1d16817d446b6e,True,,,,,,,,,,1.0,0.0,0.5,1.0,0.7596810693880739,1.0,1.0,1.0,1.0,0.0
5184,0dd2f5f325ca3c02e,True,,,,,,,,,,1.0,1.0,1.0,1.0,0.0,1.0,1.0,1.0,1.0,0.6875
5185,aa2d7b83ea2052e20,True,,,,,,,,,,1.0,1.0,0.0,1.0,0.9630299375418095,1.0,0.0,1.0,1.0,0.0
5186,79f1db0434b2c4330,True,,,,,,,,,,1.0,1.0,0.0,1.0,0.8091203949594212,1.0,0.0,1.0,1.0,0.0
5187,3ba190ee6bf34b836,True,,,,,,,,,,1.0,1.0,1.0,1.0,1.0,1.0,0.0,1.0,1.0,0.875
5188,6bdee3f4f4da685e0,True,,,,,,,,,,1.0,1.0,1.0,1.0,0.14484662578487836,1.0,0.0,1.0,1.0,0.6077645705577746
5189,c0c4cd4a0562039fc,True,,,,,,,,,,1.0,0.0,1.0,1.0,1.0,1.0,1.0,1.0,1.0,0.0
5190,e88bf694837e674f5,True,,,,,,,,,,1.0,1.0,0.0,1.0,1.0,1.0,0.0,1.0,1.0,0.0
5191,2a61f186fe92b261b,True,,,,,,,,,,0.0,1.0,0.0,1.0,1.0,0.0,0.0,1.0,1.0,0.0
5192,d9320fa5d2528afc4,True,,,,,,,,,,1.0,1.0,1.0,1.0,0.37387585319029604,1.0,1.0,1.0,1.0,0.8043362041219675
5193,191ccfaebd0211428,True,,,,,,,,,,1.0,0.0,0.0,1.0,1.0,1.0,0.0,1.0,0.0,0.0
5194,1e6bc8862dcc8e9e0,True,,,,,,,,,,1.0,0.0,0.0,1.0,0.7236823363185981,1.0,0.0,1.0,1.0,0.0
5195,a0b8747e5af0f2b1d,True,,,,,,,,,,1.0,0.0,1.0,1.0,1.0,1.0,1.0,1.0,0.0,0.0
5196,aedc0bf45f1840715,True,,,,,,,,,,1.0,1.0,0.5,1.0,0.27572214806440315,1.0,0.0,1.0,1.0,0.324331585635063
5197,83316d588a0204528,True,,,,,,,,,,1.0,1.0,1.0,1.0,1.0,1.0,0.0,1.0,1.0,0.875
5198,8c7b004d36c8af906,True,,,,,,,,,,1.0,0.0,1.0,1.0,0.57069187619138,1.0,1.0,1.0,1.0,0.0
5199,10935babd12d37a58,True,,,,,,,,,,1.0,1.0,1.0,1.0,0.29269584512313135,1.0,0.0,1.0,1.0,0.6539674516009786
5200,ebfcdb01551105c49,True,,,,,,,,,,0.0,0.0,1.0,0.0,1.0,0.0,1.0,1.0,1.0,0.0
5201,2bb929aa7298012be,True,,,,,,,,,,0.0,0.0,1.0,1.0,1.0,0.0,1.0,1.0,1.0,0.0
5202,60b75083635860a0a,True,,,,,,,,,,1.0,0.0,0.0,1.0,1.0,1.0,1.0,1.0,1.0,0.0
5203,1161a45a0921d7c8e,True,,,,,,,,,,1.0,1.0,0.5,1.0,0.593404385381211,1.0,0.0,1.0,1.0,0.3739694352158142
5204,322862242b452cccc,True,,,,,,,,,,1.0,0.0,1.0,1.0,0.09232953635581073,1.0,0.0,1.0,1.0,0.0
5205,78e83fee2e80cffb8,True,,,,,,,,,,1.0,1.0,1.0,1.0,0.002776286917000862,1.0,1.0,1.0,1.0,0.6883675896615628
5206,3c8a99a0db652a225,True,,,,,,,,,,0.0,1.0,0.5,1.0,1.0,0.0,1.0,1.0,0.0,0.0
5207,fb069de5c1aacc9f5,True,,,,,,,,,,1.0,1.0,1.0,1.0,0.12539213639316182,1.0,1.0,1.0,1.0,0.726685042622863
5208,b7560bcae0414e720,True,,,,,,,,,,1.0,0.0,1.0,1.0,1.0,1.0,1.0,1.0,1.0,0.0
5209,f25f0a0a5f68f4d90,True,,,,,,,,,,1.0,1.0,1.0,1.0,0.0,1.0,0.0,1.0,1.0,0.5625
5210,944867d5050b336ad,True,,,,,,,,,,1.0,0.0,0.5,1.0,1.0,1.0,0.0,1.0,1.0,0.0
5211,e829e9b1fb63a8774,True,,,,,,,,,,1.0,0.0,0.5,1.0,1.0,1.0,0.0,1.0,1.0,0.0
5212,88d4924ebb1940ca0,True,,,,,,,,,,1.0,1.0,1.0,1.0,0.15829850512504803,1.0,1.0,1.0,1.0,0.7369682828515776
5213,beee26fb5719cdfcb,True,,,,,,,,,,1.0,1.0,1.0,0.0,1.0,1.0,1.0,1.0,1.0,0.0
5214,67d0d1179730f6191,True,,,,,,,,,,1.0,0.0,0.5,1.0,1.0,1.0,1.0,1.0,1.0,0.0
5215,f878117d44bbeb817,True,,,,,,,,,,1.0,1.0,1.0,1.0,1.0,1.0,0.0,1.0,1.0,0.875
5216,655169c8955ef778b,True,,,,,,,,,,1.0,1.0,1.0,1.0,0.8756074501765928,1.0,1.0,1.0,1.0,0.9611273281801853
5217,15e2547cb8af6e312,True,,,,,,,,,,1.0,0.0,0.0,1.0,1.0,1.0,0.0,1.0,0.0,0.0
5218,f1e38b58130384157,True,,,,,,,,,,1.0,0.0,0.5,1.0,0.6681265585066135,1.0,0.0,1.0,1.0,0.0
5219,4ce31f5e37ac47b5f,True,,,,,,,,,,1.0,1.0,1.0,1.0,0.4728543182286028,1.0,1.0,1.0,1.0,0.8352669744464384
5220,9c40a73dcfa534ce7,True,,,,,,,,,,1.0,1.0,0.0,1.0,0.8466277381445272,1.0,0.0,1.0,1.0,0.0
5221,8f18f5e39ad7208bd,True,,,,,,,,,,1.0,1.0,1.0,1.0,0.9675189964952455,1.0,0.0,1.0,1.0,0.8648496864047642
5222,ed9b2e5da8e4697ad,True,,,,,,,,,,1.0,1.0,1.0,1.0,0.4729595473182559,1.0,0.0,1.0,1.0,0.710299858536955
5223,716f58dd76f073c78,True,,,,,,,,,,1.0,1.0,1.0,1.0,0.8298259589534188,1.0,0.0,1.0,1.0,0.8218206121729434
5224,59b413d34d6d4b46a,True,,,,,,,,,,1.0,1.0,0.0,1.0,1.0,1.0,0.0,1.0,0.0,0.0
5225,e717e9e58fcb1f253,True,,,,,,,,,,1.0,0.0,0.0,1.0,0.9029496125654376,1.0,0.0,1.0,1.0,0.0
5226,1cdaa96068632401f,True,,,,,,,,,,1.0,1.0,1.0,1.0,0.16339435151910406,1.0,1.0,1.0,1.0,0.7385607348497201
5227,3d093356af980da3c,True,,,,,,,,,,1.0,1.0,1.0,1.0,0.006102255678746423,1.0,1.0,1.0,1.0,0.6894069548996082
5228,effa3c121b26ed3b5,True,,,,,,,,,,1.0,1.0,1.0,1.0,1.0,1.0,1.0,1.0,1.0,1.0
5229,2048a65fec13c23d5,True,,,,,,,,,,1.0,1.0,1.0,1.0,0.20175303852024837,1.0,1.0,1.0,1.0,0.7505478245375776
5230,5e84fb24c3fbd2647,True,,,,,,,,,,0.0,0.0,0.5,1.0,1.0,0.0,1.0,1.0,0.0,0.0
5231,bf717edbbf1c0b8db,True,,,,,,,,,,0.0,1.0,0.0,1.0,1.0,1.0,1.0,1.0,0.0,0.0
5232,587695426dcca63ae,True,,,,,,,,,,1.0,1.0,1.0,1.0,0.0,1.0,1.0,1.0,1.0,0.6875
5233,c3f5f5f99bb34c5b9,True,,,,,,,,,,1.0,0.0,0.0,1.0,1.0,1.0,0.0,0.0,0.0,0.0
5234,644712e1f5b51074a,True,,,,,,,,,,1.0,0.0,1.0,1.0,0.3984229318765088,1.0,0.0,1.0,0.0,0.0
5235,1ab4af6d2763780c4,True,,,,,,,,,,1.0,1.0,1.0,1.0,0.2205038727111462,1.0,1.0,1.0,1.0,0.7564074602222332
5236,8a73882c047d96e3f,True,,,,,,,,,,1.0,1.0,1.0,1.0,0.03924732232751277,1.0,0.0,1.0,1.0,0.5747647882273477
5237,f60e4c60846b1a1da,True,,,,,,,,,,1.0,1.0,1.0,1.0,0.07984543370515797,1.0,1.0,1.0,1.0,0.7124516980328619
5238,a18d6dca51d1c96c6,True,,,,,,,,,,1.0,1.0,1.0,1.0,0.31473973310377107,1.0,0.0,1.0,1.0,0.6608561665949284
5239,ab4e7191ed67b8ea4,True,,,,,,,,,,1.0,1.0,1.0,1.0,0.0,1.0,1.0,1.0,0.0,0.5625
5240,d118da84ab5c39b69,True,,,,,,,,,,1.0,0.0,1.0,1.0,0.6590053121337783,1.0,0.0,1.0,1.0,0.0
5241,3f9875514c117cb50,True,,,,,,,,,,1.0,1.0,1.0,1.0,0.02561271708438385,1.0,1.0,1.0,0.0,0.57050397408887
5242,b20b0b76f7991c89b,True,,,,,,,,,,1.0,0.0,0.5,1.0,1.0,1.0,0.0,1.0,1.0,0.0
5243,230446b36041db9de,True,,,,,,,,,,1.0,0.0,1.0,1.0,1.0,1.0,0.0,1.0,1.0,0.0
5244,c7f0d1c6de80f0c15,True,,,,,,,,,,1.0,1.0,1.0,1.0,0.039291384014534504,1.0,1.0,1.0,1.0,0.6997785575045421
5245,e41845d0f5aba53e4,True,,,,,,,,,,0.0,1.0,1.0,1.0,1.0,0.0,0.0,1.0,1.0,0.0
5246,afee933aa0fe755d2,True,,,,,,,,,,1.0,0.0,0.0,1.0,1.0,1.0,0.0,1.0,1.0,0.0
5247,c02fa35875ea4e3e1,True,,,,,,,,,,1.0,1.0,1.0,1.0,0.11733068058047956,1.0,1.0,1.0,1.0,0.7241658376813999
5248,9e0e0c6fe70eeb1d8,True,,,,,,,,,,1.0,0.0,0.5,1.0,1.0,1.0,0.0,1.0,1.0,0.0
5249,fc2eb6e32259de9aa,True,,,,,,,,,,1.0,0.0,0.0,1.0,1.0,1.0,0.0,1.0,0.0,0.0
5250,fb84b929b3de63176,True,,,,,,,,,,1.0,1.0,1.0,1.0,0.13624881160768565,1.0,0.0,1.0,1.0,0.6050777536274018
5251,5d571e3d1a02ea00b,True,,,,,,,,,,1.0,0.0,0.0,1.0,1.0,1.0,0.0,1.0,1.0,0.0
5252,6eed9aba87a865c93,True,,,,,,,,,,1.0,1.0,1.0,1.0,1.0,1.0,0.0,1.0,1.0,0.875
5253,78e346fdbeb014770,True,,,,,,,,,,1.0,1.0,1.0,1.0,0.0,1.0,1.0,1.0,1.0,0.6875
5254,303bc627ceab22570,True,,,,,,,,,,0.0,0.0,0.0,1.0,1.0,0.0,0.0,1.0,1.0,0.0
5255,556038b758f3b54f6,True,,,,,,,,,,1.0,0.0,0.5,1.0,0.5258773861163524,1.0,0.0,1.0,0.0,0.0
5256,81c9c878090cea034,True,,,,,,,,,,1.0,1.0,1.0,1.0,0.003493422450008247,1.0,1.0,1.0,1.0,0.6885916945156276
5257,1464f6e11d5c8c6d9,True,,,,,,,,,,1.0,0.0,0.0,1.0,0.8673787204253368,1.0,0.0,1.0,1.0,0.0
5258,f10788e83a50fa0b2,True,,,,,,,,,,1.0,1.0,1.0,1.0,0.559559033450932,1.0,1.0,1.0,0.0,0.7373621979534163
5259,2886484dc5237f884,True,,,,,,,,,,1.0,1.0,1.0,1.0,0.013468760360830587,1.0,1.0,1.0,1.0,0.6917089876127596
5260,7feb07f9028c8bf62,True,,,,,,,,,,0.0,1.0,1.0,1.0,1.0,0.0,1.0,1.0,1.0,0.0
5261,37630795fa7fa1e51,True,,,,,,,,,,1.0,0.0,1.0,1.0,0.393663590083024,1.0,1.0,1.0,1.0,0.0
5262,45904686e63c2b9a3,True,,,,,,,,,,1.0,1.0,1.0,1.0,0.061334001458653864,1.0,1.0,1.0,1.0,0.7066668754558294
5263,0d922ca55b8036075,True,,,,,,,,,,1.0,1.0,1.0,1.0,0.3036014529805604,1.0,1.0,1.0,1.0,0.7823754540564252
5264,c92c8161fb36eab75,True,,,,,,,,,,1.0,1.0,1.0,1.0,0.05005866389007459,1.0,0.0,1.0,1.0,0.5781433324656483
5265,40fd4749fb6c9cd3a,True,,,,,,,,,,1.0,1.0,1.0,1.0,0.17737456418671985,1.0,1.0,1.0,1.0,0.7429295513083499
5266,cbef70f53373bf6bb,True,,,,,,,,,,1.0,1.0,1.0,1.0,0.4485211752135791,1.0,0.0,1.0,0.0,0.5776628672542434
5267,175f019927da9929a,True,,,,,,,,,,1.0,0.0,1.0,1.0,0.10294417810526797,1.0,1.0,1.0,0.0,0.0
5268,7ca5efbee05a576cf,True,,,,,,,,,,0.5,0.0,0.0,1.0,1.0,0.0,0.0,1.0,0.0,0.0
5269,8a8e36fc6f3133ab1,True,,,,,,,,,,1.0,1.0,1.0,1.0,0.30335738141029955,1.0,0.0,1.0,1.0,0.6572991816907185
5270,20120f09d1f74eb2c,True,,,,,,,,,,1.0,0.0,0.0,1.0,0.698259230399134,1.0,0.0,1.0,1.0,0.0
5271,972be27c6916c8ef1,True,,,,,,,,,,0.0,0.0,0.0,1.0,1.0,0.0,1.0,1.0,0.0,0.0
5272,ec14753ed2c513cef,True,,,,,,,,,,1.0,0.0,1.0,1.0,0.5382317142704083,1.0,1.0,1.0,1.0,0.0
5273,2f7d76aaf1c498bdf,True,,,,,,,,,,1.0,0.0,0.0,1.0,0.4102737020266987,1.0,1.0,1.0,1.0,0.0
5274,ad82260eea030954f,True,,,,,,,,,,1.0,1.0,1.0,1.0,0.647750672296248,1.0,1.0,1.0,0.0,0.7649220850925775
5275,2f25ad449c40ae04c,True,,,,,,,,,,0.0,0.0,1.0,1.0,1.0,0.0,0.0,1.0,1.0,0.0
5276,fe46394908bea81b9,True,,,,,,,,,,0.5,0.0,1.0,1.0,0.587303709825135,0.0,0.0,1.0,0.0,0.0
5277,0502403f486b71c32,True,,,,,,,,,,1.0,0.0,1.0,1.0,0.28059701542621956,1.0,0.0,1.0,1.0,0.0
5278,a31ca4af2bc4ff90a,True,,,,,,,,,,0.0,1.0,1.0,1.0,1.0,0.0,0.0,1.0,1.0,0.0
5279,e280063b53c411361,True,,,,,,,,,,0.0,0.0,0.5,1.0,1.0,0.0,0.0,1.0,1.0,0.0
5280,d015a262e6ee504bb,True,,,,,,,,,,0.0,1.0,1.0,1.0,1.0,0.0,0.0,1.0,1.0,0.0
5281,8966a0b08b0be94e9,True,,,,,,,,,,1.0,0.0,0.0,1.0,1.0,1.0,0.0,1.0,1.0,0.0
5282,ddb023146aa3ea8a6,True,,,,,,,,,,1.0,1.0,1.0,1.0,0.011619800084021307,1.0,1.0,1.0,1.0,0.6911311875262567
5283,f24aff9d7884c81d2,True,,,,,,,,,,1.0,0.0,0.5,1.0,1.0,1.0,1.0,1.0,0.0,0.0
5284,d34d8e1f656046bdd,True,,,,,,,,,,1.0,1.0,1.0,1.0,0.45403057824577464,1.0,0.0,1.0,1.0,0.7043845557018046
5285,610932681c4760e82,True,,,,,,,,,,1.0,1.0,1.0,1.0,0.5746449084536618,1.0,1.0,1.0,1.0,0.8670765338917693
5286,52c153c82d99556d6,True,,,,,,,,,,1.0,0.0,0.0,1.0,1.0,1.0,0.0,1.0,1.0,0.0
5287,3accc2d050327016d,True,,,,,,,,,,0.0,0.0,1.0,1.0,1.0,0.0,1.0,1.0,1.0,0.0
5288,501d21c67c2ddbdb0,True,,,,,,,,,,1.0,1.0,1.0,1.0,0.0,1.0,0.0,1.0,1.0,0.5625
5289,2f7b3c8c203e87c73,True,,,,,,,,,,0.0,0.0,0.0,1.0,1.0,0.0,0.0,1.0,1.0,0.0
5290,69968d73c74d053d8,True,,,,,,,,,,1.0,0.0,0.0,1.0,1.0,1.0,0.0,1.0,1.0,0.0
5291,8ea9dd3d247a8435f,True,,,,,,,,,,1.0,1.0,1.0,1.0,0.0,1.0,0.0,1.0,1.0,0.5625
5292,ba63d32eedc1457fd,True,,,,,,,,,,1.0,0.0,0.5,1.0,0.5359521403990978,1.0,0.0,1.0,1.0,0.0
5293,0f675cf0cf0417413,True,,,,,,,,,,0.0,0.0,0.0,1.0,1.0,0.0,0.0,1.0,0.0,0.0
5294,5d8640ad77a995a45,True,,,,,,,,,,1.0,1.0,1.0,1.0,0.0024847854846407787,1.0,1.0,1.0,1.0,0.6882764954639502
5295,710c63e733bb79b47,True,,,,,,,,,,1.0,0.0,0.0,1.0,0.8458807034384136,1.0,0.0,1.0,0.0,0.0
5296,08b3cebccffcada58,True,,,,,,,,,,1.0,0.0,1.0,1.0,1.0,1.0,1.0,1.0,1.0,0.0
5297,523e6115068b06a33,True,,,,,,,,,,1.0,0.0,0.5,1.0,0.8511034207295154,1.0,1.0,0.0,0.0,0.0
5298,557e221eea6bbdd42,True,,,,,,,,,,1.0,1.0,1.0,1.0,0.061047283602561266,1.0,1.0,1.0,1.0,0.7065772761258005
5299,b768b66003f09acc0,True,,,,,,,,,,1.0,0.0,1.0,1.0,0.20444303943153788,1.0,1.0,1.0,1.0,0.0
5300,fc8281af0699f4976,True,,,,,,,,,,1.0,1.0,1.0,1.0,0.1594729446965812,1.0,1.0,1.0,1.0,0.7373352952176816
5301,a1fc0c3eb1ef15aba,True,,,,,,,,,,1.0,0.0,0.0,1.0,1.0,1.0,0.0,1.0,0.0,0.0
5302,6949e44c974752c39,True,,,,,,,,,,1.0,1.0,1.0,1.0,0.6760585215270459,1.0,1.0,1.0,1.0,0.8987682879772019
5303,102f1115bc733e323,True,,,,,,,,,,1.0,1.0,1.0,1.0,0.08348871590238385,1.0,0.0,1.0,1.0,0.5885902237194949
5304,1b62d4e2468940ddb,True,,,,,,,,,,0.0,1.0,0.5,1.0,1.0,0.0,0.0,1.0,1.0,0.0
5305,cb891ab8f0c9f0ffc,True,,,,,,,,,,1.0,0.0,0.5,1.0,0.9779804273807229,1.0,0.0,1.0,1.0,0.0
5306,2385397b4291e7094,True,,,,,,,,,,1.0,1.0,1.0,1.0,0.4660693883953497,1.0,1.0,1.0,1.0,0.8331466838735468
5307,3cf1a7b9d21da00c2,True,,,,,,,,,,1.0,1.0,1.0,1.0,0.11037657005482926,1.0,0.0,1.0,1.0,0.5969926781421342
5308,1e15000d249448d21,True,,,,,,,,,,1.0,0.0,0.0,1.0,1.0,1.0,1.0,0.0,1.0,0.0
5309,637ff125ef04d0dae,True,,,,,,,,,,1.0,0.0,0.0,1.0,1.0,1.0,0.0,1.0,1.0,0.0
5310,3ff3a293385e2be07,True,,,,,,,,,,1.0,0.0,1.0,1.0,1.0,1.0,1.0,1.0,1.0,0.0
5311,78de0559e7e44a61a,True,,,,,,,,,,1.0,0.0,0.0,1.0,1.0,1.0,0.0,1.0,1.0,0.0
5312,18c7e56e43eebb62f,True,,,,,,,,,,1.0,0.0,0.0,1.0,0.0,1.0,0.0,0.0,0.0,0.0
5313,f35bd9cd53bff0ecd,True,,,,,,,,,,0.0,1.0,1.0,1.0,1.0,0.0,1.0,1.0,1.0,0.0
5314,4d65febaea8d3fd84,True,,,,,,,,,,1.0,1.0,1.0,1.0,0.22770092816697038,1.0,0.0,1.0,1.0,0.6336565400521783
5315,c73e5118fba3f9c3f,True,,,,,,,,,,1.0,1.0,0.5,1.0,0.5646599792412175,1.0,0.0,1.0,1.0,0.36947812175644024
5316,cdb408bfe8cbbd8b3,True,,,,,,,,,,0.5,0.0,0.0,1.0,0.4147671399482556,0.0,0.0,1.0,0.0,0.0
5317,98908f760ae1f8648,True,,,,,,,,,,0.0,1.0,1.0,1.0,1.0,0.0,0.0,1.0,0.0,0.0
5318,41efa8e340c6ec6b0,True,,,,,,,,,,0.5,0.0,1.0,1.0,1.0,0.0,1.0,1.0,1.0,0.0
5319,07675a8f705892e3b,True,,,,,,,,,,1.0,1.0,1.0,1.0,0.06701313743911537,1.0,1.0,1.0,1.0,0.7084416054497236
5320,bb1231abd88057215,True,,,,,,,,,,1.0,1.0,1.0,1.0,0.006354330716684571,1.0,0.0,1.0,1.0,0.5644857283489639
5321,fd0fe3e97024a208f,True,,,,,,,,,,0.0,0.0,1.0,1.0,1.0,0.0,0.0,1.0,1.0,0.0
5322,8ea949efbc2e4d9bf,True,,,,,,,,,,1.0,0.0,0.0,1.0,1.0,1.0,0.0,1.0,0.0,0.0
5323,77f94784109733a34,True,,,,,,,,,,1.0,1.0,1.0,1.0,0.24661733593137308,1.0,0.0,1.0,1.0,0.639567917478554
5324,4410c6e64d170360d,True,,,,,,,,,,1.0,0.0,0.5,1.0,1.0,1.0,0.0,1.0,1.0,0.0
5325,c1c2f041cb05320b6,True,,,,,,,,,,1.0,1.0,0.5,1.0,1.0,1.0,0.0,1.0,1.0,0.4375
5326,6dfe7ea162c45ba1d,True,,,,,,,,,,1.0,0.0,1.0,1.0,1.0,1.0,0.0,1.0,1.0,0.0
5327,81a1a5d071b2c2a11,True,,,,,,,,,,0.0,0.0,0.5,1.0,1.0,0.0,0.0,1.0,1.0,0.0
5328,c6d10cce20bba3c8f,True,,,,,,,,,,1.0,1.0,1.0,1.0,0.5604947909233013,1.0,1.0,1.0,1.0,0.8626546221635316
5329,f6c5e4b7769ddda20,True,,,,,,,,,,1.0,1.0,1.0,1.0,1.0,1.0,1.0,1.0,1.0,1.0
5330,2beda3235f74c6edb,True,,,,,,,,,,1.0,1.0,1.0,1.0,0.061476136925896326,1.0,0.0,1.0,1.0,0.5817112927893426
5331,92fd62b816fa1435c,True,,,,,,,,,,1.0,0.0,0.5,1.0,1.0,1.0,0.0,1.0,1.0,0.0
5332,cc641ddb31703cb06,True,,,,,,,,,,1.0,0.0,0.0,1.0,0.9263785578773698,1.0,0.0,1.0,1.0,0.0
5333,ca521b286f7fb606e,True,,,,,,,,,,0.0,0.0,0.0,1.0,1.0,0.0,0.0,1.0,0.0,0.0
5334,25e84823ff411a3c2,True,,,,,,,,,,0.0,0.0,1.0,1.0,0.36238646887053844,0.0,0.0,1.0,1.0,0.0
5335,a075eb4cf05c9e8a0,True,,,,,,,,,,1.0,0.0,0.0,1.0,1.0,1.0,0.0,1.0,1.0,0.0
5336,01123cb3db29c9287,True,,,,,,,,,,1.0,0.0,0.0,1.0,1.0,0.0,0.0,0.0,0.0,0.0
5337,7077621a398aa2bf0,True,,,,,,,,,,1.0,0.0,1.0,1.0,0.37367786948601867,1.0,1.0,1.0,1.0,0.0
5338,4fc9662f3c2a3bb75,True,,,,,,,,,,1.0,0.0,0.0,1.0,1.0,1.0,0.0,1.0,1.0,0.0
5339,6cc12f84e2df62aee,True,,,,,,,,,,1.0,1.0,1.0,1.0,0.41968750481584904,1.0,0.0,1.0,1.0,0.6936523452549528
5340,298d397ff94dd0eb4,True,,,,,,,,,,1.0,1.0,1.0,1.0,0.7408404092527704,1.0,0.0,1.0,1.0,0.7940126278914907
5341,9fb29e611c9f4f0e2,True,,,,,,,,,,0.5,0.0,0.0,1.0,0.5850291446855099,0.0,1.0,0.0,0.0,0.0
5342,fcba11bedf38fce20,True,,,,,,,,,,1.0,1.0,1.0,1.0,0.4954138844949816,1.0,1.0,1.0,1.0,0.8423168389046818
5343,07f4044fd390149ba,True,,,,,,,,,,1.0,1.0,1.0,1.0,1.0,1.0,0.0,1.0,1.0,0.875
5344,fdc9de263e1f28cd8,True,,,,,,,,,,0.0,1.0,1.0,1.0,1.0,0.0,1.0,1.0,1.0,0.0
5345,c6b07c5dde1ec90c2,True,,,,,,,,,,1.0,1.0,1.0,1.0,0.12201045170697469,1.0,0.0,1.0,1.0,0.6006282661584296
5346,b83cdd77a941b515d,True,,,,,,,,,,1.0,0.0,0.0,1.0,1.0,1.0,0.0,1.0,0.0,0.0
5347,d33fcf041654db4d0,True,,,,,,,,,,1.0,1.0,1.0,1.0,0.005339822554724838,1.0,0.0,1.0,1.0,0.5641686945483515
5348,14e4693cf0f1e04ff,True,,,,,,,,,,0.5,0.0,1.0,1.0,1.0,0.0,0.0,1.0,0.0,0.0
5349,6ecd877422fdf9247,True,,,,,,,,,,1.0,1.0,1.0,1.0,0.3280928033414675,1.0,1.0,1.0,1.0,0.7900290010442086
5350,fe36ce4fe80f5c45b,True,,,,,,,,,,1.0,1.0,1.0,1.0,0.6853964904606185,1.0,1.0,1.0,1.0,0.9016864032689433
5351,85dc9224d8159ff88,True,,,,,,,,,,1.0,0.0,0.0,1.0,0.7842346383458533,1.0,0.0,0.0,0.0,0.0
5352,321422cad3f85a6a3,True,,,,,,,,,,0.0,0.0,0.0,1.0,1.0,0.0,0.0,1.0,0.0,0.0
5353,946b593648412d83c,True,,,,,,,,,,1.0,1.0,1.0,1.0,1.0,1.0,1.0,1.0,1.0,1.0
5354,d99cd68c37ac3ad2c,True,,,,,,,,,,1.0,1.0,1.0,1.0,0.7810596043830542,1.0,0.0,1.0,1.0,0.8065811263697045
5355,2e5a54d80147f955d,True,,,,,,,,,,1.0,1.0,1.0,1.0,0.0,1.0,0.0,1.0,1.0,0.5625
5356,dcf0be9d22af78eca,True,,,,,,,,,,1.0,1.0,1.0,1.0,0.15126928405644272,1.0,1.0,1.0,1.0,0.7347716512676383
5357,62c7829548c7f7e94,True,,,,,,,,,,1.0,1.0,1.0,1.0,0.09791338888406885,1.0,0.0,1.0,1.0,0.5930979340262715
5358,1062c697adcf808eb,True,,,,,,,,,,1.0,1.0,1.0,1.0,0.13320779767746022,1.0,1.0,1.0,1.0,0.7291274367742063
5359,7b0ac799452a88ee3,True,,,,,,,,,,0.0,0.0,0.0,1.0,1.0,0.0,0.0,1.0,1.0,0.0
5360,ea1bac206caf8d18e,True,,,,,,,,,,1.0,1.0,1.0,1.0,0.20413773544975944,1.0,1.0,1.0,0.0,0.6262930423280498
5361,8f3bf4b1cb4be05f8,True,,,,,,,,,,0.0,1.0,0.0,1.0,1.0,0.0,0.0,1.0,1.0,0.0
5362,e18bfb53190f46707,True,,,,,,,,,,1.0,0.0,1.0,1.0,1.0,1.0,0.0,1.0,1.0,0.0
5363,7570ff2ee6471c7cc,True,,,,,,,,,,1.0,1.0,1.0,1.0,0.34353259355405413,1.0,0.0,1.0,1.0,0.6698539354856419
5364,802f2dcbc798db1bd,True,,,,,,,,,,1.0,0.0,0.0,1.0,1.0,1.0,0.0,1.0,0.0,0.0
5365,e0865c65b75b4c171,True,,,,,,,,,,1.0,1.0,1.0,1.0,0.017698342669809793,1.0,1.0,1.0,1.0,0.6930307320843155
5366,5e206e9ebf880f3f3,True,,,,,,,,,,1.0,0.0,0.5,1.0,0.9492483336834108,1.0,1.0,1.0,0.0,0.0
5367,aefb28d15c78ef21c,True,,,,,,,,,,0.0,0.0,1.0,1.0,1.0,0.0,1.0,0.0,0.0,0.0
5368,6c04df27e5264b20b,True,,,,,,,,,,1.0,1.0,1.0,1.0,1.0,1.0,1.0,1.0,1.0,1.0
5369,ceeb361872a012bd7,True,,,,,,,,,,0.0,0.0,0.0,1.0,0.9281219416174796,0.0,0.0,1.0,0.0,0.0
5370,3079c8b009170b052,True,,,,,,,,,,0.5,0.0,0.0,1.0,0.8063871001291371,0.0,0.0,1.0,1.0,0.0
5371,8d47793d9ca1f6778,True,,,,,,,,,,1.0,1.0,1.0,1.0,0.9136101979716558,1.0,1.0,1.0,1.0,0.9730031868661424
5372,85f94ff5a637ec2d5,True,,,,,,,,,,1.0,0.0,0.0,1.0,1.0,1.0,0.0,1.0,1.0,0.0
5373,0206d7321fb32894a,True,,,,,,,,,,1.0,0.0,1.0,1.0,0.4479598183873387,1.0,1.0,1.0,1.0,0.0
5374,5e652ec452f5c3eb4,True,,,,,,,,,,1.0,0.0,0.0,1.0,0.9056785581255076,1.0,0.0,1.0,1.0,0.0
5375,49f0f48e0fa4af03e,True,,,,,,,,,,0.5,0.0,0.5,1.0,1.0,0.0,0.0,1.0,1.0,0.0
5376,6546d47d2e83caab2,True,,,,,,,,,,1.0,0.0,0.5,1.0,1.0,1.0,0.0,1.0,0.0,0.0
5377,f4012a586df6289ed,True,,,,,,,,,,0.5,0.0,1.0,1.0,1.0,0.0,0.0,1.0,1.0,0.0
5378,e2a9d0b71a44f5df6,True,,,,,,,,,,1.0,1.0,1.0,1.0,0.12043969172090259,1.0,1.0,1.0,1.0,0.725137403662782
5379,f8632cecfa6bdd21f,True,,,,,,,,,,0.0,0.0,0.5,1.0,1.0,0.0,0.0,1.0,0.0,0.0
5380,cecd0fc5ce59cf0d6,True,,,,,,,,,,1.0,1.0,1.0,1.0,0.1013726102862365,1.0,0.0,1.0,1.0,0.5941789407144489
5381,e10827f1aaf62efb8,True,,,,,,,,,,1.0,1.0,1.0,1.0,0.0,1.0,1.0,1.0,1.0,0.6875
5382,6b7399dbbb307ddfb,True,,,,,,,,,,1.0,0.0,0.5,1.0,0.5000871628317122,1.0,1.0,1.0,1.0,0.0
5383,fd7d31b9e1dfb00e7,True,,,,,,,,,,1.0,0.0,0.0,1.0,0.8784413599857198,1.0,1.0,1.0,1.0,0.0
5384,cdccba86287f3bf1d,True,,,,,,,,,,1.0,1.0,1.0,1.0,1.0,1.0,0.0,1.0,1.0,0.875
5385,3029efd936ffc0d0d,True,,,,,,,,,,1.0,1.0,1.0,1.0,0.05631099007602045,1.0,1.0,1.0,1.0,0.7050971843987563
5386,64dbb32a1a6005581,True,,,,,,,,,,1.0,1.0,1.0,1.0,1.0,1.0,0.0,1.0,1.0,0.875
5387,85d790e9c5c2e7b7c,True,,,,,,,,,,1.0,1.0,1.0,1.0,0.0,1.0,0.0,1.0,1.0,0.5625
5388,e1181167f5c790340,True,,,,,,,,,,1.0,1.0,1.0,1.0,0.8136599844643515,1.0,0.0,1.0,1.0,0.8167687451451098
5389,20bf71807ad99d0aa,True,,,,,,,,,,0.0,0.0,0.5,1.0,1.0,0.0,0.0,1.0,1.0,0.0
5390,d1a972f7af648078b,True,,,,,,,,,,1.0,1.0,1.0,1.0,0.21422401298084656,1.0,1.0,1.0,1.0,0.7544450040565145
5391,a3159a9839e251bcb,True,,,,,,,,,,0.0,0.0,0.0,1.0,0.8874020689568903,0.0,0.0,1.0,1.0,0.0
5392,fd157e67d430fdab3,True,,,,,,,,,,0.0,0.0,0.5,1.0,1.0,0.0,1.0,1.0,0.0,0.0
5393,e6d32880a78e81ea9,True,,,,,,,,,,1.0,1.0,1.0,1.0,0.13751993608380933,1.0,0.0,1.0,1.0,0.6054749800261905
5394,bdd6ec1614649724b,True,,,,,,,,,,1.0,0.0,0.5,1.0,1.0,1.0,0.0,1.0,1.0,0.0
5395,ca0adf718f5972567,True,,,,,,,,,,1.0,0.0,0.0,1.0,0.7338554194801261,1.0,0.0,1.0,1.0,0.0
5396,88438c22da37ffc4f,True,,,,,,,,,,1.0,1.0,1.0,1.0,1.0,0.0,1.0,1.0,1.0,0.6875
5397,4a6cfd874f908500b,True,,,,,,,,,,1.0,0.0,0.0,1.0,0.7885659826360802,1.0,1.0,1.0,1.0,0.0
5398,a230273e8dabb271d,True,,,,,,,,,,1.0,1.0,1.0,1.0,1.0,1.0,0.0,1.0,1.0,0.875
5399,214aedc89904305ef,True,,,,,,,,,,1.0,1.0,1.0,1.0,1.0,1.0,1.0,1.0,1.0,1.0
5400,bd30767ff605ef96c,True,,,,,,,,,,1.0,1.0,1.0,1.0,1.0,1.0,0.0,1.0,1.0,0.875
5401,3e9cb5ec7e3c7d0e9,True,,,,,,,,,,1.0,0.0,0.0,1.0,1.0,1.0,0.0,1.0,1.0,0.0
5402,67aafbe3b9430e738,True,,,,,,,,,,0.0,1.0,1.0,1.0,1.0,0.0,1.0,1.0,1.0,0.0
5403,7fa72ac59f374d3ab,True,,,,,,,,,,0.0,1.0,1.0,1.0,1.0,0.0,1.0,1.0,1.0,0.0
5404,daa6b068709fe9531,True,,,,,,,,,,0.0,0.0,0.5,1.0,0.36202158506213716,0.0,1.0,1.0,0.0,0.0
5405,cfdd0359dacc8fea1,True,,,,,,,,,,0.0,1.0,1.0,1.0,0.4004527528214964,1.0,0.0,1.0,1.0,0.0
5406,ec7a65597cb09372c,True,,,,,,,,,,0.0,0.0,0.0,1.0,0.8192217550645201,0.0,0.0,1.0,1.0,0.0
5407,913e360242a39e667,True,,,,,,,,,,1.0,1.0,1.0,1.0,0.34104965114584473,1.0,1.0,1.0,1.0,0.7940780159830765
5408,e4cc46ea076c674d9,True,,,,,,,,,,1.0,1.0,1.0,1.0,0.09445621304065059,1.0,0.0,1.0,1.0,0.5920175665752033
5409,749ce2a3f7c56b638,True,,,,,,,,,,1.0,1.0,1.0,1.0,0.11672653547356471,1.0,1.0,1.0,1.0,0.723977042335489
5410,3b8ae7a448c0eb280,True,,,,,,,,,,0.0,0.0,0.0,1.0,1.0,0.0,1.0,1.0,1.0,0.0
5411,741792e4d3c065377,True,,,,,,,,,,1.0,0.0,0.5,1.0,0.4985236205645422,1.0,0.0,1.0,1.0,0.0
5412,e5d97a89c908ac563,True,,,,,,,,,,0.0,1.0,1.0,0.0,1.0,0.0,0.0,1.0,1.0,0.0
5413,19b05b1af3b23f887,True,,,,,,,,,,1.0,0.0,0.0,1.0,1.0,1.0,0.0,1.0,1.0,0.0
5414,5037003d98e7c77a2,True,,,,,,,,,,1.0,0.0,0.0,1.0,1.0,1.0,0.0,1.0,1.0,0.0
5415,c5fd0128d19316b03,True,,,,,,,,,,0.0,1.0,0.5,1.0,1.0,0.0,0.0,1.0,1.0,0.0
5416,951dde0b224c880bd,True,,,,,,,,,,1.0,1.0,1.0,1.0,0.1526319552639516,1.0,1.0,1.0,1.0,0.7351974860199848
5417,cfbef936343c3a937,True,,,,,,,,,,0.0,0.0,1.0,1.0,0.7868080820652197,0.0,0.0,1.0,1.0,0.0
5418,dae98f820d40b2d3d,True,,,,,,,,,,0.0,0.0,1.0,1.0,0.6622215774383087,0.0,0.0,1.0,1.0,0.0
5419,e837d678b75d5da6f,True,,,,,,,,,,1.0,1.0,1.0,1.0,0.11084321136325952,1.0,0.0,1.0,1.0,0.5971385035510186
5420,d06e479e4e59a2a44,True,,,,,,,,,,0.0,0.0,0.5,1.0,1.0,1.0,0.0,1.0,0.0,0.0
5421,7a67496152fb3bdcb,True,,,,,,,,,,1.0,1.0,1.0,1.0,0.011729076594415987,1.0,0.0,1.0,1.0,0.5661653364357551
5422,76a0cb9becd094e36,True,,,,,,,,,,1.0,0.0,0.0,1.0,0.8003119749261918,1.0,1.0,1.0,1.0,0.0
5423,b692c62651903c29f,True,,,,,,,,,,0.5,0.0,0.0,1.0,0.7175777355264326,1.0,1.0,1.0,1.0,0.0
5424,031e271f324d8fe95,True,,,,,,,,,,1.0,1.0,1.0,1.0,1.0,1.0,0.0,1.0,1.0,0.875
5425,8051fe3f500d43528,True,,,,,,,,,,0.5,0.0,0.0,1.0,0.8143722432678655,0.0,0.0,1.0,1.0,0.0
5426,581dff20c11d113e2,True,,,,,,,,,,1.0,1.0,1.0,1.0,0.977562346924329,1.0,1.0,1.0,1.0,0.9929882334138528
5427,2f676101d71e92b1b,True,,,,,,,,,,1.0,1.0,1.0,1.0,0.0,1.0,1.0,1.0,1.0,0.6875
5428,981dae0f5f7fb62f4,True,,,,,,,,,,1.0,0.0,0.0,1.0,1.0,1.0,0.0,1.0,1.0,0.0
5429,c598788caa8a8109f,True,,,,,,,,,,1.0,1.0,1.0,1.0,0.08396444274688328,1.0,1.0,1.0,1.0,0.713738888358401
5430,554118efec9ed40ce,True,,,,,,,,,,0.0,0.0,0.0,1.0,0.5888028681307039,0.0,0.0,1.0,0.0,0.0
5431,23e989fa30e56fb01,True,,,,,,,,,,0.0,1.0,1.0,0.0,1.0,0.0,0.0,1.0,1.0,0.0
5432,6d9888406276bc884,True,,,,,,,,,,1.0,1.0,1.0,1.0,0.008928700468962616,1.0,1.0,1.0,1.0,0.6902902188965508
5433,e85778ab78f702e4b,True,,,,,,,,,,1.0,0.0,1.0,1.0,1.0,1.0,1.0,1.0,1.0,0.0
5434,7c028a0e38d689322,True,,,,,,,,,,1.0,1.0,1.0,1.0,0.164609088112024,1.0,0.0,1.0,1.0,0.6139403400350075
5435,c99bfe933875f63e0,True,,,,,,,,,,1.0,0.0,0.0,1.0,0.9348847662717326,1.0,0.0,1.0,1.0,0.0
5436,08832f5c360f2e9d6,True,,,,,,,,,,0.5,0.0,1.0,1.0,1.0,0.0,1.0,1.0,1.0,0.0
5437,50035f9f546fb6074,True,,,,,,,,,,1.0,1.0,1.0,1.0,0.6038040374209139,1.0,0.0,1.0,1.0,0.7511887616940356
5438,def3a7e5b9515c6fb,True,,,,,,,,,,1.0,0.0,1.0,1.0,1.0,1.0,1.0,1.0,1.0,0.0
5439,13f2d7e9ace73e420,True,,,,,,,,,,1.0,0.0,1.0,1.0,1.0,1.0,0.0,1.0,0.0,0.0
5440,ddfce47695493c151,True,,,,,,,,,,1.0,0.0,1.0,1.0,1.0,1.0,0.0,1.0,1.0,0.0
5441,102d7c98065905ad0,True,,,,,,,,,,1.0,1.0,0.0,1.0,1.0,1.0,0.0,0.0,0.0,0.0
5442,0eea2180fbf7c0949,True,,,,,,,,,,1.0,1.0,1.0,1.0,0.034263698898587956,1.0,0.0,1.0,1.0,0.5732074059058088
5443,646aa5cbfd5f84a9e,True,,,,,,,,,,0.0,0.0,0.0,1.0,0.9281219416174796,0.0,0.0,1.0,0.0,0.0
5444,b0dc4287fbb069fd7,True,,,,,,,,,,1.0,1.0,1.0,1.0,0.0501718131149399,1.0,0.0,1.0,1.0,0.5781786915984187
5445,93f8dde94dbff4d7d,True,,,,,,,,,,1.0,1.0,1.0,1.0,0.0,1.0,1.0,1.0,1.0,0.6875
5446,12b8102851dec66e5,True,,,,,,,,,,1.0,1.0,1.0,1.0,0.006170661274012427,1.0,1.0,1.0,1.0,0.6894283316481289
5447,c966f12167e10d758,True,,,,,,,,,,1.0,1.0,1.0,1.0,0.9967764856548721,1.0,1.0,1.0,1.0,0.9989926517671475
5448,cabbf4a701b27f4f2,True,,,,,,,,,,1.0,0.0,0.0,1.0,1.0,1.0,0.0,1.0,1.0,0.0
5449,5634addd2134d1453,True,,,,,,,,,,1.0,1.0,1.0,1.0,0.0,1.0,0.0,1.0,1.0,0.5625
5450,40f8e0ab453bddbb1,True,,,,,,,,,,1.0,1.0,1.0,1.0,0.19125251017174014,1.0,0.0,1.0,1.0,0.6222664094286687
5451,d603eac1517a7fe9a,True,,,,,,,,,,0.0,0.0,0.0,1.0,0.6274509857932904,0.0,0.0,1.0,0.0,0.0
5452,3c4a076e3eb21f85e,True,,,,,,,,,,1.0,0.0,0.0,1.0,1.0,1.0,0.0,1.0,1.0,0.0
5453,81cd2035c0d6c6dbb,True,,,,,,,,,,1.0,0.0,0.0,1.0,1.0,1.0,0.0,1.0,0.0,0.0
5454,fc9d3ef48d94c0485,True,,,,,,,,,,1.0,1.0,1.0,1.0,0.051187288487567435,1.0,0.0,1.0,1.0,0.5784960276523649
5455,9afa1551ea25fbb00,True,,,,,,,,,,1.0,0.0,0.5,1.0,1.0,1.0,0.0,1.0,1.0,0.0
5456,7e6c6310177832aed,True,,,,,,,,,,1.0,1.0,1.0,1.0,0.2923531844710965,1.0,1.0,1.0,1.0,0.7788603701472177
5457,932b2f68de04adb10,True,,,,,,,,,,1.0,1.0,1.0,1.0,1.0,1.0,0.0,1.0,1.0,0.875
5458,9cef002202fcf25ea,True,,,,,,,,,,1.0,1.0,1.0,1.0,0.0,1.0,0.0,1.0,1.0,0.5625
5459,403fbd9b66d2c8d5f,True,,,,,,,,,,1.0,0.0,0.0,1.0,1.0,1.0,0.0,1.0,1.0,0.0
5460,28ee06f98b43e0a85,True,,,,,,,,,,1.0,1.0,1.0,1.0,0.5381450418759383,1.0,1.0,1.0,1.0,0.8556703255862307
5461,e472efc62c061addf,True,,,,,,,,,,1.0,0.0,0.5,1.0,0.9729688041730431,1.0,1.0,1.0,1.0,0.0
5462,445dc87ec088dd46a,True,,,,,,,,,,1.0,0.0,0.5,1.0,0.7441489044452139,1.0,1.0,1.0,1.0,0.0
5463,6df6f08cd7de3b69e,True,,,,,,,,,,1.0,1.0,1.0,1.0,0.27739590417908716,1.0,1.0,1.0,1.0,0.7741862200559647
5464,8d71beefa48cb91fb,True,,,,,,,,,,1.0,1.0,1.0,1.0,0.8692641374713302,0.0,1.0,1.0,1.0,0.6466450429597908
5465,ae40e2e1ac7bb59ef,True,,,,,,,,,,1.0,1.0,1.0,1.0,0.029577768995657054,1.0,1.0,1.0,1.0,0.6967430528111429
5466,23bbff1d97344d8cd,True,,,,,,,,,,1.0,0.0,0.0,1.0,0.1896088379932405,0.0,0.0,0.0,0.0,0.0
5467,a13664addc273bf0a,True,,,,,,,,,,1.0,0.0,1.0,1.0,0.3087621943961919,1.0,1.0,1.0,1.0,0.0
5468,dabeaa21a655424eb,True,,,,,,,,,,1.0,1.0,1.0,1.0,0.05224749321818233,1.0,1.0,1.0,1.0,0.703827341630682
5469,1ae5d174f7d867121,True,,,,,,,,,,1.0,1.0,1.0,1.0,0.0,1.0,1.0,1.0,1.0,0.6875
5470,3eb821b7811f5890d,True,,,,,,,,,,1.0,1.0,1.0,1.0,0.010883227721282364,1.0,0.0,1.0,1.0,0.5659010086629007
5471,7d08b706a7adba557,True,,,,,,,,,,1.0,1.0,1.0,1.0,0.7560497063852178,1.0,0.0,1.0,1.0,0.7987655332453806
5472,3504f8f8ec86e462f,True,,,,,,,,,,0.0,0.0,0.5,1.0,0.5239120375451802,0.0,0.0,1.0,1.0,0.0
5473,d43228a4743b49a37,True,,,,,,,,,,1.0,1.0,1.0,1.0,0.11490005869488822,1.0,1.0,1.0,1.0,0.7234062683421525
5474,8fa659be9812d12ac,True,,,,,,,,,,1.0,0.0,1.0,1.0,1.0,1.0,1.0,1.0,1.0,0.0
5475,2a9148d48b42cfd7e,True,,,,,,,,,,1.0,0.0,0.0,1.0,0.8983058368680009,1.0,0.0,1.0,1.0,0.0
5476,edcd482f0136b535d,True,,,,,,,,,,1.0,1.0,1.0,1.0,0.31276864578221264,1.0,0.0,1.0,1.0,0.6602402018069414
5477,4f77731642644b559,True,,,,,,,,,,1.0,1.0,1.0,1.0,0.09174877324112801,1.0,1.0,1.0,1.0,0.7161714916378525
5478,5ebd4357b2535cfa9,True,,,,,,,,,,1.0,0.0,0.0,1.0,1.0,1.0,0.0,1.0,1.0,0.0
5479,d7e2b5995b440ae0b,True,,,,,,,,,,1.0,1.0,1.0,1.0,1.0,1.0,1.0,1.0,1.0,1.0
5480,9862cd6616f18a7ed,True,,,,,,,,,,1.0,1.0,1.0,1.0,0.05243664704574541,1.0,1.0,1.0,1.0,0.7038864522017955
5481,95617d9c8d0165269,True,,,,,,,,,,1.0,0.0,0.0,1.0,0.667711810464999,1.0,1.0,1.0,0.0,0.0
5482,c1f2006b4745c21bc,True,,,,,,,,,,1.0,1.0,1.0,1.0,0.331928093249299,1.0,1.0,1.0,1.0,0.791227529140406
5483,c481b1ded8232fa61,True,,,,,,,,,,1.0,1.0,1.0,1.0,0.03822990698234012,1.0,1.0,1.0,1.0,0.6994468459319814
5484,12df8311d005ad619,True,,,,,,,,,,1.0,0.0,1.0,1.0,0.40543551594128363,1.0,1.0,1.0,1.0,0.0
5485,09175d9fa6fa3c5c2,True,,,,,,,,,,1.0,0.0,1.0,1.0,0.46028121542626976,1.0,0.0,1.0,1.0,0.0
5486,277e3887919b46cb1,True,,,,,,,,,,1.0,0.0,0.5,1.0,0.8673473188980393,1.0,0.0,1.0,1.0,0.0
5487,765b429e21230f949,True,,,,,,,,,,1.0,1.0,1.0,1.0,0.0,1.0,1.0,1.0,1.0,0.6875
5488,98fc31c7de325cbf0,True,,,,,,,,,,1.0,1.0,1.0,1.0,0.2398171819740499,1.0,1.0,1.0,1.0,0.7624428693668905
5489,5c732851fcda6c88c,True,,,,,,,,,,1.0,0.0,0.5,1.0,0.6448531903556465,1.0,0.0,1.0,1.0,0.0
5490,bd51b4ed9e85eff41,True,,,,,,,,,,0.0,1.0,1.0,1.0,1.0,0.0,0.0,1.0,0.0,0.0
5491,f95cca8cfa91db038,True,,,,,,,,,,0.0,0.0,0.0,1.0,1.0,0.0,0.0,1.0,0.0,0.0
5492,988fa96e564a80331,True,,,,,,,,,,1.0,0.0,0.0,1.0,0.7702134134417338,1.0,0.0,1.0,0.0,0.0
5493,fa04ce296f85923f0,True,,,,,,,,,,1.0,1.0,1.0,1.0,0.7798188029911545,1.0,1.0,1.0,1.0,0.9311933759347357
5494,3e2f29d51ba0c82c3,True,,,,,,,,,,1.0,1.0,1.0,1.0,0.04873463600083196,1.0,1.0,1.0,1.0,0.7027295737502599
5495,be4d95422b6b6e212,True,,,,,,,,,,1.0,1.0,1.0,1.0,0.34941009526820904,1.0,1.0,1.0,0.0,0.6716906547713153
5496,e035483e2731dcf6b,True,,,,,,,,,,1.0,0.0,0.5,1.0,1.0,1.0,0.0,1.0,1.0,0.0
5497,c9a4a1c914e8a249d,True,,,,,,,,,,1.0,0.0,0.0,1.0,1.0,1.0,0.0,1.0,1.0,0.0
5498,936b346e0cb941232,True,,,,,,,,,,1.0,1.0,1.0,1.0,0.25734215158846113,1.0,1.0,1.0,1.0,0.7679194223713941
5499,b22e723d346176e1f,True,,,,,,,,,,0.0,1.0,1.0,1.0,0.5115677796331336,0.0,0.0,1.0,0.0,0.0
5500,547ea2ddfb8be2f7c,True,,,,,,,,,,1.0,0.0,1.0,1.0,0.7428964044110925,0.0,0.0,1.0,1.0,0.0
5501,d0df486d88c5b89d4,True,,,,,,,,,,1.0,1.0,0.5,1.0,0.5052933507869934,1.0,0.0,1.0,0.0,0.2977020860604677
5502,0ab5cb8557d3b269d,True,,,,,,,,,,1.0,1.0,0.5,1.0,1.0,1.0,1.0,1.0,1.0,0.5
5503,7ab2fe1651beb3aae,True,,,,,,,,,,1.0,1.0,1.0,1.0,1.0,1.0,1.0,1.0,1.0,1.0
5504,99304f2615a52fab7,True,,,,,,,,,,1.0,1.0,0.5,1.0,1.0,1.0,0.0,1.0,1.0,0.4375
5505,e3e11c324948199da,True,,,,,,,,,,1.0,1.0,1.0,1.0,1.0,1.0,1.0,1.0,1.0,1.0
5506,65dbb955b70b6a26d,True,,,,,,,,,,1.0,1.0,1.0,1.0,0.3073725061495405,1.0,1.0,1.0,1.0,0.7835539081717314
5507,fb83d9aa77ed50be0,True,,,,,,,,,,1.0,0.0,1.0,1.0,1.0,1.0,1.0,1.0,1.0,0.0
5508,3a3ec856e77a7616a,True,,,,,,,,,,1.0,0.0,0.0,1.0,0.8724775754225675,1.0,1.0,1.0,1.0,0.0
5509,45429b4b5e82551ac,True,,,,,,,,,,1.0,1.0,1.0,1.0,1.0,1.0,1.0,1.0,1.0,1.0
5510,db81ab220d6667266,True,,,,,,,,,,1.0,1.0,1.0,1.0,0.0,0.0,0.0,1.0,1.0,0.25
5511,a56de10e58a3c3d6e,True,,,,,,,,,,0.0,0.0,1.0,1.0,1.0,0.0,1.0,1.0,1.0,0.0
5512,1c53209f745ee0b66,True,,,,,,,,,,1.0,1.0,1.0,1.0,0.9526366278903329,1.0,1.0,1.0,0.0,0.860198946215729
5513,7ee964bcd33d7480e,True,,,,,,,,,,1.0,0.0,0.5,1.0,0.6756539207022678,1.0,0.0,1.0,1.0,0.0
5514,8254112e33078afad,True,,,,,,,,,,0.0,1.0,1.0,1.0,0.9267057084780539,0.0,1.0,1.0,1.0,0.0
5515,adf39008de8774c39,True,,,,,,,,,,1.0,1.0,1.0,1.0,1.0,1.0,1.0,1.0,1.0,1.0
5516,140e7d68475dc3f63,True,,,,,,,,,,1.0,0.0,1.0,1.0,0.8215189914277388,1.0,1.0,1.0,1.0,0.0
5517,0c19c99a701794b8d,True,,,,,,,,,,1.0,0.0,1.0,1.0,1.0,1.0,1.0,1.0,1.0,0.0
5518,2fb8e40dec69f26c4,True,,,,,,,,,,1.0,0.0,0.0,1.0,1.0,1.0,0.0,1.0,1.0,0.0
5519,5ac7230087ab9e9cc,True,,,,,,,,,,1.0,0.0,0.0,1.0,1.0,1.0,0.0,1.0,1.0,0.0
5520,8ecb5a2059e8ef8ac,True,,,,,,,,,,0.0,1.0,0.5,1.0,1.0,0.0,0.0,1.0,0.0,0.0
5521,1d5df5d9b3e4a5b4e,True,,,,,,,,,,1.0,0.0,1.0,1.0,0.7550549545303339,1.0,1.0,1.0,1.0,0.0
5522,04de9b2eef6b71d6c,True,,,,,,,,,,1.0,1.0,0.0,1.0,0.8514184424951349,1.0,1.0,1.0,0.0,0.0
5523,997532ca2ca1c8c42,True,,,,,,,,,,1.0,1.0,1.0,1.0,0.07948805710190542,1.0,1.0,1.0,1.0,0.7123400178443454
5524,3994aa71c5443aea3,True,,,,,,,,,,1.0,1.0,1.0,1.0,0.9458585754457997,1.0,0.0,1.0,1.0,0.8580808048268124
5525,bd7d7120ca6491008,True,,,,,,,,,,1.0,1.0,1.0,1.0,1.0,1.0,1.0,1.0,1.0,1.0
5526,ccaf60b54f92a7260,True,,,,,,,,,,1.0,0.0,0.0,1.0,0.7629680173363041,1.0,0.0,1.0,1.0,0.0
5527,f38027c813030f619,True,,,,,,,,,,1.0,1.0,1.0,1.0,0.0,1.0,1.0,1.0,1.0,0.6875
5528,d6a8d396239dfefa0,True,,,,,,,,,,1.0,1.0,1.0,1.0,0.05419355467885485,1.0,1.0,1.0,1.0,0.7044354858371422
5529,49057fbf986facf33,True,,,,,,,,,,0.0,0.0,0.5,1.0,0.5406645818990149,0.0,0.0,1.0,1.0,0.0
5530,b1d448fe8d77559fd,True,,,,,,,,,,1.0,1.0,1.0,1.0,0.4552095382203535,1.0,1.0,1.0,1.0,0.8297529806938605
5531,92a6f3f0e526faa65,True,,,,,,,,,,1.0,0.0,0.0,1.0,0.7424787234356334,1.0,0.0,1.0,1.0,0.0
5532,2b357fcebd9642bfe,True,,,,,,,,,,1.0,0.0,1.0,1.0,1.0,1.0,0.0,1.0,0.0,0.0
5533,7cd1093d133170449,True,,,,,,,,,,1.0,0.0,0.0,1.0,1.0,1.0,0.0,1.0,1.0,0.0
5534,273762480ecf0bcd6,True,,,,,,,,,,1.0,1.0,1.0,1.0,0.0,1.0,0.0,1.0,1.0,0.5625
5535,8868a14471179c2a7,True,,,,,,,,,,0.0,1.0,0.0,1.0,1.0,0.0,0.0,1.0,1.0,0.0
5536,4db96dc771995ab32,True,,,,,,,,,,1.0,1.0,1.0,1.0,0.26533153403750176,1.0,0.0,1.0,1.0,0.6454161043867193
5537,71d45b383e1e50669,True,,,,,,,,,,1.0,1.0,1.0,1.0,0.012220412392464965,1.0,1.0,1.0,1.0,0.6913188788726453
5538,21473775434910bbe,True,,,,,,,,,,1.0,1.0,1.0,1.0,1.0,1.0,0.0,1.0,1.0,0.875
5539,11f2411e873c0fa28,True,,,,,,,,,,1.0,0.0,1.0,1.0,0.6996212996712728,1.0,0.0,1.0,1.0,0.0
5540,80b2e317f6ca277c9,True,,,,,,,,,,1.0,1.0,1.0,1.0,0.15218673805695787,1.0,0.0,1.0,1.0,0.6100583556427993
5541,69f612044609b63d1,True,,,,,,,,,,1.0,0.0,1.0,1.0,1.0,1.0,0.0,1.0,1.0,0.0
5542,a9beba0462c712f13,True,,,,,,,,,,1.0,1.0,1.0,1.0,0.22855204970823476,1.0,1.0,1.0,1.0,0.7589225155338234
5543,ca4b53e32b7f4aedf,True,,,,,,,,,,1.0,1.0,1.0,1.0,0.31313299479962925,1.0,0.0,1.0,1.0,0.6603540608748841
5544,af7c2f2eb8cc6b36d,True,,,,,,,,,,1.0,0.0,0.5,1.0,1.0,1.0,0.0,1.0,1.0,0.0
5545,5fa2d65d901225f48,True,,,,,,,,,,1.0,1.0,1.0,1.0,0.1333078917443849,1.0,1.0,1.0,1.0,0.7291587161701203
5546,b594f9ffaa680c514,True,,,,,,,,,,0.5,0.0,0.5,1.0,0.23423072628944064,0.0,0.0,1.0,0.0,0.0
5547,312967b0fb74d9524,True,,,,,,,,,,1.0,1.0,1.0,1.0,0.15416109510094606,1.0,1.0,1.0,1.0,0.7356753422190456
5548,32888a8d5ffa4cfa6,True,,,,,,,,,,1.0,1.0,1.0,0.0,1.0,1.0,1.0,1.0,1.0,0.0
5549,65d059ca1a57ebca1,True,,,,,,,,,,1.0,0.0,0.0,1.0,0.6823553041869619,1.0,0.0,1.0,1.0,0.0
5550,d07109d7827c6eace,True,,,,,,,,,,1.0,1.0,1.0,1.0,0.0,1.0,1.0,0.0,1.0,0.5625
5551,eaf95271513c8b2e5,True,,,,,,,,,,1.0,1.0,1.0,1.0,0.21279564264758954,1.0,1.0,1.0,1.0,0.7539986383273718
5552,0ce555951f9b6a445,True,,,,,,,,,,1.0,1.0,1.0,1.0,0.6173845258206901,1.0,1.0,1.0,1.0,0.8804326643189657
5553,068049348ed36eb6a,True,,,,,,,,,,1.0,1.0,1.0,1.0,0.0,1.0,1.0,1.0,1.0,0.6875
5554,49f60cc575589f36c,True,,,,,,,,,,1.0,1.0,0.0,1.0,0.8946084289075319,1.0,1.0,1.0,1.0,0.0
5555,4366160abaeabb363,True,,,,,,,,,,0.0,0.0,0.0,1.0,0.8250837522586953,0.0,0.0,1.0,0.0,0.0
5556,eb9e203aa49fcf83a,True,,,,,,,,,,1.0,1.0,1.0,1.0,1.0,1.0,0.0,1.0,1.0,0.875
5557,41c063fac49e3b5e2,True,,,,,,,,,,1.0,1.0,1.0,1.0,0.0,1.0,1.0,1.0,1.0,0.6875
5558,a20d11131b97593ab,True,,,,,,,,,,1.0,0.0,1.0,1.0,0.8414077356981544,1.0,1.0,1.0,0.0,0.0
5559,6947b69561a94404d,True,,,,,,,,,,1.0,0.0,0.0,1.0,1.0,1.0,0.0,1.0,1.0,0.0
5560,efd620a9103f0ef3f,True,,,,,,,,,,0.5,0.0,1.0,1.0,1.0,1.0,1.0,1.0,0.0,0.0
5561,d29fc0876909edc75,True,,,,,,,,,,1.0,1.0,1.0,1.0,0.29264184602478227,1.0,1.0,1.0,1.0,0.7789505768827445
5562,2796e0e0b71483121,True,,,,,,,,,,0.0,1.0,1.0,1.0,1.0,0.0,1.0,1.0,1.0,0.0
5563,a538a6acee46ef831,True,,,,,,,,,,1.0,0.0,0.0,1.0,0.9336761298996197,1.0,1.0,1.0,0.0,0.0
5564,8f22304866f36485f,True,,,,,,,,,,1.0,0.0,0.5,1.0,0.0,0.0,0.0,1.0,0.0,0.0
5565,d021a67c53a7865f3,True,,,,,,,,,,1.0,1.0,1.0,1.0,0.49827554448409717,1.0,0.0,1.0,1.0,0.7182111076512804
5566,2fde3a5e36412e1a9,True,,,,,,,,,,1.0,0.0,1.0,1.0,1.0,1.0,0.0,1.0,1.0,0.0
5567,a64fb9390dd8520e5,True,,,,,,,,,,0.0,1.0,1.0,1.0,1.0,0.0,0.0,1.0,1.0,0.0
5568,0ac03aaa52e160cd9,True,,,,,,,,,,1.0,0.0,1.0,1.0,0.2608717112597107,1.0,1.0,1.0,1.0,0.0
5569,c42f42235ba427d14,True,,,,,,,,,,1.0,0.0,1.0,1.0,0.35710881525058397,1.0,1.0,1.0,1.0,0.0
5570,74e23535d8622107d,True,,,,,,,,,,1.0,1.0,1.0,1.0,0.40322033122021306,1.0,1.0,1.0,1.0,0.8135063535063166
5571,427601a379941fcbc,True,,,,,,,,,,1.0,1.0,1.0,1.0,0.09573706714301075,1.0,1.0,1.0,1.0,0.7174178334821908
5572,71965da4aff01d13c,True,,,,,,,,,,1.0,0.0,0.5,1.0,0.7745520365906667,1.0,1.0,1.0,1.0,0.0
5573,11f7a7f38a5e98d20,True,,,,,,,,,,1.0,0.0,1.0,1.0,0.9204323556228187,1.0,1.0,1.0,1.0,0.0
5574,d44eb346043c78d47,True,,,,,,,,,,1.0,0.0,0.0,1.0,1.0,1.0,0.0,1.0,1.0,0.0
5575,78dcfe822980510bd,True,,,,,,,,,,0.0,0.0,1.0,1.0,1.0,0.0,1.0,1.0,0.0,0.0
5576,74ccd6443745d7a0a,True,,,,,,,,,,0.0,0.0,0.5,1.0,1.0,0.0,0.0,1.0,1.0,0.0
5577,9b219df65a0e3f22b,True,,,,,,,,,,0.0,0.0,0.0,1.0,1.0,0.0,0.0,1.0,1.0,0.0
5578,bc72fc9245a523440,True,,,,,,,,,,1.0,1.0,1.0,1.0,0.18645726491665582,1.0,0.0,1.0,1.0,0.6207678952864549
5579,355219fd5c589d7e5,True,,,,,,,,,,0.0,0.0,0.0,1.0,1.0,0.0,0.0,1.0,1.0,0.0
5580,e3a1602ce511b854c,True,,,,,,,,,,1.0,0.0,0.5,1.0,0.6220970458087725,1.0,0.0,1.0,1.0,0.0
5581,18f43a288ddc873cc,True,,,,,,,,,,1.0,1.0,1.0,1.0,0.0,1.0,1.0,1.0,1.0,0.6875
5582,45d88e7f92a4a9e74,True,,,,,,,,,,1.0,1.0,1.0,1.0,0.05667405209287238,1.0,1.0,1.0,1.0,0.7052106412790227
5583,03e37daebfce2fb65,True,,,,,,,,,,1.0,1.0,1.0,1.0,0.49589978625256825,1.0,1.0,1.0,1.0,0.8424686832039276
5584,48f968a3c272876d9,True,,,,,,,,,,1.0,1.0,1.0,1.0,0.0,1.0,1.0,1.0,1.0,0.6875
5585,fc618b0134a5e9634,True,,,,,,,,,,1.0,0.0,0.5,1.0,0.8336886440109555,1.0,1.0,1.0,1.0,0.0
5586,55e61bb960bd1bfcd,True,,,,,,,,,,0.0,0.0,0.0,1.0,0.7168769493444737,0.0,0.0,1.0,0.0,0.0
5587,e422b7a7bb9c41f95,True,,,,,,,,,,1.0,1.0,1.0,1.0,1.0,1.0,1.0,1.0,1.0,1.0
5588,e9a53fb1b01539d71,True,,,,,,,,,,1.0,1.0,1.0,1.0,0.3071158034086999,1.0,0.0,1.0,1.0,0.6584736885652187
5589,46ccc7e9752595671,True,,,,,,,,,,1.0,1.0,1.0,1.0,0.0,1.0,0.0,1.0,1.0,0.5625
5590,0062f66f0a168555e,True,,,,,,,,,,1.0,1.0,1.0,1.0,0.07160663242957291,1.0,1.0,1.0,1.0,0.7098770726342416
5591,02d32235a5a1497cc,True,,,,,,,,,,1.0,1.0,1.0,1.0,0.3082175935342642,1.0,0.0,1.0,1.0,0.6588179979794575
5592,38243f89c66ef146f,True,,,,,,,,,,1.0,1.0,1.0,1.0,0.0,1.0,1.0,1.0,1.0,0.6875
5593,6fad2bc43e18270d8,True,,,,,,,,,,0.5,0.0,1.0,1.0,0.8345014764381145,0.0,1.0,1.0,1.0,0.0
5594,caa48a6115952f402,True,,,,,,,,,,0.5,0.0,0.0,1.0,1.0,0.0,0.0,1.0,0.0,0.0
5595,bee9d6dc42a9d273c,True,,,,,,,,,,1.0,1.0,1.0,1.0,0.13183160710317587,1.0,1.0,1.0,1.0,0.7286973772197425
5596,3adb9fc78ee100b06,True,,,,,,,,,,1.0,0.0,1.0,1.0,1.0,1.0,0.0,1.0,1.0,0.0
5597,5808626bda0a920a5,True,,,,,,,,,,1.0,0.0,0.0,1.0,0.8916833345825149,1.0,0.0,1.0,1.0,0.0
5598,68bca311e7f195048,True,,,,,,,,,,1.0,1.0,1.0,1.0,0.5423295861695742,1.0,1.0,1.0,1.0,0.8569779956779919
5599,96cad6ca7a1cc6e43,True,,,,,,,,,,1.0,1.0,1.0,1.0,0.06189156957124245,1.0,1.0,1.0,1.0,0.7068411154910132
5600,3b82c1b1ab67f0c9a,True,,,,,,,,,,1.0,0.0,1.0,1.0,0.6369291371334275,1.0,0.0,1.0,1.0,0.0
5601,70204e1d928083e97,True,,,,,,,,,,1.0,0.0,1.0,1.0,0.3759448798227336,1.0,1.0,1.0,1.0,0.0
5602,aae1bf6255a96ecbe,True,,,,,,,,,,1.0,0.0,0.0,1.0,1.0,1.0,0.0,1.0,1.0,0.0
5603,4f4120c32c9c42c47,True,,,,,,,,,,1.0,1.0,1.0,1.0,0.5511676604448996,1.0,1.0,1.0,0.0,0.7347398938890312
5604,170cbe90db917432e,True,,,,,,,,,,1.0,1.0,1.0,1.0,0.8553800506219116,1.0,0.0,1.0,1.0,0.8298062658193474
5605,99e402b94de45b44b,True,,,,,,,,,,1.0,1.0,1.0,1.0,0.2549522283313582,1.0,1.0,1.0,1.0,0.7671725713535494
5606,014d40ca62123c161,True,,,,,,,,,,0.0,0.0,1.0,1.0,1.0,0.0,1.0,1.0,1.0,0.0
5607,dfaaf61d58472b476,True,,,,,,,,,,1.0,1.0,1.0,1.0,0.37843658191820845,1.0,1.0,1.0,1.0,0.8057614318494402
5608,9aaa6dbe1c4b11d07,True,,,,,,,,,,1.0,1.0,1.0,1.0,0.09556194184592488,1.0,1.0,1.0,1.0,0.7173631068268516
5609,d7df71a05797f5711,True,,,,,,,,,,1.0,1.0,1.0,1.0,0.0,1.0,0.0,1.0,1.0,0.5625
5610,8ddd0967554f03e92,True,,,,,,,,,,1.0,1.0,1.0,1.0,0.0,1.0,0.0,1.0,1.0,0.5625
5611,ecd4cf358c244bf21,True,,,,,,,,,,0.5,0.0,0.0,1.0,1.0,0.0,0.0,1.0,1.0,0.0
5612,fd163457fdae33b78,True,,,,,,,,,,1.0,0.0,0.5,1.0,1.0,1.0,0.0,1.0,0.0,0.0
5613,059699c7343bcc1bc,True,,,,,,,,,,1.0,0.0,0.0,1.0,0.8293624029506694,1.0,0.0,1.0,1.0,0.0
5614,0f4ea7fb12b00026d,True,,,,,,,,,,1.0,1.0,1.0,1.0,0.0,1.0,1.0,1.0,1.0,0.6875
5615,05eb9641b2003663e,True,,,,,,,,,,1.0,1.0,1.0,1.0,0.1136955388048546,1.0,1.0,1.0,1.0,0.7230298558765171
5616,9e0cc66836c767421,True,,,,,,,,,,1.0,1.0,0.5,1.0,1.0,1.0,1.0,1.0,1.0,0.5
5617,fa938137662435c29,True,,,,,,,,,,1.0,1.0,1.0,1.0,0.0,1.0,1.0,1.0,1.0,0.6875
5618,8f84117d4bb5c6f9b,True,,,,,,,,,,1.0,1.0,1.0,1.0,0.8982559899364987,1.0,1.0,1.0,1.0,0.9682049968551558
5619,80f0bde16c34c246a,True,,,,,,,,,,0.0,0.0,0.5,1.0,1.0,0.0,0.0,1.0,1.0,0.0
5620,b3af98bca187d3a52,True,,,,,,,,,,1.0,0.0,0.0,1.0,1.0,0.0,0.0,0.0,0.0,0.0
5621,5dfd054f0a5ff50d9,True,,,,,,,,,,0.0,0.0,0.0,1.0,1.0,0.0,0.0,1.0,1.0,0.0
5622,a368b8806368419d0,True,,,,,,,,,,1.0,0.0,0.0,1.0,1.0,1.0,0.0,1.0,1.0,0.0
5623,29ac6cd782f3052a8,True,,,,,,,,,,0.5,0.0,0.0,1.0,1.0,0.0,0.0,1.0,1.0,0.0
5624,b7e991a05053bf3b9,True,,,,,,,,,,1.0,0.0,0.0,1.0,1.0,1.0,0.0,1.0,1.0,0.0
5625,531e4c58eeca959a5,True,,,,,,,,,,1.0,1.0,1.0,1.0,0.12583711880781995,1.0,1.0,1.0,1.0,0.7268240996274438
5626,8540d07d75bf477e8,True,,,,,,,,,,0.0,1.0,1.0,1.0,0.9816311577800659,0.0,0.0,1.0,1.0,0.0
5627,2d56e1301f6cafa55,True,,,,,,,,,,0.0,1.0,1.0,1.0,1.0,0.0,1.0,1.0,1.0,0.0
5628,b1c87adfc82a52734,True,,,,,,,,,,1.0,1.0,1.0,1.0,1.0,1.0,0.0,1.0,0.0,0.75
5629,f2b84517dc455c03f,True,,,,,,,,,,1.0,1.0,1.0,1.0,0.5561616646324691,1.0,1.0,1.0,1.0,0.8613005201976466
5630,39cc92992ccc3244a,True,,,,,,,,,,1.0,0.0,0.0,1.0,1.0,1.0,0.0,1.0,1.0,0.0
5631,20a8cbfef6940983b,True,,,,,,,,,,1.0,1.0,1.0,1.0,0.048275023864800336,1.0,1.0,1.0,1.0,0.7025859449577501
5632,4b9efbcd44942d553,True,,,,,,,,,,1.0,1.0,1.0,1.0,0.0,1.0,1.0,1.0,1.0,0.6875
5633,17014286d867292ae,True,,,,,,,,,,1.0,1.0,1.0,1.0,0.0,1.0,1.0,1.0,1.0,0.6875
5634,83d2191f456a3fa85,True,,,,,,,,,,1.0,0.0,0.5,1.0,0.5219555685133489,1.0,0.0,1.0,1.0,0.0
5635,4d6386d3f9143b9e0,True,,,,,,,,,,1.0,0.0,0.5,1.0,1.0,1.0,0.0,1.0,1.0,0.0
5636,e26b9a326897c57c3,True,,,,,,,,,,1.0,0.0,0.5,1.0,0.44828882480793825,1.0,0.0,1.0,1.0,0.0
5637,32e366dcde5a1ff12,True,,,,,,,,,,1.0,1.0,1.0,1.0,0.9307204700415113,1.0,0.0,1.0,1.0,0.8533501468879723
5638,23a9805ef118f909c,True,,,,,,,,,,1.0,1.0,0.0,1.0,0.6280731367575304,1.0,0.0,1.0,1.0,0.0
5639,50efe42947fa108c7,True,,,,,,,,,,1.0,1.0,1.0,1.0,0.2793825649456613,1.0,1.0,1.0,0.0,0.6498070515455192
5640,25c09023519316f41,True,,,,,,,,,,1.0,0.0,0.0,1.0,1.0,1.0,0.0,1.0,1.0,0.0
5641,67df061cc3bf5fa44,True,,,,,,,,,,1.0,0.0,1.0,1.0,0.4390005919967127,1.0,1.0,1.0,1.0,0.0
5642,16a84f7e077130ca6,True,,,,,,,,,,1.0,0.0,0.0,1.0,1.0,1.0,0.0,1.0,1.0,0.0
5643,5fe5ada2e768e26b3,True,,,,,,,,,,0.0,1.0,1.0,1.0,1.0,0.0,0.0,1.0,1.0,0.0
5644,568447ab7f82a5918,True,,,,,,,,,,1.0,0.0,0.0,1.0,1.0,1.0,0.0,1.0,1.0,0.0
5645,d86953527b4e9a76d,True,,,,,,,,,,0.5,0.0,0.0,1.0,1.0,0.0,0.0,1.0,1.0,0.0
5646,4189825e20758be70,True,,,,,,,,,,1.0,1.0,1.0,1.0,0.15153124376933072,1.0,1.0,1.0,1.0,0.7348535136779158
5647,665d1799755e51e9a,True,,,,,,,,,,0.0,0.0,0.5,1.0,1.0,0.0,1.0,1.0,0.0,0.0
5648,ff530ac4388942e42,True,,,,,,,,,,1.0,0.0,0.5,1.0,0.9171566407408432,1.0,1.0,1.0,0.0,0.0
5649,1dc0a8f14dc973a72,True,,,,,,,,,,1.0,1.0,1.0,1.0,0.018663012856323852,1.0,1.0,1.0,1.0,0.6933321915176012
5650,f2d7c34919985c798,True,,,,,,,,,,0.0,0.0,1.0,1.0,1.0,0.0,1.0,1.0,1.0,0.0
5651,1ea8537ea6898e4e2,True,,,,,,,,,,1.0,1.0,1.0,1.0,0.719348443456687,1.0,0.0,1.0,1.0,0.7872963885802147
5652,c7eba674ea24ca81f,True,,,,,,,,,,0.0,0.0,0.0,1.0,1.0,0.0,0.0,1.0,1.0,0.0
5653,1e90f84f7e7bca603,True,,,,,,,,,,1.0,0.0,1.0,1.0,1.0,1.0,1.0,1.0,1.0,0.0
5654,e318affbd4be74ca2,True,,,,,,,,,,1.0,0.0,0.0,1.0,1.0,1.0,0.0,1.0,1.0,0.0
5655,6faa95e5cb1141518,True,,,,,,,,,,1.0,1.0,1.0,1.0,0.11454467916768116,1.0,0.0,1.0,1.0,0.5982952122399003
5656,10e6f976d1a03f693,True,,,,,,,,,,1.0,1.0,1.0,1.0,0.1829447563165178,1.0,1.0,1.0,1.0,0.7446702363489118
5657,4c8f99b2e4efaa034,True,,,,,,,,,,0.0,1.0,1.0,1.0,0.32541976085779967,1.0,0.0,1.0,1.0,0.0
5658,99f90a71ce3411a4f,True,,,,,,,,,,0.0,0.0,0.0,1.0,1.0,0.0,0.0,1.0,1.0,0.0
5659,8586a8b63a4fed64c,True,,,,,,,,,,1.0,0.0,0.0,1.0,1.0,0.0,0.0,1.0,0.0,0.0
5660,1b7254e27f1faae48,True,,,,,,,,,,0.0,1.0,1.0,1.0,1.0,0.0,0.0,1.0,1.0,0.0
5661,d18a444ba754870e9,True,,,,,,,,,,1.0,0.0,0.0,1.0,1.0,1.0,0.0,1.0,1.0,0.0
5662,d220a708760298c7f,True,,,,,,,,,,0.5,0.0,0.0,1.0,0.9299476656070704,0.0,0.0,1.0,1.0,0.0
5663,cde1512dfd75d52a2,True,,,,,,,,,,1.0,1.0,1.0,1.0,0.0,1.0,1.0,1.0,1.0,0.6875
5664,fde62db47c2545623,True,,,,,,,,,,1.0,0.0,0.5,1.0,0.6956875555940378,1.0,1.0,1.0,1.0,0.0
5665,fff9b31e14a7c9885,True,,,,,,,,,,1.0,1.0,1.0,1.0,0.0,1.0,0.0,1.0,1.0,0.5625
5666,241e6bedc6fcf2de4,True,,,,,,,,,,0.0,0.0,0.0,1.0,1.0,0.0,0.0,1.0,1.0,0.0
5667,2bf5a9368dfcf4f1a,True,,,,,,,,,,1.0,0.0,0.5,1.0,1.0,1.0,1.0,1.0,1.0,0.0
5668,385a771804ff89676,True,,,,,,,,,,0.5,0.0,0.0,1.0,0.9007272812496746,0.0,0.0,1.0,1.0,0.0
5669,59837e4159b9ac2a4,True,,,,,,,,,,0.0,0.0,1.0,1.0,0.5747619252173224,0.0,0.0,1.0,0.0,0.0
5670,b05df43ae389b79eb,True,,,,,,,,,,1.0,0.0,0.0,1.0,1.0,1.0,0.0,1.0,1.0,0.0
5671,b7f53c6ea01b7cbc9,True,,,,,,,,,,1.0,1.0,1.0,1.0,0.0,1.0,0.0,1.0,1.0,0.5625
5672,f643477a1fb277583,True,,,,,,,,,,0.0,0.0,1.0,1.0,0.8998888042544636,0.0,1.0,1.0,1.0,0.0
5673,aee13b42cfd66c8a3,True,,,,,,,,,,1.0,1.0,1.0,1.0,0.0,1.0,1.0,1.0,1.0,0.6875
5674,e53ada22df8520033,True,,,,,,,,,,1.0,1.0,1.0,1.0,0.18045793060083706,1.0,1.0,1.0,1.0,0.7438931033127616
5675,9cb5545908502a26c,True,,,,,,,,,,1.0,1.0,1.0,1.0,0.14008841068607963,1.0,1.0,1.0,1.0,0.7312776283393999
5676,e6338db1d83f3ba4e,True,,,,,,,,,,1.0,1.0,1.0,1.0,0.7323074395324047,1.0,1.0,1.0,1.0,0.9163460748538765
5677,e6d6645a3d41d9627,True,,,,,,,,,,1.0,1.0,1.0,1.0,1.0,1.0,1.0,1.0,1.0,1.0
5678,312963b5a180fcf28,True,,,,,,,,,,1.0,1.0,1.0,1.0,0.2980829738184555,1.0,0.0,1.0,1.0,0.6556509293182673
5679,7f0488639b20ae5c7,True,,,,,,,,,,1.0,0.0,1.0,1.0,1.0,1.0,0.0,1.0,1.0,0.0
5680,c71bdecb4c4eb5848,True,,,,,,,,,,1.0,1.0,1.0,1.0,0.009937134691334419,1.0,0.0,1.0,1.0,0.565605354591042
5681,3c66eb3d48ad162dc,True,,,,,,,,,,1.0,1.0,1.0,1.0,0.5473628752855498,1.0,1.0,1.0,1.0,0.8585508985267343
5682,ad6a7a2414e2a5ac3,True,,,,,,,,,,1.0,0.0,0.0,1.0,1.0,1.0,0.0,1.0,1.0,0.0
5683,ff2e7e48f5ee14950,True,,,,,,,,,,1.0,1.0,0.5,1.0,1.0,1.0,0.0,1.0,1.0,0.4375
5684,a480f952c0cac164f,True,,,,,,,,,,1.0,1.0,1.0,1.0,0.007175987898962114,1.0,1.0,1.0,1.0,0.6897424962184256
5685,ffa71fc1b5b55f4ea,True,,,,,,,,,,1.0,0.0,0.0,1.0,0.6357964292315526,0.0,0.0,1.0,0.0,0.0
5686,892680e2569238f20,True,,,,,,,,,,1.0,1.0,1.0,1.0,0.7785719698705525,1.0,0.0,1.0,1.0,0.8058037405845477
5687,7b34cc67f7a1ee247,True,,,,,,,,,,1.0,1.0,1.0,1.0,0.39607257705955146,1.0,0.0,1.0,1.0,0.6862726803311099
5688,b38c2b62761a1929d,True,,,,,,,,,,1.0,0.0,1.0,1.0,1.0,1.0,0.0,1.0,1.0,0.0
5689,989f4b8f1e6bddc26,True,,,,,,,,,,1.0,1.0,1.0,1.0,0.0,1.0,1.0,1.0,1.0,0.6875
5690,1045550ffaa740987,True,,,,,,,,,,0.0,1.0,0.5,1.0,0.7136009603003858,0.0,0.0,1.0,1.0,0.0
5691,d10399f19fe745cd8,True,,,,,,,,,,0.0,0.0,1.0,1.0,1.0,0.0,0.0,1.0,1.0,0.0
5692,3176ea282b5516214,True,,,,,,,,,,1.0,0.0,0.5,0.0,1.0,1.0,0.0,1.0,1.0,0.0
5693,db59121d7d601b04b,True,,,,,,,,,,0.0,0.0,1.0,1.0,1.0,0.0,1.0,1.0,1.0,0.0
5694,4011046e283cb0a28,True,,,,,,,,,,1.0,1.0,1.0,1.0,0.0016564945080914397,1.0,1.0,1.0,1.0,0.6880176545337786
5695,8ad941de7669cfce3,True,,,,,,,,,,0.0,1.0,1.0,1.0,1.0,0.0,0.0,1.0,1.0,0.0
5696,19762a72ff72dc0cd,True,,,,,,,,,,1.0,1.0,1.0,1.0,0.09918164906064537,1.0,1.0,1.0,1.0,0.7184942653314517
5697,78fdd992fa8acb334,True,,,,,,,,,,0.0,1.0,0.0,1.0,1.0,0.0,0.0,1.0,0.0,0.0
5698,dbc538d7bed435cad,True,,,,,,,,,,0.5,0.0,0.0,1.0,1.0,0.0,1.0,1.0,1.0,0.0
5699,8eddcff969b67fe18,True,,,,,,,,,,1.0,1.0,1.0,1.0,0.024439117124992086,1.0,1.0,1.0,1.0,0.6951372241015601
5700,13d12623bf8ef0e4f,True,,,,,,,,,,1.0,0.0,0.0,1.0,1.0,1.0,0.0,1.0,1.0,0.0
5701,85102a1c7b55bc154,True,,,,,,,,,,1.0,1.0,1.0,1.0,0.00893158955706204,1.0,1.0,1.0,1.0,0.6902911217365819
5702,48b2b4044e41f6e13,True,,,,,,,,,,1.0,1.0,1.0,1.0,0.013233485524234605,1.0,1.0,1.0,1.0,0.6916354642263234
5703,e1a0c043fd6b131e0,True,,,,,,,,,,1.0,1.0,1.0,1.0,0.025367743388719523,1.0,0.0,1.0,1.0,0.5704274198089748
5704,bfba18000f192b90d,True,,,,,,,,,,1.0,0.0,0.0,1.0,0.7046697894716637,1.0,0.0,1.0,0.0,0.0
5705,01ac04b9f18ecdbc6,True,,,,,,,,,,1.0,0.0,0.5,1.0,1.0,1.0,0.0,1.0,1.0,0.0
5706,deec5be8952223b5f,True,,,,,,,,,,1.0,0.0,0.0,1.0,0.6998747990912042,1.0,0.0,1.0,1.0,0.0
5707,30123728ead1b4804,True,,,,,,,,,,0.0,1.0,1.0,1.0,1.0,0.0,1.0,1.0,1.0,0.0
5708,c82ec728742abfe9a,True,,,,,,,,,,1.0,1.0,1.0,1.0,0.015608312050301974,1.0,1.0,1.0,1.0,0.6923775975157194
5709,69983915889fb6856,True,,,,,,,,,,1.0,1.0,1.0,1.0,0.2920352297718844,1.0,0.0,1.0,1.0,0.6537610093037138
5710,bccac7c12e34ccda7,True,,,,,,,,,,0.0,1.0,0.5,1.0,0.986497350279481,0.0,1.0,1.0,1.0,0.0
5711,ab0ba6120248926e3,True,,,,,,,,,,1.0,0.0,0.5,1.0,1.0,1.0,0.0,1.0,0.0,0.0
5712,56b4d54802fcfc9b1,True,,,,,,,,,,1.0,0.0,0.0,1.0,0.7918886035789794,1.0,0.0,1.0,1.0,0.0
5713,3791263c877ce2d77,True,,,,,,,,,,1.0,1.0,1.0,0.0,1.0,1.0,1.0,1.0,1.0,0.0
5714,f7608da692db5aeb1,True,,,,,,,,,,1.0,0.0,0.5,1.0,1.0,1.0,0.0,1.0,1.0,0.0
5715,e7892fb2f09de2723,True,,,,,,,,,,0.0,0.0,0.5,1.0,1.0,0.0,1.0,1.0,1.0,0.0
5716,2366b4156fa09a0bc,True,,,,,,,,,,1.0,1.0,0.5,1.0,1.0,1.0,0.0,1.0,1.0,0.4375
5717,352716976d8eac750,True,,,,,,,,,,1.0,1.0,1.0,1.0,0.33488812610629304,1.0,1.0,1.0,1.0,0.7921525394082165
5718,eb0047db76ca54d58,True,,,,,,,,,,1.0,1.0,1.0,1.0,0.7837846640012565,1.0,0.0,1.0,1.0,0.8074327075003926
5719,e6319072517f4b675,True,,,,,,,,,,1.0,1.0,1.0,1.0,0.0,1.0,1.0,1.0,1.0,0.6875
5720,0b2a6af7c94670346,True,,,,,,,,,,0.5,0.0,0.0,1.0,1.0,0.0,0.0,1.0,1.0,0.0
5721,c2d01510da5dcbb7b,True,,,,,,,,,,1.0,1.0,1.0,1.0,0.6687539875170015,1.0,1.0,1.0,1.0,0.896485621099063
5722,155a384f7f1dbf66b,True,,,,,,,,,,1.0,1.0,1.0,1.0,0.20755669100685128,1.0,1.0,1.0,1.0,0.752361465939641
5723,672d1f18c743523e4,True,,,,,,,,,,1.0,1.0,1.0,1.0,0.007931439998063127,1.0,0.0,1.0,1.0,0.5649785749993947
5724,feeaa6210f5b68928,True,,,,,,,,,,1.0,0.0,0.0,1.0,0.3136190844497232,1.0,0.0,1.0,1.0,0.0
5725,2fb3e2d50e23c577b,True,,,,,,,,,,1.0,1.0,1.0,1.0,0.013056250905254266,1.0,0.0,1.0,1.0,0.566580078407892
5726,1adb976dcfb852711,True,,,,,,,,,,1.0,1.0,1.0,1.0,0.16840843248044107,1.0,1.0,1.0,1.0,0.7401276351501378
5727,4a086bbf2e29537eb,True,,,,,,,,,,1.0,1.0,1.0,1.0,0.11197777962206996,1.0,1.0,1.0,1.0,0.7224930561318968
5728,891f0c38752897ee9,True,,,,,,,,,,1.0,1.0,0.0,1.0,1.0,1.0,0.0,1.0,1.0,0.0
5729,7b24f810cbd1a8c5a,True,,,,,,,,,,0.0,0.0,0.5,1.0,1.0,0.0,0.0,1.0,1.0,0.0
5730,3fa63924a53aacc9a,True,,,,,,,,,,1.0,1.0,1.0,1.0,0.19320269179590008,1.0,1.0,1.0,1.0,0.7478758411862187
5731,a1ff65c462fb19548,True,,,,,,,,,,1.0,1.0,0.5,1.0,1.0,1.0,1.0,1.0,1.0,0.5
5732,cf9851f86105d9f8c,True,,,,,,,,,,1.0,0.0,0.5,1.0,0.7263731061128367,1.0,0.0,1.0,0.0,0.0
5733,03a07d09ea9a5a563,True,,,,,,,,,,0.0,1.0,1.0,1.0,1.0,0.0,0.0,1.0,1.0,0.0
5734,82e64850661b77497,True,,,,,,,,,,0.0,0.0,0.0,1.0,1.0,0.0,0.0,1.0,0.0,0.0
5735,65340cec441efc0c2,True,,,,,,,,,,1.0,1.0,1.0,1.0,0.3232455002141891,1.0,1.0,1.0,1.0,0.7885142188169341
5736,530a28f5b73e11f66,True,,,,,,,,,,1.0,1.0,1.0,1.0,0.028817738207618647,1.0,1.0,1.0,1.0,0.6965055431898808
5737,73db1be2e0c010ac5,True,,,,,,,,,,0.0,0.0,0.0,1.0,1.0,0.0,0.0,1.0,0.0,0.0
5738,945b57db140235d1c,True,,,,,,,,,,1.0,0.0,0.5,1.0,1.0,1.0,0.0,1.0,0.0,0.0
5739,8c7844d1d621c907b,True,,,,,,,,,,1.0,1.0,1.0,1.0,0.7801216301285759,1.0,1.0,1.0,1.0,0.93128800941518
5740,c22f538fee4004aa6,True,,,,,,,,,,1.0,0.0,0.0,1.0,0.7216187959846787,1.0,0.0,1.0,0.0,0.0
5741,b24449179efd06cad,True,,,,,,,,,,1.0,0.0,1.0,1.0,0.4525134481205823,1.0,1.0,1.0,1.0,0.0
5742,55810b94ebcc0aaa3,True,,,,,,,,,,0.0,0.0,0.0,1.0,0.6224064084970775,0.0,0.0,1.0,0.0,0.0
5743,7b53b50d5b5c3a0e4,True,,,,,,,,,,1.0,1.0,1.0,1.0,0.28917062303687535,1.0,1.0,1.0,1.0,0.7778658196990236
5744,e3a9da177d10be28d,True,,,,,,,,,,1.0,0.0,0.5,1.0,1.0,1.0,0.0,1.0,0.0,0.0
5745,0323a93ef0ac2cb18,True,,,,,,,,,,0.0,0.0,0.0,1.0,1.0,0.0,0.0,1.0,0.0,0.0
5746,d83d3619e63d183d6,True,,,,,,,,,,0.0,0.0,0.0,1.0,1.0,0.0,1.0,1.0,1.0,0.0
5747,01898e4c2520a9400,True,,,,,,,,,,1.0,1.0,1.0,1.0,0.08444337218729746,1.0,1.0,0.0,1.0,0.5888885538085304
5748,a0dc275ea4b2b9c05,True,,,,,,,,,,1.0,1.0,1.0,1.0,1.0,1.0,1.0,1.0,0.0,0.875
5749,594f782a45aefdedc,True,,,,,,,,,,1.0,1.0,1.0,1.0,1.0,0.0,0.0,1.0,1.0,0.5625
5750,45cc427b1c222f829,True,,,,,,,,,,1.0,0.0,0.0,1.0,1.0,1.0,0.0,1.0,1.0,0.0
5751,2cb233c37065ae18d,True,,,,,,,,,,1.0,1.0,1.0,1.0,0.6564032214062205,1.0,0.0,1.0,0.0,0.6426260066894439
5752,a617218bc7b506fc1,True,,,,,,,,,,1.0,1.0,0.0,1.0,1.0,1.0,0.0,1.0,1.0,0.0
5753,b545597d491f4a96e,True,,,,,,,,,,1.0,1.0,1.0,1.0,0.45128990851635487,1.0,1.0,1.0,1.0,0.8285280964113608
5754,add2dc0d2d9ed03d5,True,,,,,,,,,,0.0,0.0,1.0,1.0,1.0,0.0,0.0,1.0,0.0,0.0
5755,cd454286dc0a75391,True,,,,,,,,,,1.0,1.0,1.0,1.0,1.0,1.0,1.0,1.0,1.0,1.0
5756,b6963168b66273c97,True,,,,,,,,,,1.0,0.0,1.0,1.0,0.7888639749541686,1.0,1.0,1.0,1.0,0.0
5757,ae529a342a5742720,True,,,,,,,,,,0.0,0.0,0.0,1.0,0.8238305439252391,0.0,0.0,1.0,1.0,0.0
5758,9225b4285de2f81d8,True,,,,,,,,,,1.0,1.0,1.0,1.0,1.0,1.0,1.0,1.0,1.0,1.0
5759,c0ae3c7041a387641,True,,,,,,,,,,1.0,0.0,0.5,1.0,1.0,1.0,1.0,1.0,1.0,0.0
5760,08bcd54c271622666,True,,,,,,,,,,1.0,0.0,0.5,1.0,0.5688556186313428,1.0,0.0,1.0,0.0,0.0
5761,e20ec0633fcd9af94,True,,,,,,,,,,1.0,0.0,1.0,1.0,0.458592978669702,1.0,0.0,1.0,1.0,0.0
5762,b9cbb58cb1e1b0dee,True,,,,,,,,,,1.0,1.0,1.0,1.0,0.19354213990566208,1.0,1.0,1.0,1.0,0.7479819187205194
5763,0d2f41b0b8ec0376a,True,,,,,,,,,,1.0,1.0,1.0,1.0,0.0,1.0,0.0,1.0,1.0,0.5625
5764,80d068bd845098002,True,,,,,,,,,,1.0,1.0,1.0,1.0,0.0,1.0,1.0,1.0,1.0,0.6875
5765,5f53c45bd71589e3f,True,,,,,,,,,,1.0,1.0,1.0,1.0,0.3490372213325388,1.0,0.0,1.0,1.0,0.6715741316664183
5766,6333f19e87ad08122,True,,,,,,,,,,0.0,1.0,1.0,1.0,1.0,0.0,1.0,1.0,1.0,0.0
5767,dd0951850bdae5fd8,True,,,,,,,,,,1.0,0.0,0.5,1.0,0.5699910241891386,1.0,1.0,0.0,0.0,0.0
5768,b13e0235a1932348c,True,,,,,,,,,,1.0,1.0,1.0,1.0,0.3153344338406975,1.0,0.0,1.0,1.0,0.6610420105752179
5769,6a64e3a4f1172e34a,True,,,,,,,,,,1.0,0.0,1.0,1.0,1.0,1.0,0.0,1.0,1.0,0.0
5770,382721ffdbe71cadc,True,,,,,,,,,,1.0,1.0,1.0,1.0,0.6305174078933156,1.0,1.0,1.0,1.0,0.8845366899666611
5771,1b905261d3f70d1f0,True,,,,,,,,,,1.0,1.0,1.0,1.0,0.04209749294333941,1.0,1.0,1.0,1.0,0.7006554665447935
5772,4bdf97e7a68a220e2,True,,,,,,,,,,1.0,1.0,1.0,1.0,0.9347003949118712,1.0,0.0,1.0,1.0,0.8545938734099597
5773,805995afc5d305912,True,,,,,,,,,,0.0,0.0,0.5,1.0,1.0,0.0,0.0,1.0,1.0,0.0
5774,e1cc25220fa30adcd,True,,,,,,,,,,1.0,1.0,1.0,1.0,0.0,1.0,1.0,1.0,1.0,0.6875
5775,552b5ed253cfd2ed4,True,,,,,,,,,,1.0,1.0,1.0,1.0,0.7498299982875851,1.0,0.0,1.0,1.0,0.7968218744648703
5776,119f45080f686caca,True,,,,,,,,,,1.0,1.0,1.0,1.0,0.0,1.0,1.0,1.0,1.0,0.6875
5777,d3738c5a4d7530837,True,,,,,,,,,,1.0,0.0,1.0,1.0,0.19340125188382118,1.0,1.0,1.0,1.0,0.0
5778,e2d4c33530eaef8bf,True,,,,,,,,,,1.0,0.0,0.5,1.0,0.7734479877705005,1.0,1.0,1.0,1.0,0.0
5779,2f1499aa1461b6ec6,True,,,,,,,,,,1.0,0.0,0.0,1.0,1.0,1.0,0.0,1.0,0.0,0.0
5780,2db08d812a386295d,True,,,,,,,,,,1.0,0.0,1.0,1.0,1.0,1.0,1.0,1.0,1.0,0.0
5781,e544f94267510bde0,True,,,,,,,,,,1.0,0.0,0.5,1.0,1.0,1.0,0.0,1.0,0.0,0.0
5782,9ce594d7aea2ad542,True,,,,,,,,,,1.0,1.0,1.0,1.0,0.0,1.0,1.0,1.0,1.0,0.6875
5783,9453a01b26e5f5079,True,,,,,,,,,,1.0,1.0,1.0,1.0,0.0,1.0,1.0,1.0,1.0,0.6875
5784,e2c6d877481b28f7e,True,,,,,,,,,,0.0,0.0,0.0,1.0,1.0,0.0,0.0,1.0,0.0,0.0
5785,234e963b7ceee8f00,True,,,,,,,,,,1.0,1.0,1.0,1.0,0.9863566944617865,1.0,1.0,1.0,1.0,0.9957364670193083
5786,646863c254a0a7a48,True,,,,,,,,,,1.0,0.0,0.0,1.0,0.8065595896471938,1.0,0.0,1.0,1.0,0.0
5787,6f13146a94fc09b32,True,,,,,,,,,,1.0,1.0,0.5,1.0,0.7024968761315543,1.0,0.0,1.0,0.0,0.32851513689555534
5788,5b11f358da127ff72,True,,,,,,,,,,1.0,0.0,0.0,1.0,1.0,1.0,0.0,1.0,1.0,0.0
5789,648027b9205dc7650,True,,,,,,,,,,1.0,0.0,0.0,1.0,1.0,1.0,0.0,1.0,1.0,0.0
5790,02cf44d6c32b48bea,True,,,,,,,,,,1.0,1.0,0.5,1.0,0.1957743758802024,1.0,0.0,0.0,0.0,0.18683974623128163
5791,fc4ca8b0a98a8fade,True,,,,,,,,,,0.0,0.0,0.5,0.0,1.0,0.0,1.0,1.0,1.0,0.0
5792,d3163ef07eaf8014c,True,,,,,,,,,,1.0,0.0,1.0,1.0,0.4923834958247879,1.0,1.0,1.0,0.0,0.0
5793,6e89fe515e3ad5428,True,,,,,,,,,,1.0,1.0,1.0,1.0,0.17312147627370614,1.0,1.0,1.0,1.0,0.7416004613355331
5794,2f23bb5e69f8c5120,True,,,,,,,,,,1.0,1.0,0.5,1.0,1.0,1.0,0.0,1.0,1.0,0.4375
5795,0f705d42ea20356f6,True,,,,,,,,,,1.0,1.0,1.0,1.0,1.0,1.0,1.0,1.0,1.0,1.0
5796,0f08a0aac0d912459,True,,,,,,,,,,1.0,0.0,0.0,1.0,0.951098674990186,1.0,0.0,1.0,1.0,0.0
5797,9ce715dfae40ca8c0,True,,,,,,,,,,0.5,0.0,0.0,1.0,0.8829081206126927,0.0,0.0,1.0,1.0,0.0
5798,02d45c7622ee47f85,True,,,,,,,,,,1.0,0.0,0.0,1.0,1.0,1.0,0.0,1.0,1.0,0.0
5799,522ec458b8ed55662,True,,,,,,,,,,1.0,1.0,1.0,1.0,0.4588443979322609,1.0,0.0,1.0,1.0,0.7058888743538315
5800,b0c4ee557f41b780c,True,,,,,,,,,,1.0,1.0,1.0,1.0,0.12341359975449571,1.0,1.0,1.0,1.0,0.7260667499232799
5801,c525c6d635eb5f316,True,,,,,,,,,,1.0,0.0,1.0,1.0,0.7900524753019554,1.0,1.0,1.0,0.0,0.0
5802,7c1dac6894ccd6151,True,,,,,,,,,,0.0,1.0,1.0,1.0,1.0,0.0,0.0,1.0,1.0,0.0
5803,a07db051c3599a582,True,,,,,,,,,,1.0,1.0,1.0,1.0,0.031060423885128016,1.0,0.0,1.0,1.0,0.5722063824641025
5804,bd52a44e8dce6c6d8,True,,,,,,,,,,1.0,1.0,1.0,1.0,1.0,1.0,0.0,1.0,1.0,0.875
5805,f6817999b4946e35c,True,,,,,,,,,,1.0,1.0,1.0,1.0,1.0,1.0,1.0,1.0,1.0,1.0
5806,087f962c16ba01a4c,True,,,,,,,,,,1.0,1.0,1.0,1.0,0.1947994771125488,1.0,0.0,1.0,1.0,0.6233748365976715
5807,1f4df83dd9414d0c4,True,,,,,,,,,,1.0,1.0,0.0,1.0,0.8247763443522338,1.0,0.0,1.0,1.0,0.0
5808,d5b310b71bd0dd6fd,True,,,,,,,,,,1.0,1.0,1.0,1.0,0.37754602072428733,1.0,0.0,1.0,1.0,0.6804831314763398
5809,e1f0dcd38a9ec2523,True,,,,,,,,,,0.0,0.0,0.0,1.0,1.0,0.0,0.0,1.0,1.0,0.0
5810,29a8fd6439b689c2f,True,,,,,,,,,,1.0,1.0,0.0,1.0,0.49293445148878967,1.0,0.0,1.0,1.0,0.0
5811,b692dc44c9a90c1e2,True,,,,,,,,,,1.0,0.0,1.0,1.0,0.6622672706195181,1.0,0.0,1.0,1.0,0.0
5812,f0f7f3ed13da5cccf,True,,,,,,,,,,0.0,1.0,1.0,1.0,1.0,0.0,0.0,1.0,1.0,0.0
5813,bfc933fd0598219c3,True,,,,,,,,,,1.0,0.0,0.0,1.0,1.0,1.0,0.0,1.0,1.0,0.0
5814,fc3f449099625878e,True,,,,,,,,,,1.0,1.0,1.0,1.0,0.22748596616882846,1.0,0.0,1.0,1.0,0.6335893644277589
5815,1875ccbefe8233a69,True,,,,,,,,,,1.0,0.0,1.0,1.0,0.562896563036117,1.0,1.0,1.0,1.0,0.0
5816,35f03ec2d26d4c3df,True,,,,,,,,,,0.0,0.0,0.0,1.0,1.0,0.0,0.0,1.0,1.0,0.0
5817,894ee0eaafbdc05e5,True,,,,,,,,,,1.0,0.0,0.0,1.0,1.0,0.0,1.0,1.0,1.0,0.0
5818,d0add012a511855fa,True,,,,,,,,,,1.0,1.0,1.0,1.0,0.5529780448014057,1.0,1.0,1.0,0.0,0.7353056390004393
5819,28c1180e271272d18,True,,,,,,,,,,1.0,0.0,1.0,1.0,1.0,1.0,1.0,1.0,1.0,0.0
5820,886484d2bedf04b15,True,,,,,,,,,,1.0,1.0,1.0,1.0,0.001866983790366178,1.0,1.0,1.0,1.0,0.6880834324344894
5821,6e261442656fe6159,True,,,,,,,,,,1.0,0.0,0.5,1.0,0.5252919764062399,1.0,1.0,1.0,1.0,0.0
5822,e576f1ec67be1cbd0,True,,,,,,,,,,1.0,0.0,1.0,1.0,0.8377439920092667,1.0,0.0,1.0,1.0,0.0
5823,d8696cab0b29dcbba,True,,,,,,,,,,1.0,1.0,0.5,1.0,0.38205932100118867,1.0,0.0,1.0,1.0,0.3409467689064357
5824,991eb7f9b9b5d6f2f,True,,,,,,,,,,0.0,1.0,1.0,1.0,1.0,0.0,0.0,1.0,1.0,0.0
5825,8c918377b8ed3a5b1,True,,,,,,,,,,0.0,0.0,0.0,1.0,0.6286967506892814,0.0,0.0,1.0,0.0,0.0
5826,f8ca67d21e119b990,True,,,,,,,,,,1.0,1.0,1.0,1.0,1.0,1.0,0.0,1.0,1.0,0.875
5827,4e0a366def21f29ed,True,,,,,,,,,,1.0,1.0,1.0,1.0,0.34617605030706977,1.0,1.0,1.0,1.0,0.7956800157209594
5828,96162a63802df3c29,True,,,,,,,,,,1.0,1.0,1.0,1.0,0.49708546359929556,1.0,1.0,1.0,1.0,0.8428392073747799
5829,2c0f4b65d27645882,True,,,,,,,,,,0.0,0.0,0.0,1.0,1.0,0.0,1.0,1.0,1.0,0.0
5830,ff555d2dfbada57ed,True,,,,,,,,,,1.0,0.0,0.0,1.0,1.0,1.0,0.0,1.0,1.0,0.0
5831,9a21c94093757379d,True,,,,,,,,,,1.0,1.0,1.0,1.0,0.08022665127107671,1.0,0.0,1.0,1.0,0.5875708285222114
5832,7c1d966d6a3783a65,True,,,,,,,,,,1.0,1.0,1.0,1.0,0.7521123952536893,1.0,0.0,1.0,1.0,0.7975351235167779
5833,ff77cf6e6c1e73c86,True,,,,,,,,,,1.0,0.0,1.0,1.0,0.660193331511209,1.0,0.0,1.0,1.0,0.0
5834,85f43c57442169f13,True,,,,,,,,,,1.0,1.0,1.0,1.0,1.0,1.0,0.0,1.0,1.0,0.875
5835,939cad6fe88e1d488,True,,,,,,,,,,0.0,1.0,1.0,1.0,0.5462760017065876,0.0,0.0,1.0,1.0,0.0
5836,2cfe97d8f0bc1727a,True,,,,,,,,,,1.0,0.0,0.0,1.0,1.0,1.0,0.0,1.0,1.0,0.0
5837,aaf7a6f6d13220a76,True,,,,,,,,,,1.0,0.0,0.0,1.0,0.6003900580528223,1.0,0.0,1.0,1.0,0.0
5838,92b72601aef2807d0,True,,,,,,,,,,1.0,1.0,1.0,1.0,0.7120314493957353,1.0,1.0,1.0,1.0,0.9100098279361672
5839,96539cf10e3cf92af,True,,,,,,,,,,0.5,0.0,0.0,1.0,1.0,0.0,0.0,1.0,0.0,0.0
5840,6a934a93966865e05,True,,,,,,,,,,1.0,1.0,1.0,1.0,0.17472912247101471,1.0,1.0,1.0,1.0,0.7421028507721921
5841,aadb9d0abc30a1215,True,,,,,,,,,,0.0,0.0,0.0,1.0,1.0,0.0,0.0,1.0,0.0,0.0
5842,b9d6d6e0f1c629518,True,,,,,,,,,,1.0,1.0,1.0,1.0,1.0,1.0,1.0,1.0,1.0,1.0
5843,8d28f9f70a6b86ce7,True,,,,,,,,,,1.0,0.0,0.5,1.0,1.0,1.0,0.0,1.0,1.0,0.0
5844,ec57bab7a9c75c4d0,True,,,,,,,,,,1.0,0.0,0.0,1.0,1.0,1.0,0.0,1.0,0.0,0.0
5845,f86cff80de8851a4b,True,,,,,,,,,,1.0,1.0,0.5,1.0,0.9409171099306503,1.0,1.0,1.0,1.0,0.49076829842666414
5846,1cc09e6291c8fd8b7,True,,,,,,,,,,1.0,0.0,0.5,1.0,0.5639345006143656,1.0,0.0,1.0,1.0,0.0
5847,0a043b6dfbe71d53e,True,,,,,,,,,,1.0,0.0,0.0,1.0,0.7593166407186916,1.0,0.0,1.0,0.0,0.0
5848,c0ec09e19eaff83c9,True,,,,,,,,,,1.0,1.0,1.0,1.0,1.0,1.0,0.0,1.0,1.0,0.875
5849,891736e00076f8901,True,,,,,,,,,,1.0,1.0,1.0,1.0,0.31411929590477705,1.0,1.0,1.0,1.0,0.7856622799702428
5850,9e6b3a8efae9904aa,True,,,,,,,,,,1.0,0.0,1.0,1.0,0.6707111365637031,1.0,1.0,1.0,1.0,0.0
5851,c3ded6e25641b2068,True,,,,,,,,,,1.0,1.0,0.5,1.0,1.0,1.0,1.0,1.0,1.0,0.5
5852,2b2111da18ed8032d,True,,,,,,,,,,0.0,0.0,0.5,1.0,1.0,0.0,0.0,1.0,1.0,0.0
5853,63e3d0d0e92dfb4d5,True,,,,,,,,,,1.0,1.0,1.0,1.0,1.0,1.0,1.0,1.0,1.0,1.0
5854,d23dccf53d6e2e76b,True,,,,,,,,,,1.0,0.0,0.0,1.0,0.9751020800329109,1.0,0.0,1.0,1.0,0.0
5855,29f63fdd169f556cf,True,,,,,,,,,,1.0,1.0,1.0,1.0,0.08126880933948143,1.0,1.0,1.0,1.0,0.712896502918588
5856,f53ce77b754edd1f8,True,,,,,,,,,,0.0,0.0,1.0,1.0,1.0,0.0,1.0,1.0,0.0,0.0
5857,558678d3b68828f3a,True,,,,,,,,,,1.0,0.0,0.0,1.0,1.0,1.0,0.0,1.0,1.0,0.0
5858,bbd5b072e1b30acbb,True,,,,,,,,,,1.0,1.0,0.5,1.0,1.0,1.0,0.0,1.0,1.0,0.4375
5859,ed6284a7f1cce40a2,True,,,,,,,,,,1.0,0.0,0.0,1.0,1.0,1.0,0.0,1.0,1.0,0.0
5860,e73143b99e1e6dcd3,True,,,,,,,,,,1.0,0.0,0.5,1.0,0.5199952753066114,1.0,0.0,1.0,1.0,0.0
5861,a77ac8c195ac2cc7a,True,,,,,,,,,,1.0,0.0,0.5,1.0,1.0,1.0,0.0,1.0,1.0,0.0
5862,0118e2ec3759cc2bc,True,,,,,,,,,,1.0,1.0,0.0,1.0,1.0,1.0,0.0,1.0,1.0,0.0
5863,39bdf934b35cb930d,True,,,,,,,,,,1.0,1.0,1.0,1.0,0.7687734282753459,1.0,0.0,1.0,1.0,0.8027416963360456
5864,f2093ddb02711422c,True,,,,,,,,,,1.0,0.0,0.5,1.0,1.0,1.0,0.0,1.0,0.0,0.0
5865,f726e244468ccbbe6,True,,,,,,,,,,0.0,1.0,1.0,1.0,0.6721533070139538,0.0,0.0,1.0,0.0,0.0
5866,509ec142f891e0766,True,,,,,,,,,,0.0,1.0,1.0,1.0,1.0,0.0,0.0,1.0,1.0,0.0
5867,b73770a1de3ee8a3f,True,,,,,,,,,,1.0,1.0,1.0,1.0,0.0,1.0,1.0,1.0,1.0,0.6875
5868,b853d466840f4db1b,True,,,,,,,,,,1.0,0.0,1.0,1.0,0.639615911596978,1.0,0.0,1.0,1.0,0.0
5869,b3989347b7f24848c,True,,,,,,,,,,0.0,1.0,1.0,1.0,0.5834064190377982,0.0,1.0,1.0,1.0,0.0
5870,a285844e480d8be12,True,,,,,,,,,,1.0,1.0,1.0,1.0,0.4207346422703181,1.0,0.0,1.0,1.0,0.6939795757094744
5871,ea96a137518d58ac9,True,,,,,,,,,,1.0,1.0,1.0,1.0,0.9661084863224605,1.0,1.0,1.0,1.0,0.9894089019757689
5872,858914d079ed93fdb,True,,,,,,,,,,1.0,0.0,0.0,1.0,1.0,1.0,0.0,1.0,1.0,0.0
5873,3ed84fc02c7624898,True,,,,,,,,,,1.0,1.0,1.0,1.0,0.13277766401490376,1.0,1.0,1.0,1.0,0.7289930200046575
5874,37e2413062044f037,True,,,,,,,,,,1.0,0.0,1.0,1.0,0.5355137221159163,1.0,0.0,1.0,1.0,0.0
5875,817d4b24592566035,True,,,,,,,,,,1.0,0.0,0.5,1.0,0.797968557516294,1.0,0.0,1.0,1.0,0.0
5876,6b8ebd7a081ffa425,True,,,,,,,,,,0.0,0.0,0.0,1.0,1.0,0.0,1.0,1.0,0.0,0.0
5877,ea89785b6636000f5,True,,,,,,,,,,1.0,1.0,1.0,1.0,0.24991173883631754,1.0,1.0,1.0,0.0,0.6405974183863492
5878,6bb22c30119ed991a,True,,,,,,,,,,1.0,1.0,1.0,1.0,0.08191593148801013,1.0,0.0,1.0,1.0,0.5880987285900032
5879,850d4a79f659a9740,True,,,,,,,,,,1.0,1.0,1.0,1.0,0.37505926301816395,1.0,0.0,1.0,1.0,0.6797060196931762
5880,853bdf919d41bd5e6,True,,,,,,,,,,1.0,1.0,1.0,1.0,0.16668498953209654,1.0,1.0,1.0,1.0,0.7395890592287802
5881,3423788f9b45444ab,True,,,,,,,,,,1.0,1.0,1.0,1.0,0.12864489079258498,1.0,1.0,1.0,1.0,0.7277015283726829
5882,b1aefb166ba160b03,True,,,,,,,,,,1.0,1.0,1.0,1.0,0.898425729265824,1.0,0.0,1.0,1.0,0.8432580403955701
5883,bf934afd68e4b2573,True,,,,,,,,,,0.0,0.0,0.5,1.0,0.212834406014715,0.0,0.0,1.0,0.0,0.0
5884,50da2cb15a6c805e6,True,,,,,,,,,,1.0,1.0,1.0,1.0,1.0,0.0,0.0,1.0,1.0,0.5625
5885,b51661ff3ed628c29,True,,,,,,,,,,1.0,1.0,1.0,1.0,1.0,1.0,1.0,1.0,1.0,1.0
5886,24c8b908f552c5946,True,,,,,,,,,,0.0,0.0,1.0,1.0,0.4683237896027722,0.0,0.0,1.0,1.0,0.0
5887,686b6dd5e1ca96d8a,True,,,,,,,,,,1.0,1.0,1.0,1.0,0.0019703675590621705,1.0,1.0,1.0,1.0,0.6881157398622069
5888,b2fc06e37171c8dd9,True,,,,,,,,,,1.0,0.0,0.0,1.0,1.0,1.0,0.0,1.0,1.0,0.0
5889,5b01b06231ac39143,True,,,,,,,,,,1.0,1.0,1.0,1.0,0.6500742423366067,1.0,1.0,1.0,1.0,0.8906482007301896
5890,606571205dbf05df5,True,,,,,,,,,,1.0,1.0,1.0,1.0,0.32177655469941674,1.0,0.0,1.0,1.0,0.6630551733435677
5891,ad89b51facf4ec5e5,True,,,,,,,,,,0.0,0.0,0.0,1.0,1.0,0.0,0.0,1.0,1.0,0.0
5892,75a91bdf0ba2aeea9,True,,,,,,,,,,1.0,0.0,0.0,1.0,0.49948491074409,1.0,0.0,1.0,0.0,0.0
5893,ca8771e5e055dcfca,True,,,,,,,,,,1.0,0.0,0.0,1.0,1.0,1.0,0.0,1.0,1.0,0.0
5894,1c968570d73ed5505,True,,,,,,,,,,1.0,1.0,1.0,1.0,0.09795260211494174,1.0,1.0,1.0,1.0,0.7181101881609193
5895,8a72c1ce26bcc476d,True,,,,,,,,,,1.0,1.0,1.0,1.0,0.17904374868532644,1.0,1.0,1.0,1.0,0.7434511714641645
5896,ad537f45665843f16,True,,,,,,,,,,1.0,1.0,1.0,1.0,0.12372862988997065,1.0,1.0,1.0,1.0,0.7261651968406158
5897,4743e61ca1af03cd7,True,,,,,,,,,,1.0,0.0,0.0,1.0,0.832835918545608,1.0,1.0,1.0,1.0,0.0
5898,122590be147f65d56,True,,,,,,,,,,1.0,1.0,1.0,1.0,0.074506797741445,1.0,0.0,1.0,1.0,0.5857833742942016
5899,a423127bc4cb28773,True,,,,,,,,,,0.0,0.0,0.5,1.0,0.5502999818585423,0.0,0.0,1.0,0.0,0.0
5900,6c8d225b7e93d1ff8,True,,,,,,,,,,1.0,0.0,0.0,1.0,1.0,1.0,0.0,0.0,0.0,0.0
5901,9583f6043942f7590,True,,,,,,,,,,1.0,0.0,1.0,1.0,1.0,1.0,0.0,1.0,1.0,0.0
5902,808228d1cf4a9f699,True,,,,,,,,,,1.0,1.0,1.0,1.0,0.8414747093455891,1.0,1.0,1.0,1.0,0.9504608466704966
5903,733dab2043d02d8e3,True,,,,,,,,,,1.0,1.0,1.0,1.0,0.3754324296309567,1.0,1.0,1.0,1.0,0.8048226342596739
5904,8568f4ee5859ce652,True,,,,,,,,,,1.0,1.0,1.0,1.0,0.21867765068225037,1.0,0.0,1.0,1.0,0.6308367658382033
5905,ebc1dc2ec0e635ae3,True,,,,,,,,,,1.0,1.0,1.0,1.0,0.06739196837935509,1.0,1.0,1.0,1.0,0.7085599901185484
5906,182b0871961fced6d,True,,,,,,,,,,1.0,1.0,1.0,1.0,0.48518969124306477,1.0,1.0,1.0,1.0,0.8391217785134577
5907,5f80678c8465899ca,True,,,,,,,,,,1.0,1.0,1.0,1.0,0.4684348965465392,1.0,0.0,1.0,1.0,0.7088859051707935
5908,df67b662b2c444fa9,True,,,,,,,,,,1.0,1.0,1.0,1.0,0.3036463460441173,1.0,1.0,1.0,1.0,0.7823894831387866
5909,3ec4e62b471309805,True,,,,,,,,,,1.0,1.0,1.0,1.0,1.0,1.0,0.0,1.0,1.0,0.875
5910,bc686838d510dad87,True,,,,,,,,,,1.0,1.0,1.0,1.0,0.008826937334754733,1.0,1.0,1.0,1.0,0.6902584179171108
5911,2f841ea41e11faf68,True,,,,,,,,,,1.0,0.0,0.0,1.0,0.8937715103290463,1.0,0.0,1.0,1.0,0.0
5912,extended_pdm_score_stage_one,True,0.9,0.5155555555555555,0.7655555555555555,0.9933333333333333,0.7866269427051422,0.8688888888888889,0.82,0.9711111111111111,0.8,,,,,,,,,,0.386637542152985
5913,extended_pdm_score_stage_two,True,,,,,,,,,,0.8238477355559366,0.5344639253564745,0.696255247107339,0.9788847190028713,0.6742984455610773,0.7893208042816622,0.4134256717935869,0.9838160912625231,0.8365006138586518,0.32527952361385604
5914,extended_pdm_score_combined,True,0.9,0.5155555555555555,0.7655555555555555,0.9933333333333333,0.7866269427051422,0.8688888888888889,0.82,0.9711111111111111,0.8,0.8238477355559366,0.5344639253564745,0.696255247107339,0.9788847190028713,0.6742984455610773,0.7893208042816622,0.4134256717935869,0.9838160912625231,0.8365006138586518,0.14293848144114832
