,token,valid,no_at_fault_collisions_stage_one,drivable_area_compliance_stage_one,driving_direction_compliance_stage_one,traffic_light_compliance_stage_one,ego_progress_stage_one,time_to_collision_within_bound_stage_one,lane_keeping_stage_one,history_comfort_stage_one,two_frame_extended_comfort_stage_one,no_at_fault_collisions_stage_two,drivable_area_compliance_stage_two,driving_direction_compliance_stage_two,traffic_light_compliance_stage_two,ego_progress_stage_two,time_to_collision_within_bound_stage_two,lane_keeping_stage_two,history_comfort_stage_two,two_frame_extended_comfort_stage_two,score
0,5f53001e7e2d5347,True,1.0,1.0,1.0,1.0,1.0,1.0,1.0,0.0,0.0,,,,,,,,,,0.75
1,23d647e77f2d515e,True,1.0,1.0,1.0,1.0,0.10525641450146751,1.0,1.0,1.0,0.0,,,,,,,,,,0.5953926295317086
2,48fecfd582935aac,True,1.0,1.0,1.0,1.0,0.1639626297302559,1.0,1.0,1.0,0.0,,,,,,,,,,0.613738321790705
3,63ec67c4a58a5e5b,True,1.0,1.0,1.0,1.0,0.22770585312352606,1.0,1.0,0.0,0.0,,,,,,,,,,0.508658079101102
4,bf00c76f25185b83,True,1.0,1.0,1.0,1.0,0.13267245782352324,1.0,1.0,1.0,0.0,,,,,,,,,,0.603960143069851
5,b031a0b55ab951f8,True,1.0,0.0,1.0,1.0,0.2098246286032249,1.0,0.0,0.0,0.0,,,,,,,,,,0.0
6,197f2dea642850e7,True,1.0,1.0,1.0,1.0,0.2926503416876886,1.0,1.0,1.0,0.0,,,,,,,,,,0.6539532317774027
7,f289e368449b517b,True,1.0,1.0,1.0,1.0,0.18645753893633368,1.0,1.0,1.0,0.0,,,,,,,,,,0.6207679809176043
8,9ef1d618435d5e53,True,1.0,1.0,1.0,1.0,0.10180925372494624,1.0,1.0,1.0,1.0,,,,,,,,,,0.7193153917890457
9,c7a44a2e52bc5e22,True,1.0,1.0,1.0,1.0,0.23599535502017227,1.0,1.0,0.0,0.0,,,,,,,,,,0.5112485484438039
10,082ea12d7b2355cb,True,1.0,0.0,1.0,1.0,0.42577033587127483,1.0,1.0,1.0,0.0,,,,,,,,,,0.0
11,131ab0263b07507c,True,1.0,1.0,1.0,1.0,1.0,1.0,1.0,0.0,0.0,,,,,,,,,,0.75
12,622867ce25805447,True,1.0,1.0,1.0,1.0,0.14834347214059118,1.0,1.0,1.0,0.0,,,,,,,,,,0.6088573350439348
13,52b2e626eca85976,True,1.0,1.0,1.0,1.0,0.1588121984270522,1.0,1.0,0.0,0.0,,,,,,,,,,0.4871288120084538
14,bd2b1a4530a1538b,True,1.0,1.0,1.0,1.0,0.15102075240844942,1.0,1.0,1.0,0.0,,,,,,,,,,0.6096939851276404
15,76b708c365e45536,True,1.0,1.0,1.0,1.0,0.11593013158453194,1.0,1.0,1.0,1.0,,,,,,,,,,0.7237281661201662
16,8c689c4b2df55539,True,1.0,1.0,1.0,1.0,0.26718126572338896,1.0,0.0,1.0,0.0,,,,,,,,,,0.520994145538559
17,1b95b6689ee75fab,True,1.0,1.0,1.0,1.0,0.18521723859054162,1.0,1.0,1.0,0.0,,,,,,,,,,0.6203803870595442
18,6326d00e52115da4,True,1.0,1.0,1.0,1.0,1.0,1.0,1.0,1.0,1.0,,,,,,,,,,1.0
19,75857e1f177b5af4,True,1.0,1.0,1.0,1.0,0.2065737196604731,1.0,1.0,0.0,0.0,,,,,,,,,,0.5020542873938978
20,3af9cb4d21e15e9e,True,1.0,1.0,1.0,1.0,0.07455905606090023,1.0,1.0,1.0,1.0,,,,,,,,,,0.7107997050190313
21,ad34e2d0d3865530,True,1.0,1.0,1.0,1.0,0.15921043664010426,1.0,1.0,1.0,0.0,,,,,,,,,,0.6122532614500326
22,2033fff7b44e56db,True,1.0,1.0,1.0,1.0,0.08212737030260672,1.0,1.0,1.0,1.0,,,,,,,,,,0.7131648032195645
23,f9a9b5ee707e501e,True,1.0,1.0,1.0,1.0,0.2462576028745515,1.0,0.0,0.0,0.0,,,,,,,,,,0.38945550089829734
24,f025b78e77b25fba,True,1.0,1.0,1.0,1.0,0.23966564031247303,1.0,1.0,0.0,0.0,,,,,,,,,,0.5123955125976478
25,12f2dccfb88957f9,True,1.0,1.0,1.0,1.0,0.4692533320979595,1.0,1.0,0.0,0.0,,,,,,,,,,0.5841416662806124
26,fa2c36ce4ba156cb,True,1.0,1.0,1.0,1.0,0.2593867156764964,1.0,0.0,0.0,0.0,,,,,,,,,,0.39355834864890515
27,aeeba19e19c35ccb,True,1.0,0.0,1.0,1.0,0.20967650569976715,1.0,0.0,0.0,0.0,,,,,,,,,,0.0
28,7b2f3235b4cb5374,True,1.0,1.0,1.0,1.0,0.20982727456974642,1.0,1.0,0.0,0.0,,,,,,,,,,0.5030710233030458
29,442b2cf63c6f570a,True,1.0,1.0,1.0,1.0,0.17232973110352146,1.0,1.0,1.0,0.0,,,,,,,,,,0.6163530409698504
30,635d0bb58aa95282,True,1.0,1.0,1.0,1.0,0.12556013862514281,1.0,1.0,1.0,0.0,,,,,,,,,,0.6017375433203571
31,eed801b1cd035275,True,1.0,1.0,1.0,1.0,1.0,1.0,1.0,0.0,0.0,,,,,,,,,,0.75
32,a7d3e71b8ca456a9,True,1.0,1.0,1.0,1.0,1.0,1.0,1.0,1.0,0.0,,,,,,,,,,0.875
33,67bce1e28df25eaa,True,1.0,1.0,1.0,1.0,1.0,1.0,1.0,1.0,1.0,,,,,,,,,,1.0
34,9191f3f8644d50cb,True,1.0,1.0,1.0,1.0,0.3150521522105471,1.0,0.0,1.0,0.0,,,,,,,,,,0.535953797565796
35,9483fae2cfc352eb,True,1.0,1.0,1.0,1.0,0.18720959027311218,1.0,1.0,1.0,0.0,,,,,,,,,,0.6210029969603476
36,f76112c834c25beb,True,1.0,1.0,1.0,1.0,0.20455106630583267,1.0,1.0,0.0,0.0,,,,,,,,,,0.5014222082205727
37,2352aa62dbbe58d2,True,1.0,1.0,1.0,1.0,0.202309557144103,1.0,1.0,0.0,0.0,,,,,,,,,,0.5007217366075322
38,83e895f722575452,True,1.0,1.0,1.0,1.0,0.16187637212232725,1.0,1.0,1.0,0.0,,,,,,,,,,0.6130863662882273
39,082988f40658562c,True,1.0,1.0,1.0,1.0,0.02699622022030235,1.0,1.0,1.0,1.0,,,,,,,,,,0.6959363188188445
40,f56b0cc9c9d95421,True,1.0,1.0,1.0,1.0,0.31039132956707227,1.0,1.0,0.0,0.0,,,,,,,,,,0.5344972904897101
41,3c34d5d03e8a5bdc,True,1.0,1.0,1.0,1.0,0.18457491437499646,1.0,1.0,1.0,0.0,,,,,,,,,,0.6201796607421863
42,ac55c7f072c6528d,True,1.0,1.0,1.0,1.0,0.3040340704383101,1.0,1.0,0.0,0.0,,,,,,,,,,0.5325106470119719
43,3c542be991515ccd,True,1.0,1.0,1.0,1.0,0.21597004422894975,1.0,1.0,0.0,0.0,,,,,,,,,,0.5049906388215468
44,a8a34f54618050f6,True,1.0,1.0,1.0,1.0,0.1978670461011723,1.0,1.0,1.0,0.0,,,,,,,,,,0.6243334519066164
45,330166def5a35f4d,True,1.0,1.0,1.0,1.0,0.3799617634312385,1.0,1.0,1.0,0.0,,,,,,,,,,0.681238051072262
46,ea31c764f6385f4a,True,1.0,1.0,1.0,1.0,0.36173920763751644,1.0,1.0,1.0,0.0,,,,,,,,,,0.6755435023867239
47,bbb5018d017754d0,True,1.0,1.0,1.0,1.0,0.3303113869573592,1.0,1.0,1.0,0.0,,,,,,,,,,0.6657223084241748
48,32e5d7e804c65214,True,1.0,1.0,1.0,1.0,0.13381610186514212,1.0,1.0,1.0,0.0,,,,,,,,,,0.6043175318328569
49,69baa41122b45e43,True,1.0,0.0,1.0,1.0,0.20334907650431505,1.0,0.0,0.0,0.0,,,,,,,,,,0.0
50,b2abc819ebf45c11,True,1.0,1.0,1.0,1.0,0.07010255662224142,1.0,1.0,1.0,1.0,,,,,,,,,,0.7094070489444504
51,fe8eddd5ec8654cd,True,1.0,0.0,1.0,1.0,0.18853566651183762,1.0,0.0,1.0,0.0,,,,,,,,,,0.0
52,d01fec804cd45644,True,1.0,1.0,1.0,1.0,0.2035675545267647,1.0,1.0,0.0,0.0,,,,,,,,,,0.501114860789614
53,76c31764665151be,True,1.0,1.0,1.0,1.0,0.20449200120267735,1.0,1.0,0.0,0.0,,,,,,,,,,0.5014037503758366
54,ed3db88f99a05a6c,True,1.0,1.0,1.0,1.0,0.2096294809916293,1.0,1.0,0.0,0.0,,,,,,,,,,0.5030092128098842
55,a47772efd1d758d6,True,1.0,1.0,1.0,1.0,0.2507526770924014,1.0,1.0,1.0,0.0,,,,,,,,,,0.6408602115913754
56,ca58b2e039305479,True,1.0,1.0,1.0,1.0,0.22254393259884342,1.0,1.0,0.0,0.0,,,,,,,,,,0.5070449789371385
57,cef1a4b302b45ad8,True,1.0,1.0,1.0,1.0,0.22854675060199448,1.0,1.0,0.0,0.0,,,,,,,,,,0.5089208595631233
58,a2701552b0f95f7b,True,1.0,1.0,1.0,1.0,0.3646162902231213,1.0,1.0,0.0,0.0,,,,,,,,,,0.5514425906947253
59,8d0697930b5e5df0,True,1.0,1.0,1.0,1.0,1.0,1.0,1.0,1.0,0.0,,,,,,,,,,0.875
60,f0b6499b393152be,True,1.0,0.0,1.0,1.0,0.3261175426238223,1.0,0.0,0.0,0.0,,,,,,,,,,0.0
61,58d40da0cce05d8c,True,1.0,1.0,1.0,1.0,1.0,1.0,1.0,1.0,0.0,,,,,,,,,,0.875
62,de1662269d685ce0,True,1.0,1.0,1.0,1.0,0.41918892589476253,1.0,1.0,0.0,0.0,,,,,,,,,,0.5684965393421133
63,e1886e081b945907,True,1.0,1.0,1.0,1.0,0.202624331870631,1.0,0.0,0.0,0.0,,,,,,,,,,0.3758201037095722
64,f749ff64838c5664,True,1.0,1.0,1.0,1.0,1.0,1.0,1.0,0.0,0.0,,,,,,,,,,0.75
65,f1ca8dd77f205599,True,1.0,1.0,1.0,1.0,0.18451545109472195,1.0,1.0,1.0,0.0,,,,,,,,,,0.6201610784671006
66,deb455f53c805643,True,1.0,1.0,1.0,1.0,0.19113533370567104,1.0,1.0,0.0,0.0,,,,,,,,,,0.4972297917830222
67,b6247a5245a5554f,True,1.0,0.0,1.0,1.0,0.45359815518768654,1.0,1.0,1.0,0.0,,,,,,,,,,0.0
68,a59bd481d324594a,True,1.0,1.0,1.0,1.0,0.19464507534313255,1.0,1.0,1.0,0.0,,,,,,,,,,0.6233265860447289
69,02a81792cbdb5dd5,True,1.0,1.0,1.0,1.0,0.38371492075429,1.0,0.0,0.0,0.0,,,,,,,,,,0.43241091273571564
70,9e9e33077f375062,True,1.0,1.0,1.0,1.0,0.17862447535184,1.0,1.0,1.0,0.0,,,,,,,,,,0.61832014854745
71,a5ddad9bbb505316,True,1.0,1.0,1.0,1.0,0.29497667943234124,1.0,1.0,1.0,0.0,,,,,,,,,,0.6546802123226066
72,70f72122f1605fa1,True,1.0,1.0,1.0,1.0,0.13940558548618603,1.0,1.0,1.0,0.0,,,,,,,,,,0.6060642454644332
73,2c8a58b94332570d,True,1.0,1.0,1.0,1.0,0.2106305688342436,1.0,1.0,1.0,0.0,,,,,,,,,,0.6283220527607012
74,6e3cf172a2755fae,True,1.0,1.0,1.0,1.0,0.10354359581296295,1.0,1.0,1.0,1.0,,,,,,,,,,0.7198573736915509
75,697882c22eb65ca7,True,1.0,1.0,1.0,1.0,0.2727849796016629,1.0,0.0,0.0,0.0,,,,,,,,,,0.39774530612551967
76,36419e8c59275f61,True,1.0,1.0,1.0,1.0,0.3702495319725407,1.0,1.0,0.0,0.0,,,,,,,,,,0.553202978741419
77,c340cf7465ab5bbe,True,1.0,1.0,1.0,1.0,0.16583010242461374,1.0,1.0,1.0,0.0,,,,,,,,,,0.6143219070076917
78,00016f8b45c25a1d,True,1.0,1.0,1.0,1.0,0.19805670866788294,1.0,1.0,0.0,0.0,,,,,,,,,,0.49939272145871344
79,b9d14f59883a5496,True,1.0,0.0,1.0,1.0,0.1952771799177044,1.0,0.0,1.0,0.0,,,,,,,,,,0.0
80,6e2c6027edb85763,True,1.0,1.0,1.0,1.0,0.29615887252704765,1.0,1.0,1.0,0.0,,,,,,,,,,0.6550496476647024
81,f2117260382b5d83,True,1.0,1.0,1.0,1.0,0.2280867339358164,1.0,1.0,0.0,0.0,,,,,,,,,,0.5087771043549426
82,e41740b9529753af,True,1.0,1.0,1.0,1.0,1.0,1.0,1.0,0.0,0.0,,,,,,,,,,0.75
83,afcd7846a4f35622,True,1.0,1.0,1.0,1.0,0.08648682380720249,1.0,1.0,0.0,0.0,,,,,,,,,,0.4645271324397508
84,b8d2227c06a351e4,True,1.0,1.0,1.0,1.0,0.11067166364389415,1.0,1.0,1.0,1.0,,,,,,,,,,0.7220848948887169
85,5c883441084d58d7,True,1.0,1.0,1.0,1.0,0.33429838244118265,1.0,1.0,0.0,0.0,,,,,,,,,,0.5419682445128695
86,e7f8a61d807f5914,True,1.0,1.0,1.0,1.0,0.294886010433976,1.0,1.0,0.0,0.0,,,,,,,,,,0.5296518782606174
87,68097b10029d5fe1,True,1.0,1.0,1.0,1.0,0.25893631022236485,1.0,1.0,0.0,0.0,,,,,,,,,,0.5184175969444891
88,a43dbb1d34665f24,True,1.0,1.0,1.0,1.0,0.12895813875427642,1.0,1.0,1.0,0.0,,,,,,,,,,0.6027994183607114
89,16a738813dbe5496,True,1.0,1.0,1.0,1.0,0.2371520263749722,1.0,1.0,0.0,0.0,,,,,,,,,,0.5116100082421788
90,1abf52a927025259,True,1.0,1.0,1.0,1.0,0.23468707208178957,1.0,1.0,0.0,0.0,,,,,,,,,,0.5108397100255593
91,f29d6171f46b551d,True,1.0,1.0,1.0,1.0,0.29383529772463207,1.0,1.0,0.0,0.0,,,,,,,,,,0.5293235305389475
92,67debdeae60b5fa4,True,1.0,1.0,1.0,1.0,0.19416700732368075,1.0,1.0,0.0,0.0,,,,,,,,,,0.4981771897886502
93,d08ae5bc8a435f97,True,1.0,1.0,1.0,1.0,1.0,1.0,1.0,0.0,0.0,,,,,,,,,,0.75
94,352290f8ed8e572e,True,1.0,1.0,1.0,1.0,1.0,1.0,1.0,0.0,0.0,,,,,,,,,,0.75
95,8846d60884435288,True,1.0,1.0,1.0,1.0,0.15110556779229697,1.0,0.0,1.0,0.0,,,,,,,,,,0.4847204899350928
96,529d2e20dc615c3b,True,1.0,1.0,1.0,1.0,1.0,1.0,1.0,0.0,0.0,,,,,,,,,,0.75
97,5c4d8dfcb0aa5541,True,1.0,1.0,1.0,1.0,0.11250450896379158,1.0,1.0,0.0,0.0,,,,,,,,,,0.47265765905118484
98,223d02be29c65e81,True,1.0,1.0,1.0,1.0,0.24432911533807875,1.0,1.0,0.0,0.0,,,,,,,,,,0.5138528485431496
99,11d28b80cd0a56d5,True,1.0,1.0,1.0,1.0,0.27116739034848836,1.0,1.0,0.0,0.0,,,,,,,,,,0.5222398094839026
100,77f11643ced5562a,True,1.0,1.0,1.0,1.0,0.13379918169086236,1.0,1.0,1.0,1.0,,,,,,,,,,0.7293122442783945
101,ecc6da85180a5eee,True,1.0,1.0,1.0,1.0,0.5049989230333591,1.0,1.0,0.0,0.0,,,,,,,,,,0.5953121634479247
102,3838eb184c9d5989,True,1.0,1.0,1.0,1.0,0.038299440645697506,1.0,1.0,1.0,1.0,,,,,,,,,,0.6994685752017804
103,112db94505025ec5,True,1.0,1.0,1.0,1.0,0.2687245882058678,1.0,1.0,0.0,0.0,,,,,,,,,,0.5214764338143336
104,dddf14378c355c3a,True,1.0,1.0,1.0,1.0,0.25141088340194606,1.0,1.0,0.0,0.0,,,,,,,,,,0.5160659010631081
105,aee07628c2ab5ce1,True,1.0,1.0,1.0,1.0,0.22684517265305632,1.0,0.0,0.0,0.0,,,,,,,,,,0.3833891164540801
106,599c8b2bc9b252a7,True,1.0,1.0,1.0,1.0,0.15027965862104342,1.0,1.0,1.0,0.0,,,,,,,,,,0.6094623933190761
107,4cac9f6cd85a5b47,True,1.0,1.0,1.0,1.0,0.2430228283877033,1.0,1.0,0.0,0.0,,,,,,,,,,0.5134446338711574
108,59bf40c427da5eb1,True,1.0,1.0,1.0,1.0,0.21343726532466328,1.0,1.0,0.0,0.0,,,,,,,,,,0.5041991454139573
109,1c77ba7488d35c52,True,1.0,1.0,1.0,1.0,0.2580851014912567,1.0,1.0,0.0,0.0,,,,,,,,,,0.5181515942160178
110,f1bdf7e4e9f5534e,True,1.0,1.0,1.0,1.0,0.24767690197625483,1.0,0.0,0.0,0.0,,,,,,,,,,0.3898990318675796
111,8d90099a801d5682,True,1.0,0.0,1.0,1.0,0.4220923976116135,1.0,1.0,1.0,0.0,,,,,,,,,,0.0
112,dd35be6455fe566b,True,1.0,1.0,1.0,1.0,0.13858746209829176,1.0,1.0,1.0,1.0,,,,,,,,,,0.7308085819057162
113,572e6c81e32958f2,True,1.0,1.0,1.0,1.0,0.11284750253450038,1.0,0.0,1.0,1.0,,,,,,,,,,0.5977648445420314
114,3b910accfc12560a,True,1.0,1.0,1.0,1.0,0.13782004784784216,1.0,1.0,1.0,0.0,,,,,,,,,,0.6055687649524506
115,99a98a7ffb075389,True,1.0,1.0,1.0,1.0,0.2146336061087518,1.0,1.0,1.0,0.0,,,,,,,,,,0.6295730019089849
116,7a91cd530cac57fc,True,1.0,1.0,1.0,1.0,0.13832852734023257,1.0,1.0,1.0,0.0,,,,,,,,,,0.6057276647938227
117,e9b43b140b1d54bf,True,1.0,1.0,1.0,1.0,0.3084858722792366,1.0,1.0,0.0,0.0,,,,,,,,,,0.5339018350872614
118,116aacf9868e5e4e,True,1.0,1.0,1.0,1.0,0.24739170063371949,1.0,1.0,0.0,0.0,,,,,,,,,,0.5148099064480374
119,7d24bd01f77c5d87,True,1.0,0.0,1.0,1.0,0.2848952928349647,1.0,1.0,1.0,0.0,,,,,,,,,,0.0
120,3623049267d35a95,True,1.0,1.0,1.0,1.0,0.07202967310686077,1.0,1.0,1.0,1.0,,,,,,,,,,0.710009272845894
121,2575048779565f0b,True,1.0,1.0,1.0,1.0,0.19411579012438604,1.0,1.0,0.0,0.0,,,,,,,,,,0.49816118441387064
122,226e6642fbc65bdc,True,1.0,1.0,1.0,1.0,0.2316243344365173,1.0,1.0,0.0,0.0,,,,,,,,,,0.5098826045114117
123,680c8d90658556da,True,1.0,1.0,1.0,1.0,0.20596926807136753,1.0,1.0,0.0,0.0,,,,,,,,,,0.5018653962723023
124,a67c6744e6c45edb,True,1.0,1.0,1.0,1.0,0.14672544827660056,1.0,1.0,1.0,0.0,,,,,,,,,,0.6083517025864377
125,0ce170237acd51c2,True,1.0,1.0,1.0,1.0,0.3093833089210147,1.0,1.0,0.0,0.0,,,,,,,,,,0.5341822840378171
126,70d9d518ad0f5382,True,1.0,1.0,1.0,1.0,1.0,1.0,1.0,0.0,0.0,,,,,,,,,,0.75
127,45ebc34cbe405c3e,True,1.0,1.0,1.0,1.0,0.2668873670813648,1.0,1.0,0.0,0.0,,,,,,,,,,0.5209023022129264
128,cb02d1e1315a5e67,True,1.0,1.0,1.0,1.0,0.23737085371385022,1.0,1.0,0.0,0.0,,,,,,,,,,0.5116783917855782
129,bd9abb7104dc5408,True,1.0,0.0,1.0,1.0,0.21616100950146638,1.0,0.0,0.0,0.0,,,,,,,,,,0.0
130,029585f0509d52b0,True,1.0,1.0,1.0,1.0,0.2565786142544638,1.0,1.0,1.0,0.0,,,,,,,,,,0.64268081695452
131,02b68b9cc51f506a,True,1.0,1.0,1.0,1.0,0.18709324178032175,1.0,1.0,1.0,0.0,,,,,,,,,,0.6209666380563506
132,75b6813b1f4556ce,True,1.0,1.0,1.0,1.0,0.39489057819516726,1.0,1.0,0.0,0.0,,,,,,,,,,0.5609033056859898
133,da56fca2caff52e4,True,1.0,1.0,1.0,1.0,0.1829718905300518,1.0,1.0,1.0,0.0,,,,,,,,,,0.6196787157906412
134,491a9b7a44225a75,True,1.0,1.0,1.0,1.0,0.35286279843618906,1.0,1.0,0.0,0.0,,,,,,,,,,0.5477696245113091
135,452def672c5d592c,True,0.5,0.0,1.0,1.0,0.27914540784335873,1.0,1.0,1.0,0.0,,,,,,,,,,0.0
136,0dd3256035e75770,True,1.0,1.0,1.0,1.0,0.11327083204626308,1.0,1.0,1.0,0.0,,,,,,,,,,0.5978971350144572
137,a97ceb2edd0251f9,True,1.0,1.0,1.0,1.0,1.0,1.0,1.0,1.0,0.0,,,,,,,,,,0.875
138,909655c780e152ac,True,1.0,1.0,1.0,1.0,0.30847455200747836,1.0,1.0,0.0,0.0,,,,,,,,,,0.533898297502337
139,fda0145d54065b7c,True,1.0,1.0,1.0,1.0,1.0,1.0,1.0,0.0,0.0,,,,,,,,,,0.75
140,90ed944de9405835,True,1.0,0.0,1.0,1.0,0.2295024891798842,1.0,1.0,0.0,0.0,,,,,,,,,,0.0
141,5d12ad55fdd858e1,True,1.0,1.0,1.0,1.0,0.2309634525768143,1.0,1.0,0.0,0.0,,,,,,,,,,0.5096760789302545
142,592f536375e755b6,True,1.0,1.0,1.0,1.0,0.13108269654972837,1.0,1.0,1.0,0.0,,,,,,,,,,0.6034633426717901
143,cf50ffa22c81555d,True,1.0,1.0,1.0,1.0,0.21804588198044628,1.0,1.0,0.0,0.0,,,,,,,,,,0.5056393381188895
144,771c4e378bef58e4,True,1.0,1.0,1.0,1.0,1.0,1.0,1.0,1.0,1.0,,,,,,,,,,1.0
145,4d5a01dea92b5867,True,1.0,1.0,1.0,1.0,0.45398524082459035,1.0,1.0,0.0,0.0,,,,,,,,,,0.5793703877576845
146,1a928640315c5332,True,1.0,1.0,1.0,1.0,0.2870431484283586,1.0,1.0,0.0,0.0,,,,,,,,,,0.527200983883862
147,66583dab627951a2,True,1.0,1.0,1.0,1.0,0.2071012736064871,1.0,1.0,0.0,0.0,,,,,,,,,,0.5022191480020273
148,36899d67473c5c91,True,1.0,1.0,1.0,1.0,1.0,1.0,1.0,1.0,0.0,,,,,,,,,,0.875
149,abbf1c193ac75f91,True,1.0,1.0,1.0,1.0,1.0,1.0,1.0,1.0,1.0,,,,,,,,,,1.0
150,c1d95d8a3260541c,True,1.0,1.0,1.0,1.0,0.25471819669398627,1.0,1.0,0.0,0.0,,,,,,,,,,0.5170994364668707
151,0e272e003af65a71,True,1.0,1.0,1.0,1.0,0.20415391077727382,1.0,1.0,1.0,0.0,,,,,,,,,,0.6262980971178981
152,75ffe77189e95d43,True,1.0,0.0,1.0,1.0,0.18877344456216763,1.0,0.0,1.0,0.0,,,,,,,,,,0.0
153,4fbfc7dc71db50e2,True,1.0,1.0,1.0,1.0,0.2198630920772248,1.0,1.0,0.0,0.0,,,,,,,,,,0.5062072162741327
154,257773cfd41d59d5,True,1.0,1.0,1.0,1.0,0.10808300562863349,1.0,1.0,1.0,1.0,,,,,,,,,,0.721275939258948
155,e7ae612e880e5d5f,True,1.0,1.0,1.0,1.0,0.2787426575102247,1.0,1.0,1.0,0.0,,,,,,,,,,0.6496070804719452
156,5c838efd36805c92,True,1.0,1.0,1.0,1.0,0.2493727854855968,1.0,1.0,0.0,0.0,,,,,,,,,,0.515428995464249
157,d64b2da8ffb65c16,True,1.0,1.0,1.0,1.0,0.23364356568520933,1.0,1.0,0.0,0.0,,,,,,,,,,0.5105136142766279
158,faa12c2adc7c521f,True,1.0,1.0,1.0,1.0,0.3667358739089034,1.0,1.0,0.0,0.0,,,,,,,,,,0.5521049605965322
159,fa8c164985255698,True,1.0,1.0,1.0,1.0,0.1339962597126615,1.0,1.0,1.0,0.0,,,,,,,,,,0.6043738311602067
160,eb3912d9717d5177,True,1.0,1.0,1.0,1.0,0.20546251541145713,1.0,1.0,0.0,0.0,,,,,,,,,,0.5017070360660804
161,6b2cda5004dc5df9,True,1.0,1.0,1.0,1.0,0.41405426276619817,1.0,1.0,1.0,0.0,,,,,,,,,,0.691891957114437
162,d142ab856b7653df,True,1.0,1.0,1.0,1.0,0.22004665311077645,1.0,1.0,0.0,0.0,,,,,,,,,,0.5062645790971176
163,b459c8b7fd2b5aa4,True,1.0,1.0,1.0,1.0,0.3288874753847538,1.0,0.0,0.0,0.0,,,,,,,,,,0.41527733605773554
164,12d426c6727d507a,True,1.0,1.0,1.0,1.0,0.280888407183793,1.0,1.0,1.0,0.0,,,,,,,,,,0.6502776272449353
165,0e5653822a7a56b3,True,1.0,1.0,1.0,1.0,1.0,1.0,1.0,1.0,0.0,,,,,,,,,,0.875
166,493c90dce63d5653,True,1.0,1.0,1.0,1.0,0.25727291195502455,1.0,1.0,1.0,0.0,,,,,,,,,,0.6428977849859452
167,20cc0fdb7e2d5c3f,True,1.0,1.0,1.0,1.0,0.22484047443516805,1.0,1.0,0.0,0.0,,,,,,,,,,0.50776264826099
168,b60afdbc7cc65971,True,1.0,0.0,1.0,1.0,0.36386452664935187,1.0,1.0,0.0,0.0,,,,,,,,,,0.0
169,a312f24a197d530c,True,1.0,1.0,1.0,1.0,0.25611273182183897,1.0,1.0,0.0,0.0,,,,,,,,,,0.5175352286943247
170,97c09fe94495563a,True,1.0,1.0,1.0,1.0,0.5634747942815654,1.0,1.0,0.0,0.0,,,,,,,,,,0.6135858732129892
171,b393ab92c8ac5e77,True,1.0,1.0,1.0,1.0,0.21145100126524363,1.0,1.0,0.0,0.0,,,,,,,,,,0.5035784378953887
172,834cf95826ec5c73,True,1.0,0.0,1.0,1.0,0.2018184439940093,1.0,0.0,0.0,0.0,,,,,,,,,,0.0
173,71405d414236553c,True,1.0,1.0,1.0,1.0,0.34286263726938254,1.0,1.0,1.0,0.0,,,,,,,,,,0.6696445741466821
174,847432a116d35db0,True,1.0,1.0,1.0,1.0,1.0,1.0,1.0,1.0,0.0,,,,,,,,,,0.875
175,c33bb70075e7594c,True,1.0,1.0,1.0,1.0,1.0,1.0,1.0,0.0,0.0,,,,,,,,,,0.75
176,28c89352b09b55d4,True,1.0,1.0,1.0,1.0,0.1593081721655718,1.0,1.0,1.0,0.0,,,,,,,,,,0.6122838038017412
177,5d2ee89308f958be,True,1.0,1.0,1.0,1.0,0.20152047289099814,1.0,1.0,0.0,0.0,,,,,,,,,,0.5004751477784369
178,ce8a292cbd7f54d5,True,1.0,1.0,1.0,1.0,0.24468203760017546,1.0,1.0,0.0,0.0,,,,,,,,,,0.5139631367500548
179,813c23718919507a,True,1.0,1.0,1.0,1.0,0.3641234387473529,1.0,1.0,1.0,0.0,,,,,,,,,,0.6762885746085479
180,ef7089ecfb0c5028,True,1.0,1.0,1.0,1.0,0.5029415498686873,1.0,1.0,0.0,0.0,,,,,,,,,,0.5946692343339648
181,76a0c83f0b6453a0,True,1.0,1.0,1.0,1.0,0.30551658274995036,1.0,1.0,0.0,0.0,,,,,,,,,,0.5329739321093595
182,0af68cc78d085fdb,True,1.0,1.0,1.0,1.0,0.17960782893246896,1.0,1.0,1.0,0.0,,,,,,,,,,0.6186274465413966
183,58d69daf413c5d5a,True,1.0,1.0,1.0,1.0,0.16157865875291463,1.0,1.0,1.0,0.0,,,,,,,,,,0.6129933308602858
184,2bd04a0902095129,True,1.0,1.0,1.0,1.0,1.0,1.0,1.0,0.0,0.0,,,,,,,,,,0.75
185,14fe69db03425780,True,1.0,0.0,1.0,1.0,0.31641800820583754,1.0,1.0,1.0,0.0,,,,,,,,,,0.0
186,7b22018666ac5b0e,True,1.0,1.0,1.0,1.0,0.2588576503264814,1.0,1.0,0.0,0.0,,,,,,,,,,0.5183930157270255
187,773cb036b1195879,True,1.0,1.0,1.0,1.0,0.34803662841371397,1.0,1.0,0.0,0.0,,,,,,,,,,0.5462614463792856
188,afe83cb6c0ae5f67,True,1.0,1.0,1.0,1.0,0.23094788368969327,1.0,0.0,0.0,0.0,,,,,,,,,,0.38467121365302914
189,5d5dfc678c9759a1,True,1.0,0.0,1.0,1.0,0.19574351964126696,1.0,0.0,1.0,0.0,,,,,,,,,,0.0
190,580dac44fa305877,True,1.0,1.0,1.0,1.0,0.2041851655101976,1.0,1.0,0.0,0.0,,,,,,,,,,0.5013078642219367
191,e74ca27f40755297,True,1.0,1.0,1.0,1.0,0.27321837828801687,1.0,1.0,1.0,0.0,,,,,,,,,,0.6478807432150053
192,0802a51b0a1d512c,True,1.0,1.0,1.0,1.0,0.10876092284312987,1.0,0.0,1.0,1.0,,,,,,,,,,0.596487788388478
193,6b0d21782a3b5a22,True,1.0,1.0,1.0,1.0,0.20045648980107073,1.0,1.0,0.0,0.0,,,,,,,,,,0.5001426530628346
194,7a8c81a7cd1256e0,True,1.0,1.0,1.0,1.0,0.13007208079044055,1.0,1.0,1.0,0.0,,,,,,,,,,0.6031475252470127
195,ed01297783a05dba,True,1.0,1.0,1.0,1.0,0.2577804755748366,1.0,1.0,0.0,0.0,,,,,,,,,,0.5180563986171365
196,52deeca9acf35603,True,1.0,1.0,1.0,1.0,0.3306907893211395,1.0,1.0,0.0,0.0,,,,,,,,,,0.5408408716628561
197,5da314e6404c5213,True,1.0,1.0,1.0,1.0,1.0,1.0,1.0,0.0,0.0,,,,,,,,,,0.75
198,f9e3a8f1b0ae5d43,True,1.0,1.0,1.0,1.0,0.14072202386301674,1.0,1.0,1.0,0.0,,,,,,,,,,0.6064756324571927
199,b35e48a419d7577f,True,1.0,1.0,1.0,1.0,0.23365560696780543,1.0,1.0,1.0,1.0,,,,,,,,,,0.7605173771774392
200,79e8f1ce9ed95cf6,True,1.0,1.0,1.0,1.0,0.054376501558686605,1.0,0.0,1.0,1.0,,,,,,,,,,0.5794926567370895
201,9502cdbb06dd516f,True,1.0,1.0,1.0,1.0,1.0,1.0,1.0,1.0,1.0,,,,,,,,,,1.0
202,93ca181d363358eb,True,1.0,1.0,1.0,1.0,0.3522892296884156,1.0,1.0,1.0,0.0,,,,,,,,,,0.6725903842776298
203,e9c2b75226b85cfe,True,1.0,1.0,1.0,1.0,0.27337075259886284,1.0,1.0,1.0,0.0,,,,,,,,,,0.6479283601871446
204,43162b00fe4550b8,True,1.0,1.0,1.0,1.0,0.3653166590588879,1.0,1.0,0.0,0.0,,,,,,,,,,0.5516614559559024
205,2e1d4bde0a16514b,True,1.0,1.0,1.0,1.0,0.2387565207576825,1.0,1.0,1.0,0.0,,,,,,,,,,0.6371114127367759
206,ef703bb40b9a516c,True,1.0,1.0,1.0,1.0,0.2827544507356298,1.0,1.0,0.0,0.0,,,,,,,,,,0.5258607658548844
207,f1ae4feebfda5b75,True,1.0,1.0,1.0,1.0,0.1941349800668413,1.0,1.0,1.0,0.0,,,,,,,,,,0.6231671812708879
208,1ea152f7056659a9,True,1.0,1.0,1.0,1.0,0.26318996517282844,1.0,1.0,1.0,0.0,,,,,,,,,,0.6447468641165088
209,53a7531622255064,True,1.0,1.0,1.0,1.0,0.2061479346034955,1.0,1.0,1.0,0.0,,,,,,,,,,0.6269212295635924
210,c5b585ddf50d5f1f,True,1.0,1.0,1.0,1.0,0.41220460855354724,1.0,1.0,1.0,0.0,,,,,,,,,,0.6913139401729835
211,39a1ca97dca75beb,True,1.0,1.0,1.0,1.0,0.2828530190756736,1.0,1.0,0.0,0.0,,,,,,,,,,0.525891568461148
212,57ef08c8f98457d7,True,1.0,1.0,1.0,1.0,0.19985772144274222,1.0,1.0,0.0,0.0,,,,,,,,,,0.49995553795085695
213,cd9d029138325c2c,True,1.0,1.0,1.0,1.0,0.2404157751614135,1.0,1.0,0.0,0.0,,,,,,,,,,0.5126299297379417
214,c1839a3333695317,True,1.0,1.0,1.0,1.0,0.28103991233402,1.0,1.0,0.0,0.0,,,,,,,,,,0.5253249726043813
215,5593db2f64115fbf,True,1.0,1.0,1.0,1.0,1.0,1.0,1.0,0.0,0.0,,,,,,,,,,0.75
216,85f2b1f1f1f45b5c,True,1.0,1.0,1.0,1.0,0.21919346143125845,1.0,1.0,1.0,0.0,,,,,,,,,,0.6309979566972683
217,8a492ff6a81054a7,True,1.0,1.0,1.0,1.0,0.29596080246303763,1.0,1.0,1.0,0.0,,,,,,,,,,0.6549877507696993
218,5d5d1442b83d5c5c,True,1.0,1.0,1.0,1.0,0.27598631433097615,1.0,1.0,1.0,0.0,,,,,,,,,,0.64874572322843
219,c054f473288d5515,True,1.0,1.0,1.0,1.0,0.26755638816662547,1.0,1.0,0.0,0.0,,,,,,,,,,0.5211113713020705
220,686b55439d5e591e,True,1.0,1.0,1.0,1.0,0.0008134562656371834,1.0,1.0,1.0,1.0,,,,,,,,,,0.6877542050830117
221,53f8bc4012fe5f29,True,1.0,1.0,1.0,1.0,0.12324272343200285,1.0,0.0,1.0,0.0,,,,,,,,,,0.47601335107250087
222,b474c79361415cb0,True,1.0,1.0,1.0,1.0,0.13087606050532502,1.0,0.0,1.0,0.0,,,,,,,,,,0.47839876890791405
223,3921f38b62d55f1a,True,1.0,1.0,1.0,1.0,0.4130782953701008,1.0,1.0,1.0,0.0,,,,,,,,,,0.6915869673031565
224,a6edd19740415b54,True,1.0,1.0,1.0,1.0,0.3096821311190694,1.0,1.0,0.0,0.0,,,,,,,,,,0.5342756659747092
225,e8daa33268685b31,True,1.0,1.0,1.0,1.0,1.0,1.0,1.0,1.0,0.0,,,,,,,,,,0.875
226,c9ca538cb3235e43,True,1.0,1.0,1.0,1.0,0.4734705473871126,1.0,1.0,1.0,0.0,,,,,,,,,,0.7104595460584726
227,8f8ccbd6ffcb54b9,True,1.0,1.0,1.0,1.0,0.21012867188011622,1.0,1.0,1.0,0.0,,,,,,,,,,0.6281652099625363
228,3b1e0182cb145b8d,True,1.0,1.0,1.0,1.0,0.2332526083222476,1.0,0.0,0.0,0.0,,,,,,,,,,0.38539144010070236
229,85482a4d20fd5eac,True,1.0,1.0,1.0,1.0,0.25673795242255953,1.0,1.0,0.0,0.0,,,,,,,,,,0.5177306101320498
230,779852a1160f56f9,True,1.0,1.0,1.0,1.0,0.2756390498514807,1.0,1.0,0.0,0.0,,,,,,,,,,0.5236372030785877
231,5f4991d3d2ca5eee,True,1.0,1.0,1.0,1.0,0.1520028034660712,1.0,1.0,1.0,0.0,,,,,,,,,,0.6100008760831472
232,557a287c11cc5960,True,1.0,1.0,1.0,1.0,1.0,1.0,1.0,1.0,0.0,,,,,,,,,,0.875
233,d5b18d6105c25004,True,1.0,1.0,1.0,1.0,0.29316191870771274,1.0,1.0,1.0,0.0,,,,,,,,,,0.6541130995961603
234,18492b6ce9905b13,True,1.0,1.0,1.0,1.0,0.17139788341027176,1.0,1.0,1.0,0.0,,,,,,,,,,0.61606183856571
235,c6bd79f439c254a0,True,1.0,1.0,1.0,1.0,0.2438035599731103,1.0,1.0,0.0,0.0,,,,,,,,,,0.5136886124915969
236,99ebd32df2f453f8,True,1.0,1.0,1.0,1.0,0.29122657473824654,1.0,1.0,0.0,0.0,,,,,,,,,,0.528508304605702
237,d50b69bed8f2570c,True,1.0,1.0,1.0,1.0,0.22490276457747901,1.0,1.0,0.0,0.0,,,,,,,,,,0.5077821139304621
238,2cae5f08e11a5dbd,True,1.0,1.0,1.0,1.0,0.2058675970088854,1.0,1.0,0.0,0.0,,,,,,,,,,0.5018336240652768
239,712427ff1635596c,True,1.0,1.0,1.0,1.0,0.1588506759166885,1.0,1.0,1.0,0.0,,,,,,,,,,0.6121408362239651
240,342f42c4b2855ffb,True,1.0,1.0,1.0,1.0,0.16937755774329094,1.0,1.0,1.0,0.0,,,,,,,,,,0.6154304867947784
241,0b1250020ea95539,True,1.0,1.0,1.0,1.0,0.2899991147583874,1.0,1.0,0.0,0.0,,,,,,,,,,0.5281247233619961
242,74c8385c2d845cde,True,1.0,1.0,1.0,1.0,0.23644844231406756,1.0,1.0,1.0,0.0,,,,,,,,,,0.636390138223146
243,e244b2ddf97a57d6,True,1.0,1.0,1.0,1.0,0.16397410398152062,1.0,1.0,1.0,0.0,,,,,,,,,,0.6137419074942252
244,2030d3a5ed675084,True,1.0,1.0,1.0,1.0,0.30635109744299654,1.0,1.0,0.0,0.0,,,,,,,,,,0.5332347179509365
245,b9f3b69b160e5ad0,True,1.0,1.0,1.0,1.0,0.3781436018595126,1.0,1.0,0.0,0.0,,,,,,,,,,0.5556698755810977
246,13310ca9a7715154,True,1.0,1.0,1.0,1.0,1.0,1.0,1.0,1.0,0.0,,,,,,,,,,0.875
247,59ea5c8c067e57e7,True,1.0,1.0,1.0,1.0,0.298758118944311,1.0,0.0,0.0,0.0,,,,,,,,,,0.40586191217009715
248,757c23c6819c589c,True,1.0,1.0,1.0,1.0,0.22879308355747308,1.0,1.0,0.0,0.0,,,,,,,,,,0.5089978386117103
249,e5d2a01ab5b0562a,True,1.0,1.0,1.0,1.0,0.10916053336549575,1.0,1.0,1.0,0.0,,,,,,,,,,0.5966126666767174
250,df72dca23ca45733,True,1.0,1.0,1.0,1.0,1.0,1.0,1.0,1.0,0.0,,,,,,,,,,0.875
251,56c64f7e47b15e0d,True,1.0,1.0,1.0,1.0,0.12750769305425785,1.0,1.0,1.0,0.0,,,,,,,,,,0.6023461540794556
252,e024bd23594b5a13,True,1.0,1.0,1.0,1.0,0.28990152479237036,1.0,1.0,0.0,0.0,,,,,,,,,,0.5280942264976157
253,179bc3ae5b9f56b0,True,1.0,0.0,1.0,1.0,0.2289969799354592,1.0,1.0,0.0,0.0,,,,,,,,,,0.0
254,98b414a515bb5b99,True,1.0,1.0,1.0,1.0,0.19312798771906958,1.0,1.0,1.0,0.0,,,,,,,,,,0.6228524961622093
255,5d7c7edca69d5e73,True,1.0,1.0,1.0,1.0,1.0,1.0,1.0,0.0,0.0,,,,,,,,,,0.75
256,ab4401719a355a62,True,1.0,1.0,1.0,1.0,0.3372842093873378,1.0,0.0,0.0,0.0,,,,,,,,,,0.41790131543354303
257,3128b8da22c75dd0,True,1.0,0.0,1.0,1.0,0.1981094004098235,1.0,0.0,1.0,0.0,,,,,,,,,,0.0
258,19e90f2757b25f38,True,1.0,1.0,1.0,1.0,0.2662762449659065,1.0,1.0,0.0,0.0,,,,,,,,,,0.5207113265518458
259,551cf39c34f75b25,True,1.0,1.0,1.0,1.0,0.09407960533267894,1.0,1.0,1.0,1.0,,,,,,,,,,0.7168998766664622
260,d45f18da371a5fe5,True,1.0,1.0,1.0,1.0,0.24393982299698563,1.0,1.0,0.0,0.0,,,,,,,,,,0.513731194686558
261,fe22e2c812e65096,True,1.0,1.0,1.0,1.0,0.2015934565586084,1.0,1.0,0.0,0.0,,,,,,,,,,0.5004979551745652
262,f2592c08589e5398,True,1.0,1.0,1.0,1.0,0.21484988095179294,1.0,1.0,0.0,0.0,,,,,,,,,,0.5046405877974354
263,a5f411a2c379503d,True,1.0,1.0,1.0,1.0,0.20685245319766665,1.0,1.0,0.0,0.0,,,,,,,,,,0.5021413916242708
264,67abcf0964415891,True,1.0,1.0,1.0,1.0,0.19443689450805932,1.0,1.0,0.0,0.0,,,,,,,,,,0.49826152953376857
265,d073c3202a7e56da,True,1.0,1.0,1.0,1.0,1.0,1.0,1.0,1.0,0.0,,,,,,,,,,0.875
266,7727bf26f5845499,True,1.0,0.0,1.0,1.0,0.15979242582603073,1.0,1.0,1.0,0.0,,,,,,,,,,0.0
267,f038fc7ffdab5bad,True,1.0,0.0,1.0,1.0,0.32702333915075116,1.0,0.0,1.0,0.0,,,,,,,,,,0.0
268,bcf787cdb66453f0,True,1.0,1.0,1.0,1.0,0.32776361261427717,1.0,1.0,0.0,0.0,,,,,,,,,,0.5399261289419617
269,087023402a695ba3,True,1.0,1.0,1.0,1.0,1.0,1.0,0.0,1.0,0.0,,,,,,,,,,0.75
270,6c9e40634f705f56,True,1.0,1.0,1.0,1.0,0.16237849310178645,1.0,1.0,1.0,0.0,,,,,,,,,,0.6132432790943083
271,ff44394af7265df3,True,1.0,1.0,1.0,1.0,0.11908819854990661,1.0,1.0,0.0,0.0,,,,,,,,,,0.4747150620468458
272,afd632f043e35a49,True,1.0,1.0,1.0,1.0,0.23267012361685,1.0,1.0,0.0,0.0,,,,,,,,,,0.5102094136302656
273,8486dcafaee75d76,True,1.0,1.0,1.0,1.0,1.0,1.0,1.0,0.0,0.0,,,,,,,,,,0.75
274,e1d83d0f913a5263,True,1.0,1.0,1.0,1.0,1.0,1.0,1.0,1.0,0.0,,,,,,,,,,0.875
275,a091a6a6033c559f,True,1.0,1.0,1.0,1.0,0.28860117081508924,1.0,1.0,0.0,0.0,,,,,,,,,,0.5276878658797154
276,1bc892186af15042,True,1.0,1.0,1.0,1.0,0.21559874594906453,1.0,1.0,1.0,0.0,,,,,,,,,,0.6298746081090827
277,c3d6016d73645955,True,1.0,1.0,1.0,1.0,0.36307471935785807,1.0,1.0,1.0,0.0,,,,,,,,,,0.6759608497993306
278,5d3573d6da7952d3,True,1.0,1.0,1.0,1.0,0.26797166851154636,1.0,1.0,0.0,0.0,,,,,,,,,,0.5212411464098583
279,90314b74c92954d6,True,1.0,1.0,1.0,1.0,0.34119529779098906,1.0,1.0,0.0,0.0,,,,,,,,,,0.5441235305596841
280,46deeff0d0495df6,True,1.0,1.0,1.0,1.0,0.2736202509324248,1.0,1.0,1.0,0.0,,,,,,,,,,0.6480063284163827
281,c8507cfbe8575463,True,1.0,1.0,1.0,1.0,0.0840541155866272,1.0,1.0,1.0,1.0,,,,,,,,,,0.713766911120821
282,1a707ed0d7ba541d,True,1.0,1.0,1.0,1.0,0.32973047871017414,1.0,1.0,0.0,0.0,,,,,,,,,,0.5405407745969294
283,e747d6fdc59252f3,True,1.0,1.0,1.0,1.0,0.27991831675589646,1.0,1.0,0.0,0.0,,,,,,,,,,0.5249744739862177
284,d20dc707981f56e7,True,1.0,1.0,1.0,1.0,0.14432563293162723,1.0,1.0,1.0,0.0,,,,,,,,,,0.6076017602911334
285,b6b5f3cc01a05f83,True,1.0,1.0,1.0,1.0,0.19018113316410784,1.0,0.0,1.0,0.0,,,,,,,,,,0.4969316041137837
286,c1e0af56e9eb50b8,True,1.0,1.0,1.0,1.0,1.0,1.0,1.0,1.0,0.0,,,,,,,,,,0.875
287,5041cdf76ecb5ee7,True,1.0,1.0,1.0,1.0,0.12230379966007933,1.0,1.0,1.0,0.0,,,,,,,,,,0.6007199373937748
288,cd7e4f70ce8e539b,True,1.0,1.0,1.0,1.0,0.1885418866132562,1.0,0.0,1.0,0.0,,,,,,,,,,0.4964193395666426
289,a3f2ea7187975b13,True,1.0,1.0,1.0,1.0,1.0,1.0,1.0,1.0,0.0,,,,,,,,,,0.875
290,9b0a5826d2d357d8,True,1.0,1.0,1.0,1.0,0.20146885000381037,1.0,1.0,0.0,0.0,,,,,,,,,,0.5004590156261908
291,ac0c6104c53e581e,True,1.0,1.0,1.0,1.0,1.0,1.0,1.0,1.0,0.0,,,,,,,,,,0.875
292,ffe92084016a5795,True,1.0,1.0,1.0,1.0,0.2048011315686531,1.0,1.0,0.0,0.0,,,,,,,,,,0.5015003536152041
293,4a919f7ea2f65200,True,1.0,1.0,1.0,1.0,0.3668482226443114,1.0,1.0,1.0,0.0,,,,,,,,,,0.6771400695763473
294,75f5cc1f425c501d,True,1.0,1.0,1.0,1.0,0.33761607170778785,1.0,1.0,0.0,0.0,,,,,,,,,,0.5430050224086838
295,84b8eb5b1a5757c1,True,1.0,1.0,1.0,1.0,0.12461676067549797,1.0,1.0,1.0,1.0,,,,,,,,,,0.7264427377110931
296,ad47566ea29a57bf,True,1.0,0.0,1.0,1.0,0.19920608718252708,1.0,1.0,1.0,0.0,,,,,,,,,,0.0
297,afa8102c20685ec5,True,1.0,1.0,1.0,1.0,0.13620339844071006,1.0,1.0,1.0,0.0,,,,,,,,,,0.6050635620127218
298,95b1bc0848e85064,True,1.0,1.0,1.0,1.0,0.12880886345881734,1.0,1.0,1.0,0.0,,,,,,,,,,0.6027527698308804
299,17a015f4ef9b56d0,True,1.0,1.0,1.0,1.0,0.2825037550935028,1.0,1.0,1.0,0.0,,,,,,,,,,0.6507824234667197
300,f23073987e7956e3,True,1.0,1.0,1.0,1.0,0.25594040476071866,1.0,1.0,1.0,0.0,,,,,,,,,,0.6424813764877246
301,c7afdb652a9e5e73,True,1.0,1.0,1.0,1.0,1.0,1.0,1.0,0.0,0.0,,,,,,,,,,0.75
302,2391f12d7e6a5e7f,True,1.0,1.0,1.0,1.0,0.12206712281725281,1.0,1.0,1.0,0.0,,,,,,,,,,0.6006459758803915
303,f14e7ed78b5d55b4,True,1.0,1.0,1.0,1.0,0.15523378735993063,1.0,1.0,1.0,0.0,,,,,,,,,,0.6110105585499783
304,7af0e9b8a12056e8,True,1.0,1.0,1.0,1.0,0.31283667037317725,1.0,1.0,0.0,0.0,,,,,,,,,,0.5352614594916179
305,efa80e78fce1525d,True,1.0,1.0,1.0,1.0,1.0,1.0,1.0,1.0,1.0,,,,,,,,,,1.0
306,99e0c0250e6e54c5,True,1.0,1.0,1.0,1.0,0.16634067644998343,1.0,1.0,1.0,0.0,,,,,,,,,,0.6144814613906198
307,a18d2b32f8415373,True,1.0,1.0,1.0,1.0,0.09903069837208947,1.0,1.0,1.0,1.0,,,,,,,,,,0.718447093241278
308,4dd1ab3a667b5074,True,1.0,1.0,1.0,1.0,0.3092691647944614,1.0,1.0,0.0,0.0,,,,,,,,,,0.5341466139982691
309,c574d461642f5deb,True,1.0,1.0,1.0,1.0,0.2690995193418173,1.0,1.0,0.0,0.0,,,,,,,,,,0.521593599794318
310,ac7bd595b9a3544c,True,1.0,1.0,1.0,1.0,1.0,1.0,1.0,0.0,0.0,,,,,,,,,,0.75
311,9b7108902e7158d6,True,1.0,1.0,1.0,1.0,0.663556333076792,1.0,1.0,0.0,0.0,,,,,,,,,,0.6448613540864975
312,1e9350ac2bc25f59,True,1.0,1.0,1.0,1.0,0.1997067712772254,1.0,1.0,1.0,0.0,,,,,,,,,,0.6249083660241329
313,dd16377ecfa45fe0,True,1.0,1.0,1.0,1.0,0.49380082098690103,1.0,1.0,0.0,0.0,,,,,,,,,,0.5918127565584066
314,398326681cd7500a,True,1.0,1.0,1.0,1.0,0.23111631257382848,1.0,1.0,0.0,0.0,,,,,,,,,,0.5097238476793213
315,e052a41759445a28,True,1.0,1.0,1.0,1.0,0.2030769694810703,1.0,1.0,1.0,0.0,,,,,,,,,,0.6259615529628344
316,b02bf210eda55579,True,1.0,1.0,1.0,1.0,1.0,1.0,0.0,1.0,1.0,,,,,,,,,,0.875
317,d25b6512a43f5e54,True,1.0,1.0,1.0,1.0,0.3213969733816534,1.0,1.0,1.0,0.0,,,,,,,,,,0.6629365541817667
318,c7cb2e43b2d053b7,True,1.0,0.0,1.0,1.0,0.22680704300365076,1.0,1.0,1.0,0.0,,,,,,,,,,0.0
319,06c9339fdc3e5404,True,1.0,0.0,1.0,1.0,0.2176446910816071,1.0,0.0,0.0,0.0,,,,,,,,,,0.0
320,7da863f64a5f5e90,True,1.0,1.0,1.0,1.0,0.25094691873630776,1.0,1.0,0.0,0.0,,,,,,,,,,0.5159209121050962
321,e17587a96a795abf,True,1.0,1.0,1.0,1.0,0.1854251902899401,1.0,1.0,1.0,0.0,,,,,,,,,,0.6204453719656062
322,cfb755b8d37458ac,True,1.0,1.0,1.0,1.0,0.1278830086089735,1.0,1.0,1.0,1.0,,,,,,,,,,0.7274634401903042
323,62103d9b18645ebd,True,1.0,1.0,1.0,1.0,0.1605485444448543,1.0,1.0,1.0,1.0,,,,,,,,,,0.737671420139017
324,00c1e4eb4a045f20,True,1.0,1.0,1.0,1.0,0.19752750057013838,1.0,1.0,0.0,0.0,,,,,,,,,,0.49922734392816825
325,f6b9867069845fd2,True,1.0,1.0,1.0,1.0,1.0,1.0,1.0,0.0,0.0,,,,,,,,,,0.75
326,063dc3e59f7158d9,True,1.0,1.0,1.0,1.0,0.15081672084719464,1.0,1.0,1.0,0.0,,,,,,,,,,0.6096302252647483
327,102627370a1e5b88,True,1.0,1.0,1.0,1.0,0.13630544891839994,1.0,0.0,1.0,1.0,,,,,,,,,,0.605095452787
328,1981a85eb4ba5001,True,1.0,1.0,1.0,1.0,1.0,1.0,1.0,0.0,0.0,,,,,,,,,,0.75
329,689abfdd66235378,True,1.0,1.0,1.0,1.0,0.25864694821009054,1.0,0.0,0.0,0.0,,,,,,,,,,0.3933271713156533
330,6b7c5199f84e5aac,True,1.0,1.0,1.0,1.0,0.2537107170474929,1.0,1.0,0.0,0.0,,,,,,,,,,0.5167845990773415
331,e1f6c044f4235462,True,1.0,1.0,1.0,1.0,0.28913114555792846,1.0,1.0,1.0,0.0,,,,,,,,,,0.6528534829868526
332,613c9ac33f6951ca,True,1.0,1.0,1.0,1.0,0.21813699374781104,1.0,1.0,0.0,0.0,,,,,,,,,,0.5056678105461909
333,c296ded44f9a509a,True,1.0,1.0,1.0,1.0,0.2492169461994494,1.0,0.0,0.0,0.0,,,,,,,,,,0.3903802956873279
334,20728d3e677b593d,True,1.0,1.0,1.0,1.0,0.18251584734251666,1.0,1.0,1.0,0.0,,,,,,,,,,0.6195362022945364
335,262333f372975eef,True,1.0,1.0,1.0,1.0,1.0,1.0,1.0,1.0,0.0,,,,,,,,,,0.875
336,cbc268a868be50c2,True,1.0,1.0,1.0,1.0,0.40033761283645697,1.0,1.0,1.0,0.0,,,,,,,,,,0.6876055040113929
337,1c5c2e372dc954cd,True,1.0,1.0,1.0,1.0,0.28272264782611206,1.0,1.0,0.0,0.0,,,,,,,,,,0.52585082744566
338,132307b3c1a55f97,True,1.0,1.0,1.0,1.0,0.26433632037112226,1.0,1.0,1.0,0.0,,,,,,,,,,0.6451051001159758
339,2ee150fedbb15345,True,1.0,1.0,1.0,1.0,0.21244912934244192,1.0,1.0,0.0,0.0,,,,,,,,,,0.5038903529195131
340,b867b28707205c0b,True,1.0,1.0,1.0,1.0,0.13239089696492726,1.0,1.0,1.0,0.0,,,,,,,,,,0.6038721553015398
341,e2ae05340dba502d,True,1.0,1.0,1.0,1.0,0.3600960897920103,1.0,1.0,0.0,0.0,,,,,,,,,,0.5500300280600032
342,d64a3964875f5b41,True,1.0,0.0,1.0,1.0,0.4039908656667941,1.0,1.0,1.0,0.0,,,,,,,,,,0.0
343,1682c020a94054fa,True,1.0,1.0,1.0,1.0,0.2573179220849386,1.0,1.0,0.0,0.0,,,,,,,,,,0.5179118506515433
344,e22c42694be05703,True,1.0,1.0,1.0,1.0,0.19013905176277382,1.0,1.0,1.0,0.0,,,,,,,,,,0.6219184536758668
345,f3ca2707d87a586b,True,1.0,1.0,1.0,1.0,0.28161891200711703,1.0,1.0,0.0,0.0,,,,,,,,,,0.5255059100022241
346,a19d3096f2625fdb,True,1.0,1.0,1.0,1.0,0.3311653972973546,1.0,1.0,1.0,0.0,,,,,,,,,,0.6659891866554233
347,cf05c9f4f6e55af3,True,1.0,1.0,1.0,1.0,0.3323583950418363,1.0,1.0,1.0,0.0,,,,,,,,,,0.6663619984505739
348,73b2c72a73b458ca,True,1.0,1.0,1.0,1.0,0.13323632116964873,1.0,1.0,1.0,0.0,,,,,,,,,,0.6041363503655153
349,0cd0aaeb35c95094,True,1.0,1.0,1.0,1.0,0.26337646703090356,1.0,1.0,0.0,0.0,,,,,,,,,,0.5198051459471573
350,2c5cbab120595d79,True,1.0,1.0,1.0,1.0,0.22299199859426796,1.0,1.0,0.0,0.0,,,,,,,,,,0.5071849995607087
351,8cec7d21f7dc540b,True,1.0,1.0,1.0,1.0,0.19717588347800807,1.0,1.0,0.0,0.0,,,,,,,,,,0.49911746358687753
352,89e4665cd63a55bd,True,1.0,1.0,1.0,1.0,0.05250723794904027,1.0,1.0,1.0,1.0,,,,,,,,,,0.7039085118590751
353,470cfa23e42757c3,True,1.0,1.0,1.0,1.0,0.15142979535493997,1.0,1.0,1.0,0.0,,,,,,,,,,0.6098218110484188
354,962deb8ccdaf50e3,True,1.0,1.0,1.0,1.0,0.09651973607637203,1.0,1.0,1.0,1.0,,,,,,,,,,0.7176624175238663
355,d715fbc6ea0551f8,True,1.0,1.0,1.0,1.0,1.0,1.0,1.0,1.0,0.0,,,,,,,,,,0.875
356,2382542e05f253df,True,1.0,1.0,1.0,1.0,0.24028695665014976,1.0,1.0,0.0,0.0,,,,,,,,,,0.5125896739531718
357,ce05573741b75133,True,1.0,1.0,1.0,1.0,1.0,1.0,1.0,0.0,0.0,,,,,,,,,,0.75
358,dc207d97e04f5ce1,True,1.0,1.0,1.0,1.0,0.3045387988741744,1.0,1.0,0.0,0.0,,,,,,,,,,0.5326683746481795
359,5065e99644fb5fc2,True,1.0,1.0,1.0,1.0,1.0,1.0,1.0,1.0,0.0,,,,,,,,,,0.875
360,a713265a7f905034,True,1.0,1.0,1.0,1.0,1.0,1.0,1.0,0.0,0.0,,,,,,,,,,0.75
361,6ae2bcc5c2c050e4,True,1.0,1.0,1.0,0.0,1.0,1.0,1.0,0.0,0.0,,,,,,,,,,0.0
362,64f47c2f2c7754cb,True,1.0,1.0,1.0,1.0,1.0,1.0,1.0,1.0,0.0,,,,,,,,,,0.875
363,3b3627c7892d5b5e,True,1.0,1.0,1.0,1.0,0.21798305674499152,1.0,1.0,0.0,0.0,,,,,,,,,,0.5056197052328099
364,42052560d5925f35,True,1.0,1.0,1.0,1.0,0.23579802704462327,1.0,1.0,1.0,0.0,,,,,,,,,,0.6361868834514448
365,e0b92501aa5051b1,True,1.0,1.0,1.0,1.0,1.0,1.0,1.0,1.0,1.0,,,,,,,,,,1.0
366,ae05160436d45a62,True,1.0,0.0,1.0,1.0,0.32902629411833834,1.0,1.0,1.0,0.0,,,,,,,,,,0.0
367,af335d636f4c516e,True,1.0,1.0,1.0,1.0,0.39897183244649026,1.0,1.0,0.0,0.0,,,,,,,,,,0.5621786976395282
368,550f8f2c9795525c,True,1.0,1.0,1.0,1.0,0.2539210966560942,1.0,1.0,1.0,0.0,,,,,,,,,,0.6418503427050295
369,ce2f1ac423965b7a,True,1.0,1.0,1.0,1.0,0.29106050662253297,1.0,1.0,0.0,0.0,,,,,,,,,,0.5284564083195415
370,94d74f87c8435b61,True,1.0,1.0,1.0,1.0,0.00027376056349980016,1.0,1.0,1.0,1.0,,,,,,,,,,0.6875855501760937
371,c195a8cb7ccb59fd,True,1.0,1.0,1.0,1.0,0.11742605954551831,1.0,1.0,1.0,0.0,,,,,,,,,,0.5991956436079744
372,5feede5c5a3c5116,True,1.0,1.0,1.0,1.0,1.0,1.0,1.0,0.0,0.0,,,,,,,,,,0.75
373,5e74b6a61b715f47,True,0.0,1.0,1.0,1.0,0.36785332714930513,0.0,1.0,1.0,0.0,,,,,,,,,,0.0
374,a2047f9cb3865b75,True,1.0,1.0,1.0,1.0,0.0995213360327696,1.0,1.0,1.0,0.0,,,,,,,,,,0.5936004175102405
375,0f422a003dab525e,True,1.0,1.0,1.0,1.0,0.21937804579030554,1.0,1.0,0.0,0.0,,,,,,,,,,0.5060556393094705
376,afbf82af256b5711,True,1.0,1.0,1.0,1.0,1.0,1.0,1.0,1.0,0.0,,,,,,,,,,0.875
377,70f718ebc8b4505e,True,1.0,1.0,1.0,1.0,0.3239540948941003,1.0,1.0,1.0,0.0,,,,,,,,,,0.6637356546544063
378,dded75c35039515f,True,1.0,1.0,1.0,1.0,0.36697866372267207,1.0,1.0,0.0,0.0,,,,,,,,,,0.552180832413335
379,dac84d4f931e54ab,True,1.0,1.0,1.0,1.0,0.21609045495191623,1.0,1.0,0.0,0.0,,,,,,,,,,0.5050282671724738
380,bb5b44d240945ed0,True,1.0,1.0,1.0,1.0,1.0,1.0,1.0,0.0,0.0,,,,,,,,,,0.75
381,05f1a5cbc0905d8e,True,1.0,1.0,1.0,1.0,0.17541016876357463,1.0,1.0,1.0,0.0,,,,,,,,,,0.6173156777386171
382,8237f47b224952b4,True,1.0,1.0,1.0,1.0,0.28592335594566154,1.0,1.0,0.0,0.0,,,,,,,,,,0.5268510487330192
383,c656016133b05a15,True,1.0,1.0,1.0,1.0,1.0,1.0,1.0,1.0,0.0,,,,,,,,,,0.875
384,0fde069313a35062,True,1.0,1.0,1.0,1.0,0.48006790523081583,1.0,1.0,1.0,0.0,,,,,,,,,,0.71252122038463
385,fe9e76e6cac35fba,True,1.0,1.0,1.0,1.0,0.1480576981002078,1.0,1.0,1.0,0.0,,,,,,,,,,0.6087680306563149
386,faa8cd5e541a5b67,True,1.0,1.0,1.0,1.0,0.34564711047238816,1.0,0.0,0.0,0.0,,,,,,,,,,0.4205147220226213
387,8f5b6181d28e5d4a,True,1.0,1.0,1.0,1.0,0.2519337151139397,1.0,1.0,0.0,0.0,,,,,,,,,,0.5162292859731061
388,a2d7be8710535e33,True,1.0,1.0,1.0,1.0,0.3416242004957975,1.0,1.0,1.0,0.0,,,,,,,,,,0.6692575626549367
389,07846b829b3a575e,True,1.0,1.0,1.0,1.0,0.2113973161928999,1.0,1.0,0.0,0.0,,,,,,,,,,0.5035616613102812
390,0ec9a79351355022,True,1.0,1.0,1.0,1.0,1.0,1.0,1.0,1.0,1.0,,,,,,,,,,1.0
391,5c084920ee285003,True,1.0,1.0,1.0,1.0,0.22444620201105717,1.0,1.0,0.0,0.0,,,,,,,,,,0.5076394381284554
392,7feaf6410f1854a8,True,1.0,1.0,1.0,1.0,1.0,1.0,1.0,1.0,0.0,,,,,,,,,,0.875
393,132d1ec43fc058e1,True,1.0,1.0,1.0,1.0,0.28197027091625737,1.0,1.0,0.0,0.0,,,,,,,,,,0.5256157096613304
394,2322850f71fa5c4d,True,1.0,1.0,1.0,1.0,0.26114247670905844,1.0,1.0,1.0,0.0,,,,,,,,,,0.6441070239715807
395,0dc54a8c8203567b,True,1.0,1.0,1.0,1.0,0.20827139015381402,1.0,1.0,0.0,0.0,,,,,,,,,,0.5025848094230669
396,8164612a623156ae,True,1.0,1.0,1.0,1.0,0.2882648009382496,1.0,1.0,0.0,0.0,,,,,,,,,,0.527582750293203
397,3cbb6c030b1e5d19,True,1.0,1.0,1.0,1.0,1.0,1.0,1.0,0.0,0.0,,,,,,,,,,0.75
398,585a681f4ad95682,True,1.0,1.0,1.0,1.0,0.022796523463649455,1.0,1.0,1.0,1.0,,,,,,,,,,0.6946239135823904
399,3d324bda0cec57ab,True,1.0,1.0,1.0,1.0,0.23792150201585985,1.0,1.0,0.0,0.0,,,,,,,,,,0.5118504693799562
400,35b84fa433f0583f,True,1.0,1.0,1.0,1.0,0.19367026444248425,1.0,1.0,1.0,0.0,,,,,,,,,,0.6230219576382763
401,0122ce98b2735558,True,1.0,1.0,1.0,1.0,0.33524842988424136,1.0,1.0,0.0,0.0,,,,,,,,,,0.5422651343388254
402,54a295777c3a5d46,True,1.0,1.0,1.0,1.0,0.16573596126162557,1.0,1.0,1.0,0.0,,,,,,,,,,0.6142924878942579
403,2b8cde20754c5f0c,True,1.0,1.0,1.0,1.0,0.3192938665854762,1.0,0.0,1.0,0.0,,,,,,,,,,0.5372793333079613
404,153ae46b6ba65721,True,1.0,1.0,1.0,1.0,0.18390082975059494,1.0,0.0,0.0,0.0,,,,,,,,,,0.3699690092970609
405,f7a9f82f17b256e2,True,1.0,1.0,1.0,1.0,0.26306835478913043,1.0,1.0,0.0,0.0,,,,,,,,,,0.5197088608716033
406,67b05cf704325e6b,True,1.0,0.0,1.0,1.0,0.22379857062441827,1.0,1.0,0.0,0.0,,,,,,,,,,0.0
407,9d9762d42ff5561d,True,1.0,1.0,1.0,1.0,0.26096467862640743,1.0,1.0,0.0,0.0,,,,,,,,,,0.5190514620707523
408,bb4f37403cea5b0e,True,1.0,1.0,1.0,1.0,0.20123384920100257,1.0,0.0,0.0,0.0,,,,,,,,,,0.3753855778753133
409,25e9d76574075cee,True,1.0,1.0,1.0,1.0,0.19913150121580137,1.0,1.0,0.0,0.0,,,,,,,,,,0.4997285941299379
410,5521dd071ee95c1a,True,1.0,1.0,1.0,1.0,0.21957112822903233,1.0,1.0,0.0,0.0,,,,,,,,,,0.5061159775715727
411,34489cf42e005e93,True,1.0,1.0,1.0,1.0,0.3605062096075565,1.0,1.0,1.0,0.0,,,,,,,,,,0.6751581905023614
412,4972962184a75fa7,True,1.0,1.0,1.0,1.0,0.2492182148608482,1.0,1.0,0.0,0.0,,,,,,,,,,0.515380692144015
413,b1906c6b8b8f5f56,True,1.0,1.0,1.0,1.0,0.2793811143772922,1.0,1.0,0.0,0.0,,,,,,,,,,0.5248065982429038
414,889aac2576295c91,True,1.0,1.0,1.0,1.0,0.2836808244130904,1.0,1.0,0.0,0.0,,,,,,,,,,0.5261502576290907
415,28a4a08f11a05407,True,1.0,1.0,1.0,1.0,0.20104900910498277,1.0,1.0,1.0,0.0,,,,,,,,,,0.6253278153453071
416,289a58bd2ab6512b,True,1.0,1.0,1.0,1.0,0.22578252887292694,1.0,0.0,1.0,0.0,,,,,,,,,,0.5080570402727896
417,f8b524a4e8925503,True,1.0,1.0,1.0,1.0,0.28672099067215956,1.0,1.0,0.0,0.0,,,,,,,,,,0.5271003095850498
418,c28c7b29e80059d2,True,1.0,0.0,1.0,1.0,0.2514714871811962,1.0,1.0,0.0,0.0,,,,,,,,,,0.0
419,467879c3d37054f5,True,1.0,1.0,1.0,1.0,0.2091917755223751,1.0,1.0,0.0,0.0,,,,,,,,,,0.5028724298507422
420,8b8ea705c7fd5e8a,True,1.0,1.0,1.0,1.0,0.26636899292872046,1.0,1.0,1.0,0.0,,,,,,,,,,0.6457403102902252
421,87b2c0e49070537f,True,1.0,1.0,1.0,1.0,1.0,1.0,1.0,1.0,0.0,,,,,,,,,,0.875
422,ae472d675a965aca,True,1.0,1.0,1.0,1.0,0.14807330908530603,1.0,1.0,1.0,0.0,,,,,,,,,,0.6087729090891582
423,4aa44e006ca9579e,True,1.0,1.0,1.0,1.0,0.2503466118549571,1.0,1.0,0.0,0.0,,,,,,,,,,0.5157333162046741
424,184c11a8cc875403,True,1.0,1.0,1.0,1.0,0.24332175467886466,1.0,1.0,0.0,0.0,,,,,,,,,,0.5135380483371452
425,c02f04af32b75648,True,1.0,1.0,1.0,1.0,0.17321865871758296,1.0,1.0,0.0,0.0,,,,,,,,,,0.4916308308492447
426,64a7186ab49b5cdc,True,1.0,1.0,1.0,1.0,0.21834834953793555,1.0,1.0,0.0,0.0,,,,,,,,,,0.5057338592306049
427,e46762b07ca45b74,True,1.0,1.0,1.0,1.0,0.20475533062492926,1.0,1.0,0.0,0.0,,,,,,,,,,0.5014860408202904
428,b5ba1ec901f1522c,True,1.0,1.0,1.0,1.0,0.3084026575778497,1.0,1.0,0.0,0.0,,,,,,,,,,0.533875830493078
429,3067f3d3d5a75989,True,1.0,1.0,1.0,1.0,0.2520003795444372,1.0,1.0,1.0,0.0,,,,,,,,,,0.6412501186076367
430,a417154cf84a5426,True,1.0,1.0,1.0,1.0,1.0,1.0,1.0,0.0,0.0,,,,,,,,,,0.75
431,f41cf739059453a4,True,1.0,1.0,1.0,1.0,0.14022168930581355,1.0,1.0,1.0,0.0,,,,,,,,,,0.6063192779080667
432,a7d3076a7b7b58b2,True,1.0,1.0,1.0,1.0,0.26951122084573526,1.0,1.0,1.0,0.0,,,,,,,,,,0.6467222565142923
433,515fefed28a65a88,True,1.0,1.0,1.0,1.0,0.28712052370920277,1.0,1.0,1.0,0.0,,,,,,,,,,0.6522251636591259
434,5379d354b9b95048,True,1.0,0.0,1.0,1.0,0.21780067034483944,1.0,0.0,0.0,0.0,,,,,,,,,,0.0
435,09446e65ee9a55d3,True,1.0,1.0,1.0,1.0,0.437332156096699,1.0,1.0,0.0,0.0,,,,,,,,,,0.5741662987802184
436,63980d0b4c9352c4,True,1.0,1.0,1.0,1.0,0.20319508506547168,1.0,1.0,0.0,0.0,,,,,,,,,,0.5009984640829599
437,c7e06d79e58454ae,True,1.0,1.0,1.0,1.0,0.29283725879604333,1.0,1.0,0.0,0.0,,,,,,,,,,0.5290116433737635
438,008844070af456e3,True,1.0,1.0,1.0,1.0,0.06084932726920146,1.0,0.0,1.0,1.0,,,,,,,,,,0.5815154147716255
439,a5183d5f2da251fa,True,1.0,1.0,1.0,1.0,0.19099705490036029,1.0,1.0,1.0,0.0,,,,,,,,,,0.6221865796563626
440,49074bfb7c9e5c26,True,1.0,0.0,1.0,1.0,0.21041703970733477,1.0,0.0,0.0,0.0,,,,,,,,,,0.0
441,a44db880afe95be7,True,1.0,1.0,1.0,1.0,0.1200999172210351,1.0,1.0,1.0,0.0,,,,,,,,,,0.6000312241315735
442,d5b86f3b51d3535c,True,1.0,1.0,1.0,1.0,0.17816035524818363,1.0,1.0,0.0,0.0,,,,,,,,,,0.4931751110150574
443,c887e4bc08f85aa5,True,1.0,1.0,1.0,1.0,0.3805638784722278,1.0,1.0,0.0,0.0,,,,,,,,,,0.5564262120225711
444,d20be65e3dc65738,True,1.0,1.0,1.0,1.0,0.266695682785418,1.0,1.0,0.0,0.0,,,,,,,,,,0.5208424008704431
445,8fb11d5808355072,True,1.0,1.0,1.0,1.0,1.0,1.0,1.0,0.0,0.0,,,,,,,,,,0.75
446,87eae54f57ea5690,True,1.0,1.0,1.0,1.0,0.1937484489538226,1.0,1.0,1.0,0.0,,,,,,,,,,0.6230463902980696
447,7857a22b3bc85bb4,True,1.0,1.0,1.0,1.0,0.2489897941139919,1.0,1.0,0.0,0.0,,,,,,,,,,0.5153093106606225
448,da36c99454f65715,True,1.0,1.0,1.0,1.0,0.23898140623291067,1.0,1.0,0.0,0.0,,,,,,,,,,0.5121816894477846
449,cc4bdc0160e157c4,True,1.0,1.0,1.0,1.0,0.1362860827107632,1.0,0.0,1.0,1.0,,,,,,,,,,0.6050894008471135
450,55d87f273908bb975,True,,,,,,,,,,0.0,1.0,1.0,1.0,1.0,0.0,0.0,1.0,1.0,0.0
451,eddb07c8294cf8efd,True,,,,,,,,,,1.0,1.0,1.0,1.0,0.13351169998093168,1.0,1.0,1.0,1.0,0.7292224062440411
452,8413ea29ea72fdfde,True,,,,,,,,,,1.0,1.0,1.0,1.0,0.22092896048840915,1.0,1.0,1.0,0.0,0.6315403001526279
453,e8015a37a1ba3f7a3,True,,,,,,,,,,1.0,1.0,1.0,1.0,0.16952262324005465,1.0,1.0,1.0,0.0,0.6154758197625171
454,f5daa83268d707022,True,,,,,,,,,,1.0,1.0,1.0,1.0,0.09797265591470598,1.0,1.0,1.0,1.0,0.7181164549733456
455,0589a66493d098e9d,True,,,,,,,,,,1.0,1.0,1.0,1.0,0.21415356478316236,1.0,1.0,0.0,0.0,0.5044229889947383
456,c03cd29553653d383,True,,,,,,,,,,1.0,1.0,1.0,1.0,0.1510327384267698,1.0,1.0,1.0,1.0,0.7346977307583655
457,c1d111042e2830ff9,True,,,,,,,,,,1.0,1.0,1.0,1.0,0.13033392044262482,1.0,1.0,1.0,0.0,0.6032293501383202
458,d8ae22f5da35b2ae9,True,,,,,,,,,,1.0,1.0,1.0,1.0,0.20541236322785164,1.0,0.0,0.0,0.0,0.37669136350870364
459,71313a0d415f3ff89,True,,,,,,,,,,1.0,1.0,1.0,1.0,0.10791767048354703,1.0,1.0,1.0,1.0,0.7212242720261084
460,0e447192563e126ef,True,,,,,,,,,,1.0,1.0,1.0,1.0,0.07194820295378196,1.0,1.0,1.0,1.0,0.7099838134230569
461,3c5f6c1f10df6f892,True,,,,,,,,,,1.0,0.0,1.0,1.0,1.0,1.0,1.0,1.0,0.0,0.0
462,81745b0b8691480d6,True,,,,,,,,,,1.0,1.0,1.0,1.0,0.1495898944937486,1.0,1.0,0.0,0.0,0.48424684202929646
463,dcde802c1ad40532b,True,,,,,,,,,,0.0,1.0,1.0,1.0,1.0,0.0,0.0,1.0,0.0,0.0
464,56acd80cef7047ce3,True,,,,,,,,,,1.0,0.0,1.0,1.0,1.0,1.0,0.0,1.0,0.0,0.0
465,757e84df9c3c5f093,True,,,,,,,,,,1.0,0.0,1.0,1.0,1.0,1.0,0.0,1.0,0.0,0.0
466,e1e6ccb3f67db2d88,True,,,,,,,,,,1.0,1.0,0.5,1.0,0.24318248559915395,1.0,0.0,0.0,0.0,0.1942472633748678
467,29e70aa1afb308764,True,,,,,,,,,,0.0,1.0,1.0,1.0,0.4859118923569597,0.0,0.0,0.0,0.0,0.0
468,59f54dd987b4a80fd,True,,,,,,,,,,1.0,1.0,1.0,1.0,0.2089990365019636,1.0,0.0,0.0,0.0,0.3778121989068636
469,d44cdc5b9b4da0e54,True,,,,,,,,,,1.0,1.0,1.0,1.0,0.12709852012500472,1.0,1.0,1.0,0.0,0.602218287539064
470,416a5f6d80036586b,True,,,,,,,,,,1.0,1.0,1.0,1.0,1.0,1.0,0.0,0.0,0.0,0.625
471,5dfa767630b9b975d,True,,,,,,,,,,1.0,1.0,1.0,1.0,0.2733964079139757,1.0,0.0,0.0,0.0,0.3979363774731174
472,0b7a0cf41a68849b4,True,,,,,,,,,,1.0,1.0,1.0,1.0,0.23467851865604702,1.0,1.0,0.0,0.0,0.5108370370800147
473,14a4ca35ab5b9b46d,True,,,,,,,,,,1.0,1.0,1.0,1.0,0.21502045326746344,1.0,1.0,0.0,0.0,0.5046938916460824
474,24ac26ca8ac0e9395,True,,,,,,,,,,1.0,1.0,1.0,1.0,0.320700190577144,1.0,0.0,0.0,0.0,0.4127188095553575
475,66fb23ec0e555548e,True,,,,,,,,,,1.0,1.0,1.0,1.0,0.009397188295007087,1.0,1.0,1.0,1.0,0.6904366213421897
476,c2c820f86bd4ff546,True,,,,,,,,,,1.0,1.0,1.0,1.0,0.15396562161976335,1.0,1.0,1.0,0.0,0.6106142567561761
477,d4866f416d8d48597,True,,,,,,,,,,1.0,0.0,1.0,1.0,1.0,1.0,0.0,0.0,0.0,0.0
478,781d4b5658394c5ca,True,,,,,,,,,,1.0,1.0,1.0,1.0,0.27917437045605403,1.0,0.0,1.0,0.0,0.5247419907675168
479,efd390e03153a7806,True,,,,,,,,,,1.0,1.0,1.0,1.0,0.18400741936995574,1.0,1.0,1.0,0.0,0.6200023185531112
480,ecccff94c00a6bd77,True,,,,,,,,,,0.0,1.0,1.0,1.0,1.0,0.0,1.0,1.0,0.0,0.0
481,0fd0f1481edb016f4,True,,,,,,,,,,1.0,1.0,1.0,1.0,0.2365788219546444,1.0,1.0,1.0,0.0,0.6364308818608264
482,a96a23b6f09cca0ae,True,,,,,,,,,,1.0,1.0,1.0,1.0,0.20167144682841595,1.0,0.0,0.0,0.0,0.37552232713388
483,588f47bdc35784c16,True,,,,,,,,,,1.0,1.0,1.0,1.0,0.13826336368030426,1.0,0.0,1.0,0.0,0.4807073011500951
484,b7b75d4d1f9b05cac,True,,,,,,,,,,1.0,0.0,1.0,1.0,0.15826063388580722,1.0,0.0,1.0,0.0,0.0
485,46790b0b88d5ee5b3,True,,,,,,,,,,1.0,1.0,1.0,1.0,1.0,1.0,1.0,1.0,1.0,1.0
486,dab873d7c23152d34,True,,,,,,,,,,1.0,1.0,1.0,1.0,0.2521948314019884,1.0,0.0,0.0,0.0,0.3913108848131214
487,6492cabed87012413,True,,,,,,,,,,1.0,1.0,1.0,1.0,0.31364377777482466,1.0,0.0,1.0,0.0,0.5355136805546328
488,06b56c8b5f4b02d36,True,,,,,,,,,,1.0,1.0,1.0,1.0,0.19624900887630733,1.0,1.0,1.0,1.0,0.7488278152738461
489,91e4c1dcd12d3cf3c,True,,,,,,,,,,1.0,1.0,1.0,1.0,0.43021623069246573,1.0,1.0,0.0,0.0,0.5719425720913955
490,14fb3ae1207501c5b,True,,,,,,,,,,1.0,1.0,1.0,1.0,0.05628238589905198,1.0,1.0,1.0,1.0,0.7050882455934537
491,fd45bba33b3dcb719,True,,,,,,,,,,1.0,1.0,1.0,1.0,0.1399273193674391,1.0,1.0,1.0,1.0,0.7312272873023247
492,60d8762d0c173197e,True,,,,,,,,,,1.0,0.0,1.0,1.0,0.16861300099662313,1.0,0.0,1.0,0.0,0.0
493,94e0532c49d982780,True,,,,,,,,,,1.0,0.0,1.0,1.0,1.0,1.0,0.0,0.0,0.0,0.0
494,819c74509b391434b,True,,,,,,,,,,1.0,1.0,1.0,1.0,0.18880575501425667,1.0,0.0,1.0,0.0,0.4965017984419552
495,ba3bd0fad9e3fb6eb,True,,,,,,,,,,1.0,1.0,1.0,1.0,0.03685922897630824,1.0,1.0,1.0,1.0,0.6990185090550963
496,579b0b533f44a8dd1,True,,,,,,,,,,1.0,1.0,1.0,1.0,0.037654679996552615,1.0,0.0,1.0,1.0,0.5742670874989226
497,1a04dd2fcf47b0404,True,,,,,,,,,,1.0,1.0,1.0,1.0,0.15527396149943495,1.0,1.0,1.0,0.0,0.6110231129685735
498,581c763cd78c9643e,True,,,,,,,,,,1.0,1.0,1.0,1.0,1.0,1.0,1.0,1.0,1.0,1.0
499,0ab9b133a9d7aad86,True,,,,,,,,,,1.0,1.0,1.0,1.0,1.0,1.0,0.0,1.0,1.0,0.875
500,1fe19452daacb7953,True,,,,,,,,,,1.0,1.0,1.0,1.0,1.0,1.0,1.0,1.0,0.0,0.875
501,34b9989a51da95af0,True,,,,,,,,,,1.0,1.0,1.0,1.0,0.47737912490168144,1.0,0.0,0.0,0.0,0.4616809765317754
502,c97f59b36279e74ae,True,,,,,,,,,,1.0,1.0,0.5,1.0,1.0,1.0,0.0,1.0,0.0,0.375
503,e4f6fd6cc0e09d70c,True,,,,,,,,,,1.0,0.0,1.0,1.0,1.0,1.0,1.0,0.0,0.0,0.0
504,68dc2b23bd498da89,True,,,,,,,,,,1.0,1.0,1.0,1.0,0.07711091742700897,1.0,1.0,1.0,1.0,0.7115971616959402
505,8dd4aa8138b3d9500,True,,,,,,,,,,0.0,1.0,1.0,1.0,1.0,0.0,1.0,0.0,0.0,0.0
506,a3a4072d8e5ed009f,True,,,,,,,,,,1.0,1.0,1.0,1.0,0.18290204639057583,1.0,0.0,1.0,0.0,0.49465688949705494
507,ae6ddb39ee6d093e7,True,,,,,,,,,,0.0,1.0,1.0,1.0,1.0,0.0,0.0,1.0,0.0,0.0
508,b06305fffe2e19174,True,,,,,,,,,,1.0,1.0,0.5,1.0,0.23497016856238753,1.0,0.0,0.0,0.0,0.19296408883787305
509,b87411a579f9d7c9e,True,,,,,,,,,,1.0,1.0,1.0,1.0,0.04866710803019067,1.0,1.0,1.0,1.0,0.7027084712594346
510,dab86e6eab3ddf22e,True,,,,,,,,,,1.0,1.0,1.0,1.0,0.39412529164905236,1.0,1.0,1.0,0.0,0.6856641536403288
511,6e06dc9cb502fab19,True,,,,,,,,,,1.0,1.0,1.0,1.0,1.0,1.0,1.0,1.0,0.0,0.875
512,545989b6d92a09061,True,,,,,,,,,,1.0,1.0,0.5,1.0,0.5562559207454509,1.0,0.0,1.0,0.0,0.3056649876164767
513,88c5a08bcfdda91cd,True,,,,,,,,,,1.0,1.0,1.0,1.0,0.27493419888450726,1.0,1.0,0.0,0.0,0.5234169371514086
514,6a1ac7cf335eb8310,True,,,,,,,,,,0.5,0.0,0.5,1.0,1.0,0.0,0.0,0.0,0.0,0.0
515,486265f291210faed,True,,,,,,,,,,1.0,1.0,1.0,1.0,0.30981736831039686,1.0,1.0,0.0,0.0,0.534317927596999
516,aa7d114cf25b1f9f0,True,,,,,,,,,,1.0,1.0,1.0,1.0,0.2054197662187954,1.0,0.0,0.0,0.0,0.3766936769433736
517,022f2dcc42d892201,True,,,,,,,,,,1.0,1.0,1.0,1.0,0.12947788976125127,1.0,0.0,1.0,0.0,0.47796184055039104
518,f67482126c7b323a5,True,,,,,,,,,,1.0,1.0,1.0,1.0,0.19720950956944763,1.0,0.0,0.0,0.0,0.37412797174045237
519,83162d3d6d41557e9,True,,,,,,,,,,1.0,1.0,1.0,1.0,1.0,1.0,0.0,1.0,0.0,0.75
520,28d6fffc098e43af8,True,,,,,,,,,,1.0,1.0,1.0,0.0,0.20637560751438497,1.0,0.0,1.0,0.0,0.0
521,2f70249e5e3153c88,True,,,,,,,,,,1.0,1.0,1.0,1.0,0.17821941299913102,1.0,0.0,1.0,0.0,0.49319356656222846
522,da2b9a69d4322c6e8,True,,,,,,,,,,1.0,1.0,1.0,1.0,0.11049267802955298,1.0,1.0,1.0,0.0,0.5970289618842353
523,4fa35324bdae11dda,True,,,,,,,,,,1.0,0.0,1.0,1.0,1.0,1.0,0.0,0.0,0.0,0.0
524,233db9b81971aca2a,True,,,,,,,,,,1.0,1.0,1.0,1.0,0.07421488307568737,1.0,1.0,1.0,1.0,0.7106921509611523
525,71f3d5ae763258af7,True,,,,,,,,,,1.0,0.0,1.0,1.0,0.3809445634836688,1.0,0.0,1.0,0.0,0.0
526,1e733017715140218,True,,,,,,,,,,1.0,1.0,1.0,1.0,0.19505779233986142,1.0,1.0,1.0,0.0,0.6234555601062066
527,779362891364950a1,True,,,,,,,,,,1.0,1.0,1.0,1.0,0.1792911758252528,1.0,1.0,1.0,0.0,0.6185284924453915
528,7926b91284ef771fd,True,,,,,,,,,,1.0,1.0,1.0,1.0,0.39166984569285107,1.0,1.0,1.0,0.0,0.684896826779016
529,5f69ad192f42e1e35,True,,,,,,,,,,1.0,1.0,1.0,1.0,0.16602286577872397,1.0,1.0,1.0,0.0,0.6143821455558512
530,996756f9de2d21bac,True,,,,,,,,,,1.0,1.0,1.0,1.0,0.4964283400573073,1.0,0.0,1.0,0.0,0.5926338562679085
531,ca20bcf8f65e1fa9b,True,,,,,,,,,,1.0,1.0,1.0,1.0,0.12742015845838608,1.0,1.0,1.0,1.0,0.7273187995182456
532,f13330e16c05c5902,True,,,,,,,,,,1.0,1.0,1.0,1.0,0.0767953320449774,1.0,1.0,1.0,1.0,0.7114985412640554
533,47fd69d104912e67a,True,,,,,,,,,,1.0,1.0,1.0,1.0,0.04021737508728807,1.0,1.0,1.0,1.0,0.7000679297147776
534,0f9705c901c463e2c,True,,,,,,,,,,1.0,1.0,1.0,1.0,0.10310104978615825,1.0,1.0,1.0,1.0,0.7197190780581745
535,46b622275a28d1d2d,True,,,,,,,,,,1.0,0.0,1.0,1.0,0.617264603832426,1.0,0.0,0.0,0.0,0.0
536,51cb45da3827bd0fb,True,,,,,,,,,,1.0,1.0,1.0,1.0,0.08553250825559751,1.0,1.0,1.0,0.0,0.5892289088298742
537,1f607fe68e3fc6846,True,,,,,,,,,,1.0,1.0,1.0,1.0,1.0,1.0,1.0,1.0,0.0,0.875
538,363ef196e8503db27,True,,,,,,,,,,1.0,1.0,1.0,1.0,0.08534817299162582,1.0,1.0,1.0,0.0,0.589171304059883
539,e56578b2f08218e36,True,,,,,,,,,,0.5,1.0,1.0,1.0,0.2574309149667584,0.0,0.0,0.0,0.0,0.040223580463556
540,b3e74e5b534575941,True,,,,,,,,,,1.0,1.0,1.0,1.0,0.0015780027130501406,1.0,1.0,1.0,1.0,0.6879931258478282
541,64c25286434cfc0a6,True,,,,,,,,,,1.0,1.0,1.0,1.0,0.2560604184832906,1.0,1.0,0.0,0.0,0.5175188807760283
542,95f89994ef4b0b0e3,True,,,,,,,,,,1.0,1.0,1.0,1.0,0.22658938106551765,1.0,0.0,0.0,0.0,0.3833091815829743
543,d7a37061fcfc5dfd1,True,,,,,,,,,,1.0,1.0,1.0,1.0,1.0,1.0,1.0,1.0,0.0,0.875
544,6dc215cf4dcd911e3,True,,,,,,,,,,1.0,1.0,1.0,1.0,0.0,1.0,1.0,1.0,1.0,0.6875
545,5ee839d646b6d620e,True,,,,,,,,,,1.0,1.0,1.0,1.0,0.18658078947014503,1.0,0.0,1.0,0.0,0.49580649670942034
546,43510bb262d6965b6,True,,,,,,,,,,1.0,1.0,1.0,1.0,0.013047346999587697,1.0,1.0,1.0,1.0,0.6915772959373712
547,80de7b5aab26bbca8,True,,,,,,,,,,1.0,0.0,1.0,1.0,0.4214603208707115,1.0,0.0,0.0,0.0,0.0
548,881d6a8509303a3b0,True,,,,,,,,,,1.0,1.0,1.0,1.0,0.0394585688500847,1.0,1.0,1.0,1.0,0.6998308027656515
549,3e6a2a1cb427bfc4d,True,,,,,,,,,,1.0,1.0,1.0,1.0,1.0,1.0,0.0,1.0,0.0,0.75
550,54319e96916504611,True,,,,,,,,,,1.0,1.0,1.0,1.0,0.16052184436362402,1.0,0.0,1.0,0.0,0.4876630763636325
551,4876fb179a00309b5,True,,,,,,,,,,1.0,1.0,1.0,1.0,0.02821960257621168,1.0,1.0,1.0,1.0,0.6963186258050662
552,f9b640894b4a02a02,True,,,,,,,,,,1.0,1.0,0.0,1.0,1.0,1.0,0.0,0.0,0.0,0.0
553,0af32ef4c6cb2b293,True,,,,,,,,,,1.0,1.0,0.5,1.0,1.0,1.0,0.0,0.0,0.0,0.3125
554,6a1a3e7fd861ab333,True,,,,,,,,,,1.0,0.0,1.0,1.0,1.0,1.0,1.0,1.0,0.0,0.0
555,d55cfce0d6370e76b,True,,,,,,,,,,1.0,1.0,1.0,1.0,0.23056838088974277,1.0,0.0,0.0,0.0,0.3845526190280446
556,1a764c92b4c5c5a8a,True,,,,,,,,,,1.0,1.0,1.0,1.0,0.18412335274406733,1.0,0.0,1.0,0.0,0.49503854773252104
557,9a2e4a7f632a3fd8c,True,,,,,,,,,,1.0,0.0,1.0,1.0,1.0,1.0,0.0,0.0,0.0,0.0
558,f19d36e6d48219eba,True,,,,,,,,,,1.0,0.0,0.5,1.0,1.0,1.0,0.0,1.0,0.0,0.0
559,c24ef0bd2ded98fef,True,,,,,,,,,,1.0,1.0,1.0,1.0,0.026529192303610675,1.0,0.0,1.0,1.0,0.5707903725948784
560,a2924cf3c11b98cb0,True,,,,,,,,,,1.0,1.0,1.0,1.0,0.18647261237125748,1.0,0.0,1.0,0.0,0.495772691366018
561,d8052b68418709942,True,,,,,,,,,,1.0,1.0,1.0,1.0,0.19066699187636393,1.0,1.0,1.0,0.0,0.6220834349613638
562,ba3335342af8a6b57,True,,,,,,,,,,1.0,1.0,1.0,1.0,0.20524253390020422,1.0,0.0,0.0,0.0,0.3766382918438138
563,0222e5d829f11ad1c,True,,,,,,,,,,1.0,0.0,0.5,1.0,1.0,1.0,0.0,1.0,0.0,0.0
564,246a9b54a485510a5,True,,,,,,,,,,1.0,1.0,1.0,1.0,1.0,1.0,1.0,1.0,0.0,0.875
565,4479be8eef64a3460,True,,,,,,,,,,1.0,1.0,1.0,1.0,0.009934130050386266,1.0,1.0,1.0,1.0,0.6906044156407457
566,08888312c5d67618e,True,,,,,,,,,,1.0,1.0,1.0,1.0,0.30527388105151043,1.0,0.0,0.0,0.0,0.40789808782859704
567,80412ca123ecd72bc,True,,,,,,,,,,1.0,1.0,1.0,1.0,0.16879992933275745,1.0,1.0,1.0,0.0,0.6152499779164867
568,cc2b7831784a6242d,True,,,,,,,,,,1.0,1.0,1.0,1.0,0.0,1.0,1.0,1.0,1.0,0.6875
569,cd43d27167de6cc79,True,,,,,,,,,,1.0,0.0,0.0,1.0,1.0,1.0,0.0,0.0,0.0,0.0
570,4c8f4212a26a493af,True,,,,,,,,,,1.0,1.0,1.0,1.0,1.0,0.0,1.0,1.0,0.0,0.5625
571,ca78ccfc1f366ca72,True,,,,,,,,,,1.0,1.0,0.5,1.0,1.0,1.0,0.0,0.0,0.0,0.3125
572,96cc2557a7240b2e7,True,,,,,,,,,,1.0,1.0,1.0,1.0,0.518894691854935,1.0,1.0,1.0,0.0,0.7246545912046671
573,07c652f78c0509a49,True,,,,,,,,,,1.0,0.0,1.0,1.0,0.17352988091983487,1.0,1.0,1.0,0.0,0.0
574,7eb1127a01c79ed76,True,,,,,,,,,,1.0,1.0,1.0,1.0,0.16622262234174273,1.0,1.0,1.0,0.0,0.6144445694817946
575,d039fdc59dc6803bb,True,,,,,,,,,,1.0,1.0,1.0,1.0,0.13146808417888764,1.0,1.0,1.0,0.0,0.6035837763059024
576,a8e077fe91ae167df,True,,,,,,,,,,1.0,1.0,1.0,1.0,0.1715929971387347,1.0,0.0,1.0,0.0,0.4911228116058546
577,c35b2274d82ebf3a1,True,,,,,,,,,,1.0,1.0,1.0,1.0,0.1386175580409316,1.0,1.0,1.0,0.0,0.6058179868877911
578,c303322f8c6fe45b9,True,,,,,,,,,,1.0,1.0,1.0,1.0,1.0,1.0,0.0,1.0,1.0,0.875
579,b7f7527c14d0de1ef,True,,,,,,,,,,1.0,1.0,0.0,1.0,1.0,1.0,0.0,0.0,0.0,0.0
580,9632710f733828256,True,,,,,,,,,,1.0,1.0,1.0,1.0,0.2504341373490455,1.0,0.0,0.0,0.0,0.3907606679215767
581,57eb7d1fb4d00dce9,True,,,,,,,,,,1.0,1.0,1.0,1.0,0.35529377536162954,1.0,0.0,1.0,0.0,0.5485293048005092
582,63587c0f95bcdef4c,True,,,,,,,,,,1.0,0.0,0.5,1.0,1.0,1.0,0.0,1.0,0.0,0.0
583,87f3ff9f4e16ee2e1,True,,,,,,,,,,1.0,1.0,1.0,1.0,0.32626894628016206,1.0,0.0,0.0,0.0,0.41445904571255066
584,1e76d24e6c9b36a12,True,,,,,,,,,,1.0,0.0,1.0,1.0,0.27024793041389383,1.0,0.0,0.0,0.0,0.0
585,120c21d6c27040aa9,True,,,,,,,,,,1.0,1.0,1.0,1.0,0.12755917430350766,1.0,1.0,1.0,0.0,0.6023622419698461
586,cbb71f7b0aeef65da,True,,,,,,,,,,1.0,1.0,1.0,1.0,0.0014308611839384292,1.0,0.0,1.0,1.0,0.5629471441199807
587,82fb1914f91a82579,True,,,,,,,,,,1.0,0.0,1.0,1.0,0.23169232181527702,1.0,0.0,0.0,0.0,0.0
588,b88788ff5a11cb94f,True,,,,,,,,,,1.0,1.0,1.0,1.0,0.12689882758004753,1.0,1.0,1.0,1.0,0.7271558836187648
589,94c404a1f903addc1,True,,,,,,,,,,1.0,1.0,1.0,1.0,0.009108502440550316,1.0,1.0,1.0,1.0,0.6903464070126719
590,c3d1977a554fb24b2,True,,,,,,,,,,1.0,1.0,1.0,1.0,0.1723365140632034,1.0,0.0,1.0,0.0,0.49135516064475104
591,703b1c2f2088dc549,True,,,,,,,,,,1.0,1.0,1.0,1.0,1.0,1.0,0.0,1.0,0.0,0.75
592,f0d9c76a3b3a29839,True,,,,,,,,,,1.0,1.0,1.0,1.0,0.4489263002877884,1.0,0.0,1.0,0.0,0.5777894688399339
593,3eee54f31bcaed95d,True,,,,,,,,,,1.0,1.0,1.0,1.0,0.18932863733249816,1.0,0.0,1.0,0.0,0.49666519916640567
594,fc25d83ed4ec8aaad,True,,,,,,,,,,1.0,1.0,1.0,1.0,0.0028877924708221162,1.0,0.0,1.0,1.0,0.5634024351471318
595,6e6061d855992b2c3,True,,,,,,,,,,1.0,1.0,1.0,1.0,0.13423584532562888,1.0,0.0,1.0,0.0,0.479448701664259
596,1fbe931a028dff6f9,True,,,,,,,,,,1.0,1.0,0.5,1.0,1.0,1.0,0.0,0.0,0.0,0.3125
597,9419f81f3116fcd08,True,,,,,,,,,,0.0,1.0,1.0,1.0,1.0,0.0,1.0,1.0,0.0,0.0
598,c73438b8126946550,True,,,,,,,,,,1.0,1.0,1.0,1.0,0.20238176306228695,1.0,0.0,0.0,0.0,0.37574430095696465
599,62660d36960de718f,True,,,,,,,,,,1.0,1.0,1.0,1.0,0.11757236602088124,1.0,1.0,1.0,0.0,0.5992413643815253
600,64817a4fdc07fc93a,True,,,,,,,,,,1.0,1.0,1.0,1.0,0.0,1.0,0.0,1.0,1.0,0.5625
601,5c23f7f4493bf911d,True,,,,,,,,,,1.0,1.0,1.0,1.0,0.2032755049436637,1.0,0.0,0.0,0.0,0.37602359529489493
602,bf8b68552794d8026,True,,,,,,,,,,1.0,1.0,1.0,1.0,0.18606580043658894,1.0,0.0,0.0,0.0,0.37064556263643406
603,344138bb06fa0b513,True,,,,,,,,,,1.0,0.0,1.0,1.0,1.0,1.0,0.0,0.0,0.0,0.0
604,f5714362919202c36,True,,,,,,,,,,1.0,1.0,1.0,1.0,0.009166642358555934,1.0,1.0,1.0,1.0,0.6903645757370487
605,50bb35a33ba92cd52,True,,,,,,,,,,1.0,1.0,1.0,1.0,0.0,1.0,1.0,1.0,1.0,0.6875
606,bccc789380086dadb,True,,,,,,,,,,1.0,1.0,1.0,1.0,0.23098012438788412,1.0,0.0,1.0,0.0,0.5096812888712138
607,cf74c1bc63f84da49,True,,,,,,,,,,1.0,1.0,1.0,1.0,0.27202142006092483,1.0,0.0,0.0,0.0,0.397506693769039
608,53932082fb71ad6d8,True,,,,,,,,,,1.0,0.0,1.0,1.0,0.18300050763703968,1.0,1.0,1.0,0.0,0.0
609,90560af9aba9040f6,True,,,,,,,,,,1.0,1.0,1.0,1.0,0.25815499327367863,1.0,0.0,1.0,0.0,0.5181734353980245
610,2c09013af79e257fd,True,,,,,,,,,,1.0,0.0,1.0,1.0,0.20227558709640997,1.0,0.0,0.0,0.0,0.0
611,db8ce7c16bd7a04ef,True,,,,,,,,,,1.0,1.0,1.0,1.0,0.10399816419287214,1.0,1.0,1.0,0.0,0.5949994263102725
612,f66f81ffd843802cd,True,,,,,,,,,,1.0,1.0,1.0,1.0,0.5064180231282862,1.0,1.0,0.0,0.0,0.5957556322275894
613,217065a6aefbd8186,True,,,,,,,,,,1.0,1.0,1.0,1.0,0.17915335800782134,1.0,1.0,1.0,0.0,0.6184854243774441
614,aae1be1d1482069d0,True,,,,,,,,,,1.0,0.0,1.0,1.0,0.41000345058226656,1.0,0.0,0.0,0.0,0.0
615,769c42d02e0f583b2,True,,,,,,,,,,1.0,1.0,0.5,1.0,1.0,1.0,0.0,1.0,0.0,0.375
616,2407bd58b67ea70b2,True,,,,,,,,,,1.0,1.0,1.0,1.0,0.3091826921581694,1.0,0.0,1.0,0.0,0.5341195912994279
617,a1a35da673b8752f6,True,,,,,,,,,,1.0,1.0,1.0,1.0,0.28294965147275225,1.0,1.0,1.0,0.0,0.6509217660852351
618,d853fa4b72196af01,True,,,,,,,,,,0.0,1.0,1.0,1.0,1.0,0.0,1.0,1.0,1.0,0.0
619,953bd3451def71fb4,True,,,,,,,,,,1.0,1.0,1.0,1.0,0.09840243236241375,1.0,1.0,1.0,0.0,0.5932507601132543
620,cffdc69f30e1aeda2,True,,,,,,,,,,1.0,1.0,1.0,1.0,0.3049453413402118,1.0,1.0,1.0,0.0,0.6577954191688162
621,cc716ed59dd6f0250,True,,,,,,,,,,1.0,1.0,1.0,1.0,0.13674260692954074,1.0,1.0,1.0,0.0,0.6052320646654814
622,5b491d7bff86c3e61,True,,,,,,,,,,1.0,1.0,1.0,1.0,0.20382314855660721,1.0,1.0,1.0,0.0,0.6261947339239398
623,52454445f992935d8,True,,,,,,,,,,1.0,1.0,1.0,1.0,0.40083699200541717,1.0,1.0,1.0,0.0,0.6877615600016929
624,b04390988b4a74994,True,,,,,,,,,,1.0,1.0,1.0,1.0,0.3001512509727602,1.0,1.0,1.0,0.0,0.6562972659289876
625,49d2336208d2cac37,True,,,,,,,,,,1.0,1.0,1.0,1.0,0.2771378413528597,1.0,1.0,0.0,0.0,0.5241055754227686
626,aacc85e9299b2ee56,True,,,,,,,,,,1.0,1.0,1.0,1.0,0.3229972519078366,1.0,1.0,1.0,0.0,0.6634366412211989
627,151d16ac2d96ae161,True,,,,,,,,,,1.0,1.0,1.0,1.0,1.0,1.0,1.0,1.0,1.0,1.0
628,d1c72c5965ad4f57e,True,,,,,,,,,,1.0,1.0,1.0,1.0,0.17593085681443735,1.0,0.0,0.0,0.0,0.36747839275451166
629,5d4aa32c37f581673,True,,,,,,,,,,1.0,0.0,1.0,1.0,0.309698032588055,1.0,0.0,1.0,0.0,0.0
630,e855857341cd72c99,True,,,,,,,,,,1.0,1.0,1.0,1.0,0.171652438435355,1.0,1.0,1.0,0.0,0.6161413870110484
631,ac3ff7df2071920ad,True,,,,,,,,,,1.0,1.0,1.0,1.0,1.0,1.0,0.0,1.0,0.0,0.75
632,f6ee18e1982a51d52,True,,,,,,,,,,1.0,1.0,1.0,1.0,0.018607030198703727,1.0,1.0,1.0,1.0,0.6933146969370949
633,75bc6c0b77408dcd2,True,,,,,,,,,,1.0,0.0,1.0,1.0,0.367821139253751,1.0,1.0,1.0,0.0,0.0
634,7ff58b20e56a787e0,True,,,,,,,,,,1.0,1.0,1.0,1.0,0.2076424028608209,1.0,0.0,1.0,0.0,0.5023882508940065
635,7acc87fed29fbe645,True,,,,,,,,,,1.0,1.0,0.5,1.0,0.4777497777743273,1.0,0.0,1.0,0.0,0.2933984027772386
636,87c28ad76ca252469,True,,,,,,,,,,1.0,1.0,1.0,1.0,1.0,1.0,0.0,1.0,0.0,0.75
637,35af9247ec4aef73d,True,,,,,,,,,,1.0,0.0,1.0,1.0,0.2309076140056726,1.0,0.0,0.0,0.0,0.0
638,946712c7d5a1cec37,True,,,,,,,,,,1.0,1.0,1.0,1.0,0.30981828386715,1.0,0.0,0.0,0.0,0.40931821370848437
639,24d58aedbf92c910a,True,,,,,,,,,,1.0,1.0,1.0,1.0,0.22328638705666515,1.0,1.0,0.0,0.0,0.5072769959552079
640,15ab133cee3e14b85,True,,,,,,,,,,1.0,1.0,1.0,1.0,1.0,1.0,1.0,0.0,0.0,0.75
641,b4c09963d7ae450c8,True,,,,,,,,,,1.0,0.0,1.0,1.0,1.0,1.0,0.0,0.0,0.0,0.0
642,aded499bdbf17f962,True,,,,,,,,,,1.0,0.0,1.0,1.0,0.3899987580347709,1.0,0.0,1.0,0.0,0.0
643,e0b4f883827dd8c7f,True,,,,,,,,,,1.0,1.0,1.0,1.0,0.17231661849750932,1.0,1.0,1.0,0.0,0.6163489432804716
644,32dda48eecd064f26,True,,,,,,,,,,1.0,1.0,1.0,1.0,0.06729585482483567,1.0,0.0,1.0,1.0,0.5835299546327611
645,558bb29151a7f95b1,True,,,,,,,,,,1.0,1.0,1.0,1.0,1.0,1.0,0.0,1.0,0.0,0.75
646,5a6b5af2e36371f17,True,,,,,,,,,,1.0,1.0,1.0,1.0,0.0,1.0,1.0,1.0,1.0,0.6875
647,299f646dfb858774d,True,,,,,,,,,,1.0,1.0,1.0,1.0,0.3169184170678847,1.0,0.0,0.0,0.0,0.41153700533371396
648,18baf55921621bf61,True,,,,,,,,,,1.0,1.0,1.0,1.0,0.41680785549301635,1.0,1.0,0.0,0.0,0.5677524548415676
649,45eccc47d6cb959e7,True,,,,,,,,,,1.0,1.0,1.0,1.0,0.0,1.0,1.0,1.0,1.0,0.6875
650,427e704f6c39ca2c4,True,,,,,,,,,,1.0,1.0,1.0,1.0,0.026412503196203776,1.0,1.0,1.0,1.0,0.6957539072488137
651,66f2ad1b5f1ca119d,True,,,,,,,,,,1.0,0.0,1.0,1.0,0.19304596034047197,1.0,0.0,1.0,0.0,0.0
652,d27053118101aa310,True,,,,,,,,,,1.0,1.0,1.0,1.0,0.0027583853774771033,1.0,0.0,1.0,1.0,0.5633619954304616
653,d0edf77b02ddc46df,True,,,,,,,,,,1.0,1.0,1.0,1.0,0.2897965112992073,1.0,1.0,0.0,0.0,0.5280614097810024
654,7d026bbe1e37cd6bf,True,,,,,,,,,,1.0,1.0,1.0,1.0,0.3233717491489968,1.0,1.0,1.0,0.0,0.6635536716090615
655,5220d7e21ab6ff818,True,,,,,,,,,,1.0,1.0,1.0,1.0,0.16698575091702933,1.0,1.0,1.0,0.0,0.6146830471615716
656,97f0dfb7f9039bcb2,True,,,,,,,,,,1.0,0.0,1.0,1.0,1.0,0.0,1.0,0.0,0.0,0.0
657,19f59045564664e53,True,,,,,,,,,,1.0,0.0,1.0,1.0,1.0,1.0,0.0,1.0,0.0,0.0
658,63a044757376360cc,True,,,,,,,,,,1.0,1.0,1.0,1.0,0.2055815585678479,1.0,1.0,0.0,0.0,0.5017442370524525
659,a19215a312654cd8f,True,,,,,,,,,,1.0,1.0,1.0,1.0,0.019266673120224093,1.0,1.0,1.0,1.0,0.69352083535007
660,7f520a3f0158554b6,True,,,,,,,,,,1.0,1.0,1.0,1.0,0.6008240138525077,1.0,1.0,1.0,0.0,0.7502575043289087
661,16a87b4b1ab4b9fa6,True,,,,,,,,,,1.0,1.0,1.0,1.0,0.3429761852873705,1.0,0.0,1.0,0.0,0.5446800579023032
662,23ab7eb5b925e86ab,True,,,,,,,,,,1.0,1.0,1.0,1.0,1.0,1.0,0.0,1.0,0.0,0.75
663,8d00654f6a07c6c75,True,,,,,,,,,,1.0,1.0,1.0,1.0,0.0,1.0,1.0,1.0,1.0,0.6875
664,00aa61063a3147cb9,True,,,,,,,,,,1.0,1.0,1.0,1.0,0.0,1.0,1.0,1.0,1.0,0.6875
665,7d17bb3bdf0937570,True,,,,,,,,,,1.0,1.0,1.0,1.0,0.0,1.0,0.0,1.0,1.0,0.5625
666,0f02c8c55a251c58b,True,,,,,,,,,,1.0,1.0,1.0,1.0,1.0,1.0,1.0,1.0,1.0,1.0
667,1549d79fb52ee0d4d,True,,,,,,,,,,1.0,1.0,1.0,1.0,0.14319589493152787,1.0,1.0,1.0,0.0,0.6072487171661025
668,46738f7f1afe77303,True,,,,,,,,,,1.0,1.0,1.0,1.0,0.250309862182349,1.0,0.0,0.0,0.0,0.39072183193198406
669,3e0f957bf14b2d2d9,True,,,,,,,,,,1.0,1.0,1.0,1.0,0.0,1.0,0.0,1.0,1.0,0.5625
670,546ea00bc8516f8dc,True,,,,,,,,,,1.0,0.0,1.0,1.0,1.0,1.0,0.0,0.0,0.0,0.0
671,893f024c9ae6bfd2c,True,,,,,,,,,,1.0,1.0,1.0,1.0,0.05710024101710022,1.0,1.0,1.0,1.0,0.7053438253178439
672,34112583ba024c56e,True,,,,,,,,,,1.0,1.0,1.0,1.0,1.0,1.0,1.0,1.0,0.0,0.875
673,ce0d18bc2635a901b,True,,,,,,,,,,1.0,1.0,1.0,1.0,0.273997663340091,1.0,0.0,0.0,0.0,0.39812426979377846
674,86a500b770f0588cb,True,,,,,,,,,,1.0,0.0,1.0,1.0,0.18009858418385719,1.0,0.0,1.0,0.0,0.0
675,347e462886f69f614,True,,,,,,,,,,1.0,1.0,0.5,1.0,0.1647993508226106,1.0,0.0,1.0,0.0,0.2444998985660329
676,814fa66e0a997a168,True,,,,,,,,,,1.0,0.0,1.0,1.0,1.0,1.0,0.0,1.0,0.0,0.0
677,205bfe6adc22021bb,True,,,,,,,,,,1.0,0.0,1.0,1.0,0.16705979753257993,1.0,0.0,1.0,0.0,0.0
678,17b20f1abf2c81e8d,True,,,,,,,,,,1.0,1.0,1.0,1.0,0.27641320307020606,1.0,1.0,0.0,0.0,0.5238791259594394
679,9751b7e09b5514dd3,True,,,,,,,,,,1.0,1.0,1.0,1.0,0.5854224730514422,1.0,1.0,0.0,0.0,0.6204445228285758
680,493f74af0100c9223,True,,,,,,,,,,1.0,0.0,1.0,1.0,1.0,1.0,0.0,1.0,0.0,0.0
681,8b8b4f2749140ac7a,True,,,,,,,,,,1.0,1.0,1.0,1.0,0.219748409987902,1.0,0.0,0.0,0.0,0.3811713781212194
682,1d9d3ed0717ab4ffd,True,,,,,,,,,,0.5,0.0,1.0,1.0,0.15455981059471646,0.0,0.0,1.0,0.0,0.0
683,a2c78b96705709dc4,True,,,,,,,,,,1.0,1.0,1.0,1.0,0.06578864817022445,1.0,0.0,1.0,1.0,0.5830589525531951
684,9157e54640172d150,True,,,,,,,,,,1.0,0.0,1.0,1.0,1.0,1.0,1.0,0.0,0.0,0.0
685,bc91ea0c9c2963c7e,True,,,,,,,,,,1.0,1.0,1.0,1.0,0.19861257614582706,1.0,0.0,0.0,0.0,0.37456643004557094
686,cd9aed75f054bccb5,True,,,,,,,,,,1.0,1.0,1.0,1.0,0.10228901730382385,1.0,0.0,1.0,1.0,0.594465317907445
687,19ef2d6f1a4a25124,True,,,,,,,,,,1.0,1.0,1.0,1.0,0.20403953929595736,1.0,0.0,0.0,0.0,0.3762623560299867
688,9a5b2373854e11383,True,,,,,,,,,,1.0,1.0,1.0,1.0,0.3015221203403842,1.0,0.0,0.0,0.0,0.40672566260637005
689,ce91aa0b54e55f85e,True,,,,,,,,,,1.0,1.0,1.0,1.0,0.1458280876605194,1.0,1.0,1.0,1.0,0.7330712773939123
690,36a0cef1b153a4f11,True,,,,,,,,,,1.0,1.0,1.0,1.0,0.11218718047105865,1.0,0.0,1.0,1.0,0.5975584938972058
691,ad43e2b3ade61b59c,True,,,,,,,,,,1.0,1.0,1.0,1.0,0.03619796607641398,1.0,0.0,1.0,1.0,0.5738118643988794
692,fe021b72b8b0cf19e,True,,,,,,,,,,1.0,1.0,1.0,1.0,1.0,1.0,1.0,1.0,0.0,0.875
693,246271906b5570c57,True,,,,,,,,,,1.0,0.0,1.0,1.0,0.17959679769802303,1.0,0.0,1.0,0.0,0.0
694,418477a920a7da811,True,,,,,,,,,,1.0,1.0,1.0,1.0,0.0,1.0,1.0,1.0,1.0,0.6875
695,5f6ba007265885758,True,,,,,,,,,,1.0,1.0,1.0,1.0,0.2188522608993084,1.0,0.0,0.0,0.0,0.3808913315310339
696,2f12a482af4499e20,True,,,,,,,,,,1.0,0.0,1.0,1.0,0.12350547712436764,1.0,1.0,1.0,1.0,0.0
697,e2156f59b76e7c195,True,,,,,,,,,,1.0,1.0,1.0,1.0,0.07397069015455375,1.0,1.0,1.0,1.0,0.7106158406732981
698,bf36dbafa15d4c261,True,,,,,,,,,,1.0,1.0,1.0,1.0,0.1257650611212595,1.0,1.0,1.0,0.0,0.6018015816003937
699,e0a3b2c921d0f6f6d,True,,,,,,,,,,1.0,1.0,1.0,1.0,0.0,1.0,1.0,1.0,1.0,0.6875
700,02693119b4e1bacb0,True,,,,,,,,,,1.0,1.0,1.0,1.0,0.14527507163060457,1.0,1.0,1.0,0.0,0.6078984598845639
701,c00676be121eaac31,True,,,,,,,,,,1.0,1.0,1.0,1.0,0.40952728676513583,1.0,0.0,0.0,0.0,0.44047727711410495
702,8162ca210af0620b8,True,,,,,,,,,,1.0,1.0,1.0,1.0,0.24749611226128285,1.0,0.0,0.0,0.0,0.3898425350816509
703,f0da7e68f4547e66a,True,,,,,,,,,,1.0,0.0,1.0,1.0,0.45073011188881434,1.0,1.0,0.0,0.0,0.0
704,4684692b32e909998,True,,,,,,,,,,1.0,1.0,1.0,1.0,0.1579539192575697,1.0,1.0,1.0,0.0,0.6118605997679906
705,a9c58159eca823219,True,,,,,,,,,,1.0,1.0,1.0,1.0,1.0,1.0,1.0,1.0,1.0,1.0
706,b77f2183b554e6641,True,,,,,,,,,,1.0,1.0,1.0,1.0,0.05660330556053353,1.0,1.0,1.0,1.0,0.7051885329876667
707,57226182464088f5d,True,,,,,,,,,,1.0,0.0,1.0,1.0,1.0,1.0,0.0,1.0,0.0,0.0
708,f11c7bd81d7370578,True,,,,,,,,,,1.0,1.0,1.0,1.0,0.1038320518419466,1.0,0.0,1.0,1.0,0.5949475162006084
709,f2ee403d63c2cb379,True,,,,,,,,,,1.0,1.0,0.5,1.0,0.9900489933118468,1.0,0.0,0.0,0.0,0.31094515520497606
710,f3d789e129d07af8b,True,,,,,,,,,,1.0,1.0,1.0,1.0,0.26204240783688976,1.0,1.0,0.0,0.0,0.5193882524490281
711,ddad060b5ec9428e3,True,,,,,,,,,,1.0,0.0,1.0,1.0,1.0,1.0,0.0,1.0,0.0,0.0
712,70543352531547cfd,True,,,,,,,,,,1.0,1.0,1.0,1.0,1.0,1.0,0.0,1.0,1.0,0.875
713,def4466c6854eed10,True,,,,,,,,,,0.0,0.0,1.0,1.0,1.0,0.0,0.0,0.0,0.0,0.0
714,c4e43258697fbd31e,True,,,,,,,,,,1.0,1.0,1.0,1.0,0.15597048151899756,1.0,1.0,1.0,0.0,0.6112407754746867
715,86d3c9d6518530872,True,,,,,,,,,,1.0,1.0,1.0,1.0,0.3633293156169585,1.0,0.0,0.0,0.0,0.42604041113029956
716,96e86e9c0ae1056bf,True,,,,,,,,,,1.0,1.0,1.0,1.0,1.0,1.0,1.0,1.0,0.0,0.875
717,4142c2fdf6fa0139a,True,,,,,,,,,,1.0,0.0,1.0,0.0,1.0,1.0,1.0,1.0,0.0,0.0
718,d9229c0f61c8ff48a,True,,,,,,,,,,1.0,1.0,1.0,1.0,0.0,1.0,1.0,1.0,1.0,0.6875
719,1212d2f99f183cece,True,,,,,,,,,,1.0,1.0,1.0,1.0,0.18773001801217037,1.0,1.0,1.0,0.0,0.6211656306288033
720,fd6e363385145a378,True,,,,,,,,,,1.0,1.0,1.0,1.0,1.0,1.0,1.0,1.0,0.0,0.875
721,0e0c4a0cc9feb9612,True,,,,,,,,,,1.0,1.0,1.0,1.0,0.01989906583926887,1.0,0.0,1.0,1.0,0.5687184580747715
722,4d59b2a4c64101d41,True,,,,,,,,,,1.0,1.0,1.0,1.0,0.11166378744021935,1.0,1.0,1.0,1.0,0.7223949335750686
723,5fb47f166e5559387,True,,,,,,,,,,1.0,1.0,1.0,1.0,0.0,1.0,0.0,1.0,1.0,0.5625
724,816c667298ca2d859,True,,,,,,,,,,1.0,1.0,1.0,1.0,0.25361334559533233,1.0,0.0,0.0,0.0,0.39175417049854133
725,7e1f129d7bf7e7065,True,,,,,,,,,,1.0,1.0,1.0,1.0,0.0,1.0,1.0,1.0,1.0,0.6875
726,69958b4858f9aa696,True,,,,,,,,,,1.0,1.0,1.0,1.0,0.0017017945465869276,1.0,1.0,1.0,1.0,0.6880318107958084
727,ed038c1798a7006eb,True,,,,,,,,,,0.0,1.0,1.0,1.0,1.0,0.0,0.0,1.0,1.0,0.0
728,807ac1c906c9cfc44,True,,,,,,,,,,1.0,1.0,1.0,1.0,0.1956236918744244,1.0,1.0,0.0,0.0,0.4986324037107576
729,f9b79d00824722fc5,True,,,,,,,,,,1.0,1.0,1.0,1.0,0.2460735642422393,1.0,1.0,0.0,0.0,0.5143979888256998
730,5eda23d004b1120db,True,,,,,,,,,,1.0,1.0,1.0,1.0,0.20693573462008158,1.0,0.0,0.0,0.0,0.3771674170687755
731,d216a742018af5843,True,,,,,,,,,,1.0,0.0,1.0,1.0,1.0,1.0,1.0,0.0,0.0,0.0
732,f1020928f69a09709,True,,,,,,,,,,1.0,1.0,1.0,1.0,0.3300500577903223,1.0,1.0,0.0,0.0,0.5406406430594757
733,ee30df8e553e929cb,True,,,,,,,,,,1.0,1.0,1.0,1.0,1.0,1.0,1.0,0.0,0.0,0.75
734,8081e2cd26d042444,True,,,,,,,,,,1.0,1.0,1.0,1.0,0.3099438409378296,1.0,1.0,0.0,0.0,0.5343574502930717
735,b19a34b568608122f,True,,,,,,,,,,1.0,1.0,1.0,1.0,0.26609149282615224,1.0,0.0,0.0,0.0,0.3956535915081726
736,ff06d29f106ca64e4,True,,,,,,,,,,1.0,1.0,1.0,1.0,0.3847275747871834,1.0,1.0,1.0,0.0,0.6827273671209948
737,2730c2af7fa40d559,True,,,,,,,,,,1.0,1.0,1.0,1.0,1.0,1.0,1.0,1.0,1.0,1.0
738,e03e2999009dbd343,True,,,,,,,,,,1.0,1.0,1.0,1.0,0.10450641200856449,1.0,0.0,1.0,1.0,0.5951582537526764
739,ef43f59a6f819d9a6,True,,,,,,,,,,1.0,1.0,1.0,1.0,0.06191020698171348,1.0,1.0,1.0,1.0,0.7068469396817855
740,b02622c8d05a2a7ab,True,,,,,,,,,,1.0,1.0,1.0,1.0,0.2590402012012197,1.0,1.0,1.0,1.0,0.7684500628753812
741,2f24eb49857240d79,True,,,,,,,,,,1.0,1.0,1.0,1.0,0.5055999148246639,1.0,1.0,1.0,0.0,0.7204999733827075
742,bc91b5b7dc430b04d,True,,,,,,,,,,1.0,1.0,0.5,1.0,0.6869946515329246,1.0,0.0,0.0,0.0,0.2635929143020195
743,621583964b8d7bc4a,True,,,,,,,,,,1.0,1.0,1.0,1.0,0.20753973836145787,1.0,1.0,1.0,0.0,0.6273561682379556
744,944ac9576ebfdb76e,True,,,,,,,,,,1.0,1.0,1.0,1.0,1.0,1.0,1.0,1.0,1.0,1.0
745,88685892fa01fcedf,True,,,,,,,,,,1.0,1.0,1.0,1.0,0.39215210037340886,1.0,0.0,1.0,0.0,0.5600475313666903
746,21c67a61bb969877f,True,,,,,,,,,,1.0,1.0,1.0,1.0,1.0,1.0,0.0,1.0,1.0,0.875
747,f2d69faa21d148235,True,,,,,,,,,,1.0,1.0,1.0,1.0,0.20840466386645867,1.0,1.0,0.0,0.0,0.5026264574582684
748,bfee1080de1fa0853,True,,,,,,,,,,1.0,1.0,1.0,1.0,0.3377868000030678,1.0,0.0,0.0,0.0,0.41805837500095866
749,91df963d13c291bb9,True,,,,,,,,,,1.0,0.0,1.0,1.0,0.2191799914402756,1.0,0.0,0.0,0.0,0.0
750,71652a0843409669f,True,,,,,,,,,,1.0,1.0,1.0,1.0,0.3015715792399135,1.0,0.0,0.0,0.0,0.40674111851247297
751,47799590d39799760,True,,,,,,,,,,1.0,0.0,1.0,1.0,1.0,1.0,1.0,1.0,0.0,0.0
752,e4a4cf72a6a92f620,True,,,,,,,,,,1.0,1.0,1.0,1.0,0.0,1.0,0.0,0.0,1.0,0.4375
753,5907808b0fa7fc555,True,,,,,,,,,,1.0,1.0,1.0,1.0,0.05782381679061752,1.0,1.0,1.0,1.0,0.705569942747068
754,b8adc6e76a36fd705,True,,,,,,,,,,1.0,1.0,0.5,1.0,0.209423451573698,1.0,0.0,0.0,0.0,0.18897241430839032
755,a9a2a4ccbd1a06bee,True,,,,,,,,,,1.0,1.0,1.0,1.0,0.29662700186822505,1.0,0.0,0.0,0.0,0.4051959380838203
756,f41a422f052cd19d9,True,,,,,,,,,,1.0,0.0,0.5,1.0,0.9577097792476718,1.0,0.0,0.0,0.0,0.0
757,63f0437b508ffc626,True,,,,,,,,,,1.0,1.0,1.0,1.0,0.3081342791777085,1.0,1.0,0.0,0.0,0.5337919622430339
758,cd892a7201a57c9b3,True,,,,,,,,,,1.0,1.0,1.0,1.0,0.18688541623334182,1.0,1.0,1.0,0.0,0.6209016925729194
759,0437e4fe123ba7e19,True,,,,,,,,,,1.0,1.0,1.0,1.0,0.0,1.0,1.0,1.0,1.0,0.6875
760,5864544991537f112,True,,,,,,,,,,1.0,0.0,1.0,1.0,0.3260020484885993,1.0,0.0,0.0,0.0,0.0
761,b4ad9997db888e2b4,True,,,,,,,,,,1.0,1.0,1.0,1.0,0.02781700554857768,1.0,0.0,1.0,1.0,0.5711928142339305
762,c7e0e6deef7f0758e,True,,,,,,,,,,1.0,1.0,1.0,1.0,0.20582937047408478,1.0,0.0,0.0,0.0,0.3768216782731515
763,04635beeb994d0ded,True,,,,,,,,,,1.0,1.0,0.5,1.0,0.87858993204077,1.0,0.0,0.0,0.0,0.2935296768813703
764,915f97c98701afaae,True,,,,,,,,,,1.0,1.0,0.5,1.0,0.21917084181355456,1.0,0.0,0.0,0.0,0.1904954440333679
765,38a3f728f0878e6c6,True,,,,,,,,,,0.0,1.0,1.0,1.0,1.0,0.0,0.0,0.0,0.0,0.0
766,103886298090f6b5a,True,,,,,,,,,,1.0,1.0,1.0,1.0,1.0,0.0,0.0,0.0,0.0,0.3125
767,aeec01880eb4ba54b,True,,,,,,,,,,1.0,1.0,1.0,1.0,1.0,1.0,0.0,0.0,0.0,0.625
768,51d3d62e78d712283,True,,,,,,,,,,1.0,1.0,1.0,1.0,0.3443012632131423,1.0,0.0,0.0,0.0,0.420094144754107
769,2b1cf649494f9cd62,True,,,,,,,,,,1.0,1.0,0.0,1.0,1.0,1.0,0.0,0.0,0.0,0.0
770,87b88ec189315a232,True,,,,,,,,,,1.0,1.0,1.0,1.0,0.09337408967023794,1.0,1.0,1.0,0.0,0.5916794030219494
771,b7f83635c23a2a5d8,True,,,,,,,,,,1.0,0.0,1.0,1.0,0.697813112901118,1.0,0.0,1.0,0.0,0.0
772,f573807ec3756dc53,True,,,,,,,,,,1.0,0.0,1.0,1.0,0.2272081024702194,1.0,1.0,0.0,0.0,0.0
773,860bdda18ca280ead,True,,,,,,,,,,1.0,0.0,1.0,1.0,1.0,1.0,0.0,0.0,0.0,0.0
774,271b906800ea0cf57,True,,,,,,,,,,1.0,0.0,1.0,1.0,1.0,1.0,0.0,1.0,0.0,0.0
775,ba9155b84dc322eac,True,,,,,,,,,,1.0,1.0,1.0,1.0,0.200201750928642,1.0,0.0,1.0,0.0,0.5000630471652006
776,a5fd097616c7708db,True,,,,,,,,,,1.0,1.0,1.0,1.0,0.20496319221270431,1.0,0.0,1.0,0.0,0.50155099756647
777,01d8a706eb3443501,True,,,,,,,,,,1.0,1.0,1.0,1.0,0.5710276302503955,1.0,1.0,0.0,0.0,0.6159461344532486
778,dd6072ab6974966f7,True,,,,,,,,,,1.0,1.0,0.5,1.0,0.4117406456637913,1.0,0.0,0.0,0.0,0.22058447588496738
779,d8df0e75d22679cef,True,,,,,,,,,,1.0,1.0,1.0,1.0,1.0,1.0,0.0,0.0,0.0,0.625
780,fe70456ec5ebc1918,True,,,,,,,,,,1.0,1.0,1.0,1.0,0.0721181254868004,1.0,1.0,1.0,1.0,0.7100369142146251
781,f0150096a41797505,True,,,,,,,,,,1.0,1.0,1.0,1.0,0.31723896229714,1.0,0.0,0.0,0.0,0.41163717571785624
782,ef01e0a3e1ff9b43f,True,,,,,,,,,,1.0,1.0,1.0,1.0,0.16385876435725683,1.0,1.0,1.0,0.0,0.6137058638616428
783,0a3d875284dd62305,True,,,,,,,,,,1.0,1.0,1.0,1.0,0.17761251104200057,0.0,1.0,1.0,0.0,0.3055039097006252
784,48bf246ac8952b23d,True,,,,,,,,,,1.0,0.0,0.5,1.0,1.0,1.0,1.0,0.0,0.0,0.0
785,524162acddc61c61a,True,,,,,,,,,,1.0,0.0,1.0,1.0,1.0,1.0,0.0,0.0,0.0,0.0
786,454ed2035bb0054fb,True,,,,,,,,,,1.0,1.0,1.0,1.0,0.17026929310351757,1.0,1.0,1.0,0.0,0.6157091540948492
787,69f1ebdf6731c7c70,True,,,,,,,,,,1.0,1.0,1.0,1.0,0.09912024632113335,1.0,1.0,1.0,1.0,0.7184750769753542
788,4ffc297962a8fbd17,True,,,,,,,,,,1.0,0.0,1.0,1.0,1.0,1.0,0.0,1.0,0.0,0.0
789,32b8d38d96342e28b,True,,,,,,,,,,1.0,1.0,1.0,1.0,0.08115113049921258,1.0,1.0,1.0,1.0,0.7128597282810039
790,a8066d7e843deda8f,True,,,,,,,,,,1.0,1.0,1.0,1.0,0.38753063369069546,1.0,1.0,1.0,0.0,0.6836033230283423
791,6993cc3dbf9cc86cf,True,,,,,,,,,,1.0,0.0,1.0,1.0,1.0,1.0,1.0,0.0,0.0,0.0
792,742919271b6be5815,True,,,,,,,,,,1.0,1.0,0.5,1.0,1.0,1.0,0.0,0.0,0.0,0.3125
793,52273aa3c8bd19695,True,,,,,,,,,,1.0,1.0,1.0,1.0,0.518215612623538,1.0,1.0,0.0,0.0,0.5994423789448556
794,3be7098579628f9d1,True,,,,,,,,,,1.0,1.0,1.0,1.0,0.569121129886523,1.0,1.0,0.0,0.0,0.6153503530895384
795,73b46033e2af4eb96,True,,,,,,,,,,1.0,1.0,1.0,1.0,0.10458042124691759,1.0,0.0,1.0,1.0,0.5951813816396617
796,c1bf650dac02cb0f8,True,,,,,,,,,,1.0,0.0,1.0,1.0,0.2930147461559459,1.0,0.0,0.0,0.0,0.0
797,b83ed44f0a4151018,True,,,,,,,,,,1.0,1.0,1.0,1.0,0.2760261290918526,1.0,1.0,0.0,0.0,0.523758165341204
798,9895d084a0042fff3,True,,,,,,,,,,1.0,1.0,1.0,1.0,0.1610022164847287,1.0,1.0,1.0,0.0,0.6128131926514777
799,1a7308db2e3923b30,True,,,,,,,,,,1.0,1.0,1.0,1.0,0.14334513016554853,1.0,1.0,1.0,0.0,0.6072953531767339
800,1dcbc0a4f06515ca6,True,,,,,,,,,,1.0,1.0,1.0,1.0,0.17370614698532938,1.0,0.0,1.0,0.0,0.49178317093291546
801,3638bc9577d1ebfa6,True,,,,,,,,,,1.0,1.0,1.0,1.0,0.4022123953750439,1.0,0.0,0.0,0.0,0.4381913735547012
802,63aab11dd75c78ad2,True,,,,,,,,,,1.0,1.0,1.0,1.0,0.2726498150283094,1.0,1.0,1.0,0.0,0.6477030671963466
803,d1982bae71566acc5,True,,,,,,,,,,1.0,1.0,1.0,1.0,1.0,1.0,1.0,1.0,0.0,0.875
804,f1e82aeab9ae98314,True,,,,,,,,,,1.0,1.0,1.0,1.0,0.0,1.0,1.0,1.0,1.0,0.6875
805,842c77c109ef3215c,True,,,,,,,,,,1.0,1.0,0.5,1.0,0.6607033504526318,1.0,0.0,1.0,0.0,0.32198489850822376
806,16d41ea13c0836f9f,True,,,,,,,,,,1.0,1.0,0.0,1.0,1.0,1.0,1.0,0.0,0.0,0.0
807,4a6a0597bd6bf2f20,True,,,,,,,,,,1.0,1.0,1.0,1.0,0.0,1.0,1.0,1.0,1.0,0.6875
808,b638486d7d50a3d60,True,,,,,,,,,,1.0,1.0,1.0,1.0,1.0,1.0,1.0,1.0,0.0,0.875
809,bfa4c1bdc4387e96e,True,,,,,,,,,,1.0,1.0,1.0,1.0,0.09618708258687302,1.0,0.0,1.0,0.0,0.46755846330839784
810,11b6577b5cc201594,True,,,,,,,,,,1.0,1.0,1.0,1.0,1.0,1.0,1.0,0.0,0.0,0.75
811,b5be28ec54c28eea8,True,,,,,,,,,,1.0,1.0,0.0,1.0,1.0,1.0,0.0,0.0,0.0,0.0
812,7447fa48c5294d130,True,,,,,,,,,,1.0,0.0,1.0,1.0,1.0,1.0,0.0,1.0,0.0,0.0
813,c279c0b2210285c1f,True,,,,,,,,,,1.0,1.0,0.0,1.0,1.0,1.0,0.0,0.0,0.0,0.0
814,b0c55df9228d485bb,True,,,,,,,,,,1.0,1.0,1.0,1.0,0.20653009606379458,1.0,0.0,0.0,0.0,0.3770406550199358
815,a1de70408377fb037,True,,,,,,,,,,1.0,1.0,1.0,1.0,0.2259148284841388,1.0,1.0,0.0,0.0,0.5080983839012934
816,d409509cfbf993fc3,True,,,,,,,,,,1.0,1.0,1.0,1.0,0.2853232405734703,1.0,1.0,0.0,0.0,0.5266635126792094
817,50ca93bd394c4a025,True,,,,,,,,,,1.0,1.0,1.0,1.0,1.0,1.0,1.0,1.0,0.0,0.875
818,3f501988e5d39bd03,True,,,,,,,,,,1.0,1.0,1.0,1.0,0.02952031172835073,1.0,0.0,1.0,1.0,0.5717250974151096
819,69e3a503f78a651d2,True,,,,,,,,,,1.0,1.0,1.0,1.0,0.41097298485317707,1.0,1.0,0.0,0.0,0.5659290577666178
820,d9cc3b5dd80f7b6bd,True,,,,,,,,,,1.0,1.0,1.0,1.0,0.1874084194553605,1.0,0.0,1.0,0.0,0.49606513107980016
821,b5026163c611c7730,True,,,,,,,,,,1.0,1.0,1.0,1.0,0.26190017026639795,1.0,1.0,0.0,0.0,0.5193438032082494
822,e5dbf5ca6877249cf,True,,,,,,,,,,0.0,1.0,1.0,1.0,1.0,0.0,1.0,1.0,0.0,0.0
823,2bf1c7fc03ffaa988,True,,,,,,,,,,1.0,1.0,1.0,1.0,0.21916452294557112,1.0,0.0,0.0,0.0,0.38098891342049096
824,a34f2a190f165bd3c,True,,,,,,,,,,1.0,1.0,1.0,1.0,0.13115908353775924,1.0,1.0,1.0,0.0,0.6034872136055498
825,f74e8cda8ff469419,True,,,,,,,,,,1.0,1.0,1.0,1.0,1.0,1.0,0.0,1.0,0.0,0.75
826,92454a3fd96f7dc58,True,,,,,,,,,,1.0,1.0,1.0,1.0,1.0,1.0,1.0,1.0,1.0,1.0
827,5d5f36ba279588ae3,True,,,,,,,,,,1.0,0.0,1.0,1.0,1.0,1.0,1.0,1.0,0.0,0.0
828,d7b9e3963f7cb14e1,True,,,,,,,,,,1.0,1.0,1.0,1.0,0.1432514429875473,1.0,1.0,1.0,0.0,0.6072660759336086
829,a9e0e52d177dd7f09,True,,,,,,,,,,1.0,0.0,0.5,1.0,0.9534404923782865,1.0,0.0,1.0,0.0,0.0
830,2a16480d68428e775,True,,,,,,,,,,1.0,1.0,1.0,1.0,0.016359131574140127,1.0,1.0,1.0,1.0,0.6926122286169187
831,38d50c91468fbe6e5,True,,,,,,,,,,1.0,1.0,1.0,1.0,0.06691547011153395,1.0,0.0,1.0,1.0,0.5834110844098543
832,0d322fa61ecc39416,True,,,,,,,,,,1.0,1.0,1.0,1.0,0.1860498590479001,1.0,1.0,1.0,0.0,0.6206405809524688
833,43dd11b817c6bdaa8,True,,,,,,,,,,1.0,1.0,1.0,1.0,0.27911927944503717,1.0,1.0,1.0,0.0,0.6497247748265741
834,bd7729f8ddc18f827,True,,,,,,,,,,1.0,1.0,1.0,1.0,0.17345517262271176,1.0,0.0,1.0,0.0,0.4917047414445974
835,02c332ea4953567c5,True,,,,,,,,,,1.0,1.0,1.0,1.0,0.18106496570227634,1.0,1.0,1.0,0.0,0.6190828017819614
836,5cfc1b909ca5a6869,True,,,,,,,,,,1.0,1.0,0.0,1.0,1.0,1.0,0.0,0.0,0.0,0.0
837,266ccdfd658c4fe17,True,,,,,,,,,,1.0,1.0,1.0,1.0,0.24979579124830792,1.0,0.0,1.0,0.0,0.5155611847650963
838,6dc61a791e23a0224,True,,,,,,,,,,1.0,1.0,1.0,1.0,0.14051567136435375,1.0,1.0,1.0,1.0,0.7314111473013605
839,aa06b6b1578ec1270,True,,,,,,,,,,1.0,1.0,1.0,1.0,0.0,1.0,1.0,1.0,1.0,0.6875
840,c37d82f1251543152,True,,,,,,,,,,1.0,1.0,1.0,1.0,0.21248710275034874,1.0,0.0,0.0,0.0,0.378902219609484
841,a092442b5e964fcce,True,,,,,,,,,,1.0,0.0,1.0,1.0,1.0,1.0,1.0,1.0,0.0,0.0
842,0ea26c79c5e97b269,True,,,,,,,,,,1.0,1.0,1.0,1.0,0.1247967395849391,1.0,0.0,1.0,0.0,0.4764989811202935
843,38e9599c6c91e204f,True,,,,,,,,,,1.0,1.0,0.5,1.0,1.0,1.0,0.0,1.0,0.0,0.375
844,5bf5914f66c7794ef,True,,,,,,,,,,1.0,0.0,1.0,1.0,0.2091028871425325,1.0,0.0,0.0,0.0,0.0
845,cff10d121d9ee4a1a,True,,,,,,,,,,1.0,1.0,1.0,1.0,0.19545146279631567,1.0,0.0,1.0,0.0,0.49857858212384865
846,1c913239e8b6739a5,True,,,,,,,,,,1.0,1.0,1.0,1.0,0.12422652271401498,1.0,1.0,1.0,0.0,0.6013207883481297
847,bd8218a7ee5744998,True,,,,,,,,,,1.0,1.0,1.0,1.0,0.053479614475991734,1.0,1.0,1.0,1.0,0.7042123795237474
848,e0d627ef80faeebd6,True,,,,,,,,,,1.0,1.0,1.0,1.0,0.3627446126052585,1.0,0.0,0.0,0.0,0.42585769143914326
849,742d03b2d943caa9e,True,,,,,,,,,,1.0,1.0,1.0,1.0,0.18745995469832966,1.0,1.0,0.0,0.0,0.496081235843228
850,13ec6e28d3c1a20c1,True,,,,,,,,,,0.0,1.0,1.0,1.0,1.0,0.0,0.0,1.0,0.0,0.0
851,d438ad9624b532d1a,True,,,,,,,,,,1.0,1.0,1.0,1.0,0.21772959999434582,1.0,0.0,0.0,0.0,0.3805404999982331
852,e569c39fb04197d73,True,,,,,,,,,,1.0,1.0,1.0,1.0,0.06778725054727222,1.0,1.0,1.0,0.0,0.5836835157960225
853,9a5ec15b58d715b9c,True,,,,,,,,,,1.0,1.0,1.0,1.0,0.0,1.0,1.0,1.0,1.0,0.6875
854,0d85be806c3ea78b8,True,,,,,,,,,,1.0,1.0,1.0,1.0,1.0,1.0,0.0,1.0,1.0,0.875
855,f48375618b581af7d,True,,,,,,,,,,1.0,0.0,1.0,1.0,1.0,1.0,0.0,0.0,0.0,0.0
856,3637ec99fe87c7406,True,,,,,,,,,,1.0,1.0,1.0,1.0,0.19763132830665311,1.0,0.0,0.0,0.0,0.3742597900958291
857,144eb49ce2929f8ea,True,,,,,,,,,,1.0,1.0,1.0,1.0,0.10735937805750843,1.0,1.0,1.0,0.0,0.5960498056429714
858,42dea16d984c67d19,True,,,,,,,,,,0.0,0.0,0.0,1.0,1.0,0.0,0.0,0.0,0.0,0.0
859,903d42d3fe50f5b3b,True,,,,,,,,,,1.0,1.0,1.0,1.0,0.20839264357270157,1.0,1.0,0.0,0.0,0.5026227011164692
860,ee826c29f16b824e8,True,,,,,,,,,,1.0,1.0,1.0,1.0,0.17790986474019732,1.0,1.0,1.0,0.0,0.6180968327313117
861,ea6c6eed6cbac7b1e,True,,,,,,,,,,1.0,0.0,1.0,1.0,0.058651271086948654,1.0,0.0,1.0,1.0,0.0
862,c6144081cdf888af5,True,,,,,,,,,,1.0,1.0,1.0,1.0,0.41060574634997987,1.0,1.0,1.0,0.0,0.6908142957343687
863,f9ab90e6bba95734a,True,,,,,,,,,,1.0,1.0,1.0,1.0,0.07760497085659346,1.0,1.0,1.0,1.0,0.7117515533926855
864,23466331481723251,True,,,,,,,,,,1.0,0.0,1.0,1.0,1.0,0.0,0.0,0.0,0.0,0.0
865,dc92f82e6715ac493,True,,,,,,,,,,1.0,1.0,1.0,1.0,0.45265837340971693,1.0,0.0,1.0,0.0,0.5789557416905365
866,2cbe5fab2a0892e8d,True,,,,,,,,,,1.0,1.0,0.5,1.0,0.4260724653248158,1.0,0.0,0.0,0.0,0.22282382270700246
867,3f8f80892c70b7c5f,True,,,,,,,,,,1.0,0.0,1.0,1.0,1.0,1.0,1.0,1.0,0.0,0.0
868,cc4ba9f3c63ddbc5c,True,,,,,,,,,,1.0,1.0,1.0,1.0,0.0,1.0,1.0,1.0,1.0,0.6875
869,42542b30e0e5ff8c7,True,,,,,,,,,,1.0,1.0,1.0,1.0,0.21587123390499635,1.0,1.0,0.0,0.0,0.5049597605953113
870,40a1b839fda812527,True,,,,,,,,,,1.0,1.0,1.0,1.0,0.33068582254580836,1.0,1.0,0.0,0.0,0.5408393195455651
871,c73d5b941b453432b,True,,,,,,,,,,1.0,1.0,1.0,1.0,0.15728141637937926,1.0,0.0,1.0,0.0,0.486650442618556
872,630be1035e80b768b,True,,,,,,,,,,1.0,1.0,1.0,1.0,0.0,1.0,1.0,1.0,1.0,0.6875
873,5f2d4a6779083a87d,True,,,,,,,,,,1.0,1.0,1.0,1.0,0.20948306263343935,1.0,1.0,0.0,0.0,0.5029634570729498
874,c4a1482387b6b8440,True,,,,,,,,,,1.0,1.0,1.0,1.0,1.0,1.0,1.0,1.0,0.0,0.875
875,9f1d660e1e39a5197,True,,,,,,,,,,1.0,1.0,1.0,1.0,0.14421076884114292,1.0,0.0,1.0,0.0,0.48256586526285716
876,a4564a26800be40aa,True,,,,,,,,,,1.0,1.0,1.0,1.0,1.0,1.0,0.0,1.0,0.0,0.75
877,3fee465a29d222bb0,True,,,,,,,,,,1.0,1.0,1.0,1.0,0.1785409309185048,1.0,1.0,1.0,0.0,0.6182940409120328
878,92d16fac53c12f99d,True,,,,,,,,,,1.0,1.0,1.0,1.0,0.0,1.0,1.0,1.0,1.0,0.6875
879,5856d9f4b213e9865,True,,,,,,,,,,1.0,1.0,1.0,1.0,0.45149545749759756,1.0,0.0,1.0,0.0,0.5785923304679992
880,63afd42accc1a8cd9,True,,,,,,,,,,1.0,0.0,1.0,1.0,0.231925486405861,1.0,1.0,0.0,0.0,0.0
881,bee1f7c478d5663fc,True,,,,,,,,,,1.0,1.0,1.0,1.0,1.0,1.0,0.0,1.0,0.0,0.75
882,9aae6ea45a3c7efaf,True,,,,,,,,,,1.0,1.0,1.0,1.0,0.23210764029771933,1.0,1.0,0.0,0.0,0.5100336375930372
883,b58fa3cc9262a73d1,True,,,,,,,,,,0.0,1.0,1.0,1.0,1.0,0.0,1.0,0.0,0.0,0.0
884,4428aee2536bf6703,True,,,,,,,,,,1.0,0.0,1.0,1.0,1.0,1.0,0.0,1.0,0.0,0.0
885,3d05bde7ec3405ddd,True,,,,,,,,,,1.0,1.0,1.0,1.0,0.2726201041003267,1.0,0.0,0.0,0.0,0.3976937825313521
886,9b8863dbb1afcaba3,True,,,,,,,,,,1.0,1.0,1.0,1.0,1.0,1.0,0.0,1.0,1.0,0.875
887,3410786351a3e24b2,True,,,,,,,,,,1.0,1.0,1.0,1.0,0.0005245193603908749,1.0,0.0,1.0,1.0,0.5626639123001221
888,1ddeaca2c3ce651e2,True,,,,,,,,,,1.0,1.0,1.0,1.0,0.22376510428765217,1.0,1.0,0.0,0.0,0.5074265950898913
889,b36a5e74ec4ae9574,True,,,,,,,,,,1.0,1.0,1.0,1.0,0.015372179283587284,1.0,1.0,1.0,1.0,0.6923038060261211
890,b01708b022b85bbd7,True,,,,,,,,,,1.0,1.0,1.0,1.0,1.0,1.0,1.0,1.0,1.0,1.0
891,a60992b05822c13e5,True,,,,,,,,,,1.0,1.0,1.0,1.0,0.26621309261889825,1.0,0.0,0.0,0.0,0.3956915914434057
892,6bd45348ddbfea0ce,True,,,,,,,,,,1.0,0.0,1.0,1.0,0.2490138511977517,1.0,0.0,0.0,0.0,0.0
893,1c973ecab8156df90,True,,,,,,,,,,1.0,1.0,1.0,1.0,1.0,1.0,0.0,1.0,1.0,0.875
894,d12ce90d3b2b4d63a,True,,,,,,,,,,1.0,1.0,1.0,1.0,0.1732161636504512,1.0,0.0,1.0,0.0,0.491630051140766
895,b84a6cb8bfc991ad3,True,,,,,,,,,,0.0,0.0,1.0,1.0,1.0,0.0,1.0,1.0,0.0,0.0
896,616dcf87ca891dd84,True,,,,,,,,,,1.0,1.0,1.0,1.0,1.0,1.0,0.0,1.0,0.0,0.75
897,061d3699e77f9817a,True,,,,,,,,,,1.0,1.0,1.0,1.0,0.18620511886525667,1.0,1.0,1.0,0.0,0.6206890996453927
898,b2be12870f04d58f6,True,,,,,,,,,,1.0,1.0,1.0,1.0,1.0,1.0,1.0,1.0,1.0,1.0
899,0128939093fdde786,True,,,,,,,,,,1.0,1.0,1.0,1.0,0.14346255556144027,1.0,1.0,1.0,0.0,0.6073320486129501
900,2fcce49ea42967480,True,,,,,,,,,,1.0,0.0,1.0,1.0,0.23233795259661363,1.0,1.0,1.0,0.0,0.0
901,7acbde1d7760e6ca2,True,,,,,,,,,,1.0,1.0,1.0,1.0,0.0,1.0,0.0,1.0,1.0,0.5625
902,40fe52aee319a8b70,True,,,,,,,,,,1.0,1.0,1.0,1.0,0.10025603289242613,1.0,1.0,1.0,0.0,0.5938300102788832
903,0db32b98281c2454b,True,,,,,,,,,,1.0,1.0,1.0,1.0,0.14595765306938852,1.0,1.0,1.0,0.0,0.608111766584184
904,7dc342f8c0d3f169b,True,,,,,,,,,,1.0,0.0,0.5,1.0,1.0,1.0,0.0,0.0,0.0,0.0
905,c6e28acbe0fc41c9e,True,,,,,,,,,,1.0,1.0,1.0,1.0,0.05475472129052326,1.0,0.0,1.0,1.0,0.5796108504032885
906,2f7f9ce16e4034224,True,,,,,,,,,,1.0,0.0,1.0,1.0,1.0,1.0,0.0,1.0,0.0,0.0
907,31cc7cd0fdf16f061,True,,,,,,,,,,1.0,1.0,1.0,1.0,0.15874972438456134,1.0,1.0,0.0,0.0,0.4871092888701754
908,adb8420cc91f10b6d,True,,,,,,,,,,1.0,1.0,1.0,1.0,0.18575272515776572,1.0,1.0,0.0,0.0,0.4955477266118018
909,4f54492b07cc07b87,True,,,,,,,,,,0.0,1.0,1.0,1.0,1.0,0.0,0.0,1.0,0.0,0.0
910,ce2108b53dc19946a,True,,,,,,,,,,1.0,1.0,1.0,1.0,0.0,1.0,0.0,1.0,1.0,0.5625
911,ff6be79e6135c5fe5,True,,,,,,,,,,1.0,1.0,1.0,1.0,0.000502233575984883,1.0,1.0,1.0,1.0,0.6876569479924952
912,0fa05fe58f28e1239,True,,,,,,,,,,1.0,1.0,1.0,1.0,0.0,1.0,1.0,1.0,1.0,0.6875
913,60f4ba34fce9a6a16,True,,,,,,,,,,1.0,1.0,1.0,1.0,0.2860629410341863,1.0,1.0,0.0,0.0,0.5268946690731833
914,c596165a8d328b5dd,True,,,,,,,,,,1.0,1.0,1.0,1.0,1.0,1.0,1.0,1.0,1.0,1.0
915,b24c5109d9a3320ec,True,,,,,,,,,,1.0,1.0,1.0,1.0,0.2670563050660716,1.0,0.0,0.0,0.0,0.3959550953331474
916,68becb68da6734f1a,True,,,,,,,,,,1.0,1.0,1.0,1.0,0.23617821519012802,1.0,0.0,0.0,0.0,0.386305692246915
917,dcb2510de7a9a4dfc,True,,,,,,,,,,1.0,1.0,1.0,1.0,0.0,1.0,1.0,1.0,1.0,0.6875
918,c532df7508f6fce92,True,,,,,,,,,,1.0,1.0,1.0,1.0,1.0,1.0,1.0,1.0,1.0,1.0
919,5b8b54ff77ea4777f,True,,,,,,,,,,1.0,1.0,1.0,1.0,0.01702345222315848,1.0,0.0,1.0,1.0,0.567819828819737
920,94290de1a09e79e7b,True,,,,,,,,,,1.0,0.0,0.5,1.0,0.9701518823137928,1.0,0.0,1.0,0.0,0.0
921,fdf5d3fe80143a1aa,True,,,,,,,,,,1.0,1.0,1.0,1.0,0.09994760710441113,1.0,1.0,1.0,0.0,0.5937336272201285
922,d12e9fb682bb31656,True,,,,,,,,,,1.0,1.0,0.5,1.0,1.0,1.0,0.0,0.0,0.0,0.3125
923,19c10d5d061305dbd,True,,,,,,,,,,1.0,1.0,1.0,1.0,0.19379697155093545,1.0,0.0,0.0,0.0,0.3730615536096673
924,23c64b101bb797591,True,,,,,,,,,,1.0,1.0,1.0,1.0,1.0,1.0,1.0,1.0,0.0,0.875
925,bb46fbd459543e9c1,True,,,,,,,,,,1.0,0.0,1.0,1.0,0.2610886798529817,1.0,0.0,0.0,0.0,0.0
926,82b54bb048c67baba,True,,,,,,,,,,1.0,1.0,1.0,1.0,0.03212594356397764,1.0,0.0,1.0,1.0,0.572539357363743
927,b9ec6c1f605a620f0,True,,,,,,,,,,1.0,1.0,1.0,1.0,0.2156236985395852,1.0,0.0,0.0,0.0,0.37988240579362037
928,8eb4319f6f1477277,True,,,,,,,,,,1.0,1.0,1.0,1.0,0.33120826567220224,1.0,0.0,0.0,0.0,0.4160025830225632
929,ddfba30b82c7a702c,True,,,,,,,,,,1.0,1.0,1.0,1.0,0.28811227652848875,1.0,0.0,0.0,0.0,0.40253508641515273
930,75e8f9b411d1144ad,True,,,,,,,,,,1.0,1.0,1.0,1.0,0.1697558246108449,1.0,1.0,1.0,0.0,0.6155486951908891
931,54c064bb692276ac7,True,,,,,,,,,,1.0,1.0,1.0,1.0,1.0,1.0,0.0,0.0,0.0,0.625
932,09fa657ef5c07d73d,True,,,,,,,,,,1.0,1.0,1.0,1.0,1.0,1.0,0.0,1.0,1.0,0.875
933,1d0587c2228e349ac,True,,,,,,,,,,1.0,1.0,1.0,1.0,0.26058191516253354,1.0,1.0,1.0,0.0,0.6439318484882917
934,f8269fa1de4da78ec,True,,,,,,,,,,1.0,1.0,1.0,1.0,0.2875800380054147,1.0,1.0,0.0,0.0,0.5273687618766921
935,a8b2c2c9a9c84c4f5,True,,,,,,,,,,1.0,1.0,1.0,1.0,0.0714643952188857,1.0,1.0,1.0,1.0,0.7098326235059018
936,9b4f213c9ca37efb2,True,,,,,,,,,,1.0,1.0,1.0,1.0,0.4156278708469507,1.0,0.0,1.0,0.0,0.5673837096396721
937,d0d8a6da053f9740c,True,,,,,,,,,,1.0,1.0,1.0,1.0,0.1744113114092012,1.0,1.0,1.0,0.0,0.6170035348153754
938,cb1939bb101889c17,True,,,,,,,,,,0.0,1.0,1.0,1.0,1.0,0.0,0.0,0.0,0.0,0.0
939,8fb24d26d3dd62b0f,True,,,,,,,,,,1.0,1.0,1.0,1.0,0.07876738631677839,1.0,1.0,1.0,1.0,0.7121148082239932
940,f155a28a11bdfe4d3,True,,,,,,,,,,1.0,1.0,1.0,1.0,0.3518675709887614,1.0,1.0,1.0,0.0,0.6724586159339879
941,342ef8eb6e93505ce,True,,,,,,,,,,1.0,1.0,1.0,1.0,0.28266616782434395,1.0,0.0,0.0,0.0,0.4008331774451075
942,27d64cbd86e07452b,True,,,,,,,,,,1.0,1.0,1.0,0.0,1.0,1.0,1.0,0.0,0.0,0.0
943,7b88d46ce71736357,True,,,,,,,,,,1.0,1.0,0.5,1.0,1.0,1.0,0.0,1.0,0.0,0.375
944,8f8fa607cf20ce163,True,,,,,,,,,,1.0,1.0,1.0,1.0,0.21596615991045867,1.0,1.0,0.0,0.0,0.5049894249720184
945,9574cf693ee2e6774,True,,,,,,,,,,1.0,1.0,1.0,1.0,0.010482488922601263,1.0,0.0,1.0,1.0,0.5657757777883129
946,3864e1953b7d8cbc6,True,,,,,,,,,,1.0,1.0,1.0,1.0,0.15553368427027336,1.0,1.0,0.0,0.0,0.4861042763344604
947,ee232d7fae40f5bcc,True,,,,,,,,,,1.0,1.0,1.0,1.0,1.0,1.0,1.0,0.0,0.0,0.75
948,3eb13673463836283,True,,,,,,,,,,1.0,1.0,1.0,1.0,0.07239894445379325,1.0,1.0,1.0,1.0,0.7101246701418105
949,90d989f2205e253f9,True,,,,,,,,,,1.0,1.0,1.0,1.0,0.007998120197070933,1.0,0.0,1.0,1.0,0.5649994125615847
950,f5751be1c6f840216,True,,,,,,,,,,1.0,0.0,0.5,1.0,1.0,1.0,0.0,0.0,0.0,0.0
951,5573b3c15a0cc7845,True,,,,,,,,,,1.0,0.0,1.0,1.0,1.0,1.0,1.0,1.0,1.0,0.0
952,435c8cf621dfd73fb,True,,,,,,,,,,1.0,1.0,1.0,1.0,0.17247259774396126,1.0,0.0,0.0,0.0,0.3663976867949879
953,af6a8ab4980429b3d,True,,,,,,,,,,1.0,1.0,1.0,1.0,0.18900534921557657,1.0,0.0,1.0,0.0,0.49656417162986766
954,888343bb23c96916c,True,,,,,,,,,,1.0,1.0,1.0,1.0,0.03192921348366503,1.0,0.0,1.0,1.0,0.5724778792136453
955,9fd492f6ce88318ef,True,,,,,,,,,,1.0,0.0,1.0,1.0,0.32768803038181105,1.0,1.0,0.0,0.0,0.0
956,4683eec43a1454ea9,True,,,,,,,,,,1.0,1.0,1.0,1.0,0.22430074336597472,1.0,1.0,0.0,0.0,0.5075939823018671
957,4f498e8f4ae7fedd5,True,,,,,,,,,,1.0,0.0,1.0,1.0,1.0,1.0,0.0,0.0,0.0,0.0
958,1bd9daba7d7d502b0,True,,,,,,,,,,1.0,1.0,1.0,1.0,0.3078420596097954,1.0,1.0,1.0,0.0,0.658700643628061
959,f216b9731d3c1f375,True,,,,,,,,,,1.0,0.0,1.0,1.0,1.0,1.0,0.0,0.0,0.0,0.0
960,2e2b274bd113ed59f,True,,,,,,,,,,1.0,0.0,1.0,1.0,0.1933212420735452,1.0,0.0,0.0,0.0,0.0
961,d37b7028969d97560,True,,,,,,,,,,1.0,1.0,1.0,1.0,0.171956873891164,1.0,1.0,1.0,0.0,0.6162365230909888
962,4470091fffca9e391,True,,,,,,,,,,1.0,1.0,1.0,1.0,1.0,1.0,1.0,1.0,1.0,1.0
963,11efb68d8748f6136,True,,,,,,,,,,1.0,1.0,1.0,1.0,1.0,1.0,0.0,1.0,0.0,0.75
964,0952835e9ba422028,True,,,,,,,,,,1.0,1.0,1.0,1.0,0.19004515331174823,1.0,1.0,1.0,0.0,0.6218891104099213
965,f5d80ab764fc60704,True,,,,,,,,,,1.0,1.0,1.0,1.0,0.1881814548889409,1.0,0.0,1.0,0.0,0.49630670465279403
966,a6f5d379f32e1dd9a,True,,,,,,,,,,1.0,1.0,1.0,1.0,0.20959742872851705,1.0,1.0,0.0,0.0,0.5029991964776616
967,960a0cd8fd6e4be22,True,,,,,,,,,,1.0,0.0,1.0,1.0,0.23604653657801822,1.0,1.0,1.0,0.0,0.0
968,5f2803a94f9f2adba,True,,,,,,,,,,1.0,1.0,1.0,1.0,0.06481753178141209,1.0,1.0,1.0,1.0,0.7077554786816913
969,098f2c514384700c9,True,,,,,,,,,,1.0,1.0,1.0,1.0,0.24859686188996727,1.0,0.0,0.0,0.0,0.39018651934061477
970,50dcee9926ded132e,True,,,,,,,,,,1.0,1.0,1.0,1.0,0.17686226846160902,1.0,0.0,1.0,0.0,0.49276945889425283
971,b1446d3c05a5f7c0a,True,,,,,,,,,,1.0,1.0,1.0,1.0,0.5054391763537117,1.0,1.0,1.0,0.0,0.720449742610535
972,34bba0aaea8099d53,True,,,,,,,,,,1.0,1.0,1.0,1.0,1.0,1.0,0.0,1.0,0.0,0.75
973,0eb1a54023685f27e,True,,,,,,,,,,1.0,1.0,1.0,1.0,0.33605406079801736,1.0,0.0,0.0,0.0,0.4175168939993804
974,9de9e57115e5b4d5b,True,,,,,,,,,,1.0,1.0,1.0,1.0,0.17385569701858292,1.0,1.0,1.0,0.0,0.6168299053183072
975,a16a2970a55b1cf7f,True,,,,,,,,,,1.0,1.0,1.0,1.0,0.20122263543471042,1.0,0.0,0.0,0.0,0.375382073573347
976,dfa9b874b33acc858,True,,,,,,,,,,1.0,0.0,1.0,1.0,0.17989982275693298,1.0,1.0,1.0,0.0,0.0
977,d7806477ce81cf2b8,True,,,,,,,,,,1.0,1.0,1.0,1.0,0.01027734083519211,1.0,1.0,1.0,1.0,0.6907116690109976
978,8776bb6a2a0edef8e,True,,,,,,,,,,1.0,1.0,1.0,1.0,0.0,0.0,0.0,1.0,1.0,0.25
979,864a83021c759e07e,True,,,,,,,,,,1.0,0.0,0.5,1.0,0.8246369322928065,1.0,0.0,1.0,0.0,0.0
980,4bec08cedd964d496,True,,,,,,,,,,1.0,1.0,1.0,1.0,1.0,1.0,1.0,1.0,1.0,1.0
981,c71b26ad44d13d5a5,True,,,,,,,,,,1.0,1.0,1.0,1.0,1.0,1.0,1.0,1.0,0.0,0.875
982,9d4da1a5a93059ae2,True,,,,,,,,,,1.0,0.0,1.0,1.0,0.2619333449867,1.0,0.0,0.0,0.0,0.0
983,1703c3627d09cd9f3,True,,,,,,,,,,1.0,1.0,1.0,1.0,1.0,1.0,0.0,1.0,0.0,0.75
984,b81180657e76ac7aa,True,,,,,,,,,,1.0,1.0,1.0,1.0,0.0,1.0,1.0,1.0,1.0,0.6875
985,0028b234cfbb35f30,True,,,,,,,,,,1.0,1.0,1.0,1.0,0.0725467496357476,1.0,1.0,1.0,1.0,0.7101708592611711
986,a5929390d283fddb9,True,,,,,,,,,,1.0,1.0,1.0,1.0,0.33605406079801736,1.0,0.0,0.0,0.0,0.4175168939993804
987,cdc70ea2300980958,True,,,,,,,,,,1.0,1.0,1.0,1.0,0.4288246772894205,1.0,0.0,0.0,0.0,0.4465077116529439
988,df33e15913a4524e0,True,,,,,,,,,,1.0,1.0,1.0,1.0,0.19999397459369866,1.0,0.0,0.0,0.0,0.3749981170605308
989,3b9a4be29bdd2c8ae,True,,,,,,,,,,1.0,1.0,1.0,1.0,0.045159408814049805,1.0,0.0,1.0,1.0,0.5766123152543905
990,4d2744d7e3bd555b5,True,,,,,,,,,,1.0,1.0,1.0,1.0,0.24868825277920711,1.0,1.0,0.0,0.0,0.5152150789935022
991,c7d0ddf8a1a463297,True,,,,,,,,,,1.0,1.0,1.0,1.0,0.23086672243924217,1.0,0.0,0.0,0.0,0.3846458507622632
992,6d649dcdbc3037d7a,True,,,,,,,,,,1.0,1.0,1.0,1.0,0.22152987765280358,1.0,0.0,1.0,1.0,0.6317280867665012
993,41423d9768746a40d,True,,,,,,,,,,1.0,1.0,1.0,1.0,0.16259441987141549,1.0,1.0,0.0,0.0,0.48831075620981734
994,b1429f698429f9202,True,,,,,,,,,,1.0,1.0,1.0,1.0,0.24553584749673843,1.0,0.0,0.0,0.0,0.3892299523427308
995,14159a93c87271ed1,True,,,,,,,,,,1.0,1.0,1.0,1.0,0.21461194246021,1.0,0.0,0.0,0.0,0.3795662320188156
996,1ad6a12ee1c381847,True,,,,,,,,,,1.0,1.0,1.0,1.0,0.0,1.0,0.0,1.0,1.0,0.5625
997,32a0c7a629ebabc37,True,,,,,,,,,,1.0,1.0,1.0,0.0,1.0,1.0,1.0,1.0,0.0,0.0
998,7dc3f9cae9f72fe4c,True,,,,,,,,,,1.0,0.0,1.0,1.0,1.0,1.0,0.0,1.0,0.0,0.0
999,f6f239b03260b58d8,True,,,,,,,,,,1.0,0.0,1.0,1.0,0.5520417460951781,1.0,1.0,1.0,0.0,0.0
1000,81dcc1a7db52cf064,True,,,,,,,,,,1.0,1.0,1.0,1.0,0.039349262985856344,1.0,0.0,1.0,1.0,0.5747966446830801
1001,5de761c988f97e1fa,True,,,,,,,,,,1.0,1.0,1.0,1.0,0.1987384158143824,1.0,1.0,1.0,0.0,0.6246057549419946
1002,8cd4e7ea09172b366,True,,,,,,,,,,1.0,0.0,1.0,1.0,1.0,1.0,1.0,1.0,1.0,0.0
1003,4b55982185962b484,True,,,,,,,,,,1.0,1.0,1.0,1.0,1.0,1.0,1.0,1.0,1.0,1.0
1004,1a52c544d3cfaba4b,True,,,,,,,,,,1.0,1.0,1.0,1.0,0.2544234972033341,1.0,0.0,0.0,0.0,0.3920073428760419
1005,65a9d726b130c91f5,True,,,,,,,,,,1.0,1.0,1.0,1.0,0.19621943552747106,1.0,0.0,1.0,0.0,0.4988185736023347
1006,7e6c9f4638d88c304,True,,,,,,,,,,1.0,0.0,1.0,1.0,0.20329616290842237,1.0,1.0,0.0,0.0,0.0
1007,ac83e59ec47471195,True,,,,,,,,,,1.0,1.0,1.0,1.0,0.197982931855542,1.0,1.0,1.0,0.0,0.6243696662048569
1008,86d4226f5118e784d,True,,,,,,,,,,1.0,1.0,1.0,1.0,0.28340256619715,1.0,0.0,0.0,0.0,0.4010633019366094
1009,fa4a246511ab86e8d,True,,,,,,,,,,1.0,0.0,0.0,1.0,1.0,1.0,0.0,0.0,0.0,0.0
1010,beae653519f0232e7,True,,,,,,,,,,1.0,1.0,1.0,1.0,0.1485755006986513,1.0,0.0,1.0,1.0,0.6089298439683286
1011,fa08741543328286c,True,,,,,,,,,,1.0,1.0,1.0,1.0,0.11946212156489903,1.0,1.0,1.0,0.0,0.5998319129890309
1012,a8a3d313576f30414,True,,,,,,,,,,1.0,1.0,1.0,1.0,0.1485468552154854,1.0,1.0,1.0,0.0,0.6089208922548393
1013,be5258dc2386ca4e3,True,,,,,,,,,,1.0,1.0,1.0,1.0,0.35025538752310664,1.0,1.0,1.0,0.0,0.6719548086009708
1014,8858ecf4e78fd953a,True,,,,,,,,,,1.0,1.0,1.0,1.0,0.0881390183767749,1.0,1.0,1.0,1.0,0.7150434432427422
1015,402ed0d50f8b2ce26,True,,,,,,,,,,1.0,1.0,1.0,1.0,0.20184854871449295,1.0,1.0,1.0,0.0,0.625577671473279
1016,71755f3b7a0b20f35,True,,,,,,,,,,1.0,0.0,1.0,1.0,1.0,0.0,1.0,0.0,0.0,0.0
1017,94f8422c63c8418c0,True,,,,,,,,,,1.0,1.0,1.0,1.0,0.26419318746355347,1.0,0.0,0.0,0.0,0.3950603710823605
1018,f6d1ce467bb8ef333,True,,,,,,,,,,1.0,1.0,1.0,1.0,0.12225208656314279,1.0,1.0,1.0,0.0,0.6007037770509821
1019,36f72d3764ee8b14f,True,,,,,,,,,,1.0,1.0,1.0,1.0,0.13088703660474835,1.0,1.0,1.0,0.0,0.6034021989389838
1020,797abeb7772dd6343,True,,,,,,,,,,1.0,1.0,1.0,1.0,0.10447211423808365,1.0,0.0,1.0,1.0,0.5951475356994012
1021,c8f09b5608e102dfb,True,,,,,,,,,,1.0,1.0,1.0,1.0,0.49412489271010035,1.0,0.0,0.0,0.0,0.46691402897190637
1022,b817b5a5887d3fa36,True,,,,,,,,,,1.0,1.0,1.0,1.0,0.06264179676771668,1.0,1.0,1.0,1.0,0.7070755614899115
1023,86a97d3341cc8c198,True,,,,,,,,,,1.0,1.0,1.0,1.0,0.39625234311858554,1.0,1.0,1.0,0.0,0.686328857224558
1024,ced98f0c60c32e69a,True,,,,,,,,,,1.0,1.0,1.0,1.0,0.0,1.0,1.0,1.0,1.0,0.6875
1025,994054d09b71160e0,True,,,,,,,,,,1.0,1.0,1.0,1.0,0.1960305287817417,1.0,0.0,1.0,0.0,0.49875954024429425
1026,5421fa2f2e2b4cb13,True,,,,,,,,,,1.0,1.0,1.0,1.0,0.03107380806979439,1.0,0.0,1.0,1.0,0.5722105650218108
1027,69fb879cbb73f071a,True,,,,,,,,,,1.0,1.0,1.0,1.0,0.12499156732142404,1.0,1.0,1.0,0.0,0.601559864787945
1028,700c12c03b64be698,True,,,,,,,,,,1.0,1.0,1.0,1.0,0.32949727462017697,1.0,0.0,1.0,0.0,0.5404678983188054
1029,c4724d2f7e5d62357,True,,,,,,,,,,0.0,1.0,1.0,1.0,1.0,0.0,1.0,1.0,0.0,0.0
1030,78cbfd303e7f32efc,True,,,,,,,,,,1.0,1.0,1.0,1.0,0.3410256781015545,1.0,1.0,0.0,0.0,0.5440705244067358
1031,eee3dbfa0ec3233b6,True,,,,,,,,,,1.0,1.0,1.0,1.0,0.10542253769365689,1.0,1.0,1.0,0.0,0.5954445430292677
1032,41a39d55c68bb7f5a,True,,,,,,,,,,1.0,1.0,1.0,1.0,0.10912419291337636,1.0,1.0,1.0,0.0,0.5966013102854302
1033,7516958eab299d94d,True,,,,,,,,,,1.0,1.0,1.0,1.0,0.13747741933741658,1.0,1.0,1.0,1.0,0.7304616935429427
1034,5b77cb58dfa1f5823,True,,,,,,,,,,1.0,1.0,0.5,1.0,1.0,1.0,0.0,0.0,0.0,0.3125
1035,b126b5cfaa1f25e61,True,,,,,,,,,,1.0,1.0,1.0,1.0,0.023867593509662343,1.0,1.0,1.0,0.0,0.5699586229717695
1036,b757155200a7aea72,True,,,,,,,,,,1.0,0.0,1.0,1.0,1.0,1.0,0.0,0.0,0.0,0.0
1037,52b7525b699ef9adf,True,,,,,,,,,,1.0,1.0,1.0,1.0,0.09602158540941773,1.0,0.0,1.0,0.0,0.467506745440443
1038,d22b68be5e9fb8c2a,True,,,,,,,,,,1.0,1.0,1.0,1.0,1.0,1.0,1.0,1.0,0.0,0.875
1039,727fa1e7c8aa0cdc1,True,,,,,,,,,,1.0,1.0,1.0,1.0,0.05004287567331196,1.0,0.0,1.0,1.0,0.5781383986479101
1040,b6ce710fb40df843d,True,,,,,,,,,,1.0,0.0,1.0,1.0,1.0,1.0,1.0,0.0,0.0,0.0
1041,7a86797ebcf888d4d,True,,,,,,,,,,1.0,1.0,1.0,1.0,0.10980202999252886,1.0,1.0,1.0,1.0,0.7218131343726653
1042,c3bb1145080f9b2b0,True,,,,,,,,,,1.0,1.0,1.0,1.0,0.06548908170422553,1.0,0.0,1.0,1.0,0.5829653380325706
1043,8078500be0a3e5743,True,,,,,,,,,,1.0,1.0,1.0,1.0,0.20960991023917622,1.0,1.0,0.0,0.0,0.5030030969497425
1044,7b6a6c9c50efdcf85,True,,,,,,,,,,1.0,1.0,1.0,1.0,0.22426761433488313,1.0,1.0,0.0,0.0,0.507583629479651
1045,c51bc3907e1c3fbac,True,,,,,,,,,,1.0,1.0,1.0,1.0,0.19065046022995452,1.0,1.0,0.0,0.0,0.4970782688218608
1046,56ce783224ed8bbc4,True,,,,,,,,,,1.0,1.0,1.0,1.0,0.0,1.0,0.0,1.0,1.0,0.5625
1047,ac979b78a3cdc5d39,True,,,,,,,,,,0.0,1.0,1.0,1.0,1.0,0.0,1.0,1.0,0.0,0.0
1048,0179e3078c6c79cd3,True,,,,,,,,,,1.0,1.0,1.0,1.0,0.17602669152573136,1.0,0.0,1.0,0.0,0.49250834110179104
1049,5e8bc80abe039be9e,True,,,,,,,,,,1.0,1.0,1.0,1.0,0.5111717848895897,1.0,1.0,0.0,0.0,0.5972411827779968
1050,2328dbb272ccbb947,True,,,,,,,,,,1.0,1.0,1.0,1.0,0.0,1.0,1.0,1.0,1.0,0.6875
1051,004a5a808615d791d,True,,,,,,,,,,1.0,1.0,1.0,1.0,0.021505205854766923,1.0,0.0,1.0,1.0,0.5692203768296147
1052,294074b42621095d5,True,,,,,,,,,,1.0,1.0,1.0,1.0,0.07123191545360447,1.0,0.0,1.0,1.0,0.5847599735792515
1053,faa4f514f8d862142,True,,,,,,,,,,1.0,1.0,1.0,1.0,1.0,1.0,1.0,1.0,0.0,0.875
1054,ff916ad047eb525de,True,,,,,,,,,,1.0,1.0,1.0,1.0,0.12841626838251916,1.0,0.0,1.0,0.0,0.47763008386953726
1055,3d1800c34a5e46a21,True,,,,,,,,,,1.0,0.0,1.0,1.0,1.0,1.0,1.0,1.0,0.0,0.0
1056,7fc94bcc4790ac58b,True,,,,,,,,,,1.0,1.0,1.0,1.0,0.19343260804599974,1.0,0.0,1.0,0.0,0.4979476900143749
1057,2add74aa82c54303c,True,,,,,,,,,,1.0,1.0,1.0,1.0,0.19890143036875962,1.0,1.0,1.0,0.0,0.6246566969902374
1058,f1ba8705833975e6b,True,,,,,,,,,,1.0,1.0,1.0,1.0,1.0,1.0,1.0,1.0,1.0,1.0
1059,6bdc53cfa4a8ecb29,True,,,,,,,,,,1.0,1.0,1.0,1.0,0.06608863238833927,1.0,1.0,1.0,1.0,0.708152697621356
1060,099b82495b2e618d3,True,,,,,,,,,,1.0,1.0,1.0,1.0,0.09043978873382505,1.0,1.0,1.0,1.0,0.7157624339793203
1061,3aa9ab0760c9f1c8a,True,,,,,,,,,,1.0,1.0,1.0,1.0,0.0,1.0,1.0,1.0,1.0,0.6875
1062,4762ced79d548ee7c,True,,,,,,,,,,1.0,1.0,1.0,1.0,0.25704022559276213,1.0,1.0,0.0,0.0,0.5178250704977382
1063,bf348ece26ab3f920,True,,,,,,,,,,1.0,0.0,1.0,1.0,0.23165112853008607,1.0,0.0,1.0,0.0,0.0
1064,e6aaf829acef158f6,True,,,,,,,,,,1.0,1.0,1.0,1.0,0.11550388214188324,1.0,1.0,1.0,0.0,0.5985949631693386
1065,9142b4f8d76f38072,True,,,,,,,,,,1.0,1.0,1.0,1.0,0.18701002183407175,1.0,0.0,0.0,0.0,0.3709406318231474
1066,102aa278a654e934e,True,,,,,,,,,,1.0,1.0,1.0,1.0,0.11322723308326572,1.0,1.0,1.0,0.0,0.5978835103385205
1067,b710f4583e83f5650,True,,,,,,,,,,1.0,1.0,1.0,1.0,0.08802788840787697,1.0,1.0,1.0,1.0,0.7150087151274616
1068,c9b45ed2516cd216c,True,,,,,,,,,,1.0,1.0,1.0,1.0,0.23076615088434335,1.0,1.0,1.0,0.0,0.6346144221513573
1069,4699eb47aa0ff2aa8,True,,,,,,,,,,1.0,1.0,1.0,1.0,1.0,0.0,0.0,1.0,0.0,0.4375
1070,77db839a0d3b1d5fe,True,,,,,,,,,,1.0,1.0,1.0,1.0,0.1927890495367217,1.0,1.0,1.0,0.0,0.6227465779802255
1071,3fa4f9afc8577cdb1,True,,,,,,,,,,1.0,1.0,1.0,1.0,0.16032816764619678,1.0,0.0,1.0,0.0,0.4876025523894365
1072,b896aed2b2d4e576b,True,,,,,,,,,,1.0,1.0,1.0,1.0,0.0,1.0,1.0,0.0,0.0,0.4375
1073,3d460fd77ec7fcd59,True,,,,,,,,,,1.0,1.0,1.0,1.0,0.11278833390011613,1.0,0.0,1.0,1.0,0.5977463543437863
1074,4c3e13d3975af4927,True,,,,,,,,,,1.0,0.0,1.0,1.0,0.22973001175150082,1.0,0.0,0.0,0.0,0.0
1075,b795e9c4c8fde41bb,True,,,,,,,,,,1.0,0.0,0.5,1.0,1.0,1.0,0.0,0.0,0.0,0.0
1076,2c6298b7b191f9461,True,,,,,,,,,,1.0,1.0,1.0,1.0,0.016606803284341526,1.0,1.0,1.0,1.0,0.6926896260263568
1077,7b4054b4f24d77967,True,,,,,,,,,,1.0,1.0,1.0,1.0,1.0,1.0,0.0,0.0,0.0,0.625
1078,fcdbf5378a4eecdc5,True,,,,,,,,,,1.0,1.0,1.0,1.0,0.10787970903660672,1.0,1.0,1.0,0.0,0.5962124090739396
1079,41772b779157e530a,True,,,,,,,,,,1.0,1.0,1.0,1.0,0.18350520055976052,1.0,0.0,1.0,0.0,0.49484537517492516
1080,14e45cc6be6120e78,True,,,,,,,,,,1.0,1.0,1.0,1.0,0.33628784059617084,1.0,1.0,0.0,0.0,0.5425899501863034
1081,f3374bc1daec15012,True,,,,,,,,,,1.0,1.0,1.0,1.0,0.0,1.0,0.0,1.0,1.0,0.5625
1082,832b4c7a0e847fb0c,True,,,,,,,,,,1.0,1.0,1.0,1.0,0.11352116403338533,1.0,1.0,1.0,0.0,0.5979753637604329
1083,2806ce33b59f03ee9,True,,,,,,,,,,1.0,1.0,1.0,1.0,0.12443549158262467,1.0,0.0,1.0,0.0,0.4763860911195702
1084,e0e4ca847f84568a3,True,,,,,,,,,,1.0,1.0,1.0,1.0,0.1358887381202858,1.0,0.0,1.0,0.0,0.47996523066258934
1085,377968d648e50daf0,True,,,,,,,,,,1.0,1.0,1.0,1.0,1.0,1.0,0.0,0.0,0.0,0.625
1086,e5f171ef890e7a042,True,,,,,,,,,,1.0,1.0,1.0,1.0,0.2740787478212397,1.0,0.0,1.0,0.0,0.5231496086941374
1087,d64fff6b350c44bf6,True,,,,,,,,,,1.0,1.0,1.0,1.0,0.3295913054638398,1.0,1.0,1.0,0.0,0.6654972829574499
1088,346c72dba6f32d44c,True,,,,,,,,,,1.0,1.0,1.0,1.0,1.0,1.0,0.0,0.0,0.0,0.625
1089,4b48232c28699eff0,True,,,,,,,,,,1.0,1.0,1.0,1.0,0.0,1.0,1.0,1.0,1.0,0.6875
1090,9e6370c960ce41937,True,,,,,,,,,,1.0,1.0,1.0,1.0,0.0,1.0,0.0,1.0,1.0,0.5625
1091,e84670bb458b61a5c,True,,,,,,,,,,1.0,1.0,1.0,1.0,0.2977725562670764,1.0,1.0,0.0,0.0,0.5305539238334613
1092,fedd8a6a80f03da33,True,,,,,,,,,,1.0,1.0,1.0,1.0,0.18551972568042768,1.0,1.0,1.0,1.0,0.7454749142751337
1093,111982efc7ab59a6d,True,,,,,,,,,,1.0,1.0,1.0,1.0,0.00012858792866941477,1.0,1.0,1.0,1.0,0.6875401837277092
1094,20e09bbb0401bd1be,True,,,,,,,,,,1.0,1.0,1.0,1.0,0.21346442273383412,1.0,0.0,0.0,0.0,0.3792076321043232
1095,9add3630e04fe7c41,True,,,,,,,,,,1.0,0.0,1.0,1.0,1.0,1.0,1.0,1.0,0.0,0.0
1096,ce4c369affbdefa99,True,,,,,,,,,,1.0,1.0,1.0,1.0,0.183973460439111,1.0,1.0,1.0,0.0,0.6199917063872222
1097,7d5a7137f0e5a166a,True,,,,,,,,,,1.0,1.0,1.0,1.0,0.5594983441680448,1.0,1.0,0.0,0.0,0.612343232552514
1098,d25e0e0e384818845,True,,,,,,,,,,1.0,1.0,1.0,1.0,0.3611701061687657,1.0,1.0,0.0,0.0,0.5503656581777393
1099,995a5ceaca13fa6a0,True,,,,,,,,,,1.0,0.0,1.0,1.0,1.0,1.0,0.0,0.0,0.0,0.0
1100,dc18fd577680f44b9,True,,,,,,,,,,1.0,1.0,1.0,1.0,0.15316696019719545,1.0,0.0,1.0,0.0,0.48536467506162356
1101,72e532553b9a9b88d,True,,,,,,,,,,1.0,0.0,1.0,1.0,0.26369787245341697,1.0,1.0,1.0,0.0,0.0
1102,8428b4ef1485fe533,True,,,,,,,,,,1.0,1.0,1.0,1.0,0.04679174404417164,1.0,1.0,1.0,1.0,0.7021224200138036
1103,142f665559387e2c2,True,,,,,,,,,,1.0,1.0,1.0,1.0,0.0,1.0,0.0,1.0,0.0,0.4375
1104,3ee4790171e6a99ef,True,,,,,,,,,,1.0,1.0,1.0,1.0,0.19465246299242553,1.0,1.0,0.0,0.0,0.498328894685133
1105,d2abdf59c161f4eef,True,,,,,,,,,,1.0,1.0,1.0,1.0,0.03192488022943182,1.0,0.0,1.0,1.0,0.5724765250716974
1106,0f71d78f15a2628a4,True,,,,,,,,,,1.0,1.0,1.0,1.0,0.39510842431784454,1.0,0.0,1.0,0.0,0.5609713825993264
1107,6808c5efa6976fe37,True,,,,,,,,,,1.0,1.0,1.0,1.0,0.13889826861348764,1.0,0.0,1.0,1.0,0.6059057089417149
1108,75c869092ef8bc8ce,True,,,,,,,,,,1.0,1.0,1.0,1.0,0.20303209873621225,1.0,1.0,0.0,0.0,0.5009475308550664
1109,2afbbdc8bf9e5efe2,True,,,,,,,,,,0.0,1.0,1.0,1.0,1.0,0.0,0.0,1.0,0.0,0.0
1110,046b8681d380244e2,True,,,,,,,,,,1.0,1.0,1.0,1.0,0.1921266344420805,1.0,0.0,0.0,0.0,0.3725395732631501
1111,4a9850fe681028df5,True,,,,,,,,,,1.0,1.0,1.0,1.0,0.16601680051521023,1.0,1.0,0.0,0.0,0.48938025016100317
1112,ec511fbf17452272b,True,,,,,,,,,,1.0,1.0,1.0,1.0,0.02616304226027276,1.0,1.0,1.0,0.0,0.5706759507063353
1113,9dc9fc49b0eb8dd9c,True,,,,,,,,,,1.0,1.0,0.0,1.0,1.0,1.0,0.0,0.0,0.0,0.0
1114,d8d45144c24388dfb,True,,,,,,,,,,1.0,0.0,1.0,1.0,1.0,1.0,0.0,0.0,0.0,0.0
1115,95b104c6ad1c29b95,True,,,,,,,,,,1.0,1.0,1.0,1.0,0.22955783689022932,1.0,0.0,0.0,0.0,0.38423682402819664
1116,07095ff9932043d86,True,,,,,,,,,,0.0,1.0,1.0,1.0,1.0,0.0,1.0,1.0,0.0,0.0
1117,6a4de6b536cc07742,True,,,,,,,,,,1.0,1.0,0.5,1.0,0.20066062899545492,1.0,0.0,0.0,0.0,0.18760322328053983
1118,df10a0ed732e3b815,True,,,,,,,,,,1.0,1.0,1.0,1.0,0.017352797989983182,1.0,1.0,1.0,1.0,0.6929227493718697
1119,fb9996df723745a05,True,,,,,,,,,,1.0,1.0,1.0,1.0,0.013898618504909078,1.0,0.0,1.0,1.0,0.5668433182827841
1120,4304662a687a53d30,True,,,,,,,,,,1.0,1.0,1.0,1.0,0.0,1.0,1.0,1.0,1.0,0.6875
1121,102bb69d5a0263f53,True,,,,,,,,,,0.0,1.0,1.0,1.0,0.18909780511932658,0.0,0.0,1.0,0.0,0.0
1122,4f84585468f82a1fc,True,,,,,,,,,,1.0,1.0,0.5,1.0,0.3000683723011227,1.0,0.0,0.0,0.0,0.20313568317205044
1123,6a45a8aa53220a0e3,True,,,,,,,,,,1.0,1.0,1.0,1.0,0.14891569647639846,1.0,1.0,1.0,0.0,0.6090361551488745
1124,ef019ffb0a16f5e9f,True,,,,,,,,,,1.0,1.0,1.0,1.0,0.2207286185467602,1.0,1.0,0.0,0.0,0.5064776932958626
1125,6d2b3bf21e89475b9,True,,,,,,,,,,1.0,0.0,1.0,1.0,1.0,1.0,1.0,0.0,0.0,0.0
1126,696843a23b748f1b0,True,,,,,,,,,,1.0,1.0,1.0,1.0,1.0,1.0,1.0,1.0,1.0,1.0
1127,0dd1d00f6d1725ec3,True,,,,,,,,,,1.0,1.0,1.0,1.0,0.30988078772011346,1.0,1.0,0.0,0.0,0.5343377461625355
1128,3365055ca32faadaa,True,,,,,,,,,,1.0,1.0,1.0,1.0,0.1347849637041884,1.0,1.0,1.0,0.0,0.6046203011575588
1129,f22018746ab277cda,True,,,,,,,,,,1.0,1.0,0.5,1.0,1.0,1.0,0.0,0.0,0.0,0.3125
1130,81f85141bab63b560,True,,,,,,,,,,1.0,1.0,1.0,1.0,0.13863705036437687,1.0,1.0,1.0,0.0,0.6058240782388677
1131,b479708037b5c5d7c,True,,,,,,,,,,1.0,1.0,1.0,1.0,0.1911876007842352,1.0,0.0,1.0,1.0,0.6222461252450735
1132,0a74d996f43c7783c,True,,,,,,,,,,1.0,1.0,1.0,1.0,1.0,1.0,1.0,1.0,0.0,0.875
1133,f5cba35a5a2bc646e,True,,,,,,,,,,1.0,1.0,1.0,1.0,0.33973382911784805,1.0,1.0,1.0,0.0,0.6686668215993274
1134,8d65d3f4d930b58ae,True,,,,,,,,,,1.0,0.0,1.0,1.0,0.28154845873602635,1.0,0.0,0.0,0.0,0.0
1135,ae2bc6336b41077f4,True,,,,,,,,,,1.0,1.0,1.0,1.0,0.09791690587159636,1.0,0.0,1.0,0.0,0.4680990330848739
1136,355d2f57b20f32e9c,True,,,,,,,,,,1.0,0.0,0.5,1.0,1.0,1.0,0.0,0.0,0.0,0.0
1137,ad215da365bb78fd6,True,,,,,,,,,,1.0,1.0,1.0,1.0,0.1999676774765072,1.0,0.0,0.0,0.0,0.3749898992114085
1138,fd26db12e49fe9b3e,True,,,,,,,,,,1.0,1.0,1.0,1.0,0.31066270026669046,1.0,0.0,1.0,0.0,0.5345820938333408
1139,e373db6dd950e3e73,True,,,,,,,,,,1.0,1.0,1.0,1.0,0.27274432775801905,1.0,1.0,0.0,0.0,0.522732602424381
1140,dda6b82566281cb83,True,,,,,,,,,,1.0,1.0,1.0,1.0,0.10613593770413371,1.0,1.0,1.0,1.0,0.7206674805325418
1141,b6b4b0f2f2a7815cb,True,,,,,,,,,,1.0,1.0,1.0,1.0,0.17777076514220333,1.0,1.0,1.0,0.0,0.6180533641069386
1142,85ec4ed1a5648c678,True,,,,,,,,,,1.0,1.0,1.0,1.0,1.0,1.0,1.0,0.0,0.0,0.75
1143,e7d365382ac482e2f,True,,,,,,,,,,1.0,1.0,1.0,1.0,1.0,1.0,1.0,1.0,1.0,1.0
1144,2d812dd423748572d,True,,,,,,,,,,1.0,1.0,1.0,1.0,0.11729760208502855,0.0,0.0,1.0,0.0,0.16165550065157142
1145,2182fa4ac8750cb31,True,,,,,,,,,,1.0,1.0,1.0,1.0,0.12169458874592225,1.0,1.0,1.0,0.0,0.6005295589831007
1146,e7c2b26b8d9679ed7,True,,,,,,,,,,1.0,1.0,1.0,1.0,0.161564234481102,1.0,1.0,1.0,0.0,0.6129888232753444
1147,6e6153a1da30b26bd,True,,,,,,,,,,1.0,1.0,1.0,1.0,0.0,1.0,1.0,1.0,1.0,0.6875
1148,87c8ddd115e686126,True,,,,,,,,,,1.0,1.0,1.0,1.0,0.1950184605419201,1.0,0.0,0.0,0.0,0.37344326891935004
1149,991fe7806bacdbaca,True,,,,,,,,,,1.0,1.0,1.0,1.0,1.0,1.0,1.0,1.0,0.0,0.875
1150,4a1669fb6d9debfb0,True,,,,,,,,,,1.0,1.0,1.0,1.0,0.16957110184239238,1.0,1.0,1.0,0.0,0.6154909693257476
1151,ba6dae21cadca949f,True,,,,,,,,,,1.0,1.0,1.0,1.0,0.013917101768148303,1.0,0.0,1.0,1.0,0.5668490943025464
1152,bc07273c020da88b3,True,,,,,,,,,,1.0,1.0,1.0,1.0,0.3042699980348553,1.0,1.0,0.0,0.0,0.5325843743858922
1153,25dc2853331e64985,True,,,,,,,,,,1.0,1.0,1.0,1.0,0.1765859712186772,1.0,0.0,1.0,0.0,0.49268311600583664
1154,4088cfb3d342b234d,True,,,,,,,,,,1.0,0.0,0.5,1.0,1.0,1.0,0.0,0.0,0.0,0.0
1155,9463bb4964cd37676,True,,,,,,,,,,1.0,0.0,1.0,1.0,0.3480577476977316,1.0,1.0,1.0,0.0,0.0
1156,bc9c320fb031a11ff,True,,,,,,,,,,1.0,0.0,1.0,1.0,0.1930809301140205,1.0,1.0,1.0,0.0,0.0
1157,ed8e5c526e1f42a73,True,,,,,,,,,,1.0,1.0,1.0,1.0,1.0,1.0,1.0,1.0,1.0,1.0
1158,f2ffa929974330310,True,,,,,,,,,,1.0,1.0,0.5,1.0,0.4453401871391728,1.0,0.0,0.0,0.0,0.22583440424049575
1159,1285808d1703253f0,True,,,,,,,,,,1.0,1.0,1.0,1.0,0.33430302357982655,1.0,0.0,0.0,0.0,0.4169696948686958
1160,8cf5c8b605a2a4959,True,,,,,,,,,,1.0,1.0,1.0,1.0,0.0,1.0,0.0,1.0,1.0,0.5625
1161,fef06dc806442398d,True,,,,,,,,,,1.0,0.0,1.0,1.0,0.1834677842386017,1.0,0.0,1.0,0.0,0.0
1162,37e08a9d04d846913,True,,,,,,,,,,1.0,1.0,1.0,1.0,1.0,1.0,0.0,1.0,0.0,0.75
1163,a7f6db3ebc16e5c7c,True,,,,,,,,,,1.0,1.0,1.0,1.0,0.0,1.0,0.0,1.0,1.0,0.5625
1164,a8f42da9ce93b404d,True,,,,,,,,,,1.0,0.0,1.0,1.0,0.2478877968082223,1.0,1.0,0.0,0.0,0.0
1165,46571d478b3c7bc57,True,,,,,,,,,,1.0,0.0,1.0,1.0,0.33626383949158867,1.0,0.0,0.0,0.0,0.0
1166,c8508736bb790cc27,True,,,,,,,,,,1.0,1.0,1.0,1.0,0.13535643818436058,1.0,1.0,1.0,0.0,0.6047988869326126
1167,0acf0c1a301a7180c,True,,,,,,,,,,1.0,1.0,1.0,1.0,1.0,1.0,1.0,1.0,1.0,1.0
1168,5567f0e0a3373dbcb,True,,,,,,,,,,1.0,1.0,1.0,1.0,0.25958102095582813,1.0,0.0,0.0,0.0,0.39361906904869626
1169,c2fbdb2ef268ad123,True,,,,,,,,,,1.0,1.0,1.0,1.0,0.3194638874189866,1.0,1.0,1.0,0.0,0.6623324648184333
1170,e1d71fd16cbfaade9,True,,,,,,,,,,1.0,1.0,1.0,1.0,0.0,1.0,1.0,1.0,1.0,0.6875
1171,f5c8d07f9fe6a3b4d,True,,,,,,,,,,0.0,1.0,1.0,0.0,1.0,0.0,0.0,0.0,0.0,0.0
1172,bccd8c64fe9f7bd3b,True,,,,,,,,,,1.0,1.0,1.0,0.0,1.0,1.0,1.0,1.0,1.0,0.0
1173,d78e4f39396f3678e,True,,,,,,,,,,1.0,1.0,1.0,1.0,0.15441935887691588,1.0,1.0,1.0,0.0,0.6107560496490362
1174,dd75967675d1052fc,True,,,,,,,,,,1.0,1.0,1.0,1.0,0.15316696019719545,1.0,0.0,1.0,0.0,0.48536467506162356
1175,dda43e7963e96149d,True,,,,,,,,,,1.0,1.0,1.0,1.0,0.0,1.0,1.0,1.0,1.0,0.6875
1176,0cd1d84434c6f5d44,True,,,,,,,,,,0.0,0.0,0.5,1.0,1.0,0.0,0.0,0.0,0.0,0.0
1177,a9c1cde64b777a9e3,True,,,,,,,,,,1.0,1.0,1.0,1.0,0.023641722449106145,1.0,0.0,1.0,1.0,0.5698880382653457
1178,cd5f552597cd3be08,True,,,,,,,,,,1.0,1.0,1.0,1.0,0.20849394357428658,1.0,0.0,0.0,0.0,0.37765435736696457
1179,73277da7106839e94,True,,,,,,,,,,1.0,1.0,1.0,1.0,0.47017316155063443,0.0,0.0,1.0,0.0,0.27192911298457323
1180,2629f98f6e294c4f4,True,,,,,,,,,,1.0,1.0,1.0,1.0,0.03624684369167565,1.0,1.0,1.0,1.0,0.6988271386536486
1181,62631b017ceec5a18,True,,,,,,,,,,1.0,1.0,1.0,1.0,0.32868395426866714,1.0,0.0,0.0,0.0,0.4152137357089585
1182,c00dec2389baa0134,True,,,,,,,,,,1.0,1.0,1.0,1.0,0.11365486197515887,1.0,0.0,1.0,0.0,0.47301714436723713
1183,336a85438db14731e,True,,,,,,,,,,1.0,1.0,1.0,1.0,1.0,1.0,0.0,1.0,1.0,0.875
1184,2137517554a7f8e3b,True,,,,,,,,,,1.0,1.0,1.0,1.0,0.23518639137287378,1.0,0.0,0.0,0.0,0.3859957473040231
1185,dccd172b97cc9b305,True,,,,,,,,,,1.0,1.0,1.0,1.0,0.11704586045441204,1.0,1.0,1.0,1.0,0.7240768313920037
1186,0eef4e705a397f8df,True,,,,,,,,,,1.0,1.0,1.0,1.0,0.17727580480871022,1.0,1.0,1.0,0.0,0.6178986890027219
1187,ec84cf228d6d79089,True,,,,,,,,,,1.0,1.0,1.0,1.0,0.0,1.0,1.0,1.0,1.0,0.6875
1188,a1a5eeda367569815,True,,,,,,,,,,1.0,1.0,1.0,1.0,0.1180487380907034,1.0,1.0,1.0,0.0,0.5993902306533447
1189,a99d30f928a653d12,True,,,,,,,,,,1.0,1.0,1.0,1.0,0.2676384448675184,1.0,0.0,0.0,0.0,0.3961370140210995
1190,b75d157a5ca10b698,True,,,,,,,,,,1.0,1.0,1.0,1.0,0.1655917642083172,1.0,1.0,1.0,0.0,0.6142474263150991
1191,c6c58dc45bd1123e3,True,,,,,,,,,,1.0,1.0,1.0,1.0,0.031540432740754916,1.0,1.0,1.0,1.0,0.6973563852314859
1192,31e06cefab6d7169f,True,,,,,,,,,,1.0,1.0,1.0,1.0,0.18777509271023118,1.0,0.0,1.0,1.0,0.6211797164719473
1193,899e078cab5924628,True,,,,,,,,,,1.0,1.0,0.5,1.0,0.9939622270689845,1.0,0.0,0.0,0.0,0.31155659797952884
1194,903b3cc014d45619e,True,,,,,,,,,,1.0,1.0,1.0,1.0,1.0,1.0,0.0,1.0,0.0,0.75
1195,cb5add2e1dd5aa638,True,,,,,,,,,,1.0,1.0,1.0,1.0,0.0,1.0,1.0,1.0,1.0,0.6875
1196,07019aee6f130ff5d,True,,,,,,,,,,1.0,0.0,1.0,1.0,0.19644322123473892,1.0,0.0,0.0,0.0,0.0
1197,abb500cc3351d897a,True,,,,,,,,,,1.0,1.0,1.0,1.0,0.21301168665289796,1.0,0.0,0.0,0.0,0.3790661520790306
1198,5717f95b78bfe233e,True,,,,,,,,,,1.0,1.0,1.0,1.0,0.0,1.0,1.0,1.0,1.0,0.6875
1199,e0a8201279694e092,True,,,,,,,,,,1.0,1.0,1.0,1.0,1.0,1.0,1.0,0.0,0.0,0.75
1200,aedab2f29ef97f26a,True,,,,,,,,,,1.0,1.0,1.0,1.0,0.3069680092496709,1.0,1.0,0.0,0.0,0.5334275028905222
1201,ff15360ae71790eb6,True,,,,,,,,,,1.0,1.0,0.5,1.0,1.0,1.0,0.0,0.0,0.0,0.3125
1202,36350983298c6896a,True,,,,,,,,,,1.0,1.0,1.0,1.0,0.057079049726496925,1.0,1.0,1.0,1.0,0.7053372030395303
1203,014c92e4c2718adf8,True,,,,,,,,,,1.0,1.0,1.0,1.0,0.11326176942544647,1.0,1.0,1.0,0.0,0.597894302945452
1204,4923ab814b3842354,True,,,,,,,,,,1.0,1.0,1.0,1.0,0.09485365543119674,1.0,1.0,1.0,1.0,0.717141767322249
1205,0ff61f43578c0d8e7,True,,,,,,,,,,1.0,1.0,0.5,1.0,1.0,1.0,0.0,0.0,0.0,0.3125
1206,3b2fcd8bf613ba28f,True,,,,,,,,,,1.0,1.0,1.0,1.0,0.07939104029562075,1.0,0.0,1.0,1.0,0.5873097000923815
1207,3fec70d4e8fe8d5b1,True,,,,,,,,,,0.0,1.0,1.0,1.0,1.0,0.0,1.0,0.0,0.0,0.0
1208,94787bba8c2128445,True,,,,,,,,,,1.0,0.0,1.0,1.0,1.0,1.0,1.0,0.0,0.0,0.0
1209,361596ff7ead113e3,True,,,,,,,,,,1.0,1.0,1.0,1.0,0.14144341635274485,1.0,0.0,1.0,0.0,0.4817010676102328
1210,596506940b29ec5c0,True,,,,,,,,,,1.0,1.0,1.0,1.0,0.20037388788580007,1.0,0.0,0.0,0.0,0.37511683996431255
1211,774a05df3c1512cac,True,,,,,,,,,,1.0,1.0,1.0,1.0,0.20260671893159443,1.0,0.0,1.0,0.0,0.5008145996661233
1212,ba66893d0046c895c,True,,,,,,,,,,1.0,1.0,1.0,1.0,1.0,1.0,0.0,0.0,0.0,0.625
1213,cfe27a593a4819294,True,,,,,,,,,,1.0,1.0,1.0,1.0,0.25506724833927025,1.0,0.0,0.0,0.0,0.39220851510602195
1214,d3a043b81ea9596cd,True,,,,,,,,,,1.0,1.0,1.0,1.0,1.0,1.0,0.0,1.0,0.0,0.75
1215,5a653e174a05d5da0,True,,,,,,,,,,1.0,1.0,1.0,1.0,0.24588081556017005,1.0,1.0,0.0,0.0,0.5143377548625532
1216,ce7eec1214fedafe8,True,,,,,,,,,,1.0,1.0,1.0,1.0,0.15764557867877318,1.0,0.0,1.0,0.0,0.4867642433371166
1217,85e4825cd9ff0b2e5,True,,,,,,,,,,1.0,1.0,1.0,1.0,0.35800943743631697,1.0,0.0,0.0,0.0,0.4243779491988491
1218,97d9f320cc65aac2b,True,,,,,,,,,,1.0,1.0,1.0,1.0,0.3264111614553564,1.0,0.0,1.0,0.0,0.5395034879547989
1219,00ca98016027ffb8d,True,,,,,,,,,,1.0,0.0,1.0,1.0,1.0,1.0,1.0,1.0,0.0,0.0
1220,2c1190d3b505388dd,True,,,,,,,,,,1.0,1.0,1.0,1.0,0.32978366258236874,1.0,1.0,1.0,0.0,0.6655573945569903
1221,c95875cdc20edcb2a,True,,,,,,,,,,1.0,1.0,1.0,1.0,0.15528395479824056,1.0,0.0,0.0,0.0,0.36102623587445015
1222,84073ac4c8f117f43,True,,,,,,,,,,1.0,1.0,1.0,1.0,0.12857391549483654,1.0,0.0,1.0,0.0,0.4776793485921364
1223,7712653347183e698,True,,,,,,,,,,1.0,1.0,1.0,1.0,0.15856560155350524,1.0,0.0,1.0,0.0,0.4870517504854704
1224,e013e127e2126bb32,True,,,,,,,,,,1.0,1.0,1.0,1.0,0.3000508384308354,1.0,1.0,1.0,0.0,0.6562658870096361
1225,9b28f2e81fd405453,True,,,,,,,,,,1.0,1.0,1.0,1.0,0.1041691905632452,1.0,0.0,1.0,0.0,0.4700528720510141
1226,515197f50a14bc2fc,True,,,,,,,,,,1.0,1.0,1.0,1.0,0.26280975746280777,1.0,0.0,0.0,0.0,0.39462804920712746
1227,c9b6f0f21e11dae54,True,,,,,,,,,,1.0,1.0,1.0,1.0,0.1803776180960721,1.0,1.0,1.0,0.0,0.6188680056550225
1228,c4f1e612f0a907247,True,,,,,,,,,,1.0,1.0,1.0,1.0,0.18672217595914484,1.0,1.0,1.0,0.0,0.6208506799872328
1229,c86b538debe073fb7,True,,,,,,,,,,1.0,1.0,1.0,1.0,0.19882904393837922,1.0,1.0,0.0,0.0,0.4996340762307435
1230,b494d2dc15c7b315f,True,,,,,,,,,,1.0,1.0,1.0,1.0,0.2726201041003267,1.0,0.0,0.0,0.0,0.3976937825313521
1231,c60975bf95e458f4f,True,,,,,,,,,,1.0,1.0,1.0,1.0,0.17524087379056194,1.0,1.0,0.0,0.0,0.49226277305955063
1232,f0cb86afe097df891,True,,,,,,,,,,1.0,1.0,1.0,1.0,0.2052949410282421,1.0,0.0,0.0,0.0,0.37665466907132567
1233,f874994b902ae45d7,True,,,,,,,,,,1.0,1.0,1.0,1.0,0.37086920670578555,1.0,0.0,1.0,0.0,0.5533966270955579
1234,8d8129f6368d5e730,True,,,,,,,,,,1.0,1.0,1.0,1.0,0.1682252430314021,1.0,1.0,1.0,0.0,0.6150703884473132
1235,19590a52744c02e94,True,,,,,,,,,,1.0,1.0,1.0,1.0,0.2787981280956187,1.0,1.0,0.0,0.0,0.5246244150298809
1236,d17b5de2642504067,True,,,,,,,,,,1.0,1.0,1.0,1.0,0.05067599570820616,1.0,1.0,1.0,1.0,0.7033362486588144
1237,7036ba346c7d2824b,True,,,,,,,,,,1.0,1.0,1.0,1.0,1.0,1.0,1.0,1.0,0.0,0.875
1238,4429b647133616c7e,True,,,,,,,,,,1.0,1.0,1.0,1.0,0.10747289552366551,1.0,1.0,1.0,1.0,0.7210852798511455
1239,17f3ba89b58f991f4,True,,,,,,,,,,1.0,1.0,1.0,1.0,0.23157695263025888,1.0,0.0,0.0,0.0,0.3848677976969559
1240,52e9709be4289e9ff,True,,,,,,,,,,1.0,1.0,1.0,1.0,0.16647151746742203,1.0,0.0,1.0,0.0,0.4895223492085694
1241,61ea80d6d5820ce2a,True,,,,,,,,,,1.0,1.0,1.0,1.0,1.0,1.0,0.0,1.0,0.0,0.75
1242,ecefe6eb9d594a685,True,,,,,,,,,,1.0,1.0,1.0,1.0,0.27578637641450787,1.0,0.0,0.0,0.0,0.3986832426295337
1243,86dc24585f29d4c87,True,,,,,,,,,,1.0,1.0,1.0,1.0,0.3168828773180858,1.0,1.0,0.0,0.0,0.5365258991619017
1244,fcfbdd618540644fa,True,,,,,,,,,,1.0,1.0,1.0,1.0,1.0,1.0,1.0,0.0,0.0,0.75
1245,50c3efa45ebc549ab,True,,,,,,,,,,1.0,1.0,1.0,1.0,0.16518628717074,1.0,1.0,1.0,0.0,0.6141207147408563
1246,b0687bfcbe79bec09,True,,,,,,,,,,1.0,1.0,1.0,1.0,0.12571026618483847,1.0,1.0,1.0,0.0,0.601784458182762
1247,bfd4cb9e2a8bebc15,True,,,,,,,,,,1.0,1.0,1.0,1.0,0.22362322615320415,1.0,0.0,0.0,0.0,0.3823822581728763
1248,2e49400543ea5674a,True,,,,,,,,,,1.0,0.0,0.5,1.0,1.0,1.0,0.0,0.0,0.0,0.0
1249,d760fd5131cb248fc,True,,,,,,,,,,1.0,0.0,1.0,1.0,0.19264399284477532,1.0,1.0,0.0,0.0,0.0
1250,bc0871e224359d4c3,True,,,,,,,,,,1.0,0.0,1.0,1.0,0.18897030709110416,1.0,1.0,1.0,0.0,0.0
1251,1500bcfee0aae247d,True,,,,,,,,,,1.0,1.0,1.0,1.0,0.18491570086404116,1.0,1.0,1.0,0.0,0.6202861565200128
1252,2a8ffeaa7391e73c7,True,,,,,,,,,,1.0,0.0,1.0,1.0,0.29349175312243025,1.0,1.0,1.0,0.0,0.0
1253,6864784b80c0a0fde,True,,,,,,,,,,1.0,1.0,1.0,1.0,1.0,1.0,0.0,1.0,1.0,0.875
1254,e7db08ac75d56b8b2,True,,,,,,,,,,1.0,1.0,1.0,1.0,0.18496991563585646,1.0,0.0,1.0,0.0,0.49530309863620514
1255,d253a5d864e95f8d2,True,,,,,,,,,,1.0,1.0,1.0,1.0,0.0,1.0,1.0,1.0,1.0,0.6875
1256,0950505e558866cf8,True,,,,,,,,,,1.0,1.0,1.0,1.0,0.17370614698532938,1.0,0.0,1.0,0.0,0.49178317093291546
1257,58a779e8d452e3877,True,,,,,,,,,,1.0,1.0,1.0,1.0,0.2674510538155158,1.0,1.0,0.0,0.0,0.5210784543173487
1258,286d0110f79f8450c,True,,,,,,,,,,1.0,1.0,1.0,1.0,0.21323236394579606,1.0,0.0,0.0,0.0,0.3791351137330613
1259,7b49a5c516fc052ba,True,,,,,,,,,,1.0,1.0,0.5,1.0,0.26239250772677125,1.0,0.0,0.0,0.0,0.197248829332308
1260,451c8ee9a94e9524f,True,,,,,,,,,,1.0,1.0,0.5,1.0,0.9593625572894534,1.0,0.0,1.0,0.0,0.3686503995764771
1261,59e6ebcbd44500064,True,,,,,,,,,,1.0,1.0,1.0,1.0,0.033624446596151845,1.0,0.0,1.0,1.0,0.5730076395612975
1262,45e565719eec672e1,True,,,,,,,,,,1.0,1.0,1.0,1.0,1.0,1.0,0.0,1.0,1.0,0.875
1263,93a1ac4a9b8b32451,True,,,,,,,,,,1.0,1.0,1.0,1.0,0.31474399421013277,1.0,0.0,1.0,0.0,0.5358574981906665
1264,500c799cf6e33c39e,True,,,,,,,,,,1.0,1.0,1.0,1.0,0.11558551182855378,1.0,1.0,1.0,0.0,0.598620472446423
1265,93c5dce231ad8a838,True,,,,,,,,,,1.0,1.0,1.0,1.0,0.03734353264182893,1.0,1.0,1.0,1.0,0.6991698539505715
1266,0bc2b72e890837ec6,True,,,,,,,,,,1.0,1.0,1.0,1.0,0.0015200535481145095,1.0,1.0,1.0,1.0,0.6879750167337858
1267,8d59e8ecb60e11b5b,True,,,,,,,,,,1.0,1.0,1.0,1.0,0.020808928739415217,1.0,0.0,1.0,1.0,0.5690027902310673
1268,8c29c71f168e21bbd,True,,,,,,,,,,1.0,1.0,1.0,1.0,1.0,1.0,1.0,1.0,0.0,0.875
1269,4df02e870186ea610,True,,,,,,,,,,1.0,0.0,1.0,1.0,0.17001356111282973,1.0,0.0,1.0,0.0,0.0
1270,6ac3abb0e9eb26113,True,,,,,,,,,,1.0,1.0,1.0,1.0,0.03939980211651879,1.0,0.0,1.0,1.0,0.5748124381614121
1271,c19a21525d410c990,True,,,,,,,,,,1.0,1.0,1.0,1.0,1.0,1.0,1.0,1.0,0.0,0.875
1272,7a574ea5511afe40d,True,,,,,,,,,,1.0,1.0,1.0,1.0,0.0,1.0,0.0,1.0,1.0,0.5625
1273,787aeff562a4b851a,True,,,,,,,,,,1.0,1.0,1.0,1.0,0.0,1.0,0.0,1.0,1.0,0.5625
1274,10591acdd773264c9,True,,,,,,,,,,1.0,1.0,1.0,1.0,1.0,1.0,1.0,1.0,0.0,0.875
1275,372a537447f7672b9,True,,,,,,,,,,1.0,1.0,1.0,1.0,0.0,1.0,1.0,1.0,1.0,0.6875
1276,0fc2fec903c77398f,True,,,,,,,,,,1.0,1.0,1.0,1.0,0.18136487787123595,1.0,0.0,1.0,0.0,0.4941765243347612
1277,654d6d6e5212f40da,True,,,,,,,,,,1.0,1.0,1.0,1.0,0.2818309649219873,1.0,0.0,0.0,0.0,0.40057217653812105
1278,38c8739d0ae9e3f71,True,,,,,,,,,,1.0,1.0,1.0,1.0,0.06716208798414085,1.0,1.0,1.0,1.0,0.708488152495044
1279,7acdb574f1a885262,True,,,,,,,,,,1.0,1.0,1.0,1.0,0.19607448023092142,1.0,0.0,0.0,0.0,0.37377327507216296
1280,9f8244fb38a036545,True,,,,,,,,,,1.0,1.0,1.0,1.0,0.1279747563112075,1.0,1.0,1.0,0.0,0.6024921113472523
1281,7d544582497e9153d,True,,,,,,,,,,1.0,1.0,1.0,1.0,0.20805438062634732,1.0,1.0,0.0,0.0,0.5025169939457336
1282,699fb67837db96cea,True,,,,,,,,,,1.0,1.0,1.0,1.0,0.29918699067184834,1.0,0.0,0.0,0.0,0.4059959345849526
1283,37965fbc732bb2aaf,True,,,,,,,,,,1.0,1.0,1.0,1.0,0.11440619045695832,1.0,1.0,1.0,1.0,0.7232519345177995
1284,5b7915b6c4d354972,True,,,,,,,,,,1.0,1.0,1.0,1.0,0.18269232072269825,1.0,1.0,1.0,0.0,0.6195913502258432
1285,ebe3f434bfee258dc,True,,,,,,,,,,1.0,1.0,1.0,1.0,0.4009046287056833,1.0,1.0,1.0,0.0,0.687782696470526
1286,3b32da65a709f23d8,True,,,,,,,,,,1.0,1.0,1.0,1.0,0.22304534251696195,1.0,0.0,1.0,0.0,0.5072016695365507
1287,9f1e97dfb6a8d6a6e,True,,,,,,,,,,1.0,1.0,1.0,1.0,0.27061457912469317,1.0,1.0,0.0,0.0,0.5220670559764666
1288,24e6339c5f9336f36,True,,,,,,,,,,1.0,1.0,1.0,1.0,0.176250391587707,1.0,1.0,1.0,0.0,0.6175782473711584
1289,d745c239ecbf42d39,True,,,,,,,,,,1.0,1.0,1.0,1.0,0.49595071495380555,1.0,1.0,1.0,0.0,0.7174845984230642
1290,925c86df127c5e5b6,True,,,,,,,,,,1.0,1.0,1.0,1.0,0.24059700536134077,1.0,1.0,1.0,0.0,0.637686564175419
1291,e14d602917d1d211f,True,,,,,,,,,,1.0,1.0,1.0,1.0,0.2286754394615788,1.0,0.0,0.0,0.0,0.38396107483174335
1292,2a32769c4b35a8c07,True,,,,,,,,,,1.0,1.0,1.0,1.0,0.05890163124577096,1.0,1.0,1.0,1.0,0.7059067597643034
1293,bc3c63c0479feee36,True,,,,,,,,,,1.0,1.0,1.0,1.0,0.18669840739760504,1.0,0.0,0.0,0.0,0.3708432523117516
1294,eb588d2e3b1e3409d,True,,,,,,,,,,1.0,1.0,1.0,1.0,0.27414939302473623,1.0,1.0,0.0,0.0,0.5231716853202301
1295,43b92681b98be1dd3,True,,,,,,,,,,1.0,0.0,0.5,1.0,1.0,1.0,0.0,0.0,0.0,0.0
1296,e51cdc2544fd62fa6,True,,,,,,,,,,1.0,1.0,1.0,1.0,0.19166364273493156,1.0,0.0,1.0,0.0,0.4973948883546661
1297,58f8bb6cc7ee41227,True,,,,,,,,,,1.0,0.0,1.0,1.0,0.2285909868391557,1.0,0.0,0.0,0.0,0.0
1298,766195ae1ef2dac03,True,,,,,,,,,,1.0,1.0,1.0,1.0,0.22057421404852162,1.0,1.0,0.0,0.0,0.506429441890163
1299,baf1cc49f4250c41a,True,,,,,,,,,,1.0,1.0,1.0,1.0,1.0,1.0,0.0,1.0,0.0,0.75
1300,a33343b83ce194f89,True,,,,,,,,,,1.0,1.0,1.0,1.0,0.13499189863228123,1.0,1.0,1.0,0.0,0.6046849683225879
1301,c7f30a40dbc7d2bf8,True,,,,,,,,,,1.0,1.0,1.0,1.0,0.0,1.0,1.0,1.0,1.0,0.6875
1302,908b05ed734967ac3,True,,,,,,,,,,1.0,1.0,1.0,1.0,0.20067859621088074,1.0,0.0,0.0,0.0,0.37521206131590024
1303,eb18eff580c25dafb,True,,,,,,,,,,1.0,1.0,1.0,1.0,0.0,1.0,1.0,1.0,1.0,0.6875
1304,050eb5c5cd6081213,True,,,,,,,,,,1.0,1.0,1.0,1.0,0.18032899462497698,1.0,1.0,1.0,0.0,0.6188528108203053
1305,5875003845a7403ab,True,,,,,,,,,,1.0,1.0,1.0,1.0,1.0,1.0,1.0,1.0,1.0,1.0
1306,ecb1dd4076b28cd84,True,,,,,,,,,,1.0,1.0,1.0,1.0,0.20595381658175,1.0,1.0,1.0,0.0,0.6268605676817969
1307,165e39945068ad586,True,,,,,,,,,,1.0,1.0,1.0,1.0,0.21269413396868508,1.0,0.0,0.0,0.0,0.3789669168652141
1308,b46226c085423d5a9,True,,,,,,,,,,1.0,1.0,1.0,1.0,0.18126621027450937,0.0,1.0,1.0,0.0,0.3066456907107842
1309,772ca0f5b2b35d83b,True,,,,,,,,,,1.0,1.0,1.0,0.0,1.0,1.0,1.0,1.0,1.0,0.0
1310,597d6626cc9f6cdbd,True,,,,,,,,,,1.0,0.0,1.0,1.0,0.18814807698127287,1.0,0.0,1.0,0.0,0.0
1311,83b6e2ed6238cd43a,True,,,,,,,,,,1.0,1.0,1.0,1.0,0.22709106125552952,1.0,1.0,1.0,1.0,0.758465956642353
1312,66186ff8feddb320f,True,,,,,,,,,,1.0,1.0,1.0,1.0,0.09819708201756204,1.0,0.0,1.0,0.0,0.46818658813048813
1313,517d13818dab667f5,True,,,,,,,,,,1.0,1.0,1.0,1.0,0.1412669906773615,1.0,0.0,1.0,0.0,0.4816459345866755
1314,fa350068f608950fe,True,,,,,,,,,,1.0,1.0,1.0,1.0,0.3455750664377512,1.0,0.0,0.0,0.0,0.42049220826179723
1315,d069a0081ae35d442,True,,,,,,,,,,1.0,1.0,1.0,1.0,0.08147755344195992,1.0,0.0,1.0,1.0,0.5879617354506125
1316,4c838e94f573fa977,True,,,,,,,,,,1.0,1.0,1.0,1.0,0.023714876300862515,1.0,0.0,1.0,1.0,0.5699108988440196
1317,43f7fbb8fc3c4d17b,True,,,,,,,,,,1.0,1.0,1.0,1.0,1.0,1.0,1.0,1.0,1.0,1.0
1318,a382d4a158cc4f443,True,,,,,,,,,,1.0,1.0,1.0,1.0,0.17812780526050787,1.0,0.0,1.0,0.0,0.4931649391439087
1319,fbf6a32724a0d16f2,True,,,,,,,,,,1.0,1.0,1.0,1.0,0.3991860568209318,1.0,0.0,1.0,0.0,0.5622456427565412
1320,dfe73ad8f70781d46,True,,,,,,,,,,1.0,1.0,1.0,1.0,0.0,1.0,0.0,1.0,1.0,0.5625
1321,8b4f3b5980bf21a3b,True,,,,,,,,,,1.0,1.0,1.0,1.0,0.16014142057269404,1.0,1.0,1.0,0.0,0.6125441939289669
1322,be32b597dc6df2a8a,True,,,,,,,,,,1.0,1.0,1.0,1.0,0.0,1.0,0.0,1.0,1.0,0.5625
1323,5959223c7ec6a8c04,True,,,,,,,,,,1.0,1.0,1.0,1.0,1.0,1.0,0.0,1.0,0.0,0.75
1324,769c3d78ab53dd47b,True,,,,,,,,,,1.0,1.0,1.0,1.0,0.0822970819950836,1.0,1.0,1.0,1.0,0.7132178381234636
1325,4e231a60b33891721,True,,,,,,,,,,1.0,1.0,1.0,1.0,0.002358652548068325,1.0,1.0,1.0,1.0,0.6882370789212713
1326,1e3e373072e96c044,True,,,,,,,,,,1.0,0.0,1.0,1.0,0.3263751953243128,1.0,0.0,0.0,0.0,0.0
1327,8be69e03781f4c138,True,,,,,,,,,,1.0,1.0,1.0,1.0,0.25603178504053753,1.0,1.0,0.0,0.0,0.517509932825168
1328,bef5978ef06f054f6,True,,,,,,,,,,1.0,1.0,1.0,1.0,0.230955277939095,1.0,1.0,0.0,0.0,0.5096735243559671
1329,fec17ad0f4921b486,True,,,,,,,,,,1.0,1.0,1.0,1.0,0.1157055604371895,1.0,1.0,1.0,0.0,0.5986579876366217
1330,8a9e6d29520f76dfc,True,,,,,,,,,,1.0,1.0,1.0,1.0,0.032903851373204646,1.0,0.0,1.0,1.0,0.5727824535541264
1331,bebc043b24bdb6ddf,True,,,,,,,,,,1.0,1.0,1.0,1.0,0.11814173490787667,1.0,1.0,1.0,0.0,0.5994192921587115
1332,b4f924a8633b4e666,True,,,,,,,,,,0.5,1.0,1.0,1.0,1.0,0.0,1.0,1.0,0.0,0.28125
1333,3e56a32b74b50d827,True,,,,,,,,,,1.0,1.0,1.0,1.0,0.09591206149265007,1.0,1.0,1.0,1.0,0.7174725192164532
1334,68681651575ebbc90,True,,,,,,,,,,1.0,1.0,1.0,1.0,0.32781790262775706,1.0,0.0,1.0,0.0,0.5399430945711741
1335,624d6c465e568f7a9,True,,,,,,,,,,1.0,1.0,0.0,1.0,1.0,1.0,0.0,0.0,0.0,0.0
1336,b7649c3b2cd5537c8,True,,,,,,,,,,1.0,0.0,1.0,1.0,1.0,1.0,0.0,0.0,0.0,0.0
1337,cad0619a5797da011,True,,,,,,,,,,1.0,1.0,1.0,1.0,0.1838490733018659,1.0,0.0,0.0,0.0,0.3699528354068331
1338,576ad4ad9e64275b1,True,,,,,,,,,,1.0,0.0,1.0,1.0,0.0,1.0,0.0,1.0,0.0,0.0
1339,340986fda5e34ccac,True,,,,,,,,,,1.0,1.0,0.0,1.0,1.0,1.0,1.0,0.0,0.0,0.0
1340,5dc798ecdc1897481,True,,,,,,,,,,1.0,1.0,1.0,1.0,0.22198881008934596,1.0,0.0,0.0,0.0,0.3818715031529206
1341,8b639fb0376857c55,True,,,,,,,,,,1.0,1.0,1.0,1.0,0.168823032261197,1.0,0.0,1.0,0.0,0.49025719758162406
1342,af838aad1e6b19925,True,,,,,,,,,,1.0,0.0,1.0,1.0,0.1684988719904285,1.0,1.0,1.0,0.0,0.0
1343,ea85faa2c543fbbae,True,,,,,,,,,,1.0,1.0,1.0,1.0,0.1685904838062181,1.0,1.0,1.0,0.0,0.6151845261894431
1344,46e64616eb8cc57af,True,,,,,,,,,,1.0,1.0,1.0,1.0,0.19235299968437752,1.0,0.0,0.0,0.0,0.372610312401368
1345,2acdb8c02a4722af1,True,,,,,,,,,,1.0,1.0,1.0,1.0,0.0,1.0,1.0,1.0,1.0,0.6875
1346,1bddac86d58ce72a5,True,,,,,,,,,,1.0,1.0,1.0,1.0,0.13619654590719682,1.0,1.0,1.0,0.0,0.605061420595999
1347,31cff30cd9b0dac82,True,,,,,,,,,,1.0,1.0,1.0,1.0,0.11895321557810336,1.0,1.0,1.0,0.0,0.5996728798681573
1348,1b7240da7a5598b38,True,,,,,,,,,,0.0,1.0,1.0,1.0,1.0,0.0,1.0,1.0,0.0,0.0
1349,0e6b7e12965c8e997,True,,,,,,,,,,1.0,1.0,0.0,1.0,1.0,1.0,0.0,0.0,0.0,0.0
1350,50af9c4a2721fb804,True,,,,,,,,,,1.0,0.0,1.0,1.0,0.509232227568713,1.0,1.0,0.0,0.0,0.0
1351,896888ec148c2c4cb,True,,,,,,,,,,0.0,1.0,1.0,1.0,0.20158119338649477,0.0,0.0,0.0,0.0,0.0
1352,b597eeb6a07198090,True,,,,,,,,,,1.0,1.0,1.0,1.0,0.3122681976093175,1.0,0.0,1.0,0.0,0.5350838117529118
1353,bc84695ec7d4fc814,True,,,,,,,,,,1.0,1.0,1.0,1.0,0.27615643307112836,1.0,1.0,0.0,0.0,0.5237988853347276
1354,56a96ee7abd76ab13,True,,,,,,,,,,1.0,1.0,1.0,1.0,1.0,1.0,0.0,1.0,1.0,0.875
1355,9e8bcf0ba8fefe716,True,,,,,,,,,,1.0,1.0,1.0,1.0,0.27390531806000806,1.0,1.0,1.0,0.0,0.6480954118937525
1356,cd294e9205c77defd,True,,,,,,,,,,1.0,1.0,1.0,1.0,0.14120523817163533,1.0,0.0,1.0,0.0,0.48162663692863605
1357,c3eabd6982ee224c4,True,,,,,,,,,,1.0,0.0,1.0,1.0,0.15105589435447683,1.0,0.0,1.0,0.0,0.0
1358,506e98e6817013978,True,,,,,,,,,,1.0,0.0,1.0,1.0,0.2484808277982849,1.0,0.0,0.0,0.0,0.0
1359,79d6ba3b0e13a7f66,True,,,,,,,,,,1.0,1.0,1.0,1.0,0.07770519476080381,1.0,1.0,1.0,1.0,0.7117828733627511
1360,873b2bce6903cffc1,True,,,,,,,,,,1.0,1.0,0.5,1.0,0.8322779717189267,1.0,0.0,1.0,0.0,0.3487934330810823
1361,5b733b329372ed8c8,True,,,,,,,,,,1.0,1.0,1.0,1.0,0.1284422550942324,1.0,1.0,1.0,0.0,0.6026382047169476
1362,5b406458d7f722fb2,True,,,,,,,,,,1.0,1.0,1.0,1.0,0.23625242922699846,1.0,0.0,0.0,0.0,0.386328884133437
1363,84ca2983c8da58e9b,True,,,,,,,,,,1.0,1.0,1.0,1.0,0.3291858551421819,1.0,0.0,0.0,0.0,0.4153705797319318
1364,49538162999026026,True,,,,,,,,,,1.0,0.0,1.0,1.0,1.0,1.0,0.0,1.0,0.0,0.0
1365,5b387bb6b49ae731a,True,,,,,,,,,,1.0,1.0,1.0,1.0,0.002712645842040976,1.0,0.0,1.0,1.0,0.5633477018256379
1366,c950df7be837da65b,True,,,,,,,,,,1.0,1.0,1.0,1.0,1.0,1.0,1.0,1.0,0.0,0.875
1367,5b31db57958441e62,True,,,,,,,,,,1.0,1.0,1.0,1.0,0.0,1.0,1.0,1.0,1.0,0.6875
1368,fe454c84ae38cb664,True,,,,,,,,,,1.0,1.0,1.0,1.0,0.0,1.0,0.0,1.0,1.0,0.5625
1369,36c7b91f3363fdeda,True,,,,,,,,,,1.0,0.0,0.0,1.0,1.0,1.0,0.0,0.0,0.0,0.0
1370,a41ba68bdc9f9fb88,True,,,,,,,,,,1.0,1.0,1.0,1.0,0.14643916154902825,1.0,1.0,1.0,0.0,0.6082622379840713
1371,fa2224428f7eab22f,True,,,,,,,,,,1.0,1.0,1.0,1.0,0.36277806934384843,1.0,1.0,0.0,0.0,0.5508681466699527
1372,ca6194714b4b58cfb,True,,,,,,,,,,1.0,1.0,1.0,1.0,0.06300281515692224,1.0,0.0,1.0,1.0,0.5821883797365381
1373,9d01fb3bc5ce52bd1,True,,,,,,,,,,1.0,1.0,1.0,1.0,0.23527020981086327,1.0,1.0,0.0,0.0,0.5110219405658948
1374,e9b4dc8775d9b86e1,True,,,,,,,,,,1.0,0.0,1.0,1.0,0.2958292570655803,1.0,0.0,0.0,0.0,0.0
1375,d25b5af7899d7e8e0,True,,,,,,,,,,1.0,1.0,1.0,1.0,0.014080378168552772,1.0,0.0,1.0,1.0,0.5669001181776727
1376,0aaae91a3ffa7e596,True,,,,,,,,,,1.0,1.0,1.0,1.0,0.22220510669131832,1.0,1.0,0.0,0.0,0.5069390958410369
1377,3b8808368bea4771a,True,,,,,,,,,,1.0,1.0,1.0,1.0,0.30862305864967465,1.0,1.0,1.0,0.0,0.6589447058280233
1378,e677a32f0475fc05e,True,,,,,,,,,,1.0,0.0,1.0,1.0,0.18434384212246357,1.0,0.0,1.0,0.0,0.0
1379,2c48bea3e93ba9e48,True,,,,,,,,,,1.0,1.0,1.0,1.0,0.2323519103372195,1.0,1.0,0.0,0.0,0.5101099719803811
1380,5d16842470d67d7aa,True,,,,,,,,,,1.0,1.0,1.0,1.0,1.0,1.0,1.0,1.0,1.0,1.0
1381,bff99a3eb84ffe4ba,True,,,,,,,,,,1.0,1.0,1.0,1.0,0.15595991307271284,1.0,0.0,1.0,0.0,0.4862374728352228
1382,0dacd04f2b5cb9990,True,,,,,,,,,,1.0,1.0,0.0,1.0,1.0,1.0,1.0,0.0,0.0,0.0
1383,e9751ea5c28dbd703,True,,,,,,,,,,1.0,1.0,1.0,1.0,0.18441907260828083,0.0,1.0,1.0,0.0,0.30763096019008773
1384,c4bb99fe9ff474e51,True,,,,,,,,,,1.0,1.0,1.0,1.0,0.13447149367397523,1.0,1.0,1.0,0.0,0.6045223417731173
1385,d9f0da556a4c7bb77,True,,,,,,,,,,1.0,1.0,1.0,1.0,0.3208463845491182,1.0,1.0,1.0,0.0,0.6627644951715994
1386,ecc22288ebf17a22e,True,,,,,,,,,,1.0,1.0,1.0,1.0,1.0,1.0,1.0,1.0,1.0,1.0
1387,01e51bacf68548cab,True,,,,,,,,,,0.0,1.0,1.0,1.0,1.0,0.0,0.0,0.0,0.0,0.0
1388,bae5ac57314f7412b,True,,,,,,,,,,1.0,1.0,1.0,1.0,1.0,1.0,1.0,1.0,0.0,0.875
1389,9a5590594b11e4e0d,True,,,,,,,,,,1.0,1.0,1.0,1.0,0.27558151740375086,1.0,1.0,0.0,0.0,0.5236192241886721
1390,232ee9d7342aed6a0,True,,,,,,,,,,1.0,1.0,1.0,1.0,1.0,1.0,1.0,1.0,1.0,1.0
1391,6232a0b37017c2c9f,True,,,,,,,,,,1.0,1.0,1.0,1.0,0.11610483630891724,1.0,1.0,1.0,0.0,0.5987827613465366
1392,7b6367ddd040256d3,True,,,,,,,,,,1.0,1.0,1.0,1.0,0.0,1.0,1.0,1.0,1.0,0.6875
1393,ea6b0110876910b22,True,,,,,,,,,,1.0,1.0,1.0,1.0,0.19218886439803312,1.0,1.0,1.0,0.0,0.6225590201243854
1394,4358e02f26d710fd9,True,,,,,,,,,,1.0,1.0,1.0,1.0,0.015420817812540871,1.0,1.0,1.0,1.0,0.692319005566419
1395,dfb3b08e2dddf7b38,True,,,,,,,,,,1.0,0.0,1.0,1.0,0.2126276934958928,1.0,0.0,0.0,0.0,0.0
1396,7a9cbf03b55e84c29,True,,,,,,,,,,1.0,1.0,1.0,1.0,0.08534005618293573,1.0,0.0,1.0,1.0,0.5891687675571674
1397,7e61c66c138daab84,True,,,,,,,,,,1.0,1.0,1.0,1.0,0.1863167454888928,1.0,1.0,1.0,0.0,0.620723982965279
1398,977312aa1b30d7f8f,True,,,,,,,,,,1.0,0.0,1.0,1.0,1.0,1.0,0.0,0.0,0.0,0.0
1399,9852fe25aea4c5db3,True,,,,,,,,,,1.0,1.0,1.0,1.0,0.21248710275034874,1.0,0.0,0.0,0.0,0.378902219609484
1400,4a99f83b526b20ecf,True,,,,,,,,,,1.0,1.0,1.0,1.0,0.005044949211029915,1.0,0.0,1.0,1.0,0.5640765466284469
1401,25c21cb66208cb6c6,True,,,,,,,,,,1.0,0.0,1.0,1.0,1.0,1.0,0.0,0.0,0.0,0.0
1402,f38fa4be9ff4556d8,True,,,,,,,,,,1.0,1.0,1.0,1.0,0.1327905626773391,1.0,1.0,1.0,0.0,0.6039970508366685
1403,221ee037ec27dbb36,True,,,,,,,,,,1.0,1.0,1.0,1.0,0.0,1.0,1.0,1.0,1.0,0.6875
1404,47269d59365ccc36c,True,,,,,,,,,,1.0,1.0,1.0,1.0,0.25510063921195136,1.0,1.0,0.0,0.0,0.5172189497537348
1405,7daae87faa1540ace,True,,,,,,,,,,1.0,1.0,1.0,1.0,0.23380641823121345,1.0,0.0,0.0,0.0,0.3855645056972542
1406,ba1d4ee6517641b7b,True,,,,,,,,,,1.0,1.0,1.0,1.0,0.40320698926076276,1.0,1.0,1.0,0.0,0.6885021841439883
1407,a3b3172d137c4851c,True,,,,,,,,,,1.0,1.0,1.0,1.0,0.5048680051454899,1.0,1.0,0.0,0.0,0.5952712516079656
1408,bb77c49defa6c4631,True,,,,,,,,,,1.0,1.0,1.0,1.0,0.17272834909635126,1.0,0.0,1.0,0.0,0.4914776090926098
1409,6cbcce7f4aa5854ab,True,,,,,,,,,,1.0,1.0,1.0,1.0,0.3096779420793363,1.0,0.0,0.0,0.0,0.4092743568997926
1410,47fc4c6fd21e44379,True,,,,,,,,,,1.0,1.0,1.0,1.0,0.02124215030977957,1.0,1.0,1.0,1.0,0.694138171971806
1411,b4590a06173d6c3f0,True,,,,,,,,,,1.0,1.0,1.0,1.0,0.0,1.0,0.0,0.0,1.0,0.4375
1412,74fbb7c806207e386,True,,,,,,,,,,1.0,1.0,1.0,1.0,0.0827490895441011,1.0,0.0,1.0,1.0,0.5883590904825315
1413,f8e644eaae7fc78c5,True,,,,,,,,,,1.0,1.0,1.0,1.0,0.33390287949853975,1.0,0.0,0.0,0.0,0.41684464984329367
1414,4cb9cbe26edb17f04,True,,,,,,,,,,0.0,0.0,0.5,1.0,1.0,0.0,0.0,0.0,0.0,0.0
1415,dd7cd37257f99be9e,True,,,,,,,,,,1.0,0.0,1.0,1.0,0.3535263096399053,1.0,0.0,0.0,0.0,0.0
1416,b51b8bf8d757ee5de,True,,,,,,,,,,1.0,1.0,1.0,1.0,0.2839921722975724,1.0,1.0,0.0,0.0,0.5262475538429914
1417,dcea45b5db447124d,True,,,,,,,,,,1.0,1.0,1.0,1.0,1.0,1.0,0.0,1.0,1.0,0.875
1418,35d4f508b7e0207b4,True,,,,,,,,,,1.0,1.0,1.0,1.0,0.019036575114285196,1.0,1.0,1.0,1.0,0.6934489297232141
1419,461b3554166aa0d6f,True,,,,,,,,,,1.0,0.0,1.0,1.0,1.0,1.0,0.0,0.0,0.0,0.0
1420,8befb288003901497,True,,,,,,,,,,1.0,0.0,1.0,1.0,1.0,1.0,1.0,1.0,0.0,0.0
1421,b50c1c40b51d7211f,True,,,,,,,,,,1.0,1.0,1.0,1.0,0.03879140257274299,1.0,0.0,1.0,1.0,0.5746223133039822
1422,4b0f639cbf3aaa353,True,,,,,,,,,,1.0,1.0,1.0,1.0,0.36894017069700413,1.0,0.0,1.0,0.0,0.5527938033428138
1423,7259df2fbd4ef7047,True,,,,,,,,,,1.0,1.0,1.0,1.0,0.0025002078004475676,1.0,0.0,1.0,1.0,0.5632813149376399
1424,c6e091204feb3069c,True,,,,,,,,,,1.0,1.0,1.0,1.0,0.20632880560357034,1.0,1.0,0.0,0.0,0.5019777517511157
1425,d3fd9caab2859cfd1,True,,,,,,,,,,1.0,1.0,0.5,1.0,0.42973694321803907,1.0,0.0,0.0,0.0,0.2233963973778186
1426,8dd36b48e9549dfbb,True,,,,,,,,,,1.0,1.0,1.0,1.0,0.6621556065329297,1.0,1.0,1.0,0.0,0.7694236270415405
1427,fcc569fe0c7aef6a1,True,,,,,,,,,,1.0,0.0,1.0,1.0,1.0,1.0,0.0,1.0,0.0,0.0
1428,701516f2dc4b0ec24,True,,,,,,,,,,1.0,1.0,1.0,1.0,0.04269247338353685,1.0,1.0,1.0,1.0,0.7008413979323553
1429,385adba134e6d7874,True,,,,,,,,,,1.0,1.0,1.0,1.0,1.0,1.0,1.0,1.0,0.0,0.875
1430,5922fad17f2f5e59f,True,,,,,,,,,,0.0,1.0,0.0,1.0,1.0,0.0,0.0,0.0,0.0,0.0
1431,34c0cbcc136c66c89,True,,,,,,,,,,1.0,1.0,1.0,1.0,0.17158087184418533,1.0,0.0,1.0,0.0,0.4911190224513079
1432,7338fea39e2bae90e,True,,,,,,,,,,1.0,1.0,1.0,1.0,0.17481899589763017,1.0,0.0,1.0,0.0,0.4921309362180094
1433,676ffbee9ca648d5c,True,,,,,,,,,,0.0,1.0,1.0,1.0,1.0,0.0,0.0,0.0,0.0,0.0
1434,1b9be7126769fdb92,True,,,,,,,,,,1.0,1.0,1.0,1.0,0.22594471046472286,1.0,1.0,1.0,0.0,0.6331077220202259
1435,355e5bb60c8fb0793,True,,,,,,,,,,1.0,1.0,1.0,1.0,1.0,1.0,0.0,1.0,0.0,0.75
1436,298d36dd2179b1b09,True,,,,,,,,,,1.0,1.0,1.0,1.0,0.21461194246021,1.0,0.0,0.0,0.0,0.3795662320188156
1437,89fdadaeadc80221e,True,,,,,,,,,,1.0,1.0,1.0,1.0,1.0,1.0,1.0,1.0,0.0,0.875
1438,b6e21e56bbdb5ba68,True,,,,,,,,,,1.0,1.0,1.0,1.0,0.1749665142180131,1.0,0.0,1.0,0.0,0.4921770356931291
1439,f57b598a624e522c7,True,,,,,,,,,,1.0,1.0,1.0,1.0,0.245093777438813,1.0,0.0,1.0,0.0,0.5140918054496291
1440,334428793abea228f,True,,,,,,,,,,1.0,0.0,1.0,1.0,0.40262155287753915,1.0,0.0,1.0,0.0,0.0
1441,d5edc9afab7f3a337,True,,,,,,,,,,1.0,1.0,1.0,1.0,0.17427826523150244,1.0,1.0,1.0,0.0,0.6169619578848445
1442,bb22e24798c605096,True,,,,,,,,,,1.0,1.0,1.0,1.0,0.3667238120180158,1.0,0.0,0.0,0.0,0.42710119125562995
1443,7c8ff6814e197c909,True,,,,,,,,,,1.0,1.0,1.0,1.0,1.0,1.0,0.0,0.0,0.0,0.625
1444,339ecba374c29a3ea,True,,,,,,,,,,1.0,1.0,1.0,1.0,0.18627458895160517,1.0,1.0,1.0,0.0,0.6207108090473766
1445,6c00c1447928881d7,True,,,,,,,,,,1.0,1.0,1.0,1.0,0.10648626955220888,1.0,0.0,1.0,1.0,0.5957769592350652
1446,de3ab8b6981c3e632,True,,,,,,,,,,1.0,1.0,1.0,1.0,0.0,1.0,1.0,1.0,1.0,0.6875
1447,5a0a989dc5a853c97,True,,,,,,,,,,1.0,0.0,1.0,1.0,0.15039272077034013,1.0,0.0,1.0,0.0,0.0
1448,c356f7c7a4dfada23,True,,,,,,,,,,1.0,1.0,1.0,1.0,0.034165295997151034,1.0,0.0,1.0,1.0,0.5731766549991097
1449,a0f74d36d2aa52b1f,True,,,,,,,,,,1.0,1.0,1.0,1.0,0.08554914889705707,1.0,1.0,1.0,1.0,0.7142341090303304
1450,bcdf9aeebdcada173,True,,,,,,,,,,1.0,1.0,1.0,1.0,0.18695123781228176,1.0,0.0,1.0,0.0,0.49592226181633803
1451,fc75e772cd8a739f3,True,,,,,,,,,,1.0,0.0,1.0,1.0,1.0,1.0,1.0,1.0,0.0,0.0
1452,cd19384b9fe667753,True,,,,,,,,,,1.0,0.0,1.0,1.0,0.20730719711548667,1.0,0.0,0.0,0.0,0.0
1453,b95297d2453c0e1e8,True,,,,,,,,,,1.0,1.0,1.0,1.0,0.2831480274055529,1.0,1.0,1.0,0.0,0.6509837585642353
1454,ebf583743cf822ad6,True,,,,,,,,,,1.0,1.0,1.0,1.0,0.2329037425020846,1.0,0.0,0.0,0.0,0.38528241953190145
1455,9dd3876cb173c36aa,True,,,,,,,,,,1.0,0.0,0.5,1.0,0.3780812493013677,1.0,0.0,0.0,0.0,0.0
1456,f21c4208d817951b4,True,,,,,,,,,,1.0,0.0,1.0,1.0,0.18470453756527463,1.0,0.0,1.0,0.0,0.0
1457,956a8bcaa1a0b0856,True,,,,,,,,,,0.0,1.0,1.0,1.0,0.40712089488348985,0.0,0.0,0.0,0.0,0.0
1458,bd9cfcf17b064f7df,True,,,,,,,,,,1.0,1.0,1.0,1.0,0.07358692320275181,1.0,1.0,1.0,1.0,0.7104959135008599
1459,29500c50afeb0e68a,True,,,,,,,,,,1.0,0.0,1.0,1.0,0.5077755530393134,1.0,1.0,1.0,0.0,0.0
1460,7d4dd35efebf5aa8f,True,,,,,,,,,,1.0,1.0,1.0,1.0,0.0026472627674484998,1.0,0.0,1.0,1.0,0.5633272696148277
1461,c7690543523741cf3,True,,,,,,,,,,1.0,1.0,1.0,1.0,0.2818309649219873,1.0,0.0,0.0,0.0,0.40057217653812105
1462,03a6d53a889503fa1,True,,,,,,,,,,1.0,0.0,0.0,1.0,1.0,1.0,0.0,0.0,0.0,0.0
1463,661923b68a72445aa,True,,,,,,,,,,1.0,0.0,1.0,1.0,0.1786936821860903,1.0,0.0,1.0,0.0,0.0
1464,a6158322c9262bd39,True,,,,,,,,,,1.0,1.0,1.0,1.0,0.26365630454493527,1.0,1.0,0.0,0.0,0.5198925951702923
1465,c88ec2d9a664ec957,True,,,,,,,,,,1.0,1.0,1.0,1.0,0.42096712221281674,1.0,1.0,1.0,0.0,0.6940522256915053
1466,0ea9174f9cfe31c0d,True,,,,,,,,,,1.0,1.0,1.0,1.0,0.19724288759689018,1.0,1.0,0.0,0.0,0.4991384023740282
1467,89474c5ba034ced0c,True,,,,,,,,,,1.0,1.0,1.0,1.0,0.1452257769765897,1.0,1.0,1.0,1.0,0.7328830553051843
1468,09747cf799a19f292,True,,,,,,,,,,1.0,1.0,1.0,1.0,0.13919908000802392,1.0,0.0,1.0,1.0,0.6059997125025075
1469,3e179fc29839a19a3,True,,,,,,,,,,1.0,1.0,1.0,1.0,1.0,1.0,0.0,1.0,1.0,0.875
1470,a7eababd56f26dc5e,True,,,,,,,,,,1.0,1.0,1.0,1.0,0.22275358695438613,1.0,1.0,0.0,0.0,0.5071104959232456
1471,393ebaed8cd47962e,True,,,,,,,,,,1.0,0.0,1.0,1.0,0.2484808277982849,1.0,0.0,0.0,0.0,0.0
1472,35a201132842b0275,True,,,,,,,,,,1.0,1.0,1.0,1.0,0.09858381878340901,1.0,0.0,1.0,1.0,0.5933074433698153
1473,dba7acca42dcb992f,True,,,,,,,,,,1.0,0.0,1.0,1.0,0.30439018990024613,1.0,0.0,1.0,0.0,0.0
1474,b1c7cedccc066a77d,True,,,,,,,,,,1.0,1.0,1.0,1.0,0.1617406646805878,1.0,0.0,1.0,0.0,0.48804395771268366
1475,6e1ecc74646f12ab1,True,,,,,,,,,,1.0,1.0,0.0,1.0,1.0,1.0,0.0,0.0,0.0,0.0
1476,317774c453bf853ce,True,,,,,,,,,,1.0,1.0,1.0,1.0,0.11447312905101013,1.0,0.0,1.0,1.0,0.5982728528284407
1477,467d53c4d720db393,True,,,,,,,,,,1.0,1.0,1.0,1.0,0.4250604019106408,1.0,1.0,1.0,0.0,0.6953313755970753
1478,01f31009879396921,True,,,,,,,,,,1.0,1.0,1.0,1.0,0.23930545766149453,1.0,1.0,1.0,0.0,0.637282955519217
1479,2dac2b9cae0ff11f8,True,,,,,,,,,,1.0,1.0,1.0,1.0,1.0,1.0,0.0,1.0,1.0,0.875
1480,01b75264953369ae4,True,,,,,,,,,,1.0,1.0,0.5,1.0,0.6559966013763178,1.0,0.0,1.0,0.0,0.32124946896504963
1481,977ccf108c51d43d0,True,,,,,,,,,,1.0,1.0,1.0,1.0,0.08676398555753827,1.0,1.0,1.0,1.0,0.7146137454867307
1482,085b907f63a37b0ac,True,,,,,,,,,,1.0,0.0,1.0,1.0,0.2025748958550829,1.0,0.0,0.0,0.0,0.0
1483,cd00bd6a4daf5fce4,True,,,,,,,,,,1.0,1.0,1.0,1.0,0.1545251050793168,1.0,0.0,1.0,0.0,0.4857890953372865
1484,59223499b6e8a12d6,True,,,,,,,,,,1.0,1.0,1.0,1.0,0.2701685742895633,1.0,1.0,1.0,0.0,0.6469276794654886
1485,f42ba561b2c6f684a,True,,,,,,,,,,1.0,1.0,1.0,1.0,0.0937939629780821,1.0,1.0,1.0,0.0,0.5918106134306507
1486,7fda1bb28d64c96f0,True,,,,,,,,,,1.0,0.0,1.0,1.0,1.0,1.0,0.0,0.0,0.0,0.0
1487,ce3d7615ed78d6c47,True,,,,,,,,,,1.0,1.0,1.0,1.0,0.0,1.0,1.0,1.0,1.0,0.6875
1488,b77eab715fa3e5a65,True,,,,,,,,,,1.0,1.0,1.0,1.0,0.15234324497785273,1.0,1.0,1.0,0.0,0.6101072640555789
1489,78ff4a8811ea50019,True,,,,,,,,,,1.0,1.0,1.0,1.0,1.0,1.0,1.0,1.0,1.0,1.0
1490,686f1f87016b7e54b,True,,,,,,,,,,1.0,1.0,1.0,1.0,1.0,1.0,1.0,1.0,1.0,1.0
1491,ba8bf5b95601df543,True,,,,,,,,,,1.0,1.0,1.0,1.0,0.21447484623686597,1.0,0.0,0.0,0.0,0.37952338944902064
1492,bd132bb290ee8b29b,True,,,,,,,,,,1.0,1.0,1.0,1.0,1.0,1.0,0.0,1.0,1.0,0.875
1493,b6f6daabfac4fa910,True,,,,,,,,,,1.0,1.0,1.0,1.0,0.5172880677217431,1.0,1.0,0.0,0.0,0.5991525211630447
1494,463716f28ebb21a5d,True,,,,,,,,,,1.0,0.0,1.0,1.0,1.0,1.0,1.0,1.0,0.0,0.0
1495,306bd7dfd9818a9eb,True,,,,,,,,,,1.0,1.0,1.0,1.0,0.17504375931941998,1.0,1.0,0.0,0.0,0.49220117478731873
1496,86275551f43e6b105,True,,,,,,,,,,1.0,1.0,1.0,1.0,0.5111498159099277,1.0,0.0,0.0,0.0,0.4722343174718524
1497,8c19ef349d4fc37cb,True,,,,,,,,,,1.0,1.0,1.0,1.0,0.35321639266465704,1.0,1.0,0.0,0.0,0.5478801227077053
1498,7feb54e1cfc0b6b33,True,,,,,,,,,,1.0,1.0,1.0,1.0,0.20101550016986594,1.0,0.0,0.0,0.0,0.3753173438030831
1499,00e5457ca561abfbb,True,,,,,,,,,,1.0,1.0,1.0,1.0,0.118490250936124,1.0,1.0,1.0,0.0,0.5995282034175388
1500,bca57d9f8472bf1be,True,,,,,,,,,,1.0,1.0,1.0,1.0,0.1726959850284233,1.0,1.0,1.0,0.0,0.6164674953213822
1501,3e4706910942fcca4,True,,,,,,,,,,1.0,1.0,1.0,1.0,1.0,1.0,1.0,1.0,1.0,1.0
1502,1efa58a926126dcc0,True,,,,,,,,,,1.0,1.0,1.0,1.0,0.11015401603224098,1.0,1.0,1.0,0.0,0.5969231300100752
1503,544fd2c725ea1a878,True,,,,,,,,,,1.0,1.0,1.0,1.0,0.23860920456023701,1.0,0.0,0.0,0.0,0.38706537642507405
1504,6eb7971620ae92336,True,,,,,,,,,,1.0,1.0,1.0,1.0,0.1943581574186993,1.0,1.0,1.0,0.0,0.6232369241933435
1505,11e5a12ad80226150,True,,,,,,,,,,1.0,1.0,1.0,1.0,0.19123362432743157,1.0,0.0,0.0,0.0,0.3722605076023224
1506,6755c5223bb08c967,True,,,,,,,,,,1.0,1.0,1.0,1.0,0.18092611645334436,1.0,0.0,1.0,0.0,0.4940394113916701
1507,80144b63550c48566,True,,,,,,,,,,1.0,1.0,0.5,1.0,0.32700656116239907,1.0,0.0,0.0,0.0,0.20734477518162486
1508,1a873a18080ef431b,True,,,,,,,,,,1.0,1.0,1.0,1.0,1.0,1.0,1.0,0.0,0.0,0.75
1509,4a5ea5d6a2735531c,True,,,,,,,,,,1.0,1.0,1.0,1.0,0.27578637641450787,1.0,0.0,0.0,0.0,0.3986832426295337
1510,ac132e5b2d0fb3476,True,,,,,,,,,,1.0,1.0,1.0,1.0,0.0,1.0,1.0,1.0,1.0,0.6875
1511,246f9bdfe24441b91,True,,,,,,,,,,1.0,1.0,1.0,1.0,0.34370346219494197,1.0,0.0,0.0,0.0,0.41990733193591934
1512,6c5bcf6f99698fac4,True,,,,,,,,,,1.0,1.0,1.0,1.0,0.12131328174374129,1.0,1.0,1.0,0.0,0.6004104005449191
1513,20a64ca2d03e6cb72,True,,,,,,,,,,1.0,1.0,1.0,1.0,0.1689834004234186,1.0,1.0,1.0,0.0,0.6153073126323183
1514,be37c56ecccec8f54,True,,,,,,,,,,1.0,0.0,1.0,1.0,1.0,1.0,0.0,1.0,0.0,0.0
1515,84f364974b63432d3,True,,,,,,,,,,1.0,1.0,1.0,1.0,0.2037271167742007,1.0,1.0,1.0,0.0,0.6261647239919377
1516,f5d454a22e5731c5a,True,,,,,,,,,,1.0,1.0,1.0,1.0,0.18530470848332584,1.0,1.0,1.0,0.0,0.6204077214010393
1517,5c4cdaaf289584cd5,True,,,,,,,,,,1.0,0.0,1.0,1.0,1.0,1.0,1.0,0.0,0.0,0.0
1518,a8cfebbab95e53606,True,,,,,,,,,,1.0,1.0,1.0,1.0,0.18270419142662667,1.0,1.0,1.0,0.0,0.6195950598208209
1519,f4fb3d3b43707d6a3,True,,,,,,,,,,1.0,1.0,1.0,1.0,0.3426630800239066,1.0,0.0,0.0,0.0,0.4195822125074708
1520,eb6640d34db9e73af,True,,,,,,,,,,1.0,1.0,1.0,1.0,0.08531394503292763,1.0,1.0,1.0,1.0,0.7141606078227899
1521,f8d974540bdca9c27,True,,,,,,,,,,1.0,1.0,0.5,1.0,0.41101729833771966,1.0,0.0,0.0,0.0,0.2204714528652687
1522,aaf0cbe31c7a5aa33,True,,,,,,,,,,1.0,1.0,1.0,1.0,0.37351587277329695,1.0,0.0,1.0,0.0,0.5542237102416553
1523,92f6dfd3e7865475c,True,,,,,,,,,,1.0,1.0,1.0,1.0,0.26795343078043177,1.0,1.0,0.0,0.0,0.5212354471188849
1524,99fefc4b387e5553a,True,,,,,,,,,,1.0,1.0,1.0,1.0,1.0,1.0,1.0,0.0,0.0,0.75
1525,e135d049b4587c212,True,,,,,,,,,,1.0,1.0,1.0,1.0,0.22804406692347406,1.0,0.0,0.0,0.0,0.38376377091358566
1526,40e276fbb70b36a86,True,,,,,,,,,,1.0,1.0,1.0,1.0,0.1032806423688092,1.0,1.0,1.0,1.0,0.7197752007402529
1527,51468624f84655cc2,True,,,,,,,,,,1.0,0.0,1.0,1.0,0.2460758958080673,1.0,0.0,0.0,0.0,0.0
1528,f2c959958c4b3a8f0,True,,,,,,,,,,1.0,1.0,1.0,1.0,0.28978938206963023,1.0,1.0,0.0,0.0,0.5280591818967595
1529,a34d3365f758f1c85,True,,,,,,,,,,1.0,1.0,1.0,1.0,0.12691833622477455,1.0,0.0,1.0,0.0,0.477161980070242
1530,aaf11968df9ad811b,True,,,,,,,,,,1.0,1.0,1.0,1.0,0.35099764629220953,1.0,0.0,0.0,0.0,0.4221867644663155
1531,b6217c8c8ec53139f,True,,,,,,,,,,1.0,1.0,1.0,1.0,0.16312496886794642,1.0,1.0,1.0,0.0,0.6134765527712333
1532,174e7a32e20f2ca14,True,,,,,,,,,,1.0,1.0,0.0,1.0,0.6152108124274577,1.0,0.0,0.0,0.0,0.0
1533,80bd77183c8a411b9,True,,,,,,,,,,1.0,1.0,1.0,1.0,1.0,1.0,1.0,1.0,1.0,1.0
1534,2715084d8bf201e97,True,,,,,,,,,,1.0,1.0,1.0,1.0,0.1351437476145859,1.0,0.0,1.0,1.0,0.6047324211295582
1535,62dc7352b73b8635d,True,,,,,,,,,,1.0,1.0,1.0,1.0,0.22972664037132076,1.0,1.0,1.0,0.0,0.6342895751160378
1536,e85a39742e3e7ef00,True,,,,,,,,,,1.0,1.0,0.5,1.0,1.0,1.0,0.0,0.0,0.0,0.3125
1537,4a263f9bce5d33176,True,,,,,,,,,,1.0,1.0,1.0,1.0,1.0,1.0,0.0,1.0,1.0,0.875
1538,39dac9068ac428048,True,,,,,,,,,,1.0,1.0,1.0,1.0,0.2056808428768155,1.0,0.0,0.0,0.0,0.37677526339900486
1539,e87ee58e2c6134551,True,,,,,,,,,,1.0,1.0,1.0,1.0,0.08270309639700445,1.0,0.0,1.0,0.0,0.4633447176240639
1540,1ea06c577a84beafb,True,,,,,,,,,,1.0,1.0,1.0,1.0,0.0880877310206428,1.0,1.0,1.0,1.0,0.7150274159439509
1541,e4cf6ec3cedd01e6b,True,,,,,,,,,,1.0,1.0,1.0,1.0,0.34197317880904327,1.0,0.0,0.0,0.0,0.419366618377826
1542,bf16a1467ed27acf5,True,,,,,,,,,,1.0,1.0,1.0,1.0,0.3479169494218941,1.0,1.0,1.0,1.0,0.7962240466943419
1543,6583dc042ee97ab5a,True,,,,,,,,,,1.0,1.0,1.0,1.0,0.10741546988398368,1.0,0.0,1.0,1.0,0.5960673343387449
1544,eaa70df977f0ed637,True,,,,,,,,,,1.0,1.0,1.0,1.0,0.28526506610905356,1.0,0.0,1.0,0.0,0.5266453331590792
1545,e9bf575d65f297345,True,,,,,,,,,,1.0,1.0,1.0,1.0,0.31283067001433296,1.0,0.0,0.0,0.0,0.41025958437947907
1546,ab4161a99b49b3ba2,True,,,,,,,,,,1.0,1.0,1.0,1.0,0.12658264520901635,1.0,1.0,0.0,0.0,0.4770570766278176
1547,2931dbf8882478baa,True,,,,,,,,,,1.0,0.0,1.0,1.0,1.0,1.0,0.0,0.0,0.0,0.0
1548,9011963333f646007,True,,,,,,,,,,1.0,1.0,1.0,1.0,0.1211436876328407,1.0,0.0,1.0,1.0,0.6003574023852627
1549,c99c412737b15dcce,True,,,,,,,,,,1.0,1.0,1.0,1.0,1.0,1.0,0.0,0.0,0.0,0.625
1550,303ba3f05a636f6e9,True,,,,,,,,,,1.0,1.0,1.0,1.0,0.1531418277380239,1.0,1.0,1.0,0.0,0.6103568211681325
1551,0d82f96df900285cb,True,,,,,,,,,,1.0,1.0,1.0,1.0,0.0,1.0,1.0,1.0,1.0,0.6875
1552,5f775bac151622950,True,,,,,,,,,,1.0,1.0,1.0,1.0,0.24526774198155207,1.0,1.0,0.0,0.0,0.5141461693692351
1553,c548f7528dc6ad5c8,True,,,,,,,,,,1.0,1.0,1.0,1.0,0.18027117697905182,1.0,0.0,1.0,0.0,0.4938347428059537
1554,a283fdc5a4a1cd3b0,True,,,,,,,,,,1.0,1.0,1.0,1.0,0.2269514411661642,1.0,0.0,0.0,0.0,0.38342232536442633
1555,ac7a491ea6609fc90,True,,,,,,,,,,1.0,1.0,1.0,1.0,0.11888148757858287,1.0,1.0,1.0,0.0,0.5996504648683072
1556,7a1e5853909a335df,True,,,,,,,,,,1.0,1.0,1.0,1.0,0.23065105986392648,1.0,1.0,1.0,0.0,0.634578456207477
1557,fef836e429bc5768f,True,,,,,,,,,,1.0,1.0,1.0,1.0,0.1798019400163223,1.0,0.0,1.0,0.0,0.49368810625510073
1558,4831965b341a7fca8,True,,,,,,,,,,1.0,1.0,1.0,1.0,0.16061100697789002,1.0,1.0,1.0,0.0,0.6126909396805906
1559,76e0516677156bad8,True,,,,,,,,,,1.0,0.0,1.0,1.0,1.0,1.0,0.0,1.0,0.0,0.0
1560,3c2d7205574952616,True,,,,,,,,,,1.0,1.0,1.0,1.0,0.28111235550054503,1.0,1.0,1.0,0.0,0.6503476110939204
1561,df8882fb6dbefa033,True,,,,,,,,,,1.0,0.0,1.0,1.0,1.0,1.0,0.0,1.0,0.0,0.0
1562,fd2cd8e0a11510837,True,,,,,,,,,,1.0,1.0,1.0,1.0,0.0,1.0,0.0,1.0,1.0,0.5625
1563,759a8a1916ceaf38d,True,,,,,,,,,,1.0,1.0,1.0,1.0,0.06471871301816295,1.0,1.0,1.0,1.0,0.7077245978181759
1564,f35c027e64ad46b30,True,,,,,,,,,,1.0,1.0,1.0,1.0,0.1732161636504512,1.0,0.0,1.0,0.0,0.491630051140766
1565,9451e8ef901cc6db5,True,,,,,,,,,,1.0,1.0,1.0,1.0,0.07148168948498256,1.0,1.0,1.0,1.0,0.709838027964057
1566,b93890b60ea010aaa,True,,,,,,,,,,1.0,1.0,1.0,1.0,0.33052767247101195,1.0,0.0,0.0,0.0,0.4157898976471912
1567,2eb3bf3c471605eb4,True,,,,,,,,,,1.0,1.0,1.0,1.0,0.4666161830151582,1.0,0.0,0.0,0.0,0.45831755719223694
1568,70886fe6fcf180420,True,,,,,,,,,,0.0,1.0,1.0,1.0,0.21202307602544077,0.0,0.0,0.0,0.0,0.0
1569,87bc17b46db863809,True,,,,,,,,,,1.0,1.0,1.0,1.0,0.1793380967618072,1.0,0.0,1.0,0.0,0.49354315523806475
1570,01e9b170c5c1365c4,True,,,,,,,,,,1.0,1.0,1.0,1.0,0.14657523264520914,1.0,1.0,1.0,0.0,0.6083047602016278
1571,023850d442fe9ca21,True,,,,,,,,,,1.0,1.0,1.0,1.0,0.22220510669131832,1.0,1.0,0.0,0.0,0.5069390958410369
1572,08c4b293745d6aef6,True,,,,,,,,,,1.0,1.0,1.0,0.0,1.0,1.0,0.0,0.0,0.0,0.0
1573,bbc7311ff7a7c3e18,True,,,,,,,,,,1.0,1.0,1.0,1.0,0.0,1.0,1.0,1.0,1.0,0.6875
1574,942c13a25166d5723,True,,,,,,,,,,1.0,1.0,1.0,1.0,0.026012230987131426,1.0,1.0,1.0,1.0,0.6956288221834785
1575,e8b8ef9bb7f4bdccb,True,,,,,,,,,,1.0,1.0,1.0,1.0,0.012796196343303626,1.0,0.0,1.0,1.0,0.5664988113572824
1576,fa28a1a92ae386086,True,,,,,,,,,,1.0,1.0,1.0,1.0,0.0,1.0,1.0,1.0,1.0,0.6875
1577,c0a268f5942ff8fac,True,,,,,,,,,,1.0,1.0,1.0,1.0,0.15829932911228184,1.0,1.0,1.0,0.0,0.6119685403475881
1578,88d4b366c4eb714be,True,,,,,,,,,,1.0,1.0,1.0,1.0,0.0,1.0,0.0,1.0,1.0,0.5625
1579,c672054b9f22ca68b,True,,,,,,,,,,1.0,0.0,1.0,1.0,1.0,1.0,0.0,1.0,0.0,0.0
1580,9c091b0cc6c49fd2a,True,,,,,,,,,,1.0,1.0,1.0,1.0,0.15968829320214292,1.0,1.0,0.0,0.0,0.4874025916256697
1581,c1c57e75b2d100427,True,,,,,,,,,,1.0,1.0,1.0,1.0,0.1880548024813577,1.0,0.0,1.0,0.0,0.4962671257754243
1582,6b27e18868c49b898,True,,,,,,,,,,1.0,1.0,1.0,1.0,0.0,1.0,1.0,1.0,1.0,0.6875
1583,99dc5d64b209fb23b,True,,,,,,,,,,1.0,1.0,1.0,1.0,0.3977756138942706,1.0,0.0,1.0,0.0,0.5618048793419596
1584,f7592c27f95e1ae0e,True,,,,,,,,,,1.0,1.0,1.0,1.0,0.17231661849750932,1.0,1.0,1.0,0.0,0.6163489432804716
1585,5cd83ccdc4993016d,True,,,,,,,,,,1.0,1.0,1.0,1.0,0.23486707891924585,1.0,0.0,0.0,0.0,0.3858959621622643
1586,918a0960b5cef7615,True,,,,,,,,,,1.0,1.0,1.0,1.0,0.21704935616289256,1.0,0.0,0.0,0.0,0.3803279238009039
1587,880ea2e1739fd042f,True,,,,,,,,,,1.0,1.0,1.0,1.0,0.0,1.0,1.0,1.0,1.0,0.6875
1588,aac5e172e96b86e25,True,,,,,,,,,,1.0,1.0,0.5,1.0,0.9833738915271811,1.0,0.0,1.0,0.0,0.372402170551122
1589,47b4f8325c08a9af6,True,,,,,,,,,,1.0,1.0,1.0,1.0,0.17858532923459172,1.0,0.0,1.0,0.0,0.4933079153858099
1590,e5e0959cfd16213ca,True,,,,,,,,,,1.0,0.0,1.0,1.0,1.0,1.0,0.0,0.0,0.0,0.0
1591,9cbb06ac6bd21fc4c,True,,,,,,,,,,1.0,1.0,1.0,1.0,0.3064462760190568,1.0,1.0,0.0,0.0,0.5332644612559552
1592,6e32b9a6c91fe85dc,True,,,,,,,,,,1.0,1.0,1.0,1.0,1.0,1.0,0.0,1.0,1.0,0.875
1593,bef503ff5929be3a8,True,,,,,,,,,,1.0,1.0,1.0,1.0,1.0,1.0,0.0,0.0,0.0,0.625
1594,f7741428b4719155a,True,,,,,,,,,,1.0,1.0,0.5,1.0,0.23250539698193687,1.0,0.0,0.0,0.0,0.19257896827842763
1595,90074b411c5d7d55b,True,,,,,,,,,,1.0,1.0,1.0,1.0,0.08590113423238355,1.0,1.0,1.0,0.0,0.5893441044476199
1596,73bd1fde4cf4bbd5a,True,,,,,,,,,,0.0,1.0,1.0,1.0,1.0,0.0,0.0,1.0,0.0,0.0
1597,fe1ca3f5f54761556,True,,,,,,,,,,1.0,0.0,1.0,1.0,1.0,1.0,0.0,1.0,0.0,0.0
1598,1ac3e56e5a46a2f3a,True,,,,,,,,,,1.0,1.0,1.0,1.0,0.03345863756696477,1.0,1.0,1.0,1.0,0.6979558242396765
1599,12eccd64a8e27f82f,True,,,,,,,,,,1.0,1.0,0.5,1.0,1.0,1.0,0.0,0.0,0.0,0.3125
1600,df00098f604a521a4,True,,,,,,,,,,1.0,1.0,1.0,1.0,0.21678859757257019,1.0,0.0,1.0,0.0,0.5052464367414282
1601,1ee04786c1af4e2d7,True,,,,,,,,,,1.0,1.0,1.0,1.0,0.507810027863596,1.0,1.0,0.0,0.0,0.5961906337073737
1602,eafa5db95b382255d,True,,,,,,,,,,1.0,1.0,1.0,1.0,1.0,1.0,0.0,1.0,1.0,0.875
1603,d31445529f320e6e9,True,,,,,,,,,,1.0,1.0,1.0,1.0,1.0,1.0,1.0,1.0,0.0,0.875
1604,5275c2d3d823a5476,True,,,,,,,,,,1.0,1.0,1.0,1.0,0.037865724598531394,1.0,1.0,1.0,1.0,0.6993330389370411
1605,67f4ac3e85d08fa8a,True,,,,,,,,,,1.0,1.0,1.0,1.0,0.10917456615849239,1.0,1.0,1.0,1.0,0.7216170519245289
1606,9557f26df1e4356d7,True,,,,,,,,,,1.0,1.0,0.0,1.0,1.0,1.0,0.0,0.0,0.0,0.0
1607,53c6f9cae0f7a4cd1,True,,,,,,,,,,0.0,0.0,1.0,1.0,1.0,0.0,0.0,0.0,0.0,0.0
1608,4c0a48ba08d3935ff,True,,,,,,,,,,0.0,1.0,1.0,1.0,1.0,0.0,1.0,1.0,0.0,0.0
1609,1f46bbf6d50d08d54,True,,,,,,,,,,1.0,1.0,0.5,1.0,1.0,1.0,0.0,1.0,0.0,0.375
1610,20264c75b9737127d,True,,,,,,,,,,1.0,1.0,1.0,1.0,0.24157767593441595,1.0,1.0,0.0,0.0,0.5129930237295051
1611,1908461428632f5dd,True,,,,,,,,,,1.0,1.0,1.0,1.0,0.2621265069090697,1.0,1.0,0.0,0.0,0.5194145334090843
1612,e1a05afadd29c9d52,True,,,,,,,,,,1.0,1.0,1.0,1.0,0.3541712508500502,1.0,0.0,1.0,0.0,0.5481785158906407
1613,afb926f0852a51d14,True,,,,,,,,,,1.0,1.0,1.0,1.0,0.0,1.0,1.0,1.0,1.0,0.6875
1614,0f677bebd5ee6c831,True,,,,,,,,,,1.0,1.0,1.0,1.0,0.1727894070162978,1.0,0.0,1.0,0.0,0.4914966896925931
1615,5a562731374a3054b,True,,,,,,,,,,1.0,1.0,1.0,1.0,0.0,1.0,1.0,1.0,1.0,0.6875
1616,64048e12035273b06,True,,,,,,,,,,1.0,1.0,1.0,1.0,0.06020911128054974,1.0,1.0,1.0,1.0,0.7063153472751718
1617,1484a0a00421bfda6,True,,,,,,,,,,1.0,0.0,1.0,1.0,0.10069331322398459,1.0,1.0,1.0,1.0,0.0
1618,3e0e221b32c026dc2,True,,,,,,,,,,1.0,1.0,0.5,1.0,1.0,1.0,0.0,0.0,0.0,0.3125
1619,76ce40d34831b1542,True,,,,,,,,,,1.0,0.0,1.0,1.0,0.43888340781036367,1.0,0.0,0.0,0.0,0.0
1620,155dbb3e9624d499e,True,,,,,,,,,,0.0,1.0,1.0,1.0,0.17237311217245907,0.0,0.0,1.0,0.0,0.0
1621,bc9e1db1b41d9717b,True,,,,,,,,,,1.0,1.0,1.0,1.0,0.20649824080700116,1.0,1.0,0.0,0.0,0.5020307002521879
1622,4f8f53cf5fc946ea6,True,,,,,,,,,,1.0,1.0,1.0,1.0,0.18586081379310987,1.0,1.0,0.0,0.0,0.49558150431034687
1623,765c939c341bbf4f6,True,,,,,,,,,,1.0,1.0,1.0,1.0,0.035615168303515965,1.0,1.0,1.0,1.0,0.6986297400948487
1624,e2d10c9ccbbc61bce,True,,,,,,,,,,1.0,1.0,1.0,1.0,0.12297504506826769,1.0,1.0,1.0,0.0,0.6009297015838336
1625,95f0d6c3b4018f122,True,,,,,,,,,,1.0,1.0,1.0,1.0,0.0,1.0,1.0,1.0,1.0,0.6875
1626,8ec2f225bd1ccc3ff,True,,,,,,,,,,1.0,1.0,1.0,1.0,0.20201867236737472,1.0,0.0,0.0,0.0,0.3756308351148046
1627,daa10fc178dc83dfb,True,,,,,,,,,,1.0,0.0,1.0,1.0,1.0,1.0,1.0,1.0,0.0,0.0
1628,6fe71c9fa733e801d,True,,,,,,,,,,1.0,1.0,1.0,1.0,0.1563391794859605,1.0,1.0,1.0,0.0,0.6113559935893627
1629,b8fafe0f06f38d320,True,,,,,,,,,,1.0,1.0,1.0,1.0,0.4336464462620523,1.0,0.0,1.0,0.0,0.5730145144568913
1630,664a5c4af31581693,True,,,,,,,,,,1.0,1.0,1.0,1.0,0.20656376339546834,1.0,0.0,0.0,0.0,0.37705117606108385
1631,3b55569be269255c2,True,,,,,,,,,,1.0,1.0,1.0,1.0,0.21513161241230844,1.0,1.0,0.0,0.0,0.5047286288788464
1632,1a221329baff3bfe2,True,,,,,,,,,,1.0,1.0,1.0,1.0,0.3648464446969085,1.0,1.0,0.0,0.0,0.551514513967784
1633,452f589a00d505838,True,,,,,,,,,,1.0,1.0,1.0,1.0,0.21066224120143306,1.0,0.0,0.0,0.0,0.37833195037544787
1634,cf70e8986954b642f,True,,,,,,,,,,1.0,1.0,0.5,1.0,1.0,1.0,0.0,0.0,0.0,0.3125
1635,6a7d426363539d6d7,True,,,,,,,,,,0.0,1.0,1.0,1.0,1.0,0.0,1.0,0.0,0.0,0.0
1636,e42fb75cf07b74514,True,,,,,,,,,,1.0,1.0,1.0,1.0,0.07471668703120019,1.0,1.0,1.0,0.0,0.58584896469725
1637,e30153992e5712828,True,,,,,,,,,,1.0,1.0,1.0,1.0,0.12873618313208843,1.0,0.0,1.0,0.0,0.47773005722877765
1638,a82a0dff42f2a74f1,True,,,,,,,,,,1.0,1.0,1.0,1.0,0.2539814300894737,1.0,1.0,0.0,0.0,0.5168691969029605
1639,7d348078ef5cd9345,True,,,,,,,,,,1.0,1.0,1.0,1.0,0.07827373238685174,1.0,1.0,1.0,1.0,0.7119605413708912
1640,583e0fd0c7d71cae0,True,,,,,,,,,,1.0,1.0,1.0,1.0,0.23087859565560798,1.0,0.0,0.0,0.0,0.38464956114237747
1641,f7aca65344c3b8a4b,True,,,,,,,,,,1.0,0.0,1.0,1.0,0.15589735906493496,1.0,1.0,1.0,0.0,0.0
1642,c09eaf80eb8a24e39,True,,,,,,,,,,1.0,1.0,1.0,1.0,0.04521553430563775,1.0,1.0,1.0,1.0,0.7016298544705117
1643,e2d44e550396a6802,True,,,,,,,,,,1.0,1.0,1.0,1.0,0.2827808648554646,1.0,1.0,0.0,0.0,0.5258690202673326
1644,591164dffebc72c33,True,,,,,,,,,,1.0,1.0,1.0,1.0,0.026940102383844367,1.0,1.0,1.0,1.0,0.6959187819949514
1645,d9ae5adb158047d47,True,,,,,,,,,,1.0,1.0,1.0,1.0,0.25004299657891904,1.0,0.0,1.0,0.0,0.5156384364309122
1646,39ebfd58dcc9b5aea,True,,,,,,,,,,0.0,0.0,1.0,1.0,1.0,0.0,0.0,0.0,0.0,0.0
1647,6facf1979a5a3837b,True,,,,,,,,,,1.0,1.0,1.0,1.0,1.0,1.0,1.0,1.0,1.0,1.0
1648,4250d2db3b613460c,True,,,,,,,,,,1.0,1.0,1.0,1.0,0.19998324353220606,1.0,0.0,0.0,0.0,0.3749947636038144
1649,e892cc466b54878c6,True,,,,,,,,,,1.0,0.0,0.5,1.0,1.0,1.0,0.0,0.0,0.0,0.0
1650,6b7ec09b2f5066af8,True,,,,,,,,,,1.0,1.0,1.0,1.0,0.2057480222192991,1.0,0.0,0.0,0.0,0.37679625694353097
1651,4225dd6384602da80,True,,,,,,,,,,1.0,1.0,1.0,1.0,0.09886951031961819,1.0,0.0,1.0,1.0,0.5933967219748807
1652,ff2677dc137bcd3f7,True,,,,,,,,,,1.0,1.0,1.0,1.0,0.2637931811710957,1.0,1.0,1.0,0.0,0.6449353691159674
1653,019450490101ebf1c,True,,,,,,,,,,1.0,1.0,1.0,1.0,0.0,1.0,0.0,1.0,1.0,0.5625
1654,ab09d2e92f141236c,True,,,,,,,,,,1.0,0.0,0.5,1.0,1.0,1.0,0.0,0.0,0.0,0.0
1655,9d038765043662211,True,,,,,,,,,,1.0,1.0,0.5,1.0,1.0,1.0,0.0,1.0,0.0,0.375
1656,493f02989c4ff9aac,True,,,,,,,,,,1.0,1.0,1.0,1.0,0.07298192326002363,1.0,0.0,1.0,1.0,0.5853068510187573
1657,712e01f3ee0e674c0,True,,,,,,,,,,1.0,0.0,1.0,1.0,1.0,1.0,0.0,0.0,0.0,0.0
1658,fc50c3e2408f9caad,True,,,,,,,,,,1.0,1.0,0.5,1.0,0.6628102434883423,1.0,0.0,0.0,0.0,0.2598141005450535
1659,cd486e24ba631556c,True,,,,,,,,,,1.0,1.0,1.0,1.0,0.013620544528984724,1.0,0.0,1.0,1.0,0.5667564201653077
1660,478ebd3b3ddcd9ccd,True,,,,,,,,,,1.0,1.0,1.0,1.0,0.35544485084559446,1.0,0.0,1.0,0.0,0.5485765158892483
1661,64cb1964d2bb9f801,True,,,,,,,,,,1.0,1.0,1.0,1.0,0.21852107784589514,1.0,0.0,0.0,0.0,0.38078783682684225
1662,dad71058266c1b1e8,True,,,,,,,,,,1.0,1.0,1.0,1.0,0.09100493252263428,1.0,1.0,1.0,1.0,0.7159390414133232
1663,91974452b21450f60,True,,,,,,,,,,1.0,1.0,1.0,1.0,0.16493744556004572,1.0,1.0,1.0,1.0,0.7390429517375143
1664,5fb91cdf13ec612c5,True,,,,,,,,,,1.0,1.0,1.0,1.0,0.20614314375686185,1.0,0.0,0.0,0.0,0.3769197324240193
1665,5ce376c0d0c1cc13f,True,,,,,,,,,,1.0,1.0,1.0,1.0,0.14940605316978633,1.0,0.0,1.0,0.0,0.48418939161555824
1666,95bfecce656f72d69,True,,,,,,,,,,0.0,1.0,1.0,1.0,1.0,0.0,1.0,0.0,0.0,0.0
1667,f67fdc6f83d2e8656,True,,,,,,,,,,1.0,1.0,1.0,1.0,0.03144114625459101,1.0,0.0,1.0,1.0,0.5723253582045598
1668,88943e0d8ac52cc5f,True,,,,,,,,,,1.0,1.0,1.0,1.0,1.0,1.0,0.0,1.0,1.0,0.875
1669,ddea16ece1f071cc3,True,,,,,,,,,,1.0,1.0,1.0,1.0,0.0782015402959435,1.0,1.0,1.0,1.0,0.7119379813424823
1670,033858312a3f04e99,True,,,,,,,,,,1.0,1.0,0.5,1.0,1.0,1.0,0.0,1.0,0.0,0.375
1671,6b8247643fb8d921c,True,,,,,,,,,,1.0,1.0,1.0,1.0,0.12629262006584369,1.0,0.0,1.0,0.0,0.4769664437705762
1672,523bfa9ffbc43f698,True,,,,,,,,,,1.0,1.0,1.0,1.0,0.12513144343324262,1.0,1.0,1.0,0.0,0.6016035760728884
1673,debbba18b341ebebb,True,,,,,,,,,,1.0,1.0,1.0,1.0,0.11307714015322709,1.0,1.0,1.0,1.0,0.7228366062978835
1674,a95316ef51f44b853,True,,,,,,,,,,1.0,1.0,1.0,1.0,0.19874279036683096,1.0,0.0,1.0,0.0,0.4996071219896347
1675,566746c1b29ff6a10,True,,,,,,,,,,1.0,1.0,1.0,1.0,0.0,1.0,0.0,1.0,1.0,0.5625
1676,29155e956236db1c4,True,,,,,,,,,,1.0,1.0,1.0,1.0,0.19594100791250807,1.0,0.0,1.0,0.0,0.4987315649726588
1677,2d044f90ee817dc19,True,,,,,,,,,,1.0,1.0,0.0,1.0,1.0,1.0,0.0,0.0,0.0,0.0
1678,8d911e0483906d5f9,True,,,,,,,,,,1.0,0.0,1.0,1.0,1.0,1.0,1.0,0.0,0.0,0.0
1679,108350d1060a66bd9,True,,,,,,,,,,1.0,1.0,1.0,1.0,0.16900013120256158,1.0,1.0,0.0,0.0,0.49031254100080046
1680,4cdaeeeeccac7dcd3,True,,,,,,,,,,1.0,1.0,0.0,1.0,1.0,1.0,0.0,0.0,0.0,0.0
1681,1e6601c658eba890a,True,,,,,,,,,,1.0,1.0,1.0,1.0,0.0809298109031912,1.0,1.0,1.0,1.0,0.7127905659072473
1682,fb0fb16361fd50a45,True,,,,,,,,,,1.0,1.0,1.0,1.0,0.15128843919386803,1.0,1.0,1.0,0.0,0.6097776372480838
1683,dd0ed1239e6562358,True,,,,,,,,,,1.0,1.0,0.5,1.0,0.5350283841425671,1.0,0.0,0.0,0.0,0.23984818502227612
1684,6697b38b1d73777b9,True,,,,,,,,,,1.0,1.0,1.0,1.0,0.07615530217393066,1.0,1.0,1.0,1.0,0.7112985319293533
1685,8480de05eed695abf,True,,,,,,,,,,1.0,0.0,1.0,1.0,0.18199746171135844,1.0,0.0,1.0,0.0,0.0
1686,bc14063bcfe64e058,True,,,,,,,,,,1.0,1.0,1.0,1.0,1.0,1.0,1.0,1.0,1.0,1.0
1687,19076eddbca015da6,True,,,,,,,,,,1.0,1.0,1.0,1.0,0.0,1.0,1.0,1.0,1.0,0.6875
1688,1cffc233df9758d3d,True,,,,,,,,,,1.0,0.0,1.0,1.0,1.0,1.0,0.0,0.0,0.0,0.0
1689,09217d8288feb5fad,True,,,,,,,,,,0.0,1.0,1.0,1.0,0.3892916816137417,0.0,1.0,1.0,0.0,0.0
1690,2b19e158862e6b7cd,True,,,,,,,,,,1.0,1.0,1.0,1.0,0.2206460755998892,1.0,1.0,0.0,0.0,0.5064518986249653
1691,f8f9337702054ca25,True,,,,,,,,,,1.0,1.0,1.0,1.0,1.0,1.0,0.0,1.0,1.0,0.875
1692,e58c5ddaa428a3e26,True,,,,,,,,,,1.0,0.0,1.0,1.0,0.3053326107285821,1.0,1.0,0.0,0.0,0.0
1693,eaccd2408219e6f5e,True,,,,,,,,,,1.0,1.0,1.0,1.0,0.17196048075511197,1.0,0.0,1.0,0.0,0.4912376502359725
1694,553919abb3a801b7e,True,,,,,,,,,,1.0,1.0,1.0,1.0,1.0,1.0,1.0,1.0,1.0,1.0
1695,a14671fac296719c0,True,,,,,,,,,,1.0,1.0,1.0,1.0,1.0,1.0,0.0,1.0,0.0,0.75
1696,c9c198442a1efdc10,True,,,,,,,,,,1.0,0.0,1.0,1.0,0.29349175312243025,1.0,1.0,1.0,0.0,0.0
1697,4fa2e904e6a4504ba,True,,,,,,,,,,1.0,0.0,0.5,1.0,1.0,1.0,0.0,1.0,0.0,0.0
1698,8da51d4b0fa17ee9a,True,,,,,,,,,,1.0,1.0,1.0,1.0,0.23147135915568476,1.0,0.0,0.0,0.0,0.3848347997361515
1699,0e55c21e09e86d8ba,True,,,,,,,,,,1.0,1.0,1.0,1.0,0.33949696713102573,1.0,1.0,1.0,0.0,0.6685928022284455
1700,19b51ad1679f9fa3c,True,,,,,,,,,,1.0,1.0,1.0,1.0,0.10582063930246827,1.0,0.0,1.0,1.0,0.5955689497820214
1701,1c3db8608be4d76f0,True,,,,,,,,,,1.0,0.0,1.0,1.0,0.2963744714745083,1.0,1.0,0.0,0.0,0.0
1702,45a4165a206b0969b,True,,,,,,,,,,1.0,1.0,1.0,1.0,0.12465637884551241,1.0,0.0,1.0,1.0,0.6014551183892226
1703,0939026cbd6b9cc48,True,,,,,,,,,,1.0,1.0,1.0,1.0,0.19062489304260366,1.0,0.0,1.0,0.0,0.49707027907581364
1704,c293d0be2f2680817,True,,,,,,,,,,1.0,0.0,0.5,1.0,0.8702576687362107,1.0,0.0,0.0,0.0,0.0
1705,3f4e1856faab2a6f3,True,,,,,,,,,,1.0,1.0,1.0,1.0,0.0,1.0,0.0,1.0,1.0,0.5625
1706,739639234c47bf547,True,,,,,,,,,,1.0,1.0,1.0,1.0,1.0,1.0,0.0,1.0,0.0,0.75
1707,7577c592d62db033f,True,,,,,,,,,,1.0,1.0,1.0,1.0,0.21068678161506776,1.0,0.0,0.0,0.0,0.37833961925470866
1708,2a1dc6975af402aa9,True,,,,,,,,,,1.0,1.0,1.0,1.0,0.021474820388257154,1.0,0.0,1.0,1.0,0.5692108813713304
1709,ab74a4ee392eb4ffc,True,,,,,,,,,,1.0,0.0,1.0,1.0,0.1914658027907312,1.0,0.0,1.0,0.0,0.0
1710,2913dab4565a29b87,True,,,,,,,,,,1.0,1.0,1.0,1.0,0.18345455036146327,1.0,0.0,0.0,0.0,0.3698295469879573
1711,4c1f05a52e82aac85,True,,,,,,,,,,1.0,1.0,1.0,1.0,0.06797241840135396,1.0,1.0,1.0,1.0,0.708741380750423
1712,8a2f9fc5fa33f4001,True,,,,,,,,,,1.0,1.0,1.0,1.0,1.0,1.0,1.0,0.0,0.0,0.75
1713,2bd137e85147a0c70,True,,,,,,,,,,1.0,1.0,1.0,1.0,1.0,1.0,0.0,1.0,0.0,0.75
1714,0fc649902e2af4e9e,True,,,,,,,,,,1.0,1.0,1.0,1.0,0.10937066287186502,1.0,1.0,1.0,0.0,0.5966783321474578
1715,a4405612b58117ecc,True,,,,,,,,,,1.0,1.0,1.0,1.0,0.11814173490787667,1.0,1.0,1.0,0.0,0.5994192921587115
1716,614c25aa5977470dc,True,,,,,,,,,,1.0,1.0,1.0,1.0,0.058409025803537386,1.0,1.0,1.0,1.0,0.7057528205636054
1717,7158ea4fc0b59fdee,True,,,,,,,,,,1.0,1.0,1.0,1.0,0.26734336421472005,1.0,0.0,0.0,0.0,0.3960448013171
1718,1e0bfb2c4139f0062,True,,,,,,,,,,1.0,1.0,1.0,1.0,1.0,1.0,0.0,1.0,0.0,0.75
1719,eeab7294535bc0168,True,,,,,,,,,,1.0,0.0,1.0,1.0,1.0,1.0,0.0,0.0,0.0,0.0
1720,3affb77370b09f4d7,True,,,,,,,,,,1.0,1.0,1.0,1.0,0.14550898852206284,1.0,0.0,1.0,0.0,0.48297155891314464
1721,87c8724fcdc627dae,True,,,,,,,,,,1.0,1.0,1.0,1.0,0.09405251848282796,1.0,1.0,1.0,1.0,0.7168914120258838
1722,ca9875b6ae5e08eed,True,,,,,,,,,,1.0,1.0,1.0,1.0,0.09053377132280432,1.0,0.0,1.0,1.0,0.5907918035383763
1723,5d2c37d1b97718200,True,,,,,,,,,,0.0,1.0,1.0,0.0,1.0,0.0,1.0,0.0,0.0,0.0
1724,49dbbe879efac0da9,True,,,,,,,,,,1.0,1.0,0.0,1.0,1.0,1.0,0.0,0.0,0.0,0.0
1725,9a6ec5011d04fc0c9,True,,,,,,,,,,1.0,1.0,1.0,1.0,0.06263106779077174,1.0,1.0,1.0,1.0,0.7070722086846162
1726,a83b75532f5ded9db,True,,,,,,,,,,1.0,1.0,1.0,1.0,0.0,1.0,0.0,1.0,1.0,0.5625
1727,7404698935ca6a31c,True,,,,,,,,,,1.0,1.0,0.0,1.0,1.0,1.0,0.0,0.0,0.0,0.0
1728,961c057965f6951d8,True,,,,,,,,,,1.0,1.0,1.0,1.0,0.21045286798908835,1.0,0.0,0.0,0.0,0.3782665212465901
1729,9f676ba5230d2ce0f,True,,,,,,,,,,1.0,0.0,1.0,1.0,0.3508312726665959,1.0,1.0,0.0,0.0,0.0
1730,5fa6ede627d6c9af7,True,,,,,,,,,,1.0,0.0,1.0,1.0,1.0,1.0,1.0,1.0,0.0,0.0
1731,b6f613e0c148d3e98,True,,,,,,,,,,1.0,1.0,1.0,1.0,0.0749049294594891,1.0,1.0,1.0,1.0,0.7109077904560903
1732,c5c884265f0a69c51,True,,,,,,,,,,1.0,1.0,1.0,1.0,0.0,0.0,0.0,1.0,1.0,0.25
1733,fb498b2bdc72e8f69,True,,,,,,,,,,0.0,1.0,1.0,1.0,1.0,0.0,0.0,0.0,0.0,0.0
1734,1e4fec4c7ed8b79e5,True,,,,,,,,,,1.0,1.0,1.0,1.0,0.09640438455589988,1.0,0.0,1.0,0.0,0.4676263701737187
1735,60d2e82730e16c5a0,True,,,,,,,,,,1.0,1.0,0.0,1.0,1.0,1.0,0.0,0.0,0.0,0.0
1736,900aad7dc85139b3e,True,,,,,,,,,,1.0,1.0,1.0,1.0,0.19430044879209993,1.0,1.0,0.0,0.0,0.49821889024753124
1737,e4dc487d828f489c8,True,,,,,,,,,,1.0,1.0,1.0,1.0,0.12467542896683477,1.0,1.0,1.0,1.0,0.7264610715521358
1738,43d8801586cb39007,True,,,,,,,,,,1.0,1.0,1.0,1.0,0.1382260685884651,1.0,0.0,1.0,0.0,0.48069564643389534
1739,2efb8ce9a842354c8,True,,,,,,,,,,1.0,1.0,1.0,1.0,0.07556410850658937,1.0,1.0,1.0,1.0,0.7111137839083091
1740,74a93e74eb8082fae,True,,,,,,,,,,1.0,1.0,1.0,1.0,0.5712061540136374,0.0,0.0,0.0,0.0,0.1785019231292617
1741,b6a166b330b3673a8,True,,,,,,,,,,1.0,1.0,1.0,1.0,0.01798122094907319,1.0,1.0,1.0,1.0,0.6931191315465854
1742,318b2d84b07441bb0,True,,,,,,,,,,1.0,1.0,1.0,1.0,0.05149744894538586,1.0,0.0,1.0,1.0,0.5785929527954331
1743,2fa5ec5e442e3f499,True,,,,,,,,,,1.0,1.0,1.0,1.0,0.08762449185240709,1.0,1.0,1.0,1.0,0.7148826537038773
1744,ed92b02e2867b4579,True,,,,,,,,,,0.0,1.0,1.0,1.0,1.0,0.0,1.0,1.0,0.0,0.0
1745,ea91b41c76a3a54d3,True,,,,,,,,,,1.0,1.0,1.0,1.0,0.180827054256328,1.0,0.0,1.0,0.0,0.4940084544551025
1746,5c24c6bed91b159e3,True,,,,,,,,,,1.0,1.0,1.0,1.0,0.3303332868694307,1.0,0.0,1.0,0.0,0.540729152146697
1747,6324e7d77bf56fdb3,True,,,,,,,,,,1.0,1.0,1.0,1.0,0.16998026949908965,1.0,1.0,1.0,0.0,0.6156188342184655
1748,99dfc5eae6278dfec,True,,,,,,,,,,0.0,1.0,0.5,1.0,0.22187368038669633,0.0,1.0,0.0,0.0,0.0
1749,507ff750eaaf02bd0,True,,,,,,,,,,1.0,1.0,1.0,1.0,0.2699269568995397,1.0,1.0,0.0,0.0,0.5218521740311062
1750,760a1b63cdc5e0565,True,,,,,,,,,,1.0,1.0,1.0,1.0,0.17156977423493686,1.0,1.0,0.0,0.0,0.49111555444841776
1751,00fa9133315b462d3,True,,,,,,,,,,1.0,1.0,1.0,1.0,0.10042444481548884,1.0,1.0,1.0,0.0,0.5938826390048403
1752,54474c2dd7ecfcc29,True,,,,,,,,,,1.0,1.0,1.0,1.0,1.0,1.0,0.0,1.0,0.0,0.75
1753,e19b34f93116cdb17,True,,,,,,,,,,1.0,1.0,1.0,1.0,0.34945784068338115,1.0,1.0,1.0,0.0,0.6717055752135566
1754,ebc9bb73d92a43a32,True,,,,,,,,,,1.0,1.0,1.0,1.0,0.37032897831788836,1.0,1.0,1.0,0.0,0.67822780572434
1755,1a06b94eb28c15802,True,,,,,,,,,,1.0,1.0,1.0,1.0,1.0,1.0,0.0,1.0,1.0,0.875
1756,ed6d05f676ec3069b,True,,,,,,,,,,1.0,1.0,1.0,1.0,0.04521553430563775,1.0,1.0,1.0,1.0,0.7016298544705117
1757,80fbecd9f16630510,True,,,,,,,,,,1.0,1.0,1.0,1.0,0.31521147519840026,1.0,1.0,0.0,0.0,0.5360035859995
1758,20494495b733d6710,True,,,,,,,,,,1.0,1.0,1.0,1.0,0.16295975689029094,1.0,1.0,1.0,0.0,0.6134249240282159
1759,bc9a77699f862350d,True,,,,,,,,,,1.0,1.0,1.0,1.0,0.0,1.0,1.0,1.0,1.0,0.6875
1760,d92b3534c888c4bbb,True,,,,,,,,,,0.0,0.0,1.0,1.0,1.0,0.0,1.0,0.0,0.0,0.0
1761,1a1b33942c90c349f,True,,,,,,,,,,1.0,1.0,1.0,1.0,0.16937681562705828,1.0,0.0,1.0,1.0,0.6154302548834557
1762,9bd02c4d06feae3dd,True,,,,,,,,,,1.0,1.0,0.5,1.0,0.2560807915307039,1.0,0.0,0.0,0.0,0.1962626236766725
1763,4ce9b6dc350d286df,True,,,,,,,,,,1.0,1.0,0.5,1.0,0.34017034632490706,1.0,0.0,0.0,0.0,0.20940161661326673
1764,950706a6956dc566f,True,,,,,,,,,,0.5,1.0,1.0,1.0,0.38903063122103765,0.0,0.0,0.0,0.0,0.06078603612828713
1765,0517c552242d8cb70,True,,,,,,,,,,1.0,1.0,1.0,1.0,0.23722848190214377,1.0,1.0,0.0,0.0,0.5116339005944199
1766,153383cdbca3694c0,True,,,,,,,,,,1.0,1.0,1.0,1.0,0.1574629257148082,1.0,0.0,1.0,0.0,0.48670716428587757
1767,f705ea7622e27d209,True,,,,,,,,,,1.0,1.0,1.0,1.0,0.2088408838798258,0.0,0.0,0.0,0.0,0.06526277621244556
1768,6fea2b47f85b2b5c3,True,,,,,,,,,,1.0,1.0,1.0,1.0,0.18745995469832966,1.0,1.0,0.0,0.0,0.496081235843228
1769,493a69b930b600eb5,True,,,,,,,,,,1.0,1.0,1.0,1.0,0.363430611422406,1.0,1.0,1.0,0.0,0.6760720660695019
1770,7ed807aaa179c87b1,True,,,,,,,,,,1.0,1.0,1.0,1.0,0.49412489271010035,1.0,0.0,0.0,0.0,0.46691402897190637
1771,7e21d3337e4e59b97,True,,,,,,,,,,1.0,1.0,1.0,1.0,0.215061436139052,1.0,0.0,0.0,0.0,0.37970669879345376
1772,95839bd90cc4d94c8,True,,,,,,,,,,1.0,1.0,1.0,1.0,0.28386319471828747,1.0,1.0,1.0,0.0,0.6512072483494649
1773,d99b9f48dac697bf1,True,,,,,,,,,,1.0,0.0,1.0,1.0,0.19012641196989835,1.0,0.0,0.0,0.0,0.0
1774,57b65fccc387a8607,True,,,,,,,,,,1.0,1.0,1.0,1.0,0.05114721063135667,1.0,1.0,1.0,1.0,0.703483503322299
1775,15db590374cc3993a,True,,,,,,,,,,1.0,1.0,1.0,1.0,0.0,1.0,1.0,1.0,1.0,0.6875
1776,229930ba5820bb1b3,True,,,,,,,,,,1.0,1.0,0.0,1.0,1.0,1.0,0.0,0.0,0.0,0.0
1777,4cf1e96869318f4da,True,,,,,,,,,,1.0,0.0,1.0,1.0,1.0,1.0,0.0,1.0,0.0,0.0
1778,905ea255ddc3a837c,True,,,,,,,,,,1.0,1.0,1.0,1.0,0.19795042322372142,1.0,0.0,0.0,0.0,0.37435950725741296
1779,7d0e6ab1e39a11f7e,True,,,,,,,,,,1.0,1.0,1.0,1.0,0.06382532998785018,1.0,1.0,1.0,1.0,0.7074454156212031
1780,d362ccbdddf4e0d3f,True,,,,,,,,,,1.0,1.0,1.0,1.0,1.0,1.0,1.0,0.0,0.0,0.75
1781,c28f4287e75996da4,True,,,,,,,,,,1.0,1.0,1.0,1.0,0.4636495500628047,1.0,0.0,1.0,0.0,0.5823904843946265
1782,c0581b1e56946d6c1,True,,,,,,,,,,0.0,1.0,1.0,1.0,0.21843157067936153,0.0,0.0,1.0,0.0,0.0
1783,1fb46d16a4f179ce1,True,,,,,,,,,,1.0,1.0,0.5,1.0,0.37497692762263085,1.0,0.0,0.0,0.0,0.21484014494103607
1784,9f713e2cd506e1fef,True,,,,,,,,,,1.0,1.0,1.0,1.0,1.0,1.0,1.0,1.0,1.0,1.0
1785,35fc09471c163fd84,True,,,,,,,,,,1.0,1.0,1.0,1.0,0.013096348084459038,1.0,1.0,1.0,1.0,0.6915926087763935
1786,81d22f948dc0fae75,True,,,,,,,,,,1.0,1.0,1.0,1.0,0.2661391143979941,1.0,0.0,0.0,0.0,0.39566847324937315
1787,0be67c62d046cc4b1,True,,,,,,,,,,1.0,1.0,1.0,1.0,1.0,1.0,0.0,1.0,0.0,0.75
1788,4a2ae0b5cd41f2676,True,,,,,,,,,,1.0,1.0,1.0,1.0,0.061988714160010144,1.0,1.0,1.0,0.0,0.5818714731750032
1789,e1ef0211a91fc5373,True,,,,,,,,,,1.0,0.0,1.0,1.0,1.0,1.0,0.0,1.0,0.0,0.0
1790,4aa1d2e5835ad59ee,True,,,,,,,,,,1.0,1.0,1.0,1.0,0.12107323092902811,1.0,1.0,1.0,0.0,0.6003353846653212
1791,579935f9cfdd09614,True,,,,,,,,,,1.0,1.0,1.0,1.0,0.16344969540794516,1.0,0.0,1.0,0.0,0.4885780298149829
1792,e1c30e4d72a0c6a35,True,,,,,,,,,,1.0,1.0,1.0,1.0,0.0,1.0,0.0,1.0,1.0,0.5625
1793,fad1ad3bce41df4d9,True,,,,,,,,,,1.0,1.0,1.0,1.0,0.16879831829062306,1.0,0.0,1.0,1.0,0.6152494744658197
1794,a4d8865551f14fe33,True,,,,,,,,,,1.0,1.0,1.0,1.0,0.23309413116082017,1.0,0.0,0.0,0.0,0.3853419159877563
1795,0c70bd071d5a4b2fd,True,,,,,,,,,,1.0,1.0,1.0,1.0,0.19171881287839942,1.0,1.0,1.0,0.0,0.6224121290244998
1796,45480978b802eb7d4,True,,,,,,,,,,1.0,0.0,1.0,1.0,1.0,1.0,0.0,1.0,0.0,0.0
1797,86aa1518812acc807,True,,,,,,,,,,1.0,1.0,1.0,1.0,1.0,1.0,1.0,1.0,0.0,0.875
1798,6b13c052d037390cc,True,,,,,,,,,,1.0,1.0,1.0,1.0,0.011133477394786982,1.0,1.0,1.0,1.0,0.690979211685871
1799,5c7504aeee1fc6587,True,,,,,,,,,,0.0,1.0,1.0,1.0,1.0,0.0,1.0,1.0,0.0,0.0
1800,d4bddc4246b475541,True,,,,,,,,,,1.0,1.0,1.0,1.0,0.247023349351795,1.0,0.0,1.0,0.0,0.514694796672436
1801,d113ac7bc40f321c0,True,,,,,,,,,,1.0,1.0,1.0,1.0,1.0,1.0,1.0,1.0,1.0,1.0
1802,0e655768a5fd9c8ad,True,,,,,,,,,,1.0,1.0,0.5,1.0,0.9120917996274501,1.0,0.0,1.0,0.0,0.36126434369178906
1803,90411c0174cf07251,True,,,,,,,,,,1.0,1.0,1.0,1.0,0.20483341909878797,1.0,1.0,0.0,0.0,0.5015104434683713
1804,6b0fd30198ec1713c,True,,,,,,,,,,1.0,1.0,1.0,1.0,0.0008692430480822684,1.0,1.0,1.0,1.0,0.6877716384525256
1805,245fb14bb8a926556,True,,,,,,,,,,1.0,1.0,1.0,1.0,0.1966616180650065,1.0,1.0,0.0,0.0,0.49895675564531455
1806,7ce8dbee04817c7de,True,,,,,,,,,,1.0,1.0,1.0,1.0,0.0026149233151347186,1.0,0.0,1.0,1.0,0.5633171635359796
1807,4f381652c85aeb8b4,True,,,,,,,,,,1.0,1.0,1.0,1.0,0.0007999006352508127,1.0,1.0,1.0,1.0,0.6877499689485158
1808,d5e47bbb90de1d48f,True,,,,,,,,,,1.0,1.0,1.0,1.0,1.0,1.0,1.0,1.0,0.0,0.875
1809,6206155cd12c2d3af,True,,,,,,,,,,1.0,1.0,1.0,1.0,0.4528949919143386,1.0,0.0,0.0,0.0,0.4540296849732308
1810,eef5eabe1b1b7f149,True,,,,,,,,,,1.0,1.0,1.0,1.0,0.2994152051014085,1.0,0.0,0.0,0.0,0.40606725159419016
1811,8cb5e32c7adc0ee45,True,,,,,,,,,,0.0,1.0,1.0,1.0,1.0,0.0,1.0,1.0,1.0,0.0
1812,4485e78013e23fef4,True,,,,,,,,,,1.0,1.0,0.5,1.0,0.3056562970803952,1.0,0.0,0.0,0.0,0.20400879641881176
1813,e32bd1ec1d273f2a3,True,,,,,,,,,,1.0,1.0,1.0,1.0,0.12010567244879379,1.0,1.0,1.0,0.0,0.600033022640248
1814,8df3615e729babee2,True,,,,,,,,,,1.0,1.0,1.0,1.0,0.0,1.0,1.0,1.0,1.0,0.6875
1815,5a7bb6958f668a475,True,,,,,,,,,,1.0,1.0,1.0,1.0,0.487959214529827,1.0,1.0,0.0,0.0,0.5899872545405709
1816,78a6c5025d620a6b9,True,,,,,,,,,,1.0,1.0,1.0,1.0,0.2260894419679581,1.0,0.0,0.0,0.0,0.3831529506149869
1817,9d70974d55a05357d,True,,,,,,,,,,1.0,1.0,1.0,1.0,0.17247259774396126,1.0,0.0,0.0,0.0,0.3663976867949879
1818,053a3b165ea7a6cb4,True,,,,,,,,,,1.0,0.0,1.0,1.0,0.3586955620219572,1.0,0.0,0.0,0.0,0.0
1819,48cab8078b80242a1,True,,,,,,,,,,1.0,1.0,1.0,1.0,0.253233044157781,1.0,1.0,0.0,0.0,0.5166353262993065
1820,86503ecf3c1b0f902,True,,,,,,,,,,1.0,1.0,1.0,1.0,0.0,1.0,1.0,1.0,1.0,0.6875
1821,01939f050c164b6c4,True,,,,,,,,,,1.0,1.0,1.0,1.0,0.29543550742076224,1.0,0.0,0.0,0.0,0.4048235960689882
1822,aecefddf9e7523945,True,,,,,,,,,,1.0,1.0,1.0,1.0,0.05708944575753702,1.0,1.0,1.0,1.0,0.7053404517992303
1823,2ffcefe9968b81e13,True,,,,,,,,,,1.0,1.0,1.0,1.0,0.24357890895698855,1.0,0.0,1.0,0.0,0.513618409049059
1824,bd2a4f1bdd5605e62,True,,,,,,,,,,1.0,1.0,1.0,1.0,0.21200822142766945,1.0,0.0,0.0,0.0,0.3787525691961467
1825,1395f6f7af57b553b,True,,,,,,,,,,1.0,1.0,1.0,1.0,0.19464418884809787,1.0,0.0,1.0,0.0,0.4983263090150306
1826,a1ad222a6de4f84d8,True,,,,,,,,,,0.5,1.0,1.0,1.0,1.0,0.0,0.0,0.0,0.0,0.15625
1827,aecd96a93af75adeb,True,,,,,,,,,,1.0,0.0,1.0,1.0,0.31703847596640766,1.0,0.0,0.0,0.0,0.0
1828,65e1feb850bbe8c9b,True,,,,,,,,,,1.0,1.0,1.0,1.0,0.5379727751076446,1.0,0.0,1.0,0.0,0.6056164922211389
1829,1cb35ff44517c5025,True,,,,,,,,,,1.0,1.0,1.0,1.0,0.16788213854840167,1.0,1.0,1.0,0.0,0.6149631682963755
1830,e96c4d87797ab96d1,True,,,,,,,,,,1.0,1.0,1.0,1.0,0.18901437975140803,1.0,1.0,1.0,0.0,0.6215669936723149
1831,b5f4b999881d2b7f7,True,,,,,,,,,,1.0,1.0,1.0,1.0,0.20266296207509665,1.0,0.0,0.0,0.0,0.3758321756484677
1832,5bc5b9c19039b3131,True,,,,,,,,,,1.0,1.0,1.0,1.0,0.19855454342532608,1.0,0.0,0.0,0.0,0.3745482948204144
1833,517aaa2753027db17,True,,,,,,,,,,1.0,1.0,1.0,1.0,0.17306838326366408,1.0,0.0,1.0,0.0,0.49158386976989504
1834,1ba581b05f68a9417,True,,,,,,,,,,1.0,1.0,1.0,1.0,0.47208943608139864,1.0,1.0,1.0,0.0,0.7100279487754371
1835,adab3d6fadc01f0e9,True,,,,,,,,,,1.0,1.0,1.0,1.0,0.5292627964128808,1.0,1.0,0.0,0.0,0.6028946238790253
1836,329089047f59e67fb,True,,,,,,,,,,1.0,1.0,1.0,1.0,0.22638426257368516,1.0,0.0,1.0,1.0,0.6332450820542765
1837,2028fc3dfa9816bf8,True,,,,,,,,,,1.0,0.0,1.0,1.0,0.27640540899014576,1.0,1.0,1.0,0.0,0.0
1838,061cce46c96a0fd2c,True,,,,,,,,,,1.0,1.0,1.0,1.0,0.12784797747214105,1.0,0.0,1.0,0.0,0.4774524929600441
1839,3fcd46f80ab00b6e6,True,,,,,,,,,,0.0,1.0,1.0,1.0,0.16068193576681175,0.0,0.0,1.0,0.0,0.0
1840,e70eb6c2ef34c64ec,True,,,,,,,,,,1.0,1.0,1.0,1.0,0.10742933637672689,1.0,1.0,1.0,1.0,0.7210716676177271
1841,f843c5c835c2922c1,True,,,,,,,,,,1.0,0.0,0.5,1.0,1.0,1.0,0.0,1.0,0.0,0.0
1842,232e7693cefbcf60f,True,,,,,,,,,,1.0,1.0,1.0,1.0,0.2418549216520006,1.0,0.0,0.0,0.0,0.3880796630162502
1843,934dcf983849279e2,True,,,,,,,,,,1.0,0.0,1.0,1.0,0.23579888405722665,1.0,1.0,0.0,0.0,0.0
1844,3894c9c5592b7db82,True,,,,,,,,,,1.0,1.0,1.0,1.0,1.0,1.0,0.0,0.0,0.0,0.625
1845,7b4787e090d286d89,True,,,,,,,,,,1.0,1.0,1.0,1.0,0.0,1.0,0.0,1.0,1.0,0.5625
1846,823e2256b643e1b5f,True,,,,,,,,,,1.0,1.0,1.0,1.0,0.41427368884040394,1.0,1.0,1.0,0.0,0.6919605277626262
1847,522f0d16763a76d06,True,,,,,,,,,,1.0,1.0,1.0,1.0,0.17231661849750932,1.0,1.0,1.0,0.0,0.6163489432804716
1848,15b50c1e18979a018,True,,,,,,,,,,1.0,1.0,1.0,1.0,0.03994211208076589,1.0,1.0,1.0,1.0,0.6999819100252394
1849,af944ea40728e6074,True,,,,,,,,,,1.0,1.0,1.0,1.0,0.0,1.0,1.0,1.0,1.0,0.6875
1850,cf6204044bf64f9d2,True,,,,,,,,,,1.0,1.0,1.0,1.0,0.03952711150133154,1.0,1.0,1.0,1.0,0.6998522223441661
1851,38158890d40f83da6,True,,,,,,,,,,0.0,0.0,1.0,1.0,1.0,0.0,0.0,0.0,0.0,0.0
1852,cbe052f2880b9cd3c,True,,,,,,,,,,1.0,0.0,1.0,1.0,0.17197575854024366,1.0,1.0,1.0,0.0,0.0
1853,6d7bece364fac8d01,True,,,,,,,,,,1.0,0.0,1.0,1.0,1.0,1.0,0.0,0.0,0.0,0.0
1854,84b2700de34b073da,True,,,,,,,,,,1.0,1.0,1.0,1.0,0.19181611213618632,1.0,1.0,1.0,0.0,0.6224425350425582
1855,d20b551bd918a2353,True,,,,,,,,,,1.0,1.0,1.0,1.0,0.195528548468786,1.0,0.0,0.0,0.0,0.3736026713964956
1856,aa1b4476d7c10952e,True,,,,,,,,,,1.0,1.0,1.0,1.0,1.0,1.0,0.0,0.0,0.0,0.625
1857,bd89af5e343d69421,True,,,,,,,,,,1.0,1.0,1.0,1.0,0.16210894531734799,1.0,0.0,1.0,0.0,0.48815904541167127
1858,cf516d2c4d97e69a8,True,,,,,,,,,,1.0,1.0,1.0,1.0,1.0,1.0,1.0,1.0,0.0,0.875
1859,c2a3b350db0887b64,True,,,,,,,,,,1.0,1.0,1.0,1.0,0.2410931348977625,1.0,0.0,0.0,0.0,0.3878416046555508
1860,7dbe15c1329420b90,True,,,,,,,,,,1.0,1.0,1.0,1.0,1.0,1.0,0.0,0.0,0.0,0.625
1861,cca4e701be243a275,True,,,,,,,,,,1.0,0.0,1.0,1.0,1.0,1.0,0.0,0.0,0.0,0.0
1862,5420830c429c1fcb6,True,,,,,,,,,,1.0,1.0,1.0,1.0,0.1486744222378958,1.0,1.0,1.0,0.0,0.6089607569493425
1863,710fa6e57a23bba80,True,,,,,,,,,,1.0,1.0,1.0,1.0,0.22629801470850536,1.0,0.0,1.0,0.0,0.5082181295964079
1864,0c23e365770faecb8,True,,,,,,,,,,1.0,1.0,0.5,1.0,1.0,1.0,0.0,0.0,0.0,0.3125
1865,bb5645d7e55a4f54b,True,,,,,,,,,,1.0,1.0,1.0,1.0,1.0,1.0,0.0,0.0,0.0,0.625
1866,16149296d3a6ee433,True,,,,,,,,,,1.0,1.0,1.0,1.0,0.15037747087258146,1.0,1.0,1.0,0.0,0.6094929596476817
1867,a7ac5526d9ab827a7,True,,,,,,,,,,1.0,1.0,1.0,1.0,0.012509676474141243,1.0,1.0,1.0,1.0,0.6914092738981692
1868,0c384c629c8faf4a0,True,,,,,,,,,,1.0,1.0,1.0,1.0,0.105750608425046,1.0,1.0,1.0,1.0,0.7205470651328268
1869,51a778c753d0604cb,True,,,,,,,,,,1.0,1.0,1.0,1.0,0.2743752042984593,1.0,0.0,1.0,0.0,0.5232422513432685
1870,b378fbb6e27946979,True,,,,,,,,,,1.0,1.0,0.5,1.0,1.0,1.0,0.0,0.0,0.0,0.3125
1871,99d9ea218424b8b69,True,,,,,,,,,,1.0,1.0,1.0,1.0,0.03345863756696477,1.0,1.0,1.0,1.0,0.6979558242396765
1872,f320cdfa77acffb59,True,,,,,,,,,,1.0,0.0,1.0,1.0,0.18884598668819874,1.0,1.0,1.0,0.0,0.0
1873,6ad6905cedee6197b,True,,,,,,,,,,1.0,1.0,1.0,1.0,0.04970373216636122,1.0,0.0,1.0,1.0,0.5780324163019879
1874,67ef263669c2bab4b,True,,,,,,,,,,1.0,1.0,1.0,1.0,0.17259415424587263,1.0,1.0,1.0,0.0,0.6164356732018352
1875,2bdf702f467e5cdf1,True,,,,,,,,,,1.0,1.0,1.0,1.0,0.11262151064390381,1.0,0.0,1.0,1.0,0.5976942220762199
1876,dab0fa452a04c5188,True,,,,,,,,,,1.0,1.0,1.0,1.0,0.49233024352675825,1.0,1.0,1.0,0.0,0.716353201102112
1877,1d52003f3b3835dcd,True,,,,,,,,,,1.0,1.0,0.5,1.0,0.6602824444112503,1.0,0.0,1.0,0.0,0.32191913193925786
1878,deb3331dfd3043c59,True,,,,,,,,,,1.0,0.0,1.0,1.0,1.0,1.0,1.0,1.0,0.0,0.0
1879,7aa5cbd37497728d5,True,,,,,,,,,,1.0,1.0,1.0,1.0,0.07440820816949593,1.0,1.0,1.0,1.0,0.7107525650529675
1880,01b72798ffad4fcc6,True,,,,,,,,,,1.0,1.0,1.0,1.0,0.20551188955980926,1.0,1.0,1.0,0.0,0.6267224654874404
1881,d932bcf26367122a9,True,,,,,,,,,,1.0,1.0,1.0,1.0,1.0,1.0,0.0,1.0,1.0,0.875
1882,e204182883d94ae66,True,,,,,,,,,,1.0,1.0,1.0,1.0,0.2091191617828403,1.0,1.0,0.0,0.0,0.5028497380571376
1883,ac3a27db9ffc981a6,True,,,,,,,,,,1.0,1.0,1.0,1.0,0.2280009341004086,1.0,0.0,0.0,0.0,0.38375029190637766
1884,f3c4213c78f53fa5d,True,,,,,,,,,,1.0,1.0,1.0,1.0,0.2943890836516403,1.0,0.0,0.0,0.0,0.4044965886411376
1885,b7d252306270e80e3,True,,,,,,,,,,1.0,1.0,1.0,1.0,0.18766447965162977,1.0,1.0,1.0,0.0,0.6211451498911342
1886,23b5ec16bb6ad0b92,True,,,,,,,,,,1.0,1.0,1.0,1.0,0.5485206822441991,1.0,1.0,1.0,0.0,0.7339127132013122
1887,fb8289807a1b275b3,True,,,,,,,,,,1.0,1.0,1.0,1.0,0.29435490629209915,1.0,0.0,1.0,0.0,0.529485908216281
1888,17d06ef1ec00f95dc,True,,,,,,,,,,1.0,1.0,1.0,1.0,1.0,1.0,1.0,1.0,1.0,1.0
1889,b6cc9d50323153d21,True,,,,,,,,,,1.0,1.0,1.0,1.0,0.2560089597430257,1.0,1.0,0.0,0.0,0.5175027999196955
1890,0dbe87a99ac3cd3e1,True,,,,,,,,,,1.0,0.0,1.0,1.0,0.3850129095024111,1.0,0.0,1.0,0.0,0.0
1891,4bcb003422a19ae9a,True,,,,,,,,,,1.0,0.0,1.0,1.0,1.0,1.0,0.0,1.0,0.0,0.0
1892,7559939decc250054,True,,,,,,,,,,1.0,1.0,1.0,1.0,0.2128730937776336,1.0,1.0,0.0,0.0,0.5040228418055105
1893,aa6de707b22dadf30,True,,,,,,,,,,1.0,0.0,1.0,1.0,0.29642453334428265,1.0,0.0,0.0,0.0,0.0
1894,db5fcc30f71c49f32,True,,,,,,,,,,1.0,1.0,1.0,1.0,0.21355298645001639,1.0,0.0,0.0,0.0,0.3792353082656301
1895,b8a844b02dc16c393,True,,,,,,,,,,1.0,1.0,1.0,1.0,0.16397672178552516,1.0,1.0,1.0,1.0,0.7387427255579766
1896,6f8794f5f301202d0,True,,,,,,,,,,1.0,1.0,1.0,1.0,0.3707191331893092,1.0,1.0,0.0,0.0,0.5533497291216591
1897,f7de2890aa326283e,True,,,,,,,,,,1.0,1.0,1.0,1.0,0.1484310054847343,1.0,0.0,1.0,1.0,0.6088846892139794
1898,a70407f928cd54582,True,,,,,,,,,,1.0,1.0,1.0,1.0,0.11086284426505717,1.0,1.0,1.0,0.0,0.5971446388328303
1899,e3729cb0d1d99f604,True,,,,,,,,,,1.0,1.0,0.5,1.0,1.0,1.0,1.0,0.0,0.0,0.375
1900,c644c8d1984cd65ac,True,,,,,,,,,,1.0,1.0,1.0,1.0,0.01649232244745488,1.0,1.0,1.0,1.0,0.6926538507648297
1901,c43ce94d4cb321477,True,,,,,,,,,,1.0,1.0,1.0,1.0,0.23246828216326032,1.0,0.0,0.0,0.0,0.38514633817601884
1902,b1c69e18979797988,True,,,,,,,,,,1.0,1.0,1.0,1.0,0.0,1.0,0.0,1.0,1.0,0.5625
1903,3f68c9f1e2821def0,True,,,,,,,,,,1.0,1.0,1.0,1.0,0.15315171308395525,1.0,1.0,1.0,0.0,0.610359910338736
1904,eb818e242c63c7f20,True,,,,,,,,,,1.0,1.0,1.0,1.0,0.0,1.0,1.0,1.0,1.0,0.6875
1905,6ca032cc95e7418a6,True,,,,,,,,,,1.0,1.0,1.0,1.0,0.19606660615842403,1.0,1.0,1.0,0.0,0.6237708144245075
1906,5806dc63fc6e3cad9,True,,,,,,,,,,1.0,1.0,1.0,1.0,0.46361091657694914,1.0,0.0,1.0,0.0,0.5823784114302966
1907,543679cd5973594a2,True,,,,,,,,,,1.0,0.0,1.0,1.0,0.19632944439276817,1.0,0.0,0.0,0.0,0.0
1908,58bf2e385090a00e8,True,,,,,,,,,,1.0,1.0,1.0,1.0,0.14734771955787618,1.0,0.0,1.0,0.0,0.4835461623618363
1909,c47263e93d93b6838,True,,,,,,,,,,1.0,1.0,1.0,1.0,0.04976589550230007,1.0,1.0,1.0,1.0,0.7030518423444687
1910,cdf1706038e1c4e1c,True,,,,,,,,,,1.0,1.0,1.0,1.0,0.15250846443602592,1.0,0.0,1.0,0.0,0.4851588951362581
1911,9e0949ca46f2a4a49,True,,,,,,,,,,1.0,1.0,1.0,1.0,0.271254555449896,1.0,1.0,1.0,0.0,0.6472670485780925
1912,765fab253a51a77e4,True,,,,,,,,,,1.0,1.0,1.0,1.0,0.201169975136915,1.0,0.0,1.0,0.0,0.5003656172302859
1913,05e7e2acfe2b49d78,True,,,,,,,,,,1.0,1.0,1.0,1.0,0.20488093823431996,1.0,1.0,0.0,0.0,0.501525293198225
1914,1cc4886b926fd9c8b,True,,,,,,,,,,1.0,1.0,1.0,1.0,0.11940332975885978,1.0,1.0,1.0,0.0,0.5998135405496436
1915,67937388005952f7f,True,,,,,,,,,,1.0,1.0,1.0,1.0,0.07596553830316595,1.0,0.0,1.0,1.0,0.5862392307197394
1916,2160f6e5d4720f94b,True,,,,,,,,,,1.0,1.0,1.0,1.0,0.4990189719851858,1.0,1.0,0.0,0.0,0.5934434287453706
1917,1f5d0fc347f539ce3,True,,,,,,,,,,1.0,0.0,1.0,1.0,1.0,1.0,0.0,1.0,0.0,0.0
1918,da0cbcf9661157a63,True,,,,,,,,,,1.0,1.0,1.0,1.0,0.14732794606796937,1.0,1.0,1.0,0.0,0.6085399831462404
1919,57ff3b08be49081c8,True,,,,,,,,,,1.0,1.0,1.0,1.0,0.2257940757450685,1.0,0.0,1.0,0.0,0.5080606486703338
1920,28416fd7feabf49fd,True,,,,,,,,,,1.0,1.0,1.0,1.0,0.18098016281128843,1.0,1.0,1.0,0.0,0.6190563008785277
1921,6b41ad5e55b0662fc,True,,,,,,,,,,1.0,1.0,1.0,1.0,0.04384734850254949,1.0,1.0,1.0,1.0,0.7012022964070468
1922,b7e1048a59015eb95,True,,,,,,,,,,1.0,1.0,1.0,1.0,0.023956475488584966,1.0,1.0,1.0,1.0,0.6949863985901827
1923,add057f5877074b22,True,,,,,,,,,,1.0,1.0,1.0,1.0,0.1517527910900202,1.0,0.0,1.0,1.0,0.6099227472156313
1924,6ef6514c231637cbf,True,,,,,,,,,,1.0,1.0,1.0,1.0,0.03214015900856514,1.0,1.0,1.0,1.0,0.6975437996901765
1925,c9e15316a3a9036a8,True,,,,,,,,,,1.0,0.0,1.0,1.0,0.23277309727946932,1.0,1.0,0.0,0.0,0.0
1926,7fd5398b4e1c42134,True,,,,,,,,,,1.0,0.0,1.0,1.0,1.0,1.0,0.0,0.0,0.0,0.0
1927,72df155b106ed7e16,True,,,,,,,,,,1.0,1.0,1.0,1.0,0.05647213621325925,1.0,1.0,1.0,1.0,0.7051475425666436
1928,6e4ce2f0d18b57fb3,True,,,,,,,,,,1.0,1.0,1.0,1.0,0.0019062903863875146,1.0,1.0,1.0,1.0,0.6880957157457461
1929,5415935ab116cd94f,True,,,,,,,,,,1.0,1.0,1.0,1.0,0.18693744591559716,1.0,1.0,1.0,0.0,0.6209179518486241
1930,89ffb6efe20df9ccf,True,,,,,,,,,,1.0,1.0,1.0,1.0,1.0,1.0,1.0,1.0,1.0,1.0
1931,961a25cea5dcb8f50,True,,,,,,,,,,1.0,1.0,1.0,1.0,0.0,1.0,1.0,1.0,1.0,0.6875
1932,256b8c1f799d1f6a1,True,,,,,,,,,,1.0,1.0,1.0,1.0,0.14524733554082578,1.0,0.0,1.0,0.0,0.4828897923565081
1933,37f45087a3d60aaff,True,,,,,,,,,,0.0,1.0,1.0,1.0,0.1861917634763914,0.0,0.0,1.0,0.0,0.0
1934,ece6eaee0991a44ed,True,,,,,,,,,,1.0,1.0,0.5,1.0,0.3644188814319582,1.0,0.0,0.0,0.0,0.21319045022374347
1935,7c08e3a9b6ee87717,True,,,,,,,,,,1.0,1.0,1.0,1.0,0.35072773871545715,1.0,0.0,0.0,0.0,0.42210241834858037
1936,e4c060ddfe2b49190,True,,,,,,,,,,1.0,1.0,1.0,1.0,0.006681645688690155,1.0,1.0,1.0,1.0,0.6895880142777157
1937,87ba78b703221d111,True,,,,,,,,,,1.0,1.0,1.0,1.0,1.0,1.0,1.0,1.0,1.0,1.0
1938,9d9f3b3f6578c5375,True,,,,,,,,,,1.0,1.0,1.0,1.0,0.0,1.0,0.0,1.0,1.0,0.5625
1939,a29cd4e306ffe1e14,True,,,,,,,,,,1.0,1.0,1.0,1.0,0.1730576236199395,1.0,0.0,1.0,0.0,0.4915805073812311
1940,d9d4ce69f1cb10c10,True,,,,,,,,,,1.0,1.0,1.0,1.0,0.09380534034034674,1.0,1.0,1.0,1.0,0.7168141688563583
1941,c7f9e3c05b67e2257,True,,,,,,,,,,1.0,1.0,1.0,1.0,0.4925302741143798,1.0,0.0,1.0,0.0,0.5914157106607436
1942,4eb8b4fdc3085e121,True,,,,,,,,,,1.0,1.0,1.0,1.0,1.0,1.0,1.0,1.0,1.0,1.0
1943,b101c591a23f8d8d9,True,,,,,,,,,,1.0,1.0,1.0,1.0,0.22955587269896907,1.0,1.0,1.0,0.0,0.6342362102184278
1944,1106accd2b5707701,True,,,,,,,,,,1.0,1.0,1.0,1.0,0.24212347107939128,1.0,0.0,1.0,0.0,0.5131635847123097
1945,5351d5bec3ef40436,True,,,,,,,,,,1.0,0.0,1.0,1.0,0.2474731887666745,1.0,0.0,0.0,0.0,0.0
1946,d82ea5f1c94fd6d13,True,,,,,,,,,,1.0,1.0,1.0,1.0,0.0,1.0,1.0,1.0,1.0,0.6875
1947,335b43f5320efd73d,True,,,,,,,,,,1.0,1.0,1.0,1.0,1.0,1.0,1.0,1.0,1.0,1.0
1948,749b3e461ac448a6a,True,,,,,,,,,,0.0,1.0,0.5,1.0,1.0,0.0,0.0,0.0,0.0,0.0
1949,4f8dbc02e3dd5b958,True,,,,,,,,,,1.0,1.0,1.0,1.0,0.4877030711543325,1.0,1.0,1.0,0.0,0.714907209735729
1950,516eb2ea0832b6c1d,True,,,,,,,,,,1.0,1.0,1.0,1.0,1.0,1.0,1.0,1.0,1.0,1.0
1951,9ddf964682ac312d8,True,,,,,,,,,,1.0,1.0,1.0,1.0,0.04457387287101235,1.0,1.0,1.0,1.0,0.7014293352721914
1952,01a49c2730cc3a531,True,,,,,,,,,,1.0,1.0,1.0,1.0,0.3065234946808766,1.0,0.0,0.0,0.0,0.4082885920877739
1953,ffe8f133ba4da683b,True,,,,,,,,,,1.0,1.0,1.0,1.0,0.1716957939935438,1.0,1.0,0.0,0.0,0.4911549356229824
1954,63ab15ccc8dcb91fd,True,,,,,,,,,,1.0,1.0,1.0,1.0,1.0,1.0,0.0,0.0,0.0,0.625
1955,b3597b197644a67ba,True,,,,,,,,,,1.0,1.0,1.0,1.0,0.05425143265619267,1.0,1.0,1.0,1.0,0.7044535727050603
1956,cbe5f4984cb4e3fe1,True,,,,,,,,,,1.0,1.0,1.0,1.0,0.1727117505124933,1.0,1.0,1.0,0.0,0.6164724220351542
1957,77154c328dbf81f67,True,,,,,,,,,,1.0,1.0,1.0,1.0,0.23261175126417777,1.0,1.0,0.0,0.0,0.5101911722700556
1958,27e6f42dd9776a1d4,True,,,,,,,,,,1.0,1.0,1.0,1.0,0.22190208415678567,1.0,0.0,0.0,0.0,0.38184440129899555
1959,a6b18ec8b52f580ef,True,,,,,,,,,,1.0,1.0,1.0,1.0,0.012568881751797092,1.0,1.0,1.0,0.0,0.5664277755474366
1960,756e98a2a3d823c33,True,,,,,,,,,,1.0,1.0,1.0,1.0,0.3015431205607919,1.0,0.0,1.0,0.0,0.5317322251752474
1961,0d6f670a9daf4bde4,True,,,,,,,,,,1.0,1.0,1.0,1.0,1.0,1.0,1.0,1.0,1.0,1.0
1962,af8bb014864eab6d8,True,,,,,,,,,,1.0,1.0,1.0,1.0,0.05686608731174193,1.0,0.0,1.0,1.0,0.5802706522849194
1963,e262bce33b82a53de,True,,,,,,,,,,1.0,1.0,1.0,1.0,0.0,1.0,1.0,1.0,1.0,0.6875
1964,c1ff77f605c58678a,True,,,,,,,,,,1.0,1.0,1.0,1.0,0.25748574402288177,1.0,0.0,1.0,0.0,0.5179642950071506
1965,c047340a6e1fc6422,True,,,,,,,,,,1.0,1.0,1.0,1.0,0.2398670558099119,1.0,1.0,1.0,0.0,0.6374584549405975
1966,a66365f9db94531ab,True,,,,,,,,,,1.0,1.0,1.0,1.0,0.0,1.0,0.0,1.0,1.0,0.5625
1967,7e3a87b525a6b7c28,True,,,,,,,,,,1.0,1.0,1.0,1.0,0.15804125282003617,1.0,0.0,1.0,0.0,0.4868878915062613
1968,2c06706ac4ab7c708,True,,,,,,,,,,1.0,1.0,1.0,1.0,0.1082890730610316,1.0,0.0,0.0,0.0,0.3463403353315724
1969,3b57e348407582e72,True,,,,,,,,,,1.0,1.0,1.0,1.0,0.2526250064568159,1.0,1.0,1.0,0.0,0.641445314517755
1970,18087593f1147e61f,True,,,,,,,,,,1.0,1.0,1.0,1.0,0.17231548584584033,1.0,1.0,1.0,1.0,0.7413485893268251
1971,6ea72a0c3033844cf,True,,,,,,,,,,1.0,1.0,1.0,1.0,0.09670740788064129,1.0,0.0,1.0,0.0,0.4677210649627004
1972,0352c14b8d7493b9a,True,,,,,,,,,,1.0,1.0,1.0,1.0,0.022119793663353007,1.0,1.0,1.0,1.0,0.6944124355197978
1973,d78f1814c06d766b1,True,,,,,,,,,,1.0,1.0,1.0,1.0,1.0,1.0,1.0,1.0,0.0,0.875
1974,617af5a1ea48f3d16,True,,,,,,,,,,1.0,1.0,1.0,1.0,0.07859989578103883,1.0,0.0,1.0,1.0,0.5870624674315746
1975,03aa909d3767ff00e,True,,,,,,,,,,1.0,1.0,1.0,1.0,0.23334060430327802,1.0,1.0,0.0,0.0,0.5104189388447744
1976,8709b2e277d0597b6,True,,,,,,,,,,1.0,1.0,1.0,1.0,0.37766534837359667,1.0,1.0,0.0,0.0,0.555520421366749
1977,7441ab5cb1d596d66,True,,,,,,,,,,1.0,1.0,1.0,1.0,0.0,1.0,1.0,1.0,1.0,0.6875
1978,c55b51f6860007830,True,,,,,,,,,,1.0,1.0,0.5,1.0,0.6044421342224287,1.0,0.0,1.0,0.0,0.31319408347225447
1979,5b6eb771ffaf06f55,True,,,,,,,,,,1.0,1.0,0.5,1.0,0.5227809851942541,1.0,0.0,0.0,0.0,0.23793452893660222
1980,60bf68aa5fc67729a,True,,,,,,,,,,1.0,1.0,1.0,1.0,0.0,1.0,1.0,1.0,1.0,0.6875
1981,8fb30375f6c972c38,True,,,,,,,,,,1.0,0.0,1.0,1.0,0.19627429993185078,1.0,1.0,1.0,0.0,0.0
1982,5713b6b9f58be2004,True,,,,,,,,,,1.0,1.0,1.0,1.0,0.28978938206963023,1.0,1.0,0.0,0.0,0.5280591818967595
1983,5eea9af2c6acb36ec,True,,,,,,,,,,1.0,0.0,1.0,1.0,1.0,1.0,0.0,1.0,0.0,0.0
1984,67580f8a1bb721dcf,True,,,,,,,,,,1.0,0.0,1.0,1.0,0.22657834589527412,1.0,1.0,1.0,0.0,0.0
1985,c0d579f499c38fe45,True,,,,,,,,,,1.0,1.0,1.0,1.0,0.22759456244832743,1.0,1.0,0.0,0.0,0.5086233007651023
1986,0c3447f80e5b8a35d,True,,,,,,,,,,1.0,1.0,1.0,1.0,0.022596022550186248,1.0,0.0,1.0,1.0,0.5695612570469333
1987,1d631538778b4fffe,True,,,,,,,,,,1.0,1.0,1.0,1.0,0.17525738901660703,1.0,1.0,1.0,0.0,0.6172679340676896
1988,e9738336730d6755b,True,,,,,,,,,,1.0,0.0,1.0,1.0,0.2866891147692392,1.0,0.0,0.0,0.0,0.0
1989,de4d565d2295bfce9,True,,,,,,,,,,1.0,1.0,1.0,1.0,1.0,1.0,0.0,0.0,0.0,0.625
1990,10b844b8db1d56b80,True,,,,,,,,,,1.0,1.0,1.0,1.0,0.20862160899059604,1.0,0.0,0.0,0.0,0.37769425280956126
1991,96260f12e203e8493,True,,,,,,,,,,1.0,1.0,1.0,1.0,0.014041137267542312,1.0,1.0,1.0,1.0,0.691887855396107
1992,889738d49bab39139,True,,,,,,,,,,1.0,0.0,1.0,1.0,0.23211669059557472,1.0,0.0,0.0,0.0,0.0
1993,b3d317372d76fa570,True,,,,,,,,,,1.0,1.0,1.0,1.0,0.0,1.0,1.0,1.0,0.0,0.5625
1994,925bbd1a587bfa622,True,,,,,,,,,,1.0,1.0,1.0,1.0,0.07326122859410608,1.0,0.0,1.0,1.0,0.5853941339356581
1995,81742324c5b46cc6f,True,,,,,,,,,,1.0,1.0,1.0,1.0,0.023569577571484708,1.0,0.0,1.0,1.0,0.5698654929910889
1996,256ffb5e85a521e98,True,,,,,,,,,,1.0,1.0,1.0,1.0,0.10130489880716234,1.0,0.0,1.0,1.0,0.5941577808772383
1997,821ded6741a70217e,True,,,,,,,,,,1.0,1.0,1.0,1.0,0.32287932837414907,1.0,0.0,1.0,0.0,0.5383997901169215
1998,dcd3a1adb7268a54d,True,,,,,,,,,,1.0,1.0,1.0,1.0,0.1519341480381033,1.0,1.0,1.0,0.0,0.6099794212619073
1999,c6d9117f5b5eb2902,True,,,,,,,,,,1.0,1.0,1.0,1.0,0.08451664371379154,1.0,0.0,1.0,1.0,0.5889114511605599
2000,eeccf27f0b76f2d75,True,,,,,,,,,,1.0,1.0,1.0,1.0,0.16309817228428236,1.0,1.0,1.0,0.0,0.6134681788388383
2001,8db77c0cfd06714d8,True,,,,,,,,,,1.0,1.0,1.0,1.0,1.0,1.0,1.0,1.0,1.0,1.0
2002,71afcb9b1ac436e14,True,,,,,,,,,,1.0,1.0,1.0,1.0,0.16313667541887442,1.0,0.0,1.0,0.0,0.48848021106839823
2003,3d8d728e149979ead,True,,,,,,,,,,1.0,1.0,1.0,1.0,0.16835404824034167,1.0,0.0,1.0,0.0,0.49011064007510674
2004,77dea5b8b12d56203,True,,,,,,,,,,1.0,1.0,1.0,1.0,0.1477805531976041,1.0,1.0,0.0,0.0,0.4836814228742513
2005,b2a98e2ef3f3f2ff4,True,,,,,,,,,,1.0,1.0,1.0,1.0,0.23901429724267595,1.0,0.0,0.0,0.0,0.3871919678883362
2006,53df090218b63e39f,True,,,,,,,,,,1.0,1.0,1.0,1.0,0.06167524945105603,1.0,1.0,1.0,1.0,0.706773515453455
2007,4ada67449cbca8a4f,True,,,,,,,,,,1.0,1.0,1.0,1.0,0.2725276823101481,1.0,1.0,0.0,0.0,0.5226649007219213
2008,0005b7348b80106e2,True,,,,,,,,,,1.0,1.0,1.0,1.0,0.26476467455198227,1.0,1.0,1.0,0.0,0.6452389607974944
2009,6de62a830b05d683f,True,,,,,,,,,,1.0,0.0,1.0,1.0,1.0,1.0,0.0,0.0,0.0,0.0
2010,bb6f79a8768f43fd9,True,,,,,,,,,,1.0,1.0,1.0,1.0,0.006160728689688247,1.0,1.0,1.0,1.0,0.6894252277155275
2011,a81080b37a16b485a,True,,,,,,,,,,1.0,1.0,1.0,1.0,0.21686764910993664,1.0,0.0,0.0,0.0,0.3802711403468552
2012,81b780529f08d965b,True,,,,,,,,,,1.0,0.0,1.0,1.0,0.2111722148364961,1.0,1.0,0.0,0.0,0.0
2013,eadba795c4950544f,True,,,,,,,,,,1.0,1.0,1.0,1.0,0.025945544059458196,1.0,0.0,1.0,1.0,0.5706079825185807
2014,8d6032130dcaff306,True,,,,,,,,,,1.0,1.0,0.5,1.0,1.0,1.0,0.0,0.0,0.0,0.3125
2015,6e72febafe28c367c,True,,,,,,,,,,1.0,1.0,1.0,1.0,1.0,1.0,0.0,1.0,1.0,0.875
2016,09fa01cf920102b53,True,,,,,,,,,,1.0,1.0,1.0,1.0,0.14835553918125735,1.0,1.0,1.0,0.0,0.6088611059941429
2017,3b8447bf8c7f49917,True,,,,,,,,,,1.0,0.0,1.0,1.0,1.0,1.0,0.0,0.0,0.0,0.0
2018,6a8f1db0741e3de32,True,,,,,,,,,,1.0,1.0,1.0,1.0,0.18217565146332887,1.0,0.0,1.0,0.0,0.4944298910822903
2019,ca2b49197179c41ac,True,,,,,,,,,,1.0,1.0,1.0,1.0,0.3349373158813425,1.0,1.0,0.0,0.0,0.5421679112129195
2020,4d45bc29714d004dd,True,,,,,,,,,,1.0,1.0,0.5,1.0,0.9929117055797307,1.0,0.0,0.0,0.0,0.3113924539968329
2021,e4dcc4b775028c0f4,True,,,,,,,,,,1.0,0.0,1.0,1.0,0.2332693133128069,1.0,0.0,0.0,0.0,0.0
2022,1ce076a3d8049e0e4,True,,,,,,,,,,1.0,1.0,1.0,1.0,0.05914368238501574,1.0,0.0,1.0,1.0,0.5809824007453175
2023,790a3e3a75361c895,True,,,,,,,,,,1.0,1.0,1.0,1.0,0.21609586943632422,1.0,1.0,0.0,0.0,0.5050299591988513
2024,631046410650329eb,True,,,,,,,,,,1.0,1.0,1.0,1.0,0.13500997362137498,1.0,0.0,1.0,0.0,0.4796906167566797
2025,4222a702d3e9ef7bb,True,,,,,,,,,,1.0,1.0,1.0,1.0,0.31933206032575556,1.0,1.0,1.0,0.0,0.6622912688517986
2026,6d8d91ad290f124b2,True,,,,,,,,,,1.0,1.0,1.0,1.0,0.36571340056024826,1.0,0.0,1.0,0.0,0.5517854376750776
2027,6f6d638ab426ccd16,True,,,,,,,,,,1.0,1.0,1.0,1.0,0.2853235821652984,1.0,0.0,0.0,0.0,0.40166361942665574
2028,ac09d37b9d495cdc7,True,,,,,,,,,,1.0,0.0,0.5,1.0,0.9943960795358654,1.0,0.0,0.0,0.0,0.0
2029,aaa4df0b0ab15d438,True,,,,,,,,,,1.0,1.0,1.0,0.0,1.0,1.0,0.0,1.0,0.0,0.0
2030,ae591052e837d1674,True,,,,,,,,,,1.0,1.0,1.0,1.0,0.14241958250199363,1.0,1.0,1.0,1.0,0.732006119531873
2031,b9f22151c02f5a7d4,True,,,,,,,,,,1.0,1.0,1.0,1.0,0.0007296932625284596,1.0,1.0,1.0,1.0,0.6877280291445401
2032,de3881c003667e53e,True,,,,,,,,,,1.0,1.0,1.0,1.0,1.0,1.0,0.0,1.0,0.0,0.75
2033,5154115e543f3aa9a,True,,,,,,,,,,1.0,1.0,1.0,1.0,0.16093044359333203,1.0,1.0,1.0,1.0,0.7377907636229163
2034,b52e19bdb170f1078,True,,,,,,,,,,1.0,1.0,1.0,1.0,0.04384734850254949,1.0,1.0,1.0,1.0,0.7012022964070468
2035,bf42260856c674066,True,,,,,,,,,,1.0,1.0,1.0,1.0,0.44897920643930456,1.0,0.0,0.0,0.0,0.45280600201228266
2036,975923741f66dd57f,True,,,,,,,,,,1.0,1.0,1.0,1.0,0.2686911306778127,1.0,1.0,1.0,0.0,0.6464659783368165
2037,3eff742f795344f8e,True,,,,,,,,,,1.0,0.0,1.0,1.0,0.0,1.0,0.0,1.0,1.0,0.0
2038,1321cf37404d27e22,True,,,,,,,,,,1.0,1.0,0.5,1.0,0.8665618307884659,1.0,0.0,0.0,0.0,0.2916502860606978
2039,0cb7cbb38d279ba88,True,,,,,,,,,,1.0,1.0,1.0,1.0,0.0,1.0,0.0,1.0,1.0,0.5625
2040,8108a6fe2b34f4118,True,,,,,,,,,,1.0,1.0,1.0,1.0,0.24796728481890468,1.0,1.0,0.0,0.0,0.5149897765059077
2041,ecd732b7421818ec0,True,,,,,,,,,,1.0,1.0,1.0,1.0,1.0,1.0,0.0,1.0,0.0,0.75
2042,8134b9f604787b2c1,True,,,,,,,,,,1.0,1.0,1.0,1.0,0.16451190905809923,1.0,0.0,1.0,0.0,0.488909971580656
2043,b68951cab847f0bf5,True,,,,,,,,,,0.0,1.0,1.0,1.0,1.0,0.0,1.0,0.0,0.0,0.0
2044,46d27733df7167bb2,True,,,,,,,,,,1.0,1.0,1.0,1.0,0.1461962306487718,1.0,0.0,1.0,0.0,0.4831863220777412
2045,518126dc1af446798,True,,,,,,,,,,1.0,1.0,1.0,1.0,0.16558454871557085,1.0,0.0,1.0,0.0,0.4892451714736159
2046,9823414897079697b,True,,,,,,,,,,1.0,1.0,1.0,1.0,0.1850951619582483,1.0,0.0,0.0,0.0,0.3703422381119526
2047,7f153f8005d6de1fa,True,,,,,,,,,,1.0,0.0,1.0,1.0,0.4082377670406165,1.0,0.0,0.0,0.0,0.0
2048,2498bf6f5436ef1e3,True,,,,,,,,,,1.0,1.0,0.0,1.0,0.6131093855873943,1.0,0.0,0.0,0.0,0.0
2049,c1ab514b18918fc4d,True,,,,,,,,,,1.0,1.0,1.0,0.0,0.13143616032841615,1.0,0.0,1.0,0.0,0.0
2050,5d14b0687eb2ad5a2,True,,,,,,,,,,0.5,1.0,1.0,1.0,0.5851839919337306,0.0,1.0,1.0,0.0,0.2164349987396454
2051,376f87b3b2f49949d,True,,,,,,,,,,1.0,1.0,1.0,1.0,0.1742517256830318,1.0,1.0,1.0,0.0,0.6169536642759474
2052,be69267980b9fb08a,True,,,,,,,,,,1.0,1.0,1.0,1.0,0.026391659402875592,1.0,1.0,1.0,1.0,0.6957473935633987
2053,a67f897e584962db9,True,,,,,,,,,,1.0,1.0,1.0,1.0,0.10788850021015739,1.0,0.0,1.0,1.0,0.5962151563156741
2054,9958c9d44c4338562,True,,,,,,,,,,1.0,1.0,1.0,1.0,0.1999312191740117,1.0,1.0,0.0,0.0,0.49997850599187865
2055,2dac755118d4733e7,True,,,,,,,,,,1.0,1.0,1.0,1.0,0.16255604263837875,1.0,0.0,1.0,0.0,0.48829876332449335
2056,699104c386f974829,True,,,,,,,,,,0.0,1.0,1.0,1.0,1.0,0.0,1.0,0.0,0.0,0.0
2057,1d56f1ceb0d56960c,True,,,,,,,,,,1.0,1.0,1.0,1.0,0.5213679519280913,1.0,1.0,0.0,0.0,0.6004274849775285
2058,36c18e8d239512a08,True,,,,,,,,,,1.0,1.0,1.0,1.0,0.23681915799746878,1.0,0.0,0.0,0.0,0.386505986874209
2059,c3fd5d39095bf7d25,True,,,,,,,,,,0.0,1.0,1.0,1.0,1.0,0.0,0.0,0.0,0.0,0.0
2060,0c57f2adbbbdf0401,True,,,,,,,,,,1.0,1.0,1.0,1.0,1.0,1.0,0.0,1.0,0.0,0.75
2061,af6044bdbd6647378,True,,,,,,,,,,1.0,1.0,0.5,1.0,0.868115051893308,1.0,0.0,0.0,0.0,0.2918929768583294
2062,2de791cac29ff4f89,True,,,,,,,,,,1.0,1.0,1.0,1.0,0.11054993400349665,1.0,1.0,1.0,0.0,0.5970468543760927
2063,c186ed61c25fb9316,True,,,,,,,,,,1.0,1.0,1.0,1.0,0.2581583541115202,1.0,0.0,0.0,0.0,0.3931744856598501
2064,2309f75fc2af06a77,True,,,,,,,,,,1.0,1.0,1.0,1.0,0.30438558230429624,1.0,0.0,0.0,0.0,0.4076204944700926
2065,4466bfd1bb50dfc53,True,,,,,,,,,,1.0,1.0,1.0,1.0,0.1902943272862529,1.0,1.0,0.0,0.0,0.49696697727695405
2066,fe53e5ab658a57258,True,,,,,,,,,,1.0,1.0,0.5,1.0,0.27361737214055665,1.0,0.0,0.0,0.0,0.199002714396962
2067,20d619058c9ec6829,True,,,,,,,,,,1.0,1.0,1.0,1.0,0.0,1.0,0.0,1.0,1.0,0.5625
2068,ab30a09f899e6330e,True,,,,,,,,,,1.0,1.0,1.0,1.0,0.09446441787702954,1.0,1.0,1.0,1.0,0.7170201305865718
2069,a52a1bf87700c06b5,True,,,,,,,,,,1.0,1.0,1.0,1.0,1.0,1.0,0.0,1.0,1.0,0.875
2070,4355523e202befd73,True,,,,,,,,,,1.0,1.0,1.0,1.0,0.18496192667586597,1.0,0.0,1.0,0.0,0.49530060208620813
2071,3dec28d29ac4ec705,True,,,,,,,,,,1.0,1.0,1.0,1.0,1.0,1.0,1.0,1.0,1.0,1.0
2072,07d73bb7099662d82,True,,,,,,,,,,1.0,1.0,1.0,1.0,0.3121528400638695,1.0,0.0,1.0,0.0,0.5350477625199592
2073,085b24e5cde180825,True,,,,,,,,,,0.0,0.0,1.0,1.0,1.0,0.0,1.0,0.0,0.0,0.0
2074,a2d7b9c1ccf5a5070,True,,,,,,,,,,1.0,1.0,1.0,1.0,0.11643046071230419,1.0,1.0,1.0,0.0,0.5988845189725951
2075,13d89543b4b7dad14,True,,,,,,,,,,1.0,1.0,1.0,1.0,0.28596827642546097,1.0,1.0,0.0,0.0,0.5268650863829565
2076,92eaa01aaa1cb995e,True,,,,,,,,,,1.0,1.0,1.0,1.0,0.0,1.0,1.0,1.0,1.0,0.6875
2077,903801b8d2a6d7f58,True,,,,,,,,,,1.0,1.0,1.0,1.0,0.13832219616563773,1.0,0.0,1.0,0.0,0.4807256863017618
2078,294d19afced5a7af8,True,,,,,,,,,,1.0,1.0,1.0,1.0,0.11442768518160704,1.0,1.0,1.0,0.0,0.5982586516192522
2079,e2272321d7d429d4f,True,,,,,,,,,,1.0,0.0,0.5,1.0,0.7791247798289761,1.0,0.0,0.0,0.0,0.0
2080,67bddd305e7735344,True,,,,,,,,,,1.0,1.0,1.0,1.0,0.11174016521196928,1.0,1.0,1.0,0.0,0.5974188016287404
2081,96f3c7fe0e97ef1f0,True,,,,,,,,,,1.0,1.0,1.0,1.0,0.2420878486559955,1.0,0.0,0.0,0.0,0.3881524527049986
2082,488b7f582a8d0e834,True,,,,,,,,,,1.0,1.0,1.0,1.0,0.10279869201829263,1.0,1.0,1.0,1.0,0.7196245912557164
2083,7c2d2abd001548d86,True,,,,,,,,,,1.0,1.0,0.5,1.0,1.0,1.0,1.0,0.0,0.0,0.375
2084,367254bcce7ceee1d,True,,,,,,,,,,1.0,1.0,1.0,1.0,0.20025378085934536,1.0,0.0,1.0,0.0,0.5000793065185454
2085,51382084e8c016080,True,,,,,,,,,,1.0,1.0,1.0,1.0,0.23002932070087728,1.0,0.0,0.0,0.0,0.38438416271902415
2086,94fe185f4d4ccc501,True,,,,,,,,,,1.0,1.0,1.0,1.0,0.17909724052726067,1.0,1.0,1.0,0.0,0.6184678876647689
2087,e2f2c32fd3d5f5d35,True,,,,,,,,,,0.0,1.0,0.5,1.0,1.0,0.0,0.0,0.0,0.0,0.0
2088,04d2f35c7f6db137f,True,,,,,,,,,,0.0,1.0,1.0,1.0,0.15831066722326803,0.0,1.0,1.0,0.0,0.0
2089,5216f5e0df50fa3bf,True,,,,,,,,,,1.0,1.0,0.0,1.0,1.0,1.0,0.0,0.0,0.0,0.0
2090,6e878407167faf00e,True,,,,,,,,,,1.0,1.0,1.0,1.0,0.17649966715795726,1.0,0.0,1.0,0.0,0.49265614598686164
2091,bf747811ee475d2c1,True,,,,,,,,,,1.0,1.0,1.0,1.0,0.18995273596179976,1.0,0.0,1.0,0.0,0.49686022998806245
2092,193752eccdb929fcc,True,,,,,,,,,,1.0,1.0,1.0,1.0,0.013904437374680001,1.0,0.0,1.0,1.0,0.5668451366795875
2093,69c099199ed066a94,True,,,,,,,,,,1.0,1.0,1.0,1.0,0.22249488277884175,1.0,0.0,0.0,0.0,0.382029650868388
2094,e1c118cf727cb2222,True,,,,,,,,,,1.0,1.0,1.0,1.0,0.21917627309539156,1.0,1.0,1.0,0.0,0.6309925853423098
2095,e1d4af242fe8773fa,True,,,,,,,,,,1.0,0.0,1.0,1.0,0.40235843170947805,1.0,0.0,0.0,0.0,0.0
2096,83e0eefcee219247b,True,,,,,,,,,,1.0,1.0,1.0,1.0,0.18381005285250568,1.0,0.0,1.0,0.0,0.49494064151640804
2097,ee7793a6b27386136,True,,,,,,,,,,1.0,1.0,1.0,1.0,0.17238610418766018,1.0,1.0,1.0,0.0,0.6163706575586438
2098,c706c39c802cce2d4,True,,,,,,,,,,1.0,1.0,1.0,1.0,0.06449820104115962,1.0,1.0,1.0,1.0,0.7076556878253624
2099,3e5e5f35dd00868f1,True,,,,,,,,,,1.0,1.0,1.0,1.0,0.06746196626112483,1.0,1.0,1.0,1.0,0.7085818644566015
2100,c4e1ff9b786c70034,True,,,,,,,,,,1.0,1.0,1.0,1.0,1.0,1.0,0.0,1.0,0.0,0.75
2101,fbc47d17828f56207,True,,,,,,,,,,1.0,1.0,1.0,1.0,0.26459304128363836,1.0,1.0,0.0,0.0,0.520185325401137
2102,af26e74f0d5def154,True,,,,,,,,,,1.0,1.0,1.0,1.0,0.10107023143560641,1.0,0.0,1.0,0.0,0.469084447323627
2103,2c604a5718db55a9d,True,,,,,,,,,,1.0,1.0,1.0,1.0,0.2154916421519936,1.0,0.0,1.0,0.0,0.504841138172498
2104,32506dba644177a4e,True,,,,,,,,,,1.0,1.0,1.0,1.0,0.186071367830866,1.0,1.0,1.0,0.0,0.6206473024471456
2105,eb926b1ea7a29e612,True,,,,,,,,,,1.0,1.0,1.0,1.0,1.0,1.0,1.0,0.0,0.0,0.75
2106,92bc964803e65244e,True,,,,,,,,,,1.0,1.0,1.0,1.0,0.13485030125545183,1.0,1.0,1.0,0.0,0.6046407191423286
2107,9923250503e62f3e8,True,,,,,,,,,,1.0,1.0,1.0,1.0,0.0,1.0,1.0,1.0,1.0,0.6875
2108,054ea5b13451c621b,True,,,,,,,,,,1.0,1.0,1.0,1.0,0.15124200858824477,1.0,1.0,1.0,0.0,0.6097631276838265
2109,59873106299ffb94f,True,,,,,,,,,,0.0,1.0,1.0,1.0,0.2189758681304317,0.0,0.0,0.0,0.0,0.0
2110,0b20cc78c6d693794,True,,,,,,,,,,1.0,0.0,1.0,1.0,1.0,1.0,0.0,1.0,0.0,0.0
2111,ff0923fcd8d30a51b,True,,,,,,,,,,1.0,0.0,0.5,1.0,1.0,1.0,0.0,0.0,0.0,0.0
2112,b7b2aa82af5f10496,True,,,,,,,,,,1.0,1.0,1.0,1.0,0.15647728796591198,1.0,1.0,1.0,0.0,0.6113991524893475
2113,39ee7720dd5c83901,True,,,,,,,,,,1.0,1.0,1.0,1.0,0.19219816308913656,1.0,1.0,0.0,0.0,0.4975619259653552
2114,6c19dab64235f6915,True,,,,,,,,,,1.0,0.0,1.0,1.0,0.19351570263560813,1.0,0.0,1.0,0.0,0.0
2115,c9e57d49438cf3843,True,,,,,,,,,,1.0,1.0,1.0,1.0,0.1857887311600418,1.0,1.0,1.0,0.0,0.6205589784875131
2116,04be4c5a8a9eee15b,True,,,,,,,,,,1.0,0.0,1.0,1.0,0.3136953131754441,1.0,0.0,0.0,0.0,0.0
2117,6eb2d372480ee2f5b,True,,,,,,,,,,1.0,1.0,1.0,1.0,1.0,1.0,1.0,1.0,1.0,1.0
2118,863415a0e3cc1897d,True,,,,,,,,,,1.0,1.0,1.0,1.0,0.3723940091392313,1.0,1.0,1.0,0.0,0.6788731278560098
2119,843dea321ea12e93c,True,,,,,,,,,,1.0,1.0,1.0,1.0,0.18066131721574982,1.0,1.0,1.0,0.0,0.6189566616299218
2120,7a163daf930e48637,True,,,,,,,,,,1.0,0.0,0.0,1.0,1.0,1.0,0.0,0.0,0.0,0.0
2121,3dade981d5c5fb068,True,,,,,,,,,,1.0,0.0,1.0,1.0,0.30124486665640327,1.0,0.0,0.0,0.0,0.0
2122,8e24bdf2be5da6777,True,,,,,,,,,,1.0,1.0,1.0,1.0,0.03294363212328937,1.0,0.0,1.0,1.0,0.5727948850385279
2123,5688641dd10efb02d,True,,,,,,,,,,1.0,1.0,1.0,1.0,0.22576542870406388,1.0,0.0,1.0,0.0,0.5080516964700199
2124,854521fa54e11652c,True,,,,,,,,,,1.0,1.0,1.0,1.0,1.0,1.0,1.0,1.0,0.0,0.875
2125,38a3a85f24db9d0f8,True,,,,,,,,,,1.0,1.0,0.5,1.0,0.5855526292213368,1.0,0.0,0.0,0.0,0.24774259831583387
2126,a69f76adb6218f06b,True,,,,,,,,,,1.0,0.0,1.0,1.0,0.21814927706409606,1.0,0.0,0.0,0.0,0.0
2127,b6eff4db462e0b665,True,,,,,,,,,,1.0,1.0,1.0,1.0,0.0,1.0,0.0,1.0,1.0,0.5625
2128,a481ac0055adbf0c2,True,,,,,,,,,,1.0,1.0,1.0,1.0,1.0,1.0,0.0,1.0,1.0,0.875
2129,b2bf35ee955a9d497,True,,,,,,,,,,1.0,1.0,1.0,1.0,0.03538572374265025,1.0,1.0,1.0,1.0,0.6985580386695782
2130,e848a6d0aa53e2ec3,True,,,,,,,,,,1.0,1.0,1.0,1.0,0.20341852821555456,1.0,1.0,0.0,0.0,0.5010682900673609
2131,0f261a9f083cf0d25,True,,,,,,,,,,1.0,1.0,1.0,1.0,0.13357244693160195,1.0,1.0,1.0,0.0,0.6042413896661256
2132,ca4906fdbc82a1b29,True,,,,,,,,,,1.0,1.0,1.0,1.0,0.22145645637388278,1.0,1.0,0.0,0.0,0.5067051426168383
2133,e52b7d36af99f123d,True,,,,,,,,,,1.0,1.0,1.0,1.0,0.16847621199985036,1.0,1.0,1.0,0.0,0.6151488162499532
2134,f594bad990074c0ce,True,,,,,,,,,,1.0,1.0,1.0,1.0,0.0,1.0,0.0,1.0,1.0,0.5625
2135,17f2adbc3fb3e02c2,True,,,,,,,,,,1.0,1.0,1.0,1.0,0.17984197521902487,1.0,1.0,1.0,0.0,0.6187006172559453
2136,4e3a5df59e6d56d34,True,,,,,,,,,,1.0,1.0,1.0,1.0,0.2696890856643955,1.0,0.0,0.0,0.0,0.39677783927012356
2137,a8591c7d6a4f149f2,True,,,,,,,,,,1.0,1.0,1.0,1.0,0.10326797197420452,1.0,0.0,1.0,0.0,0.4697712412419389
2138,074cb9c09e56d13b7,True,,,,,,,,,,1.0,1.0,1.0,1.0,0.21990495430302806,1.0,1.0,0.0,0.0,0.5062202982196963
2139,4e5923e8ca30416d1,True,,,,,,,,,,1.0,1.0,1.0,1.0,0.1664792886900949,1.0,1.0,0.0,0.0,0.48952477771565467
2140,161174e0143b41afa,True,,,,,,,,,,1.0,1.0,0.5,1.0,0.21543974745422656,1.0,0.0,0.0,0.0,0.18991246053972288
2141,026597b466e481724,True,,,,,,,,,,1.0,1.0,1.0,1.0,0.18296738290774253,1.0,0.0,1.0,0.0,0.49467730715866953
2142,f29d81b7079d53bff,True,,,,,,,,,,1.0,1.0,1.0,1.0,0.0,1.0,1.0,1.0,1.0,0.6875
2143,03e028a3b31005826,True,,,,,,,,,,1.0,1.0,1.0,1.0,0.0814297855312842,1.0,1.0,1.0,1.0,0.7129468079785264
2144,7bc8b418055d0cc73,True,,,,,,,,,,1.0,1.0,0.5,1.0,0.8226375973550698,1.0,0.0,0.0,0.0,0.28478712458672967
2145,fe2ce74b2caa3fec8,True,,,,,,,,,,1.0,1.0,1.0,1.0,0.0801629890393974,1.0,1.0,1.0,1.0,0.7125509340748117
2146,c864abb5afff1f7f4,True,,,,,,,,,,1.0,1.0,1.0,1.0,0.09350537428790152,1.0,0.0,1.0,1.0,0.5917204294649692
2147,9ed7d460817e222e9,True,,,,,,,,,,1.0,1.0,1.0,1.0,0.22144307152625486,1.0,0.0,0.0,0.0,0.3817009598519546
2148,a36a2aecb6e0cc295,True,,,,,,,,,,1.0,1.0,1.0,1.0,0.19816434125087204,1.0,0.0,0.0,0.0,0.3744263566408975
2149,7858c7e045c1ac9b5,True,,,,,,,,,,1.0,1.0,1.0,1.0,0.266439332589426,1.0,0.0,0.0,0.0,0.3957622914341956
2150,f3ce063b49364f5ba,True,,,,,,,,,,1.0,1.0,1.0,1.0,0.10687594489932589,1.0,1.0,1.0,0.0,0.5958987327810393
2151,939c99b6da1e786f5,True,,,,,,,,,,1.0,1.0,1.0,1.0,0.28337395139711685,1.0,0.0,0.0,0.0,0.401054359811599
2152,d2db523662daf6690,True,,,,,,,,,,0.0,1.0,1.0,1.0,1.0,0.0,1.0,1.0,0.0,0.0
2153,195adbb128cbfeea4,True,,,,,,,,,,1.0,1.0,1.0,1.0,0.1145236567386616,1.0,0.0,1.0,1.0,0.5982886427308318
2154,07a36d3f2100bc352,True,,,,,,,,,,1.0,1.0,1.0,1.0,1.0,1.0,0.0,1.0,1.0,0.875
2155,6e7de4339dc039c41,True,,,,,,,,,,1.0,1.0,1.0,1.0,0.051876041537437294,1.0,1.0,1.0,1.0,0.7037112629804492
2156,8fc9c5ae5ccfdda02,True,,,,,,,,,,1.0,1.0,1.0,1.0,0.3418585461434766,1.0,1.0,1.0,0.0,0.6693307956698364
2157,525d0548f3cf8685b,True,,,,,,,,,,1.0,1.0,1.0,1.0,0.3309066464242503,1.0,1.0,0.0,0.0,0.5409083270075782
2158,4733330ccf4a023b5,True,,,,,,,,,,1.0,1.0,1.0,1.0,0.0,1.0,0.0,1.0,1.0,0.5625
2159,dd6cf78b8b897a171,True,,,,,,,,,,1.0,0.0,1.0,1.0,1.0,1.0,0.0,0.0,0.0,0.0
2160,44a5937b14cec415b,True,,,,,,,,,,1.0,1.0,1.0,1.0,0.2636822784349259,1.0,0.0,1.0,0.0,0.5199007120109144
2161,6f8cba85e3f6cd0d4,True,,,,,,,,,,1.0,1.0,0.5,1.0,0.5633842222364583,1.0,0.0,1.0,0.0,0.30677878472444664
2162,c429ee2fbcaf012bc,True,,,,,,,,,,1.0,1.0,1.0,1.0,0.1648948029506385,1.0,1.0,1.0,0.0,0.6140296259220746
2163,4413f87001fcbb7eb,True,,,,,,,,,,1.0,1.0,1.0,1.0,0.0767889243820373,1.0,1.0,1.0,1.0,0.7114965388693867
2164,bc1165d3665880833,True,,,,,,,,,,1.0,1.0,1.0,1.0,0.3405484970370648,1.0,0.0,0.0,0.0,0.41892140532408273
2165,d294ac095b61c1877,True,,,,,,,,,,1.0,1.0,1.0,1.0,0.05705031991568864,1.0,1.0,1.0,1.0,0.7053282249736528
2166,68c48977b8b13f11f,True,,,,,,,,,,1.0,1.0,1.0,1.0,0.49412489271010035,1.0,0.0,0.0,0.0,0.46691402897190637
2167,a8b0718f4ba8367ac,True,,,,,,,,,,1.0,1.0,1.0,1.0,0.12182357715103803,1.0,1.0,1.0,0.0,0.6005698678596993
2168,f5e271bc6f92b1f61,True,,,,,,,,,,1.0,1.0,1.0,1.0,0.35387645392691686,1.0,0.0,1.0,0.0,0.5480863918521615
2169,ed0f40ad04605d018,True,,,,,,,,,,0.0,1.0,0.5,1.0,1.0,0.0,0.0,0.0,0.0,0.0
2170,fd482580f69491ce5,True,,,,,,,,,,1.0,1.0,1.0,1.0,0.5263306683107075,1.0,1.0,1.0,0.0,0.7269783338470961
2171,246d3c9b39fae2ec7,True,,,,,,,,,,1.0,1.0,1.0,1.0,0.2940572049571158,1.0,1.0,0.0,0.0,0.5293928765490987
2172,a0663290a63074719,True,,,,,,,,,,1.0,1.0,1.0,1.0,0.16764524421006757,1.0,1.0,1.0,0.0,0.6148891388156461
2173,108deb7af61e697bb,True,,,,,,,,,,1.0,0.0,1.0,1.0,1.0,1.0,1.0,1.0,0.0,0.0
2174,dc0620e71b9184974,True,,,,,,,,,,1.0,0.0,1.0,1.0,0.251699021931075,1.0,1.0,0.0,0.0,0.0
2175,6081eace5dbab1fce,True,,,,,,,,,,1.0,1.0,1.0,1.0,0.3582922429572838,1.0,1.0,0.0,0.0,0.5494663259241512
2176,f324e70acbaa11675,True,,,,,,,,,,1.0,1.0,1.0,1.0,0.1987384158143824,1.0,1.0,1.0,0.0,0.6246057549419946
2177,9686cdc1f5f01d68e,True,,,,,,,,,,1.0,1.0,1.0,1.0,0.017352797989983182,1.0,1.0,1.0,1.0,0.6929227493718697
2178,e0747e9a8b7b42be1,True,,,,,,,,,,1.0,1.0,1.0,1.0,0.210641786071333,1.0,0.0,0.0,0.0,0.3783255581472916
2179,ddc382f4a2aa9f33e,True,,,,,,,,,,1.0,1.0,0.5,1.0,1.0,1.0,0.0,0.0,0.0,0.3125
2180,6f033e7af721547a9,True,,,,,,,,,,1.0,1.0,1.0,1.0,0.14660057785523609,1.0,1.0,1.0,0.0,0.6083126805797613
2181,ab0eca9405de9696c,True,,,,,,,,,,1.0,1.0,1.0,1.0,0.14183529636482287,1.0,1.0,1.0,0.0,0.6068235301140071
2182,a0dee764f3cd352e8,True,,,,,,,,,,1.0,1.0,1.0,1.0,0.2693796260684678,1.0,1.0,0.0,0.0,0.5216811331463962
2183,885154f1032e04177,True,,,,,,,,,,1.0,0.0,0.5,1.0,1.0,1.0,0.0,1.0,0.0,0.0
2184,d6b2852cfdf21ad06,True,,,,,,,,,,1.0,1.0,1.0,1.0,0.17293892869835875,1.0,1.0,1.0,0.0,0.6165434152182371
2185,74cc5095551bc3c7d,True,,,,,,,,,,1.0,1.0,1.0,1.0,0.22151149488135194,1.0,0.0,0.0,0.0,0.3817223421504225
2186,6995c156a66d6a8ee,True,,,,,,,,,,1.0,1.0,1.0,1.0,0.14524438355208294,1.0,1.0,1.0,0.0,0.607888869860026
2187,8155746fdb7c4d3d8,True,,,,,,,,,,1.0,1.0,1.0,1.0,0.3063676770285169,1.0,0.0,0.0,0.0,0.40823989907141156
2188,85227ded294bb6273,True,,,,,,,,,,1.0,1.0,1.0,1.0,0.0,1.0,1.0,1.0,1.0,0.6875
2189,f55f780bee7a572bb,True,,,,,,,,,,1.0,0.0,0.5,1.0,1.0,1.0,0.0,0.0,0.0,0.0
2190,a7c33da176ab8f433,True,,,,,,,,,,1.0,0.0,1.0,1.0,1.0,1.0,1.0,0.0,0.0,0.0
2191,17d241e8d709ddebf,True,,,,,,,,,,1.0,1.0,1.0,1.0,0.2231696186022461,1.0,0.0,0.0,0.0,0.3822405058132019
2192,90dfc4788a349e60b,True,,,,,,,,,,1.0,1.0,1.0,1.0,0.06837034737865749,1.0,1.0,1.0,1.0,0.7088657335558305
2193,4c03648ccf3301fe7,True,,,,,,,,,,1.0,0.0,1.0,1.0,1.0,1.0,1.0,0.0,0.0,0.0
2194,808e6b707f608e2a9,True,,,,,,,,,,0.0,1.0,1.0,1.0,0.9024936630231197,0.0,0.0,0.0,0.0,0.0
2195,801d1b42c0409656b,True,,,,,,,,,,1.0,1.0,1.0,1.0,0.5129073112494236,1.0,1.0,0.0,0.0,0.5977835347654449
2196,d2e7ee3ace0b92dee,True,,,,,,,,,,1.0,1.0,1.0,1.0,0.08574000981901574,1.0,1.0,1.0,0.0,0.5892937530684423
2197,974c47a86ec212e1d,True,,,,,,,,,,1.0,1.0,1.0,1.0,0.23980867461373495,1.0,0.0,1.0,0.0,0.5124402108167921
2198,bad2ad9c318ddb264,True,,,,,,,,,,1.0,1.0,1.0,1.0,0.12360092828172248,1.0,0.0,1.0,0.0,0.4761252900880383
2199,8d969226c609be10d,True,,,,,,,,,,1.0,1.0,1.0,1.0,1.0,1.0,0.0,1.0,1.0,0.875
2200,ada3a1a9a3d4dee81,True,,,,,,,,,,1.0,1.0,1.0,1.0,0.26836140666419483,1.0,1.0,0.0,0.0,0.5213629395825609
2201,fb83b02b78181e4f8,True,,,,,,,,,,1.0,1.0,1.0,1.0,0.1039201256062302,1.0,0.0,1.0,0.0,0.46997503925194695
2202,3fa85a7614a4df720,True,,,,,,,,,,1.0,1.0,1.0,1.0,0.1900549210824247,1.0,0.0,1.0,0.0,0.4968921628382577
2203,54ce409a64180a221,True,,,,,,,,,,1.0,0.0,0.5,1.0,1.0,1.0,0.0,0.0,0.0,0.0
2204,9a7f43d4720b544da,True,,,,,,,,,,1.0,1.0,1.0,1.0,0.03632534954029346,1.0,1.0,1.0,1.0,0.6988516717313418
2205,a43ef1df0d28a30db,True,,,,,,,,,,0.0,1.0,1.0,1.0,1.0,0.0,0.0,1.0,0.0,0.0
2206,e2d605dbd1207f15f,True,,,,,,,,,,1.0,1.0,1.0,1.0,0.1320359872402436,1.0,0.0,1.0,1.0,0.6037612460125761
2207,5776fb2bb724aff1e,True,,,,,,,,,,1.0,1.0,0.5,1.0,0.3438620312495222,1.0,0.0,0.0,0.0,0.20997844238273783
2208,f24caea64b35ec9e9,True,,,,,,,,,,1.0,1.0,1.0,1.0,0.28204771591643873,1.0,0.0,0.0,0.0,0.4006399112238871
2209,344bd2551e98ed803,True,,,,,,,,,,1.0,0.0,1.0,1.0,1.0,1.0,0.0,0.0,0.0,0.0
2210,ac187965e42f68435,True,,,,,,,,,,1.0,1.0,1.0,1.0,0.19738881732905666,1.0,1.0,1.0,0.0,0.6241840054153303
2211,c4f1bbae37da9b03a,True,,,,,,,,,,1.0,1.0,1.0,1.0,0.10249900179707977,1.0,1.0,1.0,1.0,0.7195309380615874
2212,2d176dbb12e40c2aa,True,,,,,,,,,,0.0,1.0,1.0,1.0,1.0,0.0,0.0,0.0,0.0,0.0
2213,25fb03a1d180b3b47,True,,,,,,,,,,1.0,1.0,1.0,1.0,1.0,1.0,1.0,1.0,1.0,1.0
2214,daae79609618606ae,True,,,,,,,,,,1.0,1.0,1.0,1.0,0.0,1.0,1.0,1.0,1.0,0.6875
2215,9c1c1fb7b2f09b8b6,True,,,,,,,,,,1.0,1.0,1.0,1.0,0.30977260533484835,1.0,1.0,0.0,0.0,0.5343039391671401
2216,78910a88891eef166,True,,,,,,,,,,1.0,1.0,1.0,1.0,0.1509388648313143,1.0,0.0,1.0,0.0,0.4846683952597857
2217,b360500595d619f7c,True,,,,,,,,,,1.0,1.0,1.0,1.0,0.2607745646368662,1.0,0.0,0.0,0.0,0.3939920514490207
2218,0b3ce3fcc2b9cdf45,True,,,,,,,,,,1.0,1.0,1.0,1.0,0.15262748572795265,1.0,0.0,1.0,0.0,0.4851960892899852
2219,b24ef110ccf50ea20,True,,,,,,,,,,1.0,1.0,1.0,1.0,0.026635729609805935,1.0,1.0,1.0,1.0,0.6958236655030643
2220,145a730c9e1e596f5,True,,,,,,,,,,1.0,1.0,1.0,1.0,0.6352673890516464,1.0,1.0,0.0,0.0,0.6360210590786395
2221,20f30bb4990d9b84e,True,,,,,,,,,,1.0,0.0,1.0,1.0,1.0,1.0,0.0,1.0,0.0,0.0
2222,97878eb5ec064dcaf,True,,,,,,,,,,1.0,1.0,1.0,1.0,0.16336601207800652,1.0,1.0,1.0,0.0,0.613551878774377
2223,b1b76999fa25ad35b,True,,,,,,,,,,1.0,0.0,1.0,1.0,1.0,1.0,0.0,0.0,0.0,0.0
2224,2c5c3c9002e3d1165,True,,,,,,,,,,1.0,1.0,1.0,1.0,0.23058129456630547,1.0,1.0,0.0,0.0,0.5095566545519705
2225,9c33aa775bae4e3a1,True,,,,,,,,,,1.0,1.0,1.0,1.0,0.2003318104222663,1.0,1.0,0.0,0.0,0.5001036907569583
2226,147fe3531a064a546,True,,,,,,,,,,1.0,0.0,1.0,1.0,1.0,1.0,1.0,1.0,0.0,0.0
2227,ca870ac8b947e6752,True,,,,,,,,,,1.0,1.0,1.0,1.0,1.0,1.0,1.0,1.0,1.0,1.0
2228,9c8f0339c698b9080,True,,,,,,,,,,1.0,1.0,1.0,1.0,0.22843758422071908,1.0,1.0,0.0,0.0,0.5088867450689747
2229,5e6d2cd10c8d3e867,True,,,,,,,,,,1.0,1.0,1.0,1.0,0.2413542652635542,1.0,0.0,0.0,0.0,0.3879232078948607
2230,d773ee01e5118e39d,True,,,,,,,,,,1.0,0.0,1.0,1.0,1.0,1.0,0.0,0.0,0.0,0.0
2231,fbcd36a566009598c,True,,,,,,,,,,1.0,1.0,0.5,1.0,0.38016418638848926,1.0,0.0,0.0,0.0,0.21565065412320145
2232,c6f215cb7b0d88628,True,,,,,,,,,,0.0,1.0,1.0,1.0,1.0,0.0,0.0,0.0,0.0,0.0
2233,c82d37b03fda156aa,True,,,,,,,,,,1.0,1.0,1.0,1.0,0.19830172760305795,1.0,0.0,1.0,0.0,0.4994692898759556
2234,ba8e76ba50850dffe,True,,,,,,,,,,1.0,1.0,1.0,1.0,0.25690422833114335,1.0,1.0,1.0,0.0,0.6427825713534823
2235,44028467a67d38460,True,,,,,,,,,,1.0,1.0,1.0,1.0,1.0,1.0,0.0,1.0,0.0,0.75
2236,ddbab6bc7b8883cc3,True,,,,,,,,,,1.0,1.0,1.0,1.0,0.18683326033502654,1.0,1.0,1.0,0.0,0.6208853938546958
2237,b178cd8e12d552cb7,True,,,,,,,,,,1.0,1.0,1.0,1.0,0.040893794436728165,1.0,0.0,1.0,1.0,0.5752793107614775
2238,a67e740ebc3efc17e,True,,,,,,,,,,1.0,1.0,1.0,1.0,1.0,1.0,0.0,1.0,0.0,0.75
2239,1e3da3a342a445433,True,,,,,,,,,,1.0,1.0,1.0,1.0,0.18307520980697636,1.0,0.0,1.0,0.0,0.49471100306468013
2240,81523e3e502f7fd7f,True,,,,,,,,,,1.0,1.0,1.0,1.0,0.2498810771931782,1.0,1.0,0.0,0.0,0.5155878366228682
2241,f068d067b1949f364,True,,,,,,,,,,1.0,0.0,1.0,1.0,0.4860567363645065,1.0,0.0,0.0,0.0,0.0
2242,00d194f38b3f05c1e,True,,,,,,,,,,1.0,1.0,0.5,1.0,0.664586534482328,1.0,0.0,1.0,0.0,0.3225916460128637
2243,1dbcea959d196209c,True,,,,,,,,,,1.0,1.0,1.0,1.0,0.030384020981384888,1.0,0.0,1.0,1.0,0.5719950065566828
2244,46674c511c8ea3dfc,True,,,,,,,,,,1.0,1.0,1.0,1.0,0.2159793462369922,1.0,1.0,1.0,0.0,0.6299935456990601
2245,01d3cc0b8eddd804c,True,,,,,,,,,,1.0,1.0,1.0,1.0,0.07702406616527949,1.0,0.0,1.0,1.0,0.5865700206766498
2246,a1cb215dcdc186fb1,True,,,,,,,,,,1.0,0.0,1.0,1.0,0.1600452229266048,1.0,1.0,1.0,0.0,0.0
2247,6c0405cd5c40c15ab,True,,,,,,,,,,1.0,0.0,1.0,1.0,1.0,1.0,0.0,1.0,0.0,0.0
2248,c9dca5652801c1a98,True,,,,,,,,,,1.0,1.0,1.0,1.0,0.05512873118328427,1.0,0.0,1.0,1.0,0.5797277284947764
2249,13c1bc44a34013f46,True,,,,,,,,,,1.0,1.0,1.0,1.0,0.2620587586796851,1.0,0.0,0.0,0.0,0.3943933620874016
2250,3b556146eac4e59da,True,,,,,,,,,,1.0,1.0,1.0,1.0,0.16326653703816263,1.0,0.0,1.0,0.0,0.48852079282442584
2251,afae980cb1f67291e,True,,,,,,,,,,1.0,1.0,1.0,1.0,0.14534130256891262,1.0,1.0,1.0,0.0,0.6079191570527852
2252,d8126a7e3ab8882d8,True,,,,,,,,,,1.0,1.0,1.0,1.0,0.19122887517976433,1.0,1.0,1.0,0.0,0.6222590234936763
2253,d2ac4238dd1e06e2b,True,,,,,,,,,,1.0,0.0,1.0,1.0,1.0,1.0,1.0,1.0,0.0,0.0
2254,3b13a581a5a50dcdd,True,,,,,,,,,,1.0,1.0,1.0,1.0,0.0014282173927901403,1.0,0.0,1.0,1.0,0.562946317935247
2255,15342621fd40bb637,True,,,,,,,,,,1.0,1.0,1.0,1.0,0.1618159353230813,1.0,0.0,1.0,0.0,0.4880674797884629
2256,219cbcce551252eb2,True,,,,,,,,,,1.0,1.0,1.0,1.0,0.15243112833142547,1.0,0.0,1.0,0.0,0.48513472760357046
2257,194e5931bc902ac73,True,,,,,,,,,,1.0,1.0,1.0,1.0,0.0,1.0,0.0,1.0,1.0,0.5625
2258,90c40a195012fa8ec,True,,,,,,,,,,1.0,1.0,1.0,1.0,1.0,1.0,1.0,1.0,0.0,0.875
2259,7e105472ccbc51b6a,True,,,,,,,,,,1.0,1.0,1.0,1.0,1.0,1.0,0.0,1.0,0.0,0.75
2260,d684c7c8d5a53f7d2,True,,,,,,,,,,1.0,1.0,1.0,1.0,0.030631518751460782,1.0,0.0,1.0,1.0,0.5720723496098314
2261,336d890ca14e2aab5,True,,,,,,,,,,1.0,1.0,1.0,1.0,0.0,1.0,1.0,0.0,0.0,0.4375
2262,110d0d3e6fdd95bda,True,,,,,,,,,,1.0,1.0,1.0,1.0,1.0,1.0,0.0,1.0,0.0,0.75
2263,569fb4f27fe2509f7,True,,,,,,,,,,1.0,1.0,1.0,1.0,0.08968699282128485,1.0,1.0,1.0,1.0,0.7155271852566515
2264,9a7779cf31f38e961,True,,,,,,,,,,1.0,1.0,1.0,1.0,0.14377579177132668,1.0,1.0,1.0,0.0,0.6074299349285396
2265,e6d1e14cb2784e8d9,True,,,,,,,,,,1.0,1.0,1.0,1.0,0.2703231015446176,1.0,1.0,1.0,0.0,0.646975969232693
2266,11c4a9e4096f68947,True,,,,,,,,,,1.0,0.0,1.0,1.0,0.20799835895779814,1.0,1.0,0.0,0.0,0.0
2267,476448c3e62fe40b1,True,,,,,,,,,,1.0,1.0,1.0,1.0,1.0,1.0,1.0,0.0,0.0,0.75
2268,4533792bbf9b2478b,True,,,,,,,,,,1.0,1.0,1.0,1.0,0.18496810769842023,1.0,1.0,1.0,0.0,0.6203025336557564
2269,aa598127cd934aa23,True,,,,,,,,,,1.0,1.0,1.0,1.0,0.126432544396522,1.0,1.0,1.0,0.0,0.6020101701239131
2270,a87447007dd75f539,True,,,,,,,,,,1.0,1.0,1.0,1.0,0.18392296132976246,1.0,1.0,1.0,1.0,0.7449759254155508
2271,cdcb9b51f99934711,True,,,,,,,,,,1.0,1.0,1.0,1.0,0.0,1.0,1.0,1.0,1.0,0.6875
2272,d9bde28612a6aad4f,True,,,,,,,,,,1.0,0.0,1.0,1.0,1.0,1.0,0.0,0.0,0.0,0.0
2273,04fdae6a66181ea6f,True,,,,,,,,,,1.0,1.0,1.0,1.0,0.46142079972189565,1.0,0.0,1.0,0.0,0.5816939999130923
2274,54c5618f3af037eb9,True,,,,,,,,,,1.0,1.0,1.0,1.0,1.0,1.0,0.0,1.0,0.0,0.75
2275,fd56100f9058b46fa,True,,,,,,,,,,1.0,1.0,0.5,1.0,0.5628369013594673,1.0,0.0,1.0,0.0,0.30669326583741674
2276,31df3ebdb68bf83fe,True,,,,,,,,,,1.0,1.0,1.0,1.0,1.0,1.0,1.0,0.0,0.0,0.75
2277,a2d247bf6cbf13f7c,True,,,,,,,,,,0.0,1.0,1.0,1.0,1.0,0.0,0.0,1.0,0.0,0.0
2278,9eba308c132370234,True,,,,,,,,,,1.0,1.0,1.0,1.0,0.17157407989544665,1.0,0.0,1.0,0.0,0.4911168999673271
2279,6e1dbb531aa7e9555,True,,,,,,,,,,1.0,1.0,1.0,1.0,0.17539799055147012,1.0,0.0,1.0,0.0,0.4923118720473344
2280,da72d5ca0828d5a3d,True,,,,,,,,,,1.0,1.0,1.0,1.0,0.06321710086814093,1.0,1.0,1.0,1.0,0.7072553440212941
2281,cc9f51b0460d19ee5,True,,,,,,,,,,1.0,1.0,1.0,1.0,0.2554030305204883,1.0,0.0,0.0,0.0,0.3923134470376526
2282,bb515ff29da41dc33,True,,,,,,,,,,0.0,1.0,1.0,1.0,1.0,0.0,0.0,1.0,0.0,0.0
2283,404bfe24cd4dfebb4,True,,,,,,,,,,1.0,1.0,1.0,1.0,1.0,1.0,1.0,1.0,0.0,0.875
2284,7ad621cdbc4494e0d,True,,,,,,,,,,1.0,1.0,1.0,1.0,0.17703264594589535,1.0,0.0,1.0,0.0,0.4928227018580923
2285,3e8f802de1e65025d,True,,,,,,,,,,1.0,1.0,1.0,1.0,0.17919762992575955,1.0,0.0,1.0,0.0,0.49349925935179983
2286,9b4ae64ef14740be5,True,,,,,,,,,,1.0,0.0,1.0,1.0,0.4517146174923553,1.0,0.0,0.0,0.0,0.0
2287,785173203974d1027,True,,,,,,,,,,1.0,0.0,1.0,1.0,0.29110870006325207,1.0,1.0,0.0,0.0,0.0
2288,10f3932f4f651de8c,True,,,,,,,,,,1.0,0.0,1.0,1.0,0.3112046008868594,1.0,1.0,0.0,0.0,0.0
2289,d218a0af775558af6,True,,,,,,,,,,1.0,1.0,0.5,1.0,0.24924601997326395,1.0,0.0,0.0,0.0,0.1951946906208225
2290,72decd6302c88fdf2,True,,,,,,,,,,1.0,0.0,1.0,1.0,1.0,1.0,0.0,0.0,0.0,0.0
2291,f423e66e3506af742,True,,,,,,,,,,1.0,1.0,1.0,1.0,0.0,1.0,0.0,0.0,0.0,0.3125
2292,61261a713792f46b2,True,,,,,,,,,,1.0,1.0,1.0,1.0,0.19070028423484445,1.0,0.0,1.0,0.0,0.49709383882338887
2293,9e1b38c16d0ece554,True,,,,,,,,,,1.0,1.0,1.0,1.0,0.02431091786108571,1.0,1.0,1.0,1.0,0.6950971618315893
2294,bd799913f5456fbe9,True,,,,,,,,,,1.0,0.0,1.0,1.0,1.0,1.0,0.0,0.0,0.0,0.0
2295,e7f8c99f8df8cf65b,True,,,,,,,,,,1.0,1.0,1.0,1.0,0.3352850038467709,1.0,1.0,1.0,0.0,0.6672765637021159
2296,978616965b8fd4cd6,True,,,,,,,,,,1.0,1.0,1.0,1.0,0.13047526604459062,1.0,0.0,1.0,0.0,0.4782735206389346
2297,6a746336ecf0f665c,True,,,,,,,,,,0.0,1.0,0.5,1.0,0.6203342078490669,0.0,0.0,0.0,0.0,0.0
2298,368fa1aeac7542731,True,,,,,,,,,,1.0,0.0,1.0,1.0,1.0,1.0,1.0,1.0,1.0,0.0
2299,2ec229f35727f71c8,True,,,,,,,,,,1.0,1.0,1.0,1.0,0.16882223310074043,1.0,0.0,1.0,0.0,0.4902569478439814
2300,071e35b1661da1366,True,,,,,,,,,,1.0,1.0,1.0,1.0,0.15777704335542292,1.0,1.0,1.0,0.0,0.6118053260485696
2301,d1d090928a3c1ff44,True,,,,,,,,,,1.0,1.0,1.0,1.0,0.23362181026852438,1.0,0.0,0.0,0.0,0.3855068157089139
2302,824d8ba46202fe8eb,True,,,,,,,,,,1.0,1.0,1.0,1.0,0.0876528043652901,1.0,1.0,1.0,1.0,0.7148915013641531
2303,07bad7098a8e98783,True,,,,,,,,,,1.0,1.0,1.0,1.0,0.48231861818891314,1.0,1.0,0.0,0.0,0.5882245681840353
2304,e2b3b0ba92343745a,True,,,,,,,,,,1.0,1.0,1.0,1.0,1.0,1.0,1.0,1.0,1.0,1.0
2305,fb7b5ae64dda69073,True,,,,,,,,,,1.0,0.0,1.0,1.0,0.1732206479318822,1.0,1.0,1.0,0.0,0.0
2306,152d0a2d7a121ac40,True,,,,,,,,,,1.0,1.0,1.0,1.0,0.32637153632056193,1.0,1.0,1.0,0.0,0.6644911051001756
2307,511d6caf7ec40eb09,True,,,,,,,,,,0.0,1.0,1.0,1.0,1.0,0.0,0.0,0.0,0.0,0.0
2308,8e3a32effa7ad4fc9,True,,,,,,,,,,1.0,1.0,1.0,1.0,1.0,0.0,1.0,0.0,0.0,0.4375
2309,fe3306915ae1e2328,True,,,,,,,,,,1.0,1.0,1.0,1.0,0.188573762903836,1.0,1.0,0.0,0.0,0.49642930090744875
2310,575fcd78444e7124b,True,,,,,,,,,,1.0,0.0,0.0,1.0,1.0,1.0,0.0,0.0,0.0,0.0
2311,d6427f6451b02059f,True,,,,,,,,,,1.0,1.0,1.0,1.0,0.23827735158911748,1.0,0.0,0.0,0.0,0.38696167237159923
2312,16e1819d7d9d5f11d,True,,,,,,,,,,1.0,1.0,1.0,1.0,0.07077687265698343,1.0,1.0,1.0,1.0,0.7096177727053073
2313,f8e452be20910fe87,True,,,,,,,,,,0.0,0.0,1.0,1.0,1.0,0.0,0.0,0.0,0.0,0.0
2314,44200def81a985e9f,True,,,,,,,,,,1.0,1.0,1.0,1.0,0.3588924327716383,0.0,0.0,0.0,0.0,0.11215388524113697
2315,2d73739d94bdfb12e,True,,,,,,,,,,1.0,1.0,1.0,1.0,1.0,0.0,0.0,0.0,0.0,0.3125
2316,aee14ef0a789e2911,True,,,,,,,,,,1.0,1.0,1.0,1.0,0.2728487726199229,1.0,1.0,0.0,0.0,0.5227652414437259
2317,9559a76868f2d58b3,True,,,,,,,,,,1.0,1.0,1.0,1.0,0.0,1.0,1.0,1.0,1.0,0.6875
2318,04636d07d342e54cd,True,,,,,,,,,,1.0,1.0,1.0,1.0,0.32548993412260396,1.0,1.0,0.0,0.0,0.5392156044133137
2319,2a862303c565d9ca9,True,,,,,,,,,,1.0,1.0,1.0,1.0,0.2853642893700729,1.0,0.0,0.0,0.0,0.4016763404281478
2320,d02ab95331cc7550b,True,,,,,,,,,,1.0,1.0,1.0,1.0,1.0,1.0,0.0,0.0,0.0,0.625
2321,161ae204e36c7312b,True,,,,,,,,,,1.0,1.0,1.0,1.0,0.15428168804497136,1.0,0.0,1.0,0.0,0.48571302751405354
2322,18ab088dbc07aa471,True,,,,,,,,,,1.0,0.0,1.0,1.0,0.21790847243582884,1.0,1.0,1.0,0.0,0.0
2323,b4750fa326ea1085b,True,,,,,,,,,,0.0,1.0,1.0,1.0,1.0,0.0,1.0,1.0,0.0,0.0
2324,3343ae6524e70afdf,True,,,,,,,,,,1.0,1.0,1.0,1.0,0.19646912080541504,1.0,1.0,1.0,0.0,0.6238966002516921
2325,fa7ca9fcddad7a40d,True,,,,,,,,,,1.0,0.0,1.0,1.0,0.19644322123473892,1.0,0.0,0.0,0.0,0.0
2326,c6f309a29af4e8f36,True,,,,,,,,,,1.0,1.0,1.0,1.0,0.2793308147478099,1.0,0.0,0.0,0.0,0.3997908796086906
2327,854e5e93c34b9c7cd,True,,,,,,,,,,1.0,1.0,1.0,1.0,0.2508282130404382,1.0,0.0,1.0,0.0,0.5158838165751369
2328,a9b93459b8bfb00a5,True,,,,,,,,,,1.0,1.0,1.0,1.0,0.1592414729034471,1.0,1.0,0.0,0.0,0.4872629602823272
2329,8e870ed69a2cd9267,True,,,,,,,,,,1.0,1.0,1.0,1.0,0.0,1.0,1.0,1.0,1.0,0.6875
2330,2cce2f9aeacb49d13,True,,,,,,,,,,1.0,1.0,1.0,1.0,0.22236808959162788,0.0,0.0,0.0,0.0,0.06949002799738371
2331,00caf7c273c7d5065,True,,,,,,,,,,1.0,1.0,1.0,1.0,0.2771378413528597,1.0,1.0,0.0,0.0,0.5241055754227686
2332,27f023bf8333f5410,True,,,,,,,,,,1.0,1.0,1.0,1.0,0.05212374730607228,1.0,1.0,1.0,1.0,0.7037886710331476
2333,eabd2a62e5069e1a4,True,,,,,,,,,,1.0,1.0,1.0,1.0,0.21534731106600905,1.0,1.0,0.0,0.0,0.5047960347081278
2334,ab9b0531b8d7800ce,True,,,,,,,,,,1.0,0.0,1.0,1.0,0.3111727445473438,1.0,0.0,1.0,0.0,0.0
2335,e513c494982a0c41e,True,,,,,,,,,,1.0,1.0,1.0,1.0,1.0,1.0,0.0,0.0,0.0,0.625
2336,956f2e4043c1b8f4d,True,,,,,,,,,,1.0,1.0,1.0,1.0,0.21663134592176764,1.0,0.0,1.0,0.0,0.5051972956005524
2337,2e6e31a67e672d4a5,True,,,,,,,,,,1.0,1.0,1.0,1.0,0.2334596939408101,1.0,0.0,1.0,0.0,0.5104561543565032
2338,84e277e20e4dfaf5c,True,,,,,,,,,,1.0,1.0,1.0,1.0,0.11422312270304814,1.0,0.0,1.0,0.0,0.47319472584470257
2339,b141bcb6ae7025055,True,,,,,,,,,,1.0,1.0,1.0,1.0,1.0,1.0,1.0,1.0,0.0,0.875
2340,69efea362deb3273e,True,,,,,,,,,,1.0,0.0,1.0,1.0,1.0,1.0,0.0,0.0,0.0,0.0
2341,e1dfffddf7ca3297a,True,,,,,,,,,,0.0,0.0,1.0,1.0,1.0,0.0,0.0,0.0,0.0,0.0
2342,34096e25c51fff4b8,True,,,,,,,,,,1.0,0.0,1.0,1.0,0.24392306253638776,1.0,0.0,0.0,0.0,0.0
2343,8c317a99933b3b262,True,,,,,,,,,,1.0,1.0,0.5,1.0,0.5223544090967218,1.0,0.0,1.0,0.0,0.30036787642136276
2344,d400b7a715f88fcf5,True,,,,,,,,,,1.0,0.0,1.0,1.0,0.11929449515589788,1.0,1.0,1.0,0.0,0.0
2345,5e35c45c67a83ec9a,True,,,,,,,,,,1.0,0.0,1.0,1.0,0.20930325326708646,1.0,1.0,0.0,0.0,0.0
2346,45f0a34210cea5243,True,,,,,,,,,,1.0,1.0,1.0,1.0,0.0,1.0,1.0,1.0,1.0,0.6875
2347,e2e0472858fa4a63e,True,,,,,,,,,,1.0,1.0,1.0,1.0,0.12353591954371353,1.0,1.0,1.0,1.0,0.7261049748574104
2348,d29638c5140885ccd,True,,,,,,,,,,1.0,1.0,1.0,1.0,1.0,1.0,1.0,0.0,0.0,0.75
2349,8b29c1e65746a1185,True,,,,,,,,,,1.0,1.0,1.0,1.0,0.07988173225756617,1.0,1.0,1.0,1.0,0.7124630413304894
2350,175bc910c16425e5c,True,,,,,,,,,,1.0,1.0,1.0,1.0,0.12388965942381748,1.0,1.0,1.0,1.0,0.726215518569943
2351,1c7991974c14440a3,True,,,,,,,,,,1.0,1.0,0.0,1.0,1.0,1.0,0.0,0.0,0.0,0.0
2352,89628b64c8a329c07,True,,,,,,,,,,1.0,1.0,0.0,1.0,0.9764083178896565,1.0,0.0,0.0,0.0,0.0
2353,ecb3b9f1238edf126,True,,,,,,,,,,1.0,0.0,1.0,1.0,0.29083387948877776,1.0,0.0,0.0,0.0,0.0
2354,82e6ed49ff7af43fe,True,,,,,,,,,,1.0,1.0,1.0,1.0,0.008024756402372539,1.0,1.0,1.0,1.0,0.6900077363757414
2355,d3150a8489aa038cb,True,,,,,,,,,,1.0,1.0,1.0,1.0,0.23613666231509106,1.0,0.0,1.0,1.0,0.636292706973466
2356,eb6579d91982e38e5,True,,,,,,,,,,1.0,1.0,1.0,1.0,0.0,1.0,1.0,1.0,1.0,0.6875
2357,e33aa6b2d5b26910b,True,,,,,,,,,,1.0,1.0,0.5,1.0,0.2962463473554753,1.0,0.0,0.0,0.0,0.202538491774293
2358,ea2b7520e71b4c759,True,,,,,,,,,,1.0,1.0,1.0,1.0,0.290840197033938,1.0,1.0,0.0,0.0,0.5283875615731056
2359,6e7525ff98599366a,True,,,,,,,,,,1.0,1.0,1.0,1.0,0.11571137022343242,1.0,0.0,1.0,0.0,0.47365980319482265
2360,3f8a80414eacde90b,True,,,,,,,,,,1.0,1.0,1.0,1.0,0.1792911758252528,1.0,1.0,1.0,0.0,0.6185284924453915
2361,0d069b495b11daa42,True,,,,,,,,,,1.0,0.0,0.5,1.0,0.6078877443074256,1.0,0.0,0.0,0.0,0.0
2362,80c12d47df3847b19,True,,,,,,,,,,1.0,1.0,1.0,1.0,0.18847258913532616,1.0,0.0,1.0,0.0,0.4963976841047894
2363,79a8aa64c00991061,True,,,,,,,,,,1.0,1.0,1.0,1.0,0.0,1.0,0.0,1.0,1.0,0.5625
2364,d7ae6e55bf567365e,True,,,,,,,,,,1.0,1.0,0.0,1.0,1.0,1.0,0.0,0.0,0.0,0.0
2365,62c083fa4339253f3,True,,,,,,,,,,1.0,1.0,1.0,1.0,0.19844344944329106,1.0,0.0,1.0,0.0,0.49951357795102846
2366,436fb766823bdb92e,True,,,,,,,,,,1.0,1.0,1.0,1.0,0.14821178808083696,1.0,1.0,1.0,0.0,0.6088161837752615
2367,2c9bdc85f913f14f3,True,,,,,,,,,,1.0,1.0,1.0,1.0,0.0,1.0,1.0,1.0,1.0,0.6875
2368,ef66f2c0cf4893824,True,,,,,,,,,,1.0,0.0,1.0,1.0,0.5629133557964164,1.0,0.0,1.0,0.0,0.0
2369,95ef6af0cd345193e,True,,,,,,,,,,1.0,1.0,1.0,1.0,0.18225781848392786,1.0,1.0,1.0,0.0,0.6194555682762275
2370,fe124f930c37d2d0e,True,,,,,,,,,,1.0,1.0,1.0,1.0,0.17332657023001444,1.0,1.0,0.0,0.0,0.4916645531968795
2371,d8bd07f4fcdcdc313,True,,,,,,,,,,1.0,1.0,1.0,1.0,0.21571627232396393,1.0,1.0,1.0,0.0,0.6299113351012388
2372,3efd4f33e21321aca,True,,,,,,,,,,1.0,1.0,1.0,1.0,0.19816339453366785,1.0,1.0,0.0,0.0,0.4994260607917712
2373,015f3c215167f64d9,True,,,,,,,,,,1.0,0.0,1.0,1.0,0.24023573160203385,1.0,0.0,0.0,0.0,0.0
2374,19211d8eac9c62147,True,,,,,,,,,,1.0,1.0,1.0,1.0,0.18038666507328416,1.0,0.0,1.0,0.0,0.4938708328354013
2375,b652abb8dca7b06f0,True,,,,,,,,,,1.0,1.0,1.0,1.0,0.2037271167742007,1.0,1.0,1.0,0.0,0.6261647239919377
2376,3428d82c17d7e5501,True,,,,,,,,,,1.0,1.0,1.0,1.0,1.0,1.0,1.0,1.0,1.0,1.0
2377,4c9f4af922d375f71,True,,,,,,,,,,1.0,1.0,1.0,1.0,0.22327961159034423,1.0,1.0,0.0,0.0,0.5072748786219825
2378,cff8174da68b6ed57,True,,,,,,,,,,1.0,0.0,1.0,1.0,0.17253337942246721,1.0,0.0,1.0,0.0,0.0
2379,8cc9b24e2d92d273a,True,,,,,,,,,,1.0,1.0,1.0,1.0,0.18534150140268504,1.0,0.0,1.0,0.0,0.4954192191883391
2380,50e0b955654ae8794,True,,,,,,,,,,1.0,1.0,1.0,1.0,0.057599412718887036,1.0,0.0,1.0,1.0,0.5804998164746522
2381,8f458d524a4774548,True,,,,,,,,,,1.0,1.0,1.0,1.0,1.0,1.0,0.0,1.0,0.0,0.75
2382,38fd2f329eb063f83,True,,,,,,,,,,1.0,1.0,1.0,1.0,0.09227067695251391,1.0,0.0,1.0,1.0,0.5913345865476606
2383,2ddb8a77091ace2c6,True,,,,,,,,,,1.0,1.0,1.0,1.0,0.14191987880791548,1.0,0.0,1.0,0.0,0.4818499621274736
2384,6d4656583dbcb0d29,True,,,,,,,,,,1.0,1.0,1.0,1.0,0.0033716020140091116,1.0,1.0,1.0,1.0,0.6885536256293778
2385,75161de465d28f625,True,,,,,,,,,,1.0,1.0,1.0,1.0,0.147605344497249,1.0,0.0,1.0,0.0,0.4836266701553903
2386,c43503e3cebf10b69,True,,,,,,,,,,1.0,1.0,1.0,1.0,0.19251590919073008,1.0,0.0,0.0,0.0,0.37266122162210313
2387,3432391c5dca44cf9,True,,,,,,,,,,1.0,0.0,1.0,1.0,0.22070533630744363,1.0,1.0,0.0,0.0,0.0
2388,5177a4ffa159dea26,True,,,,,,,,,,1.0,1.0,1.0,1.0,1.0,1.0,1.0,1.0,0.0,0.875
2389,576158d07f0a09e6b,True,,,,,,,,,,1.0,1.0,1.0,1.0,0.24891003396737502,1.0,0.0,1.0,0.0,0.5152843856148047
2390,9384f1e1e708f3470,True,,,,,,,,,,1.0,1.0,1.0,1.0,0.10850462750049382,1.0,1.0,1.0,0.0,0.5964076960939043
2391,12776777ba8546e14,True,,,,,,,,,,0.0,0.0,0.5,1.0,0.6553173528613844,0.0,0.0,0.0,0.0,0.0
2392,70f0bbf667ad7bd9e,True,,,,,,,,,,1.0,1.0,1.0,1.0,0.01966322701431576,1.0,1.0,1.0,1.0,0.6936447584419736
2393,272d0fb68e72a32c3,True,,,,,,,,,,1.0,1.0,0.5,1.0,0.7865026232564876,1.0,1.0,0.0,0.0,0.3416410348838262
2394,15b6de5b6b812b547,True,,,,,,,,,,1.0,1.0,1.0,1.0,0.0,1.0,1.0,1.0,1.0,0.6875
2395,e6a340849c0025d9f,True,,,,,,,,,,1.0,1.0,1.0,1.0,0.12782009853444015,1.0,1.0,1.0,0.0,0.6024437807920126
2396,d32b81cb4448f19f1,True,,,,,,,,,,1.0,1.0,1.0,1.0,0.1813572504380753,1.0,1.0,1.0,0.0,0.6191741407618985
2397,d94f797b81c453893,True,,,,,,,,,,1.0,0.0,1.0,1.0,1.0,1.0,0.0,0.0,0.0,0.0
2398,7c999853833c34336,True,,,,,,,,,,1.0,1.0,1.0,1.0,0.13603798636886522,1.0,0.0,1.0,1.0,0.6050118707402704
2399,c6245a244902cb4af,True,,,,,,,,,,1.0,1.0,1.0,1.0,0.069637780300179,1.0,1.0,1.0,1.0,0.7092618063438059
2400,47a79d5ba0ff53156,True,,,,,,,,,,1.0,1.0,1.0,1.0,1.0,1.0,1.0,1.0,1.0,1.0
2401,b71a18c869cb8bd24,True,,,,,,,,,,1.0,1.0,1.0,1.0,1.0,1.0,0.0,1.0,0.0,0.75
2402,ccb5c099cfbfadf38,True,,,,,,,,,,1.0,1.0,1.0,1.0,1.0,1.0,1.0,1.0,0.0,0.875
2403,6aa6cb2757b09918e,True,,,,,,,,,,1.0,1.0,1.0,1.0,0.10090135620894267,1.0,0.0,1.0,1.0,0.5940316738152946
2404,5065468cd60f1bc00,True,,,,,,,,,,1.0,1.0,1.0,1.0,0.0915719220803516,1.0,1.0,1.0,0.0,0.5911162256501099
2405,58f8054b16f2c0e47,True,,,,,,,,,,1.0,1.0,1.0,1.0,0.0,1.0,0.0,0.0,1.0,0.4375
2406,d50743776b4ebf7b3,True,,,,,,,,,,1.0,1.0,1.0,1.0,0.17716512166913656,1.0,1.0,1.0,0.0,0.6178641005216052
2407,ddf4d43735ce80242,True,,,,,,,,,,0.0,1.0,0.5,1.0,0.606869719189128,0.0,0.0,1.0,0.0,0.0
2408,322359bc569d9c145,True,,,,,,,,,,1.0,1.0,1.0,1.0,1.0,1.0,0.0,1.0,0.0,0.75
2409,70fff47737f1e15b4,True,,,,,,,,,,1.0,1.0,1.0,1.0,0.2840796973258647,1.0,1.0,1.0,0.0,0.6512749054143327
2410,e05ade0e231d4cf61,True,,,,,,,,,,0.0,1.0,1.0,1.0,1.0,0.0,1.0,0.0,0.0,0.0
2411,d40afa32f3c10b9e0,True,,,,,,,,,,1.0,1.0,1.0,1.0,0.058537322331991555,1.0,1.0,1.0,1.0,0.7057929132287474
2412,8bd9cc5482864e291,True,,,,,,,,,,1.0,0.0,0.0,1.0,1.0,1.0,1.0,0.0,0.0,0.0
2413,d23a6fb267f1f6fa5,True,,,,,,,,,,1.0,1.0,1.0,1.0,0.0,1.0,1.0,1.0,1.0,0.6875
2414,5733be765824e1f33,True,,,,,,,,,,1.0,0.0,1.0,1.0,0.0834359781700285,1.0,1.0,1.0,1.0,0.0
2415,2814e455e1302df51,True,,,,,,,,,,0.5,1.0,1.0,1.0,1.0,0.0,0.0,1.0,0.0,0.21875
2416,b5e97b7e8ca0f8b19,True,,,,,,,,,,1.0,1.0,1.0,1.0,0.21559164864102046,1.0,1.0,0.0,0.0,0.5048723902003189
2417,8254c72f094adeb13,True,,,,,,,,,,1.0,1.0,1.0,1.0,1.0,1.0,1.0,1.0,1.0,1.0
2418,4f4036e82ca553ab5,True,,,,,,,,,,1.0,1.0,1.0,1.0,0.0,1.0,1.0,1.0,1.0,0.6875
2419,1f200aef5aa80a98d,True,,,,,,,,,,1.0,1.0,1.0,1.0,0.5035257309549199,1.0,1.0,0.0,0.0,0.5948517909234124
2420,2afebe4218aece0b6,True,,,,,,,,,,1.0,1.0,1.0,1.0,1.0,1.0,1.0,1.0,0.0,0.875
2421,a784ac158bbb30d15,True,,,,,,,,,,1.0,1.0,1.0,1.0,0.1367521114137689,1.0,1.0,1.0,0.0,0.6052350348168027
2422,5bd0e7981e5378287,True,,,,,,,,,,1.0,0.0,1.0,1.0,0.3261101077878068,1.0,0.0,0.0,0.0,0.0
2423,c3200abf96a354efa,True,,,,,,,,,,1.0,1.0,1.0,1.0,0.0,1.0,1.0,1.0,1.0,0.6875
2424,dc9a1a64623f4ee2a,True,,,,,,,,,,1.0,1.0,1.0,1.0,0.10889567598049375,1.0,0.0,1.0,1.0,0.5965298987439043
2425,1009569404037413a,True,,,,,,,,,,1.0,1.0,1.0,1.0,0.17785203387314008,1.0,1.0,1.0,0.0,0.6180787605853563
2426,7abb624adfb880027,True,,,,,,,,,,1.0,1.0,1.0,1.0,0.15519080488714843,1.0,0.0,1.0,0.0,0.48599712652723387
2427,f6cb349b9078fd7c4,True,,,,,,,,,,1.0,1.0,1.0,1.0,0.17911187710274715,1.0,0.0,1.0,0.0,0.4934724615946085
2428,299c68e344d04e536,True,,,,,,,,,,1.0,1.0,1.0,1.0,0.16197251775073518,1.0,0.0,1.0,0.0,0.48811641179710474
2429,a5dae75091c9d8f94,True,,,,,,,,,,1.0,1.0,1.0,1.0,1.0,1.0,0.0,1.0,1.0,0.875
2430,2e5eb89b3ec98ed08,True,,,,,,,,,,1.0,1.0,1.0,1.0,1.0,1.0,1.0,1.0,1.0,1.0
2431,74e68e4dba8d14dfa,True,,,,,,,,,,1.0,0.0,1.0,1.0,1.0,1.0,1.0,1.0,0.0,0.0
2432,cb2e1dad4d21a5bf1,True,,,,,,,,,,1.0,1.0,1.0,1.0,0.13263544282548323,1.0,0.0,1.0,0.0,0.4789485758829635
2433,69c96d373972cc736,True,,,,,,,,,,1.0,1.0,1.0,1.0,0.14652424828598654,1.0,1.0,1.0,0.0,0.6082888275893708
2434,e8a9486b49b69adbf,True,,,,,,,,,,1.0,1.0,1.0,1.0,0.439031771119034,1.0,1.0,1.0,0.0,0.6996974284746982
2435,4f206a0dd84457b8a,True,,,,,,,,,,1.0,1.0,1.0,1.0,0.2478432607442611,1.0,1.0,1.0,0.0,0.6399510189825817
2436,fb36accc7106e30af,True,,,,,,,,,,1.0,1.0,1.0,1.0,0.1439056856847094,1.0,0.0,1.0,0.0,0.4824705267764717
2437,5e3a21657a7371a7a,True,,,,,,,,,,1.0,1.0,0.0,1.0,1.0,1.0,0.0,0.0,0.0,0.0
2438,ec56aefe2cb604a4f,True,,,,,,,,,,1.0,1.0,1.0,1.0,0.05341741267972756,1.0,1.0,1.0,1.0,0.7041929414624148
2439,c35d767a796986c02,True,,,,,,,,,,1.0,1.0,1.0,1.0,1.0,1.0,0.0,1.0,0.0,0.75
2440,b5837307d8a14be4a,True,,,,,,,,,,1.0,1.0,1.0,1.0,0.17427519762888044,1.0,1.0,1.0,0.0,0.6169609992590251
2441,9a1b34a6539726796,True,,,,,,,,,,1.0,1.0,1.0,1.0,0.17792017171834063,1.0,1.0,1.0,0.0,0.6181000536619814
2442,40ab16e6d2c7b1db0,True,,,,,,,,,,1.0,0.0,1.0,1.0,0.14273310875681453,1.0,0.0,1.0,0.0,0.0
2443,2cc556c9db9fd5088,True,,,,,,,,,,1.0,1.0,1.0,1.0,1.0,1.0,1.0,0.0,0.0,0.75
2444,dc83f2167ec7e2ca3,True,,,,,,,,,,1.0,1.0,1.0,1.0,1.0,1.0,0.0,0.0,0.0,0.625
2445,bd31f3930e078d690,True,,,,,,,,,,1.0,1.0,1.0,1.0,0.0,1.0,1.0,1.0,1.0,0.6875
2446,0e893b68e326d1c97,True,,,,,,,,,,1.0,1.0,1.0,1.0,0.12232306914867482,1.0,1.0,1.0,0.0,0.6007259591089609
2447,5fcf415bcf1a37722,True,,,,,,,,,,1.0,1.0,1.0,1.0,1.0,1.0,0.0,0.0,0.0,0.625
2448,5fe4444b0088c0e14,True,,,,,,,,,,1.0,1.0,1.0,1.0,0.11654373540023019,1.0,1.0,1.0,1.0,0.7239199173125719
2449,f93686a7de229c648,True,,,,,,,,,,1.0,1.0,1.0,1.0,0.1945217267555432,1.0,0.0,1.0,0.0,0.49828803961110724
2450,d57d9c1eba8896d77,True,,,,,,,,,,1.0,0.0,1.0,1.0,0.2411699071268827,1.0,0.0,0.0,0.0,0.0
2451,36a59107f58b13a57,True,,,,,,,,,,1.0,0.0,1.0,1.0,0.13786480358276448,1.0,1.0,1.0,0.0,0.0
2452,fe05597461d3229f2,True,,,,,,,,,,1.0,1.0,1.0,1.0,0.16755676801284344,1.0,0.0,1.0,0.0,0.4898614900040136
2453,be44491ed8588df81,True,,,,,,,,,,1.0,1.0,1.0,1.0,0.5290971956427861,1.0,1.0,0.0,0.0,0.6028428736383706
2454,f38cc020e1b05accc,True,,,,,,,,,,1.0,1.0,1.0,1.0,0.0882593730762943,1.0,1.0,1.0,1.0,0.7150810540863419
2455,71825455da2cde07d,True,,,,,,,,,,1.0,1.0,1.0,1.0,0.1766576131848811,1.0,1.0,1.0,0.0,0.6177055041202754
2456,0fc796582943bab81,True,,,,,,,,,,1.0,1.0,1.0,1.0,0.3292949801630194,1.0,1.0,0.0,0.0,0.5404046813009435
2457,96a372a94c983cb06,True,,,,,,,,,,1.0,0.0,1.0,1.0,0.2574946904702989,1.0,0.0,1.0,0.0,0.0
2458,713ecb5e6f7885bee,True,,,,,,,,,,1.0,1.0,1.0,1.0,0.3364786082937492,1.0,1.0,1.0,0.0,0.6676495650917966
2459,5eeb6bb55001c1fc4,True,,,,,,,,,,1.0,1.0,1.0,1.0,0.18612320517707204,1.0,1.0,1.0,0.0,0.620663501617835
2460,370b6a02f85908e66,True,,,,,,,,,,1.0,1.0,1.0,1.0,0.0,1.0,0.0,0.0,0.0,0.3125
2461,0a61ab78c3fb6fbe9,True,,,,,,,,,,0.0,1.0,1.0,1.0,1.0,0.0,1.0,1.0,1.0,0.0
2462,d14bb6b9926bccfb5,True,,,,,,,,,,1.0,1.0,1.0,1.0,0.0,1.0,1.0,1.0,1.0,0.6875
2463,8e1bbd443f815b48a,True,,,,,,,,,,1.0,1.0,1.0,1.0,1.0,1.0,1.0,0.0,0.0,0.75
2464,eeb4b0334d12c4c0f,True,,,,,,,,,,1.0,1.0,1.0,1.0,0.0,1.0,1.0,1.0,1.0,0.6875
2465,53667f0557981798d,True,,,,,,,,,,1.0,1.0,1.0,1.0,0.22780732826845904,1.0,0.0,0.0,0.0,0.3836897900838935
2466,534a1ef23eb35451c,True,,,,,,,,,,1.0,1.0,1.0,1.0,0.2860688117596698,1.0,1.0,0.0,0.0,0.5268965036748968
2467,1879a7c4a97f64bf9,True,,,,,,,,,,1.0,1.0,1.0,1.0,0.19939226315124245,1.0,0.0,1.0,0.0,0.49981008223476325
2468,c54816fcfbf2074c3,True,,,,,,,,,,1.0,1.0,1.0,1.0,0.21401224030765453,1.0,1.0,0.0,0.0,0.5043788250961421
2469,8cc221e21b07d66db,True,,,,,,,,,,0.0,1.0,1.0,1.0,1.0,0.0,1.0,0.0,0.0,0.0
2470,1c6327dd6c33a1c36,True,,,,,,,,,,1.0,1.0,1.0,1.0,0.0,1.0,1.0,1.0,1.0,0.6875
2471,987228c8136243451,True,,,,,,,,,,1.0,1.0,0.5,1.0,0.7395730839953639,1.0,0.0,1.0,0.0,0.3343082943742756
2472,071605e0e3709e71e,True,,,,,,,,,,1.0,1.0,1.0,1.0,0.39187735095994014,1.0,1.0,1.0,0.0,0.6849616721749813
2473,5e403ae55f93fea63,True,,,,,,,,,,1.0,1.0,0.5,1.0,0.6255179978312376,1.0,0.0,0.0,0.0,0.2539871871611309
2474,8f669c4ed49b0595f,True,,,,,,,,,,1.0,0.0,1.0,1.0,0.17916325725146434,1.0,0.0,1.0,0.0,0.0
2475,04ea6a683ebec3208,True,,,,,,,,,,1.0,1.0,1.0,1.0,0.0,1.0,0.0,1.0,1.0,0.5625
2476,87555f32aa4e45c55,True,,,,,,,,,,1.0,0.0,1.0,1.0,0.20719839950729166,1.0,1.0,0.0,0.0,0.0
2477,562d93c298e442013,True,,,,,,,,,,1.0,1.0,1.0,1.0,0.2089484784689189,1.0,1.0,0.0,0.0,0.5027963995215372
2478,9afe3b5ff03c0b6bf,True,,,,,,,,,,1.0,1.0,1.0,1.0,1.0,1.0,1.0,1.0,0.0,0.875
2479,8aea1806b6e406159,True,,,,,,,,,,1.0,1.0,1.0,1.0,0.26673008671005627,1.0,1.0,0.0,0.0,0.5208531520968926
2480,99c29f3c8b69eab4e,True,,,,,,,,,,1.0,1.0,1.0,1.0,0.0,1.0,0.0,1.0,1.0,0.5625
2481,728ec7568be562318,True,,,,,,,,,,1.0,1.0,1.0,1.0,1.0,1.0,0.0,1.0,1.0,0.875
2482,e3e06ab2151befbbb,True,,,,,,,,,,1.0,1.0,1.0,1.0,0.20661478652166676,1.0,0.0,0.0,0.0,0.37706712078802085
2483,02b1fffab31483b6f,True,,,,,,,,,,1.0,0.0,0.5,1.0,1.0,1.0,0.0,1.0,0.0,0.0
2484,a70343efbae4bbaab,True,,,,,,,,,,1.0,1.0,1.0,1.0,1.0,1.0,0.0,0.0,0.0,0.625
2485,89184cd5e26fb9bde,True,,,,,,,,,,0.0,1.0,1.0,1.0,0.3850028137681835,0.0,0.0,1.0,0.0,0.0
2486,5e199a678c61e376a,True,,,,,,,,,,1.0,1.0,1.0,1.0,0.28316994619923547,1.0,0.0,0.0,0.0,0.40099060818726107
2487,6a802ffe0ffb0c125,True,,,,,,,,,,1.0,1.0,1.0,1.0,0.2887894627837905,1.0,0.0,1.0,0.0,0.5277467071199345
2488,ee0214c25403e4214,True,,,,,,,,,,1.0,1.0,1.0,1.0,0.16363692267637214,1.0,0.0,1.0,0.0,0.4886365383363663
2489,23d3b2f93978ceabf,True,,,,,,,,,,1.0,0.0,1.0,1.0,0.1244350632724558,1.0,0.0,1.0,0.0,0.0
2490,284604b19e5b66780,True,,,,,,,,,,1.0,0.0,1.0,1.0,0.1798203057290607,1.0,0.0,1.0,0.0,0.0
2491,dbf2ff6fc16bf1dbf,True,,,,,,,,,,1.0,1.0,1.0,1.0,0.20042044007592685,1.0,0.0,0.0,0.0,0.37513138752372716
2492,3d9b28f26222924ba,True,,,,,,,,,,1.0,1.0,1.0,1.0,0.5022240838191305,1.0,0.0,0.0,0.0,0.4694450261934783
2493,f511978077fdcd122,True,,,,,,,,,,1.0,1.0,1.0,1.0,0.13943384620708635,1.0,1.0,1.0,0.0,0.6060730769397145
2494,9f8032f6872d56164,True,,,,,,,,,,1.0,1.0,1.0,1.0,0.04485988856341814,1.0,1.0,1.0,1.0,0.7015187151760682
2495,24552af895f24c7c8,True,,,,,,,,,,1.0,1.0,1.0,1.0,0.10144987698408525,1.0,1.0,1.0,0.0,0.5942030865575266
2496,e5f874a384d04ada1,True,,,,,,,,,,1.0,0.0,0.5,1.0,0.9799321034374775,1.0,0.0,0.0,0.0,0.0
2497,c9a52fd56ee7c5ee5,True,,,,,,,,,,1.0,1.0,1.0,1.0,1.0,1.0,1.0,1.0,1.0,1.0
2498,36ae44a98b7378f57,True,,,,,,,,,,1.0,1.0,1.0,1.0,0.0,1.0,1.0,1.0,1.0,0.6875
2499,21caa7576c2da8f7a,True,,,,,,,,,,1.0,1.0,1.0,1.0,0.30422946145010693,1.0,0.0,1.0,0.0,0.5325717067031583
2500,1c46609a6f85e1150,True,,,,,,,,,,1.0,1.0,1.0,1.0,0.19687754243644384,1.0,0.0,0.0,0.0,0.3740242320113887
2501,d9bbca7a0907304f1,True,,,,,,,,,,1.0,1.0,1.0,1.0,0.1678247415580065,1.0,0.0,1.0,0.0,0.48994523173687704
2502,24eaf29d6a3fb645e,True,,,,,,,,,,1.0,1.0,1.0,1.0,0.30703316547325377,1.0,1.0,0.0,0.0,0.5334478642103918
2503,b65f9c34340591fdf,True,,,,,,,,,,1.0,1.0,1.0,1.0,0.15884181625567342,1.0,0.0,1.0,0.0,0.48713806757989797
2504,cc082d08854f64656,True,,,,,,,,,,0.0,1.0,1.0,1.0,1.0,0.0,0.0,1.0,0.0,0.0
2505,55c8727d5f4634051,True,,,,,,,,,,1.0,1.0,1.0,1.0,0.07471540643532114,1.0,1.0,1.0,1.0,0.7108485645110378
2506,cfd0e5de5d28d1a6e,True,,,,,,,,,,1.0,1.0,1.0,1.0,0.15241823640777977,1.0,0.0,1.0,0.0,0.48513069887743115
2507,024776041efb70cd4,True,,,,,,,,,,1.0,1.0,1.0,1.0,0.2137061836676432,1.0,0.0,0.0,0.0,0.3792831823961385
2508,fba5b4aa043d4c14b,True,,,,,,,,,,1.0,1.0,1.0,1.0,1.0,1.0,1.0,1.0,0.0,0.875
2509,076a62d5c97d941a6,True,,,,,,,,,,1.0,1.0,1.0,1.0,0.1558362012267789,1.0,1.0,1.0,0.0,0.6111988128833684
2510,29cd08f6390e4f790,True,,,,,,,,,,1.0,1.0,1.0,1.0,0.17629848291516304,1.0,1.0,1.0,0.0,0.6175932759109884
2511,e07233c9901810349,True,,,,,,,,,,1.0,1.0,1.0,1.0,0.17449233449466767,1.0,1.0,1.0,0.0,0.6170288545295837
2512,5e6df44031e160cad,True,,,,,,,,,,1.0,0.0,1.0,1.0,1.0,1.0,1.0,1.0,0.0,0.0
2513,bab672bfc41847afb,True,,,,,,,,,,1.0,1.0,1.0,1.0,0.19022180638054823,1.0,1.0,1.0,0.0,0.6219443144939213
2514,319a6165fd328e03e,True,,,,,,,,,,1.0,0.0,1.0,1.0,1.0,1.0,1.0,1.0,0.0,0.0
2515,0883e274dffb8a761,True,,,,,,,,,,1.0,0.0,1.0,1.0,1.0,1.0,1.0,1.0,0.0,0.0
2516,b4bb23be8c8b3c00e,True,,,,,,,,,,1.0,1.0,1.0,1.0,0.21261339173025678,1.0,0.0,0.0,0.0,0.37894168491570523
2517,5607119f8cda83560,True,,,,,,,,,,1.0,1.0,1.0,1.0,0.32576481696009235,1.0,0.0,0.0,0.0,0.41430150530002885
2518,241e8b27fb85d3e53,True,,,,,,,,,,1.0,1.0,1.0,1.0,1.0,1.0,1.0,1.0,1.0,1.0
2519,72a853c092fda384e,True,,,,,,,,,,1.0,1.0,1.0,1.0,1.0,1.0,0.0,1.0,1.0,0.875
2520,d5cbf126369d32fdf,True,,,,,,,,,,1.0,0.0,1.0,1.0,1.0,1.0,1.0,1.0,0.0,0.0
2521,63c41e35465456dc7,True,,,,,,,,,,1.0,1.0,1.0,1.0,0.4157512790249275,1.0,1.0,1.0,0.0,0.6924222746952898
2522,f6021914cda2ce515,True,,,,,,,,,,1.0,1.0,1.0,1.0,0.24689708616528913,1.0,0.0,0.0,0.0,0.38965533942665287
2523,b0917755d03fa6298,True,,,,,,,,,,1.0,1.0,1.0,1.0,0.4939108737003911,1.0,0.0,0.0,0.0,0.4668471480313722
2524,e26a54b7a798e6e57,True,,,,,,,,,,1.0,0.0,1.0,1.0,0.2211109794773997,1.0,1.0,0.0,0.0,0.0
2525,1924f6d5f33633039,True,,,,,,,,,,1.0,1.0,1.0,1.0,0.3265692779874592,1.0,0.0,0.0,0.0,0.414552899371081
2526,87d737da1d3ba4b40,True,,,,,,,,,,1.0,1.0,1.0,1.0,0.0,1.0,1.0,1.0,1.0,0.6875
2527,ff4cc095b1e90f672,True,,,,,,,,,,1.0,1.0,1.0,1.0,0.22955584120094857,1.0,0.0,0.0,0.0,0.38423620037529643
2528,089e61f737418a050,True,,,,,,,,,,1.0,1.0,1.0,1.0,0.21544937940495493,1.0,1.0,0.0,0.0,0.5048279310640484
2529,58a0f95c3ba9a97b9,True,,,,,,,,,,1.0,1.0,1.0,1.0,0.12915032477074506,1.0,0.0,0.0,0.0,0.3528594764908578
2530,d6cd8e55b889c7739,True,,,,,,,,,,1.0,1.0,1.0,1.0,0.20005734225657895,1.0,1.0,1.0,0.0,0.6250179194551809
2531,e58505d2e2a702e58,True,,,,,,,,,,0.0,1.0,1.0,1.0,1.0,0.0,1.0,1.0,1.0,0.0
2532,4e24a469af52b2b29,True,,,,,,,,,,1.0,0.0,1.0,1.0,0.17076636890626412,1.0,0.0,1.0,1.0,0.0
2533,cad1816ad074ec87f,True,,,,,,,,,,1.0,1.0,1.0,1.0,0.1449709940231941,1.0,1.0,1.0,0.0,0.6078034356322481
2534,7a487393a13b1bc7e,True,,,,,,,,,,1.0,1.0,1.0,1.0,0.14949063906982518,1.0,0.0,1.0,0.0,0.48421582470932034
2535,f6f0c7a27b1c90f37,True,,,,,,,,,,1.0,1.0,1.0,1.0,0.2278693577050755,1.0,1.0,0.0,0.0,0.508709174282836
2536,ffe0db4c4b5ed141a,True,,,,,,,,,,1.0,1.0,1.0,1.0,1.0,1.0,0.0,1.0,1.0,0.875
2537,8b9e74d5a89159431,True,,,,,,,,,,1.0,0.0,1.0,1.0,1.0,1.0,1.0,0.0,0.0,0.0
2538,7e80b831e8ff5883f,True,,,,,,,,,,1.0,0.0,0.5,1.0,1.0,1.0,0.0,0.0,0.0,0.0
2539,b01ea6107aea79f6c,True,,,,,,,,,,1.0,1.0,1.0,1.0,0.08536067943083232,1.0,1.0,1.0,0.0,0.5891752123221351
2540,d798add46e9093547,True,,,,,,,,,,1.0,1.0,0.5,1.0,1.0,1.0,0.0,0.0,0.0,0.3125
2541,134a68b7ad7fc9ec4,True,,,,,,,,,,1.0,1.0,1.0,1.0,0.2989443713421842,1.0,1.0,0.0,0.0,0.5309201160444326
2542,0c90e4fca67a92e84,True,,,,,,,,,,0.0,1.0,1.0,1.0,1.0,0.0,0.0,1.0,0.0,0.0
2543,a71664743c9a3ca78,True,,,,,,,,,,1.0,1.0,1.0,1.0,0.2141216710394163,1.0,0.0,0.0,0.0,0.3794130221998176
2544,f27131cc726cc7eb7,True,,,,,,,,,,1.0,1.0,1.0,1.0,0.04670742142388996,1.0,1.0,1.0,1.0,0.7020960691949656
2545,f6eee6000df177477,True,,,,,,,,,,1.0,1.0,1.0,1.0,1.0,1.0,1.0,1.0,0.0,0.875
2546,8cf82bdb10f083506,True,,,,,,,,,,1.0,1.0,1.0,1.0,0.2705389861446508,1.0,1.0,0.0,0.0,0.5220434331702033
2547,f6f0f9e856ac09aa5,True,,,,,,,,,,1.0,1.0,1.0,1.0,0.03304901572236862,1.0,1.0,1.0,1.0,0.6978278174132402
2548,b291af47ff3b66426,True,,,,,,,,,,1.0,1.0,1.0,1.0,0.20743622336572312,1.0,1.0,0.0,0.0,0.5023238198017885
2549,c8bce5ae9777b5139,True,,,,,,,,,,1.0,1.0,1.0,1.0,0.24333266451713562,1.0,1.0,0.0,0.0,0.5135414576616049
2550,65d1dc0e08fdbab3c,True,,,,,,,,,,1.0,0.0,1.0,1.0,0.2845160026965918,1.0,0.0,0.0,0.0,0.0
2551,dd7c29b15f5cef89c,True,,,,,,,,,,1.0,1.0,1.0,1.0,0.23251516473173797,1.0,0.0,0.0,0.0,0.38516098897866813
2552,07f017abc801c8b9e,True,,,,,,,,,,1.0,0.0,1.0,1.0,1.0,1.0,0.0,1.0,0.0,0.0
2553,975103a3e89ae4e4b,True,,,,,,,,,,1.0,1.0,1.0,1.0,0.13781367312500947,1.0,1.0,1.0,0.0,0.6055667728515655
2554,d73385f96b3a8b16d,True,,,,,,,,,,1.0,0.0,1.0,1.0,0.2828176080414402,1.0,0.0,1.0,0.0,0.0
2555,39db66b6b4731fede,True,,,,,,,,,,1.0,1.0,1.0,1.0,0.2112465551190364,1.0,1.0,1.0,0.0,0.6285145484746989
2556,02a790e5861b97543,True,,,,,,,,,,1.0,1.0,1.0,1.0,0.11895321557810336,1.0,1.0,1.0,0.0,0.5996728798681573
2557,891a4a3fda5ecaf08,True,,,,,,,,,,1.0,1.0,1.0,1.0,1.0,1.0,0.0,1.0,1.0,0.875
2558,2eab4bf554ebec232,True,,,,,,,,,,1.0,1.0,1.0,1.0,0.25748574402288177,1.0,0.0,1.0,0.0,0.5179642950071506
2559,50e8217a812643799,True,,,,,,,,,,1.0,1.0,1.0,1.0,0.16067633374600088,1.0,1.0,1.0,0.0,0.6127113542956253
2560,7ee10c65aff66f1f6,True,,,,,,,,,,1.0,1.0,0.5,1.0,1.0,1.0,0.0,1.0,0.0,0.375
2561,d7437e062d9eed183,True,,,,,,,,,,1.0,1.0,1.0,1.0,0.0,1.0,0.0,0.0,0.0,0.3125
2562,aa97ab9606aa456ff,True,,,,,,,,,,1.0,0.0,1.0,1.0,0.2509707534968214,1.0,1.0,0.0,0.0,0.0
2563,47af7b18d8bb14656,True,,,,,,,,,,1.0,1.0,1.0,1.0,0.1296008270476507,1.0,1.0,1.0,0.0,0.6030002584523908
2564,484e5d7157f571795,True,,,,,,,,,,1.0,1.0,1.0,1.0,0.0,1.0,0.0,1.0,1.0,0.5625
2565,7d4ce2377f19fda93,True,,,,,,,,,,1.0,1.0,1.0,1.0,0.177373400750412,1.0,1.0,1.0,0.0,0.6179291877345037
2566,cd9f9355204a28a77,True,,,,,,,,,,1.0,0.0,1.0,1.0,1.0,1.0,1.0,1.0,1.0,0.0
2567,09ff70ea6f020da6f,True,,,,,,,,,,1.0,1.0,1.0,1.0,0.13032372231818365,1.0,1.0,1.0,1.0,0.7282261632244325
2568,7098c40dee5929017,True,,,,,,,,,,1.0,1.0,1.0,1.0,0.5190383414191977,1.0,1.0,0.0,0.0,0.5996994816934993
2569,93815cb266f991f06,True,,,,,,,,,,1.0,0.0,1.0,1.0,1.0,1.0,0.0,0.0,0.0,0.0
2570,9aabc1816bfcdd63e,True,,,,,,,,,,1.0,1.0,1.0,1.0,0.19199632375166845,1.0,0.0,1.0,0.0,0.4974988511723964
2571,2999813e6f4624d21,True,,,,,,,,,,0.0,1.0,1.0,1.0,1.0,0.0,0.0,1.0,0.0,0.0
2572,0d5b6ee9d0a973914,True,,,,,,,,,,1.0,1.0,1.0,0.0,1.0,1.0,1.0,1.0,1.0,0.0
2573,843ebabea0b9906f9,True,,,,,,,,,,1.0,1.0,1.0,1.0,0.19938432069126527,1.0,1.0,1.0,0.0,0.6248076002160203
2574,2b1c7704ed19c6b68,True,,,,,,,,,,1.0,1.0,1.0,1.0,0.09334683900170544,1.0,0.0,1.0,1.0,0.591670887188033
2575,fd7743059db2ad01f,True,,,,,,,,,,1.0,1.0,1.0,1.0,0.45206449379394437,1.0,1.0,1.0,0.0,0.7037701543106076
2576,dd0ab6f5e9d352fb2,True,,,,,,,,,,1.0,1.0,0.5,1.0,0.920031191642741,1.0,0.0,1.0,0.0,0.3625048736941783
2577,55c8df3b0682a658a,True,,,,,,,,,,1.0,1.0,1.0,1.0,0.25873960336976637,1.0,1.0,0.0,0.0,0.518356126053052
2578,5e7944c54a12aa9bd,True,,,,,,,,,,1.0,1.0,1.0,1.0,0.0028031126693293515,1.0,0.0,1.0,1.0,0.5633759727091654
2579,ea57c9c13c9526722,True,,,,,,,,,,0.5,0.0,1.0,1.0,0.8526916377964067,0.0,0.0,1.0,0.0,0.0
2580,5bfc22f5524f10a47,True,,,,,,,,,,1.0,1.0,1.0,1.0,0.2627439718346906,1.0,0.0,1.0,0.0,0.5196074911983408
2581,ddae067a0bdc3d1ec,True,,,,,,,,,,1.0,1.0,1.0,1.0,0.25466163256213964,1.0,0.0,0.0,0.0,0.39208176017566865
2582,5b460729c6e5e42fd,True,,,,,,,,,,1.0,1.0,1.0,1.0,0.00711052777625213,1.0,1.0,1.0,1.0,0.6897220399300787
2583,3db39c7599f58de4d,True,,,,,,,,,,1.0,1.0,1.0,1.0,0.024040847979267494,1.0,0.0,1.0,1.0,0.5700127649935212
2584,792d3420eef5dbc41,True,,,,,,,,,,1.0,1.0,1.0,1.0,0.10592273865744109,1.0,1.0,1.0,1.0,0.7206008558304504
2585,c107f7eeb5856c0bf,True,,,,,,,,,,1.0,1.0,0.5,1.0,0.40678268266228224,1.0,0.0,0.0,0.0,0.2198097941659816
2586,98dc40005346d2d4e,True,,,,,,,,,,1.0,1.0,1.0,1.0,0.12712119059064095,1.0,1.0,1.0,0.0,0.6022253720595753
2587,583a61a4880467bf7,True,,,,,,,,,,1.0,1.0,1.0,1.0,0.15662571327598668,1.0,1.0,1.0,0.0,0.6114455353987458
2588,d1ad6506f1da6b927,True,,,,,,,,,,1.0,1.0,1.0,1.0,0.1465248403673375,1.0,1.0,1.0,0.0,0.608289012614793
2589,5a89225b2405d13d7,True,,,,,,,,,,1.0,1.0,1.0,1.0,0.14964205813124543,1.0,0.0,1.0,0.0,0.4842631431660142
2590,ab7e7c6fb9f3451a3,True,,,,,,,,,,1.0,0.0,1.0,1.0,1.0,1.0,0.0,1.0,0.0,0.0
2591,c4630acafb54056da,True,,,,,,,,,,1.0,1.0,1.0,1.0,0.21245951585981426,1.0,0.0,0.0,0.0,0.378893598706192
2592,5fdebbeb76c9d0953,True,,,,,,,,,,1.0,1.0,0.5,1.0,0.731266612359602,1.0,0.0,0.0,0.0,0.2705104081811878
2593,c3d63199e3d09c551,True,,,,,,,,,,1.0,1.0,1.0,1.0,0.14144341635274485,1.0,0.0,1.0,0.0,0.4817010676102328
2594,1b742b73235363011,True,,,,,,,,,,1.0,1.0,1.0,1.0,1.0,1.0,1.0,1.0,1.0,1.0
2595,d20185ecb7a02769a,True,,,,,,,,,,1.0,1.0,1.0,1.0,0.28926664804417657,1.0,1.0,1.0,0.0,0.6528958275138051
2596,e9a805fef6295d90c,True,,,,,,,,,,1.0,0.0,1.0,1.0,1.0,1.0,0.0,1.0,0.0,0.0
2597,1d4894afb05e6ebc3,True,,,,,,,,,,1.0,1.0,1.0,1.0,1.0,1.0,0.0,1.0,1.0,0.875
2598,2df4afab4d0b02842,True,,,,,,,,,,1.0,1.0,1.0,1.0,0.11584164667532441,1.0,1.0,1.0,0.0,0.5987005145860389
2599,fd21a94f937e1535f,True,,,,,,,,,,1.0,0.0,1.0,1.0,0.1816003497002594,1.0,1.0,1.0,0.0,0.0
2600,58bd6bb780642e715,True,,,,,,,,,,1.0,0.0,1.0,1.0,1.0,1.0,1.0,1.0,0.0,0.0
2601,c138df3ef41d3bfe5,True,,,,,,,,,,1.0,1.0,1.0,1.0,0.2870514178655697,1.0,1.0,0.0,0.0,0.5272035680829905
2602,cc5c74bb358203037,True,,,,,,,,,,1.0,0.0,0.5,1.0,1.0,1.0,0.0,0.0,0.0,0.0
2603,08dd93ec00ee02183,True,,,,,,,,,,1.0,1.0,1.0,1.0,0.0,1.0,1.0,1.0,1.0,0.6875
2604,757cbf6c460160db5,True,,,,,,,,,,0.0,1.0,1.0,1.0,1.0,0.0,1.0,1.0,0.0,0.0
2605,594bcaa89ef7fc267,True,,,,,,,,,,1.0,1.0,1.0,1.0,0.32630587389907434,1.0,1.0,1.0,0.0,0.6644705855934607
2606,e7a9f463ef537b333,True,,,,,,,,,,1.0,1.0,1.0,1.0,1.0,1.0,1.0,1.0,1.0,1.0
2607,b0cbc535fe9913787,True,,,,,,,,,,1.0,1.0,1.0,1.0,0.250230221964104,1.0,0.0,0.0,0.0,0.3906969443637825
2608,329e52d1e0ada86f6,True,,,,,,,,,,1.0,1.0,1.0,1.0,0.20382314855660721,1.0,1.0,1.0,0.0,0.6261947339239398
2609,f185085421e3aa72f,True,,,,,,,,,,1.0,1.0,1.0,1.0,0.1129195587187829,1.0,1.0,1.0,0.0,0.5977873620996197
2610,c21a8802e9c30c4ba,True,,,,,,,,,,1.0,1.0,1.0,1.0,0.1749748986506058,1.0,0.0,1.0,0.0,0.4921796558283143
2611,97e73edb0ec984db5,True,,,,,,,,,,0.0,1.0,1.0,1.0,1.0,0.0,1.0,1.0,1.0,0.0
2612,078d13ba093831831,True,,,,,,,,,,1.0,1.0,1.0,1.0,0.3807584829382224,1.0,1.0,0.0,0.0,0.5564870259181944
2613,18f8bfb875dae178e,True,,,,,,,,,,1.0,1.0,1.0,1.0,1.0,1.0,1.0,1.0,1.0,1.0
2614,898965de3a97c47dc,True,,,,,,,,,,1.0,1.0,1.0,1.0,1.0,1.0,0.0,0.0,0.0,0.625
2615,3a09d1ed3abb7ce82,True,,,,,,,,,,1.0,1.0,0.0,1.0,1.0,1.0,0.0,0.0,0.0,0.0
2616,d38c4af1d199d57d9,True,,,,,,,,,,0.0,0.0,1.0,1.0,1.0,0.0,0.0,1.0,0.0,0.0
2617,2d8eeec7c41db723f,True,,,,,,,,,,1.0,1.0,1.0,1.0,0.2920579633996237,1.0,1.0,0.0,0.0,0.5287681135623824
2618,7bcbb548162ed8dbb,True,,,,,,,,,,1.0,1.0,1.0,1.0,0.28097134234883336,1.0,1.0,0.0,0.0,0.5253035444840104
2619,0120638e7b2bd0bdf,True,,,,,,,,,,1.0,1.0,1.0,1.0,0.35614112576694357,1.0,1.0,0.0,0.0,0.5487941018021698
2620,19d93db92ab5bcc09,True,,,,,,,,,,1.0,1.0,1.0,1.0,0.16469397700999072,1.0,1.0,1.0,0.0,0.613966867815622
2621,6407b45b597b1c340,True,,,,,,,,,,1.0,1.0,1.0,1.0,1.0,1.0,0.0,1.0,0.0,0.75
2622,51a40ab9f271c6454,True,,,,,,,,,,1.0,1.0,1.0,1.0,0.13469949779368484,1.0,0.0,1.0,0.0,0.4795935930605265
2623,045c91494e0548007,True,,,,,,,,,,1.0,1.0,1.0,1.0,0.1652324120282752,1.0,0.0,1.0,0.0,0.489135128758836
2624,3d45468e32f443cff,True,,,,,,,,,,1.0,1.0,1.0,1.0,0.18245697270389852,1.0,1.0,0.0,0.0,0.4945178039699683
2625,9c47bf4ba9db25f5d,True,,,,,,,,,,1.0,1.0,1.0,1.0,1.0,1.0,1.0,1.0,1.0,1.0
2626,128cb2527d3987e61,True,,,,,,,,,,1.0,1.0,1.0,1.0,0.0672260582272472,1.0,0.0,1.0,1.0,0.5835081431960147
2627,dd51833cafb701a23,True,,,,,,,,,,1.0,1.0,1.0,1.0,0.1950184605419201,1.0,0.0,0.0,0.0,0.37344326891935004
2628,ddeb5e032c4e1657a,True,,,,,,,,,,1.0,1.0,1.0,1.0,0.14979268982711222,1.0,1.0,1.0,0.0,0.6093102155709726
2629,22e6f3013edf76fa7,True,,,,,,,,,,1.0,1.0,1.0,1.0,0.04052498432974589,1.0,1.0,1.0,1.0,0.7001640576030456
2630,83643b4c5add93044,True,,,,,,,,,,1.0,1.0,1.0,1.0,0.24122066401901923,1.0,1.0,1.0,0.0,0.6378814575059435
2631,dd5013a89e336b685,True,,,,,,,,,,1.0,0.0,1.0,1.0,1.0,1.0,0.0,1.0,0.0,0.0
2632,ff95aff7630205c1a,True,,,,,,,,,,1.0,1.0,1.0,1.0,0.3095329617383154,1.0,0.0,0.0,0.0,0.40922905054322356
2633,2028b4dbdc9149a19,True,,,,,,,,,,1.0,1.0,1.0,1.0,0.16238624857870818,1.0,1.0,1.0,0.0,0.6132457026808463
2634,4e0c450f15f308dcf,True,,,,,,,,,,1.0,1.0,1.0,1.0,0.15659679788919964,1.0,1.0,1.0,0.0,0.6114364993403749
2635,c7c091e891a6bdac2,True,,,,,,,,,,1.0,1.0,1.0,1.0,0.2565203352331338,1.0,0.0,0.0,0.0,0.3926626047603543
2636,0030f1747a12c4a8d,True,,,,,,,,,,1.0,1.0,1.0,1.0,0.0,1.0,0.0,1.0,1.0,0.5625
2637,f229cb59e31bbd82f,True,,,,,,,,,,1.0,1.0,1.0,1.0,0.3897868960460918,1.0,0.0,1.0,0.0,0.5593084050144037
2638,6565c4983e9b3670b,True,,,,,,,,,,1.0,1.0,1.0,1.0,0.18712958744396982,1.0,0.0,1.0,0.0,0.49597799607624055
2639,a75b9fbb36886afaf,True,,,,,,,,,,1.0,1.0,0.0,1.0,1.0,1.0,0.0,0.0,0.0,0.0
2640,595a7bb76f59c677e,True,,,,,,,,,,1.0,1.0,1.0,1.0,0.11824930279184624,1.0,1.0,1.0,0.0,0.5994529071224519
2641,0d70fefa06711301c,True,,,,,,,,,,1.0,1.0,1.0,1.0,0.19494675534278633,1.0,1.0,1.0,0.0,0.6234208610446208
2642,2ae5b4d91dcfac803,True,,,,,,,,,,0.0,1.0,1.0,1.0,1.0,0.0,1.0,0.0,0.0,0.0
2643,6d611ec100d73e0e6,True,,,,,,,,,,1.0,1.0,0.5,1.0,0.4388002371679117,1.0,0.0,1.0,0.0,0.2873125370574862
2644,91e2e5e740db004ce,True,,,,,,,,,,1.0,1.0,1.0,1.0,0.34602464691454426,1.0,0.0,0.0,0.0,0.42063270216079507
2645,13a793ea62b767a28,True,,,,,,,,,,1.0,1.0,1.0,1.0,0.20936051885422163,1.0,0.0,0.0,0.0,0.37792516214194427
2646,739eb54d88f3b3d35,True,,,,,,,,,,1.0,1.0,1.0,1.0,0.15804125282003617,1.0,0.0,1.0,0.0,0.4868878915062613
2647,fec4e607d84e38636,True,,,,,,,,,,1.0,1.0,1.0,1.0,0.46847811619876173,1.0,0.0,1.0,0.0,0.583899411312113
2648,d5c1ffdf7189b229c,True,,,,,,,,,,1.0,0.0,1.0,1.0,1.0,1.0,0.0,0.0,0.0,0.0
2649,2114731f5f6cae12c,True,,,,,,,,,,1.0,1.0,1.0,1.0,0.24359906210731794,1.0,0.0,1.0,0.0,0.5136247069085369
2650,4fb5655af73387ef8,True,,,,,,,,,,1.0,0.0,0.5,1.0,0.8051772356142504,1.0,0.0,0.0,0.0,0.0
2651,c1b8b4454bc0a112c,True,,,,,,,,,,1.0,1.0,1.0,1.0,0.2933840012707718,1.0,1.0,1.0,1.0,0.7791825003971162
2652,f77bd4f74cbf5fa01,True,,,,,,,,,,1.0,1.0,1.0,1.0,0.23799453770551418,1.0,1.0,1.0,0.0,0.6368732930329732
2653,cb517587f4a1e3711,True,,,,,,,,,,1.0,1.0,1.0,1.0,0.3274478398384365,1.0,1.0,1.0,0.0,0.6648274499495114
2654,e147b31afd8a5c390,True,,,,,,,,,,1.0,1.0,1.0,0.0,1.0,1.0,1.0,0.0,0.0,0.0
2655,3c9fb934bb7f40998,True,,,,,,,,,,1.0,1.0,1.0,1.0,0.33332179480678786,1.0,0.0,1.0,0.0,0.5416630608771212
2656,ead470fc76d3720d5,True,,,,,,,,,,1.0,1.0,1.0,1.0,0.030618893134364337,1.0,1.0,1.0,1.0,0.6970684041044888
2657,168a27b36c1bcf538,True,,,,,,,,,,1.0,1.0,0.5,1.0,0.3552154937019505,1.0,0.0,0.0,0.0,0.21175242089092977
2658,10446a2ec2be065e7,True,,,,,,,,,,1.0,1.0,1.0,1.0,0.25598750806038034,1.0,0.0,0.0,0.0,0.39249609626886883
2659,da02d1fbeb2cec70a,True,,,,,,,,,,0.0,0.0,0.0,1.0,1.0,0.0,0.0,0.0,0.0,0.0
2660,03edf6df45ef3dc2c,True,,,,,,,,,,1.0,1.0,1.0,1.0,0.47707765574591854,1.0,0.0,0.0,0.0,0.46158676742059956
2661,c99ebd2dc27c56b12,True,,,,,,,,,,1.0,1.0,1.0,1.0,1.0,1.0,0.0,0.0,0.0,0.625
2662,8f6e1b2f271bab9a1,True,,,,,,,,,,1.0,1.0,1.0,1.0,0.0,1.0,0.0,1.0,0.0,0.4375
2663,a810d97362a0219ed,True,,,,,,,,,,1.0,1.0,1.0,1.0,0.18776184538495846,1.0,1.0,0.0,0.0,0.49617557668279955
2664,506d9cb85442a6577,True,,,,,,,,,,1.0,1.0,1.0,1.0,0.1452434793351899,1.0,0.0,1.0,0.0,0.4828885872922468
2665,fd3bc1efc24f56212,True,,,,,,,,,,1.0,1.0,1.0,1.0,0.022452710686733157,1.0,1.0,1.0,1.0,0.6945164720896041
2666,ed81a447f9a55d06c,True,,,,,,,,,,1.0,1.0,1.0,1.0,1.0,1.0,1.0,1.0,1.0,1.0
2667,b7f82c0f75ba493fc,True,,,,,,,,,,1.0,1.0,1.0,1.0,0.10895469072472558,1.0,1.0,1.0,0.0,0.5965483408514767
2668,f9f0618a87c59174c,True,,,,,,,,,,1.0,1.0,1.0,1.0,0.034616029917909324,1.0,1.0,1.0,1.0,0.6983175093493467
2669,a299bacf7699bbf82,True,,,,,,,,,,1.0,1.0,1.0,1.0,0.1410900052080246,1.0,1.0,1.0,0.0,0.6065906266275076
2670,3b0bf9ca3855b2e20,True,,,,,,,,,,1.0,1.0,1.0,1.0,0.04866710803019067,1.0,1.0,1.0,1.0,0.7027084712594346
2671,812c204d59813e5fb,True,,,,,,,,,,1.0,1.0,1.0,1.0,0.036491754098237156,1.0,1.0,1.0,1.0,0.6989036731556991
2672,0908976a3d8f0a196,True,,,,,,,,,,1.0,1.0,1.0,1.0,0.15042675416230372,1.0,1.0,1.0,0.0,0.6095083606757199
2673,a99e7bb23533b8fee,True,,,,,,,,,,1.0,1.0,1.0,1.0,0.19570509797681973,1.0,1.0,0.0,0.0,0.4986578431177562
2674,879334719374ec947,True,,,,,,,,,,1.0,1.0,1.0,1.0,0.16387540182800694,1.0,1.0,1.0,0.0,0.6137110630712521
2675,1559b4629f70930e4,True,,,,,,,,,,1.0,1.0,1.0,1.0,0.14745857589255904,1.0,1.0,1.0,0.0,0.6085808049664247
2676,94dbe6cad76160ef1,True,,,,,,,,,,1.0,1.0,1.0,1.0,1.0,1.0,1.0,1.0,0.0,0.875
2677,8257b0ad7e1b11a15,True,,,,,,,,,,1.0,1.0,1.0,1.0,0.2177388293078234,1.0,1.0,0.0,0.0,0.5055433841586948
2678,2532060dd97ed7c45,True,,,,,,,,,,1.0,1.0,1.0,1.0,0.1734710508537744,1.0,0.0,0.0,0.0,0.36670970339180453
2679,a018170a118dc39bc,True,,,,,,,,,,1.0,1.0,1.0,1.0,0.1454542933690735,1.0,0.0,1.0,0.0,0.4829544666778355
2680,350cac7c1e8fc966a,True,,,,,,,,,,1.0,1.0,1.0,1.0,1.0,1.0,1.0,1.0,1.0,1.0
2681,de5c3636623914b49,True,,,,,,,,,,1.0,1.0,0.5,1.0,0.9901407025874359,1.0,0.0,0.0,0.0,0.31095948477928687
2682,6561872854225db74,True,,,,,,,,,,1.0,1.0,1.0,1.0,0.297573021002612,1.0,1.0,0.0,0.0,0.5304915690633163
2683,6dfd14bd1bef71d80,True,,,,,,,,,,1.0,0.0,1.0,1.0,0.22020438981103302,1.0,0.0,0.0,0.0,0.0
2684,c8a0832c8f737ce92,True,,,,,,,,,,1.0,1.0,1.0,1.0,0.2440819088514484,1.0,1.0,0.0,0.0,0.5137755965160776
2685,9b164e112834437ea,True,,,,,,,,,,1.0,1.0,1.0,1.0,0.03207689048165383,1.0,0.0,1.0,1.0,0.5725240282755168
2686,4a421aa61a3bbad1d,True,,,,,,,,,,1.0,1.0,1.0,1.0,0.26891947914576997,1.0,1.0,0.0,0.0,0.5215373372330532
2687,030c19894cf38bd4f,True,,,,,,,,,,1.0,1.0,1.0,1.0,1.0,1.0,1.0,1.0,1.0,1.0
2688,0802cacabc6a28d18,True,,,,,,,,,,1.0,1.0,1.0,1.0,0.19048514512557113,1.0,0.0,1.0,0.0,0.49702660785174096
2689,964d3400667ae187f,True,,,,,,,,,,1.0,1.0,1.0,1.0,0.13546829111636374,1.0,1.0,1.0,0.0,0.6048338409738636
2690,41605b0da6ca7fa55,True,,,,,,,,,,1.0,1.0,1.0,1.0,0.21366277075125067,1.0,0.0,0.0,0.0,0.3792696158597658
2691,6f4a5b483a72cf990,True,,,,,,,,,,1.0,1.0,1.0,1.0,1.0,1.0,1.0,1.0,0.0,0.875
2692,4af67dc39e7984c17,True,,,,,,,,,,1.0,1.0,1.0,1.0,0.17485522829291344,1.0,0.0,1.0,0.0,0.49214225884153545
2693,f94bdc2e7d5bba8a9,True,,,,,,,,,,1.0,1.0,1.0,1.0,0.1570221438970188,1.0,1.0,1.0,0.0,0.6115694199678183
2694,bbfd9bdc997348cff,True,,,,,,,,,,1.0,1.0,1.0,1.0,0.13952807080197546,1.0,1.0,1.0,0.0,0.6061025221256173
2695,09abf15b5898e308b,True,,,,,,,,,,1.0,1.0,0.0,1.0,1.0,1.0,0.0,0.0,0.0,0.0
2696,aede15abec43ca21b,True,,,,,,,,,,1.0,0.0,1.0,1.0,1.0,1.0,0.0,1.0,0.0,0.0
2697,e8a42b314c0d6f88e,True,,,,,,,,,,1.0,1.0,1.0,1.0,0.3673821205233501,1.0,0.0,1.0,0.0,0.5523069126635469
2698,d5638ab82149e235f,True,,,,,,,,,,1.0,1.0,1.0,1.0,0.12717373537426374,1.0,1.0,1.0,0.0,0.6022417923044574
2699,3e0e15540dab7a9e5,True,,,,,,,,,,1.0,0.0,1.0,1.0,0.21695187454958587,1.0,0.0,1.0,0.0,0.0
2700,d6ae7a1180d77eafb,True,,,,,,,,,,1.0,1.0,1.0,1.0,0.16674895658708624,1.0,1.0,1.0,0.0,0.6146090489334645
2701,e11c0271d9082ef0a,True,,,,,,,,,,1.0,1.0,1.0,1.0,0.23369754748009539,1.0,0.0,0.0,0.0,0.38553048358752984
2702,a03596d2557544d9f,True,,,,,,,,,,1.0,0.0,1.0,1.0,1.0,1.0,1.0,1.0,0.0,0.0
2703,cea842f2d5b0ad72d,True,,,,,,,,,,1.0,1.0,1.0,1.0,0.14283535734948724,1.0,1.0,1.0,0.0,0.6071360491717148
2704,0a1cec4bdc1f7ba66,True,,,,,,,,,,1.0,1.0,1.0,1.0,0.3174364277724643,1.0,0.0,0.0,0.0,0.41169888367889507
2705,386d0b1a688b012fa,True,,,,,,,,,,1.0,1.0,0.5,1.0,0.211589577953225,1.0,0.0,1.0,0.0,0.25181087155519144
2706,8caf8f0fb08aa9aa2,True,,,,,,,,,,1.0,1.0,1.0,1.0,0.15729676635685388,1.0,0.0,1.0,1.0,0.6116552394865169
2707,5bd3f77bfdb480b75,True,,,,,,,,,,1.0,1.0,1.0,1.0,0.32729526722276336,1.0,1.0,0.0,0.0,0.5397797710071135
2708,1a2a9699acac9d639,True,,,,,,,,,,1.0,0.0,1.0,1.0,0.2237866184935157,1.0,0.0,0.0,0.0,0.0
2709,66f77d65755a1c784,True,,,,,,,,,,1.0,0.0,1.0,1.0,0.11846149230253691,1.0,1.0,1.0,0.0,0.0
2710,24a39936d6d41ac30,True,,,,,,,,,,1.0,1.0,0.5,1.0,0.8517667480057143,1.0,0.0,1.0,0.0,0.35183855437589284
2711,cd7e663897f923d92,True,,,,,,,,,,1.0,1.0,1.0,1.0,0.20391257955542647,1.0,0.0,0.0,0.0,0.37622268111107077
2712,a69e816127208136c,True,,,,,,,,,,1.0,1.0,1.0,1.0,0.19780043461487604,1.0,0.0,1.0,0.0,0.49931263581714874
2713,ba31453558099b11f,True,,,,,,,,,,1.0,1.0,1.0,1.0,0.13968807556879437,1.0,1.0,1.0,0.0,0.6061525236152483
2714,378f516a635bd9169,True,,,,,,,,,,1.0,1.0,1.0,1.0,1.0,1.0,1.0,1.0,0.0,0.875
2715,b22a9c0ef981d4004,True,,,,,,,,,,1.0,1.0,1.0,1.0,0.0014984936979743416,1.0,1.0,1.0,1.0,0.687968279280617
2716,6cb50088281513418,True,,,,,,,,,,1.0,1.0,1.0,1.0,0.12649245999205586,1.0,1.0,1.0,0.0,0.6020288937475174
2717,5f9c9346ee3131354,True,,,,,,,,,,1.0,1.0,1.0,1.0,0.5970129084034285,1.0,0.0,0.0,0.0,0.49906653387607136
2718,e91ac9ef742425106,True,,,,,,,,,,1.0,1.0,1.0,1.0,0.19530052835945808,1.0,1.0,0.0,0.0,0.4985314151123307
2719,e04480093a92a2fc2,True,,,,,,,,,,1.0,1.0,0.5,1.0,0.24027527635405743,1.0,0.0,0.0,0.0,0.19379301193032147
2720,fbce95baf9103a2ff,True,,,,,,,,,,1.0,0.0,0.0,1.0,1.0,1.0,0.0,0.0,0.0,0.0
2721,bef08816de1b95125,True,,,,,,,,,,1.0,1.0,0.5,1.0,0.4251132298073136,1.0,0.0,0.0,0.0,0.22267394215739275
2722,abe4fa3284d5d8e53,True,,,,,,,,,,1.0,1.0,1.0,1.0,0.11694921137966603,1.0,1.0,1.0,1.0,0.7240466285561457
2723,a863c3cc5f754b2b4,True,,,,,,,,,,1.0,1.0,1.0,1.0,0.19736446962784351,1.0,1.0,0.0,0.0,0.49917639675870107
2724,9105cbfa672b3e348,True,,,,,,,,,,1.0,1.0,1.0,1.0,1.0,1.0,0.0,1.0,0.0,0.75
2725,d48e40aefebe5e31f,True,,,,,,,,,,1.0,1.0,1.0,1.0,0.1871740612953102,1.0,1.0,1.0,0.0,0.6209918941547845
2726,e131606576698bb6b,True,,,,,,,,,,1.0,1.0,1.0,1.0,0.44979896693417293,1.0,1.0,0.0,0.0,0.578062177166929
2727,520f935b586e7b731,True,,,,,,,,,,1.0,1.0,1.0,1.0,0.0,1.0,0.0,1.0,1.0,0.5625
2728,6c853ea6e6c4a2a77,True,,,,,,,,,,1.0,1.0,0.5,1.0,0.8325619019033808,1.0,0.0,1.0,0.0,0.34883779717240326
2729,0b2a954e62c86d95c,True,,,,,,,,,,1.0,1.0,1.0,1.0,0.0,1.0,1.0,1.0,1.0,0.6875
2730,3f9281303565d8313,True,,,,,,,,,,1.0,0.0,1.0,1.0,0.2433894836870141,1.0,0.0,0.0,0.0,0.0
2731,07c7971b452106335,True,,,,,,,,,,1.0,1.0,1.0,1.0,0.0,1.0,1.0,1.0,1.0,0.6875
2732,b68edb5514fba0f3e,True,,,,,,,,,,1.0,1.0,1.0,1.0,0.10248799497275227,1.0,1.0,1.0,0.0,0.5945274984289851
2733,1bd8d67289c963a19,True,,,,,,,,,,1.0,1.0,1.0,1.0,0.29184468719417467,1.0,0.0,0.0,0.0,0.4037014647481796
2734,8fb004759e2d805f0,True,,,,,,,,,,1.0,0.0,1.0,1.0,1.0,1.0,1.0,0.0,0.0,0.0
2735,28b439620873c91b9,True,,,,,,,,,,1.0,1.0,1.0,1.0,0.09513208435134662,1.0,1.0,1.0,1.0,0.7172287763597958
2736,bc9c6d13fa066c8ed,True,,,,,,,,,,1.0,1.0,1.0,1.0,0.2656209836803698,1.0,0.0,0.0,0.0,0.39550655740011553
2737,81da68a500fb17473,True,,,,,,,,,,1.0,1.0,1.0,1.0,0.0036164546426244557,1.0,0.0,1.0,1.0,0.5636301420758201
2738,bd60a921930373e9e,True,,,,,,,,,,0.5,0.0,1.0,1.0,0.246600838707291,0.0,0.0,0.0,0.0,0.0
2739,1738de90a4b9b6de0,True,,,,,,,,,,1.0,1.0,1.0,1.0,0.26503583092676797,1.0,1.0,0.0,0.0,0.520323697164615
2740,df73f150c23f6aeec,True,,,,,,,,,,1.0,0.0,0.0,1.0,1.0,1.0,0.0,0.0,0.0,0.0
2741,073a5d3c4224d9aa8,True,,,,,,,,,,0.0,1.0,1.0,1.0,1.0,0.0,0.0,1.0,0.0,0.0
2742,c675e95ff07987458,True,,,,,,,,,,1.0,1.0,1.0,1.0,0.2733631748837844,1.0,0.0,1.0,0.0,0.5229259921511826
2743,4c74c0df8c74b80db,True,,,,,,,,,,1.0,0.0,1.0,1.0,1.0,1.0,0.0,1.0,0.0,0.0
2744,b6d9feff81539b7b7,True,,,,,,,,,,1.0,1.0,0.5,1.0,1.0,1.0,0.0,0.0,0.0,0.3125
2745,6ae4df7fe6f3147d2,True,,,,,,,,,,1.0,1.0,1.0,1.0,0.19287639048395328,1.0,0.0,1.0,0.0,0.4977738720262354
2746,4619287f3174b7b19,True,,,,,,,,,,1.0,1.0,1.0,1.0,1.0,1.0,1.0,0.0,0.0,0.75
2747,891da533fb5685c31,True,,,,,,,,,,1.0,0.0,0.5,1.0,0.7791247798289761,1.0,0.0,0.0,0.0,0.0
2748,7f2c914bf8b40c7b7,True,,,,,,,,,,1.0,1.0,1.0,1.0,0.13396194154101096,1.0,1.0,1.0,0.0,0.6043631067315659
2749,c0e8d70495bec7921,True,,,,,,,,,,0.0,0.0,1.0,1.0,0.4676099301450336,0.0,0.0,0.0,0.0,0.0
2750,b6ff83d0cafd7c12e,True,,,,,,,,,,1.0,1.0,1.0,1.0,0.16799889608023116,1.0,0.0,0.0,0.0,0.36499965502507226
2751,367a9fdb29038c66e,True,,,,,,,,,,1.0,1.0,1.0,1.0,0.07900399169255168,1.0,1.0,1.0,1.0,0.7121887474039224
2752,152d958486f2526ce,True,,,,,,,,,,1.0,1.0,0.5,1.0,0.2197437590707836,1.0,0.0,0.0,0.0,0.19058496235480993
2753,1300580f22bac5f4c,True,,,,,,,,,,1.0,1.0,1.0,1.0,0.0012289157621681846,1.0,0.0,1.0,1.0,0.5628840361756775
2754,ae09f26f3f98c0e0e,True,,,,,,,,,,1.0,1.0,1.0,1.0,0.29914556332004666,1.0,1.0,0.0,0.0,0.5309829885375146
2755,a779cf32b55be3c41,True,,,,,,,,,,1.0,1.0,1.0,1.0,0.18311043686361944,1.0,1.0,1.0,1.0,0.744722011519881
2756,32f2437326c9e81b2,True,,,,,,,,,,1.0,1.0,1.0,1.0,1.0,1.0,0.0,1.0,1.0,0.875
2757,8c15ca99bf75d7dbe,True,,,,,,,,,,1.0,1.0,1.0,1.0,0.22669089501598316,1.0,0.0,0.0,0.0,0.3833409046924947
2758,64176216fb79bf46c,True,,,,,,,,,,1.0,1.0,1.0,1.0,0.1697105172409389,1.0,0.0,1.0,0.0,0.4905345366377934
2759,d0aa7f48f651d0e51,True,,,,,,,,,,1.0,1.0,1.0,1.0,0.3111732528317803,1.0,1.0,1.0,0.0,0.6597416415099313
2760,3d0fbd6a6fbde5f86,True,,,,,,,,,,1.0,0.0,1.0,1.0,1.0,1.0,0.0,1.0,0.0,0.0
2761,3d03bade5b2a834b7,True,,,,,,,,,,1.0,1.0,1.0,1.0,0.23743663242404683,1.0,0.0,0.0,0.0,0.38669894763251467
2762,b64ff461b41b49e3c,True,,,,,,,,,,1.0,1.0,1.0,1.0,0.16363737373848072,1.0,0.0,1.0,0.0,0.48863667929327526
2763,49243c381a0bed43b,True,,,,,,,,,,1.0,1.0,1.0,1.0,0.0,1.0,1.0,1.0,1.0,0.6875
2764,b3c7672d677c644c7,True,,,,,,,,,,1.0,1.0,1.0,1.0,0.17269062982804811,1.0,1.0,1.0,0.0,0.6164658218212651
2765,bd2169898173c44cb,True,,,,,,,,,,0.5,0.0,1.0,1.0,1.0,0.0,1.0,1.0,0.0,0.0
2766,0584fafb0cb401aaf,True,,,,,,,,,,1.0,1.0,1.0,1.0,0.22552493957800282,1.0,1.0,1.0,0.0,0.6329765436181258
2767,34f398e3cb7f66124,True,,,,,,,,,,1.0,1.0,1.0,1.0,0.22922547951612252,1.0,1.0,1.0,0.0,0.6341329623487884
2768,b3c45b51a36a0ed65,True,,,,,,,,,,1.0,1.0,1.0,1.0,0.19617747782066947,1.0,1.0,0.0,0.0,0.49880546181895924
2769,c4bc5e76f15b2b430,True,,,,,,,,,,1.0,1.0,1.0,1.0,0.15558561422836872,1.0,1.0,1.0,0.0,0.6111205044463652
2770,7681847aa2ebf24e0,True,,,,,,,,,,1.0,0.0,1.0,1.0,1.0,1.0,0.0,1.0,0.0,0.0
2771,a5bcd5a0e9f79cee3,True,,,,,,,,,,1.0,1.0,1.0,1.0,1.0,1.0,1.0,1.0,0.0,0.875
2772,3c7f6147a0608469d,True,,,,,,,,,,1.0,1.0,1.0,1.0,1.0,1.0,1.0,1.0,0.0,0.875
2773,c77d4472e1ca73bd3,True,,,,,,,,,,1.0,1.0,1.0,1.0,1.0,1.0,0.0,0.0,0.0,0.625
2774,ee1505d57883cfc9f,True,,,,,,,,,,1.0,1.0,1.0,1.0,0.18075812189793883,1.0,0.0,1.0,0.0,0.4939869130931059
2775,167e9515df0f9719a,True,,,,,,,,,,1.0,1.0,1.0,1.0,0.18405093518932314,1.0,0.0,1.0,0.0,0.4950159172466635
2776,1bb0ace72a38d2201,True,,,,,,,,,,1.0,1.0,1.0,1.0,0.0,1.0,1.0,1.0,1.0,0.6875
2777,94a40142f4cb7e391,True,,,,,,,,,,1.0,1.0,1.0,1.0,0.2528311643614373,1.0,0.0,1.0,0.0,0.5165097388629492
2778,aaf5db378e5bb4caa,True,,,,,,,,,,1.0,1.0,1.0,1.0,0.3248003288242607,1.0,0.0,1.0,0.0,0.5390001027575815
2779,ae42ff25d7ab0442f,True,,,,,,,,,,1.0,1.0,1.0,1.0,0.11690891994237441,1.0,0.0,1.0,0.0,0.474034037481992
2780,99dd1518526c46b6e,True,,,,,,,,,,1.0,1.0,1.0,1.0,0.21336737592085608,1.0,0.0,0.0,0.0,0.3791773049752675
2781,535b410078f9658ee,True,,,,,,,,,,1.0,0.0,1.0,1.0,0.2965886686443727,1.0,0.0,0.0,0.0,0.0
2782,973dc194fd0092c5d,True,,,,,,,,,,1.0,1.0,1.0,1.0,0.38988434118808124,1.0,0.0,1.0,0.0,0.5593388566212754
2783,bba1435e11b43591b,True,,,,,,,,,,1.0,1.0,1.0,1.0,0.2046348561941157,1.0,1.0,1.0,0.0,0.6264483925606612
2784,90d6b6889f35e691d,True,,,,,,,,,,1.0,1.0,1.0,1.0,0.22796241710173137,1.0,0.0,0.0,0.0,0.38373825534429107
2785,7fe948a38f3a767fe,True,,,,,,,,,,1.0,1.0,1.0,1.0,0.06721258833095856,1.0,0.0,1.0,1.0,0.5835039338534245
2786,1e345865d056e4812,True,,,,,,,,,,1.0,1.0,1.0,1.0,0.2265791719229929,1.0,0.0,0.0,0.0,0.3833059912259353
2787,1b82ae87e58cbab28,True,,,,,,,,,,1.0,1.0,0.5,1.0,0.403003711869598,1.0,0.0,0.0,0.0,0.21921932997962468
2788,ef4057d8e3d8a089e,True,,,,,,,,,,1.0,1.0,0.5,1.0,0.4858154390170011,1.0,0.0,1.0,0.0,0.2946586623464064
2789,0a5f73f132223809d,True,,,,,,,,,,1.0,1.0,1.0,1.0,0.3310770749300703,1.0,0.0,1.0,0.0,0.5409615859156469
2790,9e5efb38c692a4895,True,,,,,,,,,,1.0,1.0,1.0,1.0,0.14549622347786662,1.0,1.0,1.0,0.0,0.6079675698368333
2791,735bf126af1875fe2,True,,,,,,,,,,0.0,1.0,1.0,1.0,1.0,0.0,0.0,1.0,0.0,0.0
2792,1cdb5f8486a6e3a2b,True,,,,,,,,,,1.0,1.0,1.0,1.0,0.28331736130196483,1.0,1.0,1.0,0.0,0.6510366754068639
2793,325c79bfe38fe6e9a,True,,,,,,,,,,1.0,1.0,1.0,1.0,0.07388437171625047,1.0,1.0,1.0,1.0,0.7105888661613282
2794,406c46b5527457915,True,,,,,,,,,,1.0,1.0,1.0,1.0,0.3012491042492196,1.0,0.0,1.0,0.0,0.531640345077881
2795,7e241b2390105cdb3,True,,,,,,,,,,1.0,1.0,1.0,1.0,0.1727894070162978,1.0,0.0,1.0,0.0,0.4914966896925931
2796,b3ef71b2c228693bd,True,,,,,,,,,,1.0,1.0,1.0,1.0,0.2681240916201032,1.0,0.0,0.0,0.0,0.39628877863128226
2797,7e15600681ad3a48a,True,,,,,,,,,,1.0,1.0,1.0,1.0,0.22600042216951352,1.0,0.0,0.0,0.0,0.383125131927973
2798,904fec4de373b84b3,True,,,,,,,,,,1.0,1.0,1.0,1.0,0.0,1.0,0.0,1.0,1.0,0.5625
2799,7fb39ce347c2b9486,True,,,,,,,,,,1.0,1.0,1.0,1.0,0.31266453295498686,1.0,0.0,0.0,0.0,0.4102076665484334
2800,76385bcb475cc16b8,True,,,,,,,,,,1.0,1.0,1.0,1.0,0.4022123953750439,1.0,0.0,0.0,0.0,0.4381913735547012
2801,d6e3a8fc354d62753,True,,,,,,,,,,0.0,1.0,1.0,1.0,1.0,0.0,0.0,1.0,0.0,0.0
2802,b89f8f1400c121a0e,True,,,,,,,,,,1.0,1.0,1.0,1.0,1.0,1.0,1.0,1.0,1.0,1.0
2803,11faa3428ed91e426,True,,,,,,,,,,1.0,1.0,0.5,1.0,0.9711832961157834,1.0,0.0,1.0,0.0,0.3704973900180911
2804,53435e78f75ede28c,True,,,,,,,,,,1.0,0.0,1.0,1.0,0.28107200828635437,1.0,1.0,1.0,0.0,0.0
2805,51539f7b502dc9ffd,True,,,,,,,,,,1.0,1.0,1.0,1.0,0.44048001633329703,1.0,1.0,1.0,0.0,0.7001500051041554
2806,8f284d670d5b623bf,True,,,,,,,,,,1.0,1.0,1.0,1.0,0.11376787823059302,1.0,1.0,1.0,0.0,0.5980524619470603
2807,731d0bae35b763cde,True,,,,,,,,,,1.0,0.0,1.0,1.0,0.14710422324800357,1.0,0.0,1.0,0.0,0.0
2808,d64a870652e64162c,True,,,,,,,,,,1.0,1.0,1.0,1.0,0.17822236823069643,1.0,0.0,1.0,0.0,0.49319449007209265
2809,07d57ac58a266170f,True,,,,,,,,,,1.0,1.0,1.0,1.0,0.14435201541081238,1.0,0.0,1.0,0.0,0.4826100048158789
2810,0fe2cf2ea452fd529,True,,,,,,,,,,1.0,0.0,1.0,1.0,1.0,1.0,1.0,1.0,0.0,0.0
2811,0225e9a16d781eb96,True,,,,,,,,,,1.0,1.0,1.0,1.0,0.568497233177506,1.0,1.0,0.0,0.0,0.6151553853679707
2812,1be8c9376ad3e1e99,True,,,,,,,,,,1.0,0.0,1.0,1.0,0.2994398735623665,1.0,0.0,0.0,0.0,0.0
2813,72f8e30d5fbc3839a,True,,,,,,,,,,1.0,0.0,1.0,1.0,1.0,1.0,0.0,1.0,1.0,0.0
2814,4ccd60de6eb6c50c6,True,,,,,,,,,,1.0,1.0,0.5,1.0,0.4878531686012265,1.0,0.0,0.0,0.0,0.23247705759394166
2815,ac16065f66685feff,True,,,,,,,,,,1.0,1.0,1.0,1.0,0.18126621027450937,0.0,1.0,1.0,0.0,0.3066456907107842
2816,db738e711b7d7a1c7,True,,,,,,,,,,1.0,1.0,1.0,1.0,0.0,1.0,1.0,1.0,1.0,0.6875
2817,4929156d96635caed,True,,,,,,,,,,1.0,1.0,1.0,1.0,0.13769204912208452,1.0,0.0,1.0,0.0,0.4805287653506514
2818,bafac7b272b09ff2d,True,,,,,,,,,,1.0,1.0,1.0,1.0,0.0,1.0,1.0,1.0,1.0,0.6875
2819,d17adfd1c40c90f05,True,,,,,,,,,,1.0,1.0,1.0,1.0,0.21320390841195666,1.0,1.0,1.0,0.0,0.6291262213787365
2820,947f38ffbc0854bac,True,,,,,,,,,,1.0,1.0,1.0,1.0,1.0,1.0,1.0,1.0,0.0,0.875
2821,1bd74624249d94074,True,,,,,,,,,,0.5,0.0,1.0,1.0,1.0,0.0,1.0,1.0,0.0,0.0
2822,d38a1a28476d4851e,True,,,,,,,,,,1.0,1.0,1.0,1.0,0.4632231153110578,1.0,0.0,0.0,0.0,0.45725722353470555
2823,1562459800e0a5ba5,True,,,,,,,,,,1.0,1.0,1.0,1.0,0.19419984023118073,1.0,1.0,0.0,0.0,0.49818745007224396
2824,5e9e3c88e21f7a346,True,,,,,,,,,,1.0,0.0,1.0,1.0,1.0,1.0,0.0,0.0,0.0,0.0
2825,6f730ed4241558274,True,,,,,,,,,,1.0,1.0,0.5,1.0,0.8185082637805622,1.0,0.0,0.0,0.0,0.28414191621571283
2826,40e3b1336b570fbf6,True,,,,,,,,,,1.0,1.0,0.5,1.0,1.0,1.0,0.0,0.0,0.0,0.3125
2827,bb64b91f09ac1d235,True,,,,,,,,,,1.0,1.0,1.0,1.0,0.1990029525971421,1.0,1.0,1.0,0.0,0.624688422686607
2828,56528b515c3eb4ed5,True,,,,,,,,,,1.0,1.0,1.0,1.0,1.0,1.0,0.0,1.0,0.0,0.75
2829,d41d6a2f8fae47904,True,,,,,,,,,,1.0,1.0,1.0,1.0,0.06538282100192055,1.0,1.0,1.0,1.0,0.7079321315631002
2830,ee668b68ca31e7f56,True,,,,,,,,,,1.0,1.0,0.5,1.0,0.5799861051781102,1.0,0.0,0.0,0.0,0.24687282893407972
2831,77fcdd159de9fa48f,True,,,,,,,,,,1.0,1.0,1.0,1.0,0.048872754380990424,1.0,1.0,1.0,1.0,0.7027727357440595
2832,8732dc54a30ca7f80,True,,,,,,,,,,0.0,1.0,1.0,1.0,1.0,0.0,0.0,1.0,0.0,0.0
2833,f65b972c0bb906291,True,,,,,,,,,,1.0,1.0,1.0,1.0,0.27878782514514105,1.0,1.0,0.0,0.0,0.5246211953578566
2834,c91d6633fc0516a81,True,,,,,,,,,,1.0,1.0,1.0,1.0,0.0,1.0,1.0,1.0,1.0,0.6875
2835,b96ce0efca7101f74,True,,,,,,,,,,1.0,0.0,1.0,1.0,0.1388170911674198,1.0,0.0,1.0,1.0,0.0
2836,ece34bc681d6d755f,True,,,,,,,,,,1.0,1.0,1.0,1.0,0.18827271142091295,1.0,1.0,1.0,0.0,0.6213352223190354
2837,f3895fbfb8df71a43,True,,,,,,,,,,1.0,1.0,1.0,1.0,0.1290508894624797,1.0,1.0,1.0,0.0,0.6028284029570249
2838,b7b7adbd3d2126b3f,True,,,,,,,,,,1.0,1.0,1.0,1.0,0.0074705869975466,1.0,0.0,1.0,1.0,0.5648345584367334
2839,80800198aa496ffc8,True,,,,,,,,,,1.0,1.0,1.0,1.0,0.17919060344518953,1.0,0.0,0.0,0.0,0.3684970635766217
2840,1088e54d61d6c1c1a,True,,,,,,,,,,1.0,1.0,1.0,1.0,0.19468843430235339,1.0,0.0,1.0,1.0,0.6233401357194854
2841,88805cefd139114f5,True,,,,,,,,,,0.0,1.0,1.0,1.0,1.0,0.0,0.0,1.0,0.0,0.0
2842,d394c98f566e20aab,True,,,,,,,,,,1.0,1.0,1.0,1.0,0.23986496682387087,1.0,0.0,1.0,0.0,0.5124578021324596
2843,717d5edb3fb1f4726,True,,,,,,,,,,1.0,1.0,1.0,1.0,0.14489518395076537,1.0,0.0,1.0,1.0,0.6077797449846142
2844,9b71a67f61e5fffb3,True,,,,,,,,,,1.0,1.0,0.5,1.0,0.45949148325154227,1.0,0.0,1.0,0.0,0.29054554425805346
2845,b7161060a1ad34cc6,True,,,,,,,,,,1.0,0.0,1.0,1.0,1.0,1.0,0.0,0.0,0.0,0.0
2846,fb300036a09e3c31c,True,,,,,,,,,,1.0,0.0,1.0,1.0,1.0,1.0,0.0,1.0,0.0,0.0
2847,ffdfaf1a850a4f6c0,True,,,,,,,,,,1.0,1.0,1.0,1.0,0.5779006918099472,1.0,1.0,0.0,0.0,0.6180939661906085
2848,9d5c879308ff1f5b5,True,,,,,,,,,,1.0,1.0,1.0,1.0,0.20200939669294035,1.0,0.0,1.0,0.0,0.5006279364665438
2849,10dc3b2e0ce99941a,True,,,,,,,,,,1.0,1.0,1.0,1.0,1.0,1.0,1.0,1.0,0.0,0.875
2850,68e2d10ecbeed8111,True,,,,,,,,,,1.0,1.0,1.0,1.0,1.0,1.0,1.0,1.0,1.0,1.0
2851,d9a1e3491e140bd54,True,,,,,,,,,,1.0,1.0,1.0,1.0,0.1487463098295579,1.0,1.0,1.0,0.0,0.6089832218217368
2852,ccd1d26bd7d71f952,True,,,,,,,,,,1.0,1.0,1.0,1.0,0.0,1.0,1.0,1.0,1.0,0.6875
2853,47bbf73e6941376ea,True,,,,,,,,,,1.0,1.0,1.0,1.0,0.19908363574579796,1.0,1.0,0.0,0.0,0.49971363617056186
2854,0d51246322745f1a6,True,,,,,,,,,,1.0,1.0,1.0,1.0,0.19388134116870995,1.0,0.0,1.0,0.0,0.4980879191152219
2855,6c3a8a0290c8e05e9,True,,,,,,,,,,0.0,1.0,1.0,1.0,1.0,0.0,1.0,1.0,0.0,0.0
2856,9e3a4761b9b643940,True,,,,,,,,,,1.0,0.0,1.0,1.0,1.0,1.0,0.0,1.0,0.0,0.0
2857,4b4fe8d10a7defecd,True,,,,,,,,,,1.0,1.0,1.0,1.0,0.2105870423950357,1.0,1.0,1.0,0.0,0.6283084507484487
2858,09eb15786b4c45a6b,True,,,,,,,,,,1.0,1.0,1.0,1.0,0.21499691867625975,1.0,1.0,0.0,0.0,0.5046865370863312
2859,221c392b5c088f6ce,True,,,,,,,,,,0.0,1.0,1.0,1.0,1.0,0.0,0.0,1.0,1.0,0.0
2860,274217f22058c3a7c,True,,,,,,,,,,1.0,0.0,1.0,1.0,0.25989541445806663,1.0,1.0,0.0,0.0,0.0
2861,de5875c3da62d3850,True,,,,,,,,,,1.0,1.0,0.5,1.0,0.41052358463007826,1.0,0.0,1.0,0.0,0.28289431009844973
2862,a30c17989141062af,True,,,,,,,,,,1.0,1.0,1.0,1.0,1.0,1.0,0.0,1.0,0.0,0.75
2863,363ac46bc24e8db3b,True,,,,,,,,,,1.0,0.0,1.0,1.0,0.19491314624260023,1.0,1.0,0.0,0.0,0.0
2864,23406e65760566ef1,True,,,,,,,,,,1.0,1.0,1.0,1.0,0.13360854506294348,1.0,1.0,1.0,0.0,0.6042526703321698
2865,28203b9c4a54e7875,True,,,,,,,,,,1.0,1.0,1.0,1.0,1.0,1.0,0.0,1.0,0.0,0.75
2866,80d8583368d2573b4,True,,,,,,,,,,1.0,1.0,1.0,1.0,1.0,1.0,1.0,1.0,1.0,1.0
2867,e5b4f8a0ccdaf4e6e,True,,,,,,,,,,1.0,1.0,1.0,1.0,0.0,1.0,1.0,1.0,1.0,0.6875
2868,83daac46cb68fabb0,True,,,,,,,,,,1.0,1.0,1.0,1.0,0.14567679398038408,1.0,1.0,1.0,0.0,0.60802399811887
2869,5a4fe1d15e2ccbce1,True,,,,,,,,,,1.0,1.0,1.0,1.0,0.08840147480428559,1.0,1.0,1.0,0.0,0.5901254608763393
2870,781cb5a7c59f1d728,True,,,,,,,,,,1.0,0.0,1.0,1.0,1.0,1.0,0.0,1.0,0.0,0.0
2871,dbfdf8f55f68e448a,True,,,,,,,,,,0.0,1.0,1.0,1.0,1.0,0.0,1.0,1.0,0.0,0.0
2872,fda2ab172e994071b,True,,,,,,,,,,1.0,1.0,1.0,1.0,0.13557427910388606,1.0,1.0,1.0,0.0,0.6048669622199644
2873,058faf4c24ca33403,True,,,,,,,,,,1.0,1.0,1.0,1.0,0.066543939864418,1.0,1.0,1.0,1.0,0.7082949812076307
2874,444902bbbb7e82af9,True,,,,,,,,,,1.0,1.0,1.0,1.0,0.183472615156183,1.0,1.0,1.0,0.0,0.6198351922363072
2875,daf6c56e39384e309,True,,,,,,,,,,1.0,1.0,1.0,1.0,0.19861257614582706,1.0,0.0,0.0,0.0,0.37456643004557094
2876,2d4e4632841c3cf8e,True,,,,,,,,,,1.0,1.0,1.0,1.0,0.34197317880904327,1.0,0.0,0.0,0.0,0.419366618377826
2877,b42c321597e6726d4,True,,,,,,,,,,1.0,1.0,0.5,1.0,0.5069217459019996,1.0,0.0,1.0,0.0,0.29795652279718743
2878,12499ddd90200ea9f,True,,,,,,,,,,1.0,1.0,1.0,1.0,0.10547018731281557,1.0,1.0,1.0,0.0,0.5954594335352549
2879,6c4cdcc93a5b36c13,True,,,,,,,,,,1.0,1.0,1.0,1.0,0.19488175501426713,1.0,1.0,1.0,0.0,0.6234005484419585
2880,34c5a38a6aee37c97,True,,,,,,,,,,1.0,1.0,1.0,1.0,0.12520255777318118,1.0,1.0,1.0,0.0,0.6016257993041192
2881,0fd638d4d67935416,True,,,,,,,,,,0.0,1.0,1.0,1.0,1.0,0.0,1.0,0.0,0.0,0.0
2882,055b2b04eb387aadb,True,,,,,,,,,,1.0,0.0,1.0,1.0,1.0,1.0,0.0,1.0,0.0,0.0
2883,ce40746019045f374,True,,,,,,,,,,1.0,1.0,1.0,1.0,0.28267808107788733,1.0,0.0,0.0,0.0,0.4008369003368398
2884,c4aee2d09a8407408,True,,,,,,,,,,1.0,1.0,1.0,1.0,0.2171604533547696,1.0,1.0,0.0,0.0,0.5053626416733655
2885,41a150d2b1beead49,True,,,,,,,,,,1.0,1.0,1.0,1.0,0.2197738165156143,1.0,1.0,1.0,0.0,0.6311793176611294
2886,68f17e6223ed08ff9,True,,,,,,,,,,1.0,1.0,1.0,1.0,0.3149610064882497,1.0,0.0,1.0,0.0,0.535925314527578
2887,c58481114df532967,True,,,,,,,,,,1.0,1.0,1.0,1.0,0.29561183458340184,1.0,1.0,1.0,0.0,0.654878698307313
2888,a5cb0e8e1b25b4ad4,True,,,,,,,,,,1.0,1.0,1.0,1.0,0.014395813168284227,1.0,1.0,1.0,1.0,0.6919986916150889
2889,a0ab616e5270b617a,True,,,,,,,,,,1.0,1.0,1.0,1.0,0.23615874275857082,1.0,0.0,0.0,0.0,0.38629960711205336
2890,c55dc2e0f192c70a5,True,,,,,,,,,,1.0,1.0,1.0,1.0,0.20342405237382458,1.0,1.0,1.0,0.0,0.6260700163668202
2891,57108f72bba7b23f2,True,,,,,,,,,,1.0,1.0,0.0,1.0,1.0,1.0,0.0,0.0,0.0,0.0
2892,a563e26d3cb76d239,True,,,,,,,,,,1.0,1.0,1.0,1.0,0.1178485724140634,1.0,1.0,1.0,0.0,0.5993276788793949
2893,21ef36d866be6b411,True,,,,,,,,,,1.0,1.0,1.0,1.0,0.36645225110571433,1.0,0.0,1.0,0.0,0.5520163284705357
2894,c63fc1f399e5c5f1c,True,,,,,,,,,,1.0,1.0,1.0,1.0,0.05795102702802771,1.0,1.0,1.0,1.0,0.7056096959462587
2895,4e5f4494c8076cc5b,True,,,,,,,,,,1.0,1.0,1.0,1.0,0.2052015691368167,1.0,0.0,0.0,0.0,0.3766254903552552
2896,b589b9a8082420ee5,True,,,,,,,,,,1.0,1.0,1.0,1.0,0.3269661830205388,1.0,0.0,1.0,0.0,0.5396769321939183
2897,91df938553d5b89fb,True,,,,,,,,,,1.0,1.0,1.0,1.0,0.1422026856792244,1.0,0.0,1.0,0.0,0.4819383392747576
2898,bf64cc8fd71cdc3d8,True,,,,,,,,,,1.0,1.0,1.0,1.0,0.23076743639412992,1.0,0.0,0.0,0.0,0.3846148238731656
2899,fc8bd325b3da03b85,True,,,,,,,,,,1.0,1.0,1.0,1.0,0.2609994673578315,1.0,0.0,0.0,0.0,0.39406233354932235
2900,41dae4808025d25f5,True,,,,,,,,,,1.0,1.0,1.0,1.0,0.2197349513986804,1.0,0.0,0.0,0.0,0.38116717231208763
2901,4511ae351df046b69,True,,,,,,,,,,1.0,1.0,1.0,1.0,0.09026173446266018,1.0,1.0,1.0,1.0,0.7157067920195813
2902,9529e21b44cd57c29,True,,,,,,,,,,1.0,1.0,1.0,1.0,0.1534592652101049,1.0,1.0,0.0,0.0,0.48545602037815777
2903,3d20ef43bc694566a,True,,,,,,,,,,1.0,1.0,1.0,1.0,0.37404294007104016,1.0,0.0,1.0,0.0,0.5543884187722
2904,c13e406734b95eb11,True,,,,,,,,,,1.0,1.0,1.0,1.0,0.11065290494673959,1.0,1.0,1.0,1.0,0.7220790327958562
2905,1138b571e8fbaaad9,True,,,,,,,,,,1.0,1.0,1.0,1.0,0.08246642607106745,1.0,1.0,1.0,1.0,0.7132707581472086
2906,cd8fa74c681fa08d7,True,,,,,,,,,,1.0,1.0,1.0,1.0,0.2214689355645941,1.0,1.0,0.0,0.0,0.5067090423639357
2907,6280da1271d9fac21,True,,,,,,,,,,1.0,1.0,1.0,1.0,1.0,1.0,0.0,0.0,0.0,0.625
2908,d80a5ecfeec414cd1,True,,,,,,,,,,1.0,1.0,1.0,1.0,0.22919739901821037,1.0,1.0,0.0,0.0,0.5091241871931907
2909,c28452cccc45f49a1,True,,,,,,,,,,1.0,1.0,1.0,1.0,0.32318115811375236,1.0,0.0,1.0,0.0,0.5384941119105476
2910,679e3c52a1d70d447,True,,,,,,,,,,1.0,1.0,1.0,1.0,0.17728870786041398,1.0,1.0,0.0,0.0,0.49290272120637935
2911,0d20e006578be6327,True,,,,,,,,,,1.0,1.0,0.5,1.0,0.5913934003446831,1.0,0.0,1.0,0.0,0.31115521880385677
2912,b5dd0e82552c5ca8c,True,,,,,,,,,,1.0,1.0,1.0,1.0,0.15189932499372133,1.0,1.0,1.0,0.0,0.6099685390605379
2913,589cc001fa920c158,True,,,,,,,,,,1.0,1.0,0.5,1.0,1.0,0.0,0.0,1.0,0.0,0.21875
2914,114bae5e9b92e8933,True,,,,,,,,,,1.0,1.0,1.0,1.0,1.0,1.0,1.0,0.0,0.0,0.75
2915,19b9962d1050c08e3,True,,,,,,,,,,1.0,1.0,1.0,1.0,0.28602160849496355,1.0,1.0,1.0,0.0,0.6518817526546761
2916,98d803d8ab5715cf8,True,,,,,,,,,,1.0,1.0,1.0,1.0,0.20960991023917622,1.0,1.0,0.0,0.0,0.5030030969497425
2917,62b18a39075ffdaba,True,,,,,,,,,,1.0,1.0,1.0,1.0,1.0,1.0,1.0,1.0,0.0,0.875
2918,cb9eb4dbe16a93d2e,True,,,,,,,,,,1.0,1.0,1.0,1.0,0.08474522702384785,1.0,1.0,1.0,1.0,0.7139828834449524
2919,b32be2ef15c6d9947,True,,,,,,,,,,1.0,1.0,1.0,1.0,0.31577130446540375,1.0,1.0,1.0,0.0,0.6611785326454387
2920,b016a907699ca499b,True,,,,,,,,,,1.0,1.0,1.0,1.0,1.0,1.0,0.0,0.0,0.0,0.625
2921,65cf82257d919ac3a,True,,,,,,,,,,1.0,1.0,1.0,1.0,0.0,1.0,0.0,1.0,1.0,0.5625
2922,2e0773dd81838320f,True,,,,,,,,,,1.0,1.0,1.0,1.0,0.18843513727333014,1.0,0.0,1.0,0.0,0.49638598039791565
2923,17ff329e83009189d,True,,,,,,,,,,1.0,1.0,1.0,1.0,0.14747795794478658,1.0,0.0,1.0,0.0,0.4835868618577458
2924,6c0f20461b27e36fb,True,,,,,,,,,,1.0,1.0,1.0,1.0,0.17702285430071485,1.0,1.0,1.0,0.0,0.6178196419689734
2925,d9437c8464c89be5d,True,,,,,,,,,,1.0,1.0,1.0,1.0,1.0,1.0,1.0,1.0,1.0,1.0
2926,dec0b3a34c3d245fd,True,,,,,,,,,,1.0,1.0,1.0,1.0,0.16518628717074,1.0,1.0,1.0,0.0,0.6141207147408563
2927,eb46263a3a324c2e0,True,,,,,,,,,,1.0,1.0,1.0,1.0,0.24173509456788744,1.0,0.0,0.0,0.0,0.38804221705246483
2928,c9502401d0ae63498,True,,,,,,,,,,1.0,0.0,0.5,1.0,1.0,1.0,0.0,0.0,0.0,0.0
2929,bf56d797d033f36bd,True,,,,,,,,,,1.0,1.0,1.0,1.0,0.0920192931246844,1.0,1.0,1.0,0.0,0.5912560291014639
2930,29099b056d78d6ffb,True,,,,,,,,,,1.0,1.0,1.0,1.0,0.4030572847436124,1.0,0.0,1.0,0.0,0.5634554014823789
2931,76caf6deea5aff60c,True,,,,,,,,,,1.0,1.0,1.0,1.0,0.0,1.0,1.0,1.0,1.0,0.6875
2932,a8b1bc8442e0fb5b1,True,,,,,,,,,,1.0,1.0,1.0,1.0,0.2108359762083269,1.0,0.0,0.0,0.0,0.37838624256510217
2933,d7f69774de0c9938e,True,,,,,,,,,,1.0,0.0,1.0,1.0,0.17136387911034331,1.0,0.0,1.0,0.0,0.0
2934,4036f3945f5783618,True,,,,,,,,,,1.0,1.0,1.0,1.0,1.0,0.0,0.0,0.0,0.0,0.3125
2935,d3f900cebad176f8c,True,,,,,,,,,,1.0,1.0,1.0,1.0,1.0,0.0,0.0,1.0,0.0,0.4375
2936,fd5d539436f5c5e86,True,,,,,,,,,,1.0,1.0,1.0,1.0,0.06670064338142741,1.0,1.0,1.0,1.0,0.708343951056696
2937,f118de263d56644de,True,,,,,,,,,,1.0,1.0,1.0,1.0,0.19745888134011935,1.0,1.0,1.0,0.0,0.6242059004187873
2938,239cac6c74f4f0bd4,True,,,,,,,,,,1.0,1.0,1.0,1.0,1.0,1.0,0.0,0.0,0.0,0.625
2939,bf1cc9724e9048572,True,,,,,,,,,,1.0,1.0,1.0,1.0,0.011233220917344197,1.0,0.0,1.0,1.0,0.56601038153667
2940,9db723ede5227209d,True,,,,,,,,,,1.0,1.0,0.5,1.0,0.9532056724062724,1.0,0.0,0.0,0.0,0.30518838631348005
2941,0ed9b19cfb122d58d,True,,,,,,,,,,1.0,1.0,1.0,1.0,0.09944762402538053,1.0,1.0,1.0,0.0,0.5935773825079314
2942,67509cfba4d26b15a,True,,,,,,,,,,1.0,0.0,0.5,1.0,1.0,1.0,0.0,0.0,0.0,0.0
2943,25cdeef2455f42ea7,True,,,,,,,,,,1.0,1.0,1.0,1.0,0.18736300953039514,1.0,1.0,1.0,0.0,0.6210509404782485
2944,7c5d86ba5e0d7e2a3,True,,,,,,,,,,1.0,1.0,1.0,1.0,0.05161566693496842,1.0,1.0,1.0,1.0,0.7036298959171776
2945,80a5f0392d8aa9afb,True,,,,,,,,,,1.0,1.0,1.0,1.0,0.17516785730763276,1.0,1.0,1.0,0.0,0.6172399554086352
2946,80ad340ede19df8b3,True,,,,,,,,,,1.0,0.0,0.5,1.0,1.0,1.0,0.0,0.0,0.0,0.0
2947,1b2cd068b0d562449,True,,,,,,,,,,1.0,1.0,1.0,1.0,0.0682245441778232,1.0,1.0,1.0,1.0,0.7088201700555697
2948,343c682cb6fb49290,True,,,,,,,,,,1.0,1.0,1.0,1.0,0.0,1.0,0.0,1.0,1.0,0.5625
2949,bf14f0399e0ccf645,True,,,,,,,,,,1.0,1.0,1.0,1.0,0.10873559471194533,1.0,1.0,1.0,0.0,0.596479873347483
2950,3fc80f9e72ac43027,True,,,,,,,,,,1.0,0.0,1.0,1.0,0.11942892054410702,1.0,1.0,1.0,0.0,0.0
2951,5453eaf707e343346,True,,,,,,,,,,1.0,1.0,1.0,1.0,0.0,1.0,1.0,1.0,1.0,0.6875
2952,79fb2b729214ceac0,True,,,,,,,,,,1.0,1.0,0.5,1.0,0.21169296780664265,1.0,0.0,0.0,0.0,0.18932702621978792
2953,456c64c9a6cfefe27,True,,,,,,,,,,1.0,1.0,1.0,1.0,0.14557099857676944,1.0,0.0,1.0,0.0,0.48299093705524043
2954,472c522cbfefce360,True,,,,,,,,,,1.0,1.0,1.0,1.0,0.0,1.0,0.0,1.0,1.0,0.5625
2955,61437c5a9910331f6,True,,,,,,,,,,1.0,1.0,1.0,1.0,1.0,1.0,0.0,1.0,1.0,0.875
2956,5717542c5f1f77274,True,,,,,,,,,,1.0,0.0,1.0,1.0,0.378275801819467,1.0,0.0,0.0,0.0,0.0
2957,bb662cb22384c44c1,True,,,,,,,,,,1.0,1.0,1.0,1.0,0.02209287754726581,1.0,1.0,1.0,1.0,0.6944040242335205
2958,cbeda6fcf87d3407c,True,,,,,,,,,,1.0,1.0,1.0,1.0,0.19628528236943735,1.0,0.0,1.0,0.0,0.49883915074044916
2959,de1d1d3fbf4860a8c,True,,,,,,,,,,0.0,1.0,0.5,1.0,1.0,0.0,0.0,0.0,0.0,0.0
2960,0f32999a6e12e6b4f,True,,,,,,,,,,1.0,1.0,1.0,1.0,1.0,1.0,0.0,1.0,1.0,0.875
2961,00cbc73194109904b,True,,,,,,,,,,1.0,1.0,1.0,1.0,0.34939524584400145,1.0,0.0,0.0,0.0,0.42168601432625047
2962,0aef5f06bc06b4b67,True,,,,,,,,,,1.0,1.0,1.0,1.0,1.0,1.0,1.0,1.0,1.0,1.0
2963,86946a7ffef3ac7b0,True,,,,,,,,,,1.0,1.0,1.0,1.0,0.1309360759941038,1.0,0.0,1.0,1.0,0.6034175237481574
2964,82bb73b09ea17fb1a,True,,,,,,,,,,1.0,1.0,1.0,1.0,0.0852633589151111,1.0,1.0,1.0,1.0,0.7141447996609722
2965,18a239284011dd8c3,True,,,,,,,,,,1.0,1.0,0.5,1.0,0.2525823456747029,1.0,0.0,0.0,0.0,0.19571599151167232
2966,f1d442974b63b87f6,True,,,,,,,,,,1.0,1.0,1.0,1.0,0.20387848428074073,1.0,0.0,0.0,0.0,0.3762120263377315
2967,f732598080ee7f0cf,True,,,,,,,,,,1.0,1.0,1.0,1.0,0.058613025631939444,1.0,1.0,1.0,1.0,0.705816570509981
2968,803a37fc5a01eb03c,True,,,,,,,,,,1.0,1.0,1.0,1.0,0.3410256781015545,1.0,1.0,0.0,0.0,0.5440705244067358
2969,7a999e76f404c4956,True,,,,,,,,,,1.0,1.0,1.0,1.0,0.22415391103651436,1.0,0.0,0.0,0.0,0.38254809719891075
2970,79a0ca425b61810ad,True,,,,,,,,,,1.0,1.0,1.0,1.0,0.04090485790431064,1.0,1.0,1.0,1.0,0.7002827680950972
2971,ba2d0c2b1a0d13a74,True,,,,,,,,,,1.0,0.0,0.5,1.0,1.0,1.0,0.0,0.0,0.0,0.0
2972,67e23c9775c8647fa,True,,,,,,,,,,1.0,0.0,1.0,1.0,0.36588265390651664,1.0,0.0,1.0,0.0,0.0
2973,8d07721cee604c720,True,,,,,,,,,,1.0,0.0,1.0,1.0,0.1524656104527598,1.0,0.0,1.0,0.0,0.0
2974,1b9fdb3577e3e1018,True,,,,,,,,,,1.0,1.0,1.0,1.0,0.08484946017587729,1.0,1.0,1.0,0.0,0.5890154563049617
2975,cf84397ec4944d689,True,,,,,,,,,,0.0,1.0,1.0,1.0,1.0,0.0,1.0,0.0,0.0,0.0
2976,db1f577b1f0df7a26,True,,,,,,,,,,1.0,0.0,1.0,1.0,1.0,1.0,0.0,0.0,0.0,0.0
2977,5a7f1b88b2ab93c12,True,,,,,,,,,,1.0,1.0,0.5,1.0,0.5140986006799664,1.0,0.0,1.0,0.0,0.29907790635624476
2978,7339827ceaab8796b,True,,,,,,,,,,1.0,1.0,1.0,1.0,0.10431969915027078,1.0,1.0,1.0,1.0,0.7200999059844596
2979,b947c49e539199af0,True,,,,,,,,,,1.0,1.0,1.0,1.0,0.16308818221307916,1.0,1.0,1.0,0.0,0.6134650569415873
2980,de6c242bf7dbf68eb,True,,,,,,,,,,1.0,1.0,1.0,1.0,0.0,1.0,0.0,1.0,1.0,0.5625
2981,56cdce665c7a8a742,True,,,,,,,,,,1.0,1.0,1.0,1.0,0.32442510372611666,1.0,0.0,0.0,0.0,0.41388284491441146
2982,5913dfbc435fb100c,True,,,,,,,,,,1.0,1.0,1.0,1.0,0.5653967397731364,1.0,1.0,0.0,0.0,0.6141864811791051
2983,0cda637bebb7a14dc,True,,,,,,,,,,1.0,1.0,1.0,1.0,0.4068541885625591,1.0,1.0,0.0,0.0,0.5646419339257998
2984,ac59b5b148af8474e,True,,,,,,,,,,1.0,1.0,1.0,1.0,0.12872180649824091,1.0,1.0,1.0,0.0,0.6027255645307004
2985,12f4928a69547a0bf,True,,,,,,,,,,1.0,0.0,1.0,1.0,0.282482875355926,1.0,0.0,0.0,0.0,0.0
2986,c82835c09890be38b,True,,,,,,,,,,1.0,0.0,1.0,1.0,0.30964286659309037,1.0,0.0,1.0,0.0,0.0
2987,81d9160bc76331523,True,,,,,,,,,,1.0,1.0,1.0,1.0,0.12004148715990813,1.0,0.0,1.0,1.0,0.6000129647374712
2988,0d3be86b0d2db1b32,True,,,,,,,,,,1.0,1.0,1.0,1.0,0.1528661754243723,1.0,1.0,1.0,0.0,0.6102706798201163
2989,1442b131da263f4dc,True,,,,,,,,,,1.0,1.0,1.0,1.0,0.17878047742588693,1.0,0.0,1.0,0.0,0.4933688991955897
2990,8f3be1fe834c8e1e6,True,,,,,,,,,,1.0,1.0,1.0,1.0,0.49757541365191216,1.0,0.0,0.0,0.0,0.46799231676622255
2991,15cd04f7d172178fc,True,,,,,,,,,,1.0,1.0,1.0,1.0,0.04679174404417164,1.0,1.0,1.0,1.0,0.7021224200138036
2992,c69cdc989b0472928,True,,,,,,,,,,1.0,1.0,1.0,1.0,0.30103877560659104,1.0,0.0,0.0,0.0,0.4065746173770597
2993,1c53867c6f662be8f,True,,,,,,,,,,1.0,1.0,0.5,1.0,1.0,1.0,0.0,0.0,0.0,0.3125
2994,f0ec163fc911ff8bb,True,,,,,,,,,,1.0,1.0,1.0,1.0,0.05733938585617721,1.0,1.0,1.0,0.0,0.5804185580800554
2995,1dc510be8e058122d,True,,,,,,,,,,1.0,1.0,1.0,1.0,0.1298013117147806,1.0,1.0,1.0,0.0,0.6030629099108689
2996,9f903173a7777cf35,True,,,,,,,,,,1.0,1.0,1.0,1.0,0.42447980247311073,1.0,1.0,0.0,0.0,0.5701499382728471
2997,c808695431d352ba9,True,,,,,,,,,,1.0,1.0,1.0,1.0,1.0,1.0,1.0,1.0,0.0,0.875
2998,4784832b9639547d6,True,,,,,,,,,,1.0,1.0,1.0,1.0,0.23430447728527048,1.0,1.0,0.0,0.0,0.5107201491516471
2999,71ad6b3fd5d476975,True,,,,,,,,,,1.0,0.0,1.0,1.0,0.3171024042544023,1.0,0.0,0.0,0.0,0.0
3000,ca366055bc1b9838a,True,,,,,,,,,,1.0,1.0,1.0,1.0,0.23528466642260154,1.0,1.0,1.0,0.0,0.6360264582570629
3001,f803ae18d279169ec,True,,,,,,,,,,1.0,1.0,1.0,1.0,0.16678883875510747,1.0,0.0,1.0,0.0,0.4896215121109711
3002,6f388bff9ecc03286,True,,,,,,,,,,1.0,1.0,1.0,1.0,0.09792815760446684,1.0,0.0,1.0,1.0,0.5931025492513959
3003,1724e4388e1fa5055,True,,,,,,,,,,1.0,1.0,1.0,1.0,0.11337269160274084,1.0,0.0,1.0,1.0,0.5979289661258564
3004,bb000886556fcf3ea,True,,,,,,,,,,1.0,1.0,1.0,1.0,0.364230859503839,1.0,0.0,1.0,0.0,0.5513221435949497
3005,7f0f949c3d0d9fe1f,True,,,,,,,,,,1.0,1.0,1.0,1.0,0.34635275870566745,1.0,0.0,1.0,0.0,0.5457352370955211
3006,4689ca7c12d8569bc,True,,,,,,,,,,1.0,1.0,1.0,1.0,0.17343848139985416,1.0,0.0,1.0,0.0,0.49169952543745443
3007,eeae7aeaf248f7830,True,,,,,,,,,,1.0,1.0,1.0,1.0,0.435975558541471,1.0,1.0,0.0,0.0,0.5737423620442097
3008,129fa714e230a9eae,True,,,,,,,,,,1.0,1.0,1.0,1.0,0.2576240003703072,1.0,0.0,1.0,0.0,0.5180075001157209
3009,155b9d04c8ecbdf6e,True,,,,,,,,,,1.0,1.0,1.0,1.0,1.0,1.0,1.0,1.0,1.0,1.0
3010,92543dc9e560f1be0,True,,,,,,,,,,1.0,1.0,1.0,1.0,1.0,1.0,1.0,1.0,1.0,1.0
3011,556d1d92f66a8344d,True,,,,,,,,,,1.0,1.0,1.0,1.0,0.004203494766169521,1.0,0.0,1.0,1.0,0.563813592114428
3012,5c1c76ff6dae6f388,True,,,,,,,,,,1.0,1.0,1.0,1.0,0.16447770343484439,1.0,0.0,1.0,0.0,0.48889928232338886
3013,384e8594099b2b5f2,True,,,,,,,,,,1.0,1.0,1.0,1.0,0.09712571129903154,1.0,0.0,1.0,1.0,0.5928517847809474
3014,252b55b927f05ad09,True,,,,,,,,,,1.0,1.0,1.0,1.0,0.07654077409509304,1.0,1.0,1.0,1.0,0.7114189919047166
3015,e64bbff1f3e0c30be,True,,,,,,,,,,1.0,1.0,1.0,1.0,0.203987054022545,1.0,0.0,1.0,1.0,0.6262459543820453
3016,1aba878032e3e7e6d,True,,,,,,,,,,1.0,1.0,1.0,1.0,0.1903556283754383,1.0,1.0,1.0,0.0,0.6219861338673245
3017,9a36095a5f0caaafd,True,,,,,,,,,,1.0,1.0,1.0,1.0,0.0,1.0,1.0,1.0,1.0,0.6875
3018,24f191a721f816f48,True,,,,,,,,,,1.0,1.0,1.0,1.0,0.18355019182038904,1.0,1.0,1.0,0.0,0.6198594349438715
3019,dedf2ffe66804a16a,True,,,,,,,,,,1.0,1.0,1.0,1.0,0.1724091903514086,1.0,1.0,1.0,0.0,0.6163778719848152
3020,94c40772ee3c5ee01,True,,,,,,,,,,1.0,1.0,1.0,1.0,0.4659200206214848,1.0,1.0,0.0,0.0,0.583100006444214
3021,473600f4c7f5be5c9,True,,,,,,,,,,1.0,1.0,1.0,1.0,0.17722839222318876,1.0,1.0,1.0,0.0,0.6178838725697464
3022,ad467d131723f8e9e,True,,,,,,,,,,1.0,1.0,1.0,1.0,0.05645826003012469,1.0,1.0,0.0,0.0,0.45514320625941396
3023,8ccebe9711753a11b,True,,,,,,,,,,1.0,1.0,1.0,1.0,0.13937389178912338,1.0,1.0,1.0,0.0,0.6060543411841011
3024,1b0a591d6b3ec8ee1,True,,,,,,,,,,1.0,1.0,1.0,1.0,0.13464013779287348,1.0,1.0,1.0,0.0,0.604575043060273
3025,d9b6f0d1e16d88b7e,True,,,,,,,,,,1.0,0.0,1.0,1.0,0.27403911018858407,1.0,1.0,0.0,0.0,0.0
3026,5b32d8e1dbbbd670a,True,,,,,,,,,,1.0,1.0,0.5,1.0,1.0,1.0,0.0,0.0,0.0,0.3125
3027,71311b352b3aa16e3,True,,,,,,,,,,1.0,1.0,1.0,1.0,0.09998879378101909,1.0,1.0,1.0,1.0,0.7187464980565685
3028,c24873028db688fff,True,,,,,,,,,,1.0,1.0,1.0,1.0,0.19612936472569206,1.0,0.0,0.0,0.0,0.3737904264767788
3029,2947a7779fffc9a73,True,,,,,,,,,,1.0,0.0,1.0,1.0,1.0,1.0,0.0,1.0,0.0,0.0
3030,63539a8af8e7678fa,True,,,,,,,,,,1.0,0.0,1.0,1.0,0.1718072032333335,1.0,0.0,1.0,0.0,0.0
3031,a71e198a60b5a7b1b,True,,,,,,,,,,1.0,1.0,1.0,1.0,0.34601177885234213,1.0,1.0,0.0,0.0,0.5456286808913569
3032,24474e28c524b8a8a,True,,,,,,,,,,1.0,1.0,1.0,1.0,0.32442510372611666,1.0,0.0,0.0,0.0,0.41388284491441146
3033,0e733cf0e386ffd7e,True,,,,,,,,,,1.0,0.0,1.0,1.0,0.46833198369792245,1.0,1.0,1.0,0.0,0.0
3034,117c9da6253882bd5,True,,,,,,,,,,1.0,1.0,1.0,1.0,0.20375469025958287,1.0,0.0,0.0,0.0,0.37617334070611963
3035,6d9912bf7efcd9fa0,True,,,,,,,,,,1.0,1.0,1.0,1.0,0.12429563658550126,1.0,1.0,1.0,0.0,0.6013423864329692
3036,00fac31cd24587354,True,,,,,,,,,,1.0,1.0,1.0,1.0,0.2583380897838513,1.0,0.0,1.0,0.0,0.5182306530574535
3037,394d8ba443460b0bf,True,,,,,,,,,,1.0,1.0,1.0,1.0,0.1317860138188149,1.0,0.0,1.0,0.0,0.47868312931837964
3038,4ed26e14929f14eb4,True,,,,,,,,,,1.0,1.0,1.0,1.0,0.21196539287864827,1.0,0.0,0.0,0.0,0.3787391852745776
3039,82b0238fb02f13548,True,,,,,,,,,,1.0,1.0,1.0,1.0,1.0,1.0,0.0,0.0,0.0,0.625
3040,96a58a5e3850d0b3d,True,,,,,,,,,,1.0,1.0,1.0,1.0,0.058933959154881276,1.0,1.0,1.0,1.0,0.7059168622359004
3041,e781cee1082355533,True,,,,,,,,,,1.0,1.0,1.0,1.0,0.20250626882198336,1.0,1.0,1.0,0.0,0.6257832090068698
3042,6d54d84f2aa7b99a8,True,,,,,,,,,,1.0,1.0,1.0,1.0,0.15907679307970862,1.0,1.0,1.0,0.0,0.6122114978374089
3043,8b44ee25391ad8a73,True,,,,,,,,,,1.0,1.0,1.0,1.0,1.0,1.0,1.0,1.0,1.0,1.0
3044,845c54f5c31f66323,True,,,,,,,,,,1.0,1.0,1.0,1.0,0.23397389523509812,1.0,1.0,0.0,0.0,0.5106168422609682
3045,38de297bc8ae7c55e,True,,,,,,,,,,1.0,1.0,1.0,1.0,0.0,1.0,1.0,1.0,1.0,0.6875
3046,b928ef9aeaf66b2ad,True,,,,,,,,,,0.0,1.0,1.0,1.0,1.0,0.0,0.0,1.0,0.0,0.0
3047,6eed4a0dccbd058f7,True,,,,,,,,,,1.0,1.0,1.0,1.0,0.19548313201074527,1.0,0.0,1.0,0.0,0.4985884787533579
3048,c624adea428b6fde5,True,,,,,,,,,,1.0,1.0,1.0,1.0,0.1618631567938595,1.0,1.0,1.0,0.0,0.613082236498081
3049,8783df49ca89f8dd7,True,,,,,,,,,,1.0,0.0,1.0,1.0,1.0,1.0,1.0,1.0,0.0,0.0
3050,e9edc42aeefc7e850,True,,,,,,,,,,1.0,1.0,1.0,1.0,0.2060366522126483,1.0,0.0,0.0,0.0,0.3768864538164526
3051,0c4b91dd1d5fee81a,True,,,,,,,,,,1.0,1.0,0.5,1.0,0.5069217459019996,1.0,0.0,1.0,0.0,0.29795652279718743
3052,1de9185a9bb05abe5,True,,,,,,,,,,1.0,1.0,1.0,1.0,0.10017882315309819,1.0,1.0,1.0,1.0,0.7188058822353431
3053,9ca95a29837848e74,True,,,,,,,,,,1.0,1.0,1.0,1.0,0.11037396175926703,1.0,0.0,0.0,1.0,0.4719918630497709
3054,8f3dd68f4334d028e,True,,,,,,,,,,1.0,1.0,1.0,1.0,0.20100197267302616,1.0,0.0,1.0,0.0,0.5003131164603207
3055,a78f2817702c75036,True,,,,,,,,,,1.0,1.0,1.0,1.0,0.19111346376063315,1.0,0.0,1.0,0.0,0.49722295742519784
3056,c23d40512beeb21d4,True,,,,,,,,,,1.0,1.0,1.0,1.0,0.09109092772453907,1.0,1.0,1.0,1.0,0.7159659149139185
3057,3b99197cc8a0e07a3,True,,,,,,,,,,1.0,1.0,1.0,1.0,0.40513386203655777,1.0,0.0,1.0,0.0,0.5641043318864243
3058,daba931964ff703a5,True,,,,,,,,,,1.0,1.0,1.0,1.0,0.14021545358265153,1.0,1.0,1.0,0.0,0.6063173292445786
3059,8fb206a9ce8434f01,True,,,,,,,,,,1.0,1.0,1.0,1.0,0.0,1.0,0.0,1.0,1.0,0.5625
3060,83dc61b75efe5e09e,True,,,,,,,,,,1.0,1.0,1.0,1.0,0.5399761919131985,1.0,0.0,0.0,0.0,0.4812425599728745
3061,7dd030c5962831b4d,True,,,,,,,,,,1.0,1.0,1.0,1.0,0.22245936856747114,1.0,1.0,0.0,0.0,0.5070185526773348
3062,47c8824494b12b2ae,True,,,,,,,,,,1.0,1.0,1.0,1.0,0.17678824199132706,1.0,1.0,1.0,0.0,0.6177463256222897
3063,5b8a84de1fcdc3118,True,,,,,,,,,,1.0,0.0,1.0,1.0,1.0,1.0,0.0,0.0,0.0,0.0
3064,a2ebc2aec41ccbb33,True,,,,,,,,,,1.0,1.0,1.0,1.0,0.11390624633454965,1.0,1.0,1.0,1.0,0.7230957019795468
3065,1282ea8855e3dab29,True,,,,,,,,,,1.0,1.0,1.0,1.0,1.0,1.0,1.0,1.0,1.0,1.0
3066,a9400ab68fb27ff72,True,,,,,,,,,,1.0,1.0,1.0,1.0,0.2542972004465583,1.0,1.0,1.0,0.0,0.6419678751395494
3067,f6807a15ef236a60e,True,,,,,,,,,,1.0,0.0,1.0,1.0,1.0,1.0,1.0,0.0,0.0,0.0
3068,b02f376e03d453a0a,True,,,,,,,,,,0.0,1.0,1.0,1.0,1.0,0.0,1.0,1.0,0.0,0.0
3069,2dbd58ac0d23460fd,True,,,,,,,,,,1.0,1.0,1.0,1.0,0.0367876391177069,1.0,1.0,1.0,1.0,0.6989961372242834
3070,8003dfc9e785aaede,True,,,,,,,,,,0.0,1.0,1.0,1.0,1.0,0.0,1.0,1.0,0.0,0.0
3071,ae4f3518384257a07,True,,,,,,,,,,1.0,1.0,1.0,1.0,0.08792054024485609,1.0,1.0,1.0,1.0,0.7149751688265176
3072,562756132cea470ea,True,,,,,,,,,,1.0,1.0,1.0,1.0,0.03664074361400265,1.0,1.0,1.0,0.0,0.5739502323793758
3073,dab22ead12dbdd7e4,True,,,,,,,,,,1.0,1.0,1.0,1.0,0.09509013598678716,1.0,1.0,1.0,1.0,0.717215667495871
3074,842ac0b9f9e4a08ca,True,,,,,,,,,,1.0,1.0,1.0,1.0,0.0,1.0,1.0,1.0,1.0,0.6875
3075,c1db792a77989232e,True,,,,,,,,,,1.0,1.0,1.0,1.0,0.0,1.0,0.0,1.0,1.0,0.5625
3076,441af8c8c4d582d12,True,,,,,,,,,,1.0,1.0,1.0,1.0,1.0,1.0,0.0,1.0,0.0,0.75
3077,e2a4ea3d760b37276,True,,,,,,,,,,1.0,1.0,1.0,1.0,0.1409555723832212,1.0,1.0,1.0,0.0,0.6065486163697567
3078,f5fd2bdb809b789db,True,,,,,,,,,,1.0,0.0,1.0,1.0,1.0,1.0,0.0,0.0,0.0,0.0
3079,94f50219a9dc3389d,True,,,,,,,,,,1.0,1.0,1.0,1.0,0.48053673666877816,1.0,1.0,0.0,0.0,0.5876677302089932
3080,51438ce1bf4a62b2e,True,,,,,,,,,,1.0,1.0,1.0,1.0,0.038697043884743085,1.0,1.0,1.0,1.0,0.6995928262139822
3081,d6c514686f23569a7,True,,,,,,,,,,1.0,1.0,1.0,1.0,0.0,1.0,0.0,1.0,1.0,0.5625
3082,00c31cdc6c3be2b28,True,,,,,,,,,,1.0,1.0,1.0,1.0,0.0,1.0,1.0,0.0,1.0,0.5625
3083,19a22a2c5501797dc,True,,,,,,,,,,1.0,1.0,1.0,1.0,0.22118555773234583,1.0,0.0,0.0,0.0,0.38162048679135807
3084,90ffd09937f409beb,True,,,,,,,,,,1.0,1.0,1.0,1.0,0.15704696195670814,1.0,0.0,1.0,0.0,0.4865771756114713
3085,1aa011bf1da1bf1c7,True,,,,,,,,,,1.0,1.0,1.0,1.0,0.12262977670506463,1.0,1.0,1.0,1.0,0.7258218052203327
3086,f3b236d797b3e906c,True,,,,,,,,,,1.0,1.0,1.0,1.0,0.18430279750117967,1.0,0.0,1.0,1.0,0.6200946242191187
3087,1f18c770d2cfe8d3c,True,,,,,,,,,,0.0,1.0,0.5,1.0,1.0,0.0,0.0,1.0,0.0,0.0
3088,dd2ee657886ef2e66,True,,,,,,,,,,1.0,1.0,1.0,1.0,0.12659000960950054,1.0,0.0,1.0,0.0,0.47705937800296894
3089,f15e1bae8a03b12b1,True,,,,,,,,,,1.0,1.0,1.0,1.0,0.19488457815754612,1.0,0.0,1.0,0.0,0.49840143067423315
3090,928a526fdbbdedce9,True,,,,,,,,,,0.0,1.0,1.0,1.0,1.0,0.0,1.0,0.0,0.0,0.0
3091,b94f2a8ed48de97e9,True,,,,,,,,,,1.0,1.0,1.0,1.0,0.20315882068318286,1.0,0.0,0.0,0.0,0.37598713146349466
3092,df49c73fde01293e8,True,,,,,,,,,,1.0,1.0,1.0,1.0,0.0,1.0,1.0,1.0,1.0,0.6875
3093,ddb08f9eb92516246,True,,,,,,,,,,1.0,1.0,1.0,1.0,0.19721697967988588,1.0,1.0,1.0,0.0,0.6241303061499643
3094,a3ebde725e612b5f3,True,,,,,,,,,,1.0,0.0,1.0,1.0,0.19565576358652242,1.0,1.0,1.0,0.0,0.0
3095,977efa0295ed47613,True,,,,,,,,,,1.0,1.0,1.0,1.0,1.0,1.0,0.0,0.0,0.0,0.625
3096,d1dbac626089838d2,True,,,,,,,,,,1.0,1.0,0.5,1.0,0.885434058830638,1.0,0.0,0.0,0.0,0.29459907169228716
3097,1f61d345cacd5e1d1,True,,,,,,,,,,1.0,1.0,1.0,1.0,0.2710956199344349,1.0,1.0,0.0,0.0,0.5222173812295109
3098,8b017e76640de2142,True,,,,,,,,,,1.0,1.0,1.0,1.0,0.2818309649219873,1.0,0.0,0.0,0.0,0.40057217653812105
3099,7e4af807f673c946b,True,,,,,,,,,,1.0,1.0,1.0,1.0,0.16365031183584083,1.0,1.0,1.0,0.0,0.6136407224487003
3100,083ca0b9e4853254e,True,,,,,,,,,,1.0,0.0,1.0,1.0,0.771466286449068,1.0,0.0,1.0,0.0,0.0
3101,15c7d65066442dddd,True,,,,,,,,,,1.0,0.0,1.0,1.0,1.0,1.0,1.0,1.0,0.0,0.0
3102,f3e993209190be300,True,,,,,,,,,,1.0,1.0,1.0,1.0,0.1063645176527766,1.0,1.0,1.0,1.0,0.7207389117664926
3103,c89e54cc4c778e2c6,True,,,,,,,,,,1.0,1.0,1.0,1.0,0.3427942865652145,1.0,0.0,0.0,0.0,0.41962321455162954
3104,15b6cbe22ab535f70,True,,,,,,,,,,1.0,1.0,1.0,1.0,0.18886220710834395,1.0,1.0,1.0,0.0,0.6215194397213575
3105,67c191e1da4b23c8a,True,,,,,,,,,,1.0,1.0,1.0,1.0,0.10803001335563196,1.0,0.0,1.0,1.0,0.596259379173635
3106,5f19a901791abf90c,True,,,,,,,,,,1.0,0.0,1.0,1.0,0.08834280566061098,1.0,0.0,1.0,1.0,0.0
3107,e92394471671ed533,True,,,,,,,,,,1.0,1.0,1.0,1.0,0.054851840077212125,1.0,1.0,1.0,1.0,0.7046412000241288
3108,f754ec519c407f213,True,,,,,,,,,,1.0,1.0,1.0,1.0,0.12918365759039524,1.0,1.0,1.0,1.0,0.7278698929969984
3109,786b8a8821747f0ce,True,,,,,,,,,,1.0,1.0,0.5,1.0,1.0,1.0,0.0,0.0,0.0,0.3125
3110,c725d6fa44dc9c6d6,True,,,,,,,,,,1.0,1.0,1.0,1.0,0.6074062534094425,1.0,1.0,1.0,0.0,0.7523144541904507
3111,2676c3c7286b4756a,True,,,,,,,,,,1.0,1.0,1.0,1.0,0.05465194819723905,1.0,1.0,1.0,1.0,0.7045787338116372
3112,9e017dbb384c3b2b8,True,,,,,,,,,,1.0,1.0,1.0,1.0,0.3114321891859804,1.0,1.0,0.0,0.0,0.5348225591206188
3113,02b412777e6ce82cd,True,,,,,,,,,,1.0,1.0,1.0,1.0,0.31498914907839215,1.0,1.0,0.0,0.0,0.5359341090869976
3114,d783a4e289c7f6c20,True,,,,,,,,,,1.0,1.0,1.0,1.0,0.22850371355407884,1.0,0.0,0.0,0.0,0.38390741048564964
3115,e98e051c6f03d55bd,True,,,,,,,,,,1.0,1.0,1.0,1.0,0.22800331112099909,1.0,1.0,1.0,0.0,0.6337510347253122
3116,4aaea4c50ce77a4de,True,,,,,,,,,,0.5,0.0,1.0,1.0,1.0,0.0,1.0,0.0,0.0,0.0
3117,205e1f314131287bc,True,,,,,,,,,,1.0,1.0,1.0,1.0,0.0,1.0,1.0,1.0,1.0,0.6875
3118,5ca342ee0bfdecb05,True,,,,,,,,,,1.0,1.0,1.0,1.0,0.29819907431555615,1.0,1.0,0.0,0.0,0.5306872107236114
3119,537f7c58a5c39bec7,True,,,,,,,,,,1.0,1.0,1.0,1.0,0.23651134551374497,1.0,0.0,0.0,0.0,0.3864097954730453
3120,a33c0d08df145dd4a,True,,,,,,,,,,0.0,1.0,1.0,1.0,1.0,0.0,1.0,1.0,1.0,0.0
3121,e6ff8ec91b67a0256,True,,,,,,,,,,1.0,1.0,1.0,1.0,0.17376465411059236,1.0,1.0,1.0,0.0,0.6168014544095601
3122,dfa834bc1ba00afb5,True,,,,,,,,,,1.0,1.0,1.0,1.0,0.5199378260684742,1.0,1.0,0.0,0.0,0.5999805706463982
3123,2653246a8dbdf690b,True,,,,,,,,,,1.0,1.0,1.0,1.0,0.18274252588443335,1.0,0.0,1.0,0.0,0.4946070393388854
3124,a2a9c734a84da7235,True,,,,,,,,,,1.0,1.0,0.5,1.0,0.8673153182132447,1.0,0.0,0.0,0.0,0.29176801847081946
3125,0ba7e570a3d546654,True,,,,,,,,,,1.0,1.0,1.0,1.0,0.2157959495313054,1.0,0.0,0.0,0.0,0.37993623422853295
3126,6663c84e1f3447a03,True,,,,,,,,,,1.0,1.0,1.0,1.0,0.10458042124691759,1.0,0.0,1.0,1.0,0.5951813816396617
3127,ab7c66f93bd1cb471,True,,,,,,,,,,1.0,1.0,1.0,1.0,0.3423209894810984,1.0,0.0,1.0,0.0,0.5444753092128433
3128,cd55f0d35ddb36337,True,,,,,,,,,,1.0,1.0,1.0,1.0,0.20067749633796242,1.0,0.0,0.0,0.0,0.3752117176056132
3129,cc84a91b9d7b3a3d5,True,,,,,,,,,,1.0,1.0,1.0,1.0,0.22429613485764563,1.0,0.0,0.0,0.0,0.38259254214301425
3130,bda8e2ddfcebef730,True,,,,,,,,,,1.0,1.0,0.5,1.0,1.0,1.0,0.0,0.0,0.0,0.3125
3131,728522f233e8a9fa9,True,,,,,,,,,,1.0,1.0,1.0,1.0,1.0,1.0,0.0,0.0,0.0,0.625
3132,b9297371e1c1fc881,True,,,,,,,,,,1.0,1.0,1.0,1.0,1.0,1.0,0.0,1.0,1.0,0.875
3133,9bfb6e5100707e5d1,True,,,,,,,,,,1.0,1.0,1.0,1.0,0.18495880918255223,1.0,0.0,1.0,0.0,0.49529962786954757
3134,031cc5379a5e98feb,True,,,,,,,,,,1.0,1.0,1.0,1.0,0.2468515848312948,1.0,0.0,0.0,0.0,0.3896411202597796
3135,d4c12619399c7d2e4,True,,,,,,,,,,1.0,1.0,1.0,1.0,0.21764039686041733,1.0,1.0,1.0,0.0,0.6305126240188804
3136,281e89e3d9a31b9b6,True,,,,,,,,,,1.0,1.0,1.0,1.0,0.20723313214942568,1.0,0.0,0.0,0.0,0.37726035379669554
3137,ff355597ff0f68f3c,True,,,,,,,,,,1.0,1.0,1.0,1.0,0.0,1.0,0.0,1.0,1.0,0.5625
3138,d241d7576360a6907,True,,,,,,,,,,1.0,1.0,1.0,1.0,0.3080931803732289,1.0,0.0,0.0,0.0,0.40877911886663404
3139,dbf49f5df6cc0b159,True,,,,,,,,,,1.0,0.0,1.0,1.0,1.0,1.0,0.0,1.0,0.0,0.0
3140,8ace04c31034f39f7,True,,,,,,,,,,0.5,1.0,1.0,1.0,1.0,0.0,0.0,1.0,0.0,0.21875
3141,5f175bac4c1de5964,True,,,,,,,,,,1.0,1.0,1.0,1.0,0.18515619025313393,1.0,0.0,1.0,0.0,0.49536130945410434
3142,761fdfcb355d74f9b,True,,,,,,,,,,1.0,1.0,1.0,1.0,0.3207443209048125,1.0,1.0,0.0,0.0,0.5377326002827538
3143,c6c91a989e2c0ae69,True,,,,,,,,,,1.0,1.0,1.0,1.0,0.12451557330222669,1.0,0.0,1.0,0.0,0.47641111665694585
3144,43bcce57368a6bbc8,True,,,,,,,,,,1.0,1.0,0.5,1.0,0.8591729039144214,1.0,1.0,0.0,0.0,0.3529957662366283
3145,1f7d87b846306d4ed,True,,,,,,,,,,1.0,1.0,1.0,1.0,1.0,1.0,0.0,1.0,0.0,0.75
3146,362376a65fe8ca576,True,,,,,,,,,,1.0,1.0,1.0,1.0,0.2593234043862829,1.0,0.0,1.0,0.0,0.5185385638707134
3147,3b0bf79a32b642604,True,,,,,,,,,,1.0,0.0,1.0,1.0,0.19759322731044815,1.0,0.0,0.0,0.0,0.0
3148,3c70a054e8d40ce21,True,,,,,,,,,,1.0,1.0,1.0,1.0,0.3415603977769577,1.0,0.0,1.0,0.0,0.5442376243052993
3149,b1914ef64d65f8786,True,,,,,,,,,,1.0,1.0,1.0,1.0,0.10003685705614118,1.0,1.0,1.0,1.0,0.7187615178300442
3150,1e33e12832b3a171e,True,,,,,,,,,,1.0,1.0,1.0,1.0,0.0,1.0,0.0,1.0,1.0,0.5625
3151,f422184af5c3c266b,True,,,,,,,,,,1.0,1.0,1.0,1.0,1.0,1.0,1.0,1.0,0.0,0.875
3152,3110b909a8ee018b8,True,,,,,,,,,,1.0,1.0,1.0,1.0,1.0,1.0,0.0,0.0,0.0,0.625
3153,6f43b1ff7218bc4e6,True,,,,,,,,,,1.0,1.0,1.0,1.0,0.026592342241518668,1.0,1.0,1.0,1.0,0.6958101069504745
3154,aeafb748fb3a37e8c,True,,,,,,,,,,1.0,1.0,1.0,1.0,0.1670537703431144,1.0,1.0,1.0,0.0,0.6147043032322232
3155,c7c0caa29dbf55999,True,,,,,,,,,,1.0,1.0,1.0,1.0,0.42214129705042425,1.0,0.0,0.0,0.0,0.4444191553282576
3156,9e800327f6e34c777,True,,,,,,,,,,1.0,1.0,1.0,1.0,1.0,1.0,0.0,0.0,0.0,0.625
3157,88d72263f1af2d277,True,,,,,,,,,,1.0,0.0,0.5,1.0,1.0,1.0,0.0,0.0,0.0,0.0
3158,749fa88824e849ee8,True,,,,,,,,,,1.0,1.0,1.0,1.0,0.21151111168118739,1.0,0.0,0.0,0.0,0.3785972224003711
3159,e1d9c45d963c62c2d,True,,,,,,,,,,1.0,1.0,1.0,1.0,0.17684428347245054,1.0,1.0,1.0,0.0,0.6177638385851407
3160,02a66384ce22f1be6,True,,,,,,,,,,1.0,1.0,1.0,1.0,0.0,1.0,1.0,1.0,1.0,0.6875
3161,cc7eeb6ef4e923a61,True,,,,,,,,,,1.0,1.0,0.5,1.0,1.0,1.0,0.0,0.0,0.0,0.3125
3162,fe2856fd4df6ee473,True,,,,,,,,,,1.0,1.0,1.0,1.0,0.22443503497364076,1.0,0.0,0.0,0.0,0.38263594842926274
3163,28e1ed77c94cf4d91,True,,,,,,,,,,1.0,1.0,1.0,1.0,0.20340502053316367,1.0,1.0,1.0,0.0,0.6260640689166137
3164,853836094a41151fa,True,,,,,,,,,,1.0,1.0,1.0,1.0,0.09003206608397908,1.0,1.0,1.0,1.0,0.7156350206512434
3165,6ab786f972b45ffe0,True,,,,,,,,,,1.0,0.0,1.0,1.0,0.12967538146056595,1.0,0.0,1.0,0.0,0.0
3166,88d3fad9cfca7c0ad,True,,,,,,,,,,1.0,1.0,1.0,1.0,0.13360854506294348,1.0,1.0,1.0,0.0,0.6042526703321698
3167,7eaedaf0e0d844712,True,,,,,,,,,,1.0,0.0,1.0,1.0,0.21210563641196048,1.0,1.0,0.0,0.0,0.0
3168,88fb73c3952c8f9ea,True,,,,,,,,,,1.0,1.0,1.0,1.0,0.3805798414780554,1.0,1.0,0.0,0.0,0.5564312004618923
3169,0fc3bc1b7fce2461a,True,,,,,,,,,,1.0,0.0,1.0,1.0,0.22128304415146158,1.0,0.0,0.0,0.0,0.0
3170,d3fe928c762b0cd0d,True,,,,,,,,,,1.0,1.0,1.0,1.0,0.13948420612222645,1.0,0.0,1.0,1.0,0.6060888144131957
3171,3de0117d8b0d82352,True,,,,,,,,,,1.0,1.0,1.0,1.0,0.15420290698780822,1.0,0.0,1.0,0.0,0.4856884084336901
3172,2d48cd27787fdf6f7,True,,,,,,,,,,1.0,1.0,1.0,1.0,0.3869670003290189,1.0,1.0,1.0,0.0,0.6834271876028184
3173,7459b322982d2932c,True,,,,,,,,,,1.0,1.0,1.0,1.0,0.1408855156018505,1.0,0.0,1.0,1.0,0.6065267236255782
3174,3c99b1ada8877591e,True,,,,,,,,,,1.0,1.0,1.0,1.0,0.29903074759323167,1.0,1.0,0.0,0.0,0.530947108622885
3175,97a528bb2a0be2c1c,True,,,,,,,,,,1.0,1.0,1.0,1.0,0.072730936714442,1.0,0.0,1.0,1.0,0.5852284177232632
3176,36f3fac010047f5a8,True,,,,,,,,,,1.0,0.0,1.0,1.0,1.0,1.0,1.0,1.0,0.0,0.0
3177,3df43c406e596ada4,True,,,,,,,,,,1.0,1.0,1.0,1.0,0.0,1.0,0.0,1.0,0.0,0.4375
3178,c03a37189cd1ca69a,True,,,,,,,,,,0.0,1.0,1.0,1.0,1.0,0.0,1.0,0.0,0.0,0.0
3179,370e1eb0a4295a2bc,True,,,,,,,,,,1.0,1.0,1.0,1.0,0.3246858100077738,1.0,0.0,0.0,0.0,0.4139643156274293
3180,35cc09d55a37ee702,True,,,,,,,,,,1.0,1.0,1.0,1.0,0.0,1.0,1.0,1.0,1.0,0.6875
3181,081da8854328d5c79,True,,,,,,,,,,1.0,1.0,1.0,1.0,0.07790425805111886,1.0,0.0,1.0,1.0,0.5868450806409746
3182,86ec67f271b64b199,True,,,,,,,,,,1.0,1.0,0.5,1.0,0.22045953258576795,1.0,0.0,0.0,0.0,0.19069680196652625
3183,f5d0746ef157601ff,True,,,,,,,,,,1.0,1.0,1.0,1.0,0.1417766276577519,1.0,1.0,1.0,0.0,0.6068051961430474
3184,f960c8624d9938147,True,,,,,,,,,,1.0,1.0,0.5,1.0,0.38974286652663537,1.0,0.0,0.0,0.0,0.21714732289478678
3185,530edf0e35aa025b6,True,,,,,,,,,,1.0,1.0,1.0,1.0,1.0,1.0,1.0,1.0,0.0,0.875
3186,7272b7a2cb56feb27,True,,,,,,,,,,1.0,0.0,1.0,1.0,0.23908322264452228,1.0,0.0,1.0,0.0,0.0
3187,c73b72769d48ae4f5,True,,,,,,,,,,1.0,0.0,1.0,1.0,0.291414797873286,1.0,1.0,1.0,0.0,0.0
3188,a4a30a8fdac11dd71,True,,,,,,,,,,1.0,1.0,1.0,1.0,0.08755945378729085,1.0,1.0,1.0,1.0,0.7148623293085283
3189,7128f87176a382be0,True,,,,,,,,,,1.0,1.0,1.0,1.0,1.0,1.0,1.0,1.0,0.0,0.875
3190,44af46da795f58fa1,True,,,,,,,,,,1.0,1.0,1.0,1.0,0.09091035331007791,1.0,1.0,1.0,1.0,0.7159094854093994
3191,8821c536a27933ed5,True,,,,,,,,,,1.0,1.0,1.0,1.0,1.0,1.0,0.0,0.0,0.0,0.625
3192,9d5d767fac644cae7,True,,,,,,,,,,1.0,1.0,0.5,1.0,1.0,1.0,0.0,0.0,0.0,0.3125
3193,9606e967ad3c59ad3,True,,,,,,,,,,1.0,1.0,1.0,1.0,0.2964410071402545,1.0,0.0,0.0,0.0,0.40513781473132954
3194,6a3bedd49247610ca,True,,,,,,,,,,1.0,1.0,1.0,1.0,0.2655625971792231,1.0,1.0,0.0,0.0,0.5204883116185073
3195,c98ccf44f3285fa8b,True,,,,,,,,,,1.0,1.0,1.0,1.0,0.22377939100955435,1.0,1.0,0.0,0.0,0.5074310596904857
3196,d02177dc313467bf7,True,,,,,,,,,,1.0,0.0,0.5,1.0,1.0,1.0,0.0,0.0,0.0,0.0
3197,32e86d0bba3339136,True,,,,,,,,,,1.0,1.0,1.0,1.0,0.11444813073815566,1.0,0.0,1.0,1.0,0.5982650408556737
3198,a8335bbfcf7c51cd5,True,,,,,,,,,,1.0,1.0,1.0,1.0,0.21569121137564834,1.0,0.0,0.0,0.0,0.3799035035548901
3199,f9a60116425308d57,True,,,,,,,,,,1.0,1.0,0.0,1.0,0.6399501928843699,1.0,0.0,0.0,0.0,0.0
3200,43f7d2bb6b4b6f35a,True,,,,,,,,,,1.0,1.0,1.0,1.0,1.0,1.0,0.0,1.0,0.0,0.75
3201,6023b53fce21949e9,True,,,,,,,,,,1.0,1.0,1.0,1.0,0.1831782821292805,1.0,0.0,1.0,0.0,0.49474321316540015
3202,18cf30de794bcf3f5,True,,,,,,,,,,1.0,1.0,1.0,1.0,1.0,1.0,0.0,1.0,0.0,0.75
3203,27fe2548642974f6e,True,,,,,,,,,,1.0,1.0,1.0,1.0,0.11182696779522133,1.0,0.0,1.0,0.0,0.47244592743600666
3204,b7f6a370ec46c9fef,True,,,,,,,,,,1.0,1.0,1.0,1.0,0.12709852012500472,1.0,1.0,1.0,0.0,0.602218287539064
3205,b70d444b82722ea24,True,,,,,,,,,,1.0,1.0,0.5,1.0,1.0,1.0,0.0,0.0,0.0,0.3125
3206,38c6024c468e96db8,True,,,,,,,,,,1.0,1.0,1.0,1.0,0.17186100274213545,1.0,0.0,1.0,0.0,0.4912065633569173
3207,c62f78ae6b2bb3ad4,True,,,,,,,,,,1.0,0.0,1.0,1.0,0.23408752599780308,1.0,0.0,0.0,0.0,0.0
3208,5e4e80a50729b531a,True,,,,,,,,,,1.0,1.0,1.0,1.0,0.1315345919674876,1.0,1.0,1.0,0.0,0.6036045599898399
3209,2cc336777225529c2,True,,,,,,,,,,1.0,1.0,1.0,1.0,1.0,1.0,0.0,1.0,1.0,0.875
3210,cc640d20710f182c6,True,,,,,,,,,,0.0,1.0,1.0,1.0,1.0,0.0,1.0,0.0,0.0,0.0
3211,fb36ad22580aff945,True,,,,,,,,,,1.0,1.0,0.0,1.0,1.0,1.0,0.0,0.0,0.0,0.0
3212,1f85e503d38a543ba,True,,,,,,,,,,1.0,1.0,1.0,1.0,0.2154941352485851,1.0,0.0,0.0,0.0,0.37984191726518285
3213,04c0d966a74c0c8e0,True,,,,,,,,,,1.0,1.0,1.0,1.0,1.0,1.0,1.0,0.0,0.0,0.75
3214,c27589c1692f0a130,True,,,,,,,,,,1.0,1.0,1.0,1.0,0.2140294557924418,1.0,1.0,0.0,0.0,0.504384204935138
3215,4a16da9c6c03b5918,True,,,,,,,,,,1.0,1.0,1.0,1.0,0.10012540881463076,1.0,0.0,1.0,1.0,0.5937891902545721
3216,7c6eb3ebf2ec0a507,True,,,,,,,,,,1.0,1.0,1.0,1.0,1.0,1.0,0.0,0.0,0.0,0.625
3217,bc20b8c58a5cffb8d,True,,,,,,,,,,1.0,1.0,1.0,1.0,1.0,1.0,0.0,1.0,0.0,0.75
3218,5f64cfcf81e889869,True,,,,,,,,,,0.0,1.0,1.0,1.0,0.18082881997863204,0.0,0.0,1.0,0.0,0.0
3219,40f4ad799feb54f82,True,,,,,,,,,,1.0,1.0,1.0,0.0,1.0,1.0,1.0,1.0,1.0,0.0
3220,59af906a1320b6ea8,True,,,,,,,,,,1.0,1.0,1.0,1.0,0.33519634143342536,1.0,1.0,1.0,0.0,0.6672488566979454
3221,e87f91497184fed2b,True,,,,,,,,,,1.0,1.0,1.0,1.0,1.0,0.0,0.0,1.0,0.0,0.4375
3222,d6d8e9eb7b9c1befa,True,,,,,,,,,,1.0,1.0,1.0,1.0,0.0734645484801062,1.0,1.0,1.0,1.0,0.7104576714000332
3223,8f0ed4cbd9cfb8ff3,True,,,,,,,,,,1.0,1.0,1.0,1.0,1.0,1.0,1.0,0.0,0.0,0.75
3224,da66c0e7baeb30f35,True,,,,,,,,,,1.0,1.0,1.0,1.0,0.20442306151558992,1.0,0.0,0.0,0.0,0.3763822067236219
3225,4239966d2e8490d01,True,,,,,,,,,,1.0,1.0,1.0,1.0,0.2070378964718446,1.0,0.0,0.0,0.0,0.3771993426474514
3226,2f18d7c845a84a85c,True,,,,,,,,,,1.0,0.0,1.0,1.0,0.2620692555582815,1.0,0.0,0.0,0.0,0.0
3227,444448ad7659dcee6,True,,,,,,,,,,1.0,1.0,1.0,1.0,0.3485849983520839,1.0,0.0,0.0,0.0,0.42143281198502625
3228,2c3eb63a9cdff8129,True,,,,,,,,,,1.0,1.0,1.0,1.0,0.0,1.0,0.0,1.0,1.0,0.5625
3229,d617dbbef56f36875,True,,,,,,,,,,1.0,1.0,1.0,1.0,0.21059308259091575,1.0,0.0,0.0,0.0,0.37831033830966115
3230,38237140ae3e57418,True,,,,,,,,,,1.0,1.0,1.0,1.0,0.22073294763878998,1.0,1.0,0.0,0.0,0.5064790461371218
3231,95068a2e2c9c01e85,True,,,,,,,,,,1.0,1.0,1.0,1.0,0.20695541837639864,1.0,0.0,1.0,0.0,0.5021735682426246
3232,b4fddb3dce784392e,True,,,,,,,,,,1.0,1.0,1.0,1.0,1.0,1.0,0.0,1.0,0.0,0.75
3233,07d601991746bbf45,True,,,,,,,,,,0.0,1.0,1.0,1.0,1.0,0.0,0.0,1.0,0.0,0.0
3234,47349a858e8660e9e,True,,,,,,,,,,1.0,0.0,1.0,1.0,0.3484573056580348,1.0,1.0,0.0,0.0,0.0
3235,eafc663e431fb2efe,True,,,,,,,,,,1.0,1.0,1.0,1.0,0.18092641883807978,1.0,0.0,0.0,0.0,0.36903950588689993
3236,ad104e5c73f603ad8,True,,,,,,,,,,1.0,1.0,1.0,1.0,0.020794278262644576,1.0,1.0,1.0,1.0,0.6939982119570764
3237,9b4e2ae84afe8c832,True,,,,,,,,,,1.0,1.0,1.0,1.0,0.011528927116864918,1.0,1.0,1.0,1.0,0.6911027897240203
3238,02d2d3d4304682d94,True,,,,,,,,,,1.0,1.0,1.0,1.0,0.23455959765192116,1.0,1.0,1.0,0.0,0.6357998742662254
3239,fe81231e5ce13b101,True,,,,,,,,,,1.0,1.0,1.0,1.0,0.3070721962155412,1.0,0.0,0.0,0.0,0.4084600613173566
3240,41d2023a1a51da75e,True,,,,,,,,,,1.0,1.0,1.0,1.0,0.0,1.0,1.0,1.0,1.0,0.6875
3241,89d2e289ba7d3fd79,True,,,,,,,,,,1.0,1.0,0.5,1.0,1.0,1.0,0.0,0.0,0.0,0.3125
3242,d24b8e6fb44849b23,True,,,,,,,,,,1.0,0.0,1.0,1.0,0.43963859899370356,1.0,1.0,0.0,0.0,0.0
3243,7d7a22329b9cef777,True,,,,,,,,,,1.0,1.0,1.0,1.0,0.21470165260596075,1.0,0.0,0.0,0.0,0.3795942664393627
3244,e5e284a0009e877d9,True,,,,,,,,,,1.0,0.0,0.5,1.0,1.0,1.0,0.0,0.0,0.0,0.0
3245,b19bff260481a9a60,True,,,,,,,,,,1.0,1.0,1.0,1.0,0.37351587277329695,1.0,0.0,1.0,0.0,0.5542237102416553
3246,c0ff231e77243d969,True,,,,,,,,,,1.0,1.0,1.0,1.0,0.3632154652445231,1.0,0.0,0.0,0.0,0.42600483288891344
3247,14a818e9a0e3772dd,True,,,,,,,,,,1.0,1.0,0.5,1.0,0.2715140719092255,1.0,0.0,0.0,0.0,0.19867407373581647
3248,9985c549514dec050,True,,,,,,,,,,1.0,1.0,0.5,1.0,0.8694123332236608,1.0,0.0,0.0,0.0,0.292095677066197
3249,d50691398e89c58dd,True,,,,,,,,,,1.0,1.0,1.0,1.0,0.17764859252124857,1.0,0.0,1.0,0.0,0.49301518516289017
3250,6a435ef26f38889a0,True,,,,,,,,,,0.0,1.0,1.0,1.0,1.0,0.0,1.0,1.0,0.0,0.0
3251,486ba1da3162e9265,True,,,,,,,,,,1.0,1.0,1.0,1.0,0.5061217715603529,1.0,0.0,0.0,0.0,0.4706630536126103
3252,f1386d10ece58ca18,True,,,,,,,,,,1.0,1.0,1.0,1.0,0.1540278676710306,1.0,0.0,1.0,0.0,0.48563370864719707
3253,d4b0d052629a32f79,True,,,,,,,,,,1.0,1.0,1.0,1.0,0.050776209351458414,1.0,1.0,1.0,0.0,0.5783675654223308
3254,db7100201c9cbe2f6,True,,,,,,,,,,1.0,1.0,1.0,1.0,0.0,1.0,1.0,1.0,1.0,0.6875
3255,5dba5a1d4aea8c679,True,,,,,,,,,,1.0,1.0,1.0,1.0,0.17738782599120542,1.0,0.0,1.0,0.0,0.4929336956222517
3256,6c9c8eacefc209d52,True,,,,,,,,,,1.0,1.0,1.0,1.0,0.13863705036437687,1.0,1.0,1.0,0.0,0.6058240782388677
3257,1d37c78c98407e747,True,,,,,,,,,,0.0,1.0,1.0,1.0,1.0,0.0,0.0,1.0,0.0,0.0
3258,8499ef24e45dc8fa6,True,,,,,,,,,,1.0,1.0,0.5,1.0,1.0,1.0,0.0,0.0,0.0,0.3125
3259,d694ab7fc94aa5dcf,True,,,,,,,,,,1.0,1.0,1.0,1.0,0.0,1.0,1.0,1.0,1.0,0.6875
3260,892cab52968bdafc3,True,,,,,,,,,,1.0,1.0,1.0,1.0,1.0,1.0,1.0,1.0,0.0,0.875
3261,9818610284ab89cea,True,,,,,,,,,,1.0,1.0,1.0,1.0,0.06191450544643476,1.0,0.0,1.0,1.0,0.5818482829520109
3262,8a5b80c748963e0a4,True,,,,,,,,,,1.0,1.0,1.0,1.0,0.20251895569058814,1.0,1.0,0.0,0.0,0.5007871736533088
3263,b9b2eb5e7bcdfdb6b,True,,,,,,,,,,1.0,1.0,1.0,1.0,0.11523006880219945,1.0,1.0,1.0,0.0,0.5985093965006874
3264,e320a3747ddfe4a53,True,,,,,,,,,,1.0,1.0,1.0,1.0,0.1903691900390631,1.0,0.0,1.0,0.0,0.49699037188720724
3265,6cca874fda7a3507a,True,,,,,,,,,,1.0,1.0,1.0,1.0,1.0,1.0,0.0,0.0,0.0,0.625
3266,33ff9ec8e9bc148c8,True,,,,,,,,,,1.0,1.0,1.0,1.0,0.13597931913476916,1.0,1.0,1.0,0.0,0.6049935372296154
3267,b81b74ab58ca68574,True,,,,,,,,,,1.0,1.0,0.5,1.0,0.25965030212712376,1.0,0.0,0.0,0.0,0.19682035970736309
3268,527b9dd077cc88c6e,True,,,,,,,,,,1.0,1.0,0.5,1.0,0.9110167585258688,1.0,0.0,1.0,0.0,0.361096368519667
3269,2445e4f4ae3f0fc04,True,,,,,,,,,,1.0,1.0,1.0,1.0,1.0,1.0,0.0,1.0,0.0,0.75
3270,2bac8b14908f94a2b,True,,,,,,,,,,1.0,0.0,1.0,1.0,0.1844058061027415,1.0,1.0,1.0,0.0,0.0
3271,7442542b3671c78bc,True,,,,,,,,,,1.0,1.0,1.0,1.0,0.10543342813998713,1.0,0.0,1.0,1.0,0.595447946293746
3272,548f3a3e3c14a9e80,True,,,,,,,,,,1.0,1.0,0.5,1.0,0.7268140759523103,1.0,0.0,0.0,0.0,0.2698146993675485
3273,1cba72845abd54b1e,True,,,,,,,,,,1.0,1.0,1.0,1.0,0.09991026130130001,0.0,1.0,1.0,1.0,0.4062219566566563
3274,ea22bac93bab13f69,True,,,,,,,,,,1.0,1.0,1.0,1.0,0.19346135460494207,1.0,0.0,0.0,0.0,0.3729566733140444
3275,38cc35d94ab3f203c,True,,,,,,,,,,1.0,1.0,1.0,1.0,0.13530405099434284,1.0,0.0,1.0,0.0,0.4797825159357321
3276,bed081d2dd114adb6,True,,,,,,,,,,1.0,1.0,0.0,1.0,0.31847751827113707,1.0,0.0,0.0,0.0,0.0
3277,fa217f69e5273bf53,True,,,,,,,,,,1.0,1.0,1.0,1.0,0.0,1.0,1.0,1.0,1.0,0.6875
3278,2b500351ad1eb0fc8,True,,,,,,,,,,1.0,1.0,1.0,1.0,0.2494734822018582,1.0,1.0,1.0,0.0,0.6404604631880807
3279,73c6cac7e07b1cf4f,True,,,,,,,,,,1.0,0.0,1.0,1.0,0.16334589014875878,1.0,1.0,1.0,0.0,0.0
3280,40e319c83aab2731d,True,,,,,,,,,,1.0,1.0,1.0,1.0,0.2593284046478876,1.0,1.0,0.0,0.0,0.518540126452465
3281,477b98093c6f47fcc,True,,,,,,,,,,1.0,0.0,1.0,1.0,0.30380958752016013,1.0,1.0,1.0,0.0,0.0
3282,6b912a3796564dd7e,True,,,,,,,,,,1.0,1.0,1.0,1.0,0.14130900296368748,1.0,0.0,1.0,1.0,0.6066590634261524
3283,64173df5c7bc60b13,True,,,,,,,,,,1.0,1.0,1.0,1.0,0.0,1.0,0.0,1.0,1.0,0.5625
3284,1b26aaf90ef14383f,True,,,,,,,,,,1.0,1.0,1.0,1.0,0.33232954705601025,0.0,1.0,1.0,0.0,0.3538529834550032
3285,01edf32aa82765229,True,,,,,,,,,,1.0,0.0,1.0,1.0,1.0,1.0,0.0,1.0,0.0,0.0
3286,19f37ab0ecf15f254,True,,,,,,,,,,1.0,1.0,1.0,1.0,0.2349227241565615,1.0,0.0,1.0,0.0,0.5109133512989255
3287,f7e01b97b6868da57,True,,,,,,,,,,1.0,1.0,1.0,1.0,0.2982238583112838,1.0,0.0,0.0,0.0,0.4056949557222762
3288,44f34ef68cafc4814,True,,,,,,,,,,1.0,1.0,1.0,1.0,0.17545275704183017,1.0,1.0,1.0,0.0,0.617328986575572
3289,fb23a658d96acd780,True,,,,,,,,,,1.0,1.0,1.0,1.0,0.32112749576714644,1.0,1.0,0.0,0.0,0.5378523424272332
3290,96ae6eb1972fb4ba7,True,,,,,,,,,,1.0,1.0,1.0,1.0,0.2379554120274815,1.0,0.0,0.0,0.0,0.38686106625858796
3291,d6cfdfbe6733111b7,True,,,,,,,,,,1.0,1.0,1.0,1.0,1.0,1.0,0.0,1.0,0.0,0.75
3292,526b43badebf3eca2,True,,,,,,,,,,1.0,1.0,0.5,1.0,0.3407782248553728,1.0,0.0,0.0,0.0,0.209496597633652
3293,bab53404d010ca7f6,True,,,,,,,,,,1.0,1.0,1.0,1.0,0.23741649682977656,1.0,1.0,0.0,0.0,0.5116926552593052
3294,10b2a2e4969e65b18,True,,,,,,,,,,1.0,0.0,1.0,1.0,0.16608525152688872,1.0,1.0,1.0,0.0,0.0
3295,0b444583aebb693a7,True,,,,,,,,,,1.0,1.0,1.0,1.0,1.0,1.0,1.0,1.0,0.0,0.875
3296,46c11df9f73cc2f71,True,,,,,,,,,,1.0,1.0,1.0,1.0,0.0,1.0,1.0,1.0,1.0,0.6875
3297,038ec02db8bacb10c,True,,,,,,,,,,1.0,1.0,1.0,1.0,0.0020968363149837877,1.0,1.0,1.0,1.0,0.6881552613484324
3298,6d0d47e6df17b8442,True,,,,,,,,,,1.0,0.0,1.0,1.0,0.21889431848417543,1.0,1.0,0.0,0.0,0.0
3299,8fe0f4c205937d179,True,,,,,,,,,,1.0,1.0,1.0,1.0,0.05923120502148566,1.0,0.0,1.0,1.0,0.5810097515692143
3300,624b352e4b7f8d830,True,,,,,,,,,,1.0,1.0,1.0,1.0,0.21622636482011612,1.0,1.0,0.0,0.0,0.5050707390062863
3301,b7e52abb299941045,True,,,,,,,,,,1.0,1.0,1.0,1.0,1.0,1.0,1.0,1.0,0.0,0.875
3302,1b844c67dec9fe5a6,True,,,,,,,,,,1.0,1.0,1.0,1.0,0.2034977389426971,1.0,0.0,0.0,0.0,0.3760930434195928
3303,f3f8e9c3fd11d36f3,True,,,,,,,,,,1.0,1.0,1.0,1.0,0.03769382186104314,1.0,1.0,1.0,1.0,0.699279319331576
3304,32a33652619708c65,True,,,,,,,,,,1.0,1.0,1.0,1.0,0.2535405354432424,1.0,0.0,1.0,0.0,0.5167314173260132
3305,8477f7ad00092e6c2,True,,,,,,,,,,1.0,1.0,1.0,1.0,1.0,1.0,1.0,1.0,1.0,1.0
3306,c3d36eb7fd24a9ca2,True,,,,,,,,,,1.0,0.0,1.0,1.0,0.21316565980999924,1.0,0.0,0.0,0.0,0.0
3307,be29b04863547d0c1,True,,,,,,,,,,1.0,1.0,1.0,1.0,0.36531706591774593,1.0,1.0,1.0,0.0,0.6766615830992956
3308,25e23d201bebf3f7f,True,,,,,,,,,,1.0,1.0,1.0,1.0,0.14783612428406437,1.0,0.0,0.0,0.0,0.3586987888387701
3309,b33c373192c8560d1,True,,,,,,,,,,1.0,1.0,1.0,1.0,0.15572329729303153,1.0,1.0,1.0,0.0,0.6111635304040723
3310,aaa2921db2669810d,True,,,,,,,,,,1.0,1.0,1.0,1.0,0.22663644288247375,1.0,0.0,0.0,0.0,0.383323888400773
3311,28129e06d328f708d,True,,,,,,,,,,1.0,1.0,1.0,1.0,0.17247259774396126,1.0,0.0,0.0,0.0,0.3663976867949879
3312,2c5a6bcca688df5f6,True,,,,,,,,,,1.0,1.0,0.0,1.0,1.0,1.0,0.0,0.0,0.0,0.0
3313,5bfde4f04f6f9257a,True,,,,,,,,,,1.0,1.0,1.0,1.0,0.261989673951181,1.0,1.0,0.0,0.0,0.519371773109744
3314,67ceda29f620bb598,True,,,,,,,,,,1.0,1.0,1.0,1.0,1.0,1.0,1.0,1.0,0.0,0.875
3315,dc7426c833a3749d6,True,,,,,,,,,,1.0,0.0,1.0,1.0,0.170018862956066,1.0,1.0,1.0,1.0,0.0
3316,63a0b4eedb06db349,True,,,,,,,,,,1.0,0.0,0.0,1.0,1.0,1.0,0.0,0.0,0.0,0.0
3317,03777a197c96bea9d,True,,,,,,,,,,1.0,1.0,1.0,1.0,0.23622575346974442,1.0,1.0,0.0,0.0,0.5113205479592952
3318,965c2a5d3c105c295,True,,,,,,,,,,1.0,1.0,1.0,1.0,0.10868235697797957,1.0,1.0,1.0,0.0,0.5964632365556186
3319,4954200b641849a4c,True,,,,,,,,,,1.0,1.0,1.0,1.0,0.18618250562476069,1.0,0.0,1.0,0.0,0.4956820330077377
3320,764328b4ef560f8d6,True,,,,,,,,,,1.0,1.0,1.0,1.0,1.0,1.0,1.0,1.0,1.0,1.0
3321,4b3c2ee5f127a3fe4,True,,,,,,,,,,1.0,1.0,1.0,1.0,0.18368952004203767,1.0,0.0,0.0,0.0,0.3699029750131368
3322,cd1312c660b0759a0,True,,,,,,,,,,1.0,1.0,1.0,1.0,0.18024142436454568,1.0,1.0,1.0,0.0,0.6188254451139206
3323,cac170c5a828b564b,True,,,,,,,,,,1.0,1.0,1.0,1.0,0.20805438062634732,1.0,1.0,0.0,0.0,0.5025169939457336
3324,e78314605bf2c19c9,True,,,,,,,,,,1.0,1.0,1.0,1.0,0.16051165196884126,1.0,1.0,1.0,1.0,0.7376598912402629
3325,5fd00e9375f6b46f9,True,,,,,,,,,,1.0,1.0,1.0,1.0,0.1269479917883672,1.0,0.0,1.0,1.0,0.6021712474338647
3326,5a73952aa052dbbce,True,,,,,,,,,,1.0,1.0,1.0,1.0,0.46394955786570075,1.0,0.0,1.0,0.0,0.5824842368330315
3327,27ddf7be2179b60af,True,,,,,,,,,,1.0,1.0,1.0,1.0,0.21462966358053323,1.0,0.0,1.0,0.0,0.5045717698689166
3328,24d9e424388a37357,True,,,,,,,,,,1.0,1.0,1.0,1.0,0.0,1.0,0.0,1.0,1.0,0.5625
3329,d748c74cc9549b8fe,True,,,,,,,,,,1.0,1.0,1.0,1.0,0.06693416758394052,1.0,1.0,1.0,1.0,0.7084169273699814
3330,2c7084169dfd8a99a,True,,,,,,,,,,1.0,0.0,0.5,1.0,1.0,1.0,0.0,0.0,0.0,0.0
3331,6abf3c8e9d73929cc,True,,,,,,,,,,1.0,1.0,1.0,1.0,0.15099651124413357,1.0,1.0,1.0,0.0,0.6096864097637917
3332,3d7cd2f667f2292d5,True,,,,,,,,,,1.0,0.0,1.0,1.0,0.1604544446381845,1.0,0.0,0.0,0.0,0.0
3333,d24b5a7c9247ecd43,True,,,,,,,,,,1.0,1.0,1.0,1.0,0.2233318135815664,1.0,1.0,1.0,1.0,0.7572911917442395
3334,dd01f78238cd88b26,True,,,,,,,,,,1.0,1.0,1.0,1.0,0.21163987835151646,1.0,1.0,1.0,0.0,0.6286374619848489
3335,e9678d2903b5f46d6,True,,,,,,,,,,1.0,1.0,1.0,1.0,0.41701950007336613,1.0,0.0,1.0,0.0,0.567818593772927
3336,5d362d17d2494ac7c,True,,,,,,,,,,1.0,1.0,1.0,1.0,0.0030483029680845766,1.0,1.0,1.0,1.0,0.6884525946775264
3337,03e533b28bfac776e,True,,,,,,,,,,1.0,1.0,0.5,1.0,0.991590375664502,1.0,1.0,0.0,0.0,0.3736859961975785
3338,0b1c3be99252f24af,True,,,,,,,,,,1.0,1.0,1.0,1.0,1.0,1.0,1.0,1.0,0.0,0.875
3339,87d2841ebf764daf7,True,,,,,,,,,,1.0,1.0,1.0,1.0,0.037865724598531394,1.0,1.0,1.0,1.0,0.6993330389370411
3340,da3afbb4ab75483b4,True,,,,,,,,,,1.0,0.0,0.5,1.0,0.6713064231289348,1.0,0.0,0.0,0.0,0.0
3341,f94ffca3fb08a2c86,True,,,,,,,,,,1.0,1.0,0.5,1.0,0.2835983846967409,1.0,0.0,0.0,0.0,0.20056224760886576
3342,50268da879011f241,True,,,,,,,,,,1.0,0.0,1.0,1.0,1.0,1.0,1.0,1.0,0.0,0.0
3343,b9bc285e03f488e64,True,,,,,,,,,,1.0,1.0,1.0,1.0,1.0,1.0,0.0,1.0,1.0,0.875
3344,38bdb6df2119d0042,True,,,,,,,,,,1.0,0.0,1.0,1.0,0.21149015125870216,1.0,0.0,0.0,0.0,0.0
3345,32dff9c93368fc640,True,,,,,,,,,,1.0,1.0,1.0,1.0,0.520488262848517,1.0,0.0,0.0,0.0,0.47515258214016154
3346,c3fa7a5ee86676098,True,,,,,,,,,,1.0,1.0,1.0,1.0,0.21347157135044903,1.0,1.0,0.0,0.0,0.5042098660470153
3347,2271e9cd227826682,True,,,,,,,,,,1.0,1.0,1.0,1.0,0.0,1.0,1.0,1.0,1.0,0.6875
3348,778f661244251a842,True,,,,,,,,,,1.0,1.0,1.0,1.0,1.0,1.0,1.0,1.0,0.0,0.875
3349,997169e70df191713,True,,,,,,,,,,1.0,1.0,1.0,1.0,0.10450886519403729,1.0,0.0,1.0,1.0,0.5951590203731367
3350,cd7d476e450a5083d,True,,,,,,,,,,1.0,0.0,1.0,1.0,0.13255989584035952,1.0,1.0,1.0,0.0,0.0
3351,cc8fe959edbcbe076,True,,,,,,,,,,1.0,1.0,1.0,1.0,0.38184900982076514,1.0,0.0,1.0,0.0,0.5568278155689891
3352,8a89ac1132afc51b4,True,,,,,,,,,,1.0,1.0,1.0,1.0,0.2265758173309135,1.0,1.0,1.0,0.0,0.6333049429159104
3353,03ba5f567d1b3dc30,True,,,,,,,,,,1.0,1.0,1.0,1.0,0.030495081011059934,1.0,1.0,1.0,1.0,0.6970297128159562
3354,db8e9c0ed37d0df11,True,,,,,,,,,,1.0,1.0,1.0,1.0,1.0,1.0,0.0,1.0,1.0,0.875
3355,c69efd29d5a9049e3,True,,,,,,,,,,1.0,1.0,1.0,1.0,0.23260326098272519,1.0,1.0,1.0,0.0,0.6351885190571016
3356,6cbd63c8a5077be25,True,,,,,,,,,,1.0,0.0,1.0,1.0,0.18416176694846767,1.0,0.0,1.0,0.0,0.0
3357,de7117fede978534c,True,,,,,,,,,,1.0,1.0,0.5,1.0,1.0,1.0,0.0,1.0,0.0,0.375
3358,114cffc6aed0cbf4b,True,,,,,,,,,,1.0,0.0,1.0,1.0,0.1416463191550049,1.0,0.0,1.0,0.0,0.0
3359,9eb568210e6566dd5,True,,,,,,,,,,1.0,1.0,1.0,1.0,0.17099717277784182,1.0,0.0,1.0,0.0,0.4909366164930756
3360,bba03402f6222135f,True,,,,,,,,,,0.5,1.0,1.0,1.0,1.0,0.0,1.0,1.0,0.0,0.28125
3361,8dfa62e95dcb416e8,True,,,,,,,,,,1.0,1.0,1.0,1.0,0.14053754002920715,1.0,1.0,1.0,0.0,0.6064179812591273
3362,f62d00569dc5be2b9,True,,,,,,,,,,1.0,1.0,1.0,1.0,0.0,1.0,1.0,1.0,1.0,0.6875
3363,ad3a915c556a5c581,True,,,,,,,,,,1.0,1.0,0.5,1.0,0.994595741938678,1.0,0.0,0.0,0.0,0.31165558467791843
3364,76112959f0c3cee44,True,,,,,,,,,,1.0,1.0,1.0,1.0,0.09224655570370614,1.0,1.0,1.0,0.0,0.5913270486574081
3365,98f63c421f75a8ead,True,,,,,,,,,,1.0,1.0,1.0,1.0,1.0,1.0,0.0,1.0,0.0,0.75
3366,cf6ea1483f38bad12,True,,,,,,,,,,1.0,1.0,1.0,1.0,0.12947453684519417,1.0,0.0,1.0,0.0,0.4779607927641232
3367,b1c50bd50a2ae1355,True,,,,,,,,,,1.0,1.0,1.0,1.0,0.1408123736533913,1.0,1.0,0.0,0.0,0.4815038667666848
3368,82dd82d413d8fdf95,True,,,,,,,,,,1.0,1.0,1.0,1.0,0.0,1.0,1.0,1.0,1.0,0.6875
3369,1c9335961ee565478,True,,,,,,,,,,1.0,1.0,1.0,1.0,0.33128163309210884,1.0,1.0,0.0,0.0,0.541025510341284
3370,0128e6a2b97ff89b5,True,,,,,,,,,,0.0,1.0,1.0,1.0,1.0,0.0,0.0,0.0,0.0,0.0
3371,9bd2024518849085f,True,,,,,,,,,,1.0,1.0,1.0,1.0,0.32642271603048734,1.0,0.0,0.0,0.0,0.4145070987595273
3372,ce6402fbad2038696,True,,,,,,,,,,1.0,0.0,0.5,1.0,0.8702576687362107,1.0,0.0,0.0,0.0,0.0
3373,58ab5764f037eca22,True,,,,,,,,,,1.0,0.0,1.0,1.0,0.15473655758351704,1.0,0.0,1.0,0.0,0.0
3374,630694a2f5646413d,True,,,,,,,,,,1.0,1.0,0.0,1.0,1.0,1.0,0.0,0.0,0.0,0.0
3375,2ad6d15da5c47d1be,True,,,,,,,,,,1.0,1.0,1.0,1.0,0.18927075223793993,1.0,0.0,1.0,0.0,0.49664711007435625
3376,d02247bc43841f48b,True,,,,,,,,,,1.0,1.0,1.0,1.0,0.012632993190820918,1.0,0.0,1.0,1.0,0.5664478103721315
3377,49922a7c280248e59,True,,,,,,,,,,1.0,1.0,1.0,1.0,0.13158546493804507,1.0,1.0,1.0,0.0,0.6036204577931391
3378,bb539282bfa7303c7,True,,,,,,,,,,1.0,1.0,1.0,1.0,0.28900698252302587,1.0,0.0,1.0,0.0,0.5278146820384456
3379,9d5110bb7daed22bf,True,,,,,,,,,,1.0,1.0,1.0,1.0,0.15080204739625697,1.0,0.0,1.0,1.0,0.6096256398113303
3380,aaaeb97c15db0e2f6,True,,,,,,,,,,1.0,1.0,1.0,1.0,0.1982549837137742,1.0,1.0,0.0,0.0,0.49945468241055446
3381,dcf19e94036cc47aa,True,,,,,,,,,,1.0,1.0,0.5,1.0,0.47940716654593635,1.0,0.0,1.0,0.0,0.29365736977280255
3382,d0bc7d7a692a6b0e9,True,,,,,,,,,,0.0,1.0,1.0,1.0,1.0,0.0,1.0,1.0,0.0,0.0
3383,c3b8d6641081a7618,True,,,,,,,,,,1.0,0.0,1.0,1.0,1.0,1.0,1.0,1.0,0.0,0.0
3384,3048f4817a5a5e48b,True,,,,,,,,,,1.0,1.0,1.0,1.0,1.0,1.0,0.0,1.0,0.0,0.75
3385,7cef24e9f023c00e8,True,,,,,,,,,,1.0,1.0,1.0,1.0,0.2414913977640171,1.0,1.0,0.0,0.0,0.5129660618012554
3386,1d9b777552553488e,True,,,,,,,,,,1.0,1.0,0.5,1.0,0.4777497777743273,1.0,0.0,1.0,0.0,0.2933984027772386
3387,c9ac843f74b17080f,True,,,,,,,,,,1.0,1.0,1.0,1.0,0.055106641641814835,1.0,1.0,1.0,1.0,0.7047208255130671
3388,ee835d04e79982ac7,True,,,,,,,,,,1.0,1.0,1.0,1.0,0.4542334864976123,1.0,0.0,1.0,0.0,0.5794479645305038
3389,531b93949ba10107b,True,,,,,,,,,,1.0,1.0,1.0,1.0,0.33983456015490937,1.0,1.0,1.0,0.0,0.6686983000484092
3390,c4db0ed678d459874,True,,,,,,,,,,1.0,1.0,1.0,1.0,0.21440900300127225,1.0,0.0,0.0,0.0,0.3795028134378976
3391,a752f273da4956217,True,,,,,,,,,,1.0,1.0,1.0,1.0,0.38987750913535546,1.0,1.0,1.0,0.0,0.6843367216047986
3392,1730cbbbd72e9ce7d,True,,,,,,,,,,0.0,1.0,1.0,1.0,1.0,0.0,0.0,1.0,0.0,0.0
3393,087f308c89d8be0ec,True,,,,,,,,,,1.0,1.0,1.0,1.0,0.14603485897656573,1.0,1.0,1.0,0.0,0.6081358934301768
3394,96e90fd2233ad685a,True,,,,,,,,,,1.0,0.0,0.5,1.0,0.8502656079379023,1.0,0.0,0.0,0.0,0.0
3395,a34ac70446a543335,True,,,,,,,,,,1.0,1.0,1.0,1.0,0.0,1.0,0.0,1.0,1.0,0.5625
3396,a50c0b5a789ee7174,True,,,,,,,,,,1.0,1.0,1.0,1.0,0.20128990025343774,1.0,0.0,0.0,0.0,0.3754030938291993
3397,3a914696b13bea070,True,,,,,,,,,,1.0,1.0,1.0,1.0,0.17188656956043827,1.0,0.0,1.0,0.0,0.49121455298763694
3398,c1b9b8e570da075bf,True,,,,,,,,,,1.0,1.0,1.0,1.0,1.0,1.0,1.0,1.0,0.0,0.875
3399,1e2b6420a190b7d56,True,,,,,,,,,,1.0,1.0,1.0,1.0,0.3717218259322202,1.0,1.0,0.0,0.0,0.5536630706038188
3400,1c719a50f45d2db1e,True,,,,,,,,,,1.0,1.0,1.0,1.0,0.23642512176609645,1.0,0.0,0.0,0.0,0.38638285055190513
3401,ae43de39d8b2ab73c,True,,,,,,,,,,1.0,1.0,1.0,1.0,0.0,1.0,0.0,1.0,1.0,0.5625
3402,28d54bc8604f16c63,True,,,,,,,,,,1.0,1.0,1.0,1.0,0.08796279523950457,1.0,0.0,1.0,1.0,0.5899883735123452
3403,ba3f20b19ddb93cb1,True,,,,,,,,,,1.0,1.0,1.0,1.0,0.3946126331142622,1.0,1.0,0.0,0.0,0.560816447848207
3404,4f7f3184912163792,True,,,,,,,,,,1.0,1.0,1.0,1.0,0.3449883681670263,1.0,0.0,0.0,0.0,0.4203088650521957
3405,5e9774a9c27631bee,True,,,,,,,,,,1.0,0.0,1.0,1.0,0.3561828270820893,1.0,1.0,1.0,0.0,0.0
3406,7af1b1dbb5689cb43,True,,,,,,,,,,1.0,1.0,1.0,1.0,0.08683597554320259,1.0,1.0,1.0,1.0,0.7146362423572508
3407,4f4151894f1e74390,True,,,,,,,,,,1.0,1.0,1.0,1.0,0.1864680289410897,1.0,0.0,1.0,0.0,0.49577125904409053
3408,7206aa9198632886d,True,,,,,,,,,,1.0,1.0,1.0,1.0,0.17192415148127815,1.0,0.0,1.0,0.0,0.4912262973378994
3409,dd724782a844b55a6,True,,,,,,,,,,1.0,1.0,1.0,1.0,1.0,1.0,0.0,0.0,0.0,0.625
3410,f69feac0ce4643512,True,,,,,,,,,,1.0,1.0,1.0,1.0,0.14406007958963354,1.0,1.0,1.0,0.0,0.6075187748717605
3411,bf77adfc09f7cebc5,True,,,,,,,,,,1.0,1.0,1.0,1.0,0.3045327147064455,1.0,1.0,0.0,0.0,0.5326664733457642
3412,b6030dfa5349bcc9b,True,,,,,,,,,,1.0,1.0,1.0,1.0,0.2895224721165562,1.0,1.0,0.0,0.0,0.5279757725364238
3413,7ac64209033f8834f,True,,,,,,,,,,1.0,1.0,1.0,1.0,0.034946208352747476,1.0,0.0,1.0,1.0,0.5734206901102337
3414,e7ae2cd68d33a847e,True,,,,,,,,,,1.0,1.0,1.0,1.0,0.20092684607312722,1.0,0.0,0.0,0.0,0.37528963939785226
3415,11143001e21e68daf,True,,,,,,,,,,1.0,1.0,1.0,1.0,0.15990525033311834,1.0,1.0,1.0,0.0,0.6124703907290995
3416,d227ec1d4a92cd5fe,True,,,,,,,,,,1.0,1.0,1.0,1.0,0.15024327803251392,1.0,1.0,1.0,0.0,0.6094510243851605
3417,44e8cafa5fe4603a5,True,,,,,,,,,,1.0,1.0,1.0,1.0,0.3333650742149667,1.0,0.0,0.0,0.0,0.4166765856921771
3418,da1d2937d8bad05e3,True,,,,,,,,,,1.0,1.0,1.0,1.0,0.09237223583957384,1.0,1.0,1.0,1.0,0.7163663236998667
3419,c55fd3e0272579bda,True,,,,,,,,,,1.0,1.0,1.0,1.0,0.2543999339883914,1.0,1.0,1.0,0.0,0.6419999793713723
3420,5de1e274bd9229940,True,,,,,,,,,,1.0,1.0,1.0,1.0,1.0,1.0,1.0,1.0,1.0,1.0
3421,fd516de1672fb997a,True,,,,,,,,,,1.0,0.0,1.0,1.0,1.0,1.0,0.0,1.0,0.0,0.0
3422,bec83a5e0a0ea8c80,True,,,,,,,,,,1.0,1.0,1.0,1.0,0.23074136898716993,1.0,0.0,0.0,0.0,0.3846066778084906
3423,098638022c2e17fd7,True,,,,,,,,,,1.0,1.0,1.0,1.0,0.030410727799896647,1.0,0.0,1.0,1.0,0.5720033524374677
3424,dd091b9e715ca6370,True,,,,,,,,,,1.0,1.0,1.0,1.0,0.04993095702161833,1.0,1.0,1.0,1.0,0.7031034240692557
3425,91c1ae75902e09e0c,True,,,,,,,,,,1.0,1.0,1.0,1.0,0.33891067737564323,1.0,1.0,1.0,0.0,0.6684095866798885
3426,2f7d514e5c41a23d7,True,,,,,,,,,,1.0,1.0,0.5,1.0,0.9414738009370823,1.0,0.0,1.0,0.0,0.3658552813964191
3427,f21a1d0c82db2ce84,True,,,,,,,,,,1.0,1.0,1.0,1.0,0.09082956251042049,1.0,0.0,1.0,1.0,0.5908842382845064
3428,d50c124d290a31078,True,,,,,,,,,,1.0,0.0,0.5,1.0,0.9885106110764863,1.0,0.0,0.0,0.0,0.0
3429,0c5705a24a60a8fd4,True,,,,,,,,,,1.0,1.0,1.0,1.0,0.010942936196007723,1.0,0.0,1.0,1.0,0.5659196675612523
3430,1e843d54340d01971,True,,,,,,,,,,0.5,1.0,1.0,1.0,0.48345178285884377,0.0,1.0,1.0,0.0,0.20053934107169435
3431,4b7a0a59fd31c7c90,True,,,,,,,,,,1.0,1.0,0.5,1.0,0.5261759648443366,1.0,0.0,0.0,0.0,0.2384649945069276
3432,c40c7b11924becb1b,True,,,,,,,,,,1.0,1.0,1.0,1.0,1.0,1.0,1.0,0.0,0.0,0.75
3433,c4c07e77aa29efd40,True,,,,,,,,,,1.0,1.0,1.0,1.0,0.21526510701640902,1.0,1.0,1.0,0.0,0.6297703459426278
3434,198e5922fee004f44,True,,,,,,,,,,1.0,1.0,1.0,1.0,0.17691864236135096,1.0,1.0,1.0,0.0,0.6177870757379222
3435,4d115c250e5dc02b1,True,,,,,,,,,,1.0,1.0,1.0,1.0,0.0,1.0,1.0,1.0,1.0,0.6875
3436,08ad22cbb4d9d003b,True,,,,,,,,,,1.0,0.0,1.0,1.0,1.0,0.0,1.0,0.0,0.0,0.0
3437,ed00ab86d2c2f5767,True,,,,,,,,,,1.0,1.0,1.0,1.0,0.0654035434850754,1.0,0.0,1.0,1.0,0.5829386073390861
3438,56f5b7c7a036edaad,True,,,,,,,,,,1.0,1.0,1.0,1.0,0.2301935093926309,1.0,1.0,1.0,0.0,0.6344354716851972
3439,ae177687d99242cad,True,,,,,,,,,,1.0,1.0,1.0,1.0,0.16294452084310465,1.0,1.0,1.0,0.0,0.6134201627634702
3440,a8318f7cafe4396ae,True,,,,,,,,,,1.0,0.0,1.0,1.0,0.15923532800399123,1.0,0.0,1.0,0.0,0.0
3441,85c1d52fe9fa2e443,True,,,,,,,,,,1.0,0.0,1.0,1.0,0.21429915667701852,1.0,0.0,0.0,0.0,0.0
3442,55a589ced770cbf72,True,,,,,,,,,,1.0,1.0,1.0,1.0,0.2647569757745721,1.0,0.0,0.0,0.0,0.3952365549295538
3443,f23480d4e2e5e6146,True,,,,,,,,,,1.0,1.0,1.0,1.0,0.4039138216729009,1.0,1.0,1.0,0.0,0.6887230692727815
3444,9bcb66e43b4092040,True,,,,,,,,,,1.0,0.0,1.0,1.0,0.45823045175790633,1.0,0.0,1.0,0.0,0.0
3445,f785ce4a119cc22a1,True,,,,,,,,,,1.0,1.0,1.0,1.0,1.0,1.0,0.0,1.0,0.0,0.75
3446,e742e687d4142df74,True,,,,,,,,,,1.0,1.0,1.0,1.0,0.20861843682848752,1.0,1.0,1.0,0.0,0.6276932615089024
3447,54d9c82ef12c0980e,True,,,,,,,,,,1.0,1.0,1.0,1.0,0.17209385368754995,1.0,0.0,1.0,0.0,0.49127932927735934
3448,565b302cf79ef624e,True,,,,,,,,,,1.0,1.0,1.0,1.0,0.2090376392631575,1.0,0.0,0.0,0.0,0.3778242622697367
3449,56c892f39067ffb33,True,,,,,,,,,,1.0,1.0,1.0,1.0,0.19129501736057825,1.0,1.0,1.0,0.0,0.6222796929251807
3450,f65fc2cd212c5af85,True,,,,,,,,,,1.0,1.0,1.0,1.0,0.45492555437,1.0,1.0,0.0,0.0,0.579664235740625
3451,52998366db81d0fca,True,,,,,,,,,,1.0,1.0,1.0,1.0,0.21990495430302806,1.0,1.0,0.0,0.0,0.5062202982196963
3452,6eff7e6fb5d5bcf04,True,,,,,,,,,,1.0,1.0,1.0,1.0,0.06978211906612558,1.0,1.0,1.0,1.0,0.7093069122081642
3453,26fc6837ede450373,True,,,,,,,,,,1.0,1.0,1.0,1.0,0.21472190853501727,1.0,1.0,1.0,0.0,0.6296005964171929
3454,15605fa49f762af2f,True,,,,,,,,,,1.0,1.0,1.0,1.0,0.0,1.0,0.0,1.0,1.0,0.5625
3455,38a27d438189dcb29,True,,,,,,,,,,1.0,1.0,1.0,1.0,0.18927100860339613,1.0,1.0,1.0,1.0,0.7466471901885613
3456,0165cb0adcfce3796,True,,,,,,,,,,1.0,0.0,1.0,1.0,0.27303194082387805,1.0,1.0,1.0,0.0,0.0
3457,90bac953ef7d525b5,True,,,,,,,,,,1.0,1.0,1.0,1.0,0.10363663773977776,1.0,1.0,1.0,1.0,0.7198864492936805
3458,8ed1946abef82fdb9,True,,,,,,,,,,1.0,1.0,1.0,1.0,0.18102933437198246,1.0,0.0,1.0,0.0,0.4940716669912445
3459,2251eed913b2fbe46,True,,,,,,,,,,1.0,1.0,1.0,1.0,0.04876845913579937,1.0,1.0,1.0,1.0,0.7027401434799373
3460,42fd65053b0da11c1,True,,,,,,,,,,1.0,1.0,1.0,1.0,0.36633213132743114,1.0,1.0,1.0,1.0,0.8019787910398222
3461,332234ee590ff1dd2,True,,,,,,,,,,1.0,1.0,1.0,1.0,0.23076615088434335,1.0,1.0,1.0,0.0,0.6346144221513573
3462,626e000a64788c202,True,,,,,,,,,,1.0,1.0,1.0,1.0,0.29809230641783285,1.0,0.0,0.0,0.0,0.4056538457555728
3463,9506188a844465e23,True,,,,,,,,,,1.0,1.0,1.0,1.0,0.23356346763931596,1.0,1.0,0.0,0.0,0.5104885836372862
3464,9766a7687623d62c6,True,,,,,,,,,,1.0,1.0,1.0,1.0,0.09579088808880123,1.0,0.0,1.0,1.0,0.5924346525277504
3465,bd0a7b8b83e474560,True,,,,,,,,,,1.0,1.0,1.0,1.0,0.1256914268259456,1.0,0.0,1.0,1.0,0.601778570883108
3466,fedfbdfcf20092620,True,,,,,,,,,,1.0,1.0,1.0,1.0,0.018140093019875677,1.0,0.0,1.0,1.0,0.5681687790687111
3467,e02f0131e55e31509,True,,,,,,,,,,1.0,1.0,1.0,1.0,0.3081342791777085,1.0,1.0,0.0,0.0,0.5337919622430339
3468,88f98f8020b3e0f5f,True,,,,,,,,,,1.0,1.0,1.0,1.0,0.5061217715603529,1.0,0.0,0.0,0.0,0.4706630536126103
3469,da024028d53215ba3,True,,,,,,,,,,1.0,1.0,1.0,1.0,0.18637457722878467,1.0,1.0,1.0,0.0,0.6207420553839952
3470,b2ad6357566bfa454,True,,,,,,,,,,1.0,1.0,1.0,1.0,0.09909325813442245,1.0,0.0,1.0,0.0,0.46846664316700704
3471,d0a4601b1148fbc50,True,,,,,,,,,,1.0,1.0,1.0,1.0,0.14469955241586535,1.0,1.0,1.0,0.0,0.6077186101299579
3472,f743301660e4f13bf,True,,,,,,,,,,1.0,1.0,1.0,1.0,0.1459984622307837,1.0,1.0,1.0,0.0,0.6081245194471199
3473,f11206119e3dafe73,True,,,,,,,,,,1.0,1.0,1.0,1.0,0.16726453255110163,1.0,1.0,1.0,0.0,0.6147701664222193
3474,297ba1c65109e01ba,True,,,,,,,,,,1.0,1.0,1.0,1.0,0.16575021212211585,1.0,1.0,0.0,0.0,0.4892969412881612
3475,f7c257dc15f6031fb,True,,,,,,,,,,1.0,1.0,1.0,1.0,0.24114171349995128,1.0,0.0,0.0,0.0,0.3878567854687348
3476,6c762cea7e7e3f6b8,True,,,,,,,,,,1.0,1.0,1.0,1.0,1.0,1.0,1.0,1.0,0.0,0.875
3477,9b67c7e02ccf82bac,True,,,,,,,,,,1.0,1.0,1.0,1.0,1.0,1.0,0.0,1.0,1.0,0.875
3478,a8df9dde6ff732727,True,,,,,,,,,,1.0,1.0,1.0,1.0,0.2823921406428733,1.0,0.0,1.0,0.0,0.5257475439508978
3479,2a839dc18e91bbd40,True,,,,,,,,,,1.0,1.0,1.0,1.0,0.16654182902465142,1.0,0.0,1.0,0.0,0.48954432157020356
3480,7e909c56c1daea780,True,,,,,,,,,,1.0,1.0,1.0,1.0,0.1351520969187399,1.0,1.0,1.0,0.0,0.6047350302871062
3481,61b536394c345010e,True,,,,,,,,,,1.0,1.0,1.0,1.0,0.29267707750990385,1.0,1.0,0.0,0.0,0.5289615867218449
3482,fd168a37bcc4550df,True,,,,,,,,,,1.0,1.0,1.0,1.0,0.20391257955542647,1.0,0.0,0.0,0.0,0.37622268111107077
3483,fec1c3f2a8d0d6136,True,,,,,,,,,,1.0,1.0,0.0,1.0,1.0,1.0,0.0,0.0,0.0,0.0
3484,97e30986c37339a1b,True,,,,,,,,,,1.0,1.0,1.0,1.0,0.24724412677391094,1.0,1.0,0.0,0.0,0.5147637896168471
3485,83f19b2038c24367b,True,,,,,,,,,,1.0,1.0,1.0,1.0,1.0,1.0,1.0,1.0,1.0,1.0
3486,f32ce52441f70bfee,True,,,,,,,,,,1.0,1.0,1.0,1.0,0.2643200451026452,1.0,1.0,0.0,0.0,0.5201000140945766
3487,778099fc6283d21e0,True,,,,,,,,,,1.0,1.0,1.0,1.0,0.06709335629675789,1.0,1.0,1.0,1.0,0.7084666738427368
3488,bc79ecb5bdc5ca4f3,True,,,,,,,,,,1.0,1.0,1.0,1.0,0.1640601250276899,1.0,1.0,1.0,0.0,0.6137687890711531
3489,036d27d8003dd2f2e,True,,,,,,,,,,1.0,1.0,1.0,1.0,1.0,1.0,1.0,1.0,1.0,1.0
3490,c909e005442d28a9c,True,,,,,,,,,,1.0,1.0,1.0,1.0,0.13113548312445938,1.0,0.0,1.0,1.0,0.6034798384763935
3491,30ae4fd49fda24627,True,,,,,,,,,,1.0,1.0,1.0,1.0,0.35068140399604497,1.0,0.0,1.0,0.0,0.547087938748764
3492,687fb362f72d56b1d,True,,,,,,,,,,1.0,1.0,1.0,1.0,0.1462196192814881,1.0,1.0,1.0,1.0,0.733193631025465
3493,3f8c33cff8d582456,True,,,,,,,,,,1.0,1.0,1.0,1.0,0.07988718861813376,1.0,1.0,1.0,1.0,0.7124647464431668
3494,4da17212b5480fefc,True,,,,,,,,,,1.0,1.0,0.5,1.0,0.26905415266054833,1.0,0.0,0.0,0.0,0.19828971135321066
3495,7dd7378a3a19d8a0e,True,,,,,,,,,,1.0,1.0,1.0,1.0,0.20525525233563852,1.0,1.0,0.0,0.0,0.5016422663548871
3496,ce572306b1a6a0b96,True,,,,,,,,,,1.0,1.0,0.5,1.0,0.565930075663412,1.0,0.0,1.0,0.0,0.30717657432240814
3497,84c83fdf5cd2bf3d0,True,,,,,,,,,,1.0,1.0,0.0,1.0,1.0,1.0,0.0,0.0,0.0,0.0
3498,0c32d5324fdca8702,True,,,,,,,,,,1.0,1.0,1.0,1.0,0.22623775492742004,1.0,1.0,0.0,0.0,0.5081992984148187
3499,e7e93c5b22cdc4824,True,,,,,,,,,,1.0,1.0,1.0,1.0,0.17401554125654764,1.0,1.0,1.0,0.0,0.6168798566426712
3500,01ad91141d2668de6,True,,,,,,,,,,1.0,1.0,1.0,1.0,1.0,1.0,1.0,0.0,0.0,0.75
3501,17416a9c9123b7bc1,True,,,,,,,,,,1.0,1.0,1.0,1.0,0.2646245242815699,1.0,1.0,0.0,0.0,0.5201951638379906
3502,cfb8ea140d6258c81,True,,,,,,,,,,1.0,1.0,1.0,1.0,1.0,1.0,0.0,1.0,1.0,0.875
3503,7d00bd785ae5140f2,True,,,,,,,,,,1.0,1.0,1.0,1.0,0.4791103737674171,1.0,1.0,1.0,0.0,0.7122219918023178
3504,c398b0b20ab17435c,True,,,,,,,,,,1.0,1.0,1.0,1.0,0.0,1.0,0.0,1.0,0.0,0.4375
3505,4ec9148a1b26673a2,True,,,,,,,,,,1.0,1.0,1.0,1.0,0.3128648452651159,1.0,0.0,0.0,0.0,0.41027026414534873
3506,0308c9d9ebeab7805,True,,,,,,,,,,1.0,1.0,1.0,1.0,0.0,1.0,1.0,1.0,1.0,0.6875
3507,e6ece8d2d8cf12a8c,True,,,,,,,,,,1.0,1.0,1.0,1.0,0.0,1.0,0.0,1.0,1.0,0.5625
3508,737a6728f5f065a24,True,,,,,,,,,,1.0,1.0,1.0,1.0,0.03492581576236961,1.0,0.0,1.0,1.0,0.5734143174257404
3509,f228148d75c9d3b09,True,,,,,,,,,,1.0,1.0,1.0,1.0,0.19229949290210568,1.0,0.0,0.0,0.0,0.372593591531908
3510,f76b309e043384dcf,True,,,,,,,,,,1.0,1.0,1.0,1.0,0.235318854353464,1.0,0.0,0.0,0.0,0.38603714198545747
3511,060c2eff47b49d915,True,,,,,,,,,,1.0,1.0,0.0,1.0,1.0,1.0,0.0,0.0,0.0,0.0
3512,fbe98e6e1454f315c,True,,,,,,,,,,1.0,1.0,1.0,1.0,0.1712995098471242,1.0,1.0,1.0,0.0,0.6160310968272262
3513,f0a661b0e2a358ecf,True,,,,,,,,,,1.0,1.0,1.0,1.0,0.045976103026325335,1.0,1.0,1.0,1.0,0.7018675321957266
3514,fb2b568b2a055b83c,True,,,,,,,,,,1.0,1.0,1.0,1.0,0.1806927291453626,1.0,0.0,1.0,0.0,0.4939664778579258
3515,c5e30f61f4d10eee2,True,,,,,,,,,,1.0,1.0,1.0,1.0,0.014547808867761148,1.0,1.0,1.0,1.0,0.6920461902711754
3516,6fae01aed04d6fd01,True,,,,,,,,,,1.0,1.0,1.0,1.0,0.32112749576714644,1.0,1.0,0.0,0.0,0.5378523424272332
3517,c379f5f53ec8ac236,True,,,,,,,,,,1.0,1.0,1.0,1.0,0.30236102624847633,1.0,0.0,0.0,0.0,0.40698782070264883
3518,ca65ee7c58adc26d8,True,,,,,,,,,,1.0,1.0,1.0,1.0,1.0,1.0,0.0,1.0,1.0,0.875
3519,f4441ff7b0692d28d,True,,,,,,,,,,1.0,1.0,1.0,1.0,0.04209928199020311,1.0,0.0,1.0,1.0,0.5756560256219385
3520,c807c2486a7897e81,True,,,,,,,,,,0.0,1.0,1.0,1.0,0.22268416244506653,0.0,1.0,1.0,0.0,0.0
3521,a78de65bf5a2ee68b,True,,,,,,,,,,1.0,1.0,1.0,1.0,1.0,1.0,1.0,1.0,1.0,1.0
3522,dfb0b00c1c3dcaa0a,True,,,,,,,,,,1.0,1.0,1.0,1.0,0.29885390153857627,1.0,1.0,1.0,0.0,0.655891844230805
3523,01944b1d62426bc85,True,,,,,,,,,,1.0,0.0,1.0,1.0,1.0,1.0,1.0,1.0,1.0,0.0
3524,308f14ec6e576e4d7,True,,,,,,,,,,0.0,0.0,1.0,1.0,0.20766675879301089,0.0,0.0,1.0,0.0,0.0
3525,05ca5a62ce0754a30,True,,,,,,,,,,1.0,1.0,1.0,1.0,0.2298385603535487,1.0,0.0,0.0,0.0,0.38432455011048394
3526,c85dd3e87ba3c50e0,True,,,,,,,,,,1.0,1.0,1.0,1.0,0.0,1.0,0.0,1.0,1.0,0.5625
3527,7928a371230bc1be6,True,,,,,,,,,,1.0,1.0,1.0,1.0,1.0,1.0,1.0,1.0,1.0,1.0
3528,abf07a7ff20944b55,True,,,,,,,,,,1.0,1.0,1.0,1.0,0.2732375785774188,1.0,0.0,0.0,0.0,0.3978867433054434
3529,e3fffb822fb5efac2,True,,,,,,,,,,0.0,0.0,1.0,1.0,1.0,0.0,0.0,0.0,0.0,0.0
3530,7964eadbdbfc7f2a6,True,,,,,,,,,,1.0,0.0,1.0,1.0,0.10235470550697705,1.0,0.0,1.0,1.0,0.0
3531,b5927d9f04e5f04d4,True,,,,,,,,,,1.0,1.0,1.0,1.0,0.17133920546389483,0.0,1.0,1.0,0.0,0.30354350170746713
3532,51bb4445380dac75e,True,,,,,,,,,,1.0,1.0,1.0,1.0,0.1902524250070763,1.0,0.0,1.0,0.0,0.4969538828147113
3533,76d9e9afdcf9204ad,True,,,,,,,,,,1.0,1.0,1.0,1.0,1.0,1.0,1.0,1.0,0.0,0.875
3534,ac0e0083b3ca184aa,True,,,,,,,,,,1.0,0.0,1.0,1.0,0.2845160026965918,1.0,0.0,0.0,0.0,0.0
3535,43f884d69baea51f6,True,,,,,,,,,,1.0,0.0,1.0,1.0,0.3037594475277821,1.0,0.0,0.0,0.0,0.0
3536,9a9ccb6c7221c42a1,True,,,,,,,,,,1.0,1.0,1.0,1.0,0.1600732773532729,1.0,0.0,1.0,0.0,0.48752289917289776
3537,ece1be85754833649,True,,,,,,,,,,1.0,1.0,1.0,1.0,0.0,1.0,0.0,1.0,1.0,0.5625
3538,fa38f3940f913e8fd,True,,,,,,,,,,1.0,0.0,1.0,1.0,1.0,1.0,0.0,1.0,0.0,0.0
3539,2c22ca80805d11abc,True,,,,,,,,,,1.0,1.0,1.0,1.0,0.4555890822377731,1.0,0.0,1.0,0.0,0.5798715881993041
3540,59361619b736fa71d,True,,,,,,,,,,1.0,1.0,1.0,1.0,0.09604742204807995,1.0,0.0,1.0,1.0,0.5925148193900249
3541,a2b81e8e944dc724f,True,,,,,,,,,,1.0,1.0,1.0,1.0,0.26323561340069607,1.0,0.0,0.0,0.0,0.39476112918771755
3542,f74ee85d684d8a2c6,True,,,,,,,,,,1.0,1.0,1.0,1.0,0.0,1.0,0.0,0.0,0.0,0.3125
3543,ff2edd12a568b7eac,True,,,,,,,,,,1.0,1.0,1.0,1.0,0.24499987792574365,1.0,0.0,0.0,0.0,0.3890624618517949
3544,1189a6ada09f1958a,True,,,,,,,,,,1.0,1.0,1.0,1.0,0.47862434755286926,1.0,1.0,1.0,0.0,0.7120701086102716
3545,2c41c5664b187598f,True,,,,,,,,,,1.0,1.0,1.0,1.0,1.0,1.0,1.0,1.0,1.0,1.0
3546,b2a59535b3edfbc37,True,,,,,,,,,,1.0,1.0,1.0,1.0,0.244052303804437,1.0,1.0,0.0,0.0,0.5137663449388865
3547,3a181370dbfab5b1c,True,,,,,,,,,,1.0,1.0,1.0,1.0,0.13181613858180788,1.0,0.0,1.0,0.0,0.478692543306815
3548,2b1010d61e3c4e8ec,True,,,,,,,,,,1.0,1.0,1.0,1.0,0.17762425602073068,1.0,1.0,0.0,0.0,0.4930075800064783
3549,e2bde995b7f918cba,True,,,,,,,,,,1.0,1.0,1.0,1.0,0.2659952586624263,1.0,0.0,0.0,0.0,0.3956235183320082
3550,204d7543af9e55675,True,,,,,,,,,,1.0,1.0,1.0,1.0,0.11715754950492212,1.0,1.0,1.0,0.0,0.5991117342202882
3551,429111d26e72d90ae,True,,,,,,,,,,1.0,1.0,1.0,1.0,0.2607371923710017,1.0,1.0,1.0,1.0,0.768980372615938
3552,47333aea0afd08b32,True,,,,,,,,,,0.0,1.0,1.0,1.0,1.0,0.0,1.0,1.0,0.0,0.0
3553,bad2ff79565afa1d2,True,,,,,,,,,,1.0,1.0,1.0,1.0,0.14970224232165924,1.0,0.0,1.0,0.0,0.4842819507255185
3554,09bcac39474bd36a4,True,,,,,,,,,,1.0,1.0,1.0,1.0,0.012084732399720582,1.0,1.0,1.0,1.0,0.6912764788749126
3555,8b829bb6658bc36c8,True,,,,,,,,,,0.0,1.0,1.0,1.0,0.2373275095609583,0.0,0.0,0.0,0.0,0.0
3556,3e4a969700de7141a,True,,,,,,,,,,1.0,1.0,1.0,1.0,1.0,1.0,0.0,1.0,0.0,0.75
3557,63c3e07f95869dd8a,True,,,,,,,,,,1.0,1.0,1.0,1.0,1.0,1.0,0.0,0.0,0.0,0.625
3558,b7670ba8822752554,True,,,,,,,,,,1.0,1.0,1.0,1.0,0.09400935957515126,1.0,1.0,1.0,1.0,0.7168779248672348
3559,e4755b06844a3bf92,True,,,,,,,,,,1.0,1.0,1.0,1.0,0.32499265996754767,1.0,0.0,0.0,0.0,0.4140602062398586
3560,4cf3497675a6d22b9,True,,,,,,,,,,1.0,1.0,1.0,1.0,0.13391932974972284,1.0,0.0,1.0,0.0,0.4793497905467884
3561,9600f9f6992618229,True,,,,,,,,,,1.0,1.0,1.0,1.0,0.1443710154012393,1.0,0.0,1.0,1.0,0.6076159423128873
3562,35dde9258cf9db5c2,True,,,,,,,,,,1.0,1.0,1.0,1.0,0.15079751192957164,1.0,0.0,1.0,0.0,0.48462422247799114
3563,4f3ef64863f32d7b6,True,,,,,,,,,,1.0,0.0,1.0,1.0,0.3586955620219572,1.0,0.0,0.0,0.0,0.0
3564,43e9554b328e8aa7f,True,,,,,,,,,,1.0,1.0,1.0,1.0,0.20749584654348524,1.0,0.0,0.0,0.0,0.3773424520448391
3565,0abe9e69bf806a8c4,True,,,,,,,,,,1.0,1.0,1.0,1.0,0.0,1.0,1.0,1.0,1.0,0.6875
3566,4dcc314181f8e6c97,True,,,,,,,,,,1.0,1.0,1.0,1.0,0.014555645937624742,1.0,1.0,1.0,1.0,0.6920486393555078
3567,5a9483df05571155b,True,,,,,,,,,,1.0,1.0,1.0,1.0,0.2677525420110808,1.0,1.0,0.0,0.0,0.5211726693784627
3568,c989b3ae7e9270d2d,True,,,,,,,,,,1.0,1.0,1.0,1.0,0.10665130972695276,1.0,1.0,1.0,1.0,0.7208285342896728
3569,0ba1b091bdfec6628,True,,,,,,,,,,1.0,1.0,1.0,1.0,0.342770377578981,1.0,0.0,0.0,0.0,0.4196157429934316
3570,9748e22b4bb8ade92,True,,,,,,,,,,1.0,1.0,1.0,1.0,0.23154001698117907,1.0,0.0,0.0,0.0,0.3848562553066185
3571,aa52fd60e4fa0f00c,True,,,,,,,,,,1.0,1.0,1.0,1.0,0.0,1.0,0.0,1.0,1.0,0.5625
3572,c193d278e26794340,True,,,,,,,,,,1.0,1.0,1.0,1.0,0.16338710254861272,1.0,0.0,1.0,0.0,0.48855846954644144
3573,25db319b5b2d36844,True,,,,,,,,,,1.0,1.0,1.0,1.0,0.0,1.0,1.0,1.0,1.0,0.6875
3574,3843fa52f9eff158e,True,,,,,,,,,,0.5,0.0,0.5,1.0,1.0,0.0,0.0,0.0,0.0,0.0
3575,583b2af0de861778c,True,,,,,,,,,,1.0,1.0,0.5,1.0,0.45894986520902054,1.0,0.0,1.0,0.0,0.2904609164389095
3576,59b05ded13f97b278,True,,,,,,,,,,1.0,1.0,1.0,1.0,0.2142079462106379,1.0,0.0,0.0,0.0,0.37943998319082434
3577,19cc6e3c4179dce92,True,,,,,,,,,,1.0,1.0,1.0,1.0,0.07523116567095336,1.0,0.0,1.0,1.0,0.5860097392721729
3578,c02f1f464e464fc07,True,,,,,,,,,,1.0,1.0,1.0,1.0,0.0814297855312842,1.0,1.0,1.0,1.0,0.7129468079785264
3579,d4b7ede155f05dff3,True,,,,,,,,,,1.0,0.0,1.0,1.0,1.0,1.0,0.0,0.0,0.0,0.0
3580,b18dce3363c25fc91,True,,,,,,,,,,0.0,0.0,0.5,1.0,0.6219772697234112,0.0,0.0,1.0,0.0,0.0
3581,92dbe7647ced9cbf0,True,,,,,,,,,,1.0,1.0,1.0,1.0,0.2349939687146918,1.0,0.0,1.0,0.0,0.5109356152233412
3582,ceeb78663a0b4f09b,True,,,,,,,,,,1.0,1.0,1.0,1.0,0.21047404652546473,1.0,0.0,0.0,0.0,0.3782731395392077
3583,dc140e9555d47bb86,True,,,,,,,,,,1.0,1.0,1.0,1.0,0.14835553918125735,1.0,1.0,1.0,0.0,0.6088611059941429
3584,6e060f8eb067a3b37,True,,,,,,,,,,1.0,1.0,0.0,1.0,1.0,1.0,0.0,0.0,0.0,0.0
3585,b909db4a1499a9c5b,True,,,,,,,,,,1.0,1.0,1.0,1.0,0.21122865647715752,1.0,1.0,0.0,0.0,0.5035089551491118
3586,e6c702d5c053c4516,True,,,,,,,,,,1.0,1.0,1.0,1.0,0.0,1.0,0.0,1.0,1.0,0.5625
3587,3eeb39076cf2c1547,True,,,,,,,,,,0.0,1.0,1.0,1.0,1.0,0.0,1.0,1.0,0.0,0.0
3588,4e6440872891a9f19,True,,,,,,,,,,1.0,0.0,1.0,1.0,1.0,1.0,0.0,0.0,0.0,0.0
3589,3e0c9c2ea255fd348,True,,,,,,,,,,1.0,1.0,1.0,1.0,0.4701474937263308,1.0,0.0,1.0,0.0,0.5844210917894783
3590,660b054f474f6bec1,True,,,,,,,,,,1.0,1.0,1.0,1.0,0.14208118926735458,1.0,1.0,1.0,0.0,0.6069003716460484
3591,95d7198096423bdb7,True,,,,,,,,,,1.0,1.0,1.0,1.0,0.02256903701620114,1.0,0.0,1.0,1.0,0.5695528240675629
3592,9edf6075f6a55d2a5,True,,,,,,,,,,1.0,1.0,1.0,1.0,0.3216000372498202,1.0,0.0,1.0,0.0,0.5380000116405688
3593,a1ec47d4c6a4ac611,True,,,,,,,,,,1.0,0.0,1.0,1.0,1.0,1.0,0.0,0.0,0.0,0.0
3594,514e8dc72d43731a2,True,,,,,,,,,,1.0,1.0,1.0,1.0,0.16618481234968657,1.0,0.0,1.0,0.0,0.48943275385927704
3595,dbde88bcc1367bd88,True,,,,,,,,,,1.0,1.0,1.0,1.0,0.0,1.0,1.0,1.0,1.0,0.6875
3596,b73265f459fb49f24,True,,,,,,,,,,1.0,1.0,1.0,1.0,0.2477093973396031,1.0,0.0,0.0,0.0,0.38990918666862595
3597,e8b0f787378ffb08f,True,,,,,,,,,,1.0,1.0,1.0,1.0,1.0,1.0,1.0,1.0,1.0,1.0
3598,e0c4f0b6dc4e1a632,True,,,,,,,,,,1.0,1.0,1.0,1.0,1.0,0.0,0.0,1.0,1.0,0.5625
3599,a567fa13fe7716b55,True,,,,,,,,,,1.0,1.0,1.0,1.0,1.0,1.0,0.0,1.0,1.0,0.875
3600,daff4b299dac7a03f,True,,,,,,,,,,1.0,1.0,1.0,1.0,1.0,1.0,1.0,1.0,0.0,0.875
3601,4ea8e51fd89a2e0aa,True,,,,,,,,,,1.0,0.0,1.0,1.0,1.0,1.0,0.0,0.0,0.0,0.0
3602,2917a71e0e9572784,True,,,,,,,,,,1.0,1.0,1.0,1.0,0.2503115778052817,1.0,0.0,0.0,0.0,0.3907223680641505
3603,a5323cbe675ea589c,True,,,,,,,,,,1.0,1.0,1.0,1.0,0.1610807076993602,1.0,1.0,1.0,0.0,0.6128377211560501
3604,cb15174665de85fb2,True,,,,,,,,,,1.0,1.0,1.0,1.0,0.23341939803243555,1.0,0.0,0.0,0.0,0.3854435618851361
3605,1a6ba40b74f9b51e5,True,,,,,,,,,,1.0,1.0,1.0,1.0,0.7970675194337047,1.0,0.0,1.0,0.0,0.6865835998230327
3606,590744a9d3d5652dd,True,,,,,,,,,,1.0,1.0,1.0,1.0,0.3268616377243215,1.0,1.0,1.0,0.0,0.6646442617888504
3607,bc287d85f89c59202,True,,,,,,,,,,1.0,1.0,1.0,1.0,0.3254042202009098,1.0,0.0,1.0,0.0,0.5391888188127842
3608,f14211934248f5602,True,,,,,,,,,,1.0,1.0,1.0,1.0,0.0,1.0,1.0,1.0,1.0,0.6875
3609,15755cd0249f8223a,True,,,,,,,,,,0.0,1.0,0.5,1.0,1.0,0.0,0.0,0.0,0.0,0.0
3610,afaf4dd4fa375bb85,True,,,,,,,,,,1.0,0.0,1.0,0.0,1.0,1.0,1.0,1.0,0.0,0.0
3611,b71bf73462ddcaa0c,True,,,,,,,,,,1.0,1.0,1.0,1.0,0.0727463193073679,1.0,0.0,1.0,1.0,0.5852332247835524
3612,2e5b938cd95f7cf83,True,,,,,,,,,,1.0,1.0,1.0,1.0,1.0,1.0,0.0,1.0,1.0,0.875
3613,226e200de1c94187e,True,,,,,,,,,,1.0,1.0,1.0,1.0,1.0,1.0,0.0,1.0,1.0,0.875
3614,4afd4718ce4caab2c,True,,,,,,,,,,1.0,1.0,1.0,1.0,0.0,1.0,1.0,1.0,1.0,0.6875
3615,90641ae47d3a38ca0,True,,,,,,,,,,1.0,1.0,1.0,1.0,1.0,1.0,0.0,0.0,0.0,0.625
3616,1d6a75c2185cddac3,True,,,,,,,,,,1.0,1.0,1.0,1.0,0.13778178702737687,1.0,1.0,1.0,0.0,0.6055568084460552
3617,67c494ff455f7fac3,True,,,,,,,,,,1.0,1.0,1.0,1.0,0.1708151141438618,1.0,1.0,1.0,0.0,0.6158797231699569
3618,54ccf1e5e48744666,True,,,,,,,,,,1.0,0.0,0.0,1.0,1.0,1.0,0.0,0.0,0.0,0.0
3619,3a569f66b0a30418a,True,,,,,,,,,,1.0,1.0,1.0,1.0,0.0918692429516344,1.0,1.0,1.0,0.0,0.5912091384223858
3620,1348d09a15e4bfd3f,True,,,,,,,,,,1.0,1.0,1.0,1.0,0.14077430026866786,1.0,0.0,1.0,0.0,0.48149196883395873
3621,2ef69b84551e22eb2,True,,,,,,,,,,1.0,1.0,1.0,1.0,0.20935381074990245,1.0,1.0,0.0,0.0,0.5029230658593445
3622,1aee3d353bc51c730,True,,,,,,,,,,0.0,1.0,1.0,1.0,0.1464249547123463,0.0,0.0,1.0,0.0,0.0
3623,733f274e5e937aae5,True,,,,,,,,,,1.0,1.0,0.5,1.0,0.7114344118091634,1.0,0.0,0.0,0.0,0.26741162684518177
3624,01b44b930266052c5,True,,,,,,,,,,1.0,1.0,1.0,1.0,0.2312917923861069,1.0,1.0,0.0,0.0,0.5097786851206584
3625,49251b4564a2244a7,True,,,,,,,,,,1.0,1.0,1.0,1.0,0.2383894339952302,1.0,1.0,0.0,0.0,0.5119966981235095
3626,c47485175a1a20fe8,True,,,,,,,,,,0.0,0.0,1.0,1.0,1.0,0.0,1.0,1.0,0.0,0.0
3627,27fefe70564fbc07a,True,,,,,,,,,,1.0,1.0,1.0,1.0,1.0,1.0,1.0,1.0,1.0,1.0
3628,223f276058256f999,True,,,,,,,,,,1.0,1.0,1.0,1.0,0.19622925892094403,1.0,1.0,0.0,0.0,0.498821643412795
3629,2611c3a201b36f3af,True,,,,,,,,,,1.0,1.0,1.0,1.0,0.25252682512299446,1.0,1.0,0.0,0.0,0.5164146328509358
3630,b23bdeea5132cf7af,True,,,,,,,,,,1.0,1.0,1.0,1.0,0.1607100702764724,1.0,1.0,1.0,0.0,0.6127218969613977
3631,3fb88c089daff90ac,True,,,,,,,,,,1.0,1.0,1.0,1.0,0.20446558204529372,1.0,1.0,0.0,0.0,0.5013954943891543
3632,aa2fc37ba0a88cfd3,True,,,,,,,,,,1.0,1.0,1.0,1.0,0.1976000697645875,1.0,0.0,1.0,0.0,0.4992500218014336
3633,efc42904915428868,True,,,,,,,,,,1.0,1.0,1.0,1.0,1.0,0.0,0.0,1.0,0.0,0.4375
3634,22264d7c1336430c1,True,,,,,,,,,,1.0,1.0,1.0,1.0,0.0,1.0,1.0,1.0,1.0,0.6875
3635,6eb14c57428cd1ec1,True,,,,,,,,,,1.0,1.0,1.0,1.0,0.22644646115478204,1.0,1.0,0.0,0.0,0.5082645191108695
3636,4ebad6e2adb7c2ab4,True,,,,,,,,,,1.0,1.0,1.0,1.0,1.0,1.0,1.0,1.0,0.0,0.875
3637,73eec9539b3994724,True,,,,,,,,,,1.0,1.0,0.0,1.0,1.0,1.0,0.0,0.0,0.0,0.0
3638,1056c520c5f8da5e9,True,,,,,,,,,,1.0,1.0,1.0,1.0,1.0,1.0,1.0,1.0,1.0,1.0
3639,56e93c94aeafcbe6b,True,,,,,,,,,,1.0,1.0,1.0,1.0,0.2748283355435467,1.0,0.0,0.0,0.0,0.39838385485735833
3640,4b2c40907436ec443,True,,,,,,,,,,1.0,1.0,1.0,1.0,0.001499528460289523,1.0,1.0,1.0,1.0,0.6879686026438405
3641,3a0d3240d496a6276,True,,,,,,,,,,1.0,1.0,1.0,1.0,0.1913562601555254,1.0,1.0,1.0,0.0,0.6222988312986018
3642,cd53b47b7ab39ebeb,True,,,,,,,,,,1.0,1.0,1.0,1.0,0.16997785702621193,1.0,0.0,1.0,0.0,0.4906180803206912
3643,82aeafe6afee99d4b,True,,,,,,,,,,1.0,1.0,1.0,1.0,0.13535643818436058,1.0,1.0,1.0,0.0,0.6047988869326126
3644,44d4ff5239aca3b14,True,,,,,,,,,,1.0,0.0,1.0,1.0,1.0,1.0,0.0,0.0,0.0,0.0
3645,423fdbe39c764f2e2,True,,,,,,,,,,1.0,1.0,1.0,1.0,0.15841066110936464,1.0,1.0,1.0,0.0,0.6120033315966764
3646,54f184883023efbf9,True,,,,,,,,,,1.0,1.0,1.0,1.0,0.13308768727796083,1.0,0.0,1.0,1.0,0.6040899022743628
3647,21dda72ce686d45f5,True,,,,,,,,,,1.0,1.0,0.5,1.0,0.5769021088414749,1.0,0.0,1.0,0.0,0.30889095450648046
3648,2c8a8566b34a09b90,True,,,,,,,,,,1.0,0.0,1.0,1.0,1.0,1.0,1.0,1.0,0.0,0.0
3649,83eedcad4df5c24c6,True,,,,,,,,,,1.0,1.0,0.5,1.0,1.0,1.0,0.0,0.0,0.0,0.3125
3650,693313e8d44aa5fd8,True,,,,,,,,,,1.0,1.0,1.0,1.0,0.1506049768405451,1.0,1.0,1.0,0.0,0.6095640552626703
3651,feff8b53a0025b738,True,,,,,,,,,,1.0,1.0,1.0,1.0,0.1284315724027002,1.0,0.0,1.0,0.0,0.4776348663758438
3652,9a1d8c48d604f6c79,True,,,,,,,,,,1.0,1.0,1.0,1.0,0.2171604533547696,1.0,1.0,0.0,0.0,0.5053626416733655
3653,65bcd286d06e02669,True,,,,,,,,,,1.0,1.0,1.0,1.0,0.1382311684407611,1.0,1.0,1.0,1.0,0.7306972401377378
3654,2ba1cba17d48212d7,True,,,,,,,,,,0.5,1.0,1.0,1.0,0.6105406721284854,0.0,1.0,1.0,0.0,0.22039698002007585
3655,67f2162f2fa5e2d76,True,,,,,,,,,,1.0,1.0,1.0,1.0,0.0,1.0,1.0,1.0,1.0,0.6875
3656,702b15efbe7996592,True,,,,,,,,,,1.0,1.0,1.0,1.0,0.0009629142228953292,1.0,1.0,1.0,1.0,0.6878009106946548
3657,c2f99f2f74ef541cb,True,,,,,,,,,,1.0,0.0,1.0,1.0,1.0,1.0,0.0,0.0,0.0,0.0
3658,3e180f4a19fe95fc4,True,,,,,,,,,,1.0,1.0,1.0,1.0,0.0,1.0,0.0,1.0,1.0,0.5625
3659,6f0b775b8d685abec,True,,,,,,,,,,1.0,1.0,1.0,1.0,0.22985477813822447,1.0,0.0,0.0,0.0,0.38432961816819516
3660,7026d28794e20a290,True,,,,,,,,,,0.5,0.0,0.5,1.0,0.9511575169887062,0.0,0.0,0.0,0.0,0.0
3661,6952b70f303046472,True,,,,,,,,,,1.0,1.0,1.0,1.0,1.0,1.0,0.0,0.0,0.0,0.625
3662,5fb2ee221c72e08b2,True,,,,,,,,,,1.0,1.0,1.0,1.0,0.09688073483697747,1.0,1.0,1.0,1.0,0.7177752296365554
3663,2b296dc7b6be46a34,True,,,,,,,,,,1.0,0.0,1.0,1.0,1.0,1.0,1.0,0.0,0.0,0.0
3664,2810fb7a63c63635c,True,,,,,,,,,,1.0,1.0,1.0,1.0,0.23520767059578612,1.0,1.0,0.0,0.0,0.5110023970611832
3665,73f7119a7b5a0b42c,True,,,,,,,,,,1.0,1.0,1.0,1.0,0.20484334724132278,1.0,1.0,0.0,0.0,0.5015135460129134
3666,c2453cf14f2d02b30,True,,,,,,,,,,1.0,1.0,1.0,1.0,0.0,1.0,1.0,1.0,1.0,0.6875
3667,c557bbca95b7a9516,True,,,,,,,,,,1.0,1.0,1.0,1.0,0.017690117094753998,1.0,1.0,1.0,1.0,0.6930281615921106
3668,6fb2b8cc6f313cf96,True,,,,,,,,,,1.0,1.0,1.0,1.0,0.0,1.0,1.0,0.0,1.0,0.5625
3669,eb1f907b28806d98c,True,,,,,,,,,,1.0,1.0,1.0,1.0,0.22700106967843345,1.0,1.0,1.0,0.0,0.6334378342745104
3670,0800b8cbfe2ebcaf3,True,,,,,,,,,,1.0,1.0,1.0,1.0,0.1737446869921199,1.0,0.0,1.0,0.0,0.49179521468503745
3671,5cd73374e1336ce3f,True,,,,,,,,,,1.0,1.0,0.5,1.0,1.0,1.0,0.0,0.0,0.0,0.3125
3672,92ad1ee3b8c3a8859,True,,,,,,,,,,1.0,1.0,1.0,1.0,0.25958344579366827,1.0,1.0,0.0,0.0,0.5186198268105213
3673,a84f9dde85427d73a,True,,,,,,,,,,1.0,1.0,1.0,1.0,0.28464259225044297,1.0,1.0,0.0,0.0,0.5264508100782634
3674,2f5db903282a4e143,True,,,,,,,,,,1.0,1.0,1.0,1.0,0.14909098728784015,1.0,1.0,1.0,0.0,0.60909093352745
3675,4855fc07a04961bfd,True,,,,,,,,,,0.0,1.0,1.0,1.0,1.0,0.0,0.0,1.0,0.0,0.0
3676,53829d49d04c9df23,True,,,,,,,,,,1.0,0.0,1.0,1.0,0.16924065320846582,1.0,0.0,1.0,0.0,0.0
3677,ace512518cdd33ce6,True,,,,,,,,,,1.0,0.0,1.0,1.0,1.0,1.0,1.0,1.0,0.0,0.0
3678,cb000016d3d61dd05,True,,,,,,,,,,1.0,1.0,1.0,1.0,1.0,1.0,1.0,1.0,0.0,0.875
3679,f3886ebf44a7423f1,True,,,,,,,,,,1.0,1.0,1.0,1.0,1.0,1.0,0.0,1.0,0.0,0.75
3680,4ce14eab81ed439f2,True,,,,,,,,,,1.0,1.0,1.0,1.0,0.19277022359910845,1.0,0.0,1.0,0.0,0.4977406948747214
3681,fe96f199e96744aa6,True,,,,,,,,,,1.0,1.0,1.0,1.0,0.06923989510481758,1.0,1.0,1.0,1.0,0.7091374672202555
3682,0a9a4ef68cc4ce8b2,True,,,,,,,,,,1.0,1.0,1.0,1.0,0.41837366670813125,1.0,0.0,1.0,0.0,0.568241770846291
3683,2fb382cc58b2e089f,True,,,,,,,,,,1.0,1.0,1.0,1.0,0.03915276469749179,1.0,0.0,1.0,1.0,0.5747352389679662
3684,7be779b9f100e6373,True,,,,,,,,,,1.0,1.0,1.0,1.0,1.0,1.0,1.0,1.0,0.0,0.875
3685,37eb625a0529e1cfa,True,,,,,,,,,,1.0,1.0,1.0,1.0,0.0,1.0,1.0,1.0,1.0,0.6875
3686,8abc54b8e7a9ff3ca,True,,,,,,,,,,1.0,1.0,1.0,1.0,0.19618209102715595,1.0,0.0,1.0,1.0,0.6238069034459862
3687,fedf09c50e4a8ef7b,True,,,,,,,,,,1.0,1.0,1.0,1.0,0.0,1.0,0.0,1.0,1.0,0.5625
3688,ba5e7c7cbfedb9d37,True,,,,,,,,,,0.0,0.0,1.0,1.0,1.0,0.0,0.0,0.0,0.0,0.0
3689,4010ab91841da1843,True,,,,,,,,,,1.0,1.0,1.0,1.0,0.16477062953204713,1.0,1.0,1.0,0.0,0.6139908217287647
3690,c833d5b0fc76fdd86,True,,,,,,,,,,1.0,1.0,1.0,1.0,0.015372179283587284,1.0,1.0,1.0,1.0,0.6923038060261211
3691,f3d58b82e93972910,True,,,,,,,,,,1.0,1.0,1.0,1.0,0.08467779078147519,1.0,1.0,1.0,1.0,0.7139618096192111
3692,15d9842199648136e,True,,,,,,,,,,0.0,1.0,1.0,1.0,1.0,0.0,1.0,0.0,0.0,0.0
3693,16b9d0efaf330fdcf,True,,,,,,,,,,1.0,1.0,1.0,1.0,0.19015792517533678,1.0,0.0,0.0,0.0,0.37192435161729276
3694,a42ef2d15ed8d3d94,True,,,,,,,,,,1.0,1.0,1.0,1.0,0.0,1.0,1.0,1.0,1.0,0.6875
3695,7db6e4bbd119fd8c7,True,,,,,,,,,,1.0,1.0,1.0,1.0,0.22625581565416117,1.0,0.0,0.0,0.0,0.3832049423919254
3696,59d497b24fe17609b,True,,,,,,,,,,1.0,1.0,1.0,1.0,0.14870536421298247,1.0,0.0,1.0,0.0,0.483970426316557
3697,d7db484a0d7198ab9,True,,,,,,,,,,1.0,1.0,1.0,1.0,0.3840189173411102,1.0,0.0,0.0,0.0,0.4325059116690969
3698,686930fbb99ca475c,True,,,,,,,,,,1.0,1.0,1.0,1.0,0.01513099309200119,1.0,0.0,1.0,1.0,0.5672284353412504
3699,6f30da8067d92b503,True,,,,,,,,,,0.0,1.0,1.0,1.0,1.0,0.0,0.0,1.0,0.0,0.0
3700,d4443eaf8695fc97e,True,,,,,,,,,,1.0,1.0,1.0,1.0,0.16297300285886765,1.0,1.0,0.0,0.0,0.48842906339339615
3701,f13774881108b5e55,True,,,,,,,,,,1.0,1.0,1.0,1.0,0.1848060862318213,1.0,1.0,1.0,0.0,0.6202519019474442
3702,99c29ddae00eb2eee,True,,,,,,,,,,1.0,1.0,1.0,1.0,1.0,1.0,1.0,0.0,0.0,0.75
3703,93f8da10fb7af1122,True,,,,,,,,,,1.0,0.0,1.0,1.0,1.0,1.0,0.0,0.0,0.0,0.0
3704,981f8d9ddc9472041,True,,,,,,,,,,1.0,0.0,1.0,1.0,0.3526157096046529,1.0,0.0,1.0,0.0,0.0
3705,cbabaf8e0b53e82d3,True,,,,,,,,,,1.0,0.0,1.0,1.0,1.0,1.0,0.0,0.0,0.0,0.0
3706,17c86323e16dd5691,True,,,,,,,,,,1.0,1.0,1.0,1.0,0.5522120935223499,1.0,0.0,1.0,0.0,0.6100662792257343
3707,87f8776a408095eee,True,,,,,,,,,,1.0,1.0,1.0,1.0,0.18361248076230133,1.0,1.0,1.0,0.0,0.6198789002382192
3708,3d46e887da2f265d2,True,,,,,,,,,,1.0,1.0,1.0,1.0,0.09612905257747523,1.0,1.0,1.0,0.0,0.5925403289304609
3709,09bd7428736e6525b,True,,,,,,,,,,1.0,1.0,1.0,1.0,0.13499189863228123,1.0,1.0,1.0,0.0,0.6046849683225879
3710,5b8389f00775d1a89,True,,,,,,,,,,1.0,1.0,1.0,1.0,1.0,1.0,1.0,1.0,0.0,0.875
3711,2c126d0b4fc4f59f6,True,,,,,,,,,,1.0,0.0,1.0,1.0,0.3149836057298573,1.0,0.0,0.0,0.0,0.0
3712,ef00d37c017fde631,True,,,,,,,,,,1.0,1.0,1.0,1.0,0.17265694779617918,1.0,1.0,0.0,0.0,0.491455296186306
3713,b5eae8e67d3680501,True,,,,,,,,,,1.0,1.0,1.0,1.0,0.1665508855867021,1.0,0.0,1.0,0.0,0.4895471517458444
3714,5c8283705c1e44a16,True,,,,,,,,,,0.0,1.0,1.0,1.0,0.6026918005598856,0.0,1.0,0.0,0.0,0.0
3715,dfc4fb3ce45ccca81,True,,,,,,,,,,1.0,1.0,0.5,1.0,1.0,1.0,0.0,0.0,0.0,0.3125
3716,9fad04b9636cbc059,True,,,,,,,,,,1.0,1.0,1.0,1.0,0.22181262977017202,1.0,0.0,1.0,0.0,0.5068164468031787
3717,868d49798379dc351,True,,,,,,,,,,1.0,1.0,1.0,1.0,0.39783863147831583,1.0,1.0,0.0,0.0,0.5618245723369737
3718,fb56a869a86a4e9ee,True,,,,,,,,,,1.0,1.0,1.0,1.0,0.18182536199818852,1.0,1.0,0.0,0.0,0.4943204256244339
3719,4ee799c8d99616aed,True,,,,,,,,,,1.0,1.0,1.0,1.0,0.07239254074580041,1.0,0.0,1.0,1.0,0.5851226689830626
3720,d9eb3c465a5635619,True,,,,,,,,,,1.0,1.0,1.0,1.0,0.07993038905022333,1.0,1.0,0.0,1.0,0.5874782465781948
3721,15f665441aeb9b139,True,,,,,,,,,,1.0,1.0,1.0,1.0,0.020137986255363796,1.0,1.0,1.0,1.0,0.6937931207048011
3722,342254f2ea2e57645,True,,,,,,,,,,1.0,1.0,1.0,1.0,0.3499198699163314,1.0,0.0,1.0,0.0,0.5468499593488536
3723,8a80c99bf844921b8,True,,,,,,,,,,1.0,1.0,1.0,1.0,0.0,1.0,0.0,1.0,1.0,0.5625
3724,0e21f086c18f3949c,True,,,,,,,,,,1.0,1.0,1.0,1.0,0.27211670539451144,1.0,1.0,0.0,0.0,0.5225364704357849
3725,042bf7d6a0f98a104,True,,,,,,,,,,1.0,1.0,1.0,1.0,0.0,1.0,0.0,1.0,1.0,0.5625
3726,14a8b09c096718d35,True,,,,,,,,,,1.0,1.0,1.0,1.0,0.00493362073273328,1.0,0.0,1.0,1.0,0.5640417564789791
3727,856438ce448da4265,True,,,,,,,,,,1.0,1.0,1.0,1.0,1.0,1.0,1.0,1.0,1.0,1.0
3728,f89453f475567e939,True,,,,,,,,,,1.0,1.0,1.0,1.0,0.0,1.0,1.0,1.0,1.0,0.6875
3729,8aabedd8189160e6a,True,,,,,,,,,,1.0,1.0,1.0,1.0,0.12735685850704875,1.0,0.0,1.0,0.0,0.4772990182834527
3730,146404d39b9ce38d7,True,,,,,,,,,,1.0,1.0,1.0,1.0,0.20343158045813445,1.0,1.0,0.0,0.0,0.5010723688931671
3731,9e9f60c0dd89a3428,True,,,,,,,,,,1.0,1.0,1.0,1.0,0.19567089536714452,1.0,0.0,0.0,0.0,0.37364715480223265
3732,430915b356a81da1d,True,,,,,,,,,,1.0,1.0,1.0,1.0,0.0,1.0,1.0,1.0,1.0,0.6875
3733,e620593c6271f1028,True,,,,,,,,,,1.0,1.0,1.0,1.0,0.1484096442384148,1.0,0.0,1.0,0.0,0.4838780138245046
3734,d87106abfc25f2fab,True,,,,,,,,,,1.0,0.0,1.0,1.0,0.370883323811103,1.0,0.0,0.0,0.0,0.0
3735,a33fa10f772275b4a,True,,,,,,,,,,1.0,1.0,1.0,1.0,1.0,1.0,0.0,1.0,0.0,0.75
3736,53ceaabb1364b9424,True,,,,,,,,,,1.0,1.0,1.0,1.0,0.0881390183767749,1.0,1.0,1.0,1.0,0.7150434432427422
3737,0980084e5c33ab76e,True,,,,,,,,,,1.0,1.0,1.0,1.0,0.12248047777140322,1.0,1.0,1.0,0.0,0.6007751493035636
3738,64c4d0aeacb7df063,True,,,,,,,,,,1.0,1.0,1.0,1.0,0.09723120365281857,1.0,0.0,1.0,1.0,0.5928847511415059
3739,5139fde7658566f8c,True,,,,,,,,,,1.0,1.0,1.0,1.0,0.36337556269111004,1.0,0.0,1.0,0.0,0.5510548633409719
3740,74e4cc639249b885a,True,,,,,,,,,,1.0,1.0,1.0,1.0,1.0,1.0,1.0,1.0,0.0,0.875
3741,3a833c6bb917d783d,True,,,,,,,,,,1.0,1.0,1.0,1.0,0.2502472592360719,1.0,1.0,1.0,0.0,0.6407022685112724
3742,161046c98f6b78205,True,,,,,,,,,,1.0,1.0,1.0,1.0,1.0,1.0,1.0,1.0,0.0,0.875
3743,a436f596d2ea40baa,True,,,,,,,,,,1.0,1.0,0.0,1.0,1.0,1.0,0.0,0.0,0.0,0.0
3744,46c89f59183915eba,True,,,,,,,,,,1.0,1.0,0.5,1.0,0.8091675321806829,1.0,0.0,0.0,0.0,0.2826824269032317
3745,5ae5fc96ae87f7041,True,,,,,,,,,,1.0,1.0,1.0,1.0,0.1582118249657827,1.0,1.0,1.0,0.0,0.611941195301807
3746,5ccf2f32443625c2f,True,,,,,,,,,,1.0,1.0,1.0,1.0,0.5180017336570599,1.0,1.0,0.0,0.0,0.5993755417678313
3747,e987a00eb520c3af5,True,,,,,,,,,,1.0,1.0,1.0,1.0,0.10973651174416411,1.0,1.0,1.0,0.0,0.5967926599200513
3748,2d69cb0443fc22cf0,True,,,,,,,,,,1.0,1.0,1.0,1.0,1.0,1.0,1.0,1.0,1.0,1.0
3749,a04d1509b1d00db31,True,,,,,,,,,,1.0,1.0,1.0,1.0,0.3365926452522285,1.0,1.0,0.0,0.0,0.5426852016413214
3750,50f513cc32849ede8,True,,,,,,,,,,1.0,1.0,1.0,1.0,0.2264437043947052,1.0,1.0,0.0,0.0,0.5082636576233454
3751,fddbcf39a369cf1df,True,,,,,,,,,,1.0,0.0,1.0,1.0,0.36903136660655234,1.0,0.0,0.0,0.0,0.0
3752,72ff49b38c26122d6,True,,,,,,,,,,1.0,1.0,1.0,1.0,0.14220769221062726,1.0,1.0,1.0,0.0,0.606939903815821
3753,a4bf3773c3567bbdc,True,,,,,,,,,,1.0,1.0,1.0,1.0,0.19463086288369852,1.0,1.0,1.0,0.0,0.6233221446511558
3754,d16bc6d48c2d674bc,True,,,,,,,,,,1.0,1.0,0.5,1.0,0.899438864598711,1.0,0.0,1.0,0.0,0.35928732259354856
3755,aa6a0de76f6f09404,True,,,,,,,,,,1.0,0.0,1.0,1.0,1.0,1.0,1.0,0.0,0.0,0.0
3756,4578349a623642d00,True,,,,,,,,,,1.0,1.0,1.0,1.0,0.0,1.0,1.0,1.0,1.0,0.6875
3757,1297091b925da475f,True,,,,,,,,,,1.0,1.0,1.0,1.0,0.3625612376965113,1.0,0.0,1.0,0.0,0.5508003867801597
3758,d31a201a98822b2ce,True,,,,,,,,,,1.0,1.0,1.0,1.0,0.12242399961812389,1.0,1.0,1.0,0.0,0.6007574998806637
3759,86cf77209e00173f3,True,,,,,,,,,,1.0,1.0,1.0,1.0,0.0,1.0,0.0,1.0,1.0,0.5625
3760,90263fed2b7db0365,True,,,,,,,,,,1.0,1.0,1.0,1.0,0.13023171119430094,1.0,1.0,1.0,0.0,0.6031974097482191
3761,d2de0edb11096f082,True,,,,,,,,,,1.0,1.0,1.0,1.0,0.22955584120094857,1.0,0.0,0.0,0.0,0.38423620037529643
3762,2c253de40b51a352a,True,,,,,,,,,,1.0,1.0,1.0,1.0,0.10552239098362992,1.0,1.0,1.0,1.0,0.7204757471823844
3763,de0ea29426ca0c381,True,,,,,,,,,,1.0,1.0,1.0,1.0,0.12447720425209866,1.0,0.0,1.0,0.0,0.47639912632878084
3764,115bbfc42ca3a09e4,True,,,,,,,,,,1.0,1.0,1.0,1.0,0.0,1.0,0.0,1.0,1.0,0.5625
3765,7c2bed78bc3df5a9b,True,,,,,,,,,,1.0,1.0,0.5,1.0,0.6362857685031782,1.0,0.0,1.0,0.0,0.3181696513286216
3766,fdef069dff8b15c66,True,,,,,,,,,,1.0,1.0,1.0,1.0,0.3894687992680854,1.0,1.0,1.0,0.0,0.6842089997712767
3767,803b2f23625961a5b,True,,,,,,,,,,1.0,0.0,1.0,1.0,0.24302448121408676,1.0,1.0,0.0,0.0,0.0
3768,3c5a4ce4780db74b7,True,,,,,,,,,,1.0,1.0,1.0,1.0,0.017887077247479646,1.0,1.0,1.0,1.0,0.6930897116398373
3769,7897a78a2a7b1d695,True,,,,,,,,,,1.0,1.0,1.0,1.0,0.0,1.0,1.0,1.0,1.0,0.6875
3770,90060fb4a17c1e73a,True,,,,,,,,,,1.0,0.0,1.0,1.0,0.7160676584944254,1.0,0.0,0.0,0.0,0.0
3771,3a79a64dc5c7059f8,True,,,,,,,,,,1.0,1.0,1.0,1.0,0.11449727675918446,1.0,1.0,1.0,0.0,0.5982803989872452
3772,ccafa2d23a6f3f8b5,True,,,,,,,,,,1.0,1.0,1.0,1.0,0.06963612744652503,1.0,0.0,1.0,1.0,0.5842612898270391
3773,631e2dc2cca2e3ec5,True,,,,,,,,,,1.0,1.0,1.0,1.0,0.0,1.0,0.0,1.0,1.0,0.5625
3774,e5f10bfebbe5b0bc2,True,,,,,,,,,,1.0,0.0,1.0,1.0,0.20844629507847118,1.0,0.0,0.0,0.0,0.0
3775,467689ba5841d624f,True,,,,,,,,,,1.0,1.0,1.0,1.0,0.05056494753087877,1.0,0.0,1.0,1.0,0.5783015461033996
3776,a17ae323ec016c413,True,,,,,,,,,,1.0,1.0,1.0,1.0,0.11211242757414859,1.0,0.0,1.0,0.0,0.47253513361692145
3777,dd8018127da6cb6ad,True,,,,,,,,,,1.0,1.0,1.0,1.0,0.0,1.0,1.0,1.0,1.0,0.6875
3778,091f890b966563016,True,,,,,,,,,,1.0,1.0,1.0,1.0,0.09462696264401675,1.0,1.0,1.0,1.0,0.7170709258262553
3779,b43ae2c6e0304b991,True,,,,,,,,,,1.0,1.0,1.0,1.0,0.31075249104819225,1.0,0.0,1.0,0.0,0.53461015345256
3780,1169425dafd2dc633,True,,,,,,,,,,1.0,0.0,1.0,1.0,0.17119729811067402,1.0,1.0,1.0,0.0,0.0
3781,a42fb99bdb7e61156,True,,,,,,,,,,1.0,1.0,1.0,1.0,0.01569728131704299,1.0,1.0,1.0,0.0,0.5674054004115759
3782,4f279eb5918287e64,True,,,,,,,,,,1.0,0.0,1.0,1.0,1.0,1.0,0.0,1.0,1.0,0.0
3783,108277792b2690db0,True,,,,,,,,,,1.0,0.0,1.0,1.0,0.17562183853579447,1.0,1.0,1.0,0.0,0.0
3784,948ee6f4ce68f4290,True,,,,,,,,,,1.0,1.0,1.0,1.0,0.1820182485338429,1.0,0.0,1.0,0.0,0.4943807026668259
3785,4e1091afb4068e9ee,True,,,,,,,,,,1.0,1.0,0.5,1.0,0.4918128685178936,1.0,0.0,1.0,0.0,0.29559576070592086
3786,bad9757cb0a673425,True,,,,,,,,,,1.0,1.0,1.0,1.0,1.0,1.0,0.0,0.0,0.0,0.625
3787,3d7ddf7a34c6ba150,True,,,,,,,,,,1.0,1.0,0.5,1.0,0.6840302313408143,1.0,0.0,0.0,0.0,0.26312972364700227
3788,6e10df391ad68426e,True,,,,,,,,,,1.0,1.0,1.0,1.0,0.30734841879941666,1.0,0.0,0.0,0.0,0.4085463808748177
3789,a1467b53499fa05f6,True,,,,,,,,,,1.0,0.0,1.0,1.0,1.0,1.0,0.0,1.0,0.0,0.0
3790,46b0816cf26d29e4f,True,,,,,,,,,,0.5,1.0,1.0,1.0,1.0,0.0,1.0,1.0,0.0,0.28125
3791,075c6629f363025a1,True,,,,,,,,,,1.0,1.0,1.0,1.0,0.22376009534851599,1.0,1.0,0.0,0.0,0.5074250297964112
3792,2191ef080b4043736,True,,,,,,,,,,1.0,1.0,1.0,1.0,0.2454672508038557,1.0,0.0,0.0,0.0,0.3892085158762049
3793,e1ddf841fc0409636,True,,,,,,,,,,1.0,1.0,1.0,1.0,0.18135437035789212,1.0,1.0,1.0,0.0,0.6191732407368413
3794,eaae6fd2529ee2b0b,True,,,,,,,,,,1.0,1.0,1.0,1.0,1.0,1.0,0.0,1.0,0.0,0.75
3795,4aa0d20a71cc4b60d,True,,,,,,,,,,1.0,1.0,1.0,1.0,0.235014462029878,1.0,0.0,1.0,1.0,0.6359420193843368
3796,6ed7113fd3721f57b,True,,,,,,,,,,1.0,1.0,0.5,1.0,0.8962098465937043,1.0,0.0,0.0,0.0,0.2962827885302663
3797,f39b90bb6aa1bbac7,True,,,,,,,,,,0.0,1.0,1.0,1.0,1.0,0.0,0.0,1.0,0.0,0.0
3798,1dc0015e76a4342d9,True,,,,,,,,,,1.0,0.0,1.0,1.0,1.0,1.0,0.0,1.0,0.0,0.0
3799,0e81443200fd71592,True,,,,,,,,,,1.0,1.0,1.0,1.0,0.5114776414837849,1.0,1.0,0.0,0.0,0.5973367629636828
3800,3888d194819d19b6e,True,,,,,,,,,,1.0,0.0,0.0,1.0,1.0,1.0,0.0,0.0,0.0,0.0
3801,71c904391b4dd4412,True,,,,,,,,,,1.0,1.0,1.0,1.0,0.1603437265544595,1.0,1.0,1.0,0.0,0.6126074145482686
3802,6a62285a9933482cb,True,,,,,,,,,,1.0,1.0,0.0,1.0,0.9791905160083705,1.0,0.0,0.0,0.0,0.0
3803,96d4eccd3044219d2,True,,,,,,,,,,1.0,1.0,1.0,1.0,0.0,1.0,1.0,1.0,1.0,0.6875
3804,29b4bcae1bc32da3c,True,,,,,,,,,,1.0,1.0,1.0,1.0,0.0,1.0,1.0,1.0,1.0,0.6875
3805,75c698c901137829c,True,,,,,,,,,,1.0,1.0,1.0,1.0,0.16501321392232332,1.0,1.0,1.0,0.0,0.614066629350726
3806,5957a4b8c0696f222,True,,,,,,,,,,1.0,0.0,1.0,1.0,1.0,1.0,1.0,1.0,0.0,0.0
3807,17e36b4f4f12c5fd5,True,,,,,,,,,,1.0,1.0,1.0,1.0,0.21419908699056664,1.0,1.0,0.0,0.0,0.504437214684552
3808,edf02a219abbc7a0d,True,,,,,,,,,,1.0,1.0,1.0,1.0,0.0,1.0,1.0,1.0,1.0,0.6875
3809,9a546e8b85e191da8,True,,,,,,,,,,1.0,1.0,1.0,1.0,1.0,1.0,1.0,1.0,1.0,1.0
3810,f06a4e01a1e5abdd5,True,,,,,,,,,,1.0,1.0,1.0,1.0,0.27710000378574656,1.0,1.0,0.0,0.0,0.5240937511830458
3811,85b6589d5332018d1,True,,,,,,,,,,1.0,1.0,1.0,1.0,0.27234236164373293,1.0,0.0,0.0,0.0,0.39760698801366656
3812,8d7f7a041d0f59275,True,,,,,,,,,,1.0,1.0,1.0,1.0,0.2254801527047923,1.0,0.0,1.0,0.0,0.5079625477202476
3813,8ab43bb08112dc9ee,True,,,,,,,,,,1.0,1.0,1.0,1.0,0.0686566664266986,1.0,1.0,1.0,1.0,0.7089552082583432
3814,d04ff28ed5ef1d0d5,True,,,,,,,,,,1.0,1.0,1.0,1.0,0.13659834080998592,1.0,1.0,1.0,0.0,0.6051869815031206
3815,a4e79fc70ac65c883,True,,,,,,,,,,1.0,1.0,1.0,1.0,0.28987006435784224,1.0,0.0,1.0,0.0,0.5280843951118257
3816,e306d6a4971bcbd83,True,,,,,,,,,,1.0,1.0,1.0,1.0,1.0,1.0,1.0,1.0,1.0,1.0
3817,e69df86c33d5e5522,True,,,,,,,,,,1.0,1.0,1.0,1.0,0.1421195874478623,1.0,0.0,1.0,0.0,0.481912371077457
3818,90a368abf1e231f06,True,,,,,,,,,,1.0,1.0,1.0,1.0,0.08117827030892127,1.0,1.0,1.0,1.0,0.712868209471538
3819,a2b706d9e0ce2f53e,True,,,,,,,,,,1.0,0.0,1.0,1.0,1.0,1.0,0.0,0.0,0.0,0.0
3820,b5d691e56539e289e,True,,,,,,,,,,1.0,1.0,1.0,1.0,0.106877234234969,1.0,1.0,1.0,1.0,0.7208991356984278
3821,592e29a92e9aa79df,True,,,,,,,,,,1.0,0.0,1.0,1.0,0.22796795027446992,1.0,0.0,0.0,0.0,0.0
3822,ea986d3a0c0d7a702,True,,,,,,,,,,1.0,1.0,1.0,1.0,0.13205258295612152,1.0,1.0,1.0,0.0,0.603766432173788
3823,ad16a8e4063d7973e,True,,,,,,,,,,1.0,1.0,1.0,1.0,0.022913558328070193,1.0,1.0,1.0,1.0,0.6946604869775219
3824,0105e5486cfb69483,True,,,,,,,,,,1.0,1.0,1.0,1.0,0.003292734527073872,1.0,1.0,1.0,1.0,0.6885289795397106
3825,2c1063aa4f44cf5f4,True,,,,,,,,,,1.0,1.0,0.5,1.0,0.44256187851481016,1.0,0.0,1.0,0.0,0.2879002935179391
3826,4cac5cf4ef12bcaba,True,,,,,,,,,,1.0,0.0,1.0,1.0,0.24023573160203385,1.0,0.0,0.0,0.0,0.0
3827,5b1f4f799723ae119,True,,,,,,,,,,1.0,1.0,1.0,1.0,0.26391601876030113,1.0,0.0,1.0,0.0,0.5199737558625941
3828,cc4c628ad79f6395d,True,,,,,,,,,,1.0,1.0,1.0,1.0,0.061519015025717064,1.0,0.0,1.0,1.0,0.5817246921955366
3829,f197eb9bb03399772,True,,,,,,,,,,1.0,1.0,1.0,1.0,0.220033994457653,1.0,0.0,0.0,0.0,0.3812606232680166
3830,16f88a7f9c92243cb,True,,,,,,,,,,0.5,0.0,1.0,1.0,1.0,0.0,1.0,1.0,0.0,0.0
3831,af0d83c05846b8b86,True,,,,,,,,,,1.0,0.0,1.0,1.0,1.0,1.0,0.0,0.0,0.0,0.0
3832,3c71818855c39904e,True,,,,,,,,,,1.0,1.0,1.0,1.0,1.0,1.0,0.0,1.0,1.0,0.875
3833,c3430498fdada1e4d,True,,,,,,,,,,1.0,1.0,1.0,1.0,0.207983286418736,1.0,0.0,0.0,0.0,0.377494777005855
3834,6f6dd61939e44a14a,True,,,,,,,,,,1.0,1.0,1.0,1.0,0.0,1.0,0.0,1.0,1.0,0.5625
3835,f6a13add7d93584e0,True,,,,,,,,,,1.0,0.0,1.0,1.0,0.14690619838983796,1.0,0.0,1.0,0.0,0.0
3836,cc06efea87df36bc7,True,,,,,,,,,,1.0,0.0,1.0,1.0,0.18700810451563615,1.0,0.0,1.0,0.0,0.0
3837,a946e96acbe5186d9,True,,,,,,,,,,1.0,1.0,1.0,1.0,1.0,1.0,0.0,1.0,0.0,0.75
3838,8c3b732ea1b87e65b,True,,,,,,,,,,1.0,1.0,1.0,1.0,0.18510048958208236,1.0,1.0,1.0,0.0,0.6203439029944007
3839,5cd160daac2e582eb,True,,,,,,,,,,1.0,1.0,1.0,1.0,0.04141085549499716,1.0,1.0,1.0,1.0,0.7004408923421865
3840,f822b7fedd599ccea,True,,,,,,,,,,1.0,0.0,1.0,1.0,0.31093450167481906,1.0,0.0,1.0,0.0,0.0
3841,62bb22ff90b4ff60a,True,,,,,,,,,,1.0,1.0,1.0,1.0,0.1402478885750865,1.0,1.0,1.0,0.0,0.6063274651797146
3842,bbf03fd14411cf3b3,True,,,,,,,,,,1.0,1.0,1.0,1.0,1.0,1.0,0.0,1.0,0.0,0.75
3843,74112fd9ef3478d34,True,,,,,,,,,,1.0,0.0,1.0,1.0,1.0,1.0,0.0,1.0,0.0,0.0
3844,474ead815a6e92542,True,,,,,,,,,,1.0,1.0,1.0,1.0,0.41575392329338573,1.0,0.0,1.0,0.0,0.567423101029183
3845,c19d3aa3c7a6557a9,True,,,,,,,,,,1.0,1.0,1.0,1.0,0.0,1.0,1.0,1.0,1.0,0.6875
3846,6a0e7c7b6a5967f37,True,,,,,,,,,,1.0,1.0,1.0,1.0,0.0,1.0,1.0,1.0,1.0,0.6875
3847,10f68fec177e9b51c,True,,,,,,,,,,1.0,1.0,1.0,1.0,0.20915056489394454,1.0,1.0,1.0,0.0,0.6278595515293577
3848,f9f68056cf387b7a7,True,,,,,,,,,,0.0,0.0,1.0,1.0,1.0,0.0,0.0,1.0,1.0,0.0
3849,da94e1252342dc8d8,True,,,,,,,,,,1.0,1.0,1.0,1.0,1.0,1.0,1.0,1.0,1.0,1.0
3850,57242411e2f320c12,True,,,,,,,,,,1.0,1.0,1.0,1.0,0.14251190765227906,1.0,1.0,1.0,0.0,0.6070349711413372
3851,9bbec38bd775ea622,True,,,,,,,,,,1.0,1.0,1.0,1.0,0.0037315439992648097,1.0,0.0,1.0,1.0,0.5636661074997702
3852,b8f175630a8fe6f7c,True,,,,,,,,,,1.0,1.0,1.0,1.0,0.06485714858697456,1.0,1.0,1.0,1.0,0.7077678589334295
3853,3a84eaeca44c1b7ad,True,,,,,,,,,,1.0,1.0,1.0,1.0,0.24167232180357703,1.0,0.0,0.0,0.0,0.3880226005636178
3854,abeae7488b509687d,True,,,,,,,,,,1.0,1.0,1.0,1.0,0.232416713719432,1.0,0.0,1.0,0.0,0.5101302230373225
3855,f216d1ab22df1e533,True,,,,,,,,,,1.0,0.0,1.0,1.0,0.2019380893794359,1.0,0.0,0.0,0.0,0.0
3856,339edff793767887e,True,,,,,,,,,,1.0,1.0,1.0,1.0,0.19733814772796224,1.0,0.0,1.0,0.0,0.4991681711649882
3857,7b43da672e8898362,True,,,,,,,,,,1.0,1.0,1.0,1.0,0.4647091963067629,1.0,0.0,1.0,0.0,0.5827216238458635
3858,c217a9de321bd6af3,True,,,,,,,,,,1.0,1.0,1.0,1.0,0.25311790748956975,1.0,1.0,0.0,0.0,0.5165993460904905
3859,df2f5f2688acbcf8c,True,,,,,,,,,,1.0,1.0,1.0,1.0,0.3027920503078083,1.0,1.0,1.0,0.0,0.6571225157211901
3860,6adadb0caf086d050,True,,,,,,,,,,1.0,1.0,1.0,1.0,0.09101298988017985,1.0,1.0,1.0,1.0,0.7159415593375562
3861,4bd3930751899054f,True,,,,,,,,,,1.0,0.0,1.0,1.0,0.16921979998721245,1.0,0.0,1.0,0.0,0.0
3862,5e5905ae1266bc1cb,True,,,,,,,,,,1.0,1.0,1.0,1.0,0.20427311138093604,1.0,0.0,0.0,0.0,0.3763353473065425
3863,8cb3057d000fc44fc,True,,,,,,,,,,1.0,1.0,1.0,1.0,0.07985663761809304,1.0,1.0,1.0,0.0,0.587455199255654
3864,cdb80903b75b86325,True,,,,,,,,,,1.0,1.0,1.0,1.0,0.09211564453359486,1.0,0.0,1.0,1.0,0.5912861389167484
3865,aa6ae8ce4dc53d9af,True,,,,,,,,,,1.0,1.0,1.0,1.0,0.15011990297834643,1.0,1.0,1.0,0.0,0.6094124696807333
3866,9941e5249d262210a,True,,,,,,,,,,1.0,1.0,1.0,1.0,0.16599657531976517,1.0,1.0,1.0,0.0,0.6143739297874267
3867,ff17ac7233820a90f,True,,,,,,,,,,1.0,1.0,1.0,1.0,1.0,1.0,0.0,1.0,1.0,0.875
3868,78501e6f18988cb91,True,,,,,,,,,,0.0,0.0,1.0,1.0,1.0,0.0,0.0,1.0,0.0,0.0
3869,26961603aa068511e,True,,,,,,,,,,1.0,1.0,1.0,1.0,0.26004056272921744,1.0,1.0,0.0,0.0,0.5187626758528805
3870,a4f24e691930789eb,True,,,,,,,,,,1.0,1.0,1.0,1.0,1.0,1.0,1.0,1.0,1.0,1.0
3871,a455cb198227aca78,True,,,,,,,,,,1.0,0.0,1.0,1.0,1.0,1.0,0.0,1.0,0.0,0.0
3872,c911e86fa2d53c1d1,True,,,,,,,,,,1.0,1.0,1.0,1.0,0.0,1.0,0.0,1.0,1.0,0.5625
3873,9bbf0a9e8d47e6d77,True,,,,,,,,,,1.0,1.0,0.5,1.0,0.5062608700531149,1.0,0.0,1.0,0.0,0.2978532609457992
3874,3dd2a8f5a8701cb47,True,,,,,,,,,,1.0,1.0,1.0,1.0,0.3118267041961929,1.0,1.0,0.0,0.0,0.5349458450613103
3875,9fb82728bb72ae665,True,,,,,,,,,,1.0,1.0,1.0,1.0,0.28597892092493016,1.0,0.0,1.0,0.0,0.5268684127890406
3876,f4fb6e871bef33f03,True,,,,,,,,,,1.0,0.0,1.0,1.0,1.0,1.0,1.0,1.0,0.0,0.0
3877,4c0a5d617a08c1e9e,True,,,,,,,,,,1.0,1.0,1.0,1.0,0.10822971895861089,1.0,0.0,1.0,0.0,0.4713217871745659
3878,5744b52773894c061,True,,,,,,,,,,1.0,1.0,1.0,1.0,0.20952482155333585,1.0,0.0,0.0,0.0,0.37797650673541744
3879,cd5f94c276881c890,True,,,,,,,,,,1.0,1.0,1.0,1.0,0.059868299225817115,1.0,1.0,1.0,0.0,0.5812088435080678
3880,36973343935f49ac7,True,,,,,,,,,,1.0,1.0,1.0,1.0,0.28740380240131963,1.0,0.0,0.0,0.0,0.40231368825041236
3881,56f3701eaba44cbba,True,,,,,,,,,,1.0,1.0,1.0,1.0,0.11233413974038285,1.0,0.0,1.0,1.0,0.5976044186688696
3882,370df15505429bd41,True,,,,,,,,,,1.0,1.0,1.0,1.0,0.17898377901245816,1.0,1.0,1.0,0.0,0.6184324309413931
3883,9492d35704d8b1a15,True,,,,,,,,,,1.0,1.0,0.5,1.0,0.7346117859115059,1.0,0.0,1.0,0.0,0.3335330915486728
3884,f6eaaf2106ca53ffa,True,,,,,,,,,,1.0,1.0,1.0,1.0,0.18060371233397257,1.0,1.0,1.0,0.0,0.6189386601043665
3885,49fd1c147826df430,True,,,,,,,,,,1.0,0.0,1.0,1.0,0.19996713687854226,1.0,0.0,0.0,0.0,0.0
3886,dc91e0fc1f890f6bc,True,,,,,,,,,,1.0,1.0,1.0,1.0,0.2757574534316561,1.0,1.0,0.0,0.0,0.5236742041973925
3887,2bf48c9a1af27a0a1,True,,,,,,,,,,1.0,1.0,1.0,1.0,0.1900433358476829,1.0,1.0,0.0,0.0,0.4968885424524009
3888,041ef3b3c078e7cea,True,,,,,,,,,,1.0,1.0,1.0,1.0,0.15068844019922248,1.0,0.0,1.0,0.0,0.484590137562257
3889,3a64c41fecb2ab1ca,True,,,,,,,,,,1.0,1.0,1.0,1.0,0.08313778467689505,1.0,1.0,1.0,1.0,0.7134805577115297
3890,09f2c709af42130ee,True,,,,,,,,,,1.0,1.0,1.0,1.0,0.08103307760743128,1.0,0.0,1.0,1.0,0.5878228367523223
3891,514d7497a9ead95b4,True,,,,,,,,,,1.0,1.0,1.0,1.0,0.07269105006005125,1.0,1.0,1.0,1.0,0.710215953143766
3892,9faeca442f57af75b,True,,,,,,,,,,1.0,1.0,1.0,1.0,0.3741055335912319,1.0,0.0,0.0,0.0,0.42940797924725993
3893,e33920fdd8fdbaaae,True,,,,,,,,,,1.0,1.0,1.0,1.0,0.0,1.0,0.0,1.0,1.0,0.5625
3894,90bd22f98b4c8c0db,True,,,,,,,,,,1.0,1.0,1.0,1.0,0.2043127719707385,1.0,0.0,1.0,0.0,0.5013477412408558
3895,87e87ae4d5581f967,True,,,,,,,,,,1.0,1.0,1.0,1.0,0.11932952870333184,1.0,1.0,1.0,0.0,0.5997904777197912
3896,53584220d24323201,True,,,,,,,,,,1.0,1.0,0.5,1.0,0.24211892254813372,1.0,0.0,1.0,0.0,0.25658108164814586
3897,ad123ee37bc2eb842,True,,,,,,,,,,1.0,1.0,1.0,1.0,0.0,1.0,0.0,1.0,1.0,0.5625
3898,4fd56da0ff5065a4d,True,,,,,,,,,,1.0,1.0,1.0,1.0,0.1813329717052294,1.0,1.0,1.0,0.0,0.6191665536578842
3899,2515a4049787b61ac,True,,,,,,,,,,1.0,1.0,1.0,1.0,0.0,1.0,0.0,1.0,1.0,0.5625
3900,5b9f80fbe5e67358f,True,,,,,,,,,,1.0,0.0,1.0,1.0,1.0,1.0,0.0,0.0,0.0,0.0
3901,e51490fe813037042,True,,,,,,,,,,0.0,1.0,1.0,1.0,1.0,0.0,1.0,0.0,0.0,0.0
3902,f5a7ab053fe5143f8,True,,,,,,,,,,1.0,1.0,1.0,1.0,1.0,1.0,0.0,1.0,1.0,0.875
3903,cac389eb6249d6874,True,,,,,,,,,,1.0,1.0,1.0,1.0,0.3149152272624127,1.0,0.0,1.0,0.0,0.535911008519504
3904,15e9e852fea33e966,True,,,,,,,,,,1.0,1.0,1.0,1.0,1.0,1.0,1.0,1.0,1.0,1.0
3905,4f21dca90878d8a58,True,,,,,,,,,,1.0,1.0,1.0,1.0,0.1730225581039635,1.0,1.0,0.0,0.0,0.4915695494074886
3906,64680c5b6bd6a89e4,True,,,,,,,,,,1.0,1.0,1.0,1.0,0.1516464845503521,1.0,0.0,1.0,0.0,0.484889526421985
3907,ebfe50cfc0a46ef16,True,,,,,,,,,,1.0,1.0,1.0,1.0,0.17040149768377072,1.0,0.0,1.0,1.0,0.6157504680261783
3908,2a3e8710c22275361,True,,,,,,,,,,1.0,1.0,1.0,1.0,0.12629262006584369,1.0,0.0,1.0,0.0,0.4769664437705762
3909,8090a94784c5adc03,True,,,,,,,,,,1.0,1.0,1.0,1.0,0.164963682866616,1.0,1.0,1.0,0.0,0.6140511508958175
3910,3d85159a51861aba5,True,,,,,,,,,,0.0,1.0,1.0,1.0,1.0,1.0,0.0,1.0,0.0,0.0
3911,a677f3956eddc7eac,True,,,,,,,,,,1.0,1.0,0.5,1.0,0.22071801476289704,1.0,0.0,0.0,0.0,0.19073718980670268
3912,cdee605a7b8acd418,True,,,,,,,,,,1.0,1.0,1.0,1.0,0.06222191343210475,1.0,1.0,1.0,0.0,0.5819443479475328
3913,87940f7f64854009d,True,,,,,,,,,,1.0,1.0,1.0,1.0,0.46700706412642295,1.0,1.0,1.0,0.0,0.7084397075395071
3914,d338d0b0f53782114,True,,,,,,,,,,1.0,1.0,1.0,1.0,0.22509644062475126,1.0,0.0,0.0,0.0,0.38284263769523474
3915,dda492e77bd06b5da,True,,,,,,,,,,1.0,1.0,1.0,1.0,0.12029069090234903,1.0,1.0,1.0,0.0,0.6000908409069841
3916,af4ad524dc8b94ef1,True,,,,,,,,,,1.0,1.0,0.5,1.0,1.0,1.0,0.0,1.0,0.0,0.375
3917,fb243ec63be645481,True,,,,,,,,,,1.0,1.0,1.0,1.0,0.2398102416913252,1.0,1.0,0.0,0.0,0.5124407005285392
3918,f4fc402c592a5d4a2,True,,,,,,,,,,1.0,1.0,1.0,1.0,0.23003028629781197,1.0,1.0,0.0,0.0,0.5093844644680663
3919,48b8608248fe082c2,True,,,,,,,,,,1.0,1.0,1.0,1.0,0.0331806562894043,1.0,1.0,1.0,1.0,0.6978689550904389
3920,76cde40b4dab9f0f1,True,,,,,,,,,,1.0,1.0,1.0,1.0,1.0,1.0,1.0,1.0,1.0,1.0
3921,e02ebb163a52bd53e,True,,,,,,,,,,1.0,1.0,1.0,1.0,0.0,1.0,1.0,1.0,1.0,0.6875
3922,f9b2e117ff4ab2884,True,,,,,,,,,,1.0,0.0,1.0,1.0,0.18473524492697815,1.0,0.0,1.0,0.0,0.0
3923,172abde18b548feb2,True,,,,,,,,,,1.0,1.0,1.0,1.0,0.17626025621206431,1.0,1.0,0.0,0.0,0.4925813300662701
3924,e2094c50a0cc45693,True,,,,,,,,,,1.0,1.0,1.0,1.0,0.10873559471194533,1.0,1.0,1.0,0.0,0.596479873347483
3925,835ff0096d7b5ba4f,True,,,,,,,,,,1.0,1.0,1.0,1.0,0.18509531032185833,1.0,1.0,1.0,0.0,0.6203422844755807
3926,375ef6cffa757aadf,True,,,,,,,,,,1.0,1.0,1.0,1.0,0.0,1.0,1.0,1.0,1.0,0.6875
3927,8d442a4953c9da694,True,,,,,,,,,,1.0,1.0,1.0,1.0,0.1829248804706751,1.0,1.0,1.0,0.0,0.619664025147086
3928,14b4d5dae8ea46cbc,True,,,,,,,,,,1.0,1.0,1.0,1.0,0.2157887579737354,1.0,0.0,0.0,0.0,0.3799339868667923
3929,2f704570e75d053c7,True,,,,,,,,,,1.0,1.0,1.0,1.0,0.1994883129087297,1.0,0.0,0.0,0.0,0.37484009778397803
3930,c021ad43ee2e51dd3,True,,,,,,,,,,1.0,1.0,1.0,1.0,0.22165851427814695,1.0,1.0,0.0,0.0,0.5067682857119209
3931,5f02891c6336297bf,True,,,,,,,,,,1.0,1.0,1.0,1.0,0.2300817952286018,1.0,1.0,1.0,0.0,0.634400561008938
3932,27c67d28b70d594c7,True,,,,,,,,,,1.0,1.0,1.0,1.0,0.22585390989585927,1.0,0.0,0.0,0.0,0.38307934684245604
3933,5dc4590f82971002e,True,,,,,,,,,,1.0,1.0,1.0,1.0,0.17871383844944574,1.0,0.0,1.0,0.0,0.4933480745154518
3934,29a75324e23136d91,True,,,,,,,,,,1.0,1.0,1.0,1.0,0.19739599077829395,1.0,1.0,0.0,0.0,0.49918624711821685
3935,95972dc9532711131,True,,,,,,,,,,1.0,1.0,1.0,1.0,1.0,1.0,0.0,1.0,0.0,0.75
3936,bec0eb9fc0a02638a,True,,,,,,,,,,1.0,1.0,1.0,1.0,0.0,1.0,1.0,1.0,1.0,0.6875
3937,f1abd83315867c099,True,,,,,,,,,,1.0,1.0,1.0,1.0,0.0,1.0,1.0,1.0,1.0,0.6875
3938,76a210a0c3456a3e3,True,,,,,,,,,,1.0,1.0,1.0,1.0,0.0929162953736335,1.0,1.0,1.0,1.0,0.7165363423042604
3939,20f4af07bc30fb4fd,True,,,,,,,,,,1.0,1.0,1.0,1.0,0.14236018260778135,1.0,1.0,1.0,0.0,0.6069875570649317
3940,7d44659c706a23779,True,,,,,,,,,,1.0,1.0,1.0,1.0,1.0,1.0,0.0,0.0,0.0,0.625
3941,b60c0ec16d57413b5,True,,,,,,,,,,1.0,0.0,0.0,1.0,1.0,1.0,0.0,0.0,0.0,0.0
3942,020ac08667a119075,True,,,,,,,,,,1.0,1.0,1.0,1.0,0.22842334193296082,1.0,0.0,0.0,0.0,0.38388229435405025
3943,23c9faa5c2360ed1f,True,,,,,,,,,,1.0,1.0,1.0,1.0,0.07876738631677839,1.0,1.0,1.0,1.0,0.7121148082239932
3944,b74ed296010c24598,True,,,,,,,,,,0.0,1.0,1.0,0.0,1.0,0.0,1.0,1.0,0.0,0.0
3945,65b5a6fd57eb4ffb9,True,,,,,,,,,,1.0,1.0,1.0,1.0,0.36106109470900866,1.0,0.0,1.0,0.0,0.5503315920965652
3946,9ef93765e3465f27d,True,,,,,,,,,,1.0,1.0,0.5,1.0,0.24560219083881973,1.0,0.0,0.0,0.0,0.1946253423185656
3947,ac022e7e85876da0a,True,,,,,,,,,,1.0,1.0,1.0,1.0,0.0,1.0,1.0,1.0,1.0,0.6875
3948,4eb62ff777df6de35,True,,,,,,,,,,1.0,1.0,1.0,1.0,0.3155547041523822,1.0,0.0,1.0,0.0,0.5361108450476194
3949,a2aa45cf991d37699,True,,,,,,,,,,1.0,1.0,1.0,1.0,0.18396037305994806,1.0,1.0,1.0,0.0,0.6199876165812337
3950,9a2c6392ddbd1a611,True,,,,,,,,,,1.0,1.0,1.0,1.0,0.2128730937776336,1.0,1.0,0.0,0.0,0.5040228418055105
3951,b12d970eb84c1530f,True,,,,,,,,,,1.0,1.0,1.0,1.0,0.40590592833856126,1.0,0.0,0.0,0.0,0.43934560260580036
3952,d153031465d8e37cb,True,,,,,,,,,,1.0,1.0,1.0,1.0,0.027450535363024563,1.0,1.0,1.0,1.0,0.6960782923009452
3953,f4f52070af5d450d0,True,,,,,,,,,,1.0,1.0,1.0,1.0,1.0,1.0,1.0,0.0,0.0,0.75
3954,1e704b348fb75f77d,True,,,,,,,,,,1.0,1.0,1.0,1.0,0.27121767247199674,1.0,1.0,0.0,0.0,0.522255522647499
3955,7878266af5a97d7ce,True,,,,,,,,,,1.0,1.0,1.0,1.0,1.0,1.0,0.0,1.0,0.0,0.75
3956,d85f111a22572d5b1,True,,,,,,,,,,1.0,1.0,1.0,1.0,0.3037506717850244,1.0,1.0,0.0,0.0,0.5324220849328201
3957,5d72351d0cf4540a5,True,,,,,,,,,,1.0,1.0,1.0,1.0,0.0,1.0,1.0,1.0,1.0,0.6875
3958,ee370f6df7c0912be,True,,,,,,,,,,1.0,1.0,1.0,1.0,1.0,1.0,1.0,1.0,1.0,1.0
3959,8975720088d1d70ea,True,,,,,,,,,,1.0,1.0,0.5,1.0,0.2104390227678097,1.0,0.0,0.0,0.0,0.18913109730747027
3960,71ff6e1295d5d408e,True,,,,,,,,,,1.0,0.0,0.5,1.0,0.6059192215305045,1.0,0.0,1.0,0.0,0.0
3961,edb62f47f8009856e,True,,,,,,,,,,1.0,1.0,1.0,1.0,0.19895964322845644,1.0,1.0,0.0,0.0,0.49967488850889263
3962,1f060c16840f9229e,True,,,,,,,,,,1.0,1.0,1.0,1.0,0.03270454026040551,1.0,1.0,1.0,1.0,0.6977201688313768
3963,937a8f24b8d3c456f,True,,,,,,,,,,1.0,1.0,1.0,1.0,1.0,0.0,0.0,0.0,0.0,0.3125
3964,fe6eb7191dafdb638,True,,,,,,,,,,1.0,1.0,1.0,1.0,1.0,1.0,0.0,1.0,0.0,0.75
3965,f07be583867d7e867,True,,,,,,,,,,1.0,0.0,1.0,1.0,1.0,1.0,0.0,0.0,0.0,0.0
3966,9c439f9711b4d4d8a,True,,,,,,,,,,1.0,1.0,1.0,1.0,0.27373971097757815,1.0,1.0,0.0,0.0,0.5230436596804932
3967,14f814e6cbf15fcb5,True,,,,,,,,,,1.0,1.0,1.0,1.0,0.27483728540958596,1.0,1.0,0.0,0.0,0.5233866516904956
3968,f37a107cfe0b65537,True,,,,,,,,,,1.0,1.0,1.0,1.0,0.057247600275078206,1.0,1.0,1.0,1.0,0.705389875085962
3969,255fdde0f485718e4,True,,,,,,,,,,1.0,0.0,1.0,1.0,1.0,1.0,0.0,0.0,0.0,0.0
3970,e9f1d3b368a8f7603,True,,,,,,,,,,1.0,1.0,1.0,1.0,0.1530318165948007,1.0,0.0,1.0,0.0,0.4853224426858752
3971,b123636b63cd85bd6,True,,,,,,,,,,1.0,1.0,1.0,1.0,0.15874757232511788,1.0,0.0,1.0,0.0,0.48710861635159936
3972,053755e0b8f0dd052,True,,,,,,,,,,0.0,1.0,1.0,1.0,0.42495252470640255,0.0,0.0,1.0,0.0,0.0
3973,16e839b38304ce550,True,,,,,,,,,,1.0,1.0,1.0,1.0,0.15264076345815153,1.0,1.0,1.0,0.0,0.6102002385806724
3974,3dd919c5a93fd6754,True,,,,,,,,,,1.0,1.0,1.0,1.0,0.36091244160596847,1.0,1.0,1.0,0.0,0.6752851380018652
3975,c2ee3d175867a9e7a,True,,,,,,,,,,1.0,1.0,1.0,1.0,0.28596827642546097,1.0,1.0,0.0,0.0,0.5268650863829565
3976,f4eac938a68f3b495,True,,,,,,,,,,1.0,0.0,1.0,1.0,0.1821590759997327,1.0,1.0,1.0,0.0,0.0
3977,0224d4cee538e69c3,True,,,,,,,,,,1.0,0.0,1.0,1.0,1.0,1.0,1.0,1.0,0.0,0.0
3978,974e05c39e876c78a,True,,,,,,,,,,1.0,1.0,1.0,1.0,0.14734771955787618,1.0,0.0,1.0,0.0,0.4835461623618363
3979,15a4d38c20001c0e4,True,,,,,,,,,,1.0,1.0,0.5,1.0,0.9804434942221129,1.0,0.0,0.0,0.0,0.30944429597220513
3980,4930cf1a642d2c66b,True,,,,,,,,,,1.0,1.0,1.0,1.0,1.0,1.0,1.0,1.0,0.0,0.875
3981,bf2fac0bbe0cb019b,True,,,,,,,,,,1.0,1.0,1.0,1.0,0.04337441444958398,1.0,1.0,1.0,1.0,0.701054504515495
3982,7382576570c02547b,True,,,,,,,,,,1.0,1.0,1.0,1.0,0.16014775825796124,1.0,0.0,1.0,0.0,0.4875461744556129
3983,23ab167e45e62295f,True,,,,,,,,,,1.0,1.0,1.0,1.0,0.4041135171570324,1.0,1.0,0.0,0.0,0.5637854741115726
3984,f32e09eab0a9183d4,True,,,,,,,,,,1.0,1.0,1.0,0.0,1.0,1.0,0.0,1.0,0.0,0.0
3985,720fbcef3959511d0,True,,,,,,,,,,1.0,1.0,1.0,1.0,1.0,0.0,1.0,0.0,0.0,0.4375
3986,836d617c75ae603a0,True,,,,,,,,,,1.0,1.0,1.0,1.0,0.0,1.0,0.0,1.0,1.0,0.5625
3987,27061907e5be28dba,True,,,,,,,,,,1.0,1.0,1.0,1.0,0.2225900653275283,1.0,1.0,0.0,0.0,0.5070593954148526
3988,da2e81331b0e59b3e,True,,,,,,,,,,1.0,1.0,1.0,1.0,0.39913475970286433,1.0,1.0,0.0,0.0,0.5622296124071451
3989,31944303cafb772a3,True,,,,,,,,,,1.0,1.0,1.0,1.0,0.4911789106903249,1.0,1.0,0.0,0.0,0.5909934095907265
3990,249520f1574eff090,True,,,,,,,,,,1.0,1.0,1.0,1.0,0.1483353480093166,1.0,1.0,1.0,0.0,0.6088547962529114
3991,709f734811414136f,True,,,,,,,,,,1.0,0.0,1.0,1.0,0.29819984934363203,1.0,0.0,0.0,0.0,0.0
3992,4ff5465a026db2df0,True,,,,,,,,,,1.0,1.0,1.0,1.0,0.17292041619452328,1.0,0.0,1.0,0.0,0.49153763006078854
3993,3b521ee82bdceb608,True,,,,,,,,,,1.0,1.0,1.0,1.0,1.0,1.0,1.0,1.0,1.0,1.0
3994,96e56db3408ebe51e,True,,,,,,,,,,0.0,1.0,1.0,1.0,1.0,0.0,0.0,1.0,1.0,0.0
3995,b740de6b775b4ec70,True,,,,,,,,,,1.0,1.0,1.0,1.0,0.02475875810319931,1.0,1.0,1.0,1.0,0.6952371119072498
3996,ddc0d9aad62836b90,True,,,,,,,,,,1.0,1.0,1.0,1.0,0.30425672552709504,1.0,1.0,0.0,0.0,0.5325802267272172
3997,2359c99d75ecbdfaa,True,,,,,,,,,,1.0,1.0,1.0,1.0,0.16191248979376713,1.0,1.0,1.0,0.0,0.6130976530605523
3998,8266f573d47606b3f,True,,,,,,,,,,0.0,1.0,1.0,1.0,1.0,0.0,1.0,1.0,0.0,0.0
3999,767cefbd4e52c83e0,True,,,,,,,,,,1.0,0.0,1.0,1.0,0.2530522679903023,1.0,0.0,1.0,0.0,0.0
4000,04d4c78cf88a3c506,True,,,,,,,,,,1.0,0.0,1.0,1.0,0.15537382411289985,1.0,1.0,1.0,0.0,0.0
4001,2a46d49b6aa55f1ca,True,,,,,,,,,,1.0,1.0,1.0,1.0,0.26016716709508575,1.0,0.0,0.0,0.0,0.3938022397172143
4002,4447196f3f8f1a9e5,True,,,,,,,,,,0.5,0.0,1.0,1.0,1.0,0.0,0.0,0.0,0.0,0.0
4003,d18ebc94f4f3cb405,True,,,,,,,,,,1.0,1.0,1.0,1.0,1.0,1.0,0.0,1.0,0.0,0.75
4004,8a5a158e9d0cf7649,True,,,,,,,,,,0.0,1.0,1.0,1.0,1.0,0.0,1.0,1.0,0.0,0.0
4005,934550d99dbe5a996,True,,,,,,,,,,1.0,1.0,0.5,1.0,0.21543974745422656,1.0,0.0,0.0,0.0,0.18991246053972288
4006,7db61b66f69a92843,True,,,,,,,,,,1.0,1.0,1.0,1.0,0.0,1.0,1.0,1.0,1.0,0.6875
4007,257ea63714e4b9db0,True,,,,,,,,,,1.0,1.0,1.0,1.0,0.09292427052984686,1.0,1.0,1.0,0.0,0.5915388345405772
4008,203c4d85b696869d7,True,,,,,,,,,,1.0,1.0,1.0,1.0,0.25479437845931974,1.0,1.0,0.0,0.0,0.5171232432685374
4009,66d4f1e7e5ab29631,True,,,,,,,,,,1.0,1.0,1.0,1.0,0.012956423021516486,1.0,1.0,1.0,1.0,0.691548882194224
4010,60b5ffeeaa577037f,True,,,,,,,,,,1.0,1.0,1.0,1.0,0.15540511472643606,1.0,0.0,1.0,0.0,0.48606409835201125
4011,8124438bc47b3654f,True,,,,,,,,,,1.0,1.0,0.0,1.0,1.0,1.0,0.0,0.0,0.0,0.0
4012,2615ffc998d3b5976,True,,,,,,,,,,1.0,1.0,1.0,1.0,0.21566424366145379,1.0,1.0,0.0,0.0,0.5048950761442044
4013,7d9dbfb94fb6594f8,True,,,,,,,,,,1.0,0.0,1.0,1.0,0.232967807759712,1.0,0.0,0.0,0.0,0.0
4014,ceabdb590d507edf3,True,,,,,,,,,,1.0,1.0,1.0,1.0,0.20221455616223588,1.0,0.0,1.0,0.0,0.5006920488006987
4015,043b764789a077f63,True,,,,,,,,,,1.0,1.0,1.0,1.0,0.20805438062634732,1.0,1.0,0.0,0.0,0.5025169939457336
4016,25c0bd003a55fd341,True,,,,,,,,,,1.0,1.0,1.0,1.0,0.0,1.0,1.0,1.0,1.0,0.6875
4017,0f6d4f139537fd8c3,True,,,,,,,,,,1.0,1.0,1.0,1.0,1.0,1.0,1.0,1.0,0.0,0.875
4018,77ea1d582cf3df680,True,,,,,,,,,,1.0,1.0,1.0,1.0,0.17223434302044813,1.0,0.0,1.0,0.0,0.49132323219389007
4019,312594bc42c547bb1,True,,,,,,,,,,1.0,1.0,0.5,1.0,0.889642583228036,1.0,0.0,1.0,0.0,0.35775665362938064
4020,df6bd29b481fbd72d,True,,,,,,,,,,1.0,1.0,1.0,1.0,0.16952300079646032,1.0,1.0,1.0,0.0,0.6154759377488939
4021,18dbdfb5b9fe301f4,True,,,,,,,,,,1.0,1.0,1.0,1.0,1.0,1.0,1.0,1.0,0.0,0.875
4022,253e19e9e77501575,True,,,,,,,,,,1.0,1.0,1.0,1.0,0.0005996548996693594,1.0,1.0,1.0,1.0,0.6876873921561466
4023,9c9df3f60654177e5,True,,,,,,,,,,1.0,1.0,1.0,1.0,0.1335099760755475,1.0,1.0,1.0,0.0,0.6042218675236086
4024,56873aea1946dc836,True,,,,,,,,,,1.0,1.0,1.0,1.0,0.2932160089592081,1.0,1.0,0.0,0.0,0.5291300027997525
4025,29e06b2285a52c6d0,True,,,,,,,,,,1.0,1.0,1.0,1.0,1.0,1.0,0.0,1.0,0.0,0.75
4026,57f473049e88971e9,True,,,,,,,,,,1.0,1.0,1.0,1.0,0.18773001801217037,1.0,1.0,1.0,0.0,0.6211656306288033
4027,7b53923d6ec4115f3,True,,,,,,,,,,1.0,0.0,0.0,1.0,1.0,1.0,0.0,0.0,0.0,0.0
4028,6d11863653324dee3,True,,,,,,,,,,1.0,1.0,1.0,1.0,1.0,1.0,0.0,1.0,0.0,0.75
4029,70271e1e4a4efb5c5,True,,,,,,,,,,1.0,1.0,1.0,1.0,0.15936364349533505,1.0,0.0,1.0,0.0,0.4873011385922922
4030,cd5e5b17476268370,True,,,,,,,,,,1.0,0.0,1.0,1.0,0.24093633780654422,1.0,0.0,0.0,0.0,0.0
4031,218dfa1bf4d961da8,True,,,,,,,,,,0.0,0.0,1.0,1.0,1.0,0.0,0.0,0.0,0.0,0.0
4032,300e70e9d228631b4,True,,,,,,,,,,1.0,1.0,0.5,1.0,1.0,1.0,0.0,0.0,0.0,0.3125
4033,9ce85f2dc52093c43,True,,,,,,,,,,1.0,1.0,1.0,1.0,0.12163471394659615,1.0,0.0,1.0,1.0,0.6005108481083112
4034,096330032f89cefb3,True,,,,,,,,,,1.0,1.0,1.0,1.0,0.1394153419143577,1.0,1.0,1.0,0.0,0.6060672943482368
4035,e2ea1000f4e2d0904,True,,,,,,,,,,1.0,1.0,1.0,1.0,0.3305806146629988,1.0,1.0,1.0,0.0,0.6658064420821872
4036,5667ac6a20c2d6e51,True,,,,,,,,,,1.0,1.0,0.5,1.0,0.3555523711807009,1.0,0.0,0.0,0.0,0.2118050579969845
4037,ff7b96c916771e141,True,,,,,,,,,,1.0,1.0,1.0,1.0,0.06545488426283277,1.0,1.0,1.0,1.0,0.7079546513321353
4038,93dbd55a373bc4efe,True,,,,,,,,,,1.0,1.0,1.0,1.0,0.22588941493103512,1.0,0.0,0.0,0.0,0.38309044216594845
4039,0e3016e58756dedce,True,,,,,,,,,,1.0,0.0,0.0,1.0,1.0,1.0,0.0,0.0,0.0,0.0
4040,f50ba88f5b3fedfcd,True,,,,,,,,,,1.0,1.0,1.0,1.0,0.02758370903420192,1.0,0.0,1.0,1.0,0.5711199090731881
4041,2e221a5360953028d,True,,,,,,,,,,1.0,1.0,1.0,1.0,0.05637298150860771,1.0,1.0,1.0,1.0,0.7051165567214399
4042,27007a0ff06d16d30,True,,,,,,,,,,1.0,1.0,1.0,1.0,0.39654548400343403,1.0,1.0,1.0,0.0,0.6864204637510731
4043,302d43ed9ed327d94,True,,,,,,,,,,1.0,1.0,1.0,1.0,1.0,1.0,0.0,1.0,0.0,0.75
4044,ca9e9b5a18bc96373,True,,,,,,,,,,1.0,1.0,1.0,1.0,0.1792911758252528,1.0,1.0,1.0,0.0,0.6185284924453915
4045,648b4aa95f01b805d,True,,,,,,,,,,1.0,1.0,1.0,1.0,0.07498476914801351,1.0,0.0,1.0,1.0,0.5859327403587542
4046,067988277091a3762,True,,,,,,,,,,1.0,1.0,1.0,1.0,0.15300596731814664,1.0,1.0,1.0,0.0,0.6103143647869208
4047,b39cc0075afc7d408,True,,,,,,,,,,1.0,1.0,1.0,1.0,0.17757117374398554,1.0,0.0,1.0,0.0,0.4929909917949955
4048,8e3348c3a2dfabeab,True,,,,,,,,,,1.0,1.0,1.0,1.0,0.15391571914536833,1.0,1.0,1.0,0.0,0.6105986622329276
4049,fa8f611f3da2dce93,True,,,,,,,,,,1.0,1.0,1.0,1.0,0.3752125276687098,1.0,1.0,1.0,0.0,0.6797539148964719
4050,e03ef0605d72ffd1a,True,,,,,,,,,,1.0,1.0,1.0,1.0,0.12560661285561817,1.0,1.0,1.0,0.0,0.6017520665173807
4051,f476792b1bd197fca,True,,,,,,,,,,1.0,1.0,1.0,1.0,0.1453529713041431,1.0,0.0,1.0,0.0,0.4829228035325447
4052,2fc976c7bc0d58fed,True,,,,,,,,,,1.0,1.0,1.0,1.0,0.29000432339090404,1.0,1.0,0.0,0.0,0.5281263510596574
4053,0d62abe857251412c,True,,,,,,,,,,1.0,0.0,1.0,1.0,0.27199419554294296,1.0,0.0,0.0,0.0,0.0
4054,3e951c01a5baffd96,True,,,,,,,,,,1.0,1.0,1.0,1.0,1.0,1.0,0.0,1.0,1.0,0.875
4055,7a7fa75bb756308ba,True,,,,,,,,,,1.0,1.0,1.0,1.0,0.39913475970286433,1.0,1.0,0.0,0.0,0.5622296124071451
4056,1bf7eb4037d08171a,True,,,,,,,,,,1.0,1.0,1.0,1.0,0.20960991023917622,1.0,1.0,0.0,0.0,0.5030030969497425
4057,43a6dc7b51c8d9d06,True,,,,,,,,,,1.0,1.0,1.0,1.0,0.291022201648647,1.0,1.0,0.0,0.0,0.5284444380152022
4058,1821758da0d84714b,True,,,,,,,,,,1.0,1.0,0.5,1.0,0.904406172300164,1.0,0.0,0.0,0.0,0.2975634644219006
4059,79ba4023648130a0c,True,,,,,,,,,,0.0,1.0,1.0,1.0,1.0,0.0,1.0,1.0,0.0,0.0
4060,88b4a166a946c9537,True,,,,,,,,,,1.0,1.0,1.0,1.0,1.0,1.0,0.0,1.0,1.0,0.875
4061,d131d95c5bdd01f16,True,,,,,,,,,,1.0,0.0,1.0,1.0,0.19601624381561816,1.0,1.0,0.0,0.0,0.0
4062,10da8689597a01351,True,,,,,,,,,,1.0,1.0,1.0,1.0,0.1400228447432956,1.0,1.0,1.0,1.0,0.73125713898228
4063,57e7f219c88ab8fe0,True,,,,,,,,,,1.0,1.0,1.0,1.0,1.0,1.0,1.0,1.0,0.0,0.875
4064,1e6e2d318ec0f30bf,True,,,,,,,,,,1.0,1.0,1.0,1.0,0.22960777166839588,1.0,1.0,1.0,0.0,0.6342524286463738
4065,d328dc60ffaca31bf,True,,,,,,,,,,1.0,1.0,1.0,1.0,0.20974697961290917,1.0,0.0,0.0,0.0,0.3780459311290341
4066,280a9911bfe1f941e,True,,,,,,,,,,1.0,1.0,1.0,1.0,0.12819196865826024,1.0,1.0,1.0,0.0,0.6025599902057064
4067,5c51092bca4c55b7d,True,,,,,,,,,,1.0,1.0,1.0,1.0,0.18429634818521726,1.0,1.0,1.0,0.0,0.6200926088078804
4068,c13c2ca0a9374dc3c,True,,,,,,,,,,1.0,1.0,1.0,1.0,0.0,1.0,0.0,1.0,1.0,0.5625
4069,a4dd32146e7a66591,True,,,,,,,,,,1.0,1.0,1.0,1.0,0.25288372950649324,1.0,1.0,0.0,0.0,0.5165261654707791
4070,923c60fcee28fff76,True,,,,,,,,,,1.0,1.0,1.0,1.0,0.1300930697549238,1.0,0.0,1.0,0.0,0.47815408429841366
4071,2f6210cf0561159ae,True,,,,,,,,,,1.0,0.0,1.0,1.0,0.3263751953243128,1.0,0.0,0.0,0.0,0.0
4072,44b5f6ff06f523846,True,,,,,,,,,,1.0,0.0,1.0,1.0,1.0,1.0,0.0,0.0,0.0,0.0
4073,5d499c9197211c7e4,True,,,,,,,,,,1.0,1.0,1.0,1.0,0.4101057039962814,1.0,0.0,1.0,0.0,0.565658032498838
4074,ecc3d1d6244314a20,True,,,,,,,,,,1.0,1.0,1.0,1.0,1.0,1.0,1.0,1.0,1.0,1.0
4075,54ddae029448a073a,True,,,,,,,,,,1.0,1.0,1.0,1.0,0.2500908863646497,1.0,1.0,1.0,0.0,0.640653401988953
4076,93665513823171463,True,,,,,,,,,,1.0,1.0,1.0,1.0,1.0,1.0,0.0,1.0,1.0,0.875
4077,3cd90acbf3a318f94,True,,,,,,,,,,1.0,1.0,1.0,1.0,0.28311084696082484,1.0,0.0,0.0,0.0,0.40097213967525774
4078,ceec882b56eebd8c4,True,,,,,,,,,,1.0,0.0,1.0,1.0,0.19984518948206284,1.0,1.0,0.0,0.0,0.0
4079,1c036c9aff4d0cf31,True,,,,,,,,,,1.0,1.0,1.0,1.0,0.03400397345811084,1.0,1.0,1.0,1.0,0.6981262417056596
4080,5cd39ab6536d551b7,True,,,,,,,,,,0.0,1.0,1.0,1.0,1.0,0.0,1.0,1.0,0.0,0.0
4081,aebf91cab56134486,True,,,,,,,,,,1.0,1.0,0.5,1.0,0.23279281416869343,1.0,0.0,0.0,0.0,0.19262387721385835
4082,bdb2442f6ebc40808,True,,,,,,,,,,1.0,1.0,0.0,1.0,1.0,1.0,0.0,0.0,0.0,0.0
4083,30b4066d1794ea8ff,True,,,,,,,,,,1.0,1.0,1.0,1.0,0.6151805052459044,1.0,1.0,0.0,0.0,0.6297439078893451
4084,7c441bc98b8690113,True,,,,,,,,,,1.0,1.0,0.0,1.0,0.6551325475481375,1.0,0.0,0.0,0.0,0.0
4085,02a940e77418c19bc,True,,,,,,,,,,1.0,1.0,1.0,1.0,0.15607023778218057,1.0,0.0,1.0,0.0,0.4862719493069314
4086,c8b4a00f0d379d88a,True,,,,,,,,,,1.0,1.0,1.0,1.0,0.27392948592577065,1.0,1.0,1.0,0.0,0.6481029643518033
4087,1d31047f2f32de9e1,True,,,,,,,,,,1.0,0.0,0.0,1.0,1.0,1.0,0.0,0.0,0.0,0.0
4088,6dbbdae0bdb3174ac,True,,,,,,,,,,1.0,1.0,1.0,1.0,0.13339132486839683,1.0,1.0,1.0,0.0,0.6041847890213741
4089,bc012430feac631cb,True,,,,,,,,,,1.0,1.0,1.0,1.0,0.2056364119615191,1.0,1.0,0.0,0.0,0.5017613787379747
4090,9d72bed8e095c9a05,True,,,,,,,,,,1.0,0.0,1.0,1.0,0.7478976724959919,1.0,1.0,1.0,0.0,0.0
4091,6c643cf3c76195c44,True,,,,,,,,,,1.0,1.0,1.0,1.0,0.208182382748931,1.0,1.0,1.0,0.0,0.6275569946090409
4092,2c048c6ca0a0876cd,True,,,,,,,,,,1.0,1.0,1.0,1.0,0.18407251198065475,1.0,0.0,1.0,0.0,0.4950226599939546
4093,f0fac8077bc98ead2,True,,,,,,,,,,1.0,1.0,1.0,1.0,0.08162401359298056,1.0,0.0,1.0,1.0,0.5880075042478063
4094,f4d363a5d6d3206e3,True,,,,,,,,,,1.0,1.0,1.0,1.0,0.2777979664724403,1.0,0.0,0.0,0.0,0.3993118645226376
4095,b5897b8cc4c644be1,True,,,,,,,,,,1.0,1.0,1.0,1.0,0.1449709940231941,1.0,1.0,1.0,0.0,0.6078034356322481
4096,3965541eb07d065e9,True,,,,,,,,,,1.0,1.0,1.0,1.0,1.0,1.0,1.0,1.0,0.0,0.875
4097,01a7cf70d70d2fa61,True,,,,,,,,,,1.0,1.0,1.0,1.0,0.09720857682664336,1.0,0.0,1.0,0.0,0.46787768025832605
4098,3b60c8877787da3e0,True,,,,,,,,,,1.0,1.0,1.0,1.0,1.0,1.0,1.0,1.0,1.0,1.0
4099,a4e64fbb3636ad2e6,True,,,,,,,,,,1.0,1.0,1.0,1.0,0.2349213269550046,1.0,0.0,0.0,0.0,0.3859129146734389
4100,8d2018c3d25b185de,True,,,,,,,,,,1.0,1.0,1.0,1.0,0.1948949351559872,1.0,0.0,0.0,0.0,0.373404667236246
4101,0e79638f76319d5dd,True,,,,,,,,,,1.0,1.0,1.0,1.0,0.0,1.0,1.0,1.0,1.0,0.6875
4102,a0a8ed182426d3f05,True,,,,,,,,,,1.0,1.0,1.0,1.0,0.2548129196017826,1.0,1.0,0.0,0.0,0.517129037375557
4103,c35e331384b550d78,True,,,,,,,,,,1.0,1.0,1.0,1.0,0.19419081115058875,1.0,1.0,0.0,0.0,0.49818462848455897
4104,fc4d5a62c921f8392,True,,,,,,,,,,1.0,1.0,1.0,1.0,0.16645035274143796,1.0,1.0,1.0,0.0,0.6145157352316993
4105,cbf6dd30a0ed348b8,True,,,,,,,,,,0.0,1.0,1.0,1.0,1.0,0.0,0.0,1.0,0.0,0.0
4106,c95a60eebe3ab0adb,True,,,,,,,,,,1.0,1.0,1.0,1.0,0.15165260522044047,1.0,0.0,1.0,0.0,0.48489143913138766
4107,4eec744ab28fc824f,True,,,,,,,,,,1.0,1.0,1.0,1.0,1.0,1.0,0.0,1.0,1.0,0.875
4108,f455b09466a75b437,True,,,,,,,,,,1.0,1.0,1.0,1.0,0.38770703883458674,1.0,1.0,1.0,0.0,0.6836584496358084
4109,73ebc06c5abeb011a,True,,,,,,,,,,1.0,1.0,1.0,1.0,0.18750285401007313,1.0,0.0,0.0,0.0,0.37109464187814784
4110,028df71b1e849619c,True,,,,,,,,,,1.0,1.0,1.0,1.0,1.0,1.0,1.0,1.0,0.0,0.875
4111,b04402bb6e662613d,True,,,,,,,,,,1.0,1.0,1.0,1.0,0.30425672552709504,1.0,1.0,0.0,0.0,0.5325802267272172
4112,fc31a6f8ac42c70a9,True,,,,,,,,,,1.0,1.0,1.0,1.0,0.18289816524741945,1.0,0.0,1.0,0.0,0.4946556766398186
4113,0f61f35dda061336d,True,,,,,,,,,,1.0,1.0,0.0,1.0,0.6475551468078278,1.0,0.0,0.0,0.0,0.0
4114,43c0e949f19e63437,True,,,,,,,,,,1.0,0.0,1.0,1.0,0.16908351537641475,1.0,1.0,1.0,0.0,0.0
4115,f38039c54ad8d65a3,True,,,,,,,,,,1.0,1.0,1.0,1.0,0.18352938372527566,1.0,0.0,1.0,0.0,0.4948529324141486
4116,21cc3fe26ab5be9ef,True,,,,,,,,,,1.0,1.0,1.0,1.0,0.14186572757736304,1.0,0.0,1.0,1.0,0.606833039867926
4117,d2d732a1ea85df0d1,True,,,,,,,,,,1.0,1.0,1.0,1.0,0.0,1.0,1.0,1.0,1.0,0.6875
4118,6f5571bbc6dc5faee,True,,,,,,,,,,1.0,1.0,1.0,1.0,0.10927096183682752,1.0,0.0,1.0,1.0,0.5966471755740086
4119,064dc83e13c6841b5,True,,,,,,,,,,1.0,1.0,1.0,1.0,0.22881186167714307,1.0,0.0,0.0,0.0,0.3840037067741072
4120,be077aa94f9771913,True,,,,,,,,,,1.0,0.0,1.0,1.0,0.43451395822332534,1.0,0.0,0.0,0.0,0.0
4121,661c4fdee268dcb1e,True,,,,,,,,,,1.0,1.0,1.0,1.0,0.18397202710860003,1.0,1.0,1.0,0.0,0.6199912584714375
4122,e536d36c3e7306e47,True,,,,,,,,,,1.0,0.0,1.0,1.0,0.2657925743496119,1.0,0.0,0.0,0.0,0.0
4123,474779897c967667c,True,,,,,,,,,,0.0,1.0,1.0,1.0,1.0,0.0,1.0,0.0,0.0,0.0
4124,1cc31a1834f400ea1,True,,,,,,,,,,1.0,1.0,1.0,1.0,0.0,1.0,0.0,1.0,1.0,0.5625
4125,4fd96d4727fd67d4a,True,,,,,,,,,,1.0,1.0,1.0,1.0,0.13174634509519798,1.0,0.0,1.0,1.0,0.6036707328422494
4126,93558974f46d692e7,True,,,,,,,,,,1.0,1.0,1.0,1.0,0.2732211574114448,1.0,0.0,0.0,0.0,0.3978816116910765
4127,e929306025479f705,True,,,,,,,,,,1.0,1.0,1.0,1.0,1.0,1.0,1.0,1.0,0.0,0.875
4128,2bac462f71b189be9,True,,,,,,,,,,1.0,1.0,1.0,1.0,0.15747125884503246,1.0,1.0,1.0,0.0,0.6117097683890727
4129,cd8ff4168df3741e2,True,,,,,,,,,,1.0,1.0,1.0,1.0,0.0,1.0,0.0,1.0,1.0,0.5625
4130,fa4895c5592886086,True,,,,,,,,,,1.0,1.0,1.0,1.0,0.264342584016938,1.0,1.0,1.0,1.0,0.7701070575052931
4131,62efc5db12ae35bc5,True,,,,,,,,,,1.0,1.0,1.0,1.0,0.16528926251995374,0.0,1.0,1.0,0.0,0.30165289453748556
4132,146060978cf746557,True,,,,,,,,,,1.0,1.0,1.0,1.0,0.0,1.0,1.0,1.0,1.0,0.6875
4133,40e5f23e7c1df8791,True,,,,,,,,,,1.0,1.0,1.0,1.0,0.18301182457912735,1.0,0.0,0.0,0.0,0.3696911951809773
4134,7427abf44bb60ffa4,True,,,,,,,,,,1.0,0.0,1.0,1.0,0.18530693786736485,1.0,1.0,1.0,0.0,0.0
4135,1e114b2c7da13a9b8,True,,,,,,,,,,1.0,1.0,1.0,1.0,0.08213388365754164,1.0,1.0,1.0,0.0,0.5881668386429817
4136,7caf8d7d76cd0a120,True,,,,,,,,,,1.0,1.0,1.0,1.0,1.0,1.0,1.0,0.0,0.0,0.75
4137,e33c0044eab71bc97,True,,,,,,,,,,1.0,1.0,1.0,1.0,0.2667050601440511,1.0,1.0,1.0,0.0,0.645845331295016
4138,bc4f98185e46d819e,True,,,,,,,,,,1.0,1.0,0.5,1.0,0.5306049563245882,1.0,1.0,1.0,0.0,0.3641570244257169
4139,bb3d79c6ae2460067,True,,,,,,,,,,1.0,1.0,1.0,1.0,0.16174582528352277,1.0,1.0,1.0,0.0,0.6130455704011009
4140,44873a7eb00654595,True,,,,,,,,,,1.0,1.0,1.0,1.0,0.20577351096859325,1.0,0.0,0.0,0.0,0.3768042221776854
4141,25ca5866628df2ed3,True,,,,,,,,,,1.0,1.0,1.0,1.0,0.16528926251995374,0.0,1.0,1.0,0.0,0.30165289453748556
4142,f6439042fbc2b78de,True,,,,,,,,,,1.0,1.0,1.0,1.0,0.07810492394128442,1.0,1.0,1.0,1.0,0.7119077887316514
4143,02bafb0e20897c0c6,True,,,,,,,,,,1.0,1.0,1.0,1.0,0.15748180083380642,1.0,1.0,1.0,0.0,0.6117130627605645
4144,0bb05e9c2e6296330,True,,,,,,,,,,1.0,1.0,1.0,1.0,0.22849630058531134,1.0,1.0,0.0,0.0,0.5089050939329098
4145,50442ffec20a73824,True,,,,,,,,,,1.0,1.0,1.0,1.0,0.12383393578470527,1.0,0.0,1.0,0.0,0.4761981049327204
4146,0e14703cf05b5dfd9,True,,,,,,,,,,1.0,1.0,1.0,1.0,0.21971229194092937,1.0,0.0,0.0,0.0,0.38116009123154043
4147,de42e07d2e34faed5,True,,,,,,,,,,1.0,1.0,1.0,1.0,0.14354048787634943,1.0,0.0,1.0,0.0,0.4823564024613592
4148,6eb44fdbacc1fdf1c,True,,,,,,,,,,1.0,1.0,1.0,1.0,0.2895224721165562,1.0,1.0,0.0,0.0,0.5279757725364238
4149,ad352a19a340fd99b,True,,,,,,,,,,1.0,0.0,1.0,1.0,1.0,1.0,0.0,1.0,0.0,0.0
4150,e71523844476db4f4,True,,,,,,,,,,1.0,1.0,1.0,1.0,0.1727287140615773,1.0,0.0,1.0,0.0,0.49147772314424293
4151,5cabba46461e04874,True,,,,,,,,,,1.0,1.0,1.0,1.0,0.3195307255863707,1.0,0.0,0.0,0.0,0.41235335174574084
4152,a40fbf3b2009b98da,True,,,,,,,,,,1.0,1.0,0.5,1.0,0.8385329106947855,1.0,0.0,0.0,0.0,0.28727076729606027
4153,159be5a151baf8f5b,True,,,,,,,,,,1.0,0.0,0.5,1.0,1.0,1.0,0.0,1.0,0.0,0.0
4154,fb4312a55bc021d23,True,,,,,,,,,,1.0,1.0,1.0,1.0,0.0,1.0,1.0,1.0,1.0,0.6875
4155,fd2d5da64073721d2,True,,,,,,,,,,1.0,1.0,1.0,1.0,0.15093627155780945,1.0,1.0,1.0,0.0,0.6096675848618154
4156,95285e276d73120c3,True,,,,,,,,,,1.0,1.0,1.0,1.0,0.0984982092745656,1.0,1.0,1.0,1.0,0.7182806903983017
4157,bc730296c22859127,True,,,,,,,,,,1.0,1.0,1.0,1.0,0.10575496179021524,1.0,1.0,1.0,1.0,0.7205484255594423
4158,669069f25d57f77ae,True,,,,,,,,,,1.0,1.0,1.0,1.0,0.3917628433813338,1.0,0.0,0.0,0.0,0.4349258885566668
4159,226f8f3910e177d34,True,,,,,,,,,,1.0,1.0,1.0,1.0,0.0,1.0,0.0,1.0,1.0,0.5625
4160,752a0e5be19b82b59,True,,,,,,,,,,1.0,1.0,1.0,1.0,1.0,1.0,0.0,0.0,0.0,0.625
4161,4de6ba672dc37ec25,True,,,,,,,,,,1.0,1.0,1.0,1.0,1.0,1.0,0.0,1.0,1.0,0.875
4162,f12a7ee18a123034b,True,,,,,,,,,,1.0,1.0,1.0,1.0,1.0,1.0,1.0,1.0,1.0,1.0
4163,6d33b3de92c436972,True,,,,,,,,,,1.0,1.0,1.0,1.0,0.0,1.0,1.0,0.0,1.0,0.5625
4164,697d22c3f19ab6820,True,,,,,,,,,,1.0,1.0,1.0,1.0,0.0,1.0,0.0,1.0,1.0,0.5625
4165,e92600c0f705705df,True,,,,,,,,,,1.0,1.0,1.0,1.0,0.1411674866691143,1.0,1.0,1.0,1.0,0.7316148395840982
4166,ad027cf65e5484130,True,,,,,,,,,,1.0,1.0,1.0,1.0,0.17961478051627716,1.0,1.0,1.0,0.0,0.6186296189113366
4167,46cb7915dd2c8bddc,True,,,,,,,,,,1.0,1.0,1.0,1.0,0.21068953243859248,1.0,0.0,0.0,0.0,0.3783404788870601
4168,7431e431b6e352571,True,,,,,,,,,,1.0,1.0,1.0,1.0,0.42864451454887226,1.0,0.0,1.0,0.0,0.5714514107965226
4169,f7d4775bfad9dcab8,True,,,,,,,,,,1.0,1.0,1.0,1.0,1.0,1.0,0.0,1.0,0.0,0.75
4170,0c9af5dd9b0259374,True,,,,,,,,,,0.0,1.0,1.0,1.0,1.0,0.0,0.0,0.0,0.0,0.0
4171,6a39e3072cc5a4e56,True,,,,,,,,,,1.0,1.0,1.0,1.0,0.20053427064468052,1.0,0.0,0.0,0.0,0.3751669595764627
4172,b74af0790b5550372,True,,,,,,,,,,1.0,1.0,1.0,1.0,0.13727170950035597,1.0,1.0,1.0,0.0,0.6053974092188612
4173,116930ec4ef8fd410,True,,,,,,,,,,1.0,1.0,1.0,1.0,0.0,1.0,1.0,1.0,1.0,0.6875
4174,bf23a089fb07a1891,True,,,,,,,,,,1.0,1.0,1.0,1.0,0.2083559560996354,1.0,0.0,0.0,0.0,0.3776112362811361
4175,44f588c85236fe365,True,,,,,,,,,,0.0,1.0,1.0,1.0,1.0,0.0,1.0,1.0,0.0,0.0
4176,4ff48fa4e19774be7,True,,,,,,,,,,0.0,1.0,1.0,1.0,0.24127998015372956,0.0,0.0,1.0,0.0,0.0
4177,8fb9c005a042db260,True,,,,,,,,,,1.0,1.0,1.0,1.0,0.1434464683661902,1.0,0.0,1.0,0.0,0.48232702136443445
4178,beb03158751d7049b,True,,,,,,,,,,1.0,1.0,1.0,1.0,0.17376485874912315,1.0,1.0,1.0,0.0,0.6168015183591009
4179,b2ca4b63cda4a8fe2,True,,,,,,,,,,1.0,1.0,1.0,1.0,0.21599989437186293,1.0,0.0,0.0,0.0,0.3799999669912072
4180,036879f77cadaa2d1,True,,,,,,,,,,1.0,1.0,1.0,1.0,0.4609674693963284,1.0,1.0,0.0,0.0,0.5815523341863527
4181,17ea9cff5974892cb,True,,,,,,,,,,1.0,1.0,1.0,1.0,0.14977396541677646,1.0,1.0,1.0,0.0,0.6093043641927427
4182,01529344a0b068d88,True,,,,,,,,,,1.0,1.0,1.0,1.0,0.0,1.0,1.0,1.0,1.0,0.6875
4183,a53b204e1934058ab,True,,,,,,,,,,1.0,0.0,1.0,1.0,0.3694790526276554,1.0,0.0,1.0,0.0,0.0
4184,5f47a3fc517f4ab93,True,,,,,,,,,,1.0,1.0,1.0,1.0,0.0,1.0,1.0,1.0,1.0,0.6875
4185,a91425257255ef015,True,,,,,,,,,,1.0,1.0,1.0,1.0,0.2379554120274815,1.0,0.0,0.0,0.0,0.38686106625858796
4186,18cc6c426879cd157,True,,,,,,,,,,1.0,1.0,1.0,1.0,0.3369662170258129,1.0,0.0,0.0,0.0,0.41780194282056654
4187,95c7dfd77d6f446a0,True,,,,,,,,,,1.0,1.0,1.0,1.0,0.0,1.0,0.0,0.0,0.0,0.3125
4188,1ad3760588008efe5,True,,,,,,,,,,1.0,1.0,1.0,1.0,1.0,1.0,0.0,1.0,0.0,0.75
4189,265f651d3984bee82,True,,,,,,,,,,1.0,1.0,1.0,1.0,0.48750750064656917,1.0,0.0,0.0,0.0,0.4648460939520529
4190,186f59c514ff34824,True,,,,,,,,,,1.0,1.0,1.0,1.0,1.0,1.0,1.0,1.0,1.0,1.0
4191,8f88cd86720008f23,True,,,,,,,,,,1.0,1.0,1.0,1.0,1.0,1.0,1.0,1.0,1.0,1.0
4192,73c0e8fd14908dce6,True,,,,,,,,,,1.0,1.0,1.0,1.0,0.3035789739629038,1.0,0.0,0.0,0.0,0.40736842936340745
4193,5fc5bb18513bc7d0b,True,,,,,,,,,,1.0,1.0,1.0,1.0,0.1985635814766779,1.0,0.0,0.0,0.0,0.37455111921146184
4194,d337b79f01dc75805,True,,,,,,,,,,1.0,1.0,1.0,1.0,0.20736418131777487,1.0,0.0,1.0,0.0,0.5023013066618046
4195,dba739bec7326715c,True,,,,,,,,,,1.0,1.0,1.0,1.0,0.5065643675637711,1.0,0.0,0.0,0.0,0.47080136486367846
4196,09b94e3a221caebb6,True,,,,,,,,,,1.0,0.0,0.5,1.0,0.39229045693248304,1.0,0.0,1.0,0.0,0.0
4197,969a72274e20ef86e,True,,,,,,,,,,1.0,1.0,1.0,1.0,0.13747515682505884,1.0,1.0,1.0,0.0,0.6054609865078309
4198,17924fa146add877f,True,,,,,,,,,,1.0,1.0,1.0,1.0,0.22083751403022314,1.0,1.0,0.0,0.0,0.5065117231344447
4199,e0fd3073c76ba643d,True,,,,,,,,,,1.0,1.0,1.0,1.0,0.0,1.0,1.0,1.0,1.0,0.6875
4200,e4b33d7affe423d8f,True,,,,,,,,,,1.0,1.0,1.0,1.0,0.30778998230022303,1.0,1.0,0.0,0.0,0.5336843694688197
4201,33acea7dafc3e280a,True,,,,,,,,,,1.0,1.0,1.0,1.0,0.2562236053751809,1.0,0.0,1.0,0.0,0.5175698766797441
4202,7ff35ca5444967bbf,True,,,,,,,,,,1.0,1.0,1.0,1.0,0.01884363209074846,1.0,0.0,1.0,1.0,0.5683886350283589
4203,9db9a548b803b14d9,True,,,,,,,,,,1.0,1.0,1.0,1.0,0.23634182415879496,1.0,0.0,0.0,0.0,0.3863568200496234
4204,6b5b128424d5357b0,True,,,,,,,,,,1.0,1.0,1.0,1.0,0.0027382409145856137,1.0,0.0,1.0,1.0,0.5633557002858081
4205,2e5740aa26165ee89,True,,,,,,,,,,1.0,1.0,1.0,1.0,0.0737745164723292,1.0,1.0,1.0,1.0,0.7105545363976029
4206,7133408c5a1a6f3bf,True,,,,,,,,,,1.0,1.0,1.0,1.0,0.3315053803991073,1.0,0.0,1.0,0.0,0.541095431374721
4207,ab96e33e9ab4e191b,True,,,,,,,,,,1.0,0.0,1.0,1.0,1.0,1.0,0.0,0.0,0.0,0.0
4208,0f902fca1e990d9be,True,,,,,,,,,,1.0,1.0,1.0,1.0,1.0,1.0,1.0,1.0,1.0,1.0
4209,789c9e60213111cde,True,,,,,,,,,,1.0,1.0,0.0,1.0,1.0,1.0,0.0,0.0,0.0,0.0
4210,10369bbacaa4e3b7d,True,,,,,,,,,,1.0,1.0,1.0,1.0,0.11281699434644855,1.0,1.0,1.0,1.0,0.7227553107332652
4211,7d8867cd2c80b0fd8,True,,,,,,,,,,1.0,1.0,1.0,1.0,0.0,1.0,1.0,1.0,1.0,0.6875
4212,1b3fd5e7993de38c0,True,,,,,,,,,,1.0,1.0,1.0,1.0,0.1736875973624538,1.0,1.0,1.0,0.0,0.6167773741757668
4213,af1a4d903d6c645ce,True,,,,,,,,,,1.0,1.0,1.0,1.0,1.0,1.0,0.0,0.0,0.0,0.625
4214,ec788232fc7f2cf7e,True,,,,,,,,,,1.0,1.0,1.0,1.0,0.12325547110524684,1.0,1.0,1.0,0.0,0.6010173347203897
4215,1effe02b2af9680a9,True,,,,,,,,,,1.0,1.0,1.0,1.0,0.018140093019875677,1.0,0.0,1.0,1.0,0.5681687790687111
4216,d308ca8a7878741eb,True,,,,,,,,,,1.0,0.0,1.0,1.0,1.0,1.0,0.0,0.0,0.0,0.0
4217,7002987261d03954e,True,,,,,,,,,,1.0,0.0,1.0,1.0,1.0,1.0,0.0,0.0,0.0,0.0
4218,63584edd9b86f7faf,True,,,,,,,,,,0.0,1.0,1.0,1.0,1.0,0.0,1.0,1.0,0.0,0.0
4219,07f73e596a2b2e3ec,True,,,,,,,,,,1.0,1.0,1.0,1.0,0.2677143996523282,1.0,0.0,0.0,0.0,0.3961607498913525
4220,a97b99ff7fc06eb65,True,,,,,,,,,,1.0,1.0,1.0,1.0,0.19419081115058875,1.0,1.0,0.0,0.0,0.49818462848455897
4221,bbe1739362745c097,True,,,,,,,,,,1.0,1.0,1.0,1.0,1.0,1.0,1.0,1.0,1.0,1.0
4222,61c5dadb5c926478c,True,,,,,,,,,,1.0,1.0,1.0,1.0,1.0,1.0,0.0,0.0,0.0,0.625
4223,9d1689f8e6d847437,True,,,,,,,,,,1.0,0.0,0.0,1.0,1.0,1.0,0.0,0.0,0.0,0.0
4224,762f200cb2556d1a2,True,,,,,,,,,,0.0,0.0,1.0,1.0,1.0,0.0,1.0,1.0,0.0,0.0
4225,9d3a947ac7ae15c8a,True,,,,,,,,,,0.0,1.0,1.0,1.0,1.0,0.0,0.0,0.0,0.0,0.0
4226,eeb34640b5657db25,True,,,,,,,,,,1.0,0.0,1.0,1.0,0.3997839049873549,1.0,1.0,0.0,0.0,0.0
4227,0b09e2367441527e4,True,,,,,,,,,,1.0,1.0,1.0,1.0,1.0,1.0,1.0,1.0,1.0,1.0
4228,5f54e7582c508a3ca,True,,,,,,,,,,1.0,1.0,1.0,1.0,0.20545562666215988,1.0,0.0,0.0,0.0,0.376704883331925
4229,06a374b6e74317285,True,,,,,,,,,,1.0,1.0,1.0,1.0,0.23622575346974442,1.0,1.0,0.0,0.0,0.5113205479592952
4230,9acdea8bbc8a06caa,True,,,,,,,,,,1.0,1.0,1.0,1.0,0.0,1.0,1.0,1.0,1.0,0.6875
4231,66f45177e81fc8115,True,,,,,,,,,,1.0,1.0,1.0,1.0,0.18027117697905182,1.0,0.0,1.0,0.0,0.4938347428059537
4232,bd4cbb0e07c59ee69,True,,,,,,,,,,1.0,1.0,1.0,1.0,0.021936134793876908,1.0,0.0,1.0,1.0,0.5693550421230865
4233,467d1a5ec9c912bda,True,,,,,,,,,,1.0,1.0,1.0,1.0,0.09993164402914141,1.0,0.0,1.0,1.0,0.5937286387591068
4234,f5ffbc82e55558f49,True,,,,,,,,,,1.0,0.0,1.0,1.0,0.17965212791379445,1.0,1.0,1.0,0.0,0.0
4235,8155d4f80d0416c00,True,,,,,,,,,,1.0,1.0,1.0,1.0,0.0,1.0,1.0,1.0,1.0,0.6875
4236,e3bbe6b73a88e1b36,True,,,,,,,,,,1.0,1.0,1.0,1.0,0.1818524342079178,1.0,0.0,1.0,0.0,0.4943288856899743
4237,9eaf4038cc95831dd,True,,,,,,,,,,1.0,1.0,1.0,1.0,0.2795420460557166,1.0,0.0,0.0,0.0,0.39985688939241143
4238,acd449fa83a39cef2,True,,,,,,,,,,1.0,1.0,1.0,1.0,0.2619793825793721,1.0,0.0,0.0,0.0,0.3943685570560538
4239,3a5164bb3f2fdabd5,True,,,,,,,,,,1.0,1.0,1.0,1.0,0.10327187595392416,1.0,1.0,1.0,0.0,0.5947724612356013
4240,f03413df184aedd86,True,,,,,,,,,,1.0,1.0,1.0,1.0,0.18851379422506448,1.0,1.0,1.0,0.0,0.6214105606953326
4241,b592db40b4ae7d08c,True,,,,,,,,,,1.0,1.0,1.0,1.0,0.18052477010555687,1.0,0.0,1.0,0.0,0.4939139906579865
4242,626d07f3f8b80566b,True,,,,,,,,,,1.0,1.0,1.0,1.0,0.15826913087238814,1.0,1.0,1.0,0.0,0.6119591033976213
4243,b1606575e4b94f15c,True,,,,,,,,,,1.0,1.0,1.0,1.0,0.29210330829030445,1.0,0.0,1.0,0.0,0.5287822838407201
4244,a2b6df5b32c01b3d9,True,,,,,,,,,,1.0,1.0,0.5,1.0,0.7997451173793513,1.0,0.0,0.0,0.0,0.28121017459052366
4245,6a555d92cb8bdeee6,True,,,,,,,,,,1.0,1.0,1.0,1.0,0.23246782987213968,1.0,1.0,0.0,0.0,0.5101461968350436
4246,7f866f8c8d00bd3d1,True,,,,,,,,,,1.0,1.0,1.0,1.0,0.2159231733367597,1.0,0.0,0.0,0.0,0.37997599166773743
4247,1d749bcf71869340e,True,,,,,,,,,,1.0,1.0,1.0,1.0,0.15653184277705215,1.0,0.0,1.0,0.0,0.4864162008678288
4248,3f5815868e493295e,True,,,,,,,,,,1.0,1.0,1.0,1.0,0.13732578256149358,1.0,1.0,1.0,0.0,0.6054143070504667
4249,bf56b1e490af51e25,True,,,,,,,,,,1.0,1.0,1.0,1.0,0.060710753706416744,1.0,0.0,1.0,1.0,0.5814721105332552
4250,0935bea2b70d9fd2a,True,,,,,,,,,,1.0,1.0,1.0,1.0,0.30620416225152386,1.0,0.0,0.0,0.0,0.4081888007036012
4251,eedb6f9d589e745c8,True,,,,,,,,,,1.0,0.0,1.0,1.0,0.550817757011582,1.0,1.0,0.0,0.0,0.0
4252,8170f12fb1131df99,True,,,,,,,,,,1.0,1.0,1.0,1.0,0.37904080855069566,1.0,0.0,1.0,0.0,0.5559502526720924
4253,86ef74bf900e70e17,True,,,,,,,,,,1.0,0.0,1.0,1.0,0.3436676990180129,1.0,1.0,0.0,0.0,0.0
4254,c41d6466acee52a7f,True,,,,,,,,,,1.0,1.0,1.0,1.0,0.0,1.0,0.0,1.0,1.0,0.5625
4255,5c17574f067aa995c,True,,,,,,,,,,1.0,1.0,1.0,1.0,1.0,1.0,1.0,1.0,0.0,0.875
4256,15f652f1382299b99,True,,,,,,,,,,1.0,1.0,1.0,1.0,1.0,1.0,0.0,1.0,0.0,0.75
4257,2f1ef51a33585046a,True,,,,,,,,,,1.0,1.0,1.0,1.0,1.0,1.0,0.0,0.0,0.0,0.625
4258,6689a93bda6a6470b,True,,,,,,,,,,1.0,1.0,1.0,1.0,0.250660639368372,1.0,1.0,0.0,0.0,0.5158314498026162
4259,3d35e2b7007a10159,True,,,,,,,,,,1.0,1.0,1.0,1.0,1.0,1.0,0.0,1.0,1.0,0.875
4260,c25117617d76189c0,True,,,,,,,,,,1.0,1.0,1.0,1.0,1.0,1.0,1.0,1.0,0.0,0.875
4261,d3a6f863fceaf4d0e,True,,,,,,,,,,1.0,1.0,1.0,1.0,0.1642644011855332,1.0,1.0,1.0,0.0,0.6138326253704791
4262,d5f2dcdb50158c20e,True,,,,,,,,,,1.0,0.0,1.0,1.0,0.08999843068056854,1.0,0.0,1.0,1.0,0.0
4263,7e160b5ef1f82a420,True,,,,,,,,,,1.0,1.0,1.0,1.0,0.26214791477169525,1.0,1.0,1.0,0.0,0.6444212233661548
4264,a5905de8a4fa82e21,True,,,,,,,,,,1.0,0.0,1.0,1.0,0.19091797667378282,1.0,0.0,1.0,0.0,0.0
4265,f047a65c1ef695e27,True,,,,,,,,,,1.0,1.0,1.0,1.0,0.3572479303974231,1.0,0.0,1.0,0.0,0.5491399782491947
4266,f74297ce90b621563,True,,,,,,,,,,1.0,1.0,1.0,1.0,0.0,1.0,1.0,1.0,1.0,0.6875
4267,3dd52ad2d0d369330,True,,,,,,,,,,1.0,1.0,1.0,1.0,0.19094380298788113,1.0,0.0,1.0,0.0,0.4971699384337129
4268,3ded0591b23a7df67,True,,,,,,,,,,1.0,1.0,1.0,1.0,0.08233563575896541,1.0,1.0,1.0,1.0,0.7132298861746766
4269,1909b0573a163be83,True,,,,,,,,,,1.0,1.0,1.0,1.0,0.15348718519436907,1.0,1.0,1.0,0.0,0.6104647453732404
4270,c38b7f486c2411a81,True,,,,,,,,,,0.0,1.0,1.0,1.0,1.0,0.0,0.0,0.0,0.0,0.0
4271,983f5e64888cf8b80,True,,,,,,,,,,1.0,1.0,1.0,1.0,0.09684359324208171,1.0,0.0,1.0,1.0,0.5927636228881505
4272,c5bf49e3aca8b3adb,True,,,,,,,,,,1.0,1.0,1.0,1.0,0.13423584532562888,1.0,0.0,1.0,0.0,0.479448701664259
4273,1a8fcc346a063b55c,True,,,,,,,,,,1.0,1.0,1.0,1.0,1.0,1.0,1.0,1.0,0.0,0.875
4274,095200d2374c09356,True,,,,,,,,,,1.0,1.0,1.0,1.0,1.0,1.0,0.0,1.0,0.0,0.75
4275,003fad41549a954eb,True,,,,,,,,,,1.0,1.0,1.0,1.0,0.298478330482486,1.0,1.0,1.0,0.0,0.6557744782757768
4276,bfb52f68dcd77ef80,True,,,,,,,,,,1.0,0.0,0.0,1.0,1.0,1.0,0.0,0.0,0.0,0.0
4277,0ac5f53f5bbf5603e,True,,,,,,,,,,1.0,1.0,1.0,1.0,0.3546429255364541,1.0,1.0,0.0,0.0,0.5483259142301419
4278,35dbe67d467571cfb,True,,,,,,,,,,1.0,1.0,1.0,1.0,0.1452196252002603,1.0,1.0,1.0,0.0,0.6078811328750813
4279,3bcc1dd4e60503094,True,,,,,,,,,,1.0,1.0,1.0,1.0,0.21037794160467355,1.0,0.0,0.0,0.0,0.3782431067514605
4280,1afa1d77d3954125e,True,,,,,,,,,,1.0,1.0,1.0,1.0,0.2492624884413358,1.0,0.0,0.0,0.0,0.39039452763791743
4281,67ac6348f814bfca1,True,,,,,,,,,,1.0,1.0,1.0,1.0,0.007382263012308234,1.0,1.0,1.0,1.0,0.6898069571913463
4282,37059447ec970c23a,True,,,,,,,,,,1.0,1.0,1.0,1.0,0.10737369031341831,1.0,0.0,1.0,1.0,0.5960542782229432
4283,e85bd1aab37f82bde,True,,,,,,,,,,1.0,1.0,1.0,1.0,0.31127918103641017,1.0,1.0,1.0,0.0,0.6597747440738781
4284,da5a71cf5abef95d8,True,,,,,,,,,,1.0,1.0,1.0,1.0,0.21891276646215377,1.0,1.0,0.0,0.0,0.505910239519423
4285,36c1bdf64ea8ffbe0,True,,,,,,,,,,1.0,1.0,1.0,1.0,0.18345386511991385,1.0,0.0,1.0,0.0,0.4948293328499731
4286,f836208030ee5d621,True,,,,,,,,,,1.0,0.0,0.5,1.0,0.6841547524031419,1.0,0.0,1.0,0.0,0.0
4287,a244e51837aaa9bc4,True,,,,,,,,,,1.0,1.0,1.0,1.0,0.19166752513686855,1.0,0.0,1.0,0.0,0.4973961016052714
4288,210bdf510357465fe,True,,,,,,,,,,1.0,0.0,1.0,1.0,1.0,1.0,0.0,0.0,0.0,0.0
4289,d19cedf7c9391dacc,True,,,,,,,,,,1.0,0.0,1.0,1.0,0.5131784362785252,1.0,0.0,0.0,0.0,0.0
4290,de50c5684cbb85a60,True,,,,,,,,,,1.0,0.0,1.0,1.0,0.22865532806917271,1.0,0.0,0.0,0.0,0.0
4291,fc2f7b0ec25d44aea,True,,,,,,,,,,1.0,1.0,1.0,1.0,0.3633099391341654,1.0,0.0,0.0,0.0,0.4260343559794267
4292,84be03c80c37d30a3,True,,,,,,,,,,1.0,1.0,1.0,1.0,1.0,1.0,1.0,0.0,0.0,0.75
4293,2d240158ae67d64dd,True,,,,,,,,,,1.0,1.0,1.0,1.0,0.11769170810624864,1.0,0.0,1.0,0.0,0.4742786587832027
4294,2565c982d32c96893,True,,,,,,,,,,1.0,1.0,1.0,1.0,0.23161186429371958,1.0,1.0,0.0,0.0,0.5098787075917874
4295,8ff15043e7dd18ac8,True,,,,,,,,,,1.0,1.0,1.0,1.0,0.00547104756293849,1.0,1.0,1.0,0.0,0.5642097023634183
4296,4c86c87d1f278b79a,True,,,,,,,,,,1.0,1.0,1.0,1.0,0.18052457655272827,1.0,1.0,1.0,0.0,0.6189139301727276
4297,47a19dd96d0e85b4d,True,,,,,,,,,,1.0,1.0,1.0,1.0,0.21143545703720956,1.0,0.0,0.0,0.0,0.378573580324128
4298,4f6a928a2fd54c0ce,True,,,,,,,,,,1.0,1.0,1.0,1.0,1.0,1.0,1.0,1.0,1.0,1.0
4299,705844c20fec39ce6,True,,,,,,,,,,1.0,1.0,1.0,1.0,0.033821174790771895,1.0,0.0,1.0,1.0,0.5730691171221163
4300,e4c493d897f14300a,True,,,,,,,,,,1.0,0.0,1.0,1.0,0.20260028569368224,1.0,0.0,0.0,0.0,0.0
4301,281b6c4a5468c1447,True,,,,,,,,,,1.0,1.0,1.0,1.0,0.228820534258097,1.0,1.0,0.0,0.0,0.5090064169556553
4302,59c1acee0df7ca984,True,,,,,,,,,,1.0,1.0,1.0,1.0,0.1700645347187715,1.0,1.0,1.0,0.0,0.6156451670996161
4303,234b7c4138a9802b3,True,,,,,,,,,,1.0,1.0,1.0,1.0,0.14905519424310998,1.0,0.0,1.0,0.0,0.4840797482009719
4304,9864904b0ceaacd61,True,,,,,,,,,,1.0,1.0,1.0,1.0,0.055106641641814835,1.0,1.0,1.0,1.0,0.7047208255130671
4305,cdbe73e69b2aced1d,True,,,,,,,,,,1.0,1.0,1.0,1.0,0.1408123736533913,1.0,1.0,0.0,0.0,0.4815038667666848
4306,e3be3af3b3213f65e,True,,,,,,,,,,1.0,1.0,1.0,1.0,1.0,1.0,0.0,1.0,1.0,0.875
4307,3501e37f323516fb9,True,,,,,,,,,,1.0,1.0,1.0,1.0,1.0,1.0,1.0,1.0,1.0,1.0
4308,5fbdf316a30e33058,True,,,,,,,,,,1.0,1.0,1.0,1.0,0.21374309696497562,1.0,0.0,0.0,0.0,0.3792947178015549
4309,3fdf3c5e045298ad9,True,,,,,,,,,,1.0,1.0,1.0,1.0,0.1998327282613294,1.0,1.0,1.0,0.0,0.6249477275816655
4310,2efb596222f8cbb75,True,,,,,,,,,,1.0,1.0,0.5,1.0,0.8016797199669099,1.0,0.0,1.0,0.0,0.3440124562448297
4311,73e128068f712ead2,True,,,,,,,,,,0.0,0.0,1.0,1.0,1.0,0.0,0.0,1.0,0.0,0.0
4312,c48fe378c45229ffa,True,,,,,,,,,,1.0,0.0,1.0,1.0,0.2845160026965918,1.0,0.0,0.0,0.0,0.0
4313,ec4a1a5062f088a0f,True,,,,,,,,,,1.0,1.0,1.0,1.0,1.0,1.0,1.0,1.0,1.0,1.0
4314,5929f8a55e3904cac,True,,,,,,,,,,1.0,1.0,1.0,1.0,0.17739572827698485,1.0,1.0,1.0,0.0,0.6179361650865578
4315,735cc37028693d641,True,,,,,,,,,,1.0,0.0,1.0,1.0,0.19934496676238403,1.0,0.0,0.0,0.0,0.0
4316,b1eef6642f7b29370,True,,,,,,,,,,1.0,1.0,1.0,1.0,0.11953045777718739,1.0,1.0,1.0,0.0,0.599853268055371
4317,5843e4397b88575b2,True,,,,,,,,,,1.0,1.0,1.0,1.0,1.0,1.0,0.0,1.0,0.0,0.75
4318,9d5ce658b960c75f6,True,,,,,,,,,,1.0,1.0,1.0,1.0,0.0029728231024569074,1.0,1.0,1.0,1.0,0.6884290072195178
4319,55803d7542740813d,True,,,,,,,,,,1.0,1.0,0.5,1.0,0.7105380057484652,1.0,0.0,0.0,0.0,0.2672715633981977
4320,e6aacc10619a6082c,True,,,,,,,,,,1.0,1.0,1.0,1.0,0.20484334724132278,1.0,1.0,0.0,0.0,0.5015135460129134
4321,f456c5e9004e0cd78,True,,,,,,,,,,0.0,0.0,1.0,1.0,0.2228227535764442,0.0,0.0,0.0,0.0,0.0
4322,eee0015497fc5fbb3,True,,,,,,,,,,1.0,1.0,1.0,1.0,0.19444148449286824,1.0,0.0,0.0,0.0,0.3732629639040213
4323,f507ae7c610fe346a,True,,,,,,,,,,1.0,1.0,1.0,0.0,1.0,1.0,1.0,1.0,1.0,0.0
4324,f549933443a3744d4,True,,,,,,,,,,1.0,1.0,1.0,1.0,0.19988308146493236,1.0,0.0,0.0,0.0,0.37496346295779137
4325,44c452535c1f9bd1b,True,,,,,,,,,,1.0,1.0,1.0,1.0,0.2702994389180653,1.0,1.0,1.0,0.0,0.6469685746618954
4326,18904eb72c5073ba1,True,,,,,,,,,,1.0,1.0,1.0,1.0,0.2257940757450685,1.0,0.0,1.0,0.0,0.5080606486703338
4327,34e7a39f33ba4f108,True,,,,,,,,,,1.0,1.0,1.0,1.0,0.49461907009460654,1.0,1.0,1.0,0.0,0.7170684594045645
4328,a5f9745ded4663076,True,,,,,,,,,,1.0,1.0,1.0,1.0,0.3720964645924135,1.0,0.0,1.0,0.0,0.5537801451851292
4329,bda9a328490cd8105,True,,,,,,,,,,1.0,1.0,1.0,1.0,0.48792620318865254,1.0,1.0,0.0,0.0,0.5899769384964539
4330,7474911d349b5a097,True,,,,,,,,,,1.0,1.0,1.0,1.0,0.34294878626460584,1.0,1.0,1.0,0.0,0.6696714957076894
4331,2115b48841ebae650,True,,,,,,,,,,1.0,1.0,1.0,1.0,0.3044775879576523,1.0,1.0,1.0,0.0,0.6576492462367663
4332,c4c4fa45496336f70,True,,,,,,,,,,1.0,1.0,0.5,1.0,0.4904892080822225,1.0,0.0,1.0,0.0,0.2953889387628473
4333,6564712a0860d6518,True,,,,,,,,,,0.0,1.0,1.0,1.0,0.1450378105547306,0.0,0.0,1.0,0.0,0.0
4334,d89331799987b6909,True,,,,,,,,,,1.0,0.0,1.0,1.0,1.0,1.0,0.0,0.0,0.0,0.0
4335,462336a687ff62978,True,,,,,,,,,,1.0,1.0,1.0,1.0,0.0,1.0,0.0,1.0,1.0,0.5625
4336,23d3fdeb556df092e,True,,,,,,,,,,1.0,1.0,1.0,1.0,0.21227699073458028,1.0,1.0,0.0,0.0,0.5038365596045563
4337,01fd6ca416dc0630c,True,,,,,,,,,,1.0,1.0,0.0,1.0,1.0,1.0,0.0,0.0,0.0,0.0
4338,3b3f6182f292aea44,True,,,,,,,,,,1.0,1.0,1.0,1.0,0.1099507046694492,1.0,1.0,1.0,0.0,0.5968595952092028
4339,3b9ed44b6aec2276a,True,,,,,,,,,,1.0,1.0,1.0,1.0,0.041758719112312756,1.0,1.0,1.0,1.0,0.7005495997225977
4340,10d905dbddd82d817,True,,,,,,,,,,1.0,1.0,1.0,1.0,0.19548696374278068,1.0,1.0,1.0,0.0,0.6235896761696189
4341,8c25a75ef46e49d9f,True,,,,,,,,,,1.0,1.0,1.0,1.0,0.008678095657211593,1.0,1.0,1.0,1.0,0.6902119048928786
4342,1cee104dd05ce3a78,True,,,,,,,,,,1.0,0.0,1.0,1.0,0.497219174849962,1.0,1.0,0.0,0.0,0.0
4343,03765fd57aa87ab53,True,,,,,,,,,,1.0,1.0,1.0,1.0,0.0017374281218038663,1.0,1.0,1.0,1.0,0.6880429462880637
4344,96a1227ca8539a33e,True,,,,,,,,,,1.0,1.0,1.0,1.0,0.2247651997832707,1.0,1.0,0.0,0.0,0.507739124932272
4345,554adddfca63d6fe8,True,,,,,,,,,,1.0,1.0,1.0,1.0,0.14537839264703306,1.0,1.0,1.0,1.0,0.7329307477021978
4346,a1852737c84ea03fc,True,,,,,,,,,,1.0,1.0,1.0,1.0,0.050632871575867856,1.0,1.0,1.0,1.0,0.7033227723674587
4347,b83c30081d33ba2dd,True,,,,,,,,,,1.0,1.0,1.0,1.0,0.21981349520256535,1.0,1.0,0.0,0.0,0.5061917172508017
4348,c82fe572121770ee2,True,,,,,,,,,,1.0,0.0,0.5,1.0,1.0,1.0,0.0,0.0,0.0,0.0
4349,726d488f280e59674,True,,,,,,,,,,1.0,0.0,1.0,1.0,0.2454993820398021,1.0,0.0,0.0,0.0,0.0
4350,6139b967f50241e4f,True,,,,,,,,,,1.0,1.0,1.0,1.0,0.0,1.0,0.0,1.0,1.0,0.5625
4351,4562930d9a4d7543b,True,,,,,,,,,,1.0,1.0,1.0,1.0,0.13278376549202547,1.0,1.0,1.0,0.0,0.603994926716258
4352,cac2753c7c7b93847,True,,,,,,,,,,1.0,1.0,1.0,1.0,1.0,1.0,1.0,1.0,1.0,1.0
4353,c912edcab444df468,True,,,,,,,,,,1.0,1.0,1.0,1.0,0.2100999033497741,1.0,1.0,0.0,0.0,0.5031562197968045
4354,61fd1e677d1c01a32,True,,,,,,,,,,0.5,0.0,1.0,1.0,0.6527512062341441,0.0,1.0,0.0,0.0,0.0
4355,51b90828c7ba37b79,True,,,,,,,,,,1.0,1.0,1.0,1.0,0.2026927224279903,1.0,1.0,1.0,0.0,0.6258414757587469
4356,1977bcc474e42d28a,True,,,,,,,,,,1.0,1.0,1.0,1.0,0.308149262311244,1.0,0.0,1.0,0.0,0.5337966444722637
4357,9346180ef7437e555,True,,,,,,,,,,1.0,1.0,1.0,1.0,0.20694520097519847,1.0,0.0,0.0,0.0,0.3771703753047495
4358,bdc5b1c53a1749c9d,True,,,,,,,,,,1.0,0.0,1.0,1.0,1.0,1.0,0.0,0.0,0.0,0.0
4359,be30a0caa3e19507e,True,,,,,,,,,,1.0,1.0,1.0,1.0,1.0,1.0,1.0,1.0,0.0,0.875
4360,89c18ed69c931aa0a,True,,,,,,,,,,1.0,1.0,1.0,1.0,0.19636107866739153,1.0,0.0,1.0,0.0,0.49886283708355983
4361,32e9d651acdfc8f82,True,,,,,,,,,,1.0,1.0,1.0,1.0,0.26156849733270593,1.0,1.0,0.0,0.0,0.5192401554164706
4362,3ea710ad8425a9566,True,,,,,,,,,,1.0,1.0,1.0,1.0,0.13094027627031118,1.0,1.0,1.0,0.0,0.6034188363344722
4363,a389c63fbad3287f2,True,,,,,,,,,,1.0,1.0,1.0,1.0,0.32580677321027807,1.0,1.0,0.0,0.0,0.5393146166282119
4364,e9998b8b863aa29d4,True,,,,,,,,,,1.0,1.0,1.0,1.0,0.0,1.0,0.0,1.0,1.0,0.5625
4365,818f9becc81f0e975,True,,,,,,,,,,1.0,1.0,1.0,1.0,0.15940762357020294,1.0,1.0,0.0,0.0,0.48731488236568843
4366,2cd8757231917e0ba,True,,,,,,,,,,1.0,1.0,1.0,1.0,0.0,0.0,1.0,1.0,1.0,0.375
4367,e1654044aa2aa4003,True,,,,,,,,,,1.0,1.0,1.0,1.0,0.1078461338746682,1.0,1.0,0.0,0.0,0.4712019168358338
4368,2516d8b2211015894,True,,,,,,,,,,1.0,1.0,1.0,1.0,0.21606380139205555,1.0,1.0,0.0,0.0,0.5050199379350173
4369,cc9e04e3c4887f26c,True,,,,,,,,,,1.0,0.0,1.0,1.0,0.2283914087217434,1.0,0.0,1.0,0.0,0.0
4370,06be59490e2e14bcd,True,,,,,,,,,,0.0,0.0,0.5,1.0,1.0,0.0,0.0,0.0,0.0,0.0
4371,ae94ff2780b7d715c,True,,,,,,,,,,1.0,1.0,1.0,1.0,0.1797829618262126,1.0,1.0,1.0,0.0,0.6186821755706915
4372,5dbaff082e8bd2a5b,True,,,,,,,,,,1.0,1.0,1.0,1.0,0.17922822381612719,1.0,0.0,1.0,0.0,0.49350881994253976
4373,0ff0e427305289854,True,,,,,,,,,,1.0,1.0,1.0,1.0,1.0,1.0,0.0,1.0,0.0,0.75
4374,18d79c8cb12df7f0e,True,,,,,,,,,,1.0,1.0,1.0,1.0,0.0560879278109748,1.0,0.0,0.0,0.0,0.33002747744092964
4375,8b6ef443197adad55,True,,,,,,,,,,1.0,0.0,1.0,1.0,0.2775426336176314,1.0,1.0,0.0,0.0,0.0
4376,04d4f1277557232ce,True,,,,,,,,,,1.0,0.0,1.0,1.0,1.0,1.0,0.0,1.0,0.0,0.0
4377,b55de67890f581798,True,,,,,,,,,,1.0,1.0,1.0,1.0,0.03527969500283543,1.0,1.0,1.0,1.0,0.6985249046883861
4378,8ebb7ac6b5b06cde1,True,,,,,,,,,,1.0,0.0,1.0,1.0,0.17579476485780673,1.0,0.0,1.0,0.0,0.0
4379,deaaf2b39c8541966,True,,,,,,,,,,1.0,0.0,1.0,1.0,0.13297836171151978,1.0,1.0,1.0,0.0,0.0
4380,5defaad214f3a99c9,True,,,,,,,,,,1.0,1.0,1.0,1.0,0.15981621949579067,1.0,0.0,1.0,0.0,0.48744256859243457
4381,e67970e73b3daa612,True,,,,,,,,,,1.0,1.0,1.0,1.0,0.2596169128144179,1.0,0.0,0.0,0.0,0.3936302852545056
4382,e1275cf277c0a36c1,True,,,,,,,,,,1.0,1.0,1.0,1.0,0.2421335467655812,1.0,0.0,0.0,0.0,0.3881667333642441
4383,50b922840407a0340,True,,,,,,,,,,1.0,1.0,1.0,1.0,0.1302689713063624,1.0,1.0,1.0,0.0,0.6032090535332382
4384,9c7d353e930a79a97,True,,,,,,,,,,1.0,1.0,0.5,1.0,0.1897572497824513,1.0,0.0,1.0,0.0,0.248399570278508
4385,5afefbf1463923c97,True,,,,,,,,,,1.0,1.0,1.0,1.0,0.22783682124990304,1.0,0.0,0.0,0.0,0.3836990066405947
4386,b8b2aad7145d418e5,True,,,,,,,,,,1.0,1.0,1.0,1.0,0.20336060874867404,1.0,0.0,0.0,0.0,0.37605019023396064
4387,84216c5077769d755,True,,,,,,,,,,1.0,0.0,0.5,1.0,0.7431528131894907,1.0,0.0,1.0,0.0,0.0
4388,687eac5f36b59550f,True,,,,,,,,,,1.0,0.0,1.0,1.0,0.32959346353181745,1.0,0.0,1.0,0.0,0.0
4389,d443dcd06a9dbae34,True,,,,,,,,,,1.0,1.0,1.0,1.0,1.0,1.0,1.0,1.0,1.0,1.0
4390,1fe4ed0aea2c3ed33,True,,,,,,,,,,1.0,0.0,1.0,1.0,1.0,1.0,0.0,0.0,0.0,0.0
4391,121c56067fcf173ae,True,,,,,,,,,,1.0,1.0,1.0,1.0,0.09081843951367082,1.0,1.0,1.0,0.0,0.5908807623480221
4392,22a3ae905426058d2,True,,,,,,,,,,1.0,1.0,1.0,1.0,0.38976723086605386,1.0,0.0,0.0,0.0,0.43430225964564184
4393,c4a613ef81174337b,True,,,,,,,,,,1.0,1.0,1.0,1.0,0.3874322700619019,1.0,1.0,1.0,0.0,0.6835725843943443
4394,b0b33738475eb449a,True,,,,,,,,,,1.0,1.0,1.0,1.0,0.23583675621342787,1.0,0.0,0.0,0.0,0.3861989863166962
4395,f75452f2564e8f2ae,True,,,,,,,,,,1.0,1.0,1.0,1.0,0.22486787204546502,1.0,1.0,1.0,0.0,0.6327712100142078
4396,31368b2b5cafa42dc,True,,,,,,,,,,1.0,1.0,1.0,1.0,0.1672269360821641,1.0,1.0,1.0,0.0,0.6147584175256763
4397,3dafbde4626235155,True,,,,,,,,,,1.0,1.0,1.0,1.0,0.1962085444374448,1.0,0.0,1.0,0.0,0.4988151701367015
4398,8779ba759ea792fbc,True,,,,,,,,,,1.0,1.0,1.0,1.0,0.04982160263658249,1.0,1.0,1.0,1.0,0.703069250823932
4399,6029879ac957933a1,True,,,,,,,,,,1.0,1.0,1.0,1.0,0.019922190649358445,1.0,1.0,1.0,1.0,0.6937256845779245
4400,dc0cffde6935fbd2b,True,,,,,,,,,,1.0,1.0,1.0,1.0,0.0,1.0,1.0,1.0,1.0,0.6875
4401,b8aa4f2712496a9c3,True,,,,,,,,,,1.0,1.0,0.5,1.0,1.0,1.0,0.0,0.0,0.0,0.3125
4402,a436762e9938c1e5b,True,,,,,,,,,,1.0,1.0,1.0,1.0,0.47475816401189,1.0,0.0,1.0,0.0,0.5858619262537157
4403,ff494c8f27c7b3c5d,True,,,,,,,,,,1.0,1.0,1.0,1.0,0.1824259832867097,1.0,1.0,1.0,0.0,0.6195081197770969
4404,1435a0fd243cd3793,True,,,,,,,,,,1.0,1.0,1.0,1.0,0.11281699434644855,1.0,1.0,1.0,1.0,0.7227553107332652
4405,610fbfffa032daacc,True,,,,,,,,,,1.0,0.0,1.0,1.0,1.0,1.0,0.0,0.0,0.0,0.0
4406,252b287c4bec81c38,True,,,,,,,,,,1.0,1.0,1.0,1.0,0.20335380641013479,1.0,0.0,0.0,0.0,0.37604806450316713
4407,597a84c12865d3cb1,True,,,,,,,,,,1.0,1.0,1.0,1.0,0.19182416297566854,1.0,0.0,1.0,0.0,0.49744505092989644
4408,692440daecd03cbe0,True,,,,,,,,,,1.0,1.0,0.5,1.0,0.5527365919591224,1.0,0.0,0.0,0.0,0.24261509249361288
4409,df257ceb4f8312a9b,True,,,,,,,,,,1.0,1.0,0.5,1.0,0.7735738582131635,1.0,0.0,1.0,0.0,0.3396209153458068
4410,5a6d3d8a6cd7a7d2e,True,,,,,,,,,,1.0,1.0,1.0,1.0,0.19816269082699056,1.0,0.0,1.0,0.0,0.49942584088343456
4411,d784680050236fe52,True,,,,,,,,,,1.0,1.0,1.0,1.0,0.14179162015598648,1.0,0.0,1.0,0.0,0.4818098812987458
4412,c25da0ddaa99c1dd9,True,,,,,,,,,,1.0,1.0,1.0,1.0,1.0,1.0,1.0,0.0,0.0,0.75
4413,00bbaca29a3b34595,True,,,,,,,,,,1.0,1.0,1.0,1.0,0.16840697431255316,1.0,1.0,1.0,0.0,0.6151271794726729
4414,e41e35545e4667bbb,True,,,,,,,,,,1.0,0.0,1.0,1.0,1.0,1.0,0.0,1.0,0.0,0.0
4415,096db7931a7697382,True,,,,,,,,,,1.0,1.0,1.0,1.0,0.22190291493086692,1.0,1.0,1.0,0.0,0.6318446609158959
4416,1a67fcc3becbce6bf,True,,,,,,,,,,1.0,1.0,1.0,1.0,0.2817275697350536,1.0,1.0,0.0,0.0,0.5255398655422042
4417,6b0615242bd92eaed,True,,,,,,,,,,1.0,1.0,1.0,1.0,1.0,1.0,1.0,1.0,1.0,1.0
4418,4dbc9cc6aa10c611c,True,,,,,,,,,,1.0,1.0,1.0,1.0,0.11329786704391359,1.0,1.0,1.0,0.0,0.597905583451223
4419,bea93c9cd22af6ec1,True,,,,,,,,,,1.0,0.0,1.0,1.0,1.0,1.0,0.0,1.0,0.0,0.0
4420,35fe984f84deeb76b,True,,,,,,,,,,1.0,1.0,1.0,1.0,0.18935377666729497,1.0,1.0,0.0,0.0,0.49667305520852967
4421,33f0f0e933c91112e,True,,,,,,,,,,1.0,1.0,1.0,1.0,0.4756127960952501,1.0,1.0,0.0,0.0,0.5861289987797657
4422,c783da5c9c8124365,True,,,,,,,,,,1.0,1.0,0.0,1.0,1.0,1.0,0.0,0.0,0.0,0.0
4423,ac6225d45da8b51cf,True,,,,,,,,,,1.0,1.0,1.0,1.0,0.438864853642896,1.0,1.0,0.0,0.0,0.574645266763405
4424,9adbf8a5bfedb36d2,True,,,,,,,,,,1.0,1.0,1.0,1.0,1.0,1.0,0.0,1.0,1.0,0.875
4425,66582437b06794318,True,,,,,,,,,,0.0,0.0,0.0,1.0,1.0,0.0,0.0,0.0,0.0,0.0
4426,580ccf6399ed92f1c,True,,,,,,,,,,1.0,1.0,1.0,1.0,0.33683548848732425,1.0,1.0,1.0,0.0,0.6677610901522888
4427,10cc41fbc38a43481,True,,,,,,,,,,1.0,1.0,1.0,1.0,0.10471878861810358,1.0,1.0,1.0,1.0,0.7202246214431574
4428,e36f8f24723dc8e0e,True,,,,,,,,,,0.0,0.0,1.0,1.0,0.21367801460982072,0.0,0.0,0.0,0.0,0.0
4429,1ab13d4826a06cc9f,True,,,,,,,,,,1.0,1.0,1.0,1.0,0.15435567108381337,1.0,1.0,1.0,0.0,0.6107361472136916
4430,027609f1fbf1b3b16,True,,,,,,,,,,1.0,1.0,1.0,1.0,0.4819402417751782,1.0,0.0,0.0,0.0,0.4631063255547432
4431,8ae96b22321e730ee,True,,,,,,,,,,1.0,1.0,1.0,1.0,0.0004597144593514197,1.0,0.0,1.0,1.0,0.5626436607685473
4432,9922b31c71414db50,True,,,,,,,,,,1.0,1.0,1.0,1.0,1.0,1.0,0.0,1.0,0.0,0.75
4433,6e7f645a1e9a9337a,True,,,,,,,,,,1.0,0.0,1.0,1.0,0.31025266512517596,1.0,0.0,0.0,0.0,0.0
4434,fa8d78f84cd8b7f8c,True,,,,,,,,,,1.0,1.0,1.0,1.0,0.2672862889602498,1.0,0.0,1.0,0.0,0.5210269653000781
4435,9b14a119979ac6d94,True,,,,,,,,,,1.0,1.0,1.0,1.0,0.30351780658688376,1.0,0.0,0.0,0.0,0.4073493145584012
4436,ae646ba56f5add8db,True,,,,,,,,,,1.0,1.0,1.0,1.0,0.2426326111147226,1.0,1.0,1.0,0.0,0.6383226909733508
4437,2496fb23d66af6353,True,,,,,,,,,,1.0,1.0,1.0,1.0,0.07917899568231257,1.0,0.0,1.0,1.0,0.5872434361507226
4438,265a501fe44eb4a2e,True,,,,,,,,,,1.0,1.0,1.0,1.0,0.08259675062597407,1.0,1.0,1.0,1.0,0.7133114845706169
4439,2940f44b99e0dfbcb,True,,,,,,,,,,1.0,1.0,1.0,1.0,1.0,1.0,0.0,1.0,1.0,0.875
4440,c6834715d79ac54be,True,,,,,,,,,,1.0,0.0,1.0,1.0,1.0,1.0,0.0,0.0,0.0,0.0
4441,6c0c0d2674d5ee28e,True,,,,,,,,,,1.0,0.0,1.0,1.0,0.12334235057436704,1.0,1.0,1.0,0.0,0.0
4442,94d9715aabd9df7cd,True,,,,,,,,,,1.0,1.0,1.0,1.0,1.0,1.0,1.0,1.0,0.0,0.875
4443,d44e744043dbb77b1,True,,,,,,,,,,1.0,1.0,1.0,1.0,0.11632578830750491,1.0,1.0,1.0,1.0,0.7238518088460952
4444,d790b694cb899e145,True,,,,,,,,,,1.0,1.0,1.0,1.0,0.23381589286040935,1.0,1.0,0.0,0.0,0.510567466518878
4445,d87e1dbb0017ab960,True,,,,,,,,,,1.0,0.0,1.0,1.0,0.15280175766530832,1.0,0.0,1.0,0.0,0.0
4446,8a790ebf1c22b11d5,True,,,,,,,,,,1.0,1.0,1.0,1.0,1.0,0.0,0.0,0.0,0.0,0.3125
4447,ac0f0df8d058130c5,True,,,,,,,,,,1.0,1.0,1.0,1.0,1.0,1.0,1.0,1.0,1.0,1.0
4448,fac0a5c373900e63b,True,,,,,,,,,,1.0,1.0,1.0,1.0,0.09838444946267878,1.0,1.0,1.0,1.0,0.7182451404570871
4449,f15dde91900f2039a,True,,,,,,,,,,0.0,1.0,0.5,1.0,1.0,0.0,0.0,1.0,0.0,0.0
4450,190768b2e92e01b36,True,,,,,,,,,,1.0,0.0,1.0,1.0,0.25858165472779554,1.0,0.0,0.0,0.0,0.0
4451,390d17b9e350ffe45,True,,,,,,,,,,1.0,1.0,1.0,1.0,0.22053377394022894,1.0,1.0,0.0,0.0,0.5064168043563215
4452,a1144bd1f4f830e91,True,,,,,,,,,,1.0,1.0,1.0,1.0,0.0,1.0,1.0,1.0,1.0,0.6875
4453,06c6fd20a526803c4,True,,,,,,,,,,1.0,1.0,1.0,1.0,1.0,0.0,1.0,1.0,0.0,0.5625
4454,fd0901032c45b4e62,True,,,,,,,,,,1.0,1.0,1.0,1.0,0.11610483630891724,1.0,1.0,1.0,0.0,0.5987827613465366
4455,ff268d62e1e2110ec,True,,,,,,,,,,1.0,1.0,1.0,1.0,0.22856819962779135,1.0,0.0,1.0,0.0,0.5089275623836849
4456,02644631a56fa1750,True,,,,,,,,,,1.0,1.0,1.0,1.0,0.15891163398412228,1.0,1.0,1.0,0.0,0.6121598856200382
4457,c8d8656019a0cad0e,True,,,,,,,,,,1.0,1.0,1.0,1.0,0.23166990962361914,1.0,0.0,0.0,0.0,0.384896846757381
4458,bc8f20a64d1f52826,True,,,,,,,,,,1.0,1.0,1.0,1.0,0.07021132493932808,1.0,1.0,1.0,1.0,0.70944103904354
4459,18c9cb09dce594905,True,,,,,,,,,,1.0,1.0,1.0,1.0,0.15247641897360623,1.0,0.0,1.0,0.0,0.48514888092925196
4460,255c5f4408394746c,True,,,,,,,,,,1.0,1.0,1.0,1.0,1.0,1.0,0.0,1.0,1.0,0.875
4461,4287573d9633c7d2c,True,,,,,,,,,,1.0,1.0,1.0,1.0,0.22742610897657095,1.0,0.0,0.0,0.0,0.3835706590551784
4462,b6611f13150a67e76,True,,,,,,,,,,1.0,1.0,1.0,1.0,1.0,1.0,1.0,0.0,0.0,0.75
4463,9fe9464c7d920430e,True,,,,,,,,,,1.0,0.0,1.0,1.0,0.5776665776212522,1.0,1.0,1.0,0.0,0.0
4464,5a6f69ea54c00b6d2,True,,,,,,,,,,1.0,1.0,1.0,1.0,0.10271045840856105,1.0,1.0,1.0,0.0,0.5945970182526753
4465,947c5404a2702b039,True,,,,,,,,,,1.0,1.0,0.5,1.0,1.0,1.0,0.0,0.0,0.0,0.3125
4466,492bf2330bca28ca8,True,,,,,,,,,,1.0,1.0,1.0,1.0,0.08948863918359283,1.0,1.0,1.0,1.0,0.7154651997448728
4467,9e3f67fd8b392a5d6,True,,,,,,,,,,1.0,1.0,1.0,1.0,0.1666881282122324,1.0,1.0,1.0,0.0,0.6145900400663227
4468,f7ae88aefcd8f251e,True,,,,,,,,,,1.0,1.0,1.0,1.0,0.308149262311244,1.0,0.0,1.0,0.0,0.5337966444722637
4469,81a0fd8a5f248a253,True,,,,,,,,,,1.0,1.0,1.0,1.0,0.5046838287251093,1.0,1.0,0.0,0.0,0.5952136964765966
4470,ab3eab42ac8debb31,True,,,,,,,,,,1.0,1.0,1.0,1.0,0.25675689091898174,1.0,1.0,0.0,0.0,0.5177365284121818
4471,6d53c1572e4753c0c,True,,,,,,,,,,1.0,1.0,1.0,1.0,1.0,0.0,1.0,1.0,0.0,0.5625
4472,c2aa1b724cefce8f0,True,,,,,,,,,,0.0,1.0,1.0,1.0,1.0,0.0,0.0,1.0,1.0,0.0
4473,2c5d88f56ea71888d,True,,,,,,,,,,1.0,0.0,1.0,1.0,0.1761518058386912,1.0,0.0,1.0,0.0,0.0
4474,6d342222e4d9d2b2a,True,,,,,,,,,,1.0,1.0,1.0,1.0,0.28581098225315543,1.0,1.0,1.0,0.0,0.651815931954111
4475,4aa528f577df911a3,True,,,,,,,,,,1.0,1.0,1.0,1.0,0.22678529670464026,1.0,0.0,0.0,0.0,0.38337040522020005
4476,52cc30d63f3ee962c,True,,,,,,,,,,1.0,0.0,1.0,1.0,0.23202634734214247,1.0,0.0,0.0,0.0,0.0
4477,52beeecb68d3427e9,True,,,,,,,,,,1.0,1.0,1.0,1.0,0.17451239192084,1.0,0.0,1.0,0.0,0.4920351224752625
4478,68d8bd51d02182ea6,True,,,,,,,,,,1.0,1.0,0.0,1.0,0.8409854671859676,1.0,0.0,0.0,0.0,0.0
4479,e4fca12e85b84a61b,True,,,,,,,,,,1.0,1.0,1.0,1.0,1.0,1.0,1.0,0.0,0.0,0.75
4480,434099c65ff71b535,True,,,,,,,,,,0.0,1.0,1.0,1.0,1.0,0.0,1.0,1.0,0.0,0.0
4481,873e0ddcc4fdfae2e,True,,,,,,,,,,1.0,0.0,1.0,1.0,1.0,1.0,0.0,1.0,0.0,0.0
4482,0389a1afc56cd9768,True,,,,,,,,,,1.0,1.0,1.0,1.0,0.22291685375465925,1.0,0.0,0.0,0.0,0.382161516798331
4483,9abae68cd6e25c030,True,,,,,,,,,,1.0,1.0,1.0,1.0,0.1819322411889277,1.0,1.0,1.0,0.0,0.6193538253715399
4484,cfa0d13a7c93691c3,True,,,,,,,,,,1.0,0.0,1.0,1.0,0.16962662216087637,1.0,0.0,1.0,0.0,0.0
4485,14a48836a583fe310,True,,,,,,,,,,1.0,1.0,1.0,1.0,0.01710937190874134,1.0,1.0,1.0,1.0,0.6928466787214816
4486,e2575892f97539fa7,True,,,,,,,,,,1.0,1.0,1.0,1.0,1.0,1.0,1.0,1.0,0.0,0.875
4487,29034e89288b15cef,True,,,,,,,,,,1.0,1.0,1.0,1.0,0.25308977580937014,1.0,1.0,1.0,0.0,0.6415905549404282
4488,13d3b12e20ec70ec5,True,,,,,,,,,,1.0,1.0,1.0,1.0,0.19773014623476248,1.0,1.0,0.0,0.0,0.4992906706983633
4489,d42ef26a98f8b0220,True,,,,,,,,,,1.0,1.0,1.0,1.0,0.2858962816947675,1.0,1.0,1.0,0.0,0.6518425880296148
4490,1211bf26e9a785053,True,,,,,,,,,,1.0,1.0,1.0,1.0,0.22941707609244102,1.0,0.0,0.0,0.0,0.38419283627888784
4491,7a12897acffda91d2,True,,,,,,,,,,1.0,1.0,1.0,1.0,0.1502873743815421,1.0,0.0,1.0,0.0,0.4844648044942319
4492,63b1d16ef6fc7e410,True,,,,,,,,,,1.0,1.0,1.0,1.0,0.194148992111567,1.0,1.0,1.0,0.0,0.6231715600348646
4493,0cf895d7d61939eb3,True,,,,,,,,,,1.0,1.0,1.0,1.0,0.025271196720239617,1.0,0.0,1.0,1.0,0.5703972489750748
4494,a173f7714495b0d29,True,,,,,,,,,,1.0,1.0,1.0,1.0,0.10631023953246686,1.0,1.0,1.0,0.0,0.5957219498538959
4495,ef4eaef1d214e7da8,True,,,,,,,,,,1.0,1.0,1.0,1.0,0.20992037785091688,1.0,1.0,1.0,0.0,0.6281001180784116
4496,8f18562d38dacb97d,True,,,,,,,,,,0.0,1.0,1.0,1.0,1.0,0.0,0.0,1.0,0.0,0.0
4497,3c5f94f941b068a40,True,,,,,,,,,,1.0,1.0,1.0,1.0,1.0,1.0,1.0,0.0,0.0,0.75
4498,2e822d476fd14739c,True,,,,,,,,,,1.0,1.0,1.0,1.0,0.301034076790338,1.0,1.0,1.0,0.0,0.6565731489969806
4499,0327a1d58fc2a7c5d,True,,,,,,,,,,1.0,1.0,1.0,1.0,0.1929267872578277,1.0,1.0,1.0,0.0,0.6227896210180712
4500,32f66fdb48e988c92,True,,,,,,,,,,1.0,1.0,1.0,1.0,0.3426630800239066,1.0,0.0,0.0,0.0,0.4195822125074708
4501,9efffb1c9487faa89,True,,,,,,,,,,1.0,0.0,1.0,1.0,1.0,1.0,1.0,1.0,1.0,0.0
4502,61d3d79e3e01157d9,True,,,,,,,,,,1.0,1.0,1.0,1.0,0.07657330197227326,1.0,0.0,1.0,1.0,0.5864291568663353
4503,c81e1b4650a6a20fd,True,,,,,,,,,,1.0,1.0,1.0,1.0,0.056118160814176296,1.0,1.0,1.0,1.0,0.7050369252544301
4504,0b23cba96b245dcbe,True,,,,,,,,,,1.0,1.0,1.0,1.0,0.0,1.0,0.0,1.0,0.0,0.4375
4505,2624b8883e65347cd,True,,,,,,,,,,1.0,1.0,1.0,1.0,0.3778077593146015,1.0,1.0,0.0,0.0,0.555564924785813
4506,f44e7838ec7d4f843,True,,,,,,,,,,1.0,1.0,1.0,1.0,1.0,1.0,0.0,1.0,1.0,0.875
4507,1aaa4996c12e817a7,True,,,,,,,,,,1.0,1.0,1.0,1.0,0.13490160018592326,1.0,1.0,1.0,0.0,0.604656750058101
4508,10933ac8239bd6fbb,True,,,,,,,,,,1.0,1.0,1.0,1.0,0.16702808987611642,1.0,1.0,1.0,0.0,0.6146962780862864
4509,4c4503dbf9554a97b,True,,,,,,,,,,1.0,1.0,1.0,1.0,0.24310833554528666,1.0,0.0,0.0,0.0,0.3884713548579021
4510,a8d83051ac2ad2fa2,True,,,,,,,,,,1.0,1.0,1.0,1.0,0.1290888628949158,1.0,1.0,1.0,0.0,0.6028402696546612
4511,fdeff0684535eaf4b,True,,,,,,,,,,1.0,1.0,1.0,1.0,0.1622580096898355,1.0,1.0,1.0,0.0,0.6132056280280735
4512,11e2abc76462d36f9,True,,,,,,,,,,1.0,1.0,1.0,1.0,0.02423735688602999,1.0,0.0,1.0,1.0,0.5700741740268844
4513,0d61761d225f31579,True,,,,,,,,,,1.0,1.0,1.0,1.0,1.0,1.0,0.0,1.0,1.0,0.875
4514,917bf16baa9646d6c,True,,,,,,,,,,1.0,1.0,1.0,1.0,0.10659782518643163,1.0,1.0,1.0,1.0,0.7208118203707599
4515,3e8522a5f8d7b3783,True,,,,,,,,,,1.0,1.0,1.0,1.0,0.29278031016503653,1.0,0.0,0.0,0.0,0.4039938469265739
4516,ff0db1e010ed49544,True,,,,,,,,,,1.0,1.0,1.0,1.0,0.48390012989648673,1.0,1.0,0.0,0.0,0.5887187905926521
4517,6d4dbc1af5fc2435b,True,,,,,,,,,,1.0,1.0,1.0,1.0,0.25584647255871146,1.0,1.0,1.0,0.0,0.6424520226745973
4518,015532dcc98a07ab5,True,,,,,,,,,,1.0,1.0,0.5,1.0,0.2913287033728911,1.0,0.0,0.0,0.0,0.20177010990201422
4519,b36cff254193955cf,True,,,,,,,,,,1.0,1.0,1.0,1.0,0.0024415486466520626,1.0,1.0,1.0,1.0,0.6882629839520787
4520,7859f7283b9d34589,True,,,,,,,,,,1.0,1.0,1.0,1.0,0.18356837039086618,1.0,1.0,1.0,0.0,0.6198651157471458
4521,f26e03767d82f4ae7,True,,,,,,,,,,1.0,1.0,1.0,1.0,1.0,1.0,1.0,1.0,1.0,1.0
4522,5cf2681114e11d9c7,True,,,,,,,,,,1.0,1.0,1.0,1.0,1.0,1.0,1.0,0.0,0.0,0.75
4523,c601af4262caa25fe,True,,,,,,,,,,1.0,1.0,1.0,1.0,0.2044792133080532,1.0,0.0,0.0,0.0,0.3763997541587666
4524,3271d4013cb715ce0,True,,,,,,,,,,1.0,1.0,1.0,1.0,0.20765518958490806,1.0,0.0,0.0,0.0,0.37739224674528377
4525,b2b89aaeeff8dd8dd,True,,,,,,,,,,1.0,0.0,0.0,1.0,1.0,1.0,0.0,0.0,0.0,0.0
4526,d2a3fa9bdd6ebc040,True,,,,,,,,,,1.0,1.0,1.0,1.0,0.2178392638428148,1.0,1.0,0.0,0.0,0.5055747699508797
4527,c4acda7791668ad2d,True,,,,,,,,,,1.0,1.0,1.0,1.0,0.13695941948522386,1.0,1.0,1.0,0.0,0.6052998185891325
4528,85cab6604a5a39b78,True,,,,,,,,,,1.0,1.0,1.0,1.0,0.23460301421392069,1.0,0.0,0.0,0.0,0.3858134419418502
4529,ffa477be5c420e9a3,True,,,,,,,,,,1.0,1.0,1.0,1.0,0.1914793590003267,1.0,1.0,1.0,0.0,0.6223372996876021
4530,7002b130242124367,True,,,,,,,,,,1.0,0.0,1.0,1.0,0.28831813838502146,1.0,1.0,1.0,0.0,0.0
4531,5b5acbaa4890aaac9,True,,,,,,,,,,1.0,0.0,0.5,1.0,1.0,1.0,0.0,0.0,0.0,0.0
4532,bdefe051b162261a4,True,,,,,,,,,,1.0,0.0,1.0,1.0,1.0,1.0,1.0,1.0,0.0,0.0
4533,2dbe11fffefbf239c,True,,,,,,,,,,1.0,1.0,1.0,1.0,0.21025234503518433,1.0,1.0,0.0,0.0,0.5032038578234951
4534,506ef1fd93816539d,True,,,,,,,,,,1.0,1.0,1.0,1.0,1.0,1.0,1.0,1.0,0.0,0.875
4535,dc6135734ed70b551,True,,,,,,,,,,1.0,1.0,1.0,1.0,0.07120905978822474,1.0,1.0,1.0,1.0,0.7097528311838202
4536,2ad55ac1a6a8d1422,True,,,,,,,,,,1.0,1.0,1.0,1.0,0.23197231111956934,1.0,1.0,0.0,0.0,0.5099913472248654
4537,f13bedf0787265ff4,True,,,,,,,,,,1.0,1.0,1.0,1.0,0.2885315815883339,1.0,0.0,0.0,0.0,0.4026661192463543
4538,ceb646b2fba95ebf9,True,,,,,,,,,,1.0,1.0,1.0,1.0,0.24210950168339154,1.0,0.0,1.0,0.0,0.5131592192760599
4539,7e5bed686151e791e,True,,,,,,,,,,1.0,1.0,1.0,1.0,0.4919563968088985,1.0,1.0,1.0,0.0,0.7162363740027808
4540,c334b7fe14a98e8d9,True,,,,,,,,,,1.0,1.0,1.0,1.0,0.08255319502981712,1.0,0.0,1.0,1.0,0.5882978734468178
4541,dd2c6fc9d1939f427,True,,,,,,,,,,1.0,1.0,1.0,1.0,0.09956644556468786,1.0,1.0,1.0,0.0,0.5936145142389649
4542,67db9f3e12bbe8868,True,,,,,,,,,,1.0,1.0,1.0,1.0,1.0,1.0,1.0,1.0,0.0,0.875
4543,c5566cb2cc7d0ff52,True,,,,,,,,,,1.0,1.0,1.0,1.0,0.0,1.0,1.0,1.0,1.0,0.6875
4544,bc0cc2d8f71b0e8a8,True,,,,,,,,,,1.0,1.0,1.0,1.0,0.11389594237553859,1.0,1.0,0.0,0.0,0.4730924819923558
4545,6c8c6dc401c0c9ea2,True,,,,,,,,,,1.0,1.0,1.0,1.0,0.2526782317899938,1.0,1.0,1.0,0.0,0.641461947434373
4546,9e892c78dc283445e,True,,,,,,,,,,1.0,1.0,1.0,1.0,0.3660954335801682,1.0,1.0,0.0,0.0,0.5519048229938026
4547,55617753513055d9b,True,,,,,,,,,,0.0,1.0,1.0,1.0,1.0,0.0,1.0,0.0,0.0,0.0
4548,ef08e59a9c882aea6,True,,,,,,,,,,0.0,1.0,1.0,1.0,1.0,0.0,0.0,0.0,0.0,0.0
4549,99f4cdc8eeabc0426,True,,,,,,,,,,1.0,1.0,1.0,1.0,1.0,1.0,1.0,0.0,0.0,0.75
4550,13aeb83dad95704fa,True,,,,,,,,,,1.0,1.0,1.0,1.0,0.0,1.0,0.0,1.0,1.0,0.5625
4551,2833f76e80e4d4998,True,,,,,,,,,,1.0,1.0,1.0,1.0,0.19229054751785374,1.0,1.0,1.0,0.0,0.6225907960993293
4552,af40e0723b46e7fed,True,,,,,,,,,,1.0,0.0,1.0,1.0,0.1397898822895223,1.0,0.0,1.0,0.0,0.0
4553,d4ded05eeb073e97b,True,,,,,,,,,,1.0,0.0,1.0,1.0,1.0,1.0,1.0,1.0,0.0,0.0
4554,425b819f70d25df0e,True,,,,,,,,,,1.0,1.0,1.0,1.0,0.18627489735105018,1.0,1.0,1.0,0.0,0.6207109054222032
4555,ca4163d1efbe0dd9c,True,,,,,,,,,,1.0,1.0,1.0,1.0,1.0,1.0,0.0,0.0,0.0,0.625
4556,a2b18a44314422b37,True,,,,,,,,,,1.0,1.0,1.0,1.0,0.06103509323707222,1.0,1.0,1.0,1.0,0.706573466636585
4557,0d4c14fd757504ef9,True,,,,,,,,,,1.0,1.0,0.0,1.0,1.0,1.0,0.0,0.0,0.0,0.0
4558,0ec4048ba57347962,True,,,,,,,,,,1.0,1.0,0.5,1.0,1.0,1.0,0.0,0.0,0.0,0.3125
4559,4082fe517c4e84c40,True,,,,,,,,,,1.0,0.0,1.0,1.0,0.27199419554294296,1.0,0.0,0.0,0.0,0.0
4560,894784294c8d0ed99,True,,,,,,,,,,1.0,1.0,1.0,1.0,0.2521435029028174,1.0,0.0,0.0,0.0,0.39129484465713044
4561,a559541fda572fe81,True,,,,,,,,,,1.0,1.0,1.0,1.0,0.17947677524938166,1.0,1.0,1.0,0.0,0.6185864922654318
4562,0f4373d1811c9ca90,True,,,,,,,,,,1.0,1.0,1.0,1.0,0.18725058743099107,1.0,0.0,0.0,0.0,0.3710158085721847
4563,d85e0580a10c3e544,True,,,,,,,,,,1.0,1.0,1.0,1.0,0.2052015691368167,1.0,0.0,0.0,0.0,0.3766254903552552
4564,89b122a0c34e4ff5b,True,,,,,,,,,,1.0,1.0,1.0,1.0,0.36972566230222137,1.0,0.0,1.0,0.0,0.5530392694694442
4565,230e554a4a9b823fa,True,,,,,,,,,,1.0,0.0,1.0,1.0,0.5105676926119479,1.0,1.0,0.0,0.0,0.0
4566,542094f5bc210a1c8,True,,,,,,,,,,1.0,1.0,0.5,1.0,0.4469565056757639,1.0,0.0,1.0,0.0,0.2885869540118381
4567,78d4cffc4aa085aab,True,,,,,,,,,,1.0,1.0,1.0,1.0,0.2552010699781488,1.0,1.0,0.0,0.0,0.5172503343681715
4568,24d20a80a611d5e65,True,,,,,,,,,,1.0,1.0,1.0,1.0,0.0,1.0,1.0,1.0,1.0,0.6875
4569,72637a23d58025fde,True,,,,,,,,,,0.0,1.0,1.0,1.0,0.3237666462365322,0.0,0.0,1.0,0.0,0.0
4570,e2da039b5ef4ab27c,True,,,,,,,,,,1.0,1.0,1.0,1.0,0.28811227652848875,1.0,0.0,0.0,0.0,0.40253508641515273
4571,ab20f07e685b59761,True,,,,,,,,,,1.0,1.0,1.0,1.0,0.23205675969432937,1.0,1.0,1.0,0.0,0.6350177374044779
4572,eacc02fe002535ebb,True,,,,,,,,,,1.0,1.0,0.0,1.0,1.0,1.0,0.0,0.0,0.0,0.0
4573,9b0fa1196afa1a71b,True,,,,,,,,,,1.0,1.0,1.0,1.0,0.0,1.0,1.0,1.0,1.0,0.6875
4574,fff510b0ac67a1e0a,True,,,,,,,,,,1.0,1.0,1.0,0.0,0.15277457676235892,1.0,0.0,1.0,0.0,0.0
4575,0976a098312b0ead1,True,,,,,,,,,,1.0,1.0,0.5,1.0,0.6379115363248034,1.0,0.0,1.0,0.0,0.3184236775507505
4576,b9d5b5bb73e875bc3,True,,,,,,,,,,1.0,1.0,1.0,1.0,0.02918102897734399,1.0,1.0,1.0,1.0,0.69661907155542
4577,da13eae8d0d83af38,True,,,,,,,,,,1.0,1.0,1.0,1.0,1.0,1.0,0.0,1.0,0.0,0.75
4578,52825507b7931e0f3,True,,,,,,,,,,1.0,1.0,1.0,1.0,0.20870512080640655,1.0,1.0,1.0,1.0,0.752720350252002
4579,1307b26ce3d38f704,True,,,,,,,,,,1.0,1.0,1.0,1.0,0.2792020740319544,1.0,0.0,0.0,0.0,0.39975064813498573
4580,3921f85c4ba81b39b,True,,,,,,,,,,1.0,1.0,1.0,1.0,0.0029982180030280197,1.0,1.0,1.0,1.0,0.6884369431259463
4581,362f2d9e119bf7981,True,,,,,,,,,,1.0,1.0,1.0,1.0,0.09126967947671907,1.0,1.0,1.0,1.0,0.7160217748364748
4582,f36b1891f8fcc499d,True,,,,,,,,,,1.0,1.0,1.0,1.0,1.0,1.0,1.0,1.0,1.0,1.0
4583,a14ccfc8d2eea6574,True,,,,,,,,,,1.0,1.0,1.0,1.0,0.05642317969044249,1.0,1.0,1.0,0.0,0.5801322436532632
4584,6d02e71114637a043,True,,,,,,,,,,1.0,1.0,1.0,1.0,0.13612671523226938,1.0,1.0,1.0,0.0,0.6050395985100842
4585,c3a31672b53c086c7,True,,,,,,,,,,1.0,1.0,1.0,1.0,0.18173360796739893,1.0,0.0,1.0,1.0,0.6192917524898122
4586,0b204ead40703c13f,True,,,,,,,,,,1.0,1.0,1.0,1.0,0.1228367401673477,1.0,1.0,1.0,0.0,0.6008864813022962
4587,0837e02dbb891dbc9,True,,,,,,,,,,1.0,1.0,1.0,1.0,0.2278559988640424,1.0,0.0,0.0,0.0,0.38370499964501326
4588,1c18bdd5b49d08afb,True,,,,,,,,,,1.0,1.0,0.0,1.0,1.0,1.0,0.0,0.0,0.0,0.0
4589,d6e2587cedd827dce,True,,,,,,,,,,1.0,1.0,1.0,1.0,0.03516761836441988,1.0,1.0,1.0,1.0,0.6984898807388812
4590,93bb489a18cbb6868,True,,,,,,,,,,1.0,1.0,1.0,1.0,0.39900544124595383,1.0,1.0,0.0,0.0,0.5621892003893606
4591,25afbc08ad962c6cd,True,,,,,,,,,,1.0,1.0,1.0,1.0,0.0,1.0,1.0,1.0,1.0,0.6875
4592,a6f2bb94eb4ae6278,True,,,,,,,,,,1.0,1.0,1.0,1.0,1.0,1.0,1.0,1.0,0.0,0.875
4593,fed773a2bcad8ee41,True,,,,,,,,,,1.0,1.0,0.5,1.0,0.9444561978943787,1.0,0.0,0.0,0.0,0.3038212809209967
4594,cbfd9eec69d28b38b,True,,,,,,,,,,1.0,1.0,1.0,1.0,0.14497501478357822,1.0,1.0,1.0,0.0,0.6078046921198682
4595,113cb8fed3d36b259,True,,,,,,,,,,1.0,1.0,1.0,1.0,0.04650596103308846,1.0,1.0,1.0,1.0,0.7020331128228401
4596,209b97b1bbd7f20ba,True,,,,,,,,,,1.0,0.0,0.0,1.0,1.0,1.0,0.0,0.0,0.0,0.0
4597,289adac373c057f2c,True,,,,,,,,,,1.0,1.0,0.5,1.0,1.0,1.0,0.0,1.0,0.0,0.375
4598,036aaebb3ee3a09af,True,,,,,,,,,,1.0,1.0,1.0,1.0,1.0,1.0,0.0,1.0,0.0,0.75
4599,ae3513291969ee51b,True,,,,,,,,,,1.0,1.0,1.0,1.0,1.0,1.0,1.0,1.0,1.0,1.0
4600,e1d015abbef9b482d,True,,,,,,,,,,1.0,1.0,1.0,1.0,0.18510902828198142,1.0,0.0,1.0,0.0,0.4953465713381192
4601,9feb421ac284e987e,True,,,,,,,,,,1.0,1.0,1.0,1.0,0.10329957764199232,1.0,1.0,1.0,1.0,0.7197811180131226
4602,06a4317c41657c287,True,,,,,,,,,,1.0,0.0,0.5,1.0,1.0,1.0,0.0,0.0,0.0,0.0
4603,eb5c033b5d728ecba,True,,,,,,,,,,1.0,1.0,1.0,1.0,0.16256840051950486,1.0,0.0,1.0,0.0,0.48830262516234524
4604,d8e3174dae4ece006,True,,,,,,,,,,1.0,1.0,1.0,1.0,0.09887009882311762,1.0,0.0,1.0,1.0,0.5933969058822243
4605,66138b6a89d5d40bf,True,,,,,,,,,,1.0,1.0,1.0,1.0,0.14618525500289759,0.0,1.0,1.0,0.0,0.2956828921884055
4606,16d22cc23e0b4cce8,True,,,,,,,,,,0.0,0.0,1.0,1.0,1.0,0.0,1.0,0.0,0.0,0.0
4607,c64e0d6194293f51e,True,,,,,,,,,,1.0,1.0,1.0,1.0,0.05351442425916283,1.0,1.0,1.0,1.0,0.7042232575809884
4608,1f8006333fa33abf2,True,,,,,,,,,,1.0,1.0,1.0,1.0,1.0,0.0,1.0,0.0,0.0,0.4375
4609,754d33f5c0419048c,True,,,,,,,,,,1.0,1.0,1.0,1.0,0.08716108709430098,1.0,1.0,1.0,1.0,0.714737839716969
4610,d16ba8a46fd2ff788,True,,,,,,,,,,1.0,1.0,1.0,1.0,0.2668259985715469,1.0,1.0,1.0,0.0,0.6458831245536084
4611,dbfff1a4f70af53a6,True,,,,,,,,,,1.0,1.0,1.0,1.0,1.0,1.0,0.0,1.0,1.0,0.875
4612,14123368ec92cefb0,True,,,,,,,,,,1.0,0.0,1.0,1.0,0.22985030601238873,1.0,0.0,0.0,0.0,0.0
4613,ef271f3dd1d4e77d9,True,,,,,,,,,,1.0,1.0,1.0,1.0,0.17160903642578085,1.0,0.0,1.0,0.0,0.49112782388305654
4614,1f91f3523e536e074,True,,,,,,,,,,1.0,1.0,1.0,1.0,0.2583677974442457,1.0,0.0,0.0,0.0,0.3932399367013268
4615,f7f422a9d4e7a419f,True,,,,,,,,,,1.0,1.0,1.0,1.0,0.08665270507446804,1.0,0.0,1.0,1.0,0.5895789703357712
4616,8ab7f330292d7d49f,True,,,,,,,,,,1.0,1.0,1.0,1.0,0.31828178133220086,1.0,0.0,1.0,0.0,0.5369630566663128
4617,20c10d1762c2f560d,True,,,,,,,,,,1.0,0.0,1.0,1.0,1.0,1.0,0.0,1.0,0.0,0.0
4618,f6557e9f386193dfc,True,,,,,,,,,,1.0,1.0,1.0,1.0,0.005759674162107877,1.0,1.0,1.0,1.0,0.6892998981756587
4619,0cd9ea86052a0b8e1,True,,,,,,,,,,1.0,1.0,1.0,1.0,0.19147087938635213,1.0,1.0,1.0,0.0,0.622334649808235
4620,db94fae67e9339c05,True,,,,,,,,,,1.0,1.0,1.0,1.0,0.050412060067947975,1.0,0.0,1.0,1.0,0.5782537687712337
4621,e1bcade7bd67e9b78,True,,,,,,,,,,1.0,1.0,1.0,1.0,0.27913236721011275,1.0,0.0,0.0,0.0,0.3997288647531602
4622,aa354b140b6d2c2ab,True,,,,,,,,,,1.0,1.0,1.0,1.0,0.09909325813442245,1.0,0.0,1.0,0.0,0.46846664316700704
4623,980cc797db6c51c02,True,,,,,,,,,,1.0,0.0,1.0,1.0,0.1923409766571841,1.0,1.0,1.0,0.0,0.0
4624,65d00ea9b07494406,True,,,,,,,,,,1.0,1.0,1.0,1.0,1.0,1.0,1.0,1.0,1.0,1.0
4625,8add9070020c81cb2,True,,,,,,,,,,1.0,1.0,1.0,1.0,0.4869929684334062,1.0,0.0,0.0,0.0,0.46468530263543945
4626,883dbba6979f32ae3,True,,,,,,,,,,1.0,1.0,1.0,1.0,0.19972173148844954,1.0,0.0,0.0,0.0,0.37491304109014045
4627,24b6ddd9158c4bf2c,True,,,,,,,,,,1.0,1.0,1.0,1.0,0.19364601953946728,1.0,0.0,1.0,0.0,0.49801438110608354
4628,d53c9d9cbcfbfd03f,True,,,,,,,,,,1.0,1.0,1.0,1.0,0.16693353824386106,1.0,0.0,1.0,0.0,0.4896667307012066
4629,8999dafaeeabb1612,True,,,,,,,,,,0.0,1.0,1.0,1.0,1.0,0.0,0.0,1.0,0.0,0.0
4630,3f94a9e099ddf73f0,True,,,,,,,,,,1.0,1.0,1.0,1.0,0.20952339572242748,1.0,0.0,1.0,0.0,0.5029760611632585
4631,9e8f8fed1883534f6,True,,,,,,,,,,1.0,1.0,0.5,1.0,1.0,1.0,0.0,0.0,0.0,0.3125
4632,397b093b8766274f9,True,,,,,,,,,,1.0,1.0,1.0,1.0,0.24105841519721616,1.0,0.0,0.0,0.0,0.38783075474913004
4633,51f2dcebd843e5ea9,True,,,,,,,,,,1.0,1.0,1.0,1.0,0.06008235749245958,1.0,0.0,1.0,1.0,0.5812757367163937
4634,188fef8a871d3bb74,True,,,,,,,,,,0.0,1.0,1.0,1.0,1.0,0.0,1.0,0.0,0.0,0.0
4635,0d26c23bce11ae16b,True,,,,,,,,,,1.0,1.0,1.0,1.0,0.20219007002350925,1.0,1.0,1.0,0.0,0.6256843968823467
4636,25749b785814d5941,True,,,,,,,,,,1.0,1.0,1.0,1.0,0.1517297474944722,1.0,1.0,1.0,0.0,0.6099155460920226
4637,6abfaa7acf5d00640,True,,,,,,,,,,1.0,1.0,1.0,1.0,0.23242362020550408,1.0,0.0,0.0,0.0,0.38513238131422
4638,daf6f2775f3fee4c9,True,,,,,,,,,,1.0,1.0,1.0,1.0,0.025988679183349433,1.0,0.0,1.0,1.0,0.5706214622447967
4639,4a53fe73af8c37bee,True,,,,,,,,,,1.0,1.0,1.0,1.0,0.1423373838659486,1.0,0.0,1.0,0.0,0.48198043245810895
4640,14a7cb384c787a167,True,,,,,,,,,,1.0,1.0,1.0,1.0,0.38691222911801254,1.0,1.0,0.0,0.0,0.5584100715993789
4641,9330871bc582e7f96,True,,,,,,,,,,1.0,1.0,1.0,1.0,0.21718136706325303,1.0,0.0,0.0,0.0,0.3803691772072666
4642,bffe666f9175e93c1,True,,,,,,,,,,1.0,1.0,1.0,1.0,0.12471992457411356,1.0,1.0,1.0,0.0,0.6014749764294105
4643,6c441b1d10cac68e5,True,,,,,,,,,,1.0,1.0,1.0,1.0,0.1399273193674391,1.0,1.0,1.0,1.0,0.7312272873023247
4644,ef8b4c4b3e7ec1358,True,,,,,,,,,,1.0,1.0,1.0,1.0,0.12354586730239782,1.0,1.0,1.0,0.0,0.6011080835319993
4645,606f1011a6999f264,True,,,,,,,,,,1.0,1.0,1.0,1.0,0.49181369217420773,1.0,1.0,0.0,0.0,0.5911917788044398
4646,1f06c169ad7123eab,True,,,,,,,,,,1.0,1.0,1.0,1.0,1.0,1.0,0.0,1.0,0.0,0.75
4647,9bcb88a77a10c4c0c,True,,,,,,,,,,1.0,1.0,1.0,1.0,0.16480580755234206,1.0,0.0,1.0,0.0,0.4890018148601069
4648,58c7dc2cb395006ae,True,,,,,,,,,,1.0,1.0,1.0,1.0,0.01744584459266568,1.0,1.0,1.0,1.0,0.692951826435208
4649,4330e2204831576d7,True,,,,,,,,,,1.0,0.0,1.0,1.0,0.15930806067059214,1.0,0.0,1.0,0.0,0.0
4650,87b69a9da5677bf5b,True,,,,,,,,,,1.0,1.0,1.0,1.0,0.020902626036954943,1.0,0.0,1.0,1.0,0.5690320706365484
4651,00c800ba9acb02aa0,True,,,,,,,,,,1.0,1.0,1.0,1.0,0.213932764317304,1.0,1.0,0.0,0.0,0.5043539888491575
4652,30c354120aed6af34,True,,,,,,,,,,1.0,0.0,1.0,1.0,1.0,1.0,1.0,1.0,0.0,0.0
4653,966244bc558d53ef7,True,,,,,,,,,,1.0,1.0,1.0,1.0,0.1756291640576709,1.0,0.0,1.0,0.0,0.49238411376802216
4654,2664f428da61db472,True,,,,,,,,,,1.0,1.0,1.0,1.0,0.2244327729314957,1.0,0.0,0.0,0.0,0.3826352415410924
4655,168ec5291b8accf12,True,,,,,,,,,,1.0,1.0,1.0,1.0,0.09575013269249225,1.0,1.0,1.0,0.0,0.5924219164664039
4656,f8b4dade556ee29d7,True,,,,,,,,,,1.0,1.0,1.0,1.0,0.1622998332834079,1.0,1.0,1.0,0.0,0.613218697901065
4657,9e4e2947f7b3098a7,True,,,,,,,,,,1.0,1.0,1.0,1.0,0.41642702680443383,1.0,0.0,0.0,0.0,0.44263344587638553
4658,edd46eab5d581d11a,True,,,,,,,,,,1.0,1.0,0.5,1.0,1.0,1.0,0.0,0.0,0.0,0.3125
4659,0c490f2432946f48b,True,,,,,,,,,,0.0,0.0,1.0,1.0,1.0,0.0,0.0,0.0,0.0,0.0
4660,3e552e543e3533e54,True,,,,,,,,,,1.0,1.0,1.0,1.0,0.14956217281165654,1.0,0.0,1.0,1.0,0.6092381790036427
4661,c23afa5ae384dc837,True,,,,,,,,,,1.0,1.0,1.0,1.0,1.0,1.0,1.0,1.0,1.0,1.0
4662,90c45199dafb82117,True,,,,,,,,,,1.0,1.0,1.0,1.0,0.21192630985253424,1.0,1.0,0.0,0.0,0.503726971828917
4663,07f1e4860bc02a04d,True,,,,,,,,,,1.0,1.0,1.0,1.0,1.0,1.0,0.0,1.0,0.0,0.75
4664,8bc78c84321c37423,True,,,,,,,,,,1.0,1.0,1.0,1.0,0.16732496795757218,1.0,1.0,1.0,0.0,0.6147890524867413
4665,7aa2434007747c439,True,,,,,,,,,,1.0,1.0,1.0,1.0,0.29401340968518513,1.0,1.0,0.0,0.0,0.5293791905266203
4666,1b4910e763891cfbd,True,,,,,,,,,,1.0,0.0,1.0,1.0,1.0,1.0,0.0,1.0,0.0,0.0
4667,9c849c1f3da3d7ffa,True,,,,,,,,,,1.0,1.0,1.0,1.0,0.07194820295378196,1.0,1.0,1.0,1.0,0.7099838134230569
4668,3df563a8c00556068,True,,,,,,,,,,1.0,1.0,1.0,1.0,0.0,1.0,1.0,1.0,1.0,0.6875
4669,e593c645d1fd3fdb9,True,,,,,,,,,,1.0,1.0,1.0,1.0,0.10877182302406269,1.0,1.0,1.0,0.0,0.5964911946950195
4670,7b5998d0c96e5433a,True,,,,,,,,,,1.0,1.0,1.0,1.0,0.0,1.0,1.0,1.0,1.0,0.6875
4671,9bdc2e6f73aad36a5,True,,,,,,,,,,1.0,1.0,1.0,1.0,0.2054445079890795,1.0,1.0,0.0,0.0,0.5017014087465874
4672,58f91f82a3c230e1e,True,,,,,,,,,,1.0,1.0,1.0,1.0,0.2364457040031557,1.0,1.0,0.0,0.0,0.5113892825009861
4673,d1b44adf0f1195ea7,True,,,,,,,,,,1.0,1.0,1.0,1.0,0.11704471667549034,1.0,1.0,1.0,1.0,0.7240764739610908
4674,7186caba98873825a,True,,,,,,,,,,1.0,0.0,1.0,1.0,0.21991100611666806,1.0,0.0,0.0,0.0,0.0
4675,bc6888f8da8ee3d48,True,,,,,,,,,,1.0,1.0,1.0,1.0,0.0029696316170289465,1.0,1.0,1.0,1.0,0.6884280098803215
4676,f0e29874418de93db,True,,,,,,,,,,1.0,1.0,1.0,1.0,0.585256221348093,1.0,1.0,0.0,0.0,0.620392569171279
4677,6d342e630c70431ff,True,,,,,,,,,,1.0,1.0,1.0,1.0,0.0827303357686218,1.0,1.0,1.0,1.0,0.7133532299276943
4678,8a767a8d9952eeaf9,True,,,,,,,,,,1.0,1.0,1.0,1.0,0.0,1.0,1.0,1.0,1.0,0.6875
4679,8e2e4ad26edbb4e08,True,,,,,,,,,,1.0,1.0,1.0,1.0,0.054733441497658415,1.0,1.0,1.0,1.0,0.7046042004680182
4680,f09090db20660a80f,True,,,,,,,,,,1.0,1.0,1.0,1.0,1.0,1.0,1.0,1.0,1.0,1.0
4681,599d18ef0c8b9c894,True,,,,,,,,,,0.5,1.0,1.0,1.0,1.0,0.0,1.0,1.0,0.0,0.28125
4682,b4a96aa4d4b538e2a,True,,,,,,,,,,1.0,1.0,0.5,1.0,0.41509972282501306,1.0,0.0,0.0,0.0,0.22110933169140828
4683,bc310295755fb7084,True,,,,,,,,,,1.0,0.0,1.0,1.0,0.2717272508647658,1.0,0.0,0.0,0.0,0.0
4684,7e2d7288e94ae54c5,True,,,,,,,,,,1.0,1.0,1.0,1.0,0.17475389382948836,1.0,1.0,1.0,0.0,0.6171105918217151
4685,5c78d4068407d661c,True,,,,,,,,,,1.0,1.0,1.0,1.0,1.0,1.0,1.0,1.0,1.0,1.0
4686,fa5f831bdaa6b6167,True,,,,,,,,,,1.0,1.0,0.5,1.0,1.0,1.0,0.0,1.0,0.0,0.375
4687,d8c8d7ca717326aa5,True,,,,,,,,,,1.0,0.0,1.0,1.0,0.18576903265944433,1.0,0.0,1.0,0.0,0.0
4688,8cbf7cbc0d30a3d05,True,,,,,,,,,,1.0,1.0,1.0,1.0,0.09547237806568656,1.0,1.0,1.0,1.0,0.717335118145527
4689,e302536dfb1a897a7,True,,,,,,,,,,1.0,1.0,1.0,1.0,0.14812208391591927,1.0,0.0,1.0,0.0,0.48378815122372476
4690,c999a24e14bcd26f6,True,,,,,,,,,,1.0,1.0,1.0,1.0,0.1856307805490444,1.0,1.0,1.0,0.0,0.6205096189215764
4691,39a33f6262e8b8c0c,True,,,,,,,,,,1.0,1.0,1.0,1.0,0.19505779233986142,1.0,1.0,1.0,0.0,0.6234555601062066
4692,4e6f3caac62c57abb,True,,,,,,,,,,1.0,1.0,1.0,1.0,0.18627341524862248,1.0,0.0,1.0,0.0,0.4957104422651945
4693,3a96e943c2c264f67,True,,,,,,,,,,1.0,1.0,1.0,1.0,0.2076424028608209,1.0,0.0,1.0,0.0,0.5023882508940065
4694,6ba28ea05bd9dd3df,True,,,,,,,,,,1.0,1.0,1.0,0.0,1.0,1.0,1.0,1.0,1.0,0.0
4695,7b35876d62521ffc5,True,,,,,,,,,,1.0,1.0,1.0,1.0,0.1902480582067335,1.0,0.0,0.0,0.0,0.37195251818960423
4696,402bdbb00ffac92e5,True,,,,,,,,,,1.0,1.0,1.0,1.0,0.24952333288728565,1.0,0.0,0.0,0.0,0.3904760415272768
4697,08b425d9aa40aee45,True,,,,,,,,,,1.0,0.0,1.0,1.0,1.0,1.0,0.0,0.0,0.0,0.0
4698,129d3c576dc7bb588,True,,,,,,,,,,1.0,1.0,1.0,1.0,0.0,1.0,0.0,1.0,1.0,0.5625
4699,b57ec07d7cbceb48b,True,,,,,,,,,,1.0,1.0,1.0,1.0,0.17501235043325186,1.0,1.0,1.0,0.0,0.6171913595103913
4700,10e8a0c218db15652,True,,,,,,,,,,1.0,1.0,1.0,1.0,0.2971246459869067,1.0,0.0,1.0,1.0,0.6553514518709084
4701,dea13a804cc9407af,True,,,,,,,,,,1.0,1.0,1.0,1.0,0.06545488426283277,1.0,1.0,1.0,1.0,0.7079546513321353
4702,628be721855b43213,True,,,,,,,,,,1.0,1.0,1.0,1.0,0.2300872099059018,1.0,0.0,0.0,0.0,0.3844022530955943
4703,481cb8f4c173a9ed0,True,,,,,,,,,,1.0,1.0,1.0,1.0,0.20211773802936658,1.0,0.0,0.0,0.0,0.375661793134177
4704,c35bfd24684ea8d55,True,,,,,,,,,,0.0,1.0,1.0,1.0,0.2333768482156069,0.0,0.0,0.0,0.0,0.0
4705,7b6d8fa488a09b8d3,True,,,,,,,,,,1.0,1.0,1.0,1.0,0.21072955680122363,1.0,1.0,0.0,0.0,0.5033529865003824
4706,c0831690e22e4cfbc,True,,,,,,,,,,1.0,1.0,1.0,1.0,0.01532029287587476,1.0,1.0,1.0,1.0,0.6922875915237109
4707,2da594e725662f7c5,True,,,,,,,,,,1.0,1.0,1.0,1.0,0.1036988086901726,1.0,1.0,1.0,1.0,0.7199058777156789
4708,13f7d51df20a8dc66,True,,,,,,,,,,1.0,1.0,1.0,1.0,0.26150751547095774,1.0,1.0,0.0,0.0,0.5192210985846744
4709,bec8d578f7182bbcd,True,,,,,,,,,,1.0,1.0,1.0,1.0,0.3708061236921617,1.0,1.0,1.0,0.0,0.6783769136538005
4710,570c63685f0d25c8f,True,,,,,,,,,,1.0,1.0,1.0,1.0,0.0,1.0,0.0,0.0,0.0,0.3125
4711,fe3af476ce56a1283,True,,,,,,,,,,1.0,1.0,1.0,1.0,0.22083102852927958,1.0,1.0,0.0,0.0,0.5065096964153999
4712,b3caab7fde86ee89e,True,,,,,,,,,,1.0,1.0,1.0,1.0,0.02277909883860292,1.0,0.0,1.0,1.0,0.5696184683870634
4713,4ac58ee8e6463cde1,True,,,,,,,,,,1.0,1.0,1.0,1.0,0.12227017376195763,1.0,0.0,1.0,0.0,0.4757094293006118
4714,a4dff43b479ee5041,True,,,,,,,,,,1.0,0.0,0.0,1.0,1.0,1.0,0.0,0.0,0.0,0.0
4715,6ba2025a22f212a94,True,,,,,,,,,,1.0,1.0,1.0,1.0,0.18570176235167352,1.0,1.0,1.0,0.0,0.620531800734898
4716,431df46346088a1de,True,,,,,,,,,,1.0,1.0,1.0,1.0,0.2118030869872448,1.0,0.0,1.0,0.0,0.503688464683514
4717,7f444b043c5b21ab4,True,,,,,,,,,,1.0,1.0,1.0,1.0,0.21459374929138528,1.0,1.0,0.0,0.0,0.5045605466535579
4718,71fe821c1ced6591c,True,,,,,,,,,,1.0,1.0,1.0,1.0,0.2507390944492901,1.0,0.0,0.0,0.0,0.39085596701540315
4719,0cdb9c6ab183da958,True,,,,,,,,,,1.0,1.0,1.0,1.0,0.19536362800020568,1.0,1.0,1.0,0.0,0.6235511337500643
4720,6b611802253a6f2c9,True,,,,,,,,,,1.0,1.0,1.0,1.0,0.23721669134277704,1.0,0.0,0.0,0.0,0.38663021604461784
4721,32f1711fd411244b6,True,,,,,,,,,,1.0,0.0,1.0,1.0,1.0,1.0,1.0,1.0,0.0,0.0
4722,dee771fcf184f2521,True,,,,,,,,,,1.0,1.0,1.0,1.0,0.009231943951929226,1.0,0.0,1.0,1.0,0.5653849824849779
4723,2df66cb5d7a252afe,True,,,,,,,,,,1.0,1.0,1.0,1.0,1.0,1.0,1.0,1.0,0.0,0.875
4724,c3f88ffa3ddcecc64,True,,,,,,,,,,1.0,1.0,1.0,1.0,0.4852842528967492,1.0,1.0,0.0,0.0,0.5891513290302341
4725,b9a43db97480bc666,True,,,,,,,,,,1.0,1.0,0.0,1.0,1.0,1.0,0.0,0.0,0.0,0.0
4726,3b0eafa0ee94a00a4,True,,,,,,,,,,1.0,1.0,0.5,1.0,0.38594272220453857,1.0,0.0,1.0,0.0,0.27905355034445917
4727,519a6a71d9b2fda8a,True,,,,,,,,,,1.0,1.0,1.0,1.0,1.0,1.0,0.0,0.0,0.0,0.625
4728,9e4b9c5c9c0f63038,True,,,,,,,,,,1.0,1.0,1.0,1.0,0.0,1.0,0.0,0.0,1.0,0.4375
4729,012fd1457eb78c56c,True,,,,,,,,,,1.0,0.0,1.0,1.0,1.0,1.0,0.0,0.0,0.0,0.0
4730,3de4e2683ea8699d4,True,,,,,,,,,,1.0,1.0,1.0,1.0,0.14162766290930337,1.0,1.0,1.0,0.0,0.6067586446591573
4731,a317b20e8d007342f,True,,,,,,,,,,1.0,1.0,1.0,1.0,0.0,1.0,0.0,1.0,1.0,0.5625
4732,ca2e709d5cab0c6e4,True,,,,,,,,,,1.0,1.0,1.0,1.0,0.021615500291116474,1.0,1.0,1.0,1.0,0.6942548438409739
4733,0c9e5d46eff0fcf41,True,,,,,,,,,,1.0,1.0,1.0,1.0,0.12033664615061006,1.0,1.0,1.0,0.0,0.6001052019220656
4734,9afbf2d7c3a80fd5b,True,,,,,,,,,,1.0,1.0,1.0,1.0,0.20557603887775236,1.0,1.0,1.0,0.0,0.6267425121492975
4735,a5797a61db84af354,True,,,,,,,,,,1.0,1.0,1.0,1.0,0.0,1.0,1.0,1.0,1.0,0.6875
4736,fbc2b4583a81f36b9,True,,,,,,,,,,1.0,1.0,1.0,1.0,0.15470031295371736,1.0,0.0,1.0,0.0,0.4858438477980367
4737,2da7f9d5b6d7592f7,True,,,,,,,,,,1.0,1.0,1.0,1.0,0.2559222763547831,1.0,0.0,0.0,0.0,0.39247571136086973
4738,d405764e71ecb1286,True,,,,,,,,,,1.0,1.0,1.0,1.0,0.03862590113614525,1.0,0.0,1.0,1.0,0.5745705941050454
4739,0c3cbb85755a00eb2,True,,,,,,,,,,1.0,1.0,1.0,1.0,0.09189037607616837,1.0,0.0,1.0,1.0,0.5912157425238026
4740,7a934a0d58b6d113b,True,,,,,,,,,,0.0,1.0,1.0,1.0,1.0,0.0,1.0,0.0,0.0,0.0
4741,afcd4a859a99df309,True,,,,,,,,,,1.0,1.0,1.0,1.0,0.1219087887431355,1.0,1.0,1.0,1.0,0.7255964964822299
4742,8192ed9c4330db32d,True,,,,,,,,,,1.0,1.0,1.0,1.0,0.400496933683353,1.0,1.0,1.0,0.0,0.6876552917760478
4743,2614f6ffeaef993a9,True,,,,,,,,,,1.0,1.0,1.0,1.0,0.10191904917063557,1.0,0.0,1.0,0.0,0.4693497028658236
4744,2a1e301e08b641e81,True,,,,,,,,,,1.0,1.0,0.0,1.0,1.0,1.0,0.0,0.0,0.0,0.0
4745,194d8549dce1cc044,True,,,,,,,,,,1.0,1.0,0.0,1.0,1.0,1.0,0.0,0.0,0.0,0.0
4746,15a72986ee0932891,True,,,,,,,,,,1.0,1.0,1.0,1.0,0.5516419905296267,1.0,1.0,0.0,0.0,0.6098881220405084
4747,66c0ac7e945e90197,True,,,,,,,,,,1.0,1.0,1.0,1.0,0.10577765362480651,1.0,0.0,1.0,0.0,0.47055551675775203
4748,17a263da0e14e7155,True,,,,,,,,,,1.0,1.0,1.0,1.0,0.2129119029404148,1.0,0.0,0.0,0.0,0.3790349696688796
4749,80d431e91d34320c9,True,,,,,,,,,,1.0,1.0,1.0,1.0,0.19751524318083688,1.0,0.0,0.0,0.0,0.3742235134940115
4750,7fa425329439a1196,True,,,,,,,,,,1.0,1.0,1.0,1.0,0.21556677577462738,1.0,1.0,0.0,0.0,0.504864617429571
4751,f295cbd77bfa4efa0,True,,,,,,,,,,1.0,1.0,1.0,1.0,0.0,1.0,0.0,1.0,1.0,0.5625
4752,d62c06587889c5e1b,True,,,,,,,,,,1.0,0.0,1.0,1.0,1.0,1.0,0.0,1.0,1.0,0.0
4753,567b7524457bc9d98,True,,,,,,,,,,1.0,1.0,1.0,1.0,0.16671148198115585,1.0,0.0,1.0,0.0,0.4895973381191112
4754,ac657cb166434db62,True,,,,,,,,,,1.0,1.0,1.0,1.0,0.25385246387296573,1.0,1.0,1.0,0.0,0.6418288949603018
4755,a42442493dd5e64ba,True,,,,,,,,,,1.0,1.0,1.0,1.0,0.11337269160274084,1.0,0.0,1.0,1.0,0.5979289661258564
4756,3349d086f3bc06728,True,,,,,,,,,,1.0,1.0,1.0,1.0,0.20285607883318554,1.0,0.0,0.0,0.0,0.3758925246353705
4757,1bc64f4db46ec4c9f,True,,,,,,,,,,1.0,1.0,1.0,1.0,0.4376815835161073,1.0,1.0,0.0,0.0,0.5742754948487836
4758,f8d618822ef33e7b0,True,,,,,,,,,,1.0,1.0,1.0,1.0,0.0,1.0,1.0,1.0,1.0,0.6875
4759,987cd2bac2de5285e,True,,,,,,,,,,1.0,1.0,1.0,1.0,0.16699123252390946,1.0,1.0,1.0,1.0,0.7396847601637218
4760,61fc4b92e35089b4c,True,,,,,,,,,,1.0,0.0,1.0,1.0,0.23773262809804754,1.0,0.0,0.0,0.0,0.0
4761,60bb87853fd5997e5,True,,,,,,,,,,1.0,1.0,1.0,1.0,0.16963998272297678,1.0,1.0,1.0,0.0,0.6155124946009303
4762,80b51199c992e8e79,True,,,,,,,,,,1.0,1.0,1.0,1.0,0.21686764910993664,1.0,0.0,0.0,0.0,0.3802711403468552
4763,428b6ffe51af1390c,True,,,,,,,,,,1.0,0.0,1.0,1.0,1.0,1.0,0.0,1.0,0.0,0.0
4764,83d03d52f14fe2aba,True,,,,,,,,,,1.0,0.0,1.0,1.0,0.0,1.0,0.0,1.0,0.0,0.0
4765,c567a3cd6305bc4a6,True,,,,,,,,,,1.0,1.0,1.0,1.0,0.25883205246933133,1.0,0.0,0.0,0.0,0.393385016396666
4766,afc5b9d01744dc019,True,,,,,,,,,,1.0,0.0,0.5,1.0,1.0,1.0,0.0,0.0,0.0,0.0
4767,270e95b1d769b87a0,True,,,,,,,,,,1.0,1.0,1.0,1.0,1.0,1.0,1.0,1.0,0.0,0.875
4768,3b99d2eccb04b25a0,True,,,,,,,,,,1.0,1.0,0.5,1.0,0.6227303510190839,1.0,0.0,1.0,0.0,0.3160516173467319
4769,e35c9a585407c6e2a,True,,,,,,,,,,1.0,1.0,1.0,1.0,0.46078933232813374,1.0,1.0,1.0,0.0,0.7064966663525418
4770,6a18b0260de73481a,True,,,,,,,,,,1.0,0.0,1.0,1.0,1.0,1.0,0.0,1.0,0.0,0.0
4771,6d3e5e6a1c2f52b9a,True,,,,,,,,,,1.0,1.0,1.0,1.0,0.40952728676513583,1.0,0.0,0.0,0.0,0.44047727711410495
4772,72596b62f23cfe8b5,True,,,,,,,,,,1.0,1.0,1.0,1.0,0.4919563968088985,1.0,1.0,1.0,0.0,0.7162363740027808
4773,d3e9c090e809349ce,True,,,,,,,,,,1.0,1.0,1.0,1.0,0.5312498085436839,1.0,0.0,1.0,0.0,0.6035155651699012
4774,3812881ab01c38f32,True,,,,,,,,,,1.0,1.0,1.0,1.0,0.3227222102615313,1.0,1.0,0.0,0.0,0.5383506907067286
4775,af48e9c0da650fb5e,True,,,,,,,,,,1.0,1.0,1.0,1.0,0.19932065195300547,1.0,1.0,0.0,0.0,0.4997877037353142
4776,0286ad2f0fec1df3b,True,,,,,,,,,,1.0,1.0,1.0,1.0,0.0,1.0,0.0,0.0,1.0,0.4375
4777,c5555e6107565ea71,True,,,,,,,,,,1.0,1.0,1.0,1.0,0.18016293777135642,1.0,0.0,1.0,0.0,0.49380091805354887
4778,c1ef027c99cf15974,True,,,,,,,,,,1.0,1.0,1.0,1.0,0.145300256589816,1.0,1.0,0.0,0.0,0.4829063301843175
4779,cad5818510a871f22,True,,,,,,,,,,1.0,1.0,1.0,1.0,1.0,1.0,1.0,1.0,0.0,0.875
4780,c172bf35d27bb2a60,True,,,,,,,,,,1.0,1.0,1.0,1.0,0.22701608626333641,1.0,0.0,0.0,0.0,0.38344252695729264
4781,2301f91f3f804faa5,True,,,,,,,,,,1.0,1.0,1.0,1.0,0.17890633352247243,1.0,0.0,1.0,0.0,0.49340822922577265
4782,a7cf069369c371dd2,True,,,,,,,,,,1.0,1.0,1.0,1.0,0.013127577217012963,1.0,1.0,1.0,1.0,0.6916023678803165
4783,ab0cda5402469194e,True,,,,,,,,,,1.0,1.0,1.0,1.0,0.25065480965201536,1.0,1.0,0.0,0.0,0.5158296280162549
4784,0369a23acb953eeac,True,,,,,,,,,,1.0,1.0,1.0,1.0,0.2127053431725376,1.0,1.0,0.0,0.0,0.503970419741418
4785,2288b831536d541ba,True,,,,,,,,,,1.0,1.0,1.0,1.0,0.030248791403578883,1.0,1.0,1.0,1.0,0.6969527473136183
4786,178157ae0466a3851,True,,,,,,,,,,1.0,0.0,1.0,1.0,0.0,1.0,0.0,0.0,0.0,0.0
4787,c3ae26874d15feb7d,True,,,,,,,,,,1.0,1.0,1.0,1.0,0.0,1.0,0.0,1.0,1.0,0.5625
4788,941e498bd0dfbd991,True,,,,,,,,,,1.0,1.0,1.0,1.0,0.18565695052826206,1.0,0.0,1.0,1.0,0.6205177970400819
4789,c72e69f316e2cb580,True,,,,,,,,,,1.0,1.0,1.0,1.0,0.08064938953207335,1.0,1.0,1.0,0.0,0.587702934228773
4790,d21b58003792bc68a,True,,,,,,,,,,1.0,1.0,1.0,1.0,0.22372140159035514,1.0,0.0,0.0,0.0,0.38241293799698595
4791,2aa8f5678f71648b6,True,,,,,,,,,,1.0,1.0,1.0,1.0,0.08175658084540086,0.0,1.0,1.0,1.0,0.4005489315141878
4792,6d7d0467feb2787ea,True,,,,,,,,,,1.0,1.0,1.0,1.0,0.12519039606370283,1.0,0.0,1.0,1.0,0.6016219987699072
4793,d2eb3158a4dcc825e,True,,,,,,,,,,1.0,1.0,1.0,1.0,1.0,0.0,0.0,0.0,0.0,0.3125
4794,e13710073c3a4f5c6,True,,,,,,,,,,1.0,1.0,1.0,1.0,0.5123591501134926,1.0,1.0,1.0,0.0,0.7226122344104664
4795,a874b5928d421efad,True,,,,,,,,,,1.0,1.0,1.0,1.0,0.1229565770538901,1.0,1.0,1.0,0.0,0.6009239303293407
4796,7c851ab07e3f1d15f,True,,,,,,,,,,1.0,1.0,1.0,1.0,0.17203143297292062,1.0,1.0,1.0,0.0,0.6162598228040377
4797,0a8cbe192f3d3dfba,True,,,,,,,,,,1.0,1.0,1.0,1.0,0.34395619700003033,1.0,1.0,1.0,0.0,0.6699863115625095
4798,1ea195d959bce2d65,True,,,,,,,,,,1.0,1.0,0.5,1.0,0.28197137995066135,0.0,0.0,0.0,0.0,0.044058028117290836
4799,64560358188d68edd,True,,,,,,,,,,1.0,1.0,1.0,1.0,0.2808897040947224,1.0,0.0,0.0,0.0,0.40027803252960076
4800,237248dcf20ccf56f,True,,,,,,,,,,1.0,1.0,1.0,1.0,0.044993485748677946,1.0,1.0,1.0,1.0,0.7015604642964619
4801,a0c6dbfad5c2cef6e,True,,,,,,,,,,1.0,1.0,0.5,1.0,0.780473063091039,1.0,0.0,1.0,0.0,0.34069891610797487
4802,a3adc8c27da8f8689,True,,,,,,,,,,1.0,1.0,1.0,1.0,0.16031230320371584,1.0,1.0,1.0,0.0,0.6125975947511613
4803,5d7300eccaaae4563,True,,,,,,,,,,1.0,1.0,1.0,1.0,0.18289816524741945,1.0,0.0,1.0,0.0,0.4946556766398186
4804,e06d3e2d64736c62d,True,,,,,,,,,,1.0,1.0,1.0,1.0,0.06089950542291957,1.0,0.0,1.0,1.0,0.5815310954446624
4805,b58b6d88823cf8754,True,,,,,,,,,,0.0,1.0,1.0,1.0,1.0,0.0,0.0,0.0,0.0,0.0
4806,2c920866d1784abe5,True,,,,,,,,,,1.0,1.0,1.0,1.0,1.0,1.0,0.0,0.0,0.0,0.625
4807,5d5440db427d5f265,True,,,,,,,,,,1.0,1.0,1.0,1.0,0.02338949624806131,1.0,1.0,1.0,1.0,0.6948092175775191
4808,eb16cfaf356e80f1f,True,,,,,,,,,,1.0,1.0,1.0,1.0,0.2771378413528597,1.0,1.0,0.0,0.0,0.5241055754227686
4809,3fd0808364384b621,True,,,,,,,,,,1.0,1.0,1.0,1.0,1.0,1.0,0.0,1.0,1.0,0.875
4810,c9eccd69e416f78ae,True,,,,,,,,,,0.0,0.0,1.0,1.0,0.24577506411586308,0.0,0.0,0.0,0.0,0.0
4811,4e062143c7bd91118,True,,,,,,,,,,1.0,1.0,1.0,1.0,0.29914556332004666,1.0,1.0,0.0,0.0,0.5309829885375146
4812,cdec99ac469508647,True,,,,,,,,,,1.0,1.0,1.0,1.0,0.20237960091008061,1.0,1.0,1.0,1.0,0.7507436252844002
4813,87b0f0681dc28e308,True,,,,,,,,,,1.0,1.0,1.0,1.0,0.44965515174199044,1.0,1.0,1.0,0.0,0.703017234919372
4814,02e812e171526ec23,True,,,,,,,,,,1.0,1.0,1.0,1.0,0.1060182547029522,1.0,0.0,1.0,0.0,0.47063070459467254
4815,c8443f5a68a70d97c,True,,,,,,,,,,1.0,1.0,0.0,1.0,0.6314313868631891,1.0,0.0,0.0,0.0,0.0
4816,6aa7e26a080e2bd09,True,,,,,,,,,,1.0,1.0,1.0,1.0,0.19956182483267088,1.0,1.0,1.0,0.0,0.6248630702602096
4817,087c2f352474fc4ee,True,,,,,,,,,,1.0,1.0,1.0,1.0,0.0,1.0,1.0,1.0,1.0,0.6875
4818,aa1c2ba87587b53cb,True,,,,,,,,,,1.0,1.0,1.0,1.0,0.3506267590676811,1.0,1.0,0.0,0.0,0.5470708622086503
4819,4ac35e2587f31ee76,True,,,,,,,,,,1.0,1.0,1.0,1.0,0.22027958192779054,1.0,0.0,0.0,0.0,0.38133736935243456
4820,2729d19c18ef21b96,True,,,,,,,,,,1.0,0.0,0.5,1.0,0.8041431352097352,1.0,0.0,1.0,0.0,0.0
4821,008d19d3a7e53bd2f,True,,,,,,,,,,1.0,1.0,1.0,0.0,1.0,1.0,1.0,1.0,1.0,0.0
4822,c3e34d7de79504c8f,True,,,,,,,,,,1.0,0.0,1.0,1.0,1.0,1.0,1.0,0.0,0.0,0.0
4823,33def08f34be607b9,True,,,,,,,,,,1.0,0.0,1.0,1.0,1.0,1.0,1.0,1.0,1.0,0.0
4824,ed75936c057902b19,True,,,,,,,,,,1.0,1.0,1.0,1.0,0.18130049157208936,1.0,0.0,1.0,0.0,0.49415640361627794
4825,facc7bdf3ca0a7492,True,,,,,,,,,,1.0,1.0,1.0,1.0,0.14888296027111914,1.0,0.0,1.0,0.0,0.48402592508472475
4826,c85aa35e5a8c7e1cc,True,,,,,,,,,,1.0,1.0,1.0,1.0,0.23060456682880565,1.0,0.0,0.0,0.0,0.3845639271340018
4827,9ca4cc4bfc1a7a0a0,True,,,,,,,,,,1.0,0.0,1.0,1.0,1.0,1.0,1.0,0.0,0.0,0.0
4828,44276d9ca75d0250b,True,,,,,,,,,,1.0,1.0,1.0,1.0,1.0,1.0,1.0,1.0,1.0,1.0
4829,8b07c31db85204e64,True,,,,,,,,,,1.0,1.0,1.0,1.0,0.1814048633473508,1.0,1.0,0.0,0.0,0.4941890197960471
4830,6eaee379045fa8bd9,True,,,,,,,,,,1.0,1.0,1.0,1.0,0.3258020460060757,1.0,0.0,0.0,0.0,0.4143131393768987
4831,41c255d09766b4099,True,,,,,,,,,,1.0,1.0,1.0,1.0,1.0,0.0,0.0,0.0,0.0,0.3125
4832,9e31589f9ede4587e,True,,,,,,,,,,1.0,1.0,0.5,1.0,0.3722605375130027,1.0,0.0,1.0,0.0,0.27691570898640666
4833,f5a896e060751799d,True,,,,,,,,,,0.0,1.0,1.0,1.0,1.0,0.0,1.0,0.0,0.0,0.0
4834,d6f75a03673049ff0,True,,,,,,,,,,1.0,0.0,1.0,1.0,0.2579474521068024,1.0,0.0,0.0,0.0,0.0
4835,82d900751ef2cc1dc,True,,,,,,,,,,1.0,1.0,1.0,1.0,1.0,1.0,0.0,1.0,0.0,0.75
4836,d7cb69340aa436966,True,,,,,,,,,,1.0,1.0,1.0,1.0,0.25979876242871053,1.0,1.0,1.0,0.0,0.6436871132589721
4837,9ed233c4d30f0d7d9,True,,,,,,,,,,1.0,1.0,1.0,1.0,0.3386914747651792,1.0,0.0,0.0,0.0,0.4183410858641185
4838,b37e58b47596bc081,True,,,,,,,,,,1.0,1.0,1.0,1.0,0.3600836440657734,1.0,1.0,0.0,0.0,0.5500261387705542
4839,2e14fecb99657b5f6,True,,,,,,,,,,1.0,1.0,1.0,1.0,0.22128724182342008,1.0,0.0,0.0,0.0,0.3816522630698188
4840,4f3676dd29cda956d,True,,,,,,,,,,1.0,1.0,1.0,1.0,0.30953256900301873,1.0,0.0,0.0,0.0,0.40922892781344333
4841,553cf28c0505a3ed6,True,,,,,,,,,,1.0,1.0,1.0,1.0,0.10774296259240954,1.0,0.0,1.0,1.0,0.596169675810128
4842,b3648e983488baa4f,True,,,,,,,,,,1.0,1.0,1.0,1.0,0.05821317766804302,1.0,1.0,1.0,1.0,0.7056916180212635
4843,cade01084629da760,True,,,,,,,,,,0.5,1.0,1.0,1.0,0.5612726231368979,0.0,1.0,1.0,0.0,0.21269884736514028
4844,9ac59d12e61e3b3ff,True,,,,,,,,,,1.0,1.0,1.0,1.0,0.24118396970727465,1.0,1.0,0.0,0.0,0.5128699905335233
4845,4e1acfe6d874f554d,True,,,,,,,,,,1.0,1.0,1.0,1.0,0.08911514565592052,1.0,1.0,1.0,1.0,0.7153484830174752
4846,17de904ac4c504886,True,,,,,,,,,,1.0,1.0,1.0,1.0,0.1079149454682923,1.0,1.0,1.0,0.0,0.5962234204588414
4847,7904bcffe314d0056,True,,,,,,,,,,1.0,0.0,1.0,1.0,1.0,1.0,1.0,1.0,0.0,0.0
4848,ce2057b130f4218b8,True,,,,,,,,,,1.0,1.0,1.0,1.0,0.6151805052459044,1.0,1.0,0.0,0.0,0.6297439078893451
4849,eb2b9b57bc8fba12d,True,,,,,,,,,,1.0,1.0,1.0,1.0,0.2177052484976445,1.0,0.0,0.0,0.0,0.3805328901555139
4850,9c1ac53b20c284d28,True,,,,,,,,,,1.0,1.0,1.0,1.0,0.19925838966099035,1.0,1.0,1.0,0.0,0.6247682467690595
4851,8d9bc38e815347396,True,,,,,,,,,,1.0,1.0,1.0,1.0,0.10894677735559781,1.0,0.0,1.0,0.0,0.4715458679236243
4852,1770d226b1fbdf6a2,True,,,,,,,,,,1.0,1.0,1.0,1.0,0.40037248704591544,1.0,0.0,1.0,0.0,0.5626164022018486
4853,91927b9cf7456c200,True,,,,,,,,,,1.0,0.0,1.0,1.0,0.2027931592098607,1.0,0.0,0.0,0.0,0.0
4854,2d98dd5a526780315,True,,,,,,,,,,1.0,0.0,0.5,1.0,1.0,1.0,0.0,0.0,0.0,0.0
4855,5046d4b4e74d6cbbd,True,,,,,,,,,,1.0,0.0,1.0,1.0,0.5012908827477681,1.0,0.0,0.0,0.0,0.0
4856,7052cedfc597ff134,True,,,,,,,,,,1.0,1.0,1.0,1.0,0.25914589983796854,1.0,1.0,1.0,0.0,0.6434830936993652
4857,37501de016a2976a7,True,,,,,,,,,,1.0,1.0,1.0,1.0,0.26677039899515287,1.0,0.0,0.0,0.0,0.39586574968598526
4858,5e5a2a6c7ddbfc092,True,,,,,,,,,,1.0,1.0,1.0,1.0,0.0004635049718995755,1.0,1.0,1.0,1.0,0.6876448453037186
4859,96cf7424a206ab31f,True,,,,,,,,,,1.0,1.0,1.0,1.0,0.4285809200701381,0.0,1.0,1.0,0.0,0.38393153752191816
4860,a94bc6fc5f5d03f39,True,,,,,,,,,,1.0,1.0,0.5,1.0,1.0,1.0,0.0,0.0,0.0,0.3125
4861,eeb0b8f8cc54ccf58,True,,,,,,,,,,1.0,1.0,1.0,1.0,1.0,1.0,1.0,1.0,1.0,1.0
4862,f9533c6195790b299,True,,,,,,,,,,0.0,0.0,1.0,1.0,1.0,0.0,0.0,0.0,0.0,0.0
4863,a3d3acd8f46271484,True,,,,,,,,,,1.0,1.0,1.0,1.0,0.1473348434212036,1.0,1.0,1.0,0.0,0.6085421385691261
4864,6883dd210767ef27d,True,,,,,,,,,,1.0,1.0,1.0,1.0,0.015028269994828288,1.0,1.0,1.0,1.0,0.6921963343733839
4865,27b7e5ec4bfe00f85,True,,,,,,,,,,1.0,1.0,1.0,1.0,1.0,1.0,1.0,1.0,1.0,1.0
4866,e4e521f407f1c30df,True,,,,,,,,,,1.0,1.0,1.0,1.0,1.0,1.0,1.0,0.0,0.0,0.75
4867,a281f0b2e0db6ac75,True,,,,,,,,,,1.0,1.0,1.0,1.0,0.5034378071603867,1.0,0.0,0.0,0.0,0.4698243147376208
4868,4f7b62e9ded399e3c,True,,,,,,,,,,1.0,0.0,1.0,1.0,1.0,1.0,1.0,1.0,0.0,0.0
4869,645751bf568658675,True,,,,,,,,,,1.0,1.0,1.0,1.0,0.1267750874564676,1.0,0.0,1.0,1.0,0.6021172148301461
4870,c855eb02dea11b02e,True,,,,,,,,,,1.0,1.0,0.0,1.0,1.0,1.0,0.0,0.0,0.0,0.0
4871,b5c727c3b2286dfc5,True,,,,,,,,,,1.0,1.0,1.0,1.0,0.17578540190076652,1.0,1.0,0.0,0.0,0.4924329380939895
4872,ec8c748e31436c7e5,True,,,,,,,,,,1.0,0.0,1.0,1.0,0.46732625223451224,1.0,0.0,0.0,0.0,0.0
4873,909281fad5f1bd401,True,,,,,,,,,,1.0,1.0,1.0,1.0,0.0,1.0,1.0,1.0,1.0,0.6875
4874,265cbf9df314f7700,True,,,,,,,,,,1.0,1.0,1.0,1.0,0.129532674508571,1.0,0.0,1.0,0.0,0.47797896078392843
4875,eac3cd256c959f2bc,True,,,,,,,,,,1.0,1.0,1.0,1.0,0.12845509788112086,1.0,1.0,1.0,1.0,0.7276422180878503
4876,3331cabab3946bf78,True,,,,,,,,,,1.0,1.0,1.0,1.0,0.21945842439684085,1.0,1.0,0.0,0.0,0.5060807576240127
4877,45da4abe095b0e759,True,,,,,,,,,,1.0,1.0,1.0,1.0,0.23587499717305874,1.0,1.0,1.0,0.0,0.6362109366165809
4878,fbf4ec49ea2272ba1,True,,,,,,,,,,1.0,1.0,1.0,1.0,0.14196338699400304,1.0,0.0,1.0,0.0,0.48186355843562595
4879,2526f4007f6477420,True,,,,,,,,,,1.0,1.0,1.0,1.0,0.25081922411892943,1.0,1.0,0.0,0.0,0.5158810075371655
4880,abb1e9c0cfeb7bb29,True,,,,,,,,,,1.0,1.0,1.0,1.0,1.0,1.0,0.0,1.0,0.0,0.75
4881,3d8397f4fcf5d9ec3,True,,,,,,,,,,1.0,1.0,1.0,1.0,0.2477288591768443,1.0,0.0,0.0,0.0,0.38991526849276387
4882,f3852b4bdec74eddc,True,,,,,,,,,,1.0,1.0,1.0,1.0,1.0,1.0,1.0,1.0,0.0,0.875
4883,a686334790117f882,True,,,,,,,,,,1.0,1.0,1.0,1.0,1.0,1.0,1.0,1.0,1.0,1.0
4884,d8c1cf6f6a65ad21d,True,,,,,,,,,,1.0,0.0,1.0,1.0,1.0,1.0,0.0,1.0,0.0,0.0
4885,872a49bbab0e3eadd,True,,,,,,,,,,1.0,0.0,1.0,1.0,1.0,1.0,0.0,1.0,0.0,0.0
4886,d3b5a3486c40ea561,True,,,,,,,,,,1.0,1.0,1.0,1.0,0.17184196442776795,1.0,1.0,1.0,0.0,0.6162006138836775
4887,c70f1e01d8a8d58e0,True,,,,,,,,,,1.0,1.0,1.0,1.0,0.0,1.0,1.0,1.0,1.0,0.6875
4888,74dc897cc60962fc0,True,,,,,,,,,,1.0,1.0,1.0,1.0,0.3274446576622987,1.0,0.0,0.0,0.0,0.41482645551946834
4889,17848b0db348eea20,True,,,,,,,,,,1.0,1.0,1.0,1.0,0.0690419862447408,1.0,1.0,1.0,1.0,0.7090756207014814
4890,81e6ca0e63a415859,True,,,,,,,,,,1.0,1.0,1.0,1.0,0.27084188709418233,1.0,1.0,1.0,0.0,0.647138089716932
4891,fa3650efa1fa9cb64,True,,,,,,,,,,1.0,1.0,1.0,1.0,0.25365268917677514,1.0,1.0,0.0,0.0,0.5167664653677422
4892,6d41dae8eb9b92cbe,True,,,,,,,,,,1.0,1.0,0.0,1.0,1.0,1.0,0.0,0.0,0.0,0.0
4893,7f77d13ba2f205d87,True,,,,,,,,,,1.0,1.0,1.0,1.0,0.1409957719236622,1.0,1.0,1.0,0.0,0.6065611787261445
4894,29202e5e7b84d0701,True,,,,,,,,,,1.0,1.0,0.5,1.0,0.2235003126504135,1.0,0.0,0.0,0.0,0.19117192385162712
4895,7387fd37f78f3fd39,True,,,,,,,,,,1.0,1.0,1.0,1.0,0.1840458688254897,1.0,1.0,1.0,0.0,0.6200143340079656
4896,4f4a53796fa5bb136,True,,,,,,,,,,1.0,1.0,1.0,1.0,0.0627353431385556,1.0,0.0,1.0,1.0,0.5821047947307987
4897,b46505d824967a9bc,True,,,,,,,,,,1.0,1.0,1.0,1.0,0.07255551095973438,1.0,1.0,1.0,1.0,0.710173597174917
4898,4019a208fc30e8936,True,,,,,,,,,,0.5,1.0,1.0,1.0,0.9656714027406853,0.0,0.0,0.0,0.0,0.15088615667823208
4899,6d9ac6e09b2090952,True,,,,,,,,,,1.0,1.0,1.0,1.0,0.3191974755348949,1.0,0.0,1.0,0.0,0.5372492111046547
4900,8d358053106bc9580,True,,,,,,,,,,0.0,1.0,1.0,1.0,0.26392301000041335,0.0,0.0,1.0,0.0,0.0
4901,815411526d5f2c6d5,True,,,,,,,,,,1.0,1.0,1.0,1.0,1.0,1.0,0.0,1.0,0.0,0.75
4902,d70caeb8eb50fae31,True,,,,,,,,,,1.0,1.0,1.0,1.0,0.0979418655922695,1.0,0.0,1.0,1.0,0.5931068329975842
4903,541803e1775a85786,True,,,,,,,,,,1.0,1.0,1.0,1.0,0.1367521114137689,1.0,1.0,1.0,0.0,0.6052350348168027
4904,845a83fdb1732a5ef,True,,,,,,,,,,1.0,0.0,1.0,1.0,1.0,1.0,0.0,0.0,0.0,0.0
4905,f54aae942b797da5a,True,,,,,,,,,,1.0,1.0,1.0,1.0,0.20567565534939738,1.0,0.0,0.0,0.0,0.3767736422966867
4906,f8ef03363118bcda4,True,,,,,,,,,,1.0,1.0,0.5,1.0,0.5091093262346973,1.0,0.0,0.0,0.0,0.23579833222417146
4907,7e931dfbe8e295f21,True,,,,,,,,,,1.0,1.0,1.0,1.0,0.2056364119615191,1.0,1.0,0.0,0.0,0.5017613787379747
4908,976f2d716419166ba,True,,,,,,,,,,1.0,1.0,1.0,1.0,0.18973816535014398,1.0,0.0,0.0,0.0,0.37179317667192
4909,08616e3e14acc949b,True,,,,,,,,,,1.0,1.0,1.0,1.0,0.32180394898039266,1.0,0.0,1.0,0.0,0.5380637340563728
4910,fc6b7a66f2b28cca4,True,,,,,,,,,,0.0,1.0,1.0,1.0,1.0,0.0,0.0,1.0,0.0,0.0
4911,8ff1eaec9e4ad790c,True,,,,,,,,,,1.0,1.0,1.0,1.0,0.0,1.0,1.0,1.0,1.0,0.6875
4912,7cdfa18002444c694,True,,,,,,,,,,1.0,1.0,1.0,1.0,0.2982148956082988,1.0,0.0,0.0,0.0,0.40569215487759336
4913,2bb698b451e491605,True,,,,,,,,,,1.0,1.0,1.0,1.0,0.02295981532530856,1.0,0.0,1.0,1.0,0.5696749422891589
4914,adbf76475e83933e1,True,,,,,,,,,,0.0,0.0,0.5,1.0,0.7739741825717422,0.0,0.0,1.0,0.0,0.0
4915,5ffbd12109319857a,True,,,,,,,,,,1.0,0.0,1.0,1.0,0.14493320157374054,1.0,0.0,1.0,0.0,0.0
4916,88fd88a24f2995978,True,,,,,,,,,,1.0,0.0,1.0,1.0,0.2845160026965918,1.0,0.0,0.0,0.0,0.0
4917,0da232d1485aff38f,True,,,,,,,,,,1.0,1.0,1.0,1.0,0.18745995469832966,1.0,1.0,0.0,0.0,0.496081235843228
4918,bcb569c08d9409956,True,,,,,,,,,,1.0,1.0,1.0,1.0,0.24731162754776878,1.0,0.0,1.0,1.0,0.6397848836086777
4919,964210c085079b61a,True,,,,,,,,,,1.0,1.0,1.0,1.0,0.12251983090313577,1.0,0.0,1.0,0.0,0.4757874471572299
4920,786f6723260569e56,True,,,,,,,,,,1.0,1.0,1.0,1.0,0.20667837376179687,1.0,1.0,1.0,1.0,0.7520869918005615
4921,064aaacc7d9acb094,True,,,,,,,,,,1.0,1.0,1.0,1.0,0.23462149287704462,1.0,0.0,1.0,0.0,0.5108192165240765
4922,82164b6dd39963198,True,,,,,,,,,,1.0,1.0,0.5,1.0,0.6934998879053836,1.0,0.0,0.0,0.0,0.2646093574852162
4923,56bd93dec0d4cb4df,True,,,,,,,,,,1.0,1.0,1.0,1.0,0.2754161931851227,1.0,0.0,0.0,0.0,0.39856756037035085
4924,7837a188fc6d747f2,True,,,,,,,,,,1.0,1.0,1.0,1.0,1.0,1.0,1.0,1.0,0.0,0.875
4925,330ebf5b4dfbc967a,True,,,,,,,,,,1.0,1.0,1.0,1.0,0.5210332566028214,1.0,1.0,0.0,0.0,0.6003228926883817
4926,5b7d267fca157a9e6,True,,,,,,,,,,1.0,0.0,1.0,1.0,1.0,1.0,0.0,0.0,0.0,0.0
4927,09eeb5f6259309d1e,True,,,,,,,,,,1.0,1.0,1.0,1.0,0.4496510210079882,1.0,1.0,0.0,0.0,0.5780159440649963
4928,a2df1d2e1065e5f83,True,,,,,,,,,,1.0,1.0,1.0,1.0,0.1193313259991375,1.0,1.0,1.0,0.0,0.5997910393747304
4929,1087cd8acf5661e9c,True,,,,,,,,,,1.0,1.0,1.0,1.0,0.21348176932195065,1.0,0.0,0.0,0.0,0.3792130529131096
4930,bec064ed6d9582bcc,True,,,,,,,,,,1.0,1.0,1.0,1.0,0.3118267041961929,1.0,1.0,0.0,0.0,0.5349458450613103
4931,cf135fafcf0b8184d,True,,,,,,,,,,1.0,1.0,1.0,1.0,0.18887901971721305,1.0,0.0,0.0,0.0,0.3715246936616291
4932,1572e57c1e71e8774,True,,,,,,,,,,1.0,1.0,1.0,1.0,0.19735742907753714,1.0,1.0,1.0,1.0,0.7491741965867303
4933,227d0fa0ac82a6985,True,,,,,,,,,,1.0,1.0,1.0,1.0,0.22911148859437844,1.0,1.0,0.0,0.0,0.5090973401857433
4934,49bf9b39d6fc7eeb6,True,,,,,,,,,,1.0,1.0,1.0,1.0,0.009983227693766967,1.0,1.0,1.0,1.0,0.6906197586543021
4935,d4aaf5d6841ea2cad,True,,,,,,,,,,1.0,1.0,1.0,1.0,0.17389883584641713,1.0,0.0,1.0,0.0,0.49184338620200535
4936,6ad5915978b38db9e,True,,,,,,,,,,1.0,1.0,1.0,1.0,0.4680064836517314,1.0,0.0,1.0,0.0,0.5837520261411661
4937,33bdd00b087ff8b4e,True,,,,,,,,,,1.0,1.0,1.0,1.0,0.10515682067704131,1.0,1.0,1.0,0.0,0.5953615064615754
4938,3042cb349e2487756,True,,,,,,,,,,1.0,1.0,1.0,1.0,0.0034308000475081987,1.0,1.0,1.0,1.0,0.6885721250148463
4939,a387296016f95192a,True,,,,,,,,,,1.0,1.0,1.0,1.0,0.0,1.0,1.0,1.0,1.0,0.6875
4940,1a8b28cb69aa0366e,True,,,,,,,,,,1.0,0.0,1.0,1.0,1.0,1.0,0.0,1.0,0.0,0.0
4941,de6d8849e57d7258f,True,,,,,,,,,,1.0,1.0,1.0,1.0,0.20072554511676477,1.0,0.0,0.0,0.0,0.375226732848989
4942,3b57dcdd08ad03a39,True,,,,,,,,,,1.0,1.0,1.0,1.0,0.07509013140881841,1.0,1.0,1.0,1.0,0.7109656660652557
4943,4232b6ce6d0b377b8,True,,,,,,,,,,1.0,1.0,1.0,1.0,0.22199669297910865,1.0,1.0,1.0,1.0,0.7568739665559714
4944,e44f39d800c679960,True,,,,,,,,,,1.0,1.0,1.0,1.0,0.19278773143770245,1.0,1.0,0.0,0.0,0.497746166074282
4945,b94470389611028aa,True,,,,,,,,,,0.5,0.0,1.0,1.0,1.0,0.0,0.0,1.0,0.0,0.0
4946,cc675839235bef34d,True,,,,,,,,,,1.0,1.0,1.0,1.0,0.057460159977013425,1.0,1.0,0.0,0.0,0.45545629999281667
4947,eb251433c13f5a4f2,True,,,,,,,,,,1.0,0.0,1.0,1.0,1.0,1.0,0.0,1.0,0.0,0.0
4948,90b96d597a7a1dd74,True,,,,,,,,,,1.0,1.0,1.0,1.0,0.16334435652868165,1.0,1.0,1.0,0.0,0.6135451114152131
4949,14f7e3a226b0e16d8,True,,,,,,,,,,1.0,1.0,1.0,1.0,0.3053915662362678,1.0,1.0,0.0,0.0,0.5329348644488336
4950,3606310eace955ba8,True,,,,,,,,,,0.0,1.0,0.5,1.0,1.0,0.0,0.0,1.0,0.0,0.0
4951,7e3fd48eb2c70a68f,True,,,,,,,,,,1.0,1.0,1.0,1.0,0.12186607351085145,1.0,1.0,1.0,0.0,0.6005831479721411
4952,77bdbbf59381ce4d3,True,,,,,,,,,,1.0,1.0,1.0,1.0,0.0,1.0,0.0,1.0,1.0,0.5625
4953,be1d5bdbfc0e6edc2,True,,,,,,,,,,1.0,1.0,1.0,1.0,0.2198908406123253,1.0,0.0,0.0,0.0,0.3812158876913517
4954,213fb1c5f3fda924e,True,,,,,,,,,,1.0,1.0,0.5,1.0,0.43019362323130894,1.0,0.0,1.0,0.0,0.285967753629892
4955,5b2b7c5762e61f6b5,True,,,,,,,,,,1.0,1.0,1.0,1.0,1.0,1.0,1.0,1.0,0.0,0.875
4956,60b000943deffcfb1,True,,,,,,,,,,1.0,1.0,1.0,1.0,0.2587389471179514,1.0,0.0,0.0,0.0,0.3933559209743598
4957,4aabb029fe206ec39,True,,,,,,,,,,1.0,1.0,1.0,1.0,0.48923993619763667,1.0,1.0,0.0,0.0,0.5903874800617614
4958,57b584425e87975ce,True,,,,,,,,,,1.0,1.0,0.5,1.0,0.9380973640708259,1.0,0.0,1.0,0.0,0.36532771313606655
4959,0a7f7df8603204c57,True,,,,,,,,,,1.0,1.0,1.0,1.0,0.26839677720677085,1.0,1.0,0.0,0.0,0.5213739928771159
4960,6b8b063fa80fa480f,True,,,,,,,,,,1.0,1.0,1.0,1.0,0.2065876305413507,1.0,1.0,1.0,0.0,0.6270586345441721
4961,434058a9bff839494,True,,,,,,,,,,1.0,1.0,1.0,1.0,0.18027720598940783,1.0,0.0,1.0,0.0,0.49383662687168994
4962,7fd931e169ce1f227,True,,,,,,,,,,1.0,1.0,1.0,1.0,0.2187719444339784,1.0,0.0,0.0,0.0,0.38086623263561825
4963,4d43428f5f573b6b1,True,,,,,,,,,,1.0,0.0,1.0,1.0,0.25213298717164195,1.0,1.0,0.0,0.0,0.0
4964,3ada23a933f4d460c,True,,,,,,,,,,1.0,1.0,1.0,1.0,1.0,1.0,1.0,1.0,1.0,1.0
4965,db13e1f50a5d36df0,True,,,,,,,,,,1.0,1.0,1.0,1.0,0.22658938106551765,1.0,0.0,0.0,0.0,0.3833091815829743
4966,403463355af416781,True,,,,,,,,,,1.0,1.0,1.0,1.0,0.16575594187776685,1.0,0.0,1.0,0.0,0.48929873183680217
4967,4f2cdfaccb0f4bfac,True,,,,,,,,,,1.0,1.0,1.0,1.0,0.15401634879619705,1.0,0.0,1.0,0.0,0.4856301089988116
4968,2b91925294ab78999,True,,,,,,,,,,0.0,0.0,1.0,1.0,1.0,0.0,0.0,1.0,0.0,0.0
4969,0a16bdbfa64eeb441,True,,,,,,,,,,1.0,0.0,1.0,1.0,1.0,1.0,1.0,0.0,0.0,0.0
4970,36316a03f12a8e7f4,True,,,,,,,,,,1.0,0.0,0.5,1.0,1.0,1.0,1.0,0.0,0.0,0.0
4971,c4a089c490ce6eb9e,True,,,,,,,,,,1.0,1.0,1.0,1.0,1.0,1.0,1.0,0.0,0.0,0.75
4972,49f77b5c62d2c5787,True,,,,,,,,,,1.0,1.0,1.0,1.0,0.1046210396342277,1.0,1.0,1.0,0.0,0.5951940748856961
4973,7db120c56ed98be5a,True,,,,,,,,,,0.0,1.0,1.0,1.0,1.0,0.0,0.0,0.0,0.0,0.0
4974,6f23cf03f94e36b89,True,,,,,,,,,,1.0,1.0,1.0,1.0,0.12717373537426374,1.0,1.0,1.0,0.0,0.6022417923044574
4975,f9693c34fe2422ec2,True,,,,,,,,,,1.0,1.0,1.0,1.0,0.19818340951689858,1.0,1.0,1.0,0.0,0.6244323154740308
4976,a4512ee0b8d11026d,True,,,,,,,,,,1.0,1.0,1.0,1.0,0.14702848979324631,1.0,1.0,1.0,0.0,0.6084464030603896
4977,7124ea8593f4c9b14,True,,,,,,,,,,1.0,1.0,1.0,1.0,1.0,1.0,1.0,1.0,0.0,0.875
4978,7e640664f4c19d17e,True,,,,,,,,,,1.0,1.0,1.0,1.0,1.0,1.0,0.0,1.0,1.0,0.875
4979,1291da52f5c1dfbde,True,,,,,,,,,,1.0,1.0,1.0,1.0,0.0003849966796674211,1.0,0.0,1.0,1.0,0.562620311462396
4980,42e2e548a93490d54,True,,,,,,,,,,1.0,1.0,1.0,1.0,0.37424040665901115,1.0,1.0,1.0,0.0,0.679450127080941
4981,ffa118247f83dcacd,True,,,,,,,,,,1.0,1.0,1.0,1.0,0.0,1.0,1.0,1.0,1.0,0.6875
4982,4850e4897804c7f1a,True,,,,,,,,,,1.0,1.0,1.0,1.0,0.20703804940553092,1.0,0.0,0.0,0.0,0.3771993904392284
4983,933ba8311a18f9035,True,,,,,,,,,,1.0,1.0,1.0,1.0,0.17929388082423903,1.0,0.0,1.0,0.0,0.4935293377575747
4984,618e08d8da0ee9129,True,,,,,,,,,,1.0,1.0,1.0,1.0,1.0,1.0,1.0,1.0,0.0,0.875
4985,d1e49d53c8a87357c,True,,,,,,,,,,1.0,1.0,1.0,1.0,1.0,1.0,0.0,1.0,0.0,0.75
4986,9778c919f63adf7c6,True,,,,,,,,,,1.0,1.0,1.0,1.0,0.17283531736103838,1.0,0.0,1.0,0.0,0.4915110366753245
4987,fb487048e0748febd,True,,,,,,,,,,1.0,1.0,1.0,1.0,0.3907527412430913,1.0,0.0,1.0,0.0,0.559610231638466
4988,8f53dde363962b143,True,,,,,,,,,,1.0,1.0,1.0,1.0,0.16583595074498378,1.0,0.0,1.0,0.0,0.4893237346078074
4989,b6d61abe346b88db3,True,,,,,,,,,,1.0,1.0,1.0,1.0,0.01698153448779771,1.0,1.0,1.0,1.0,0.6928067295274367
4990,d259b8e83d8d206fe,True,,,,,,,,,,1.0,1.0,1.0,1.0,0.33674704108349224,1.0,0.0,0.0,0.0,0.41773345033859133
4991,c9ec6104d455f3e47,True,,,,,,,,,,0.0,0.0,0.5,1.0,1.0,0.0,0.0,0.0,0.0,0.0
4992,a9d7dd368b96f5f2d,True,,,,,,,,,,1.0,1.0,1.0,1.0,1.0,1.0,1.0,1.0,1.0,1.0
4993,99775d29ec2361de1,True,,,,,,,,,,1.0,0.0,1.0,1.0,0.22933857891147713,1.0,1.0,1.0,1.0,0.0
4994,1d5e8b5ded8ee3baf,True,,,,,,,,,,1.0,1.0,1.0,1.0,0.23042782857667513,1.0,1.0,0.0,0.0,0.5095086964302109
4995,dcc637b763e600173,True,,,,,,,,,,1.0,0.0,1.0,1.0,0.18726956153355984,1.0,0.0,0.0,0.0,0.0
4996,1101b454c3a1637f1,True,,,,,,,,,,1.0,1.0,1.0,1.0,0.1401794800434327,1.0,0.0,1.0,0.0,0.48130608751357273
4997,ea7e06440b39909f9,True,,,,,,,,,,1.0,1.0,1.0,1.0,0.23615045418411493,1.0,1.0,1.0,0.0,0.6362970169325359
4998,102c820549ded1872,True,,,,,,,,,,1.0,1.0,0.5,1.0,0.9209819763168019,1.0,0.0,1.0,0.0,0.3626534337995003
4999,143c4941004472287,True,,,,,,,,,,1.0,1.0,1.0,1.0,1.0,1.0,0.0,0.0,0.0,0.625
5000,37c49a3e38b6b7781,True,,,,,,,,,,0.0,1.0,1.0,1.0,0.18867566668952063,0.0,1.0,1.0,0.0,0.0
5001,e125fce6404cad012,True,,,,,,,,,,1.0,1.0,1.0,1.0,0.0,1.0,1.0,1.0,1.0,0.6875
5002,96bc4ac7fb23e9119,True,,,,,,,,,,1.0,1.0,1.0,1.0,0.22100201201382125,1.0,1.0,0.0,0.0,0.5065631287543191
5003,a0b761c6ddf3b5b92,True,,,,,,,,,,1.0,1.0,1.0,1.0,0.1572334191618136,1.0,0.0,1.0,0.0,0.48663544348806675
5004,a4e2233cf54403d43,True,,,,,,,,,,1.0,1.0,1.0,1.0,0.0,1.0,1.0,1.0,1.0,0.6875
5005,59ea6f742dc62b430,True,,,,,,,,,,1.0,0.0,1.0,1.0,0.20095938186912266,1.0,1.0,0.0,0.0,0.0
5006,8ace3a7104057a34a,True,,,,,,,,,,1.0,1.0,0.5,1.0,1.0,1.0,0.0,1.0,0.0,0.375
5007,99fca017c572f5bc8,True,,,,,,,,,,1.0,1.0,1.0,1.0,0.21394784178881399,1.0,0.0,0.0,0.0,0.37935870055900434
5008,063ea0d49748630a5,True,,,,,,,,,,1.0,1.0,1.0,1.0,0.10921618862512338,1.0,1.0,1.0,0.0,0.596630058945351
5009,2fd5a616331094ce1,True,,,,,,,,,,1.0,0.0,1.0,1.0,1.0,1.0,0.0,1.0,1.0,0.0
5010,9e2bf4fef7c5a70f5,True,,,,,,,,,,1.0,1.0,1.0,1.0,0.3209898902363009,1.0,0.0,1.0,0.0,0.537809340698844
5011,118825fc5cd99a244,True,,,,,,,,,,1.0,1.0,1.0,1.0,0.15862483129902233,1.0,0.0,1.0,0.0,0.4870702597809445
5012,5bd97408b667dca22,True,,,,,,,,,,1.0,1.0,1.0,1.0,0.30538873192177984,1.0,0.0,0.0,0.0,0.4079339787255562
5013,0cbcae8358528cd55,True,,,,,,,,,,1.0,0.0,1.0,1.0,0.3214616606883223,1.0,0.0,0.0,0.0,0.0
5014,b4804c80431225e41,True,,,,,,,,,,1.0,1.0,1.0,1.0,1.0,1.0,1.0,1.0,0.0,0.875
5015,b2a29ceff702c11c1,True,,,,,,,,,,1.0,1.0,1.0,1.0,0.1864944205952728,1.0,0.0,1.0,0.0,0.49577950643602275
5016,bf39b618ccc33f36a,True,,,,,,,,,,1.0,1.0,1.0,1.0,0.37214423785324097,1.0,0.0,1.0,0.0,0.5537950743291378
5017,b5d11a125c8146f58,True,,,,,,,,,,1.0,1.0,1.0,1.0,0.21804664678827365,1.0,0.0,1.0,0.0,0.5056395771213356
5018,ee893ffe397bbd4fb,True,,,,,,,,,,0.5,0.0,1.0,1.0,1.0,0.0,1.0,1.0,1.0,0.0
5019,8381bad892c31cd51,True,,,,,,,,,,0.5,0.0,0.0,1.0,1.0,0.0,0.0,0.0,0.0,0.0
5020,fbdc714c905b7409f,True,,,,,,,,,,1.0,1.0,1.0,1.0,0.15076551211972133,1.0,0.0,1.0,0.0,0.48461422253741293
5021,1c5915479f9d88e87,True,,,,,,,,,,1.0,0.0,1.0,1.0,0.254136607194178,1.0,0.0,1.0,0.0,0.0
5022,91eb99dcb70ea628c,True,,,,,,,,,,1.0,0.0,0.5,1.0,1.0,1.0,0.0,0.0,0.0,0.0
5023,5906874d0d863e9c0,True,,,,,,,,,,1.0,1.0,1.0,1.0,0.2188101670800861,1.0,1.0,0.0,0.0,0.5058781772125269
5024,215d99206d864850d,True,,,,,,,,,,1.0,1.0,0.5,1.0,0.22583201939248124,1.0,0.0,0.0,0.0,0.1915362530300752
5025,1fa4a4d07117f21ba,True,,,,,,,,,,1.0,1.0,1.0,1.0,0.21592547614302351,1.0,0.0,0.0,0.0,0.37997671129469485
5026,43eb9502a0d70fcea,True,,,,,,,,,,1.0,1.0,1.0,1.0,0.000379122991917396,1.0,1.0,1.0,1.0,0.6876184759349742
5027,2732f280ebb7e46da,True,,,,,,,,,,1.0,1.0,1.0,1.0,0.0263409315130518,1.0,0.0,1.0,1.0,0.5707315410978286
5028,2b5b15e806903df0c,True,,,,,,,,,,1.0,1.0,1.0,1.0,0.0,1.0,1.0,1.0,1.0,0.6875
5029,1d7b812f26f914c71,True,,,,,,,,,,1.0,0.0,1.0,1.0,0.27403911018858407,1.0,1.0,0.0,0.0,0.0
5030,666a09df2cf7b4568,True,,,,,,,,,,1.0,1.0,0.5,1.0,0.2787657571266365,1.0,0.0,0.0,0.0,0.19980714955103696
5031,5811614378e2be311,True,,,,,,,,,,1.0,0.0,1.0,1.0,0.5199941954388124,1.0,0.0,0.0,0.0,0.0
5032,c40981d1d4e696de2,True,,,,,,,,,,1.0,1.0,1.0,1.0,0.12940674336464555,1.0,1.0,1.0,0.0,0.6029396073014517
5033,fd2d0d2c37b2df3a5,True,,,,,,,,,,1.0,1.0,1.0,1.0,1.0,1.0,0.0,0.0,0.0,0.625
5034,5d7c10a16ad487174,True,,,,,,,,,,1.0,1.0,1.0,1.0,1.0,1.0,0.0,1.0,0.0,0.75
5035,4d27e0875d79e55cb,True,,,,,,,,,,1.0,1.0,1.0,1.0,0.03456431688313121,1.0,1.0,1.0,1.0,0.6983013490259785
5036,77174c66f10b6d7f9,True,,,,,,,,,,1.0,1.0,1.0,1.0,0.11837200235395645,1.0,1.0,1.0,0.0,0.5994912507356114
5037,198d109d392dbc280,True,,,,,,,,,,1.0,0.0,1.0,1.0,1.0,1.0,0.0,1.0,0.0,0.0
5038,d3fa0f358c6066f70,True,,,,,,,,,,1.0,1.0,1.0,1.0,0.14644952703072217,1.0,1.0,1.0,0.0,0.6082654771971007
5039,50119f57063995e29,True,,,,,,,,,,1.0,1.0,1.0,1.0,1.0,0.0,1.0,0.0,0.0,0.4375
5040,6f0c6f5848fccc5d0,True,,,,,,,,,,1.0,0.0,1.0,1.0,0.1993011577829158,1.0,1.0,1.0,0.0,0.0
5041,d913eb830099d4dfe,True,,,,,,,,,,1.0,1.0,1.0,1.0,1.0,1.0,0.0,1.0,1.0,0.875
5042,aee8a0b219134ae2b,True,,,,,,,,,,1.0,1.0,1.0,1.0,0.21469757574005938,1.0,0.0,0.0,0.0,0.37959299241876854
5043,e1787c2ae57c993f3,True,,,,,,,,,,1.0,1.0,1.0,1.0,0.13780691870841277,1.0,0.0,1.0,0.0,0.480564662096379
5044,70fc0f58fc8579539,True,,,,,,,,,,1.0,1.0,1.0,1.0,0.3596692934915216,1.0,0.0,1.0,0.0,0.5498966542161006
5045,52d06afe759842b4a,True,,,,,,,,,,1.0,0.0,1.0,1.0,1.0,1.0,0.0,1.0,0.0,0.0
5046,f3e7c306d8f0e2898,True,,,,,,,,,,1.0,1.0,0.5,1.0,1.0,1.0,0.0,1.0,0.0,0.375
5047,ab136507f882d8c94,True,,,,,,,,,,1.0,0.0,1.0,1.0,1.0,1.0,0.0,0.0,0.0,0.0
5048,960134e598a1cc28b,True,,,,,,,,,,1.0,1.0,0.5,1.0,0.5004685223655986,1.0,0.0,1.0,0.0,0.2969482066196248
5049,e19863cd98bd2677b,True,,,,,,,,,,1.0,1.0,1.0,1.0,0.12121090348113432,1.0,1.0,1.0,1.0,0.7253784073378544
5050,60849e221db8f770d,True,,,,,,,,,,1.0,1.0,1.0,1.0,1.0,1.0,1.0,1.0,1.0,1.0
5051,dcb9f36fff6b09354,True,,,,,,,,,,1.0,1.0,1.0,1.0,0.2458325235358522,1.0,0.0,0.0,0.0,0.3893226636049538
5052,a73bc7fee06a21930,True,,,,,,,,,,1.0,1.0,0.5,1.0,0.7108089057638255,1.0,0.0,0.0,0.0,0.2673138915255977
5053,1b09ba4c4fe0b53e9,True,,,,,,,,,,1.0,1.0,0.5,1.0,0.8228373548036669,1.0,0.0,0.0,0.0,0.284818336688073
5054,a5a4330ec613db5a3,True,,,,,,,,,,0.0,1.0,1.0,1.0,1.0,0.0,1.0,0.0,0.0,0.0
5055,395c08bc6114b0b9e,True,,,,,,,,,,1.0,1.0,1.0,1.0,0.15084894633225845,1.0,1.0,1.0,0.0,0.6096402957288307
5056,99843a353c9918cfd,True,,,,,,,,,,1.0,1.0,1.0,1.0,0.17558852157690832,1.0,1.0,1.0,0.0,0.6173714129927839
5057,e260f18e09079fc0a,True,,,,,,,,,,1.0,1.0,1.0,1.0,0.11099025956584715,1.0,1.0,1.0,0.0,0.5971844561143272
5058,eab8a152f7ae593ae,True,,,,,,,,,,1.0,1.0,0.5,1.0,0.7735738582131635,1.0,0.0,1.0,0.0,0.3396209153458068
5059,10934089f8b5ef276,True,,,,,,,,,,1.0,1.0,1.0,1.0,0.06219794311326167,1.0,0.0,1.0,1.0,0.5819368572228942
5060,e3b56ed4a85f713c8,True,,,,,,,,,,0.0,1.0,1.0,1.0,1.0,0.0,1.0,1.0,0.0,0.0
5061,ccb673fb277fc767d,True,,,,,,,,,,1.0,1.0,1.0,1.0,1.0,1.0,1.0,1.0,1.0,1.0
5062,069407bff74cbde70,True,,,,,,,,,,1.0,1.0,1.0,1.0,0.10257563234701857,1.0,1.0,1.0,1.0,0.7195548851084432
5063,dbdd9c6b89f613fdf,True,,,,,,,,,,1.0,0.0,1.0,1.0,1.0,1.0,1.0,1.0,0.0,0.0
5064,10c72d595566b545a,True,,,,,,,,,,1.0,1.0,1.0,1.0,0.5201743281004412,1.0,1.0,0.0,0.0,0.6000544775313879
5065,14afd0e1ef0d94d4d,True,,,,,,,,,,1.0,1.0,1.0,1.0,0.2545939173071591,1.0,1.0,1.0,0.0,0.6420605991584872
5066,129e42105cbb4c354,True,,,,,,,,,,1.0,1.0,1.0,1.0,0.11485000307656103,1.0,1.0,1.0,0.0,0.5983906259614253
5067,92bb9ea2567e28fca,True,,,,,,,,,,1.0,1.0,1.0,1.0,0.22786137657406036,1.0,1.0,1.0,0.0,0.6337066801793938
5068,030798975779630c4,True,,,,,,,,,,1.0,1.0,1.0,1.0,0.42029900399692377,1.0,0.0,0.0,0.0,0.44384343874903864
5069,3cd41195f5d27a4f7,True,,,,,,,,,,1.0,1.0,1.0,1.0,0.07949872470175827,1.0,1.0,1.0,1.0,0.7123433514692994
5070,61bca41b2089dee0b,True,,,,,,,,,,1.0,1.0,1.0,1.0,0.05804264262849734,1.0,1.0,1.0,1.0,0.7056383258214054
5071,a557acb1f1d4211d2,True,,,,,,,,,,1.0,1.0,1.0,1.0,0.20138847455383171,1.0,0.0,0.0,0.0,0.3754338982980724
5072,0fda3e9ba0b83c4b2,True,,,,,,,,,,1.0,0.0,0.5,1.0,1.0,1.0,0.0,0.0,0.0,0.0
5073,d84d05e0468db43cc,True,,,,,,,,,,1.0,1.0,0.5,1.0,0.4360646634499931,1.0,0.0,0.0,0.0,0.22438510366406142
5074,fd59576ebdf2661ee,True,,,,,,,,,,1.0,1.0,1.0,1.0,0.11648740211387323,1.0,0.0,1.0,0.0,0.4739023131605854
5075,2c12490b19101760e,True,,,,,,,,,,1.0,1.0,1.0,1.0,0.11946212156489903,1.0,1.0,1.0,0.0,0.5998319129890309
5076,35cbd378e962248ad,True,,,,,,,,,,1.0,1.0,1.0,1.0,1.0,1.0,0.0,0.0,0.0,0.625
5077,213be589c1849a8ad,True,,,,,,,,,,1.0,0.0,1.0,1.0,1.0,1.0,1.0,1.0,0.0,0.0
5078,2df81c34dac0b3f5c,True,,,,,,,,,,1.0,1.0,1.0,1.0,0.18598143911824208,1.0,1.0,1.0,0.0,0.6206191997244507
5079,66cd8a056ef3dbdd3,True,,,,,,,,,,1.0,1.0,1.0,1.0,0.09696506871332786,1.0,1.0,1.0,1.0,0.7178015839729149
5080,b3b9360d8f660b634,True,,,,,,,,,,1.0,0.0,1.0,1.0,1.0,1.0,1.0,0.0,0.0,0.0
5081,729e2b3a6ce97a377,True,,,,,,,,,,1.0,1.0,1.0,1.0,0.22241854425665022,1.0,1.0,0.0,0.0,0.5070057950802032
5082,b0fd56183680b68ae,True,,,,,,,,,,1.0,0.0,1.0,1.0,0.40235843170947805,1.0,0.0,0.0,0.0,0.0
5083,b840603cdbc809965,True,,,,,,,,,,1.0,1.0,0.5,1.0,0.41101729833771966,1.0,0.0,0.0,0.0,0.2204714528652687
5084,ae63fbc91467ac137,True,,,,,,,,,,1.0,1.0,1.0,1.0,1.0,1.0,1.0,1.0,1.0,1.0
5085,e5c6c91f1d3892636,True,,,,,,,,,,1.0,1.0,1.0,1.0,0.0,1.0,1.0,1.0,1.0,0.6875
5086,b5ee33c961aed53c5,True,,,,,,,,,,1.0,1.0,0.5,1.0,0.23250539698193687,1.0,0.0,0.0,0.0,0.19257896827842763
5087,f5ac498d3e649455a,True,,,,,,,,,,1.0,1.0,0.5,1.0,0.42486884270648845,1.0,0.0,1.0,0.0,0.2851357566728888
5088,0947aa4445fd336d1,True,,,,,,,,,,1.0,1.0,1.0,1.0,0.22754511561748741,1.0,1.0,1.0,0.0,0.6336078486304648
5089,33d8d746c34cd7fc0,True,,,,,,,,,,1.0,1.0,1.0,1.0,0.0,0.0,1.0,1.0,1.0,0.375
5090,e5f62e45611621e50,True,,,,,,,,,,1.0,1.0,1.0,1.0,1.0,1.0,1.0,1.0,0.0,0.875
5091,8c353bfb7146d30cd,True,,,,,,,,,,1.0,1.0,1.0,1.0,0.19183641408212485,1.0,1.0,1.0,0.0,0.622448879400664
5092,874ca7613e4fb30ba,True,,,,,,,,,,1.0,1.0,1.0,1.0,0.3000873041618906,1.0,1.0,1.0,0.0,0.6562772825505908
5093,36c3a5d31d406a1c2,True,,,,,,,,,,1.0,1.0,1.0,1.0,0.0771134844905661,1.0,1.0,1.0,1.0,0.7115979639033019
5094,b66b0513b3b0cf5c4,True,,,,,,,,,,1.0,1.0,1.0,1.0,0.3022439451143025,1.0,0.0,0.0,0.0,0.40695123284821955
5095,9d4b20553cbf06af4,True,,,,,,,,,,1.0,1.0,1.0,1.0,0.15893348856906475,1.0,1.0,1.0,0.0,0.6121667151778327
5096,df1a0f92cba6a82a6,True,,,,,,,,,,1.0,1.0,1.0,1.0,0.13134636727040885,1.0,1.0,1.0,0.0,0.6035457397720028
5097,2a756bf014216177b,True,,,,,,,,,,1.0,1.0,1.0,1.0,0.1618632498381921,1.0,0.0,1.0,0.0,0.488082265574435
5098,b06abb0b6477b1473,True,,,,,,,,,,1.0,0.0,1.0,1.0,0.33546993533261676,1.0,1.0,0.0,0.0,0.0
5099,19d1ed57ca3224e24,True,,,,,,,,,,0.0,0.0,1.0,1.0,1.0,0.0,0.0,0.0,0.0,0.0
5100,412fcdb7f8f144443,True,,,,,,,,,,1.0,1.0,1.0,1.0,1.0,1.0,1.0,1.0,1.0,1.0
5101,a3ef9e8575b866d50,True,,,,,,,,,,1.0,1.0,1.0,1.0,1.0,1.0,1.0,1.0,0.0,0.875
5102,1a5fb4f0990893f71,True,,,,,,,,,,1.0,1.0,1.0,1.0,0.3611701061687657,1.0,1.0,0.0,0.0,0.5503656581777393
5103,704a2b5191f2e8c04,True,,,,,,,,,,1.0,1.0,1.0,1.0,0.16514443588608319,1.0,0.0,1.0,0.0,0.489107636214401
5104,c1971860f95cbc9ac,True,,,,,,,,,,1.0,1.0,1.0,1.0,0.13648097351865218,1.0,0.0,1.0,0.0,0.4801503042245788
5105,966546464755fdfad,True,,,,,,,,,,1.0,1.0,1.0,1.0,0.1509678394607099,1.0,1.0,1.0,0.0,0.6096774498314719
5106,3c8afefbaf08142c1,True,,,,,,,,,,1.0,0.0,1.0,1.0,0.3290090014225286,1.0,0.0,0.0,0.0,0.0
5107,918fb02f94c16537d,True,,,,,,,,,,1.0,1.0,1.0,1.0,0.15789332679190463,1.0,1.0,1.0,0.0,0.6118416646224702
5108,9f30b4f8547cd991f,True,,,,,,,,,,0.0,1.0,1.0,0.0,1.0,0.0,0.0,0.0,0.0,0.0
5109,f93b7461f7882ff58,True,,,,,,,,,,1.0,1.0,1.0,1.0,0.12293060319716191,1.0,1.0,1.0,0.0,0.600915813499113
5110,dc335a90fc3e97ef3,True,,,,,,,,,,1.0,1.0,1.0,1.0,0.20455658043659805,1.0,1.0,1.0,0.0,0.6264239313864368
5111,396a1f73f2332bb19,True,,,,,,,,,,1.0,1.0,1.0,1.0,0.19684495852227404,1.0,1.0,0.0,0.0,0.49901404953821066
5112,4fe667077cf665671,True,,,,,,,,,,1.0,1.0,1.0,1.0,0.33151372691310615,1.0,0.0,0.0,0.0,0.41609803966034564
5113,d79599d25c9842625,True,,,,,,,,,,1.0,1.0,1.0,1.0,0.10708689442108098,1.0,0.0,0.0,0.0,0.3459646545065878
5114,22e34699b1bc71621,True,,,,,,,,,,1.0,1.0,1.0,1.0,0.0928655209712661,1.0,0.0,1.0,0.0,0.46652047530352064
5115,d917882ea2d51f02c,True,,,,,,,,,,1.0,1.0,1.0,1.0,0.1341601354970114,1.0,0.0,1.0,0.0,0.4794250423428161
5116,f1e68724beef04f5c,True,,,,,,,,,,1.0,1.0,1.0,1.0,0.12752197397361087,1.0,0.0,0.0,0.0,0.3523506168667534
5117,5e2acee998e20682e,True,,,,,,,,,,1.0,0.0,1.0,1.0,1.0,1.0,1.0,1.0,0.0,0.0
5118,07ec0b134ef32ae77,True,,,,,,,,,,1.0,1.0,1.0,1.0,0.25906144745498383,1.0,1.0,0.0,0.0,0.5184567023296824
5119,fafc51e87167a3031,True,,,,,,,,,,1.0,1.0,1.0,1.0,0.27185267315314426,1.0,1.0,0.0,0.0,0.5224539603603575
5120,0409a56c40aabf66c,True,,,,,,,,,,1.0,1.0,1.0,1.0,0.0,1.0,0.0,1.0,1.0,0.5625
5121,bd4e6cf360c4e8c49,True,,,,,,,,,,1.0,1.0,1.0,1.0,0.2171604533547696,1.0,1.0,0.0,0.0,0.5053626416733655
5122,6787e9f15b62de1b8,True,,,,,,,,,,1.0,1.0,1.0,1.0,1.0,1.0,1.0,1.0,0.0,0.875
5123,da19f3b30489b58f8,True,,,,,,,,,,0.0,1.0,1.0,1.0,1.0,0.0,1.0,0.0,0.0,0.0
5124,8995bd04ab8959f6a,True,,,,,,,,,,1.0,0.0,1.0,1.0,1.0,1.0,1.0,0.0,0.0,0.0
5125,6ccefb14640c0647d,True,,,,,,,,,,1.0,1.0,1.0,1.0,0.22067760154220256,1.0,0.0,1.0,0.0,0.5064617504819383
5126,1b3141d6d2c2b651a,True,,,,,,,,,,1.0,1.0,1.0,1.0,0.0,1.0,1.0,1.0,1.0,0.6875
5127,37744feedc918aa7b,True,,,,,,,,,,0.5,1.0,1.0,1.0,1.0,0.0,1.0,1.0,0.0,0.28125
5128,439df93c525a5e285,True,,,,,,,,,,1.0,1.0,1.0,1.0,1.0,1.0,1.0,1.0,1.0,1.0
5129,89267c56db23f89c7,True,,,,,,,,,,1.0,1.0,1.0,1.0,0.20667604873947323,1.0,0.0,0.0,0.0,0.3770862652310854
5130,94b6ffabace38c36f,True,,,,,,,,,,1.0,1.0,1.0,1.0,0.05189001861732198,1.0,0.0,1.0,1.0,0.5787156308179131
5131,c07fcc57d1a2e1388,True,,,,,,,,,,1.0,1.0,1.0,1.0,0.13729671518685996,1.0,1.0,1.0,0.0,0.6054052234958938
5132,ab729d3e912f125a5,True,,,,,,,,,,1.0,1.0,1.0,1.0,1.0,1.0,0.0,1.0,1.0,0.875
5133,49e16e57b4df60ee3,True,,,,,,,,,,1.0,1.0,1.0,1.0,0.18547255089142325,1.0,0.0,1.0,0.0,0.49546017215356974
5134,cdc8eba66ee1c79b4,True,,,,,,,,,,1.0,1.0,1.0,1.0,1.0,1.0,1.0,1.0,1.0,1.0
5135,767b060ded3878908,True,,,,,,,,,,1.0,0.0,1.0,1.0,0.2630959222403725,1.0,0.0,0.0,0.0,0.0
5136,fbaef0dd45ccf2413,True,,,,,,,,,,1.0,1.0,1.0,1.0,0.18971647390855925,1.0,0.0,1.0,0.0,0.4967863980964248
5137,30efc6f9cfe338bb8,True,,,,,,,,,,1.0,0.0,1.0,1.0,1.0,1.0,1.0,0.0,0.0,0.0
5138,acd2363307018e31e,True,,,,,,,,,,1.0,1.0,1.0,1.0,1.0,1.0,0.0,1.0,0.0,0.75
5139,d66bc12e93857dd9a,True,,,,,,,,,,1.0,1.0,1.0,1.0,0.02996685910864333,1.0,1.0,1.0,1.0,0.696864643471451
5140,c2e48998f58fcf229,True,,,,,,,,,,1.0,1.0,1.0,1.0,0.14984946981056818,1.0,1.0,1.0,0.0,0.6093279593158025
5141,4aa85cd3f686e016d,True,,,,,,,,,,1.0,1.0,1.0,1.0,0.048732402821040244,1.0,0.0,1.0,1.0,0.5777288758815751
5142,875f6c89666fde397,True,,,,,,,,,,1.0,1.0,1.0,1.0,0.4555202182193379,1.0,1.0,1.0,0.0,0.7048500681935431
5143,db5a03e690d9afcdb,True,,,,,,,,,,1.0,1.0,1.0,1.0,0.23229909776124155,1.0,0.0,1.0,0.0,0.5100934680503879
5144,36fe5d9f407c60a58,True,,,,,,,,,,1.0,1.0,1.0,1.0,0.11015401603224098,1.0,1.0,1.0,0.0,0.5969231300100752
5145,9450ae84450a77fc4,True,,,,,,,,,,1.0,1.0,1.0,1.0,0.19904462440382029,1.0,0.0,1.0,0.0,0.49970144512619386
5146,c30bd4dc602d95119,True,,,,,,,,,,1.0,1.0,1.0,1.0,0.16698927946220568,1.0,1.0,1.0,0.0,0.6146841498319393
5147,5504db91fe0808550,True,,,,,,,,,,1.0,1.0,1.0,1.0,0.203557145420058,1.0,0.0,0.0,0.0,0.37611160794376813
5148,9e268b454b8ca07a1,True,,,,,,,,,,1.0,1.0,1.0,1.0,0.18773001801217037,1.0,1.0,1.0,0.0,0.6211656306288033
5149,43759bd8769ab0e07,True,,,,,,,,,,1.0,1.0,1.0,1.0,1.0,1.0,1.0,1.0,1.0,1.0
5150,986788851f212ec8c,True,,,,,,,,,,1.0,1.0,1.0,1.0,0.18334925549049905,1.0,1.0,1.0,0.0,0.619796642340781
5151,7e63683bda8a632ba,True,,,,,,,,,,1.0,1.0,1.0,1.0,0.048882257168827464,1.0,1.0,1.0,1.0,0.7027757053652586
5152,63e4138abce599b86,True,,,,,,,,,,1.0,0.0,1.0,1.0,0.2694149793950522,1.0,0.0,0.0,0.0,0.0
5153,887a22206566761ea,True,,,,,,,,,,1.0,1.0,1.0,1.0,0.11580703254320009,1.0,1.0,1.0,1.0,0.72368969766975
5154,e774d1b87b07638c4,True,,,,,,,,,,1.0,1.0,1.0,1.0,0.36698361633140203,1.0,1.0,0.0,0.0,0.5521823801035631
5155,1048c5ca4a09af32d,True,,,,,,,,,,1.0,1.0,1.0,1.0,0.21148657761295445,1.0,0.0,1.0,0.0,0.5035895555040483
5156,aad606c2d4cfea9a1,True,,,,,,,,,,1.0,0.0,1.0,1.0,0.21416490707362348,1.0,0.0,0.0,0.0,0.0
5157,b7b9067126836af21,True,,,,,,,,,,0.0,1.0,1.0,1.0,1.0,0.0,1.0,1.0,0.0,0.0
5158,ef863110f1ea79566,True,,,,,,,,,,1.0,1.0,1.0,1.0,0.35369211116867383,0.0,0.0,0.0,0.0,0.11052878474021058
5159,58529df281ddba3bc,True,,,,,,,,,,1.0,1.0,1.0,1.0,0.07803439759106429,1.0,1.0,1.0,1.0,0.7118857492472076
5160,36c78e1f966d78d1b,True,,,,,,,,,,1.0,1.0,1.0,1.0,0.05226484315334821,1.0,1.0,1.0,1.0,0.7038327634854213
5161,ce907a202ee6095c1,True,,,,,,,,,,1.0,1.0,1.0,1.0,0.1368498230118232,1.0,1.0,1.0,0.0,0.6052655696911947
5162,9c691b673576a2299,True,,,,,,,,,,1.0,1.0,1.0,1.0,0.0,1.0,1.0,1.0,1.0,0.6875
5163,d919319074b4ecfbf,True,,,,,,,,,,1.0,0.0,1.0,1.0,1.0,1.0,0.0,0.0,0.0,0.0
5164,19c21fee65a87c2d8,True,,,,,,,,,,1.0,1.0,1.0,1.0,0.1726470508401219,1.0,1.0,1.0,0.0,0.6164522033875381
5165,e612d86c9121fd77b,True,,,,,,,,,,1.0,1.0,1.0,1.0,0.41125423603803163,1.0,0.0,0.0,0.0,0.4410169487618849
5166,9002fdd0eaf7d6a7a,True,,,,,,,,,,1.0,1.0,1.0,1.0,1.0,1.0,1.0,1.0,1.0,1.0
5167,2a2396b5db7435a5e,True,,,,,,,,,,1.0,1.0,0.5,1.0,0.24481107729900123,1.0,0.0,0.0,0.0,0.19450173082796895
5168,3108d12aec681dcb0,True,,,,,,,,,,1.0,1.0,1.0,1.0,0.07927453730600596,1.0,0.0,1.0,1.0,0.5872732929081268
5169,45cfb7971f2d2c984,True,,,,,,,,,,1.0,1.0,1.0,1.0,0.21619506619123727,1.0,0.0,0.0,0.0,0.38006095818476165
5170,77591ae74db6e241c,True,,,,,,,,,,1.0,1.0,1.0,1.0,1.0,1.0,1.0,1.0,1.0,1.0
5171,829b5dca21edece70,True,,,,,,,,,,1.0,1.0,1.0,1.0,0.13536271804276487,1.0,0.0,1.0,1.0,0.6048008493883641
5172,2292f65aeeb91446d,True,,,,,,,,,,1.0,0.0,1.0,1.0,0.15771801771504101,1.0,1.0,1.0,0.0,0.0
5173,970116f72225f9d8b,True,,,,,,,,,,1.0,1.0,1.0,1.0,0.18595235388642944,1.0,0.0,1.0,0.0,0.4956101105895092
5174,a2578379ff901794e,True,,,,,,,,,,1.0,1.0,1.0,1.0,0.6137462042910787,1.0,1.0,1.0,0.0,0.7542956888409621
5175,e691defa66927f173,True,,,,,,,,,,1.0,1.0,1.0,1.0,0.13139257130972706,1.0,0.0,1.0,0.0,0.4785601785342897
5176,5dd439bda5bf2a988,True,,,,,,,,,,1.0,1.0,1.0,1.0,0.2921954758957435,1.0,1.0,1.0,0.0,0.6538110862174198
5177,8567f7439d7a4586e,True,,,,,,,,,,1.0,1.0,1.0,1.0,1.0,1.0,1.0,1.0,0.0,0.875
5178,881878cfae4ce9953,True,,,,,,,,,,1.0,1.0,1.0,1.0,0.19491925403663835,1.0,1.0,1.0,0.0,0.6234122668864495
5179,dc76f297f95b90094,True,,,,,,,,,,1.0,1.0,0.5,1.0,0.23512812806097827,1.0,0.0,0.0,0.0,0.19298877000952785
5180,4e61e52835cb5d3ef,True,,,,,,,,,,1.0,1.0,1.0,1.0,0.17547043656956335,1.0,1.0,1.0,0.0,0.6173345114279886
5181,8e653e8d9b170a7dd,True,,,,,,,,,,1.0,1.0,1.0,1.0,0.27578637641450787,1.0,0.0,0.0,0.0,0.3986832426295337
5182,43f9b9de05ede6a4d,True,,,,,,,,,,1.0,1.0,1.0,1.0,0.17451325712354113,1.0,1.0,1.0,0.0,0.6170353928511065
5183,a9b1d16817d446b6e,True,,,,,,,,,,1.0,1.0,1.0,1.0,0.22318496414694833,1.0,0.0,0.0,0.0,0.3822453012959214
5184,0dd2f5f325ca3c02e,True,,,,,,,,,,1.0,1.0,1.0,1.0,0.0,1.0,1.0,1.0,1.0,0.6875
5185,aa2d7b83ea2052e20,True,,,,,,,,,,1.0,1.0,1.0,1.0,0.23433563599320945,1.0,1.0,0.0,0.0,0.510729886247878
5186,79f1db0434b2c4330,True,,,,,,,,,,1.0,1.0,0.5,1.0,0.23826545900836174,1.0,0.0,0.0,0.0,0.19347897797005653
5187,3ba190ee6bf34b836,True,,,,,,,,,,1.0,1.0,1.0,1.0,1.0,1.0,0.0,1.0,1.0,0.875
5188,6bdee3f4f4da685e0,True,,,,,,,,,,1.0,1.0,1.0,1.0,0.1317860138188149,1.0,0.0,1.0,0.0,0.47868312931837964
5189,c0c4cd4a0562039fc,True,,,,,,,,,,1.0,1.0,1.0,1.0,1.0,1.0,1.0,1.0,0.0,0.875
5190,e88bf694837e674f5,True,,,,,,,,,,1.0,1.0,1.0,1.0,0.2990418280529353,1.0,0.0,0.0,0.0,0.40595057126654227
5191,2a61f186fe92b261b,True,,,,,,,,,,0.0,1.0,0.5,1.0,1.0,0.0,0.0,0.0,0.0,0.0
5192,d9320fa5d2528afc4,True,,,,,,,,,,1.0,1.0,1.0,1.0,0.20922774477755668,1.0,0.0,0.0,0.0,0.37788367024298647
5193,191ccfaebd0211428,True,,,,,,,,,,1.0,0.0,1.0,1.0,1.0,1.0,0.0,1.0,0.0,0.0
5194,1e6bc8862dcc8e9e0,True,,,,,,,,,,1.0,1.0,1.0,1.0,0.21369823935834067,1.0,0.0,0.0,0.0,0.3792806997994815
5195,a0b8747e5af0f2b1d,True,,,,,,,,,,1.0,0.0,1.0,1.0,1.0,1.0,1.0,1.0,0.0,0.0
5196,aedc0bf45f1840715,True,,,,,,,,,,1.0,1.0,1.0,1.0,0.16834760354317915,1.0,0.0,1.0,0.0,0.4901086261072435
5197,83316d588a0204528,True,,,,,,,,,,1.0,1.0,1.0,1.0,1.0,1.0,0.0,1.0,1.0,0.875
5198,8c7b004d36c8af906,True,,,,,,,,,,1.0,1.0,1.0,1.0,0.15485693110617627,1.0,1.0,1.0,0.0,0.61089279097068
5199,10935babd12d37a58,True,,,,,,,,,,1.0,1.0,1.0,1.0,0.18701002183407175,1.0,0.0,0.0,0.0,0.3709406318231474
5200,ebfcdb01551105c49,True,,,,,,,,,,0.0,1.0,1.0,1.0,1.0,0.0,0.0,0.0,0.0,0.0
5201,2bb929aa7298012be,True,,,,,,,,,,1.0,1.0,1.0,1.0,1.0,1.0,1.0,0.0,0.0,0.75
5202,60b75083635860a0a,True,,,,,,,,,,1.0,0.0,0.5,1.0,1.0,1.0,0.0,0.0,0.0,0.0
5203,1161a45a0921d7c8e,True,,,,,,,,,,1.0,1.0,1.0,1.0,0.1737446869921199,1.0,0.0,1.0,0.0,0.49179521468503745
5204,322862242b452cccc,True,,,,,,,,,,1.0,1.0,1.0,1.0,0.011731091219293267,1.0,0.0,1.0,1.0,0.5661659660060292
5205,78e83fee2e80cffb8,True,,,,,,,,,,1.0,1.0,1.0,1.0,0.0027756003803033713,1.0,1.0,1.0,1.0,0.6883673751188448
5206,3c8a99a0db652a225,True,,,,,,,,,,0.0,1.0,1.0,1.0,1.0,0.0,1.0,1.0,0.0,0.0
5207,fb069de5c1aacc9f5,True,,,,,,,,,,1.0,1.0,1.0,1.0,0.10584186649548917,1.0,1.0,1.0,1.0,0.7205755832798404
5208,b7560bcae0414e720,True,,,,,,,,,,1.0,1.0,1.0,1.0,1.0,1.0,1.0,0.0,0.0,0.75
5209,f25f0a0a5f68f4d90,True,,,,,,,,,,1.0,1.0,1.0,1.0,0.0,1.0,0.0,1.0,1.0,0.5625
5210,944867d5050b336ad,True,,,,,,,,,,1.0,0.0,1.0,1.0,1.0,1.0,0.0,1.0,0.0,0.0
5211,e829e9b1fb63a8774,True,,,,,,,,,,1.0,0.0,1.0,1.0,1.0,1.0,0.0,1.0,1.0,0.0
5212,88d4924ebb1940ca0,True,,,,,,,,,,1.0,1.0,1.0,1.0,0.07291659639032648,1.0,1.0,1.0,1.0,0.710286436371977
5213,beee26fb5719cdfcb,True,,,,,,,,,,1.0,1.0,1.0,0.0,1.0,1.0,1.0,0.0,0.0,0.0
5214,67d0d1179730f6191,True,,,,,,,,,,1.0,1.0,1.0,1.0,0.4734082057745276,1.0,0.0,1.0,0.0,0.5854400643045399
5215,f878117d44bbeb817,True,,,,,,,,,,1.0,1.0,1.0,1.0,1.0,1.0,0.0,1.0,1.0,0.875
5216,655169c8955ef778b,True,,,,,,,,,,1.0,1.0,1.0,1.0,0.29758573529847937,1.0,1.0,1.0,0.0,0.6554955422807748
5217,15e2547cb8af6e312,True,,,,,,,,,,1.0,0.0,0.5,1.0,0.6970163115801319,1.0,0.0,1.0,0.0,0.0
5218,f1e38b58130384157,True,,,,,,,,,,1.0,1.0,1.0,1.0,0.21355068092855686,1.0,0.0,0.0,0.0,0.37923458779017405
5219,4ce31f5e37ac47b5f,True,,,,,,,,,,1.0,1.0,1.0,1.0,0.12363485509905357,1.0,1.0,1.0,0.0,0.6011358922184542
5220,9c40a73dcfa534ce7,True,,,,,,,,,,1.0,1.0,1.0,1.0,0.24231760760911888,1.0,1.0,0.0,0.0,0.5132242523778496
5221,8f18f5e39ad7208bd,True,,,,,,,,,,1.0,1.0,1.0,1.0,0.1960305287817417,1.0,0.0,1.0,0.0,0.49875954024429425
5222,ed9b2e5da8e4697ad,True,,,,,,,,,,1.0,1.0,1.0,1.0,0.2074235071133831,1.0,0.0,0.0,0.0,0.3773198459729322
5223,716f58dd76f073c78,True,,,,,,,,,,1.0,1.0,1.0,1.0,0.22941034074654204,1.0,0.0,0.0,0.0,0.3841907314832944
5224,59b413d34d6d4b46a,True,,,,,,,,,,1.0,1.0,0.5,1.0,0.3056562970803952,1.0,0.0,0.0,0.0,0.20400879641881176
5225,e717e9e58fcb1f253,True,,,,,,,,,,1.0,1.0,1.0,1.0,0.22639498725259086,1.0,0.0,0.0,0.0,0.3832484335164347
5226,1cdaa96068632401f,True,,,,,,,,,,1.0,1.0,1.0,1.0,0.026090309268934655,1.0,1.0,1.0,1.0,0.6956532216465421
5227,3d093356af980da3c,True,,,,,,,,,,1.0,1.0,1.0,1.0,0.006100701185059133,1.0,1.0,1.0,1.0,0.689406469120331
5228,effa3c121b26ed3b5,True,,,,,,,,,,1.0,1.0,1.0,1.0,1.0,1.0,1.0,1.0,0.0,0.875
5229,2048a65fec13c23d5,True,,,,,,,,,,1.0,1.0,1.0,1.0,0.14766595275458427,1.0,1.0,1.0,0.0,0.6086456102358075
5230,5e84fb24c3fbd2647,True,,,,,,,,,,1.0,1.0,1.0,1.0,0.5503215048082019,1.0,0.0,1.0,0.0,0.6094754702525631
5231,bf717edbbf1c0b8db,True,,,,,,,,,,1.0,1.0,1.0,1.0,0.369037654991428,1.0,1.0,0.0,0.0,0.5528242671848212
5232,587695426dcca63ae,True,,,,,,,,,,1.0,1.0,1.0,1.0,0.0,1.0,1.0,1.0,1.0,0.6875
5233,c3f5f5f99bb34c5b9,True,,,,,,,,,,1.0,1.0,1.0,1.0,0.320701689963265,1.0,0.0,0.0,0.0,0.41271927811352027
5234,644712e1f5b51074a,True,,,,,,,,,,1.0,1.0,1.0,1.0,0.17698302941031607,1.0,0.0,0.0,0.0,0.36780719669072376
5235,1ab4af6d2763780c4,True,,,,,,,,,,1.0,1.0,1.0,1.0,0.1737262930225999,1.0,1.0,1.0,0.0,0.6167894665695625
5236,8a73882c047d96e3f,True,,,,,,,,,,1.0,1.0,1.0,1.0,0.039234854198898994,1.0,0.0,1.0,1.0,0.574760891937156
5237,f60e4c60846b1a1da,True,,,,,,,,,,1.0,1.0,1.0,1.0,0.07969747022354141,1.0,1.0,1.0,1.0,0.7124054594448567
5238,a18d6dca51d1c96c6,True,,,,,,,,,,1.0,1.0,1.0,1.0,0.031930732972305316,1.0,0.0,1.0,1.0,0.5724783540538454
5239,ab4e7191ed67b8ea4,True,,,,,,,,,,1.0,1.0,1.0,1.0,0.0,1.0,1.0,1.0,0.0,0.5625
5240,d118da84ab5c39b69,True,,,,,,,,,,1.0,1.0,1.0,1.0,0.19750072325262294,1.0,1.0,0.0,0.0,0.49921897601644466
5241,3f9875514c117cb50,True,,,,,,,,,,1.0,1.0,1.0,1.0,0.02512779697737244,1.0,1.0,1.0,0.0,0.5703524365554289
5242,b20b0b76f7991c89b,True,,,,,,,,,,1.0,1.0,1.0,1.0,1.0,1.0,1.0,1.0,0.0,0.875
5243,230446b36041db9de,True,,,,,,,,,,0.0,1.0,1.0,1.0,0.3904711668983368,0.0,0.0,1.0,0.0,0.0
5244,c7f0d1c6de80f0c15,True,,,,,,,,,,1.0,1.0,1.0,1.0,0.039291384014534504,1.0,1.0,1.0,1.0,0.6997785575045421
5245,e41845d0f5aba53e4,True,,,,,,,,,,0.0,1.0,1.0,1.0,1.0,0.0,0.0,0.0,0.0,0.0
5246,afee933aa0fe755d2,True,,,,,,,,,,1.0,1.0,0.5,1.0,0.9040717317742154,1.0,0.0,1.0,0.0,0.36001120808972115
5247,c02fa35875ea4e3e1,True,,,,,,,,,,1.0,1.0,1.0,1.0,0.095548330833547,1.0,1.0,1.0,1.0,0.7173588533854834
5248,9e0e0c6fe70eeb1d8,True,,,,,,,,,,1.0,0.0,1.0,1.0,1.0,1.0,0.0,1.0,0.0,0.0
5249,fc2eb6e32259de9aa,True,,,,,,,,,,0.5,1.0,1.0,1.0,1.0,0.0,1.0,0.0,0.0,0.21875
5250,fb84b929b3de63176,True,,,,,,,,,,1.0,1.0,1.0,1.0,0.1309360759941038,1.0,0.0,1.0,1.0,0.6034175237481574
5251,5d571e3d1a02ea00b,True,,,,,,,,,,1.0,0.0,1.0,1.0,0.26826155563155474,1.0,0.0,0.0,0.0,0.0
5252,6eed9aba87a865c93,True,,,,,,,,,,1.0,1.0,1.0,1.0,1.0,1.0,0.0,1.0,1.0,0.875
5253,78e346fdbeb014770,True,,,,,,,,,,1.0,1.0,1.0,1.0,0.0,1.0,1.0,1.0,1.0,0.6875
5254,303bc627ceab22570,True,,,,,,,,,,1.0,0.0,1.0,1.0,0.4172647565562359,1.0,0.0,0.0,0.0,0.0
5255,556038b758f3b54f6,True,,,,,,,,,,1.0,1.0,1.0,1.0,0.20167144682841595,1.0,0.0,0.0,0.0,0.37552232713388
5256,81c9c878090cea034,True,,,,,,,,,,1.0,1.0,1.0,1.0,0.003490445323895338,1.0,1.0,1.0,1.0,0.6885907641637172
5257,1464f6e11d5c8c6d9,True,,,,,,,,,,1.0,1.0,1.0,1.0,0.23559094574426367,1.0,1.0,0.0,0.0,0.5111221705450824
5258,f10788e83a50fa0b2,True,,,,,,,,,,1.0,1.0,1.0,1.0,0.14897760148682962,1.0,1.0,1.0,0.0,0.6090555004646343
5259,2886484dc5237f884,True,,,,,,,,,,1.0,1.0,1.0,1.0,0.013463679297280212,1.0,1.0,1.0,1.0,0.6917073997804001
5260,7feb07f9028c8bf62,True,,,,,,,,,,1.0,1.0,1.0,1.0,1.0,1.0,1.0,1.0,0.0,0.875
5261,37630795fa7fa1e51,True,,,,,,,,,,1.0,1.0,1.0,1.0,0.1747290738544805,1.0,1.0,1.0,0.0,0.6171028355795252
5262,45904686e63c2b9a3,True,,,,,,,,,,1.0,1.0,1.0,1.0,0.0,1.0,1.0,1.0,1.0,0.6875
5263,0d922ca55b8036075,True,,,,,,,,,,1.0,1.0,1.0,1.0,0.10854990432663174,1.0,1.0,1.0,0.0,0.5964218451020724
5264,c92c8161fb36eab75,True,,,,,,,,,,1.0,1.0,1.0,1.0,0.05004287567331196,1.0,0.0,1.0,1.0,0.5781383986479101
5265,40fd4749fb6c9cd3a,True,,,,,,,,,,1.0,1.0,1.0,1.0,0.13476020926507512,1.0,1.0,1.0,0.0,0.604612565395336
5266,cbef70f53373bf6bb,True,,,,,,,,,,1.0,1.0,1.0,1.0,0.05215114322161971,1.0,0.0,1.0,1.0,0.5787972322567562
5267,175f019927da9929a,True,,,,,,,,,,1.0,0.0,1.0,1.0,0.10231721870649728,1.0,1.0,1.0,0.0,0.0
5268,7ca5efbee05a576cf,True,,,,,,,,,,1.0,1.0,0.0,1.0,1.0,1.0,0.0,0.0,0.0,0.0
5269,8a8e36fc6f3133ab1,True,,,,,,,,,,1.0,1.0,1.0,1.0,0.24731162754776878,1.0,0.0,1.0,1.0,0.6397848836086777
5270,20120f09d1f74eb2c,True,,,,,,,,,,1.0,1.0,0.5,1.0,0.2255964157836797,1.0,0.0,0.0,0.0,0.19149943996619995
5271,972be27c6916c8ef1,True,,,,,,,,,,1.0,1.0,1.0,1.0,0.3735228570307336,1.0,1.0,1.0,0.0,0.6792258928221042
5272,ec14753ed2c513cef,True,,,,,,,,,,1.0,1.0,1.0,1.0,0.0974181630171675,1.0,0.0,1.0,1.0,0.5929431759428648
5273,2f7d76aaf1c498bdf,True,,,,,,,,,,1.0,1.0,1.0,1.0,0.1466808579024177,1.0,1.0,1.0,0.0,0.6083377680945055
5274,ad82260eea030954f,True,,,,,,,,,,1.0,1.0,1.0,1.0,0.18676886377556254,1.0,1.0,1.0,0.0,0.6208652699298634
5275,2f25ad449c40ae04c,True,,,,,,,,,,1.0,1.0,1.0,1.0,0.13615235032771844,1.0,0.0,1.0,0.0,0.480047609477412
5276,fe46394908bea81b9,True,,,,,,,,,,1.0,1.0,1.0,1.0,0.29193186851993247,1.0,1.0,1.0,0.0,0.6537287089124789
5277,0502403f486b71c32,True,,,,,,,,,,1.0,1.0,1.0,1.0,0.17723588205725918,1.0,1.0,1.0,0.0,0.6178862131428935
5278,a31ca4af2bc4ff90a,True,,,,,,,,,,1.0,1.0,1.0,1.0,0.40453210970686343,1.0,0.0,0.0,0.0,0.4389162842833948
5279,e280063b53c411361,True,,,,,,,,,,0.0,0.0,0.5,1.0,1.0,0.0,0.0,1.0,0.0,0.0
5280,d015a262e6ee504bb,True,,,,,,,,,,1.0,1.0,1.0,1.0,1.0,1.0,0.0,1.0,0.0,0.75
5281,8966a0b08b0be94e9,True,,,,,,,,,,1.0,1.0,0.5,1.0,1.0,1.0,0.0,0.0,0.0,0.3125
5282,ddb023146aa3ea8a6,True,,,,,,,,,,1.0,1.0,1.0,1.0,0.011599408539799716,1.0,1.0,1.0,1.0,0.6911248151686874
5283,f24aff9d7884c81d2,True,,,,,,,,,,1.0,1.0,1.0,1.0,0.30074748582935124,1.0,1.0,1.0,0.0,0.6564835893216723
5284,d34d8e1f656046bdd,True,,,,,,,,,,1.0,1.0,1.0,1.0,0.33240468516113714,1.0,0.0,1.0,0.0,0.5413764641128553
5285,610932681c4760e82,True,,,,,,,,,,1.0,1.0,1.0,1.0,0.13580178409320667,1.0,0.0,1.0,0.0,0.4799380575291271
5286,52c153c82d99556d6,True,,,,,,,,,,1.0,0.0,0.5,1.0,1.0,1.0,0.0,0.0,0.0,0.0
5287,3accc2d050327016d,True,,,,,,,,,,1.0,1.0,1.0,1.0,0.4839880519450142,1.0,0.0,0.0,0.0,0.46374626623281695
5288,501d21c67c2ddbdb0,True,,,,,,,,,,1.0,1.0,1.0,1.0,0.0,1.0,0.0,1.0,1.0,0.5625
5289,2f7b3c8c203e87c73,True,,,,,,,,,,1.0,0.0,1.0,1.0,1.0,1.0,0.0,0.0,0.0,0.0
5290,69968d73c74d053d8,True,,,,,,,,,,1.0,1.0,0.5,1.0,0.627556862935605,1.0,0.0,0.0,0.0,0.2543057598336883
5291,8ea9dd3d247a8435f,True,,,,,,,,,,1.0,1.0,1.0,1.0,0.0,1.0,0.0,1.0,1.0,0.5625
5292,ba63d32eedc1457fd,True,,,,,,,,,,1.0,1.0,1.0,1.0,0.13175602277344328,1.0,1.0,1.0,0.0,0.603673757116701
5293,0f675cf0cf0417413,True,,,,,,,,,,0.0,1.0,1.0,1.0,0.5022697469184905,0.0,0.0,0.0,0.0,0.0
5294,5d8640ad77a995a45,True,,,,,,,,,,1.0,1.0,1.0,1.0,0.0024520475527848155,1.0,1.0,1.0,1.0,0.6882662648602453
5295,710c63e733bb79b47,True,,,,,,,,,,1.0,1.0,1.0,1.0,0.22558988675645136,1.0,0.0,0.0,0.0,0.3829968396113911
5296,08b3cebccffcada58,True,,,,,,,,,,1.0,1.0,1.0,1.0,1.0,1.0,1.0,1.0,0.0,0.875
5297,523e6115068b06a33,True,,,,,,,,,,1.0,1.0,1.0,1.0,0.28393326131174135,1.0,1.0,0.0,0.0,0.5262291441599192
5298,557e221eea6bbdd42,True,,,,,,,,,,1.0,1.0,1.0,1.0,0.05708944575753702,1.0,1.0,1.0,1.0,0.7053404517992303
5299,b768b66003f09acc0,True,,,,,,,,,,1.0,0.0,1.0,1.0,0.13112472189622332,1.0,1.0,1.0,0.0,0.0
5300,fc8281af0699f4976,True,,,,,,,,,,1.0,1.0,1.0,1.0,0.12295422681627034,1.0,1.0,1.0,0.0,0.6009231958800845
5301,a1fc0c3eb1ef15aba,True,,,,,,,,,,1.0,1.0,1.0,1.0,0.4622036665997634,1.0,1.0,1.0,0.0,0.706938645812426
5302,6949e44c974752c39,True,,,,,,,,,,1.0,1.0,1.0,1.0,0.14983520995286675,1.0,1.0,1.0,0.0,0.6093235031102708
5303,102f1115bc733e323,True,,,,,,,,,,1.0,1.0,1.0,1.0,0.08257267294346675,1.0,0.0,1.0,1.0,0.5883039602948333
5304,1b62d4e2468940ddb,True,,,,,,,,,,0.0,1.0,1.0,1.0,1.0,0.0,0.0,1.0,0.0,0.0
5305,cb891ab8f0c9f0ffc,True,,,,,,,,,,1.0,1.0,1.0,1.0,0.284708625537179,1.0,0.0,0.0,0.0,0.40147144548036845
5306,2385397b4291e7094,True,,,,,,,,,,1.0,1.0,1.0,1.0,0.13732578256149358,1.0,1.0,1.0,0.0,0.6054143070504667
5307,3cf1a7b9d21da00c2,True,,,,,,,,,,1.0,1.0,1.0,1.0,0.08924440525125486,1.0,0.0,1.0,1.0,0.5903888766410171
5308,1e15000d249448d21,True,,,,,,,,,,1.0,1.0,1.0,1.0,0.3691811837393394,1.0,1.0,1.0,0.0,0.6778691199185436
5309,637ff125ef04d0dae,True,,,,,,,,,,1.0,0.0,1.0,1.0,0.41438934943635375,1.0,0.0,0.0,0.0,0.0
5310,3ff3a293385e2be07,True,,,,,,,,,,1.0,1.0,1.0,1.0,0.14298147753269136,1.0,1.0,1.0,0.0,0.6071817117289661
5311,78de0559e7e44a61a,True,,,,,,,,,,1.0,0.0,1.0,1.0,0.34333150211141733,1.0,0.0,0.0,0.0,0.0
5312,18c7e56e43eebb62f,True,,,,,,,,,,1.0,1.0,1.0,1.0,0.23317298041323917,1.0,1.0,0.0,0.0,0.5103665563791373
5313,f35bd9cd53bff0ecd,True,,,,,,,,,,1.0,1.0,1.0,1.0,0.500219660480436,1.0,1.0,0.0,0.0,0.5938186439001363
5314,4d65febaea8d3fd84,True,,,,,,,,,,1.0,1.0,1.0,1.0,0.09937006604855221,1.0,0.0,1.0,0.0,0.4685531456401726
5315,c73e5118fba3f9c3f,True,,,,,,,,,,1.0,1.0,1.0,1.0,0.1897018738352133,1.0,0.0,1.0,0.0,0.49678183557350414
5316,cdb408bfe8cbbd8b3,True,,,,,,,,,,1.0,1.0,1.0,1.0,0.3309066464242503,1.0,1.0,0.0,0.0,0.5409083270075782
5317,98908f760ae1f8648,True,,,,,,,,,,0.0,1.0,1.0,1.0,0.35690878261005454,0.0,0.0,1.0,0.0,0.0
5318,41efa8e340c6ec6b0,True,,,,,,,,,,1.0,1.0,1.0,1.0,1.0,1.0,1.0,1.0,0.0,0.875
5319,07675a8f705892e3b,True,,,,,,,,,,1.0,1.0,1.0,1.0,0.06693416758394052,1.0,1.0,1.0,1.0,0.7084169273699814
5320,bb1231abd88057215,True,,,,,,,,,,1.0,1.0,1.0,1.0,0.006353425968655917,1.0,0.0,1.0,1.0,0.564485445615205
5321,fd0fe3e97024a208f,True,,,,,,,,,,1.0,1.0,1.0,1.0,0.4136591936798232,1.0,0.0,1.0,0.0,0.5667684980249448
5322,8ea949efbc2e4d9bf,True,,,,,,,,,,1.0,0.0,1.0,1.0,1.0,1.0,0.0,0.0,0.0,0.0
5323,77f94784109733a34,True,,,,,,,,,,1.0,1.0,1.0,1.0,0.22152987765280358,1.0,0.0,1.0,1.0,0.6317280867665012
5324,4410c6e64d170360d,True,,,,,,,,,,1.0,0.0,1.0,1.0,1.0,1.0,1.0,1.0,0.0,0.0
5325,c1c2f041cb05320b6,True,,,,,,,,,,1.0,1.0,1.0,1.0,1.0,1.0,0.0,1.0,0.0,0.75
5326,6dfe7ea162c45ba1d,True,,,,,,,,,,1.0,0.0,1.0,1.0,1.0,1.0,0.0,1.0,0.0,0.0
5327,81a1a5d071b2c2a11,True,,,,,,,,,,1.0,0.0,1.0,1.0,1.0,1.0,1.0,1.0,0.0,0.0
5328,c6d10cce20bba3c8f,True,,,,,,,,,,1.0,1.0,1.0,1.0,0.19638394190832037,1.0,1.0,1.0,0.0,0.6238699818463501
5329,f6c5e4b7769ddda20,True,,,,,,,,,,1.0,1.0,1.0,1.0,1.0,1.0,1.0,1.0,1.0,1.0
5330,2beda3235f74c6edb,True,,,,,,,,,,1.0,1.0,1.0,1.0,0.061416036298037345,1.0,0.0,1.0,1.0,0.5816925113431366
5331,92fd62b816fa1435c,True,,,,,,,,,,1.0,1.0,1.0,1.0,0.5871565613198035,1.0,0.0,1.0,0.0,0.6209864254124386
5332,cc641ddb31703cb06,True,,,,,,,,,,1.0,1.0,1.0,1.0,0.24963486954760392,1.0,0.0,0.0,0.0,0.3905108967336262
5333,ca521b286f7fb606e,True,,,,,,,,,,1.0,1.0,1.0,1.0,0.5660538427632842,1.0,1.0,0.0,0.0,0.6143918258635264
5334,25e84823ff411a3c2,True,,,,,,,,,,1.0,1.0,1.0,1.0,0.15746109743351294,1.0,0.0,1.0,0.0,0.4867065929479728
5335,a075eb4cf05c9e8a0,True,,,,,,,,,,1.0,0.0,1.0,1.0,0.3542010997813165,1.0,0.0,0.0,0.0,0.0
5336,01123cb3db29c9287,True,,,,,,,,,,1.0,0.0,1.0,1.0,1.0,1.0,0.0,0.0,0.0,0.0
5337,7077621a398aa2bf0,True,,,,,,,,,,1.0,1.0,1.0,1.0,0.14723599493172757,1.0,1.0,1.0,0.0,0.6085112484161649
5338,4fc9662f3c2a3bb75,True,,,,,,,,,,1.0,1.0,0.5,1.0,0.7410203727100151,1.0,0.0,0.0,0.0,0.27203443323593984
5339,6cc12f84e2df62aee,True,,,,,,,,,,1.0,1.0,1.0,1.0,0.27515593005572125,1.0,0.0,1.0,0.0,0.5234862281424129
5340,298d397ff94dd0eb4,True,,,,,,,,,,1.0,1.0,1.0,1.0,0.19453665902919198,1.0,1.0,1.0,0.0,0.6232927059466224
5341,9fb29e611c9f4f0e2,True,,,,,,,,,,1.0,1.0,1.0,1.0,0.18171933293865578,1.0,1.0,0.0,0.0,0.49428729154332995
5342,fcba11bedf38fce20,True,,,,,,,,,,1.0,1.0,1.0,1.0,0.2057025887413548,1.0,1.0,1.0,0.0,0.6267820589816734
5343,07f4044fd390149ba,True,,,,,,,,,,1.0,1.0,1.0,1.0,1.0,1.0,0.0,1.0,1.0,0.875
5344,fdc9de263e1f28cd8,True,,,,,,,,,,1.0,1.0,1.0,1.0,0.19627632443738924,1.0,1.0,1.0,1.0,0.7488363513866841
5345,c6b07c5dde1ec90c2,True,,,,,,,,,,1.0,1.0,1.0,1.0,0.12007438899257447,1.0,0.0,1.0,1.0,0.6000232465601796
5346,b83cdd77a941b515d,True,,,,,,,,,,1.0,1.0,1.0,1.0,0.2874599717206887,1.0,1.0,1.0,0.0,0.6523312411627152
5347,d33fcf041654db4d0,True,,,,,,,,,,1.0,1.0,1.0,1.0,0.005328972671275598,1.0,0.0,1.0,1.0,0.5641653039597736
5348,14e4693cf0f1e04ff,True,,,,,,,,,,1.0,0.0,1.0,1.0,0.3138769450023303,1.0,1.0,1.0,0.0,0.0
5349,6ecd877422fdf9247,True,,,,,,,,,,1.0,1.0,1.0,1.0,0.2596550884517243,1.0,1.0,1.0,0.0,0.6436422151411638
5350,fe36ce4fe80f5c45b,True,,,,,,,,,,1.0,1.0,1.0,1.0,0.2529132897635224,1.0,1.0,1.0,0.0,0.6415354030511007
5351,85dc9224d8159ff88,True,,,,,,,,,,1.0,0.0,1.0,1.0,0.28234933320464717,1.0,0.0,0.0,0.0,0.0
5352,321422cad3f85a6a3,True,,,,,,,,,,0.0,1.0,0.5,1.0,1.0,0.0,0.0,0.0,0.0,0.0
5353,946b593648412d83c,True,,,,,,,,,,1.0,1.0,1.0,1.0,1.0,1.0,1.0,1.0,0.0,0.875
5354,d99cd68c37ac3ad2c,True,,,,,,,,,,1.0,1.0,1.0,1.0,0.23704717648341717,1.0,0.0,0.0,0.0,0.38657724265106785
5355,2e5a54d80147f955d,True,,,,,,,,,,1.0,1.0,1.0,1.0,0.0,1.0,0.0,1.0,1.0,0.5625
5356,dcf0be9d22af78eca,True,,,,,,,,,,1.0,1.0,1.0,1.0,0.021202824294042365,1.0,1.0,1.0,1.0,0.6941258825918882
5357,62c7829548c7f7e94,True,,,,,,,,,,1.0,1.0,1.0,1.0,0.08356472290572925,1.0,0.0,1.0,1.0,0.5886139759080404
5358,1062c697adcf808eb,True,,,,,,,,,,1.0,1.0,1.0,1.0,0.12340576982343332,1.0,1.0,1.0,0.0,0.6010643030698228
5359,7b0ac799452a88ee3,True,,,,,,,,,,1.0,1.0,0.5,1.0,0.30402286818645935,1.0,0.0,0.0,0.0,0.20375357315413428
5360,ea1bac206caf8d18e,True,,,,,,,,,,1.0,1.0,1.0,1.0,0.20324621678893848,1.0,1.0,1.0,0.0,0.6260144427465433
5361,8f3bf4b1cb4be05f8,True,,,,,,,,,,1.0,1.0,1.0,1.0,0.4781185617306308,1.0,1.0,0.0,0.0,0.5869120505408221
5362,e18bfb53190f46707,True,,,,,,,,,,1.0,1.0,1.0,1.0,0.33330690124025975,1.0,1.0,0.0,0.0,0.5416584066375811
5363,7570ff2ee6471c7cc,True,,,,,,,,,,1.0,1.0,1.0,1.0,0.14597555875693474,1.0,0.0,1.0,0.0,0.4831173621115421
5364,802f2dcbc798db1bd,True,,,,,,,,,,1.0,0.0,1.0,1.0,1.0,1.0,0.0,0.0,0.0,0.0
5365,e0865c65b75b4c171,True,,,,,,,,,,1.0,1.0,1.0,1.0,0.017690117094753998,1.0,1.0,1.0,1.0,0.6930281615921106
5366,5e206e9ebf880f3f3,True,,,,,,,,,,1.0,1.0,1.0,1.0,0.22206628471229428,1.0,1.0,1.0,0.0,0.631895713972592
5367,aefb28d15c78ef21c,True,,,,,,,,,,1.0,1.0,1.0,1.0,0.4244185850876856,1.0,1.0,0.0,0.0,0.5701308078399018
5368,6c04df27e5264b20b,True,,,,,,,,,,1.0,1.0,1.0,1.0,1.0,1.0,1.0,1.0,1.0,1.0
5369,ceeb361872a012bd7,True,,,,,,,,,,1.0,1.0,1.0,1.0,0.2332890740830755,1.0,1.0,1.0,0.0,0.6354028356509611
5370,3079c8b009170b052,True,,,,,,,,,,1.0,0.0,1.0,1.0,0.21829728203917048,1.0,0.0,0.0,0.0,0.0
5371,8d47793d9ca1f6778,True,,,,,,,,,,1.0,1.0,1.0,1.0,0.0615378377887494,1.0,1.0,1.0,1.0,0.7067305743089842
5372,85f94ff5a637ec2d5,True,,,,,,,,,,1.0,0.0,0.5,1.0,0.9771887497118309,1.0,0.0,0.0,0.0,0.0
5373,0206d7321fb32894a,True,,,,,,,,,,1.0,1.0,1.0,1.0,0.14998704581179714,1.0,0.0,1.0,0.0,0.4843709518161866
5374,5e652ec452f5c3eb4,True,,,,,,,,,,1.0,1.0,1.0,1.0,0.24520171702168433,1.0,1.0,0.0,0.0,0.5141255365692763
5375,49f0f48e0fa4af03e,True,,,,,,,,,,1.0,0.0,1.0,1.0,1.0,1.0,1.0,1.0,0.0,0.0
5376,6546d47d2e83caab2,True,,,,,,,,,,1.0,0.0,1.0,1.0,1.0,1.0,0.0,1.0,0.0,0.0
5377,f4012a586df6289ed,True,,,,,,,,,,0.5,0.0,1.0,1.0,0.801976687240879,0.0,0.0,1.0,0.0,0.0
5378,e2a9d0b71a44f5df6,True,,,,,,,,,,1.0,1.0,1.0,1.0,0.1002217128827597,1.0,1.0,1.0,1.0,0.7188192852758624
5379,f8632cecfa6bdd21f,True,,,,,,,,,,1.0,1.0,0.5,1.0,0.45883724412689536,1.0,0.0,1.0,0.0,0.29044331939482737
5380,cecd0fc5ce59cf0d6,True,,,,,,,,,,1.0,1.0,1.0,1.0,0.09958262501133258,1.0,0.0,1.0,1.0,0.5936195703160414
5381,e10827f1aaf62efb8,True,,,,,,,,,,1.0,1.0,1.0,1.0,0.0,1.0,1.0,1.0,1.0,0.6875
5382,6b7399dbbb307ddfb,True,,,,,,,,,,1.0,1.0,1.0,1.0,0.09341782494484509,1.0,1.0,1.0,1.0,0.7166930702952641
5383,fd7d31b9e1dfb00e7,True,,,,,,,,,,1.0,1.0,1.0,1.0,0.47775693004685477,1.0,1.0,0.0,0.0,0.5867990406396422
5384,cdccba86287f3bf1d,True,,,,,,,,,,1.0,1.0,1.0,1.0,1.0,1.0,0.0,1.0,1.0,0.875
5385,3029efd936ffc0d0d,True,,,,,,,,,,1.0,1.0,1.0,1.0,0.007567811160367423,1.0,1.0,1.0,1.0,0.6898649409876147
5386,64dbb32a1a6005581,True,,,,,,,,,,1.0,1.0,1.0,1.0,0.48352277701234236,1.0,1.0,0.0,0.0,0.588600867816357
5387,85d790e9c5c2e7b7c,True,,,,,,,,,,1.0,1.0,1.0,1.0,0.0,1.0,0.0,1.0,1.0,0.5625
5388,e1181167f5c790340,True,,,,,,,,,,1.0,1.0,1.0,1.0,0.21648888872523345,1.0,1.0,0.0,0.0,0.5051527777266355
5389,20bf71807ad99d0aa,True,,,,,,,,,,1.0,1.0,1.0,1.0,1.0,1.0,0.0,1.0,0.0,0.75
5390,d1a972f7af648078b,True,,,,,,,,,,1.0,1.0,1.0,1.0,0.1031784039635293,1.0,1.0,1.0,0.0,0.5947432512386028
5391,a3159a9839e251bcb,True,,,,,,,,,,1.0,1.0,1.0,1.0,0.2270941862845651,1.0,1.0,0.0,0.0,0.5084669332139267
5392,fd157e67d430fdab3,True,,,,,,,,,,1.0,1.0,1.0,1.0,0.4794671711202384,1.0,0.0,0.0,0.0,0.4623334909750745
5393,e6d32880a78e81ea9,True,,,,,,,,,,1.0,1.0,1.0,1.0,0.1299650397412078,1.0,0.0,1.0,1.0,0.6031140749191275
5394,bdd6ec1614649724b,True,,,,,,,,,,1.0,0.0,1.0,1.0,1.0,1.0,1.0,1.0,0.0,0.0
5395,ca0adf718f5972567,True,,,,,,,,,,1.0,1.0,1.0,1.0,0.20475967679939575,1.0,0.0,0.0,0.0,0.37648739899981115
5396,88438c22da37ffc4f,True,,,,,,,,,,1.0,1.0,1.0,1.0,0.4142229056088816,1.0,1.0,1.0,0.0,0.6919446580027755
5397,4a6cfd874f908500b,True,,,,,,,,,,1.0,1.0,1.0,1.0,0.2419475593364037,1.0,0.0,0.0,0.0,0.38810861229262617
5398,a230273e8dabb271d,True,,,,,,,,,,1.0,1.0,1.0,1.0,1.0,1.0,0.0,1.0,1.0,0.875
5399,214aedc89904305ef,True,,,,,,,,,,1.0,1.0,1.0,1.0,1.0,1.0,1.0,1.0,1.0,1.0
5400,bd30767ff605ef96c,True,,,,,,,,,,1.0,1.0,1.0,1.0,1.0,1.0,0.0,1.0,1.0,0.875
5401,3e9cb5ec7e3c7d0e9,True,,,,,,,,,,1.0,1.0,1.0,1.0,0.2795323196931624,1.0,0.0,0.0,0.0,0.3998538499041132
5402,67aafbe3b9430e738,True,,,,,,,,,,1.0,1.0,1.0,1.0,1.0,1.0,0.0,0.0,0.0,0.625
5403,7fa72ac59f374d3ab,True,,,,,,,,,,0.0,1.0,1.0,1.0,1.0,0.0,1.0,0.0,0.0,0.0
5404,daa6b068709fe9531,True,,,,,,,,,,1.0,1.0,1.0,1.0,0.20636242792662576,1.0,1.0,0.0,0.0,0.5019882587270705
5405,cfdd0359dacc8fea1,True,,,,,,,,,,1.0,1.0,1.0,1.0,0.10371137348062578,1.0,0.0,1.0,0.0,0.46990980421269557
5406,ec7a65597cb09372c,True,,,,,,,,,,1.0,1.0,1.0,1.0,0.22693016418259765,1.0,0.0,0.0,0.0,0.38341567630706175
5407,913e360242a39e667,True,,,,,,,,,,1.0,1.0,1.0,1.0,0.22557931159134217,1.0,1.0,1.0,0.0,0.6329935348722944
5408,e4cc46ea076c674d9,True,,,,,,,,,,1.0,1.0,1.0,1.0,0.08960634238870538,1.0,0.0,1.0,1.0,0.5905019819964704
5409,749ce2a3f7c56b638,True,,,,,,,,,,1.0,1.0,1.0,1.0,0.06887133844323402,1.0,1.0,1.0,1.0,0.7090222932635106
5410,3b8ae7a448c0eb280,True,,,,,,,,,,1.0,0.0,1.0,1.0,1.0,1.0,1.0,0.0,0.0,0.0
5411,741792e4d3c065377,True,,,,,,,,,,1.0,0.0,1.0,1.0,0.18870426153083622,1.0,1.0,0.0,0.0,0.0
5412,e5d97a89c908ac563,True,,,,,,,,,,0.0,1.0,1.0,1.0,1.0,0.0,0.0,0.0,0.0,0.0
5413,19b05b1af3b23f887,True,,,,,,,,,,1.0,1.0,0.5,1.0,0.7094991656190585,1.0,0.0,0.0,0.0,0.2671092446279779
5414,5037003d98e7c77a2,True,,,,,,,,,,1.0,1.0,0.5,1.0,1.0,1.0,0.0,0.0,0.0,0.3125
5415,c5fd0128d19316b03,True,,,,,,,,,,1.0,1.0,1.0,1.0,0.2912864327721408,1.0,1.0,0.0,0.0,0.528527010241294
5416,951dde0b224c880bd,True,,,,,,,,,,1.0,1.0,1.0,1.0,0.11596784593123262,1.0,1.0,1.0,1.0,0.7237399518535101
5417,cfbef936343c3a937,True,,,,,,,,,,1.0,1.0,1.0,1.0,0.2095082579815032,1.0,0.0,0.0,0.0,0.3779713306192197
5418,dae98f820d40b2d3d,True,,,,,,,,,,1.0,1.0,1.0,1.0,0.18632933653509107,1.0,0.0,1.0,0.0,0.49572791766721597
5419,e837d678b75d5da6f,True,,,,,,,,,,1.0,1.0,1.0,1.0,0.09195658389537467,1.0,0.0,1.0,0.0,0.46623643246730456
5420,d06e479e4e59a2a44,True,,,,,,,,,,1.0,0.0,1.0,1.0,1.0,1.0,0.0,1.0,0.0,0.0
5421,7a67496152fb3bdcb,True,,,,,,,,,,1.0,1.0,1.0,1.0,0.011719886544678636,1.0,0.0,1.0,1.0,0.5661624645452121
5422,76a0cb9becd094e36,True,,,,,,,,,,1.0,1.0,1.0,1.0,0.23408561071666334,1.0,1.0,1.0,0.0,0.6356517533489573
5423,b692c62651903c29f,True,,,,,,,,,,1.0,1.0,1.0,1.0,0.15833461099584578,1.0,1.0,1.0,0.0,0.6119795659362017
5424,031e271f324d8fe95,True,,,,,,,,,,1.0,1.0,1.0,1.0,1.0,1.0,1.0,0.0,0.0,0.75
5425,8051fe3f500d43528,True,,,,,,,,,,1.0,1.0,1.0,1.0,0.22804241387845697,1.0,1.0,0.0,0.0,0.5087632543370177
5426,581dff20c11d113e2,True,,,,,,,,,,1.0,1.0,1.0,1.0,0.11874942271285224,1.0,1.0,1.0,0.0,0.5996091945977664
5427,2f676101d71e92b1b,True,,,,,,,,,,1.0,1.0,1.0,1.0,0.0,1.0,1.0,1.0,1.0,0.6875
5428,981dae0f5f7fb62f4,True,,,,,,,,,,1.0,1.0,0.5,1.0,0.6036255492907967,1.0,0.0,0.0,0.0,0.250566492076687
5429,c598788caa8a8109f,True,,,,,,,,,,1.0,1.0,1.0,1.0,0.07360049921074882,1.0,1.0,1.0,1.0,0.710500156003359
5430,554118efec9ed40ce,True,,,,,,,,,,1.0,1.0,1.0,1.0,0.2606363524381643,1.0,0.0,1.0,0.0,0.5189488601369263
5431,23e989fa30e56fb01,True,,,,,,,,,,0.0,1.0,1.0,1.0,1.0,0.0,0.0,0.0,0.0,0.0
5432,6d9888406276bc884,True,,,,,,,,,,1.0,1.0,1.0,1.0,0.0,1.0,1.0,1.0,1.0,0.6875
5433,e85778ab78f702e4b,True,,,,,,,,,,1.0,1.0,1.0,1.0,1.0,1.0,1.0,1.0,1.0,1.0
5434,7c028a0e38d689322,True,,,,,,,,,,1.0,1.0,1.0,1.0,0.1615087992622551,1.0,0.0,1.0,1.0,0.6129714997694546
5435,c99bfe933875f63e0,True,,,,,,,,,,1.0,0.0,1.0,1.0,0.25143811426295015,1.0,1.0,0.0,0.0,0.0
5436,08832f5c360f2e9d6,True,,,,,,,,,,0.5,0.0,1.0,1.0,1.0,0.0,1.0,1.0,0.0,0.0
5437,50035f9f546fb6074,True,,,,,,,,,,1.0,1.0,1.0,1.0,0.20621777831152768,1.0,0.0,0.0,0.0,0.3769430557223524
5438,def3a7e5b9515c6fb,True,,,,,,,,,,1.0,1.0,1.0,1.0,0.26590048189507964,1.0,1.0,1.0,0.0,0.6455939005922124
5439,13f2d7e9ace73e420,True,,,,,,,,,,1.0,1.0,1.0,1.0,1.0,1.0,0.0,1.0,0.0,0.75
5440,ddfce47695493c151,True,,,,,,,,,,1.0,1.0,1.0,1.0,1.0,1.0,0.0,1.0,1.0,0.875
5441,102d7c98065905ad0,True,,,,,,,,,,1.0,1.0,0.5,1.0,0.3335079337350835,1.0,0.0,0.0,0.0,0.20836061464610678
5442,0eea2180fbf7c0949,True,,,,,,,,,,1.0,1.0,1.0,1.0,0.03425356889488374,1.0,0.0,1.0,1.0,0.5732042402796511
5443,646aa5cbfd5f84a9e,True,,,,,,,,,,1.0,1.0,1.0,1.0,0.2332890740830755,1.0,1.0,1.0,0.0,0.6354028356509611
5444,b0dc4287fbb069fd7,True,,,,,,,,,,1.0,1.0,1.0,1.0,0.03866863670882991,1.0,0.0,1.0,1.0,0.5745839489715093
5445,93f8dde94dbff4d7d,True,,,,,,,,,,1.0,1.0,1.0,1.0,0.0,1.0,1.0,1.0,1.0,0.6875
5446,12b8102851dec66e5,True,,,,,,,,,,1.0,1.0,1.0,1.0,0.004490119082808364,1.0,1.0,1.0,1.0,0.6889031622133777
5447,c966f12167e10d758,True,,,,,,,,,,1.0,1.0,1.0,1.0,0.14579857073760716,1.0,1.0,1.0,0.0,0.6080620533555022
5448,cabbf4a701b27f4f2,True,,,,,,,,,,1.0,0.0,1.0,1.0,0.314084102468136,1.0,0.0,0.0,0.0,0.0
5449,5634addd2134d1453,True,,,,,,,,,,1.0,1.0,1.0,1.0,0.0,1.0,0.0,1.0,1.0,0.5625
5450,40f8e0ab453bddbb1,True,,,,,,,,,,1.0,1.0,1.0,1.0,0.11759985263753128,1.0,0.0,1.0,1.0,0.5992499539492285
5451,d603eac1517a7fe9a,True,,,,,,,,,,1.0,1.0,1.0,1.0,0.2180062787771707,1.0,1.0,0.0,0.0,0.5056269621178658
5452,3c4a076e3eb21f85e,True,,,,,,,,,,1.0,1.0,0.0,1.0,1.0,1.0,0.0,0.0,0.0,0.0
5453,81cd2035c0d6c6dbb,True,,,,,,,,,,1.0,1.0,0.5,1.0,0.6132560097726293,1.0,0.0,1.0,0.0,0.3145712515269733
5454,fc9d3ef48d94c0485,True,,,,,,,,,,1.0,1.0,1.0,1.0,0.05045910221108218,1.0,0.0,1.0,1.0,0.5782684694409632
5455,9afa1551ea25fbb00,True,,,,,,,,,,1.0,1.0,1.0,1.0,0.2937638691135598,1.0,0.0,0.0,0.0,0.40430120909798745
5456,7e6c6310177832aed,True,,,,,,,,,,1.0,1.0,1.0,1.0,0.0191878801692302,1.0,1.0,1.0,1.0,0.6934962125528845
5457,932b2f68de04adb10,True,,,,,,,,,,1.0,1.0,1.0,1.0,1.0,1.0,0.0,1.0,1.0,0.875
5458,9cef002202fcf25ea,True,,,,,,,,,,1.0,1.0,1.0,1.0,0.0,1.0,0.0,1.0,1.0,0.5625
5459,403fbd9b66d2c8d5f,True,,,,,,,,,,1.0,0.0,0.5,1.0,1.0,1.0,0.0,0.0,0.0,0.0
5460,28ee06f98b43e0a85,True,,,,,,,,,,1.0,1.0,1.0,1.0,0.3342421674276458,1.0,1.0,1.0,1.0,0.7919506773211393
5461,e472efc62c061addf,True,,,,,,,,,,1.0,1.0,1.0,1.0,0.1754147738296671,1.0,1.0,1.0,0.0,0.617317116821771
5462,445dc87ec088dd46a,True,,,,,,,,,,1.0,1.0,1.0,1.0,0.15015988334331912,1.0,1.0,1.0,0.0,0.6094249635447873
5463,6df6f08cd7de3b69e,True,,,,,,,,,,1.0,1.0,1.0,1.0,0.1382586791482416,1.0,1.0,1.0,0.0,0.6057058372338255
5464,8d71beefa48cb91fb,True,,,,,,,,,,1.0,1.0,1.0,1.0,0.32367758665866275,1.0,1.0,0.0,0.0,0.5386492458308321
5465,ae40e2e1ac7bb59ef,True,,,,,,,,,,1.0,1.0,1.0,1.0,0.0024401019103712767,1.0,1.0,1.0,1.0,0.688262531846991
5466,23bbff1d97344d8cd,True,,,,,,,,,,1.0,1.0,1.0,1.0,0.20960991023917622,1.0,1.0,0.0,0.0,0.5030030969497425
5467,a13664addc273bf0a,True,,,,,,,,,,1.0,1.0,1.0,1.0,0.17138484001819734,1.0,0.0,1.0,0.0,0.49105776250568667
5468,dabeaa21a655424eb,True,,,,,,,,,,1.0,1.0,1.0,1.0,0.05212374730607228,1.0,1.0,1.0,1.0,0.7037886710331476
5469,1ae5d174f7d867121,True,,,,,,,,,,1.0,1.0,1.0,1.0,0.0,1.0,1.0,1.0,1.0,0.6875
5470,3eb821b7811f5890d,True,,,,,,,,,,1.0,1.0,1.0,1.0,0.010879459197978173,1.0,0.0,1.0,1.0,0.5658998309993681
5471,7d08b706a7adba557,True,,,,,,,,,,1.0,1.0,1.0,1.0,0.21888707464772617,1.0,0.0,0.0,0.0,0.38090221082741443
5472,3504f8f8ec86e462f,True,,,,,,,,,,1.0,1.0,1.0,1.0,0.15372903879971375,1.0,0.0,1.0,0.0,0.48554032462491054
5473,d43228a4743b49a37,True,,,,,,,,,,1.0,1.0,1.0,1.0,0.10316304360171567,1.0,1.0,1.0,1.0,0.7197384511255361
5474,8fa659be9812d12ac,True,,,,,,,,,,1.0,1.0,1.0,1.0,0.3092196401401442,1.0,0.0,1.0,0.0,0.534131137543795
5475,2a9148d48b42cfd7e,True,,,,,,,,,,1.0,1.0,1.0,1.0,0.24420421358512218,1.0,1.0,0.0,0.0,0.5138138167453506
5476,edcd482f0136b535d,True,,,,,,,,,,1.0,1.0,1.0,1.0,0.16155307544079353,1.0,0.0,1.0,0.0,0.48798533607524797
5477,4f77731642644b559,True,,,,,,,,,,1.0,1.0,1.0,1.0,0.08888758224627419,1.0,1.0,1.0,1.0,0.7152773694519607
5478,5ebd4357b2535cfa9,True,,,,,,,,,,1.0,1.0,1.0,1.0,0.2928372399722504,1.0,0.0,0.0,0.0,0.4040116374913283
5479,d7e2b5995b440ae0b,True,,,,,,,,,,1.0,1.0,1.0,1.0,1.0,1.0,1.0,1.0,1.0,1.0
5480,9862cd6616f18a7ed,True,,,,,,,,,,1.0,1.0,1.0,1.0,0.05227181848092075,1.0,1.0,1.0,1.0,0.7038349432752877
5481,95617d9c8d0165269,True,,,,,,,,,,1.0,1.0,1.0,1.0,0.214977619234607,1.0,1.0,0.0,0.0,0.5046805060108147
5482,c1f2006b4745c21bc,True,,,,,,,,,,1.0,1.0,1.0,1.0,0.19452717037168618,1.0,0.0,0.0,0.0,0.37328974074115195
5483,c481b1ded8232fa61,True,,,,,,,,,,1.0,1.0,1.0,1.0,0.03844911601868663,1.0,1.0,1.0,1.0,0.6995153487558396
5484,12df8311d005ad619,True,,,,,,,,,,1.0,1.0,1.0,1.0,0.11155599291412231,1.0,1.0,1.0,0.0,0.5973612477856632
5485,09175d9fa6fa3c5c2,True,,,,,,,,,,1.0,0.0,1.0,1.0,0.19440812478092262,1.0,0.0,0.0,0.0,0.0
5486,277e3887919b46cb1,True,,,,,,,,,,1.0,0.0,1.0,1.0,0.23210740097586224,1.0,0.0,0.0,0.0,0.0
5487,765b429e21230f949,True,,,,,,,,,,1.0,1.0,1.0,1.0,0.0,1.0,1.0,1.0,1.0,0.6875
5488,98fc31c7de325cbf0,True,,,,,,,,,,1.0,1.0,1.0,1.0,0.016606803284341526,1.0,1.0,1.0,1.0,0.6926896260263568
5489,5c732851fcda6c88c,True,,,,,,,,,,1.0,1.0,1.0,1.0,0.1660443605527137,1.0,0.0,1.0,0.0,0.489388862672723
5490,bd51b4ed9e85eff41,True,,,,,,,,,,1.0,1.0,1.0,1.0,0.29704493513949126,1.0,0.0,0.0,0.0,0.405326542231091
5491,f95cca8cfa91db038,True,,,,,,,,,,0.0,1.0,1.0,1.0,1.0,0.0,1.0,0.0,0.0,0.0
5492,988fa96e564a80331,True,,,,,,,,,,1.0,1.0,1.0,1.0,0.21557402650266463,1.0,1.0,0.0,0.0,0.5048668832820826
5493,fa04ce296f85923f0,True,,,,,,,,,,1.0,1.0,1.0,1.0,0.12505239732908205,1.0,1.0,1.0,0.0,0.6015788741653381
5494,3e2f29d51ba0c82c3,True,,,,,,,,,,1.0,1.0,1.0,1.0,0.045518415076499716,1.0,1.0,1.0,1.0,0.7017245047114062
5495,be4d95422b6b6e212,True,,,,,,,,,,1.0,1.0,1.0,1.0,0.12142225844243866,1.0,0.0,1.0,0.0,0.4754444557632621
5496,e035483e2731dcf6b,True,,,,,,,,,,1.0,0.0,1.0,1.0,1.0,1.0,1.0,1.0,0.0,0.0
5497,c9a4a1c914e8a249d,True,,,,,,,,,,1.0,0.0,1.0,1.0,1.0,1.0,1.0,0.0,0.0,0.0
5498,936b346e0cb941232,True,,,,,,,,,,1.0,1.0,1.0,1.0,0.2276316935457483,1.0,1.0,1.0,0.0,0.6336349042330464
5499,b22e723d346176e1f,True,,,,,,,,,,1.0,1.0,1.0,1.0,0.17047389732029536,1.0,0.0,1.0,0.0,0.4907730929125923
5500,547ea2ddfb8be2f7c,True,,,,,,,,,,0.0,1.0,1.0,1.0,0.18159344857026136,0.0,0.0,1.0,0.0,0.0
5501,d0df486d88c5b89d4,True,,,,,,,,,,1.0,1.0,1.0,1.0,0.1951716909273958,1.0,1.0,0.0,0.0,0.4984911534148112
5502,0ab5cb8557d3b269d,True,,,,,,,,,,1.0,1.0,0.5,1.0,0.49815930654269885,1.0,0.0,1.0,0.0,0.2965873916472967
5503,7ab2fe1651beb3aae,True,,,,,,,,,,1.0,1.0,1.0,1.0,0.25106062362875264,1.0,1.0,0.0,0.0,0.5159564448839852
5504,99304f2615a52fab7,True,,,,,,,,,,1.0,1.0,0.5,1.0,0.531227484273212,1.0,0.0,1.0,0.0,0.30175429441768936
5505,e3e11c324948199da,True,,,,,,,,,,1.0,1.0,1.0,1.0,1.0,1.0,1.0,1.0,1.0,1.0
5506,65dbb955b70b6a26d,True,,,,,,,,,,1.0,1.0,1.0,1.0,0.10495910311315991,1.0,0.0,1.0,1.0,0.5952997197228624
5507,fb83d9aa77ed50be0,True,,,,,,,,,,1.0,1.0,1.0,1.0,0.49505145002463424,1.0,0.0,1.0,0.0,0.5922035781326982
5508,3a3ec856e77a7616a,True,,,,,,,,,,1.0,1.0,1.0,1.0,0.2327828157616223,1.0,1.0,0.0,0.0,0.510244629925507
5509,45429b4b5e82551ac,True,,,,,,,,,,1.0,1.0,1.0,1.0,1.0,1.0,1.0,1.0,1.0,1.0
5510,db81ab220d6667266,True,,,,,,,,,,1.0,1.0,1.0,1.0,0.0,0.0,0.0,1.0,1.0,0.25
5511,a56de10e58a3c3d6e,True,,,,,,,,,,1.0,1.0,1.0,1.0,1.0,1.0,1.0,0.0,0.0,0.75
5512,1c53209f745ee0b66,True,,,,,,,,,,1.0,1.0,1.0,1.0,0.2571469796551462,1.0,1.0,0.0,0.0,0.5178584311422332
5513,7ee964bcd33d7480e,True,,,,,,,,,,1.0,1.0,1.0,1.0,0.1957311866742863,1.0,0.0,1.0,0.0,0.49866599583571447
5514,8254112e33078afad,True,,,,,,,,,,1.0,1.0,1.0,1.0,0.2782347623204285,1.0,1.0,1.0,0.0,0.6494483632251339
5515,adf39008de8774c39,True,,,,,,,,,,1.0,1.0,1.0,1.0,0.2924208987281912,1.0,1.0,0.0,0.0,0.5288815308525597
5516,140e7d68475dc3f63,True,,,,,,,,,,1.0,1.0,1.0,1.0,0.20727149383782345,1.0,1.0,0.0,0.0,0.5022723418243198
5517,0c19c99a701794b8d,True,,,,,,,,,,1.0,1.0,1.0,1.0,1.0,1.0,1.0,1.0,0.0,0.875
5518,2fb8e40dec69f26c4,True,,,,,,,,,,1.0,1.0,1.0,1.0,0.298560196885012,1.0,0.0,0.0,0.0,0.4058000615265662
5519,5ac7230087ab9e9cc,True,,,,,,,,,,1.0,1.0,1.0,1.0,0.4383640163301874,1.0,1.0,0.0,0.0,0.5744887551031835
5520,8ecb5a2059e8ef8ac,True,,,,,,,,,,1.0,1.0,0.5,1.0,1.0,1.0,0.0,1.0,0.0,0.375
5521,1d5df5d9b3e4a5b4e,True,,,,,,,,,,1.0,1.0,1.0,1.0,0.236367681570021,1.0,1.0,0.0,0.0,0.5113649004906315
5522,04de9b2eef6b71d6c,True,,,,,,,,,,1.0,1.0,1.0,1.0,0.19925352830053292,1.0,1.0,1.0,0.0,0.6247667275939166
5523,997532ca2ca1c8c42,True,,,,,,,,,,1.0,1.0,1.0,1.0,0.07348411833997179,1.0,1.0,1.0,1.0,0.7104637869812411
5524,3994aa71c5443aea3,True,,,,,,,,,,1.0,1.0,1.0,1.0,0.22356754921187943,1.0,0.0,1.0,0.0,0.5073648591287123
5525,bd7d7120ca6491008,True,,,,,,,,,,1.0,1.0,1.0,1.0,0.38667487518195776,1.0,1.0,1.0,0.0,0.6833358984943618
5526,ccaf60b54f92a7260,True,,,,,,,,,,1.0,1.0,1.0,1.0,0.2419384727555986,1.0,0.0,0.0,0.0,0.38810577273612457
5527,f38027c813030f619,True,,,,,,,,,,1.0,1.0,1.0,1.0,0.0,1.0,1.0,1.0,1.0,0.6875
5528,d6a8d396239dfefa0,True,,,,,,,,,,1.0,1.0,1.0,1.0,0.05373723293239062,1.0,1.0,1.0,1.0,0.7042928852913721
5529,49057fbf986facf33,True,,,,,,,,,,1.0,1.0,1.0,1.0,0.18092397063700522,1.0,0.0,1.0,0.0,0.4940387408240641
5530,b1d448fe8d77559fd,True,,,,,,,,,,1.0,1.0,1.0,1.0,0.28834695667348637,1.0,1.0,0.0,0.0,0.5276084239604645
5531,92a6f3f0e526faa65,True,,,,,,,,,,1.0,1.0,1.0,1.0,0.3159824343434823,1.0,0.0,0.0,0.0,0.4112445107323382
5532,2b357fcebd9642bfe,True,,,,,,,,,,1.0,0.0,1.0,1.0,1.0,1.0,0.0,1.0,0.0,0.0
5533,7cd1093d133170449,True,,,,,,,,,,1.0,1.0,1.0,1.0,1.0,1.0,1.0,0.0,0.0,0.75
5534,273762480ecf0bcd6,True,,,,,,,,,,1.0,1.0,1.0,1.0,0.0,1.0,0.0,1.0,1.0,0.5625
5535,8868a14471179c2a7,True,,,,,,,,,,1.0,1.0,0.5,1.0,1.0,1.0,0.0,0.0,0.0,0.3125
5536,4db96dc771995ab32,True,,,,,,,,,,1.0,1.0,1.0,1.0,0.21898016423809394,1.0,0.0,1.0,0.0,0.5059313013244043
5537,71d45b383e1e50669,True,,,,,,,,,,1.0,1.0,1.0,1.0,0.012218541768119826,1.0,1.0,1.0,1.0,0.6913182943025374
5538,21473775434910bbe,True,,,,,,,,,,1.0,1.0,1.0,1.0,1.0,1.0,0.0,1.0,1.0,0.875
5539,11f2411e873c0fa28,True,,,,,,,,,,1.0,1.0,1.0,1.0,0.1998532169934192,1.0,0.0,0.0,0.0,0.3749541303104435
5540,80b2e317f6ca277c9,True,,,,,,,,,,1.0,1.0,1.0,1.0,0.14963041344090025,1.0,0.0,1.0,1.0,0.6092595042002813
5541,69f612044609b63d1,True,,,,,,,,,,1.0,1.0,1.0,1.0,0.26745486368680593,1.0,1.0,0.0,0.0,0.5210796449021269
5542,a9beba0462c712f13,True,,,,,,,,,,1.0,1.0,1.0,1.0,0.014677733086947626,1.0,0.0,1.0,1.0,0.5670867915896711
5543,ca4b53e32b7f4aedf,True,,,,,,,,,,1.0,1.0,1.0,1.0,0.1696512663471596,1.0,0.0,1.0,0.0,0.4905160207334874
5544,af7c2f2eb8cc6b36d,True,,,,,,,,,,1.0,0.0,1.0,1.0,1.0,1.0,1.0,1.0,0.0,0.0
5545,5fa2d65d901225f48,True,,,,,,,,,,1.0,1.0,1.0,1.0,0.12435204622157713,1.0,1.0,1.0,0.0,0.6013600144442428
5546,b594f9ffaa680c514,True,,,,,,,,,,1.0,1.0,1.0,1.0,0.16002922183677692,1.0,0.0,1.0,0.0,0.4875091318239928
5547,312967b0fb74d9524,True,,,,,,,,,,1.0,1.0,1.0,1.0,0.06660359184732736,1.0,1.0,1.0,1.0,0.7083136224522898
5548,32888a8d5ffa4cfa6,True,,,,,,,,,,1.0,1.0,1.0,0.0,1.0,1.0,1.0,0.0,0.0,0.0
5549,65d059ca1a57ebca1,True,,,,,,,,,,1.0,1.0,1.0,1.0,0.3225854332541611,1.0,0.0,0.0,0.0,0.4133079478919254
5550,d07109d7827c6eace,True,,,,,,,,,,1.0,1.0,1.0,1.0,0.0,1.0,1.0,0.0,1.0,0.5625
5551,eaf95271513c8b2e5,True,,,,,,,,,,1.0,1.0,1.0,1.0,0.1500757662745524,1.0,1.0,1.0,0.0,0.6093986769607976
5552,0ce555951f9b6a445,True,,,,,,,,,,1.0,1.0,1.0,1.0,0.21605439047740713,1.0,1.0,0.0,0.0,0.5050169970241898
5553,068049348ed36eb6a,True,,,,,,,,,,1.0,1.0,1.0,1.0,0.0,1.0,1.0,1.0,1.0,0.6875
5554,49f60cc575589f36c,True,,,,,,,,,,1.0,1.0,1.0,1.0,0.26346562720525385,1.0,1.0,0.0,0.0,0.5198330085016418
5555,4366160abaeabb363,True,,,,,,,,,,1.0,1.0,1.0,1.0,0.20597727796540377,1.0,0.0,0.0,0.0,0.3768678993641887
5556,eb9e203aa49fcf83a,True,,,,,,,,,,1.0,1.0,1.0,1.0,0.27157590053708835,1.0,1.0,0.0,0.0,0.5223674689178401
5557,41c063fac49e3b5e2,True,,,,,,,,,,1.0,1.0,1.0,1.0,0.0,1.0,1.0,1.0,1.0,0.6875
5558,a20d11131b97593ab,True,,,,,,,,,,1.0,1.0,1.0,1.0,0.20400202118965538,1.0,0.0,0.0,0.0,0.3762506316217673
5559,6947b69561a94404d,True,,,,,,,,,,1.0,1.0,1.0,1.0,1.0,1.0,0.0,0.0,0.0,0.625
5560,efd620a9103f0ef3f,True,,,,,,,,,,1.0,1.0,1.0,1.0,0.16648847523514215,1.0,1.0,1.0,1.0,0.7395276485109818
5561,d29fc0876909edc75,True,,,,,,,,,,1.0,1.0,1.0,1.0,0.07723949725309948,1.0,1.0,1.0,1.0,0.7116373428915936
5562,2796e0e0b71483121,True,,,,,,,,,,1.0,1.0,1.0,1.0,1.0,0.0,1.0,1.0,0.0,0.5625
5563,a538a6acee46ef831,True,,,,,,,,,,1.0,1.0,1.0,1.0,0.2312917923861069,1.0,1.0,0.0,0.0,0.5097786851206584
5564,8f22304866f36485f,True,,,,,,,,,,1.0,1.0,1.0,1.0,0.17869630827703956,1.0,0.0,1.0,0.0,0.49334259633657485
5565,d021a67c53a7865f3,True,,,,,,,,,,1.0,1.0,1.0,1.0,0.16559352255621929,1.0,0.0,1.0,0.0,0.4892479757988185
5566,2fde3a5e36412e1a9,True,,,,,,,,,,1.0,0.0,1.0,1.0,1.0,1.0,1.0,1.0,0.0,0.0
5567,a64fb9390dd8520e5,True,,,,,,,,,,0.0,1.0,1.0,1.0,1.0,0.0,0.0,0.0,0.0,0.0
5568,0ac03aaa52e160cd9,True,,,,,,,,,,1.0,0.0,1.0,1.0,0.15298839959770982,1.0,1.0,1.0,0.0,0.0
5569,c42f42235ba427d14,True,,,,,,,,,,1.0,1.0,1.0,1.0,0.11523006880219945,1.0,1.0,1.0,0.0,0.5985093965006874
5570,74e23535d8622107d,True,,,,,,,,,,1.0,1.0,1.0,1.0,0.1409347501972399,1.0,0.0,1.0,0.0,0.48154210943663744
5571,427601a379941fcbc,True,,,,,,,,,,1.0,1.0,1.0,1.0,0.0926588007354173,1.0,1.0,1.0,1.0,0.7164558752298179
5572,71965da4aff01d13c,True,,,,,,,,,,1.0,0.0,1.0,1.0,0.21816416526892832,1.0,0.0,1.0,0.0,0.0
5573,11f7a7f38a5e98d20,True,,,,,,,,,,1.0,0.0,1.0,1.0,0.2458621618641773,1.0,0.0,0.0,0.0,0.0
5574,d44eb346043c78d47,True,,,,,,,,,,1.0,1.0,0.0,1.0,1.0,1.0,0.0,0.0,0.0,0.0
5575,78dcfe822980510bd,True,,,,,,,,,,1.0,1.0,1.0,1.0,0.5145458293024745,1.0,0.0,0.0,0.0,0.4732955716570233
5576,74ccd6443745d7a0a,True,,,,,,,,,,0.0,1.0,1.0,1.0,0.39783737276780656,0.0,0.0,1.0,0.0,0.0
5577,9b219df65a0e3f22b,True,,,,,,,,,,1.0,1.0,1.0,1.0,1.0,1.0,0.0,0.0,0.0,0.625
5578,bc72fc9245a523440,True,,,,,,,,,,1.0,1.0,1.0,1.0,0.12861648429433445,1.0,0.0,1.0,1.0,0.6026926513419795
5579,355219fd5c589d7e5,True,,,,,,,,,,0.0,1.0,1.0,1.0,1.0,0.0,1.0,0.0,0.0,0.0
5580,e3a1602ce511b854c,True,,,,,,,,,,1.0,0.0,1.0,1.0,0.21996294981167278,1.0,1.0,0.0,0.0,0.0
5581,18f43a288ddc873cc,True,,,,,,,,,,1.0,1.0,1.0,1.0,0.0,1.0,1.0,1.0,1.0,0.6875
5582,45d88e7f92a4a9e74,True,,,,,,,,,,1.0,1.0,1.0,1.0,0.05660330556053353,1.0,1.0,1.0,1.0,0.7051885329876667
5583,03e37daebfce2fb65,True,,,,,,,,,,1.0,1.0,1.0,1.0,0.43099172686502674,1.0,1.0,1.0,0.0,0.6971849146453208
5584,48f968a3c272876d9,True,,,,,,,,,,1.0,1.0,1.0,1.0,0.0,1.0,1.0,1.0,1.0,0.6875
5585,fc618b0134a5e9634,True,,,,,,,,,,1.0,1.0,1.0,1.0,0.20827351559400556,1.0,1.0,1.0,0.0,0.6275854736231268
5586,55e61bb960bd1bfcd,True,,,,,,,,,,1.0,1.0,1.0,1.0,0.20180001685540944,1.0,0.0,0.0,0.0,0.37556250526731544
5587,e422b7a7bb9c41f95,True,,,,,,,,,,1.0,1.0,1.0,1.0,1.0,1.0,1.0,1.0,1.0,1.0
5588,e9a53fb1b01539d71,True,,,,,,,,,,1.0,1.0,1.0,1.0,0.20586672813166548,1.0,0.0,1.0,0.0,0.5018333525411455
5589,46ccc7e9752595671,True,,,,,,,,,,1.0,1.0,1.0,1.0,0.0,1.0,0.0,1.0,1.0,0.5625
5590,0062f66f0a168555e,True,,,,,,,,,,1.0,1.0,1.0,1.0,0.0711835909637835,1.0,1.0,1.0,1.0,0.7097448721761823
5591,02d32235a5a1497cc,True,,,,,,,,,,1.0,1.0,1.0,1.0,0.16648920483190932,1.0,0.0,1.0,0.0,0.48952787650997165
5592,38243f89c66ef146f,True,,,,,,,,,,1.0,1.0,1.0,1.0,0.0,1.0,1.0,1.0,1.0,0.6875
5593,6fad2bc43e18270d8,True,,,,,,,,,,1.0,1.0,1.0,1.0,0.34477672740030435,1.0,0.0,0.0,0.0,0.4202427273125951
5594,caa48a6115952f402,True,,,,,,,,,,1.0,0.0,1.0,1.0,1.0,1.0,0.0,0.0,0.0,0.0
5595,bee9d6dc42a9d273c,True,,,,,,,,,,1.0,1.0,1.0,1.0,0.1300665721439064,1.0,1.0,1.0,1.0,0.7281458037949707
5596,3adb9fc78ee100b06,True,,,,,,,,,,1.0,0.0,1.0,1.0,1.0,1.0,1.0,1.0,0.0,0.0
5597,5808626bda0a920a5,True,,,,,,,,,,1.0,1.0,1.0,1.0,0.19441134701972557,1.0,0.0,0.0,0.0,0.3732535459436642
5598,68bca311e7f195048,True,,,,,,,,,,1.0,1.0,1.0,1.0,0.2684768818721604,1.0,1.0,1.0,0.0,0.6463990255850501
5599,96cad6ca7a1cc6e43,True,,,,,,,,,,1.0,1.0,1.0,1.0,0.06176214161668251,1.0,1.0,1.0,1.0,0.7068006692552133
5600,3b82c1b1ab67f0c9a,True,,,,,,,,,,1.0,0.0,1.0,1.0,0.16960605675633791,1.0,0.0,1.0,0.0,0.0
5601,70204e1d928083e97,True,,,,,,,,,,1.0,1.0,1.0,1.0,0.04179607276298716,1.0,1.0,1.0,1.0,0.7005612727384335
5602,aae1bf6255a96ecbe,True,,,,,,,,,,1.0,1.0,1.0,1.0,0.3041633619902075,1.0,0.0,0.0,0.0,0.40755105062193986
5603,4f4120c32c9c42c47,True,,,,,,,,,,1.0,1.0,1.0,1.0,0.15216915482363425,1.0,1.0,1.0,0.0,0.6100528608823856
5604,170cbe90db917432e,True,,,,,,,,,,1.0,1.0,1.0,1.0,0.23712867027166945,1.0,0.0,0.0,0.0,0.3866027094598967
5605,99e402b94de45b44b,True,,,,,,,,,,1.0,1.0,1.0,1.0,0.15563857393236638,1.0,1.0,1.0,0.0,0.6111370543538646
5606,014d40ca62123c161,True,,,,,,,,,,1.0,1.0,1.0,1.0,1.0,1.0,1.0,1.0,0.0,0.875
5607,dfaaf61d58472b476,True,,,,,,,,,,1.0,1.0,1.0,1.0,0.17797021559308396,1.0,1.0,1.0,0.0,0.6181156923728388
5608,9aaa6dbe1c4b11d07,True,,,,,,,,,,1.0,1.0,1.0,1.0,0.0911969708472459,1.0,1.0,1.0,1.0,0.7159990533897643
5609,d7df71a05797f5711,True,,,,,,,,,,1.0,1.0,1.0,1.0,0.0,1.0,0.0,1.0,1.0,0.5625
5610,8ddd0967554f03e92,True,,,,,,,,,,1.0,1.0,1.0,1.0,0.0,1.0,0.0,1.0,1.0,0.5625
5611,ecd4cf358c244bf21,True,,,,,,,,,,0.5,0.0,1.0,1.0,0.859722048999338,0.0,0.0,0.0,0.0,0.0
5612,fd163457fdae33b78,True,,,,,,,,,,1.0,0.0,1.0,1.0,1.0,1.0,1.0,1.0,0.0,0.0
5613,059699c7343bcc1bc,True,,,,,,,,,,1.0,1.0,1.0,1.0,0.2775273992674323,1.0,0.0,0.0,0.0,0.3992273122710726
5614,0f4ea7fb12b00026d,True,,,,,,,,,,1.0,1.0,1.0,1.0,0.0,1.0,1.0,1.0,1.0,0.6875
5615,05eb9641b2003663e,True,,,,,,,,,,1.0,1.0,1.0,1.0,0.08550465713352595,1.0,1.0,1.0,1.0,0.7142202053542268
5616,9e0cc66836c767421,True,,,,,,,,,,1.0,1.0,1.0,1.0,0.2809933924018803,1.0,0.0,0.0,0.0,0.4003104351255876
5617,fa938137662435c29,True,,,,,,,,,,1.0,1.0,1.0,1.0,0.0,1.0,1.0,1.0,1.0,0.6875
5618,8f84117d4bb5c6f9b,True,,,,,,,,,,1.0,1.0,1.0,1.0,0.2541260482784919,1.0,0.0,0.0,0.0,0.3919143900870287
5619,80f0bde16c34c246a,True,,,,,,,,,,1.0,1.0,1.0,1.0,0.3362925782590639,1.0,0.0,1.0,0.0,0.5425914307059575
5620,b3af98bca187d3a52,True,,,,,,,,,,0.0,0.0,0.5,1.0,1.0,0.0,0.0,0.0,0.0,0.0
5621,5dfd054f0a5ff50d9,True,,,,,,,,,,1.0,1.0,1.0,1.0,0.41669391051193055,1.0,1.0,0.0,0.0,0.5677168470349783
5622,a368b8806368419d0,True,,,,,,,,,,1.0,1.0,1.0,1.0,0.3104897236194487,1.0,0.0,0.0,0.0,0.40952803863107773
5623,29ac6cd782f3052a8,True,,,,,,,,,,1.0,1.0,0.0,1.0,1.0,1.0,0.0,0.0,0.0,0.0
5624,b7e991a05053bf3b9,True,,,,,,,,,,1.0,0.0,0.0,1.0,1.0,1.0,0.0,0.0,0.0,0.0
5625,531e4c58eeca959a5,True,,,,,,,,,,1.0,1.0,1.0,1.0,0.10175003979436043,1.0,1.0,1.0,1.0,0.7192968874357376
5626,8540d07d75bf477e8,True,,,,,,,,,,0.0,1.0,1.0,1.0,0.21178132904394684,0.0,0.0,0.0,0.0,0.0
5627,2d56e1301f6cafa55,True,,,,,,,,,,1.0,1.0,1.0,1.0,1.0,0.0,1.0,1.0,0.0,0.5625
5628,b1c87adfc82a52734,True,,,,,,,,,,1.0,1.0,1.0,1.0,0.2892134245991596,1.0,0.0,0.0,0.0,0.40287919518723736
5629,f2b84517dc455c03f,True,,,,,,,,,,1.0,1.0,1.0,1.0,0.3929383751680517,1.0,1.0,1.0,0.0,0.6852932422400162
5630,39cc92992ccc3244a,True,,,,,,,,,,1.0,1.0,1.0,1.0,0.313490832113396,1.0,0.0,0.0,0.0,0.41046588503543624
5631,20a8cbfef6940983b,True,,,,,,,,,,1.0,1.0,1.0,1.0,0.04493427406917086,1.0,1.0,1.0,1.0,0.7015419606466159
5632,4b9efbcd44942d553,True,,,,,,,,,,1.0,1.0,1.0,1.0,0.0,1.0,1.0,1.0,1.0,0.6875
5633,17014286d867292ae,True,,,,,,,,,,1.0,1.0,1.0,1.0,0.0,1.0,1.0,1.0,1.0,0.6875
5634,83d2191f456a3fa85,True,,,,,,,,,,1.0,1.0,1.0,1.0,0.21037746764072912,1.0,1.0,0.0,0.0,0.5032429586377278
5635,4d6386d3f9143b9e0,True,,,,,,,,,,1.0,1.0,1.0,1.0,0.3091328515997831,1.0,0.0,0.0,0.0,0.4091040161249322
5636,e26b9a326897c57c3,True,,,,,,,,,,1.0,1.0,1.0,1.0,0.12523391740349304,1.0,1.0,1.0,0.0,0.6016355991885916
5637,32e366dcde5a1ff12,True,,,,,,,,,,1.0,1.0,1.0,1.0,0.2555343305306949,1.0,0.0,0.0,0.0,0.39235447829084213
5638,23a9805ef118f909c,True,,,,,,,,,,1.0,1.0,1.0,1.0,0.23328439257225683,1.0,0.0,0.0,0.0,0.38540137267883023
5639,50efe42947fa108c7,True,,,,,,,,,,1.0,1.0,1.0,1.0,0.2677651804357277,1.0,1.0,1.0,0.0,0.6461766188861648
5640,25c09023519316f41,True,,,,,,,,,,1.0,0.0,1.0,1.0,1.0,1.0,0.0,0.0,0.0,0.0
5641,67df061cc3bf5fa44,True,,,,,,,,,,1.0,1.0,1.0,1.0,0.1453115723313991,1.0,1.0,1.0,0.0,0.6079098663535623
5642,16a84f7e077130ca6,True,,,,,,,,,,1.0,1.0,0.5,1.0,0.9940677987114331,1.0,1.0,0.0,0.0,0.3740730935486614
5643,5fe5ada2e768e26b3,True,,,,,,,,,,0.0,1.0,1.0,1.0,1.0,0.0,0.0,1.0,0.0,0.0
5644,568447ab7f82a5918,True,,,,,,,,,,1.0,1.0,0.0,1.0,1.0,1.0,0.0,0.0,0.0,0.0
5645,d86953527b4e9a76d,True,,,,,,,,,,1.0,0.0,0.0,1.0,1.0,1.0,0.0,0.0,0.0,0.0
5646,4189825e20758be70,True,,,,,,,,,,1.0,1.0,1.0,1.0,0.08709827430890224,1.0,1.0,1.0,0.0,0.589718210721532
5647,665d1799755e51e9a,True,,,,,,,,,,1.0,1.0,1.0,1.0,0.46308948100738295,1.0,0.0,1.0,0.0,0.5822154628148072
5648,ff530ac4388942e42,True,,,,,,,,,,1.0,1.0,1.0,1.0,0.1919538125229648,1.0,1.0,1.0,0.0,0.6224855664134266
5649,1dc0a8f14dc973a72,True,,,,,,,,,,1.0,1.0,1.0,1.0,0.017352797989983182,1.0,1.0,1.0,1.0,0.6929227493718697
5650,f2d7c34919985c798,True,,,,,,,,,,0.0,1.0,1.0,1.0,1.0,0.0,0.0,0.0,0.0,0.0
5651,1ea8537ea6898e4e2,True,,,,,,,,,,1.0,1.0,1.0,1.0,0.20357269171000866,1.0,0.0,0.0,0.0,0.3761164661593777
5652,c7eba674ea24ca81f,True,,,,,,,,,,1.0,1.0,1.0,1.0,0.4483177402309279,1.0,0.0,0.0,0.0,0.45259929382216496
5653,1e90f84f7e7bca603,True,,,,,,,,,,1.0,1.0,1.0,1.0,1.0,1.0,1.0,1.0,0.0,0.875
5654,e318affbd4be74ca2,True,,,,,,,,,,1.0,1.0,0.5,1.0,0.29188866667039426,1.0,0.0,0.0,0.0,0.2018576041672491
5655,6faa95e5cb1141518,True,,,,,,,,,,1.0,1.0,1.0,1.0,0.09296281144258982,1.0,0.0,1.0,1.0,0.5915508785758093
5656,10e6f976d1a03f693,True,,,,,,,,,,1.0,1.0,1.0,1.0,0.1486744222378958,1.0,1.0,1.0,0.0,0.6089607569493425
5657,4c8f99b2e4efaa034,True,,,,,,,,,,1.0,1.0,1.0,1.0,0.14257094009753207,1.0,0.0,1.0,0.0,0.4820534187804788
5658,99f90a71ce3411a4f,True,,,,,,,,,,1.0,1.0,1.0,1.0,1.0,1.0,0.0,0.0,0.0,0.625
5659,8586a8b63a4fed64c,True,,,,,,,,,,1.0,1.0,0.0,1.0,1.0,1.0,0.0,0.0,0.0,0.0
5660,1b7254e27f1faae48,True,,,,,,,,,,0.0,1.0,1.0,1.0,1.0,0.0,1.0,0.0,0.0,0.0
5661,d18a444ba754870e9,True,,,,,,,,,,1.0,1.0,0.5,1.0,1.0,1.0,0.0,0.0,0.0,0.3125
5662,d220a708760298c7f,True,,,,,,,,,,1.0,1.0,1.0,1.0,0.2566886420903251,1.0,1.0,0.0,0.0,0.5177152006532266
5663,cde1512dfd75d52a2,True,,,,,,,,,,1.0,1.0,1.0,1.0,0.0,1.0,1.0,1.0,1.0,0.6875
5664,fde62db47c2545623,True,,,,,,,,,,1.0,1.0,1.0,1.0,0.19057431444666828,1.0,1.0,1.0,0.0,0.6220544732645839
5665,fff9b31e14a7c9885,True,,,,,,,,,,1.0,1.0,1.0,1.0,0.0,1.0,0.0,1.0,1.0,0.5625
5666,241e6bedc6fcf2de4,True,,,,,,,,,,1.0,0.0,1.0,1.0,0.5050390558349072,1.0,1.0,0.0,0.0,0.0
5667,2bf5a9368dfcf4f1a,True,,,,,,,,,,1.0,1.0,0.5,1.0,1.0,1.0,1.0,0.0,0.0,0.375
5668,385a771804ff89676,True,,,,,,,,,,1.0,0.0,1.0,1.0,0.2623323524399105,1.0,0.0,0.0,0.0,0.0
5669,59837e4159b9ac2a4,True,,,,,,,,,,1.0,1.0,1.0,1.0,0.21953948188726477,1.0,0.0,1.0,0.0,0.5061060880897703
5670,b05df43ae389b79eb,True,,,,,,,,,,1.0,0.0,1.0,1.0,1.0,1.0,1.0,0.0,0.0,0.0
5671,b7f53c6ea01b7cbc9,True,,,,,,,,,,1.0,1.0,1.0,1.0,0.0,1.0,0.0,1.0,1.0,0.5625
5672,f643477a1fb277583,True,,,,,,,,,,1.0,1.0,1.0,1.0,0.20112678770625736,1.0,1.0,1.0,0.0,0.6253521211582054
5673,aee13b42cfd66c8a3,True,,,,,,,,,,1.0,1.0,1.0,1.0,0.0,1.0,1.0,1.0,1.0,0.6875
5674,e53ada22df8520033,True,,,,,,,,,,1.0,1.0,1.0,1.0,0.14551544480441087,1.0,1.0,1.0,0.0,0.6079735765013784
5675,9cb5545908502a26c,True,,,,,,,,,,1.0,1.0,1.0,1.0,0.11934788309271169,1.0,1.0,1.0,0.0,0.5997962134664724
5676,e6338db1d83f3ba4e,True,,,,,,,,,,1.0,1.0,1.0,1.0,0.28039188772671325,1.0,0.0,0.0,0.0,0.4001224649145979
5677,e6d6645a3d41d9627,True,,,,,,,,,,1.0,1.0,1.0,1.0,1.0,1.0,1.0,1.0,1.0,1.0
5678,312963b5a180fcf28,True,,,,,,,,,,1.0,1.0,1.0,1.0,0.1631353832040531,1.0,0.0,1.0,0.0,0.4884798072512666
5679,7f0488639b20ae5c7,True,,,,,,,,,,1.0,1.0,1.0,1.0,0.30641080594316067,1.0,1.0,0.0,0.0,0.5332533768572377
5680,c71bdecb4c4eb5848,True,,,,,,,,,,1.0,1.0,1.0,1.0,0.009935759448628725,1.0,0.0,1.0,1.0,0.5656049248276964
5681,3c66eb3d48ad162dc,True,,,,,,,,,,1.0,0.0,1.0,1.0,0.21766653756228507,1.0,1.0,1.0,0.0,0.0
5682,ad6a7a2414e2a5ac3,True,,,,,,,,,,1.0,1.0,0.0,1.0,1.0,1.0,0.0,0.0,0.0,0.0
5683,ff2e7e48f5ee14950,True,,,,,,,,,,1.0,1.0,0.5,1.0,0.8541404694455101,1.0,0.0,1.0,0.0,0.352209448350861
5684,a480f952c0cac164f,True,,,,,,,,,,1.0,1.0,1.0,1.0,0.00717470872122057,1.0,1.0,1.0,1.0,0.6897420964753814
5685,ffa71fc1b5b55f4ea,True,,,,,,,,,,1.0,1.0,1.0,1.0,0.21144164883745198,1.0,1.0,0.0,0.0,0.5035755152617037
5686,892680e2569238f20,True,,,,,,,,,,1.0,1.0,1.0,1.0,0.20848601295222535,1.0,0.0,0.0,0.0,0.3776518790475704
5687,7b34cc67f7a1ee247,True,,,,,,,,,,1.0,1.0,1.0,1.0,0.025540014679244726,1.0,0.0,1.0,1.0,0.570481254587264
5688,b38c2b62761a1929d,True,,,,,,,,,,1.0,1.0,1.0,1.0,0.24359906210731794,1.0,0.0,1.0,0.0,0.5136247069085369
5689,989f4b8f1e6bddc26,True,,,,,,,,,,1.0,1.0,1.0,1.0,0.0,1.0,1.0,1.0,1.0,0.6875
5690,1045550ffaa740987,True,,,,,,,,,,1.0,1.0,1.0,1.0,0.2098860081430581,1.0,0.0,1.0,0.0,0.5030893775447056
5691,d10399f19fe745cd8,True,,,,,,,,,,0.0,1.0,1.0,1.0,1.0,0.0,1.0,1.0,0.0,0.0
5692,3176ea282b5516214,True,,,,,,,,,,1.0,1.0,1.0,1.0,1.0,1.0,0.0,0.0,0.0,0.625
5693,db59121d7d601b04b,True,,,,,,,,,,1.0,1.0,1.0,1.0,0.48350221894604406,1.0,0.0,1.0,0.0,0.5885944434206387
5694,4011046e283cb0a28,True,,,,,,,,,,1.0,1.0,1.0,1.0,0.0016559240270860572,1.0,1.0,1.0,1.0,0.6880174762584643
5695,8ad941de7669cfce3,True,,,,,,,,,,1.0,1.0,1.0,1.0,1.0,1.0,0.0,1.0,0.0,0.75
5696,19762a72ff72dc0cd,True,,,,,,,,,,1.0,1.0,1.0,1.0,0.09449907406923505,1.0,1.0,1.0,1.0,0.717030960646636
5697,78fdd992fa8acb334,True,,,,,,,,,,1.0,1.0,1.0,1.0,0.49554982384070123,1.0,1.0,0.0,0.0,0.5923593199502191
5698,dbc538d7bed435cad,True,,,,,,,,,,1.0,1.0,1.0,1.0,1.0,1.0,1.0,1.0,0.0,0.875
5699,8eddcff969b67fe18,True,,,,,,,,,,1.0,1.0,1.0,1.0,0.024386323464593775,1.0,1.0,1.0,1.0,0.6951207260826855
5700,13d12623bf8ef0e4f,True,,,,,,,,,,1.0,1.0,0.5,1.0,0.2552434080432738,1.0,0.0,0.0,0.0,0.19613178250676153
5701,85102a1c7b55bc154,True,,,,,,,,,,1.0,1.0,1.0,1.0,0.008930347181258569,1.0,1.0,1.0,1.0,0.6902907334941433
5702,48b2b4044e41f6e13,True,,,,,,,,,,1.0,1.0,1.0,1.0,0.013233485524234605,1.0,1.0,1.0,1.0,0.6916354642263234
5703,e1a0c043fd6b131e0,True,,,,,,,,,,1.0,1.0,1.0,1.0,0.0016165834629314202,1.0,0.0,1.0,1.0,0.563005182332166
5704,bfba18000f192b90d,True,,,,,,,,,,1.0,1.0,1.0,1.0,0.21671966843067042,1.0,1.0,0.0,0.0,0.5052248963845845
5705,01ac04b9f18ecdbc6,True,,,,,,,,,,1.0,0.0,1.0,1.0,1.0,1.0,1.0,1.0,0.0,0.0
5706,deec5be8952223b5f,True,,,,,,,,,,1.0,1.0,1.0,1.0,0.2110331245855249,1.0,1.0,0.0,0.0,0.5034478514329765
5707,30123728ead1b4804,True,,,,,,,,,,1.0,1.0,1.0,1.0,1.0,1.0,1.0,0.0,0.0,0.75
5708,c82ec728742abfe9a,True,,,,,,,,,,1.0,1.0,1.0,1.0,0.015605123913433144,1.0,1.0,1.0,1.0,0.6923766012229479
5709,69983915889fb6856,True,,,,,,,,,,1.0,1.0,1.0,1.0,0.16532690426427954,1.0,0.0,1.0,0.0,0.48916465758258737
5710,bccac7c12e34ccda7,True,,,,,,,,,,1.0,1.0,1.0,1.0,0.24032194925121939,1.0,1.0,1.0,0.0,0.637600609141006
5711,ab0ba6120248926e3,True,,,,,,,,,,1.0,0.0,1.0,1.0,1.0,1.0,0.0,1.0,0.0,0.0
5712,56b4d54802fcfc9b1,True,,,,,,,,,,1.0,1.0,1.0,1.0,0.22308409202188142,1.0,0.0,0.0,0.0,0.38221377875683793
5713,3791263c877ce2d77,True,,,,,,,,,,1.0,1.0,1.0,0.0,1.0,1.0,1.0,1.0,1.0,0.0
5714,f7608da692db5aeb1,True,,,,,,,,,,1.0,0.0,1.0,1.0,1.0,1.0,0.0,0.0,0.0,0.0
5715,e7892fb2f09de2723,True,,,,,,,,,,0.0,1.0,1.0,1.0,1.0,0.0,1.0,1.0,0.0,0.0
5716,2366b4156fa09a0bc,True,,,,,,,,,,1.0,1.0,0.5,1.0,1.0,1.0,0.0,1.0,0.0,0.375
5717,352716976d8eac750,True,,,,,,,,,,1.0,1.0,1.0,1.0,0.08474362790224362,1.0,1.0,1.0,0.0,0.5889823837194511
5718,eb0047db76ca54d58,True,,,,,,,,,,1.0,1.0,1.0,1.0,0.20525525233563852,1.0,1.0,0.0,0.0,0.5016422663548871
5719,e6319072517f4b675,True,,,,,,,,,,1.0,1.0,1.0,1.0,0.0,1.0,1.0,1.0,1.0,0.6875
5720,0b2a6af7c94670346,True,,,,,,,,,,1.0,1.0,1.0,1.0,0.4361204784571581,1.0,1.0,0.0,0.0,0.5737876495178619
5721,c2d01510da5dcbb7b,True,,,,,,,,,,1.0,1.0,1.0,1.0,0.12872180649824091,1.0,1.0,1.0,0.0,0.6027255645307004
5722,155a384f7f1dbf66b,True,,,,,,,,,,1.0,1.0,1.0,1.0,0.09248914073871806,1.0,1.0,1.0,0.0,0.5914028564808493
5723,672d1f18c743523e4,True,,,,,,,,,,1.0,1.0,1.0,1.0,0.007929613176024213,1.0,0.0,1.0,1.0,0.5649780041175076
5724,feeaa6210f5b68928,True,,,,,,,,,,1.0,0.0,1.0,1.0,0.16874231183112376,1.0,0.0,1.0,0.0,0.0
5725,2fb3e2d50e23c577b,True,,,,,,,,,,1.0,1.0,1.0,1.0,0.013054412063331355,1.0,0.0,1.0,1.0,0.566579503769791
5726,1adb976dcfb852711,True,,,,,,,,,,1.0,1.0,1.0,1.0,0.1292825767597966,1.0,1.0,1.0,0.0,0.6029008052374365
5727,4a086bbf2e29537eb,True,,,,,,,,,,1.0,1.0,1.0,1.0,0.0980822049844317,1.0,1.0,1.0,1.0,0.7181506890576349
5728,891f0c38752897ee9,True,,,,,,,,,,1.0,1.0,0.0,1.0,1.0,1.0,0.0,0.0,0.0,0.0
5729,7b24f810cbd1a8c5a,True,,,,,,,,,,1.0,1.0,1.0,1.0,1.0,1.0,0.0,1.0,0.0,0.75
5730,3fa63924a53aacc9a,True,,,,,,,,,,1.0,1.0,1.0,1.0,0.16426610288341187,1.0,1.0,1.0,0.0,0.6138331571510662
5731,a1ff65c462fb19548,True,,,,,,,,,,1.0,1.0,0.5,1.0,0.2662415728773131,1.0,1.0,0.0,0.0,0.26035024576208016
5732,cf9851f86105d9f8c,True,,,,,,,,,,1.0,1.0,1.0,1.0,0.17686226846160902,1.0,0.0,1.0,0.0,0.49276945889425283
5733,03a07d09ea9a5a563,True,,,,,,,,,,1.0,1.0,1.0,1.0,0.5909989113268138,1.0,0.0,1.0,0.0,0.6221871597896294
5734,82e64850661b77497,True,,,,,,,,,,1.0,1.0,1.0,1.0,0.5091906584231014,1.0,1.0,0.0,0.0,0.5966220807572191
5735,65340cec441efc0c2,True,,,,,,,,,,1.0,1.0,1.0,1.0,0.18580434250543915,1.0,1.0,0.0,0.0,0.49556385703294975
5736,530a28f5b73e11f66,True,,,,,,,,,,1.0,1.0,1.0,1.0,0.028810041955176124,1.0,1.0,1.0,1.0,0.6965031381109925
5737,73db1be2e0c010ac5,True,,,,,,,,,,1.0,1.0,1.0,1.0,0.40952728676513583,1.0,0.0,0.0,0.0,0.44047727711410495
5738,945b57db140235d1c,True,,,,,,,,,,1.0,0.0,1.0,1.0,1.0,1.0,0.0,1.0,0.0,0.0
5739,8c7844d1d621c907b,True,,,,,,,,,,1.0,1.0,1.0,1.0,0.3390102780867329,1.0,1.0,0.0,0.0,0.5434407119021041
5740,c22f538fee4004aa6,True,,,,,,,,,,1.0,1.0,1.0,1.0,0.18749161698903935,1.0,0.0,1.0,0.0,0.4960911303090748
5741,b24449179efd06cad,True,,,,,,,,,,1.0,1.0,1.0,1.0,0.1499192010947896,1.0,1.0,1.0,0.0,0.6093497503421217
5742,55810b94ebcc0aaa3,True,,,,,,,,,,1.0,1.0,1.0,1.0,0.17876792682882017,1.0,0.0,0.0,0.0,0.3683649771340063
5743,7b53b50d5b5c3a0e4,True,,,,,,,,,,1.0,1.0,1.0,1.0,0.1658663860582725,1.0,1.0,1.0,0.0,0.6143332456432102
5744,e3a9da177d10be28d,True,,,,,,,,,,1.0,0.0,1.0,1.0,0.27690324972768554,1.0,0.0,1.0,0.0,0.0
5745,0323a93ef0ac2cb18,True,,,,,,,,,,0.0,1.0,1.0,1.0,1.0,0.0,1.0,0.0,0.0,0.0
5746,d83d3619e63d183d6,True,,,,,,,,,,1.0,1.0,1.0,1.0,1.0,1.0,1.0,1.0,0.0,0.875
5747,01898e4c2520a9400,True,,,,,,,,,,1.0,1.0,1.0,1.0,0.08235980133368229,1.0,1.0,0.0,1.0,0.5882374379167757
5748,a0dc275ea4b2b9c05,True,,,,,,,,,,1.0,1.0,1.0,1.0,0.2773237439062231,1.0,1.0,0.0,0.0,0.5241636699706947
5749,594f782a45aefdedc,True,,,,,,,,,,1.0,1.0,1.0,1.0,1.0,0.0,0.0,1.0,1.0,0.5625
5750,45cc427b1c222f829,True,,,,,,,,,,1.0,1.0,1.0,1.0,1.0,1.0,1.0,0.0,0.0,0.75
5751,2cb233c37065ae18d,True,,,,,,,,,,1.0,0.0,1.0,1.0,0.23165112853008607,1.0,0.0,1.0,0.0,0.0
5752,a617218bc7b506fc1,True,,,,,,,,,,1.0,1.0,0.5,1.0,0.32758050881215633,1.0,0.0,0.0,0.0,0.20743445450189943
5753,b545597d491f4a96e,True,,,,,,,,,,1.0,1.0,1.0,1.0,0.23942459523597837,1.0,0.0,1.0,0.0,0.5123201860112432
5754,add2dc0d2d9ed03d5,True,,,,,,,,,,1.0,1.0,1.0,1.0,1.0,1.0,0.0,1.0,0.0,0.75
5755,cd454286dc0a75391,True,,,,,,,,,,1.0,1.0,1.0,1.0,1.0,1.0,1.0,1.0,1.0,1.0
5756,b6963168b66273c97,True,,,,,,,,,,1.0,1.0,1.0,1.0,0.2307907202352936,1.0,0.0,0.0,0.0,0.38462210007352926
5757,ae529a342a5742720,True,,,,,,,,,,1.0,1.0,1.0,1.0,0.22104072048841,1.0,0.0,0.0,0.0,0.3815752251526281
5758,9225b4285de2f81d8,True,,,,,,,,,,1.0,1.0,1.0,1.0,1.0,1.0,1.0,1.0,1.0,1.0
5759,c0ae3c7041a387641,True,,,,,,,,,,1.0,1.0,1.0,1.0,0.6352673890516464,1.0,1.0,0.0,0.0,0.6360210590786395
5760,08bcd54c271622666,True,,,,,,,,,,1.0,1.0,1.0,1.0,0.13410058456775215,1.0,1.0,1.0,0.0,0.6044064326774226
5761,e20ec0633fcd9af94,True,,,,,,,,,,1.0,1.0,1.0,1.0,0.20341852821555456,1.0,1.0,0.0,0.0,0.5010682900673609
5762,b9cbb58cb1e1b0dee,True,,,,,,,,,,1.0,1.0,1.0,1.0,0.13278649981504903,1.0,1.0,1.0,0.0,0.6039957811922028
5763,0d2f41b0b8ec0376a,True,,,,,,,,,,1.0,1.0,1.0,1.0,0.0,1.0,0.0,1.0,1.0,0.5625
5764,80d068bd845098002,True,,,,,,,,,,1.0,1.0,1.0,1.0,0.0,1.0,1.0,1.0,1.0,0.6875
5765,5f53c45bd71589e3f,True,,,,,,,,,,1.0,1.0,1.0,1.0,0.27135619582240766,1.0,0.0,1.0,0.0,0.5222988111945024
5766,6333f19e87ad08122,True,,,,,,,,,,1.0,1.0,1.0,1.0,0.44177151725641534,1.0,1.0,0.0,0.0,0.5755535991426298
5767,dd0951850bdae5fd8,True,,,,,,,,,,1.0,1.0,1.0,1.0,0.1668518328759198,1.0,1.0,0.0,0.0,0.48964119777372495
5768,b13e0235a1932348c,True,,,,,,,,,,1.0,1.0,1.0,1.0,0.19661165885129048,1.0,0.0,1.0,0.0,0.4989411433910283
5769,6a64e3a4f1172e34a,True,,,,,,,,,,1.0,0.0,1.0,1.0,1.0,1.0,1.0,1.0,0.0,0.0
5770,382721ffdbe71cadc,True,,,,,,,,,,1.0,1.0,1.0,1.0,0.21594900377731924,1.0,1.0,1.0,0.0,0.6299840636804123
5771,1b905261d3f70d1f0,True,,,,,,,,,,1.0,1.0,1.0,1.0,0.031199711193826658,1.0,1.0,1.0,1.0,0.6972499097480709
5772,4bdf97e7a68a220e2,True,,,,,,,,,,1.0,1.0,1.0,1.0,0.2326804957258223,1.0,0.0,0.0,0.0,0.38521265491431944
5773,805995afc5d305912,True,,,,,,,,,,0.0,1.0,1.0,1.0,0.8606197132048927,0.0,0.0,1.0,0.0,0.0
5774,e1cc25220fa30adcd,True,,,,,,,,,,1.0,1.0,1.0,1.0,0.0,1.0,1.0,1.0,1.0,0.6875
5775,552b5ed253cfd2ed4,True,,,,,,,,,,1.0,1.0,1.0,1.0,0.30080577055436425,1.0,1.0,1.0,0.0,0.6565018032982388
5776,119f45080f686caca,True,,,,,,,,,,1.0,1.0,1.0,1.0,0.0,1.0,1.0,1.0,1.0,0.6875
5777,d3738c5a4d7530837,True,,,,,,,,,,1.0,0.0,1.0,1.0,0.1560175450082829,1.0,1.0,1.0,0.0,0.0
5778,e2d4c33530eaef8bf,True,,,,,,,,,,1.0,1.0,1.0,1.0,0.19718394484733895,1.0,0.0,0.0,0.0,0.3741199827647934
5779,2f1499aa1461b6ec6,True,,,,,,,,,,1.0,0.0,0.5,1.0,1.0,1.0,0.0,0.0,0.0,0.0
5780,2db08d812a386295d,True,,,,,,,,,,1.0,1.0,1.0,1.0,0.507331637108277,1.0,0.0,0.0,0.0,0.47104113659633656
5781,e544f94267510bde0,True,,,,,,,,,,1.0,0.0,1.0,1.0,1.0,1.0,0.0,1.0,0.0,0.0
5782,9ce594d7aea2ad542,True,,,,,,,,,,1.0,1.0,1.0,1.0,0.0,1.0,1.0,1.0,1.0,0.6875
5783,9453a01b26e5f5079,True,,,,,,,,,,1.0,1.0,1.0,1.0,0.0,1.0,1.0,1.0,1.0,0.6875
5784,e2c6d877481b28f7e,True,,,,,,,,,,0.0,1.0,1.0,1.0,0.9729243503882683,0.0,0.0,0.0,0.0,0.0
5785,234e963b7ceee8f00,True,,,,,,,,,,1.0,1.0,1.0,1.0,0.26337237180423423,1.0,1.0,0.0,0.0,0.5198038661888231
5786,646863c254a0a7a48,True,,,,,,,,,,1.0,1.0,1.0,1.0,0.21917947348368638,1.0,1.0,0.0,0.0,0.505993585463652
5787,6f13146a94fc09b32,True,,,,,,,,,,1.0,1.0,1.0,1.0,0.15614070361713975,1.0,1.0,1.0,0.0,0.6112939698803561
5788,5b11f358da127ff72,True,,,,,,,,,,1.0,1.0,1.0,1.0,0.31358717227458516,1.0,0.0,0.0,0.0,0.41049599133580783
5789,648027b9205dc7650,True,,,,,,,,,,1.0,1.0,1.0,1.0,0.36166572094780375,1.0,1.0,0.0,0.0,0.5505205377961887
5790,02cf44d6c32b48bea,True,,,,,,,,,,1.0,1.0,1.0,1.0,0.14743110592069153,1.0,0.0,0.0,0.0,0.3585722206002161
5791,fc4ca8b0a98a8fade,True,,,,,,,,,,1.0,1.0,1.0,1.0,1.0,1.0,0.0,0.0,0.0,0.625
5792,d3163ef07eaf8014c,True,,,,,,,,,,1.0,1.0,1.0,1.0,0.14183529636482287,1.0,1.0,1.0,0.0,0.6068235301140071
5793,6e89fe515e3ad5428,True,,,,,,,,,,1.0,1.0,1.0,1.0,0.14826194853454677,1.0,1.0,1.0,0.0,0.6088318589170458
5794,2f23bb5e69f8c5120,True,,,,,,,,,,1.0,1.0,0.5,1.0,0.7398607376665828,1.0,0.0,1.0,0.0,0.3343532402604036
5795,0f705d42ea20356f6,True,,,,,,,,,,1.0,1.0,1.0,1.0,1.0,1.0,1.0,1.0,0.0,0.875
5796,0f08a0aac0d912459,True,,,,,,,,,,1.0,1.0,1.0,1.0,0.2687628444681085,1.0,0.0,0.0,0.0,0.3964883888962839
5797,9ce715dfae40ca8c0,True,,,,,,,,,,1.0,0.0,1.0,1.0,0.25603042903176504,1.0,0.0,0.0,0.0,0.0
5798,02d45c7622ee47f85,True,,,,,,,,,,1.0,1.0,1.0,1.0,0.44250354477689735,1.0,1.0,0.0,0.0,0.5757823577427804
5799,522ec458b8ed55662,True,,,,,,,,,,1.0,1.0,1.0,1.0,0.17481017067663815,1.0,0.0,1.0,0.0,0.4921281783364494
5800,b0c4ee557f41b780c,True,,,,,,,,,,1.0,1.0,1.0,1.0,0.11911193820807481,1.0,1.0,1.0,1.0,0.7247224806900234
5801,c525c6d635eb5f316,True,,,,,,,,,,1.0,0.0,1.0,1.0,0.2484808277982849,1.0,0.0,0.0,0.0,0.0
5802,7c1dac6894ccd6151,True,,,,,,,,,,1.0,1.0,1.0,1.0,0.4584693681882996,1.0,0.0,1.0,0.0,0.5807716775588436
5803,a07db051c3599a582,True,,,,,,,,,,1.0,1.0,1.0,1.0,0.001630557635736611,1.0,0.0,1.0,1.0,0.5630095492611678
5804,bd52a44e8dce6c6d8,True,,,,,,,,,,1.0,1.0,1.0,1.0,1.0,1.0,0.0,1.0,1.0,0.875
5805,f6817999b4946e35c,True,,,,,,,,,,1.0,1.0,1.0,1.0,1.0,1.0,1.0,1.0,1.0,1.0
5806,087f962c16ba01a4c,True,,,,,,,,,,1.0,1.0,1.0,1.0,0.1572554447644596,1.0,0.0,1.0,0.0,0.4866423264888936
5807,1f4df83dd9414d0c4,True,,,,,,,,,,1.0,1.0,1.0,1.0,0.21929159813117977,1.0,0.0,0.0,0.0,0.38102862441599367
5808,d5b310b71bd0dd6fd,True,,,,,,,,,,1.0,0.0,1.0,1.0,0.1980679630623566,1.0,0.0,1.0,0.0,0.0
5809,e1f0dcd38a9ec2523,True,,,,,,,,,,1.0,1.0,0.5,1.0,1.0,1.0,0.0,0.0,0.0,0.3125
5810,29a8fd6439b689c2f,True,,,,,,,,,,1.0,1.0,1.0,1.0,0.22237290426180248,1.0,0.0,0.0,0.0,0.3819915325818133
5811,b692dc44c9a90c1e2,True,,,,,,,,,,1.0,0.0,1.0,1.0,0.16145139922272794,1.0,1.0,1.0,0.0,0.0
5812,f0f7f3ed13da5cccf,True,,,,,,,,,,0.0,1.0,1.0,1.0,1.0,0.0,0.0,0.0,0.0,0.0
5813,bfc933fd0598219c3,True,,,,,,,,,,1.0,0.0,0.5,1.0,1.0,1.0,0.0,0.0,0.0,0.0
5814,fc3f449099625878e,True,,,,,,,,,,1.0,1.0,1.0,1.0,0.020808928739415217,1.0,0.0,1.0,1.0,0.5690027902310673
5815,1875ccbefe8233a69,True,,,,,,,,,,1.0,1.0,1.0,1.0,0.16899484562858308,1.0,1.0,1.0,0.0,0.6153108892589322
5816,35f03ec2d26d4c3df,True,,,,,,,,,,1.0,0.0,0.5,1.0,1.0,1.0,0.0,0.0,0.0,0.0
5817,894ee0eaafbdc05e5,True,,,,,,,,,,1.0,0.0,1.0,1.0,1.0,1.0,0.0,0.0,0.0,0.0
5818,d0add012a511855fa,True,,,,,,,,,,1.0,1.0,1.0,1.0,0.1459387495160747,1.0,1.0,1.0,0.0,0.6081058592237734
5819,28c1180e271272d18,True,,,,,,,,,,1.0,0.0,1.0,1.0,1.0,1.0,1.0,1.0,0.0,0.0
5820,886484d2bedf04b15,True,,,,,,,,,,1.0,1.0,1.0,1.0,0.0018662266607237228,1.0,1.0,1.0,1.0,0.6880831958314761
5821,6e261442656fe6159,True,,,,,,,,,,1.0,1.0,1.0,1.0,0.13337637305897726,1.0,1.0,1.0,0.0,0.6041801165809304
5822,e576f1ec67be1cbd0,True,,,,,,,,,,1.0,0.0,1.0,1.0,0.2344120387799136,1.0,0.0,0.0,0.0,0.0
5823,d8696cab0b29dcbba,True,,,,,,,,,,1.0,1.0,1.0,1.0,0.34741767197263135,1.0,0.0,1.0,0.0,0.5460680224914474
5824,991eb7f9b9b5d6f2f,True,,,,,,,,,,1.0,1.0,1.0,1.0,0.4208969351668388,1.0,0.0,1.0,0.0,0.5690302922396371
5825,8c918377b8ed3a5b1,True,,,,,,,,,,1.0,1.0,1.0,1.0,0.2114309208208374,1.0,0.0,0.0,0.0,0.3785721627565117
5826,f8ca67d21e119b990,True,,,,,,,,,,1.0,1.0,1.0,1.0,0.3509090771242175,1.0,0.0,1.0,0.0,0.547159086601318
5827,4e0a366def21f29ed,True,,,,,,,,,,1.0,1.0,1.0,1.0,0.07105830657163571,1.0,1.0,1.0,1.0,0.7097057208036361
5828,96162a63802df3c29,True,,,,,,,,,,1.0,1.0,1.0,1.0,0.2568459519780926,1.0,1.0,1.0,0.0,0.642764359993154
5829,2c0f4b65d27645882,True,,,,,,,,,,0.0,1.0,1.0,1.0,1.0,0.0,1.0,0.0,0.0,0.0
5830,ff555d2dfbada57ed,True,,,,,,,,,,1.0,1.0,1.0,1.0,1.0,1.0,0.0,0.0,0.0,0.625
5831,9a21c94093757379d,True,,,,,,,,,,1.0,1.0,1.0,1.0,0.07386338583069087,1.0,0.0,1.0,1.0,0.5855823080720909
5832,7c1d966d6a3783a65,True,,,,,,,,,,1.0,1.0,1.0,1.0,0.21759660284938556,1.0,0.0,0.0,0.0,0.380498938390433
5833,ff77cf6e6c1e73c86,True,,,,,,,,,,1.0,1.0,1.0,1.0,0.1974975316083644,1.0,0.0,1.0,0.0,0.49921797862761386
5834,85f43c57442169f13,True,,,,,,,,,,1.0,1.0,1.0,1.0,0.438864853642896,1.0,1.0,0.0,0.0,0.574645266763405
5835,939cad6fe88e1d488,True,,,,,,,,,,0.0,1.0,1.0,1.0,0.15416746279070806,0.0,1.0,1.0,0.0,0.0
5836,2cfe97d8f0bc1727a,True,,,,,,,,,,1.0,1.0,0.5,1.0,0.34821822921799317,1.0,0.0,0.0,0.0,0.21065909831531143
5837,aaf7a6f6d13220a76,True,,,,,,,,,,1.0,1.0,1.0,1.0,0.40322455050053335,1.0,0.0,0.0,0.0,0.43850767203141666
5838,92b72601aef2807d0,True,,,,,,,,,,1.0,1.0,1.0,1.0,0.22456917866567855,1.0,1.0,0.0,0.0,0.5076778683330245
5839,96539cf10e3cf92af,True,,,,,,,,,,1.0,1.0,1.0,1.0,0.5121726048891299,1.0,1.0,0.0,0.0,0.597553939027853
5840,6a934a93966865e05,True,,,,,,,,,,1.0,1.0,1.0,1.0,0.15275787304741312,1.0,1.0,1.0,0.0,0.6102368353273167
5841,aadb9d0abc30a1215,True,,,,,,,,,,1.0,1.0,1.0,1.0,0.27488887013297264,1.0,0.0,0.0,0.0,0.39840277191655393
5842,b9d6d6e0f1c629518,True,,,,,,,,,,1.0,1.0,1.0,1.0,1.0,1.0,1.0,1.0,1.0,1.0
5843,8d28f9f70a6b86ce7,True,,,,,,,,,,1.0,0.0,1.0,1.0,1.0,1.0,1.0,1.0,0.0,0.0
5844,ec57bab7a9c75c4d0,True,,,,,,,,,,1.0,1.0,1.0,1.0,0.37860669369037225,1.0,1.0,0.0,0.0,0.5558145917782413
5845,f86cff80de8851a4b,True,,,,,,,,,,1.0,1.0,1.0,1.0,0.1417805199444742,1.0,1.0,1.0,0.0,0.6068064124826482
5846,1cc09e6291c8fd8b7,True,,,,,,,,,,1.0,0.0,1.0,1.0,0.22640128681264202,1.0,0.0,0.0,0.0,0.0
5847,0a043b6dfbe71d53e,True,,,,,,,,,,1.0,1.0,1.0,1.0,0.2074187959626598,1.0,1.0,1.0,0.0,0.6273183737383312
5848,c0ec09e19eaff83c9,True,,,,,,,,,,1.0,1.0,1.0,1.0,1.0,1.0,0.0,1.0,1.0,0.875
5849,891736e00076f8901,True,,,,,,,,,,1.0,1.0,1.0,1.0,0.2608782573780701,1.0,1.0,1.0,0.0,0.6440244554306469
5850,9e6b3a8efae9904aa,True,,,,,,,,,,1.0,0.0,1.0,1.0,0.2546085666475941,1.0,1.0,1.0,0.0,0.0
5851,c3ded6e25641b2068,True,,,,,,,,,,1.0,1.0,1.0,1.0,1.0,1.0,0.0,1.0,0.0,0.75
5852,2b2111da18ed8032d,True,,,,,,,,,,1.0,1.0,1.0,1.0,1.0,1.0,1.0,1.0,0.0,0.875
5853,63e3d0d0e92dfb4d5,True,,,,,,,,,,1.0,1.0,1.0,1.0,1.0,1.0,1.0,1.0,1.0,1.0
5854,d23dccf53d6e2e76b,True,,,,,,,,,,1.0,0.0,1.0,1.0,0.2753402090429493,1.0,0.0,0.0,0.0,0.0
5855,29f63fdd169f556cf,True,,,,,,,,,,1.0,1.0,1.0,1.0,0.08042840784378628,1.0,1.0,1.0,1.0,0.7126338774511832
5856,f53ce77b754edd1f8,True,,,,,,,,,,1.0,1.0,1.0,1.0,0.2941818031201657,1.0,1.0,1.0,1.0,0.7794318134750517
5857,558678d3b68828f3a,True,,,,,,,,,,1.0,1.0,0.5,1.0,1.0,1.0,0.0,0.0,0.0,0.3125
5858,bbd5b072e1b30acbb,True,,,,,,,,,,1.0,1.0,0.5,1.0,0.6000658987683674,1.0,0.0,0.0,0.0,0.25001029668255736
5859,ed6284a7f1cce40a2,True,,,,,,,,,,1.0,1.0,1.0,1.0,0.4997322427435568,1.0,0.0,0.0,0.0,0.4686663258573615
5860,e73143b99e1e6dcd3,True,,,,,,,,,,1.0,1.0,1.0,1.0,0.15640311204032625,1.0,0.0,1.0,0.0,0.48637597251260195
5861,a77ac8c195ac2cc7a,True,,,,,,,,,,1.0,0.0,0.5,1.0,1.0,1.0,0.0,1.0,0.0,0.0
5862,0118e2ec3759cc2bc,True,,,,,,,,,,1.0,1.0,1.0,1.0,0.3061198460783917,1.0,0.0,0.0,0.0,0.4081624518994974
5863,39bdf934b35cb930d,True,,,,,,,,,,1.0,1.0,1.0,1.0,0.22148203381830878,1.0,0.0,0.0,0.0,0.3817131355682215
5864,f2093ddb02711422c,True,,,,,,,,,,1.0,1.0,1.0,1.0,1.0,1.0,0.0,1.0,0.0,0.75
5865,f726e244468ccbbe6,True,,,,,,,,,,1.0,1.0,1.0,1.0,0.17951573310643426,1.0,1.0,1.0,0.0,0.6185986665957607
5866,509ec142f891e0766,True,,,,,,,,,,1.0,1.0,1.0,1.0,0.5083515110844641,1.0,0.0,0.0,0.0,0.471359847213895
5867,b73770a1de3ee8a3f,True,,,,,,,,,,1.0,1.0,1.0,1.0,0.0,1.0,1.0,1.0,1.0,0.6875
5868,b853d466840f4db1b,True,,,,,,,,,,1.0,0.0,1.0,1.0,0.2203242651930134,1.0,0.0,1.0,0.0,0.0
5869,b3989347b7f24848c,True,,,,,,,,,,1.0,1.0,1.0,1.0,0.1789863048329922,1.0,0.0,1.0,0.0,0.49343322026031006
5870,a285844e480d8be12,True,,,,,,,,,,1.0,1.0,1.0,1.0,0.14568990281783167,1.0,0.0,1.0,0.0,0.4830280946305724
5871,ea96a137518d58ac9,True,,,,,,,,,,1.0,1.0,1.0,1.0,0.42873048124973684,1.0,1.0,0.0,0.0,0.5714782753905427
5872,858914d079ed93fdb,True,,,,,,,,,,1.0,1.0,1.0,1.0,1.0,1.0,1.0,1.0,1.0,1.0
5873,3ed84fc02c7624898,True,,,,,,,,,,1.0,1.0,1.0,1.0,0.11043465929714574,1.0,1.0,1.0,1.0,0.722010831030358
5874,37e2413062044f037,True,,,,,,,,,,1.0,1.0,1.0,1.0,0.23362181026852438,1.0,0.0,0.0,0.0,0.3855068157089139
5875,817d4b24592566035,True,,,,,,,,,,1.0,0.0,1.0,1.0,0.3118312710788081,1.0,0.0,1.0,0.0,0.0
5876,6b8ebd7a081ffa425,True,,,,,,,,,,1.0,1.0,1.0,1.0,0.3884316221295879,1.0,1.0,0.0,0.0,0.5588848819154962
5877,ea89785b6636000f5,True,,,,,,,,,,1.0,1.0,1.0,1.0,0.17465640342828537,1.0,1.0,1.0,0.0,0.6170801260713392
5878,6bb22c30119ed991a,True,,,,,,,,,,1.0,1.0,1.0,1.0,0.07823585167836425,1.0,0.0,1.0,1.0,0.5869487036494888
5879,850d4a79f659a9740,True,,,,,,,,,,1.0,1.0,1.0,1.0,0.10775493776477675,1.0,0.0,1.0,0.0,0.4711734180514927
5880,853bdf919d41bd5e6,True,,,,,,,,,,1.0,1.0,1.0,1.0,0.14503684117032828,1.0,1.0,1.0,0.0,0.6078240128657275
5881,3423788f9b45444ab,True,,,,,,,,,,1.0,1.0,1.0,1.0,0.006808655188584072,1.0,1.0,1.0,1.0,0.6896277047464325
5882,b1aefb166ba160b03,True,,,,,,,,,,1.0,1.0,1.0,1.0,0.20493900675234852,1.0,0.0,0.0,0.0,0.37654343961010894
5883,bf934afd68e4b2573,True,,,,,,,,,,1.0,1.0,1.0,1.0,0.16781390518228745,1.0,0.0,1.0,0.0,0.48994184536946483
5884,50da2cb15a6c805e6,True,,,,,,,,,,1.0,1.0,1.0,1.0,1.0,0.0,0.0,1.0,1.0,0.5625
5885,b51661ff3ed628c29,True,,,,,,,,,,1.0,1.0,1.0,1.0,1.0,1.0,1.0,1.0,1.0,1.0
5886,24c8b908f552c5946,True,,,,,,,,,,1.0,1.0,1.0,1.0,0.14869377861785055,1.0,0.0,1.0,0.0,0.48396680581807827
5887,686b6dd5e1ca96d8a,True,,,,,,,,,,1.0,1.0,1.0,1.0,0.0019696892516461867,1.0,1.0,1.0,1.0,0.6881155278911395
5888,b2fc06e37171c8dd9,True,,,,,,,,,,1.0,1.0,1.0,1.0,0.3434213465001319,1.0,0.0,0.0,0.0,0.4198191707812912
5889,5b01b06231ac39143,True,,,,,,,,,,1.0,1.0,1.0,1.0,0.17112626473636883,1.0,1.0,1.0,0.0,0.6159769577301153
5890,606571205dbf05df5,True,,,,,,,,,,1.0,1.0,1.0,1.0,0.1719186416162195,1.0,0.0,1.0,0.0,0.4912245755050686
5891,ad89b51facf4ec5e5,True,,,,,,,,,,1.0,1.0,0.0,1.0,1.0,1.0,0.0,0.0,0.0,0.0
5892,75a91bdf0ba2aeea9,True,,,,,,,,,,1.0,1.0,1.0,1.0,0.19010693906700196,1.0,0.0,1.0,0.0,0.49690841845843814
5893,ca8771e5e055dcfca,True,,,,,,,,,,1.0,0.0,1.0,1.0,1.0,1.0,1.0,0.0,0.0,0.0
5894,1c968570d73ed5505,True,,,,,,,,,,1.0,1.0,1.0,1.0,0.09390324831248457,1.0,1.0,1.0,1.0,0.7168447650976515
5895,8a72c1ce26bcc476d,True,,,,,,,,,,1.0,1.0,1.0,1.0,0.1383728371564044,1.0,1.0,1.0,1.0,0.7307415116113763
5896,ad537f45665843f16,True,,,,,,,,,,1.0,1.0,1.0,1.0,0.11580526370259447,1.0,1.0,1.0,1.0,0.7236891449070608
5897,4743e61ca1af03cd7,True,,,,,,,,,,1.0,1.0,1.0,1.0,0.22118555773234583,1.0,0.0,0.0,0.0,0.38162048679135807
5898,122590be147f65d56,True,,,,,,,,,,1.0,1.0,1.0,1.0,0.07391110915945316,1.0,0.0,1.0,1.0,0.5855972216123291
5899,a423127bc4cb28773,True,,,,,,,,,,1.0,1.0,1.0,1.0,0.173843660566407,1.0,1.0,1.0,0.0,0.6168261439270022
5900,6c8d225b7e93d1ff8,True,,,,,,,,,,1.0,0.0,1.0,1.0,0.17677973072419045,1.0,0.0,0.0,0.0,0.0
5901,9583f6043942f7590,True,,,,,,,,,,1.0,0.0,1.0,1.0,1.0,1.0,0.0,1.0,0.0,0.0
5902,808228d1cf4a9f699,True,,,,,,,,,,1.0,1.0,1.0,1.0,0.23411662450985743,1.0,1.0,0.0,0.0,0.5106614451593304
5903,733dab2043d02d8e3,True,,,,,,,,,,1.0,1.0,1.0,1.0,0.13003980161324805,1.0,1.0,1.0,0.0,0.60313743800414
5904,8568f4ee5859ce652,True,,,,,,,,,,1.0,1.0,1.0,1.0,0.14790722846234775,1.0,0.0,1.0,0.0,0.48372100889448366
5905,ebc1dc2ec0e635ae3,True,,,,,,,,,,1.0,1.0,1.0,1.0,0.06716208798414085,1.0,1.0,1.0,1.0,0.708488152495044
5906,182b0871961fced6d,True,,,,,,,,,,1.0,1.0,1.0,1.0,0.1349016981349555,1.0,1.0,1.0,0.0,0.6046567806671737
5907,5f80678c8465899ca,True,,,,,,,,,,1.0,1.0,1.0,1.0,0.2672883549722973,1.0,0.0,1.0,0.0,0.521027610928843
5908,df67b662b2c444fa9,True,,,,,,,,,,1.0,1.0,1.0,1.0,0.15353847672096838,1.0,1.0,1.0,0.0,0.6104807739753026
5909,3ec4e62b471309805,True,,,,,,,,,,1.0,1.0,1.0,1.0,1.0,1.0,0.0,1.0,1.0,0.875
5910,bc686838d510dad87,True,,,,,,,,,,1.0,1.0,1.0,1.0,0.00882568151213515,1.0,1.0,1.0,1.0,0.6902580254725422
5911,2f841ea41e11faf68,True,,,,,,,,,,1.0,1.0,0.5,1.0,0.20153995913588607,1.0,0.0,0.0,0.0,0.1877406186149822
5912,extended_pdm_score_stage_one,True,0.9966666666666667,0.9311111111111111,1.0,0.9977777777777778,0.3409457225324509,0.9977777777777778,0.8911111111111111,0.4888888888888889,0.08888888888888889,,,,,,,,,,0.5631618564494981
5913,extended_pdm_score_stage_two,True,,,,,,,,,,0.9634202231893667,0.8758052991517904,0.9607588613943102,0.9942406482406482,0.371343983595139,0.9472808661997439,0.5285864822527447,0.7019297933557479,0.3709098323094562,0.5068463347607888
5914,extended_pdm_score_combined,True,0.9966666666666667,0.9311111111111111,1.0,0.9977777777777778,0.3409457225324509,0.9977777777777778,0.8911111111111111,0.4888888888888889,0.08888888888888889,0.9634202231893667,0.8758052991517904,0.9607588613943102,0.9942406482406482,0.371343983595139,0.9472808661997439,0.5285864822527447,0.7019297933557479,0.3709098323094562,0.2985321254269824
