{
  "final_step": 7999,
  "val": {
    "n": 881,
    "oracle_ade@2s": 0.30733203887939453,
    "sel_gap@2s": 0.2330910861492157,
    "frac_sel_2x_worse": 0.31782066822052,
    "ade@0.5s": 0.089703269302845,
    "ade@1s": 0.19110555946826935,
    "ade@1.5s": 0.3386726379394531,
    "ade@2s": 0.5404230952262878,
    "fde@2s": 1.1456745862960815,
    "miss@2m": 0.16004540026187897
  },
  "best_val_ade2s": 0.5496590733528137,
  "param_breakdown": {
    "decoder": 29761033,
    "measurement": 16768,
    "state_proj": 131584,
    "imag_proj": 1066496,
    "vtarget": 0,
    "route": 0,
    "total": 30975882
  },
  "cond": "ab",
  "wallclock_s": 4936.4
}