{
  "final_step": 7999,
  "val": {
    "n": 881,
    "oracle_ade@2s": 0.2989538609981537,
    "sel_gap@2s": 0.376969575881958,
    "frac_sel_2x_worse": 0.402951180934906,
    "ade@0.5s": 0.11366838216781616,
    "ade@1s": 0.2469053566455841,
    "ade@1.5s": 0.4317941963672638,
    "ade@2s": 0.6759234666824341,
    "fde@2s": 1.4083106517791748,
    "miss@2m": 0.2338251918554306
  },
  "best_val_ade2s": 0.6830896735191345,
  "param_breakdown": {
    "decoder": 29761033,
    "measurement": 16768,
    "state_proj": 131584,
    "imag_proj": 0,
    "vtarget": 0,
    "route": 0,
    "total": 29909386
  },
  "cond": "a",
  "wallclock_s": 2955.2
}