{
  "final_step": 7999,
  "val": {
    "n": 881,
    "oracle_ade@2s": 0.3377411961555481,
    "sel_gap@2s": 0.19637398421764374,
    "frac_sel_2x_worse": 0.23496027290821075,
    "ade@0.5s": 0.09781663864850998,
    "ade@1s": 0.1962280422449112,
    "ade@1.5s": 0.3457769453525543,
    "ade@2s": 0.5341151356697083,
    "fde@2s": 1.0991305112838745,
    "miss@2m": 0.13507378101348877
  },
  "best_val_ade2s": 0.5396314263343811,
  "param_breakdown": {
    "decoder": 29761033,
    "measurement": 16768,
    "state_proj": 131584,
    "imag_proj": 1066496,
    "vtarget": 3073,
    "route": 897,
    "total": 30979852
  },
  "cond": "abc",
  "wallclock_s": 10010.0
}