{
  "final_step": 7999,
  "val": {
    "n": 881,
    "oracle_ade@2s": 0.3960314691066742,
    "sel_gap@2s": 0.17132903635501862,
    "frac_sel_2x_worse": 0.1838819533586502,
    "ade@0.5s": 0.12017045170068741,
    "ade@1s": 0.22066959738731384,
    "ade@1.5s": 0.3702373206615448,
    "ade@2s": 0.5673604607582092,
    "fde@2s": 1.1587295532226562,
    "miss@2m": 0.16004540026187897
  },
  "best_val_ade2s": 0.5751631855964661,
  "param_breakdown": {
    "decoder": 29761033,
    "measurement": 16768,
    "state_proj": 131584,
    "imag_proj": 1066496,
    "vtarget": 3073,
    "route": 897,
    "total": 30979852
  },
  "cond": "abc",
  "wallclock_s": 8711.9
}