{
  "best": {
    "group": "/root/v12_c/topk",
    "arm": "kall-soft-tau0.4",
    "topk": 0,
    "dev_sel_ade": 0.4443201311830501,
    "dev_gap_recovered": 0.03977327410551733,
    "train_gap_recovered": 0.08373438698964632,
    "final_train_gap_recovered": 0.08373,
    "dev_sel_gap": 0.2929726755310048,
    "dev_sel_2x": 0.4836289217901425,
    "dev_rank_acc_k": 0.27694406521325765,
    "best_step": 2499,
    "degeneration_m": -0.0,
    "degeneration_2x": 0.0
  },
  "src": "/root/v12_c/topk/kall-soft-tau0.4/head.pt",
  "n_arms": 47,
  "runner_up": {
    "group": "/root/v12_c/topk",
    "arm": "k16-regress",
    "topk": 16,
    "dev_sel_ade": 0.4447949000411057,
    "dev_gap_recovered": 0.038217204982700766,
    "train_gap_recovered": 0.0592182912475712,
    "final_train_gap_recovered": 0.0627,
    "dev_sel_gap": 0.2934474537742848,
    "dev_sel_2x": 0.4879490681104413,
    "dev_rank_acc_k": 0.30900409348773217,
    "best_step": 2250,
    "degeneration_m": 0.00174,
    "degeneration_2x": 0.00068
  }
}