no_at_fault_collisions,drivable_area_compliance,driving_direction_compliance,traffic_light_compliance,ego_progress,time_to_collision_within_bound,lane_keeping,history_comfort,multiplicative_metrics_prod,weighted_metrics,weighted_metrics_array,pdm_score,valid,log_name,frame_type,start_time,endpoint_x,endpoint_y,start_point_x,start_point_y,token
1.0,1.0,1.0,1.0,0.5629436456945676,1.0,1.0,1.0,1.0,[0.56294365 1.         1.         1.         0.        ],[5. 5. 2. 2. 2.],0.0,True,2021.08.30.16.16.44_veh-40_00779_01088,0,1630341044.000161,331394.3029765409,4691066.3672054075,331385.50273478864,4691072.809221183,85f2b1f1f1f45b5c
1.0,1.0,1.0,1.0,0.7753380409235641,1.0,1.0,1.0,1.0,[0.77533804 1.         1.         1.         0.        ],[5. 5. 2. 2. 2.],0.7769064431869871,True,2021.08.30.14.54.34_veh-40_00439_00835,0,1630335851.5005128,331390.027788879,4690962.023760409,331410.0991830117,4690947.028148036,c054f473288d5515
1.0,1.0,1.0,1.0,0.43420934165887126,1.0,1.0,1.0,1.0,[0.43420934 1.         1.         1.         0.        ],[5. 5. 2. 2. 2.],0.6550747648781682,True,2021.10.06.08.16.17_veh-52_00181_00574,0,1633508447.700346,365588.06851373415,143904.70268035636,365586.40156768996,143912.46413908113,95b1bc0848e85064
1.0,1.0,1.0,1.0,1.0,1.0,1.0,1.0,1.0,[1. 1. 1. 1. 0.],[5. 5. 2. 2. 2.],1.0,True,2021.06.28.16.29.11_veh-38_03263_03766,0,1624901666.8002279,664467.2449504,3997443.586285029,664467.6088941898,3997427.5873177913,3921f38b62d55f1a
1.0,1.0,0.5,1.0,1.0,1.0,1.0,1.0,0.5,[1. 1. 1. 1. 0.],[5. 5. 2. 2. 2.],0.5,True,2021.09.16.19.27.01_veh-45_01749_03230,0,1631823126.000609,587626.1009306001,4475962.3291773265,587653.6063385158,4475947.993719336,7af0e9b8a12056e8
1.0,1.0,1.0,1.0,1.0,1.0,1.0,1.0,1.0,[1. 1. 1. 1. 0.],[5. 5. 2. 2. 2.],1.0,True,2021.09.29.14.44.26_veh-28_00528_00992,0,1632927632.7996619,331641.4441817972,4690785.774274154,331637.1707501815,4690788.467162927,67bce1e28df25eaa
1.0,1.0,1.0,1.0,0.698817463052337,1.0,1.0,1.0,1.0,[0.69881746 1.         1.         1.         0.        ],[5. 5. 2. 2. 2.],0.8924348082329775,True,2021.05.25.14.16.10_veh-35_01690_02183,0,1621968769.0002398,664432.6919718938,3998273.942782718,664432.4775047463,3998281.584275495,e1f6c044f4235462
1.0,1.0,1.0,1.0,1.0,1.0,0.0,1.0,1.0,[1. 1. 0. 1. 0.],[5. 5. 2. 2. 2.],0.0,True,2021.10.06.07.26.10_veh-52_00006_00398,0,1633505533.1996229,365222.89270610904,143349.80198342307,365195.7791362802,143365.62782233453,52deeca9acf35603
1.0,1.0,1.0,1.0,0.41327255847383737,1.0,1.0,1.0,1.0,[0.41327256 1.         1.         1.         0.        ],[5. 5. 2. 2. 2.],0.7904544851692277,True,2021.09.16.19.27.01_veh-45_01749_03230,0,1631822551.999673,587673.878530989,4475759.758593883,587667.6089963487,4475763.305703633,cc4bdc0160e157c4
1.0,1.0,1.0,1.0,0.6893565596543625,1.0,1.0,1.0,1.0,[0.68935656 1.         1.         1.         0.        ],[5. 5. 2. 2. 2.],0.8890559141622723,True,2021.05.25.14.16.10_veh-35_01690_02183,0,1621968768.500483,664432.6879840905,3998274.9607691905,664432.4468349776,3998283.159416227,197f2dea642850e7
1.0,0.0,0.5,1.0,0.8943332757264802,1.0,1.0,1.0,0.0,[0.89433328 1.         1.         1.         0.        ],[5. 5. 2. 2. 2.],0.0,True,2021.09.29.19.02.14_veh-28_00273_00514,0,1632942717.7998319,331059.57028295164,4690745.341388927,331068.18911890953,4690723.453306824,8f8ccbd6ffcb54b9
1.0,0.0,1.0,1.0,0.742579004196496,1.0,1.0,0.0,0.0,[0.742579 1.       1.       0.       0.      ],[5. 5. 2. 2. 2.],0.0,True,2021.09.29.19.02.14_veh-28_03198_03360,0,1632945444.299676,332301.04893684847,4690395.895274845,332285.4244007235,4690379.625431852,3b1e0182cb145b8d
1.0,0.0,1.0,1.0,0.8830532702320871,1.0,0.0,1.0,0.0,[0.88305327 1.         0.         1.         0.        ],[5. 5. 2. 2. 2.],0.0,True,2021.08.16.14.23.37_veh-45_00015_00132,0,1629124048.500084,588936.4556108442,4474948.291812448,588949.7255746338,4474914.198934419,4cac9f6cd85a5b47
1.0,1.0,1.0,1.0,1.0,1.0,1.0,1.0,1.0,[1. 1. 1. 1. 0.],[5. 5. 2. 2. 2.],0.0,True,2021.09.29.15.23.04_veh-28_00601_00802,0,1632929929.299607,330943.6946699603,4690830.237326127,330949.1617188546,4690826.62544599,efa80e78fce1525d
1.0,1.0,1.0,1.0,1.0,1.0,1.0,1.0,1.0,[1. 1. 1. 1. 0.],[5. 5. 2. 2. 2.],1.0,True,2021.09.16.19.27.01_veh-45_00472_00711,0,1631821122.49997,588004.1232316021,4475693.729645147,588028.7152714955,4475714.960949983,97c09fe94495563a
0.0,1.0,0.0,1.0,0.9680531524258348,0.0,1.0,1.0,0.0,[0.96805315 0.         1.         1.         0.        ],[5. 5. 2. 2. 2.],0.0,True,2021.09.16.15.47.30_veh-45_01199_01391,0,1631808541.2994828,587683.5310149658,4475497.072298313,587664.23147207,4475512.055691066,34489cf42e005e93
1.0,0.0,0.0,1.0,0.9988861626495478,1.0,1.0,0.0,0.0,[0.99888616 1.         1.         0.         0.        ],[5. 5. 2. 2. 2.],0.0,True,2021.09.16.17.40.09_veh-45_02539_02745,0,1631816775.4000418,587764.1506166053,4475877.024123251,587778.8014209828,4475860.695078679,b393ab92c8ac5e77
1.0,1.0,1.0,1.0,0.815590018163922,1.0,1.0,1.0,1.0,[0.81559002 1.         1.         1.         0.        ],[5. 5. 2. 2. 2.],0.7912821493442578,True,2021.10.06.08.16.17_veh-52_00181_00574,0,1633508448.200121,365587.9679580859,143902.3654449504,365586.81016590964,143911.47591732445,1bc892186af15042
1.0,1.0,1.0,1.0,0.5353696210759156,1.0,1.0,1.0,1.0,[0.53536962 1.         1.         1.         0.        ],[5. 5. 2. 2. 2.],0.8340605789556841,True,2021.10.06.07.26.10_veh-52_01245_02064,0,1633507276.700239,365079.7949685722,143829.33982382505,365102.1869024888,143821.85265317318,59bf40c427da5eb1
1.0,0.0,1.0,1.0,1.0,1.0,1.0,1.0,0.0,[1. 1. 1. 1. 0.],[5. 5. 2. 2. 2.],0.0,True,2021.09.16.14.39.34_veh-42_00297_00935,0,1631803560.200129,588581.1158209086,4475608.056096175,588611.6122887336,4475565.606439038,f56b0cc9c9d95421
1.0,1.0,1.0,1.0,0.8182843759435733,1.0,1.0,0.0,1.0,[0.81828438 1.         1.         0.         0.        ],[5. 5. 2. 2. 2.],0.7922444199798476,True,2021.09.29.19.02.14_veh-28_03198_03360,0,1632945443.799666,332305.1303224131,4690391.590323761,332282.48736332066,4690379.721998952,deb455f53c805643
1.0,1.0,1.0,1.0,1.0,1.0,1.0,1.0,1.0,[1. 1. 1. 1. 0.],[5. 5. 2. 2. 2.],1.0,True,2021.06.28.16.29.11_veh-38_03263_03766,0,1624901666.3004758,664467.4949934111,3997444.1997422576,664467.6491486062,3997424.851137127,c3d6016d73645955
1.0,1.0,1.0,1.0,1.0,1.0,1.0,1.0,1.0,[1. 1. 1. 1. 0.],[5. 5. 2. 2. 2.],1.0,True,2021.09.16.14.39.34_veh-42_00032_00186,0,1631803272.6997929,589137.9284846185,4474519.160784957,589126.1822775083,4474552.295531936,ab4401719a355a62
1.0,1.0,1.0,1.0,0.8384110361281008,1.0,1.0,1.0,1.0,[0.83841104 1.         1.         1.         0.        ],[5. 5. 2. 2. 2.],0.7994325129028931,True,2021.08.30.14.54.34_veh-40_00439_00835,0,1630335851.000633,331389.48465594306,4690961.361226642,331413.13880491117,4690944.533311284,68097b10029d5fe1
1.0,1.0,1.0,1.0,1.0,1.0,1.0,1.0,1.0,[1. 1. 1. 1. 0.],[5. 5. 2. 2. 2.],1.0,True,2021.09.16.14.39.34_veh-42_01609_01687,0,1631804868.1998088,588976.1939774302,4474813.700249257,588960.811508036,4474859.837328608,c7e06d79e58454ae
0.0,1.0,1.0,1.0,1.0,0.0,1.0,0.0,0.0,[1. 0. 1. 0. 0.],[5. 5. 2. 2. 2.],0.0,True,2021.09.16.15.47.30_veh-45_01199_01391,0,1631808541.799821,587684.4595506289,4475524.492033179,587665.7316243496,4475511.410046936,131ab0263b07507c
1.0,1.0,1.0,1.0,0.18218631487810516,1.0,0.0,1.0,1.0,[0.18218631 1.         0.         1.         0.        ],[5. 5. 2. 2. 2.],0.5650665410278947,True,2021.09.16.19.27.01_veh-45_01749_03230,0,1631822552.499742,587671.1232630861,4475761.983249153,587668.6255693095,4475762.929959481,572e6c81e32958f2
1.0,1.0,1.0,1.0,1.0,1.0,1.0,1.0,1.0,[1. 1. 1. 1. 0.],[5. 5. 2. 2. 2.],1.0,True,2021.09.16.19.27.01_veh-45_00472_00711,0,1631821122.9998848,588002.1887177287,4475691.435190371,588025.5421517283,4475712.668041925,9b7108902e7158d6
1.0,0.0,1.0,1.0,1.0,1.0,1.0,1.0,0.0,[1. 1. 1. 1. 0.],[5. 5. 2. 2. 2.],0.0,True,2021.09.16.13.53.10_veh-42_00860_01069,0,1631801376.8998969,587740.7610057794,4475578.919970882,587726.1773957422,4475589.709955371,622867ce25805447
1.0,0.0,1.0,1.0,1.0,1.0,1.0,1.0,0.0,[1. 1. 1. 1. 0.],[5. 5. 2. 2. 2.],0.0,True,2021.06.28.20.24.43_veh-38_03385_04952,0,1624916572.599491,664234.8090955579,3997404.2601356935,664252.3104655468,3997391.9421547423,a19d3096f2625fdb
1.0,1.0,1.0,1.0,0.8948865610080668,1.0,1.0,1.0,1.0,[0.89488656 1.         1.         1.         0.        ],[5. 5. 2. 2. 2.],0.9624594860743095,True,2021.06.03.13.55.17_veh-35_02866_03582,0,1622746178.60071,664458.7684141983,3998172.528782654,664458.7835699066,3998158.0980533236,cf05c9f4f6e55af3
1.0,1.0,1.0,1.0,0.5637964824821513,1.0,1.0,1.0,1.0,[0.56379648 1.         1.         1.         0.        ],[5. 5. 2. 2. 2.],0.8442130294579112,True,2021.10.06.07.26.10_veh-52_01245_02064,0,1633507276.2000098,365078.3907755954,143830.17553011162,365105.3745053062,143821.17364615723,fe22e2c812e65096
1.0,1.0,1.0,1.0,0.8256708746635926,1.0,1.0,1.0,1.0,[0.82567087 1.         1.         1.         0.        ],[5. 5. 2. 2. 2.],0.9377395980941402,True,2021.10.06.07.26.10_veh-52_00953_01126,0,1633506280.2000148,365830.70281434787,143259.14149150133,365815.54419067584,143283.03797976315,67debdeae60b5fa4
1.0,0.0,1.0,1.0,0.9282687722340884,1.0,1.0,1.0,0.0,[0.92826877 1.         1.         1.         0.        ],[5. 5. 2. 2. 2.],0.0,True,2021.09.16.13.53.10_veh-42_00180_00342,0,1631800704.399875,589197.7044112091,4474385.187638357,589211.6612082463,4474352.985239344,2c5cbab120595d79
1.0,1.0,1.0,1.0,1.0,1.0,1.0,1.0,1.0,[1. 1. 1. 1. 0.],[5. 5. 2. 2. 2.],1.0,True,2021.09.16.13.53.10_veh-42_00860_01069,0,1631801376.4001179,587736.658975251,4475581.232584689,587725.483210827,4475590.303834929,a5183d5f2da251fa
1.0,0.0,1.0,1.0,1.0,1.0,1.0,1.0,0.0,[1. 1. 1. 1. 0.],[5. 5. 2. 2. 2.],0.0,True,2021.09.16.14.39.34_veh-42_00297_00935,0,1631803560.700198,588578.5606107936,4475612.683905454,588607.769862153,4475570.87245822,e9b43b140b1d54bf
1.0,1.0,1.0,1.0,1.0,1.0,1.0,1.0,1.0,[1. 1. 1. 1. 0.],[5. 5. 2. 2. 2.],0.0,True,2021.09.29.15.23.04_veh-28_00601_00802,0,1632929929.799788,330943.27876564173,4690830.362823667,330948.92186259746,4690826.7847428145,6326d00e52115da4
1.0,0.0,1.0,1.0,1.0,1.0,1.0,1.0,0.0,[1. 1. 1. 1. 0.],[5. 5. 2. 2. 2.],0.0,True,2021.09.16.13.53.10_veh-42_00180_00342,0,1631800704.8995678,589194.4401102314,4474390.0512541495,589210.3446196956,4474356.481727172,af335d636f4c516e
1.0,1.0,1.0,1.0,0.84634073197358,1.0,1.0,1.0,1.0,[0.84634073 1.         1.         1.         0.        ],[5. 5. 2. 2. 2.],0.9451216899905643,True,2021.06.03.13.55.17_veh-35_02866_03582,0,1622746178.101008,664458.5882084125,3998170.4824264203,664458.7935028847,3998155.5497219665,d25b6512a43f5e54
1.0,1.0,1.0,1.0,1.0,1.0,1.0,1.0,1.0,[1. 1. 1. 1. 0.],[5. 5. 2. 2. 2.],1.0,True,2021.09.29.14.44.26_veh-28_00528_00992,0,1632927633.299629,331645.5851058225,4690783.272746462,331637.34482245584,4690788.378254496,6e3cf172a2755fae
0.5,1.0,1.0,1.0,1.0,0.0,1.0,1.0,0.5,[1. 0. 1. 1. 0.],[5. 5. 2. 2. 2.],0.32142857142857145,True,2021.09.16.19.49.00_veh-42_00990_01609,0,1631823168.499819,587745.5446905079,4475730.256672778,587721.195119188,4475745.218967929,c887e4bc08f85aa5
0.5,0.0,0.0,1.0,0.9160043763866841,0.0,1.0,1.0,0.0,[0.91600438 0.         1.         1.         0.        ],[5. 5. 2. 2. 2.],0.0,True,2021.09.16.17.40.09_veh-45_02539_02745,0,1631816774.900277,587774.6754001083,4475881.0094690705,587778.2011257479,4475858.781860867,f1ae4feebfda5b75
1.0,1.0,1.0,1.0,1.0,1.0,1.0,1.0,1.0,[1. 1. 1. 1. 0.],[5. 5. 2. 2. 2.],0.8571428571428571,True,2021.09.29.14.44.26_veh-28_00238_00320,0,1632927007.799646,330796.1014833324,4689884.029946031,330799.127403226,4689882.989053064,0ec9a79351355022
1.0,0.0,1.0,1.0,0.7328059250789049,1.0,1.0,1.0,0.0,[0.73280593 1.         1.         1.         0.        ],[5. 5. 2. 2. 2.],0.0,True,2021.10.06.08.16.17_veh-52_01949_02501,0,1633510278.699823,365739.78605651093,142949.56207497205,365717.4333640965,142965.6815608083,75857e1f177b5af4
1.0,1.0,0.5,1.0,0.5488689901091062,1.0,1.0,1.0,0.5,[0.54886899 1.         1.         1.         0.        ],[5. 5. 2. 2. 2.],0.41944089109091187,True,2021.10.06.07.26.10_veh-52_01245_02064,0,1633506873.200646,365012.31157341675,143564.7198812118,364999.7983010121,143570.35984080462,3af9cb4d21e15e9e
1.0,0.0,1.0,1.0,0.8642479791292786,1.0,1.0,1.0,0.0,[0.86424798 1.         1.         1.         0.        ],[5. 5. 2. 2. 2.],0.0,True,2021.08.16.14.23.37_veh-45_00015_00132,0,1629124048.000377,588938.2994244527,4474943.2819562955,588951.2628397987,4474910.0932001425,2382542e05f253df
1.0,0.0,0.5,1.0,0.8523913370025678,1.0,1.0,1.0,0.0,[0.85239134 1.         1.         1.         0.        ],[5. 5. 2. 2. 2.],0.0,True,2021.09.29.19.02.14_veh-28_00273_00514,0,1632942717.299583,331061.5476532011,4690743.932138862,331067.77978280187,4690720.565918397,2575048779565f0b
1.0,1.0,1.0,1.0,1.0,1.0,1.0,1.0,1.0,[1. 1. 1. 1. 0.],[5. 5. 2. 2. 2.],0.0,True,2021.08.30.16.16.44_veh-40_01099_01351,0,1630341563.000135,332232.31461528124,4690422.88852976,332198.55492425855,4690443.038070832,ce05573741b75133
1.0,1.0,1.0,0.0,1.0,1.0,1.0,1.0,0.0,[1. 1. 1. 1. 0.],[5. 5. 2. 2. 2.],0.0,True,2021.09.29.18.19.40_veh-28_00844_01218,0,1632940775.0998259,331271.38066681864,4691022.038214089,331252.49505659356,4691035.588336493,a713265a7f905034
1.0,0.0,0.0,1.0,0.499124736673658,1.0,1.0,1.0,0.0,[0.49912474 1.         1.         1.         0.        ],[5. 5. 2. 2. 2.],0.0,True,2021.10.06.08.16.17_veh-52_01949_02501,0,1633510668.1998708,364932.3610186177,143465.79559283395,364917.8718992522,143448.42768830818,e17587a96a795abf
1.0,1.0,1.0,1.0,1.0,1.0,1.0,1.0,1.0,[1. 1. 1. 1. 0.],[5. 5. 2. 2. 2.],1.0,True,2021.09.16.14.39.34_veh-42_00297_00935,0,1631804028.699976,587724.8198722515,4475590.942649934,587718.592721696,4475596.146447134,77f11643ced5562a
1.0,1.0,1.0,1.0,0.7264286372611044,1.0,0.0,1.0,1.0,[0.72642864 1.         0.         1.         0.        ],[5. 5. 2. 2. 2.],0.7594387990218231,True,2021.10.06.08.16.17_veh-52_00922_01296,0,1633509210.7001,365576.49458004604,143796.38526784797,365571.17135786265,143771.22512261412,5d2ee89308f958be
1.0,1.0,1.0,1.0,1.0,1.0,1.0,1.0,1.0,[1. 1. 1. 1. 0.],[5. 5. 2. 2. 2.],0.0,True,2021.09.29.19.02.14_veh-28_00964_01689,0,1632943822.799659,331358.61426885833,4690963.639188941,331345.834157173,4690972.373210892,87b2c0e49070537f
1.0,1.0,1.0,1.0,1.0,1.0,1.0,1.0,1.0,[1. 1. 1. 1. 0.],[5. 5. 2. 2. 2.],0.8571428571428571,True,2021.09.29.18.19.40_veh-28_00844_01218,0,1632940775.599675,331269.36410077923,4691023.3258548165,331255.5663450803,4691033.3700623615,12f2dccfb88957f9
1.0,1.0,1.0,1.0,0.7208972255973206,1.0,1.0,1.0,1.0,[0.72089723 1.         1.         1.         0.        ],[5. 5. 2. 2. 2.],0.9003204377133288,True,2021.09.29.14.44.26_veh-28_00238_00320,0,1632927008.299604,330785.56111790135,4689887.014402107,330798.80907035514,4689883.103169661,cfb755b8d37458ac
1.0,1.0,1.0,1.0,1.0,1.0,1.0,1.0,1.0,[1. 1. 1. 1. 0.],[5. 5. 2. 2. 2.],1.0,True,2021.09.29.19.02.14_veh-28_00964_01689,0,1632943823.299548,331357.1016541886,4690964.506397068,331347.4221453714,4690971.195748239,a3f2ea7187975b13
1.0,1.0,1.0,1.0,0.5226822503387543,1.0,1.0,1.0,1.0,[0.52268225 1.         1.         1.         0.        ],[5. 5. 2. 2. 2.],0.8295293751209837,True,2021.10.06.07.26.10_veh-52_01245_02064,0,1633506872.700369,365008.3236426702,143566.2001436962,364999.6938116581,143570.42564237135,3838eb184c9d5989
1.0,1.0,1.0,1.0,0.9302389621873509,1.0,1.0,1.0,1.0,[0.93023896 1.         1.         1.         0.        ],[5. 5. 2. 2. 2.],0.9750853436383397,True,2021.09.16.19.12.04_veh-42_01438_01677,0,1631821479.000437,587954.2520802772,4475716.607314957,587923.3737453751,4475741.018503477,5c838efd36805c92
1.0,1.0,1.0,1.0,0.7278279295357408,1.0,0.0,1.0,1.0,[0.72782793 1.         0.         1.         0.        ],[5. 5. 2. 2. 2.],0.7599385462627646,True,2021.10.06.08.16.17_veh-52_00922_01296,0,1633509211.200322,365576.10819206806,143799.5925284085,365572.2826302952,143774.15235447593,9b0a5826d2d357d8
1.0,1.0,1.0,1.0,1.0,1.0,1.0,1.0,1.0,[1. 1. 1. 1. 0.],[5. 5. 2. 2. 2.],1.0,True,2021.05.25.15.59.03_veh-30_04463_04606,0,1621977372.59953,664549.9813981864,3997852.189670834,664528.572329094,3997864.4256649134,c5b585ddf50d5f1f
1.0,0.0,1.0,1.0,0.7976123908346635,1.0,0.0,1.0,0.0,[0.79761239 1.         0.         1.         0.        ],[5. 5. 2. 2. 2.],0.0,True,2021.10.06.07.26.10_veh-52_00006_00398,0,1633505533.699627,365226.32156303426,143347.46454962954,365199.233907672,143363.9463645146,bd9abb7104dc5408
1.0,1.0,1.0,1.0,0.6993494805664676,1.0,1.0,1.0,1.0,[0.69934948 1.         1.         1.         0.        ],[5. 5. 2. 2. 2.],0.8926248144880241,True,2021.10.06.08.16.17_veh-52_01949_02501,0,1633510668.700109,364917.5669727325,143471.2829786912,364917.98577947664,143450.78252435508,02b68b9cc51f506a
1.0,0.0,1.0,1.0,0.9623128651908627,1.0,1.0,1.0,0.0,[0.96231287 1.         1.         1.         0.        ],[5. 5. 2. 2. 2.],0.0,True,2021.09.16.19.12.04_veh-42_01438_01677,0,1631821479.5005388,587959.8160645418,4475713.497971761,587926.8819494363,4475737.948801596,dddf14378c355c3a
1.0,1.0,1.0,1.0,0.981009279647648,1.0,1.0,1.0,1.0,[0.98100928 1.         1.         1.         0.        ],[5. 5. 2. 2. 2.],0.9932175998741599,True,2021.08.30.16.16.44_veh-40_01099_01351,0,1630341563.500124,332238.658501746,4690419.024500523,332202.82584470435,4690440.498168958,112db94505025ec5
1.0,0.0,0.0,1.0,1.0,1.0,1.0,1.0,0.0,[1. 1. 1. 1. 0.],[5. 5. 2. 2. 2.],0.0,True,2021.09.16.19.27.01_veh-45_01749_03230,0,1631823126.500618,587620.6973456177,4475966.282579694,587650.1711708405,4475949.839459669,75b6813b1f4556ce
1.0,1.0,1.0,1.0,1.0,1.0,1.0,1.0,1.0,[1. 1. 1. 1. 0.],[5. 5. 2. 2. 2.],1.0,True,2021.09.16.14.39.34_veh-42_00297_00935,0,1631804028.199689,587724.3811948574,4475591.339582437,587718.2936914704,4475596.398085691,62103d9b18645ebd
0.0,0.0,1.0,1.0,1.0,0.0,0.0,1.0,0.0,[1. 0. 0. 1. 0.],[5. 5. 2. 2. 2.],0.0,True,2021.06.03.18.47.39_veh-35_00503_00777,0,1622761048.199828,664963.2628970472,3999612.461738959,664950.6961678134,3999614.4223121726,14fe69db03425780
1.0,1.0,1.0,1.0,0.8407047594543565,1.0,1.0,1.0,1.0,[0.84070476 1.         1.         1.         0.        ],[5. 5. 2. 2. 2.],0.9431088426622701,True,2021.10.06.07.26.10_veh-52_00953_01126,0,1633506279.699677,365828.3077251913,143261.55631773823,365814.32179582794,143285.66416734117,00c1e4eb4a045f20
1.0,1.0,1.0,1.0,1.0,1.0,1.0,1.0,1.0,[1. 1. 1. 1. 0.],[5. 5. 2. 2. 2.],1.0,True,2021.06.03.18.47.39_veh-35_00503_00777,0,1622761047.699771,664959.7650038216,3999613.2400157014,664949.3893540775,3999614.964629414,ae05160436d45a62
1.0,0.0,1.0,1.0,0.756807111915081,1.0,1.0,1.0,0.0,[0.75680711 1.         1.         1.         0.        ],[5. 5. 2. 2. 2.],0.0,True,2021.10.06.08.16.17_veh-52_01949_02501,0,1633510278.19971,365737.90644794627,142951.48936538104,365714.714454585,142967.88392067223,7b2f3235b4cb5374
1.0,0.0,1.0,1.0,0.6301147702623411,1.0,1.0,1.0,0.0,[0.63011477 1.         1.         1.         0.        ],[5. 5. 2. 2. 2.],0.0,True,2021.08.30.16.16.44_veh-40_00779_01088,0,1630341044.500346,331397.7541155338,4691063.750452392,331386.98192228394,4691071.601548855,ad47566ea29a57bf
1.0,0.0,1.0,1.0,1.0,1.0,1.0,1.0,0.0,[1. 1. 1. 1. 0.],[5. 5. 2. 2. 2.],0.0,True,2021.06.28.20.24.43_veh-38_03385_04952,0,1624916572.099675,664237.011066194,3997402.2472829223,664255.0423268196,3997390.97186032,0122ce98b2735558
1.0,1.0,1.0,1.0,0.8732857962168055,1.0,1.0,1.0,1.0,[0.8732858 1.        1.        1.        0.       ],[5. 5. 2. 2. 2.],0.9547449272202877,True,2021.09.16.14.39.34_veh-42_00032_00186,0,1631803273.1995308,589139.3450956088,4474514.351945365,589127.351261993,4474548.090342314,cd9d029138325c2c
0.5,1.0,1.0,1.0,1.0,0.0,1.0,1.0,0.5,[1. 0. 1. 1. 0.],[5. 5. 2. 2. 2.],0.32142857142857145,True,2021.09.16.19.49.00_veh-42_00990_01609,0,1631823168.00013,587746.4733264773,4475729.818481312,587717.4395151853,4475746.72160233,773cb036b1195879
1.0,0.0,1.0,1.0,1.0,1.0,1.0,1.0,0.0,[1. 1. 1. 1. 0.],[5. 5. 2. 2. 2.],0.0,True,2021.09.16.14.39.34_veh-42_01609_01687,0,1631804868.700079,588978.8558878483,4474806.517646312,588962.6139826735,4474854.120601327,ce2f1ac423965b7a
1.0,1.0,1.0,1.0,1.0,1.0,1.0,1.0,1.0,[1. 1. 1. 1. 0.],[5. 5. 2. 2. 2.],1.0,True,2021.05.25.15.59.03_veh-30_04463_04606,0,1621977372.099469,664546.6088028342,3997857.0732190507,664525.7417172396,3997864.4940356496,6b2cda5004dc5df9
1.0,1.0,1.0,1.0,1.0,1.0,1.0,1.0,1.0,[1. 1. 1. 1. 0.],[5. 5. 2. 2. 2.],1.0,True,2021.06.03.13.55.17_veh-35_02866_03582,1,1622746182.6010609,664458.1074116072,3998174.5665861713,664458.2830656067,3998167.032628753,b24ef110ccf50ea20
1.0,1.0,1.0,1.0,0.4939432560397374,1.0,1.0,1.0,1.0,[0.49394326 1.         1.         1.         0.        ],[5. 5. 2. 2. 2.],0.8192654485856206,True,2021.05.25.15.59.03_veh-30_04463_04606,1,1621977376.599292,664548.1915063187,3997854.1801846544,664543.5770972747,3997858.446109691,e70eb6c2ef34c64ec
1.0,1.0,1.0,1.0,0.7807977592008858,1.0,0.0,1.0,1.0,[0.78079776 1.         0.         1.         0.        ],[5. 5. 2. 2. 2.],0.7788563425717449,True,2021.10.06.08.16.17_veh-52_01949_02501,1,1633510672.2000458,364921.3443944328,143489.4298074273,364916.1289678291,143469.12008486627,d9cc3b5dd80f7b6bd
1.0,1.0,1.0,1.0,1.0,1.0,1.0,1.0,1.0,[1. 1. 1. 1. 0.],[5. 5. 2. 2. 2.],1.0,True,2021.05.25.15.59.03_veh-30_04463_04606,1,1621977376.599292,664584.7858885351,3997845.4682386345,664554.4328171633,3997853.770503025,145a730c9e1e596f5
1.0,1.0,1.0,1.0,1.0,1.0,1.0,1.0,1.0,[1. 1. 1. 1. 0.],[5. 5. 2. 2. 2.],1.0,True,2021.06.28.20.24.43_veh-38_03385_04952,1,1624916576.5994458,664233.9940568125,3997404.019623732,664242.2073851201,3997397.286433784,bee9d6dc42a9d273c
1.0,1.0,0.0,1.0,0.8839225343052866,1.0,0.0,1.0,0.0,[0.88392253 1.         0.         1.         0.        ],[5. 5. 2. 2. 2.],0.0,True,2021.09.16.17.40.09_veh-45_02539_02745,1,1631816779.400143,587737.0558888484,4475897.103040142,587765.528916811,4475879.109513619,a677f3956eddc7eac
0.0,0.0,0.5,1.0,1.0,0.0,0.0,1.0,0.0,[1. 0. 0. 1. 0.],[5. 5. 2. 2. 2.],0.0,True,2021.09.29.19.02.14_veh-28_00273_00514,1,1632942721.7998729,331055.6896208792,4690745.517617476,331065.2872533938,4690739.21756701,055b2b04eb387aadb
1.0,1.0,1.0,1.0,1.0,0.0,0.0,0.0,1.0,[1. 0. 0. 0. 0.],[5. 5. 2. 2. 2.],0.35714285714285715,True,2021.10.06.07.26.10_veh-52_01245_02064,1,1633506876.700271,364982.7703218087,143534.7875533703,365002.1627159435,143559.78014483157,65d1dc0e08fdbab3c
0.0,1.0,1.0,1.0,1.0,0.0,0.0,1.0,0.0,[1. 0. 0. 1. 0.],[5. 5. 2. 2. 2.],0.0,True,2021.06.28.20.24.43_veh-38_03385_04952,1,1624916576.5994458,664207.6016649017,3997421.4125565533,664231.4440368309,3997406.353012646,86275551f43e6b105
0.5,1.0,1.0,1.0,1.0,0.0,1.0,1.0,0.5,[1. 0. 1. 1. 0.],[5. 5. 2. 2. 2.],0.32142857142857145,True,2021.05.25.15.59.03_veh-30_04463_04606,1,1621977376.599292,664576.2551607017,3997849.658175962,664549.7942749436,3997855.2825937024,9e892c78dc283445e
1.0,1.0,1.0,1.0,0.9787190959794982,1.0,0.0,1.0,1.0,[0.9787191 1.        0.        1.        0.       ],[5. 5. 2. 2. 2.],0.8495425342783923,True,2021.09.29.19.02.14_veh-28_00273_00514,1,1632942721.2996829,331025.8489774187,4690774.960954089,331060.20820482343,4690749.439799941,d338d0b0f53782114
1.0,0.0,1.0,1.0,0.644648454834539,1.0,0.0,1.0,0.0,[0.64464845 1.         0.         1.         0.        ],[5. 5. 2. 2. 2.],0.0,True,2021.10.06.08.16.17_veh-52_01949_02501,1,1633510672.700016,364917.1315053959,143482.6384969843,364918.50126854953,143467.93658644444,3b82c1b1ab67f0c9a
0.0,1.0,1.0,1.0,1.0,0.0,0.0,1.0,0.0,[1. 0. 0. 1. 0.],[5. 5. 2. 2. 2.],0.0,True,2021.09.16.13.53.10_veh-42_00860_01069,1,1631801380.9002779,587766.6376343402,4475616.997971658,587745.7371175474,4475593.092742462,9d3a947ac7ae15c8a
0.0,1.0,1.0,1.0,0.9405308770824026,1.0,1.0,1.0,0.0,[0.94053088 1.         1.         1.         0.        ],[5. 5. 2. 2. 2.],0.0,True,2021.09.16.13.53.10_veh-42_00860_01069,1,1631801380.400394,587744.5756616506,4475594.074551495,587732.3484647908,4475587.000407235,02d2d3d4304682d94
1.0,1.0,1.0,1.0,1.0,1.0,0.0,1.0,1.0,[1. 1. 0. 1. 0.],[5. 5. 2. 2. 2.],0.8571428571428571,True,2021.08.30.16.16.44_veh-40_00779_01088,1,1630341048.500202,331404.33853412257,4691061.75635073,331392.810258105,4691067.902968382,19cc6e3c4179dce92
1.0,0.0,0.0,1.0,0.8257699591828086,1.0,1.0,1.0,0.0,[0.82576996 1.         1.         1.         0.        ],[5. 5. 2. 2. 2.],0.0,True,2021.09.29.19.02.14_veh-28_03198_03360,1,1632945447.799682,332338.0910987489,4690411.449375816,332308.86765044235,4690390.595424016,f4fc402c592a5d4a2
1.0,0.0,1.0,1.0,0.7764885518103801,1.0,1.0,1.0,0.0,[0.77648855 1.         1.         1.         0.        ],[5. 5. 2. 2. 2.],0.0,True,2021.09.29.19.02.14_veh-28_03198_03360,1,1632945447.799682,332330.299465914,4690406.401538003,332305.5424848501,4690389.579034964,d8ae22f5da35b2ae9
1.0,1.0,1.0,1.0,0.929169207104421,1.0,1.0,1.0,1.0,[0.92916921 1.         1.         1.         0.        ],[5. 5. 2. 2. 2.],0.9747032882515789,True,2021.06.28.16.29.11_veh-38_03263_03766,1,1624901670.800134,664469.8671058345,3997446.5326288007,664468.5258671356,3997436.925149506,48b8608248fe082c2
1.0,0.0,0.0,0.0,1.0,1.0,0.0,1.0,0.0,[1. 1. 0. 1. 0.],[5. 5. 2. 2. 2.],0.0,True,2021.09.16.19.12.04_veh-42_01438_01677,1,1631821483.500259,587996.0324044628,4475693.747146113,587959.094096563,4475714.413388924,845a83fdb1732a5ef
1.0,1.0,1.0,1.0,0.9565601446355713,1.0,1.0,1.0,1.0,[0.95656014 1.         1.         1.         0.        ],[5. 5. 2. 2. 2.],0.9844857659412755,True,2021.09.29.14.44.26_veh-28_00528_00992,1,1632927637.2996058,331649.7995943681,4690780.905653148,331640.1844697597,4690785.261261889,d7b9e3963f7cb14e1
1.0,1.0,0.0,1.0,1.0,1.0,0.0,1.0,0.0,[1. 1. 0. 1. 0.],[5. 5. 2. 2. 2.],0.0,True,2021.09.29.14.44.26_veh-28_00238_00320,1,1632927012.2997,330809.50056534866,4689922.391103912,330788.6189183547,4689894.691216341,f2ffa929974330310
0.0,1.0,1.0,1.0,0.9892128630914228,0.0,1.0,1.0,0.0,[0.98921286 0.         1.         1.         0.        ],[5. 5. 2. 2. 2.],0.0,True,2021.09.16.19.27.01_veh-45_01749_03230,1,1631822556.4997149,587684.6525418402,4475757.50685751,587669.05130403,4475762.84691142,71313a0d415f3ff89
1.0,0.0,1.0,1.0,1.0,1.0,1.0,1.0,0.0,[1. 1. 1. 1. 0.],[5. 5. 2. 2. 2.],0.0,True,2021.09.16.14.39.34_veh-42_00297_00935,1,1631803564.69955,588576.9194745646,4475619.241971861,588586.0852760951,4475599.874418679,1285808d1703253f0
1.0,1.0,1.0,1.0,0.8100706038252451,1.0,1.0,1.0,1.0,[0.8100706 1.        1.        1.        0.       ],[5. 5. 2. 2. 2.],0.9321680727947304,True,2021.10.06.08.16.17_veh-52_00922_01296,1,1633509214.7003329,365574.64783317485,143822.72870014055,365576.4579940039,143794.6881219485,9c33aa775bae4e3a1
1.0,0.0,1.0,1.0,1.0,1.0,0.0,1.0,0.0,[1. 1. 0. 1. 0.],[5. 5. 2. 2. 2.],0.0,True,2021.09.29.19.02.14_veh-28_03198_03360,1,1632945448.299881,332318.77507962735,4690395.215251149,332303.08573332673,4690387.419699813,07f017abc801c8b9e
1.0,1.0,0.0,1.0,1.0,1.0,0.0,1.0,0.0,[1. 1. 0. 1. 0.],[5. 5. 2. 2. 2.],0.0,True,2021.09.16.14.39.34_veh-42_00032_00186,1,1631803276.6995718,589146.569761518,4474501.254983519,589135.6091102889,4474526.020066011,f8ef03363118bcda4
1.0,1.0,1.0,1.0,0.39722028306958157,1.0,0.0,1.0,1.0,[0.39722028 1.         0.         1.         0.        ],[5. 5. 2. 2. 2.],0.6418643868105648,True,2021.10.06.08.16.17_veh-52_00181_00574,1,1633508452.200059,365588.38762771356,143905.8498654763,365587.3071789324,143910.18335790336,8cf5c8b605a2a4959
1.0,0.0,1.0,1.0,1.0,1.0,1.0,1.0,0.0,[1. 1. 1. 1. 0.],[5. 5. 2. 2. 2.],0.0,True,2021.05.25.15.59.03_veh-30_04463_04606,1,1621977376.599292,664563.5186831491,3997852.0571108693,664547.4094481071,3997859.9115499016,d73385f96b3a8b16d
1.0,1.0,1.0,1.0,0.6211671561674262,1.0,1.0,1.0,1.0,[0.62116716 1.         1.         1.         0.        ],[5. 5. 2. 2. 2.],0.8647025557740807,True,2021.08.30.16.16.44_veh-40_00779_01088,1,1630341048.0002549,331415.5682141843,4691053.668730053,331400.7019574925,4691062.698314006,6755c5223bb08c967
0.0,1.0,0.5,1.0,1.0,0.0,0.0,1.0,0.0,[1. 0. 0. 1. 0.],[5. 5. 2. 2. 2.],0.0,True,2021.10.06.07.26.10_veh-52_00953_01126,1,1633506284.199821,365853.3963646266,143236.6875342448,365831.11484006816,143259.18405985006,80144b63550c48566
1.0,0.0,1.0,1.0,0.6243420518108395,1.0,0.0,1.0,0.0,[0.62434205 1.         0.         1.         0.        ],[5. 5. 2. 2. 2.],0.0,True,2021.09.16.19.12.04_veh-42_01438_01677,1,1631821483.000248,587962.7154865342,4475712.204854959,587946.802596217,4475721.474821461,fef06dc806442398d
1.0,1.0,1.0,1.0,0.953584834972094,1.0,1.0,1.0,1.0,[0.95358483 1.         1.         1.         0.        ],[5. 5. 2. 2. 2.],0.9834231553471764,True,2021.09.16.14.39.34_veh-42_00297_00935,1,1631803564.199638,588577.1947209645,4475618.554393516,588588.6023105612,4475597.701560337,06a374b6e74317285
1.0,1.0,1.0,1.0,0.10286891295959995,1.0,1.0,1.0,1.0,[0.10286891 1.         1.         1.         0.        ],[5. 5. 2. 2. 2.],0.6795960403427143,True,2021.09.16.13.53.10_veh-42_00180_00342,1,1631800708.8997898,589206.041799925,4474367.765420319,589206.4485392509,4474366.695766707,9acdea8bbc8a06caa
1.0,0.0,1.0,1.0,1.0,1.0,0.0,1.0,0.0,[1. 1. 0. 1. 0.],[5. 5. 2. 2. 2.],0.0,True,2021.10.06.08.16.17_veh-52_01949_02501,1,1633510282.200049,365746.42549321183,142948.54885049988,365731.2215268798,142953.25914999106,37e08a9d04d846913
1.0,1.0,1.0,1.0,0.875206592842073,1.0,1.0,1.0,1.0,[0.87520659 1.         1.         1.         0.        ],[5. 5. 2. 2. 2.],0.9554309260150261,True,2021.09.29.14.44.26_veh-28_00528_00992,1,1632927636.799638,331650.5206324273,4690777.837080624,331638.82261342334,4690787.068459321,835ff0096d7b5ba4f
1.0,1.0,1.0,1.0,1.0,1.0,1.0,1.0,1.0,[1. 1. 1. 1. 0.],[5. 5. 2. 2. 2.],1.0,True,2021.08.16.14.23.37_veh-45_00015_00132,1,1629124052.499943,588919.6317369441,4475002.7713601105,588933.9477526493,4474959.013953136,4a5ea5d6a2735531c
1.0,1.0,1.0,1.0,0.7286542136652246,1.0,1.0,1.0,1.0,[0.72865421 1.         1.         1.         0.        ],[5. 5. 2. 2. 2.],0.9030907905947231,True,2021.10.06.08.16.17_veh-52_00922_01296,1,1633509215.2006,365574.62215190806,143831.77782928417,365576.1111635044,143803.03806211377,59f54dd987b4a80fd
1.0,0.0,0.5,1.0,0.9077571539903504,1.0,1.0,1.0,0.0,[0.90775715 1.         1.         1.         0.        ],[5. 5. 2. 2. 2.],0.0,True,2021.09.16.14.39.34_veh-42_01609_01687,1,1631804872.199678,588983.6681298735,4474804.009570748,588971.3523014827,4474827.109726953,0502403f486b71c32
1.0,0.0,0.5,1.0,1.0,1.0,0.0,1.0,0.0,[1. 1. 0. 1. 0.],[5. 5. 2. 2. 2.],0.0,True,2021.08.30.16.16.44_veh-40_00779_01088,1,1630341048.500202,331402.7658215493,4691064.957678997,331391.9380443223,4691069.089983301,d7df71a05797f5711
1.0,0.0,1.0,1.0,0.9589572767844499,1.0,1.0,1.0,0.0,[0.95895728 1.         1.         1.         0.        ],[5. 5. 2. 2. 2.],0.0,True,2021.09.16.14.39.34_veh-42_00032_00186,1,1631803276.6995718,589155.017583876,4474480.8565971255,589138.247663078,4474518.431568338,894784294c8d0ed99
1.0,1.0,1.0,1.0,0.7797127802843268,1.0,1.0,1.0,1.0,[0.77971278 1.         1.         1.         0.        ],[5. 5. 2. 2. 2.],0.9213259929586881,True,2021.06.28.16.29.11_veh-38_03263_03766,1,1624901670.3003619,664467.2914678737,3997440.554255051,664467.5472917153,3997432.5036092238,aa06b6b1578ec1270
1.0,0.0,1.0,1.0,1.0,1.0,0.0,1.0,0.0,[1. 1. 0. 1. 0.],[5. 5. 2. 2. 2.],0.0,True,2021.09.16.14.39.34_veh-42_01609_01687,1,1631804872.699662,588988.8688813853,4474790.213314155,588975.4247509366,4474816.5169792995,6d7bece364fac8d01
1.0,1.0,1.0,1.0,0.05795284575814118,1.0,1.0,1.0,1.0,[0.05795285 1.         1.         1.         0.        ],[5. 5. 2. 2. 2.],0.6635545877707647,True,2021.10.06.07.26.10_veh-52_01245_02064,1,1633507280.1999679,365092.22114599554,143824.3766077938,365092.3071765089,143824.3518380405,c63fc1f399e5c5f1c
0.5,0.0,1.0,1.0,0.5886070624330267,0.0,1.0,1.0,0.0,[0.58860706 0.         1.         1.         0.        ],[5. 5. 2. 2. 2.],0.0,True,2021.09.16.19.49.00_veh-42_00990_01609,1,1631823172.0002198,587751.3935359912,4475721.415937037,587739.4301578138,4475734.634878828,ddbab6bc7b8883cc3
0.0,1.0,1.0,1.0,1.0,0.0,0.0,1.0,0.0,[1. 0. 0. 1. 0.],[5. 5. 2. 2. 2.],0.0,True,2021.08.30.14.54.34_veh-40_00439_00835,1,1630335855.000484,331362.5485595054,4690980.459262972,331388.11499169696,4690963.553513654,a31ca4af2bc4ff90a
1.0,1.0,1.0,1.0,0.8932716835438983,1.0,1.0,1.0,1.0,[0.89327168 1.         1.         1.         0.        ],[5. 5. 2. 2. 2.],0.9618827441228207,True,2021.09.16.13.53.10_veh-42_00860_01069,1,1631801380.400394,587763.9650814998,4475616.668096554,587742.3677179901,4475591.312111874,c021ad43ee2e51dd3
1.0,0.0,1.0,1.0,0.7376015977059583,1.0,1.0,1.0,0.0,[0.7376016 1.        1.        1.        0.       ],[5. 5. 2. 2. 2.],0.0,True,2021.09.29.19.02.14_veh-28_00273_00514,1,1632942721.2996829,331050.2036354712,4690757.275056673,331065.45096855675,4690740.714143607,f5ffbc82e55558f49
1.0,0.0,1.0,1.0,0.7670056882076476,1.0,0.0,1.0,0.0,[0.76700569 1.         0.         1.         0.        ],[5. 5. 2. 2. 2.],0.0,True,2021.09.16.14.39.34_veh-42_01609_01687,1,1631804872.699662,588986.6748389718,4474793.119113395,588974.4884448092,4474818.332756834,5bf5914f66c7794ef
1.0,1.0,1.0,1.0,0.7055966051236847,1.0,1.0,1.0,1.0,[0.70559661 1.         1.         1.         0.        ],[5. 5. 2. 2. 2.],0.894855930401316,True,2021.09.29.14.44.26_veh-28_00528_00992,1,1632927636.799638,331645.12853615056,4690774.326061973,331640.2053251332,4690786.37367062,5f02891c6336297bf
1.0,1.0,1.0,1.0,0.9574341702156439,1.0,0.0,1.0,1.0,[0.95743417 1.         0.         1.         0.        ],[5. 5. 2. 2. 2.],0.8419407750770157,True,2021.09.29.19.02.14_veh-28_00273_00514,1,1632942721.7998729,331021.2780230713,4690775.301097425,331057.19161283085,4690750.985149542,bf64cc8fd71cdc3d8
0.5,0.0,1.0,1.0,1.0,0.0,0.0,1.0,0.0,[1. 0. 0. 1. 0.],[5. 5. 2. 2. 2.],0.0,True,2021.09.16.19.49.00_veh-42_00990_01609,1,1631823172.0002198,587763.6368442808,4475710.579177636,587742.7031308068,4475731.8098828355,230e554a4a9b823fa
1.0,1.0,1.0,1.0,0.9581534911766703,1.0,1.0,1.0,1.0,[0.95815349 1.         1.         1.         0.        ],[5. 5. 2. 2. 2.],0.9850548182773823,True,2021.08.16.14.23.37_veh-45_00015_00132,1,1629124052.000155,588924.5504453166,4474986.4369725445,588937.6353448515,4474946.747152201,fc8bd325b3da03b85
1.0,1.0,0.5,1.0,1.0,1.0,1.0,1.0,0.5,[1. 1. 1. 1. 0.],[5. 5. 2. 2. 2.],0.5,True,2021.09.29.14.44.26_veh-28_00238_00320,1,1632927012.2997,330788.03897719644,4689898.11049079,330791.1070618655,4689885.253176444,84f364974b63432d3
1.0,1.0,0.5,1.0,0.5827354215891752,1.0,0.0,1.0,0.5,[0.58273542 1.         0.         1.         0.        ],[5. 5. 2. 2. 2.],0.3540598967123527,True,2021.09.29.14.44.26_veh-28_00238_00320,1,1632927011.7998228,330790.609753225,4689900.650209407,330790.01118806435,4689889.126359204,c2c820f86bd4ff546
1.0,1.0,1.0,1.0,1.0,0.0,0.0,0.0,1.0,[1. 0. 0. 0. 0.],[5. 5. 2. 2. 2.],0.35714285714285715,True,2021.10.06.07.26.10_veh-52_01245_02064,1,1633506876.700271,364982.81871562405,143534.68596863144,365002.1627159435,143559.78014483157,88fd88a24f2995978
1.0,1.0,1.0,1.0,0.6059806446901234,1.0,0.0,1.0,1.0,[0.60598064 1.         0.         1.         0.        ],[5. 5. 2. 2. 2.],0.7164216588179012,True,2021.10.06.07.26.10_veh-52_00953_01126,1,1633506283.69979,365823.05937403184,143268.39654891734,365819.5474251525,143274.1168184871,95d7198096423bdb7
1.0,0.0,1.0,1.0,1.0,1.0,1.0,1.0,0.0,[1. 1. 1. 1. 0.],[5. 5. 2. 2. 2.],0.0,True,2021.09.16.14.39.34_veh-42_00297_00935,1,1631803564.69955,588574.1406710631,4475640.476979563,588582.6786987542,4475605.682960612,5c4cdaaf289584cd5
1.0,0.0,1.0,1.0,1.0,1.0,0.0,1.0,0.0,[1. 1. 0. 1. 0.],[5. 5. 2. 2. 2.],0.0,True,2021.09.16.14.39.34_veh-42_01609_01687,1,1631804872.699662,588983.5440534076,4474799.365587055,588973.3462517372,4474820.550468091,f068d067b1949f364
1.0,1.0,1.0,1.0,0.541364666813931,1.0,1.0,1.0,1.0,[0.54136467 1.         1.         1.         0.        ],[5. 5. 2. 2. 2.],0.8362016667192611,True,2021.10.06.08.16.17_veh-52_00181_00574,1,1633508451.70031,365586.6337356214,143901.9463140458,365587.25332279695,143908.01561455886,24d20a80a611d5e65
1.0,0.0,0.5,1.0,1.0,1.0,0.0,1.0,0.0,[1. 1. 0. 1. 0.],[5. 5. 2. 2. 2.],0.0,True,2021.08.30.16.16.44_veh-40_01099_01351,1,1630341567.500442,332245.484873201,4690417.716793968,332229.52577605087,4690426.291940918,7ee10c65aff66f1f6
1.0,0.0,0.0,1.0,0.8597852895028785,1.0,0.0,1.0,0.0,[0.85978529 1.         0.         1.         0.        ],[5. 5. 2. 2. 2.],0.0,True,2021.10.06.07.26.10_veh-52_01245_02064,1,1633506876.700271,365001.7880192997,143550.53887535108,365002.6427755661,143567.92195847965,1c913239e8b6739a5
1.0,1.0,1.0,1.0,1.0,1.0,0.0,1.0,1.0,[1. 1. 0. 1. 0.],[5. 5. 2. 2. 2.],0.8571428571428571,True,2021.05.25.15.59.03_veh-30_04463_04606,1,1621977376.099386,664575.1019624731,3997847.2578449813,664546.9499957188,3997855.3138258415,e0d627ef80faeebd6
1.0,1.0,1.0,1.0,0.805816575633574,1.0,1.0,1.0,1.0,[0.80581658 1.         1.         1.         0.        ],[5. 5. 2. 2. 2.],0.9306487770119907,True,2021.09.16.19.27.01_veh-45_01749_03230,1,1631822556.4997149,587676.0005067907,4475754.666854663,587672.4571119992,4475760.274607135,f1abd83315867c099
1.0,0.0,1.0,1.0,0.8122673395024657,1.0,1.0,1.0,0.0,[0.81226734 1.         1.         1.         0.        ],[5. 5. 2. 2. 2.],0.0,True,2021.10.06.08.16.17_veh-52_01949_02501,1,1633510672.700016,364919.4702971657,143469.90861598996,364919.43517100264,143459.86664608706,bd8218a7ee5744998
0.0,1.0,1.0,1.0,1.0,0.0,0.0,1.0,0.0,[1. 0. 0. 1. 0.],[5. 5. 2. 2. 2.],0.0,True,2021.09.16.15.47.30_veh-45_01199_01391,1,1631808545.799963,587696.1328712115,4475538.268524866,587681.6592004793,4475519.149452695,72637a23d58025fde
1.0,1.0,1.0,1.0,0.4223305320556725,1.0,1.0,1.0,1.0,[0.42233053 1.         1.         1.         0.        ],[5. 5. 2. 2. 2.],0.7936894757341688,True,2021.10.06.08.16.17_veh-52_01949_02501,1,1633510282.200049,365733.122450728,142952.744628518,365728.0130111579,142956.13942952856,eb6640d34db9e73af
0.0,1.0,1.0,1.0,1.0,0.0,0.0,1.0,0.0,[1. 0. 0. 1. 0.],[5. 5. 2. 2. 2.],0.0,True,2021.09.29.15.23.04_veh-28_00601_00802,1,1632929933.299629,330935.42449628754,4690834.326432255,330946.12687639217,4690827.798532214,13ec6e28d3c1a20c1
1.0,0.0,0.0,1.0,1.0,1.0,0.0,1.0,0.0,[1. 1. 0. 1. 0.],[5. 5. 2. 2. 2.],0.0,True,2021.10.06.08.16.17_veh-52_01949_02501,1,1633510672.700016,364923.6331291899,143514.0331077468,364915.1751159989,143478.74384169438,52c153c82d99556d6
1.0,1.0,0.5,1.0,1.0,1.0,0.0,1.0,0.5,[1. 1. 0. 1. 0.],[5. 5. 2. 2. 2.],0.42857142857142855,True,2021.09.16.19.12.04_veh-42_01438_01677,1,1631821483.000248,587986.2208132832,4475700.992233647,587953.4188816204,4475719.670591073,9985c549514dec050
1.0,1.0,1.0,1.0,0.7750796531551429,1.0,0.0,1.0,1.0,[0.77507965 1.         0.         1.         0.        ],[5. 5. 2. 2. 2.],0.7768141618411225,True,2021.09.29.19.02.14_veh-28_00273_00514,1,1632942721.7998729,331038.35279418825,4690766.886484823,331060.14519814216,4690749.239039196,a96a23b6f09cca0ae
0.0,0.0,0.0,1.0,1.0,0.0,1.0,1.0,0.0,[1. 0. 1. 1. 0.],[5. 5. 2. 2. 2.],0.0,True,2021.09.29.14.44.26_veh-28_00528_00992,1,1632927637.2996058,331676.80892790365,4690781.062411533,331647.8244156902,4690782.047012437,99fefc4b387e5553a
0.0,1.0,1.0,0.0,1.0,0.0,0.0,1.0,0.0,[1. 0. 0. 1. 0.],[5. 5. 2. 2. 2.],0.0,True,2021.09.16.14.39.34_veh-42_00297_00935,1,1631804032.6995518,587726.3581713655,4475584.505076234,587719.0415359057,4475595.632907528,a567fa13fe7716b55
1.0,0.0,1.0,1.0,0.36092999016270566,1.0,1.0,1.0,0.0,[0.36092999 1.         1.         1.         0.        ],[5. 5. 2. 2. 2.],0.0,True,2021.10.06.07.26.10_veh-52_01245_02064,1,1633507280.1999679,365082.0768410141,143825.13105888208,365089.9661927403,143825.0582657773,40e276fbb70b36a86
0.0,1.0,1.0,1.0,0.8667298410451417,0.0,1.0,1.0,0.0,[0.86672984 0.         1.         1.         0.        ],[5. 5. 2. 2. 2.],0.0,True,2021.09.16.17.40.09_veh-45_02539_02745,1,1631816778.90045,587742.3093652113,4475895.318329044,587768.6001448741,4475877.4048539065,d438ad9624b532d1a
1.0,1.0,1.0,1.0,1.0,1.0,1.0,1.0,1.0,[1. 1. 1. 1. 0.],[5. 5. 2. 2. 2.],1.0,True,2021.05.25.15.59.03_veh-30_04463_04606,1,1621977376.099386,664562.9389858821,3997850.3378564524,664545.2412049731,3997858.4073277796,b1606575e4b94f15c
1.0,1.0,0.5,1.0,0.7327427868163356,1.0,0.0,1.0,0.5,[0.73274279 1.         0.         1.         0.        ],[5. 5. 2. 2. 2.],0.3808469262172028,True,2021.10.06.08.16.17_veh-52_00922_01296,1,1633509215.2006,365578.5134148138,143795.10473325415,365576.26401647046,143786.02209260737,c9dca5652801c1a98
0.0,0.0,1.0,1.0,1.0,0.0,0.0,1.0,0.0,[1. 0. 0. 1. 0.],[5. 5. 2. 2. 2.],0.0,True,2021.06.28.20.24.43_veh-38_03385_04952,1,1624916576.5994458,664212.4981752749,3997423.3995148935,664231.4671407947,3997404.4394636895,330ebf5b4dfbc967a
1.0,1.0,1.0,1.0,0.9335198194314236,1.0,0.0,1.0,1.0,[0.93351982 1.         0.         1.         0.        ],[5. 5. 2. 2. 2.],0.8333999355112228,True,2021.09.16.19.49.00_veh-42_00990_01609,1,1631823172.5002549,587778.2035850459,4475699.37752851,587748.61269864,4475725.825501994,dab873d7c23152d34
1.0,0.0,0.0,1.0,1.0,1.0,0.0,1.0,0.0,[1. 1. 0. 1. 0.],[5. 5. 2. 2. 2.],0.0,True,2021.09.16.14.39.34_veh-42_00297_00935,1,1631803564.69955,588568.7246325649,4475654.956292427,588579.543673731,4475609.117164815,b60c0ec16d57413b5
1.0,1.0,1.0,1.0,1.0,0.0,1.0,1.0,1.0,[1. 0. 1. 1. 0.],[5. 5. 2. 2. 2.],0.6428571428571429,True,2021.05.25.15.59.03_veh-30_04463_04606,1,1621977376.599292,664578.7794522854,3997843.7934642867,664549.662173076,3997853.0638990584,5dfd054f0a5ff50d9
1.0,1.0,1.0,1.0,0.8517432618328343,1.0,1.0,1.0,1.0,[0.85174326 1.         1.         1.         0.        ],[5. 5. 2. 2. 2.],0.947051164940298,True,2021.10.06.07.26.10_veh-52_00006_00398,1,1633505537.1997058,365253.5251872185,143326.07745994852,365224.1464739516,143346.87630235608,6a555d92cb8bdeee6
1.0,1.0,1.0,1.0,0.8107639300173757,1.0,0.0,1.0,1.0,[0.81076393 1.         0.         1.         0.        ],[5. 5. 2. 2. 2.],0.7895585464347771,True,2021.10.06.08.16.17_veh-52_00922_01296,1,1633509214.7003329,365573.6105548139,143842.44885501804,365575.76611139067,143804.06240716644,020ac08667a119075
1.0,1.0,1.0,1.0,0.8710131402626204,1.0,1.0,1.0,1.0,[0.87101314 1.         1.         1.         0.        ],[5. 5. 2. 2. 2.],0.9539332643795072,True,2021.10.06.08.16.17_veh-52_01949_02501,1,1633510672.700016,364923.4893098355,143494.57461833552,364915.848402924,143471.4898228697,ba63d32eedc1457fd
1.0,1.0,1.0,1.0,0.6606800951396079,1.0,0.0,1.0,1.0,[0.6606801 1.        0.        1.        0.       ],[5. 5. 2. 2. 2.],0.7359571768355743,True,2021.10.06.07.26.10_veh-52_00006_00398,1,1633505537.1997058,365228.0910476551,143343.14356014485,365215.007430489,143352.86263110704,3b556146eac4e59da
1.0,1.0,1.0,1.0,0.9037118015197511,1.0,1.0,1.0,1.0,[0.9037118 1.        1.        1.        0.       ],[5. 5. 2. 2. 2.],0.9656113576856253,True,2021.09.29.19.02.14_veh-28_00273_00514,1,1632942721.7998729,331031.65877451544,4690769.94318518,331060.7145900432,4690748.3186451355,7f866f8c8d00bd3d1
1.0,1.0,1.0,1.0,1.0,1.0,1.0,1.0,1.0,[1. 1. 1. 1. 0.],[5. 5. 2. 2. 2.],1.0,True,2021.10.06.07.26.10_veh-52_01245_02064,1,1633506876.700271,365000.2510987827,143557.26479400188,364999.97992872994,143570.2090054581,23c9faa5c2360ed1f
0.0,1.0,1.0,0.0,1.0,0.0,1.0,1.0,0.0,[1. 0. 1. 1. 0.],[5. 5. 2. 2. 2.],0.0,True,2021.09.16.14.39.34_veh-42_00297_00935,1,1631804032.6995518,587734.802327637,4475580.929687067,587722.8216193788,4475592.040386824,b74ed296010c24598
1.0,0.0,1.0,1.0,0.5038182535247155,1.0,1.0,1.0,0.0,[0.50381825 1.         1.         1.         0.        ],[5. 5. 2. 2. 2.],0.0,True,2021.10.06.08.16.17_veh-52_01949_02501,1,1633510672.700016,364916.64742139605,143464.22177664036,364917.7254983061,143458.64213258744,9b0fa1196afa1a71b
1.0,1.0,1.0,1.0,1.0,1.0,0.0,1.0,1.0,[1. 1. 0. 1. 0.],[5. 5. 2. 2. 2.],0.8571428571428571,True,2021.09.16.13.53.10_veh-42_00180_00342,1,1631800708.4001288,589180.2144025879,4474421.952442251,589196.3958563344,4474384.450407277,aaf11968df9ad811b
0.0,1.0,1.0,1.0,1.0,0.0,1.0,1.0,0.0,[1. 0. 1. 1. 0.],[5. 5. 2. 2. 2.],0.0,True,2021.09.29.14.44.26_veh-28_00528_00992,1,1632927636.799638,331663.5910143205,4690783.727472765,331643.22613745974,4690783.536628845,c6144081cdf888af5
1.0,0.0,1.0,0.0,1.0,1.0,0.0,1.0,0.0,[1. 1. 0. 1. 0.],[5. 5. 2. 2. 2.],0.0,True,2021.09.16.19.12.04_veh-42_01438_01677,1,1631821483.500259,588000.3581474264,4475690.640977358,587962.3793955449,4475713.856481998,93815cb266f991f06
1.0,1.0,1.0,1.0,0.12214036932180324,1.0,1.0,1.0,1.0,[0.12214037 1.         1.         1.         0.        ],[5. 5. 2. 2. 2.],0.6864787033292155,True,2021.10.06.08.16.17_veh-52_01949_02501,1,1633510282.200049,365727.17800756893,142956.45717996202,365726.14078392775,142957.52934065953,f9ab90e6bba95734a
1.0,1.0,0.0,1.0,1.0,1.0,0.0,1.0,0.0,[1. 1. 0. 1. 0.],[5. 5. 2. 2. 2.],0.0,True,2021.09.16.19.12.04_veh-42_01438_01677,1,1631821483.000248,587974.912113486,4475708.896264959,587949.2588369913,4475722.148714512,174e7a32e20f2ca14
0.5,0.0,0.0,1.0,1.0,0.0,0.0,1.0,0.0,[1. 0. 0. 1. 0.],[5. 5. 2. 2. 2.],0.0,True,2021.09.16.19.49.00_veh-42_00990_01609,1,1631823172.5002549,587762.9946267627,4475709.254469553,587744.5260853939,4475728.9074914595,23466331481723251
1.0,0.0,1.0,1.0,1.0,1.0,1.0,1.0,0.0,[1. 1. 1. 1. 0.],[5. 5. 2. 2. 2.],0.0,True,2021.06.28.20.24.43_veh-38_03385_04952,1,1624916576.09966,664230.1644411221,3997404.658882022,664241.4203463894,3997396.883172947,52825507b7931e0f3
0.0,1.0,1.0,1.0,0.9115393486771425,0.0,0.0,1.0,0.0,[0.91153935 0.         0.         1.         0.        ],[5. 5. 2. 2. 2.],0.0,True,2021.09.16.13.53.10_veh-42_00860_01069,1,1631801380.400394,587764.7084359175,4475615.966991119,587741.2855991775,4475591.908302615,8540d07d75bf477e8
1.0,1.0,1.0,1.0,1.0,1.0,1.0,1.0,1.0,[1. 1. 1. 1. 0.],[5. 5. 2. 2. 2.],1.0,True,2021.09.16.19.12.04_veh-42_01438_01677,1,1631821483.500259,587982.0314765202,4475703.943075008,587955.1143231317,4475718.008118005,90641ae47d3a38ca0
0.0,1.0,1.0,1.0,1.0,0.0,0.0,1.0,0.0,[1. 0. 0. 1. 0.],[5. 5. 2. 2. 2.],0.0,True,2021.08.30.14.54.34_veh-40_00439_00835,1,1630335855.000484,331367.307725628,4690975.302812343,331390.02419314126,4690961.480770586,62631b017ceec5a18
1.0,1.0,1.0,1.0,0.42011736455115817,1.0,1.0,1.0,1.0,[0.42011736 1.         1.         1.         0.        ],[5. 5. 2. 2. 2.],0.7928990587682707,True,2021.09.16.19.12.04_veh-42_01438_01677,1,1631821483.000248,587950.2999231761,4475719.322868102,587943.5949703528,4475724.401374112,fd45bba33b3dcb719
1.0,0.0,1.0,1.0,0.5229043508766944,1.0,0.0,1.0,0.0,[0.52290435 1.         0.         1.         0.        ],[5. 5. 2. 2. 2.],0.0,True,2021.10.06.08.16.17_veh-52_01949_02501,1,1633510672.2000458,364918.5093095135,143475.37278112787,364918.93597088347,143465.47952387697,b768b66003f09acc0
1.0,1.0,0.0,1.0,1.0,1.0,0.0,1.0,0.0,[1. 1. 0. 1. 0.],[5. 5. 2. 2. 2.],0.0,True,2021.09.16.13.53.10_veh-42_00180_00342,1,1631800708.8997898,589179.3931760777,4474421.103359741,589193.9621493996,4474388.566131747,2cbe5fab2a0892e8d
1.0,1.0,1.0,1.0,0.829462700600789,1.0,1.0,1.0,1.0,[0.8294627 1.        1.        1.        0.       ],[5. 5. 2. 2. 2.],0.9390938216431389,True,2021.06.28.16.29.11_veh-38_03263_03766,1,1624901670.3003619,664470.741853012,3997443.0157631645,664468.5808393658,3997434.147703979,49bf9b39d6fc7eeb6
1.0,1.0,1.0,0.0,1.0,1.0,1.0,1.0,0.0,[1. 1. 1. 1. 0.],[5. 5. 2. 2. 2.],0.0,True,2021.09.29.18.19.40_veh-28_00844_01218,1,1632940779.5998669,331272.53434170794,4691021.915664932,331269.837462551,4691023.788525217,0d5b6ee9d0a973914
1.0,0.0,0.0,1.0,0.9890459676772089,1.0,1.0,1.0,0.0,[0.98904597 1.         1.         1.         0.        ],[5. 5. 2. 2. 2.],0.0,True,2021.09.16.14.39.34_veh-42_01609_01687,1,1631804872.699662,588985.1917617274,4474802.743739759,588971.9799190455,4474825.052099538,67c494ff455f7fac3
1.0,1.0,1.0,1.0,0.35912189297425295,1.0,1.0,1.0,1.0,[0.35912189 1.         1.         1.         0.        ],[5. 5. 2. 2. 2.],0.771114961776519,True,2021.09.16.19.27.01_veh-45_01749_03230,1,1631823130.000381,587631.0653850903,4475959.40503518,587636.0173466866,4475957.173503667,a14ccfc8d2eea6574
1.0,0.0,0.5,1.0,0.7411447302376761,1.0,1.0,1.0,0.0,[0.74114473 1.         1.         1.         0.        ],[5. 5. 2. 2. 2.],0.0,True,2021.09.29.19.02.14_veh-28_03198_03360,1,1632945447.799682,332332.77084805345,4690406.2750294525,332307.23177488486,4690389.8094708435,8a5b80c748963e0a4
1.0,1.0,0.5,1.0,0.912127693995623,1.0,1.0,1.0,0.5,[0.91212769 1.         1.         1.         0.        ],[5. 5. 2. 2. 2.],0.4843085167849327,True,2021.10.06.07.26.10_veh-52_00953_01126,1,1633506283.69979,365831.7465339148,143257.4206858678,365821.8153409122,143270.80863686072,6d02e71114637a043
1.0,1.0,1.0,1.0,1.0,1.0,1.0,1.0,1.0,[1. 1. 1. 1. 0.],[5. 5. 2. 2. 2.],1.0,True,2021.10.06.07.26.10_veh-52_01245_02064,1,1633506876.700271,365000.5308618532,143553.5452058479,365001.87100446416,143568.16244898553,33bdd00b087ff8b4e
1.0,1.0,1.0,1.0,1.0,1.0,1.0,1.0,1.0,[1. 1. 1. 1. 0.],[5. 5. 2. 2. 2.],1.0,True,2021.06.03.13.55.17_veh-35_02866_03582,1,1622746182.1008449,664458.1957676407,3998177.389596337,664458.2849977062,3998166.7988831773,1ea06c577a84beafb
1.0,1.0,1.0,1.0,0.6130652683000892,1.0,0.0,1.0,1.0,[0.61306527 1.         0.         1.         0.        ],[5. 5. 2. 2. 2.],0.7189518815357462,True,2021.09.16.13.53.10_veh-42_00180_00342,1,1631800708.8997898,589194.629515038,4474386.543570947,589200.5338933653,4474374.898560746,1348d09a15e4bfd3f
1.0,1.0,1.0,1.0,0.7366092863120697,1.0,1.0,1.0,1.0,[0.73660929 1.         1.         1.         0.        ],[5. 5. 2. 2. 2.],0.9059318879685964,True,2021.09.16.19.27.01_veh-45_00472_00711,1,1631821126.999842,587998.35953055,4475697.53284478,588010.6942810861,4475700.359834238,0b204ead40703c13f
1.0,1.0,1.0,1.0,0.8340663873097616,1.0,1.0,1.0,1.0,[0.83406639 1.         1.         1.         0.        ],[5. 5. 2. 2. 2.],0.9407379954677719,True,2021.09.29.19.02.14_veh-28_03198_03360,1,1632945448.299881,332333.4487068566,4690414.446712455,332310.2738897098,4690391.710538028,2ef69b84551e22eb2
1.0,1.0,1.0,1.0,1.0,1.0,0.0,1.0,1.0,[1. 1. 0. 1. 0.],[5. 5. 2. 2. 2.],0.8571428571428571,True,2021.09.29.18.19.40_veh-28_00844_01218,1,1632940779.099612,331264.78105005727,4691026.649171816,331264.7251344968,4691026.689999143,3d35e2b7007a10159
0.0,1.0,1.0,1.0,1.0,0.0,0.0,1.0,0.0,[1. 0. 0. 1. 0.],[5. 5. 2. 2. 2.],0.0,True,2021.08.30.14.54.34_veh-40_00439_00835,1,1630335855.000484,331359.6036236257,4690981.172590469,331386.94466799335,4690963.744543294,6cca874fda7a3507a
1.0,1.0,1.0,1.0,0.8448346341949812,1.0,1.0,0.0,1.0,[0.84483463 1.         1.         0.         0.        ],[5. 5. 2. 2. 2.],0.8017266550696361,True,2021.10.06.07.26.10_veh-52_01245_02064,1,1633506877.200578,364979.74087754503,143533.35331758962,365000.5847867476,143557.01027991404,98d803d8ab5715cf8
0.0,0.0,0.5,1.0,1.0,0.0,0.0,1.0,0.0,[1. 0. 0. 1. 0.],[5. 5. 2. 2. 2.],0.0,True,2021.09.29.19.02.14_veh-28_00273_00514,1,1632942721.2996829,331053.4857979538,4690744.567005989,331066.0885795973,4690737.983678388,deb3331dfd3043c59
1.0,1.0,1.0,1.0,1.0,1.0,1.0,0.0,1.0,[1. 1. 1. 0. 0.],[5. 5. 2. 2. 2.],0.8571428571428571,True,2021.09.16.19.27.01_veh-45_01749_03230,1,1631822555.999821,587670.7716219868,4475736.68693352,587676.7179242454,4475757.498188609,d85f111a22572d5b1
1.0,1.0,1.0,1.0,1.0,1.0,0.0,1.0,1.0,[1. 1. 0. 1. 0.],[5. 5. 2. 2. 2.],0.8571428571428571,True,2021.09.29.19.02.14_veh-28_00964_01689,1,1632943827.299702,331358.0267971436,4690965.765882582,331350.6844146793,4690969.24479697,25afbc08ad962c6cd
1.0,1.0,1.0,1.0,0.763974912120547,1.0,1.0,1.0,1.0,[0.76397491 1.         1.         1.         0.        ],[5. 5. 2. 2. 2.],0.9157053257573382,True,2021.10.06.07.26.10_veh-52_00006_00398,1,1633505537.699599,365240.24207751686,143333.26291804225,365219.72534342884,143348.7818052484,e44f39d800c679960
1.0,1.0,1.0,1.0,0.5033990433875579,1.0,1.0,1.0,1.0,[0.50339904 1.         1.         1.         0.        ],[5. 5. 2. 2. 2.],0.8226425154955564,True,2021.09.16.19.49.00_veh-42_00990_01609,1,1631823172.0002198,587744.4817988032,4475730.1787896035,587737.252586854,4475737.268304798,33ff9ec8e9bc148c8
1.0,1.0,1.0,1.0,0.8042360458941185,1.0,1.0,1.0,1.0,[0.80423605 1.         1.         1.         0.        ],[5. 5. 2. 2. 2.],0.9300843021050422,True,2021.09.16.13.53.10_veh-42_00860_01069,1,1631801380.9002779,587746.9354183744,4475593.732072236,587733.6764576237,4475586.581377338,3ff3a293385e2be07
1.0,1.0,0.5,1.0,1.0,1.0,0.0,1.0,0.5,[1. 1. 0. 1. 0.],[5. 5. 2. 2. 2.],0.42857142857142855,True,2021.09.16.19.27.01_veh-45_01749_03230,1,1631823130.500547,587619.2752102821,4475945.429773401,587630.7191914902,4475957.37089071,c97f59b36279e74ae
1.0,1.0,1.0,1.0,1.0,1.0,0.0,1.0,1.0,[1. 1. 0. 1. 0.],[5. 5. 2. 2. 2.],0.8571428571428571,True,2021.09.16.13.53.10_veh-42_00180_00342,1,1631800708.4001288,589187.4063913608,4474403.300483643,589200.8323205358,4474375.662251267,ddae067a0bdc3d1ec
1.0,0.0,1.0,1.0,0.089998286545685,1.0,0.0,1.0,0.0,[0.08999829 1.         0.         1.         0.        ],[5. 5. 2. 2. 2.],0.0,True,2021.10.06.08.16.17_veh-52_00181_00574,1,1633508451.70031,365588.53575294925,143906.98634002628,365588.50032257376,143907.07885213496,d5f2dcdb50158c20e
1.0,1.0,1.0,1.0,0.10997693587111179,1.0,1.0,1.0,1.0,[0.10997694 1.         1.         1.         0.        ],[5. 5. 2. 2. 2.],0.6821346199539685,True,2021.09.16.13.53.10_veh-42_00860_01069,1,1631801380.400394,587730.04206795,4475587.660886865,587729.2777049049,4475587.970425985,113cb8fed3d36b259
1.0,1.0,1.0,1.0,0.05746522422596849,1.0,1.0,0.0,1.0,[0.05746522 1.         1.         0.         0.        ],[5. 5. 2. 2. 2.],0.5205232943664173,True,2021.08.30.16.16.44_veh-40_01099_01351,1,1630341567.000501,332222.56958516844,4690429.015936648,332222.4535040586,4690429.08286159,cc675839235bef34d
1.0,1.0,1.0,1.0,1.0,1.0,1.0,1.0,1.0,[1. 1. 1. 1. 0.],[5. 5. 2. 2. 2.],1.0,True,2021.10.06.07.26.10_veh-52_01245_02064,1,1633506876.700271,364999.5938789553,143554.84814995888,365000.9182265005,143568.7042123648,7442542b3671c78bc
1.0,0.0,0.5,1.0,1.0,1.0,0.0,1.0,0.0,[1. 1. 0. 1. 0.],[5. 5. 2. 2. 2.],0.0,True,2021.10.06.07.26.10_veh-52_01245_02064,1,1633507280.7003949,365069.08375892544,143810.29477745382,365083.2307265557,143823.01558894434,4bcb003422a19ae9a
0.0,0.0,0.0,1.0,1.0,0.0,0.0,0.0,0.0,[1. 0. 0. 0. 0.],[5. 5. 2. 2. 2.],0.0,True,2021.05.25.15.59.03_veh-30_04463_04606,1,1621977376.599292,664578.9233726861,3997837.655701151,664550.7546078243,3997852.7473758343,cdb408bfe8cbbd8b3
1.0,1.0,1.0,1.0,0.0005248897835922571,1.0,0.0,1.0,1.0,"[5.24889784e-04 1.00000000e+00 0.00000000e+00 1.00000000e+00
 0.00000000e+00]",[5. 5. 2. 2. 2.],0.5001874606369973,True,2021.06.03.13.55.17_veh-35_02866_03582,1,1622746182.6010609,664459.9196984738,3998168.8904696,664459.9185235912,3998168.884176135,3410786351a3e24b2
1.0,1.0,1.0,1.0,1.0,1.0,1.0,1.0,1.0,[1. 1. 1. 1. 0.],[5. 5. 2. 2. 2.],1.0,True,2021.05.25.15.59.03_veh-30_04463_04606,1,1621977376.099386,664547.2152005119,3997858.2113695797,664535.6411241862,3997863.16327606,1056c520c5f8da5e9
1.0,1.0,1.0,1.0,1.0,1.0,1.0,1.0,1.0,[1. 1. 1. 1. 0.],[5. 5. 2. 2. 2.],1.0,True,2021.09.29.19.02.14_veh-28_03198_03360,1,1632945448.299881,332337.32743051974,4690421.206078852,332312.57262538624,4690392.76865245,14f814e6cbf15fcb5
1.0,1.0,1.0,1.0,0.45072556365886784,1.0,1.0,1.0,1.0,[0.45072556 1.         1.         1.         0.        ],[5. 5. 2. 2. 2.],0.8038305584495956,True,2021.10.06.08.16.17_veh-52_01949_02501,1,1633510282.700223,365731.4773702367,142954.52175075453,365726.9657106907,142957.56512762656,36350983298c6896a
1.0,0.0,1.0,1.0,0.872129099180802,1.0,0.0,1.0,0.0,[0.8721291 1.        0.        1.        0.       ],[5. 5. 2. 2. 2.],0.0,True,2021.10.06.08.16.17_veh-52_00181_00574,1,1633508451.70031,365579.75637883326,143893.95522858526,365587.47608828486,143907.47627348008,d1ad6506f1da6b927
0.0,0.0,1.0,1.0,1.0,0.0,1.0,1.0,0.0,[1. 0. 1. 1. 0.],[5. 5. 2. 2. 2.],0.0,True,2021.06.03.18.47.39_veh-35_00503_00777,1,1622761052.2013738,664963.694197207,3999613.1663974053,664954.4267320643,3999613.6549729095,d9437c8464c89be5d
1.0,0.0,1.0,1.0,0.8335784336584788,1.0,1.0,1.0,0.0,[0.83357843 1.         1.         1.         0.        ],[5. 5. 2. 2. 2.],0.0,True,2021.09.16.15.47.30_veh-45_01199_01391,1,1631808545.300279,587685.2699760925,4475522.23396383,587674.1814380712,4475512.323170402,7e3fd48eb2c70a68f
1.0,0.0,0.0,1.0,1.0,1.0,0.0,1.0,0.0,[1. 1. 0. 1. 0.],[5. 5. 2. 2. 2.],0.0,True,2021.09.16.14.39.34_veh-42_00297_00935,1,1631803564.199638,588570.6954385671,4475650.43273161,588582.9409928083,4475604.454612562,c9502401d0ae63498
1.0,1.0,1.0,1.0,1.0,1.0,1.0,1.0,1.0,[1. 1. 1. 1. 0.],[5. 5. 2. 2. 2.],1.0,True,2021.09.29.18.19.40_veh-28_00844_01218,1,1632940779.5998669,331266.5907339854,4691025.494631827,331264.4541067543,4691027.005021993,b01708b022b85bbd7
1.0,1.0,1.0,1.0,0.521923530872104,1.0,1.0,1.0,1.0,[0.52192353 1.         1.         1.         0.        ],[5. 5. 2. 2. 2.],0.8292584038828943,True,2021.09.29.14.44.26_veh-28_00238_00320,1,1632927012.2997,330784.4832772511,4689887.2504121745,330797.3515988028,4689883.677389359,f7de2890aa326283e
1.0,1.0,0.5,1.0,1.0,1.0,0.0,1.0,0.5,[1. 1. 0. 1. 0.],[5. 5. 2. 2. 2.],0.42857142857142855,True,2021.09.16.17.40.09_veh-45_02539_02745,1,1631816779.400143,587759.7529986218,4475882.169498553,587772.9407105083,4475872.376647441,213fb1c5f3fda924e
1.0,0.0,0.0,1.0,1.0,1.0,0.0,1.0,0.0,[1. 1. 0. 1. 0.],[5. 5. 2. 2. 2.],0.0,True,2021.09.16.19.27.01_veh-45_01749_03230,1,1631823130.000381,587609.6149866795,4475950.691645505,587631.0141160534,4475959.581785534,29099b056d78d6ffb
1.0,1.0,1.0,1.0,0.5381698256903006,1.0,0.0,1.0,1.0,[0.53816983 1.         0.         1.         0.        ],[5. 5. 2. 2. 2.],0.6922035091751074,True,2021.10.06.08.16.17_veh-52_01949_02501,1,1633510672.700016,364917.2912380209,143481.00917361293,364917.71956910373,143468.93540062208,b123636b63cd85bd6
1.0,0.0,1.0,1.0,1.0,1.0,1.0,1.0,0.0,[1. 1. 1. 1. 0.],[5. 5. 2. 2. 2.],0.0,True,2021.10.06.08.16.17_veh-52_00181_00574,1,1633508452.200059,365570.9330018258,143893.5697884501,365586.8180430531,143898.9171693568,ab7e7c6fb9f3451a3
1.0,1.0,1.0,1.0,0.7164794448562399,1.0,1.0,1.0,1.0,[0.71647944 1.         1.         1.         0.        ],[5. 5. 2. 2. 2.],0.8987426588772286,True,2021.09.29.14.44.26_veh-28_00528_00992,1,1632927636.799638,331646.53932878276,4690780.045461264,331638.6038697003,4690787.354815463,1909b0573a163be83
1.0,1.0,1.0,1.0,0.7798834797992132,1.0,0.0,1.0,1.0,[0.77988348 1.         0.         1.         0.        ],[5. 5. 2. 2. 2.],0.7785298142140047,True,2021.09.16.19.12.04_veh-42_01438_01677,1,1631821483.000248,587979.0210528468,4475705.789412579,587951.6618994435,4475719.999170224,c43ce94d4cb321477
1.0,1.0,1.0,1.0,0.7198771957521718,1.0,0.0,1.0,1.0,[0.7198772 1.        0.        1.        0.       ],[5. 5. 2. 2. 2.],0.7570989984829185,True,2021.09.16.19.49.00_veh-42_00990_01609,1,1631823172.5002549,587745.0416540317,4475732.871172469,587736.6680892489,4475738.017702662,c3d63199e3d09c551
0.0,1.0,1.0,1.0,1.0,0.0,0.0,1.0,0.0,[1. 0. 0. 1. 0.],[5. 5. 2. 2. 2.],0.0,True,2021.05.25.14.16.10_veh-35_01690_02183,1,1621968773.0009708,664431.6165387877,3998256.0411056736,664431.3597144113,3998271.727268061,053755e0b8f0dd052
1.0,1.0,1.0,1.0,0.9046162417557737,1.0,1.0,1.0,1.0,[0.90461624 1.         1.         1.         0.        ],[5. 5. 2. 2. 2.],0.9659343720556335,True,2021.08.16.14.23.37_veh-45_00015_00132,1,1629124052.499943,588926.049365685,4474982.88998027,588938.2059872219,4474947.008544277,5f775bac151622950
1.0,0.0,1.0,1.0,1.0,1.0,0.0,1.0,0.0,[1. 1. 0. 1. 0.],[5. 5. 2. 2. 2.],0.0,True,2021.10.06.08.16.17_veh-52_00922_01296,1,1633509215.2006,365574.1587715348,143827.2724261908,365575.87415615557,143797.71706640752,8ea949efbc2e4d9bf
1.0,0.0,1.0,1.0,0.449590059324151,1.0,1.0,1.0,0.0,[0.44959006 1.         1.         1.         0.        ],[5. 5. 2. 2. 2.],0.0,True,2021.10.06.08.16.17_veh-52_00181_00574,1,1633508452.200059,365586.37758500053,143902.87700190386,365587.25365976465,143908.04329148,0d82f96df900285cb
1.0,1.0,1.0,1.0,1.0,1.0,1.0,1.0,1.0,[1. 1. 1. 1. 0.],[5. 5. 2. 2. 2.],1.0,True,2021.05.25.15.59.03_veh-30_04463_04606,1,1621977376.599292,664566.6845083855,3997848.186036596,664547.091677563,3997856.9041271927,d20185ecb7a02769a
1.0,0.0,1.0,1.0,0.661119309299033,1.0,0.0,1.0,0.0,[0.66111931 1.         0.         1.         0.        ],[5. 5. 2. 2. 2.],0.0,True,2021.10.06.08.16.17_veh-52_00181_00574,1,1633508451.70031,365588.0907079167,143901.30294090285,365588.0560818516,143907.4519514555,d8e3174dae4ece006
1.0,1.0,1.0,0.0,1.0,1.0,1.0,1.0,0.0,[1. 1. 1. 1. 0.],[5. 5. 2. 2. 2.],0.0,True,2021.09.16.14.39.34_veh-42_00297_00935,1,1631804032.6995518,587727.2571378956,4475589.100910224,587718.6488631332,4475596.096224671,1b742b73235363011
1.0,1.0,1.0,1.0,1.0,0.0,0.0,1.0,1.0,[1. 0. 0. 1. 0.],[5. 5. 2. 2. 2.],0.5,True,2021.10.06.07.26.10_veh-52_01245_02064,1,1633506877.200578,364983.9792433987,143536.634819587,365002.5272927717,143561.3840401488,6bd45348ddbfea0ce
1.0,0.0,0.0,1.0,1.0,1.0,1.0,1.0,0.0,[1. 1. 1. 1. 0.],[5. 5. 2. 2. 2.],0.0,True,2021.09.29.19.02.14_veh-28_03198_03360,1,1632945447.799682,332341.723649184,4690415.9300404815,332309.3706099935,4690392.041464234,c2ee3d175867a9e7a
1.0,1.0,1.0,1.0,0.7457992313692484,1.0,0.0,1.0,1.0,[0.74579923 1.         0.         1.         0.        ],[5. 5. 2. 2. 2.],0.7663568683461602,True,2021.10.06.08.16.17_veh-52_00922_01296,1,1633509214.7003329,365575.39340464387,143829.13146522144,365576.27171601536,143799.33660674703,a8b1bc8442e0fb5b1
1.0,1.0,1.0,1.0,0.6087793341144936,1.0,0.0,1.0,1.0,[0.60877933 1.         0.         1.         0.        ],[5. 5. 2. 2. 2.],0.7174211907551763,True,2021.10.06.08.16.17_veh-52_00922_01296,1,1633509215.2006,365576.29393684014,143809.80297216558,365576.6237831638,143793.92248528934,9eba308c132370234
1.0,1.0,0.5,1.0,0.8141095608411438,1.0,0.0,1.0,0.5,[0.81410956 1.         0.         1.         0.        ],[5. 5. 2. 2. 2.],0.39537670729306146,True,2021.10.06.07.26.10_veh-52_00953_01126,1,1633506283.69979,365837.3090687514,143252.08554530935,365823.9877898808,143267.52921206137,6ca032cc95e7418a6
1.0,0.0,1.0,1.0,0.8609170191330514,1.0,1.0,1.0,0.0,[0.86091702 1.         1.         1.         0.        ],[5. 5. 2. 2. 2.],0.0,True,2021.09.16.14.39.34_veh-42_00297_00935,1,1631803564.69955,588575.895274521,4475620.805451896,588586.2761753052,4475599.160064317,d12ce90d3b2b4d63a
1.0,1.0,1.0,1.0,1.0,1.0,0.0,1.0,1.0,[1. 1. 0. 1. 0.],[5. 5. 2. 2. 2.],0.8571428571428571,True,2021.09.16.19.27.01_veh-45_01749_03230,1,1631822556.4997149,587673.9785915742,4475741.1537692435,587676.7140142382,4475757.13791628,40e319c83aab2731d
1.0,1.0,1.0,1.0,1.0,1.0,0.0,1.0,1.0,[1. 1. 0. 1. 0.],[5. 5. 2. 2. 2.],0.8571428571428571,True,2021.09.29.19.02.14_veh-28_00964_01689,1,1632943827.299702,331359.46746789105,4690965.594822141,331354.34120444383,4690967.661974949,1c973ecab8156df90
0.0,1.0,1.0,1.0,1.0,0.0,0.0,1.0,0.0,[1. 0. 0. 1. 0.],[5. 5. 2. 2. 2.],0.0,True,2021.06.03.18.47.39_veh-35_00503_00777,1,1622761051.701135,664972.0576532206,3999618.9379571844,664956.7527941529,3999613.6239981125,616dcf87ca891dd84
1.0,1.0,1.0,1.0,0.8060720813691558,1.0,1.0,1.0,1.0,[0.80607208 1.         1.         1.         0.        ],[5. 5. 2. 2. 2.],0.9307400290604128,True,2021.08.16.14.23.37_veh-45_00015_00132,1,1629124052.000155,588931.7089870273,4474963.260872209,588940.7287892762,4474938.044343197,543679cd5973594a2
1.0,1.0,1.0,1.0,0.6184035436010232,1.0,1.0,1.0,1.0,[0.61840354 1.         1.         1.         0.        ],[5. 5. 2. 2. 2.],0.8637155512860798,True,2021.05.25.15.59.03_veh-30_04463_04606,1,1621977376.099386,664546.8468800262,3997857.6458001034,664540.6927134023,3997861.0002207514,da72d5ca0828d5a3d
0.5,0.0,0.5,1.0,1.0,0.0,0.0,1.0,0.0,[1. 0. 0. 1. 0.],[5. 5. 2. 2. 2.],0.0,True,2021.06.28.20.24.43_veh-38_03385_04952,1,1624916576.09966,664225.9583820833,3997405.4396739504,664239.7107423967,3997396.636804396,477b98093c6f47fcc
1.0,1.0,1.0,1.0,0.7246610714033506,1.0,0.0,1.0,1.0,[0.72466107 1.         0.         1.         0.        ],[5. 5. 2. 2. 2.],0.7588075255011966,True,2021.09.16.19.49.00_veh-42_00990_01609,1,1631823172.5002549,587744.9611245049,4475732.696742731,587736.6680892489,4475738.017702662,361596ff7ead113e3
1.0,1.0,1.0,1.0,1.0,1.0,0.0,1.0,1.0,[1. 1. 0. 1. 0.],[5. 5. 2. 2. 2.],0.8571428571428571,True,2021.09.29.19.02.14_veh-28_00964_01689,1,1632943826.7998168,331361.1714609819,4690964.937257796,331354.30032547674,4690967.671217684,1d4894afb05e6ebc3
1.0,1.0,1.0,1.0,1.0,1.0,0.0,1.0,1.0,[1. 1. 0. 1. 0.],[5. 5. 2. 2. 2.],0.8571428571428571,True,2021.09.29.18.19.40_veh-28_00844_01218,1,1632940779.5998669,331264.81299196446,4691026.620617772,331264.80534493836,4691026.626190159,dbfff1a4f70af53a6
1.0,0.0,1.0,1.0,1.0,1.0,1.0,1.0,0.0,[1. 1. 1. 1. 0.],[5. 5. 2. 2. 2.],0.0,True,2021.05.25.15.59.03_veh-30_04463_04606,1,1621977376.599292,664557.5899831045,3997854.76011016,664542.7892981927,3997862.8901644703,fd21a94f937e1535f
1.0,0.0,1.0,1.0,1.0,0.0,1.0,1.0,0.0,[1. 0. 1. 1. 0.],[5. 5. 2. 2. 2.],0.0,True,2021.06.28.20.24.43_veh-38_03385_04952,1,1624916576.5994458,664227.6482916344,3997408.1252800887,664238.5051947526,3997397.145840725,58bd6bb780642e715
1.0,1.0,0.0,1.0,1.0,1.0,0.0,1.0,0.0,[1. 1. 0. 1. 0.],[5. 5. 2. 2. 2.],0.0,True,2021.09.16.13.53.10_veh-42_00180_00342,1,1631800708.4001288,589182.5534843679,4474412.520650757,589197.3837925903,4474380.392163302,67509cfba4d26b15a
1.0,0.0,1.0,1.0,1.0,1.0,0.0,1.0,0.0,[1. 1. 0. 1. 0.],[5. 5. 2. 2. 2.],0.0,True,2021.10.06.08.16.17_veh-52_00181_00574,1,1633508452.200059,365578.6283530105,143891.51211062932,365587.2837094714,143906.1508829759,df8882fb6dbefa033
1.0,0.0,1.0,1.0,1.0,1.0,1.0,1.0,0.0,[1. 1. 1. 1. 0.],[5. 5. 2. 2. 2.],0.0,True,2021.09.16.14.39.34_veh-42_00297_00935,1,1631803564.199638,588573.1957723852,4475630.413054932,588585.7092531014,4475600.230565798,23ab167e45e62295f
1.0,0.0,0.5,1.0,1.0,1.0,1.0,1.0,0.0,[1. 1. 1. 1. 0.],[5. 5. 2. 2. 2.],0.0,True,2021.09.16.19.27.01_veh-45_01749_03230,1,1631822555.999821,587674.7101838932,4475748.111154268,587673.5003545099,4475759.82116445,25cdeef2455f42ea7
1.0,1.0,1.0,1.0,0.8181482089812596,1.0,0.0,1.0,1.0,[0.81814821 1.         0.         1.         0.        ],[5. 5. 2. 2. 2.],0.7921957889218785,True,2021.08.30.14.54.34_veh-40_00439_00835,1,1630335855.000484,331380.62371888274,4690968.351691265,331395.65917447646,4690958.372727347,765fab253a51a77e4
1.0,1.0,1.0,1.0,0.6516484430221919,1.0,0.0,1.0,1.0,[0.65164844 1.         0.         1.         0.        ],[5. 5. 2. 2. 2.],0.7327315867936399,True,2021.09.29.19.02.14_veh-28_00273_00514,1,1632942721.7998729,331055.7533459627,4690755.012368955,331067.22144630936,4690741.597082538,403463355af416781
1.0,1.0,1.0,1.0,0.49083576234214826,1.0,0.0,1.0,1.0,[0.49083576 1.         0.         1.         0.        ],[5. 5. 2. 2. 2.],0.6752984865507673,True,2021.10.06.08.16.17_veh-52_00922_01296,1,1633509215.2006,365576.3710177969,143800.5226017028,365576.41023976024,143791.39140687403,feff8b53a0025b738
1.0,1.0,1.0,1.0,0.9381026452063298,1.0,1.0,1.0,1.0,[0.93810265 1.         1.         1.         0.        ],[5. 5. 2. 2. 2.],0.9778938018594034,True,2021.06.03.13.55.17_veh-35_02866_03582,1,1622746182.6010609,664458.7292536192,3998170.9683634667,664458.8060199452,3998162.738447888,08dd93ec00ee02183
1.0,0.0,1.0,1.0,0.8294635799413256,1.0,1.0,1.0,0.0,[0.82946358 1.         1.         1.         0.        ],[5. 5. 2. 2. 2.],0.0,True,2021.09.16.14.39.34_veh-42_00297_00935,1,1631803564.69955,588576.2889672373,4475620.008665165,588586.2761753052,4475599.160064317,f35c027e64ad46b30
1.0,0.0,0.0,1.0,1.0,1.0,0.0,1.0,0.0,[1. 1. 0. 1. 0.],[5. 5. 2. 2. 2.],0.0,True,2021.09.16.19.27.01_veh-45_01749_03230,1,1631823130.500547,587607.3642821034,4475945.5476951245,587627.0755852174,4475957.853148685,01edf32aa82765229
1.0,1.0,1.0,0.0,1.0,1.0,0.0,1.0,0.0,[1. 1. 0. 1. 0.],[5. 5. 2. 2. 2.],0.0,True,2021.09.29.18.19.40_veh-28_00844_01218,1,1632940779.5998669,331274.7738342904,4691022.0105188675,331270.3976533858,4691024.691971424,f32e09eab0a9183d4
1.0,0.0,1.0,1.0,1.0,1.0,1.0,1.0,0.0,[1. 1. 1. 1. 0.],[5. 5. 2. 2. 2.],0.0,True,2021.09.16.14.39.34_veh-42_00297_00935,1,1631803564.69955,588574.1321781165,4475642.629701758,588581.8919964657,4475608.042261317,0a16bdbfa64eeb441
1.0,0.0,0.0,1.0,1.0,1.0,0.0,1.0,0.0,[1. 1. 0. 1. 0.],[5. 5. 2. 2. 2.],0.0,True,2021.09.16.14.39.34_veh-42_00297_00935,1,1631803564.199638,588571.0456256111,4475648.44640732,588583.2753125055,4475603.194396401,36316a03f12a8e7f4
1.0,1.0,1.0,1.0,0.8866765335741132,1.0,1.0,1.0,1.0,[0.88667653 1.         1.         1.         0.        ],[5. 5. 2. 2. 2.],0.9595273334193262,True,2021.09.16.14.39.34_veh-42_00297_00935,1,1631803564.199638,588572.8448462547,4475638.897064901,588585.011206645,4475603.688674974,5a653e174a05d5da0
0.5,1.0,1.0,1.0,1.0,1.0,1.0,1.0,0.5,[1. 1. 1. 1. 0.],[5. 5. 2. 2. 2.],0.5,True,2021.05.25.15.59.03_veh-30_04463_04606,1,1621977376.599292,664571.973299002,3997848.9627382816,664549.4619716193,3997855.539421363,594bcaa89ef7fc267
0.5,1.0,1.0,1.0,1.0,0.0,1.0,1.0,0.5,[1. 0. 1. 1. 0.],[5. 5. 2. 2. 2.],0.32142857142857145,True,2021.09.16.19.49.00_veh-42_00990_01609,1,1631823172.0002198,587758.4673837741,4475720.206448842,587741.0352780841,4475735.332020986,2ba1cba17d48212d7
0.0,0.0,1.0,1.0,1.0,0.0,1.0,0.0,0.0,[1. 0. 1. 0. 0.],[5. 5. 2. 2. 2.],0.0,True,2021.09.29.14.44.26_veh-28_00238_00320,1,1632927012.2997,330802.28158418793,4689909.010832565,330790.5011752093,4689889.428187471,87bc17b46db863809
1.0,1.0,0.0,1.0,1.0,0.0,0.0,0.0,0.0,[1. 0. 0. 0. 0.],[5. 5. 2. 2. 2.],0.0,True,2021.09.16.19.27.01_veh-45_01749_03230,1,1631822556.4997149,587663.8708395378,4475723.437492191,587678.9147214054,4475751.135867895,96ae6eb1972fb4ba7
1.0,1.0,1.0,1.0,0.9235267423981367,1.0,1.0,1.0,1.0,[0.92352674 1.         1.         1.         0.        ],[5. 5. 2. 2. 2.],0.9726881222850489,True,2021.09.29.14.44.26_veh-28_00528_00992,1,1632927636.799638,331648.6755476407,4690780.788005509,331639.76838671457,4690785.815051058,01e9b170c5c1365c4
1.0,0.0,1.0,1.0,0.7989965567318168,1.0,1.0,1.0,0.0,[0.79899656 1.         1.         1.         0.        ],[5. 5. 2. 2. 2.],0.0,True,2021.10.06.08.16.17_veh-52_00922_01296,1,1633509215.2006,365572.486264163,143840.4846070268,365575.4273072126,143805.383183222,023850d442fe9ca21
1.0,1.0,1.0,1.0,0.8148164780602708,1.0,1.0,1.0,1.0,[0.81481648 1.         1.         1.         0.        ],[5. 5. 2. 2. 2.],0.933863027878668,True,2021.09.16.14.39.34_veh-42_00297_00935,1,1631803564.69955,588578.2609646806,4475616.448612577,588587.1672560845,4475599.815503261,329e52d1e0ada86f6
1.0,1.0,1.0,1.0,1.0,1.0,1.0,1.0,1.0,[1. 1. 1. 1. 0.],[5. 5. 2. 2. 2.],1.0,True,2021.05.25.14.16.10_veh-35_01690_02183,1,1621968772.501016,664432.7370352083,3998270.490229844,664432.4708348667,3998279.7665980994,bbc7311ff7a7c3e18
1.0,0.0,0.0,1.0,1.0,1.0,0.0,1.0,0.0,[1. 1. 0. 1. 0.],[5. 5. 2. 2. 2.],0.0,True,2021.09.16.13.53.10_veh-42_00180_00342,1,1631800708.8997898,589185.1702984764,4474404.467427488,589198.8931361575,4474377.905773306,7026d28794e20a290
1.0,1.0,1.0,1.0,1.0,1.0,1.0,1.0,1.0,[1. 1. 1. 1. 0.],[5. 5. 2. 2. 2.],1.0,True,2021.09.16.14.39.34_veh-42_00297_00935,1,1631803564.69955,588575.6267819073,4475624.631817894,588585.5978747102,4475602.066803929,0ac5f53f5bbf5603e
1.0,0.0,0.0,1.0,0.8964919099687184,1.0,0.0,1.0,0.0,[0.89649191 1.         0.         1.         0.        ],[5. 5. 2. 2. 2.],0.0,True,2021.10.06.07.26.10_veh-52_01245_02064,1,1633506877.200578,364999.8046880809,143548.61125818163,365003.4762042975,143566.91039509187,3fc80f9e72ac43027
1.0,1.0,1.0,1.0,0.41704106047132955,1.0,1.0,1.0,1.0,[0.41704106 1.         1.         1.         0.        ],[5. 5. 2. 2. 2.],0.7918003787397606,True,2021.06.28.16.29.11_veh-38_03263_03766,1,1624901670.800134,664466.0910045342,3997443.091292753,664466.5660324863,3997439.107995625,67ac6348f814bfca1
1.0,0.0,1.0,1.0,1.0,1.0,1.0,1.0,0.0,[1. 1. 1. 1. 0.],[5. 5. 2. 2. 2.],0.0,True,2021.09.16.19.27.01_veh-45_01749_03230,1,1631823130.500547,587618.2171216315,4475948.617532708,587631.3634490621,4475957.760675882,7124ea8593f4c9b14
1.0,1.0,1.0,1.0,0.7891922800081431,1.0,1.0,1.0,1.0,[0.78919228 1.         1.         1.         0.        ],[5. 5. 2. 2. 2.],0.9247115285743368,True,2021.06.28.16.29.11_veh-38_03263_03766,1,1624901670.800134,664467.2597250597,3997440.709013084,664467.5464276716,3997432.482253064,5453eaf707e343346
1.0,1.0,1.0,1.0,0.9304173937591441,1.0,0.0,1.0,1.0,[0.93041739 1.         0.         1.         0.        ],[5. 5. 2. 2. 2.],0.8322919263425516,True,2021.06.03.13.55.17_veh-35_02866_03582,1,1622746182.1008449,664455.7104505631,3998172.244814505,664457.6105813892,3998164.625490975,e8b8ef9bb7f4bdccb
1.0,1.0,1.0,1.0,0.6709036056009035,1.0,0.0,1.0,1.0,[0.67090361 1.         0.         1.         0.        ],[5. 5. 2. 2. 2.],0.7396084305717512,True,2021.08.30.16.16.44_veh-40_00779_01088,1,1630341048.500202,331398.89933282,4691065.021801514,331392.2985998257,4691068.3271267805,1291da52f5c1dfbde
1.0,1.0,1.0,1.0,0.713818533340135,1.0,1.0,1.0,1.0,[0.71381853 1.         1.         1.         0.        ],[5. 5. 2. 2. 2.],0.8977923333357625,True,2021.08.16.14.23.37_veh-45_00015_00132,1,1629124052.499943,588932.803342907,4474961.199417045,588940.6516040423,4474940.626833002,0cd9ea86052a0b8e1
1.0,0.0,1.0,1.0,1.0,1.0,1.0,1.0,0.0,[1. 1. 1. 1. 0.],[5. 5. 2. 2. 2.],0.0,True,2021.09.29.14.44.26_veh-28_00238_00320,1,1632927011.7998228,330791.44455757,4689898.479408668,330794.5645958544,4689885.441819407,00ca98016027ffb8d
1.0,1.0,1.0,1.0,0.7638455058116387,1.0,0.0,1.0,1.0,[0.76384551 1.         0.         1.         0.        ],[5. 5. 2. 2. 2.],0.7728019663612995,True,2021.09.16.19.27.01_veh-45_01749_03230,1,1631822555.999821,587676.5513468736,4475759.982553589,587668.7366002661,4475762.808339963,db94fae67e9339c05
1.0,1.0,1.0,1.0,1.0,1.0,0.0,1.0,1.0,[1. 1. 0. 1. 0.],[5. 5. 2. 2. 2.],0.8571428571428571,True,2021.05.25.15.59.03_veh-30_04463_04606,1,1621977376.099386,664569.6608367647,3997849.675493457,664547.4034557752,3997857.5597832873,2c1190d3b505388dd
1.0,0.0,1.0,1.0,0.6461414833772063,1.0,1.0,1.0,0.0,[0.64614148 1.         1.         1.         0.        ],[5. 5. 2. 2. 2.],0.0,True,2021.09.29.19.02.14_veh-28_03198_03360,1,1632945448.299881,332326.1729740698,4690401.198964079,332307.2631833779,4690389.6417255355,adb8420cc91f10b6d
1.0,1.0,1.0,1.0,0.9795375152795527,0.0,1.0,1.0,1.0,[0.97953752 0.         1.         1.         0.        ],[5. 5. 2. 2. 2.],0.6355491125998404,True,2021.09.16.19.27.01_veh-45_01749_03230,1,1631822556.4997149,587684.1750577615,4475757.437421977,587668.9958123312,4475762.703979089,37059447ec970c23a
1.0,1.0,0.5,1.0,0.6429683739703126,1.0,0.0,1.0,0.5,[0.64296837 1.         0.         1.         0.        ],[5. 5. 2. 2. 2.],0.3648157810661273,True,2021.09.16.19.12.04_veh-42_01438_01677,1,1631821483.000248,587960.0006683824,4475715.74116186,587945.5122505644,4475724.400112937,c21a8802e9c30c4ba
1.0,1.0,1.0,1.0,1.0,1.0,1.0,1.0,1.0,[1. 1. 1. 1. 0.],[5. 5. 2. 2. 2.],1.0,True,2021.09.16.13.53.10_veh-42_00860_01069,1,1631801380.400394,587747.0203228948,4475594.728065863,587730.5591812573,4475587.193353049,28416fd7feabf49fd
1.0,0.0,1.0,1.0,0.7771758982209828,1.0,1.0,1.0,0.0,[0.7771759 1.        1.        1.        0.       ],[5. 5. 2. 2. 2.],0.0,True,2021.09.16.13.53.10_veh-42_00860_01069,1,1631801380.400394,587747.0060234638,4475591.663334979,587732.3689889293,4475586.817303692,c0a268f5942ff8fac
1.0,0.0,1.0,1.0,1.0,1.0,1.0,1.0,0.0,[1. 1. 1. 1. 0.],[5. 5. 2. 2. 2.],0.0,True,2021.09.29.19.02.14_veh-28_00273_00514,1,1632942721.2996829,331064.06003458315,4690743.3407577565,331067.5405652182,4690731.649004616,b7e1048a59015eb95
1.0,1.0,0.0,1.0,1.0,1.0,0.0,1.0,0.0,[1. 1. 0. 1. 0.],[5. 5. 2. 2. 2.],0.0,True,2021.09.29.14.44.26_veh-28_00238_00320,1,1632927012.2997,330795.7669287896,4689912.102722358,330789.36064271134,4689889.1422723,b83cdd77a941b515d
1.0,1.0,1.0,1.0,1.0,1.0,1.0,1.0,1.0,[1. 1. 1. 1. 0.],[5. 5. 2. 2. 2.],1.0,True,2021.09.16.14.39.34_veh-42_00297_00935,1,1631803564.199638,588575.5882908135,4475623.968198491,588587.5550009746,4475599.239966237,078d13ba093831831
1.0,1.0,1.0,1.0,0.9999994516932921,1.0,1.0,1.0,1.0,[0.99999945 1.         1.         1.         0.        ],[5. 5. 2. 2. 2.],0.9999998041761758,True,2021.06.28.16.29.11_veh-38_03263_03766,1,1624901670.800134,664469.9592528642,3997448.3524851943,664468.6873347693,3997437.801476952,f3f8e9c3fd11d36f3
1.0,1.0,1.0,1.0,0.7390847027075315,1.0,0.0,1.0,1.0,[0.7390847 1.        0.        1.        0.       ],[5. 5. 2. 2. 2.],0.7639588223955469,True,2021.09.16.15.47.30_veh-45_01199_01391,1,1631808545.300279,587695.1213408592,4475535.116682055,587680.281945423,4475516.815194787,cbeda6fcf87d3407c
1.0,1.0,1.0,1.0,1.0,0.0,0.0,1.0,1.0,[1. 0. 0. 1. 0.],[5. 5. 2. 2. 2.],0.5,True,2021.09.29.19.02.14_veh-28_00273_00514,1,1632942721.7998729,331053.7730643228,4690757.88138536,331067.8969681245,4690742.158397135,14e4693cf0f1e04ff
0.0,1.0,1.0,1.0,1.0,0.0,1.0,1.0,0.0,[1. 0. 1. 1. 0.],[5. 5. 2. 2. 2.],0.0,True,2021.06.03.18.47.39_veh-35_00503_00777,1,1622761052.2013738,664963.5215297387,3999613.325342068,664958.8525696133,3999612.8509697216,18f8bfb875dae178e
1.0,0.0,1.0,1.0,0.7894882663799327,1.0,0.0,1.0,0.0,[0.78948827 1.         0.         1.         0.        ],[5. 5. 2. 2. 2.],0.0,True,2021.10.06.08.16.17_veh-52_01949_02501,1,1633510672.700016,364920.87090045004,143488.96162746663,364917.32636384474,143469.3697485272,933ba8311a18f9035
1.0,1.0,0.5,1.0,1.0,1.0,0.0,1.0,0.5,[1. 1. 0. 1. 0.],[5. 5. 2. 2. 2.],0.42857142857142855,True,2021.09.16.19.27.01_veh-45_01749_03230,1,1631823130.000381,587619.1559450374,4475947.258397651,587632.7188851939,4475957.389738323,d1e49d53c8a87357c
1.0,1.0,1.0,1.0,0.9620398883000213,1.0,1.0,1.0,1.0,[0.96203989 1.         1.         1.         0.        ],[5. 5. 2. 2. 2.],0.9864428172500076,True,2021.05.25.15.59.03_veh-30_04463_04606,1,1621977376.099386,664554.9355147504,3997851.486812282,664541.8286456036,3997860.1532027284,eb1f907b28806d98c
1.0,1.0,1.0,1.0,0.7787940236484041,1.0,1.0,1.0,1.0,[0.77879402 1.         1.         1.         0.        ],[5. 5. 2. 2. 2.],0.9209978655887158,True,2021.10.06.07.26.10_veh-52_00006_00398,1,1633505537.699599,365244.1284675401,143334.5474440973,365222.54780378635,143348.21840998947,c86b538debe073fb7
1.0,1.0,0.0,1.0,1.0,1.0,0.0,1.0,0.0,[1. 1. 0. 1. 0.],[5. 5. 2. 2. 2.],0.0,True,2021.09.16.17.40.09_veh-45_02539_02745,1,1631816779.400143,587732.0658084786,4475897.302933117,587765.0319517257,4475878.127823187,3a09d1ed3abb7ce82
1.0,1.0,1.0,1.0,0.7735019211237832,1.0,1.0,1.0,1.0,[0.77350192 1.         1.         1.         0.        ],[5. 5. 2. 2. 2.],0.9191078289727798,True,2021.10.06.08.16.17_veh-52_01949_02501,1,1633510672.2000458,364919.3203703116,143489.64751068896,364917.2095431071,143468.40627800237,fde62db47c2545623
1.0,0.0,1.0,1.0,0.7603412192885232,1.0,1.0,1.0,0.0,[0.76034122 1.         1.         1.         0.        ],[5. 5. 2. 2. 2.],0.0,True,2021.09.16.14.39.34_veh-42_00297_00935,1,1631803564.69955,588572.6122381323,4475636.822731082,588582.5848148514,4475607.536140442,c9e15316a3a9036a8
1.0,1.0,1.0,1.0,1.0,1.0,1.0,1.0,1.0,[1. 1. 1. 1. 0.],[5. 5. 2. 2. 2.],1.0,True,2021.05.25.15.59.03_veh-30_04463_04606,1,1621977376.599292,664545.4534545797,3997859.213162992,664535.6119315352,3997863.1741034426,b6d61abe346b88db3
1.0,1.0,1.0,1.0,0.6344046198209419,1.0,0.0,1.0,1.0,[0.63440462 1.         0.         1.         0.        ],[5. 5. 2. 2. 2.],0.7265730785074792,True,2021.09.16.14.39.34_veh-42_00032_00186,1,1631803276.6995718,589142.9356060057,4474508.477041086,589135.468063832,4474526.061978255,61261a713792f46b2
1.0,1.0,1.0,1.0,0.8832485380866429,1.0,1.0,1.0,1.0,[0.88324854 1.         1.         1.         0.        ],[5. 5. 2. 2. 2.],0.9583030493166582,True,2021.08.30.16.16.44_veh-40_01099_01351,1,1630341567.000501,332249.39508313156,4690411.682538609,332228.8548072864,4690424.917819281,7bcbb548162ed8dbb
1.0,1.0,1.0,1.0,0.7128563528992801,1.0,1.0,1.0,1.0,[0.71285635 1.         1.         1.         0.        ],[5. 5. 2. 2. 2.],0.8974486974640286,True,2021.09.29.19.02.14_veh-28_03198_03360,1,1632945447.799682,332317.786207256,4690396.296545196,332301.3063628863,4690386.709242848,b33c373192c8560d1
1.0,0.0,1.0,0.0,1.0,1.0,0.0,1.0,0.0,[1. 1. 0. 1. 0.],[5. 5. 2. 2. 2.],0.0,True,2021.09.16.19.12.04_veh-42_01438_01677,1,1631821483.500259,587991.5578217792,4475696.723188766,587959.3338605792,4475715.089495096,d19cedf7c9391dacc
1.0,1.0,1.0,1.0,0.8760261398199602,1.0,0.0,1.0,1.0,[0.87602614 1.         0.         1.         0.        ],[5. 5. 2. 2. 2.],0.8128664785071287,True,2021.09.16.13.53.10_veh-42_00180_00342,1,1631800708.4001288,589182.8911042762,4474414.647725561,589197.0094905369,4474381.897639243,5cd83ccdc4993016d
1.0,1.0,0.5,1.0,0.6672311117674375,1.0,0.0,1.0,0.5,[0.66723111 1.         0.         1.         0.        ],[5. 5. 2. 2. 2.],0.36914841281561384,True,2021.09.16.13.53.10_veh-42_00180_00342,1,1631800708.8997898,589194.0723742973,4474386.330960468,589200.4222975493,4474374.58263814,51a40ab9f271c6454
1.0,0.0,1.0,1.0,1.0,1.0,1.0,1.0,0.0,[1. 1. 1. 1. 0.],[5. 5. 2. 2. 2.],0.0,True,2021.05.25.15.59.03_veh-30_04463_04606,1,1621977376.099386,664564.3301130653,3997851.509973327,664545.3212881029,3997860.9657074893,767cefbd4e52c83e0
1.0,1.0,1.0,1.0,0.8455081660720016,1.0,1.0,1.0,1.0,[0.84550817 1.         1.         1.         0.        ],[5. 5. 2. 2. 2.],0.9448243450257149,True,2021.09.16.14.39.34_veh-42_00032_00186,1,1631803277.1993198,589151.5347395974,4474490.107666147,589138.770651138,4474518.4847982805,918a0960b5cef7615
1.0,1.0,1.0,1.0,0.5481823426029627,1.0,1.0,1.0,1.0,[0.54818234 1.         1.         1.         0.        ],[5. 5. 2. 2. 2.],0.8386365509296295,True,2021.06.28.16.29.11_veh-38_03263_03766,1,1624901670.3003619,664465.8946036218,3997444.5970408646,664466.6055720777,3997438.846760891,f13330e16c05c5902
1.0,1.0,1.0,1.0,0.9060219358858532,1.0,1.0,1.0,1.0,[0.90602194 1.         1.         1.         0.        ],[5. 5. 2. 2. 2.],0.966436405673519,True,2021.05.25.15.59.03_veh-30_04463_04606,1,1621977376.599292,664557.0864027285,3997850.5315730507,664544.6051208302,3997858.5318810553,59837e4159b9ac2a4
1.0,0.0,1.0,1.0,0.9895726219377522,1.0,1.0,1.0,0.0,[0.98957262 1.         1.         1.         0.        ],[5. 5. 2. 2. 2.],0.0,True,2021.09.29.19.02.14_veh-28_00273_00514,1,1632942721.7998729,331064.91414092947,4690740.222669094,331067.5196376197,4690731.698047764,aee13b42cfd66c8a3
1.0,1.0,1.0,1.0,0.8066268076754262,1.0,1.0,1.0,1.0,[0.80662681 1.         1.         1.         0.        ],[5. 5. 2. 2. 2.],0.9309381455983665,True,2021.09.16.15.47.30_veh-45_01199_01391,1,1631808545.300279,587688.8353413929,4475526.812318894,587676.2626138341,4475513.602188053,04d4c78cf88a3c506
1.0,1.0,1.0,1.0,0.3662100637811989,1.0,1.0,1.0,1.0,[0.36621006 1.         1.         1.         0.        ],[5. 5. 2. 2. 2.],0.7736464513504282,True,2021.10.06.07.26.10_veh-52_00006_00398,1,1633505537.1997058,365221.3263227182,143349.71750970004,365215.4000183055,143354.0722370044,e53ada22df8520033
1.0,0.0,1.0,1.0,1.0,0.0,1.0,1.0,0.0,[1. 0. 1. 1. 0.],[5. 5. 2. 2. 2.],0.0,True,2021.06.28.20.24.43_veh-38_03385_04952,1,1624916576.5994458,664231.8735932286,3997401.9776606318,664239.0508178615,3997397.1691048713,dc7426c833a3749d6
0.0,1.0,1.0,1.0,1.0,0.0,0.0,1.0,0.0,[1. 0. 0. 1. 0.],[5. 5. 2. 2. 2.],0.0,True,2021.09.16.15.47.30_veh-45_01199_01391,1,1631808545.799963,587685.7635704312,4475524.7645376045,587676.0723540258,4475515.132999965,8999dafaeeabb1612
1.0,1.0,1.0,1.0,0.29694843593248693,1.0,1.0,1.0,1.0,[0.29694844 1.         1.         1.         0.        ],[5. 5. 2. 2. 2.],0.7489101556901739,True,2021.10.06.07.26.10_veh-52_00006_00398,1,1633505537.699599,365220.56275466783,143350.17927939675,365216.4723082779,143353.29493486692,1062c697adcf808eb
0.0,1.0,1.0,1.0,1.0,0.0,1.0,1.0,0.0,[1. 0. 1. 1. 0.],[5. 5. 2. 2. 2.],0.0,True,2021.09.29.15.23.04_veh-28_00601_00802,1,1632929933.299629,330940.5222534638,4690833.561596775,330948.23138554674,4690827.471948156,87ba78b703221d111
1.0,0.0,1.0,1.0,1.0,1.0,1.0,1.0,0.0,[1. 1. 1. 1. 0.],[5. 5. 2. 2. 2.],0.0,True,2021.06.28.20.24.43_veh-38_03385_04952,1,1624916576.09966,664231.4749089895,3997403.123561019,664239.8696555726,3997396.8656768925,99775d29ec2361de1
1.0,1.0,1.0,1.0,0.9595803627348124,1.0,0.0,1.0,1.0,[0.95958036 1.         0.         1.         0.        ],[5. 5. 2. 2. 2.],0.8427072724052902,True,2021.08.16.14.23.37_veh-45_00015_00132,1,1629124052.499943,588922.7604063005,4474991.142611055,588935.846882553,4474951.451948328,2a46d49b6aa55f1ca
1.0,1.0,1.0,1.0,0.7780287086270155,1.0,0.0,1.0,1.0,[0.77802871 1.         0.         1.         0.        ],[5. 5. 2. 2. 2.],0.7778673959382199,True,2021.10.06.08.16.17_veh-52_00922_01296,1,1633509215.2006,365574.7632821224,143832.61640775535,365576.48067411926,143801.6348370599,47a19dd96d0e85b4d
1.0,0.0,1.0,1.0,0.9827214645959542,1.0,1.0,1.0,0.0,[0.98272146 1.         1.         1.         0.        ],[5. 5. 2. 2. 2.],0.0,True,2021.09.16.14.39.34_veh-42_00032_00186,1,1631803277.1993198,589157.5677322506,4474475.316749168,589140.4206848096,4474514.012212318,64c25286434cfc0a6
1.0,1.0,0.5,1.0,0.7420243722548174,1.0,0.0,1.0,0.5,[0.74202437 1.         0.         1.         0.        ],[5. 5. 2. 2. 2.],0.38250435218836026,True,2021.10.06.08.16.17_veh-52_00922_01296,1,1633509214.7003329,365577.34056665096,143803.22020826387,365576.4422087194,143788.05960772737,1101b454c3a1637f1
1.0,1.0,1.0,1.0,1.0,1.0,1.0,1.0,1.0,[1. 1. 1. 1. 0.],[5. 5. 2. 2. 2.],1.0,True,2021.09.16.19.27.01_veh-45_01749_03230,1,1631822555.999821,587676.6924467819,4475740.767337333,587675.5193044386,4475758.759456163,ea7e06440b39909f9
1.0,0.0,0.0,1.0,1.0,1.0,0.0,1.0,0.0,[1. 1. 0. 1. 0.],[5. 5. 2. 2. 2.],0.0,True,2021.09.16.17.40.09_veh-45_02539_02745,1,1631816779.400143,587733.1322145243,4475895.662698211,587764.9435862531,4475877.804482817,63a0b4eedb06db349
1.0,0.0,1.0,1.0,1.0,1.0,0.0,1.0,0.0,[1. 1. 0. 1. 0.],[5. 5. 2. 2. 2.],0.0,True,2021.09.16.19.27.01_veh-45_01749_03230,1,1631822556.4997149,587671.8093200154,4475742.981059809,587674.180769812,4475758.964475393,b101c591a23f8d8d9
0.0,1.0,1.0,1.0,1.0,0.0,0.0,1.0,0.0,[1. 0. 0. 1. 0.],[5. 5. 2. 2. 2.],0.0,True,2021.08.30.14.54.34_veh-40_00439_00835,1,1630335855.5004148,331363.5371611688,4690979.558133976,331387.345834862,4690964.330727378,bef503ff5929be3a8
1.0,1.0,1.0,1.0,0.6908631896644415,1.0,1.0,1.0,1.0,[0.69086319 1.         1.         1.         0.        ],[5. 5. 2. 2. 2.],0.8895939963087292,True,2021.09.16.19.27.01_veh-45_01749_03230,1,1631822555.999821,587675.8616239359,4475760.465098575,587668.7895784422,4475762.944798107,d17b5de2642504067
1.0,1.0,1.0,1.0,0.5444850921054919,1.0,1.0,1.0,1.0,[0.54448509 1.         1.         1.         0.        ],[5. 5. 2. 2. 2.],0.83731610432339,True,2021.08.30.16.16.44_veh-40_01099_01351,1,1630341567.500442,332236.14991595724,4690420.397321996,332226.81018912076,4690426.089208641,b947c49e539199af0
1.0,1.0,1.0,1.0,0.9345477311369216,1.0,1.0,1.0,1.0,[0.93454773 1.         1.         1.         0.        ],[5. 5. 2. 2. 2.],0.9766241896917577,True,2021.09.16.14.39.34_veh-42_00297_00935,1,1631803564.199638,588577.4718823222,4475618.061822045,588588.6023105612,4475597.701560337,03777a197c96bea9d
1.0,1.0,1.0,1.0,0.7152705276034598,1.0,1.0,1.0,1.0,[0.71527053 1.         1.         1.         0.        ],[5. 5. 2. 2. 2.],0.8983109027155214,True,2021.06.28.16.29.11_veh-38_03263_03766,1,1624901670.800134,664466.2371967587,3997443.268785893,664466.9633852114,3997436.1308406405,d82ea5f1c94fd6d13
1.0,1.0,1.0,1.0,0.6844233688261392,1.0,0.0,1.0,1.0,[0.68442337 1.         0.         1.         0.        ],[5. 5. 2. 2. 2.],0.7444369174379067,True,2021.10.06.08.16.17_veh-52_00922_01296,1,1633509214.7003329,365576.93024079746,143807.34339710444,365576.1292885113,143790.68118322766,a0b761c6ddf3b5b92
1.0,1.0,1.0,1.0,0.799346322063339,1.0,1.0,1.0,1.0,[0.79934632 1.         1.         1.         0.        ],[5. 5. 2. 2. 2.],0.9283379721654782,True,2021.10.06.08.16.17_veh-52_01949_02501,1,1633510672.700016,364923.14655853534,143493.17569439334,364916.8137779223,143470.7424080615,965c2a5d3c105c295
1.0,1.0,1.0,1.0,0.3630399861666594,1.0,0.0,1.0,1.0,[0.36303999 1.         0.         1.         0.        ],[5. 5. 2. 2. 2.],0.629657137916664,True,2021.10.06.08.16.17_veh-52_00181_00574,1,1633508451.70031,365588.33025305276,143906.1884731182,365587.3077895928,143910.18038776715,de6c242bf7dbf68eb
1.0,1.0,1.0,1.0,0.7320411412697067,1.0,0.0,1.0,1.0,[0.73204114 1.         0.         1.         0.        ],[5. 5. 2. 2. 2.],0.7614432647391809,True,2021.09.16.14.39.34_veh-42_00032_00186,1,1631803277.1993198,589143.984948684,4474505.54878781,589135.8538327827,4474525.493271892,4954200b641849a4c
0.0,1.0,1.0,1.0,1.0,0.0,0.0,1.0,0.0,[1. 0. 0. 1. 0.],[5. 5. 2. 2. 2.],0.0,True,2021.05.25.14.16.10_veh-35_01690_02183,1,1621968773.0009708,664433.8299500418,3998271.3238925915,664432.7711292024,3998279.64743152,e3be3af3b3213f65e
0.5,1.0,1.0,1.0,1.0,0.0,0.0,1.0,0.5,[1. 0. 0. 1. 0.],[5. 5. 2. 2. 2.],0.25,True,2021.05.25.15.59.03_veh-30_04463_04606,1,1621977376.599292,664570.9510616822,3997849.9964311854,664549.7344224529,3997855.8837489057,152d0a2d7a121ac40
0.0,0.0,1.0,1.0,1.0,0.0,1.0,1.0,0.0,[1. 0. 1. 1. 0.],[5. 5. 2. 2. 2.],0.0,True,2021.09.29.14.44.26_veh-28_00528_00992,1,1632927637.2996058,331671.06682559225,4690790.687525384,331646.7011918656,4690783.397832138,8e3a32effa7ad4fc9
1.0,0.0,0.0,1.0,1.0,1.0,0.0,1.0,0.0,[1. 1. 0. 1. 0.],[5. 5. 2. 2. 2.],0.0,True,2021.08.30.16.16.44_veh-40_01099_01351,1,1630341567.500442,332239.5484541778,4690420.797956855,332225.5457074753,4690428.443604884,23c64b101bb797591
1.0,0.0,1.0,1.0,1.0,1.0,0.0,1.0,0.0,[1. 1. 0. 1. 0.],[5. 5. 2. 2. 2.],0.0,True,2021.06.28.20.24.43_veh-38_03385_04952,1,1624916576.5994458,664228.4233229716,3997406.437057652,664240.7889048964,3997397.207824302,e78314605bf2c19c9
0.0,1.0,1.0,1.0,1.0,0.0,0.0,1.0,0.0,[1. 0. 0. 1. 0.],[5. 5. 2. 2. 2.],0.0,True,2021.06.28.20.24.43_veh-38_03385_04952,1,1624916576.5994458,664219.501897814,3997417.929717102,664234.2823304163,3997402.8500676076,5a73952aa052dbbce
1.0,0.0,1.0,1.0,1.0,1.0,0.0,1.0,0.0,[1. 1. 0. 1. 0.],[5. 5. 2. 2. 2.],0.0,True,2021.10.06.08.16.17_veh-52_00181_00574,1,1633508452.200059,365588.6204254099,143906.77437100463,365588.6039967707,143906.81689557648,2fd5a616331094ce1
1.0,1.0,1.0,1.0,1.0,0.0,0.0,0.0,1.0,[1. 0. 0. 0. 0.],[5. 5. 2. 2. 2.],0.35714285714285715,True,2021.10.06.07.26.10_veh-52_01245_02064,1,1633506876.700271,364982.4785939764,143534.99617292825,365002.1627159435,143559.78014483157,c48fe378c45229ffa
1.0,1.0,1.0,1.0,1.0,1.0,1.0,1.0,1.0,[1. 1. 1. 1. 0.],[5. 5. 2. 2. 2.],1.0,True,2021.08.16.14.23.37_veh-45_00015_00132,1,1629124052.499943,588919.642849739,4475002.9158079885,588933.9477526493,4474959.013953136,ecefe6eb9d594a685
1.0,1.0,1.0,1.0,0.8347228271792569,1.0,0.0,1.0,1.0,[0.83472283 1.         0.         1.         0.        ],[5. 5. 2. 2. 2.],0.7981152954211632,True,2021.09.16.19.49.00_veh-42_00990_01609,1,1631823172.5002549,587770.2569182938,4475706.748742952,587746.1077915658,4475729.162682625,d55cfce0d6370e76b
1.0,0.0,0.0,1.0,1.0,1.0,0.0,1.0,0.0,[1. 1. 0. 1. 0.],[5. 5. 2. 2. 2.],0.0,True,2021.09.16.19.27.01_veh-45_01749_03230,1,1631823130.000381,587611.5429151241,4475938.557106023,587629.1632973945,4475957.1158829145,fe1ca3f5f54761556
1.0,1.0,1.0,1.0,0.9362218616477757,1.0,0.0,1.0,1.0,[0.93622186 1.         0.         1.         0.        ],[5. 5. 2. 2. 2.],0.8343649505884912,True,2021.09.16.17.40.09_veh-45_02539_02745,1,1631816778.90045,587738.7387482021,4475896.034244191,587768.7792968185,4475877.447822187,27e6f42dd9776a1d4
1.0,0.0,0.0,1.0,1.0,1.0,0.0,1.0,0.0,[1. 1. 0. 1. 0.],[5. 5. 2. 2. 2.],0.0,True,2021.08.30.16.16.44_veh-40_01099_01351,1,1630341567.000501,332252.3713030057,4690413.385027117,332230.08637954236,4690425.949501119,12eccd64a8e27f82f
1.0,0.0,1.0,1.0,0.24786328333508323,1.0,1.0,1.0,0.0,[0.24786328 1.         1.         1.         0.        ],[5. 5. 2. 2. 2.],0.0,True,2021.09.16.19.49.00_veh-42_00990_01609,1,1631823172.5002549,587740.0910095249,4475732.004579337,587738.0722355695,4475736.380064626,b0687bfcbe79bec09
1.0,1.0,1.0,1.0,0.037867710042045116,1.0,1.0,1.0,1.0,[0.03786771 1.         1.         1.         0.        ],[5. 5. 2. 2. 2.],0.6563813250150161,True,2021.09.29.19.02.14_veh-28_00273_00514,1,1632942721.7998729,331067.0913520756,4690734.081329613,331067.1042173554,4690734.0503764935,5275c2d3d823a5476
1.0,1.0,1.0,1.0,0.7894086460949679,1.0,1.0,1.0,1.0,[0.78940865 1.         1.         1.         0.        ],[5. 5. 2. 2. 2.],0.9247888021767743,True,2021.08.16.14.23.37_veh-45_00015_00132,1,1629124052.000155,588932.6923138594,4474961.661876711,588941.6560319721,4474938.041555551,0d70fefa06711301c
1.0,0.0,1.0,1.0,1.0,1.0,1.0,1.0,0.0,[1. 1. 1. 1. 0.],[5. 5. 2. 2. 2.],0.0,True,2021.09.16.14.39.34_veh-42_00032_00186,1,1631803277.1993198,589159.5065495716,4474468.142077544,589142.4028329276,4474510.128950196,aee14ef0a789e2911
1.0,1.0,1.0,1.0,0.7732007825474507,1.0,0.0,1.0,1.0,[0.77320078 1.         0.         1.         0.        ],[5. 5. 2. 2. 2.],0.7761431366240895,True,2021.09.16.14.39.34_veh-42_01609_01687,1,1631804872.199678,588983.5451611219,4474799.705549074,588972.4482078328,4474823.36347175,735cc37028693d641
0.0,1.0,1.0,1.0,1.0,0.0,0.0,1.0,0.0,[1. 0. 0. 1. 0.],[5. 5. 2. 2. 2.],0.0,True,2021.06.28.20.24.43_veh-38_03385_04952,1,1624916576.5994458,664211.2520960082,3997421.9412951255,664232.443774257,3997405.351198121,8f3be1fe834c8e1e6
1.0,1.0,0.0,1.0,1.0,1.0,0.0,1.0,0.0,[1. 1. 0. 1. 0.],[5. 5. 2. 2. 2.],0.0,True,2021.09.16.13.53.10_veh-42_00180_00342,1,1631800708.8997898,589183.1875744811,4474410.585823023,589196.6800130148,4474380.887320741,2e49400543ea5674a
1.0,1.0,1.0,1.0,0.4153054140412302,1.0,1.0,1.0,1.0,[0.41530541 1.         1.         1.         0.        ],[5. 5. 2. 2. 2.],0.791180505014725,True,2021.09.16.19.12.04_veh-42_01438_01677,1,1631821483.000248,587950.3108143938,4475719.463953165,587943.5949703528,4475724.401374112,6c441b1d10cac68e5
1.0,0.0,0.0,1.0,1.0,1.0,0.0,1.0,0.0,[1. 1. 0. 1. 0.],[5. 5. 2. 2. 2.],0.0,True,2021.09.16.14.39.34_veh-42_00032_00186,1,1631803277.1993198,589148.3056097766,4474501.862071047,589137.3585546988,4474523.598680052,85f94ff5a637ec2d5
0.0,0.0,0.0,1.0,1.0,0.0,1.0,1.0,0.0,[1. 0. 1. 1. 0.],[5. 5. 2. 2. 2.],0.0,True,2021.08.30.16.16.44_veh-40_01099_01351,1,1630341567.500442,332290.6414714001,4690379.643211831,332244.848482109,4690414.408909808,53c6f9cae0f7a4cd1
1.0,1.0,1.0,1.0,0.05734462358204186,1.0,1.0,1.0,1.0,[0.05734462 1.         1.         1.         0.        ],[5. 5. 2. 2. 2.],0.663337365565015,True,2021.08.30.14.54.34_veh-40_00439_00835,1,1630335855.000484,331399.2640301822,4690956.23370555,331399.36564599595,4690956.146928559,f0ec163fc911ff8bb
1.0,1.0,1.0,1.0,0.026531690486955296,1.0,0.0,1.0,1.0,[0.02653169 1.         0.         1.         0.        ],[5. 5. 2. 2. 2.],0.5094756037453412,True,2021.10.06.08.16.17_veh-52_00922_01296,1,1633509214.7003329,365575.85620350746,143784.9435216724,365575.84478449577,143784.91102432684,c24ef0bd2ded98fef
1.0,1.0,0.5,1.0,1.0,1.0,1.0,1.0,0.5,[1. 1. 1. 1. 0.],[5. 5. 2. 2. 2.],0.5,True,2021.09.16.14.39.34_veh-42_00032_00186,1,1631803277.1993198,589159.1321643407,4474471.27499421,589142.9142065351,4474510.953179775,03e533b28bfac776e
0.0,1.0,0.5,1.0,0.7175268722062766,0.0,0.0,1.0,0.0,[0.71752687 0.         0.         1.         0.        ],[5. 5. 2. 2. 2.],0.0,True,2021.08.30.16.16.44_veh-40_00779_01088,1,1630341048.0002549,331415.5381746646,4691055.134528,331400.8857205144,4691063.2984895585,1045550ffaa740987
0.0,1.0,1.0,1.0,1.0,0.0,0.0,1.0,0.0,[1. 0. 0. 1. 0.],[5. 5. 2. 2. 2.],0.0,True,2021.06.03.18.47.39_veh-35_00503_00777,1,1622761052.2013738,664974.0649139062,3999621.1674328805,664957.8287237266,3999613.7894270844,1f06c169ad7123eab
1.0,1.0,1.0,1.0,0.39517630955606786,1.0,0.0,1.0,1.0,[0.39517631 1.         0.         1.         0.        ],[5. 5. 2. 2. 2.],0.6411343962700242,True,2021.09.16.19.12.04_veh-42_01438_01677,1,1631821483.000248,587956.0634121842,4475717.286350321,587947.0919908129,4475722.905988485,a2924cf3c11b98cb0
0.5,0.0,1.0,1.0,0.7437194451127426,0.0,1.0,1.0,0.0,[0.74371945 0.         1.         1.         0.        ],[5. 5. 2. 2. 2.],0.0,True,2021.09.16.19.49.00_veh-42_00990_01609,1,1631823172.5002549,587752.9597382279,4475719.242441624,587741.0013189774,4475732.665092878,18ab088dbc07aa471
0.0,1.0,1.0,1.0,1.0,0.0,0.0,1.0,0.0,[1. 0. 0. 1. 0.],[5. 5. 2. 2. 2.],0.0,True,2021.09.29.15.23.04_veh-28_00601_00802,1,1632929933.799795,330937.6658092597,4690833.670934876,330945.43195745983,4690827.957187655,6f30da8067d92b503
1.0,1.0,1.0,1.0,0.933285361993828,1.0,1.0,1.0,1.0,[0.93328536 1.         1.         1.         0.        ],[5. 5. 2. 2. 2.],0.9761733435692242,True,2021.09.16.13.53.10_veh-42_00180_00342,1,1631800708.4001288,589192.499163587,4474393.8598544225,589202.1929781832,4474372.801975012,9bcb88a77a10c4c0c
0.0,1.0,1.0,1.0,1.0,0.0,0.0,1.0,0.0,[1. 0. 0. 1. 0.],[5. 5. 2. 2. 2.],0.0,True,2021.08.30.14.54.34_veh-40_00439_00835,1,1630335855.000484,331365.25750904216,4690978.871949997,331390.46264440543,4690962.501395517,91e2e5e740db004ce
1.0,1.0,1.0,1.0,0.037867710042045116,1.0,1.0,1.0,1.0,[0.03786771 1.         1.         1.         0.        ],[5. 5. 2. 2. 2.],0.6563813250150161,True,2021.09.29.19.02.14_veh-28_00273_00514,1,1632942721.7998729,331067.0913520756,4690734.081329613,331067.1042173554,4690734.0503764935,87d2841ebf764daf7
1.0,1.0,1.0,1.0,0.7748336216309483,1.0,1.0,1.0,1.0,[0.77483362 1.         1.         1.         0.        ],[5. 5. 2. 2. 2.],0.9195834362967672,True,2021.09.29.14.44.26_veh-28_00528_00992,1,1632927637.2996058,331649.4151560908,4690777.6538922535,331641.12136295286,4690785.478780587,1d0587c2228e349ac
1.0,0.0,1.0,1.0,0.9237569239466086,1.0,1.0,1.0,0.0,[0.92375692 1.         1.         1.         0.        ],[5. 5. 2. 2. 2.],0.0,True,2021.09.16.14.39.34_veh-42_01609_01687,1,1631804872.199678,588980.7101960973,4474809.176016987,588970.4042274214,4474829.035010256,7e3a87b525a6b7c28
1.0,1.0,1.0,1.0,0.4105468359538817,1.0,1.0,1.0,1.0,[0.41054684 1.         1.         1.         0.        ],[5. 5. 2. 2. 2.],0.7894810128406721,True,2021.09.16.14.39.34_veh-42_01609_01687,1,1631804872.199678,588973.5428994759,4474820.128865235,588970.4042274214,4474829.035010256,739eb54d88f3b3d35
1.0,1.0,1.0,1.0,0.0016562010135109952,1.0,1.0,1.0,1.0,[0.0016562 1.        1.        1.        0.       ],[5. 5. 2. 2. 2.],0.6434486432191111,True,2021.09.29.19.02.14_veh-28_00273_00514,1,1632942721.7998729,331069.02300497494,4690734.535735346,331069.02294976776,4690734.526615966,4011046e283cb0a28
1.0,1.0,1.0,1.0,1.0,1.0,0.0,1.0,1.0,[1. 1. 0. 1. 0.],[5. 5. 2. 2. 2.],0.8571428571428571,True,2021.09.29.15.23.04_veh-28_00601_00802,1,1632929933.299629,330950.16493265063,4690826.108844869,330950.1872330402,4690826.10001923,6864784b80c0a0fde
1.0,0.0,1.0,1.0,1.0,1.0,0.0,1.0,0.0,[1. 1. 0. 1. 0.],[5. 5. 2. 2. 2.],0.0,True,2021.09.16.14.39.34_veh-42_01609_01687,1,1631804872.699662,589005.0610528358,4474760.027222631,588980.2553535136,4474805.732132784,93f8da10fb7af1122
1.0,0.0,1.0,1.0,1.0,1.0,0.0,1.0,0.0,[1. 1. 0. 1. 0.],[5. 5. 2. 2. 2.],0.0,True,2021.09.16.14.39.34_veh-42_01609_01687,1,1631804872.199678,589004.38911857,4474761.323025169,588978.3624662723,4474811.044991749,71ad6b3fd5d476975
1.0,1.0,1.0,1.0,1.0,1.0,0.0,1.0,1.0,[1. 1. 0. 1. 0.],[5. 5. 2. 2. 2.],0.8571428571428571,True,2021.06.28.20.24.43_veh-38_03385_04952,1,1624916576.09966,664220.335528298,3997416.4161349465,664236.1666372858,3997401.1047054604,fec4e607d84e38636
1.0,1.0,1.0,1.0,0.15845501954154015,1.0,1.0,1.0,1.0,[0.15845502 1.         1.         1.         0.        ],[5. 5. 2. 2. 2.],0.6994482212648359,True,2021.10.06.08.16.17_veh-52_01949_02501,1,1633510282.200049,365728.8864389807,142954.48921642016,365727.3500043874,142956.12741325042,19762a72ff72dc0cd
1.0,1.0,1.0,1.0,1.0,1.0,1.0,1.0,1.0,[1. 1. 1. 1. 0.],[5. 5. 2. 2. 2.],1.0,True,2021.10.06.07.26.10_veh-52_01245_02064,1,1633506876.700271,365000.7624399418,143557.47894106546,364999.97992872994,143570.2090054581,8fb24d26d3dd62b0f
1.0,1.0,1.0,1.0,0.9515480670984134,1.0,1.0,1.0,1.0,[0.95154807 1.         1.         1.         0.        ],[5. 5. 2. 2. 2.],0.9826957382494333,True,2021.09.29.14.44.26_veh-28_00528_00992,1,1632927637.2996058,331654.6213749228,4690771.806548784,331643.17331959517,4690783.325196443,f155a28a11bdfe4d3
1.0,1.0,0.0,1.0,0.9566086377503727,1.0,0.0,1.0,0.0,[0.95660864 1.         0.         1.         0.        ],[5. 5. 2. 2. 2.],0.0,True,2021.10.06.08.16.17_veh-52_00922_01296,1,1633509214.7003329,365575.68786008906,143833.36727280225,365576.709396214,143799.81343430452,7b49a5c516fc052ba
1.0,0.0,1.0,1.0,0.6193589317334556,1.0,1.0,1.0,0.0,[0.61935893 1.         1.         1.         0.        ],[5. 5. 2. 2. 2.],0.0,True,2021.08.30.16.16.44_veh-40_00779_01088,1,1630341048.500202,331414.1889745714,4691052.9769631345,331401.3273668363,4691062.811570836,07c652f78c0509a49
1.0,1.0,1.0,1.0,1.0,1.0,1.0,1.0,1.0,[1. 1. 1. 1. 0.],[5. 5. 2. 2. 2.],1.0,True,2021.06.03.18.47.39_veh-35_00503_00777,1,1622761052.2013738,664961.6947198021,3999613.854645208,664952.5931109355,3999613.933245003,8e870ed69a2cd9267
1.0,1.0,1.0,1.0,0.9779785697490712,1.0,1.0,1.0,1.0,[0.97797857 1.         1.         1.         0.        ],[5. 5. 2. 2. 2.],0.9921352034818111,True,2021.09.16.19.27.01_veh-45_01749_03230,1,1631822556.4997149,587676.8828111632,4475754.838345417,587671.4977986586,4475761.427451359,e1a0c043fd6b131e0
1.0,1.0,1.0,1.0,1.0,1.0,0.0,1.0,1.0,[1. 1. 0. 1. 0.],[5. 5. 2. 2. 2.],0.8571428571428571,True,2021.09.29.15.23.04_veh-28_00601_00802,1,1632929933.799795,330950.23327210906,4690826.080646488,330950.23487152875,4690826.08001534,b9bc285e03f488e64
1.0,1.0,1.0,1.0,1.0,1.0,0.0,1.0,1.0,[1. 1. 0. 1. 0.],[5. 5. 2. 2. 2.],0.8571428571428571,True,2021.10.06.07.26.10_veh-52_01245_02064,1,1633506877.200578,364999.39932389447,143555.5451755252,365000.2932216611,143569.89057470436,1724e4388e1fa5055
1.0,1.0,1.0,1.0,1.0,1.0,1.0,1.0,1.0,[1. 1. 1. 1. 0.],[5. 5. 2. 2. 2.],1.0,True,2021.08.16.14.23.37_veh-45_00015_00132,1,1629124052.000155,588923.8346493016,4474993.509863375,588937.2488112982,4474948.236905783,00caf7c273c7d5065
1.0,0.0,0.0,1.0,0.34223049190987737,1.0,1.0,1.0,0.0,[0.34223049 1.         1.         1.         0.        ],[5. 5. 2. 2. 2.],0.0,True,2021.10.06.07.26.10_veh-52_01245_02064,1,1633506877.200578,365021.6487315512,143561.0542368324,365001.215563339,143569.5768914721,9c9df3f60654177e5
1.0,1.0,1.0,1.0,0.639116860416489,1.0,0.0,1.0,1.0,[0.63911686 1.         0.         1.         0.        ],[5. 5. 2. 2. 2.],0.7282560215773175,True,2021.09.16.19.12.04_veh-42_01438_01677,1,1631821483.500259,587963.70392653,4475713.501494667,587949.000554379,4475721.708244108,966244bc558d53ef7
1.0,0.0,0.0,1.0,1.0,1.0,0.0,1.0,0.0,[1. 1. 0. 1. 0.],[5. 5. 2. 2. 2.],0.0,True,2021.09.16.19.27.01_veh-45_01749_03230,1,1631823130.000381,587614.8315186163,4475950.848700157,587630.956983093,4475957.852965367,5b8389f00775d1a89
1.0,0.0,0.5,1.0,0.7164886603550389,1.0,0.0,1.0,0.0,[0.71648866 1.         0.         1.         0.        ],[5. 5. 2. 2. 2.],0.0,True,2021.10.06.07.26.10_veh-52_01245_02064,1,1633506877.200578,365001.7363508698,143551.62397688557,365002.34738169465,143565.69864386984,c40981d1d4e696de2
1.0,1.0,1.0,1.0,1.0,1.0,1.0,1.0,1.0,[1. 1. 1. 1. 0.],[5. 5. 2. 2. 2.],1.0,True,2021.09.16.19.12.04_veh-42_01438_01677,1,1631821483.000248,587985.1459695959,4475701.485919892,587953.112001037,4475719.234764964,fd2d0d2c37b2df3a5
1.0,0.0,0.0,1.0,1.0,1.0,0.0,1.0,0.0,[1. 1. 0. 1. 0.],[5. 5. 2. 2. 2.],0.0,True,2021.10.06.08.16.17_veh-52_01949_02501,1,1633510672.2000458,364926.45211340726,143511.23163133368,364915.9759580422,143474.8178502643,76ce40d34831b1542
1.0,1.0,1.0,1.0,0.4314469798996841,1.0,0.0,1.0,1.0,[0.43144698 1.         0.         1.         0.        ],[5. 5. 2. 2. 2.],0.65408820710703,True,2021.09.16.19.27.01_veh-45_01749_03230,1,1631823130.500547,587634.7518965282,4475957.715219731,587639.0304643712,4475955.910335922,9574cf693ee2e6774
1.0,0.0,1.0,1.0,0.7015958442744373,1.0,1.0,1.0,0.0,[0.70159584 1.         1.         1.         0.        ],[5. 5. 2. 2. 2.],0.0,True,2021.09.29.19.02.14_veh-28_00273_00514,1,1632942721.2996829,331054.16247282363,4690751.666764225,331067.1541622558,4690739.782163726,f8b4dade556ee29d7
1.0,1.0,1.0,1.0,0.7824355207626068,1.0,1.0,1.0,1.0,[0.78243552 1.         1.         1.         0.        ],[5. 5. 2. 2. 2.],0.9222984002723597,True,2021.10.06.07.26.10_veh-52_00006_00398,1,1633505537.699599,365253.02274719626,143324.35158420974,365226.23280857276,143344.520724483,deec5be8952223b5f
1.0,0.0,1.0,1.0,1.0,1.0,0.0,1.0,0.0,[1. 1. 0. 1. 0.],[5. 5. 2. 2. 2.],0.0,True,2021.10.06.07.26.10_veh-52_01245_02064,1,1633506876.700271,364989.0021108962,143546.8297139166,365004.34489482414,143562.15340387425,198d109d392dbc280
1.0,1.0,1.0,1.0,1.0,1.0,1.0,1.0,1.0,[1. 1. 1. 1. 0.],[5. 5. 2. 2. 2.],1.0,True,2021.09.29.18.19.40_veh-28_00844_01218,1,1632940779.5998669,331269.9336359132,4691023.8535642065,331267.42164937645,4691025.6367479,155b9d04c8ecbdf6e
1.0,1.0,0.0,1.0,1.0,1.0,0.0,1.0,0.0,[1. 1. 0. 1. 0.],[5. 5. 2. 2. 2.],0.0,True,2021.09.16.14.39.34_veh-42_00032_00186,1,1631803276.6995718,589150.3886476683,4474494.53741748,589138.3662045753,4474521.212349175,edd46eab5d581d11a
0.0,1.0,1.0,1.0,1.0,1.0,1.0,1.0,0.0,[1. 1. 1. 1. 0.],[5. 5. 2. 2. 2.],0.0,True,2021.09.29.14.44.26_veh-28_00528_00992,1,1632927636.799638,331659.4443845131,4690782.358700456,331642.0366408873,4690784.5383736165,7474911d349b5a097
1.0,1.0,1.0,1.0,1.0,1.0,0.0,1.0,1.0,[1. 1. 0. 1. 0.],[5. 5. 2. 2. 2.],0.8571428571428571,True,2021.06.28.20.24.43_veh-38_03385_04952,1,1624916576.5994458,664225.5430578722,3997411.7026770893,664236.3835489294,3997401.6298703444,57eb7d1fb4d00dce9
1.0,1.0,1.0,1.0,0.2320815760865381,1.0,1.0,1.0,1.0,[0.23208158 1.         1.         1.         0.        ],[5. 5. 2. 2. 2.],0.7257434200309064,True,2021.09.16.19.27.01_veh-45_01749_03230,1,1631822555.999821,587674.6236068272,4475761.36486629,587672.3693443069,4475762.164073905,0bc2b72e890837ec6
1.0,1.0,1.0,1.0,0.022599090174935048,1.0,0.0,1.0,1.0,[0.02259909 1.         0.         1.         0.        ],[5. 5. 2. 2. 2.],0.5080711036339054,True,2021.10.06.08.16.17_veh-52_00922_01296,1,1633509214.7003329,365576.03605205275,143784.146448664,365576.01708411676,143784.1069526569,0c3447f80e5b8a35d
1.0,1.0,1.0,1.0,0.8002705050971018,0.0,0.0,1.0,1.0,[0.80027051 0.         0.         1.         0.        ],[5. 5. 2. 2. 2.],0.42866803753467925,True,2021.09.16.15.47.30_veh-45_01199_01391,1,1631808545.799963,587688.6569661738,4475529.025559558,587678.491310787,4475515.732291544,6564712a0860d6518
1.0,1.0,1.0,1.0,0.742357413551279,1.0,1.0,1.0,1.0,[0.74235741 1.         1.         1.         0.        ],[5. 5. 2. 2. 2.],0.9079847905540283,True,2021.06.28.16.29.11_veh-38_03263_03766,1,1624901670.3003619,664469.7305018383,3997444.6883865413,664468.5460419691,3997436.867881017,fd3bc1efc24f56212
1.0,0.0,1.0,1.0,1.0,1.0,1.0,1.0,0.0,[1. 1. 1. 1. 0.],[5. 5. 2. 2. 2.],0.0,True,2021.06.03.18.47.39_veh-35_00503_00777,1,1622761051.701135,664961.8803946446,3999611.90822488,664954.4379520739,3999613.6467591478,ed81a447f9a55d06c
0.0,1.0,1.0,1.0,1.0,0.0,0.0,1.0,0.0,[1. 0. 0. 1. 0.],[5. 5. 2. 2. 2.],0.0,True,2021.09.16.13.53.10_veh-42_00860_01069,1,1631801380.9002779,587760.2201207131,4475611.288796365,587741.2766329393,4475590.879968701,87f3ff9f4e16ee2e1
1.0,1.0,1.0,1.0,1.0,1.0,1.0,1.0,1.0,[1. 1. 1. 1. 0.],[5. 5. 2. 2. 2.],1.0,True,2021.10.06.07.26.10_veh-52_01245_02064,1,1633506876.700271,364994.79589680134,143548.98013448782,365001.4646457201,143567.50610846456,6f0c6f5848fccc5d0
1.0,1.0,1.0,1.0,0.6792157761179627,1.0,1.0,1.0,1.0,[0.67921578 1.         1.         1.         0.        ],[5. 5. 2. 2. 2.],0.8854342057564153,True,2021.08.16.14.23.37_veh-45_00015_00132,1,1629124052.000155,588936.5253514796,4474951.142974813,588942.4188309126,4474934.60255897,dedf2ffe66804a16a
0.0,0.0,0.5,1.0,1.0,0.0,1.0,1.0,0.0,[1. 0. 1. 1. 0.],[5. 5. 2. 2. 2.],0.0,True,2021.09.29.14.44.26_veh-28_00528_00992,1,1632927636.799638,331667.16186237696,4690772.155855333,331644.35219320195,4690784.519177192,94c40772ee3c5ee01
1.0,1.0,1.0,1.0,1.0,1.0,1.0,1.0,1.0,[1. 1. 1. 1. 0.],[5. 5. 2. 2. 2.],1.0,True,2021.06.28.20.24.43_veh-38_03385_04952,1,1624916576.09966,664236.7301763258,3997398.6921375543,664245.4786428725,3997394.5170886195,95f0d6c3b4018f122
1.0,0.0,1.0,1.0,0.8186492140439299,1.0,0.0,1.0,0.0,[0.81864921 1.         0.         1.         0.        ],[5. 5. 2. 2. 2.],0.0,True,2021.10.06.08.16.17_veh-52_00181_00574,1,1633508452.200059,365587.64065699925,143899.8741360884,365588.12904332986,143907.11957189013,4ee799c8d99616aed
1.0,0.0,1.0,1.0,0.757755894619713,1.0,1.0,1.0,0.0,[0.75775589 1.         1.         1.         0.        ],[5. 5. 2. 2. 2.],0.0,True,2021.09.29.19.02.14_veh-28_00273_00514,1,1632942721.2996829,331049.2020761676,4690755.545779445,331065.56763339555,4690740.9902359275,473600f4c7f5be5c9
1.0,1.0,1.0,1.0,0.7955974957462923,1.0,0.0,1.0,1.0,[0.7955975 1.        0.        1.        0.       ],[5. 5. 2. 2. 2.],0.784141962766533,True,2021.09.16.14.39.34_veh-42_00032_00186,1,1631803276.6995718,589148.939995277,4474494.607335367,589137.2618384309,4474521.648355654,aee8a0b219134ae2b
1.0,1.0,1.0,1.0,0.4645124131551115,1.0,1.0,1.0,1.0,[0.46451241 1.         1.         1.         0.        ],[5. 5. 2. 2. 2.],0.8087544332696827,True,2021.10.06.08.16.17_veh-52_01949_02501,1,1633510282.200049,365738.6332600202,142951.1199784081,365730.1119352878,142955.33335839852,8ccebe9711753a11b
1.0,1.0,1.0,1.0,1.0,1.0,0.0,1.0,1.0,[1. 1. 0. 1. 0.],[5. 5. 2. 2. 2.],0.8571428571428571,True,2021.06.03.18.47.39_veh-35_00503_00777,1,1622761051.701135,664963.6237661141,3999616.214130516,664956.1393276314,3999613.943169156,a230273e8dabb271d
0.0,1.0,1.0,1.0,1.0,0.0,0.0,1.0,0.0,[1. 0. 0. 1. 0.],[5. 5. 2. 2. 2.],0.0,True,2021.09.16.13.53.10_veh-42_00860_01069,1,1631801380.400394,587764.3172178124,4475614.120951319,587742.9487443354,4475590.85706024,218dfa1bf4d961da8
1.0,1.0,1.0,1.0,0.37177144413233043,1.0,0.0,1.0,1.0,[0.37177144 1.         0.         1.         0.        ],[5. 5. 2. 2. 2.],0.6327755157615466,True,2021.10.06.07.26.10_veh-52_00006_00398,1,1633505537.699599,365221.7259677963,143347.84208240316,365216.21002544323,143352.20298850661,e1787c2ae57c993f3
1.0,1.0,1.0,1.0,0.8737223710601166,1.0,0.0,1.0,1.0,[0.87372237 1.         0.         1.         0.        ],[5. 5. 2. 2. 2.],0.8120437039500416,True,2021.05.25.14.16.10_veh-35_01690_02183,1,1621968773.0009708,664435.6342573366,3998269.3209150312,664433.6730486635,3998276.3229663307,7a574ea5511afe40d
1.0,1.0,1.0,0.0,1.0,1.0,1.0,1.0,0.0,[1. 1. 1. 1. 0.],[5. 5. 2. 2. 2.],0.0,True,2021.09.16.14.39.34_veh-42_00297_00935,1,1631804032.1996858,587726.3986652449,4475589.999648096,587718.5989439421,4475596.141003877,214aedc89904305ef
1.0,0.0,0.0,1.0,1.0,1.0,0.0,1.0,0.0,[1. 1. 0. 1. 0.],[5. 5. 2. 2. 2.],0.0,True,2021.10.06.07.26.10_veh-52_01245_02064,1,1633507280.7003949,365068.47744877567,143810.02995954032,365083.2307265557,143823.01558894434,52d06afe759842b4a
0.0,0.0,0.5,1.0,1.0,0.0,0.0,1.0,0.0,[1. 0. 0. 1. 0.],[5. 5. 2. 2. 2.],0.0,True,2021.08.30.16.16.44_veh-40_00779_01088,1,1630341048.500202,331411.00218913314,4691059.844939468,331397.94509964046,4691065.562588195,b8fafe0f06f38d320
1.0,1.0,0.5,1.0,0.7548234852604401,1.0,0.0,0.0,0.5,[0.75482349 1.         0.         0.         0.        ],[5. 5. 2. 2. 2.],0.31336133665365,True,2021.09.16.19.27.01_veh-45_01749_03230,1,1631823130.500547,587625.4456460752,4475955.793692067,587634.9704603418,4475957.118954406,d9eb3c465a5635619
1.0,1.0,1.0,1.0,0.8884579900747991,1.0,1.0,1.0,1.0,[0.88845799 1.         1.         1.         0.        ],[5. 5. 2. 2. 2.],0.9601635678838568,True,2021.09.16.14.39.34_veh-42_01609_01687,1,1631804872.199678,588990.4721773939,4474788.484229979,588974.2934935152,4474820.559737132,82fb1914f91a82579
0.0,1.0,0.5,1.0,1.0,0.0,1.0,1.0,0.0,[1. 0. 1. 1. 0.],[5. 5. 2. 2. 2.],0.0,True,2021.09.16.13.53.10_veh-42_00860_01069,1,1631801380.400394,587746.5013937801,4475600.714008626,587735.8650744354,4475587.75323189,10591acdd773264c9
1.0,1.0,1.0,1.0,0.001737862310219628,1.0,1.0,1.0,1.0,[0.00173786 1.         1.         1.         0.        ],[5. 5. 2. 2. 2.],0.6434778079679356,True,2021.05.25.15.59.03_veh-30_04463_04606,1,1621977376.599292,664540.1574455828,3997863.44575153,664540.1451207632,3997863.447114522,03765fd57aa87ab53
1.0,1.0,1.0,1.0,0.996362198253255,1.0,1.0,1.0,1.0,[0.9963622 1.        1.        1.        0.       ],[5. 5. 2. 2. 2.],0.9987007850904482,True,2021.09.16.13.53.10_veh-42_00860_01069,1,1631801380.9002779,587746.9824123352,4475595.960161273,587733.7389290327,4475587.10035951,bccac7c12e34ccda7
1.0,1.0,1.0,1.0,0.6078318861175384,1.0,1.0,1.0,1.0,[0.60783189 1.         1.         1.         0.        ],[5. 5. 2. 2. 2.],0.8599399593276923,True,2021.05.25.15.59.03_veh-30_04463_04606,1,1621977376.099386,664549.2562993511,3997853.2203737553,664542.8995830766,3997859.077223998,554adddfca63d6fe8
1.0,1.0,1.0,1.0,0.7157987207640591,1.0,1.0,1.0,1.0,[0.71579872 1.         1.         1.         0.        ],[5. 5. 2. 2. 2.],0.8984995431300211,True,2021.10.06.08.16.17_veh-52_00922_01296,1,1633509215.2006,365574.22184390615,143822.852939478,365576.7848357449,143798.547273504,a99e7bb23533b8fee
1.0,1.0,1.0,1.0,1.0,1.0,1.0,1.0,1.0,[1. 1. 1. 1. 0.],[5. 5. 2. 2. 2.],1.0,True,2021.10.06.08.16.17_veh-52_01949_02501,1,1633510672.700016,364917.1492186612,143471.16417053685,364918.28331256926,143458.6663162435,f62d00569dc5be2b9
1.0,1.0,1.0,1.0,0.6273197013826002,1.0,1.0,1.0,1.0,[0.6273197 1.        1.        1.        0.       ],[5. 5. 2. 2. 2.],0.8668998933509285,True,2021.09.29.19.02.14_veh-28_00273_00514,1,1632942721.2996829,331064.4102634046,4690738.172784104,331067.16603429645,4690733.869210151,38c8739d0ae9e3f71
1.0,1.0,1.0,1.0,0.7633344022561704,1.0,1.0,1.0,1.0,[0.7633344 1.        1.        1.        0.       ],[5. 5. 2. 2. 2.],0.9154765722343466,True,2021.09.16.17.40.09_veh-45_02539_02745,1,1631816779.400143,587758.5019838469,4475884.584604398,587773.1451219666,4475874.432812933,879334719374ec947
1.0,1.0,0.5,0.0,1.0,1.0,1.0,1.0,0.0,[1. 1. 1. 1. 0.],[5. 5. 2. 2. 2.],0.0,True,2021.09.16.19.12.04_veh-42_01438_01677,1,1631821483.000248,587997.3514981086,4475694.763314121,587957.5970761735,4475717.556277185,ad3a915c556a5c581
0.0,1.0,1.0,1.0,1.0,0.0,0.0,1.0,0.0,[1. 0. 0. 1. 0.],[5. 5. 2. 2. 2.],0.0,True,2021.05.25.14.16.10_veh-35_01690_02183,1,1621968773.0009708,664433.599931403,3998267.3504461204,664432.8870175133,3998275.7325766296,81742324c5b46cc6f
1.0,1.0,1.0,1.0,0.37741656640975285,1.0,1.0,1.0,1.0,[0.37741657 1.         1.         1.         0.        ],[5. 5. 2. 2. 2.],0.777648773717769,True,2021.09.29.14.44.26_veh-28_00238_00320,1,1632927012.2997,330788.2375922684,4689886.33817996,330795.32776929473,4689884.329546897,76112959f0c3cee44
1.0,1.0,1.0,1.0,1.0,1.0,0.0,1.0,1.0,[1. 1. 0. 1. 0.],[5. 5. 2. 2. 2.],0.8571428571428571,True,2021.05.25.14.16.10_veh-35_01690_02183,1,1621968773.0009708,664436.0219091368,3998263.7720667496,664433.7771240053,3998275.466646242,256ffb5e85a521e98
1.0,1.0,1.0,0.0,1.0,1.0,1.0,1.0,0.0,[1. 1. 1. 1. 0.],[5. 5. 2. 2. 2.],0.0,True,2021.09.29.18.19.40_veh-28_00844_01218,1,1632940779.099612,331271.74732564925,4691022.476116664,331269.00549469434,4691024.299527783,3791263c877ce2d77
1.0,0.0,0.0,1.0,1.0,1.0,0.0,1.0,0.0,[1. 1. 0. 1. 0.],[5. 5. 2. 2. 2.],0.0,True,2021.09.16.19.27.01_veh-45_01749_03230,1,1631823130.000381,587611.2933312065,4475938.8426937405,587627.9353004869,4475958.553608539,4f498e8f4ae7fedd5
1.0,1.0,1.0,1.0,0.0,1.0,1.0,1.0,1.0,[0. 1. 1. 1. 0.],[5. 5. 2. 2. 2.],0.6428571428571429,True,2021.08.30.14.54.34_veh-40_00439_00835,1,1630335855.5004148,331399.5898305066,4690956.110531924,331399.6086028299,4690956.094629689,7b5998d0c96e5433a
1.0,1.0,1.0,1.0,0.3085992882119188,1.0,0.0,1.0,1.0,[0.30859929 1.         0.         1.         0.        ],[5. 5. 2. 2. 2.],0.6102140315042567,True,2021.09.16.14.39.34_veh-42_01609_01687,1,1631804872.699662,588973.6692877568,4474820.4756013155,588971.494284431,4474825.537739044,e30153992e5712828
1.0,1.0,1.0,1.0,0.5996578213534228,1.0,1.0,1.0,1.0,[0.59965782 1.         1.         1.         0.        ],[5. 5. 2. 2. 2.],0.8570206504833653,True,2021.10.06.07.26.10_veh-52_00006_00398,1,1633505537.699599,365226.96484607115,143342.8332492604,365216.21006461396,143351.54276727498,dcd3a1adb7268a54d
1.0,1.0,1.0,1.0,1.0,1.0,1.0,1.0,1.0,[1. 1. 1. 1. 0.],[5. 5. 2. 2. 2.],1.0,True,2021.09.29.18.19.40_veh-28_00844_01218,1,1632940779.099612,331269.32602757175,4691024.244213209,331266.88788500486,4691025.974698745,60849e221db8f770d
1.0,1.0,1.0,1.0,0.574354813192067,1.0,1.0,1.0,1.0,[0.57435481 1.         1.         1.         0.        ],[5. 5. 2. 2. 2.],0.8479838618543096,True,2021.10.06.08.16.17_veh-52_01949_02501,1,1633510282.700223,365732.63558759744,142952.49221238767,365726.2065458051,142957.36077144553,352716976d8eac750
1.0,1.0,1.0,1.0,0.7987938551351589,1.0,1.0,1.0,1.0,[0.79879386 1.         1.         1.         0.        ],[5. 5. 2. 2. 2.],0.9281406625482711,True,2021.10.06.07.26.10_veh-52_00006_00398,1,1633505537.699599,365256.32105712144,143323.15200077352,365227.44309871626,143344.0525804747,8257b0ad7e1b11a15
1.0,0.0,0.5,1.0,0.9954443279372995,1.0,1.0,1.0,0.0,[0.99544433 1.         1.         1.         0.        ],[5. 5. 2. 2. 2.],0.0,True,2021.09.16.13.53.10_veh-42_00860_01069,1,1631801380.9002779,587748.7384899071,4475589.085117547,587732.7506118141,4475585.149883499,eeccf27f0b76f2d75
1.0,1.0,0.0,1.0,0.9078691826477162,1.0,1.0,1.0,0.0,[0.90786918 1.         1.         1.         0.        ],[5. 5. 2. 2. 2.],0.0,True,2021.09.16.19.27.01_veh-45_00472_00711,1,1631821126.999842,587986.6404485343,4475700.07909868,588007.3753100978,4475698.130767043,d37b7028969d97560
1.0,0.0,0.0,1.0,1.0,1.0,0.0,1.0,0.0,[1. 1. 0. 1. 0.],[5. 5. 2. 2. 2.],0.0,True,2021.09.16.13.53.10_veh-42_00180_00342,1,1631800708.8997898,589179.6809340362,4474417.423214883,589194.9915808954,4474383.668005164,0e3016e58756dedce
1.0,0.0,0.5,1.0,1.0,1.0,0.0,1.0,0.0,[1. 1. 0. 1. 0.],[5. 5. 2. 2. 2.],0.0,True,2021.08.30.16.16.44_veh-40_01099_01351,1,1630341567.500442,332241.38609972555,4690420.356853612,332226.948520716,4690427.998190066,11efb68d8748f6136
1.0,0.0,1.0,1.0,0.3031560592267371,1.0,1.0,1.0,0.0,[0.30315606 1.         1.         1.         0.        ],[5. 5. 2. 2. 2.],0.0,True,2021.10.06.08.16.17_veh-52_01949_02501,1,1633510672.2000458,364917.1336118369,143462.04622459292,364917.71889953053,143458.6711099551,eb6579d91982e38e5
1.0,1.0,1.0,1.0,1.0,1.0,1.0,1.0,1.0,[1. 1. 1. 1. 0.],[5. 5. 2. 2. 2.],1.0,True,2021.06.28.16.29.11_veh-38_03263_03766,1,1624901670.800134,664470.9465725854,3997446.1990369367,664468.5657153167,3997434.1036707098,f89453f475567e939
1.0,0.0,0.0,1.0,1.0,1.0,0.0,1.0,0.0,[1. 1. 0. 1. 0.],[5. 5. 2. 2. 2.],0.0,True,2021.10.06.07.26.10_veh-52_01245_02064,1,1633507280.1999679,365071.02246785926,143806.38049515657,365085.5540993005,143823.75404975025,2947a7779fffc9a73
1.0,0.0,1.0,1.0,0.5093281436840249,1.0,1.0,1.0,0.0,[0.50932814 1.         1.         1.         0.        ],[5. 5. 2. 2. 2.],0.0,True,2021.09.16.19.12.04_veh-42_01438_01677,1,1631821483.000248,587960.7850547618,4475713.5109964,587947.749629996,4475721.532690176,0952835e9ba422028
1.0,1.0,1.0,1.0,0.7125556491308692,1.0,0.0,1.0,1.0,[0.71255565 1.         0.         1.         0.        ],[5. 5. 2. 2. 2.],0.7544841604038819,True,2021.09.16.14.39.34_veh-42_00032_00186,1,1631803276.6995718,589142.9773586679,4474508.007725527,589134.9255711858,4474527.791980239,f5d80ab764fc60704
1.0,1.0,1.0,1.0,0.05637514461059559,1.0,1.0,1.0,1.0,[0.05637514 1.         1.         1.         0.        ],[5. 5. 2. 2. 2.],0.6629911230752127,True,2021.09.29.19.02.14_veh-28_00273_00514,1,1632942721.7998729,331069.6317536056,4690735.4621133655,331069.6198126346,4690735.35093604,2e221a5360953028d
1.0,1.0,1.0,1.0,1.0,1.0,1.0,1.0,1.0,[1. 1. 1. 1. 0.],[5. 5. 2. 2. 2.],1.0,True,2021.09.29.14.44.26_veh-28_00528_00992,1,1632927637.2996058,331665.8712947293,4690781.848290053,331644.72518796177,4690782.3300754875,27007a0ff06d16d30
1.0,0.0,0.0,1.0,1.0,1.0,0.0,1.0,0.0,[1. 1. 0. 1. 0.],[5. 5. 2. 2. 2.],0.0,True,2021.09.16.19.27.01_veh-45_01749_03230,1,1631823130.500547,587603.8042163055,4475936.637049574,587625.0145165185,4475958.087306466,e892cc466b54878c6
1.0,1.0,1.0,1.0,0.6490274501783434,1.0,1.0,1.0,1.0,[0.64902745 1.         1.         1.         0.        ],[5. 5. 2. 2. 2.],0.8746526607779798,True,2021.10.06.08.16.17_veh-52_01949_02501,1,1633510282.700223,365742.3735637486,142950.04501439235,365731.094189176,142954.5382614248,6d9912bf7efcd9fa0
1.0,1.0,1.0,1.0,0.9029531317711085,1.0,0.0,1.0,1.0,[0.90295313 1.         0.         1.         0.        ],[5. 5. 2. 2. 2.],0.8224832613468244,True,2021.09.16.19.49.00_veh-42_00990_01609,1,1631823172.0002198,587773.608137321,4475703.801849763,587745.1786148322,4475728.955053849,098f2c514384700c9
1.0,1.0,1.0,1.0,0.6148544528897393,1.0,1.0,1.0,1.0,[0.61485445 1.         1.         1.         0.        ],[5. 5. 2. 2. 2.],0.8624480188891926,True,2021.10.06.07.26.10_veh-52_00006_00398,1,1633505537.1997058,365237.4361782747,143338.5263760558,365219.8903362291,143349.8206498911,6b7ec09b2f5066af8
1.0,1.0,1.0,1.0,0.7801714795606747,1.0,0.0,1.0,1.0,[0.78017148 1.         0.         1.         0.        ],[5. 5. 2. 2. 2.],0.7786326712716696,True,2021.05.25.14.16.10_veh-35_01690_02183,1,1621968772.501016,664435.413325089,3998270.3298110887,664433.6713241737,3998276.3239142736,2fb3e2d50e23c577b
1.0,1.0,1.0,1.0,0.7548270770915131,1.0,0.0,1.0,1.0,[0.75482708 1.         0.         1.         0.        ],[5. 5. 2. 2. 2.],0.7695810989612547,True,2021.06.03.13.55.17_veh-35_02866_03582,1,1622746182.6010609,664457.4456669524,3998173.8936218275,664457.8780471378,3998169.6303387345,d02247bc43841f48b
1.0,1.0,1.0,1.0,0.9036526815332241,1.0,1.0,1.0,1.0,[0.90365268 1.         1.         1.         0.        ],[5. 5. 2. 2. 2.],0.9655902434047229,True,2021.08.16.14.23.37_veh-45_00015_00132,1,1629124052.000155,588927.4731146282,4474978.534610786,588939.6076457177,4474942.758275688,c8a0832c8f737ce92
1.0,1.0,0.5,1.0,1.0,1.0,0.0,1.0,0.5,[1. 1. 0. 1. 0.],[5. 5. 2. 2. 2.],0.42857142857142855,True,2021.09.29.14.44.26_veh-28_00238_00320,1,1632927012.2997,330792.7874208476,4689904.89139459,330788.31715882313,4689889.446569118,b1446d3c05a5f7c0a
1.0,1.0,1.0,1.0,0.6924099472536499,1.0,1.0,1.0,1.0,[0.69240995 1.         1.         1.         0.        ],[5. 5. 2. 2. 2.],0.8901464097334463,True,2021.09.16.19.27.01_veh-45_00472_00711,1,1631821126.999842,587997.6389867261,4475698.02262945,588011.0536581571,4475699.874541679,1adb976dcfb852711
1.0,1.0,1.0,1.0,0.9758520095826048,1.0,1.0,1.0,1.0,[0.97585201 1.         1.         1.         0.        ],[5. 5. 2. 2. 2.],0.9913757177080732,True,2021.08.16.14.23.37_veh-45_00015_00132,1,1629124052.499943,588922.3736403515,4474994.755437257,588935.7091671876,4474953.766605961,4a421aa61a3bbad1d
1.0,1.0,1.0,1.0,1.0,1.0,0.0,1.0,1.0,[1. 1. 0. 1. 0.],[5. 5. 2. 2. 2.],0.8571428571428571,True,2021.06.03.13.55.17_veh-35_02866_03582,1,1622746182.1008449,664455.5233472488,3998182.4686019886,664457.4085085667,3998168.1104960945,bb539282bfa7303c7
1.0,1.0,1.0,1.0,0.33925364518614726,1.0,1.0,1.0,1.0,[0.33925365 1.         1.         1.         0.        ],[5. 5. 2. 2. 2.],0.7640191589950527,True,2021.09.16.14.39.34_veh-42_01609_01687,1,1631804872.699662,588973.3342992554,4474821.941678864,588970.8466363846,4474827.592907816,394d8ba443460b0bf
1.0,1.0,1.0,1.0,0.23799390626399075,1.0,1.0,1.0,1.0,[0.23799391 1.         1.         1.         0.        ],[5. 5. 2. 2. 2.],0.7278549665228538,True,2021.10.06.08.16.17_veh-52_01949_02501,1,1633510672.700016,364919.47718802036,143464.99000870186,364919.0869691424,143461.89081010182,8e2e4ad26edbb4e08
1.0,1.0,1.0,1.0,0.3468063379817584,1.0,1.0,1.0,1.0,[0.34680634 1.         1.         1.         0.        ],[5. 5. 2. 2. 2.],0.7667165492791995,True,2021.10.06.07.26.10_veh-52_01245_02064,1,1633507280.1999679,365083.80997486174,143824.79769843112,365090.2267344297,143824.46355101705,4a086bbf2e29537eb
1.0,0.0,0.0,1.0,1.0,1.0,0.0,1.0,0.0,[1. 1. 0. 1. 0.],[5. 5. 2. 2. 2.],0.0,True,2021.09.29.14.44.26_veh-28_00238_00320,1,1632927011.7998228,330799.710175796,4689921.110647585,330788.732257516,4689892.0726250475,0d069b495b11daa42
1.0,0.0,1.0,1.0,0.6186856965210742,1.0,0.0,1.0,0.0,[0.6186857 1.        0.        1.        0.       ],[5. 5. 2. 2. 2.],0.0,True,2021.10.06.07.26.10_veh-52_01245_02064,1,1633507280.1999679,365078.1531628511,143817.19801573193,365088.7672222639,143824.44500684214,3ea710ad8425a9566
1.0,1.0,1.0,1.0,1.0,1.0,0.0,1.0,1.0,[1. 1. 0. 1. 0.],[5. 5. 2. 2. 2.],0.8571428571428571,True,2021.09.16.17.40.09_veh-45_02539_02745,1,1631816779.400143,587755.5693946426,4475886.415099222,587772.9764554566,4475874.076268633,90560af9aba9040f6
0.5,0.0,0.5,1.0,0.7809649066916461,0.0,0.0,1.0,0.0,[0.78096491 0.         0.         1.         0.        ],[5. 5. 2. 2. 2.],0.0,True,2021.08.30.16.16.44_veh-40_00779_01088,1,1630341048.0002549,331400.50524026965,4691066.37055405,331391.97076926456,4691069.084047307,7a67496152fb3bdcb
1.0,1.0,0.0,1.0,1.0,1.0,0.0,1.0,0.0,[1. 1. 0. 1. 0.],[5. 5. 2. 2. 2.],0.0,True,2021.09.16.19.27.01_veh-45_01749_03230,1,1631822556.4997149,587677.5756334711,4475737.810638989,587676.7994218967,4475757.6328428425,76a0cb9becd094e36
0.0,1.0,1.0,1.0,1.0,0.0,1.0,1.0,0.0,[1. 0. 1. 1. 0.],[5. 5. 2. 2. 2.],0.0,True,2021.06.28.20.24.43_veh-38_03385_04952,1,1624916576.5994458,664200.4244366996,3997423.9231818207,664228.829911557,3997407.905034132,10c72d595566b545a
1.0,1.0,1.0,1.0,1.0,1.0,1.0,1.0,1.0,[1. 1. 1. 1. 0.],[5. 5. 2. 2. 2.],1.0,True,2021.09.16.13.53.10_veh-42_00860_01069,1,1631801380.400394,587738.4443653859,4475580.324168467,587727.8310079093,4475588.437499335,2cd8757231917e0ba
1.0,1.0,1.0,1.0,1.0,1.0,1.0,1.0,1.0,[1. 1. 1. 1. 0.],[5. 5. 2. 2. 2.],1.0,True,2021.09.16.17.40.09_veh-45_02539_02745,1,1631816778.90045,587757.5761460082,4475884.901598737,587774.4243986814,4475872.749894788,3a833c6bb917d783d
1.0,1.0,1.0,1.0,0.8318581825010505,1.0,1.0,1.0,1.0,[0.83185818 1.         1.         1.         0.        ],[5. 5. 2. 2. 2.],0.9399493508932323,True,2021.09.16.13.53.10_veh-42_00860_01069,1,1631801380.9002779,587750.9272144935,4475601.586903295,587737.7302556199,4475587.427765251,436fb766823bdb92e
1.0,1.0,1.0,1.0,0.6142303125519472,1.0,1.0,1.0,1.0,[0.61423031 1.         1.         1.         0.        ],[5. 5. 2. 2. 2.],0.8622251116256955,True,2021.08.30.16.16.44_veh-40_00779_01088,1,1630341048.0002549,331412.88935890736,4691054.756221389,331399.7410651476,4691064.106360014,4af67dc39e7984c17
1.0,1.0,1.0,1.0,0.8738646552244106,1.0,0.0,1.0,1.0,[0.87386466 1.         0.         1.         0.        ],[5. 5. 2. 2. 2.],0.8120945197230037,True,2021.09.16.19.49.00_veh-42_00990_01609,1,1631823172.0002198,587768.7373793736,4475708.954964926,587743.2352072203,4475731.858350343,8051fe3f500d43528
1.0,1.0,1.0,1.0,0.7532123916814432,0.0,0.0,1.0,1.0,[0.75321239 0.         0.         1.         0.        ],[5. 5. 2. 2. 2.],0.41186156845765826,True,2021.09.29.19.02.14_veh-28_00273_00514,1,1632942721.2996829,331055.15549179487,4690756.465245619,331068.4776738408,4690739.946767711,f94bdc2e7d5bba8a9
1.0,0.0,1.0,1.0,0.8341688012594208,1.0,0.0,1.0,0.0,[0.8341688 1.        0.        1.        0.       ],[5. 5. 2. 2. 2.],0.0,True,2021.09.16.19.12.04_veh-42_01438_01677,1,1631821483.000248,587976.9294486371,4475705.130125459,587950.3187296835,4475720.770375806,2516d8b2211015894
1.0,1.0,1.0,1.0,0.3518498250752084,1.0,1.0,1.0,1.0,[0.35184983 1.         1.         1.         0.        ],[5. 5. 2. 2. 2.],0.7685177946697174,True,2021.06.28.16.29.11_veh-38_03263_03766,1,1624901670.3003619,664466.8671472106,3997443.879733203,664467.1113873803,3997439.921280128,7e2d7288e94ae54c5
1.0,1.0,1.0,1.0,0.8855810987133436,1.0,1.0,1.0,1.0,[0.8855811 1.        1.        1.        0.       ],[5. 5. 2. 2. 2.],0.959136106683337,True,2021.10.06.07.26.10_veh-52_00006_00398,1,1633505537.699599,365256.4533734773,143323.19395858672,365226.1966365204,143345.39205351338,845c54f5c31f66323
1.0,1.0,0.5,0.0,1.0,1.0,1.0,1.0,0.0,[1. 1. 1. 1. 0.],[5. 5. 2. 2. 2.],0.0,True,2021.09.16.19.12.04_veh-42_01438_01677,1,1631821483.500259,587994.46646815,4475694.868704203,587959.9370156251,4475716.51612712,a436f596d2ea40baa
1.0,0.0,1.0,1.0,1.0,1.0,1.0,1.0,0.0,[1. 1. 1. 1. 0.],[5. 5. 2. 2. 2.],0.0,True,2021.09.16.19.27.01_veh-45_01749_03230,1,1631822556.4997149,587670.4677740901,4475738.316870715,587675.7848127994,4475756.425830444,aede15abec43ca21b
0.0,0.0,1.0,1.0,1.0,0.0,0.0,1.0,0.0,[1. 0. 0. 1. 0.],[5. 5. 2. 2. 2.],0.0,True,2021.06.28.20.24.43_veh-38_03385_04952,1,1624916576.09966,664214.7978631745,3997421.631957245,664233.8704714489,3997402.0655117217,5ccf2f32443625c2f
1.0,1.0,0.5,1.0,1.0,1.0,0.0,1.0,0.5,[1. 1. 0. 1. 0.],[5. 5. 2. 2. 2.],0.42857142857142855,True,2021.10.06.07.26.10_veh-52_00953_01126,1,1633506283.69979,365837.37687259534,143252.6369426076,365824.39162747003,143266.70852214991,a1a35da673b8752f6
1.0,1.0,0.0,1.0,1.0,1.0,0.0,0.0,0.0,[1. 1. 0. 0. 0.],[5. 5. 2. 2. 2.],0.0,True,2021.09.29.14.44.26_veh-28_00238_00320,1,1632927011.7998228,330798.91149974137,4689909.480794337,330790.8256933016,4689887.40699118,ae94ff2780b7d715c
1.0,0.0,1.0,1.0,0.8270034244034451,1.0,1.0,1.0,0.0,[0.82700342 1.         1.         1.         0.        ],[5. 5. 2. 2. 2.],0.0,True,2021.09.29.19.02.14_veh-28_03198_03360,1,1632945447.799682,332335.7014183109,4690413.609508921,332307.8987797582,4690390.177875477,766195ae1ef2dac03
1.0,1.0,1.0,1.0,1.0,0.0,1.0,1.0,1.0,[1. 0. 1. 1. 0.],[5. 5. 2. 2. 2.],0.6428571428571429,True,2021.09.16.13.53.10_veh-42_00860_01069,1,1631801380.400394,587748.8233686528,4475597.594696761,587734.7541267348,4475586.968401716,d8bd07f4fcdcdc313
1.0,1.0,0.0,1.0,0.9789080370762968,1.0,1.0,1.0,0.0,[0.97890804 1.         1.         1.         0.        ],[5. 5. 2. 2. 2.],0.0,True,2021.10.06.07.26.10_veh-52_00953_01126,1,1633506283.69979,365835.4491503641,143253.62364246577,365822.9318606162,143268.47970662027,8e3348c3a2dfabeab
1.0,1.0,0.5,1.0,1.0,1.0,0.0,1.0,0.5,[1. 1. 0. 1. 0.],[5. 5. 2. 2. 2.],0.42857142857142855,True,2021.09.16.19.49.00_veh-42_00990_01609,1,1631823172.5002549,587743.0497163024,4475735.3304057885,587735.0850929352,4475739.4952315055,6e72febafe28c367c
1.0,1.0,1.0,1.0,0.9484989913392156,1.0,0.0,1.0,1.0,[0.94849899 1.         0.         1.         0.        ],[5. 5. 2. 2. 2.],0.8387496397640055,True,2021.09.29.19.02.14_veh-28_00273_00514,1,1632942721.2996829,331035.81732787157,4690767.6317363065,331063.5817812528,4690745.442348781,55810b94ebcc0aaa3
1.0,1.0,0.0,1.0,1.0,1.0,0.0,1.0,0.0,[1. 1. 0. 1. 0.],[5. 5. 2. 2. 2.],0.0,True,2021.10.06.07.26.10_veh-52_00953_01126,1,1633506284.199821,365842.5771324369,143247.70281007866,365825.1852183262,143265.71599286416,531b93949ba10107b
1.0,1.0,1.0,1.0,0.4141995986556373,1.0,1.0,1.0,1.0,[0.4141996 1.        1.        1.        0.       ],[5. 5. 2. 2. 2.],0.7907855709484419,True,2021.08.16.14.23.37_veh-45_00015_00132,1,1629124052.000155,588939.8512256827,4474941.141287124,588942.6231777895,4474933.758029475,cc716ed59dd6f0250
1.0,1.0,1.0,1.0,0.812478269703509,1.0,1.0,1.0,1.0,[0.81247827 1.         1.         1.         0.        ],[5. 5. 2. 2. 2.],0.9330279534655389,True,2021.09.16.14.39.34_veh-42_00297_00935,1,1631803564.69955,588578.3519350843,4475616.383191644,588587.1672560845,4475599.815503261,5b491d7bff86c3e61
1.0,1.0,1.0,1.0,1.0,1.0,1.0,1.0,1.0,[1. 1. 1. 1. 0.],[5. 5. 2. 2. 2.],1.0,True,2021.09.16.14.39.34_veh-42_00297_00935,1,1631803564.69955,588575.1951513585,4475625.113020856,588585.01389543,4475601.927040006,ca2b49197179c41ac
1.0,1.0,0.0,1.0,1.0,1.0,0.0,1.0,0.0,[1. 1. 0. 1. 0.],[5. 5. 2. 2. 2.],0.0,True,2021.09.16.13.53.10_veh-42_00180_00342,1,1631800708.4001288,589178.5472034932,4474424.759359496,589195.9482851384,4474384.618552412,d84d05e0468db43cc
1.0,1.0,1.0,1.0,1.0,1.0,0.0,1.0,1.0,[1. 1. 0. 1. 0.],[5. 5. 2. 2. 2.],0.8571428571428571,True,2021.09.29.19.02.14_veh-28_00964_01689,1,1632943826.7998168,331358.16437088203,4690966.265645291,331350.9112275872,4690969.370646442,eb18eff580c25dafb
0.0,1.0,1.0,1.0,1.0,0.0,0.0,1.0,0.0,[1. 0. 0. 1. 0.],[5. 5. 2. 2. 2.],0.0,True,2021.05.25.14.16.10_veh-35_01690_02183,1,1621968772.501016,664430.8940298109,3998270.3579113656,664431.9049016027,3998278.1579603706,594f782a45aefdedc
1.0,1.0,1.0,1.0,1.0,1.0,1.0,1.0,1.0,[1. 1. 1. 1. 0.],[5. 5. 2. 2. 2.],1.0,True,2021.09.29.14.44.26_veh-28_00238_00320,1,1632927012.2997,330788.565169884,4689898.73972724,330791.1070618655,4689885.253176444,b652abb8dca7b06f0
0.0,0.0,1.0,1.0,1.0,0.0,1.0,1.0,0.0,[1. 0. 1. 1. 0.],[5. 5. 2. 2. 2.],0.0,True,2021.09.16.13.53.10_veh-42_00860_01069,1,1631801380.400394,587751.4798308806,4475596.776115384,587732.1277875154,4475585.783218689,ecb1dd4076b28cd84
0.5,1.0,1.0,1.0,0.7257540511224295,0.0,0.0,1.0,0.5,[0.72575405 0.         0.         1.         0.        ],[5. 5. 2. 2. 2.],0.20102750912900527,True,2021.09.16.19.49.00_veh-42_00990_01609,1,1631823172.0002198,587746.5425073507,4475730.971214822,587735.8087955393,4475738.447191113,6b8247643fb8d921c
1.0,1.0,1.0,1.0,1.0,1.0,1.0,1.0,1.0,[1. 1. 1. 1. 0.],[5. 5. 2. 2. 2.],1.0,True,2021.08.16.14.23.37_veh-45_00015_00132,1,1629124052.000155,588923.8135881225,4474993.755156622,588937.2488112982,4474948.236905783,49d2336208d2cac37
1.0,0.0,1.0,1.0,0.7275526525547038,1.0,0.0,1.0,0.0,[0.72755265 1.         0.         1.         0.        ],[5. 5. 2. 2. 2.],0.0,True,2021.10.06.08.16.17_veh-52_01949_02501,1,1633510672.2000458,364918.1047995512,143485.0026586745,364917.8319884798,143466.9009610746,3a914696b13bea070
1.0,1.0,1.0,1.0,0.7142512496194068,1.0,0.0,1.0,1.0,[0.71425125 1.         0.         1.         0.        ],[5. 5. 2. 2. 2.],0.7550897320069311,True,2021.09.16.17.40.09_veh-45_02539_02745,1,1631816779.400143,587750.8594778471,4475888.7742000595,587769.4108943163,4475876.382013654,a95316ef51f44b853
1.0,1.0,1.0,1.0,1.0,1.0,0.0,1.0,1.0,[1. 1. 0. 1. 0.],[5. 5. 2. 2. 2.],0.8571428571428571,True,2021.05.25.14.16.10_veh-35_01690_02183,1,1621968772.501016,664435.78628674,3998266.785999522,664433.6827817551,3998275.7536974805,38fd2f329eb063f83
1.0,1.0,1.0,0.0,1.0,1.0,0.0,1.0,0.0,[1. 1. 0. 1. 0.],[5. 5. 2. 2. 2.],0.0,True,2021.09.29.18.19.40_veh-28_00844_01218,1,1632940779.099612,331274.6083306491,4691021.943413369,331269.3159415201,4691025.202827324,aaa4df0b0ab15d438
0.0,1.0,1.0,1.0,1.0,0.0,0.0,1.0,0.0,[1. 0. 0. 1. 0.],[5. 5. 2. 2. 2.],0.0,True,2021.09.29.19.02.14_veh-28_00964_01689,1,1632943826.7998168,331366.3216851912,4690960.616750614,331355.5937992135,4690965.876396409,add2dc0d2d9ed03d5
1.0,1.0,1.0,1.0,0.7329960840169596,1.0,1.0,1.0,1.0,[0.73299608 1.         1.         1.         0.        ],[5. 5. 2. 2. 2.],0.9046414585774857,True,2021.09.16.19.27.01_veh-45_01749_03230,1,1631822555.999821,587680.5223991537,4475750.025219932,587675.4064856541,4475760.367632057,b46226c085423d5a9
1.0,1.0,1.0,1.0,0.8649615599393514,1.0,1.0,1.0,1.0,[0.86496156 1.         1.         1.         0.        ],[5. 5. 2. 2. 2.],0.9517719856926254,True,2021.10.06.07.26.10_veh-52_00006_00398,1,1633505537.1997058,365257.3149060027,143322.2221593484,365223.921708789,143345.88888896198,729e2b3a6ce97a377
1.0,1.0,1.0,1.0,1.0,1.0,1.0,1.0,1.0,[1. 1. 1. 1. 0.],[5. 5. 2. 2. 2.],1.0,True,2021.09.29.18.19.40_veh-28_00844_01218,1,1632940779.099612,331266.07214744436,4691025.844751621,331264.4916475799,4691026.970573346,cd454286dc0a75391
1.0,1.0,1.0,1.0,0.8280113321370426,1.0,1.0,1.0,1.0,[0.82801133 1.         1.         1.         0.        ],[5. 5. 2. 2. 2.],0.9385754757632295,True,2021.06.28.16.29.11_veh-38_03263_03766,1,1624901670.800134,664467.1933868933,3997441.119362315,664467.4626729817,3997432.4804673647,4578349a623642d00
1.0,0.0,1.0,1.0,0.9912454326902064,1.0,0.0,1.0,0.0,[0.99124543 1.         0.         1.         0.        ],[5. 5. 2. 2. 2.],0.0,True,2021.09.16.15.47.30_veh-45_01199_01391,1,1631808545.799963,587688.1564273691,4475524.586759346,587675.0612557713,4475512.763805533,66f77d65755a1c784
1.0,1.0,1.0,1.0,0.46203183428434397,1.0,1.0,1.0,1.0,[0.46203183 1.         1.         1.         0.        ],[5. 5. 2. 2. 2.],0.8078685122444086,True,2021.06.28.16.29.11_veh-38_03263_03766,1,1624901670.800134,664468.5016386599,3997444.5359233706,664468.0080553225,3997439.0488681416,1e6601c658eba890a
1.0,1.0,1.0,1.0,0.9720375643238907,1.0,0.0,1.0,1.0,[0.97203756 1.         0.         1.         0.        ],[5. 5. 2. 2. 2.],0.847156272972818,True,2021.05.25.14.16.10_veh-35_01690_02183,1,1621968773.0009708,664434.9003847233,3998269.940257318,664433.0528889452,3998278.5107518565,86cf77209e00173f3
1.0,0.0,1.0,1.0,0.9958881326049026,1.0,0.0,1.0,0.0,[0.99588813 1.         0.         1.         0.        ],[5. 5. 2. 2. 2.],0.0,True,2021.10.06.08.16.17_veh-52_01949_02501,1,1633510672.700016,364918.0970899678,143481.50693071674,364919.0007987694,143466.58714261025,deaaf2b39c8541966
1.0,1.0,1.0,1.0,0.7743222378643219,1.0,0.0,1.0,1.0,[0.77432224 1.         0.         1.         0.        ],[5. 5. 2. 2. 2.],0.7765436563801149,True,2021.09.16.13.53.10_veh-42_00180_00342,1,1631800708.4001288,589193.3113506008,4474390.861131492,589201.4273108769,4474373.45682692,5defaad214f3a99c9
1.0,1.0,1.0,1.0,0.89536645397812,1.0,1.0,1.0,1.0,[0.89536645 1.         1.         1.         0.        ],[5. 5. 2. 2. 2.],0.9626308764207572,True,2021.09.29.19.02.14_veh-28_00273_00514,1,1632942721.7998729,331023.7126475757,4690775.045559819,331056.8432876143,4690752.354557586,628be721855b43213
1.0,1.0,1.0,1.0,1.0,1.0,1.0,0.0,1.0,[1. 1. 1. 0. 0.],[5. 5. 2. 2. 2.],0.8571428571428571,True,2021.09.16.13.53.10_veh-42_00860_01069,1,1631801380.9002779,587741.6269984616,4475579.887456781,587727.7481026703,4475588.499682665,33d8d746c34cd7fc0
1.0,1.0,1.0,1.0,0.8459397469127952,1.0,1.0,0.0,1.0,[0.84593975 1.         1.         0.         0.        ],[5. 5. 2. 2. 2.],0.802121338183141,True,2021.10.06.07.26.10_veh-52_01245_02064,1,1633506877.200578,364979.6020650464,143533.24857272758,365000.5847867476,143557.01027991404,1bf7eb4037d08171a
0.5,0.0,1.0,1.0,1.0,0.0,1.0,1.0,0.0,[1. 0. 1. 1. 0.],[5. 5. 2. 2. 2.],0.0,True,2021.05.25.15.59.03_veh-30_04463_04606,1,1621977376.599292,664584.7446942662,3997849.7299364633,664554.4328171633,3997853.770503025,c0ae3c7041a387641
0.0,1.0,1.0,1.0,0.8444948447109114,0.0,0.0,1.0,0.0,[0.84449484 0.         0.         1.         0.        ],[5. 5. 2. 2. 2.],0.0,True,2021.05.25.14.16.10_veh-35_01690_02183,1,1621968772.501016,664433.4544531627,3998269.2232242087,664432.8871174566,3998275.789310451,0eea2180fbf7c0949
1.0,1.0,1.0,1.0,0.8129966823128962,1.0,0.0,1.0,1.0,[0.81299668 1.         0.         1.         0.        ],[5. 5. 2. 2. 2.],0.7903559579688915,True,2021.09.29.19.02.14_veh-28_00273_00514,1,1632942721.2996829,331039.2893254536,4690766.223205806,331062.37659906765,4690746.717984555,cd7e663897f923d92
1.0,1.0,0.0,1.0,0.8533428172700345,1.0,1.0,1.0,0.0,[0.85334282 1.         1.         1.         0.        ],[5. 5. 2. 2. 2.],0.0,True,2021.10.06.07.26.10_veh-52_00006_00398,1,1633505537.699599,365259.84700709744,143318.0725387255,365227.33118118084,143342.65008299067,7dd030c5962831b4d
0.0,1.0,1.0,1.0,1.0,1.0,1.0,1.0,0.0,[1. 1. 1. 1. 0.],[5. 5. 2. 2. 2.],0.0,True,2021.09.16.13.53.10_veh-42_00860_01069,1,1631801380.9002779,587745.934105246,4475596.164948338,587729.8608557299,4475587.824991907,e855857341cd72c99
1.0,1.0,1.0,1.0,0.7718987575252908,1.0,1.0,1.0,1.0,[0.77189876 1.         1.         1.         0.        ],[5. 5. 2. 2. 2.],0.9185352705447467,True,2021.09.29.14.44.26_veh-28_00528_00992,1,1632927637.2996058,331647.239705752,4690778.80037269,331639.3004298163,4690786.6460644975,8c353bfb7146d30cd
1.0,1.0,1.0,1.0,0.34650893633071267,1.0,1.0,1.0,1.0,[0.34650894 1.         1.         1.         0.        ],[5. 5. 2. 2. 2.],0.7666103344038259,True,2021.05.25.15.59.03_veh-30_04463_04606,1,1621977376.099386,664545.1075938958,3997861.5642574322,664540.2599770838,3997862.707343919,2c253de40b51a352a
1.0,0.0,0.5,1.0,1.0,1.0,0.0,1.0,0.0,[1. 1. 0. 1. 0.],[5. 5. 2. 2. 2.],0.0,True,2021.08.30.16.16.44_veh-40_00779_01088,1,1630341048.500202,331404.1797750048,4691064.6776630115,331396.50631772086,4691066.79014961,88b4a166a946c9537
1.0,1.0,1.0,1.0,0.7996089152609175,1.0,0.0,1.0,1.0,[0.79960892 1.         0.         1.         0.        ],[5. 5. 2. 2. 2.],0.7855746125931847,True,2021.10.06.07.26.10_veh-52_00006_00398,1,1633505537.1997058,365247.38303756696,143330.22049831063,365221.5795566867,143348.4251121013,2b19e158862e6b7cd
1.0,1.0,1.0,1.0,1.0,1.0,1.0,1.0,1.0,[1. 1. 1. 1. 0.],[5. 5. 2. 2. 2.],1.0,True,2021.09.16.17.40.09_veh-45_02539_02745,1,1631816778.90045,587761.3699759032,4475882.927492246,587774.3153131615,4475873.239984769,75bc6c0b77408dcd2
1.0,0.0,1.0,0.0,1.0,1.0,1.0,1.0,0.0,[1. 1. 1. 1. 0.],[5. 5. 2. 2. 2.],0.0,True,2021.09.16.19.12.04_veh-42_01438_01677,1,1631821483.000248,587998.4932426133,4475692.569713432,587957.6011004569,4475716.84818531,5b8a84de1fcdc3118
1.0,0.0,1.0,1.0,0.9145344468278334,1.0,1.0,1.0,0.0,[0.91453445 1.         1.         1.         0.        ],[5. 5. 2. 2. 2.],0.0,True,2021.09.16.19.27.01_veh-45_01749_03230,1,1631822555.999821,587675.8902433716,4475754.04097055,587672.4755265869,4475760.264800759,f6ee18e1982a51d52
1.0,1.0,1.0,1.0,0.7558004807798449,0.0,1.0,1.0,1.0,[0.75580048 0.         1.         1.         0.        ],[5. 5. 2. 2. 2.],0.5556430288499447,True,2021.09.16.19.49.00_veh-42_00990_01609,1,1631823172.5002549,587755.835350142,4475718.150418551,587741.561575886,4475733.812844589,6ba2025a22f212a94
0.0,1.0,1.0,0.0,1.0,0.0,1.0,1.0,0.0,[1. 0. 1. 1. 0.],[5. 5. 2. 2. 2.],0.0,True,2021.09.16.14.39.34_veh-42_00297_00935,1,1631804032.1996858,587739.8706064575,4475589.988294337,587721.9822079211,4475593.0360961,32a0c7a629ebabc37
1.0,0.0,0.0,1.0,1.0,1.0,0.0,1.0,0.0,[1. 1. 0. 1. 0.],[5. 5. 2. 2. 2.],0.0,True,2021.09.16.13.53.10_veh-42_00180_00342,1,1631800708.4001288,589178.274960767,4474423.2173148375,589195.816882368,4474383.787598515,a4dff43b479ee5041
1.0,1.0,1.0,1.0,0.6492139297424256,1.0,1.0,1.0,1.0,[0.64921393 1.         1.         1.         0.        ],[5. 5. 2. 2. 2.],0.8747192606222949,True,2021.09.16.19.27.01_veh-45_00472_00711,1,1631821126.499909,587994.0801101582,4475699.163527499,588009.4346029754,4475699.850586042,9d4b20553cbf06af4
1.0,0.0,1.0,1.0,0.6612782580095373,1.0,1.0,1.0,0.0,[0.66127826 1.         1.         1.         0.        ],[5. 5. 2. 2. 2.],0.0,True,2021.05.25.15.59.03_veh-30_04463_04606,1,1621977376.599292,664549.5479819138,3997859.8442908577,664540.8697368881,3997862.5895413305,7af1b1dbb5689cb43
1.0,0.0,0.0,1.0,1.0,1.0,0.0,1.0,0.0,[1. 1. 0. 1. 0.],[5. 5. 2. 2. 2.],0.0,True,2021.09.16.19.27.01_veh-45_01749_03230,1,1631823130.000381,587605.0661473002,4475945.921041734,587629.5950918999,4475957.594763184,7dc3f9cae9f72fe4c
1.0,1.0,0.0,1.0,1.0,1.0,0.0,0.0,0.0,[1. 1. 0. 0. 0.],[5. 5. 2. 2. 2.],0.0,True,2021.09.29.14.44.26_veh-28_00238_00320,1,1632927011.7998228,330793.64598963625,4689908.7795348065,330789.6157811847,4689887.988736292,a9400ab68fb27ff72
0.0,1.0,1.0,1.0,0.3646182246362964,0.0,1.0,1.0,0.0,[0.36461822 0.         1.         1.         0.        ],[5. 5. 2. 2. 2.],0.0,True,2021.09.29.14.44.26_veh-28_00528_00992,1,1632927637.2996058,331646.06246603694,4690766.3650734965,331644.70600547176,4690783.02649898,fdef069dff8b15c66
1.0,1.0,0.0,1.0,1.0,1.0,0.0,1.0,0.0,[1. 1. 0. 1. 0.],[5. 5. 2. 2. 2.],0.0,True,2021.09.16.13.53.10_veh-42_00180_00342,1,1631800708.8997898,589176.0670158856,4474429.375607092,589193.3831974675,4474388.83936835,fbce95baf9103a2ff
1.0,1.0,1.0,1.0,0.8090812615139444,1.0,1.0,1.0,1.0,[0.80908126 1.         1.         1.         0.        ],[5. 5. 2. 2. 2.],0.9318147362549801,True,2021.06.28.16.29.11_veh-38_03263_03766,1,1624901670.3003619,664467.1804001137,3997440.928342672,664467.460899485,3997432.5017672908,80d068bd845098002
1.0,1.0,1.0,1.0,0.8848970821644129,1.0,1.0,1.0,1.0,[0.88489708 1.         1.         1.         0.        ],[5. 5. 2. 2. 2.],0.9588918150587189,True,2021.09.29.14.44.26_veh-28_00238_00320,1,1632927011.7998228,330787.23983069643,4689893.77110503,330792.23979649117,4689884.74470331,5de761c988f97e1fa
1.0,1.0,0.0,1.0,1.0,1.0,0.0,1.0,0.0,[1. 1. 0. 1. 0.],[5. 5. 2. 2. 2.],0.0,True,2021.10.06.08.16.17_veh-52_00922_01296,1,1633509214.7003329,365577.2385082817,143824.63053805375,365577.40028566355,143795.2099341051,bef08816de1b95125
1.0,1.0,1.0,1.0,0.3947604731115666,1.0,1.0,1.0,1.0,[0.39476047 1.         1.         1.         0.        ],[5. 5. 2. 2. 2.],0.7838430261112739,True,2021.10.06.07.26.10_veh-52_00953_01126,1,1633506283.69979,365824.22715092974,143265.0009822047,365820.9741242877,143270.43055460593,abe4fa3284d5d8e53
0.0,1.0,1.0,1.0,1.0,0.0,1.0,1.0,0.0,[1. 0. 1. 1. 0.],[5. 5. 2. 2. 2.],0.0,True,2021.05.25.15.59.03_veh-30_04463_04606,1,1621977376.099386,664574.1613976759,3997842.308107828,664548.6701732525,3997855.554195678,1a5fb4f0990893f71
1.0,1.0,1.0,1.0,0.9247803206080791,1.0,0.0,1.0,1.0,[0.92478032 1.         0.         1.         0.        ],[5. 5. 2. 2. 2.],0.8302786859314567,True,2021.06.03.13.55.17_veh-35_02866_03582,1,1622746182.6010609,664460.244128971,3998171.6296340516,664459.2305276067,3998163.7212072075,dfe73ad8f70781d46
1.0,1.0,1.0,1.0,0.6786499033972795,1.0,0.0,1.0,1.0,[0.6786499 1.        0.        1.        0.       ],[5. 5. 2. 2. 2.],0.7423749654990284,True,2021.10.06.08.16.17_veh-52_01949_02501,1,1633510672.2000458,364917.95604803826,143484.83247114465,364917.4949491629,143467.13079773472,d32b81cb4448f19f1
0.0,1.0,1.0,1.0,1.0,0.0,0.0,1.0,0.0,[1. 0. 0. 1. 0.],[5. 5. 2. 2. 2.],0.0,True,2021.06.03.18.47.39_veh-35_00503_00777,1,1622761052.2013738,664963.0013311385,3999614.892464136,664954.0983066652,3999613.8084754525,be32b597dc6df2a8a
1.0,1.0,0.5,1.0,0.6549843052292275,1.0,0.0,1.0,0.5,[0.65498431 1.         0.         1.         0.        ],[5. 5. 2. 2. 2.],0.3669614830766478,True,2021.10.06.08.16.17_veh-52_00922_01296,1,1633509215.2006,365577.176948357,143792.512224147,365575.8448428832,143784.98996291522,7ac64209033f8834f
1.0,1.0,1.0,1.0,0.33313239302557796,1.0,1.0,1.0,1.0,[0.33313239 1.         1.         1.         0.        ],[5. 5. 2. 2. 2.],0.7618329975091349,True,2021.09.16.13.53.10_veh-42_00180_00342,1,1631800708.8997898,589199.7655851498,4474378.551281969,589202.123277495,4474374.471121059,dab22ead12dbdd7e4
1.0,1.0,1.0,1.0,0.16682232027044674,1.0,1.0,1.0,1.0,[0.16682232 1.         1.         1.         0.        ],[5. 5. 2. 2. 2.],0.702436542953731,True,2021.10.06.08.16.17_veh-52_01949_02501,1,1633510282.200049,365728.32019027305,142956.55810666422,365726.7637082249,142957.7389068164,c6245a244902cb4af
1.0,0.0,1.0,1.0,1.0,1.0,0.0,1.0,0.0,[1. 1. 0. 1. 0.],[5. 5. 2. 2. 2.],0.0,True,2021.10.06.08.16.17_veh-52_00181_00574,1,1633508451.70031,365586.20300692803,143896.20540289712,365588.37895352324,143904.9276057566,ecd732b7421818ec0
1.0,1.0,1.0,1.0,0.0,1.0,0.0,1.0,1.0,[0. 1. 0. 1. 0.],[5. 5. 2. 2. 2.],0.5,True,2021.10.06.07.26.10_veh-52_01245_02064,1,1633507280.7003949,365094.82852330187,143823.30856458942,365094.8300212127,143823.30823225869,c13c2ca0a9374dc3c
1.0,1.0,1.0,1.0,1.0,1.0,0.0,1.0,1.0,[1. 1. 0. 1. 0.],[5. 5. 2. 2. 2.],0.8571428571428571,True,2021.06.03.18.47.39_veh-35_00503_00777,1,1622761051.701135,664961.3225696477,3999614.404972458,664954.1154502848,3999613.8091098648,631e2dc2cca2e3ec5
0.0,1.0,1.0,1.0,1.0,0.0,0.0,1.0,0.0,[1. 0. 0. 1. 0.],[5. 5. 2. 2. 2.],0.0,True,2021.09.29.15.23.04_veh-28_00601_00802,1,1632929933.799795,330938.3668955554,4690831.581803506,330947.1809857983,4690827.594224293,932b2f68de04adb10
1.0,1.0,1.0,1.0,1.0,1.0,0.0,1.0,1.0,[1. 1. 0. 1. 0.],[5. 5. 2. 2. 2.],0.8571428571428571,True,2021.09.29.19.02.14_veh-28_00964_01689,1,1632943827.299702,331358.748083487,4690965.962454647,331350.89718375966,4690969.376046207,4e231a60b33891721
1.0,0.0,0.0,1.0,1.0,1.0,0.0,1.0,0.0,[1. 1. 0. 1. 0.],[5. 5. 2. 2. 2.],0.0,True,2021.09.16.13.53.10_veh-42_00180_00342,1,1631800708.8997898,589176.3030358519,4474428.192337127,589193.2225296807,4474387.872037659,fa4a246511ab86e8d
1.0,1.0,1.0,1.0,0.5987642443725193,1.0,1.0,1.0,1.0,[0.59876424 1.         1.         1.         0.        ],[5. 5. 2. 2. 2.],0.8567015158473283,True,2021.09.16.19.27.01_veh-45_00472_00711,1,1631821126.999842,587993.9121769473,4475697.5821384825,588008.015705649,4475698.6713528745,e2a4ea3d760b37276
1.0,1.0,1.0,1.0,0.0,1.0,1.0,1.0,1.0,[0. 1. 1. 1. 0.],[5. 5. 2. 2. 2.],0.6428571428571429,True,2021.09.29.19.02.14_veh-28_00273_00514,1,1632942721.2996829,331069.0263231109,4690734.553581398,331069.0262196901,4690734.531700822,07c7971b452106335
1.0,1.0,1.0,1.0,0.7372793759137396,1.0,1.0,1.0,1.0,[0.73727938 1.         1.         1.         0.        ],[5. 5. 2. 2. 2.],0.9061712056834784,True,2021.09.16.19.27.01_veh-45_01749_03230,1,1631822556.4997149,587680.090777716,4475753.034694526,587672.938578049,4475761.410537653,a8a3d313576f30414
1.0,0.0,1.0,1.0,0.8239173434560271,1.0,1.0,1.0,0.0,[0.82391734 1.         1.         1.         0.        ],[5. 5. 2. 2. 2.],0.0,True,2021.05.25.15.59.03_veh-30_04463_04606,1,1621977376.099386,664552.8065999544,3997856.8634444852,664541.4390587478,3997863.2510012914,e472efc62c061addf
1.0,1.0,1.0,1.0,0.0,1.0,1.0,1.0,1.0,[0. 1. 1. 1. 0.],[5. 5. 2. 2. 2.],0.6428571428571429,True,2021.10.06.08.16.17_veh-52_01949_02501,1,1633510672.2000458,364918.2809753819,143458.70468981317,364918.28070949233,143458.69431267897,dd8018127da6cb6ad
1.0,0.0,0.0,1.0,1.0,1.0,0.0,1.0,0.0,[1. 1. 0. 1. 0.],[5. 5. 2. 2. 2.],0.0,True,2021.10.06.08.16.17_veh-52_01949_02501,1,1633510672.700016,364927.9233676159,143510.6082355411,364916.3751305244,143477.6293451321,7f153f8005d6de1fa
1.0,1.0,1.0,1.0,0.0,1.0,0.0,1.0,1.0,[0. 1. 0. 1. 0.],[5. 5. 2. 2. 2.],0.5,True,2021.10.06.07.26.10_veh-52_01245_02064,1,1633507280.7003949,365095.901395739,143823.25147370476,365095.90195616113,143823.2513514577,d6c514686f23569a7
1.0,1.0,1.0,1.0,0.8088584647001809,1.0,1.0,1.0,1.0,[0.80885846 1.         1.         1.         0.        ],[5. 5. 2. 2. 2.],0.9317351659643504,True,2021.10.06.07.26.10_veh-52_00953_01126,1,1633506283.69979,365844.348886974,143246.42478249964,365825.3155705965,143266.1573849007,e2d4c33530eaef8bf
1.0,1.0,1.0,1.0,1.0,1.0,0.0,1.0,1.0,[1. 1. 0. 1. 0.],[5. 5. 2. 2. 2.],0.8571428571428571,True,2021.06.28.20.24.43_veh-38_03385_04952,1,1624916576.09966,664228.5822948376,3997409.8175476543,664238.9063956925,3997398.5603321893,b43ae2c6e0304b991
0.0,0.0,0.0,1.0,1.0,0.0,0.0,1.0,0.0,[1. 0. 0. 1. 0.],[5. 5. 2. 2. 2.],0.0,True,2021.08.30.16.16.44_veh-40_01099_01351,1,1630341567.000501,332282.97831110185,4690387.731979357,332239.4607559471,4690417.977689369,71755f3b7a0b20f35
1.0,0.0,1.0,1.0,1.0,1.0,0.0,1.0,0.0,[1. 1. 0. 1. 0.],[5. 5. 2. 2. 2.],0.0,True,2021.10.06.07.26.10_veh-52_01245_02064,1,1633506877.200578,364988.0397852554,143542.99718098322,365004.1717421011,143560.20378103948,e544f94267510bde0
0.5,1.0,1.0,1.0,1.0,0.0,1.0,1.0,0.5,[1. 0. 1. 1. 0.],[5. 5. 2. 2. 2.],0.32142857142857145,True,2021.09.16.19.49.00_veh-42_00990_01609,1,1631823172.5002549,587755.1381827682,4475721.240451015,587742.9735536007,4475733.778651864,5d14b0687eb2ad5a2
1.0,1.0,1.0,1.0,0.6815400516135717,1.0,1.0,1.0,1.0,[0.68154005 1.         1.         1.         0.        ],[5. 5. 2. 2. 2.],0.8862643041477042,True,2021.08.30.16.16.44_veh-40_01099_01351,1,1630341567.000501,332236.08977929037,4690420.473730204,332222.1729145453,4690429.0821811715,ff494c8f27c7b3c5d
0.0,1.0,1.0,1.0,0.7631704293650883,1.0,1.0,1.0,0.0,[0.76317043 1.         1.         1.         0.        ],[5. 5. 2. 2. 2.],0.0,True,2021.09.16.13.53.10_veh-42_00860_01069,1,1631801380.9002779,587749.2631110834,4475600.335249568,587737.2896081466,4475588.267279509,3de4e2683ea8699d4
1.0,1.0,1.0,1.0,0.7788840315761347,1.0,1.0,0.0,1.0,[0.77888403 1.         1.         0.         0.        ],[5. 5. 2. 2. 2.],0.7781728684200482,True,2021.10.06.07.26.10_veh-52_01245_02064,1,1633506877.200578,364981.9424487879,143534.7240613195,365000.5847867476,143557.01027991404,23bbff1d97344d8cd
1.0,1.0,1.0,1.0,1.0,1.0,1.0,1.0,1.0,[1. 1. 1. 1. 0.],[5. 5. 2. 2. 2.],1.0,True,2021.09.29.14.44.26_veh-28_00238_00320,1,1632927012.2997,330799.55667758035,4689906.698254389,330790.4462778857,4689888.61830094,d50743776b4ebf7b3
1.0,0.0,0.0,1.0,0.4502175677628787,1.0,1.0,1.0,0.0,[0.45021757 1.         1.         1.         0.        ],[5. 5. 2. 2. 2.],0.0,True,2021.10.06.07.26.10_veh-52_01245_02064,1,1633506876.700271,365017.16450795636,143562.3077257086,365000.41587820114,143570.0309466918,f6d1ce467bb8ef333
1.0,1.0,1.0,1.0,0.3095838696762852,1.0,1.0,1.0,1.0,[0.30958387 1.         1.         1.         0.        ],[5. 5. 2. 2. 2.],0.7534228105986733,True,2021.09.16.19.12.04_veh-42_01438_01677,1,1631821483.500259,587948.3266094279,4475720.610357342,587944.477203336,4475723.658049172,1435a0fd243cd3793
1.0,1.0,1.0,1.0,0.12877941573807097,1.0,1.0,1.0,1.0,[0.12877942 1.         1.         1.         0.        ],[5. 5. 2. 2. 2.],0.6888497913350253,True,2021.10.06.08.16.17_veh-52_01949_02501,1,1633510672.2000458,364919.78187700466,143461.1300058946,364919.36745845794,143459.65827722655,b817b5a5887d3fa36
1.0,1.0,1.0,1.0,1.0,1.0,0.0,1.0,1.0,[1. 1. 0. 1. 0.],[5. 5. 2. 2. 2.],0.8571428571428571,True,2021.06.03.13.55.17_veh-35_02866_03582,1,1622746182.1008449,664460.2347468394,3998168.518993156,664460.2207805488,3998168.469081862,93665513823171463
1.0,1.0,0.0,1.0,1.0,1.0,0.0,1.0,0.0,[1. 1. 0. 1. 0.],[5. 5. 2. 2. 2.],0.0,True,2021.09.16.17.40.09_veh-45_02539_02745,1,1631816778.90045,587739.0252168854,4475895.955876926,587768.4197439541,4475876.0039607,b6d9feff81539b7b7
1.0,0.0,1.0,1.0,1.0,1.0,0.0,1.0,0.0,[1. 1. 0. 1. 0.],[5. 5. 2. 2. 2.],0.0,True,2021.10.06.08.16.17_veh-52_01949_02501,1,1633510282.700223,365745.7335501556,142947.3704084539,365732.50794212444,142952.04353207114,322359bc569d9c145
1.0,1.0,1.0,1.0,0.7468615119088653,1.0,0.0,1.0,1.0,[0.74686151 1.         0.         1.         0.        ],[5. 5. 2. 2. 2.],0.7667362542531662,True,2021.09.29.14.44.26_veh-28_00238_00320,1,1632927011.7998228,330795.89726420864,4689903.7908299295,330791.46137245017,4689887.885171692,6f13146a94fc09b32
1.0,0.0,1.0,1.0,0.9481923905927834,1.0,1.0,1.0,0.0,[0.94819239 1.         1.         1.         0.        ],[5. 5. 2. 2. 2.],0.0,True,2021.09.16.14.39.34_veh-42_01609_01687,1,1631804872.699662,588986.4642856938,4474798.672769654,588972.4191052353,4474823.521451633,948ee6f4ce68f4290
1.0,1.0,0.0,1.0,0.746406792980845,1.0,0.0,1.0,0.0,[0.74640679 1.         0.         1.         0.        ],[5. 5. 2. 2. 2.],0.0,True,2021.09.16.13.53.10_veh-42_00180_00342,1,1631800708.4001288,589188.9857047304,4474397.732036387,589199.6458929916,4474376.193129082,597a84c12865d3cb1
1.0,1.0,1.0,1.0,0.3976607562135982,1.0,0.0,1.0,1.0,[0.39766076 1.         0.         1.         0.        ],[5. 5. 2. 2. 2.],0.6420216986477136,True,2021.09.16.19.27.01_veh-45_01749_03230,1,1631823130.000381,587635.022130367,4475957.72554165,587639.0627257176,4475955.911114261,2a1dc6975af402aa9
1.0,0.0,1.0,1.0,0.7567570247126828,1.0,0.0,1.0,0.0,[0.75675702 1.         0.         1.         0.        ],[5. 5. 2. 2. 2.],0.0,True,2021.08.16.14.23.37_veh-45_00015_00132,1,1629124052.499943,588931.8521535586,4474963.2723273,588939.6781545847,4474940.758317538,ab74a4ee392eb4ffc
0.0,0.0,0.5,1.0,1.0,0.0,1.0,1.0,0.0,[1. 0. 1. 1. 0.],[5. 5. 2. 2. 2.],0.0,True,2021.08.30.16.16.44_veh-40_01099_01351,1,1630341567.500442,332272.40046277293,4690396.1880509835,332237.6997032302,4690419.056841786,4619287f3174b7b19
1.0,1.0,0.0,1.0,1.0,1.0,1.0,1.0,0.0,[1. 1. 1. 1. 0.],[5. 5. 2. 2. 2.],0.0,True,2021.09.16.14.39.34_veh-42_00032_00186,1,1631803276.6995718,589158.3716050758,4474475.517058462,589140.518682331,4474515.583512353,340986fda5e34ccac
0.5,1.0,1.0,1.0,1.0,0.0,1.0,1.0,0.5,[1. 0. 1. 1. 0.],[5. 5. 2. 2. 2.],0.32142857142857145,True,2021.05.25.15.59.03_veh-30_04463_04606,1,1621977376.099386,664581.389294922,3997851.2173285047,664551.1370934449,3997855.633923935,30b4066d1794ea8ff
0.0,1.0,1.0,1.0,1.0,0.0,0.0,1.0,0.0,[1. 0. 0. 1. 0.],[5. 5. 2. 2. 2.],0.0,True,2021.09.16.13.53.10_veh-42_00860_01069,1,1631801380.9002779,587767.9858593901,4475618.719278135,587744.258329327,4475593.917802169,c3fd5d39095bf7d25
1.0,0.0,0.0,1.0,1.0,1.0,0.0,1.0,0.0,[1. 1. 0. 1. 0.],[5. 5. 2. 2. 2.],0.0,True,2021.09.16.14.39.34_veh-42_00297_00935,1,1631803564.69955,588570.0452676655,4475654.768344064,588579.99190713,4475607.6493579345,8bd9cc5482864e291
1.0,1.0,1.0,1.0,1.0,1.0,0.0,1.0,1.0,[1. 1. 0. 1. 0.],[5. 5. 2. 2. 2.],0.8571428571428571,True,2021.06.03.13.55.17_veh-35_02866_03582,1,1622746182.6010609,664455.1281661552,3998183.346465611,664457.1487319419,3998169.1148570576,16a87b4b1ab4b9fa6
1.0,0.0,1.0,1.0,0.6699499197569911,1.0,0.0,1.0,0.0,[0.66994992 1.         0.         1.         0.        ],[5. 5. 2. 2. 2.],0.0,True,2021.10.06.08.16.17_veh-52_01949_02501,1,1633510672.2000458,364922.9055316302,143492.1160767881,364917.1216197645,143471.92694887295,b6ff83d0cafd7c12e
1.0,1.0,0.0,1.0,1.0,1.0,1.0,1.0,0.0,[1. 1. 1. 1. 0.],[5. 5. 2. 2. 2.],0.0,True,2021.09.16.14.39.34_veh-42_00032_00186,1,1631803277.1993198,589151.8287571475,4474493.401392608,589140.1150909903,4474518.312813541,d50c124d290a31078
1.0,1.0,1.0,1.0,0.05227566028299979,1.0,1.0,1.0,1.0,[0.05227566 1.         1.         1.         0.        ],[5. 5. 2. 2. 2.],0.6615270215296428,True,2021.10.06.08.16.17_veh-52_01949_02501,1,1633510282.700223,365728.4331530712,142955.7597922404,365728.3608263994,142955.82403850943,9862cd6616f18a7ed
1.0,1.0,1.0,1.0,0.5184618388431181,1.0,1.0,1.0,1.0,[0.51846184 1.         1.         1.         0.        ],[5. 5. 2. 2. 2.],0.8280220853011137,True,2021.09.29.14.44.26_veh-28_00528_00992,1,1632927637.2996058,331642.91762014024,4690782.077075858,331638.6071843325,4690787.091905756,2de791cac29ff4f89
0.5,1.0,1.0,1.0,1.0,0.0,1.0,1.0,0.5,[1. 0. 1. 1. 0.],[5. 5. 2. 2. 2.],0.32142857142857145,True,2021.09.16.19.49.00_veh-42_00990_01609,1,1631823172.5002549,587755.0696115043,4475723.749264989,587742.5109386927,4475732.782655199,1e843d54340d01971
1.0,1.0,0.0,1.0,1.0,1.0,0.0,1.0,0.0,[1. 1. 0. 1. 0.],[5. 5. 2. 2. 2.],0.0,True,2021.09.29.19.02.14_veh-28_03198_03360,1,1632945448.299881,332341.3494109872,4690427.208669788,332313.2615558166,4690394.750320748,ae09f26f3f98c0e0e
1.0,1.0,1.0,1.0,1.0,1.0,1.0,1.0,1.0,[1. 1. 1. 1. 0.],[5. 5. 2. 2. 2.],1.0,True,2021.06.28.20.24.43_veh-38_03385_04952,1,1624916576.09966,664233.9984975547,3997404.2115807147,664242.6345863843,3997396.9239290217,a779cf32b55be3c41
1.0,1.0,1.0,1.0,0.8372306159679572,1.0,1.0,1.0,1.0,[0.83723062 1.         1.         1.         0.        ],[5. 5. 2. 2. 2.],0.9418680771314134,True,2021.09.16.13.53.10_veh-42_00860_01069,1,1631801380.400394,587745.9907833544,4475590.959989119,587731.5776079718,4475585.612381364,1bddac86d58ce72a5
1.0,0.0,0.0,1.0,1.0,1.0,0.0,1.0,0.0,[1. 1. 0. 1. 0.],[5. 5. 2. 2. 2.],0.0,True,2021.09.16.19.27.01_veh-45_01749_03230,1,1631823130.500547,587608.7674946411,4475939.220377881,587626.9528827594,4475957.139250234,e41e35545e4667bbb
1.0,1.0,0.0,1.0,1.0,1.0,0.0,1.0,0.0,[1. 1. 0. 1. 0.],[5. 5. 2. 2. 2.],0.0,True,2021.10.06.08.16.17_veh-52_00922_01296,1,1633509215.2006,365576.81415860704,143836.31767654052,365576.8187167173,143803.91102513298,4b7a0a59fd31c7c90
1.0,1.0,1.0,1.0,0.6854284143322249,1.0,1.0,1.0,1.0,[0.68542841 1.         1.         1.         0.        ],[5. 5. 2. 2. 2.],0.8876530051186518,True,2021.05.25.15.59.03_veh-30_04463_04606,1,1621977376.099386,664551.9306731806,3997852.3410543706,664543.4257608064,3997859.5833440037,096db7931a7697382
1.0,1.0,1.0,1.0,0.5261811313082495,1.0,0.0,1.0,1.0,[0.52618113 1.         0.         1.         0.        ],[5. 5. 2. 2. 2.],0.6879218326100892,True,2021.08.30.16.16.44_veh-40_00779_01088,1,1630341048.0002549,331401.6182404577,4691063.137171071,331394.387923781,4691067.326601691,66c0ac7e945e90197
1.0,0.0,1.0,1.0,1.0,1.0,1.0,1.0,0.0,[1. 1. 1. 1. 0.],[5. 5. 2. 2. 2.],0.0,True,2021.09.16.14.39.34_veh-42_00297_00935,1,1631803564.199638,588574.0841031525,4475634.997653218,588585.3146937264,4475601.961448561,50af9c4a2721fb804
1.0,1.0,1.0,1.0,0.023868145149175186,1.0,1.0,1.0,1.0,[0.02386815 1.         1.         1.         0.        ],[5. 5. 2. 2. 2.],0.6513814804104197,True,2021.09.16.19.27.01_veh-45_01749_03230,1,1631823130.500547,587635.7597509016,4475957.290455909,587635.775655385,4475957.282321097,b126b5cfaa1f25e61
1.0,1.0,1.0,1.0,1.0,1.0,1.0,1.0,1.0,[1. 1. 1. 1. 0.],[5. 5. 2. 2. 2.],1.0,True,2021.09.16.13.53.10_veh-42_00860_01069,1,1631801380.400394,587745.7911425384,4475592.230284383,587728.9536186382,4475588.072237092,1549d79fb52ee0d4d
1.0,1.0,1.0,1.0,1.0,0.0,1.0,1.0,1.0,[1. 0. 1. 1. 0.],[5. 5. 2. 2. 2.],0.6428571428571429,True,2021.09.16.13.53.10_veh-42_00860_01069,1,1631801380.400394,587754.8191431232,4475605.763026328,587738.7919262297,4475590.129937371,c8b4a00f0d379d88a
1.0,0.0,1.0,1.0,0.9694843988845582,1.0,0.0,1.0,0.0,[0.9694844 1.        0.        1.        0.       ],[5. 5. 2. 2. 2.],0.0,True,2021.10.06.07.26.10_veh-52_01245_02064,1,1633506877.200578,365000.8229662976,143552.48197274355,365002.240924499,143567.62288069908,12df8311d005ad619
0.0,1.0,1.0,1.0,1.0,0.0,1.0,1.0,0.0,[1. 0. 1. 1. 0.],[5. 5. 2. 2. 2.],0.0,True,2021.09.29.15.23.04_veh-28_00601_00802,1,1632929933.799795,330940.74482844013,4690833.521425073,330948.2397814145,4690827.4651290765,3dec28d29ac4ec705
1.0,1.0,1.0,1.0,0.0,1.0,1.0,1.0,1.0,[0. 1. 1. 1. 0.],[5. 5. 2. 2. 2.],0.6428571428571429,True,2021.08.30.14.54.34_veh-40_00439_00835,1,1630335855.5004148,331399.5898305066,4690956.110531924,331399.6086028299,4690956.094629689,4d115c250e5dc02b1
0.0,0.0,0.0,1.0,1.0,0.0,1.0,1.0,0.0,[1. 0. 1. 1. 0.],[5. 5. 2. 2. 2.],0.0,True,2021.09.16.13.53.10_veh-42_00860_01069,1,1631801380.9002779,587752.3274404044,4475595.306051208,587734.0010926826,4475585.20231276,d0aa7f48f651d0e51
1.0,0.0,0.5,1.0,1.0,1.0,0.0,1.0,0.0,[1. 1. 0. 1. 0.],[5. 5. 2. 2. 2.],0.0,True,2021.08.30.16.16.44_veh-40_01099_01351,1,1630341567.000501,332235.6346009479,4690422.749851844,332224.16157445736,4690429.178975663,2afebe4218aece0b6
1.0,1.0,0.0,0.0,1.0,1.0,0.0,1.0,0.0,[1. 1. 0. 1. 0.],[5. 5. 2. 2. 2.],0.0,True,2021.09.16.19.12.04_veh-42_01438_01677,1,1631821483.000248,587991.7723183004,4475698.419770738,587955.3324350871,4475718.767629025,49dbbe879efac0da9
0.0,1.0,0.5,1.0,1.0,0.0,1.0,1.0,0.0,[1. 0. 1. 1. 0.],[5. 5. 2. 2. 2.],0.0,True,2021.09.29.14.44.26_veh-28_00528_00992,1,1632927637.2996058,331664.9347535024,4690764.533491524,331645.4681801438,4690781.669807462,33f0f0e933c91112e
1.0,1.0,0.0,1.0,1.0,1.0,0.0,1.0,0.0,[1. 1. 0. 1. 0.],[5. 5. 2. 2. 2.],0.0,True,2021.09.16.17.40.09_veh-45_02539_02745,1,1631816778.90045,587739.3548586897,4475894.81855944,587768.2847197739,4475876.356004647,c783da5c9c8124365
1.0,0.0,1.0,1.0,1.0,1.0,1.0,1.0,0.0,[1. 1. 1. 1. 0.],[5. 5. 2. 2. 2.],0.0,True,2021.09.29.19.02.14_veh-28_00273_00514,1,1632942721.7998729,331045.97135835886,4690758.980120518,331064.29546942207,4690743.027271988,a1467b53499fa05f6
1.0,1.0,1.0,0.0,1.0,1.0,1.0,1.0,0.0,[1. 1. 1. 1. 0.],[5. 5. 2. 2. 2.],0.0,True,2021.09.16.14.39.34_veh-42_00297_00935,1,1631804032.1996858,587727.5576415379,4475589.201984423,587718.7594304817,4475595.979270251,cdc8eba66ee1c79b4
1.0,1.0,0.0,1.0,1.0,1.0,0.0,1.0,0.0,[1. 1. 0. 1. 0.],[5. 5. 2. 2. 2.],0.0,True,2021.09.29.19.02.14_veh-28_03198_03360,1,1632945447.799682,332337.8064936947,4690420.144168459,332309.3706099935,4690392.041464234,13d89543b4b7dad14
0.0,0.0,0.5,1.0,1.0,0.0,0.0,1.0,0.0,[1. 0. 0. 1. 0.],[5. 5. 2. 2. 2.],0.0,True,2021.09.29.19.02.14_veh-28_00273_00514,1,1632942721.2996829,331056.50719165296,4690744.253856889,331066.4090079786,4690737.2668894725,15c7d65066442dddd
1.0,0.0,1.0,1.0,0.9572676885665903,1.0,0.0,1.0,0.0,[0.95726769 1.         0.         1.         0.        ],[5. 5. 2. 2. 2.],0.0,True,2021.09.16.14.39.34_veh-42_01609_01687,1,1631804872.699662,588995.822609655,4474776.457315866,588976.7609950603,4474813.7669442035,767b060ded3878908
1.0,1.0,1.0,1.0,0.8193525516480011,1.0,0.0,1.0,1.0,[0.81935255 1.         0.         1.         0.        ],[5. 5. 2. 2. 2.],0.7926259113028575,True,2021.09.29.19.02.14_veh-28_00273_00514,1,1632942721.7998729,331051.7793675011,4690757.18463973,331068.0651232437,4690741.007931935,ae177687d99242cad
0.0,1.0,1.0,1.0,0.8644875281003002,0.0,1.0,0.0,0.0,[0.86448753 0.         1.         0.         0.        ],[5. 5. 2. 2. 2.],0.0,True,2021.10.06.07.26.10_veh-52_01245_02064,1,1633506877.200578,364978.891476683,143532.89724861106,365000.5847867476,143557.01027991404,8078500be0a3e5743
1.0,1.0,0.5,1.0,0.43441372984750143,1.0,0.0,1.0,0.5,[0.43441373 1.         0.         1.         0.        ],[5. 5. 2. 2. 2.],0.32757388032991097,True,2021.09.16.19.12.04_veh-42_01438_01677,1,1631821483.500259,587955.4423546828,4475718.240501682,587947.1685300067,4475723.363009212,347e462886f69f614
1.0,1.0,1.0,1.0,0.5492984602883625,1.0,0.0,1.0,1.0,[0.54929846 1.         0.         1.         0.        ],[5. 5. 2. 2. 2.],0.696178021531558,True,2021.09.16.19.12.04_veh-42_01438_01677,1,1631821483.000248,587958.6766978479,4475715.9973507095,587946.020609569,4475723.580189302,f6cb349b9078fd7c4
1.0,1.0,0.0,1.0,1.0,1.0,0.0,1.0,0.0,[1. 1. 0. 1. 0.],[5. 5. 2. 2. 2.],0.0,True,2021.10.06.07.26.10_veh-52_00953_01126,1,1633506284.199821,365845.416462647,143244.24829091295,365826.3457987663,143264.01334888974,873b2bce6903cffc1
1.0,1.0,1.0,1.0,1.0,1.0,1.0,1.0,1.0,[1. 1. 1. 1. 0.],[5. 5. 2. 2. 2.],1.0,True,2021.10.06.07.26.10_veh-52_01245_02064,1,1633506877.200578,364999.3821322065,143555.22058595752,365000.2932216611,143569.89057470436,a42442493dd5e64ba
1.0,1.0,1.0,1.0,0.392868093764597,1.0,0.0,1.0,1.0,[0.39286809 1.         0.         1.         0.        ],[5. 5. 2. 2. 2.],0.6403100334873562,True,2021.06.03.13.55.17_veh-35_02866_03582,1,1622746182.1008449,664460.354545421,3998171.258106205,664459.8950334692,3998168.762604763,f0fac8077bc98ead2
1.0,1.0,1.0,1.0,0.37235948273710284,1.0,1.0,1.0,1.0,[0.37235948 1.         1.         1.         0.        ],[5. 5. 2. 2. 2.],0.7758426724061083,True,2021.08.16.14.23.37_veh-45_00015_00132,1,1629124052.499943,588940.119866326,4474940.692941437,588942.2542948101,4474934.862670416,5b733b329372ed8c8
1.0,1.0,1.0,1.0,0.04552117936882744,1.0,1.0,1.0,1.0,[0.04552118 1.         1.         1.         0.        ],[5. 5. 2. 2. 2.],0.6591147069174383,True,2021.10.06.07.26.10_veh-52_01245_02064,1,1633507280.7003949,365092.0198905514,143824.44948702134,365092.07215804205,143824.43442969894,3e2f29d51ba0c82c3
1.0,1.0,1.0,1.0,1.0,0.0,1.0,1.0,1.0,[1. 0. 1. 1. 0.],[5. 5. 2. 2. 2.],0.6428571428571429,True,2021.09.29.14.44.26_veh-28_00528_00992,1,1632927636.799638,331661.09042372636,4690788.011531419,331643.1937886029,4690784.243833627,f23480d4e2e5e6146
1.0,0.0,1.0,1.0,1.0,1.0,1.0,1.0,0.0,[1. 1. 1. 1. 0.],[5. 5. 2. 2. 2.],0.0,True,2021.10.06.07.26.10_veh-52_01245_02064,1,1633506877.200578,364992.9675390628,143548.3399833104,365001.8194452018,143566.2401590656,e035483e2731dcf6b
0.0,0.0,1.0,1.0,1.0,0.0,1.0,1.0,0.0,[1. 0. 1. 1. 0.],[5. 5. 2. 2. 2.],0.0,True,2021.06.28.20.24.43_veh-38_03385_04952,1,1624916576.5994458,664214.9369081038,3997418.2744983127,664232.3789075194,3997403.861156936,9bcb66e43b4092040
1.0,1.0,1.0,1.0,0.9456840393062408,1.0,1.0,1.0,1.0,[0.94568404 1.         1.         1.         0.        ],[5. 5. 2. 2. 2.],0.9806014426093717,True,2021.09.16.19.27.01_veh-45_01749_03230,1,1631822555.999821,587679.4520613739,4475751.021007719,587671.9519593902,4475761.744414935,71c904391b4dd4412
1.0,1.0,1.0,1.0,1.0,1.0,1.0,1.0,1.0,[1. 1. 1. 1. 0.],[5. 5. 2. 2. 2.],1.0,True,2021.09.16.19.27.01_veh-45_01749_03230,1,1631822555.999821,587675.7748012793,4475740.27114892,587675.8670500898,4475759.068490336,17b20f1abf2c81e8d
0.0,1.0,1.0,1.0,1.0,0.0,0.0,1.0,0.0,[1. 0. 0. 1. 0.],[5. 5. 2. 2. 2.],0.0,True,2021.09.16.13.53.10_veh-42_00860_01069,1,1631801380.400394,587750.4272337833,4475601.991330312,587737.9560866144,4475590.250246957,ac979b78a3cdc5d39
1.0,1.0,1.0,1.0,0.5626461303299705,1.0,1.0,1.0,1.0,[0.56264613 1.         1.         1.         0.        ],[5. 5. 2. 2. 2.],0.8438021894035609,True,2021.10.06.07.26.10_veh-52_00953_01126,1,1633506284.199821,365828.251236706,143260.250720337,365825.1296860156,143265.37072779247,936b346e0cb941232
1.0,1.0,1.0,1.0,0.38036643886846927,1.0,1.0,1.0,1.0,[0.38036644 1.         1.         1.         0.        ],[5. 5. 2. 2. 2.],0.778702299595882,True,2021.06.28.16.29.11_veh-38_03263_03766,1,1624901670.800134,664466.8369099147,3997445.0847778507,664467.0380091496,3997440.801547746,69c96d373972cc736
1.0,1.0,1.0,1.0,0.69294896758627,1.0,0.0,1.0,1.0,[0.69294897 1.         0.         1.         0.        ],[5. 5. 2. 2. 2.],0.7474817741379536,True,2021.10.06.08.16.17_veh-52_01949_02501,1,1633510672.700016,364917.2316226547,143483.8152536565,364917.9920400892,143466.99930494087,0179e3078c6c79cd3
1.0,1.0,1.0,1.0,0.0027127418700844098,1.0,0.0,1.0,1.0,[0.00271274 1.         0.         1.         0.        ],[5. 5. 2. 2. 2.],0.500968836382173,True,2021.10.06.07.26.10_veh-52_01245_02064,1,1633507280.1999679,365094.77659753046,143823.34314896827,365094.7796893054,143823.34246264552,5b387bb6b49ae731a
1.0,0.0,1.0,1.0,1.0,1.0,1.0,1.0,0.0,[1. 1. 1. 1. 0.],[5. 5. 2. 2. 2.],0.0,True,2021.09.16.14.39.34_veh-42_00297_00935,1,1631803564.199638,588573.8045085496,4475635.824367212,588585.6071584404,4475600.739781372,5e8bc80abe039be9e
1.0,1.0,1.0,1.0,0.16502372699654766,1.0,0.0,1.0,1.0,[0.16502373 1.         0.         1.         0.        ],[5. 5. 2. 2. 2.],0.5589370453559098,True,2021.06.03.13.55.17_veh-35_02866_03582,1,1622746182.1008449,664459.5006964373,3998165.177896649,664459.2326336879,3998163.7623132654,004a5a808615d791d
1.0,0.0,1.0,1.0,1.0,1.0,1.0,1.0,0.0,[1. 1. 1. 1. 0.],[5. 5. 2. 2. 2.],0.0,True,2021.09.16.14.39.34_veh-42_00032_00186,1,1631803277.1993198,589136.574208446,4474521.3018667195,589132.7119982932,4474531.049761734,5957a4b8c0696f222
1.0,0.0,1.0,1.0,1.0,1.0,0.0,1.0,0.0,[1. 1. 0. 1. 0.],[5. 5. 2. 2. 2.],0.0,True,2021.10.06.07.26.10_veh-52_01245_02064,1,1633507280.7003949,365078.3443538133,143817.03732675477,365087.3472563733,143824.4851967564,e742e687d4142df74
1.0,1.0,1.0,1.0,0.05160783816488319,1.0,1.0,1.0,1.0,[0.05160784 1.         1.         1.         0.        ],[5. 5. 2. 2. 2.],0.6612885136303154,True,2021.09.16.13.53.10_veh-42_00180_00342,1,1631800708.4001288,589206.2262410477,4474367.261645731,589206.4247677531,4474366.740832645,5b31db57958441e62
1.0,1.0,1.0,1.0,0.7532246491639449,1.0,0.0,1.0,1.0,[0.75322465 1.         0.         1.         0.        ],[5. 5. 2. 2. 2.],0.7690088032728374,True,2021.09.16.17.40.09_veh-45_02539_02745,1,1631816778.90045,587751.9840898081,4475888.029073276,587771.6932954482,4475874.916350346,367254bcce7ceee1d
1.0,1.0,1.0,1.0,0.9302608774801054,1.0,1.0,1.0,1.0,[0.93026088 1.         1.         1.         0.        ],[5. 5. 2. 2. 2.],0.9750931705286091,True,2021.10.06.07.26.10_veh-52_01245_02064,1,1633506877.200578,365000.3376884702,143557.11048090013,365000.99270640337,143568.29678081992,65dbb955b70b6a26d
1.0,0.0,1.0,1.0,1.0,1.0,0.0,1.0,0.0,[1. 1. 0. 1. 0.],[5. 5. 2. 2. 2.],0.0,True,2021.09.16.19.12.04_veh-42_01438_01677,1,1631821483.500259,587983.4716701456,4475701.832021989,587954.2171096215,4475718.24990724,9157e54640172d150
1.0,1.0,1.0,1.0,0.39799163335415216,1.0,0.0,1.0,1.0,[0.39799163 1.         0.         1.         0.        ],[5. 5. 2. 2. 2.],0.6421398690550543,True,2021.08.30.14.54.34_veh-40_00439_00835,1,1630335855.5004148,331391.23418248765,4690961.825686616,331395.9520686487,4690958.263383722,cd9aed75f054bccb5
1.0,1.0,1.0,1.0,1.0,1.0,1.0,1.0,1.0,[1. 1. 1. 1. 0.],[5. 5. 2. 2. 2.],1.0,True,2021.06.28.20.24.43_veh-38_03385_04952,1,1624916576.09966,664237.5454978965,3997399.3064996074,664245.4175045555,3997394.348640624,edf02a219abbc7a0d
1.0,1.0,1.0,1.0,0.7969091075786797,1.0,1.0,1.0,1.0,[0.79690911 1.         1.         1.         0.        ],[5. 5. 2. 2. 2.],0.927467538420957,True,2021.09.16.13.53.10_veh-42_00860_01069,1,1631801380.9002779,587738.776880208,4475585.204789624,587729.4239444681,4475587.911846044,b6a166b330b3673a8
1.0,1.0,1.0,1.0,0.7840132405695214,1.0,1.0,1.0,1.0,[0.78401324 1.         1.         1.         0.        ],[5. 5. 2. 2. 2.],0.922861871631972,True,2021.09.16.14.39.34_veh-42_00297_00935,1,1631803564.199638,588576.4252601031,4475622.121135163,588587.9415235358,4475597.419063654,19ef2d6f1a4a25124
1.0,1.0,1.0,1.0,0.6728759313440364,1.0,0.0,1.0,1.0,[0.67287593 1.         0.         1.         0.        ],[5. 5. 2. 2. 2.],0.7403128326228702,True,2021.09.16.14.39.34_veh-42_00032_00186,1,1631803277.1993198,589144.0582836223,4474505.607468193,589136.5157477711,4474523.757261695,167e9515df0f9719a
1.0,1.0,1.0,1.0,1.0,1.0,1.0,1.0,1.0,[1. 1. 1. 1. 0.],[5. 5. 2. 2. 2.],1.0,True,2021.09.16.13.53.10_veh-42_00860_01069,1,1631801380.9002779,587738.3574503891,4475578.640649284,587728.3991572938,4475587.657649112,f8d618822ef33e7b0
1.0,1.0,0.0,1.0,1.0,1.0,0.0,1.0,0.0,[1. 1. 0. 1. 0.],[5. 5. 2. 2. 2.],0.0,True,2021.09.16.17.40.09_veh-45_02539_02745,1,1631816779.400143,587731.8291871203,4475897.178476215,587765.0319517257,4475878.127823187,5216f5e0df50fa3bf
1.0,0.0,1.0,1.0,0.7910736383209439,1.0,1.0,1.0,0.0,[0.79107364 1.         1.         1.         0.        ],[5. 5. 2. 2. 2.],0.0,True,2021.09.29.19.02.14_veh-28_00273_00514,1,1632942721.2996829,331052.1614427955,4690754.127151587,331067.9650644817,4690739.592344391,c30bd4dc602d95119
1.0,0.0,1.0,1.0,0.8515052800133439,1.0,1.0,1.0,0.0,[0.85150528 1.         1.         1.         0.        ],[5. 5. 2. 2. 2.],0.0,True,2021.09.16.19.12.04_veh-42_01438_01677,1,1631821483.000248,587980.5251876501,4475704.00849245,587950.7640411005,4475720.482790239,9d01fb3bc5ce52bd1
1.0,1.0,1.0,1.0,0.9702813570940095,1.0,0.0,1.0,1.0,[0.97028136 1.         0.         1.         0.        ],[5. 5. 2. 2. 2.],0.8465290561050034,True,2021.08.30.14.54.34_veh-40_00439_00835,1,1630335855.000484,331373.0685040239,4690972.426678392,331392.009329309,4690960.073597395,fa8d78f84cd8b7f8c
1.0,1.0,1.0,1.0,1.0,1.0,1.0,1.0,1.0,[1. 1. 1. 1. 0.],[5. 5. 2. 2. 2.],1.0,True,2021.06.03.13.55.17_veh-35_02866_03582,1,1622746182.1008449,664458.5569955785,3998172.1051138006,664458.8050489652,3998162.7533294517,0e79638f76319d5dd
0.0,1.0,1.0,1.0,0.9905038873831211,0.0,0.0,1.0,0.0,[0.99050389 0.         0.         1.         0.        ],[5. 5. 2. 2. 2.],0.0,True,2021.05.25.14.16.10_veh-35_01690_02183,1,1621968772.501016,664433.9342569386,3998270.5730994283,664432.7731861667,3998279.637841053,db81ab220d6667266
1.0,0.0,1.0,1.0,0.9578774401654357,1.0,1.0,1.0,0.0,[0.95787744 1.         1.         1.         0.        ],[5. 5. 2. 2. 2.],0.0,True,2021.09.16.14.39.34_veh-42_00032_00186,1,1631803276.6995718,589155.816998326,4474479.230895304,589139.2319078912,4474516.846811349,a0a8ed182426d3f05
1.0,1.0,1.0,1.0,0.874385048530149,1.0,0.0,1.0,1.0,[0.87438505 1.         0.         1.         0.        ],[5. 5. 2. 2. 2.],0.8122803744750532,True,2021.09.16.13.53.10_veh-42_00180_00342,1,1631800708.8997898,589181.8967378937,4474418.784536226,589195.1846026423,4474385.7291446375,537f7c58a5c39bec7
0.0,0.0,1.0,1.0,1.0,0.0,1.0,1.0,0.0,[1. 0. 1. 1. 0.],[5. 5. 2. 2. 2.],0.0,True,2021.08.30.16.16.44_veh-40_01099_01351,1,1630341567.000501,332269.0328571855,4690398.142068149,332232.4960798227,4690422.611505129,a56de10e58a3c3d6e
1.0,1.0,1.0,1.0,0.7829522644551069,1.0,1.0,1.0,1.0,[0.78295226 1.         1.         1.         0.        ],[5. 5. 2. 2. 2.],0.9224829515911096,True,2021.10.06.08.16.17_veh-52_00922_01296,1,1633509214.7003329,365573.8746332965,143835.65348747637,365575.76012782264,143801.0992969262,52998366db81d0fca
0.0,1.0,1.0,1.0,1.0,1.0,0.0,1.0,0.0,[1. 1. 0. 1. 0.],[5. 5. 2. 2. 2.],0.0,True,2021.06.03.13.55.17_veh-35_02866_03582,1,1622746182.6010609,664458.6627771807,3998178.5814798637,664459.3740232895,3998167.6423452436,ea91b41c76a3a54d3
1.0,1.0,0.5,1.0,0.9120550990677321,1.0,0.0,1.0,0.5,[0.9120551 1.        0.        1.        0.       ],[5. 5. 2. 2. 2.],0.4128669819763808,True,2021.08.30.16.16.44_veh-40_00779_01088,1,1630341048.0002549,331401.48603468423,4691063.641034227,331392.3285491103,4691068.31231938,ad43e2b3ade61b59c
1.0,0.0,1.0,1.0,0.8013037229237148,1.0,1.0,1.0,0.0,[0.80130372 1.         1.         1.         0.        ],[5. 5. 2. 2. 2.],0.0,True,2021.10.06.08.16.17_veh-52_00922_01296,1,1633509215.2006,365572.60651369224,143840.58593901753,365575.4273072126,143805.383183222,0aaae91a3ffa7e596
1.0,1.0,1.0,1.0,1.0,1.0,0.0,1.0,1.0,[1. 1. 0. 1. 0.],[5. 5. 2. 2. 2.],0.8571428571428571,True,2021.09.16.19.27.01_veh-45_01749_03230,1,1631823130.000381,587619.213801969,4475950.367242884,587633.2227370215,4475957.358035821,94a40142f4cb7e391
1.0,1.0,1.0,1.0,0.7077770679060448,1.0,1.0,1.0,1.0,[0.70777707 1.         1.         1.         0.        ],[5. 5. 2. 2. 2.],0.8956346671093017,True,2021.09.16.19.27.01_veh-45_00472_00711,1,1631821126.499909,587990.0738048822,4475701.07377545,588009.1317351005,4475699.61576507,fc4d5a62c921f8392
1.0,1.0,1.0,1.0,0.7399380444988763,1.0,1.0,1.0,1.0,[0.73993804 1.         1.         1.         0.        ],[5. 5. 2. 2. 2.],0.9071207301781702,True,2021.09.16.13.53.10_veh-42_00860_01069,1,1631801380.9002779,587749.325566975,4475599.528094086,587737.4920189127,4475588.109954979,d0add012a511855fa
1.0,1.0,0.5,1.0,0.6784814087689655,1.0,0.0,1.0,0.5,[0.67848141 1.         0.         1.         0.        ],[5. 5. 2. 2. 2.],0.37115739442302953,True,2021.09.16.19.27.01_veh-45_01749_03230,1,1631823130.000381,587626.607322602,4475956.059187679,587635.5446910021,4475956.8945266865,90bac953ef7d525b5
1.0,1.0,0.5,0.0,1.0,1.0,1.0,1.0,0.0,[1. 1. 1. 1. 0.],[5. 5. 2. 2. 2.],0.0,True,2021.09.16.19.12.04_veh-42_01438_01677,1,1631821483.500259,587991.3879788313,4475698.089816767,587957.5015339713,4475717.5473980615,a2a9c734a84da7235
1.0,1.0,1.0,1.0,0.8845003235135079,1.0,1.0,1.0,1.0,[0.88450032 1.         1.         1.         0.        ],[5. 5. 2. 2. 2.],0.9587501155405386,True,2021.10.06.07.26.10_veh-52_00006_00398,1,1633505537.1997058,365253.0540186848,143325.83351583712,365222.67361962993,143348.0258344706,2c48bea3e93ba9e48
1.0,1.0,1.0,1.0,0.8220397752088096,1.0,0.0,1.0,1.0,[0.82203978 1.         0.         1.         0.        ],[5. 5. 2. 2. 2.],0.7935856340031463,True,2021.09.16.17.40.09_veh-45_02539_02745,1,1631816779.400143,587740.5920397656,4475896.039663736,587765.7263810821,4475879.386146564,0ba7e570a3d546654
1.0,0.0,1.0,1.0,0.6046235389278926,1.0,0.0,1.0,0.0,[0.60462354 1.         0.         1.         0.        ],[5. 5. 2. 2. 2.],0.0,True,2021.09.16.14.39.34_veh-42_00297_00935,1,1631803564.199638,588579.2407890789,4475613.761830428,588587.8667958496,4475597.160548796,9142b4f8d76f38072
1.0,0.0,0.5,1.0,0.8165588365625571,1.0,0.0,1.0,0.0,[0.81655884 1.         0.         1.         0.        ],[5. 5. 2. 2. 2.],0.0,True,2021.10.06.08.16.17_veh-52_01949_02501,1,1633510672.2000458,364923.90283791965,143500.3671248389,364916.29124481574,143472.01075654075,760a1b63cdc5e0565
1.0,1.0,1.0,1.0,0.6149177580347424,1.0,1.0,1.0,1.0,[0.61491776 1.         1.         1.         0.        ],[5. 5. 2. 2. 2.],0.8624706278695509,True,2021.08.30.16.16.44_veh-40_01099_01351,1,1630341567.500442,332235.1844337553,4690421.287672263,332223.79247099336,4690428.152737593,ee7793a6b27386136
0.0,1.0,1.0,1.0,1.0,0.0,0.0,1.0,0.0,[1. 0. 0. 1. 0.],[5. 5. 2. 2. 2.],0.0,True,2021.08.30.14.54.34_veh-40_00439_00835,1,1630335855.5004148,331352.017782148,4690985.387458583,331383.17533637496,4690966.077987797,5fcf415bcf1a37722
1.0,1.0,1.0,1.0,0.8645225780627319,1.0,0.0,1.0,1.0,[0.86452258 1.         0.         1.         0.        ],[5. 5. 2. 2. 2.],0.8087580635938328,True,2021.09.29.19.02.14_veh-28_00273_00514,1,1632942721.7998729,331034.990262834,4690767.5627935575,331061.30355711456,4690748.044836434,8c918377b8ed3a5b1
1.0,1.0,0.0,1.0,1.0,1.0,1.0,1.0,0.0,[1. 1. 1. 1. 0.],[5. 5. 2. 2. 2.],0.0,True,2021.09.16.14.39.34_veh-42_00032_00186,1,1631803277.1993198,589156.841319292,4474478.899480931,589140.3501633725,4474516.212391641,0dacd04f2b5cb9990
1.0,1.0,1.0,1.0,0.819451522676295,1.0,0.0,1.0,1.0,[0.81945152 1.         0.         1.         0.        ],[5. 5. 2. 2. 2.],0.7926612580986767,True,2021.10.06.07.26.10_veh-52_01245_02064,1,1633506877.200578,364983.0515594889,143534.36107719268,365000.93046451936,143556.20692836825,cd55f0d35ddb36337
0.0,0.0,1.0,1.0,0.8001339988979695,1.0,0.0,1.0,0.0,[0.800134 1.       0.       1.       0.      ],[5. 5. 2. 2. 2.],0.0,True,2021.10.06.08.16.17_veh-52_01949_02501,1,1633510672.700016,364927.8716653349,143496.65825744462,364917.1421194335,143474.7795304083,2c604a5718db55a9d
1.0,0.0,1.0,1.0,1.0,1.0,1.0,1.0,0.0,[1. 1. 1. 1. 0.],[5. 5. 2. 2. 2.],0.0,True,2021.10.06.08.16.17_veh-52_00181_00574,1,1633508451.70031,365575.59984935744,143894.4471030575,365587.385750062,143900.56786248134,6a18b0260de73481a
1.0,1.0,1.0,1.0,1.0,1.0,0.0,1.0,1.0,[1. 1. 0. 1. 0.],[5. 5. 2. 2. 2.],0.8571428571428571,True,2021.09.16.19.27.01_veh-45_01749_03230,1,1631822555.999821,587671.08501191,4475739.963253346,587674.8890934653,4475758.079146497,d9f0da556a4c7bb77
1.0,0.0,1.0,1.0,0.42934730993632164,1.0,1.0,1.0,0.0,[0.42934731 1.         1.         1.         0.        ],[5. 5. 2. 2. 2.],0.0,True,2021.09.16.13.53.10_veh-42_00180_00342,1,1631800708.4001288,589198.8001513442,4474380.345086337,589202.5718737944,4474373.667338647,2f12a482af4499e20
1.0,1.0,1.0,1.0,0.7753214394366754,1.0,1.0,1.0,1.0,[0.77532144 1.         1.         1.         0.        ],[5. 5. 2. 2. 2.],0.9197576569416698,True,2021.09.16.15.47.30_veh-45_01199_01391,1,1631808545.300279,587695.5918164556,4475534.806140984,587679.2330799707,4475516.245187388,af48e9c0da650fb5e
1.0,1.0,1.0,1.0,1.0,1.0,1.0,1.0,1.0,[1. 1. 1. 1. 0.],[5. 5. 2. 2. 2.],1.0,True,2021.05.25.15.59.03_veh-30_04463_04606,1,1621977376.099386,664559.9855400317,3997852.868503931,664543.5903084389,3997861.265580245,d4c12619399c7d2e4
1.0,0.0,1.0,1.0,0.7710719582033142,1.0,1.0,1.0,0.0,[0.77107196 1.         1.         1.         0.        ],[5. 5. 2. 2. 2.],0.0,True,2021.09.29.19.02.14_veh-28_03198_03360,1,1632945448.299881,332333.09119176597,4690408.7476700125,332308.41292939393,4690391.576883235,140e7d68475dc3f63
1.0,1.0,1.0,1.0,1.0,1.0,0.0,1.0,1.0,[1. 1. 0. 1. 0.],[5. 5. 2. 2. 2.],0.8571428571428571,True,2021.06.28.20.24.43_veh-38_03385_04952,1,1624916576.09966,664226.0013589165,3997411.3779742843,664237.9031207968,3997400.5691575557,973dc194fd0092c5d
1.0,1.0,1.0,1.0,0.0,1.0,1.0,0.0,1.0,[0. 1. 1. 0. 0.],[5. 5. 2. 2. 2.],0.5,True,2021.08.30.16.16.44_veh-40_01099_01351,1,1630341567.500442,332222.5881111463,4690429.007036467,332222.57818461815,4690429.012717144,b896aed2b2d4e576b
1.0,0.0,0.0,1.0,1.0,1.0,0.0,1.0,0.0,[1. 1. 0. 1. 0.],[5. 5. 2. 2. 2.],0.0,True,2021.10.06.07.26.10_veh-52_01245_02064,1,1633507280.1999679,365071.02536734485,143805.78492642267,365085.09623293695,143823.81214392677,0b20cc78c6d693794
1.0,1.0,1.0,1.0,0.18478379595658231,1.0,1.0,1.0,1.0,[0.1847838 1.        1.        1.        0.       ],[5. 5. 2. 2. 2.],0.7088513556987793,True,2021.10.06.08.16.17_veh-52_01949_02501,1,1633510672.2000458,364919.0782990299,143462.7306962185,364918.6908472649,143460.2562351937,58529df281ddba3bc
1.0,1.0,0.5,1.0,0.40086129404689863,1.0,0.0,1.0,0.5,[0.40086129 1.         0.         1.         0.        ],[5. 5. 2. 2. 2.],0.32158237393694616,True,2021.10.06.08.16.17_veh-52_00922_01296,1,1633509214.7003329,365577.7314554637,143790.76575480355,365576.1805646987,143785.76903134046,7fe948a38f3a767fe
1.0,0.0,1.0,1.0,1.0,1.0,0.0,1.0,0.0,[1. 1. 0. 1. 0.],[5. 5. 2. 2. 2.],0.0,True,2021.05.25.15.59.03_veh-30_04463_04606,1,1621977376.599292,664561.6442552938,3997852.7190895355,664545.4019927732,3997860.4321078365,ff268d62e1e2110ec
1.0,1.0,1.0,1.0,1.0,1.0,1.0,1.0,1.0,[1. 1. 1. 1. 0.],[5. 5. 2. 2. 2.],1.0,True,2021.09.29.19.02.14_veh-28_00964_01689,1,1632943826.7998168,331356.7646934138,4690966.383881627,331350.6960999266,4690969.2434440395,7b6367ddd040256d3
1.0,1.0,1.0,1.0,0.556960215047294,1.0,1.0,1.0,1.0,[0.55696022 1.         1.         1.         0.        ],[5. 5. 2. 2. 2.],0.8417715053740336,True,2021.09.16.19.27.01_veh-45_00472_00711,1,1631821126.499909,588001.0374743715,4475697.882957104,588011.5834462007,4475701.154568682,ce907a202ee6095c1
0.0,0.0,1.0,1.0,1.0,0.0,0.0,1.0,0.0,[1. 0. 0. 1. 0.],[5. 5. 2. 2. 2.],0.0,True,2021.10.06.07.26.10_veh-52_01245_02064,1,1633506876.700271,364983.1755318765,143536.73415057908,365002.31009472185,143558.8011656754,e536d36c3e7306e47
1.0,1.0,0.5,1.0,1.0,1.0,0.0,1.0,0.5,[1. 1. 0. 1. 0.],[5. 5. 2. 2. 2.],0.42857142857142855,True,2021.09.16.17.40.09_veh-45_02539_02745,1,1631816778.90045,587762.2674155991,4475880.0357947415,587774.1452961605,4475871.509288962,2c1063aa4f44cf5f4
1.0,1.0,1.0,1.0,0.9546028700994605,1.0,0.0,1.0,1.0,[0.95460287 1.         0.         1.         0.        ],[5. 5. 2. 2. 2.],0.840929596464093,True,2021.10.06.07.26.10_veh-52_00953_01126,1,1633506283.69979,365851.77422800916,143238.5803123908,365828.7859786548,143262.15468061782,8162ca210af0620b8
0.0,0.0,1.0,1.0,1.0,0.0,0.0,1.0,0.0,[1. 0. 0. 1. 0.],[5. 5. 2. 2. 2.],0.0,True,2021.09.16.13.53.10_veh-42_00860_01069,1,1631801380.400394,587759.5113862655,4475606.816747424,587740.2828318732,4475588.0552339405,f0da7e68f4547e66a
1.0,1.0,1.0,1.0,0.7479553278485785,1.0,0.0,1.0,1.0,[0.74795533 1.         0.         1.         0.        ],[5. 5. 2. 2. 2.],0.7671269028030637,True,2021.05.25.15.59.03_veh-30_04463_04606,1,1621977376.599292,664551.3633303236,3997851.4696266972,664542.8682246616,3997859.1304830126,843dea321ea12e93c
1.0,1.0,1.0,1.0,0.05660807996441375,1.0,1.0,1.0,1.0,[0.05660808 1.         1.         1.         0.        ],[5. 5. 2. 2. 2.],0.6630743142730049,True,2021.08.30.14.54.34_veh-40_00439_00835,1,1630335855.000484,331399.675364003,4690956.021826525,331399.7667247046,4690955.943984009,b77f2183b554e6641
0.0,1.0,1.0,0.0,1.0,0.0,1.0,1.0,0.0,[1. 0. 1. 1. 0.],[5. 5. 2. 2. 2.],0.0,True,2021.09.16.14.39.34_veh-42_00297_00935,1,1631804032.1996858,587732.3470968775,4475588.801312935,587718.7813664048,4475596.0044855075,9002fdd0eaf7d6a7a
1.0,1.0,0.5,0.0,1.0,1.0,0.0,1.0,0.0,[1. 1. 0. 1. 0.],[5. 5. 2. 2. 2.],0.0,True,2021.09.16.19.12.04_veh-42_01438_01677,1,1631821483.500259,587997.981320854,4475693.235910397,587962.5381418474,4475715.247906533,f2ee403d63c2cb379
1.0,1.0,1.0,1.0,0.6021082066312751,1.0,1.0,1.0,1.0,[0.60210821 1.         1.         1.         0.        ],[5. 5. 2. 2. 2.],0.8578957880825983,True,2021.09.29.14.44.26_veh-28_00238_00320,1,1632927011.7998228,330787.80886598135,4689886.243326766,330797.9996798524,4689883.455801194,f11c7bd81d7370578
1.0,1.0,1.0,0.0,1.0,1.0,1.0,1.0,0.0,[1. 1. 1. 1. 0.],[5. 5. 2. 2. 2.],0.0,True,2021.09.16.19.12.04_veh-42_01438_01677,1,1631821483.500259,587988.3342797044,4475699.599015349,587957.0840858369,4475717.128766541,7b4054b4f24d77967
1.0,1.0,1.0,1.0,0.8253916697732707,1.0,0.0,1.0,1.0,[0.82539167 1.         0.         1.         0.        ],[5. 5. 2. 2. 2.],0.7947827392047395,True,2021.09.29.19.02.14_veh-28_00273_00514,1,1632942721.2996829,331039.0298243343,4690766.692971104,331062.37659906765,4690746.717984555,fd168a37bcc4550df
1.0,0.0,1.0,1.0,0.8793843753647462,1.0,1.0,1.0,0.0,[0.87938438 1.         1.         1.         0.        ],[5. 5. 2. 2. 2.],0.0,True,2021.10.06.07.26.10_veh-52_00953_01126,1,1633506284.199821,365828.2438567705,143259.59935409852,365821.2795090367,143271.00353251878,fcdbf5378a4eecdc5
1.0,1.0,1.0,1.0,0.8674457397431434,1.0,0.0,1.0,1.0,[0.86744574 1.         0.         1.         0.        ],[5. 5. 2. 2. 2.],0.8098020499082654,True,2021.09.16.14.39.34_veh-42_00032_00186,1,1631803277.1993198,589148.0565655692,4474496.578679349,589138.2951187444,4474521.616060605,45cfb7971f2d2c984
1.0,1.0,1.0,1.0,0.7858686809021891,1.0,1.0,1.0,1.0,[0.78586868 1.         1.         1.         0.        ],[5. 5. 2. 2. 2.],0.9235245288936389,True,2021.09.16.13.53.10_veh-42_00860_01069,1,1631801380.400394,587748.9846755656,4475597.618464717,587736.2157826745,4475586.949819806,c4e43258697fbd31e
1.0,1.0,1.0,1.0,0.7488963975412527,1.0,0.0,1.0,1.0,[0.7488964 1.        0.        1.        0.       ],[5. 5. 2. 2. 2.],0.767462999121876,True,2021.10.06.08.16.17_veh-52_01949_02501,1,1633510672.2000458,364917.27206821984,143483.38526986798,364918.0277898175,143464.91768162575,41772b779157e530a
0.5,1.0,1.0,1.0,1.0,0.0,0.0,1.0,0.5,[1. 0. 0. 1. 0.],[5. 5. 2. 2. 2.],0.25,True,2021.05.25.15.59.03_veh-30_04463_04606,1,1621977376.099386,664572.4196021508,3997849.5740091396,664547.2562096685,3997857.3424320547,86d3c9d6518530872
0.0,1.0,1.0,0.0,1.0,0.0,1.0,1.0,0.0,[1. 0. 1. 1. 0.],[5. 5. 2. 2. 2.],0.0,True,2021.09.16.14.39.34_veh-42_00297_00935,1,1631804032.1996858,587731.5639697664,4475588.763824366,587718.7813664048,4475596.0044855075,83f19b2038c24367b
1.0,1.0,1.0,1.0,1.0,1.0,1.0,1.0,1.0,[1. 1. 1. 1. 0.],[5. 5. 2. 2. 2.],1.0,True,2021.06.28.20.24.43_veh-38_03385_04952,1,1624916576.5994458,664237.8978647499,3997399.1939966995,664245.5054559914,3997394.5043612616,f38027c813030f619
1.0,1.0,1.0,1.0,0.8146831242575387,1.0,1.0,1.0,1.0,[0.81468312 1.         1.         1.         0.        ],[5. 5. 2. 2. 2.],0.9338154015205495,True,2021.09.16.15.47.30_veh-45_01199_01391,1,1631808545.799963,587690.1800721328,4475528.238909871,587677.5552811635,4475514.565488873,2292f65aeeb91446d
1.0,1.0,1.0,1.0,0.8500530387425288,1.0,1.0,1.0,1.0,[0.85005304 1.         1.         1.         0.        ],[5. 5. 2. 2. 2.],0.9464475138366174,True,2021.09.16.19.27.01_veh-45_01749_03230,1,1631822556.4997149,587680.1977363682,4475746.304858014,587676.7364703567,4475759.778199545,62efc5db12ae35bc5
1.0,1.0,1.0,1.0,0.7848184158468486,1.0,1.0,1.0,1.0,[0.78481842 1.         1.         1.         0.        ],[5. 5. 2. 2. 2.],0.9231494342310173,True,2021.09.16.14.39.34_veh-42_01609_01687,1,1631804872.199678,588986.2478900717,4474794.935830439,588973.3282078186,4474821.767090512,a69f76adb6218f06b
1.0,1.0,1.0,1.0,0.7543626093314673,1.0,0.0,1.0,1.0,[0.75436261 1.         0.         1.         0.        ],[5. 5. 2. 2. 2.],0.7694152176183812,True,2021.10.06.08.16.17_veh-52_00922_01296,1,1633509215.2006,365576.6836379961,143803.89201424466,365576.5593775327,143789.26385684943,e691defa66927f173
1.0,1.0,0.0,1.0,0.9666776899779564,1.0,1.0,1.0,0.0,[0.96667769 1.         1.         1.         0.        ],[5. 5. 2. 2. 2.],0.0,True,2021.10.06.07.26.10_veh-52_00953_01126,1,1633506284.199821,365832.6372676475,143256.47657046482,365822.33042299305,143269.86604098004,f38fa4be9ff4556d8
1.0,1.0,1.0,1.0,1.0,1.0,1.0,1.0,1.0,[1. 1. 1. 1. 0.],[5. 5. 2. 2. 2.],1.0,True,2021.08.16.14.23.37_veh-45_00015_00132,1,1629124052.499943,588919.6815490089,4475002.575088159,588933.9477526493,4474959.013953136,8e653e8d9b170a7dd
1.0,1.0,1.0,1.0,0.24222237633293808,1.0,1.0,1.0,1.0,[0.24222238 1.         1.         1.         0.        ],[5. 5. 2. 2. 2.],0.7293651344046207,True,2021.09.16.14.39.34_veh-42_01609_01687,1,1631804872.199678,588973.0091698118,4474822.3914888315,588971.1243784619,4474826.977531473,6a934a93966865e05
1.0,0.0,0.5,1.0,1.0,1.0,0.0,1.0,0.0,[1. 1. 0. 1. 0.],[5. 5. 2. 2. 2.],0.0,True,2021.10.06.07.26.10_veh-52_01245_02064,1,1633506876.700271,365002.21209398046,143551.36280345145,365004.3984477254,143566.31668701462,8d28f9f70a6b86ce7
1.0,1.0,1.0,1.0,0.9406821302764756,1.0,0.0,1.0,1.0,[0.94068213 1.         0.         1.         0.        ],[5. 5. 2. 2. 2.],0.8359579036701698,True,2021.05.25.14.16.10_veh-35_01690_02183,1,1621968772.501016,664434.7675609963,3998270.2715728385,664433.057058482,3998278.49535466,1e33e12832b3a171e
1.0,0.0,0.0,1.0,1.0,1.0,0.0,1.0,0.0,[1. 1. 0. 1. 0.],[5. 5. 2. 2. 2.],0.0,True,2021.10.06.08.16.17_veh-52_01949_02501,1,1633510672.700016,364923.99160936894,143502.11114050465,364915.8576420942,143475.20729066923,64560358188d68edd
1.0,1.0,1.0,1.0,0.9901842298957179,1.0,1.0,0.0,1.0,[0.99018423 1.         1.         0.         0.        ],[5. 5. 2. 2. 2.],0.8536372249627563,True,2021.10.06.07.26.10_veh-52_01245_02064,1,1633506876.700271,364987.35361087153,143540.9105291119,365002.9377180278,143563.8754194726,d99b9f48dac697bf1
0.0,0.0,1.0,1.0,1.0,0.0,1.0,1.0,0.0,[1. 0. 1. 1. 0.],[5. 5. 2. 2. 2.],0.0,True,2021.08.30.14.54.34_veh-40_00439_00835,1,1630335855.5004148,331353.2868831379,4690987.399512215,331383.2560455549,4690967.250668117,7caf8d7d76cd0a120
0.0,0.0,1.0,1.0,1.0,0.0,1.0,1.0,0.0,[1. 0. 1. 1. 0.],[5. 5. 2. 2. 2.],0.0,True,2021.08.30.16.16.44_veh-40_01099_01351,1,1630341567.000501,332266.8772469351,4690399.629120886,332233.4938049129,4690421.750839287,8e1bbd443f815b48a
1.0,1.0,1.0,1.0,0.37844347118372385,1.0,0.0,1.0,1.0,[0.37844347 1.         0.         1.         0.        ],[5. 5. 2. 2. 2.],0.6351583825656156,True,2021.08.30.14.54.34_veh-40_00439_00835,1,1630335855.000484,331392.2055553088,4690960.538849186,331397.3409910761,4690956.858968769,e0e4ca847f84568a3
1.0,0.0,0.0,1.0,0.7612877252134342,1.0,0.0,1.0,0.0,[0.76128773 1.         0.         1.         0.        ],[5. 5. 2. 2. 2.],0.0,True,2021.09.16.19.12.04_veh-42_01438_01677,1,1631821483.500259,587973.7879406179,4475705.930865508,587953.1316803833,4475718.638790829,1cc09e6291c8fd8b7
1.0,1.0,1.0,1.0,1.0,1.0,0.0,0.0,1.0,[1. 1. 0. 0. 0.],[5. 5. 2. 2. 2.],0.7142857142857143,True,2021.09.16.19.27.01_veh-45_01749_03230,1,1631822556.4997149,587671.9748074004,4475734.922169703,587677.2309623918,4475757.528848447,534a1ef23eb35451c
1.0,1.0,1.0,1.0,0.7663136841406399,1.0,1.0,1.0,1.0,[0.76631368 1.         1.         1.         0.        ],[5. 5. 2. 2. 2.],0.9165406014787999,True,2021.09.16.15.47.30_veh-45_01199_01391,1,1631808545.799963,587702.9490924388,4475543.170726781,587684.9593336778,4475522.150498144,c54816fcfbf2074c3
1.0,1.0,1.0,1.0,1.0,1.0,0.0,1.0,1.0,[1. 1. 0. 1. 0.],[5. 5. 2. 2. 2.],0.8571428571428571,True,2021.06.03.13.55.17_veh-35_02866_03582,1,1622746182.6010609,664455.1241405805,3998175.7676341617,664457.627050782,3998164.581943016,5fb47f166e5559387
0.0,1.0,1.0,1.0,1.0,0.0,0.0,1.0,0.0,[1. 0. 0. 1. 0.],[5. 5. 2. 2. 2.],0.0,True,2021.05.25.14.16.10_veh-35_01690_02183,1,1621968773.0009708,664430.042653757,3998261.518161399,664431.5027255038,3998272.223351573,735bf126af1875fe2
1.0,1.0,1.0,1.0,0.5856232637664899,1.0,1.0,1.0,1.0,[0.58562326 1.         1.         1.         0.        ],[5. 5. 2. 2. 2.],0.8520083084880321,True,2021.05.25.14.16.10_veh-35_01690_02183,1,1621968773.0009708,664432.6232697415,3998274.3145013135,664432.4698760752,3998279.77315859,7e1f129d7bf7e7065
1.0,1.0,1.0,1.0,0.0,1.0,0.0,1.0,1.0,[0. 1. 0. 1. 0.],[5. 5. 2. 2. 2.],0.5,True,2021.10.06.07.26.10_veh-52_01245_02064,1,1633507280.1999679,365095.8685043577,143823.25897325057,365095.8700433546,143823.25863744578,6f6dd61939e44a14a
1.0,0.0,1.0,1.0,0.4927770884313482,1.0,1.0,1.0,0.0,[0.49277709 1.         1.         1.         0.        ],[5. 5. 2. 2. 2.],0.0,True,2021.10.06.07.26.10_veh-52_01245_02064,1,1633507280.7003949,365080.2565695628,143822.90600157937,365089.1506493004,143825.22083121224,f6439042fbc2b78de
1.0,1.0,1.0,1.0,0.8288984467563248,1.0,1.0,1.0,1.0,[0.82889845 1.         1.         1.         0.        ],[5. 5. 2. 2. 2.],0.9388923024129731,True,2021.09.16.19.27.01_veh-45_01749_03230,1,1631822556.4997149,587680.6143296044,4475746.499043669,587676.7364703567,4475759.778199545,25ca5866628df2ed3
1.0,1.0,1.0,1.0,0.3341589254858492,1.0,1.0,1.0,1.0,[0.33415893 1.         1.         1.         0.        ],[5. 5. 2. 2. 2.],0.7621996162449461,True,2021.09.16.14.39.34_veh-42_01609_01687,1,1631804872.699662,588973.254623012,4474822.025684079,588970.8466363846,4474827.592907816,6bdee3f4f4da685e0
1.0,1.0,0.0,1.0,0.9409348184974782,1.0,1.0,1.0,0.0,[0.94093482 1.         1.         1.         0.        ],[5. 5. 2. 2. 2.],0.0,True,2021.10.06.07.26.10_veh-52_00953_01126,1,1633506284.199821,365834.21885300067,143254.2271265427,365823.5700875439,143267.3363826775,02bafb0e20897c0c6
1.0,1.0,1.0,1.0,0.9714693888758482,1.0,1.0,1.0,1.0,[0.97146939 1.         1.         1.         0.        ],[5. 5. 2. 2. 2.],0.9898104960270887,True,2021.09.16.14.39.34_veh-42_00032_00186,1,1631803277.1993198,589158.8367003559,4474474.448847328,589141.3809440506,4474512.482995738,ab3eab42ac8debb31
1.0,1.0,1.0,1.0,0.6218882860986021,1.0,0.0,1.0,1.0,[0.62188829 1.         0.         1.         0.        ],[5. 5. 2. 2. 2.],0.7221029593209293,True,2021.08.30.14.54.34_veh-40_00439_00835,1,1630335855.5004148,331388.3908130963,4690963.139992439,331396.5630399238,4690957.422562606,50442ffec20a73824
1.0,1.0,0.0,1.0,1.0,1.0,0.0,1.0,0.0,[1. 1. 0. 1. 0.],[5. 5. 2. 2. 2.],0.0,True,2021.09.16.17.40.09_veh-45_02539_02745,1,1631816778.90045,587739.6235829336,4475894.882721417,587768.2847197739,4475876.356004647,84c83fdf5cd2bf3d0
1.0,1.0,1.0,1.0,0.5230475729006495,1.0,0.0,1.0,1.0,[0.52304757 1.         0.         1.         0.        ],[5. 5. 2. 2. 2.],0.6868027046073749,True,2021.10.06.08.16.17_veh-52_00922_01296,1,1633509214.7003329,365576.88326916494,143801.03572596965,365576.35159810114,143790.1082311129,de42e07d2e34faed5
1.0,1.0,1.0,1.0,1.0,1.0,0.0,1.0,1.0,[1. 1. 0. 1. 0.],[5. 5. 2. 2. 2.],0.8571428571428571,True,2021.06.03.13.55.17_veh-35_02866_03582,1,1622746182.6010609,664455.2313885977,3998176.692005578,664457.5769100729,3998164.7899322123,04ea6a683ebec3208
1.0,1.0,1.0,1.0,0.8369290415164073,1.0,0.0,1.0,1.0,[0.83692904 1.         0.         1.         0.        ],[5. 5. 2. 2. 2.],0.7989032291130026,True,2021.10.06.07.26.10_veh-52_00006_00398,1,1633505537.1997058,365250.8989719274,143327.36319003446,365223.300003883,143347.40800569335,0c32d5324fdca8702
0.0,1.0,0.0,1.0,1.0,0.0,0.0,1.0,0.0,[1. 0. 0. 1. 0.],[5. 5. 2. 2. 2.],0.0,True,2021.10.06.07.26.10_veh-52_00953_01126,1,1633506284.199821,365854.9119652428,143234.69101840243,365830.2423798107,143259.2699485769,229930ba5820bb1b3
1.0,1.0,1.0,1.0,0.677385506679959,1.0,1.0,1.0,1.0,[0.67738551 1.         1.         1.         0.        ],[5. 5. 2. 2. 2.],0.8847805380999854,True,2021.08.30.16.16.44_veh-40_01099_01351,1,1630341567.000501,332238.68034513335,4690418.627174507,332225.22484544356,4690427.043593934,8c3b732ea1b87e65b
1.0,1.0,1.0,1.0,0.8153972026782573,1.0,1.0,1.0,1.0,[0.8153972 1.        1.        1.        0.       ],[5. 5. 2. 2. 2.],0.9340704295279492,True,2021.10.06.07.26.10_veh-52_00006_00398,1,1633505537.699599,365251.9742366323,143327.31330289863,365224.4624534649,143345.91962148412,562d93c298e442013
1.0,0.0,1.0,1.0,0.8601048977920992,1.0,1.0,1.0,0.0,[0.8601049 1.        1.        1.        0.       ],[5. 5. 2. 2. 2.],0.0,True,2021.10.06.07.26.10_veh-52_00953_01126,1,1633506283.69979,365858.21003226034,143234.8782943597,365829.90451394324,143260.517535363,0e14703cf05b5dfd9
1.0,1.0,1.0,1.0,0.23124784647290156,1.0,1.0,1.0,1.0,[0.23124785 1.         1.         1.         0.        ],[5. 5. 2. 2. 2.],0.7254456594546077,True,2021.05.25.15.59.03_veh-30_04463_04606,1,1621977376.099386,664542.6344334369,3997863.2882550647,664540.0217674039,3997863.4573189835,5cd160daac2e582eb
1.0,1.0,1.0,1.0,0.8107153820467667,1.0,1.0,1.0,1.0,[0.81071538 1.         1.         1.         0.        ],[5. 5. 2. 2. 2.],0.9323983507309881,True,2021.09.16.14.39.34_veh-42_00297_00935,1,1631803564.199638,588574.9574361697,4475626.110823034,588586.908177719,4475599.309560875,d9320fa5d2528afc4
0.0,1.0,1.0,0.0,1.0,0.0,0.0,1.0,0.0,[1. 0. 0. 1. 0.],[5. 5. 2. 2. 2.],0.0,True,2021.09.16.14.39.34_veh-42_00297_00935,1,1631804032.6995518,587730.5926152746,4475590.313552881,587719.1634460655,4475595.773042775,ed038c1798a7006eb
1.0,0.0,0.0,1.0,1.0,1.0,0.0,1.0,0.0,[1. 1. 0. 1. 0.],[5. 5. 2. 2. 2.],0.0,True,2021.10.06.07.26.10_veh-52_01245_02064,1,1633507280.7003949,365066.0506010425,143807.2612194024,365083.48387902696,143822.7891251824,191ccfaebd0211428
1.0,1.0,1.0,1.0,0.6991157847145258,1.0,1.0,1.0,1.0,[0.69911578 1.         1.         1.         0.        ],[5. 5. 2. 2. 2.],0.8925413516837593,True,2021.09.29.19.02.14_veh-28_03198_03360,1,1632945447.799682,332324.81820370746,4690401.156580046,332304.77352229616,4690388.043108317,807ac1c906c9cfc44
1.0,0.0,1.0,1.0,0.9606081451713269,1.0,0.0,1.0,0.0,[0.96060815 1.         0.         1.         0.        ],[5. 5. 2. 2. 2.],0.0,True,2021.09.16.14.39.34_veh-42_01609_01687,1,1631804872.199678,588993.6002894857,4474780.708370517,588974.8137133904,4474818.557774036,17416a9c9123b7bc1
1.0,1.0,1.0,1.0,1.0,1.0,1.0,1.0,1.0,[1. 1. 1. 1. 0.],[5. 5. 2. 2. 2.],1.0,True,2021.08.16.14.23.37_veh-45_00015_00132,1,1629124052.000155,588923.9146461418,4474993.888940553,588937.2488112982,4474948.236905783,eb16cfaf356e80f1f
1.0,0.0,0.0,1.0,1.0,1.0,0.0,1.0,0.0,[1. 1. 0. 1. 0.],[5. 5. 2. 2. 2.],0.0,True,2021.09.16.19.27.01_veh-45_01749_03230,1,1631823130.500547,587604.099368381,4475951.886617259,587628.2963722984,4475960.403170702,159be5a151baf8f5b
0.0,0.0,0.5,1.0,1.0,0.0,0.0,1.0,0.0,[1. 0. 0. 1. 0.],[5. 5. 2. 2. 2.],0.0,True,2021.09.16.13.53.10_veh-42_00860_01069,1,1631801380.9002779,587761.6520439818,4475608.910605858,587742.7773219753,4475589.2041790765,461b3554166aa0d6f
1.0,1.0,1.0,1.0,0.7838268959099379,1.0,1.0,1.0,1.0,[0.7838269 1.        1.        1.        0.       ],[5. 5. 2. 2. 2.],0.922795319967835,True,2021.10.06.08.16.17_veh-52_00922_01296,1,1633509214.7003329,365573.78728744003,143835.60279117734,365575.76012782264,143801.0992969262,074cb9c09e56d13b7
1.0,0.0,1.0,1.0,1.0,1.0,1.0,1.0,0.0,[1. 1. 1. 1. 0.],[5. 5. 2. 2. 2.],0.0,True,2021.09.29.19.02.14_veh-28_00273_00514,1,1632942721.7998729,331048.30289565754,4690755.689665608,331064.3993635148,4690743.082887764,8befb288003901497
1.0,1.0,0.5,1.0,1.0,1.0,0.0,1.0,0.5,[1. 1. 0. 1. 0.],[5. 5. 2. 2. 2.],0.42857142857142855,True,2021.09.16.19.12.04_veh-42_01438_01677,1,1631821483.500259,587976.654294826,4475706.798506932,587952.3945621704,4475720.360237057,bbd5b072e1b30acbb
1.0,0.0,0.0,1.0,1.0,1.0,0.0,1.0,0.0,[1. 1. 0. 1. 0.],[5. 5. 2. 2. 2.],0.0,True,2021.09.29.19.02.14_veh-28_03198_03360,1,1632945448.299881,332336.6691332935,4690429.383488448,332313.2615558166,4690394.750320748,4e062143c7bd91118
0.5,1.0,1.0,1.0,1.0,0.0,1.0,1.0,0.5,[1. 0. 1. 1. 0.],[5. 5. 2. 2. 2.],0.32142857142857145,True,2021.09.16.19.49.00_veh-42_00990_01609,1,1631823172.0002198,587748.2755601109,4475728.974034479,587738.3722360167,4475736.336157079,87b0f0681dc28e308
1.0,1.0,1.0,1.0,0.725906967095425,1.0,1.0,1.0,1.0,[0.72590697 1.         1.         1.         0.        ],[5. 5. 2. 2. 2.],0.9021096311055089,True,2021.10.06.08.16.17_veh-52_01949_02501,1,1633510672.700016,364916.6627145194,143474.17421143778,364917.7509320776,143463.4481661641,853836094a41151fa
0.0,0.0,0.5,1.0,1.0,0.0,1.0,1.0,0.0,[1. 0. 1. 1. 0.],[5. 5. 2. 2. 2.],0.0,True,2021.08.30.16.16.44_veh-40_01099_01351,1,1630341567.500442,332273.86444939993,4690394.590305138,332238.4125875009,4690418.3856130475,e4fca12e85b84a61b
1.0,1.0,0.5,1.0,0.6680884962329904,1.0,0.0,1.0,0.5,[0.6680885 1.        0.        1.        0.       ],[5. 5. 2. 2. 2.],0.3693015171844626,True,2021.10.06.08.16.17_veh-52_00922_01296,1,1633509215.2006,365577.33007532696,143805.1024034375,365576.42343179695,143792.32286642375,aedc0bf45f1840715
0.0,1.0,1.0,1.0,1.0,0.0,0.0,1.0,0.0,[1. 0. 0. 1. 0.],[5. 5. 2. 2. 2.],0.0,True,2021.09.29.15.23.04_veh-28_00601_00802,1,1632929933.299629,330939.9256330249,4690830.852512266,330947.2811830646,4690827.578217591,728ec7568be562318
1.0,0.0,1.0,1.0,0.8503761072315151,1.0,1.0,1.0,0.0,[0.85037611 1.         1.         1.         0.        ],[5. 5. 2. 2. 2.],0.0,True,2021.09.29.14.44.26_veh-28_00238_00320,1,1632927011.7998228,330796.1642308933,4689903.7216839,330791.22673731943,4689887.24152618,fd2d5da64073721d2
1.0,0.0,1.0,1.0,0.6026615880080435,1.0,0.0,1.0,0.0,[0.60266159 1.         0.         1.         0.        ],[5. 5. 2. 2. 2.],0.0,True,2021.09.16.14.39.34_veh-42_00297_00935,1,1631803564.199638,588579.3264264679,4475613.712923265,588587.8667958496,4475597.160548796,10935babd12d37a58
1.0,1.0,0.0,1.0,1.0,0.0,0.0,0.0,0.0,[1. 0. 0. 0. 0.],[5. 5. 2. 2. 2.],0.0,True,2021.09.16.19.27.01_veh-45_01749_03230,1,1631822555.999821,587668.2789833514,4475725.661824337,587678.162793838,4475754.109699029,76385bcb475cc16b8
0.0,1.0,1.0,1.0,1.0,0.0,0.0,1.0,0.0,[1. 0. 0. 1. 0.],[5. 5. 2. 2. 2.],0.0,True,2021.06.28.20.24.43_veh-38_03385_04952,1,1624916576.09966,664217.2374689701,3997417.907675472,664234.5157059118,3997402.3957592905,c28f4287e75996da4
0.0,1.0,1.0,1.0,0.9294645616171355,0.0,0.0,1.0,0.0,[0.92946456 0.         0.         1.         0.        ],[5. 5. 2. 2. 2.],0.0,True,2021.05.25.14.16.10_veh-35_01690_02183,1,1621968773.0009708,664431.5143121845,3998266.140252006,664432.0057773913,3998272.376241977,c0581b1e56946d6c1
0.0,0.0,1.0,1.0,1.0,0.0,1.0,1.0,0.0,[1. 0. 1. 1. 0.],[5. 5. 2. 2. 2.],0.0,True,2021.08.30.14.54.34_veh-40_00439_00835,1,1630335855.000484,331359.87970531604,4690983.258278256,331386.72238010674,4690964.786266563,2bb929aa7298012be
1.0,1.0,1.0,1.0,0.06191007484835332,1.0,1.0,1.0,1.0,[0.06191007 1.         1.         1.         0.        ],[5. 5. 2. 2. 2.],0.6649678838744119,True,2021.10.06.08.16.17_veh-52_01949_02501,1,1633510282.700223,365727.8217410818,142955.6127889684,365727.729534655,142955.71461298576,ef43f59a6f819d9a6
1.0,1.0,0.0,1.0,1.0,1.0,0.0,1.0,0.0,[1. 1. 0. 1. 0.],[5. 5. 2. 2. 2.],0.0,True,2021.09.16.13.53.10_veh-42_00180_00342,1,1631800708.4001288,589185.3551025987,4474407.174788338,589198.7181314726,4474377.950508974,1fb46d16a4f179ce1
1.0,0.0,1.0,1.0,0.7552363438836797,1.0,0.0,1.0,0.0,[0.75523634 1.         0.         1.         0.        ],[5. 5. 2. 2. 2.],0.0,True,2021.10.06.08.16.17_veh-52_01949_02501,1,1633510282.200049,365756.3409946088,142950.5682327473,365734.03875655256,142952.43958974702,cfa0d13a7c93691c3
0.0,1.0,1.0,1.0,1.0,0.0,1.0,1.0,0.0,[1. 0. 1. 1. 0.],[5. 5. 2. 2. 2.],0.0,True,2021.05.25.15.59.03_veh-30_04463_04606,1,1621977376.099386,664573.8815308366,3997842.269545716,664548.6701732525,3997855.554195678,d25e0e0e384818845
1.0,1.0,1.0,1.0,0.04269659486637689,1.0,1.0,1.0,1.0,[0.04269659 1.         1.         1.         0.        ],[5. 5. 2. 2. 2.],0.6581059267379918,True,2021.10.06.08.16.17_veh-52_01949_02501,1,1633510282.700223,365726.4549203249,142957.21784600065,365726.4081522714,142957.26692749644,701516f2dc4b0ec24
0.0,1.0,1.0,1.0,1.0,1.0,1.0,1.0,0.0,[1. 1. 1. 1. 0.],[5. 5. 2. 2. 2.],0.0,True,2021.09.16.13.53.10_veh-42_00860_01069,1,1631801380.9002779,587749.3396437869,4475600.530510354,587736.2289142847,4475587.352431782,621583964b8d7bc4a
1.0,0.0,1.0,1.0,1.0,1.0,1.0,1.0,0.0,[1. 1. 1. 1. 0.],[5. 5. 2. 2. 2.],0.0,True,2021.09.16.14.39.34_veh-42_00297_00935,1,1631803564.69955,588573.2808179257,4475638.9650903335,588582.9629835024,4475604.268104638,60b75083635860a0a
1.0,0.0,1.0,0.0,1.0,1.0,1.0,1.0,0.0,[1. 1. 1. 1. 0.],[5. 5. 2. 2. 2.],0.0,True,2021.09.16.19.12.04_veh-42_01438_01677,1,1631821483.000248,587989.0361057504,4475698.870384531,587955.3107761861,4475717.479746504,c3e34d7de79504c8f
1.0,1.0,1.0,1.0,0.747767872970692,1.0,1.0,1.0,1.0,[0.74776787 1.         1.         1.         0.        ],[5. 5. 2. 2. 2.],0.9099170974895329,True,2021.09.16.13.53.10_veh-42_00860_01069,1,1631801380.9002779,587755.0680500601,4475606.417523334,587740.683113737,4475591.395564425,f726e244468ccbbe6
1.0,1.0,1.0,1.0,1.0,1.0,1.0,1.0,1.0,[1. 1. 1. 1. 0.],[5. 5. 2. 2. 2.],1.0,True,2021.06.28.20.24.43_veh-38_03385_04952,1,1624916576.5994458,664232.0183049189,3997406.9189589154,664238.0829689314,3997399.4445689423,d42ef26a98f8b0220
0.0,1.0,1.0,1.0,1.0,0.0,0.0,1.0,0.0,[1. 0. 0. 1. 0.],[5. 5. 2. 2. 2.],0.0,True,2021.09.29.19.02.14_veh-28_00964_01689,1,1632943827.299702,331371.1318749403,4690959.132725152,331356.7110922654,4690965.555121215,f2093ddb02711422c
1.0,1.0,1.0,1.0,1.0,1.0,0.0,1.0,1.0,[1. 1. 0. 1. 0.],[5. 5. 2. 2. 2.],0.8571428571428571,True,2021.06.03.13.55.17_veh-35_02866_03582,1,1622746182.1008449,664455.4035495298,3998173.3173100105,664457.5626970746,3998164.8275616504,9bbec38bd775ea622
1.0,1.0,1.0,1.0,0.7046434522875212,1.0,0.0,1.0,1.0,[0.70464345 1.         0.         1.         0.        ],[5. 5. 2. 2. 2.],0.7516583758169719,True,2021.10.06.08.16.17_veh-52_00922_01296,1,1633509214.7003329,365575.2327700076,143819.55218309685,365577.23295075964,143795.57681351688,dbf2ff6fc16bf1dbf
1.0,0.0,1.0,1.0,1.0,1.0,1.0,1.0,0.0,[1. 1. 1. 1. 0.],[5. 5. 2. 2. 2.],0.0,True,2021.09.16.19.12.04_veh-42_01438_01677,1,1631821483.500259,587971.2521088558,4475709.6993364645,587948.7047899782,4475720.0266006915,e1ef0211a91fc5373
0.0,0.0,1.0,1.0,1.0,0.0,0.0,1.0,0.0,[1. 0. 0. 1. 0.],[5. 5. 2. 2. 2.],0.0,True,2021.06.28.20.24.43_veh-38_03385_04952,1,1624916576.09966,664213.8110482069,3997422.0403841976,664234.9350896404,3997403.2967689065,3d9b28f26222924ba
0.0,0.0,0.5,1.0,1.0,0.0,0.0,1.0,0.0,[1. 0. 0. 1. 0.],[5. 5. 2. 2. 2.],0.0,True,2021.06.28.20.24.43_veh-38_03385_04952,1,1624916576.09966,664213.5604499215,3997424.223002352,664233.8944487388,3997404.122031529,509ec142f891e0766
1.0,1.0,1.0,1.0,1.0,1.0,1.0,1.0,1.0,[1. 1. 1. 1. 0.],[5. 5. 2. 2. 2.],1.0,True,2021.08.30.16.16.44_veh-40_01099_01351,1,1630341567.500442,332249.0998936777,4690411.986284579,332231.82216647593,4690423.1359331785,b7560bcae0414e720
1.0,1.0,0.5,1.0,0.5921360964797956,1.0,0.0,1.0,0.5,[0.5921361 1.        0.        1.        0.       ],[5. 5. 2. 2. 2.],0.35573858865710634,True,2021.10.06.08.16.17_veh-52_00922_01296,1,1633509214.7003329,365577.22176772216,143808.00574244699,365576.5055975048,143791.7981385729,7338fea39e2bae90e
1.0,1.0,1.0,1.0,0.8468010146586341,1.0,1.0,1.0,1.0,[0.84680101 1.         1.         1.         0.        ],[5. 5. 2. 2. 2.],0.9452860766637979,True,2021.09.16.13.53.10_veh-42_00180_00342,1,1631800708.8997898,589192.8039777129,4474392.994228135,589201.2864821481,4474374.323708065,579935f9cfdd09614
1.0,0.0,1.0,1.0,1.0,1.0,1.0,1.0,0.0,[1. 1. 1. 1. 0.],[5. 5. 2. 2. 2.],0.0,True,2021.09.16.14.39.34_veh-42_00032_00186,1,1631803276.6995718,589136.9123984668,4474520.357809128,589132.3246121742,4474532.090324333,47799590d39799760
1.0,1.0,1.0,1.0,0.601733673433166,1.0,1.0,1.0,1.0,[0.60173367 1.         1.         1.         0.        ],[5. 5. 2. 2. 2.],0.8577620262261307,True,2021.08.30.16.16.44_veh-40_00779_01088,1,1630341048.500202,331416.8248513807,4691053.267201642,331402.6386671651,4691061.562322236,b3989347b7f24848c
1.0,1.0,1.0,1.0,0.48233682549124973,1.0,1.0,1.0,1.0,[0.48233683 1.         1.         1.         0.        ],[5. 5. 2. 2. 2.],0.8151202948183035,True,2021.09.29.14.44.26_veh-28_00528_00992,1,1632927636.799638,331642.33642364695,4690783.173582314,331638.27836940315,4690787.496496495,24552af895f24c7c8
1.0,1.0,1.0,1.0,0.6058933678253335,1.0,0.0,1.0,1.0,[0.60589337 1.         0.         1.         0.        ],[5. 5. 2. 2. 2.],0.7163904885090477,True,2021.08.30.14.54.34_veh-40_00439_00835,1,1630335855.000484,331383.28224003635,4690965.065772732,331393.06351440697,4690959.271073086,fad1ad3bce41df4d9
1.0,1.0,1.0,1.0,1.0,1.0,0.0,1.0,1.0,[1. 1. 0. 1. 0.],[5. 5. 2. 2. 2.],0.8571428571428571,True,2021.09.16.17.40.09_veh-45_02539_02745,1,1631816778.90045,587730.9932654551,4475902.051069203,587765.1679371593,4475878.809102274,3a84eaeca44c1b7ad
1.0,1.0,1.0,1.0,0.4877152432225055,1.0,0.0,1.0,1.0,[0.48771524 1.         0.         1.         0.        ],[5. 5. 2. 2. 2.],0.674184015436609,True,2021.10.06.07.26.10_veh-52_00006_00398,1,1633505537.1997058,365223.69864395953,143346.5342718443,365215.04030084785,143353.1355851377,3de0117d8b0d82352
0.0,0.0,0.0,1.0,1.0,0.0,0.0,0.0,0.0,[1. 0. 0. 0. 0.],[5. 5. 2. 2. 2.],0.0,True,2021.05.25.15.59.03_veh-30_04463_04606,1,1621977376.599292,664578.3569169923,3997837.899201061,664550.7546078243,3997852.7473758343,525d0548f3cf8685b
1.0,1.0,1.0,1.0,0.8261499439030479,1.0,1.0,1.0,1.0,[0.82614994 1.         1.         1.         0.        ],[5. 5. 2. 2. 2.],0.9379106942510885,True,2021.10.06.08.16.17_veh-52_01949_02501,1,1633510672.2000458,364916.29796330543,143476.4602179824,364917.79687708383,143462.73964240437,3ed84fc02c7624898
1.0,1.0,1.0,1.0,0.7138980877889658,1.0,0.0,1.0,1.0,[0.71389809 1.         0.         1.         0.        ],[5. 5. 2. 2. 2.],0.7549636027817735,True,2021.09.16.13.53.10_veh-42_00180_00342,1,1631800708.4001288,589193.6194644935,4474387.91199868,589201.2287524918,4474373.322629198,7a12897acffda91d2
1.0,0.0,1.0,1.0,1.0,1.0,1.0,1.0,0.0,[1. 1. 1. 1. 0.],[5. 5. 2. 2. 2.],0.0,True,2021.09.29.14.44.26_veh-28_00238_00320,1,1632927012.2997,330791.9905645542,4689902.969438025,330793.47622904606,4689886.244081035,0fe2cf2ea452fd529
1.0,1.0,1.0,1.0,0.0,1.0,0.0,1.0,1.0,[0. 1. 0. 1. 0.],[5. 5. 2. 2. 2.],0.5,True,2021.08.30.14.54.34_veh-40_00439_00835,1,1630335855.5004148,331399.1724981611,4690956.310880271,331399.1868874178,4690956.298666986,142f665559387e2c2
1.0,1.0,1.0,1.0,0.8594186919271505,1.0,1.0,1.0,1.0,[0.85941869 1.         1.         1.         0.        ],[5. 5. 2. 2. 2.],0.9497923899739823,True,2021.09.16.14.39.34_veh-42_01609_01687,1,1631804872.199678,588983.1728303347,4474801.113043432,588971.6005822407,4474826.0067447,63b1d16ef6fc7e410
1.0,1.0,1.0,1.0,0.30607976186717295,1.0,1.0,1.0,1.0,[0.30607976 1.         1.         1.         0.        ],[5. 5. 2. 2. 2.],0.7521713435239903,True,2021.09.16.19.27.01_veh-45_01749_03230,1,1631822555.999821,587673.8673874004,4475759.816688612,587671.5202561284,4475761.428413542,a9beba0462c712f13
1.0,1.0,1.0,1.0,0.49541049833681633,1.0,0.0,1.0,1.0,[0.4954105 1.        0.        1.        0.       ],[5. 5. 2. 2. 2.],0.6769323208345772,True,2021.08.30.14.54.34_veh-40_00439_00835,1,1630335855.5004148,331387.10911203845,4690963.025795161,331394.52343706985,4690958.553850487,07d57ac58a266170f
1.0,1.0,1.0,1.0,0.5654259851198227,1.0,0.0,1.0,1.0,[0.56542599 1.         0.         1.         0.        ],[5. 5. 2. 2. 2.],0.7019378518285081,True,2021.09.16.19.12.04_veh-42_01438_01677,1,1631821483.500259,587959.754390497,4475715.474356719,587947.7853169936,4475722.475348059,ca4b53e32b7f4aedf
0.0,0.0,0.5,1.0,1.0,0.0,0.0,1.0,0.0,[1. 0. 0. 1. 0.],[5. 5. 2. 2. 2.],0.0,True,2021.09.29.19.02.14_veh-28_00273_00514,1,1632942721.7998729,331056.84404005634,4690744.181156369,331065.59330275725,4690738.475734056,af7c2f2eb8cc6b36d
1.0,0.0,1.0,1.0,1.0,1.0,0.0,1.0,0.0,[1. 1. 0. 1. 0.],[5. 5. 2. 2. 2.],0.0,True,2021.10.06.08.16.17_veh-52_00181_00574,1,1633508452.200059,365585.7155538725,143895.482214167,365588.4251169928,143904.25317298103,45480978b802eb7d4
0.0,1.0,1.0,1.0,1.0,1.0,1.0,1.0,0.0,[1. 1. 1. 1. 0.],[5. 5. 2. 2. 2.],0.0,True,2021.09.16.13.53.10_veh-42_00860_01069,1,1631801380.400394,587747.8269654862,4475598.193998217,587736.0793739002,4475587.553256357,86aa1518812acc807
1.0,1.0,1.0,1.0,1.0,1.0,0.0,0.0,1.0,[1. 1. 0. 0. 0.],[5. 5. 2. 2. 2.],0.7142857142857143,True,2021.09.16.19.27.01_veh-45_01749_03230,1,1631822555.999821,587674.079755573,4475741.265298856,587675.9690812716,4475758.47625965,c217a9de321bd6af3
1.0,1.0,1.0,1.0,0.9438470898969333,1.0,0.0,1.0,1.0,[0.94384709 1.         0.         1.         0.        ],[5. 5. 2. 2. 2.],0.8370882463917619,True,2021.08.30.14.54.34_veh-40_00439_00835,1,1630335855.5004148,331372.0447822921,4690972.892370412,331389.72959301394,4690961.56122956,44a5937b14cec415b
1.0,1.0,1.0,1.0,0.6886249739663535,1.0,1.0,1.0,1.0,[0.68862497 1.         1.         1.         0.        ],[5. 5. 2. 2. 2.],0.8887946335594119,True,2021.09.29.14.44.26_veh-28_00528_00992,1,1632927637.2996058,331646.17981584737,4690779.409138127,331639.60838779795,4690786.156641189,ef4eaef1d214e7da8
1.0,1.0,1.0,1.0,0.647211246639919,1.0,0.0,1.0,1.0,[0.64721125 1.         0.         1.         0.        ],[5. 5. 2. 2. 2.],0.731146873799971,True,2021.08.30.14.54.34_veh-40_00439_00835,1,1630335855.000484,331384.48907282716,4690963.912331092,331395.7081459304,4690957.953900542,d9bbca7a0907304f1
1.0,1.0,1.0,1.0,1.0,1.0,0.0,1.0,1.0,[1. 1. 0. 1. 0.],[5. 5. 2. 2. 2.],0.8571428571428571,True,2021.09.29.19.02.14_veh-28_00964_01689,1,1632943827.299702,331363.0755718739,4690964.247426867,331355.72794798744,4690967.366655398,f878117d44bbeb817
0.0,1.0,1.0,1.0,1.0,0.0,1.0,1.0,0.0,[1. 0. 1. 1. 0.],[5. 5. 2. 2. 2.],0.0,True,2021.08.30.16.16.44_veh-40_01099_01351,1,1630341567.000501,332268.7917480308,4690397.158492304,332234.0057705079,4690421.280044446,3c5f94f941b068a40
1.0,0.0,1.0,1.0,1.0,1.0,0.0,1.0,0.0,[1. 1. 0. 1. 0.],[5. 5. 2. 2. 2.],0.0,True,2021.09.16.14.39.34_veh-42_01609_01687,1,1631804872.199678,589001.3400235785,4474766.844530492,588977.850786586,4474811.535145386,1be8c9376ad3e1e99
1.0,1.0,1.0,1.0,0.7818591261541147,1.0,0.0,1.0,1.0,[0.78185913 1.         0.         1.         0.        ],[5. 5. 2. 2. 2.],0.7792354021978981,True,2021.10.06.08.16.17_veh-52_00922_01296,1,1633509215.2006,365575.1245427415,143828.32339563334,365577.21864133485,143798.66038986546,c7e0e6deef7f0758e
1.0,1.0,0.5,1.0,0.457797137050128,1.0,0.0,1.0,0.5,[0.45779714 1.         0.         1.         0.        ],[5. 5. 2. 2. 2.],0.33174948875895144,True,2021.09.16.19.49.00_veh-42_00990_01609,1,1631823172.0002198,587739.90837042,4475737.20490778,587734.7681398395,4475739.633653628,97a528bb2a0be2c1c
1.0,1.0,1.0,1.0,0.5554903298276307,1.0,1.0,1.0,1.0,[0.55549033 1.         1.         1.         0.        ],[5. 5. 2. 2. 2.],0.841246546367011,True,2021.06.28.16.29.11_veh-38_03263_03766,1,1624901670.3003619,664469.8866667171,3997444.13382714,664468.6290612791,3997437.5080280467,55c8727d5f4634051
1.0,1.0,1.0,1.0,0.7461557176876856,1.0,1.0,1.0,1.0,[0.74615572 1.         1.         1.         0.        ],[5. 5. 2. 2. 2.],0.909341327745602,True,2021.09.16.19.27.01_veh-45_01749_03230,1,1631822555.999821,587680.4122028239,4475749.773450927,587675.4064856541,4475760.367632057,ac16065f66685feff
1.0,1.0,1.0,1.0,0.4056263683977404,1.0,0.0,1.0,1.0,[0.40562637 1.         0.         1.         0.        ],[5. 5. 2. 2. 2.],0.6448665601420502,True,2021.08.30.14.54.34_veh-40_00439_00835,1,1630335855.000484,331391.4272880975,4690961.723285614,331396.68561260705,4690957.697741034,6808c5efa6976fe37
1.0,1.0,1.0,1.0,0.9256483013877405,1.0,1.0,1.0,1.0,[0.9256483 1.        1.        1.        0.       ],[5. 5. 2. 2. 2.],0.9734458219241932,True,2021.09.29.19.02.14_veh-28_00273_00514,1,1632942721.7998729,331045.3136881809,4690760.6285811085,331065.06441494153,4690743.075014169,b6e21e56bbdb5ba68
1.0,1.0,1.0,1.0,0.3999287915852703,1.0,0.0,1.0,1.0,[0.39992879 1.         0.         1.         0.        ],[5. 5. 2. 2. 2.],0.6428317112804537,True,2021.09.29.14.44.26_veh-28_00238_00320,1,1632927012.2997,330786.751206518,4689884.926166148,330796.18013700127,4689883.702368772,850d4a79f659a9740
1.0,1.0,1.0,1.0,0.7514911720962305,1.0,1.0,1.0,1.0,[0.75149117 1.         1.         1.         0.        ],[5. 5. 2. 2. 2.],0.9112468471772251,True,2021.09.29.19.02.14_veh-28_00273_00514,1,1632942721.2996829,331054.9332211217,4690753.438386641,331068.663723908,4690738.937288275,a0663290a63074719
1.0,1.0,1.0,1.0,1.0,1.0,0.0,1.0,1.0,[1. 1. 0. 1. 0.],[5. 5. 2. 2. 2.],0.8571428571428571,True,2021.05.25.14.16.10_veh-35_01690_02183,1,1621968772.501016,664434.5025633998,3998265.223653984,664433.2864330368,3998274.095972336,d4bddc4246b475541
1.0,0.0,1.0,1.0,0.6423570889567407,1.0,0.0,1.0,0.0,[0.64235709 1.         0.         1.         0.        ],[5. 5. 2. 2. 2.],0.0,True,2021.09.16.15.47.30_veh-45_01199_01391,1,1631808545.300279,587687.6104962525,4475524.260643773,587677.7000417033,4475514.56205328,cfd0e5de5d28d1a6e
0.0,1.0,1.0,1.0,1.0,0.0,0.0,1.0,0.0,[1. 0. 0. 1. 0.],[5. 5. 2. 2. 2.],0.0,True,2021.08.30.14.54.34_veh-40_00439_00835,1,1630335855.5004148,331365.2096015632,4690976.934497197,331387.1307128284,4690963.162194354,51d3d62e78d712283
1.0,1.0,0.0,1.0,1.0,1.0,0.0,0.0,0.0,[1. 1. 0. 0. 0.],[5. 5. 2. 2. 2.],0.0,True,2021.09.29.14.44.26_veh-28_00238_00320,1,1632927011.7998228,330803.51519297913,4689914.5672260355,330788.63009062427,4689891.995514235,370e1eb0a4295a2bc
1.0,1.0,1.0,1.0,0.3621642680958178,1.0,1.0,1.0,1.0,[0.36216427 1.         1.         1.         0.        ],[5. 5. 2. 2. 2.],0.7722015243199349,True,2021.09.29.14.44.26_veh-28_00238_00320,1,1632927011.7998228,330790.85927814007,4689886.289092858,330795.73331234284,4689884.182715482,8cb3057d000fc44fc
1.0,1.0,1.0,1.0,0.6523942389406072,1.0,0.0,1.0,1.0,[0.65239424 1.         0.         1.         0.        ],[5. 5. 2. 2. 2.],0.7329979424787884,True,2021.08.30.14.54.34_veh-40_00439_00835,1,1630335855.5004148,331380.30464704346,4690966.103007864,331392.14439022756,4690960.337518056,51bb4445380dac75e
1.0,0.0,1.0,1.0,1.0,1.0,0.0,1.0,0.0,[1. 1. 0. 1. 0.],[5. 5. 2. 2. 2.],0.0,True,2021.10.06.08.16.17_veh-52_01949_02501,1,1633510672.2000458,364928.7458367717,143501.00961192875,364917.1328731829,143473.88719587747,65d059ca1a57ebca1
1.0,1.0,1.0,1.0,0.8914289765132917,1.0,0.0,1.0,1.0,[0.89142898 1.         0.         1.         0.        ],[5. 5. 2. 2. 2.],0.8183674916118899,True,2021.09.29.19.02.14_veh-28_00273_00514,1,1632942721.2996829,331036.2800476205,4690767.612416856,331063.2171005135,4690745.5720629785,046b8681d380244e2
0.0,1.0,1.0,1.0,1.0,0.0,0.0,1.0,0.0,[1. 0. 0. 1. 0.],[5. 5. 2. 2. 2.],0.0,True,2021.09.16.13.53.10_veh-42_00860_01069,1,1631801380.400394,587758.218015413,4475609.508488497,587738.85609421,4475589.502159525,d38a1a28476d4851e
1.0,0.0,0.5,1.0,0.8838483515258609,1.0,1.0,1.0,0.0,[0.88384835 1.         1.         1.         0.        ],[5. 5. 2. 2. 2.],0.0,True,2021.09.16.13.53.10_veh-42_00860_01069,1,1631801380.9002779,587748.9524637037,4475591.411590106,587731.7960253163,4475586.916647851,1562459800e0a5ba5
1.0,1.0,1.0,1.0,0.8302910837931936,1.0,1.0,1.0,1.0,[0.83029108 1.         1.         1.         0.        ],[5. 5. 2. 2. 2.],0.9393896727832834,True,2021.09.16.14.39.34_veh-42_00297_00935,1,1631803564.199638,588573.6157802194,4475637.737787004,588584.5472510664,4475604.02650794,dc0620e71b9184974
0.0,1.0,1.0,1.0,0.8073804926127084,0.0,0.0,1.0,0.0,[0.80738049 0.         0.         1.         0.        ],[5. 5. 2. 2. 2.],0.0,True,2021.05.25.14.16.10_veh-35_01690_02183,1,1621968772.501016,664431.2370536178,3998267.4062735457,664432.1113916864,3998273.0696814354,4ff48fa4e19774be7
0.5,1.0,1.0,1.0,1.0,0.0,0.0,1.0,0.5,[1. 0. 0. 1. 0.],[5. 5. 2. 2. 2.],0.25,True,2021.05.25.15.59.03_veh-30_04463_04606,1,1621977376.099386,664571.0666710128,3997850.398389737,664547.018802322,3997858.6558327926,bb22e24798c605096
1.0,1.0,1.0,1.0,1.0,0.0,0.0,0.0,1.0,[1. 0. 0. 0. 0.],[5. 5. 2. 2. 2.],0.35714285714285715,True,2021.10.06.07.26.10_veh-52_01245_02064,1,1633506876.700271,364983.0517764291,143534.81522493684,365002.1627159435,143559.78014483157,ac0e0083b3ca184aa
1.0,1.0,1.0,1.0,0.871439102826793,1.0,1.0,1.0,1.0,[0.8714391 1.        1.        1.        0.       ],[5. 5. 2. 2. 2.],0.9540853938667119,True,2021.09.29.14.44.26_veh-28_00238_00320,1,1632927011.7998228,330787.1602772501,4689893.554972019,330792.23979649117,4689884.74470331,f324e70acbaa11675
1.0,0.0,0.5,1.0,1.0,1.0,0.0,1.0,0.0,[1. 1. 0. 1. 0.],[5. 5. 2. 2. 2.],0.0,True,2021.09.16.19.27.01_veh-45_01749_03230,1,1631823130.500547,587614.6901905338,4475953.583384179,587629.1896088914,4475958.365028244,82d900751ef2cc1dc
0.0,1.0,1.0,1.0,1.0,0.0,0.0,1.0,0.0,[1. 0. 0. 1. 0.],[5. 5. 2. 2. 2.],0.0,True,2021.06.28.20.24.43_veh-38_03385_04952,1,1624916576.09966,664204.9480970242,3997425.391147933,664231.9565709126,3997405.3679429484,7c8ff6814e197c909
1.0,0.0,1.0,1.0,0.7932499512088612,1.0,1.0,1.0,0.0,[0.79324995 1.         1.         1.         0.        ],[5. 5. 2. 2. 2.],0.0,True,2021.09.29.19.02.14_veh-28_00273_00514,1,1632942721.2996829,331048.29065942316,4690754.9252500655,331066.14451612654,4690741.0812178645,beb03158751d7049b
1.0,1.0,1.0,1.0,0.8750302731881987,1.0,0.0,1.0,1.0,[0.87503027 1.         0.         1.         0.        ],[5. 5. 2. 2. 2.],0.8125108118529282,True,2021.09.16.14.39.34_veh-42_00032_00186,1,1631803277.1993198,589148.2942594967,4474496.298582695,589137.7245742794,4474520.654581026,ed9b2e5da8e4697ad
1.0,1.0,1.0,1.0,0.6964674941267132,1.0,1.0,1.0,1.0,[0.69646749 1.         1.         1.         0.        ],[5. 5. 2. 2. 2.],0.8915955336166832,True,2021.09.16.19.49.00_veh-42_00990_01609,1,1631823172.0002198,587754.2177998197,4475720.463998972,587740.0654328034,4475735.734594211,339ecba374c29a3ea
0.5,1.0,1.0,1.0,1.0,0.0,1.0,1.0,0.5,[1. 0. 1. 1. 0.],[5. 5. 2. 2. 2.],0.32142857142857145,True,2021.05.25.15.59.03_veh-30_04463_04606,1,1621977376.599292,664577.0222119591,3997852.6507077073,664549.8074471948,3997857.1613758393,6081eace5dbab1fce
1.0,1.0,0.5,1.0,1.0,1.0,0.0,1.0,0.5,[1. 1. 0. 1. 0.],[5. 5. 2. 2. 2.],0.42857142857142855,True,2021.08.30.16.16.44_veh-40_00779_01088,1,1630341048.0002549,331405.7392465811,4691061.431014123,331396.86487863876,4691065.934000155,2c22ca80805d11abc
0.0,1.0,1.0,1.0,1.0,0.0,0.0,1.0,0.0,[1. 0. 0. 1. 0.],[5. 5. 2. 2. 2.],0.0,True,2021.09.29.15.23.04_veh-28_00601_00802,1,1632929933.799795,330932.0768193114,4690838.775875424,330946.73389960895,4690828.664464365,78501e6f18988cb91
1.0,1.0,1.0,1.0,0.6848368689473326,1.0,0.0,1.0,1.0,[0.68483687 1.         0.         1.         0.        ],[5. 5. 2. 2. 2.],0.7445845960526187,True,2021.08.30.14.54.34_veh-40_00439_00835,1,1630335855.5004148,331381.5094198316,4690967.323554476,331393.9988419783,4690959.404782843,ba9155b84dc322eac
0.0,1.0,1.0,1.0,1.0,0.0,0.0,1.0,0.0,[1. 0. 0. 1. 0.],[5. 5. 2. 2. 2.],0.0,True,2021.05.25.14.16.10_veh-35_01690_02183,1,1621968773.0009708,664430.3119314637,3998268.588231098,664431.9112653217,3998278.1738917627,50da2cb15a6c805e6
0.0,0.0,0.5,1.0,1.0,0.0,1.0,1.0,0.0,[1. 0. 1. 1. 0.],[5. 5. 2. 2. 2.],0.0,True,2021.09.29.14.44.26_veh-28_00528_00992,1,1632927636.799638,331671.25762342074,4690785.519578587,331645.321085871,4690783.644933788,01d8a706eb3443501
1.0,1.0,0.0,1.0,1.0,1.0,0.0,1.0,0.0,[1. 1. 0. 1. 0.],[5. 5. 2. 2. 2.],0.0,True,2021.09.16.17.40.09_veh-45_02539_02745,1,1631816779.400143,587733.4333222084,4475896.612677997,587765.3088961331,4475877.945706219,9dc9fc49b0eb8dd9c
1.0,1.0,0.0,1.0,1.0,1.0,0.0,1.0,0.0,[1. 1. 0. 1. 0.],[5. 5. 2. 2. 2.],0.0,True,2021.09.16.14.39.34_veh-42_00032_00186,1,1631803276.6995718,589145.7515873078,4474500.371429304,589137.1266777705,4474524.499187367,dd6072ab6974966f7
0.0,1.0,1.0,1.0,1.0,0.0,1.0,1.0,0.0,[1. 0. 1. 1. 0.],[5. 5. 2. 2. 2.],0.0,True,2021.06.03.18.47.39_veh-35_00503_00777,1,1622761051.701135,664965.7323417681,3999613.8597908127,664958.2563432911,3999612.8396272017,b51661ff3ed628c29
1.0,1.0,1.0,1.0,0.9679395912166883,1.0,1.0,1.0,1.0,[0.96793959 1.         1.         1.         0.        ],[5. 5. 2. 2. 2.],0.9885498540059601,True,2021.08.16.14.23.37_veh-45_00015_00132,1,1629124052.000155,588924.0012993406,4474989.2856131075,588937.395395348,4474948.645179497,a0dee764f3cd352e8
0.5,1.0,1.0,1.0,1.0,0.0,1.0,1.0,0.5,[1. 0. 1. 1. 0.],[5. 5. 2. 2. 2.],0.32142857142857145,True,2021.09.16.19.49.00_veh-42_00990_01609,1,1631823172.0002198,587754.07566804,4475723.170514536,587740.6695289306,4475733.923509863,cade01084629da760
1.0,0.0,1.0,1.0,0.6597448843954343,1.0,1.0,1.0,0.0,[0.65974488 1.         1.         1.         0.        ],[5. 5. 2. 2. 2.],0.0,True,2021.09.16.19.27.01_veh-45_00472_00711,1,1631821126.499909,587998.4080570191,4475699.21928031,588012.0225703688,4475700.999409283,17ea9cff5974892cb
1.0,1.0,1.0,1.0,0.63289770949821,1.0,0.0,1.0,1.0,[0.63289771 1.         0.         1.         0.        ],[5. 5. 2. 2. 2.],0.7260348962493607,True,2021.09.16.15.47.30_veh-45_01199_01391,1,1631808545.300279,587685.0788530203,4475523.054124083,587675.1210537329,4475514.192052336,24c8b908f552c5946
1.0,1.0,1.0,1.0,0.9088796389211079,1.0,1.0,1.0,1.0,[0.90887964 1.         1.         1.         0.        ],[5. 5. 2. 2. 2.],0.9674570139003957,True,2021.08.16.14.23.37_veh-45_00015_00132,1,1629124052.499943,588933.8521010254,4474957.734743705,588941.8084467965,4474936.405431867,10933ac8239bd6fbb
0.0,1.0,0.5,1.0,1.0,0.0,1.0,1.0,0.0,[1. 0. 1. 1. 0.],[5. 5. 2. 2. 2.],0.0,True,2021.08.30.16.16.44_veh-40_00779_01088,1,1630341048.500202,331416.87255501916,4691054.562115778,331402.7996983792,4691062.327087606,8732dc54a30ca7f80
1.0,1.0,1.0,1.0,0.006101392453986195,1.0,1.0,1.0,1.0,[0.00610139 1.         1.         1.         0.        ],[5. 5. 2. 2. 2.],0.6450362115907095,True,2021.05.25.15.59.03_veh-30_04463_04606,1,1621977376.599292,664540.885004846,3997860.871852128,664540.8674866006,3997860.8817061186,3d093356af980da3c
1.0,1.0,0.0,1.0,1.0,0.0,0.0,0.0,0.0,[1. 0. 0. 0. 0.],[5. 5. 2. 2. 2.],0.0,True,2021.09.16.19.27.01_veh-45_01749_03230,1,1631822556.4997149,587664.5462439093,4475723.565104244,587678.9147214054,4475751.135867895,a91425257255ef015
1.0,1.0,1.0,1.0,0.5850996252276014,1.0,1.0,1.0,1.0,[0.58509963 1.         1.         1.         0.        ],[5. 5. 2. 2. 2.],0.8518212947241433,True,2021.06.28.16.29.11_veh-38_03263_03766,1,1624901670.3003619,664466.2713973335,3997442.074842016,664466.9509073669,3997436.1884442107,686b6dd5e1ca96d8a
0.5,1.0,1.0,1.0,1.0,0.0,1.0,1.0,0.5,[1. 0. 1. 1. 0.],[5. 5. 2. 2. 2.],0.32142857142857145,True,2021.05.25.15.59.03_veh-30_04463_04606,1,1621977376.099386,664581.2269775842,3997851.241005888,664551.1370934449,3997855.633923935,ce2057b130f4218b8
1.0,0.0,0.0,1.0,1.0,1.0,0.0,1.0,0.0,[1. 1. 0. 1. 0.],[5. 5. 2. 2. 2.],0.0,True,2021.09.16.19.27.01_veh-45_01749_03230,1,1631823130.000381,587609.3568689779,4475939.210562879,587629.7659988014,4475957.57005844,48bf246ac8952b23d
1.0,1.0,1.0,1.0,1.0,1.0,0.0,1.0,1.0,[1. 1. 0. 1. 0.],[5. 5. 2. 2. 2.],0.8571428571428571,True,2021.06.03.18.47.39_veh-35_00503_00777,1,1622761052.2013738,664962.589052312,3999616.1436954252,664956.1458198485,3999613.950639914,0d61761d225f31579
1.0,1.0,1.0,1.0,1.0,1.0,0.0,1.0,1.0,[1. 1. 0. 1. 0.],[5. 5. 2. 2. 2.],0.8571428571428571,True,2021.06.03.13.55.17_veh-35_02866_03582,1,1622746182.1008449,664459.1180566523,3998177.705802616,664459.3633037601,3998167.020343994,6023b53fce21949e9
1.0,1.0,1.0,1.0,0.5142081586416507,1.0,1.0,1.0,1.0,[0.51420816 1.         1.         1.         0.        ],[5. 5. 2. 2. 2.],0.8265029138005896,True,2021.06.28.16.29.11_veh-38_03263_03766,1,1624901670.3003619,664468.501567512,3997445.390831492,664467.9587595025,3997438.4577555233,917bf16baa9646d6c
1.0,0.0,0.0,1.0,1.0,1.0,0.0,1.0,0.0,[1. 1. 0. 1. 0.],[5. 5. 2. 2. 2.],0.0,True,2021.09.29.14.44.26_veh-28_00238_00320,1,1632927012.2997,330806.4338843881,4689922.085193161,330788.3049659803,4689894.769016261,9dd3876cb173c36aa
0.0,1.0,0.0,1.0,1.0,0.0,0.0,1.0,0.0,[1. 0. 0. 1. 0.],[5. 5. 2. 2. 2.],0.0,True,2021.10.06.07.26.10_veh-52_00953_01126,1,1633506283.69979,365851.6091305347,143237.64051476962,365827.97524984286,143262.37899204562,b70d444b82722ea24
1.0,1.0,1.0,1.0,1.0,1.0,1.0,1.0,1.0,[1. 1. 1. 1. 0.],[5. 5. 2. 2. 2.],1.0,True,2021.06.28.20.24.43_veh-38_03385_04952,1,1624916576.5994458,664237.6002517443,3997399.2600419438,664245.4462390201,3997394.3412069483,587695426dcca63ae
1.0,1.0,1.0,1.0,1.0,1.0,1.0,0.0,1.0,[1. 1. 1. 0. 0.],[5. 5. 2. 2. 2.],0.8571428571428571,True,2021.09.16.19.27.01_veh-45_01749_03230,1,1631822556.4997149,587670.2707022633,4475736.495801504,587677.6137441222,4475755.6750905,c3f5f5f99bb34c5b9
1.0,0.0,0.0,1.0,1.0,1.0,0.0,1.0,0.0,[1. 1. 0. 1. 0.],[5. 5. 2. 2. 2.],0.0,True,2021.10.06.07.26.10_veh-52_01245_02064,1,1633507280.1999679,365070.776069643,143810.1822904607,365085.09623293695,143823.81214392677,4ffc297962a8fbd17
0.0,1.0,0.5,1.0,1.0,0.0,1.0,1.0,0.0,[1. 0. 1. 1. 0.],[5. 5. 2. 2. 2.],0.0,True,2021.09.29.14.44.26_veh-28_00528_00992,1,1632927636.799638,331663.3706020605,4690764.558788815,331643.479106643,4690783.481341935,5a7bb6958f668a475
1.0,1.0,0.5,1.0,0.9806267432062945,1.0,1.0,1.0,0.5,[0.98062674 1.         1.         1.         0.        ],[5. 5. 2. 2. 2.],0.4965404898582669,True,2021.10.06.07.26.10_veh-52_00953_01126,1,1633506283.69979,365829.61121313064,143259.18333188022,365820.9675125104,143271.63954545456,4c0a5d617a08c1e9e
1.0,0.0,0.5,0.0,1.0,1.0,0.0,1.0,0.0,[1. 1. 0. 1. 0.],[5. 5. 2. 2. 2.],0.0,True,2021.09.16.19.12.04_veh-42_01438_01677,1,1631821483.000248,587992.2532050523,4475694.808294061,587954.550578254,4475717.184659488,5046d4b4e74d6cbbd
1.0,1.0,1.0,1.0,0.40201702061844896,1.0,1.0,1.0,1.0,[0.40201702 1.         1.         1.         0.        ],[5. 5. 2. 2. 2.],0.7864346502208746,True,2021.10.06.08.16.17_veh-52_01949_02501,1,1633510672.2000458,364919.22852982127,143467.11591358512,364919.0479267429,143461.51144279915,bd9cfcf17b064f7df
0.0,1.0,1.0,1.0,1.0,0.0,0.0,1.0,0.0,[1. 0. 0. 1. 0.],[5. 5. 2. 2. 2.],0.0,True,2021.09.16.13.53.10_veh-42_00860_01069,1,1631801380.9002779,587767.2399545237,4475621.413700259,587744.6615052727,4475594.11723701,956a8bcaa1a0b0856
1.0,1.0,0.0,1.0,1.0,1.0,1.0,1.0,0.0,[1. 1. 1. 1. 0.],[5. 5. 2. 2. 2.],0.0,True,2021.10.06.07.26.10_veh-52_00953_01126,1,1633506283.69979,365843.54603547306,143245.25615597688,365824.77066780545,143266.36789789118,63c41e35465456dc7
1.0,1.0,1.0,1.0,0.9498569165151325,1.0,0.0,0.0,1.0,[0.94985692 1.         0.         0.         0.        ],[5. 5. 2. 2. 2.],0.6963774701839759,True,2021.09.29.19.02.14_veh-28_00273_00514,1,1632942721.2996829,331026.9474586159,4690773.243285917,331060.69896524295,4690748.303277953,78a6c5025d620a6b9
1.0,0.0,0.0,1.0,1.0,1.0,0.0,1.0,0.0,[1. 1. 0. 1. 0.],[5. 5. 2. 2. 2.],0.0,True,2021.08.30.16.16.44_veh-40_01099_01351,1,1630341567.500442,332262.9137672902,4690405.879064222,332235.30441425537,4690422.873957054,03a6d53a889503fa1
1.0,1.0,1.0,1.0,0.6076980804614818,1.0,0.0,1.0,1.0,[0.60769808 1.         0.         1.         0.        ],[5. 5. 2. 2. 2.],0.7170350287362436,True,2021.08.30.14.54.34_veh-40_00439_00835,1,1630335855.000484,331382.67931471195,4690965.829706656,331393.8244879511,4690959.649925773,9d5c879308ff1f5b5
1.0,0.0,0.5,1.0,0.8794391506333837,1.0,0.0,1.0,0.0,[0.87943915 1.         0.         1.         0.        ],[5. 5. 2. 2. 2.],0.0,True,2021.10.06.08.16.17_veh-52_00922_01296,1,1633509215.2006,365579.5050900785,143793.92825233273,365576.08508129243,143784.17125898736,a18d6dca51d1c96c6
1.0,1.0,1.0,1.0,0.0,1.0,1.0,1.0,1.0,[0. 1. 1. 1. 0.],[5. 5. 2. 2. 2.],0.6428571428571429,True,2021.10.06.07.26.10_veh-52_01245_02064,1,1633507280.7003949,365091.2946156172,143824.64568629273,365091.3216256379,143824.63795828822,ab4e7191ed67b8ea4
1.0,1.0,1.0,1.0,0.05987088744160925,1.0,1.0,1.0,1.0,[0.05987089 1.         1.         1.         0.        ],[5. 5. 2. 2. 2.],0.6642396026577175,True,2021.10.06.07.26.10_veh-52_01245_02064,1,1633507280.1999679,365091.4280839119,143824.5993456792,365091.55970963254,143824.5612056651,cd5f94c276881c890
1.0,1.0,1.0,1.0,0.8536810975077695,1.0,1.0,1.0,1.0,[0.8536811 1.        1.        1.        0.       ],[5. 5. 2. 2. 2.],0.9477432491099177,True,2021.10.06.07.26.10_veh-52_00953_01126,1,1633506284.199821,365861.3371956745,143231.54125381782,365833.0085982808,143257.5543852438,ef019ffb0a16f5e9f
1.0,1.0,1.0,1.0,0.6008598320231361,1.0,1.0,1.0,1.0,[0.60085983 1.         1.         1.         0.        ],[5. 5. 2. 2. 2.],0.8574499400082629,True,2021.09.29.19.02.14_veh-28_00273_00514,1,1632942721.7998729,331056.819914076,4690751.3261545105,331066.3871516756,4690741.475915953,d9a1e3491e140bd54
1.0,1.0,1.0,1.0,0.3801824609335911,1.0,1.0,1.0,1.0,[0.38018246 1.         1.         1.         0.        ],[5. 5. 2. 2. 2.],0.7786365931905682,True,2021.10.06.07.26.10_veh-52_00953_01126,1,1633506284.199821,365824.06384628464,143264.95716768398,365821.27935589734,143269.68527611133,1c968570d73ed5505
0.0,1.0,1.0,1.0,1.0,0.0,1.0,1.0,0.0,[1. 0. 1. 1. 0.],[5. 5. 2. 2. 2.],0.0,True,2021.09.29.15.23.04_veh-28_00601_00802,1,1632929933.299629,330932.4696497974,4690838.3228054205,330947.6426629056,4690827.768164655,47333aea0afd08b32
1.0,1.0,0.5,1.0,1.0,1.0,0.0,1.0,0.5,[1. 1. 0. 1. 0.],[5. 5. 2. 2. 2.],0.42857142857142855,True,2021.09.29.14.44.26_veh-28_00238_00320,1,1632927012.2997,330792.7178169063,4689904.818922463,330789.0969418106,4689890.591470462,974c47a86ec212e1d
0.0,1.0,1.0,1.0,1.0,0.0,0.0,1.0,0.0,[1. 0. 0. 1. 0.],[5. 5. 2. 2. 2.],0.0,True,2021.05.25.14.16.10_veh-35_01690_02183,1,1621968772.501016,664430.5316974954,3998257.6430863575,664431.6624587575,3998273.2004933893,230446b36041db9de
1.0,0.0,0.5,1.0,1.0,1.0,0.0,1.0,0.0,[1. 1. 0. 1. 0.],[5. 5. 2. 2. 2.],0.0,True,2021.08.30.16.16.44_veh-40_00779_01088,1,1630341048.0002549,331402.47721101757,4691064.676916468,331396.0937335393,4691066.8820935795,8d969226c609be10d
1.0,1.0,0.5,1.0,0.531138381767375,1.0,0.0,1.0,0.5,[0.53113838 1.         0.         1.         0.        ],[5. 5. 2. 2. 2.],0.344846139601317,True,2021.08.30.16.16.44_veh-40_00779_01088,1,1630341048.500202,331402.2323973837,4691063.048827326,331395.0516632735,4691067.041706793,fb83b02b78181e4f8
1.0,1.0,1.0,1.0,1.0,1.0,0.0,1.0,1.0,[1. 1. 0. 1. 0.],[5. 5. 2. 2. 2.],0.8571428571428571,True,2021.09.29.19.02.14_veh-28_00964_01689,1,1632943826.7998168,331366.0032892971,4690962.476404073,331355.0748055004,4690967.600966373,3e179fc29839a19a3
1.0,0.0,0.5,1.0,1.0,1.0,0.0,1.0,0.0,[1. 1. 0. 1. 0.],[5. 5. 2. 2. 2.],0.0,True,2021.08.30.16.16.44_veh-40_01099_01351,1,1630341567.000501,332242.8344798185,4690417.234292124,332227.08831798565,4690427.468817052,f22018746ab277cda
1.0,0.0,1.0,1.0,0.37073246794534337,1.0,1.0,1.0,0.0,[0.37073247 1.         1.         1.         0.        ],[5. 5. 2. 2. 2.],0.0,True,2021.09.16.19.12.04_veh-42_01438_01677,1,1631821483.500259,587958.2991298939,4475714.711802934,587949.8798759907,4475720.082939087,f6eaaf2106ca53ffa
1.0,1.0,1.0,1.0,0.831236076610148,1.0,1.0,1.0,1.0,[0.83123608 1.         1.         1.         0.        ],[5. 5. 2. 2. 2.],0.9397271702179099,True,2021.09.16.15.47.30_veh-45_01199_01391,1,1631808545.300279,587701.9377825118,4475543.044313997,587682.7168340511,4475519.559818678,c27589c1692f0a130
1.0,1.0,0.0,1.0,1.0,1.0,0.0,1.0,0.0,[1. 1. 0. 1. 0.],[5. 5. 2. 2. 2.],0.0,True,2021.09.16.13.53.10_veh-42_00180_00342,1,1631800708.4001288,589183.4422500796,4474410.686867683,589198.4702858245,4474379.120741397,54ce409a64180a221
1.0,0.0,0.0,1.0,1.0,1.0,0.0,1.0,0.0,[1. 1. 0. 1. 0.],[5. 5. 2. 2. 2.],0.0,True,2021.09.16.19.27.01_veh-45_01749_03230,1,1631823130.500547,587607.6268207446,4475938.7784501985,587626.3670074632,4475956.958782272,9e3a4761b9b643940
0.0,0.0,1.0,1.0,1.0,0.0,0.0,1.0,0.0,[1. 0. 0. 1. 0.],[5. 5. 2. 2. 2.],0.0,True,2021.08.30.14.54.34_veh-40_00439_00835,1,1630335855.5004148,331355.593674574,4690985.687972534,331384.7496701544,4690965.769031763,7c6eb3ebf2ec0a507
1.0,1.0,1.0,1.0,0.37717353619889854,1.0,0.0,1.0,1.0,[0.37717354 1.         0.         1.         0.        ],[5. 5. 2. 2. 2.],0.6347048343567495,True,2021.08.30.14.54.34_veh-40_00439_00835,1,1630335855.5004148,331386.91008998745,4690963.046081766,331391.9479754253,4690959.940990742,645751bf568658675
1.0,1.0,1.0,1.0,0.5300257173830164,1.0,0.0,1.0,1.0,[0.53002572 1.         0.         1.         0.        ],[5. 5. 2. 2. 2.],0.689294899065363,True,2021.09.16.19.12.04_veh-42_01438_01677,1,1631821483.000248,587953.4630835627,4475717.964565871,587944.0278536472,4475724.44206187,bad2ff79565afa1d2
1.0,0.0,0.0,1.0,1.0,1.0,0.0,1.0,0.0,[1. 1. 0. 1. 0.],[5. 5. 2. 2. 2.],0.0,True,2021.09.16.13.53.10_veh-42_00180_00342,1,1631800708.8997898,589179.8649917237,4474417.962773448,589196.0618169806,4474382.097445443,b2b89aaeeff8dd8dd
1.0,1.0,0.0,1.0,1.0,0.0,0.0,0.0,0.0,[1. 0. 0. 0. 0.],[5. 5. 2. 2. 2.],0.0,True,2021.09.16.19.27.01_veh-45_01749_03230,1,1631822555.999821,587668.2971072186,4475725.295508852,587678.162793838,4475754.109699029,3638bc9577d1ebfa6
1.0,1.0,1.0,1.0,0.5578049584304158,1.0,1.0,1.0,1.0,[0.55780496 1.         1.         1.         0.        ],[5. 5. 2. 2. 2.],0.8420731994394342,True,2021.09.29.19.02.14_veh-28_00273_00514,1,1632942721.2996829,331068.1354192814,4690743.507445552,331069.5562861438,4690734.842274067,427601a379941fcbc
1.0,0.0,1.0,1.0,1.0,1.0,1.0,1.0,0.0,[1. 1. 1. 1. 0.],[5. 5. 2. 2. 2.],0.0,True,2021.09.16.14.39.34_veh-42_00297_00935,1,1631803564.69955,588572.4361296688,4475634.444891628,588583.290973285,4475603.382087263,63c3e07f95869dd8a
0.0,1.0,1.0,0.0,1.0,0.0,0.0,1.0,0.0,[1. 0. 0. 1. 0.],[5. 5. 2. 2. 2.],0.0,True,2021.09.16.14.39.34_veh-42_00297_00935,1,1631804032.6995518,587730.2409824145,4475590.458816039,587719.1634460655,4475595.773042775,221c392b5c088f6ce
1.0,0.0,0.5,1.0,1.0,1.0,0.0,1.0,0.0,[1. 1. 0. 1. 0.],[5. 5. 2. 2. 2.],0.0,True,2021.08.30.16.16.44_veh-40_01099_01351,1,1630341567.000501,332240.72395562154,4690420.669754274,332225.19923579285,4690428.823896728,bc20b8c58a5cffb8d
1.0,1.0,1.0,1.0,1.0,1.0,1.0,1.0,1.0,[1. 1. 1. 1. 0.],[5. 5. 2. 2. 2.],1.0,True,2021.06.03.18.47.39_veh-35_00503_00777,1,1622761051.701135,664961.7827643524,3999613.7764692274,664952.6027402122,3999613.9313781364,f1e82aeab9ae98314
1.0,1.0,0.0,1.0,1.0,1.0,0.0,1.0,0.0,[1. 1. 0. 1. 0.],[5. 5. 2. 2. 2.],0.0,True,2021.09.29.19.02.14_veh-28_03198_03360,1,1632945448.299881,332335.1476056563,4690420.702633346,332311.64159436326,4690392.474565533,dc91e0fc1f890f6bc
0.0,1.0,1.0,1.0,1.0,0.0,0.0,1.0,0.0,[1. 0. 0. 1. 0.],[5. 5. 2. 2. 2.],0.0,True,2021.05.25.14.16.10_veh-35_01690_02183,1,1621968772.501016,664430.2969614363,3998263.376414936,664431.6918729283,3998273.138272984,a43ef1df0d28a30db
1.0,1.0,1.0,1.0,1.0,1.0,1.0,1.0,1.0,[1. 1. 1. 1. 0.],[5. 5. 2. 2. 2.],1.0,True,2021.09.16.13.53.10_veh-42_00860_01069,1,1631801380.400394,587737.8589549052,4475579.318577004,587728.4083029901,4475587.645314199,909281fad5f1bd401
1.0,0.0,1.0,1.0,1.0,1.0,0.0,1.0,0.0,[1. 1. 0. 1. 0.],[5. 5. 2. 2. 2.],0.0,True,2021.10.06.08.16.17_veh-52_01949_02501,1,1633510282.700223,365755.3916542124,142948.71921367449,365735.9716486885,142951.03400009262,9e0e0c6fe70eeb1d8
1.0,1.0,1.0,1.0,1.0,1.0,0.0,1.0,1.0,[1. 1. 0. 1. 0.],[5. 5. 2. 2. 2.],0.8571428571428571,True,2021.06.03.13.55.17_veh-35_02866_03582,1,1622746182.1008449,664457.253599338,3998175.8604791905,664457.9144714007,3998169.3686514427,e2d605dbd1207f15f
1.0,1.0,0.0,1.0,1.0,1.0,1.0,1.0,0.0,[1. 1. 1. 1. 0.],[5. 5. 2. 2. 2.],0.0,True,2021.09.16.14.39.34_veh-42_00032_00186,1,1631803276.6995718,589154.8629738727,4474483.373056424,589138.1588504191,4474520.223861279,5776fb2bb724aff1e
1.0,0.0,0.0,1.0,1.0,1.0,0.0,1.0,0.0,[1. 1. 0. 1. 0.],[5. 5. 2. 2. 2.],0.0,True,2021.08.30.16.16.44_veh-40_01099_01351,1,1630341567.000501,332259.34480492637,4690409.288235342,332231.48418093787,4690424.597291325,355d2f57b20f32e9c
1.0,1.0,1.0,1.0,0.7662964655816784,1.0,0.0,1.0,1.0,[0.76629647 1.         0.         1.         0.        ],[5. 5. 2. 2. 2.],0.7736773091363138,True,2021.09.29.19.02.14_veh-28_00273_00514,1,1632942721.7998729,331038.6572169469,4690766.671639551,331060.14519814216,4690749.239039196,556038b758f3b54f6
1.0,1.0,1.0,1.0,0.7544933863407041,1.0,0.0,1.0,1.0,[0.75449339 1.         0.         1.         0.        ],[5. 5. 2. 2. 2.],0.7694619236931085,True,2021.09.16.14.39.34_veh-42_00032_00186,1,1631803276.6995718,589146.6992248619,4474499.571223414,589136.4459143758,4474523.435608312,b5f4b999881d2b7f7
1.0,1.0,0.0,1.0,1.0,1.0,1.0,1.0,0.0,[1. 1. 1. 1. 0.],[5. 5. 2. 2. 2.],0.0,True,2021.09.16.19.27.01_veh-45_00472_00711,1,1631821126.999842,587984.5805225194,4475700.379521133,588007.241014984,4475697.498890225,01f31009879396921
1.0,1.0,1.0,1.0,1.0,1.0,0.0,1.0,1.0,[1. 1. 0. 1. 0.],[5. 5. 2. 2. 2.],0.8571428571428571,True,2021.05.25.15.59.03_veh-30_04463_04606,1,1621977376.099386,664567.1083665743,3997848.743260839,664547.6047395676,3997857.722618089,7133408c5a1a6f3bf
1.0,1.0,1.0,1.0,0.27201615764437237,1.0,1.0,1.0,1.0,[0.27201616 1.         1.         1.         0.        ],[5. 5. 2. 2. 2.],0.7400057705872758,True,2021.10.06.07.26.10_veh-52_01245_02064,1,1633507280.7003949,365085.26628450566,143825.02923820223,365089.62219531334,143824.5920284461,d6d8e9eb7b9c1befa
1.0,0.0,1.0,1.0,0.8327171218411108,1.0,1.0,1.0,0.0,[0.83271712 1.         1.         1.         0.        ],[5. 5. 2. 2. 2.],0.0,True,2021.10.06.07.26.10_veh-52_00953_01126,1,1633506284.199821,365848.1291302811,143244.3625323281,365827.22180999635,143263.89944864143,ad215da365bb78fd6
1.0,1.0,0.0,1.0,1.0,1.0,0.0,1.0,0.0,[1. 1. 0. 1. 0.],[5. 5. 2. 2. 2.],0.0,True,2021.09.16.13.53.10_veh-42_00180_00342,1,1631800708.8997898,589188.4320687203,4474399.475707279,589198.2059165732,4474378.521360258,fd26db12e49fe9b3e
1.0,1.0,1.0,1.0,1.0,1.0,1.0,1.0,1.0,[1. 1. 1. 1. 0.],[5. 5. 2. 2. 2.],1.0,True,2021.09.16.14.39.34_veh-42_00032_00186,1,1631803276.6995718,589158.5691592866,4474473.519609883,589140.0869508046,4474514.938834784,e373db6dd950e3e73
1.0,1.0,1.0,1.0,0.05660805562162418,1.0,1.0,1.0,1.0,[0.05660806 1.         1.         1.         0.        ],[5. 5. 2. 2. 2.],0.6630743055791515,True,2021.08.30.14.54.34_veh-40_00439_00835,1,1630335855.000484,331399.67582631996,4690956.021426746,331399.7667247046,4690955.943984009,45d88e7f92a4a9e74
1.0,1.0,1.0,1.0,0.3232250492413273,1.0,1.0,1.0,1.0,[0.32322505 1.         1.         1.         0.        ],[5. 5. 2. 2. 2.],0.7582946604433312,True,2021.09.16.19.12.04_veh-42_01438_01677,1,1631821483.500259,587948.7981086911,4475720.845920483,587944.477203336,4475723.658049172,10369bbacaa4e3b7d
0.5,1.0,1.0,1.0,1.0,0.0,1.0,1.0,0.5,[1. 0. 1. 1. 0.],[5. 5. 2. 2. 2.],0.32142857142857145,True,2021.09.16.19.49.00_veh-42_00990_01609,1,1631823172.5002549,587747.4237701341,4475729.663809258,587739.464325661,4475735.63945814,03e37daebfce2fb65
1.0,1.0,1.0,1.0,0.7788645769606555,1.0,0.0,1.0,1.0,[0.77886458 1.         0.         1.         0.        ],[5. 5. 2. 2. 2.],0.7781659203430912,True,2021.10.06.07.26.10_veh-52_00006_00398,1,1633505537.1997058,365238.430241953,143335.4799032582,365217.54036136024,143350.833312407,5bc5b9c19039b3131
1.0,0.0,1.0,1.0,0.7901266037263667,1.0,0.0,1.0,0.0,[0.7901266 1.        0.        1.        0.       ],[5. 5. 2. 2. 2.],0.0,True,2021.10.06.08.16.17_veh-52_01949_02501,1,1633510672.2000458,364917.8499054115,143484.7346440413,364918.54948935425,143465.99520542414,517aaa2753027db17
1.0,1.0,1.0,1.0,0.6139603603343065,1.0,1.0,1.0,1.0,[0.61396036 1.         1.         1.         0.        ],[5. 5. 2. 2. 2.],0.8621287001193952,True,2021.10.06.08.16.17_veh-52_01949_02501,1,1633510282.200049,365732.6437320367,142952.67899659515,365725.9271007044,142957.66901878174,b01ea6107aea79f6c
1.0,0.0,0.0,1.0,1.0,1.0,0.0,1.0,0.0,[1. 1. 0. 1. 0.],[5. 5. 2. 2. 2.],0.0,True,2021.08.30.16.16.44_veh-40_01099_01351,1,1630341567.500442,332250.6794741808,4690414.721122195,332233.18669403665,4690424.400182594,7e80b831e8ff5883f
1.0,1.0,1.0,1.0,0.9672218812794221,1.0,0.0,1.0,1.0,[0.96722188 1.         0.         1.         0.        ],[5. 5. 2. 2. 2.],0.8454363861712222,True,2021.09.16.17.40.09_veh-45_02539_02745,1,1631816779.400143,587727.6970106881,4475903.956435802,587761.5239841088,4475881.292826206,3d8397f4fcf5d9ec3
0.0,0.0,1.0,1.0,1.0,0.0,1.0,1.0,0.0,[1. 0. 1. 1. 0.],[5. 5. 2. 2. 2.],0.0,True,2021.08.30.16.16.44_veh-40_01099_01351,1,1630341567.500442,332271.9405827907,4690395.436301138,332236.92987053323,4690419.796451327,85ec4ed1a5648c678
1.0,1.0,1.0,1.0,0.8653077558282014,1.0,0.0,1.0,1.0,[0.86530776 1.         0.         1.         0.        ],[5. 5. 2. 2. 2.],0.8090384842243576,True,2021.09.16.15.47.30_veh-45_01199_01391,1,1631808545.799963,587699.4093428827,4475540.512226299,587680.9528542529,4475518.489461501,55e61bb960bd1bfcd
1.0,1.0,1.0,1.0,0.8413867055153488,1.0,1.0,1.0,1.0,[0.84138671 1.         1.         1.         0.        ],[5. 5. 2. 2. 2.],0.9433523948269104,True,2021.10.06.07.26.10_veh-52_01245_02064,1,1633506876.700271,364998.6434340975,143552.85585625673,365001.9857943466,143566.6448963175,83daac46cb68fabb0
1.0,1.0,1.0,1.0,0.7965717660742493,1.0,1.0,1.0,1.0,[0.79657177 1.         1.         1.         0.        ],[5. 5. 2. 2. 2.],0.9273470593122318,True,2021.10.06.08.16.17_veh-52_00922_01296,1,1633509215.2006,365572.3882877211,143847.28802702768,365575.5330719784,143808.87151094055,2ad55ac1a6a8d1422
1.0,1.0,0.5,1.0,0.7212732774181123,1.0,1.0,1.0,0.5,[0.72127328 1.         1.         1.         0.        ],[5. 5. 2. 2. 2.],0.4502273709675201,True,2021.09.16.19.27.01_veh-45_00472_00711,1,1631821126.499909,587989.0544383948,4475699.978278483,588009.1855762133,4475699.0871634595,37630795fa7fa1e51
1.0,0.0,0.0,1.0,1.0,1.0,0.0,1.0,0.0,[1. 1. 0. 1. 0.],[5. 5. 2. 2. 2.],0.0,True,2021.10.06.07.26.10_veh-52_01245_02064,1,1633506877.200578,364998.2039667908,143548.96387390958,365005.1183304255,143565.18019237035,d8c1cf6f6a65ad21d
1.0,1.0,0.0,1.0,1.0,1.0,0.0,1.0,0.0,[1. 1. 0. 1. 0.],[5. 5. 2. 2. 2.],0.0,True,2021.09.16.17.40.09_veh-45_02539_02745,1,1631816778.90045,587739.7124334063,4475893.58037979,587768.3306933785,4475876.301686578,c279c0b2210285c1f
1.0,1.0,1.0,1.0,0.9602823371237911,1.0,0.0,1.0,1.0,[0.96028234 1.         0.         1.         0.        ],[5. 5. 2. 2. 2.],0.8429579775442111,True,2021.10.06.07.26.10_veh-52_00953_01126,1,1633506284.199821,365824.9864337572,143264.95719850992,365819.5643463678,143274.07016874358,ad123ee37bc2eb842
1.0,1.0,1.0,1.0,0.7844741035551627,1.0,0.0,1.0,1.0,[0.7844741 1.        0.        1.        0.       ],[5. 5. 2. 2. 2.],0.7801693226982724,True,2021.10.06.08.16.17_veh-52_00922_01296,1,1633509214.7003329,365576.04725462483,143828.97678974253,365576.4783393358,143797.98497122174,d617dbbef56f36875
1.0,1.0,1.0,1.0,0.6263639290170335,1.0,1.0,1.0,1.0,[0.62636393 1.         1.         1.         0.        ],[5. 5. 2. 2. 2.],0.8665585460775119,True,2021.09.29.19.02.14_veh-28_00273_00514,1,1632942721.2996829,331064.40674827085,4690738.148201556,331067.16603429645,4690733.869210151,ebc1dc2ec0e635ae3
1.0,1.0,1.0,1.0,0.9928558138214781,1.0,0.0,1.0,1.0,[0.99285581 1.         0.         1.         0.        ],[5. 5. 2. 2. 2.],0.8545913620790994,True,2021.05.25.14.16.10_veh-35_01690_02183,1,1621968773.0009708,664434.5489101182,3998265.831010899,664433.4823057448,3998273.232798171,ceb646b2fba95ebf9
1.0,0.0,1.0,1.0,1.0,1.0,0.0,1.0,0.0,[1. 1. 0. 1. 0.],[5. 5. 2. 2. 2.],0.0,True,2021.09.16.14.39.34_veh-42_01609_01687,1,1631804872.699662,589006.6793603885,4474757.345858305,588980.907978144,4474804.805986899,5b9f80fbe5e67358f
1.0,1.0,1.0,1.0,1.0,1.0,0.0,1.0,1.0,[1. 1. 0. 1. 0.],[5. 5. 2. 2. 2.],0.8571428571428571,True,2021.06.03.13.55.17_veh-35_02866_03582,1,1622746182.6010609,664461.1213352566,3998171.971015171,664460.2570285486,3998168.532859629,f5a7ab053fe5143f8
1.0,1.0,1.0,1.0,0.4765600454711448,1.0,1.0,1.0,1.0,[0.47656005 1.         1.         1.         0.        ],[5. 5. 2. 2. 2.],0.8130571590968374,True,2021.09.29.14.44.26_veh-28_00238_00320,1,1632927011.7998228,330787.41648402653,4689885.568018811,330796.8287292721,4689883.6321148705,dd2c6fc9d1939f427
0.0,1.0,1.0,1.0,0.7176652731920505,0.0,1.0,1.0,0.0,[0.71766527 0.         1.         1.         0.        ],[5. 5. 2. 2. 2.],0.0,True,2021.09.16.19.27.01_veh-45_01749_03230,1,1631822556.4997149,587681.0657650079,4475759.383905513,587672.358103119,4475762.172258658,ce3d7615ed78d6c47
1.0,1.0,1.0,1.0,0.8655474859864282,1.0,0.0,1.0,1.0,[0.86554749 1.         0.         1.         0.        ],[5. 5. 2. 2. 2.],0.80912410213801,True,2021.08.30.16.16.44_veh-40_00779_01088,1,1630341048.0002549,331401.5306988346,4691063.1456586495,331392.70106479863,4691067.945593993,cbef70f53373bf6bb
1.0,1.0,1.0,1.0,0.408545631774057,1.0,1.0,1.0,1.0,[0.40854563 1.         1.         1.         0.        ],[5. 5. 2. 2. 2.],0.7887662970621633,True,2021.09.16.19.12.04_veh-42_01438_01677,1,1631821483.500259,587950.943847035,4475719.2121557025,587945.091038322,4475723.62419877,061cce46c96a0fd2c
0.0,1.0,0.5,1.0,1.0,0.0,0.0,1.0,0.0,[1. 0. 0. 1. 0.],[5. 5. 2. 2. 2.],0.0,True,2021.09.16.13.53.10_veh-42_00860_01069,1,1631801380.9002779,587752.8023077605,4475605.196701092,587739.5159804531,4475591.55096756,07d601991746bbf45
1.0,1.0,1.0,1.0,0.32621280842316136,1.0,1.0,1.0,1.0,[0.32621281 1.         1.         1.         0.        ],[5. 5. 2. 2. 2.],0.7593617172939862,True,2021.10.06.08.16.17_veh-52_01949_02501,1,1633510672.700016,364919.0979413666,143464.84453733382,364918.77263853734,143460.64063196222,f27131cc726cc7eb7
0.5,1.0,1.0,1.0,0.7279002584750408,0.0,0.0,1.0,0.5,[0.72790026 0.         0.         1.         0.        ],[5. 5. 2. 2. 2.],0.20141076044197156,True,2021.09.16.19.49.00_veh-42_00990_01609,1,1631823172.0002198,587746.5677796154,4475730.963913257,587735.8087955393,4475738.447191113,2a3e8710c22275361
