{
  "d9": {
    "hidden_cosine": 0.9978317022323608,
    "shuffled_cosine": 0.9978288412094116,
    "calibration_gap": -5.150798320770264
  },
  "final": {
    "step": 299,
    "loss": 0.4566197395324707,
    "pred": 0.014035811647772789,
    "tac": 0.014501360245049,
    "sigreg": 6.454029560089111,
    "inv": 0.9733765721321106,
    "h15": -1.3935160636901855,
    "lr": 4.4999999999999996e-05
  },
  "wallclock_s": 831.8840579986572,
  "device": "cuda",
  "n_params": 262246021,
  "instruments": {
    "I2_batch_consistency_pass": true,
    "I2_max_rel_dev": 9.532089961794554e-07,
    "I3_split": "episode-level",
    "I4_imag_relative": 98.91580963134766
  }
}