{
  "final": {
    "step": 29,
    "loss": 1.8877454996109009,
    "pred": 0.2548801302909851,
    "sigreg": 14.816282272338867,
    "inv": 0.3024742305278778,
    "lr": 3.942649342761117e-06
  },
  "wallclock_s": 0.9257504940032959,
  "device": "cuda",
  "n_params": 692706,
  "instruments": {
    "I2_batch_consistency_pass": true,
    "I2_max_rel_dev": 3.625489739533805e-07,
    "I3_split": "episode-level",
    "I4_imag_relative": 6.174560070037842
  }
}