{
  "n_samples": 7964,
  "state_dim": 2048,
  "active_k": 19,
  "iso_ratio_global": 5.1185733855008805e-08,
  "cond_number_global": 100000000.0,
  "cov_effective_rank": 29.673788388210617,
  "participation_ratio_global": 9.326342818127108,
  "iso_ratio_active": 0.5464603771360794,
  "cond_number_active": 61.15155262392541,
  "rms_offdiag_corr": 0.3208205455367442,
  "n_active_coords": 2016,
  "iso_threshold": 0.5,
  "corr_threshold": 0.1,
  "verdict": "NOT-YET-ADMISSIBLE: coordinate correlation (rms_offdiag=0.321 > 0.1). SIGReg has not reached its isotropic-Gaussian target within the active subspace (k=19) on this checkpoint, so the 2605.26379 optimal-planning guarantee is not licensed. The `spectral.py` spectrum stays DESCRIPTIVE (rank/knee), but the D-021 'optimal' interpretation must wait for a checkpoint whose readout isotropy has converged. (Expect iso to rise with SIGReg training \u2014 re-measure at the final Stage-0 ckpt.)",
  "top_eigs": [
    295.80680763640345,
    258.24718362121314,
    186.75779601287744,
    147.44647090792117,
    134.40731431924254,
    103.45892818804673,
    82.83742960743491,
    64.97562250343992,
    57.28827882462933,
    50.42639035485441,
    33.36531244501299,
    30.656653921425022,
    28.510504091214962,
    17.56715706323617,
    16.53553845387294,
    13.74877067927381,
    9.320583428452755,
    8.451708508501993,
    4.837273870306764
  ],
  "checkpoint_step": 19000,
  "n_episodes": 40,
  "model": "flagship-speed (WorldModel flagship4b, action_dim=3)",
  "val": "physicalai-val-0c5f7dac3b11"
}