{
  "ade_0_2s": {
    "v3enc": 1.965421438217163,
    "v1": 0.4271090030670166,
    "cv": 0.8377195000648499,
    "paired": {
      "delta": 1.5383,
      "lo": 1.2697,
      "hi": 1.8159,
      "ci95": 0.2731,
      "p_delta_gt0": 1.0,
      "separated": true,
      "reducer": "mean",
      "n_windows": 881,
      "n_episodes": 40,
      "n_boot": 2000,
      "estimator": "paired_episode_cluster_bootstrap"
    },
    "separated": true
  },
  "de@0.5s": {
    "v3enc": 0.5628930926322937,
    "v1": 0.0719555988907814,
    "cv": 0.1296682506799698,
    "paired": {
      "delta": 0.4909,
      "lo": 0.4057,
      "hi": 0.5864,
      "ci95": 0.0904,
      "p_delta_gt0": 1.0,
      "separated": true,
      "reducer": "mean",
      "n_windows": 881,
      "n_episodes": 40,
      "n_boot": 2000,
      "estimator": "paired_episode_cluster_bootstrap"
    },
    "separated": true
  },
  "de@1s": {
    "v3enc": 1.3134088516235352,
    "v1": 0.22136446833610535,
    "cv": 0.4696614146232605,
    "paired": {
      "delta": 1.092,
      "lo": 0.9046,
      "hi": 1.2922,
      "ci95": 0.1938,
      "p_delta_gt0": 1.0,
      "separated": true,
      "reducer": "mean",
      "n_windows": 881,
      "n_episodes": 40,
      "n_boot": 2000,
      "estimator": "paired_episode_cluster_bootstrap"
    },
    "separated": true
  },
  "de@1.5s": {
    "v3enc": 2.3769657611846924,
    "v1": 0.5075681805610657,
    "cv": 1.0109835863113403,
    "paired": {
      "delta": 1.8694,
      "lo": 1.5258,
      "hi": 2.2242,
      "ci95": 0.3492,
      "p_delta_gt0": 1.0,
      "separated": true,
      "reducer": "mean",
      "n_windows": 881,
      "n_episodes": 40,
      "n_boot": 2000,
      "estimator": "paired_episode_cluster_bootstrap"
    },
    "separated": true
  },
  "fde@2s": {
    "v3enc": 3.6084177494049072,
    "v1": 0.9075475931167603,
    "cv": 1.7405647039413452,
    "paired": {
      "delta": 2.7009,
      "lo": 2.1682,
      "hi": 3.2488,
      "ci95": 0.5403,
      "p_delta_gt0": 1.0,
      "separated": true,
      "reducer": "mean",
      "n_windows": 881,
      "n_episodes": 40,
      "n_boot": 2000,
      "estimator": "paired_episode_cluster_bootstrap"
    },
    "separated": true
  },
  "vs_cv_ade_0_2s": {
    "v3enc": 1.965421438217163,
    "cv": 0.8377195000648499,
    "paired": {
      "delta": 1.1277,
      "lo": 0.8741,
      "hi": 1.4134,
      "ci95": 0.2696,
      "p_delta_gt0": 1.0,
      "separated": true,
      "reducer": "mean",
      "n_windows": 881,
      "n_episodes": 40,
      "n_boot": 2000,
      "estimator": "paired_episode_cluster_bootstrap"
    }
  },
  "estimator": "paired_episode_cluster_bootstrap (taniteval/ci.py), B=2000, 40 episodes",
  "arms": {
    "a": "flagship-v3enc-10k",
    "b": "flagship-30k"
  }
}