,token,valid,no_at_fault_collisions,drivable_area_compliance,ego_progress,time_to_collision_within_bound,comfort,driving_direction_compliance,score
0,a85c442c31bc557f,True,1.0,0.0,0.0,0.0,1.0,0.0,0.0
1,a354ac8030d55e5e,True,1.0,1.0,1.0,1.0,1.0,1.0,1.0
2,360d4a6ec45d53a3,True,1.0,1.0,0.9730762731066064,0.0,1.0,1.0,0.5721151137944193
3,fbc9981c30745684,True,1.0,1.0,1.0,1.0,1.0,1.0,1.0
4,6387e5c4dd2f5e2a,True,1.0,1.0,0.6211981617180746,1.0,1.0,1.0,0.8421659007158645
5,1d2e6d44fd635391,True,1.0,1.0,1.0,1.0,1.0,1.0,1.0
6,8d5023e971cc5f4c,True,1.0,1.0,0.894951391528068,1.0,1.0,1.0,0.9562297464700283
7,58169843acb45a62,True,1.0,1.0,1.0,1.0,1.0,1.0,1.0
8,c7a44a2e52bc5e22,True,1.0,1.0,0.9272078119489892,1.0,1.0,0.5,0.9696699216454121
9,90551e9098aa5b12,True,1.0,1.0,1.0,1.0,1.0,1.0,1.0
10,eeae24d38eb15e0a,True,1.0,1.0,0.5142596001083574,1.0,1.0,1.0,0.7976081667118157
11,27cd5e04627e5258,True,1.0,1.0,0.25927369621051877,1.0,1.0,1.0,0.6913640400877162
12,5a2719c85ee9570c,True,0.0,1.0,0.0,0.0,1.0,1.0,0.0
13,44f75400f3a15c14,True,1.0,1.0,1.0,1.0,1.0,1.0,1.0
14,087df0996ade50d3,True,1.0,1.0,1.0,1.0,1.0,1.0,1.0
15,958677976f9c5b0a,True,1.0,1.0,0.679175554521283,1.0,1.0,1.0,0.8663231477172012
16,3fac271cd0795af0,True,1.0,1.0,0.8002731590758669,1.0,1.0,1.0,0.916780482948278
17,2d0c8a7a065e5995,True,1.0,1.0,0.7713933543249077,1.0,1.0,1.0,0.9047472309687116
18,3e429827093e538d,True,1.0,1.0,0.8394435292491135,1.0,1.0,1.0,0.933101470520464
19,9fa75f1d5863570b,True,1.0,1.0,1.0,0.0,1.0,1.0,0.5833333333333334
20,f669f89b3272514c,True,1.0,1.0,0.852780483986724,1.0,1.0,1.0,0.9386585349944684
21,49d00c5507175e01,True,1.0,1.0,0.7851237061087571,1.0,1.0,1.0,0.9104682108786489
22,fd513762a5ea5dd4,True,1.0,1.0,0.6372118959177284,1.0,1.0,1.0,0.8488382899657202
23,a9c27d1fdee5599e,True,1.0,1.0,1.0,1.0,1.0,1.0,1.0
24,442b2cf63c6f570a,True,1.0,1.0,0.636410087655525,1.0,1.0,1.0,0.848504203189802
25,4e39c50ddb075303,True,1.0,1.0,1.0,0.0,1.0,1.0,0.5833333333333334
26,5f3da1e584905c8e,True,1.0,1.0,1.0,1.0,1.0,1.0,1.0
27,53feb52497035b3e,True,1.0,1.0,1.0,1.0,1.0,1.0,1.0
28,5c5e0e2c9d225b98,True,1.0,1.0,1.0,1.0,1.0,1.0,1.0
29,e1398b3ecf3f520d,True,1.0,1.0,1.0,0.0,1.0,1.0,0.5833333333333334
30,a12c7f84ebd25b1e,True,1.0,1.0,0.8921890386295822,1.0,1.0,1.0,0.9550787660956592
31,454e63f98e365a3a,True,1.0,1.0,1.0,1.0,1.0,1.0,1.0
32,8fccd42a7937508a,True,1.0,1.0,1.0,1.0,1.0,1.0,1.0
33,7defd0c32cd8546a,True,1.0,0.0,0.0,0.0,1.0,1.0,0.0
34,a998a0d0131f5208,True,1.0,0.0,0.0,1.0,1.0,0.5,0.0
35,825663ce94fe5df1,True,1.0,1.0,0.8864776688982365,1.0,1.0,1.0,0.9526990287075986
36,206ccbdfb1e25bf2,True,1.0,1.0,0.9524137599101996,1.0,1.0,1.0,0.9801723999625832
37,c55ef877ea075993,True,1.0,1.0,0.8700495166875973,1.0,1.0,1.0,0.9458539652864989
38,83e895f722575452,True,1.0,1.0,0.37035653817598674,1.0,1.0,1.0,0.7376485575733277
39,dd2bc3e6bb8353b8,True,1.0,1.0,0.798249540509211,1.0,1.0,1.0,0.9159373085455046
40,a5f5f03bc998578d,True,1.0,1.0,1.0,0.0,1.0,1.0,0.5833333333333334
41,ab2b84d310be5bed,True,1.0,1.0,0.9345097081084339,0.0,1.0,1.0,0.5560457117118475
42,ac55c7f072c6528d,True,1.0,0.0,0.0,1.0,1.0,1.0,0.0
43,8d293b5028e555a3,True,1.0,1.0,1.0,1.0,1.0,1.0,1.0
44,d546193a3a28587f,True,1.0,1.0,1.0,1.0,1.0,1.0,1.0
45,c0ea178930145138,True,1.0,1.0,1.0,1.0,1.0,1.0,1.0
46,b52b4358ca335eb9,True,1.0,0.0,0.0,1.0,1.0,1.0,0.0
47,5250ee99c1f05d97,True,1.0,1.0,0.8046911873470448,1.0,1.0,1.0,0.9186213280612687
48,2807cd605f1156da,True,1.0,0.0,0.0,1.0,1.0,1.0,0.0
49,659373708e8e5a4f,True,1.0,1.0,0.010277717380879703,1.0,1.0,1.0,0.5876157155753665
50,5be54baed8b35bd7,True,1.0,1.0,1.0,1.0,1.0,1.0,1.0
51,03e24d87e7315809,True,1.0,1.0,0.949745409477142,1.0,1.0,1.0,0.9790605872821425
52,8601b9cf8c6852f3,True,1.0,1.0,0.8543936174168327,1.0,1.0,1.0,0.9393306739236803
53,69baa41122b45e43,True,1.0,1.0,0.8745895280355808,1.0,1.0,1.0,0.9477456366814919
54,c81f2105e14758ea,True,1.0,1.0,0.8184104738848931,1.0,1.0,1.0,0.9243376974520388
55,864977c14b9754eb,True,1.0,1.0,0.8813333894173135,1.0,1.0,1.0,0.9505555789238805
56,44699d8556a1519e,True,1.0,1.0,0.8020168838030719,1.0,1.0,1.0,0.9175070349179467
57,bdfdf52ac60755a9,True,1.0,1.0,1.0,1.0,1.0,1.0,1.0
58,d24706485f0452eb,True,1.0,1.0,0.9522752660989535,1.0,1.0,1.0,0.9801146942078973
59,d71f89f4f6e350b8,True,1.0,1.0,0.9972178940627755,1.0,1.0,0.0,0.9988407891928232
60,114feecba2285649,True,1.0,1.0,1.0,0.0,1.0,1.0,0.5833333333333334
61,c2b5ebf8ace851ea,True,1.0,1.0,1.0,1.0,1.0,1.0,1.0
62,2a8b9c88615450a8,True,0.0,1.0,0.0,0.0,1.0,1.0,0.0
63,7186e23637965344,True,1.0,1.0,0.869743467778136,1.0,1.0,1.0,0.9457264449075566
64,7ac633604a3c572d,True,1.0,1.0,1.0,1.0,1.0,1.0,1.0
65,169ccb03f27e589d,True,1.0,1.0,1.0,1.0,1.0,1.0,1.0
66,1f2bbc5cb66b523a,True,1.0,1.0,0.8708940956642269,1.0,1.0,1.0,0.9462058731934279
67,12c3a7aea386584b,True,1.0,1.0,1.0,0.0,1.0,1.0,0.5833333333333334
68,ca4be8d422eb5f56,True,1.0,1.0,0.8624454268044379,1.0,1.0,1.0,0.9426855945018492
69,f2a54a0461005d6c,True,1.0,1.0,1.0,1.0,1.0,1.0,1.0
70,834a7c22e2c55c71,True,1.0,0.0,0.0,1.0,1.0,1.0,0.0
71,d6f52d0bbaf5523c,True,1.0,1.0,0.8014820549614403,1.0,1.0,1.0,0.9172841895672668
72,fdd599e861875d9f,True,1.0,1.0,0.8957964086575791,1.0,1.0,1.0,0.956581836940658
73,2f67d7af0e0d51a1,True,1.0,1.0,0.7934995074646761,1.0,1.0,1.0,0.9139581281102817
74,f154d2accd365815,True,1.0,1.0,0.8371642897571127,1.0,1.0,1.0,0.932151787398797
75,6b19d4325f075ad0,True,1.0,1.0,0.7773422997675924,1.0,1.0,1.0,0.9072259582364968
76,1586b456d978588f,True,1.0,1.0,1.0,1.0,1.0,0.5,1.0
77,1a9928bcc34451aa,True,1.0,1.0,1.0,0.0,1.0,1.0,0.5833333333333334
78,58a10d0c924050cf,True,0.0,1.0,0.0,0.0,1.0,0.5,0.0
79,a1592a3b82bb5060,True,0.0,1.0,0.0,0.0,1.0,1.0,0.0
80,55d102de4d6150f8,True,1.0,1.0,0.9168779895010569,1.0,1.0,1.0,0.9653658289587738
81,790e0f5c7fce5627,True,1.0,0.0,0.0,0.0,1.0,1.0,0.0
82,f01212b1c5b25520,True,1.0,1.0,0.9187626565621133,0.0,1.0,1.0,0.5494844402342139
83,313756e5fc655c0e,True,1.0,1.0,1.0,0.0,1.0,1.0,0.5833333333333334
84,1ce148cba6f35d51,True,1.0,1.0,1.0,1.0,1.0,1.0,1.0
85,85b1968fa2fd5552,True,1.0,1.0,1.0,1.0,1.0,1.0,1.0
86,5368a45f74ed5f66,True,1.0,1.0,1.0,0.0,1.0,1.0,0.5833333333333334
87,0c931f9db55e5fcc,True,1.0,1.0,0.6122571745760864,1.0,1.0,1.0,0.8384404894067027
88,f5cb61c359ce574b,True,0.0,1.0,0.0,0.0,1.0,1.0,0.0
89,02e8fd3cc3c3556f,True,1.0,1.0,0.8505457018481978,1.0,1.0,1.0,0.9377273757700824
90,85649e978e60550d,True,1.0,1.0,0.9387002808987969,1.0,1.0,1.0,0.9744584503744987
91,b8b9e355618b58cd,True,1.0,1.0,0.4915556342286704,1.0,1.0,1.0,0.7881481809286126
92,e7b5da2135fc5303,True,1.0,1.0,1.0,1.0,1.0,1.0,1.0
93,c5e4f3c361b252c1,True,1.0,0.0,0.0,1.0,1.0,1.0,0.0
94,08dad3e5005658df,True,1.0,1.0,0.7054193803580593,1.0,1.0,1.0,0.8772580751491913
95,d04049c3978354f0,True,1.0,1.0,0.5473435278169173,1.0,1.0,1.0,0.8113931365903823
96,299e19fc72e65ac5,True,0.0,1.0,0.0,0.0,1.0,1.0,0.0
97,60826aa0bcfc5225,True,1.0,1.0,1.0,1.0,1.0,1.0,1.0
98,8fe72476d10c552a,True,1.0,1.0,0.9709696588018174,1.0,1.0,1.0,0.9879040245007573
99,0c5365f52bac5785,True,1.0,1.0,1.0,0.0,1.0,1.0,0.5833333333333334
100,5883b0e7c7215e80,True,1.0,1.0,0.8342382794362766,0.0,1.0,1.0,0.5142659497651153
101,729c7f95c12f5dd4,True,1.0,1.0,1.0,1.0,1.0,1.0,1.0
102,e7f8a61d807f5914,True,1.0,1.0,1.0,1.0,1.0,1.0,1.0
103,189654afe9465b09,True,1.0,1.0,0.8628827254337913,1.0,1.0,1.0,0.9428678022640797
104,d8c6268b250e585c,True,1.0,1.0,0.8614901480668581,1.0,1.0,1.0,0.9422875616945241
105,9a1b945bf0125d1d,True,1.0,1.0,1.0,1.0,1.0,1.0,1.0
106,2f05406bcdd55a21,True,0.0,1.0,0.0,0.0,1.0,1.0,0.0
107,776069d80826529d,True,0.0,1.0,0.0,0.0,1.0,1.0,0.0
108,87929fb304eb5bcc,True,1.0,1.0,0.9450902513210296,1.0,1.0,1.0,0.977120938050429
109,59bb570b4290572d,True,1.0,0.0,0.0,1.0,1.0,1.0,0.0
110,5aed461803ae5673,True,1.0,1.0,0.6821614557319353,1.0,1.0,1.0,0.8675672732216397
111,0ad9939a6b875bf8,True,1.0,0.0,0.0,1.0,1.0,1.0,0.0
112,6f7c844cb6c0587a,True,1.0,1.0,1.0,1.0,1.0,1.0,1.0
113,9406203fdb815e58,True,1.0,1.0,0.8698658899568337,1.0,1.0,1.0,0.9457774541486806
114,919ee41f5fa65358,True,1.0,0.0,0.0,1.0,1.0,0.5,0.0
115,6d83f0adc26e5ee5,True,1.0,1.0,0.7929809788495982,1.0,1.0,1.0,0.9137420745206658
116,a82f1c8ad27d53cc,True,1.0,1.0,1.0,0.0,1.0,1.0,0.5833333333333334
117,ba9ec722d0e05e2c,True,1.0,1.0,0.931434897461218,1.0,1.0,1.0,0.9714312072755075
118,b87b792b9a025344,True,0.0,1.0,0.0,0.0,1.0,1.0,0.0
119,47d7aecedea25a0b,True,1.0,1.0,0.9607121661589021,1.0,1.0,1.0,0.9836300692328758
120,a90317c305c3505a,True,1.0,1.0,1.0,0.0,1.0,1.0,0.5833333333333334
121,bbd85b27fa465894,True,1.0,1.0,1.0,1.0,1.0,1.0,1.0
122,2bae2509df025832,True,1.0,0.0,0.0,1.0,1.0,1.0,0.0
123,495a149c042a5636,True,0.0,1.0,0.0,0.0,1.0,1.0,0.0
124,7d51b80c3aa25109,True,1.0,1.0,0.7722064286085519,1.0,1.0,1.0,0.90508601192023
125,053d94cd59495804,True,1.0,1.0,1.0,1.0,1.0,1.0,1.0
126,882a63bc231e5987,True,1.0,0.0,0.0,1.0,1.0,0.5,0.0
127,6fa0a76b37b558bd,True,0.0,1.0,0.0,0.0,1.0,1.0,0.0
128,c9150b81da695ae9,True,1.0,1.0,0.38341052328786945,1.0,1.0,1.0,0.7430877180366123
129,fce6a1ea8fce5644,True,1.0,1.0,0.7827872008667007,1.0,1.0,1.0,0.909494667027792
130,d66634cbe1b65b95,True,1.0,1.0,0.878314213390565,1.0,1.0,1.0,0.9492975889127354
131,97181536d6be5368,True,0.0,1.0,0.0,0.0,1.0,1.0,0.0
132,14476e3c036f5ec8,True,1.0,0.0,0.0,1.0,1.0,1.0,0.0
133,b628faa4178d5eaf,True,1.0,0.0,0.0,1.0,1.0,0.5,0.0
134,cbe2fffee4105dbf,True,1.0,1.0,0.9333007480388391,1.0,1.0,1.0,0.9722086450161829
135,6370add5182e51b7,True,1.0,1.0,1.0,1.0,1.0,1.0,1.0
136,37102588c8ac59ef,True,1.0,1.0,1.0,1.0,1.0,1.0,1.0
137,1ca75f05f31d51cc,True,1.0,1.0,0.015466072835079201,1.0,1.0,1.0,0.5897775303479497
138,0bbfb35740e25929,True,1.0,1.0,0.9176975682841483,1.0,1.0,1.0,0.9657073201183951
139,9b3eda2685e75099,True,1.0,1.0,1.0,0.0,1.0,1.0,0.5833333333333334
140,88904a762b5f5793,True,1.0,1.0,0.6838339687158753,1.0,1.0,1.0,0.8682641536316148
141,b13f0b445e605951,True,1.0,1.0,1.0,1.0,1.0,1.0,1.0
142,6fe1f4f8dbcd57b5,True,1.0,1.0,0.8098469746365169,1.0,1.0,1.0,0.9207695727652153
143,3e5647cd8d1a50c2,True,1.0,1.0,0.5408631167778389,1.0,1.0,1.0,0.8086929653240995
144,d3e3c4998ad25800,True,1.0,1.0,1.0,1.0,1.0,1.0,1.0
145,a37ac5585e74546d,True,1.0,1.0,1.0,1.0,1.0,1.0,1.0
146,70d79606f745562e,True,1.0,1.0,1.0,1.0,1.0,0.0,1.0
147,b17966d55b335270,True,1.0,1.0,0.8537418220921519,1.0,1.0,1.0,0.9390590925383965
148,6d9b7998b38a52a3,True,1.0,1.0,0.4749358890288866,1.0,1.0,1.0,0.7812232870953695
149,bd9abb7104dc5408,True,1.0,0.0,0.0,1.0,1.0,1.0,0.0
150,a1adc0fae78f5a3f,True,1.0,0.0,0.0,1.0,1.0,1.0,0.0
151,f8b1bb7447c257dc,True,1.0,1.0,0.8479666636012286,1.0,1.0,1.0,0.9366527765005119
152,75a1c2654839522e,True,1.0,1.0,0.8517377670870389,1.0,1.0,1.0,0.9382240696195995
153,ae46065dc9ce55b1,True,1.0,1.0,1.0,1.0,1.0,1.0,1.0
154,d1bae9e7d9785598,True,1.0,0.0,0.0,1.0,1.0,1.0,0.0
155,f47f7733a11d51a1,True,1.0,1.0,1.0,1.0,1.0,1.0,1.0
156,66c2b2bf35745563,True,1.0,1.0,0.9753613242694837,1.0,1.0,1.0,0.989733885112285
157,269e03fbbb4c5856,True,1.0,1.0,1.0,1.0,1.0,1.0,1.0
158,83280d03b9995f85,True,1.0,1.0,0.9580317934527961,1.0,1.0,1.0,0.9825132472719984
159,21990e031d705957,True,1.0,1.0,0.6556342531913112,1.0,1.0,1.0,0.8565142721630462
160,4384cab8593f505e,True,1.0,1.0,0.8654665854480882,1.0,1.0,1.0,0.9439444106033701
161,0d2e670274c65f81,True,1.0,0.0,0.0,0.0,1.0,1.0,0.0
162,70ee383e3b335c16,True,1.0,1.0,0.7580712992669751,1.0,1.0,1.0,0.899196374694573
163,b751857996975e6c,True,1.0,1.0,0.9516841348543976,1.0,1.0,1.0,0.9798683895226658
164,1e6597b57a335949,True,1.0,1.0,1.0,1.0,1.0,1.0,1.0
165,2829df17720c501f,True,1.0,1.0,0.9110360036268453,1.0,1.0,1.0,0.9629316681778523
166,f5e28113983e54bd,True,1.0,1.0,0.9261787200357738,1.0,1.0,1.0,0.969241133348239
167,7b37b72faaa25b5d,True,1.0,1.0,1.0,0.0,1.0,1.0,0.5833333333333334
168,002e450c6cba5895,True,1.0,1.0,0.9153712210620234,1.0,1.0,1.0,0.9647380087758431
169,eb2304df049d5ce3,True,1.0,1.0,1.0,1.0,1.0,1.0,1.0
170,d89c9a87852151d1,True,1.0,1.0,0.641211997122497,1.0,1.0,1.0,0.8505049988010404
171,d861e8c8589e5433,True,1.0,1.0,0.797467956799005,1.0,1.0,1.0,0.9156116486662521
172,649ee93e67cc58bb,True,1.0,1.0,1.0,1.0,1.0,1.0,1.0
173,8eca6838e7c75493,True,1.0,1.0,0.9581742011999375,1.0,1.0,1.0,0.9825725838333073
174,b5674c9c6c735d57,True,1.0,1.0,0.9679925100526934,1.0,1.0,1.0,0.9866635458552889
175,fc844eb140035b27,True,1.0,1.0,1.0,1.0,1.0,1.0,1.0
176,090594c37ce256a3,True,1.0,1.0,1.0,1.0,1.0,1.0,1.0
177,3ff436e401ed5828,True,1.0,1.0,1.0,0.0,1.0,1.0,0.5833333333333334
178,3c8a95ec33f45af6,True,1.0,1.0,0.7375370073013083,1.0,1.0,1.0,0.8906404197088785
179,e736f6ed766658fb,True,1.0,1.0,1.0,0.0,1.0,1.0,0.5833333333333334
180,8c67448dd4da50a3,True,1.0,1.0,0.6002285826232923,1.0,1.0,1.0,0.8334285760930383
181,8a8732cf61dd5452,True,1.0,1.0,1.0,0.0,1.0,1.0,0.5833333333333334
182,e1fe1575a4275d3c,True,1.0,1.0,1.0,1.0,1.0,1.0,1.0
183,984c4c329ba05bd2,True,0.0,1.0,0.0,0.0,1.0,1.0,0.0
184,4300f964edbd5ce4,True,1.0,1.0,0.663012011370867,1.0,1.0,1.0,0.8595883380711946
185,2189449ddbf65bff,True,1.0,1.0,0.8582079459073434,1.0,1.0,1.0,0.9409199774613931
186,55194edb46265f3d,True,1.0,1.0,0.9406806149791012,1.0,1.0,1.0,0.9752835895746254
187,b50cf2a689a55433,True,1.0,1.0,1.0,0.0,1.0,1.0,0.5833333333333334
188,e45572ab63ef5deb,True,1.0,1.0,1.0,1.0,1.0,1.0,1.0
189,c05f89f644505f4c,True,1.0,1.0,0.48227577942977784,1.0,1.0,1.0,0.7842815747624075
190,ceedeccf36c35c11,True,1.0,1.0,0.971368002378114,1.0,1.0,1.0,0.9880700009908808
191,11de8888bf235231,True,1.0,1.0,1.0,1.0,1.0,1.0,1.0
192,ee69970ae6f85870,True,1.0,1.0,1.0,1.0,1.0,1.0,1.0
193,4fbdc88ce3f75540,True,1.0,1.0,0.9499027874455265,1.0,1.0,1.0,0.979126161435636
194,61d114c5cfb25663,True,1.0,1.0,0.672778170304663,1.0,1.0,1.0,0.8636575709602763
195,c35a248a5941531d,True,1.0,1.0,1.0,1.0,1.0,1.0,1.0
196,510e507046865b40,True,1.0,1.0,0.8523321420028749,1.0,1.0,1.0,0.9384717258345313
197,2e5997dafce45eb2,True,1.0,1.0,1.0,1.0,1.0,1.0,1.0
198,73aaa82bd3bb596c,True,0.0,1.0,0.0,0.0,1.0,1.0,0.0
199,a03c5e53159f54c3,True,1.0,1.0,1.0,1.0,1.0,1.0,1.0
200,dc8fc926ef0451f1,True,1.0,1.0,1.0,1.0,1.0,1.0,1.0
201,d91edafc567a5fcc,True,1.0,0.0,0.0,1.0,1.0,0.5,0.0
202,b826ee4aedc95b0c,True,1.0,1.0,0.8487873732592383,1.0,1.0,1.0,0.936994738858016
203,d618ac9cc53c573c,True,1.0,1.0,0.9270970334849271,1.0,1.0,1.0,0.969623763952053
204,c1f712e1aed35216,True,1.0,0.0,0.0,1.0,1.0,1.0,0.0
205,bc73190196b358f6,True,0.0,1.0,0.0,0.0,1.0,1.0,0.0
206,d70c87fa9c59524a,True,1.0,1.0,1.0,0.0,1.0,1.0,0.5833333333333334
207,57076e49ca7c5570,True,1.0,0.0,0.0,1.0,1.0,1.0,0.0
208,ebfd1e0fff105c51,True,1.0,1.0,1.0,1.0,1.0,1.0,1.0
209,e699fb1c75b95e57,True,1.0,1.0,0.8717327363992965,1.0,1.0,1.0,0.9465553068330402
210,e46bb2932c0452b2,True,0.0,1.0,0.0,0.0,1.0,1.0,0.0
211,52cb88473a965bac,True,1.0,1.0,0.9136038949259384,1.0,1.0,1.0,0.9640016228858076
212,2d4b17f8d7585219,True,1.0,1.0,1.0,0.0,1.0,1.0,0.5833333333333334
213,31222d2fc6f95e0d,True,1.0,1.0,1.0,1.0,1.0,1.0,1.0
214,54fc99ad3c555e09,True,1.0,1.0,0.8699542353660916,1.0,1.0,1.0,0.9458142647358715
215,d9fac9fdd2bd5036,True,0.0,1.0,0.0,0.0,1.0,1.0,0.0
216,e4007492f3d55374,True,1.0,1.0,0.7387116415300112,1.0,1.0,1.0,0.8911298506375047
217,0ee2bbd11d4451c3,True,1.0,1.0,1.0,1.0,1.0,1.0,1.0
218,6aa26df6c6d052cb,True,1.0,1.0,0.6830077870828667,1.0,1.0,1.0,0.8679199112845278
219,089e8e85fb9b5f6c,True,1.0,0.0,0.0,0.0,1.0,0.5,0.0
220,ae28b46a42d051a4,True,1.0,1.0,1.0,1.0,1.0,1.0,1.0
221,6c578cebcf47592b,True,1.0,1.0,0.8007298837030408,1.0,1.0,1.0,0.916970784876267
222,edf7e758c7075ce8,True,1.0,1.0,0.0,1.0,1.0,1.0,0.5833333333333334
223,071f7885a37e591f,True,1.0,1.0,1.0,1.0,1.0,1.0,1.0
224,697c73f258ef5745,True,1.0,0.0,0.0,1.0,1.0,0.0,0.0
225,90c51d90c33b5cef,True,1.0,0.0,0.0,1.0,1.0,0.5,0.0
226,fd89a82cf20e5632,True,1.0,1.0,0.820278497823877,1.0,1.0,1.0,0.9251160407599487
227,74df9f9decc45b84,True,1.0,1.0,1.0,1.0,1.0,1.0,1.0
228,08b29b05bc4650f8,True,1.0,1.0,0.861477097634103,0.0,1.0,1.0,0.5256154573475429
229,dac5a6aa183b5e73,True,1.0,0.0,0.0,1.0,1.0,0.5,0.0
230,4860585d53665508,True,1.0,1.0,1.0,1.0,1.0,1.0,1.0
231,f5f55c1132d75fa7,True,0.0,1.0,0.0,0.0,1.0,1.0,0.0
232,c6e9b00edaa454da,True,1.0,1.0,0.06028350537543019,1.0,1.0,1.0,0.6084514605730958
233,c4fbbd685a1953c5,True,1.0,1.0,0.7693284863672449,1.0,1.0,1.0,0.9038868693196854
234,87fa0c79b31c563a,True,1.0,1.0,1.0,1.0,1.0,1.0,1.0
235,44cd06a315635c09,True,1.0,1.0,0.8085502364928308,1.0,1.0,1.0,0.9202292652053462
236,ce6eb4e00dac5ae3,True,1.0,1.0,1.0,1.0,1.0,1.0,1.0
237,be3551ae467a579e,True,1.0,1.0,0.9400738808372259,1.0,1.0,1.0,0.9750307836821775
238,3338ad25c2cc59d1,True,1.0,1.0,0.6144040068962247,1.0,1.0,1.0,0.839335002873427
239,56587c89d25856b7,True,1.0,1.0,0.9999413182017276,1.0,1.0,0.0,0.99997554925072
240,5f09eaa4509f5997,True,1.0,1.0,0.46295089703516284,1.0,1.0,0.5,0.7762295404313179
241,4849a426de8e5d24,True,1.0,1.0,1.0,0.0,1.0,1.0,0.5833333333333334
242,28f3ee6207ae50d6,True,1.0,1.0,0.9965973933136633,1.0,1.0,1.0,0.9985822472140263
243,42c8571d47305166,True,0.0,1.0,0.0,0.0,1.0,1.0,0.0
244,49b32cb088ae53fe,True,1.0,1.0,0.811814607521179,1.0,1.0,1.0,0.9215894198004912
245,84a832f4cdbc5aef,True,1.0,1.0,1.0,1.0,1.0,1.0,1.0
246,c25c6a709afc5552,True,1.0,1.0,1.0,1.0,1.0,1.0,1.0
247,0b1250020ea95539,True,1.0,1.0,0.9866824054767386,1.0,1.0,0.5,0.9944510022819744
248,48bbe3acc93450aa,True,1.0,1.0,0.859623935279076,1.0,1.0,1.0,0.9415099730329484
249,0dd6fe46c94055ec,True,1.0,1.0,1.0,1.0,1.0,1.0,1.0
250,cdf8b694cdb75ac7,True,1.0,1.0,0.9786502173535293,0.0,1.0,1.0,0.5744375905639706
251,f84b6dbc1cd35f61,True,1.0,1.0,0.9616407967486778,1.0,1.0,1.0,0.9840169986452825
252,c41d82a41da35d8d,True,1.0,1.0,0.8247263451370636,1.0,1.0,1.0,0.9269693104737765
253,cd0fd62195e552da,True,1.0,1.0,0.7973975082828317,1.0,1.0,1.0,0.9155822951178466
254,99213b077bdf516b,True,1.0,1.0,0.5760709461815394,1.0,1.0,1.0,0.8233628942423081
255,2576105926375ce7,True,1.0,1.0,0.8562996254568326,1.0,1.0,1.0,0.9401248439403469
256,19f93eaa916d5528,True,1.0,1.0,0.8977429774791583,1.0,1.0,1.0,0.9573929072829825
257,7fcd3691c57b5f49,True,1.0,1.0,1.0,0.0,1.0,1.0,0.5833333333333334
258,816c515aa3dc5462,True,1.0,1.0,1.0,1.0,1.0,1.0,1.0
259,14297ef551f652d3,True,1.0,0.0,0.0,0.0,1.0,1.0,0.0
260,bf8b8714f63d5642,True,1.0,1.0,0.8825365822509575,1.0,1.0,1.0,0.9510569092712323
261,390cb416304c5d2a,True,1.0,1.0,0.8518158976966148,1.0,1.0,1.0,0.9382566240402562
262,a75ca6ddabc1541b,True,0.0,1.0,0.0,0.0,1.0,1.0,0.0
263,c53ae2fe6cc751e7,True,1.0,1.0,1.0,1.0,1.0,1.0,1.0
264,b4c5bd35a81f517e,True,1.0,1.0,1.0,0.0,1.0,1.0,0.5833333333333334
265,c2ddfc9b18815c97,True,1.0,1.0,0.8778058405665174,1.0,1.0,1.0,0.9490857669027156
266,ea91c9a3a75f514c,True,1.0,1.0,0.8139170193609477,1.0,1.0,1.0,0.9224654247337282
267,e024bd23594b5a13,True,1.0,1.0,1.0,1.0,1.0,1.0,1.0
268,9d864c15bf7d5414,True,1.0,0.0,0.0,1.0,1.0,1.0,0.0
269,96c003cecfbd5a91,True,1.0,0.0,0.0,1.0,1.0,1.0,0.0
270,be851166b6665891,True,1.0,1.0,0.8258669565012582,1.0,1.0,1.0,0.9274445652088575
271,e09bc42b58285147,True,1.0,1.0,0.9148738936020443,1.0,1.0,1.0,0.9645307890008518
272,e97db5c7da675b13,True,1.0,1.0,0.8544734572997983,1.0,1.0,1.0,0.9393639405415826
273,98045d12586d50b6,True,1.0,1.0,1.0,0.0,1.0,1.0,0.5833333333333334
274,ab4401719a355a62,True,1.0,1.0,0.8667660877293282,1.0,1.0,1.0,0.9444858698872199
275,fa861c2b864254dc,True,1.0,1.0,0.7550148728031458,1.0,1.0,1.0,0.8979228636679775
276,d83c3b7416f3577e,True,1.0,1.0,0.8902451807969487,1.0,1.0,1.0,0.954268825332062
277,4bc95052d6d8547e,True,1.0,1.0,0.46992515924600686,1.0,1.0,1.0,0.7791354830191696
278,215c38293c335e25,True,1.0,1.0,1.0,1.0,1.0,1.0,1.0
279,092e56d3db8b5e24,True,1.0,1.0,0.7723980703535929,1.0,1.0,1.0,0.9051658626473303
280,d232efb9cc535426,True,1.0,0.0,0.0,1.0,1.0,0.0,0.0
281,77412f2abf325814,True,1.0,0.0,0.0,1.0,1.0,1.0,0.0
282,dd83ce8b0dec51d2,True,1.0,1.0,1.0,1.0,1.0,1.0,1.0
283,1e3b603ccda457c5,True,1.0,1.0,1.0,1.0,1.0,1.0,1.0
284,208247acd8ca5e2c,True,1.0,1.0,0.9405716589157468,1.0,1.0,1.0,0.9752381912148945
285,7d368be282b85528,True,1.0,1.0,1.0,0.0,1.0,1.0,0.5833333333333334
286,10ffaee1fe81544d,True,1.0,1.0,1.0,1.0,1.0,1.0,1.0
287,097d35208fcb587c,True,1.0,1.0,0.4152902588071011,1.0,1.0,1.0,0.7563709411696254
288,0b9a48e2b0d351b9,True,1.0,1.0,0.8682554169078037,1.0,1.0,1.0,0.9451064237115849
289,b7648a9b27e7574e,True,0.0,1.0,0.0,0.0,1.0,1.0,0.0
290,6fc4fc2702305dfa,True,1.0,1.0,1.0,0.0,1.0,1.0,0.5833333333333334
291,e67e31370c185b83,True,1.0,1.0,1.0,1.0,1.0,1.0,1.0
292,7427658d61b55fb8,True,1.0,1.0,1.0,1.0,1.0,1.0,1.0
293,50b72b9404da516c,True,1.0,1.0,1.0,1.0,1.0,1.0,1.0
294,ca68dbc018a35aa3,True,1.0,1.0,1.0,1.0,1.0,1.0,1.0
295,fde7abb615895be2,True,1.0,1.0,0.20292765241665736,1.0,1.0,1.0,0.6678865218402739
296,dbb9c9811b275fd8,True,1.0,1.0,0.43865910288306237,1.0,1.0,1.0,0.7661079595346093
297,0fc626b8de655cc7,True,1.0,1.0,0.6332524691988799,1.0,1.0,1.0,0.8471885288328665
298,c3d6016d73645955,True,0.0,1.0,0.0,0.0,1.0,1.0,0.0
299,eed4abcb01455af9,True,1.0,1.0,1.0,1.0,1.0,1.0,1.0
300,684ff3674eeb54ea,True,1.0,1.0,0.769951616863623,1.0,1.0,1.0,0.9041465070265096
301,9e2fa21e8eac5c11,True,1.0,1.0,0.8279592182841617,1.0,1.0,1.0,0.9283163409517341
302,68188bae28595f7c,True,0.0,1.0,0.0,0.0,1.0,1.0,0.0
303,324f93888ec35bb2,True,1.0,0.0,0.0,1.0,1.0,0.5,0.0
304,a8ca647927f25ae9,True,1.0,1.0,1.0,0.0,1.0,1.0,0.5833333333333334
305,cd78333fa2c45328,True,1.0,1.0,0.9712617288497019,1.0,1.0,1.0,0.9880257203540425
306,a7eeec2ad80b58a1,True,1.0,1.0,0.9465333211030217,0.0,1.0,1.0,0.5610555504595923
307,70b9e5ded0b057d7,True,1.0,1.0,1.0,1.0,1.0,1.0,1.0
308,96a228d4d055523a,True,1.0,0.0,0.0,1.0,1.0,1.0,0.0
309,26ba80ad72205a03,True,1.0,1.0,1.0,1.0,1.0,1.0,1.0
310,7f93aad83fb15871,True,1.0,1.0,1.0,1.0,1.0,1.0,1.0
311,ac7167da1d1a5342,True,0.0,1.0,0.0,0.0,1.0,1.0,0.0
312,9104884bcb915c08,True,1.0,1.0,0.9373934557292044,1.0,1.0,1.0,0.9739139398871686
313,9ffd8ba0c7f75398,True,1.0,1.0,0.8101558477308556,1.0,1.0,1.0,0.9208982698878566
314,1c7bdbbc34c853bf,True,1.0,1.0,1.0,1.0,1.0,1.0,1.0
315,a2c15720170d5507,True,0.0,0.0,0.0,0.0,1.0,1.0,0.0
316,7021139b47cf5370,True,1.0,1.0,0.8738179683121726,1.0,1.0,1.0,0.9474241534634054
317,433d630eed9d5f3a,True,1.0,1.0,0.9707954037469743,1.0,1.0,1.0,0.9878314182279059
318,25d56d0a299a50fb,True,1.0,0.0,0.0,1.0,1.0,1.0,0.0
319,fff1abbe76e55819,True,1.0,1.0,0.6856566333169463,1.0,1.0,1.0,0.8690235972153942
320,05965158ab845b47,True,0.0,0.0,0.0,0.0,1.0,1.0,0.0
321,8dee25a9bcb35544,True,0.0,1.0,0.0,0.0,1.0,1.0,0.0
322,9568c56631be548e,True,1.0,0.0,0.0,1.0,1.0,0.5,0.0
323,aa09b515e34356f4,True,1.0,1.0,0.4398164060680498,1.0,1.0,1.0,0.7665901691950207
324,f642f93db71f5dfb,True,1.0,1.0,1.0,1.0,1.0,1.0,1.0
325,c20bcc28c238595c,True,1.0,1.0,0.9055687807487841,1.0,1.0,1.0,0.9606536586453268
326,d2dd81d9f7665fde,True,1.0,1.0,1.0,0.0,1.0,1.0,0.5833333333333334
327,d0bf0c6c025c5c8c,True,1.0,0.0,0.0,1.0,1.0,1.0,0.0
328,999785384adc5afe,True,1.0,1.0,1.0,1.0,1.0,1.0,1.0
329,824944b52b98552b,True,1.0,1.0,1.0,1.0,1.0,1.0,1.0
330,7af0e9b8a12056e8,True,1.0,1.0,1.0,1.0,1.0,0.5,1.0
331,8b477eda939951d6,True,1.0,0.0,0.0,1.0,1.0,0.0,0.0
332,642ba15d21c05f4e,True,1.0,0.0,0.0,0.0,1.0,1.0,0.0
333,1ac0023fd2655313,True,1.0,1.0,1.0,0.0,1.0,1.0,0.5833333333333334
334,4d4e4d899fd95487,True,1.0,1.0,0.6192842463339268,1.0,1.0,1.0,0.8413684359724695
335,453be1f585b1589f,True,1.0,1.0,0.887605599447825,1.0,1.0,1.0,0.9531689997699271
336,c5fb72e3a0855c1b,True,1.0,0.0,0.0,1.0,1.0,1.0,0.0
337,166b654c0db95953,True,1.0,1.0,1.0,1.0,1.0,1.0,1.0
338,583f7d0d8b27513c,True,1.0,1.0,1.0,1.0,1.0,0.0,1.0
339,d165c65009785ef9,True,1.0,1.0,0.7965589205026875,1.0,1.0,1.0,0.9152328835427864
340,62e7b4eb1cc954ad,True,1.0,1.0,0.7460478180613923,1.0,1.0,1.0,0.8941865908589134
341,a31e932f22d35521,True,1.0,1.0,1.0,1.0,1.0,1.0,1.0
342,9972c06c954b5770,True,1.0,1.0,1.0,1.0,1.0,0.0,1.0
343,ffbe4e0250f45a3a,True,1.0,0.0,0.0,1.0,1.0,1.0,0.0
344,01e6276eff385ea8,True,1.0,1.0,0.709531412379431,1.0,1.0,0.0,0.878971421824763
345,b08965aff8165bec,True,1.0,1.0,0.9584663456845854,1.0,1.0,1.0,0.9826943107019105
346,7c30e0debf0c532b,True,1.0,1.0,0.9334586746189033,1.0,1.0,1.0,0.9722744477578763
347,63eeb15e6e3e5504,True,0.0,1.0,0.0,0.0,1.0,1.0,0.0
348,38cce6a01e6753ea,True,1.0,1.0,0.9586229003975961,1.0,1.0,1.0,0.9827595418323317
349,f409dfb714ed539c,True,1.0,0.0,0.0,1.0,1.0,0.0,0.0
350,0d6296a5295a5835,True,1.0,1.0,0.9719007235148183,1.0,1.0,1.0,0.9882919681311743
351,02cc0007d6755abc,True,0.5,0.0,0.0,0.0,1.0,1.0,0.0
352,fe0a6bd36c395735,True,1.0,1.0,0.7437516587423966,1.0,1.0,1.0,0.8932298578093318
353,50433807834059b1,True,1.0,1.0,0.801573139704734,0.0,1.0,1.0,0.5006554748769725
354,c65a7b2b6f8c527e,True,0.0,1.0,0.0,0.0,1.0,1.0,0.0
355,4f6fb990b8875e5f,True,1.0,1.0,1.0,1.0,1.0,1.0,1.0
356,2f233e4005e05c1e,True,1.0,1.0,0.7972441327460892,1.0,1.0,1.0,0.9155183886442039
357,7d9515c88f0254f4,True,1.0,0.0,0.0,1.0,1.0,1.0,0.0
358,578a5ef598b9521f,True,1.0,1.0,1.0,1.0,1.0,1.0,1.0
359,b6131f42e3c05ea1,True,1.0,1.0,0.7203238109429569,1.0,1.0,0.0,0.8834682545595655
360,31ac916bb888562a,True,1.0,0.0,0.0,1.0,1.0,1.0,0.0
361,6f31e863bab65c62,True,1.0,1.0,0.8655947237274885,1.0,1.0,1.0,0.9439978015531203
362,d497c1998ba75bb9,True,1.0,1.0,0.7366292295232065,1.0,1.0,1.0,0.8902621789680026
363,6b7c5199f84e5aac,True,1.0,1.0,0.9147887494177157,1.0,1.0,0.5,0.9644953122573815
364,7404939e443458cc,True,1.0,1.0,1.0,1.0,1.0,1.0,1.0
365,8051c60f20705909,True,1.0,1.0,1.0,0.0,1.0,1.0,0.5833333333333334
366,e0b7d625d3f55cd8,True,1.0,1.0,0.8824999469808855,1.0,1.0,1.0,0.951041644575369
367,263f5537c4f85b38,True,1.0,1.0,0.8379782159927968,1.0,1.0,1.0,0.9324909233303321
368,b4561c216e6c5e21,True,1.0,1.0,0.9670514108871361,1.0,1.0,1.0,0.9862714212029733
369,8551111013245067,True,0.0,1.0,0.0,0.0,1.0,1.0,0.0
370,de51843c0c1a51d4,True,1.0,1.0,0.843510991407192,1.0,1.0,1.0,0.9347962464196633
371,174ac6135bf65de9,True,0.0,1.0,0.0,0.0,1.0,1.0,0.0
372,cddadd26002959f4,True,1.0,1.0,1.0,0.0,1.0,1.0,0.5833333333333334
373,cb0505ba89415347,True,1.0,1.0,1.0,1.0,1.0,1.0,1.0
374,eaf3255921e35495,True,1.0,1.0,1.0,0.0,1.0,1.0,0.5833333333333334
375,74d0c56b12f25f92,True,1.0,1.0,0.9926261943865082,0.0,1.0,1.0,0.5802609143277118
376,8d0d984d4e2a5363,True,1.0,0.0,0.0,1.0,1.0,1.0,0.0
377,87751a071a7e50a4,True,1.0,1.0,1.0,1.0,1.0,1.0,1.0
378,0e198cad33c65494,True,1.0,1.0,0.7824044268770142,1.0,1.0,1.0,0.9093351778654225
379,55b7f0c50f4a5157,True,1.0,1.0,1.0,1.0,1.0,1.0,1.0
380,c840eac7d70e5877,True,1.0,1.0,0.9592841887886725,1.0,1.0,1.0,0.9830350786619468
381,397c45f99a265c17,True,1.0,1.0,0.8726298791236191,1.0,1.0,1.0,0.9469291163015079
382,cf0aec572cdd543e,True,0.0,1.0,0.0,0.0,1.0,1.0,0.0
383,155c42ad43525252,True,1.0,1.0,0.6851004891551644,1.0,1.0,1.0,0.8687918704813186
384,c9aa2159bc3a50a0,True,1.0,1.0,0.9210996486093992,1.0,1.0,1.0,0.9671248535872495
385,942df6bcc0c65bf9,True,1.0,1.0,0.9643761641579596,1.0,1.0,1.0,0.9851567350658165
386,e6e40103bfcb539e,True,1.0,1.0,1.0,1.0,1.0,1.0,1.0
387,1e9a42ef8f4057a6,True,1.0,0.0,0.0,1.0,1.0,1.0,0.0
388,2fd95381df705415,True,1.0,1.0,0.7997778224074037,1.0,1.0,1.0,0.9165740926697515
389,e10a3a8d627e5700,True,1.0,1.0,0.9765291805364219,1.0,1.0,1.0,0.9902204918901759
390,5d003b19e1a25253,True,1.0,1.0,0.8193503786314178,1.0,1.0,1.0,0.9247293244297574
391,43f586c2ca4b5929,True,1.0,1.0,0.7156226180406484,1.0,1.0,1.0,0.8815094241836036
392,6648a1c53b8c5994,True,1.0,0.0,0.0,1.0,1.0,1.0,0.0
393,d06d8235012b56fe,True,1.0,1.0,0.8435840073502341,1.0,1.0,1.0,0.9348266697292642
394,fa9e58947ab65890,True,1.0,1.0,0.7023789759322896,1.0,1.0,1.0,0.8759912399717873
395,f1dabe118a6955d6,True,0.0,1.0,0.0,0.0,1.0,1.0,0.0
396,197f39226d0856ce,True,1.0,1.0,0.8154307845826811,0.0,1.0,1.0,0.5064294935761171
397,af2b5213e6895680,True,1.0,1.0,0.7409247294760092,1.0,1.0,1.0,0.8920519706150039
398,d38070017e4e53c3,True,1.0,1.0,0.8858572624208996,1.0,1.0,1.0,0.9524405260087082
399,3cc3ea967df55cf0,True,0.5,0.0,0.0,0.0,1.0,0.0,0.0
400,e14d9a1990535a29,True,1.0,1.0,0.7730789735104608,1.0,1.0,1.0,0.9054495722960253
401,2274256d3852572f,True,0.5,1.0,0.40275938469069905,0.0,1.0,1.0,0.16724153847722897
402,0057ce5b81c35a81,True,1.0,1.0,1.0,1.0,1.0,1.0,1.0
403,dcb18ea8a7ea5d66,True,1.0,1.0,1.0,0.0,1.0,1.0,0.5833333333333334
404,60e45802b0245195,True,1.0,1.0,1.0,0.0,1.0,1.0,0.5833333333333334
405,d14ccafb937a543a,True,1.0,1.0,0.6164705681410914,1.0,1.0,1.0,0.8401960700587882
406,ed02d0df47ca55e7,True,1.0,1.0,1.0,1.0,1.0,1.0,1.0
407,213c18fea71457d2,True,1.0,1.0,0.6847637567648707,1.0,1.0,1.0,0.8686515653186961
408,ee9a7d622e33569a,True,1.0,1.0,0.8601637632685663,1.0,1.0,1.0,0.9417349013619026
409,f02b15cc225b5d9a,True,0.0,1.0,0.0,0.0,1.0,1.0,0.0
410,611bde5a2b585c9d,True,1.0,1.0,0.8617711470860273,0.0,1.0,1.0,0.5257379779525114
411,a5a4a6add0d05113,True,1.0,1.0,1.0,1.0,1.0,1.0,1.0
412,10db4b6fe64b5c10,True,0.0,0.0,0.0,0.0,1.0,0.5,0.0
413,4655358777d95867,True,1.0,1.0,1.0,1.0,1.0,1.0,1.0
414,68e2e4227c355dd9,True,1.0,1.0,0.7758534541805806,1.0,1.0,1.0,0.9066056059085753
415,4dd55e4b78955eca,True,1.0,1.0,0.9655565593556891,1.0,1.0,1.0,0.9856485663982038
416,2914f532ca9e56ce,True,0.0,1.0,0.0,0.0,1.0,1.0,0.0
417,07846b829b3a575e,True,1.0,1.0,0.7297354198683633,1.0,1.0,1.0,0.8873897582784848
418,593653db007b5826,True,1.0,1.0,1.0,0.0,1.0,1.0,0.5833333333333334
419,302d9a7758625a37,True,1.0,1.0,1.0,1.0,1.0,1.0,1.0
420,eb86e67498595966,True,0.5,0.0,0.0,0.0,1.0,1.0,0.0
421,ae68b10cd5085e7c,True,1.0,1.0,0.8865801236812968,1.0,1.0,1.0,0.9527417182005404
422,7f0309b4cbb85029,True,1.0,1.0,0.7958856571244973,1.0,1.0,1.0,0.9149523571352072
423,2e1835a7c6445310,True,1.0,1.0,1.0,0.0,1.0,1.0,0.5833333333333334
424,1c0c94dbcd5359fc,True,1.0,1.0,0.5192977652849329,1.0,1.0,1.0,0.7997074022020554
425,15a50c88ab0255ca,True,1.0,1.0,1.0,1.0,1.0,1.0,1.0
426,4db7ecab510656e1,True,1.0,1.0,0.9426064476515362,1.0,1.0,1.0,0.9760860198548068
427,77f9c895af8b59f3,True,1.0,1.0,1.0,1.0,1.0,1.0,1.0
428,dc39ce9c251551bb,True,1.0,1.0,0.9415036161912119,1.0,1.0,1.0,0.9756265067463383
429,dce2c9983a00588e,True,1.0,1.0,0.7326090725447028,1.0,1.0,1.0,0.8885871135602929
430,648b875dc34259c2,True,1.0,0.0,0.0,1.0,1.0,1.0,0.0
431,f2291b8766215c41,True,1.0,1.0,0.6493601506763367,1.0,1.0,1.0,0.8539000627818071
432,a0bc34982a4555ac,True,1.0,1.0,0.4652610485277358,1.0,1.0,1.0,0.7771921035532232
433,268ab283b4a95126,True,1.0,1.0,1.0,1.0,1.0,1.0,1.0
434,9833f2646439513e,True,1.0,1.0,1.0,1.0,1.0,1.0,1.0
435,8a9ecc24c4f25c3c,True,1.0,1.0,1.0,0.0,1.0,1.0,0.5833333333333334
436,9ecb516bac035ce4,True,1.0,1.0,0.8398036292753281,1.0,1.0,1.0,0.9332515121980535
437,78c9157a55905d81,True,1.0,1.0,0.9187467811878729,1.0,1.0,1.0,0.9661444921616137
438,1f7afb10d4cc5319,True,1.0,1.0,0.9903823178321322,1.0,1.0,1.0,0.9959926324300551
439,566cac9a7c0358ce,True,1.0,1.0,0.8714033602377536,1.0,1.0,1.0,0.9464180667657306
440,f769ef75631451c8,True,1.0,1.0,1.0,0.0,1.0,1.0,0.5833333333333334
441,467191a24ffe57aa,True,1.0,1.0,1.0,1.0,1.0,1.0,1.0
442,b91aab23acc957c5,True,1.0,0.0,0.0,1.0,1.0,0.0,0.0
443,b1906c6b8b8f5f56,True,1.0,1.0,1.0,1.0,1.0,1.0,1.0
444,99e4c28a82735b10,True,1.0,1.0,0.5703738578916536,1.0,1.0,1.0,0.8209891074548556
445,cccd69e7a6ff5be3,True,1.0,1.0,1.0,1.0,1.0,1.0,1.0
446,92c38e520e515a8a,True,1.0,1.0,1.0,1.0,1.0,1.0,1.0
447,62c0730b5f435548,True,1.0,1.0,0.8519578810282379,1.0,1.0,1.0,0.9383157837617658
448,ef9b600e65ac5391,True,1.0,1.0,0.7371872350580887,1.0,1.0,1.0,0.8904946812742036
449,5fde0c8c8f4b5ecb,True,1.0,1.0,0.7113104355136234,1.0,1.0,0.0,0.8797126814640097
450,bcb48691833d5afe,True,1.0,1.0,1.0,1.0,1.0,1.0,1.0
451,21e13e3ac13856b1,True,1.0,1.0,0.7649702660276245,1.0,1.0,1.0,0.902070944178177
452,26eeb11cbcd9593b,True,1.0,1.0,0.42562963310224,1.0,1.0,1.0,0.7606790137926
453,15454d7562d45fe6,True,1.0,1.0,0.9698630502832376,1.0,1.0,1.0,0.9874429376180157
454,6bcfc8d05b4c5d96,True,0.0,1.0,0.0,0.0,1.0,1.0,0.0
455,e6bf9ed756f95544,True,1.0,0.0,0.0,0.0,1.0,1.0,0.0
456,c3907cc0d2ed5600,True,1.0,1.0,0.9754489632953416,1.0,1.0,1.0,0.9897704013730589
457,0372bb63e704555a,True,1.0,1.0,0.8769822604225643,1.0,1.0,1.0,0.9487426085094018
458,2b65a8a29c455d00,True,1.0,1.0,0.7397152348887398,1.0,1.0,1.0,0.891548014536975
459,e859a9e666c15716,True,1.0,1.0,0.7022694961372568,1.0,1.0,1.0,0.8759456233905237
460,e9d869eb2d255788,True,1.0,1.0,0.9174571704929576,1.0,1.0,1.0,0.9656071543720657
461,d8f68111f5145cc9,True,1.0,1.0,0.8711634770344209,1.0,1.0,1.0,0.9463181154310086
462,973f0873af40574e,True,1.0,0.0,0.0,1.0,1.0,1.0,0.0
463,3ea7ba225643556d,True,1.0,0.0,0.0,1.0,1.0,1.0,0.0
464,f91ece9be7be56f6,True,1.0,1.0,0.8722941292016777,1.0,1.0,1.0,0.946789220500699
465,196cb93444b35dd7,True,1.0,0.0,0.0,1.0,1.0,1.0,0.0
466,7fad5a0c8cdd5fc4,True,1.0,1.0,0.9340650309373832,1.0,1.0,1.0,0.9725270962239096
467,11118a8c74d95c5c,True,1.0,1.0,0.8648365608984238,1.0,1.0,1.0,0.9436819003743432
468,e4174e91095b530b,True,1.0,1.0,0.6847519233060628,1.0,1.0,1.0,0.8686466347108596
469,7e862e783690532d,True,1.0,1.0,1.0,0.0,1.0,1.0,0.5833333333333334
470,95e6e7c4cfe15b91,True,1.0,1.0,1.0,0.0,1.0,1.0,0.5833333333333334
471,128076b6be9a5209,True,1.0,1.0,0.8217250208821344,1.0,1.0,1.0,0.9257187587008894
472,3d8c71ff899f50e6,True,1.0,1.0,1.0,1.0,1.0,1.0,1.0
473,b1c08eae66d35f5d,True,1.0,1.0,1.0,1.0,1.0,1.0,1.0
474,406f8b299de35ce2,True,1.0,1.0,0.7428018447898143,1.0,1.0,0.0,0.892834101995756
475,7c94fd89afb95a88,True,0.0,1.0,0.0,0.0,1.0,1.0,0.0
476,633df956d5645243,True,1.0,1.0,1.0,1.0,1.0,1.0,1.0
477,6919cfa3396a52ff,True,1.0,1.0,1.0,1.0,1.0,1.0,1.0
478,f587b097f5f65db6,True,1.0,1.0,1.0,1.0,1.0,1.0,1.0
479,6ad6e6d54e845206,True,0.0,1.0,0.0,0.0,1.0,1.0,0.0
480,5cb9850a89b6578e,True,1.0,1.0,1.0,1.0,1.0,1.0,1.0
481,2d2a1f08e4895258,True,1.0,1.0,1.0,1.0,1.0,1.0,1.0
482,bd6d465e3fe95e7c,True,0.0,1.0,0.0,0.0,1.0,1.0,0.0
483,1fc48e89034758e7,True,1.0,1.0,0.755222133871067,1.0,1.0,1.0,0.8980092224462779
484,099ba96d3bca51c3,True,1.0,1.0,0.596034564473328,1.0,1.0,1.0,0.8316810685305533
485,a44db880afe95be7,True,1.0,1.0,0.579953978323755,1.0,1.0,1.0,0.8249808243015645
486,2a34f4d0aefc5039,True,1.0,1.0,0.21450244298703544,1.0,1.0,1.0,0.6727093512445981
487,11aef9f936f45518,True,1.0,0.0,0.0,1.0,1.0,1.0,0.0
488,11650e6f32715f8f,True,1.0,0.0,0.0,1.0,1.0,1.0,0.0
489,d4e9c2fa89c55897,True,1.0,1.0,1.0,1.0,1.0,1.0,1.0
490,c46978b319c7533d,True,1.0,1.0,0.7985988464907753,1.0,1.0,0.5,0.9160828527044896
491,59dcc37e3f235412,True,0.0,1.0,0.0,0.0,1.0,1.0,0.0
492,f5af09063e125bb2,True,1.0,1.0,0.8024559764397727,1.0,1.0,1.0,0.9176899901832387
493,2ca1cea5e7bf5219,True,0.0,1.0,0.0,0.0,1.0,1.0,0.0
494,8fb11d5808355072,True,0.0,1.0,0.0,0.0,1.0,1.0,0.0
495,3b0cda86b999528c,True,1.0,0.0,0.0,1.0,1.0,1.0,0.0
496,893455c02e16508b,True,1.0,1.0,0.8622700989081448,1.0,1.0,1.0,0.942612541211727
497,f1bd1724d07957cc,True,1.0,1.0,1.0,1.0,1.0,1.0,1.0
498,ec1dd3d02f035d78,True,1.0,1.0,1.0,0.0,1.0,1.0,0.5833333333333334
499,9c26c2cea984590f,True,1.0,1.0,1.0,1.0,1.0,1.0,1.0
500,f9f4354a1d12565d,True,1.0,1.0,1.0,1.0,1.0,1.0,1.0
501,9af711dfa6eb5952,True,1.0,1.0,1.0,1.0,1.0,1.0,1.0
502,647a42b4e5075f16,True,1.0,1.0,0.9119863027312841,1.0,1.0,0.5,0.9633276261380349
503,2b052ebbd7ec543b,True,1.0,1.0,0.629419984688995,0.0,1.0,0.0,0.42892499362041453
504,33c848df67305ec1,True,1.0,1.0,1.0,1.0,1.0,1.0,1.0
505,c84db99f6a4f51ae,True,1.0,1.0,0.7518739516947812,1.0,1.0,1.0,0.8966141465394921
506,4abb45d9ee1a5c5c,True,0.0,1.0,0.0,0.0,1.0,0.0,0.0
507,8be90fab0cf45555,True,1.0,1.0,1.0,1.0,1.0,1.0,1.0
508,2dbf2462b447576f,True,1.0,0.0,0.0,1.0,1.0,1.0,0.0
509,71adcc94aa6856a6,True,1.0,1.0,1.0,1.0,1.0,1.0,1.0
510,bedb83878e215e4e,True,0.0,1.0,0.0,0.0,1.0,1.0,0.0
511,c70cfaf737215fca,True,1.0,0.0,0.0,1.0,1.0,1.0,0.0
512,0d472b2f14735fd1,True,1.0,1.0,1.0,0.0,1.0,1.0,0.5833333333333334
513,b958e6967993560f,True,1.0,1.0,1.0,1.0,1.0,1.0,1.0
514,0f337f2c23215a9e,True,1.0,1.0,1.0,1.0,1.0,1.0,1.0
515,aaf90b3acdce5063,True,1.0,1.0,1.0,1.0,1.0,1.0,1.0
516,ef11e35afed25326,True,1.0,1.0,0.7040062637654249,1.0,1.0,1.0,0.876669276568927
517,9f5172e4a2cb5304,True,1.0,1.0,0.9107038335214539,1.0,1.0,1.0,0.9627932639672725
518,fefc295622155532,True,1.0,1.0,0.7920988827252061,1.0,1.0,1.0,0.9133745344688359
519,0c267e7911165e9f,True,1.0,1.0,0.8698730807208167,1.0,1.0,1.0,0.9457804503003402
520,f2d7208949535747,True,1.0,1.0,0.43760671478168445,1.0,1.0,0.5,0.7656694644923685
521,806b0f2b2ade5454,True,1.0,1.0,1.0,1.0,1.0,1.0,1.0
522,9d18c2e4a9c35be7,True,1.0,1.0,1.0,0.0,1.0,1.0,0.5833333333333334
523,8227648b1da95adb,True,1.0,1.0,0.4224960876122665,1.0,1.0,1.0,0.7593733698384444
524,76b708c365e45536,True,1.0,1.0,1.0,0.0,1.0,1.0,0.5833333333333334
525,322023693f1f5f55,True,1.0,1.0,0.0007528539953149944,1.0,1.0,1.0,0.5836470224980479
526,120ae6f1d60a5613,True,1.0,1.0,0.9022037217597391,1.0,1.0,1.0,0.9592515507332245
527,b42af31e8e9b596d,True,1.0,1.0,1.0,1.0,1.0,1.0,1.0
528,54a48973672c5352,True,1.0,1.0,1.0,1.0,1.0,1.0,1.0
529,7777f9476f1e5bb0,True,1.0,1.0,0.8326345288595045,1.0,1.0,1.0,0.9302643870247934
530,dd07f89bea6f5147,True,1.0,0.0,0.0,1.0,1.0,1.0,0.0
531,13848a5be84f5a4a,True,1.0,1.0,0.8607029656065781,1.0,1.0,1.0,0.9419595690027408
532,4cca4c982f9855c5,True,1.0,1.0,1.0,1.0,1.0,1.0,1.0
533,8afbc18a03e2572f,True,1.0,1.0,0.934484948761618,1.0,1.0,1.0,0.9727020619840075
534,3ae3cf56296b5861,True,1.0,1.0,0.7160890722780753,1.0,1.0,1.0,0.8817037801158647
535,1854229ce0305578,True,1.0,0.0,0.0,1.0,1.0,1.0,0.0
536,3d4f0c1ecad55944,True,1.0,1.0,0.87836084679848,1.0,1.0,1.0,0.9493170194993666
537,c6ad08c8eca55275,True,1.0,1.0,0.9195340788842469,1.0,1.0,1.0,0.9664725328684362
538,661ce644db6d5546,True,1.0,1.0,1.0,1.0,1.0,0.5,1.0
539,86ecfd85bd095b7f,True,1.0,1.0,1.0,1.0,1.0,1.0,1.0
540,635d0bb58aa95282,True,1.0,1.0,0.6333040616525459,1.0,1.0,0.5,0.8472100256885607
541,861805c4ff585f84,True,1.0,0.0,0.0,1.0,1.0,0.5,0.0
542,847ac59d6cce5bc4,True,1.0,0.0,0.0,1.0,1.0,1.0,0.0
543,000926dda92d592d,True,1.0,1.0,1.0,0.0,1.0,1.0,0.5833333333333334
544,f93bfd9479fd52ee,True,1.0,1.0,0.7627593410441289,1.0,1.0,1.0,0.9011497254350537
545,ac2da3da332b5a04,True,1.0,1.0,0.8977006397769118,1.0,1.0,1.0,0.9573752665737132
546,3b56d2b022d25026,True,1.0,1.0,0.7881992780866013,1.0,1.0,1.0,0.9117496992027506
547,899ed9ca42d750c6,True,1.0,1.0,1.0,1.0,1.0,1.0,1.0
548,0192c3bca9ca5c67,True,1.0,1.0,0.9293306837988701,1.0,1.0,1.0,0.9705544515828626
549,5ee074d138be53d4,True,1.0,1.0,1.0,1.0,1.0,1.0,1.0
550,6ea198f259b85e49,True,0.0,1.0,0.0,0.0,1.0,1.0,0.0
551,807c1ce92e235b11,True,1.0,1.0,1.0,1.0,1.0,1.0,1.0
552,a96c1b6145ca513e,True,1.0,1.0,0.8399377014183437,1.0,1.0,1.0,0.9333073755909765
553,13f7b495f8065eec,True,1.0,1.0,0.8311111574550601,1.0,1.0,1.0,0.9296296489396084
554,2c7e5f987d5752c7,True,1.0,0.0,0.0,1.0,1.0,0.5,0.0
555,b2e27f20100b54ba,True,1.0,1.0,0.9489467082332125,1.0,1.0,1.0,0.9787277950971719
556,8ca0e93beaa056de,True,1.0,0.0,0.0,1.0,1.0,0.5,0.0
557,d532c0b3a43a52dc,True,1.0,1.0,1.0,0.0,1.0,1.0,0.5833333333333334
558,f3512ae175b45844,True,1.0,1.0,1.0,1.0,1.0,1.0,1.0
559,b354451e4f8859f9,True,1.0,1.0,0.7479815177593843,1.0,1.0,1.0,0.8949922990664101
560,b8d114f0304d5f87,True,1.0,1.0,1.0,1.0,1.0,1.0,1.0
561,4eaf35cea96d5dd9,True,1.0,1.0,1.0,1.0,1.0,1.0,1.0
562,4bb645483bf4594a,True,1.0,1.0,1.0,1.0,1.0,1.0,1.0
563,51fd85d11ea75120,True,1.0,1.0,0.8899116580953236,1.0,1.0,1.0,0.954129857539718
564,375d03a139615179,True,1.0,1.0,1.0,0.0,1.0,1.0,0.5833333333333334
565,7b4a9abdf718584b,True,1.0,1.0,1.0,1.0,1.0,1.0,1.0
566,fd3606c29f3f57fb,True,1.0,1.0,1.0,0.0,1.0,1.0,0.5833333333333334
567,4de72cf1449b51c8,True,1.0,1.0,1.0,1.0,1.0,1.0,1.0
568,54220704df92547d,True,1.0,1.0,0.9810033342676688,1.0,1.0,0.0,0.9920847226115287
569,74831c9ae5a15f99,True,1.0,1.0,0.824458266254472,1.0,1.0,1.0,0.9268576109393635
570,305d73038ef35efe,True,1.0,1.0,1.0,1.0,1.0,1.0,1.0
571,6e813b55dcb35df7,True,1.0,1.0,0.8697931791890458,1.0,1.0,1.0,0.9457471579954357
572,be0e8eae708f5d4b,True,0.0,1.0,0.0,0.0,1.0,1.0,0.0
573,bb6cf07ad4a350f6,True,1.0,1.0,0.8450983756958542,1.0,1.0,1.0,0.9354576565399393
574,47bc25abb0705dc9,True,1.0,1.0,1.0,0.0,1.0,1.0,0.5833333333333334
575,334ddbed40095e07,True,1.0,1.0,0.8063967952267275,1.0,1.0,1.0,0.9193319980111365
576,428532e023bc5783,True,1.0,0.0,0.0,1.0,1.0,1.0,0.0
577,1b01f89fe48355b6,True,1.0,0.0,0.0,1.0,1.0,1.0,0.0
578,32c0c70837d05c47,True,1.0,1.0,0.9423455085159089,1.0,1.0,1.0,0.9759772952149621
579,6ec94adda61e5483,True,0.0,1.0,0.0,0.0,1.0,1.0,0.0
580,2335928f0e065bca,True,1.0,1.0,1.0,1.0,1.0,1.0,1.0
581,a7a0fe1f804c5fa5,True,0.0,0.0,0.0,0.0,1.0,1.0,0.0
582,f618df9b13b75f68,True,1.0,1.0,0.9795668521727153,1.0,1.0,1.0,0.991486188405298
583,4a40d0564325502c,True,1.0,0.0,0.0,0.0,1.0,1.0,0.0
584,fe9a137303a9521c,True,1.0,1.0,0.6009274495621818,1.0,1.0,1.0,0.8337197706509091
585,6410f5684be757b5,True,1.0,1.0,0.6982928063791929,1.0,1.0,1.0,0.8742886693246638
586,13c555e68671524f,True,1.0,1.0,0.822335853160959,1.0,1.0,1.0,0.9259732721503996
587,75b312bbd4e25c17,True,0.0,1.0,0.0,0.0,1.0,1.0,0.0
588,8e04fd5e1613597a,True,1.0,1.0,1.0,0.0,1.0,1.0,0.5833333333333334
589,1295e8271e37569f,True,0.0,1.0,0.0,0.0,1.0,1.0,0.0
590,1faa29a936cd5277,True,1.0,0.0,0.0,1.0,1.0,1.0,0.0
591,bfbc82c4f65a5208,True,1.0,1.0,1.0,1.0,1.0,1.0,1.0
592,9b94fe18b9ea5b73,True,1.0,1.0,1.0,1.0,1.0,1.0,1.0
593,af6ce3c064fa5a56,True,1.0,1.0,1.0,1.0,1.0,1.0,1.0
594,3b225aa246f35197,True,1.0,0.0,0.0,1.0,1.0,0.0,0.0
595,8187be48a9d95d91,True,1.0,1.0,0.8475562481567717,1.0,1.0,1.0,0.9364817700653215
596,e2fe44045eac5b89,True,1.0,1.0,0.8701954798615075,1.0,1.0,1.0,0.9459147832756282
597,bf23bdc36a8050f5,True,1.0,1.0,0.9832743404827335,1.0,1.0,1.0,0.9930309752011389
598,6250b1bc5d735d1a,True,1.0,1.0,0.7514903856461211,1.0,1.0,1.0,0.8964543273525504
599,ea23b2bb8e5756b8,True,1.0,0.0,0.0,1.0,1.0,1.0,0.0
600,3495be9149e0537d,True,0.0,1.0,0.0,0.0,1.0,1.0,0.0
601,80fdf1c45abd5c48,True,1.0,1.0,0.7586940432018169,1.0,1.0,1.0,0.8994558513340903
602,7a35be74d30b5a74,True,1.0,1.0,1.0,1.0,1.0,1.0,1.0
603,92da1e3c12fa54b6,True,1.0,1.0,0.9337111534784668,1.0,1.0,1.0,0.9723796472826945
604,55e7ff380d7e5491,True,1.0,1.0,1.0,1.0,1.0,1.0,1.0
605,569a63e20e845d44,True,1.0,1.0,0.7409531303715182,1.0,1.0,1.0,0.892063804321466
606,23f357c023c2584f,True,1.0,0.0,0.0,1.0,1.0,1.0,0.0
607,d26771df718251d1,True,0.0,1.0,0.0,0.0,1.0,1.0,0.0
608,44894928f21d5e38,True,1.0,1.0,1.0,1.0,1.0,1.0,1.0
609,f1f69cb418a05b54,True,1.0,1.0,1.0,1.0,1.0,1.0,1.0
610,a2652d512cf35d1e,True,1.0,1.0,0.7420744369754763,1.0,1.0,1.0,0.8925310154064485
611,77ae9dba6f05550d,True,1.0,1.0,0.7847537239781182,1.0,1.0,1.0,0.9103140516575493
612,fa16fc0f1e9851a3,True,1.0,1.0,0.8794321834563299,1.0,1.0,1.0,0.9497634097734707
613,20024f7ea9635ed8,True,0.0,1.0,0.0,0.0,1.0,1.0,0.0
614,f6eec3b743985122,True,1.0,1.0,0.869246965145544,1.0,1.0,1.0,0.9455195688106434
615,cd41ee390afb5da7,True,1.0,0.0,0.0,1.0,1.0,1.0,0.0
616,0b2839db08ae5ed6,True,1.0,0.0,0.0,1.0,1.0,1.0,0.0
617,7ba76233a35553c2,True,1.0,1.0,1.0,1.0,1.0,1.0,1.0
618,786c64badbb15a9c,True,1.0,1.0,1.0,1.0,1.0,1.0,1.0
619,29b6c8cc1e055352,True,1.0,1.0,0.7173004613875582,1.0,1.0,0.5,0.8822085255781493
620,038948dd9db85d2a,True,1.0,1.0,1.0,1.0,1.0,1.0,1.0
621,d5a0b92fbf8b51df,True,0.0,1.0,0.0,0.0,1.0,1.0,0.0
622,a41a728fda515594,True,1.0,1.0,0.7996668046552259,1.0,1.0,1.0,0.9165278352730107
623,cc2ab80d336a56e0,True,1.0,1.0,0.8487228583977413,1.0,1.0,1.0,0.9369678576657255
624,b86152f6ab29580e,True,1.0,1.0,0.9034590766504459,1.0,1.0,1.0,0.959774615271019
625,9bdda55e20a15705,True,1.0,0.0,0.0,1.0,1.0,0.5,0.0
626,3d00fb1cdc87515e,True,1.0,0.0,0.0,1.0,1.0,0.5,0.0
627,a2fe72b034765149,True,1.0,1.0,0.900010138077073,1.0,1.0,1.0,0.9583375575321137
628,67debdeae60b5fa4,True,1.0,0.0,0.0,1.0,1.0,0.5,0.0
629,58b96e6ca9a95ff4,True,1.0,1.0,0.49579197427510663,1.0,1.0,1.0,0.7899133226146278
630,1cf600346a7e5fc5,True,1.0,1.0,0.7905251376777598,1.0,1.0,1.0,0.9127188073657333
631,89ec780cbf965fba,True,1.0,1.0,1.0,1.0,1.0,1.0,1.0
632,4f12e3acfb125088,True,1.0,1.0,0.9034639726611162,1.0,1.0,1.0,0.9597766552754651
633,84c2b46556315af6,True,1.0,0.0,0.0,1.0,1.0,1.0,0.0
634,342953cadb9f57b2,True,1.0,1.0,0.8914690350984681,1.0,1.0,1.0,0.9547787646243617
635,40df19739f215995,True,1.0,1.0,1.0,1.0,1.0,1.0,1.0
636,38b08f2868a75306,True,1.0,1.0,0.758811280286953,1.0,1.0,1.0,0.8995047001195638
637,6544f1c9668c58c3,True,1.0,1.0,1.0,1.0,1.0,1.0,1.0
638,52c1d14554bb51f5,True,1.0,1.0,0.9160418286354157,1.0,1.0,1.0,0.9650174285980899
639,6e0a467af0205f04,True,1.0,1.0,1.0,0.0,1.0,1.0,0.5833333333333334
640,9dc5a17094e0569d,True,1.0,1.0,0.8951249328560392,1.0,1.0,1.0,0.9563020553566831
641,f9720f622fd4511b,True,1.0,1.0,0.4419889360545807,1.0,1.0,1.0,0.7674953900227419
642,c962887d22e95f88,True,1.0,1.0,1.0,1.0,1.0,1.0,1.0
643,33e4d8b62def5fbc,True,1.0,1.0,0.8351930161196167,1.0,1.0,1.0,0.9313304233831735
644,085f9a1ec71b50c2,True,1.0,1.0,0.8645523068557234,1.0,1.0,1.0,0.9435634611898847
645,e77441c822075f1b,True,1.0,1.0,0.8340292119714446,1.0,1.0,1.0,0.930845504988102
646,ad702ac65d8754bb,True,1.0,1.0,0.9509048472480913,1.0,1.0,1.0,0.9795436863533714
647,e1e4395724c05092,True,1.0,1.0,1.0,0.0,1.0,1.0,0.5833333333333334
648,14f10a29b9235b38,True,1.0,1.0,0.8965815109187776,1.0,1.0,1.0,0.956908962882824
649,4231dc0eadd75a2d,True,0.0,1.0,0.0,0.0,1.0,1.0,0.0
650,b1e09de4af085129,True,1.0,1.0,0.8855299844057606,1.0,1.0,1.0,0.9523041601690668
651,e7d1a48359b65c2d,True,1.0,1.0,0.818818152726224,1.0,1.0,1.0,0.9245075636359267
652,0bee5ed0a0a957fd,True,1.0,1.0,0.8473285986956328,1.0,1.0,1.0,0.9363869161231803
653,21fb4d702ea85f63,True,1.0,1.0,0.8676253291459414,1.0,1.0,1.0,0.9448438871441422
654,aa2962e446b45e1f,True,1.0,1.0,0.9063724018498708,1.0,1.0,1.0,0.9609885007707795
655,5f4ad64db9ac5419,True,1.0,1.0,1.0,0.0,1.0,1.0,0.5833333333333334
656,8a249b6f42f35ca2,True,1.0,1.0,1.0,1.0,1.0,1.0,1.0
657,7bbb6cfc4f135e50,True,1.0,1.0,0.9440790750761499,1.0,1.0,1.0,0.9766996146150625
658,30e7a7c93a225968,True,1.0,1.0,1.0,1.0,1.0,1.0,1.0
659,cfd45b3514125d2e,True,1.0,1.0,0.6641630254933412,1.0,1.0,1.0,0.8600679272888921
660,472899393e8f55e1,True,1.0,1.0,0.8688964862887092,1.0,1.0,1.0,0.9453735359536287
661,ffde3cc525b75021,True,1.0,0.0,0.0,1.0,1.0,0.5,0.0
662,9f105aba36355fe1,True,1.0,0.0,0.0,1.0,1.0,1.0,0.0
663,5138bac9ac59508f,True,1.0,1.0,0.8728457695355926,0.0,1.0,1.0,0.5303524039731636
664,6de8e1962fc4559a,True,1.0,1.0,0.9147772313954772,1.0,1.0,1.0,0.9644905130814488
665,440690fa94cb50d5,True,1.0,1.0,0.5858428224326867,1.0,1.0,1.0,0.8274345093469528
666,46a9bf6f100c5e0a,True,1.0,1.0,0.9649528275099495,1.0,1.0,1.0,0.9853970114624789
667,35fa5481e4de5703,True,1.0,1.0,0.7309872313991019,1.0,1.0,1.0,0.8879113464162924
668,dc05b41a768b5015,True,1.0,1.0,0.6219224009934367,1.0,1.0,1.0,0.8424676670805985
669,7a90cd45ef505058,True,1.0,1.0,1.0,1.0,1.0,1.0,1.0
670,2d84ae5e1fa85f94,True,1.0,1.0,0.8275202007301385,1.0,1.0,1.0,0.928133416970891
671,93a4b61a25b0509f,True,1.0,1.0,1.0,1.0,1.0,1.0,1.0
672,fd765c984c93597f,True,1.0,1.0,1.0,0.0,1.0,1.0,0.5833333333333334
673,b7c9a2a8db7d5b48,True,0.0,1.0,0.0,0.0,1.0,1.0,0.0
674,a631fec170525388,True,1.0,1.0,0.6578906485469277,1.0,1.0,0.5,0.8574544368945531
675,bf6e5d04e0d7576e,True,1.0,1.0,0.40806150251068896,1.0,1.0,1.0,0.7533589593794537
676,750d0f9df6ef55a2,True,1.0,1.0,1.0,1.0,1.0,1.0,1.0
677,7d664c7260d45737,True,1.0,1.0,0.8620846259983909,1.0,1.0,1.0,0.9425352608326628
678,e9a6f39362ba53a3,True,1.0,1.0,0.9766732824939663,1.0,1.0,1.0,0.990280534372486
679,1b1f22e9af535f9f,True,1.0,0.0,0.0,1.0,1.0,0.5,0.0
680,563ef3c44a5a528e,True,1.0,1.0,0.006993157742515094,1.0,1.0,1.0,0.5862471490593814
681,9ca9d2ce60a35d66,True,1.0,1.0,0.8863492123841616,1.0,1.0,1.0,0.9526455051600674
682,35c98e62401f5c7e,True,1.0,1.0,0.6759229594011992,1.0,1.0,1.0,0.8649678997504996
683,616ead76f75f5b62,True,1.0,1.0,0.8372046872098534,1.0,1.0,1.0,0.9321686196707724
684,82e84851ea985ba8,True,1.0,1.0,1.0,1.0,1.0,1.0,1.0
685,1b8f0a989c8b5636,True,1.0,1.0,0.9576989093021392,1.0,1.0,1.0,0.982374545542558
686,e194cef299cf5264,True,1.0,1.0,1.0,0.0,1.0,1.0,0.5833333333333334
687,51b0141596d15905,True,0.0,1.0,0.0,0.0,1.0,0.5,0.0
688,fc4bdb76d30553b0,True,1.0,1.0,0.6257783949130075,1.0,1.0,1.0,0.8440743312137532
689,a93fa981f60d50af,True,0.0,1.0,0.0,0.0,1.0,1.0,0.0
690,7602906d3c785da3,True,1.0,1.0,1.0,1.0,1.0,1.0,1.0
691,fb1d534ccf82583f,True,1.0,1.0,0.5986125797969634,1.0,1.0,0.5,0.8327552415820682
692,575453863ce05f35,True,1.0,1.0,1.0,1.0,1.0,1.0,1.0
693,f16fe36eef2b5157,True,1.0,1.0,1.0,1.0,1.0,1.0,1.0
694,2774b2c338a3500c,True,1.0,1.0,0.656011238688399,1.0,1.0,0.5,0.8566713494534995
695,faba362f85a95b6c,True,1.0,0.0,0.0,0.0,1.0,1.0,0.0
696,a1f35d4460345de8,True,1.0,1.0,1.0,1.0,1.0,1.0,1.0
697,6ba5ed2f323f53e2,True,1.0,1.0,1.0,1.0,1.0,1.0,1.0
698,812d49975bf357fc,True,1.0,1.0,0.9324688186134626,1.0,1.0,1.0,0.9718620077556094
699,f8d3738f77c05163,True,1.0,1.0,0.9436596544213057,1.0,1.0,1.0,0.9765248560088774
700,f79397c87fbf5965,True,1.0,0.0,0.0,0.0,1.0,0.5,0.0
701,d4c431871c755ba3,True,1.0,1.0,0.014404662110959364,1.0,1.0,1.0,0.5893352758795664
702,d637ce98fc5353be,True,1.0,1.0,0.9050990501135648,1.0,1.0,1.0,0.9604579375473188
703,a164681774715cea,True,1.0,1.0,0.7877256754462703,1.0,1.0,1.0,0.9115523647692793
704,331882a4388559b6,True,1.0,1.0,1.0,1.0,1.0,1.0,1.0
705,eb72736f2edf5380,True,0.0,1.0,0.0,0.0,1.0,1.0,0.0
706,2469647d2d055825,True,1.0,1.0,1.0,1.0,1.0,1.0,1.0
707,5167871fd80b575d,True,1.0,1.0,0.7549334439628327,1.0,1.0,1.0,0.8978889349845135
708,4c22cdcc527e5a36,True,1.0,1.0,0.9061433763208411,0.0,1.0,1.0,0.5442264068003505
709,670f9d50643c5874,True,1.0,1.0,0.781466474508684,1.0,1.0,1.0,0.9089443643786184
710,a4bc6340456351af,True,1.0,1.0,0.5668138608112294,1.0,1.0,1.0,0.8195057753380123
711,548b6b9700f25610,True,1.0,0.0,0.0,1.0,1.0,1.0,0.0
712,f9d772498ab656d6,True,1.0,1.0,0.6871483238485553,0.0,1.0,1.0,0.45297846827023136
713,d7b1d984a0ff5791,True,1.0,1.0,1.0,1.0,1.0,1.0,1.0
714,de0fd47c70d3500a,True,1.0,1.0,1.0,1.0,1.0,1.0,1.0
715,906ad81ffb6953a5,True,1.0,1.0,0.4922907460831954,1.0,1.0,1.0,0.7884544775346648
716,03269d4ad9e45809,True,1.0,1.0,0.8159014077242652,1.0,1.0,1.0,0.9232922532184439
717,9630074ccab7581e,True,1.0,1.0,0.8630872857677616,1.0,1.0,1.0,0.9429530357365673
718,72e48f99d8265b71,True,1.0,0.0,0.0,1.0,1.0,1.0,0.0
719,bd0f9349cc1053a3,True,1.0,1.0,1.0,0.0,1.0,1.0,0.5833333333333334
720,57960c0eaa6b554b,True,1.0,1.0,0.9692532722074834,1.0,1.0,1.0,0.9871888634197847
721,cc5e04be1f105d15,True,1.0,1.0,0.7258401121420316,1.0,1.0,1.0,0.8857667133925132
722,c0b730b08f685ef3,True,1.0,1.0,1.0,1.0,1.0,1.0,1.0
723,8d6583f3e3c15034,True,1.0,1.0,0.01829780834808005,1.0,1.0,1.0,0.5909574201450334
724,f512480c969a5eab,True,0.0,1.0,0.0,0.0,1.0,1.0,0.0
725,4080e46653b05c94,True,1.0,0.0,0.0,1.0,1.0,1.0,0.0
726,64edcbd39d2b5f08,True,1.0,1.0,0.9878110816082577,1.0,1.0,1.0,0.9949212840034406
727,5576401890e55a6e,True,1.0,1.0,1.0,1.0,1.0,1.0,1.0
728,60681597a59d5cf9,True,1.0,1.0,0.5488097811543089,1.0,1.0,0.5,0.812004075480962
729,eaba7fd433c45e20,True,1.0,1.0,0.4868590137003933,1.0,1.0,1.0,0.7861912557084972
730,e3cd93e027285031,True,1.0,1.0,0.7933735740630288,1.0,1.0,1.0,0.9139056558595954
731,c75331b9d30957a1,True,0.0,1.0,0.0,0.0,1.0,1.0,0.0
732,350ef3908a9c5db6,True,1.0,1.0,1.0,1.0,1.0,1.0,1.0
733,cf43204828af5513,True,0.0,1.0,0.0,0.0,1.0,1.0,0.0
734,e6dae41a69575555,True,1.0,1.0,0.7941770913446081,1.0,1.0,1.0,0.9142404547269201
735,436728a1202a5ae6,True,1.0,1.0,0.5079231584054666,1.0,1.0,1.0,0.7949679826689445
736,8299207e310b595e,True,1.0,1.0,0.882629932985643,1.0,1.0,1.0,0.9510958054106845
737,148188e5281e53cd,True,0.0,1.0,0.0,0.0,1.0,1.0,0.0
738,72c898c5c6a45939,True,1.0,1.0,1.0,1.0,1.0,1.0,1.0
739,b7bd6325ead95dd8,True,1.0,1.0,0.9432743497845175,1.0,1.0,1.0,0.9763643124102156
740,47e64379df6b55b2,True,1.0,1.0,1.0,0.0,1.0,1.0,0.5833333333333334
741,69f27d25f8a45de1,True,1.0,1.0,1.0,1.0,1.0,1.0,1.0
742,7b22018666ac5b0e,True,1.0,0.0,0.0,1.0,1.0,0.0,0.0
743,095042ae1f985c39,True,1.0,1.0,0.5839701879945033,1.0,1.0,0.5,0.8266542449977097
744,f86eb011b333505e,True,1.0,1.0,0.6607878694054882,1.0,1.0,1.0,0.8586616122522868
745,9bfe6fa481105f43,True,1.0,1.0,0.7743779869171229,1.0,1.0,1.0,0.9059908278821345
746,5d5dfc678c9759a1,True,1.0,1.0,0.7505284752528212,1.0,1.0,1.0,0.8960535313553422
747,66f8bdd077ff5fc3,True,1.0,0.0,0.0,1.0,1.0,0.5,0.0
748,0802a51b0a1d512c,True,1.0,1.0,0.2917458668861025,1.0,1.0,1.0,0.7048941112025426
749,bd4dac2ccde55c08,True,1.0,1.0,0.9187628682335449,1.0,1.0,1.0,0.9661511950973104
750,8c47d8fc41a55f31,True,1.0,1.0,0.9502624286745128,0.0,1.0,1.0,0.562609345281047
751,a4fb656f624e5458,True,1.0,1.0,0.4346478116538229,1.0,1.0,0.5,0.7644365881890929
752,0f42590c7ad65eb4,True,1.0,1.0,0.7907536515498683,1.0,1.0,1.0,0.9128140214791118
753,6cc1bbadf8f25f7c,True,1.0,0.0,0.0,1.0,1.0,0.5,0.0
754,604f30d83d8652ae,True,1.0,1.0,1.0,0.0,1.0,1.0,0.5833333333333334
755,66d5ea23c45c51c4,True,1.0,1.0,0.9681737834834434,0.0,1.0,1.0,0.5700724097847681
756,6af6e8242e045406,True,1.0,1.0,0.9516858057916963,1.0,1.0,1.0,0.9798690857465401
757,af052c91de0f5295,True,1.0,1.0,1.0,1.0,1.0,1.0,1.0
758,cb52442dd7165211,True,1.0,1.0,1.0,1.0,1.0,1.0,1.0
759,712475eda7975c99,True,1.0,1.0,0.9153010433232619,1.0,1.0,1.0,0.9647087680513592
760,ea7d8f38a0a05149,True,1.0,0.0,0.0,1.0,1.0,1.0,0.0
761,9c193ab1a07454e3,True,1.0,1.0,0.34189629980034103,1.0,1.0,1.0,0.7257901249168087
762,73bf16c0312158a2,True,1.0,1.0,0.9775376528370492,1.0,1.0,1.0,0.9906406886821039
763,e9fd1602f4555be6,True,1.0,1.0,1.0,0.0,1.0,1.0,0.5833333333333334
764,676880c7e31252c0,True,1.0,1.0,0.7041614609260312,1.0,1.0,1.0,0.876733942052513
765,b4a85f85ef7e532d,True,1.0,1.0,1.0,1.0,1.0,1.0,1.0
766,36610114f460541b,True,1.0,1.0,0.8719088814694618,1.0,1.0,1.0,0.9466287006122758
767,434aa60fb0165165,True,1.0,0.0,0.0,1.0,1.0,1.0,0.0
768,e96f254899095cf1,True,0.0,1.0,0.0,0.0,1.0,1.0,0.0
769,ab6e020759565f9f,True,1.0,1.0,0.7318728742484888,1.0,1.0,1.0,0.8882803642702036
770,b1f641fdea505c99,True,1.0,1.0,0.9927622390599965,1.0,1.0,1.0,0.9969842662749985
771,514964ba4d115d35,True,1.0,0.0,0.0,1.0,1.0,1.0,0.0
772,f1ae4feebfda5b75,True,1.0,0.0,0.0,1.0,1.0,0.0,0.0
773,ccd74f5377b85a36,True,1.0,1.0,0.82719689801668,1.0,1.0,1.0,0.92799870750695
774,346f28fb35365c73,True,1.0,1.0,0.9196369081723418,1.0,1.0,1.0,0.9665153784051425
775,f3282fb9352c5c9c,True,1.0,0.0,0.0,1.0,1.0,1.0,0.0
776,045cd0254b3f5ad2,True,1.0,1.0,0.8372792769259907,1.0,1.0,1.0,0.9321996987191628
777,b648072650cc5932,True,1.0,1.0,1.0,1.0,1.0,1.0,1.0
778,4b9402651fd85547,True,1.0,1.0,0.6010624981147584,1.0,1.0,1.0,0.8337760408811494
779,83b935eff1815935,True,1.0,1.0,0.9694608314159037,1.0,1.0,1.0,0.9872753464232932
780,2fb759c52be35681,True,1.0,1.0,0.8727438071114748,1.0,1.0,1.0,0.9469765862964478
781,e036ba13ad4d5784,True,1.0,1.0,1.0,1.0,1.0,1.0,1.0
782,e04d45a55abd5fd5,True,1.0,1.0,1.0,1.0,1.0,1.0,1.0
783,612903ce91a2507c,True,0.0,1.0,0.0,0.0,1.0,1.0,0.0
784,cffc9ea8b6ea5920,True,1.0,1.0,0.9866713288171861,1.0,1.0,1.0,0.9944463870071608
785,e8daa33268685b31,True,1.0,0.0,0.0,1.0,1.0,0.5,0.0
786,c98ef0c5c89c51d6,True,1.0,0.0,0.0,1.0,1.0,1.0,0.0
787,5233faf7f9935f97,True,1.0,1.0,1.0,1.0,1.0,1.0,1.0
788,f6d575d8e0a45772,True,1.0,1.0,0.4142405269171795,1.0,1.0,1.0,0.7559335528821581
789,944fda18b9205994,True,1.0,1.0,1.0,1.0,1.0,1.0,1.0
790,30d5d8dfd52451a9,True,0.0,1.0,0.0,0.0,1.0,1.0,0.0
791,23bd3a02e2855a28,True,0.0,1.0,0.0,0.0,1.0,1.0,0.0
792,28d8f3699547568b,True,1.0,1.0,0.8252523060550081,0.0,1.0,1.0,0.5105217941895867
793,b5991c2d51f65715,True,1.0,1.0,0.6729818798593379,1.0,1.0,1.0,0.8637424499413907
794,9a50c3fce9d75d95,True,1.0,1.0,1.0,1.0,1.0,0.5,1.0
795,fb2a6578f15d5ff5,True,0.0,1.0,0.0,0.0,1.0,1.0,0.0
796,07d1a751018a526f,True,1.0,1.0,0.9367450355421053,1.0,1.0,1.0,0.9736437648092106
797,da9ee145e2b05480,True,1.0,1.0,0.716058006123231,1.0,1.0,1.0,0.8816908358846796
798,8bc0584436b25488,True,1.0,1.0,1.0,1.0,1.0,1.0,1.0
799,bff12156468e5f16,True,1.0,1.0,0.7430454571511868,1.0,1.0,1.0,0.8929356071463278
800,6289749098c55328,True,1.0,0.0,0.0,1.0,1.0,0.5,0.0
801,e92a637d847e516c,True,1.0,1.0,1.0,1.0,1.0,1.0,1.0
802,1d63ddad646b5496,True,1.0,1.0,0.992881677531469,1.0,1.0,1.0,0.9970340323047787
803,5bc7217fee5c5fc5,True,1.0,1.0,0.8450026102567684,1.0,1.0,1.0,0.9354177542736535
804,5317b890d3e45958,True,1.0,1.0,0.6993499765096679,1.0,1.0,1.0,0.8747291568790283
805,08e8092f5e66571f,True,1.0,1.0,0.7685698230751983,1.0,1.0,1.0,0.9035707596146659
806,f07e9711c5285e75,True,1.0,1.0,0.9911733955408026,1.0,1.0,1.0,0.996322248142001
807,8b1aea091a6f5a16,True,1.0,1.0,1.0,1.0,1.0,1.0,1.0
808,757c23c6819c589c,True,1.0,1.0,0.8344328670808362,1.0,1.0,1.0,0.9310136946170151
809,ed4bcfb05c405bac,True,1.0,1.0,1.0,1.0,1.0,1.0,1.0
810,2f421d857f32510e,True,1.0,0.0,0.0,1.0,1.0,1.0,0.0
811,79984c4826f653fd,True,1.0,1.0,1.0,1.0,1.0,1.0,1.0
812,60b5ba011ea65e68,True,1.0,1.0,0.8368686596231228,1.0,1.0,1.0,0.9320286081763012
813,39a769c19105586e,True,1.0,1.0,0.8178541231196343,1.0,1.0,1.0,0.9241058846331809
814,5dae1d43c2e55113,True,1.0,1.0,1.0,1.0,1.0,1.0,1.0
815,6c84b52f0d155cac,True,1.0,1.0,1.0,1.0,1.0,1.0,1.0
816,1766fa78fd10576e,True,0.0,1.0,0.0,0.0,1.0,1.0,0.0
817,45f13336bbd35146,True,1.0,0.0,0.0,1.0,1.0,0.0,0.0
818,fb643a2514195bfa,True,1.0,1.0,1.0,0.0,1.0,1.0,0.5833333333333334
819,04f5b9e8203c5a92,True,1.0,1.0,0.032391475414963344,1.0,1.0,1.0,0.5968297814229014
820,01052f67ec24538c,True,1.0,1.0,0.9812386738452913,1.0,1.0,1.0,0.9921827807688715
821,c665621fe4e455cb,True,1.0,1.0,0.7641895051273491,1.0,1.0,1.0,0.9017456271363954
822,cd67b6a868ed5745,True,1.0,1.0,1.0,0.0,1.0,1.0,0.5833333333333334
823,54580876ee835959,True,1.0,1.0,0.7796791393844172,1.0,1.0,1.0,0.908199641410174
824,46f4d9ea67c75a76,True,0.0,1.0,0.0,0.0,1.0,1.0,0.0
825,cdeb1bce85c45cb2,True,1.0,1.0,1.0,1.0,1.0,1.0,1.0
826,01d061d9a66451ea,True,1.0,1.0,1.0,1.0,1.0,1.0,1.0
827,f11cf1d1b58454d8,True,1.0,1.0,0.9074586967155315,1.0,1.0,1.0,0.9614411236314714
828,0fa603b5789956f1,True,1.0,1.0,1.0,1.0,1.0,1.0,1.0
829,32a19a2ab50f563d,True,1.0,1.0,1.0,1.0,1.0,1.0,1.0
830,07a6f60eb9795462,True,1.0,1.0,0.9198474832222358,1.0,1.0,1.0,0.966603118009265
831,51d961409a285653,True,1.0,1.0,1.0,1.0,1.0,1.0,1.0
832,8a6717a888fe55f9,True,1.0,0.0,0.0,1.0,1.0,0.0,0.0
833,6d4f69f0aabc5c4e,True,1.0,0.0,0.0,1.0,1.0,0.0,0.0
834,8719c1b8087d5590,True,1.0,1.0,1.0,1.0,1.0,1.0,1.0
835,bd3312be2419553c,True,1.0,1.0,1.0,0.0,1.0,1.0,0.5833333333333334
836,eb9fd90de700597b,True,1.0,1.0,0.9336667061412166,1.0,1.0,1.0,0.9723611275588402
837,f0d1419c24b85651,True,1.0,0.0,0.0,1.0,1.0,1.0,0.0
838,814a2807af5f51f7,True,1.0,1.0,1.0,1.0,1.0,1.0,1.0
839,432dcd9a21c25043,True,0.0,1.0,0.0,0.0,1.0,1.0,0.0
840,cda381919f5e5dca,True,1.0,1.0,0.7817142792622533,1.0,1.0,1.0,0.9090476163592722
841,0165d0814e905c1c,True,0.0,1.0,0.0,0.0,1.0,1.0,0.0
842,d68ae36caae15586,True,1.0,1.0,1.0,1.0,1.0,1.0,1.0
843,4f61422adb195d3c,True,1.0,1.0,0.8699748652947439,1.0,1.0,1.0,0.9458228605394766
844,79e582695923514a,True,1.0,0.0,0.0,1.0,1.0,1.0,0.0
845,4afad5f528f45dfe,True,1.0,0.0,0.0,1.0,1.0,1.0,0.0
846,9a2c4c75f3785517,True,1.0,1.0,0.6522052814531273,1.0,1.0,1.0,0.8550855339388029
847,a7ca0cd746e7551e,True,1.0,1.0,0.7239615000113359,1.0,1.0,1.0,0.8849839583380567
848,063794d8842b5683,True,1.0,1.0,1.0,1.0,1.0,1.0,1.0
849,18f8562c9bb55561,True,1.0,1.0,0.47816076077170167,1.0,1.0,1.0,0.7825669836548758
850,a20beaedf66b59f3,True,1.0,1.0,0.8682820990540074,1.0,1.0,1.0,0.945117541272503
851,52a92230f3245182,True,1.0,1.0,0.0,1.0,1.0,1.0,0.5833333333333334
852,6012210b020c53a9,True,1.0,1.0,0.7681366113222939,1.0,1.0,0.0,0.9033902547176225
853,dece3a034000579e,True,1.0,1.0,1.0,1.0,1.0,1.0,1.0
854,a19a3d9b712751f6,True,1.0,1.0,0.8670179023152949,1.0,1.0,1.0,0.9445907926313728
855,7287189737c85540,True,1.0,0.0,0.0,1.0,1.0,1.0,0.0
856,314e2f70ce905b5e,True,1.0,1.0,1.0,1.0,1.0,1.0,1.0
857,3dcc0fdcb0395855,True,1.0,1.0,1.0,0.0,1.0,1.0,0.5833333333333334
858,3befac537db85c6c,True,0.0,1.0,0.0,0.0,1.0,1.0,0.0
859,918a76140b9a5f92,True,1.0,1.0,1.0,0.0,1.0,1.0,0.5833333333333334
860,1d3cf448005f56c1,True,1.0,1.0,1.0,1.0,1.0,1.0,1.0
861,75f36091b3ec57e5,True,1.0,1.0,1.0,1.0,1.0,1.0,1.0
862,42a20478abeb54d5,True,1.0,0.0,0.0,1.0,1.0,0.0,0.0
863,0f65bd2bac90534a,True,1.0,1.0,0.9961130319184989,1.0,1.0,1.0,0.9983804299660411
864,27b5c3ce868856a2,True,1.0,1.0,0.8903499761106191,1.0,1.0,1.0,0.9543124900460912
865,ed1ae68f8c0f5f3a,True,1.0,1.0,1.0,1.0,1.0,1.0,1.0
866,3c3991ec8d7a5507,True,1.0,0.0,0.0,1.0,1.0,0.0,0.0
867,662ddec48b93598e,True,1.0,0.0,0.0,1.0,1.0,0.0,0.0
868,d360ce59cdc15efc,True,1.0,1.0,1.0,1.0,1.0,1.0,1.0
869,b435be7b7b1b5dd4,True,0.0,1.0,0.0,0.0,1.0,1.0,0.0
870,48f00d40d416591d,True,1.0,1.0,1.0,0.0,1.0,1.0,0.5833333333333334
871,77e9812a54d05caf,True,1.0,1.0,1.0,1.0,1.0,1.0,1.0
872,bc551b5cc30b5ef5,True,1.0,1.0,1.0,1.0,1.0,1.0,1.0
873,d57dda19866556c3,True,1.0,1.0,0.8496364241395706,1.0,1.0,1.0,0.9373485100581544
874,a460a03aab635f35,True,1.0,1.0,0.8371065571293081,0.0,1.0,1.0,0.515461065470545
875,7f5f77992cd859ef,True,1.0,1.0,0.6916989461060904,1.0,1.0,1.0,0.8715412275442044
876,37b3d87596685948,True,1.0,1.0,0.8274180305459831,1.0,1.0,1.0,0.9280908460608263
877,59797b950d9e52ba,True,1.0,0.0,0.0,1.0,1.0,1.0,0.0
878,7e97cc0349b4590b,True,1.0,1.0,1.0,1.0,1.0,0.0,1.0
879,b29689efa40f54e0,True,1.0,1.0,0.6591695202275365,1.0,1.0,1.0,0.8579873000948068
880,e5e21bbf8d665374,True,0.0,1.0,0.0,0.0,1.0,1.0,0.0
881,9f699a1331785e57,True,1.0,1.0,0.8449052973848574,1.0,1.0,1.0,0.9353772072436906
882,077031ef7dcb5ab4,True,1.0,1.0,1.0,1.0,1.0,1.0,1.0
883,b96dd2fae674571c,True,1.0,0.0,0.0,1.0,1.0,0.0,0.0
884,9c5d0ef404c65196,True,1.0,1.0,1.0,1.0,1.0,1.0,1.0
885,9b7eb62d80db55e7,True,1.0,1.0,1.0,1.0,1.0,1.0,1.0
886,039e37993d565b25,True,1.0,1.0,1.0,1.0,1.0,1.0,1.0
887,c282872767cb5199,True,1.0,1.0,1.0,0.0,1.0,1.0,0.5833333333333334
888,3e7237c8a7815648,True,1.0,1.0,1.0,0.0,1.0,1.0,0.5833333333333334
889,88466abb967954e5,True,1.0,1.0,1.0,1.0,1.0,1.0,1.0
890,abb5501b10e65b19,True,1.0,0.0,0.0,1.0,1.0,1.0,0.0
891,ff60af032dbd5caa,True,1.0,1.0,0.5736895084117213,1.0,1.0,1.0,0.822370628504884
892,c08100986326547c,True,1.0,1.0,0.8634382864424575,1.0,1.0,1.0,0.9430992860176906
893,626859d4351b5ffe,True,1.0,1.0,0.9911690337822158,1.0,1.0,1.0,0.9963204307425899
894,76dd2e9ad6f753b8,True,1.0,1.0,1.0,0.0,1.0,1.0,0.5833333333333334
895,0146e76ccdba5d9d,True,1.0,0.0,0.0,1.0,1.0,1.0,0.0
896,e6a4a48400545711,True,1.0,1.0,0.9521342117264826,1.0,1.0,1.0,0.980055921552701
897,c296ded44f9a509a,True,1.0,1.0,0.8405291612371778,1.0,1.0,1.0,0.9335538171821574
898,2be07b9c94db5de7,True,1.0,1.0,0.9378540943457141,1.0,1.0,1.0,0.9741058726440475
899,4acd373578e357d1,True,1.0,0.0,0.0,1.0,1.0,0.5,0.0
900,066c0c3f45915cba,True,1.0,1.0,1.0,1.0,1.0,1.0,1.0
901,1cb96199b6a45732,True,1.0,1.0,0.7592253086968093,1.0,1.0,1.0,0.8996772119570039
902,389bfba2e25f581b,True,0.0,1.0,0.0,0.0,1.0,1.0,0.0
903,e62a5092735359ee,True,1.0,0.0,0.0,1.0,1.0,1.0,0.0
904,e34d17f003a052f5,True,1.0,1.0,1.0,0.0,1.0,1.0,0.5833333333333334
905,36ea923bc32b5181,True,0.0,1.0,0.0,0.0,1.0,1.0,0.0
906,9cdaa8f652bf5a27,True,1.0,0.0,0.0,1.0,1.0,1.0,0.0
907,e22c42694be05703,True,1.0,0.0,0.0,1.0,1.0,1.0,0.0
908,7db790f4d8965df8,True,1.0,1.0,0.7768582849907216,1.0,1.0,0.5,0.9070242854128007
909,0c81f22d5e0658de,True,1.0,1.0,0.8580734943812741,1.0,1.0,1.0,0.9408639559921976
910,ef81756601bc569f,True,1.0,1.0,1.0,1.0,1.0,1.0,1.0
911,bdc6855188a351ca,True,0.0,1.0,0.0,0.0,1.0,1.0,0.0
912,1679f30058f75db4,True,1.0,1.0,1.0,1.0,1.0,1.0,1.0
913,63070010ae7159f2,True,1.0,1.0,0.7552832336846269,1.0,1.0,1.0,0.8980346807019278
914,6a6362156db75390,True,1.0,1.0,0.9326388741363154,1.0,1.0,1.0,0.9719328642234647
915,a5c89cf130d858a4,True,1.0,1.0,1.0,1.0,1.0,1.0,1.0
916,9ee3c3a666d35a5c,True,0.0,1.0,0.0,0.0,1.0,1.0,0.0
917,d471c0c48cb05f04,True,1.0,1.0,0.9617523322380099,1.0,1.0,1.0,0.9840634717658375
918,458ab847ffa957e8,True,1.0,1.0,0.9646328202825254,1.0,1.0,1.0,0.9852636751177188
919,303e7dd5717f54cd,True,1.0,0.0,0.0,1.0,1.0,0.0,0.0
920,d5bf13024f755ee4,True,1.0,0.0,0.0,1.0,1.0,0.5,0.0
921,c404e4b4b7a455d3,True,0.0,1.0,0.0,0.0,1.0,1.0,0.0
922,cbc996c2f68c541c,True,1.0,1.0,0.8432802923838714,1.0,1.0,1.0,0.9347001218266131
923,acb57a529dae5da1,True,1.0,1.0,0.7867664385288149,1.0,1.0,1.0,0.9111526827203397
924,76f952632729540f,True,1.0,1.0,0.8839864933161251,1.0,1.0,1.0,0.9516610388817188
925,57b2cc25579a5885,True,1.0,1.0,0.6919568724875137,1.0,1.0,1.0,0.8716486968697974
926,85da27c3381e5e63,True,1.0,1.0,0.9209787928285185,1.0,1.0,1.0,0.9670744970118826
927,2e9c19d0168c58ac,True,1.0,1.0,1.0,1.0,1.0,1.0,1.0
928,2ee44628526e524c,True,1.0,0.0,0.0,1.0,1.0,1.0,0.0
929,dfaaa711e0a557ba,True,1.0,1.0,0.9941969439494016,1.0,1.0,1.0,0.9975820599789174
930,f4aca518cfa05850,True,1.0,1.0,1.0,1.0,1.0,1.0,1.0
931,ee82b0fc7b2a5208,True,1.0,1.0,1.0,1.0,1.0,1.0,1.0
932,a2839b1b4f0352e4,True,1.0,1.0,0.6245116997309926,1.0,1.0,1.0,0.8435465415545803
933,602213f964f651c1,True,1.0,1.0,1.0,0.0,1.0,1.0,0.5833333333333334
934,9d5e6089bd0d5caf,True,1.0,1.0,0.9393738708307667,0.0,1.0,1.0,0.5580724461794861
935,0cf1a04807e1505b,True,0.0,1.0,0.0,0.0,1.0,1.0,0.0
936,53400e82ca375c5f,True,1.0,1.0,0.6336525633875592,1.0,1.0,1.0,0.8473552347448163
937,b8434dfe0fbf56f0,True,1.0,1.0,0.5846665699396032,1.0,1.0,1.0,0.8269444041415014
938,1090e431ffef512f,True,1.0,1.0,0.8889496289946371,1.0,1.0,1.0,0.9537290120810988
939,e7a7c61c543e5b88,True,0.0,1.0,0.0,0.0,1.0,1.0,0.0
940,645e36c611b552ce,True,1.0,1.0,0.8332806904840873,1.0,1.0,1.0,0.9305336210350363
941,25bf69b0667152fa,True,1.0,1.0,0.9379369930439978,1.0,1.0,1.0,0.9741404137683324
942,4f466c389dce58e4,True,1.0,0.0,0.0,1.0,1.0,1.0,0.0
943,150f1c76c75352cf,True,1.0,0.0,0.0,1.0,1.0,1.0,0.0
944,d6bb49ff956f5b50,True,1.0,1.0,1.0,1.0,1.0,1.0,1.0
945,b403192d3ea45397,True,1.0,1.0,0.9839746031938794,1.0,1.0,1.0,0.9933227513307831
946,14c80c1211bc5df8,True,1.0,1.0,0.6653496587649167,1.0,1.0,1.0,0.8605623578187153
947,fdb658e4941855a3,True,0.0,1.0,0.0,0.0,1.0,1.0,0.0
948,056c6ca971b355b4,True,1.0,1.0,0.8924584862530507,1.0,1.0,1.0,0.9551910359387712
949,4936360c43435011,True,1.0,1.0,0.8834829818297938,1.0,1.0,1.0,0.9514512424290807
950,f68c27c86c235646,True,1.0,1.0,0.8466200342058248,1.0,1.0,1.0,0.9360916809190937
951,91416eb4bba85377,True,1.0,1.0,0.8986862504190994,1.0,1.0,1.0,0.9577859376746248
952,5282504f73a759b9,True,1.0,1.0,1.0,1.0,1.0,1.0,1.0
953,bc8d053770cf5449,True,0.0,1.0,0.0,0.0,1.0,1.0,0.0
954,9690846adfb751cc,True,1.0,1.0,0.8801278544745658,1.0,1.0,1.0,0.9500532726977357
955,f33eaf7a7ddc5891,True,1.0,1.0,1.0,1.0,1.0,0.5,1.0
956,fe4e5fdf88195cfa,True,1.0,1.0,0.8939833258221268,1.0,1.0,1.0,0.9558263857592196
957,74b5ee27fa1b5612,True,1.0,0.0,0.0,1.0,1.0,1.0,0.0
958,1c5ca85e734859c4,True,1.0,1.0,1.0,1.0,1.0,1.0,1.0
959,82c9641923725260,True,1.0,1.0,1.0,1.0,1.0,1.0,1.0
960,5a5e81f1432a51a1,True,1.0,1.0,0.9826883299715992,0.0,1.0,1.0,0.5761201374881663
961,e530e78499a75539,True,1.0,1.0,0.6232118505335886,1.0,1.0,1.0,0.8430049377223287
962,28a4a08f11a05407,True,1.0,1.0,0.7486577615153885,1.0,1.0,1.0,0.8952740672980785
963,fbe67126a4285628,True,1.0,1.0,1.0,1.0,1.0,1.0,1.0
964,7eb33ecbb32d5a60,True,1.0,1.0,1.0,1.0,1.0,1.0,1.0
965,5a06f03022ec5b67,True,1.0,1.0,0.837232719761412,1.0,1.0,1.0,0.9321802999005883
966,ac36d9e5cb0752d2,True,1.0,1.0,0.5449124117453868,1.0,1.0,1.0,0.810380171560578
967,04daf401ec185f96,True,0.0,1.0,0.0,1.0,1.0,1.0,0.0
968,559c83269c035643,True,1.0,1.0,1.0,1.0,1.0,1.0,1.0
969,8e785a7a6df95636,True,1.0,1.0,0.7779231184081569,0.0,1.0,1.0,0.49080129933673206
970,125a155883e55be7,True,1.0,1.0,0.7729751734362751,1.0,1.0,1.0,0.9054063222651146
971,a294ae1045875e02,True,1.0,1.0,1.0,1.0,1.0,1.0,1.0
972,78ea729667c1558b,True,1.0,1.0,0.9408500626143841,1.0,1.0,1.0,0.9753541927559933
973,7f396948993153fe,True,1.0,1.0,1.0,1.0,1.0,1.0,1.0
974,fc33d014431a5b1b,True,1.0,1.0,0.70809130175285,1.0,1.0,1.0,0.8783713757303541
975,59c6eefd08af59b9,True,1.0,1.0,0.8802407935778161,1.0,1.0,1.0,0.9501003306574235
976,f38ecbfea0075cca,True,1.0,1.0,1.0,1.0,1.0,1.0,1.0
977,fb8df4568d585efa,True,1.0,1.0,0.6213697507624756,1.0,1.0,1.0,0.8422373961510315
978,923b8c36b7995ade,True,1.0,1.0,0.8206870681293134,1.0,1.0,0.5,0.9252862783872139
979,32e457e686675618,True,1.0,1.0,0.8645087672220214,1.0,1.0,1.0,0.9435453196758422
980,67339e7fe4135722,True,1.0,1.0,0.7632493584830057,1.0,1.0,0.5,0.9013538993679191
981,2b34624bf9455480,True,1.0,1.0,1.0,0.0,1.0,1.0,0.5833333333333334
982,2c5ed5662dfb5ee9,True,0.0,1.0,0.0,0.0,1.0,1.0,0.0
983,a7fa8bccce9253cb,True,1.0,1.0,0.468189372966956,1.0,1.0,0.5,0.7784122387362317
984,a075b9f46b7b5831,True,1.0,1.0,1.0,0.0,1.0,1.0,0.5833333333333334
985,22c1a51ffc1f5022,True,0.0,1.0,0.0,0.0,1.0,1.0,0.0
986,1947a9758e045ce9,True,1.0,1.0,1.0,0.0,1.0,1.0,0.5833333333333334
987,3a8a83bdb2c05a02,True,1.0,1.0,0.7810016836490875,1.0,1.0,1.0,0.9087507015204531
988,017e89f6f6a85d79,True,1.0,1.0,1.0,1.0,1.0,1.0,1.0
989,67958aa8e9015aaf,True,1.0,1.0,1.0,1.0,1.0,1.0,1.0
990,f7cef72b285555af,True,1.0,1.0,0.5193237380577471,1.0,1.0,1.0,0.799718224190728
991,c4a4767fa7675875,True,1.0,1.0,1.0,0.0,1.0,1.0,0.5833333333333334
992,d945bc5c595d518d,True,1.0,1.0,0.6385011843742747,1.0,1.0,1.0,0.8493754934892811
993,e6056b57c0515735,True,1.0,1.0,0.8345019047744284,1.0,1.0,1.0,0.9310424603226785
994,264a59ce900b5405,True,1.0,1.0,0.9838067848022987,1.0,1.0,1.0,0.9932528270009578
995,cdb932bd30715a52,True,0.0,1.0,0.0,0.0,1.0,1.0,0.0
996,86d70bab6f1b598c,True,1.0,1.0,0.8265822950945684,1.0,1.0,0.5,0.9277426229560701
997,31091c3173c6596a,True,1.0,1.0,1.0,0.0,1.0,1.0,0.5833333333333334
998,88b50c0011ba516b,True,1.0,1.0,1.0,1.0,1.0,1.0,1.0
999,ecc5d9051f445174,True,1.0,1.0,1.0,1.0,1.0,1.0,1.0
1000,6e575fd36c4d5de3,True,1.0,1.0,0.9039260944052919,1.0,1.0,1.0,0.959969206002205
1001,d12bf3c2e5ab5f74,True,1.0,1.0,0.7408454513520751,1.0,1.0,1.0,0.8920189380633646
1002,3f11b8c2347f5714,True,1.0,0.0,0.0,1.0,1.0,1.0,0.0
1003,e1209ca7050c5033,True,1.0,1.0,0.7691218119720203,1.0,1.0,1.0,0.9038007549883419
1004,3d325eb7d07c587f,True,1.0,0.0,0.0,0.0,1.0,1.0,0.0
1005,d08754ee7c5c5949,True,1.0,1.0,1.0,1.0,1.0,1.0,1.0
1006,06e62670ddb152d9,True,1.0,1.0,1.0,1.0,1.0,1.0,1.0
1007,ff83944cb2845479,True,1.0,1.0,0.6366497235193017,1.0,1.0,1.0,0.8486040514663756
1008,994ab680895a55d2,True,1.0,1.0,0.9158529983903038,1.0,1.0,1.0,0.9649387493292932
1009,0aa8c67f04b75a41,True,1.0,1.0,0.9205799638254332,1.0,1.0,1.0,0.9669083182605972
1010,660451aead9653b7,True,1.0,1.0,0.9366486242412622,1.0,1.0,1.0,0.9736035934338592
1011,3a14515e4e305499,True,1.0,1.0,1.0,1.0,1.0,1.0,1.0
1012,8dda399c53aa5be8,True,1.0,1.0,1.0,1.0,1.0,1.0,1.0
1013,9b16e4fea2c25446,True,1.0,1.0,0.8916031979271591,1.0,1.0,1.0,0.954834665802983
1014,2d6a7d3813ef54e0,True,1.0,1.0,0.9599573228800966,1.0,1.0,1.0,0.9833155512000403
1015,291e2af79c2258d5,True,1.0,1.0,1.0,0.0,1.0,1.0,0.5833333333333334
1016,5e25570a2f725a17,True,1.0,1.0,0.8462948911184184,1.0,1.0,1.0,0.9359562046326744
1017,113d448b6ea8555c,True,1.0,1.0,1.0,1.0,1.0,1.0,1.0
1018,d33c6db306f35ef9,True,1.0,1.0,1.0,1.0,1.0,0.5,1.0
1019,4fd76f9d056d5fb3,True,1.0,1.0,0.824593601756713,1.0,1.0,1.0,0.9269140007319638
1020,a489c23d292e56fa,True,1.0,0.0,0.0,1.0,1.0,0.5,0.0
1021,d01e896e6c325436,True,1.0,1.0,1.0,1.0,1.0,1.0,1.0
1022,54d1762cf973535b,True,1.0,1.0,0.9235416745807298,1.0,1.0,1.0,0.9681423644086374
1023,bb85e87e90ae52ec,True,1.0,1.0,1.0,1.0,1.0,0.0,1.0
1024,9abf3af825a35a9e,True,1.0,1.0,0.8924135539553119,1.0,1.0,1.0,0.9551723141480467
1025,b11b571fd6a35e9e,True,1.0,1.0,1.0,1.0,1.0,1.0,1.0
1026,41c7edfd989451cf,True,0.0,1.0,0.0,0.0,1.0,1.0,0.0
1027,9e8403c32a50530b,True,1.0,1.0,0.9429721457940202,1.0,1.0,1.0,0.9762383940808418
1028,22343d7492d158bb,True,1.0,1.0,1.0,1.0,1.0,1.0,1.0
1029,6d66b095f93750f7,True,1.0,1.0,0.9836618495146501,1.0,1.0,1.0,0.993192437297771
1030,12f2dccfb88957f9,True,1.0,1.0,1.0,1.0,1.0,1.0,1.0
1031,f3e0463f3cf4505e,True,1.0,1.0,0.959103799228296,1.0,1.0,1.0,0.9829599163451234
1032,77519294678a5fed,True,1.0,1.0,1.0,0.0,1.0,1.0,0.5833333333333334
1033,ab872f589011527d,True,1.0,1.0,1.0,1.0,1.0,1.0,1.0
1034,875d89dc1f225205,True,1.0,0.0,0.0,1.0,1.0,1.0,0.0
1035,24ae3c9d96485b98,True,1.0,1.0,0.6308241090878749,1.0,1.0,0.5,0.8461767121199478
1036,cf693fb497155dee,True,1.0,1.0,0.8152070180178911,1.0,1.0,1.0,0.9230029241741212
1037,001b34b45b2f50e4,True,1.0,1.0,1.0,1.0,1.0,1.0,1.0
1038,815422a6d14358fc,True,1.0,1.0,0.428185880843669,1.0,1.0,1.0,0.7617441170181953
1039,52de85cf514f5afd,True,1.0,1.0,1.0,1.0,1.0,1.0,1.0
1040,385e44b3382350f1,True,1.0,1.0,1.0,0.0,1.0,1.0,0.5833333333333334
1041,44a82a16cdbc5813,True,1.0,1.0,0.9895201932591532,1.0,1.0,1.0,0.9956334138579805
1042,d7cc45e58d175329,True,1.0,0.0,0.0,1.0,1.0,1.0,0.0
1043,5590042a1aaa5f92,True,1.0,1.0,1.0,1.0,1.0,1.0,1.0
1044,15bd04021cc75727,True,1.0,1.0,1.0,1.0,1.0,1.0,1.0
1045,aed7c50719f959a1,True,1.0,1.0,0.05199272716950256,1.0,1.0,1.0,0.6049969696539593
1046,0b4a7c2ba59e5a8c,True,1.0,1.0,0.8549848086169389,1.0,1.0,1.0,0.9395770035903913
1047,5b61b9072cad5dbc,True,1.0,1.0,0.9781907379706026,1.0,1.0,1.0,0.9909128074877511
1048,1316af62e13e5dd5,True,1.0,0.0,0.0,1.0,1.0,1.0,0.0
1049,6b5b038496cb56ba,True,1.0,1.0,1.0,1.0,1.0,1.0,1.0
1050,901b2d48b2ce5bf1,True,1.0,0.0,0.0,0.0,1.0,1.0,0.0
1051,39e708ddd82155ea,True,1.0,1.0,0.9708471277329896,0.0,1.0,1.0,0.5711863032220791
1052,0db4879927b35dc0,True,1.0,1.0,0.91910445217318,1.0,1.0,1.0,0.966293521738825
1053,6895a6d7719f5b3e,True,1.0,1.0,1.0,1.0,1.0,1.0,1.0
1054,77cf9dfc36c35df7,True,1.0,1.0,0.7787383325777492,1.0,1.0,1.0,0.9078076385740621
1055,31f2d9d9334d5a06,True,1.0,1.0,0.761315753938922,1.0,1.0,1.0,0.9005482308078842
1056,61e104b6c5d35dc6,True,1.0,1.0,0.8938074818377714,1.0,1.0,1.0,0.9557531174324048
1057,8a46ac0d50d4505e,True,1.0,1.0,0.9742338850176654,1.0,1.0,1.0,0.9892641187573606
1058,9881bb008f61514a,True,1.0,1.0,0.7843999125114199,1.0,1.0,1.0,0.9101666302130916
1059,8eac67d757755066,True,1.0,1.0,0.935103985977494,1.0,1.0,1.0,0.9729599941572892
1060,2e34ba0896d75c28,True,1.0,1.0,0.7421330131910677,1.0,1.0,1.0,0.8925554221629449
1061,bbb5018d017754d0,True,1.0,1.0,1.0,0.0,1.0,1.0,0.5833333333333334
1062,14b270ee5a395ea9,True,1.0,0.0,0.0,1.0,1.0,1.0,0.0
1063,b7215e8a4eb6552a,True,1.0,1.0,0.769545805404604,1.0,1.0,1.0,0.9039774189185851
1064,150505a546335d5d,True,1.0,1.0,0.5864771617659366,1.0,1.0,1.0,0.8276988174024735
1065,76473ec469ed5a65,True,1.0,1.0,0.9952796703538022,1.0,1.0,1.0,0.9980331959807508
1066,035db9ac34715b07,True,1.0,1.0,0.935758518843617,1.0,1.0,1.0,0.9732327161848403
1067,ff94ab2c81a25745,True,1.0,1.0,0.8901291634206283,1.0,1.0,1.0,0.954220484758595
1068,0a8ba5b315e555ab,True,1.0,1.0,0.8251546797561554,1.0,1.0,1.0,0.9271477832317313
1069,e905f33735985cfe,True,1.0,1.0,1.0,1.0,1.0,1.0,1.0
1070,6efb5186a9e55a68,True,1.0,1.0,1.0,1.0,1.0,1.0,1.0
1071,efd0435305f5532a,True,1.0,1.0,1.0,1.0,1.0,1.0,1.0
1072,dc2279179bb25d08,True,1.0,1.0,0.6522716767854829,1.0,1.0,1.0,0.855113198660618
1073,93494257467c5e97,True,1.0,0.0,0.0,1.0,1.0,1.0,0.0
1074,64b35b9f9f84585a,True,1.0,1.0,0.8173719172768765,1.0,1.0,1.0,0.9239049655320318
1075,754bdad5455f53ad,True,1.0,1.0,0.9326340826900558,1.0,1.0,1.0,0.9719308677875231
1076,294335a3e5e45496,True,1.0,1.0,1.0,1.0,1.0,1.0,1.0
1077,40ce7057faae541e,True,1.0,1.0,1.0,1.0,1.0,1.0,1.0
1078,6f5b0bae72eb5307,True,1.0,1.0,0.8315698828970477,1.0,1.0,1.0,0.9298207845404365
1079,7c7ce7ea08b15930,True,1.0,1.0,0.8645707627945275,1.0,1.0,1.0,0.9435711511643864
1080,8abc81ff3045543b,True,1.0,1.0,1.0,1.0,1.0,1.0,1.0
1081,56780fc1a6bc53a8,True,1.0,1.0,1.0,1.0,1.0,1.0,1.0
1082,a9f07bb60bd75461,True,1.0,1.0,0.8358945165690508,1.0,1.0,1.0,0.9316227152371045
1083,af58d13139de5d3f,True,1.0,1.0,0.7964083789604008,1.0,1.0,1.0,0.915170157900167
1084,749a9bb4860f5cc1,True,1.0,1.0,0.8954134786590624,1.0,1.0,1.0,0.9564222827746093
1085,c6c7e6c737cb5f4c,True,1.0,1.0,1.0,1.0,1.0,1.0,1.0
1086,4889752cac5f5e59,True,1.0,1.0,0.9532639885234897,1.0,1.0,1.0,0.9805266618847873
1087,b54d370ffcf653ed,True,1.0,1.0,0.5841600601487192,1.0,1.0,1.0,0.8267333583952997
1088,2541de938ff15eee,True,1.0,1.0,0.9144866969804334,1.0,1.0,1.0,0.9643694570751805
1089,9dfb79c738b155b4,True,0.0,1.0,0.0,0.0,1.0,1.0,0.0
1090,0e81b2ebbb30575e,True,1.0,0.0,0.0,1.0,1.0,1.0,0.0
1091,19d7afdb02055502,True,1.0,1.0,0.8517995595300003,1.0,1.0,1.0,0.9382498164708335
1092,83d3fda04c1f57bd,True,1.0,1.0,1.0,1.0,1.0,1.0,1.0
1093,490f4995542058fc,True,1.0,1.0,0.5804865536211522,1.0,1.0,1.0,0.8252027306754801
1094,a8db36bc378c599d,True,1.0,1.0,0.8533389796141678,1.0,1.0,1.0,0.9388912415059032
1095,1edf90bb34fc5d3f,True,1.0,1.0,1.0,0.0,1.0,1.0,0.5833333333333334
1096,ad8ac16631a15da5,True,1.0,1.0,0.871404168260469,1.0,1.0,1.0,0.946418403441862
1097,beee170c9d8159ad,True,1.0,1.0,0.691865538836863,1.0,1.0,1.0,0.8716106411820262
1098,04a8b092cd525260,True,1.0,1.0,1.0,1.0,1.0,1.0,1.0
1099,9790b7cbcd1a5203,True,1.0,1.0,0.8538145704803902,1.0,1.0,1.0,0.9390894043668293
1100,34ab6d35dfef5366,True,1.0,1.0,0.8595868011918121,1.0,1.0,1.0,0.9414945004965883
1101,b0e6764ee8a35223,True,1.0,1.0,0.9014695190354521,1.0,1.0,1.0,0.9589456329314384
1102,9e24f7a402a85804,True,0.0,1.0,0.0,1.0,1.0,1.0,0.0
1103,f2117260382b5d83,True,1.0,1.0,0.9601978849518465,1.0,1.0,1.0,0.9834157853966028
1104,21ce6f815188587a,True,1.0,1.0,0.6713477708981035,1.0,1.0,1.0,0.8630615712075431
1105,4c8d222d98115a86,True,1.0,1.0,1.0,1.0,1.0,1.0,1.0
1106,61530f7ee9945c70,True,1.0,1.0,0.9750285058381185,1.0,1.0,1.0,0.9895952107658826
1107,134c369c82f05262,True,0.0,1.0,0.0,0.0,1.0,0.0,0.0
1108,1f06808c28765941,True,1.0,0.0,0.0,1.0,1.0,1.0,0.0
1109,c236972435215288,True,1.0,1.0,1.0,1.0,1.0,1.0,1.0
1110,1d811c0428d255cd,True,1.0,1.0,1.0,1.0,1.0,1.0,1.0
1111,aa4430320c3151e3,True,1.0,1.0,1.0,0.0,1.0,1.0,0.5833333333333334
1112,3a4b7b872e3452ac,True,1.0,1.0,1.0,0.0,1.0,1.0,0.5833333333333334
1113,4631b80af7fb5f2f,True,1.0,1.0,1.0,0.0,1.0,1.0,0.5833333333333334
1114,16e5aafc056f5e1e,True,1.0,1.0,1.0,1.0,1.0,0.0,1.0
1115,cea4eb2a60da5354,True,1.0,1.0,0.719244382494945,1.0,1.0,1.0,0.8830184927062271
1116,33aa90792d5855a7,True,1.0,1.0,1.0,1.0,1.0,1.0,1.0
1117,3ca2e3e846e75813,True,1.0,1.0,0.8725135058958678,1.0,1.0,1.0,0.9468806274566116
1118,d099441c0eb55204,True,1.0,1.0,1.0,1.0,1.0,1.0,1.0
1119,9bb5a81e7fad549a,True,1.0,1.0,1.0,1.0,1.0,1.0,1.0
1120,14d53eb06a7d582a,True,1.0,0.0,0.0,1.0,1.0,1.0,0.0
1121,0d7f280bf979592b,True,1.0,0.0,0.0,1.0,1.0,1.0,0.0
1122,06ce8610ceea51f4,True,1.0,1.0,0.9677292983881896,0.0,1.0,1.0,0.5698872076617456
1123,111cb2c23a325817,True,1.0,1.0,0.2600918897526297,1.0,1.0,1.0,0.6917049540635958
1124,3a7818b46809570a,True,1.0,1.0,0.7094179283300863,1.0,1.0,1.0,0.8789241368042027
1125,8439357bbb005600,True,1.0,1.0,0.7658568367289895,1.0,1.0,1.0,0.902440348637079
1126,771a9923745f59c5,True,1.0,1.0,0.9957500752638582,1.0,1.0,1.0,0.9982291980266075
1127,0cc24c1449cd54f9,True,1.0,1.0,1.0,1.0,1.0,1.0,1.0
1128,6c996448c2e45ca1,True,1.0,0.0,0.0,1.0,1.0,1.0,0.0
1129,ed77d7ff214f53aa,True,1.0,1.0,0.9332482387374076,1.0,1.0,1.0,0.9721867661405866
1130,260efd01066156ab,True,1.0,1.0,0.8786910518380163,1.0,1.0,1.0,0.9494546049325067
1131,3d6f193fad315d97,True,0.0,1.0,0.0,0.0,1.0,1.0,0.0
1132,667140c426e45393,True,1.0,1.0,0.6143214296871369,1.0,1.0,1.0,0.8393005957029738
1133,4f8fc653ac98588e,True,0.0,1.0,0.0,0.0,1.0,1.0,0.0
1134,008d66a74c275479,True,0.0,1.0,0.0,0.0,1.0,1.0,0.0
1135,dddf14378c355c3a,True,1.0,1.0,0.9645483344720248,1.0,1.0,1.0,0.985228472696677
1136,869f688594fc58c1,True,1.0,1.0,0.870880667874647,1.0,1.0,1.0,0.9462002782811029
1137,07064359a6215354,True,1.0,1.0,1.0,1.0,1.0,1.0,1.0
1138,134221cd9f46577f,True,1.0,1.0,0.9031874103472437,1.0,1.0,1.0,0.9596614209780182
1139,67f7d1c129be5c4b,True,1.0,1.0,0.7405401198875476,1.0,1.0,1.0,0.8918917166198116
1140,4257350828cf5e87,True,1.0,1.0,0.7147881984503421,1.0,1.0,1.0,0.8811617493543092
1141,b605703d3fb05725,True,1.0,1.0,1.0,0.0,1.0,1.0,0.5833333333333334
1142,dbd94883f7865af6,True,1.0,1.0,0.6174292061544344,1.0,1.0,0.5,0.8405955025643476
1143,b93262812f855475,True,1.0,1.0,0.5292419658258761,1.0,1.0,1.0,0.803850819094115
1144,68b2ef4a0f9d505e,True,1.0,1.0,0.5852531572899309,1.0,1.0,1.0,0.8271888155374713
1145,517e199220ca522b,True,1.0,1.0,0.9835762229321094,1.0,1.0,1.0,0.9931567595550456
1146,3b910accfc12560a,True,1.0,1.0,0.5723209837997117,1.0,1.0,1.0,0.8218004099165466
1147,abf38de966305279,True,1.0,1.0,1.0,0.0,1.0,1.0,0.5833333333333334
1148,ee4a2e2de70a510b,True,1.0,1.0,0.8615815528329348,1.0,1.0,1.0,0.9423256470137229
1149,45d6c16000b75270,True,1.0,1.0,1.0,1.0,1.0,1.0,1.0
1150,09a859498436512e,True,1.0,1.0,1.0,1.0,1.0,1.0,1.0
1151,4b7a9aaecd8b5c5e,True,1.0,1.0,0.9798784015546997,1.0,1.0,1.0,0.9916160006477917
1152,dc50a0853e295e88,True,1.0,1.0,0.9880707870261533,1.0,1.0,1.0,0.9950294945942305
1153,476d6788dbd2518f,True,1.0,1.0,0.8710924590462165,1.0,1.0,1.0,0.9462885246025902
1154,9360bfdb65d153cd,True,1.0,0.0,0.0,0.0,1.0,1.0,0.0
1155,006e2728d7115fa7,True,1.0,1.0,0.9894270602788652,1.0,1.0,1.0,0.9955946084495272
1156,60f8e416f5f457b3,True,1.0,1.0,0.6841180239475668,1.0,1.0,1.0,0.8683825099781529
1157,efbd7ea4d97c5cb9,True,1.0,1.0,0.0009213340691442593,1.0,1.0,1.0,0.5837172225288101
1158,cd89b212efe9585a,True,1.0,1.0,1.0,1.0,1.0,1.0,1.0
1159,8c7e28b482935cd8,True,1.0,1.0,1.0,0.0,1.0,1.0,0.5833333333333334
1160,77868241ec115a11,True,1.0,1.0,0.883136826428708,1.0,1.0,1.0,0.9513070110119616
1161,542d8c3b05145bbe,True,1.0,1.0,0.7026608621403992,1.0,1.0,1.0,0.8761086925584998
1162,784c48e2a44c5036,True,1.0,1.0,0.8730373912649224,1.0,1.0,1.0,0.947098913027051
1163,051b3ee34e3b59ec,True,1.0,1.0,0.9298695558049098,1.0,1.0,1.0,0.970778981585379
1164,46cd5885206b5c6d,True,1.0,1.0,0.995995378899435,1.0,1.0,1.0,0.9983314078747645
1165,2b4fee42169a54a8,True,1.0,0.0,0.0,1.0,1.0,1.0,0.0
1166,6a87e3be62aa5b5b,True,1.0,1.0,1.0,1.0,1.0,1.0,1.0
1167,fc0fc7649a335d27,True,1.0,1.0,1.0,1.0,1.0,1.0,1.0
1168,d5fc95fa66025d7a,True,1.0,1.0,0.7439473788318098,1.0,1.0,1.0,0.8933114078465874
1169,e4d88f52d2b45609,True,1.0,1.0,0.884003251828002,0.0,1.0,1.0,0.5350013549283342
1170,391cdfaec8fc5088,True,1.0,1.0,1.0,0.0,1.0,1.0,0.5833333333333334
1171,37d89f35328e55b6,True,1.0,1.0,0.8036043371665156,1.0,1.0,1.0,0.9181684738193815
1172,a38e63debd3256ef,True,1.0,1.0,0.839767906995884,1.0,1.0,1.0,0.9332366279149517
1173,117b147622605d6a,True,0.0,0.0,0.0,0.0,1.0,1.0,0.0
1174,ef4cd07fc8245457,True,1.0,1.0,1.0,1.0,1.0,1.0,1.0
1175,31811172f43c5188,True,1.0,1.0,1.0,1.0,1.0,1.0,1.0
1176,7fbe895b20a45dfb,True,1.0,1.0,1.0,0.0,1.0,1.0,0.5833333333333334
1177,7ef6481e00005279,True,1.0,1.0,0.9650208513733641,1.0,1.0,1.0,0.9854253547389017
1178,f4495a91b9fb505d,True,1.0,1.0,0.7787709474265806,1.0,1.0,1.0,0.9078212280944086
1179,fd16b1d0d41352ee,True,1.0,1.0,0.8950454596552101,1.0,1.0,1.0,0.9562689415230041
1180,c3a9557ccfb5517c,True,1.0,1.0,0.8675854481098246,0.0,1.0,1.0,0.5281606033790937
1181,c4c1e92307c55e8a,True,0.0,1.0,0.0,0.0,1.0,1.0,0.0
1182,3bae0e44f3095a9c,True,1.0,1.0,0.44400560421419155,1.0,1.0,1.0,0.7683356684225798
1183,c1d95d8a3260541c,True,1.0,0.0,0.0,1.0,1.0,1.0,0.0
1184,d39ff27c54d55ef1,True,1.0,1.0,1.0,1.0,1.0,1.0,1.0
1185,b0a6370d836a59ed,True,1.0,1.0,0.8318530543828582,1.0,1.0,1.0,0.9299387726595242
1186,7d1fdeb7e341522d,True,1.0,1.0,1.0,1.0,1.0,1.0,1.0
1187,faf80a4ecf8858fe,True,1.0,1.0,0.8883618176591801,1.0,1.0,1.0,0.9534840906913251
1188,10214bdcdd9c5607,True,1.0,1.0,1.0,1.0,1.0,1.0,1.0
1189,f2fdedb5a4ba5c4c,True,1.0,1.0,0.9094296444350802,1.0,1.0,1.0,0.9622623518479502
1190,e83a3108893753f0,True,1.0,1.0,0.7328120980574979,1.0,1.0,1.0,0.8886717075239575
1191,daf715295e7d576b,True,1.0,1.0,1.0,1.0,1.0,1.0,1.0
1192,ada396669cec56ef,True,1.0,1.0,0.6581619104108322,1.0,1.0,1.0,0.85756746267118
1193,9666a4125db25507,True,1.0,1.0,0.7909992726719434,1.0,1.0,1.0,0.9129163636133097
1194,1eb0e6e749975996,True,1.0,1.0,0.8782306186994606,1.0,1.0,1.0,0.949262757791442
1195,c020f63dbf0d59a6,True,1.0,0.0,0.0,1.0,1.0,1.0,0.0
1196,dd671af93db454aa,True,0.0,1.0,0.0,0.0,1.0,1.0,0.0
1197,ccf8ef537aa65a7a,True,1.0,1.0,0.9479484692310252,1.0,1.0,0.5,0.9783118621795938
1198,61421159b240530d,True,1.0,0.0,0.0,1.0,1.0,0.0,0.0
1199,a899eed59bf85d84,True,1.0,1.0,0.5499077304926644,1.0,1.0,1.0,0.8124615543719435
1200,237739df15ff58cb,True,1.0,1.0,1.0,1.0,1.0,1.0,1.0
1201,adccdafdfc3d5e0c,True,1.0,1.0,0.8738542305237388,1.0,1.0,1.0,0.9474392627182245
1202,40f6df731aed5f6f,True,1.0,1.0,1.0,0.0,1.0,1.0,0.5833333333333334
1203,cdc9d2e591cc552c,True,1.0,1.0,1.0,0.0,1.0,1.0,0.5833333333333334
1204,ba63a9cd4e3f5129,True,1.0,1.0,0.9845779856655593,1.0,1.0,1.0,0.9935741606939831
1205,9c7fe79bcaed5bae,True,1.0,1.0,1.0,1.0,1.0,1.0,1.0
1206,0d145fab90475c8f,True,1.0,1.0,1.0,0.0,1.0,1.0,0.5833333333333334
1207,3e0511dc69b85b75,True,1.0,1.0,0.8867727483344985,1.0,1.0,1.0,0.9528219784727078
1208,3f82940c5aae5ab1,True,1.0,1.0,0.8066213340819091,1.0,1.0,1.0,0.9194255558674621
1209,a73f7d7149c45478,True,0.0,1.0,0.0,0.0,1.0,1.0,0.0
1210,6e6d55e69a6a5d18,True,1.0,1.0,1.0,0.0,1.0,1.0,0.5833333333333334
1211,a616a9583c735698,True,1.0,0.0,0.0,1.0,1.0,1.0,0.0
1212,9d7108a109a2571f,True,1.0,1.0,0.7376601066091159,1.0,1.0,1.0,0.8906917110871316
1213,bae779013dfe5537,True,1.0,1.0,0.32416275217776946,1.0,1.0,1.0,0.7184011467407373
1214,75c7777c6f415535,True,1.0,1.0,1.0,1.0,1.0,1.0,1.0
1215,76664d864c4d5595,True,1.0,1.0,1.0,1.0,1.0,1.0,1.0
1216,3f4cedf4897a568e,True,1.0,1.0,0.9933192540439709,1.0,1.0,1.0,0.9972163558516546
1217,795696bd00095944,True,1.0,1.0,1.0,1.0,1.0,1.0,1.0
1218,d32336b185505124,True,1.0,1.0,1.0,1.0,1.0,1.0,1.0
1219,70a70a9054d75d9f,True,1.0,1.0,1.0,0.0,1.0,1.0,0.5833333333333334
1220,d9953ee7b30f5ac3,True,1.0,1.0,0.9466904967069681,0.0,1.0,1.0,0.56112104029457
1221,932938d86cfc5d6f,True,1.0,0.0,0.0,1.0,1.0,1.0,0.0
1222,7daa0ad6ca5356fc,True,1.0,1.0,1.0,1.0,1.0,1.0,1.0
1223,00b2afbb751b59c6,True,1.0,1.0,0.9604980954221537,1.0,1.0,1.0,0.9835408730925641
1224,34f2427ba79a587b,True,1.0,1.0,0.9875384581076404,1.0,1.0,1.0,0.9948076908781834
1225,61b6aabef76153af,True,1.0,1.0,0.7825146220630479,1.0,1.0,1.0,0.90938109252627
1226,54e1372d95955eaa,True,1.0,1.0,0.042413740658938645,1.0,1.0,1.0,0.6010057252745578
1227,ed8384b107d95d89,True,1.0,1.0,0.8066281829732509,1.0,1.0,1.0,0.919428409572188
1228,aeea0bc96b5255e9,True,1.0,1.0,0.5835200940592583,1.0,1.0,1.0,0.8264667058580243
1229,93b93c0235375b93,True,1.0,1.0,1.0,1.0,1.0,1.0,1.0
1230,18b5995484435fbe,True,1.0,1.0,1.0,1.0,1.0,1.0,1.0
1231,d978a6878e7b5e8b,True,1.0,1.0,1.0,1.0,1.0,1.0,1.0
1232,3fd20b372fd15206,True,1.0,1.0,0.9999229557729084,1.0,1.0,1.0,0.9999678982387118
1233,cd2a694affd65d94,True,1.0,1.0,0.9103109412634826,0.0,1.0,1.0,0.5459628921931178
1234,d82f1b20a55d5bcd,True,1.0,1.0,0.8117619970431178,1.0,1.0,1.0,0.9215674987679657
1235,419ff14e34c45d7f,True,1.0,1.0,0.9117268287931957,1.0,1.0,1.0,0.9632195119971648
1236,e26d616b5c4b5642,True,1.0,1.0,0.8917709939696049,1.0,1.0,1.0,0.9549045808206688
1237,981ceb0924575bc3,True,1.0,1.0,1.0,1.0,1.0,1.0,1.0
1238,0751ef23000050f8,True,1.0,1.0,1.0,1.0,1.0,1.0,1.0
1239,8e35889ee2cb559d,True,1.0,1.0,1.0,0.0,1.0,1.0,0.5833333333333334
1240,789af91cd1755b7e,True,1.0,1.0,1.0,1.0,1.0,1.0,1.0
1241,e9c2b75226b85cfe,True,1.0,1.0,1.0,1.0,1.0,1.0,1.0
1242,7e082b46989356a4,True,1.0,1.0,1.0,1.0,1.0,1.0,1.0
1243,4131dd1f0fd5571b,True,1.0,1.0,0.9549599446070404,1.0,1.0,1.0,0.9812333102529335
1244,107e89e927fa571a,True,1.0,1.0,0.6685933905982598,1.0,1.0,1.0,0.8619139127492749
1245,d9d78961c83a5acb,True,1.0,1.0,0.4765687200913334,1.0,1.0,1.0,0.7819036333713889
1246,1a31ffd5dc39532f,True,1.0,1.0,1.0,1.0,1.0,0.0,1.0
1247,16ac515a3ba45d76,True,1.0,1.0,0.7167196642280601,1.0,1.0,1.0,0.8819665267616917
1248,0a5780be84565110,True,1.0,1.0,1.0,1.0,1.0,1.0,1.0
1249,929fe68adaef5ee7,True,1.0,1.0,0.8371946344093892,1.0,1.0,1.0,0.9321644310039122
1250,199a2738284e52c9,True,1.0,1.0,0.9504381529267498,0.0,1.0,1.0,0.5626825637194791
1251,744f8d8edaf859fe,True,1.0,0.0,0.0,1.0,1.0,1.0,0.0
1252,c5b585ddf50d5f1f,True,0.0,1.0,0.0,0.0,1.0,1.0,0.0
1253,e3893ed312f45501,True,1.0,1.0,1.0,1.0,1.0,1.0,1.0
1254,e511376fdf3250e5,True,1.0,1.0,0.01154029157929925,1.0,1.0,1.0,0.5881417881580414
1255,803569f800575929,True,1.0,1.0,0.7018691847426859,1.0,1.0,1.0,0.8757788269761191
1256,1e01550fc9d656d8,True,1.0,1.0,0.7875484557093857,1.0,1.0,1.0,0.911478523212244
1257,819d4bdcb0855118,True,1.0,0.0,0.0,1.0,1.0,0.5,0.0
1258,afbf26b6d3bb5bee,True,1.0,0.0,0.0,0.0,1.0,1.0,0.0
1259,238955ab60075940,True,1.0,1.0,0.7577293095109031,1.0,1.0,1.0,0.8990538789628763
1260,03059436fa185bf8,True,1.0,0.0,0.0,1.0,1.0,1.0,0.0
1261,2c120899a8d05979,True,1.0,1.0,0.9340408841952434,1.0,1.0,1.0,0.9725170350813515
1262,33fcb42a03535525,True,1.0,1.0,0.6831465341739223,1.0,1.0,1.0,0.8679777225724677
1263,896f25f6f25e52e0,True,1.0,1.0,0.99304114520847,1.0,1.0,1.0,0.9971004771701958
1264,5c162b0d30f35b55,True,1.0,1.0,1.0,1.0,1.0,1.0,1.0
1265,1be3fd906c435f85,True,1.0,1.0,0.9761850218150012,1.0,1.0,1.0,0.9900770924229172
1266,18492b6ce9905b13,True,1.0,1.0,0.6284786738818995,1.0,1.0,1.0,0.8451994474507915
1267,3953e2236a735999,True,1.0,1.0,1.0,1.0,1.0,1.0,1.0
1268,4a9901b941be5695,True,1.0,1.0,0.8542466378940837,1.0,1.0,1.0,0.9392694324558682
1269,ecdc079932755e4e,True,1.0,1.0,1.0,0.0,1.0,1.0,0.5833333333333334
1270,e1c80a4e90a1501d,True,1.0,1.0,0.940704602523025,1.0,1.0,1.0,0.9752935843845938
1271,f191de4360a35ad8,True,1.0,0.0,0.0,1.0,1.0,1.0,0.0
1272,91e06c22962d53bb,True,1.0,1.0,0.9296314463483053,0.0,1.0,1.0,0.5540131026451273
1273,33c05d622bbe59a8,True,1.0,1.0,0.8919715787945433,1.0,1.0,0.5,0.9549881578310596
1274,5624b4732b135079,True,1.0,0.0,0.0,1.0,1.0,1.0,0.0
1275,1407c7f0f32a5738,True,1.0,1.0,1.0,1.0,1.0,1.0,1.0
1276,20472dd2ff805948,True,1.0,1.0,1.0,1.0,1.0,1.0,1.0
1277,1dd4683469e457c5,True,1.0,1.0,1.0,1.0,1.0,1.0,1.0
1278,1bb7bab27d1552f5,True,1.0,1.0,1.0,1.0,1.0,1.0,1.0
1279,19227b35432f567e,True,1.0,0.0,0.0,1.0,1.0,1.0,0.0
1280,8362f66ef1aa51b1,True,1.0,1.0,0.8839291708476044,1.0,1.0,1.0,0.9516371545198351
1281,1e858b49f4a95ee8,True,1.0,1.0,1.0,1.0,1.0,1.0,1.0
1282,e71bd2560b255f76,True,1.0,1.0,1.0,1.0,1.0,1.0,1.0
1283,c77dbdd287825d1a,True,1.0,1.0,0.8290374755435841,1.0,1.0,1.0,0.9287656148098268
1284,97e5f17eb7235c14,True,1.0,1.0,0.9109286112206854,1.0,1.0,1.0,0.9628869213419522
1285,c43a415dd7d2585d,True,1.0,1.0,0.7681889209532923,1.0,1.0,1.0,0.9034120503972051
1286,98b414a515bb5b99,True,1.0,1.0,0.5526612558416325,1.0,1.0,1.0,0.8136088566006802
1287,d88f286835b95ff3,True,1.0,1.0,1.0,1.0,1.0,1.0,1.0
1288,4b563d8a22145ed6,True,1.0,1.0,1.0,1.0,1.0,1.0,1.0
1289,2ad9640eb724590d,True,1.0,1.0,0.8045894216200831,1.0,1.0,1.0,0.9185789256750345
1290,e16ed6e841ee58cd,True,1.0,1.0,0.817820459093962,1.0,1.0,1.0,0.9240918579558176
1291,d7ff11915cdf538e,True,1.0,1.0,0.9691227707317039,1.0,1.0,1.0,0.9871344878048767
1292,a6b9a83019915658,True,1.0,1.0,1.0,1.0,1.0,1.0,1.0
1293,4014296da6f75079,True,1.0,1.0,1.0,1.0,1.0,1.0,1.0
1294,d6981f197dd555fd,True,1.0,1.0,1.0,0.0,1.0,1.0,0.5833333333333334
1295,94683fc69ce4599c,True,1.0,1.0,0.6225145445319695,1.0,1.0,1.0,0.8427143935549873
1296,6162470f2d0c5e13,True,0.0,0.0,0.0,0.0,1.0,0.0,0.0
1297,cb9992677d95539f,True,1.0,1.0,0.8771184496778458,1.0,1.0,1.0,0.9487993540324359
1298,94e4d365aeec5cec,True,1.0,1.0,1.0,1.0,1.0,0.5,1.0
1299,0442b2728b8058fd,True,1.0,1.0,0.8860047092256629,1.0,1.0,1.0,0.9525019621773595
1300,8b5e10656ccb5269,True,1.0,1.0,0.8053960514999216,1.0,1.0,1.0,0.9189150214583006
1301,41890b20b92953b4,True,1.0,1.0,1.0,1.0,1.0,1.0,1.0
1302,c86c1d9c6e9c58aa,True,1.0,0.0,0.0,1.0,1.0,1.0,0.0
1303,bf0441f2960b5e17,True,1.0,1.0,0.9018567263457997,1.0,1.0,1.0,0.9591069693107498
1304,8c2e3aa977d95da5,True,1.0,1.0,1.0,1.0,1.0,1.0,1.0
1305,a8a743157c605bfe,True,1.0,1.0,1.0,1.0,1.0,1.0,1.0
1306,63c145828c3b5fd8,True,1.0,1.0,0.9602100774508732,1.0,1.0,1.0,0.9834208656045305
1307,dd1ab5d48c6358ef,True,0.0,1.0,0.0,0.0,1.0,1.0,0.0
1308,13d078252f4653f3,True,1.0,1.0,0.7533884192618148,1.0,1.0,1.0,0.8972451746924227
1309,a622f6b5e06f52d0,True,0.0,1.0,0.0,0.0,1.0,1.0,0.0
1310,25226305bdff5efd,True,0.0,1.0,0.0,0.0,1.0,1.0,0.0
1311,668835640c6057e0,True,1.0,1.0,0.7913696777621884,1.0,1.0,1.0,0.9130706990675784
1312,975e6554112f5a46,True,1.0,1.0,1.0,1.0,1.0,1.0,1.0
1313,a091a6a6033c559f,True,1.0,1.0,0.7548888019812027,1.0,1.0,1.0,0.8978703341588344
1314,71c47324c7eb5657,True,1.0,1.0,0.8899339717388872,1.0,1.0,0.5,0.954139154891203
1315,3f2a3e63c3045c95,True,1.0,1.0,1.0,1.0,1.0,1.0,1.0
1316,69a1f3e84f6758b0,True,1.0,1.0,0.758899627452276,1.0,1.0,1.0,0.8995415114384483
1317,23d71fb39b0456f5,True,1.0,1.0,1.0,1.0,1.0,1.0,1.0
1318,e5dc48dd83585491,True,1.0,1.0,0.9143175125357944,1.0,1.0,1.0,0.964298963556581
1319,24429c08a8375061,True,1.0,1.0,1.0,0.0,1.0,1.0,0.5833333333333334
1320,e4ae770961c15455,True,1.0,1.0,0.8878225072256434,1.0,1.0,1.0,0.9532593780106847
1321,9483bda6b31259bd,True,1.0,0.0,0.0,1.0,1.0,1.0,0.0
1322,48a6621d92dd5be3,True,0.0,0.0,0.0,0.0,1.0,0.0,0.0
1323,5d3573d6da7952d3,True,1.0,0.0,0.0,1.0,1.0,1.0,0.0
1324,ff137d1eea555686,True,1.0,1.0,0.8760905429292164,1.0,1.0,1.0,0.9483710595538403
1325,de354f243fa157ec,True,1.0,1.0,0.9677229123464014,1.0,1.0,1.0,0.9865512134776674
1326,2de3f6af0a69509d,True,1.0,1.0,1.0,1.0,1.0,1.0,1.0
1327,f42258b638fc5b64,True,1.0,1.0,1.0,0.0,1.0,1.0,0.5833333333333334
1328,d422c9b6689c52bf,True,1.0,1.0,0.9436893705765084,1.0,1.0,1.0,0.9765372377402118
1329,7272f8ee7e64591e,True,1.0,1.0,1.0,0.0,1.0,1.0,0.5833333333333334
1330,2251b1d81d0051c1,True,1.0,1.0,1.0,1.0,1.0,1.0,1.0
1331,a567ea679ba056ce,True,1.0,1.0,0.6437417018289731,1.0,1.0,1.0,0.8515590424287387
1332,5ce3b2260be35a1e,True,1.0,1.0,1.0,0.0,1.0,1.0,0.5833333333333334
1333,bcf76bb937d35be9,True,1.0,1.0,1.0,1.0,1.0,1.0,1.0
1334,ae90dd8267ce57a0,True,0.0,0.0,0.0,0.0,1.0,1.0,0.0
1335,e0e1551b09f15a74,True,1.0,1.0,0.8752419947363481,0.0,1.0,1.0,0.531350831140145
1336,0af3e039185d57f3,True,0.0,1.0,0.0,0.0,1.0,1.0,0.0
1337,1814002af9f253c6,True,0.0,0.0,0.0,0.0,1.0,1.0,0.0
1338,fe789ce80d4f5b2e,True,1.0,1.0,1.0,1.0,1.0,1.0,1.0
1339,f9532e6ad0b05fbb,True,1.0,1.0,1.0,1.0,1.0,1.0,1.0
1340,93e2a76b34b559fc,True,1.0,1.0,0.9905813855908832,1.0,1.0,1.0,0.9960755773295347
1341,2cc526803c3250c9,True,1.0,1.0,1.0,0.0,1.0,1.0,0.5833333333333334
1342,d1971f367cb85683,True,1.0,1.0,0.8387927235864547,1.0,1.0,1.0,0.9328303014943561
1343,d780d3a3f10d567b,True,0.0,1.0,0.0,0.0,1.0,1.0,0.0
1344,249c1b68ba355e43,True,1.0,1.0,0.9604725018464708,1.0,1.0,1.0,0.9835302091026962
1345,4b5fd21bc8bd5a8b,True,1.0,1.0,0.8363744928607589,1.0,1.0,1.0,0.9318227053586495
1346,0fedf81df2db5b96,True,1.0,1.0,0.8117883579102283,1.0,1.0,1.0,0.9215784824625951
1347,2daa400892ce5a95,True,1.0,0.0,0.0,1.0,1.0,1.0,0.0
1348,866fab78f1da518b,True,1.0,1.0,0.768844699942388,1.0,1.0,1.0,0.9036852916426618
1349,b99d20a078a958b9,True,1.0,0.0,0.0,1.0,1.0,1.0,0.0
1350,65dbd10f84db5a53,True,0.0,1.0,0.0,0.0,1.0,1.0,0.0
1351,3aa9d1c9ceb35906,True,1.0,1.0,0.7670219785530414,1.0,1.0,1.0,0.9029258243971006
1352,92ec09fc760c5c4d,True,1.0,1.0,0.9910722950161559,1.0,1.0,1.0,0.9962801229233983
1353,4e1193a7697853ba,True,1.0,1.0,0.908482525675105,1.0,1.0,0.0,0.9618677190312938
1354,c772799eaf1f5ad1,True,1.0,1.0,0.7961171400880834,1.0,1.0,0.0,0.9150488083700349
1355,92106b8512315c03,True,0.0,0.0,0.0,0.0,1.0,1.0,0.0
1356,01ff2ecc002851a1,True,1.0,1.0,0.5696182407408089,1.0,1.0,1.0,0.820674266975337
1357,d1e9fac71909545f,True,1.0,1.0,1.0,1.0,1.0,1.0,1.0
1358,695d7450eb3958c1,True,1.0,1.0,0.7542917447470641,1.0,1.0,1.0,0.8976215603112768
1359,d7928caf300452e2,True,1.0,0.0,0.0,1.0,1.0,0.5,0.0
1360,43c65ce08ad6564e,True,1.0,1.0,0.8536751761599748,1.0,1.0,1.0,0.9390313233999894
1361,1a1b315baec45bc3,True,0.0,1.0,0.0,0.0,1.0,1.0,0.0
1362,8429a35187bb5c08,True,1.0,1.0,1.0,1.0,1.0,1.0,1.0
1363,5099c20d468f5cf4,True,1.0,1.0,0.9611243416645824,1.0,1.0,1.0,0.9838018090269093
1364,cfb755b8d37458ac,True,1.0,1.0,0.6979465707758911,0.0,1.0,0.5,0.45747773782328793
1365,fad0701870e750a5,True,1.0,0.0,0.0,0.0,1.0,1.0,0.0
1366,9b58f5bd4e995a93,True,1.0,1.0,1.0,1.0,1.0,1.0,1.0
1367,df84a00692885ec0,True,1.0,1.0,0.9253782242746276,1.0,1.0,1.0,0.9689075934477615
1368,dea63e35e7545f27,True,1.0,1.0,0.8413580504628586,1.0,1.0,1.0,0.9338991876928576
1369,5e89299dadf05ad1,True,1.0,1.0,0.3838133742369528,1.0,1.0,1.0,0.7432555725987303
1370,029a9572e05a5914,True,1.0,1.0,0.9475604512810206,1.0,1.0,1.0,0.9781501880337586
1371,f9bd532e790f53ea,True,1.0,1.0,0.8826716591338134,1.0,1.0,1.0,0.9511131913057556
1372,ad2bbc4542205912,True,1.0,1.0,1.0,0.0,1.0,1.0,0.5833333333333334
1373,b66f066aad62515e,True,1.0,1.0,0.932545503766206,1.0,1.0,1.0,0.9718939599025859
1374,655917ea5da455c8,True,1.0,1.0,0.6163426401476896,1.0,1.0,1.0,0.8401427667282041
1375,5b1acae08f2e5d76,True,1.0,1.0,0.940091090064154,1.0,1.0,1.0,0.9750379541933976
1376,dcd3886f044a5e29,True,1.0,1.0,0.8713267043912188,1.0,1.0,1.0,0.9463861268296746
1377,71057ab084a75ce6,True,1.0,1.0,0.9076587274101168,1.0,1.0,1.0,0.9615244697542153
1378,3ec484ccad125e99,True,1.0,1.0,0.9964403332370876,1.0,1.0,1.0,0.9985168055154533
1379,1a66019703c45296,True,1.0,0.0,0.0,0.0,1.0,1.0,0.0
1380,5d7eedc503ef575c,True,0.0,1.0,0.0,0.0,1.0,0.5,0.0
1381,761d3f2365c25886,True,1.0,1.0,0.8958886878544751,1.0,1.0,1.0,0.9566202866060314
1382,4827434c5d3659cd,True,1.0,1.0,0.8397681632700988,1.0,1.0,1.0,0.9332367346958744
1383,132307b3c1a55f97,True,1.0,1.0,1.0,0.0,1.0,1.0,0.5833333333333334
1384,326bf8cbf6375f03,True,1.0,1.0,0.7719684944668377,1.0,1.0,1.0,0.9049868726945157
1385,069c6a5e408653ab,True,1.0,1.0,0.6679083263926813,1.0,1.0,1.0,0.8616284693302839
1386,40508dfbe0f35d8e,True,1.0,1.0,0.9152780211623704,0.0,1.0,0.0,0.5480325088176544
1387,d763dadacfd55928,True,1.0,1.0,1.0,1.0,1.0,1.0,1.0
1388,624602ce65455c07,True,0.0,1.0,0.0,0.0,1.0,1.0,0.0
1389,57ec316cb2f65e46,True,1.0,1.0,0.8193406419985412,1.0,1.0,1.0,0.9247252674993921
1390,4b3d6fc60b815701,True,1.0,1.0,0.7550289739387388,1.0,1.0,1.0,0.8979287391411411
1391,685e5e9083185108,True,1.0,1.0,1.0,1.0,1.0,1.0,1.0
1392,87a1c55863135418,True,1.0,1.0,0.6425968044046336,1.0,1.0,1.0,0.851082001835264
1393,700237dffc2d5be7,True,1.0,0.0,0.0,1.0,1.0,1.0,0.0
1394,cb2a52e9af3a5e0a,True,1.0,1.0,1.0,1.0,1.0,1.0,1.0
1395,ca009ab283bc5484,True,1.0,1.0,1.0,0.0,1.0,1.0,0.5833333333333334
1396,e817f131c7815d82,True,1.0,1.0,1.0,1.0,1.0,1.0,1.0
1397,17c882b28a195c3d,True,1.0,1.0,0.46105404135653905,1.0,1.0,0.5,0.7754391838985578
1398,1ecea4b911675b72,True,1.0,1.0,0.7612060030796843,1.0,1.0,1.0,0.9005025012832019
1399,2e6e9e72249a5980,True,1.0,0.0,0.0,1.0,1.0,1.0,0.0
1400,a689d4a215245104,True,1.0,1.0,0.7976421986212979,1.0,1.0,1.0,0.9156842494255408
1401,239cb4818dc458fd,True,1.0,1.0,1.0,1.0,1.0,1.0,1.0
1402,b5b7e0338624532b,True,0.0,1.0,0.0,0.0,1.0,1.0,0.0
1403,47f8cc513134512b,True,1.0,1.0,1.0,1.0,1.0,1.0,1.0
1404,0eae7eacff765533,True,1.0,1.0,0.9997278793269893,1.0,1.0,1.0,0.9998866163862455
1405,8ff8246f69f75f6a,True,1.0,1.0,0.8565870608610329,1.0,1.0,1.0,0.940244608692097
1406,6227e5b0f0d4592e,True,1.0,1.0,0.6118991249264899,1.0,1.0,1.0,0.8382913020527041
1407,15e6ef7a85b35d10,True,1.0,1.0,0.9279575786138753,1.0,1.0,1.0,0.969982324422448
1408,4cf608d9de4e5349,True,1.0,1.0,0.819967971615681,1.0,1.0,1.0,0.924986654839867
1409,690fef019ad25dd6,True,1.0,1.0,0.7860201240815717,1.0,1.0,1.0,0.9108417183673216
1410,274fcb576b3b59a8,True,1.0,0.0,0.0,0.0,1.0,1.0,0.0
1411,be63bfa5c6445e0e,True,1.0,1.0,1.0,1.0,1.0,1.0,1.0
1412,e8c4f72606fb5cb0,True,1.0,1.0,0.710814113928371,1.0,1.0,1.0,0.8795058808034879
1413,6b8daf3b57175e70,True,1.0,0.0,0.0,1.0,1.0,1.0,0.0
1414,de80647014f35dbb,True,1.0,1.0,0.8132643633398737,1.0,1.0,1.0,0.9221934847249473
1415,8208f7794645559d,True,1.0,1.0,1.0,1.0,1.0,1.0,1.0
1416,b3c7b9fbf4655722,True,1.0,1.0,1.0,0.0,1.0,1.0,0.5833333333333334
1417,4d8c41cf686957d1,True,1.0,1.0,1.0,1.0,1.0,1.0,1.0
1418,84ec7e450e205d8f,True,1.0,1.0,0.9776751834151934,0.0,1.0,1.0,0.5740313264229973
1419,152449b7967c541d,True,1.0,1.0,0.8179963456781418,1.0,1.0,1.0,0.9241651440325591
1420,cf9a762e8aaa55b4,True,0.0,1.0,0.0,0.0,1.0,1.0,0.0
1421,8317ed430d8e50c3,True,0.0,1.0,0.0,0.0,1.0,1.0,0.0
1422,a589b9ccbe3e5d1c,True,1.0,1.0,0.7078214883386077,1.0,1.0,1.0,0.87825895347442
1423,1b4af0da5a485c17,True,1.0,1.0,1.0,1.0,1.0,1.0,1.0
1424,aa74d194063c5d0b,True,1.0,1.0,0.515249232407244,1.0,1.0,1.0,0.7980205135030184
1425,f2508193ac0c5f27,True,1.0,1.0,0.580338459385381,1.0,1.0,1.0,0.8251410247439087
1426,c6851e9ed6b95ab0,True,1.0,1.0,0.8667921062923756,1.0,1.0,1.0,0.9444967109551565
1427,3380ae828ea75d1e,True,0.0,1.0,0.0,0.0,1.0,0.0,0.0
1428,6747e9a7ad2f5643,True,0.0,0.0,0.0,0.0,1.0,1.0,0.0
1429,8f5b6181d28e5d4a,True,1.0,1.0,0.9416712287990281,1.0,1.0,1.0,0.9756963453329283
1430,a2d7be8710535e33,True,1.0,1.0,0.9952695034156361,1.0,1.0,1.0,0.9980289597565152
1431,9fc65b945c175ebb,True,0.0,1.0,0.0,0.0,1.0,1.0,0.0
1432,cc8a7b88b06b56c2,True,1.0,1.0,0.7851843925327777,1.0,1.0,1.0,0.9104934968886574
1433,262af71b5e0c5108,True,1.0,1.0,1.0,0.0,1.0,1.0,0.5833333333333334
1434,fe61cae0e4ae5f1a,True,1.0,1.0,0.9062779028163137,1.0,1.0,1.0,0.960949126173464
1435,9089d6dfa77e5488,True,1.0,1.0,0.5598461642823704,1.0,1.0,1.0,0.8166025684509877
1436,873a21c038f45eef,True,1.0,1.0,1.0,0.0,1.0,1.0,0.5833333333333334
1437,b7922416f6935fc4,True,0.0,1.0,0.0,0.0,1.0,1.0,0.0
1438,00eb3a4e0f8052e9,True,1.0,1.0,0.8821936266930482,1.0,1.0,1.0,0.9509140111221034
1439,182a718050bd598a,True,1.0,1.0,0.8316014308105925,1.0,1.0,1.0,0.9298339295044135
1440,f3aaed259ab15dcc,True,1.0,1.0,1.0,1.0,1.0,1.0,1.0
1441,048c19bd1b5954b3,True,1.0,1.0,1.0,1.0,1.0,1.0,1.0
1442,ce19d75d9b55589d,True,1.0,1.0,0.8594789521308068,1.0,1.0,1.0,0.9414495633878363
1443,2a49d54f73775909,True,1.0,1.0,1.0,1.0,1.0,1.0,1.0
1444,0122ce98b2735558,True,1.0,1.0,1.0,1.0,1.0,1.0,1.0
1445,d4374a032e28535e,True,1.0,1.0,1.0,1.0,1.0,1.0,1.0
1446,ec398c5c12055eed,True,1.0,1.0,0.9578191499817427,1.0,1.0,1.0,0.9824246458257262
1447,f377405106115a34,True,1.0,0.0,0.0,1.0,1.0,0.5,0.0
1448,f7a9f82f17b256e2,True,1.0,1.0,0.9164424937063663,1.0,1.0,1.0,0.9651843723776526
1449,e073c9ed32975c17,True,1.0,1.0,1.0,1.0,1.0,1.0,1.0
1450,67b05cf704325e6b,True,1.0,0.0,0.0,1.0,1.0,1.0,0.0
1451,f4da372227475285,True,1.0,1.0,1.0,1.0,1.0,1.0,1.0
1452,2836705e16ba5691,True,1.0,1.0,0.9596257251860221,1.0,1.0,1.0,0.983177385494176
1453,c89f33e9f07d5aa8,True,1.0,1.0,0.5789086093178214,1.0,1.0,0.5,0.8245452538824255
1454,8ce2cf49a1955788,True,0.5,0.0,0.0,0.0,1.0,0.5,0.0
1455,d651033bf05e5da3,True,1.0,1.0,0.8045123867386375,1.0,1.0,1.0,0.9185468278077655
1456,25e9d76574075cee,True,1.0,0.0,0.0,1.0,1.0,1.0,0.0
1457,a815da9bf45d5b15,True,1.0,1.0,0.9940999632488028,0.0,1.0,1.0,0.5808749846870012
1458,20ec6765e35d5cd1,True,0.0,1.0,0.0,0.0,1.0,1.0,0.0
1459,9157afe90f035621,True,1.0,1.0,1.0,1.0,1.0,1.0,1.0
1460,ca8b5c5ed914507c,True,1.0,0.0,0.0,0.0,1.0,0.5,0.0
1461,013456829c0050ce,True,1.0,1.0,1.0,0.0,1.0,1.0,0.5833333333333334
1462,8d86cfd038145f2a,True,1.0,0.0,0.0,1.0,1.0,0.5,0.0
1463,f74148c131c15381,True,1.0,1.0,0.9606383650219812,1.0,1.0,1.0,0.9835993187591588
1464,3078139bae8e592d,True,1.0,1.0,1.0,1.0,1.0,1.0,1.0
1465,53d3787367c75240,True,1.0,1.0,1.0,1.0,1.0,1.0,1.0
1466,ddf3383ec8965d9b,True,1.0,1.0,0.8346276127452162,1.0,1.0,1.0,0.9310948386438401
1467,da83e9a4e38a5d6e,True,1.0,1.0,0.8511255570337801,1.0,1.0,1.0,0.9379689820974084
1468,16d3bf2e9bf75eb4,True,1.0,1.0,0.7045433555562042,1.0,1.0,1.0,0.8768930648150851
1469,24179dca21ec5427,True,1.0,1.0,1.0,1.0,1.0,1.0,1.0
1470,da0d775d13c956be,True,1.0,1.0,0.6928551244615062,1.0,1.0,1.0,0.8720229685256276
1471,4c53b20bf0925c0c,True,1.0,1.0,0.7121260649564902,1.0,1.0,1.0,0.8800525270652043
1472,87b2c0e49070537f,True,1.0,1.0,0.7147921172591871,1.0,1.0,1.0,0.881163382191328
1473,a4ed82240b64533a,True,1.0,1.0,0.8874862746971851,1.0,1.0,1.0,0.953119281123827
1474,6321c384f59c5265,True,1.0,1.0,1.0,0.0,1.0,1.0,0.5833333333333334
1475,6cfeeb3aab5b5681,True,1.0,1.0,1.0,0.0,1.0,1.0,0.5833333333333334
1476,4e252b23d8935563,True,1.0,1.0,1.0,0.0,1.0,1.0,0.5833333333333334
1477,b0b850e74a1e5bc7,True,0.0,1.0,0.0,0.0,1.0,1.0,0.0
1478,df284ad97ad55a31,True,1.0,1.0,0.8423248624665612,1.0,1.0,1.0,0.9343020260277338
1479,0ebb578555b25ab2,True,1.0,1.0,0.9312223939186026,1.0,1.0,1.0,0.971342664132751
1480,24edcd5e5b7f546a,True,0.0,1.0,0.0,0.0,1.0,1.0,0.0
1481,3739c038002f57ca,True,1.0,1.0,0.9050106338537828,1.0,1.0,1.0,0.9604210974390762
1482,d745bef1cebc52e7,True,1.0,1.0,0.9537929148862602,1.0,1.0,1.0,0.9807470478692751
1483,ad517de61e355d8d,True,1.0,0.0,0.0,1.0,1.0,1.0,0.0
1484,7683c293a5a55dce,True,1.0,0.0,0.0,1.0,1.0,1.0,0.0
1485,8b8b41a9d00e5e32,True,1.0,1.0,0.8991918360561203,1.0,1.0,1.0,0.9579965983567167
1486,b1ae78ae6e005119,True,1.0,1.0,1.0,1.0,1.0,1.0,1.0
1487,0e6cae45fdd5536b,True,1.0,1.0,1.0,1.0,1.0,1.0,1.0
1488,45b4f09799295069,True,1.0,1.0,0.5601670523871121,1.0,1.0,1.0,0.8167362718279634
1489,b4d9c8edfbda58dc,True,1.0,1.0,0.9350519101953091,1.0,1.0,1.0,0.972938295914712
1490,d20be65e3dc65738,True,1.0,1.0,1.0,1.0,1.0,1.0,1.0
1491,5c9d51dc830453c5,True,1.0,1.0,0.8420869301695607,0.0,1.0,1.0,0.5175362209039837
1492,6e344e75ca4e543e,True,1.0,0.0,0.0,1.0,1.0,1.0,0.0
1493,0f78a616bdcd55ab,True,1.0,1.0,0.7125487853832531,1.0,1.0,1.0,0.8802286605763555
1494,43cfa12f279355aa,True,1.0,0.0,0.0,1.0,1.0,1.0,0.0
1495,a06715f1cb8358c0,True,1.0,1.0,1.0,0.0,1.0,1.0,0.5833333333333334
1496,36471f2ea86a54ba,True,1.0,1.0,0.6762259398407006,1.0,1.0,1.0,0.8650941416002919
1497,27f481628fff5c70,True,1.0,1.0,1.0,1.0,1.0,1.0,1.0
1498,81b16700f22d5688,True,1.0,1.0,1.0,1.0,1.0,1.0,1.0
1499,34c872c16eb0577c,True,1.0,1.0,0.9537007883236105,1.0,1.0,0.5,0.9807086618015045
1500,fe3a1294722e5e1e,True,1.0,1.0,1.0,1.0,1.0,1.0,1.0
1501,cb71a934523a5d4a,True,1.0,1.0,0.8125517861356764,1.0,1.0,1.0,0.9218965775565318
1502,8396adcdedb55337,True,1.0,1.0,0.8773296487994786,1.0,1.0,1.0,0.9488873536664494
1503,17296f6032025ecc,True,1.0,1.0,0.78712976792076,0.0,1.0,1.0,0.4946374033003167
1504,0bd3bce35ed159be,True,1.0,1.0,0.6948254289130202,1.0,1.0,1.0,0.8728439287137585
1505,b04c892043a352d3,True,1.0,1.0,1.0,0.0,1.0,1.0,0.5833333333333334
1506,87c6ef5053865368,True,1.0,0.0,0.0,1.0,1.0,0.5,0.0
1507,8379e27735535cc1,True,1.0,1.0,0.9849983941053351,1.0,1.0,1.0,0.9937493308772231
1508,73e3a1a2ed275417,True,1.0,0.0,0.0,1.0,1.0,1.0,0.0
1509,7964bed69f7e597e,True,1.0,0.0,0.0,1.0,1.0,1.0,0.0
1510,0687eed0cf265533,True,1.0,0.0,0.0,1.0,1.0,1.0,0.0
1511,b3a00387265a5cdc,True,1.0,1.0,1.0,1.0,1.0,1.0,1.0
1512,f289e368449b517b,True,0.5,0.0,0.0,0.0,1.0,1.0,0.0
1513,d55a7602f48e582b,True,1.0,1.0,0.5247289730888796,1.0,1.0,1.0,0.8019704054536998
1514,e658c60a7b705bea,True,1.0,1.0,0.9359391354667442,1.0,1.0,1.0,0.9733079731111435
1515,7e2dc290d51f5137,True,0.0,1.0,0.0,0.0,1.0,1.0,0.0
1516,706cc8e44dbd557d,True,1.0,0.0,0.0,1.0,1.0,1.0,0.0
1517,6bea22b0ee0e5929,True,1.0,1.0,1.0,1.0,1.0,1.0,1.0
1518,8ba3e54303a352c8,True,0.0,1.0,0.0,0.0,1.0,0.5,0.0
1519,d93832e29afa5f8b,True,1.0,1.0,0.9088766967360093,1.0,1.0,1.0,0.9620319569733372
1520,7b7a36c1491a54e2,True,1.0,1.0,0.6277639454777122,1.0,1.0,1.0,0.8449016439490468
1521,1fe5f6af95e15489,True,1.0,1.0,0.6900287701604404,1.0,1.0,1.0,0.8708453209001835
1522,7328fe7f857051ea,True,1.0,1.0,1.0,1.0,1.0,1.0,1.0
1523,baf1301534ea54d6,True,1.0,1.0,0.9055944035236753,1.0,1.0,1.0,0.9606643348015313
1524,e05b464c21d0597d,True,1.0,1.0,1.0,1.0,1.0,1.0,1.0
1525,91c479d90ccb521a,True,1.0,1.0,1.0,0.0,1.0,1.0,0.5833333333333334
1526,e565610cd7b15784,True,1.0,1.0,1.0,1.0,1.0,1.0,1.0
1527,e617fe519ab754dc,True,1.0,1.0,0.9423410523412826,1.0,1.0,1.0,0.9759754384755345
1528,6cdf58d03f8e5493,True,1.0,1.0,0.6036131383332728,1.0,1.0,1.0,0.8348388076388638
1529,3af9cb4d21e15e9e,True,1.0,0.0,0.0,1.0,1.0,0.5,0.0
1530,845cd9cda6335f6b,True,1.0,1.0,0.6686890774815897,1.0,1.0,1.0,0.8619537822839957
1531,40bdfb00872f5bc4,True,1.0,1.0,1.0,1.0,1.0,0.5,1.0
1532,2783db04f9b05383,True,1.0,1.0,0.992320908950371,1.0,1.0,1.0,0.9968003787293211
1533,4a6dd3df952b5703,True,0.5,0.0,0.0,0.0,1.0,1.0,0.0
1534,4d73f8250ae750ca,True,0.0,1.0,0.0,0.0,1.0,1.0,0.0
1535,0df213c579225af6,True,1.0,1.0,0.8990779521305665,1.0,1.0,1.0,0.9579491467210693
1536,9a6e3e5d86dd5949,True,1.0,1.0,0.5863649019121887,0.0,1.0,0.5,0.41098537579674527
1537,4109b79d84ea5053,True,1.0,0.0,0.0,1.0,1.0,1.0,0.0
1538,b2f8e3b0a7a1565e,True,1.0,1.0,0.9409952820644346,0.0,1.0,1.0,0.5587480341935144
1539,bdb0f78978cd5307,True,0.0,1.0,0.0,0.0,1.0,1.0,0.0
1540,f3fc5020ecbd537f,True,1.0,1.0,0.602328254745478,1.0,1.0,1.0,0.8343034394772825
1541,29770ed8cd49511e,True,1.0,1.0,0.9896922592112289,1.0,1.0,1.0,0.9957051080046787
1542,924f7c86a30b55c7,True,1.0,0.0,0.0,1.0,1.0,1.0,0.0
1543,9e76720cbd565595,True,1.0,0.0,0.0,1.0,1.0,0.5,0.0
1544,ee8e4ad158ef5a8d,True,1.0,1.0,1.0,1.0,1.0,1.0,1.0
1545,17a6a4a6137553cd,True,1.0,1.0,0.8796115246524644,1.0,1.0,1.0,0.9498381352718601
1546,160e6592389759c5,True,1.0,1.0,1.0,1.0,1.0,1.0,1.0
1547,534efc35151f543d,True,1.0,1.0,1.0,1.0,1.0,1.0,1.0
1548,36adada77e2f54ba,True,1.0,1.0,1.0,0.0,1.0,1.0,0.5833333333333334
1549,c51ec68aa4fe5f05,True,1.0,1.0,1.0,1.0,1.0,1.0,1.0
1550,7d71a7025fde56f3,True,1.0,1.0,0.7304050629567012,1.0,1.0,1.0,0.8876687762319588
1551,f6b2a416f38d5609,True,0.0,1.0,0.0,0.0,1.0,1.0,0.0
1552,65271f4c14985330,True,1.0,1.0,1.0,1.0,1.0,1.0,1.0
1553,dfd5770faffa5ba7,True,1.0,1.0,0.8514437059222174,1.0,1.0,1.0,0.9381015441342573
1554,259c9d9aac5457fc,True,1.0,1.0,0.9737306118529554,1.0,1.0,1.0,0.989054421605398
1555,ec75cc0ff5825fb9,True,1.0,1.0,1.0,1.0,1.0,1.0,1.0
1556,b38a9c035ce15dd5,True,1.0,1.0,1.0,1.0,1.0,1.0,1.0
1557,657274955033592a,True,1.0,1.0,0.5892574681920335,1.0,1.0,0.0,0.8288572784133473
1558,fa40f1c24ced584f,True,1.0,1.0,0.9834859184327621,1.0,1.0,0.5,0.9931191326803175
1559,963ea50b7eb2554b,True,1.0,0.0,0.0,1.0,1.0,1.0,0.0
1560,41598eaa4cef5f77,True,1.0,0.0,0.0,1.0,1.0,1.0,0.0
1561,e59da7b4970654fd,True,1.0,0.0,0.0,1.0,1.0,1.0,0.0
1562,def10158059d5eb1,True,1.0,1.0,1.0,1.0,1.0,1.0,1.0
1563,2cd54836815b5fb0,True,1.0,1.0,0.6083251538794077,1.0,1.0,1.0,0.8368021474497532
1564,b65dbda85d085330,True,1.0,1.0,1.0,1.0,1.0,1.0,1.0
1565,a0da100b0dcb543c,True,0.0,1.0,0.0,0.0,1.0,1.0,0.0
1566,60abcfb4e1c756d8,True,1.0,1.0,1.0,1.0,1.0,0.5,1.0
1567,97b9989fa3675cab,True,1.0,1.0,1.0,1.0,1.0,1.0,1.0
1568,1bfbaec4ef9b556c,True,1.0,1.0,0.663210825576075,1.0,1.0,1.0,0.8596711773233645
1569,5862cc032cf45893,True,1.0,1.0,0.8109232793727656,1.0,1.0,1.0,0.9212180330719857
1570,df044fb9c65c5d52,True,1.0,1.0,1.0,0.0,1.0,1.0,0.5833333333333334
1571,71fefe3bc0f0591e,True,1.0,1.0,0.8100918246260964,1.0,1.0,1.0,0.9208715935942068
1572,4203da2e7a8b518d,True,1.0,1.0,0.7615067803258041,1.0,1.0,1.0,0.9006278251357518
1573,b31417a335cf5955,True,0.0,1.0,0.0,0.0,1.0,1.0,0.0
1574,d5ec09025a1e5a0d,True,1.0,1.0,1.0,1.0,1.0,1.0,1.0
1575,5a3ac99dc74c57ea,True,1.0,1.0,0.801337591872784,1.0,1.0,1.0,0.9172239966136599
1576,78a98ffdcd4b558a,True,0.0,1.0,0.0,0.0,1.0,1.0,0.0
1577,885aa5c90eb9554c,True,0.0,1.0,0.0,0.0,1.0,1.0,0.0
1578,f35e97504024530b,True,1.0,1.0,1.0,0.0,1.0,1.0,0.5833333333333334
1579,ed98d12e4c99536d,True,1.0,1.0,1.0,1.0,1.0,0.5,1.0
1580,773005dea0fc53ab,True,1.0,1.0,0.813903117999115,1.0,1.0,1.0,0.9224596324996313
1581,121b6c8a61d85945,True,1.0,1.0,0.6885619521335712,1.0,1.0,1.0,0.8702341467223214
1582,6c1a4bb1d99b52a3,True,1.0,1.0,0.9034891311890013,1.0,1.0,1.0,0.9597871379954173
1583,8dac96b2393f5de9,True,1.0,1.0,0.9654110041668428,1.0,1.0,1.0,0.9855879184028512
1584,b4f6a0719d2a5670,True,1.0,1.0,0.9424732897953106,1.0,1.0,1.0,0.9760305374147128
1585,735587b14e39568c,True,1.0,1.0,0.7807740908215024,1.0,1.0,1.0,0.908655871175626
1586,d0dcc4b5cf6a53ab,True,1.0,1.0,1.0,1.0,1.0,1.0,1.0
1587,18d63cca5ad554d2,True,1.0,1.0,0.719844867503324,1.0,1.0,1.0,0.8832686947930517
1588,0a2a71c0b34c5f10,True,1.0,1.0,0.7337264648857582,1.0,1.0,1.0,0.8890526937023994
1589,49f205ebb9d559c2,True,0.5,0.0,0.0,0.0,1.0,1.0,0.0
1590,9e9e33077f375062,True,1.0,0.0,0.0,1.0,1.0,1.0,0.0
1591,0dff39153a005f4f,True,1.0,1.0,0.8198529902853113,1.0,1.0,1.0,0.924938745952213
1592,aacc2ed7ba2859c5,True,1.0,1.0,0.7783172791419435,1.0,1.0,0.0,0.9076321996424764
1593,2721fbd6b58d558a,True,1.0,1.0,0.704865292072933,1.0,1.0,1.0,0.8770272050303888
1594,da3dac3ca6545198,True,0.5,0.0,0.0,0.0,1.0,0.5,0.0
1595,953aea8a2a085404,True,1.0,1.0,0.8522433722519698,1.0,1.0,1.0,0.9384347384383207
1596,1712f51cf5df564a,True,1.0,1.0,0.976004284945127,0.0,1.0,1.0,0.5733351187271363
1597,3b7933b82dc65348,True,1.0,1.0,1.0,1.0,1.0,1.0,1.0
1598,d2a2e2498d505b76,True,1.0,1.0,0.7784104338801919,1.0,1.0,1.0,0.9076710141167466
1599,6907f601feee5114,True,1.0,1.0,0.8538733374049113,0.0,1.0,1.0,0.5224472239187131
1600,73864df7d2d25214,True,1.0,1.0,0.8659716621222878,1.0,1.0,1.0,0.9441548592176199
1601,65b76ee44ba5521c,True,1.0,1.0,1.0,1.0,1.0,1.0,1.0
1602,bf1370df23cf5118,True,0.0,1.0,0.0,0.0,1.0,1.0,0.0
1603,3c114912e4cf590c,True,0.0,1.0,0.0,0.0,1.0,1.0,0.0
1604,555ac2e13627529e,True,1.0,1.0,1.0,1.0,1.0,1.0,1.0
1605,94a5491ee69d5e27,True,1.0,1.0,0.7899047124877154,1.0,1.0,1.0,0.9124602968698814
1606,95bd905e3f685a28,True,1.0,1.0,0.8042335900795509,1.0,1.0,1.0,0.9184306625331461
1607,29e7ffa0ba1f589b,True,1.0,0.0,0.0,1.0,1.0,1.0,0.0
1608,4749b2486da65268,True,1.0,1.0,1.0,1.0,1.0,1.0,1.0
1609,3f655357375b5f03,True,0.0,1.0,0.0,0.0,1.0,1.0,0.0
1610,5382d1898c5f506d,True,1.0,1.0,1.0,1.0,1.0,1.0,1.0
1611,ff4125f507e35f9b,True,1.0,1.0,0.8386255460305888,1.0,1.0,1.0,0.9327606441794121
1612,0278f1a2ae3b5ae5,True,1.0,0.0,0.0,1.0,1.0,1.0,0.0
1613,396eba48b9c5529d,True,0.0,1.0,0.0,0.0,1.0,1.0,0.0
1614,a0f56a70905c527d,True,1.0,1.0,0.9947820805816684,1.0,1.0,1.0,0.9978258669090284
1615,50209c502bd157c8,True,1.0,1.0,0.6424972899020315,1.0,1.0,1.0,0.8510405374591797
1616,22f1319717ec58f0,True,1.0,1.0,0.42824567253104207,1.0,1.0,1.0,0.7617690302212675
1617,ead55e845b5f561d,True,1.0,1.0,0.0,1.0,1.0,1.0,0.5833333333333334
1618,9e12f81268d75fbb,True,1.0,1.0,1.0,0.0,1.0,1.0,0.5833333333333334
1619,1d0c8aa56b6350bf,True,0.0,1.0,0.0,0.0,1.0,1.0,0.0
1620,7c57d68b038450cd,True,1.0,1.0,1.0,1.0,1.0,1.0,1.0
1621,b2c0a19be09f5b76,True,1.0,1.0,0.9012265291702893,0.0,1.0,1.0,0.5421777204876206
1622,fc0a5277292352d9,True,1.0,1.0,0.9324288149915064,0.0,1.0,1.0,0.5551786729131277
1623,b696510357665996,True,1.0,1.0,1.0,1.0,1.0,1.0,1.0
1624,1f1a5be0eaa35282,True,1.0,1.0,0.4937429589866029,1.0,1.0,1.0,0.7890595662444179
1625,9f3da1c3d8b85947,True,1.0,1.0,1.0,1.0,1.0,1.0,1.0
1626,20ae5de0a8725d9d,True,1.0,1.0,0.7349495432038013,1.0,1.0,1.0,0.8895623096682505
1627,955098957a615194,True,1.0,1.0,1.0,1.0,1.0,1.0,1.0
1628,3c4e1784d9295821,True,1.0,1.0,0.8942047550130291,1.0,1.0,1.0,0.9559186479220955
1629,09cd7b3746d65a79,True,1.0,1.0,0.9987302628352932,1.0,1.0,1.0,0.9994709428480388
1630,355e4d5dc6c15b9b,True,1.0,1.0,0.6404652543694712,1.0,1.0,1.0,0.8501938559872797
1631,cace9e6345445eee,True,1.0,0.0,0.0,0.0,1.0,0.0,0.0
1632,e3a97e3004795b39,True,1.0,1.0,0.7766717100910137,1.0,1.0,1.0,0.9069465458712557
1633,87df22d07dcb567c,True,1.0,1.0,0.6239685911574079,1.0,1.0,1.0,0.8433202463155866
1634,402b6ac9448a58d7,True,1.0,1.0,0.0,1.0,1.0,1.0,0.5833333333333334
1635,5012cae5e4fc57a1,True,1.0,1.0,1.0,0.0,1.0,1.0,0.5833333333333334
1636,025aab0da0e652b7,True,1.0,1.0,0.7031778647964138,1.0,1.0,1.0,0.8763241103318391
1637,2959d5dbe8235765,True,1.0,1.0,0.7980217043413448,1.0,1.0,1.0,0.9158423768088936
1638,89ca9afebf9b5229,True,1.0,1.0,1.0,0.0,1.0,1.0,0.5833333333333334
1639,db4bcafb6d775b4f,True,1.0,0.0,0.0,1.0,1.0,1.0,0.0
1640,4999981a1cac596e,True,1.0,1.0,0.8369232131423671,1.0,1.0,1.0,0.9320513388093197
1641,388181311ef25756,True,1.0,1.0,0.9951975541515308,1.0,1.0,1.0,0.9979989808964712
1642,69e0bc4a585d504a,True,1.0,1.0,0.7384809103889142,1.0,1.0,1.0,0.8910337126620475
1643,cc9f9924e6f25e64,True,1.0,1.0,0.93591201016,1.0,1.0,1.0,0.9732966708999999
1644,32648fe3eaa45ed1,True,1.0,1.0,0.8595134564057346,1.0,1.0,1.0,0.9414639401690561
1645,571bb034360052d9,True,1.0,1.0,1.0,0.0,1.0,1.0,0.5833333333333334
1646,0a4752bc6c8b5174,True,1.0,1.0,0.9988150727769577,1.0,1.0,1.0,0.9995062803237325
1647,850f844463075fb3,True,0.0,1.0,0.0,0.0,1.0,1.0,0.0
1648,508209397e8f5714,True,1.0,1.0,0.5112314071442644,1.0,1.0,1.0,0.7963464196434434
1649,a6e08764c0245823,True,1.0,0.0,0.0,0.0,1.0,1.0,0.0
1650,d3cbad95b20b5125,True,1.0,1.0,0.9857376999829139,1.0,1.0,1.0,0.9940573749928808
1651,248288deae795ad8,True,1.0,1.0,0.8059144428554779,1.0,1.0,1.0,0.9191310178564492
1652,2360cd7b0fd85480,True,0.0,1.0,0.0,0.0,1.0,1.0,0.0
1653,9116e9726a6f59cb,True,1.0,1.0,0.9100124304105726,1.0,1.0,1.0,0.9625051793377386
1654,bde1cb24aeb45289,True,1.0,1.0,0.8298185787746614,1.0,1.0,1.0,0.9290910744894422
1655,81e5ddc060675e0b,True,1.0,1.0,1.0,1.0,1.0,1.0,1.0
1656,3099475cc5365074,True,1.0,1.0,1.0,1.0,1.0,1.0,1.0
1657,ae07b0ef14e25e47,True,1.0,1.0,1.0,1.0,1.0,1.0,1.0
1658,3304abff82cb5f6d,True,1.0,1.0,0.7847368224005483,1.0,1.0,1.0,0.9103070093335618
1659,37837c3f78625095,True,0.0,1.0,0.0,0.0,1.0,1.0,0.0
1660,521247f86d7f57c0,True,1.0,1.0,1.0,1.0,1.0,1.0,1.0
1661,4c684da98f405857,True,1.0,1.0,1.0,1.0,1.0,1.0,1.0
1662,862ca192b71f5d93,True,1.0,0.0,0.0,1.0,1.0,0.5,0.0
1663,1ebd95c73644569f,True,1.0,0.0,0.0,1.0,1.0,0.5,0.0
1664,56acc09e62b45e21,True,1.0,1.0,0.7204716869117742,1.0,1.0,1.0,0.8835298695465726
1665,38f1e14586bd51e3,True,1.0,0.0,0.0,1.0,1.0,0.5,0.0
1666,db180d0c665454aa,True,1.0,1.0,0.8125318762296496,1.0,1.0,1.0,0.9218882817623539
1667,de235386b6c65ebd,True,1.0,1.0,1.0,1.0,1.0,1.0,1.0
1668,24d02c4c2a325f01,True,1.0,1.0,0.9466980747162953,1.0,1.0,1.0,0.9777908644651231
1669,c672f1584cb75697,True,1.0,1.0,1.0,1.0,1.0,1.0,1.0
1670,3e1c321be4295fc7,True,1.0,1.0,1.0,1.0,1.0,1.0,1.0
1671,1e15c5256da5549a,True,1.0,1.0,1.0,0.0,1.0,1.0,0.5833333333333334
1672,6832568ebd835696,True,1.0,0.0,0.0,1.0,1.0,1.0,0.0
1673,7a6d3719323a5188,True,1.0,1.0,1.0,1.0,1.0,1.0,1.0
1674,1c2e4c20931858f2,True,1.0,1.0,0.6585073827499089,1.0,1.0,1.0,0.8577114094791286
1675,891fe2fc30c95109,True,1.0,1.0,1.0,1.0,1.0,1.0,1.0
1676,345f39f8de925db9,True,1.0,1.0,0.9777556989176734,1.0,1.0,1.0,0.9907315412156973
1677,851ef663a5775acd,True,1.0,1.0,1.0,0.0,1.0,1.0,0.5833333333333334
1678,5c4c3448f7a1517f,True,1.0,1.0,1.0,1.0,1.0,0.0,1.0
1679,c5972dc8ab5c5f70,True,1.0,1.0,1.0,1.0,1.0,1.0,1.0
1680,073d05efa44b5241,True,1.0,1.0,1.0,1.0,1.0,0.0,1.0
1681,e6ff5e16c5f25533,True,1.0,0.0,0.0,1.0,1.0,0.0,0.0
1682,ab9a263dea175465,True,1.0,1.0,0.8795939536447765,0.0,1.0,1.0,0.5331641473519902
1683,2aade0b3987d5366,True,0.5,0.0,0.0,0.0,1.0,0.0,0.0
1684,79c9f05d61955e2d,True,1.0,1.0,0.7429923555219118,1.0,1.0,1.0,0.8929134814674633
1685,3d1c445859d85d51,True,1.0,1.0,1.0,1.0,1.0,1.0,1.0
1686,b80d3fb49fc858d1,True,1.0,1.0,0.7388179898639943,1.0,1.0,1.0,0.891174162443331
1687,b27e6e6bf91d59be,True,1.0,1.0,0.47532749901392446,1.0,1.0,1.0,0.7813864579224686
1688,e0cbc7ab694157a5,True,1.0,1.0,0.758988892873188,1.0,1.0,1.0,0.8995787053638283
1689,0578fbc7c369583a,True,1.0,1.0,0.7010128590249177,1.0,1.0,1.0,0.8754220245937158
1690,9bbf6e2211fb56d9,True,1.0,1.0,1.0,1.0,1.0,1.0,1.0
1691,5066b57b01cb56ec,True,1.0,1.0,1.0,1.0,1.0,1.0,1.0
1692,9276407219215151,True,1.0,1.0,1.0,0.0,1.0,1.0,0.5833333333333334
1693,c7fe7790d2225990,True,0.0,1.0,0.0,0.0,1.0,1.0,0.0
1694,f631a836a63855e0,True,1.0,1.0,0.9703864080930092,1.0,1.0,1.0,0.9876610033720872
1695,98fd4ae8de6450b2,True,1.0,1.0,0.48168421766518676,1.0,1.0,1.0,0.7840350906938278
1696,f25f862298af549d,True,1.0,0.0,0.0,1.0,1.0,1.0,0.0
1697,20ffc5c3de7c591a,True,1.0,1.0,0.7401883563563489,1.0,1.0,1.0,0.891745148481812
1698,947b3794a3275a2c,True,1.0,1.0,0.6546847322993515,1.0,1.0,1.0,0.8561186384580631
1699,d3102c58562a5689,True,1.0,1.0,0.9479125760306192,0.0,1.0,1.0,0.561630240012758
1700,b8e377d0f7b95014,True,1.0,0.0,0.0,1.0,1.0,0.5,0.0
1701,1f55063084fd593c,True,1.0,1.0,1.0,1.0,1.0,1.0,1.0
1702,04352eb4cb195fde,True,1.0,1.0,0.9497807008495663,0.0,1.0,1.0,0.562408625353986
1703,86c622a3ec1255ee,True,1.0,1.0,0.6263460458963774,1.0,1.0,1.0,0.8443108524568239
1704,50e871f60296566b,True,1.0,1.0,1.0,1.0,1.0,1.0,1.0
1705,9387d5660fcf5d98,True,1.0,1.0,0.8507899665708523,1.0,1.0,1.0,0.937829152737855
1706,8659bfccd4195fb6,True,0.0,1.0,0.0,0.0,1.0,1.0,0.0
1707,620a34ec02795768,True,1.0,1.0,1.0,0.0,1.0,1.0,0.5833333333333334
1708,a1d7b6056b4b5566,True,1.0,1.0,1.0,1.0,1.0,1.0,1.0
1709,c9520de7084f5868,True,1.0,1.0,0.9378711122975822,1.0,1.0,1.0,0.9741129634573259
1710,82b415fbbc725562,True,1.0,1.0,1.0,1.0,1.0,1.0,1.0
1711,dd43c6087aca5206,True,1.0,1.0,0.7347848603024216,1.0,1.0,1.0,0.8894936917926758
1712,e317ddda18f25545,True,1.0,1.0,0.9312144081492609,1.0,1.0,1.0,0.9713393367288589
1713,bb1650a0e72e5b7d,True,0.0,1.0,0.0,0.0,1.0,1.0,0.0
1714,5ea36cebd2575b16,True,0.0,1.0,0.0,0.0,1.0,1.0,0.0
1715,3e8e85cf14c65da8,True,1.0,1.0,1.0,1.0,1.0,1.0,1.0
1716,2f8e10ba1a8f5672,True,1.0,1.0,0.6264584832371797,1.0,1.0,1.0,0.8443577013488248
1717,c099ebaef4c251d6,True,1.0,1.0,0.8543207789986377,1.0,1.0,1.0,0.9393003245827657
1718,56c652d4f2715e43,True,1.0,1.0,0.8999167045457178,1.0,1.0,1.0,0.9582986268940491
1719,71405d414236553c,True,1.0,1.0,0.7234886448751682,1.0,1.0,1.0,0.8847869353646534
1720,0a73f089868458e4,True,1.0,1.0,1.0,1.0,1.0,1.0,1.0
1721,b154733410575500,True,1.0,1.0,0.9808425603821088,1.0,1.0,1.0,0.9920177334925454
1722,b6e039ab90075f16,True,1.0,1.0,1.0,1.0,1.0,1.0,1.0
1723,354a67b9e10c562e,True,1.0,1.0,0.9810163087671279,1.0,1.0,1.0,0.9920901286529699
1724,7fdfa29d75525f46,True,1.0,1.0,1.0,1.0,1.0,1.0,1.0
1725,2a68e10c7d305af4,True,1.0,0.0,0.0,1.0,1.0,0.0,0.0
1726,58d69daf413c5d5a,True,1.0,1.0,0.7377384937863928,1.0,1.0,1.0,0.8907243724109971
1727,4314c162a57f568e,True,1.0,1.0,1.0,1.0,1.0,1.0,1.0
1728,2a10522631ab5a56,True,1.0,1.0,1.0,1.0,1.0,0.5,1.0
1729,fd9dc4abc0d357a1,True,1.0,1.0,0.012857101361010748,1.0,1.0,1.0,0.5886904589004212
1730,2882be3ae16b50e3,True,0.0,0.0,0.0,0.0,1.0,1.0,0.0
1731,b9ef517f054450b7,True,1.0,1.0,1.0,0.0,1.0,1.0,0.5833333333333334
1732,7e647d942b9f57ed,True,1.0,1.0,1.0,1.0,1.0,1.0,1.0
1733,2c337eb368fb54ca,True,1.0,0.0,0.0,1.0,1.0,1.0,0.0
1734,9861c0473b505895,True,1.0,1.0,1.0,1.0,1.0,1.0,1.0
1735,b7ec6bbfa73a52e5,True,1.0,1.0,1.0,1.0,1.0,1.0,1.0
1736,2125a58a235f5e11,True,1.0,1.0,0.8375313432623656,1.0,1.0,0.0,0.932304726359319
1737,5a80299213875068,True,1.0,1.0,1.0,1.0,1.0,1.0,1.0
1738,ace74ef421f8514f,True,1.0,1.0,0.8576213489622531,1.0,1.0,0.5,0.9406755620676055
1739,c8bf5f09438e5507,True,1.0,1.0,1.0,0.0,1.0,1.0,0.5833333333333334
1740,8f82805b2edb5a25,True,1.0,1.0,0.7667586372733035,1.0,1.0,1.0,0.9028160988638764
1741,94c6fd3f9ec85914,True,1.0,0.0,0.0,1.0,1.0,1.0,0.0
1742,db94e239ea1a5468,True,1.0,1.0,1.0,1.0,1.0,1.0,1.0
1743,cbf41000a2105ca1,True,1.0,1.0,0.8220193982278602,1.0,1.0,1.0,0.9258414159282751
1744,9502cdbb06dd516f,True,0.0,0.0,0.0,0.0,1.0,1.0,0.0
1745,b227439005885966,True,1.0,1.0,0.7425244098830243,1.0,1.0,1.0,0.8927185041179267
1746,bb3926e0e90c5657,True,1.0,1.0,0.7567683000879933,1.0,1.0,1.0,0.8986534583699971
1747,53a22c2f65fd57d5,True,1.0,1.0,0.6434750937632358,1.0,1.0,1.0,0.8514479557346816
1748,960d5334ae8f54a5,True,1.0,1.0,1.0,1.0,1.0,1.0,1.0
1749,61046515c9885bf5,True,1.0,1.0,0.8613682480958573,1.0,1.0,1.0,0.9422367700399406
1750,ddc62293e7875556,True,1.0,1.0,1.0,1.0,1.0,1.0,1.0
1751,c9c7f9354f935514,True,1.0,1.0,1.0,0.0,1.0,1.0,0.5833333333333334
1752,598d8ce13c2e5452,True,1.0,0.0,0.0,1.0,1.0,1.0,0.0
1753,d961ad586b625f55,True,1.0,1.0,1.0,1.0,1.0,1.0,1.0
1754,e44a31dd99af5556,True,1.0,1.0,0.7850167625966178,1.0,1.0,1.0,0.9104236510819241
1755,c4e83619721455b0,True,1.0,0.0,0.0,1.0,1.0,1.0,0.0
1756,4bf95781578b59ec,True,1.0,1.0,1.0,1.0,1.0,1.0,1.0
1757,6dcd43697e01597d,True,1.0,1.0,0.8665175714906433,1.0,1.0,1.0,0.9443823214544347
1758,22a0b00bb8ed5ed5,True,1.0,1.0,0.7678440332394116,1.0,1.0,1.0,0.9032683471830882
1759,202d0026e8ff5a3c,True,1.0,1.0,1.0,1.0,1.0,0.0,1.0
1760,35e4b04bab1058d5,True,1.0,1.0,0.9761648834904648,1.0,1.0,1.0,0.9900687014543603
1761,69486575fad551b7,True,1.0,1.0,0.5875989951898637,1.0,1.0,1.0,0.8281662479957766
1762,f54559dd98e75d83,True,1.0,1.0,1.0,1.0,1.0,1.0,1.0
1763,c1839a3333695317,True,1.0,1.0,1.0,0.0,1.0,1.0,0.5833333333333334
1764,a7705685069f5979,True,1.0,0.0,0.0,0.0,1.0,1.0,0.0
1765,41f275bfd30e514a,True,1.0,1.0,1.0,1.0,1.0,1.0,1.0
1766,e76485315c2c5028,True,1.0,1.0,1.0,0.0,1.0,1.0,0.5833333333333334
1767,35234d714b5d5da9,True,1.0,0.0,0.0,1.0,1.0,0.0,0.0
1768,c12b3554dcd655c0,True,1.0,1.0,1.0,1.0,1.0,1.0,1.0
1769,8875d7f59f045de3,True,1.0,1.0,1.0,1.0,1.0,1.0,1.0
1770,fa72fd5d5f285388,True,1.0,1.0,1.0,1.0,1.0,1.0,1.0
1771,01add9e74d3c5053,True,1.0,1.0,0.7788204579379867,1.0,1.0,1.0,0.907841857474161
1772,0614c017a1f65b80,True,1.0,0.0,0.0,1.0,1.0,0.5,0.0
1773,96f19d920d5558e9,True,1.0,1.0,0.714087843563494,1.0,1.0,1.0,0.8808699348181225
1774,ab120237801f549a,True,1.0,1.0,0.7973861978290756,1.0,1.0,1.0,0.9155775824287815
1775,5ddaadb992ef5c1f,True,1.0,1.0,1.0,1.0,1.0,1.0,1.0
1776,d112a49d72925b06,True,1.0,1.0,0.7252342110668389,1.0,1.0,1.0,0.8855142546111829
1777,efeac78f0da05463,True,1.0,1.0,0.8291171617107925,1.0,1.0,1.0,0.928798817379497
1778,69d2af69b1b75698,True,1.0,1.0,1.0,1.0,1.0,1.0,1.0
1779,d50b69bed8f2570c,True,1.0,1.0,0.7641476607992613,1.0,1.0,1.0,0.9017281919996923
1780,7ed454741a7f54d5,True,1.0,1.0,0.8509088677085733,1.0,1.0,1.0,0.9378786948785723
1781,35aa38c73e9251a7,True,1.0,1.0,0.914846088732604,0.0,1.0,1.0,0.5478525369719184
1782,6b4cf0c1208155f5,True,0.0,1.0,0.0,0.0,1.0,1.0,0.0
1783,6d26431aced45f83,True,1.0,1.0,0.8575866500340065,1.0,1.0,1.0,0.9406611041808359
1784,f0455664b24358a7,True,1.0,1.0,1.0,1.0,1.0,1.0,1.0
1785,704fafc3d8fd5258,True,1.0,1.0,1.0,0.0,1.0,1.0,0.5833333333333334
1786,e2d33c999ca45ea7,True,1.0,1.0,0.9754172350394189,1.0,1.0,1.0,0.9897571812664245
1787,39cbed62434a528b,True,0.0,1.0,0.0,0.0,1.0,1.0,0.0
1788,ba3cdbcd0c3f5e49,True,1.0,1.0,0.5455630804004878,1.0,1.0,1.0,0.8106512835002032
1789,456ef599efa85659,True,0.0,1.0,0.0,0.0,1.0,1.0,0.0
1790,6183ed1d16f05d11,True,0.0,1.0,0.0,0.0,1.0,1.0,0.0
1791,abd6e8c330ea5694,True,1.0,1.0,0.6169295860722572,1.0,1.0,1.0,0.8403873275301071
1792,5c872773198c5689,True,1.0,1.0,0.540017226589683,1.0,1.0,1.0,0.8083405110790345
1793,e244b2ddf97a57d6,True,1.0,1.0,0.8741873067440303,1.0,1.0,0.5,0.9475780444766793
1794,0a06f8a3204d5e11,True,1.0,0.0,0.0,1.0,1.0,1.0,0.0
1795,0e479a9039ef5c10,True,1.0,1.0,0.9031289328148554,1.0,1.0,1.0,0.959637055339523
1796,d1dcd412f339598a,True,1.0,1.0,0.8380019368315206,1.0,1.0,1.0,0.9325008070131336
1797,3bcb5a54eca95746,True,1.0,1.0,1.0,1.0,1.0,1.0,1.0
1798,4ee4ab24a93f5375,True,1.0,1.0,0.7330404326585841,0.0,1.0,1.0,0.47210018027441003
1799,c9ecfe02b17a5c40,True,1.0,1.0,0.8043376916065746,1.0,1.0,1.0,0.9184740381694061
1800,80dea9d7cb445906,True,1.0,1.0,0.9639237833262067,1.0,1.0,1.0,0.984968243052586
1801,ba86b1fc40075e26,True,1.0,1.0,1.0,1.0,1.0,1.0,1.0
1802,1636385aa7ce5995,True,1.0,1.0,1.0,1.0,1.0,1.0,1.0
1803,c9374cc3f2d45d75,True,1.0,1.0,1.0,1.0,1.0,1.0,1.0
1804,59127196fe025553,True,0.0,1.0,0.0,0.0,1.0,1.0,0.0
1805,63a80bcca90b5dec,True,1.0,0.0,0.0,1.0,1.0,1.0,0.0
1806,b022d508550251bf,True,1.0,1.0,1.0,1.0,1.0,1.0,1.0
1807,4d0df74bfb035f8a,True,1.0,1.0,0.6638924905214841,1.0,1.0,1.0,0.8599552043839518
1808,7be1e4f2c85e50a8,True,1.0,1.0,0.8353006757963138,1.0,1.0,1.0,0.9313752815817974
1809,9baabb31eaac5335,True,1.0,1.0,0.7914625758102171,1.0,1.0,1.0,0.9131094065875903
1810,a425dd8a1b5552db,True,1.0,0.0,0.0,1.0,1.0,1.0,0.0
1811,b890de4c4ff65ddb,True,1.0,1.0,0.7388539838600132,1.0,1.0,1.0,0.8911891599416721
1812,e29b049a9bf3509c,True,1.0,1.0,1.0,1.0,1.0,1.0,1.0
1813,02325da26296565c,True,1.0,1.0,1.0,0.0,1.0,1.0,0.5833333333333334
1814,8e9c1bb8232c5a14,True,1.0,1.0,0.6778474417305194,1.0,1.0,1.0,0.8657697673877164
1815,c61fe0459c4451ef,True,1.0,0.0,0.0,1.0,1.0,1.0,0.0
1816,5b39d0cccc8e55f2,True,1.0,1.0,1.0,1.0,1.0,1.0,1.0
1817,e54deddcc84150be,True,1.0,1.0,0.9033130291991465,1.0,1.0,1.0,0.9597137621663111
1818,ba7da1b0100054f4,True,1.0,1.0,0.8274553825852571,1.0,1.0,1.0,0.9281064094105238
1819,90ed1fb3861c56d7,True,1.0,1.0,1.0,1.0,1.0,1.0,1.0
1820,859dea9ce9215b47,True,1.0,0.0,0.0,1.0,1.0,0.5,0.0
1821,7251f2907bd952cb,True,1.0,1.0,0.9809194807786823,1.0,1.0,1.0,0.9920497836577843
1822,d2c7bb24957c56ad,True,1.0,1.0,1.0,1.0,1.0,1.0,1.0
1823,e36849f8d9e15ce8,True,1.0,1.0,0.8567577137777713,1.0,1.0,1.0,0.9403157140740713
1824,ef6e61a4a7ed550a,True,1.0,1.0,0.9123332072719971,1.0,1.0,1.0,0.9634721696966654
1825,f52211f2dec85537,True,1.0,1.0,0.9202660007486977,1.0,1.0,1.0,0.9667775003119573
1826,ced087f9c2915f2a,True,1.0,1.0,1.0,0.0,1.0,1.0,0.5833333333333334
1827,afd9edcb6d94521f,True,1.0,1.0,0.8574617914082029,1.0,1.0,1.0,0.9406090797534179
1828,ac0fb7997f4e5106,True,0.0,1.0,0.0,0.0,1.0,1.0,0.0
1829,e89a30bba6345ada,True,1.0,1.0,0.5185936286690249,1.0,1.0,1.0,0.799414011945427
1830,e001c497823c5154,True,1.0,1.0,1.0,1.0,1.0,1.0,1.0
1831,f8f02729d1ee5c16,True,1.0,1.0,1.0,1.0,1.0,1.0,1.0
1832,315ade412d0f5304,True,0.0,1.0,0.0,0.0,1.0,1.0,0.0
1833,5955c4ef15c75350,True,1.0,1.0,1.0,1.0,1.0,1.0,1.0
1834,adfdcd3c5a9a5fb9,True,1.0,1.0,1.0,1.0,1.0,1.0,1.0
1835,09dc77e888295011,True,1.0,1.0,0.7706281806169283,1.0,1.0,1.0,0.9044284085903868
1836,b5e2d8766c6d51b2,True,1.0,0.0,0.0,1.0,1.0,1.0,0.0
1837,f0a338ae8f3a56bd,True,1.0,1.0,0.8112490912687388,0.0,1.0,1.0,0.5046871213619745
1838,7bfd8ff8489158cc,True,1.0,1.0,1.0,1.0,1.0,1.0,1.0
1839,5aa4b6dc8f0759b5,True,1.0,0.0,0.0,0.0,1.0,1.0,0.0
1840,5f8d8f88750f57b7,True,1.0,1.0,0.9045341120036889,1.0,1.0,1.0,0.9602225466682036
1841,c159f0c331075464,True,1.0,1.0,1.0,1.0,1.0,1.0,1.0
1842,05d6d7d83b97547c,True,1.0,0.0,0.0,1.0,1.0,0.5,0.0
1843,367ee5f18e345a72,True,1.0,1.0,0.7344435389713411,1.0,1.0,1.0,0.8893514745713921
1844,702cb8df08c15df6,True,1.0,1.0,0.8042857364084762,0.0,1.0,1.0,0.5017857235035318
1845,6097ef5cbbfd5dd9,True,1.0,1.0,0.8984736412872573,1.0,1.0,1.0,0.9576973505363572
1846,4cb70e4f5d4b5fdf,True,1.0,1.0,1.0,1.0,1.0,1.0,1.0
1847,88e6d9d5dd715516,True,1.0,0.0,0.0,1.0,1.0,1.0,0.0
1848,68c666c7045f5609,True,1.0,1.0,0.832459115485352,1.0,1.0,1.0,0.9301912981188968
1849,29c5f96fb4e95d3a,True,1.0,1.0,0.8900065201408283,1.0,1.0,1.0,0.9541693833920117
1850,4a0ba18cefc05c63,True,1.0,1.0,1.0,1.0,1.0,1.0,1.0
1851,eef98aae7e42579d,True,1.0,1.0,0.7090743028990906,1.0,1.0,1.0,0.8787809595412878
1852,6f11adda2af357ff,True,1.0,1.0,0.9415317193537421,1.0,1.0,1.0,0.9756382163973925
1853,e3eaafd948b15069,True,1.0,1.0,0.7032147430708223,1.0,1.0,1.0,0.8763394762795093
1854,d9bb15db6f025acb,True,1.0,1.0,0.8325462774681142,1.0,1.0,1.0,0.9302276156117143
1855,3ef7a107ecc75162,True,1.0,1.0,0.8530022318569839,1.0,1.0,1.0,0.9387509299404099
1856,aab09057df0a515d,True,1.0,1.0,0.8203159691620899,1.0,1.0,1.0,0.9251316538175374
1857,840de743ab1c50cc,True,1.0,1.0,0.9027890412283953,1.0,1.0,1.0,0.9594954338451647
1858,103c3ee1db23521d,True,1.0,1.0,1.0,1.0,1.0,1.0,1.0
1859,e9597ce7a5a7589b,True,1.0,1.0,1.0,1.0,1.0,1.0,1.0
1860,04703c86cf5b5a20,True,1.0,0.0,0.0,1.0,1.0,1.0,0.0
1861,582a4716d1bd55bc,True,1.0,1.0,0.8768153579499715,1.0,1.0,1.0,0.9486730658124881
1862,f80a6f7f4de5564d,True,1.0,1.0,0.9566009860308097,1.0,1.0,1.0,0.9819170775128373
1863,b0325428be095810,True,1.0,1.0,1.0,1.0,1.0,1.0,1.0
1864,45102df6530d59e8,True,0.0,1.0,0.0,0.0,1.0,1.0,0.0
1865,3010009fcb295507,True,1.0,1.0,0.8962727214602483,1.0,1.0,1.0,0.9567803006084367
1866,edbd8b34cdc65008,True,1.0,1.0,0.9800036849347957,1.0,1.0,1.0,0.9916682020561649
1867,a243657871795ce2,True,1.0,1.0,1.0,1.0,1.0,1.0,1.0
1868,989ce8f4205654d3,True,1.0,1.0,0.8882456073028231,1.0,1.0,1.0,0.9534356697095095
1869,bc9bc971088c5df6,True,1.0,1.0,1.0,1.0,1.0,1.0,1.0
1870,b4797f8fbe08559f,True,1.0,1.0,0.2875901905540506,1.0,1.0,1.0,0.703162579397521
1871,a541237b06645d49,True,1.0,1.0,0.9037329382902292,1.0,1.0,1.0,0.9598887242875955
1872,8b31009bc5115cb5,True,1.0,1.0,1.0,1.0,1.0,0.0,1.0
1873,c10ed86969435545,True,1.0,1.0,1.0,1.0,1.0,1.0,1.0
1874,6a4e62fc55535e82,True,1.0,1.0,1.0,0.0,1.0,1.0,0.5833333333333334
1875,1b65613f0242544a,True,1.0,1.0,0.5672847321429085,1.0,1.0,1.0,0.8197019717262118
1876,8f273271b9eb537e,True,1.0,1.0,0.7313036727517626,1.0,1.0,1.0,0.8880431969799011
1877,758cc7a721c2546d,True,1.0,1.0,0.9731968547627625,0.0,1.0,1.0,0.572165356151151
1878,4e734888d8465563,True,1.0,1.0,1.0,1.0,1.0,0.0,1.0
1879,54b1308d42085066,True,1.0,1.0,0.940896859468129,1.0,1.0,1.0,0.9753736914450538
1880,f24100a519ef5940,True,1.0,1.0,0.8779688896144803,1.0,1.0,1.0,0.9491537040060335
1881,7ffe3cd6cd995118,True,1.0,1.0,1.0,1.0,1.0,1.0,1.0
1882,f99992756cbb5adb,True,1.0,0.0,0.0,1.0,1.0,1.0,0.0
1883,ba13a6004a0c5f8d,True,1.0,0.0,0.0,1.0,1.0,1.0,0.0
1884,e63d12285d215a4f,True,1.0,1.0,1.0,1.0,1.0,1.0,1.0
1885,afa37504b1da59bf,True,1.0,1.0,1.0,1.0,1.0,1.0,1.0
1886,5802564fbfb558f8,True,1.0,1.0,0.7661083156358899,1.0,1.0,1.0,0.9025451315149541
1887,cbb9f6ff18285688,True,1.0,1.0,0.8223423356193658,1.0,1.0,1.0,0.9259759731747357
1888,5ad18b7f7b2a52c7,True,1.0,1.0,0.8565437451408958,1.0,1.0,1.0,0.9402265604753732
1889,80b61a3a73f55af9,True,1.0,1.0,1.0,1.0,1.0,1.0,1.0
1890,619d1afc63c35621,True,1.0,1.0,1.0,0.0,1.0,1.0,0.5833333333333334
1891,4d5c4013a6db5819,True,0.0,1.0,0.0,0.0,1.0,1.0,0.0
1892,df3b1f0f39625162,True,1.0,0.0,0.0,1.0,1.0,1.0,0.0
1893,5b834475a09a531c,True,1.0,1.0,1.0,1.0,1.0,1.0,1.0
1894,c32ae6a1954651ec,True,0.0,0.0,0.0,0.0,1.0,1.0,0.0
1895,aff2f948de815a32,True,1.0,1.0,0.6993672776755039,1.0,1.0,1.0,0.8747363656981267
1896,c8deb087395357c3,True,1.0,1.0,0.9239730416292518,1.0,1.0,1.0,0.9683221006788548
1897,a5db7f072b0a58d4,True,1.0,1.0,0.6964349416250843,1.0,1.0,1.0,0.8735145590104518
1898,debb1dafdd77545e,True,1.0,0.0,0.0,1.0,1.0,1.0,0.0
1899,4e52fd2c46fa5a3f,True,1.0,1.0,1.0,0.0,1.0,1.0,0.5833333333333334
1900,6c7142e6f9435ab6,True,1.0,1.0,1.0,1.0,1.0,1.0,1.0
1901,05f9443de2185b91,True,1.0,1.0,0.8200950970992512,1.0,1.0,1.0,0.9250396237913546
1902,36cdfb296218516d,True,1.0,1.0,0.7240182662319822,1.0,1.0,1.0,0.8850076109299926
1903,d44e6abed19b5ba5,True,1.0,1.0,0.6339381442646901,1.0,1.0,1.0,0.8474742267769542
1904,66a0abcb3eac57df,True,1.0,0.0,0.0,1.0,1.0,1.0,0.0
1905,4b259f30bb73511d,True,1.0,1.0,0.6710731334960087,1.0,1.0,0.5,0.8629471389566703
1906,1c4544c0876f5a08,True,1.0,1.0,0.9912855693524328,1.0,1.0,1.0,0.9963689872301803
1907,ea408ea92ea9549b,True,1.0,1.0,0.7046633286875115,1.0,1.0,1.0,0.8769430536197964
1908,5ff30edb240758c4,True,1.0,1.0,0.9545371895350664,1.0,1.0,1.0,0.9810571623062776
1909,86877e183c4e5864,True,1.0,1.0,1.0,1.0,1.0,1.0,1.0
1910,dd9efbb06b495921,True,1.0,1.0,0.8522511229177973,1.0,1.0,1.0,0.9384379678824155
1911,7f1f382094685881,True,0.0,1.0,0.0,0.0,1.0,1.0,0.0
1912,fcb157cfb7785486,True,1.0,1.0,0.9077196771850824,1.0,1.0,0.0,0.9615498654937843
1913,480f8beca45f53cd,True,1.0,0.0,0.0,1.0,1.0,0.5,0.0
1914,8b794f146fda58da,True,1.0,0.0,0.0,1.0,1.0,1.0,0.0
1915,9d262af7c8875aa2,True,1.0,1.0,1.0,1.0,1.0,1.0,1.0
1916,3ceb5afc67975881,True,1.0,1.0,0.7783245184737745,1.0,1.0,1.0,0.9076352160307394
1917,c0d4412fa9f15f5b,True,1.0,1.0,0.92297370876043,1.0,1.0,1.0,0.9679057119835125
1918,a98bfcdd7d6c5683,True,1.0,1.0,1.0,1.0,1.0,1.0,1.0
1919,5e4f0ddf24da5f97,True,1.0,1.0,0.8301467217616327,1.0,1.0,1.0,0.9292278007340137
1920,ec60244b07ad5466,True,1.0,0.0,0.0,1.0,1.0,1.0,0.0
1921,93c82496dc8e59c5,True,1.0,1.0,1.0,1.0,1.0,1.0,1.0
1922,fb3ec8fa431c5d83,True,1.0,0.0,0.0,1.0,1.0,0.5,0.0
1923,c73482934be65cec,True,1.0,0.0,0.0,0.0,1.0,1.0,0.0
1924,76a07493339e5e81,True,1.0,1.0,1.0,0.0,1.0,0.0,0.5833333333333334
1925,a709a9bbafe555e1,True,1.0,1.0,1.0,1.0,1.0,1.0,1.0
1926,5ab5923ac60c5e8a,True,1.0,1.0,0.6681657026592676,1.0,1.0,1.0,0.8617357094413615
1927,17eb5d70d9f15c7e,True,1.0,1.0,0.6950785728644636,1.0,1.0,1.0,0.8729494053601932
1928,11cad3355c7b55dd,True,1.0,1.0,0.9917096885507473,1.0,1.0,1.0,0.9965457035628114
1929,eb430bd4f0095c28,True,1.0,1.0,0.7531159872810084,1.0,1.0,1.0,0.8971316613670868
1930,19b1cc462216591a,True,1.0,1.0,1.0,0.0,1.0,1.0,0.5833333333333334
1931,7229dee5d2685deb,True,1.0,0.0,0.0,1.0,1.0,1.0,0.0
1932,10c1bbbe7d805eba,True,1.0,1.0,0.9816292317686736,1.0,1.0,1.0,0.9923455132369474
1933,21128a317e82595f,True,1.0,1.0,0.7880450031207732,1.0,1.0,1.0,0.9116854179669889
1934,7ce6c5c094c55055,True,1.0,1.0,0.8585609519082502,1.0,1.0,1.0,0.9410670632951043
1935,b9d45c43c2fd5165,True,1.0,1.0,0.8193551080862429,1.0,1.0,1.0,0.9247312950359344
1936,f754138d3e3e5fd5,True,1.0,1.0,0.9063468656123067,1.0,1.0,1.0,0.9609778606717945
1937,ce2f1ac423965b7a,True,1.0,1.0,1.0,1.0,1.0,1.0,1.0
1938,55237cf0b8c45ec9,True,1.0,1.0,0.8428987750703443,1.0,1.0,1.0,0.9345411562793101
1939,21b8742127e7523c,True,1.0,1.0,0.7637408576793158,1.0,1.0,1.0,0.9015586906997148
1940,cf1c7170df175256,True,1.0,1.0,0.9332652831295937,1.0,1.0,1.0,0.9721938679706641
1941,beaa12171da45b46,True,1.0,0.0,0.0,1.0,1.0,1.0,0.0
1942,03c0cf33d2105598,True,0.0,1.0,0.0,0.0,1.0,1.0,0.0
1943,9a0b762c08af59f8,True,1.0,1.0,0.7948243619932011,1.0,1.0,1.0,0.9145101508305005
1944,a669b18e5ecd575d,True,1.0,1.0,0.7151927068453776,1.0,1.0,0.0,0.8813302945189073
1945,da64267c15aa5531,True,1.0,1.0,0.9896089571460779,1.0,1.0,0.5,0.9956703988108657
1946,0f8d3b14831a5ccc,True,1.0,1.0,0.6996095896244733,1.0,1.0,1.0,0.8748373290101972
1947,a924eaf3a0c35078,True,1.0,1.0,0.9142473840268692,1.0,1.0,1.0,0.9642697433445289
1948,c63b3d251ef85a13,True,1.0,1.0,0.837306348787304,1.0,1.0,1.0,0.9322109786613767
1949,02145ce72fd95a85,True,1.0,1.0,1.0,1.0,1.0,1.0,1.0
1950,8cbe3bf8cf9c5718,True,1.0,1.0,1.0,1.0,1.0,1.0,1.0
1951,e5c10d26102f51e3,True,1.0,1.0,0.9003830837127814,1.0,1.0,1.0,0.9584929515469923
1952,687fa6fce3ab5f91,True,1.0,0.0,0.0,1.0,1.0,0.5,0.0
1953,179a2670a5965eeb,True,1.0,1.0,0.7756560786241565,1.0,1.0,0.5,0.9065233660933986
1954,715d1ae75d215269,True,1.0,1.0,0.8618547487362627,1.0,1.0,1.0,0.9424394786401095
1955,490463fd7e9e5769,True,1.0,1.0,0.7248982878830883,1.0,1.0,0.0,0.8853742866179535
1956,f55fd99d0cd65b58,True,1.0,0.0,0.0,1.0,1.0,1.0,0.0
1957,082dba79a46d57b2,True,0.0,1.0,0.0,0.0,1.0,1.0,0.0
1958,1a4d88c3ccc6586d,True,1.0,0.0,0.0,1.0,1.0,1.0,0.0
1959,9313777d021e5255,True,1.0,1.0,1.0,0.0,1.0,1.0,0.5833333333333334
1960,c484b85e7b07535c,True,1.0,1.0,0.8313649510694873,1.0,1.0,1.0,0.9297353962789531
1961,650c7a9e7ea45062,True,1.0,1.0,0.9792208657358055,1.0,1.0,1.0,0.9913420273899188
1962,fec2bf4f1842590c,True,0.0,1.0,0.0,0.0,1.0,1.0,0.0
1963,80a22559c9565d0a,True,1.0,1.0,1.0,0.0,1.0,1.0,0.5833333333333334
1964,6a0cdff04e6b596e,True,1.0,1.0,1.0,1.0,1.0,1.0,1.0
1965,599e006109385ae5,True,1.0,0.0,0.0,1.0,1.0,1.0,0.0
1966,4cdd4e33b01a52a8,True,1.0,1.0,0.927777165158274,1.0,1.0,1.0,0.9699071521492808
1967,0b6912dfdcf450c1,True,1.0,0.0,0.0,0.0,1.0,1.0,0.0
1968,a3c4e4bf10d65ddb,True,1.0,1.0,0.615927671562684,1.0,1.0,1.0,0.8399698631511182
1969,81c70798936b5140,True,1.0,1.0,1.0,1.0,1.0,1.0,1.0
1970,c7cd4edb7b455e9f,True,1.0,1.0,0.8128638508022659,1.0,1.0,1.0,0.9220266045009442
1971,1537a74401845849,True,1.0,1.0,0.7429156770442753,1.0,1.0,1.0,0.8928815321017813
1972,9a9b75516db85d76,True,1.0,1.0,0.9984217720427546,1.0,1.0,1.0,0.9993424050178144
1973,1b3ae7a2d38d5c6c,True,1.0,1.0,0.8362531440004922,1.0,1.0,1.0,0.9317721433335384
1974,ebd299a3953a50ad,True,1.0,1.0,0.8229802927456973,1.0,1.0,1.0,0.9262417886440405
1975,bc281591c2165d73,True,1.0,1.0,0.48630289008955,1.0,1.0,1.0,0.7859595375373125
1976,812464919a4f5362,True,0.0,1.0,0.0,0.0,1.0,1.0,0.0
1977,8eefb96f7e5f598e,True,1.0,0.0,0.0,0.0,1.0,0.5,0.0
1978,bcd38d9246695d74,True,1.0,0.0,0.0,0.0,1.0,1.0,0.0
1979,79fab476b73a5d06,True,1.0,1.0,0.8468255899741038,1.0,1.0,1.0,0.9361773291558766
1980,7cc683dca0155801,True,1.0,1.0,0.9352010175880437,1.0,1.0,1.0,0.9730004239950182
1981,255caf4a6fb2584a,True,1.0,1.0,0.7600194058074886,1.0,1.0,1.0,0.9000080857531203
1982,cc7707ad6d0d5346,True,1.0,1.0,0.6359176780026577,1.0,1.0,1.0,0.8482990325011074
1983,f102658ad87c561f,True,1.0,1.0,0.08972627749405822,1.0,1.0,1.0,0.6207192822891909
1984,3a29d6bc75a557f1,True,1.0,0.0,0.0,1.0,1.0,1.0,0.0
1985,230ab732c0d65fb3,True,1.0,1.0,1.0,0.0,1.0,0.5,0.5833333333333334
1986,fcbe2ed045225b79,True,1.0,1.0,0.9858071225211383,1.0,1.0,0.0,0.9940863010504742
1987,055c41d3c8e75bdc,True,1.0,1.0,0.9071848407883399,1.0,1.0,1.0,0.9613270169951417
1988,bc1a3b9fa4ca5000,True,1.0,1.0,1.0,1.0,1.0,1.0,1.0
1989,ef300f8a9cf254bc,True,1.0,1.0,0.9110407469547823,1.0,1.0,1.0,0.9629336445644926
1990,4d2d174465585abf,True,1.0,1.0,1.0,1.0,1.0,1.0,1.0
1991,26de9e2da40c5b0c,True,1.0,0.0,0.0,1.0,1.0,1.0,0.0
1992,b26b54b014205d5c,True,1.0,1.0,0.8630175034082423,1.0,1.0,1.0,0.9429239597534343
1993,a3e0421d08d25e5b,True,1.0,1.0,0.9512920755703133,1.0,1.0,1.0,0.9797050314876307
1994,135b319cf4b1584c,True,1.0,1.0,0.8991912767097099,1.0,1.0,1.0,0.9579963652957124
1995,cebdffcaf8595c9e,True,1.0,1.0,0.8514633053861052,1.0,1.0,1.0,0.9381097105775438
1996,c2f911300954542a,True,1.0,0.0,0.0,1.0,1.0,1.0,0.0
1997,f7143ad20856584c,True,1.0,1.0,0.9039420588643965,1.0,1.0,1.0,0.9599758578601651
1998,c04b59204ebe55f9,True,1.0,1.0,1.0,0.0,1.0,1.0,0.5833333333333334
1999,bf4c97f6024b5029,True,1.0,1.0,1.0,1.0,1.0,1.0,1.0
2000,2eb7c4dc6ec65123,True,1.0,1.0,1.0,1.0,1.0,1.0,1.0
2001,b5ca533bca505ceb,True,1.0,1.0,1.0,1.0,1.0,1.0,1.0
2002,4a557f1bfe3b5645,True,1.0,1.0,1.0,0.0,1.0,1.0,0.5833333333333334
2003,0d95350d8f3b516b,True,1.0,1.0,1.0,0.0,1.0,1.0,0.5833333333333334
2004,8d068ed41e335268,True,1.0,1.0,0.8671890610383616,1.0,1.0,1.0,0.9446621087659839
2005,df57cf24b8025365,True,1.0,1.0,1.0,0.0,1.0,1.0,0.5833333333333334
2006,f72ccf055618500a,True,1.0,1.0,0.849336535026501,1.0,1.0,1.0,0.937223556261042
2007,0f1d91e077d05381,True,1.0,1.0,1.0,1.0,1.0,1.0,1.0
2008,db73bde6710e50ca,True,1.0,0.0,0.0,1.0,1.0,1.0,0.0
2009,63980d0b4c9352c4,True,1.0,0.0,0.0,1.0,1.0,0.0,0.0
2010,52fae9c4f2025dc3,True,1.0,1.0,0.6525158516175964,1.0,1.0,1.0,0.8552149381739985
2011,059ce9cd10135396,True,0.0,1.0,0.0,0.0,1.0,1.0,0.0
2012,3b3e36e9d816563c,True,1.0,1.0,1.0,1.0,1.0,1.0,1.0
2013,870886385ca15345,True,1.0,1.0,1.0,1.0,1.0,1.0,1.0
2014,1db7c81f96855ce9,True,1.0,1.0,1.0,1.0,1.0,1.0,1.0
2015,0c3c5692dcdd5bdc,True,1.0,1.0,0.01961371356876723,1.0,1.0,1.0,0.5915057139869864
2016,96d8920289b55395,True,1.0,1.0,0.8330551907242891,1.0,1.0,1.0,0.9304396628017871
2017,c37a081992495a0e,True,1.0,1.0,1.0,1.0,1.0,1.0,1.0
2018,dadc8dc029e15f0f,True,1.0,1.0,0.8289030332173228,1.0,1.0,1.0,0.9287095971738845
2019,3813108829ab54c2,True,1.0,1.0,0.958191643575968,0.0,1.0,1.0,0.56591318482332
2020,ec90dfde532d5633,True,0.0,1.0,0.0,0.0,1.0,1.0,0.0
2021,629f93034f995ebc,True,1.0,1.0,1.0,1.0,1.0,1.0,1.0
2022,475a45837ca75030,True,1.0,1.0,0.8427867492654034,1.0,1.0,1.0,0.9344944788605848
2023,fb4a03d7f9395b9a,True,1.0,1.0,0.9756241188568717,1.0,1.0,1.0,0.9898433828570298
2024,average,True,0.91600790513834,0.8715415019762845,0.6972036206465291,0.8038537549407114,1.0,0.9446640316205533,0.7145377858399682
