{
 "jerk_integral_mean": 41.18550290281956,
 "steer_integral_mean": 0.028315972858842124,
 "tms_raw_med": 0.03930056426737803,
 "tms_smooth_med": 0.11739241854803507,
 "lops_oracle_mean": 0.843523076923077,
 "lops_oracle_analytic": 0.8325,
 "okri_med": 21.1088,
 "okri_max": 268.3368
}