,token,valid,no_at_fault_collisions,drivable_area_compliance,ego_progress,time_to_collision_within_bound,comfort,driving_direction_compliance,score
0,3c584e53042d5157,True,1.0,1.0,0.9550393891730541,1.0,1.0,1.0,0.9812664121554393
1,c4884a363f805a18,True,1.0,0.0,0.0,1.0,1.0,1.0,0.0
2,a6b457a7eb6a5cde,True,1.0,1.0,0.846905467830827,1.0,1.0,1.0,0.9362106115961778
3,1d7fd5ffc1e3571c,True,1.0,1.0,1.0,1.0,1.0,1.0,1.0
4,36650ce9087150de,True,1.0,1.0,1.0,1.0,1.0,1.0,1.0
5,a49be33c358b5cb4,True,1.0,0.0,0.0,1.0,1.0,1.0,0.0
6,71629f355b5e5b19,True,1.0,1.0,1.0,1.0,1.0,1.0,1.0
7,7398c63b60075187,True,1.0,1.0,0.09374669180311632,1.0,1.0,1.0,0.6223944549179651
8,44f75400f3a15c14,True,1.0,1.0,1.0,1.0,1.0,1.0,1.0
9,131ab0263b07507c,True,1.0,0.0,0.0,1.0,1.0,0.5,0.0
10,2b352a08cb3b59ea,True,1.0,1.0,0.7398441197211073,1.0,1.0,1.0,0.8916017165504614
11,622867ce25805447,True,1.0,0.0,0.0,1.0,1.0,0.0,0.0
12,21d65485fa3c55e7,True,1.0,1.0,0.7994235772551698,1.0,1.0,1.0,0.9164264905229874
13,689b619dfd3652c3,True,1.0,1.0,0.7646331254443534,1.0,1.0,1.0,0.9019304689351473
14,04f569ff8cb3504d,True,1.0,1.0,1.0,0.0,1.0,1.0,0.5833333333333334
15,2b10974c7f7e5444,True,1.0,0.0,0.0,1.0,1.0,1.0,0.0
16,6012a63b7a3b52c7,True,1.0,1.0,0.8075175485543539,1.0,1.0,1.0,0.9197989785643141
17,82e565141eb55f88,True,1.0,1.0,0.9087128487313896,1.0,1.0,1.0,0.9619636869714124
18,0eb2056214155957,True,1.0,1.0,1.0,0.0,1.0,1.0,0.5833333333333334
19,70ce3fce14785ae5,True,1.0,1.0,1.0,1.0,1.0,1.0,1.0
20,c8dd0a6b741e58b0,True,1.0,1.0,1.0,1.0,1.0,1.0,1.0
21,3ca720caa0ff5082,True,1.0,1.0,0.22801522210570793,1.0,1.0,1.0,0.6783396758773783
22,f9a9b5ee707e501e,True,1.0,1.0,1.0,0.0,1.0,1.0,0.5833333333333334
23,c848c9ccc6e55adf,True,1.0,1.0,0.7121902501543398,1.0,1.0,1.0,0.8800792708976415
24,2352a994954555ba,True,1.0,1.0,1.0,0.0,1.0,1.0,0.5833333333333334
25,b7b0c0f56613553b,True,1.0,1.0,1.0,1.0,1.0,1.0,1.0
26,cdf704c535245f57,True,1.0,1.0,0.8122976069574652,1.0,1.0,1.0,0.9217906695656105
27,6c81fef5b490580a,True,1.0,1.0,0.8744466233287468,0.0,1.0,0.0,0.5310194263869779
28,48271cdeceb35236,True,0.0,1.0,0.0,0.0,1.0,1.0,0.0
29,49d00c5507175e01,True,1.0,1.0,0.7851237061087571,1.0,1.0,1.0,0.9104682108786489
30,ce3ff067f10b526b,True,1.0,0.0,0.0,1.0,1.0,1.0,0.0
31,fd513762a5ea5dd4,True,1.0,1.0,0.6372118959177284,1.0,1.0,1.0,0.8488382899657202
32,80c159e90ae755f3,True,1.0,1.0,0.8804870696172405,1.0,1.0,1.0,0.9502029456738503
33,0a44947ca9e85579,True,1.0,1.0,0.9801881154625816,1.0,1.0,1.0,0.9917450481094091
34,7c62648ff8a25812,True,1.0,1.0,0.9263654369918976,1.0,1.0,1.0,0.9693189320799572
35,3251e54ebe415e5c,True,0.0,1.0,0.0,0.0,1.0,1.0,0.0
36,4952a782e55057b7,True,0.0,1.0,0.0,0.0,1.0,1.0,0.0
37,442b2cf63c6f570a,True,1.0,1.0,0.636410087655525,1.0,1.0,1.0,0.848504203189802
38,67e538558b0b5f93,True,1.0,0.0,0.0,1.0,1.0,1.0,0.0
39,de83f2c537565ca8,True,1.0,1.0,0.7630307322607797,1.0,1.0,1.0,0.9012628051086583
40,c1686b2e1a4e5149,True,1.0,1.0,0.6528676027755584,1.0,1.0,1.0,0.8553615011564827
41,e1398b3ecf3f520d,True,1.0,1.0,1.0,0.0,1.0,1.0,0.5833333333333334
42,85936ccd1b405f4c,True,1.0,1.0,1.0,1.0,1.0,1.0,1.0
43,517530489c455086,True,1.0,1.0,0.9710969842367807,1.0,1.0,1.0,0.9879570767653253
44,918d03455301591b,True,1.0,0.0,0.0,1.0,1.0,1.0,0.0
45,ee492610c55b5440,True,0.0,1.0,0.0,0.0,1.0,1.0,0.0
46,b8ca1857a0f75fb4,True,1.0,0.0,0.0,1.0,1.0,1.0,0.0
47,83e895f722575452,True,1.0,1.0,0.37035653817598674,1.0,1.0,1.0,0.7376485575733277
48,ce9f5160229b5755,True,1.0,1.0,1.0,1.0,1.0,1.0,1.0
49,43458f6eab155322,True,0.0,1.0,0.0,0.0,1.0,1.0,0.0
50,d37242b32b51586b,True,1.0,1.0,0.8045413684530421,1.0,1.0,1.0,0.918558903522101
51,09d33cf8b87c5ae3,True,1.0,1.0,0.6317523333458038,1.0,1.0,1.0,0.8465634722274182
52,fc1800501fa157a7,True,1.0,1.0,0.9810177691050888,1.0,1.0,1.0,0.9920907371271204
53,8d293b5028e555a3,True,1.0,1.0,1.0,1.0,1.0,1.0,1.0
54,d546193a3a28587f,True,1.0,1.0,1.0,1.0,1.0,1.0,1.0
55,2d0517c112625a09,True,1.0,1.0,1.0,1.0,1.0,1.0,1.0
56,96540ed00a785607,True,1.0,1.0,0.901708195249898,0.0,1.0,1.0,0.5423784146874575
57,613c91adcbe55cd5,True,1.0,0.0,0.0,1.0,1.0,0.5,0.0
58,1b203e7299655c9c,True,1.0,1.0,0.9568679009929112,1.0,1.0,1.0,0.9820282920803797
59,69baa41122b45e43,True,1.0,1.0,0.8745895280355808,1.0,1.0,1.0,0.9477456366814919
60,8601b9cf8c6852f3,True,1.0,1.0,0.8543936174168327,1.0,1.0,1.0,0.9393306739236803
61,c81f2105e14758ea,True,1.0,1.0,0.8184104738848931,1.0,1.0,1.0,0.9243376974520388
62,e247c988c28957fc,True,1.0,1.0,0.9732020353527239,1.0,1.0,1.0,0.9888341813969683
63,54e57dfcbf295398,True,0.0,1.0,0.0,0.0,1.0,1.0,0.0
64,42629decf8ad5328,True,1.0,1.0,1.0,1.0,1.0,1.0,1.0
65,fdee882945885aa7,True,1.0,0.0,0.0,1.0,1.0,1.0,0.0
66,5f2aad4e03625d30,True,1.0,1.0,0.7952303445536845,1.0,1.0,1.0,0.9146793102307019
67,82cd122751085a80,True,0.5,0.0,0.0,0.0,1.0,1.0,0.0
68,ef43bbb93f0d50eb,True,1.0,1.0,0.6345172745415945,1.0,1.0,1.0,0.8477155310589977
69,d7f6204c325d53fe,True,1.0,0.0,0.0,1.0,1.0,1.0,0.0
70,2a8b9c88615450a8,True,0.0,1.0,0.0,0.0,1.0,1.0,0.0
71,7186e23637965344,True,1.0,1.0,0.869743467778136,1.0,1.0,1.0,0.9457264449075566
72,169ccb03f27e589d,True,1.0,1.0,1.0,1.0,1.0,1.0,1.0
73,253adcf13a3f5c15,True,1.0,1.0,1.0,1.0,1.0,1.0,1.0
74,8b7722d516e553ba,True,1.0,1.0,1.0,1.0,1.0,1.0,1.0
75,cf31c5ada8c353bc,True,1.0,1.0,0.8837874739549151,1.0,1.0,1.0,0.9515781141478813
76,ca4be8d422eb5f56,True,1.0,1.0,0.8624454268044379,1.0,1.0,1.0,0.9426855945018492
77,ef5dcc2415915678,True,1.0,1.0,0.9563383696629585,1.0,1.0,1.0,0.9818076540262327
78,f0b6499b393152be,True,1.0,1.0,0.8901807434779442,1.0,1.0,1.0,0.9542419764491434
79,e50483d19a4b5489,True,1.0,1.0,1.0,1.0,1.0,1.0,1.0
80,131a036a111e54f3,True,1.0,1.0,1.0,1.0,1.0,1.0,1.0
81,8d7c5f26b9775cce,True,1.0,1.0,0.4008371093712951,1.0,1.0,1.0,0.750348795571373
82,cb53746741b25730,True,1.0,1.0,0.8918111663354313,1.0,1.0,1.0,0.9549213193064298
83,36f96e28725c5f5e,True,1.0,1.0,0.8858769243994787,1.0,1.0,1.0,0.9524487184997827
84,8181a3050dfa51b4,True,1.0,1.0,0.6376786152947127,1.0,1.0,1.0,0.849032756372797
85,402c9312982a5488,True,1.0,1.0,1.0,0.0,1.0,1.0,0.5833333333333334
86,d6f52d0bbaf5523c,True,1.0,1.0,0.8014820549614403,1.0,1.0,1.0,0.9172841895672668
87,63930f7b3b0e5872,True,1.0,1.0,0.9469644994637673,1.0,1.0,1.0,0.9779018747765696
88,93a208914ea85781,True,1.0,1.0,0.7588679514062534,1.0,1.0,1.0,0.899528313085939
89,cc8b8b4ae726592a,True,1.0,1.0,1.0,0.0,1.0,1.0,0.5833333333333334
90,de1662269d685ce0,True,1.0,0.0,0.0,1.0,1.0,1.0,0.0
91,6618e0dc30c95169,True,1.0,1.0,0.874482442734291,0.0,1.0,1.0,0.5310343511392879
92,1f54430427975391,True,1.0,1.0,0.6241911978910281,1.0,1.0,1.0,0.8434129991212617
93,b6247a5245a5554f,True,1.0,0.0,0.0,0.0,1.0,1.0,0.0
94,58a10d0c924050cf,True,0.0,1.0,0.0,0.0,1.0,0.5,0.0
95,a1592a3b82bb5060,True,0.0,1.0,0.0,0.0,1.0,1.0,0.0
96,ade646d3c19b5bb0,True,1.0,1.0,1.0,1.0,1.0,0.5,1.0
97,dfeb840d983e55ca,True,1.0,1.0,0.8988070221942208,1.0,1.0,1.0,0.9578362592475921
98,734ef653644c55b9,True,1.0,1.0,1.0,1.0,1.0,0.0,1.0
99,e7b780eed68e5ce3,True,1.0,1.0,1.0,1.0,1.0,1.0,1.0
100,c5709bf1224a5401,True,1.0,1.0,0.8921657888912693,1.0,1.0,1.0,0.9550690787046955
101,a5ddad9bbb505316,True,1.0,1.0,0.7882949651919758,1.0,1.0,1.0,0.91178956882999
102,0ba42ee3c2555502,True,1.0,1.0,0.9098455115398103,0.0,1.0,1.0,0.5457689631415876
103,c79b2a28285f5e11,True,1.0,1.0,0.9420468577985788,1.0,1.0,1.0,0.9758528574160744
104,7df960d73e50560b,True,0.0,1.0,0.0,0.0,1.0,1.0,0.0
105,313756e5fc655c0e,True,1.0,1.0,1.0,0.0,1.0,1.0,0.5833333333333334
106,6cd0498ce2d857f3,True,1.0,1.0,0.6784979439869047,1.0,1.0,1.0,0.8660408099945437
107,380ae43ebd795e88,True,1.0,1.0,0.749538449513222,1.0,1.0,1.0,0.8956410206305092
108,330af4c06f715d2d,True,1.0,1.0,1.0,0.0,1.0,1.0,0.5833333333333334
109,a6706582212458bb,True,1.0,1.0,0.8425822562307564,1.0,1.0,1.0,0.9344092734294819
110,8ab90aef703b50cc,True,1.0,1.0,0.526437121652503,1.0,1.0,1.0,0.8026821340218762
111,24c278846879520f,True,1.0,0.0,0.0,1.0,1.0,1.0,0.0
112,736e79c663bf5310,True,1.0,1.0,0.7818603988120666,1.0,1.0,1.0,0.9091084995050277
113,eccba8e0ad6651c3,True,0.0,1.0,0.0,0.0,1.0,1.0,0.0
114,b9182baaae3b5ab2,True,1.0,1.0,1.0,1.0,1.0,1.0,1.0
115,2c1c564733075187,True,1.0,0.0,0.0,1.0,1.0,1.0,0.0
116,0769a262b53b589e,True,1.0,1.0,0.8340944293084578,1.0,1.0,1.0,0.930872678878524
117,02e8fd3cc3c3556f,True,1.0,1.0,0.8505457018481978,1.0,1.0,1.0,0.9377273757700824
118,b7453f77be5b53df,True,1.0,1.0,0.8308897515895122,1.0,1.0,1.0,0.92953739649563
119,b8b9e355618b58cd,True,1.0,1.0,0.4915556342286704,1.0,1.0,1.0,0.7881481809286126
120,d2c9ae71df055417,True,1.0,1.0,0.8196094475685597,1.0,1.0,1.0,0.9248372698202333
121,41cf41279f5459f6,True,1.0,1.0,0.8838733740657158,1.0,1.0,1.0,0.9516139058607149
122,ef0b98c7837e5e4a,True,1.0,1.0,0.8585693077693667,1.0,1.0,1.0,0.9410705449039029
123,873e300af5a95bf2,True,1.0,1.0,0.9301609532706844,1.0,1.0,1.0,0.9709003971961184
124,36a10b24956c5db7,True,1.0,1.0,0.39339091032655643,1.0,1.0,1.0,0.7472462126360652
125,dc8554c53a2a5afc,True,1.0,1.0,0.08929026159138523,1.0,1.0,1.0,0.6205376089964105
126,b2229456008c518d,True,1.0,1.0,0.5392307636756852,1.0,1.0,0.5,0.8080128181982023
127,49a0d29c7058501c,True,1.0,1.0,0.8483097286931477,1.0,1.0,1.0,0.9367957202888114
128,50dac69523a15131,True,1.0,1.0,0.7777048157563269,1.0,1.0,1.0,0.9073770065651362
129,ebc5a6ec11205f0c,True,1.0,1.0,0.8921980314571913,1.0,1.0,1.0,0.955082513107163
130,60826aa0bcfc5225,True,1.0,1.0,1.0,1.0,1.0,1.0,1.0
131,20a6e330d8f1571b,True,1.0,1.0,1.0,1.0,1.0,1.0,1.0
132,6e10835f184d5921,True,1.0,1.0,0.9060444666944707,1.0,1.0,1.0,0.9608518611226962
133,7884402f265258ff,True,1.0,1.0,0.8123941466400397,1.0,1.0,1.0,0.9218308944333499
134,9ed452bde7335185,True,0.0,1.0,0.0,0.0,1.0,1.0,0.0
135,5883b0e7c7215e80,True,1.0,1.0,0.8342382794362766,0.0,1.0,1.0,0.5142659497651153
136,98017c16248a5f54,True,0.0,1.0,0.0,0.0,1.0,1.0,0.0
137,189654afe9465b09,True,1.0,1.0,0.8628827254337913,1.0,1.0,1.0,0.9428678022640797
138,6d3f9d5ca5e05aa2,True,1.0,1.0,0.858185385076419,1.0,1.0,1.0,0.9409105771151746
139,80f6c94fed0c5519,True,1.0,1.0,0.9587501747527385,1.0,1.0,1.0,0.982812572813641
140,d8c6268b250e585c,True,1.0,1.0,0.8614901480668581,1.0,1.0,1.0,0.9422875616945241
141,53928c06f3005536,True,1.0,1.0,1.0,1.0,1.0,1.0,1.0
142,86641ef36dfc5c16,True,1.0,1.0,1.0,0.0,1.0,1.0,0.5833333333333334
143,5d7e99b7eea65475,True,1.0,1.0,0.6387454824077442,1.0,1.0,1.0,0.84947728433656
144,dd8ac2f25ac75478,True,1.0,1.0,0.03973213145371663,1.0,1.0,1.0,0.5998883881057152
145,06db90857b4e575d,True,1.0,1.0,0.4583563201363681,1.0,1.0,1.0,0.7743151333901533
146,e3ce6f2ef9765b9a,True,1.0,1.0,0.976430699951523,1.0,1.0,1.0,0.9901794583131345
147,c2a01dd3d1d45258,True,1.0,1.0,1.0,1.0,1.0,1.0,1.0
148,de9dd93857cf5ab5,True,1.0,1.0,0.8424922874004633,1.0,1.0,1.0,0.9343717864168597
149,778dc72ff2ec5e94,True,1.0,1.0,1.0,0.0,1.0,1.0,0.5833333333333334
150,5c4d8dfcb0aa5541,True,1.0,1.0,0.4673372373217482,1.0,1.0,1.0,0.7780571822173951
151,a82f1c8ad27d53cc,True,1.0,1.0,1.0,0.0,1.0,1.0,0.5833333333333334
152,051d26c01f3653ba,True,1.0,1.0,0.8028245864627652,1.0,1.0,1.0,0.9178435776928189
153,e1e8aae3165c5652,True,1.0,1.0,0.8155430495165938,1.0,1.0,1.0,0.9231429372985808
154,24817ec41ccb5f01,True,1.0,0.0,0.0,1.0,1.0,1.0,0.0
155,bcac47f590d854a7,True,1.0,1.0,0.6964045428280895,1.0,1.0,1.0,0.8735018928450372
156,d1ac97f2f57553d0,True,1.0,1.0,0.7355673474751762,1.0,1.0,1.0,0.8898197281146567
157,112db94505025ec5,True,1.0,1.0,1.0,1.0,1.0,1.0,1.0
158,e443a0e9bbc75c69,True,1.0,1.0,0.7811438761410888,1.0,1.0,1.0,0.9088099483921203
159,fd9b227cec3d5c3f,True,1.0,1.0,0.9630249540909208,1.0,1.0,1.0,0.984593730871217
160,b75644dcc9ca58fe,True,1.0,1.0,1.0,1.0,1.0,1.0,1.0
161,2380261642d25251,True,1.0,1.0,1.0,1.0,1.0,1.0,1.0
162,612827ed516257e8,True,1.0,1.0,1.0,1.0,1.0,1.0,1.0
163,def47af8d5a35090,True,1.0,0.0,0.0,1.0,1.0,1.0,0.0
164,a96b1d87c73555b9,True,1.0,1.0,0.6409246444030664,1.0,1.0,1.0,0.8503852685012777
165,599c8b2bc9b252a7,True,1.0,1.0,0.7939213749745213,1.0,1.0,1.0,0.914133906239384
166,7022b42a3743507a,True,1.0,1.0,1.0,1.0,1.0,1.0,1.0
167,1f381d3a242b54f0,True,1.0,1.0,0.8019689518893263,1.0,1.0,1.0,0.9174870632872193
168,0e850ac8266c552e,True,1.0,1.0,1.0,1.0,1.0,1.0,1.0
169,6fa0a76b37b558bd,True,0.0,1.0,0.0,0.0,1.0,1.0,0.0
170,7b3ba1d953a15802,True,0.0,0.0,0.0,0.0,1.0,0.5,0.0
171,fce6a1ea8fce5644,True,1.0,1.0,0.7827872008667007,1.0,1.0,1.0,0.909494667027792
172,59bf40c427da5eb1,True,1.0,0.0,0.0,1.0,1.0,1.0,0.0
173,b628faa4178d5eaf,True,1.0,0.0,0.0,1.0,1.0,0.5,0.0
174,115d3d7bdadf52f8,True,1.0,1.0,0.8242378790613281,1.0,1.0,1.0,0.92676578294222
175,5102468ad3745c60,True,1.0,1.0,0.6508567771066707,1.0,1.0,1.0,0.8545236571277796
176,06eaba80b0bf50f0,True,1.0,1.0,1.0,1.0,1.0,1.0,1.0
177,4fbca0f4292355cb,True,1.0,1.0,0.8508606575532545,1.0,1.0,1.0,0.9378586073138561
178,52761f4f68355373,True,1.0,0.0,0.0,1.0,1.0,1.0,0.0
179,88904a762b5f5793,True,1.0,1.0,0.6838339687158753,1.0,1.0,1.0,0.8682641536316148
180,5ca0bd6bc8e258c9,True,1.0,1.0,0.7687703199035062,1.0,1.0,1.0,0.9036542999597943
181,a151ed0de3f35bf5,True,1.0,0.0,0.0,1.0,1.0,1.0,0.0
182,71e87d45fe895277,True,1.0,1.0,1.0,1.0,1.0,1.0,1.0
183,b13f0b445e605951,True,1.0,1.0,1.0,1.0,1.0,1.0,1.0
184,0e016d945ce25090,True,1.0,1.0,0.8920449534665394,1.0,1.0,1.0,0.9550187306110581
185,69ad18166f085da8,True,0.0,1.0,0.0,0.0,1.0,1.0,0.0
186,d258d4d9b2235df6,True,1.0,0.0,0.0,1.0,1.0,0.5,0.0
187,c5a2a467d5e25058,True,1.0,1.0,0.7987450332336572,1.0,1.0,1.0,0.9161437638473572
188,26a78d23b1075252,True,0.0,1.0,0.0,0.0,1.0,1.0,0.0
189,49bd1e2dd88457e3,True,1.0,1.0,1.0,1.0,1.0,1.0,1.0
190,1b4499d988b052ce,True,0.0,1.0,0.0,0.0,1.0,1.0,0.0
191,5982df20d90a59cc,True,1.0,1.0,1.0,1.0,1.0,1.0,1.0
192,5795e118157f528f,True,1.0,1.0,0.6432745042866574,1.0,1.0,1.0,0.8513643767861073
193,7fc551e4e0375d00,True,0.0,1.0,0.0,0.0,1.0,1.0,0.0
194,a1adc0fae78f5a3f,True,1.0,0.0,0.0,1.0,1.0,1.0,0.0
195,029585f0509d52b0,True,1.0,0.0,0.0,1.0,1.0,1.0,0.0
196,a61ba5902ded5c56,True,1.0,1.0,0.8574029250630825,1.0,1.0,1.0,0.9405845521096176
197,126fd1a0d1675f57,True,1.0,1.0,0.7147041953468092,1.0,1.0,1.0,0.8811267480611704
198,fe469d42385259e2,True,1.0,1.0,0.841431992878152,1.0,1.0,1.0,0.9339299970325633
199,ae46065dc9ce55b1,True,1.0,1.0,1.0,1.0,1.0,1.0,1.0
200,bb74197177cb51b0,True,1.0,1.0,1.0,1.0,1.0,1.0,1.0
201,9edf148b1ed05a22,True,1.0,1.0,1.0,1.0,1.0,1.0,1.0
202,0f536eebc58d5ff4,True,1.0,1.0,0.9483734417597833,1.0,1.0,1.0,0.9784889340665764
203,d3193f2f5983500f,True,1.0,1.0,0.7794784484018364,1.0,1.0,1.0,0.9081160201674319
204,84204f2655e4500b,True,1.0,1.0,1.0,1.0,1.0,1.0,1.0
205,0c136e28e54f58b6,True,1.0,1.0,1.0,1.0,1.0,1.0,1.0
206,4db50b60ca1f57f1,True,1.0,1.0,0.8467344860024756,1.0,1.0,1.0,0.9361393691676981
207,27c1c1822dc75f7b,True,1.0,1.0,1.0,0.0,1.0,1.0,0.5833333333333334
208,c543bad7f8ff5eae,True,1.0,1.0,0.8521354987935472,1.0,1.0,1.0,0.9383897911639781
209,fda0145d54065b7c,True,0.0,1.0,0.0,0.0,1.0,1.0,0.0
210,29c9d694a2a15357,True,1.0,1.0,1.0,1.0,1.0,1.0,1.0
211,bd3e71c7666156ee,True,1.0,0.0,0.0,1.0,1.0,1.0,0.0
212,f47f7733a11d51a1,True,1.0,1.0,1.0,1.0,1.0,1.0,1.0
213,0b4dfcb47cb85e89,True,1.0,0.0,0.0,1.0,1.0,1.0,0.0
214,cf50ffa22c81555d,True,1.0,0.0,0.0,1.0,1.0,0.5,0.0
215,771c4e378bef58e4,True,0.0,1.0,0.0,0.0,1.0,1.0,0.0
216,3ec3d2ab34f756e6,True,1.0,1.0,0.7499255159330064,1.0,1.0,1.0,0.8958022983054192
217,d0d94d5dca655084,True,1.0,1.0,0.9587703543132905,1.0,1.0,1.0,0.9828209809638709
218,9284ea4dbd0c52ff,True,1.0,1.0,0.8600032329856183,1.0,1.0,1.0,0.9416680137440077
219,a19dd8ff9c4e5fc7,True,1.0,0.0,0.0,1.0,1.0,1.0,0.0
220,36899d67473c5c91,True,1.0,1.0,0.6573975647171503,1.0,1.0,1.0,0.8572489852988125
221,dd6549a070e25b02,True,1.0,0.0,0.0,1.0,1.0,0.5,0.0
222,79ea7fb311c4574a,True,1.0,1.0,0.8916659419499522,1.0,1.0,1.0,0.9548608091458135
223,bf204ae0ffed51d2,True,0.0,1.0,0.0,0.0,1.0,1.0,0.0
224,f15b26c87a0e557d,True,1.0,1.0,0.8435509000076239,1.0,1.0,1.0,0.9348128750031766
225,282855be37635ecc,True,1.0,1.0,1.0,1.0,1.0,1.0,1.0
226,e61adc75d7da50c3,True,1.0,1.0,1.0,1.0,1.0,1.0,1.0
227,9f3b77fe8cd3541c,True,0.0,1.0,0.0,0.0,1.0,1.0,0.0
228,fa7f471f19aa5806,True,1.0,0.0,0.0,1.0,1.0,1.0,0.0
229,443099f672655d56,True,1.0,1.0,0.854822592571946,0.0,1.0,1.0,0.5228427469049776
230,1623cbaee7295b13,True,1.0,1.0,1.0,1.0,1.0,1.0,1.0
231,a572d70690f75ad4,True,1.0,1.0,0.9846596831500951,1.0,1.0,1.0,0.9936082013125397
232,b24575ef9d575fb4,True,1.0,1.0,1.0,0.0,1.0,1.0,0.5833333333333334
233,75ffe77189e95d43,True,1.0,0.0,0.0,1.0,1.0,1.0,0.0
234,63768cbe8b2d5c65,True,1.0,0.0,0.0,1.0,1.0,1.0,0.0
235,ab51ce190cca5673,True,1.0,1.0,0.8049694760809613,0.0,1.0,1.0,0.5020706150337338
236,291ac232cc94582a,True,1.0,1.0,0.9453378147218491,1.0,1.0,1.0,0.9772240894674371
237,c440ceb9353f50b6,True,1.0,1.0,0.815250311002264,1.0,1.0,1.0,0.9230209629176099
238,5655270788dc5fa3,True,1.0,1.0,0.30188618996113914,1.0,1.0,1.0,0.7091192458171413
239,9334f5a33c07587a,True,1.0,1.0,0.7951601160492181,1.0,1.0,1.0,0.9146500483538409
240,d89c9a87852151d1,True,1.0,1.0,0.641211997122497,1.0,1.0,1.0,0.8505049988010404
241,1ce780e012fc5d23,True,1.0,1.0,0.5491057438949948,1.0,1.0,1.0,0.8121273932895812
242,d6fc32608ecc581c,True,1.0,1.0,0.8814252648086094,1.0,1.0,1.0,0.9505938603369205
243,489facb8ac705f4a,True,1.0,1.0,1.0,1.0,1.0,1.0,1.0
244,d861e8c8589e5433,True,1.0,1.0,0.797467956799005,1.0,1.0,1.0,0.9156116486662521
245,5ca8a2941e3f56c2,True,1.0,1.0,1.0,0.0,1.0,1.0,0.5833333333333334
246,c74dd20cc31755b0,True,1.0,1.0,0.961748294920854,1.0,1.0,1.0,0.9840617895503558
247,58e19769184c5f43,True,1.0,1.0,1.0,1.0,1.0,1.0,1.0
248,c5099436d08c5e1f,True,1.0,1.0,0.799576960060555,1.0,1.0,1.0,0.9164904000252312
249,b5674c9c6c735d57,True,1.0,1.0,0.9679925100526934,1.0,1.0,1.0,0.9866635458552889
250,608c6909618b5642,True,1.0,1.0,0.9452840109173564,1.0,1.0,1.0,0.9772016712155652
251,8d8f238bb7315004,True,1.0,1.0,1.0,1.0,1.0,1.0,1.0
252,8bdf510cc78751f1,True,1.0,1.0,0.06658557477771303,1.0,1.0,1.0,0.611077322824047
253,14d36ea6b2d858a0,True,0.0,1.0,0.0,0.0,1.0,1.0,0.0
254,6ea317e632e850f5,True,1.0,0.0,0.0,1.0,1.0,1.0,0.0
255,cd008a1ed571512f,True,1.0,1.0,0.8285866688143017,1.0,1.0,1.0,0.9285777786726257
256,447650d1d57c58b7,True,1.0,1.0,0.8992137952762673,0.0,1.0,1.0,0.5413390813651114
257,669b4ffc8b8a5f21,True,0.0,1.0,0.0,0.0,1.0,1.0,0.0
258,facbbc93a1925184,True,1.0,1.0,0.8682210733338181,1.0,1.0,1.0,0.9450921138890909
259,5f09264f730f5366,True,1.0,1.0,0.841932529234525,1.0,1.0,1.0,0.9341385538477187
260,b9013028b5d45eee,True,1.0,1.0,1.0,1.0,1.0,1.0,1.0
261,5a7633ce22365440,True,1.0,1.0,0.867872954412814,1.0,1.0,1.0,0.9449470643386725
262,69ce68dff3ff566d,True,1.0,1.0,0.6027490127727027,1.0,1.0,1.0,0.8344787553219595
263,02d9591fc6de53c8,True,1.0,1.0,0.9856465456309671,0.0,1.0,0.5,0.5773527273462363
264,2189449ddbf65bff,True,1.0,1.0,0.8582079459073434,1.0,1.0,1.0,0.9409199774613931
265,655c3f17ee2d5683,True,1.0,0.0,0.0,1.0,1.0,0.0,0.0
266,c4f21fef5b86535b,True,1.0,1.0,1.0,1.0,1.0,1.0,1.0
267,3d86e3fc3499578f,True,1.0,1.0,0.8560607260834773,1.0,1.0,1.0,0.9400253025347821
268,29b1f4b4868f59e3,True,1.0,1.0,0.9419888944864089,1.0,1.0,1.0,0.9758287060360038
269,c2072dd6a3f85da0,True,1.0,1.0,0.8320815013441454,1.0,1.0,1.0,0.9300339588933939
270,354e4afad1eb56c2,True,1.0,1.0,1.0,1.0,1.0,1.0,1.0
271,769b9c472f935b0c,True,1.0,1.0,1.0,0.0,1.0,1.0,0.5833333333333334
272,cbe3a6c80bfb5327,True,0.0,1.0,0.0,0.0,1.0,1.0,0.0
273,dafc83b1558053e9,True,1.0,1.0,1.0,1.0,1.0,1.0,1.0
274,4cc916aa782854a6,True,1.0,1.0,0.5001985970908982,1.0,1.0,1.0,0.7917494154545409
275,1a0f27ced7e056f6,True,1.0,0.0,0.0,1.0,1.0,1.0,0.0
276,14b839d065b358d0,True,0.5,1.0,0.9831666005003288,0.0,1.0,1.0,0.2881597084375685
277,a02d58c7e9ee50f5,True,0.0,1.0,0.0,0.0,1.0,1.0,0.0
278,9d55692d15dc5155,True,1.0,1.0,1.0,1.0,1.0,1.0,1.0
279,c35a248a5941531d,True,1.0,1.0,1.0,1.0,1.0,1.0,1.0
280,61d114c5cfb25663,True,1.0,1.0,0.672778170304663,1.0,1.0,1.0,0.8636575709602763
281,510e507046865b40,True,1.0,1.0,0.8523321420028749,1.0,1.0,1.0,0.9384717258345313
282,613181e5c29d526a,True,1.0,0.0,0.0,1.0,1.0,1.0,0.0
283,402f952c89ae550c,True,1.0,1.0,0.795404243616261,1.0,1.0,1.0,0.9147517681734421
284,ced4cade3bea53e7,True,1.0,1.0,1.0,1.0,1.0,1.0,1.0
285,8d0a07b3cb955714,True,0.0,1.0,0.0,0.0,1.0,1.0,0.0
286,09a81436114951ab,True,1.0,0.0,0.0,1.0,1.0,1.0,0.0
287,512b6941e1335e0f,True,1.0,1.0,1.0,1.0,1.0,1.0,1.0
288,aef8ab04144650cd,True,1.0,1.0,0.5493733446135403,1.0,1.0,1.0,0.812238893588975
289,b669576d14655afc,True,1.0,1.0,0.8332167834039905,1.0,1.0,1.0,0.9305069930849962
290,d68601dbb9d45f6b,True,1.0,0.0,0.0,1.0,1.0,0.0,0.0
291,f28cb1d6c0cf568f,True,1.0,1.0,0.9168512366887399,1.0,1.0,1.0,0.9653546819536416
292,e76e7c89a8935276,True,1.0,0.0,0.0,1.0,1.0,1.0,0.0
293,61766a0be9165cb7,True,1.0,1.0,0.5508519497863695,1.0,1.0,1.0,0.8128549790776539
294,71220ef085f459fc,True,1.0,1.0,0.5108663972410346,1.0,1.0,1.0,0.7961943321837645
295,a754894e5e355c0f,True,1.0,1.0,1.0,1.0,1.0,1.0,1.0
296,4efe0ad78b655ecd,True,1.0,0.0,0.0,1.0,1.0,1.0,0.0
297,9b5c31b36c5b5aa9,True,1.0,1.0,0.8166352082977825,1.0,1.0,1.0,0.9235980034574093
298,b826ee4aedc95b0c,True,1.0,1.0,0.8487873732592383,1.0,1.0,1.0,0.936994738858016
299,3b4031def0f45d96,True,1.0,1.0,0.29579807298895183,1.0,1.0,1.0,0.7065825304120633
300,003ead1914c051d7,True,1.0,1.0,0.9482851122225257,1.0,1.0,1.0,0.978452130092719
301,bc73190196b358f6,True,0.0,1.0,0.0,0.0,1.0,1.0,0.0
302,d4ac0a1865ac5c25,True,0.0,1.0,0.0,0.0,1.0,1.0,0.0
303,6d846dadde695838,True,1.0,1.0,0.7913599034292654,1.0,1.0,1.0,0.9130666264288606
304,1d612d6783845a87,True,1.0,1.0,1.0,0.0,1.0,1.0,0.5833333333333334
305,ce28bbe99d7f5f43,True,1.0,1.0,0.8798289143809169,1.0,1.0,1.0,0.9499287143253822
306,f03963c1aacd54f4,True,1.0,1.0,1.0,1.0,1.0,1.0,1.0
307,3ba5c2d842785d59,True,1.0,1.0,1.0,1.0,1.0,1.0,1.0
308,1f174dcc44335ad6,True,1.0,1.0,0.8495978260350305,1.0,1.0,1.0,0.9373324275145961
309,8ba84ea2cc4a5ead,True,1.0,1.0,0.922303271662926,1.0,1.0,1.0,0.967626363192886
310,1647fbd477655958,True,1.0,0.0,0.0,1.0,1.0,1.0,0.0
311,8562e5f582e251cf,True,1.0,1.0,1.0,1.0,1.0,1.0,1.0
312,eabdad9a669b5739,True,1.0,1.0,1.0,1.0,1.0,1.0,1.0
313,93ca181d363358eb,True,1.0,1.0,0.5809110043178507,1.0,1.0,1.0,0.8253795851324378
314,d9fac9fdd2bd5036,True,0.0,1.0,0.0,0.0,1.0,1.0,0.0
315,0ee2bbd11d4451c3,True,1.0,1.0,1.0,1.0,1.0,1.0,1.0
316,6aa26df6c6d052cb,True,1.0,1.0,0.6830077870828667,1.0,1.0,1.0,0.8679199112845278
317,bd1e37aab1c7530f,True,0.0,1.0,0.0,0.0,1.0,1.0,0.0
318,6f44533cf2965b47,True,1.0,1.0,0.9444936154953686,1.0,1.0,1.0,0.976872339789737
319,4c721a83046651e4,True,1.0,1.0,1.0,0.0,1.0,1.0,0.5833333333333334
320,91795d835c905882,True,1.0,1.0,0.4086447840262906,1.0,1.0,1.0,0.7536019933442878
321,936bb410fa70545b,True,1.0,1.0,0.988648626419363,1.0,1.0,1.0,0.9952702610080678
322,0695553567185c3c,True,1.0,1.0,1.0,0.0,1.0,1.0,0.5833333333333334
323,ce82b44e8dfd5e1d,True,1.0,1.0,1.0,0.0,1.0,1.0,0.5833333333333334
324,f606d0e6eda7549a,True,1.0,1.0,0.7613538085820031,1.0,1.0,1.0,0.900564086909168
325,ae28b46a42d051a4,True,1.0,1.0,1.0,1.0,1.0,1.0,1.0
326,5d68790fd55c5e41,True,1.0,1.0,0.6400324929800174,1.0,1.0,1.0,0.850013538741674
327,06329b33572752d8,True,1.0,1.0,1.0,1.0,1.0,1.0,1.0
328,2a12546539045e5b,True,0.0,1.0,0.0,0.0,1.0,1.0,0.0
329,0df6f24a95e75544,True,1.0,1.0,0.9739599194633242,1.0,1.0,1.0,0.9891499664430518
330,5a7acfd6f26553f9,True,0.0,1.0,0.0,0.0,1.0,1.0,0.0
331,b111bb8716b756d2,True,1.0,1.0,0.961497923595497,1.0,1.0,1.0,0.9839574681647903
332,4b5fc0f1425c5288,True,1.0,1.0,1.0,1.0,1.0,1.0,1.0
333,05c3b54be1cc52d0,True,1.0,1.0,0.857077649947085,1.0,1.0,1.0,0.9404490208112856
334,43b78800618758d9,True,1.0,1.0,0.9248561808033925,1.0,1.0,1.0,0.9686900753347469
335,9bb8633f7c0157fb,True,0.0,1.0,0.0,0.0,1.0,1.0,0.0
336,020dee65dab453bb,True,1.0,1.0,1.0,1.0,1.0,1.0,1.0
337,a51ed55eaa9c54c9,True,1.0,1.0,0.8230455939779453,1.0,1.0,1.0,0.9262689974908106
338,35e457e286ab5db5,True,1.0,1.0,1.0,0.0,1.0,1.0,0.5833333333333334
339,0e60a3a86ce2570d,True,1.0,1.0,0.6437470421312802,1.0,1.0,1.0,0.8515612675547001
340,b7dc33b2e9195867,True,1.0,1.0,0.5023756106218855,1.0,1.0,0.5,0.7926565044257856
341,9a179eb32481553e,True,1.0,1.0,1.0,1.0,1.0,1.0,1.0
342,f5f55c1132d75fa7,True,0.0,1.0,0.0,0.0,1.0,1.0,0.0
343,60a62673dd78534c,True,1.0,1.0,0.867571267357444,1.0,1.0,1.0,0.944821361398935
344,13d2650251d25e83,True,1.0,1.0,1.0,1.0,1.0,1.0,1.0
345,8f8ccbd6ffcb54b9,True,1.0,0.0,0.0,1.0,1.0,0.0,0.0
346,87fa0c79b31c563a,True,1.0,1.0,1.0,1.0,1.0,1.0,1.0
347,42e65d558a9c5813,True,1.0,1.0,1.0,0.0,1.0,1.0,0.5833333333333334
348,ad4698e8271356b3,True,1.0,1.0,0.7883856757375968,1.0,1.0,1.0,0.9118273648906653
349,b219a12536715748,True,1.0,1.0,0.9139086382060394,1.0,1.0,1.0,0.9641285992525165
350,d1c5fed75ec951fa,True,1.0,1.0,0.8045372441700337,1.0,1.0,1.0,0.9185571850708474
351,6b9c0c971f9d5b9a,True,1.0,1.0,0.8712705367481217,1.0,1.0,1.0,0.9463627236450507
352,be3551ae467a579e,True,1.0,1.0,0.9400738808372259,1.0,1.0,1.0,0.9750307836821775
353,557a287c11cc5960,True,1.0,1.0,0.5831278034784189,1.0,1.0,1.0,0.8263032514493412
354,f55316b2f9655692,True,1.0,1.0,0.7782833048674132,1.0,1.0,1.0,0.9076180436947555
355,c678ab21b707538f,True,1.0,1.0,0.9383711771685948,1.0,1.0,1.0,0.9743213238202477
356,e7a838e8611f56b0,True,0.0,0.0,0.0,0.0,1.0,0.0,0.0
357,99ebd32df2f453f8,True,1.0,1.0,1.0,1.0,1.0,1.0,1.0
358,8b93118c77d25b5d,True,1.0,1.0,0.9300383826136212,1.0,1.0,1.0,0.9708493260890089
359,84aa4100e3cc59c4,True,0.0,1.0,0.0,0.0,1.0,1.0,0.0
360,84358d0871db53dc,True,1.0,1.0,1.0,1.0,1.0,1.0,1.0
361,88ac42d0eaca5c57,True,0.0,1.0,0.0,0.0,1.0,1.0,0.0
362,24b68863c230509c,True,1.0,1.0,1.0,1.0,1.0,1.0,1.0
363,84a832f4cdbc5aef,True,1.0,1.0,1.0,1.0,1.0,1.0,1.0
364,7b429e3d4ad159a2,True,1.0,1.0,1.0,1.0,1.0,1.0,1.0
365,0b1250020ea95539,True,1.0,1.0,0.9866824054767386,1.0,1.0,0.5,0.9944510022819744
366,e814805effdb5b56,True,1.0,1.0,0.4082831055176187,1.0,1.0,0.5,0.7534512939656745
367,6d92cfa21e805f31,True,1.0,1.0,0.8549634256740356,1.0,1.0,1.0,0.9395680940308481
368,295e5c491ca35642,True,1.0,1.0,0.741218001057305,1.0,1.0,1.0,0.8921741671072104
369,a698a93fec1e57fa,True,1.0,1.0,0.7839966944533573,1.0,1.0,1.0,0.9099986226888989
370,aaf949be7f2150df,True,1.0,1.0,0.7279964932150593,1.0,1.0,0.5,0.8866652055062746
371,4b721ff0b7025f21,True,1.0,1.0,1.0,1.0,1.0,1.0,1.0
372,17aa66edae0e5214,True,1.0,1.0,0.4595455665083687,1.0,1.0,1.0,0.7748106527118203
373,7fcd3691c57b5f49,True,1.0,1.0,1.0,0.0,1.0,1.0,0.5833333333333334
374,13310ca9a7715154,True,1.0,1.0,0.6747559168390357,1.0,1.0,1.0,0.8644816320162648
375,2f4117000a605404,True,1.0,1.0,0.9768789690539669,1.0,1.0,1.0,0.9903662371058196
376,390cb416304c5d2a,True,1.0,1.0,0.8518158976966148,1.0,1.0,1.0,0.9382566240402562
377,1a0605b15ce0596b,True,1.0,1.0,1.0,1.0,1.0,1.0,1.0
378,d2789ec30aaa5d6a,True,1.0,1.0,1.0,1.0,1.0,1.0,1.0
379,f964ec80acf557bd,True,1.0,1.0,0.6707197237715793,1.0,1.0,1.0,0.8627998849048247
380,94e8a92d53635c38,True,1.0,1.0,0.6109924591731278,1.0,1.0,1.0,0.83791352465547
381,b4c5bd35a81f517e,True,1.0,1.0,1.0,0.0,1.0,1.0,0.5833333333333334
382,3f11ac11755857c2,True,1.0,1.0,1.0,1.0,1.0,1.0,1.0
383,351226f263825b4b,True,1.0,1.0,0.9546064008751926,1.0,1.0,1.0,0.9810860003646636
384,6a064f6f4529550a,True,1.0,1.0,0.45305077121524406,1.0,1.0,1.0,0.7721044880063518
385,e024bd23594b5a13,True,1.0,1.0,1.0,1.0,1.0,1.0,1.0
386,2a764e45008651e0,True,1.0,1.0,1.0,1.0,1.0,1.0,1.0
387,96c003cecfbd5a91,True,1.0,0.0,0.0,1.0,1.0,1.0,0.0
388,33f04aa1460b5dc5,True,1.0,1.0,1.0,1.0,1.0,0.5,1.0
389,eb8fd3a2b08e5e52,True,1.0,1.0,1.0,1.0,1.0,1.0,1.0
390,85adece1f9d55cc6,True,1.0,0.0,0.0,1.0,1.0,1.0,0.0
391,d4b29b90b8af5f81,True,0.0,1.0,0.0,0.0,1.0,1.0,0.0
392,e09bc42b58285147,True,1.0,1.0,0.9148738936020443,1.0,1.0,1.0,0.9645307890008518
393,8b8ae78cc3685216,True,1.0,1.0,1.0,1.0,1.0,1.0,1.0
394,f7e52770089e5230,True,1.0,1.0,0.7151550047080422,1.0,1.0,1.0,0.8813145852950175
395,e97db5c7da675b13,True,1.0,1.0,0.8544734572997983,1.0,1.0,1.0,0.9393639405415826
396,312d2bf03023521a,True,1.0,0.0,0.0,1.0,1.0,1.0,0.0
397,1e04c6a2644f5c2b,True,1.0,1.0,0.7107681492559449,1.0,1.0,1.0,0.8794867288566438
398,5b6e0702773c5bdb,True,1.0,1.0,0.8380407118886704,1.0,1.0,1.0,0.9325169632869459
399,708d081d555a5aa7,True,1.0,1.0,0.8352754139601625,1.0,1.0,1.0,0.9313647558167344
400,a197927702b850f4,True,1.0,1.0,0.8586304721387104,1.0,1.0,1.0,0.9410960300577959
401,f0135d40a8f05feb,True,1.0,1.0,0.7503606094310682,1.0,1.0,1.0,0.8959835872629451
402,ad8e3279524854c3,True,1.0,1.0,0.8565866945197325,1.0,1.0,1.0,0.9402444560498885
403,cc71f3639268516f,True,1.0,1.0,0.8020950145476895,1.0,1.0,1.0,0.9175395893948707
404,2f6b9bbb16cb59ba,True,0.5,0.0,0.0,0.0,1.0,1.0,0.0
405,ca3e9faa3258522b,True,1.0,1.0,1.0,1.0,1.0,1.0,1.0
406,29949ff80141506e,True,1.0,0.0,0.0,1.0,1.0,1.0,0.0
407,9b88dfaff2615c83,True,1.0,1.0,0.7752718934018463,0.0,1.0,1.0,0.4896966222507693
408,55790fb5a5e853d0,True,1.0,1.0,1.0,1.0,1.0,1.0,1.0
409,dc87013816e059f5,True,1.0,1.0,1.0,1.0,1.0,1.0,1.0
410,cd9e6c1924c35b85,True,1.0,1.0,0.8598608578606106,1.0,1.0,1.0,0.9416086907752543
411,303d7a8f1262569e,True,1.0,0.0,0.0,1.0,1.0,1.0,0.0
412,77412f2abf325814,True,1.0,0.0,0.0,1.0,1.0,1.0,0.0
413,f5cf721a02df5ba1,True,1.0,1.0,1.0,1.0,1.0,1.0,1.0
414,2fb54b28d0c55807,True,1.0,1.0,0.838589229991056,1.0,1.0,1.0,0.9327455124962732
415,e095e7e21ab65691,True,1.0,1.0,0.8463337360013773,1.0,1.0,0.0,0.935972390000574
416,52d4fbbe8bd551dc,True,1.0,1.0,0.7986728089660741,1.0,1.0,1.0,0.9161136704025309
417,9a15d775514e5018,True,1.0,1.0,0.7145861310971973,1.0,1.0,1.0,0.8810775546238322
418,3d5103c659255a72,True,0.0,1.0,0.0,0.0,1.0,1.0,0.0
419,dd72153f54fa59e7,True,1.0,1.0,0.5833744841071515,1.0,1.0,1.0,0.8264060350446464
420,774160714b7e5ca4,True,1.0,1.0,1.0,1.0,1.0,1.0,1.0
421,e5e1dbb69578517b,True,1.0,0.0,0.0,1.0,1.0,1.0,0.0
422,c95f789949355567,True,1.0,1.0,0.6241254465117921,1.0,1.0,1.0,0.8433856027132468
423,c0a14b9e841a5aee,True,1.0,0.0,0.0,1.0,1.0,1.0,0.0
424,f55c530f3875533f,True,1.0,1.0,0.9675785368365641,1.0,1.0,1.0,0.9864910570152351
425,257d737fc3865fd1,True,1.0,1.0,0.0,1.0,1.0,1.0,0.5833333333333334
426,93ec10a2fdc35c9a,True,1.0,0.0,0.0,1.0,1.0,1.0,0.0
427,58b6adc2f0495506,True,0.0,1.0,0.0,0.0,1.0,1.0,0.0
428,5cdca96b002d5331,True,1.0,1.0,0.9612688699548436,1.0,1.0,1.0,0.9838620291478515
429,f19a48878cfe5bb0,True,1.0,1.0,0.5209159075441825,1.0,1.0,1.0,0.8003816281434094
430,de03efda68e65021,True,1.0,0.0,0.0,1.0,1.0,1.0,0.0
431,49d0c7d110f15c0e,True,1.0,1.0,0.023415212677102077,1.0,1.0,1.0,0.5930896719487925
432,7f02ca014f7253db,True,1.0,1.0,0.8805986535469561,1.0,1.0,1.0,0.9502494389778984
433,b9ddc4b10ef751a5,True,1.0,1.0,1.0,0.0,1.0,1.0,0.5833333333333334
434,c3d6016d73645955,True,0.0,1.0,0.0,0.0,1.0,1.0,0.0
435,a59aff81f75759ff,True,1.0,1.0,1.0,1.0,1.0,1.0,1.0
436,eed4abcb01455af9,True,1.0,1.0,1.0,1.0,1.0,1.0,1.0
437,de310b1492245dab,True,1.0,1.0,0.8764527602915848,1.0,1.0,0.5,0.948521983454827
438,9cd4b5f3bbf85357,True,1.0,1.0,0.4174420462037641,1.0,1.0,1.0,0.7572675192515684
439,94817f3d96fe5072,True,1.0,1.0,1.0,1.0,1.0,1.0,1.0
440,4646c3058d13526c,True,1.0,1.0,0.6931833058619867,1.0,1.0,1.0,0.8721597107758278
441,c93a302d2fb2508f,True,1.0,1.0,0.7580332680000345,1.0,1.0,1.0,0.8991805283333477
442,0d602f62f3ad5c65,True,1.0,1.0,0.9337874521688919,1.0,1.0,1.0,0.9724114384037049
443,a46bfe77eed85821,True,1.0,1.0,0.8983661923360223,1.0,1.0,1.0,0.9576525801400093
444,7597912d2a175b46,True,1.0,1.0,1.0,1.0,1.0,1.0,1.0
445,c21ec33e15b458a1,True,1.0,1.0,0.9007650776809358,1.0,1.0,1.0,0.9586521157003899
446,35eba76323535988,True,1.0,1.0,0.6996699431452038,1.0,1.0,1.0,0.8748624763105015
447,b541b6d67bad546d,True,1.0,0.0,0.0,1.0,1.0,0.5,0.0
448,77dd24d1d09c5e50,True,1.0,1.0,0.9337827280496086,1.0,1.0,1.0,0.9724094700206702
449,6ae88d39556d57ec,True,1.0,1.0,0.5625352845758972,1.0,1.0,1.0,0.8177230352399572
450,4f61c0897822586c,True,1.0,1.0,1.0,1.0,1.0,1.0,1.0
451,3d0c780c0aba552e,True,0.0,1.0,0.0,0.0,1.0,1.0,0.0
452,fc2a5f9f60965ab9,True,1.0,1.0,1.0,1.0,1.0,1.0,1.0
453,83aba0a1454c59e4,True,1.0,1.0,1.0,1.0,1.0,1.0,1.0
454,d655411faf595661,True,1.0,1.0,1.0,1.0,1.0,1.0,1.0
455,78cfb731b49c5aed,True,1.0,1.0,0.881252089246793,0.0,1.0,1.0,0.5338550371861638
456,3889b6ba58845785,True,1.0,1.0,1.0,0.0,1.0,1.0,0.5833333333333334
457,6639fa7905a3599b,True,1.0,1.0,0.9134691378472786,1.0,1.0,1.0,0.9639454741030328
458,fff1abbe76e55819,True,1.0,1.0,0.6856566333169463,1.0,1.0,1.0,0.8690235972153942
459,090d6a17e77d59b5,True,1.0,1.0,1.0,0.0,1.0,1.0,0.5833333333333334
460,96c4cb076c9954e6,True,1.0,1.0,0.92879632212874,1.0,1.0,1.0,0.9703318008869749
461,d743862c9c555961,True,1.0,0.0,0.0,1.0,1.0,0.0,0.0
462,76e0272a57f55674,True,1.0,1.0,0.8739572196015708,1.0,1.0,1.0,0.9474821748339878
463,8b7212ba11ec5f3b,True,1.0,0.0,0.0,1.0,1.0,0.0,0.0
464,9568c56631be548e,True,1.0,0.0,0.0,1.0,1.0,0.5,0.0
465,c38eb1a738745b1e,True,1.0,0.0,0.0,1.0,1.0,0.0,0.0
466,f642f93db71f5dfb,True,1.0,1.0,1.0,1.0,1.0,1.0,1.0
467,4064f2ec7a2f56ef,True,1.0,1.0,0.8958972325319106,1.0,1.0,1.0,0.956623846888296
468,e51779c52d7956bd,True,1.0,1.0,1.0,0.0,1.0,1.0,0.5833333333333334
469,a547f498303e5b17,True,1.0,0.0,0.0,1.0,1.0,0.5,0.0
470,50d6986491d3510a,True,1.0,1.0,1.0,0.0,1.0,1.0,0.5833333333333334
471,7a5ad5a3fcd85c7a,True,0.0,1.0,0.0,0.0,1.0,1.0,0.0
472,e63b6dfddfc855da,True,1.0,0.0,0.0,1.0,1.0,1.0,0.0
473,2a359c1d62ed5843,True,1.0,1.0,0.7092815576038976,1.0,1.0,1.0,0.8788673156682907
474,824944b52b98552b,True,1.0,1.0,1.0,1.0,1.0,1.0,1.0
475,12177b43d67d51a7,True,1.0,1.0,1.0,1.0,1.0,1.0,1.0
476,788ea82253cb559c,True,0.5,0.0,0.0,0.0,1.0,0.0,0.0
477,d8bbb945380d5d78,True,1.0,1.0,1.0,1.0,1.0,1.0,1.0
478,a861711ff302554b,True,1.0,1.0,1.0,1.0,1.0,1.0,1.0
479,4d4e4d899fd95487,True,1.0,1.0,0.6192842463339268,1.0,1.0,1.0,0.8413684359724695
480,b8cc094c43575a31,True,1.0,1.0,0.8241203515655908,1.0,1.0,1.0,0.9267168131523295
481,a6f3c89c3d745a5b,True,1.0,1.0,0.6474101352418621,1.0,1.0,1.0,0.8530875563507759
482,dc26fde28bc65ef6,True,1.0,1.0,0.5604155930755607,1.0,1.0,0.5,0.8168398304481502
483,c5fb72e3a0855c1b,True,1.0,0.0,0.0,1.0,1.0,1.0,0.0
484,a87f744c67175bc4,True,1.0,1.0,0.0,1.0,1.0,1.0,0.5833333333333334
485,0dd3297ee86d56c9,True,1.0,1.0,1.0,0.0,1.0,1.0,0.5833333333333334
486,79e5694685065280,True,1.0,1.0,0.6912364912172063,1.0,1.0,1.0,0.8713485380071693
487,f7c495f7030a5ac1,True,1.0,1.0,1.0,0.0,1.0,1.0,0.5833333333333334
488,5c9063357a725208,True,1.0,1.0,1.0,1.0,1.0,1.0,1.0
489,62e7b4eb1cc954ad,True,1.0,1.0,0.7460478180613923,1.0,1.0,1.0,0.8941865908589134
490,c77d485da6ce5075,True,1.0,1.0,0.7281375018703861,1.0,1.0,1.0,0.8867239591126609
491,9972c06c954b5770,True,1.0,1.0,1.0,1.0,1.0,0.0,1.0
492,c16d0c6076ab5a85,True,1.0,1.0,1.0,1.0,1.0,1.0,1.0
493,9696c1f82bc05ffc,True,1.0,1.0,0.9380607073819553,1.0,1.0,1.0,0.9741919614091481
494,906d7e590245576a,True,1.0,1.0,0.6899714883718155,1.0,1.0,1.0,0.8708214534882565
495,baf11c6f018d56f9,True,1.0,1.0,0.7008777152941768,0.0,1.0,1.0,0.45869904803924033
496,e742fc9deaac5321,True,1.0,1.0,0.9005047191959578,1.0,1.0,1.0,0.9585436329983157
497,d07fa319e6045a3d,True,1.0,1.0,0.9024476246890871,1.0,1.0,1.0,0.9593531769537863
498,eaa64f296ff85b61,True,1.0,1.0,1.0,1.0,1.0,1.0,1.0
499,8e84ecdbb84c5784,True,1.0,0.0,0.0,1.0,1.0,1.0,0.0
500,f409dfb714ed539c,True,1.0,0.0,0.0,1.0,1.0,0.0,0.0
501,722ad5b3698c52c6,True,1.0,1.0,1.0,1.0,1.0,1.0,1.0
502,9147a0ae2bf751c8,True,1.0,0.0,0.0,1.0,1.0,1.0,0.0
503,47af60921ec65144,True,1.0,0.0,0.0,1.0,1.0,0.5,0.0
504,fd78b0de42045de7,True,1.0,1.0,1.0,1.0,1.0,1.0,1.0
505,d4d21ecb8e4058e8,True,1.0,1.0,1.0,1.0,1.0,1.0,1.0
506,46e5a6cf37de5493,True,0.0,0.0,0.0,0.0,1.0,1.0,0.0
507,2738dcd449ef567f,True,1.0,1.0,0.8432629560824599,1.0,1.0,1.0,0.9346928983676918
508,785b0e9d5d505db4,True,1.0,1.0,0.6570215187998771,1.0,1.0,1.0,0.8570922994999487
509,02cc0007d6755abc,True,0.5,0.0,0.0,0.0,1.0,1.0,0.0
510,645e303a25a65190,True,1.0,1.0,0.8166013476486847,1.0,1.0,1.0,0.9235838948536186
511,feff7ece85635a65,True,1.0,1.0,1.0,1.0,1.0,1.0,1.0
512,ade00f93385b5d14,True,1.0,1.0,1.0,1.0,1.0,1.0,1.0
513,60cfc7f20f825d8a,True,1.0,1.0,0.9673726874407155,1.0,1.0,1.0,0.9864052864336315
514,18b121dcc082591e,True,1.0,1.0,1.0,1.0,1.0,1.0,1.0
515,4355d2853ef15044,True,1.0,1.0,1.0,1.0,1.0,1.0,1.0
516,152a3fbb37155fa0,True,1.0,1.0,0.959551342438288,1.0,1.0,0.5,0.9831463926826199
517,1b10cc004b735f40,True,1.0,1.0,0.6678839912225158,1.0,1.0,1.0,0.8616183296760482
518,93a59ff864b45716,True,1.0,1.0,1.0,1.0,1.0,1.0,1.0
519,e516528c577453a7,True,0.0,1.0,0.0,0.0,1.0,1.0,0.0
520,6fcec1c4552351ed,True,1.0,1.0,0.7004442318487833,1.0,1.0,1.0,0.8751850966036597
521,b1520b6af9705191,True,1.0,1.0,0.8573355683702869,1.0,1.0,1.0,0.9405564868209529
522,31ac916bb888562a,True,1.0,0.0,0.0,1.0,1.0,1.0,0.0
523,984716e6e27e59ee,True,1.0,1.0,1.0,1.0,1.0,1.0,1.0
524,6f31e863bab65c62,True,1.0,1.0,0.8655947237274885,1.0,1.0,1.0,0.9439978015531203
525,0ca7781c66ea5fc9,True,1.0,1.0,0.9396621794898508,0.0,1.0,1.0,0.5581925747874378
526,6b7c5199f84e5aac,True,1.0,1.0,0.9147887494177157,1.0,1.0,0.5,0.9644953122573815
527,be87511d69ba58e7,True,1.0,1.0,0.8633976606234224,1.0,1.0,1.0,0.9430823585930926
528,218b80dbcd8551b8,True,1.0,1.0,0.8911427017078367,1.0,1.0,1.0,0.9546427923782653
529,f304e815462d5f1f,True,1.0,1.0,0.9108729394000807,1.0,1.0,1.0,0.9628637247500337
530,ae312bf769445e43,True,1.0,1.0,1.0,1.0,1.0,1.0,1.0
531,8aa8e3e16c035d5e,True,0.0,1.0,0.0,0.0,1.0,1.0,0.0
532,84e5eb12cb6e54a6,True,1.0,0.0,0.0,1.0,1.0,0.0,0.0
533,912bc19c43a15d8d,True,1.0,1.0,0.857258470964969,1.0,1.0,1.0,0.9405243629020704
534,b4561c216e6c5e21,True,1.0,1.0,0.9670514108871361,1.0,1.0,1.0,0.9862714212029733
535,1074509550cc5bf8,True,1.0,1.0,0.9993282380301785,1.0,1.0,1.0,0.9997200991792411
536,351663288cc45157,True,1.0,1.0,0.7344757400880002,1.0,1.0,1.0,0.8893648917033334
537,190c8d0cece45af1,True,1.0,1.0,1.0,1.0,1.0,1.0,1.0
538,eaf3255921e35495,True,1.0,1.0,1.0,0.0,1.0,1.0,0.5833333333333334
539,74d0c56b12f25f92,True,1.0,1.0,0.9926261943865082,0.0,1.0,1.0,0.5802609143277118
540,542bec9a7d6e5c52,True,1.0,1.0,0.9494269703313759,1.0,1.0,1.0,0.97892790430474
541,8d0d984d4e2a5363,True,1.0,0.0,0.0,1.0,1.0,1.0,0.0
542,430f1f445caf5b3e,True,1.0,1.0,0.7329892333211212,1.0,1.0,1.0,0.8887455138838005
543,c90097f9ce775eab,True,1.0,1.0,0.8326033759363948,1.0,1.0,1.0,0.9302514066401645
544,2c5cbab120595d79,True,1.0,0.0,0.0,1.0,1.0,1.0,0.0
545,e726c3ae361058c1,True,1.0,1.0,1.0,1.0,1.0,1.0,1.0
546,805158120d1c552e,True,1.0,1.0,1.0,1.0,1.0,1.0,1.0
547,bc88b69c56ec5a0f,True,1.0,1.0,0.9657148925746701,1.0,1.0,1.0,0.9857145385727794
548,1c5aaf9e884b5ce9,True,1.0,1.0,1.0,1.0,1.0,1.0,1.0
549,c840eac7d70e5877,True,1.0,1.0,0.9592841887886725,1.0,1.0,1.0,0.9830350786619468
550,397c45f99a265c17,True,1.0,1.0,0.8726298791236191,1.0,1.0,1.0,0.9469291163015079
551,9e79198b9fd559a1,True,1.0,1.0,1.0,1.0,1.0,1.0,1.0
552,a08215e27d775f96,True,1.0,1.0,0.9831555666001811,1.0,1.0,1.0,0.9929814860834089
553,c9aa2159bc3a50a0,True,1.0,1.0,0.9210996486093992,1.0,1.0,1.0,0.9671248535872495
554,dc207d97e04f5ce1,True,1.0,1.0,1.0,0.0,1.0,0.5,0.5833333333333334
555,5a03ac06c53d5b19,True,1.0,1.0,1.0,1.0,1.0,1.0,1.0
556,d61ed977dd8a5197,True,0.0,1.0,0.0,0.0,1.0,1.0,0.0
557,a1d5046565c75d87,True,1.0,1.0,0.7041320419888492,1.0,1.0,1.0,0.8767216841620206
558,a8ee480d197e56dd,True,1.0,1.0,1.0,1.0,1.0,1.0,1.0
559,2818ed317df9550a,True,1.0,0.0,0.0,1.0,1.0,1.0,0.0
560,92e499cae59d57d4,True,1.0,1.0,1.0,1.0,1.0,1.0,1.0
561,79c024b87e175129,True,1.0,1.0,0.9926845988612092,1.0,1.0,1.0,0.9969519161921706
562,2c978eb63fec5d2a,True,1.0,1.0,0.9251306694524706,0.0,1.0,1.0,0.5521377789385294
563,f7b40e0f94c25b3b,True,1.0,1.0,1.0,1.0,1.0,1.0,1.0
564,e1db7cf1ba505f99,True,1.0,1.0,0.7669459337776661,1.0,1.0,1.0,0.9028941390740276
565,a786025ec8ab5a6b,True,1.0,1.0,0.9852850173900972,1.0,1.0,1.0,0.9938687572458739
566,fc0acfe530ba5562,True,1.0,1.0,0.7823279902474604,1.0,1.0,1.0,0.9093033292697751
567,12af1e0adcb65df9,True,0.0,1.0,0.0,0.0,1.0,1.0,0.0
568,5d004fb36ca95fa0,True,1.0,1.0,1.0,1.0,1.0,1.0,1.0
569,60e45802b0245195,True,1.0,1.0,1.0,0.0,1.0,1.0,0.5833333333333334
570,e1ca840974745c96,True,1.0,0.0,0.0,1.0,1.0,0.0,0.0
571,bf0a29ccead65750,True,1.0,1.0,0.7545218991581614,1.0,1.0,1.0,0.8977174579825672
572,c0475666b2a55982,True,1.0,1.0,1.0,1.0,1.0,1.0,1.0
573,4b9627827aff5013,True,1.0,1.0,1.0,0.0,1.0,1.0,0.5833333333333334
574,8e8b2b62eff65719,True,1.0,1.0,1.0,1.0,1.0,1.0,1.0
575,33c7945f43795064,True,1.0,1.0,1.0,1.0,1.0,1.0,1.0
576,f02b15cc225b5d9a,True,0.0,1.0,0.0,0.0,1.0,1.0,0.0
577,6361bbead79c5ac2,True,1.0,1.0,0.7354941208781544,1.0,1.0,1.0,0.8897892170325643
578,a5a4a6add0d05113,True,1.0,1.0,1.0,1.0,1.0,1.0,1.0
579,240f44eb30c7500b,True,1.0,1.0,1.0,1.0,1.0,1.0,1.0
580,15bc35249e5656b6,True,0.0,1.0,0.0,0.0,1.0,1.0,0.0
581,1d6b6b43809a50cf,True,1.0,1.0,0.0676850926720949,1.0,1.0,1.0,0.6115354552800395
582,8237f47b224952b4,True,1.0,1.0,1.0,1.0,1.0,1.0,1.0
583,24567f5ad57455c4,True,1.0,1.0,1.0,1.0,1.0,1.0,1.0
584,c7c9121707745be3,True,1.0,1.0,0.8963196889084636,1.0,1.0,1.0,0.9567998703785264
585,06836a56443a572c,True,0.5,1.0,1.0,0.0,1.0,1.0,0.2916666666666667
586,68e2e4227c355dd9,True,1.0,1.0,0.7758534541805806,1.0,1.0,1.0,0.9066056059085753
587,4dd55e4b78955eca,True,1.0,1.0,0.9655565593556891,1.0,1.0,1.0,0.9856485663982038
588,1c044069a36c5d4b,True,1.0,1.0,0.7035800174577245,1.0,1.0,1.0,0.8764916739407186
589,2914f532ca9e56ce,True,0.0,1.0,0.0,0.0,1.0,1.0,0.0
590,b85f00b0919a5180,True,0.0,1.0,0.0,0.0,1.0,1.0,0.0
591,593653db007b5826,True,1.0,1.0,1.0,0.0,1.0,1.0,0.5833333333333334
592,dc145331696d5400,True,0.0,1.0,0.0,0.0,1.0,1.0,0.0
593,5e8d717cc46a5988,True,1.0,1.0,1.0,1.0,1.0,1.0,1.0
594,302d9a7758625a37,True,1.0,1.0,1.0,1.0,1.0,1.0,1.0
595,c5e8daf69c6552a7,True,1.0,1.0,0.8202915024714335,1.0,1.0,1.0,0.9251214593630973
596,5d058c203f765173,True,1.0,1.0,1.0,1.0,1.0,1.0,1.0
597,59b4bb47cf6656cf,True,1.0,1.0,0.7583766965685881,1.0,1.0,1.0,0.8993236235702451
598,15a50c88ab0255ca,True,1.0,1.0,1.0,1.0,1.0,1.0,1.0
599,7399b61d44ea592a,True,1.0,1.0,1.0,0.0,1.0,1.0,0.5833333333333334
600,1a1fbb255ec55813,True,1.0,1.0,0.9496268146424655,1.0,1.0,1.0,0.9790111727676939
601,d1cf48dea57f5d2a,True,1.0,0.0,0.0,1.0,1.0,1.0,0.0
602,82b3e6e3bfa15ecf,True,1.0,0.0,0.0,1.0,1.0,1.0,0.0
603,7c541724eabb537a,True,1.0,1.0,0.9450816958323811,0.0,1.0,1.0,0.5604507065968255
604,3acfdef9ef305e77,True,1.0,1.0,1.0,1.0,1.0,1.0,1.0
605,192220ae5c0a54a6,True,1.0,1.0,0.035429498417238005,1.0,1.0,1.0,0.5980956243405159
606,1f2b81cc64b45658,True,1.0,1.0,1.0,0.0,1.0,1.0,0.5833333333333334
607,38f555fbc07f5185,True,1.0,1.0,1.0,1.0,1.0,1.0,1.0
608,eab63019e1825aea,True,1.0,1.0,1.0,1.0,1.0,1.0,1.0
609,a65896c3c7be51ca,True,1.0,1.0,0.7717900497686242,1.0,1.0,1.0,0.9049125207369267
610,35b84fa433f0583f,True,0.0,1.0,0.0,0.0,1.0,1.0,0.0
611,d74f4eda6af854c4,True,1.0,1.0,0.8447433234937443,1.0,1.0,1.0,0.9353097181223934
612,625bda810b66583a,True,1.0,1.0,0.7828625447320212,1.0,1.0,1.0,0.9095260603050089
613,458fa5236b795941,True,1.0,1.0,0.9094623479596788,1.0,1.0,1.0,0.9622759783165328
614,8166c5e0f62a5a19,True,1.0,1.0,1.0,0.0,1.0,1.0,0.5833333333333334
615,f48e825b763050bb,True,1.0,1.0,1.0,1.0,1.0,1.0,1.0
616,70d3c6183c525745,True,1.0,1.0,0.8868760265654492,1.0,1.0,1.0,0.9528650110689373
617,9b4a82c95856552f,True,1.0,1.0,0.5305762466040063,1.0,1.0,1.0,0.804406769418336
618,549af9d2e33d5996,True,1.0,1.0,0.9567576278441442,1.0,1.0,1.0,0.9819823449350601
619,e4b5a2693d2d5a31,True,1.0,1.0,0.7966933068922731,1.0,1.0,1.0,0.9152888778717805
620,901722c88ebf50ea,True,1.0,1.0,0.9434213814700732,0.0,1.0,1.0,0.5597589089458638
621,80ad06a7a2975213,True,1.0,1.0,1.0,1.0,1.0,1.0,1.0
622,c65ad538a2275dd8,True,1.0,1.0,0.7795284419218428,1.0,1.0,0.5,0.9081368508007678
623,2e8c4827d8c757a3,True,1.0,1.0,0.9974180021993518,1.0,1.0,1.0,0.9989241675830632
624,a9fc9ff67fef5b5c,True,1.0,1.0,1.0,1.0,1.0,1.0,1.0
625,c7a1cded8d4652e2,True,1.0,1.0,0.8070869978384689,1.0,1.0,1.0,0.9196195824326954
626,3cf11c2988d25d2b,True,1.0,1.0,1.0,1.0,1.0,1.0,1.0
627,bf1d8c493e7458d2,True,1.0,0.0,0.0,1.0,1.0,0.5,0.0
628,eb5ef679c80959fe,True,1.0,1.0,1.0,1.0,1.0,1.0,1.0
629,4b4a268bee4c5ab5,True,1.0,0.0,0.0,1.0,1.0,1.0,0.0
630,1c8804a52fc0553c,True,1.0,1.0,0.5869002338818405,1.0,1.0,1.0,0.8278750974507668
631,291d82d04ec359e0,True,1.0,1.0,0.7223613760121305,1.0,1.0,1.0,0.8843172400050543
632,85f25c14e0125133,True,1.0,1.0,0.9099544381609933,1.0,1.0,1.0,0.9624810159004138
633,efb7ddb02e9f59f1,True,1.0,1.0,1.0,0.0,1.0,1.0,0.5833333333333334
634,ef9b600e65ac5391,True,1.0,1.0,0.7371872350580887,1.0,1.0,1.0,0.8904946812742036
635,baef20f6b33e594e,True,1.0,1.0,1.0,1.0,1.0,1.0,1.0
636,c08cd52346155301,True,1.0,1.0,1.0,1.0,1.0,1.0,1.0
637,b2b49c0ddec25abc,True,1.0,1.0,1.0,1.0,1.0,1.0,1.0
638,484bac10bd295459,True,1.0,0.0,0.0,1.0,1.0,0.5,0.0
639,21e13e3ac13856b1,True,1.0,1.0,0.7649702660276245,1.0,1.0,1.0,0.902070944178177
640,513ac26c90be51d0,True,1.0,1.0,0.8689097722529558,1.0,1.0,1.0,0.945379071772065
641,71017c020a0b5a75,True,1.0,1.0,0.009136020448680778,1.0,1.0,1.0,0.5871400085202837
642,2a7b12a784c351c3,True,1.0,1.0,0.9052370356704919,1.0,1.0,1.0,0.9605154315293717
643,c28c7b29e80059d2,True,1.0,0.0,0.0,1.0,1.0,1.0,0.0
644,15454d7562d45fe6,True,1.0,1.0,0.9698630502832376,1.0,1.0,1.0,0.9874429376180157
645,24df13e119aa5d5d,True,1.0,1.0,0.537639426499775,1.0,1.0,0.5,0.8073497610415729
646,1f12591bdae05306,True,1.0,1.0,1.0,1.0,1.0,1.0,1.0
647,972fa3a96b9f5301,True,1.0,1.0,0.761426912613796,1.0,1.0,1.0,0.9005945469224151
648,0bd98f90f42350a3,True,1.0,1.0,0.9831387909025379,0.0,1.0,1.0,0.5763078295427241
649,07b814bfc2fb565d,True,1.0,0.0,0.0,0.0,1.0,0.0,0.0
650,eae658a09ef152a9,True,0.0,1.0,0.0,0.0,1.0,1.0,0.0
651,5992423b009757f2,True,1.0,1.0,0.776998852615992,1.0,1.0,1.0,0.9070828552566633
652,e4f34d35c8fd5fd2,True,1.0,1.0,0.6860250098197939,0.0,1.0,1.0,0.4525104207582474
653,63b69a3c54e95277,True,1.0,1.0,0.7591545658853796,0.0,1.0,1.0,0.4829810691189082
654,be6f90f06bc35be3,True,0.0,0.0,0.0,0.0,1.0,1.0,0.0
655,72d842bc596b536b,True,1.0,1.0,1.0,1.0,1.0,1.0,1.0
656,476ad53b78325ef2,True,1.0,1.0,0.5772669484161882,1.0,1.0,1.0,0.823861228506745
657,9c9b62965da75764,True,1.0,1.0,0.9956156581651644,1.0,1.0,1.0,0.9981731909021518
658,30827c8c62c55b46,True,0.0,1.0,0.0,0.0,1.0,1.0,0.0
659,55e018d3bd3d5abc,True,1.0,1.0,0.9564310514636422,1.0,1.0,1.0,0.9818462714431843
660,073b782b57115061,True,1.0,1.0,0.7265840902061974,1.0,1.0,1.0,0.8860767042525822
661,cc0668b663b25703,True,1.0,1.0,0.7381269183583699,1.0,1.0,1.0,0.890886215982654
662,196cb93444b35dd7,True,1.0,0.0,0.0,1.0,1.0,1.0,0.0
663,ffb89fa44ab351b9,True,1.0,1.0,0.6885249494801758,1.0,1.0,1.0,0.8702187289500732
664,128076b6be9a5209,True,1.0,1.0,0.8217250208821344,1.0,1.0,1.0,0.9257187587008894
665,d9b577262eed5ceb,True,1.0,1.0,1.0,1.0,1.0,1.0,1.0
666,152679f2edce5c73,True,1.0,1.0,1.0,0.0,1.0,1.0,0.5833333333333334
667,99127f15fd9b5847,True,1.0,0.0,0.0,1.0,1.0,1.0,0.0
668,94625815a7b351b5,True,1.0,1.0,0.870703342916954,1.0,1.0,1.0,0.9461263928820642
669,afe3f2650ff85a95,True,1.0,1.0,0.7996883266833821,1.0,1.0,1.0,0.9165368027847425
670,151436bbacb858b5,True,1.0,1.0,1.0,1.0,1.0,1.0,1.0
671,4f68cdad89a65c7a,True,1.0,1.0,0.664607564529839,1.0,1.0,1.0,0.8602531518874329
672,aee61beda170540c,True,1.0,1.0,0.788298888566165,1.0,1.0,1.0,0.9117912035692354
673,e758a9ddb8a85469,True,1.0,1.0,1.0,1.0,1.0,0.0,1.0
674,a1bfecf3560e5aa3,True,1.0,1.0,1.0,1.0,1.0,1.0,1.0
675,34f30283d3bd53ec,True,0.0,1.0,0.0,0.0,1.0,1.0,0.0
676,b1c08eae66d35f5d,True,1.0,1.0,1.0,1.0,1.0,1.0,1.0
677,4a07defcfe7f57fb,True,1.0,1.0,0.6191641937710689,1.0,1.0,1.0,0.8413184140712787
678,17c5c685420d5729,True,1.0,1.0,1.0,1.0,1.0,0.0,1.0
679,e44b9b8654a15bfd,True,1.0,1.0,0.934146417179141,1.0,1.0,1.0,0.9725610071579753
680,3d744662757d5ca2,True,1.0,1.0,0.9547354753339483,1.0,1.0,1.0,0.9811397813891451
681,a90de87b906d51e8,True,1.0,1.0,0.9587530941530098,1.0,1.0,1.0,0.9828137892304207
682,861c55d61243570c,True,1.0,1.0,0.9746344348527284,1.0,1.0,1.0,0.9894310145219701
683,a25bc88dbb4f5f72,True,1.0,1.0,0.7416865661893705,1.0,1.0,1.0,0.8923694025789044
684,96f15b834684542e,True,0.0,1.0,0.0,0.0,1.0,1.0,0.0
685,7569116c33145d2a,True,1.0,1.0,1.0,0.0,1.0,1.0,0.5833333333333334
686,da924c882e6e52d0,True,1.0,1.0,1.0,1.0,1.0,1.0,1.0
687,247ae110b0c454cb,True,0.0,1.0,0.0,0.0,1.0,1.0,0.0
688,e5abdd8b726e5a2f,True,1.0,1.0,1.0,1.0,1.0,1.0,1.0
689,f63a2f8e05115d52,True,1.0,1.0,1.0,0.0,1.0,1.0,0.5833333333333334
690,b1e78f926612520e,True,1.0,1.0,0.013365545297796187,1.0,1.0,1.0,0.5889023105407484
691,d88fdf29aeed58f5,True,0.5,1.0,0.5592393863820824,0.0,1.0,1.0,0.1998415388296005
692,6ac3f5626d2b555b,True,1.0,1.0,1.0,0.0,1.0,1.0,0.5833333333333334
693,2a34f4d0aefc5039,True,1.0,1.0,0.21450244298703544,1.0,1.0,1.0,0.6727093512445981
694,2d060a1354d4545e,True,1.0,1.0,1.0,1.0,1.0,1.0,1.0
695,04a6f384cd2056c1,True,1.0,1.0,0.8465602592019434,1.0,1.0,1.0,0.9360667746674766
696,b60f0f172ace5051,True,1.0,1.0,0.8920723618409461,1.0,1.0,1.0,0.9550301507670609
697,449ed0c45858583f,True,1.0,0.0,0.0,1.0,1.0,1.0,0.0
698,1a442597212150c2,True,0.5,0.0,0.0,0.0,1.0,1.0,0.0
699,f5af09063e125bb2,True,1.0,1.0,0.8024559764397727,1.0,1.0,1.0,0.9176899901832387
700,f68aaf95d7825182,True,1.0,1.0,1.0,1.0,1.0,1.0,1.0
701,40843dcbac9d5c2e,True,1.0,0.0,0.0,1.0,1.0,1.0,0.0
702,814b5e08c20e57af,True,1.0,1.0,1.0,1.0,1.0,1.0,1.0
703,cb61f2ea159355a0,True,1.0,1.0,1.0,1.0,1.0,1.0,1.0
704,54b1735112ed5840,True,1.0,1.0,1.0,0.0,1.0,1.0,0.5833333333333334
705,893455c02e16508b,True,1.0,1.0,0.8622700989081448,1.0,1.0,1.0,0.942612541211727
706,391a5c7303f05c39,True,1.0,1.0,0.8207191084130878,1.0,1.0,1.0,0.9252996285054532
707,c36c131b21f65a13,True,1.0,1.0,0.947796765976046,1.0,1.0,1.0,0.9782486524900191
708,b62d1a9194025d38,True,1.0,1.0,0.0005761628355431998,1.0,1.0,1.0,0.5835734011814763
709,647a42b4e5075f16,True,1.0,1.0,0.9119863027312841,1.0,1.0,0.5,0.9633276261380349
710,2b052ebbd7ec543b,True,1.0,1.0,0.629419984688995,0.0,1.0,0.0,0.42892499362041453
711,3b6fb25a1e725f29,True,1.0,1.0,1.0,1.0,1.0,1.0,1.0
712,b1b2eb47b045566c,True,1.0,1.0,0.5881010762771909,1.0,1.0,1.0,0.8283754484488295
713,f23d4a49b1c753bc,True,0.0,1.0,0.0,0.0,1.0,1.0,0.0
714,c801a9f6c4e05919,True,1.0,1.0,0.927207285200965,1.0,1.0,1.0,0.9696697021670687
715,62667ead92a35fbd,True,1.0,1.0,0.04424568705031067,1.0,1.0,1.0,0.6017690362709628
716,b287d1e7b2965ba1,True,1.0,1.0,0.8108538197264759,1.0,1.0,1.0,0.9211890915526982
717,c70cfaf737215fca,True,1.0,0.0,0.0,1.0,1.0,1.0,0.0
718,0613490d89e25d03,True,1.0,1.0,1.0,1.0,1.0,1.0,1.0
719,78beb0eba954535e,True,0.0,1.0,0.0,0.0,1.0,1.0,0.0
720,c766d336f81858c5,True,1.0,1.0,1.0,0.0,1.0,0.0,0.5833333333333334
721,aab1c6b4ac3d57a4,True,1.0,1.0,1.0,1.0,1.0,1.0,1.0
722,6c84787939055fe8,True,1.0,0.0,0.0,1.0,1.0,1.0,0.0
723,5252cad32bf358b2,True,1.0,1.0,1.0,0.0,1.0,1.0,0.5833333333333334
724,9f5172e4a2cb5304,True,1.0,1.0,0.9107038335214539,1.0,1.0,1.0,0.9627932639672725
725,0c267e7911165e9f,True,1.0,1.0,0.8698730807208167,1.0,1.0,1.0,0.9457804503003402
726,f2d7208949535747,True,1.0,1.0,0.43760671478168445,1.0,1.0,0.5,0.7656694644923685
727,806b0f2b2ade5454,True,1.0,1.0,1.0,1.0,1.0,1.0,1.0
728,9d18c2e4a9c35be7,True,1.0,1.0,1.0,0.0,1.0,1.0,0.5833333333333334
729,db601036b2fb58d7,True,1.0,1.0,1.0,1.0,1.0,1.0,1.0
730,7f2a06cede325573,True,1.0,1.0,1.0,0.0,1.0,1.0,0.5833333333333334
731,14128c4b87b15777,True,1.0,1.0,0.590227433672521,1.0,1.0,1.0,0.8292614306968837
732,3e96578a903d59d8,True,1.0,1.0,1.0,1.0,1.0,1.0,1.0
733,2bc38f766c8851fa,True,1.0,1.0,0.9447942635675716,0.0,1.0,0.0,0.5603309431531548
734,45935e0787fd5a31,True,1.0,0.0,0.0,1.0,1.0,1.0,0.0
735,c9a4d6a0295f5142,True,1.0,1.0,1.0,1.0,1.0,1.0,1.0
736,122a6e620fcb5c80,True,1.0,1.0,0.8959163506733635,1.0,1.0,1.0,0.9566318127805681
737,fe4459e9f02052d3,True,1.0,1.0,0.9408215266297683,1.0,1.0,0.5,0.9753423027624034
738,8430e9ba6d395dd2,True,1.0,1.0,0.9332235303713965,1.0,1.0,1.0,0.9721764709880819
739,54a48973672c5352,True,1.0,1.0,1.0,1.0,1.0,1.0,1.0
740,2e54d786ec095896,True,1.0,1.0,1.0,1.0,1.0,1.0,1.0
741,97b1ea53fad65625,True,1.0,0.0,0.0,1.0,1.0,1.0,0.0
742,0ac560549a495626,True,1.0,1.0,1.0,0.0,1.0,1.0,0.5833333333333334
743,728988dc8a8b502a,True,1.0,1.0,0.7908567353178124,1.0,1.0,0.0,0.9128569730490885
744,2991861b44895b0f,True,1.0,1.0,0.8283694685812429,1.0,1.0,1.0,0.9284872785755178
745,30c52d38e4975fe7,True,1.0,1.0,0.8705130958247926,1.0,1.0,1.0,0.9460471232603304
746,ba69be06341d5b2b,True,1.0,0.0,0.0,1.0,1.0,1.0,0.0
747,985240456390586f,True,1.0,1.0,1.0,1.0,1.0,1.0,1.0
748,3ae3cf56296b5861,True,1.0,1.0,0.7160890722780753,1.0,1.0,1.0,0.8817037801158647
749,3256f37c21915104,True,1.0,1.0,1.0,1.0,1.0,1.0,1.0
750,015593741e7050f7,True,1.0,1.0,0.761109196310502,1.0,1.0,1.0,0.9004621651293757
751,86ecfd85bd095b7f,True,1.0,1.0,1.0,1.0,1.0,1.0,1.0
752,f93bfd9479fd52ee,True,1.0,1.0,0.7627593410441289,1.0,1.0,1.0,0.9011497254350537
753,f3572fcbcd285f1e,True,1.0,1.0,1.0,1.0,1.0,1.0,1.0
754,dfa06e9592e65896,True,1.0,1.0,0.8008697780936628,1.0,1.0,1.0,0.9170290742056929
755,3a76a6ab17535552,True,1.0,1.0,0.9759836048108389,1.0,1.0,1.0,0.9899931686711829
756,607fd9c5903d5376,True,0.5,0.0,0.0,0.0,1.0,1.0,0.0
757,899ed9ca42d750c6,True,1.0,1.0,1.0,1.0,1.0,1.0,1.0
758,ae2c1faedb3356f9,True,1.0,1.0,0.7160508061530739,1.0,1.0,1.0,0.8816878358971142
759,6ea198f259b85e49,True,0.0,1.0,0.0,0.0,1.0,1.0,0.0
760,ed2103838dae5993,True,1.0,1.0,0.8118607906993239,1.0,1.0,1.0,0.921608662791385
761,559e3fe66db15d66,True,1.0,1.0,0.5216954293093492,1.0,1.0,1.0,0.8007064288788955
762,d8faa48b75625ac0,True,0.0,0.0,0.0,1.0,1.0,1.0,0.0
763,837ce609a8ec58e9,True,1.0,1.0,0.024125747880569752,1.0,1.0,1.0,0.5933857282835707
764,8a5809217c605979,True,0.0,1.0,0.0,0.0,1.0,1.0,0.0
765,28113a97a08b5ff1,True,1.0,1.0,1.0,1.0,1.0,1.0,1.0
766,aecf8e9ea11c5a06,True,1.0,1.0,1.0,0.0,1.0,1.0,0.5833333333333334
767,23b4e574c41a57bd,True,1.0,1.0,0.6249610338827813,1.0,1.0,1.0,0.8437337641178256
768,13f7b495f8065eec,True,1.0,1.0,0.8311111574550601,1.0,1.0,1.0,0.9296296489396084
769,d3e99c65bb2a5d79,True,1.0,1.0,0.9546718597718076,1.0,1.0,1.0,0.9811132749049198
770,f790e64181a15f5a,True,1.0,1.0,1.0,1.0,1.0,1.0,1.0
771,93bbe5e3e6cd5411,True,1.0,1.0,0.7842640040303845,1.0,1.0,1.0,0.9101100016793269
772,8dc4430d96355057,True,1.0,1.0,1.0,1.0,1.0,1.0,1.0
773,7d22e4c9e8605ed2,True,1.0,1.0,0.8308670469739253,1.0,1.0,1.0,0.9295279362391357
774,e6c32a1387c554cf,True,1.0,1.0,0.7829624753574549,1.0,1.0,1.0,0.9095676980656062
775,0feb5eb464bc52b0,True,1.0,1.0,0.9111594768873217,1.0,1.0,1.0,0.9629831153697174
776,b2f336de7d295a8b,True,1.0,1.0,0.8948507602811215,1.0,1.0,1.0,0.9561878167838006
777,02902d180b405100,True,1.0,1.0,0.9384217684989336,1.0,1.0,1.0,0.9743424035412224
778,18a85f2812b45525,True,1.0,1.0,0.7378901945241546,1.0,1.0,1.0,0.8907875810517311
779,1b96821ba3425e3b,True,1.0,1.0,0.6715468013061093,1.0,1.0,1.0,0.8631445005442121
780,06fbdeb141965cca,True,1.0,1.0,1.0,1.0,1.0,0.0,1.0
781,4745746f9a555951,True,0.0,1.0,0.0,0.0,1.0,1.0,0.0
782,fc1b6762387f5209,True,1.0,1.0,1.0,0.0,1.0,1.0,0.5833333333333334
783,51fd85d11ea75120,True,1.0,1.0,0.8899116580953236,1.0,1.0,1.0,0.954129857539718
784,455f894b6e3b58ab,True,1.0,1.0,1.0,1.0,1.0,1.0,1.0
785,fe8eddd5ec8654cd,True,1.0,0.0,0.0,1.0,1.0,1.0,0.0
786,67dff3c1993f57a5,True,1.0,0.0,0.0,1.0,1.0,0.5,0.0
787,375d03a139615179,True,1.0,1.0,1.0,0.0,1.0,1.0,0.5833333333333334
788,7b4a9abdf718584b,True,1.0,1.0,1.0,1.0,1.0,1.0,1.0
789,fd3606c29f3f57fb,True,1.0,1.0,1.0,0.0,1.0,1.0,0.5833333333333334
790,54220704df92547d,True,1.0,1.0,0.9810033342676688,1.0,1.0,0.0,0.9920847226115287
791,76a494d09cd75446,True,1.0,1.0,0.8033720941172695,1.0,1.0,1.0,0.9180717058821957
792,0fa0e8a25eec5e1e,True,1.0,1.0,0.9362983867224391,1.0,1.0,1.0,0.9734576611343497
793,592abdaa0cb25437,True,1.0,1.0,1.0,1.0,1.0,1.0,1.0
794,9c2602db70435500,True,1.0,1.0,0.7374783605164872,1.0,1.0,1.0,0.8906159835485363
795,1615cf8bd43759c2,True,1.0,1.0,0.7393563146190576,1.0,1.0,1.0,0.8913984644246074
796,47bc25abb0705dc9,True,1.0,1.0,1.0,0.0,1.0,1.0,0.5833333333333334
797,64f5ed7f37905836,True,1.0,1.0,0.7523153533962066,1.0,1.0,1.0,0.8967980639150861
798,d3cd01aa67de516f,True,1.0,1.0,0.8054244373196616,1.0,1.0,1.0,0.9189268488831924
799,a4717050e0c05d1e,True,1.0,1.0,0.7507228035876111,1.0,1.0,1.0,0.896134501494838
800,b42b3012c31c5b03,True,1.0,1.0,1.0,1.0,1.0,1.0,1.0
801,944eece37ff15fa1,True,1.0,1.0,1.0,0.0,1.0,1.0,0.5833333333333334
802,191dc35423a85d10,True,1.0,1.0,1.0,0.0,1.0,1.0,0.5833333333333334
803,2f1d36641ecb509a,True,1.0,1.0,1.0,1.0,1.0,1.0,1.0
804,7b095ec7e3f95c4a,True,1.0,1.0,1.0,0.0,1.0,1.0,0.5833333333333334
805,7c33d9bd65e956e1,True,1.0,1.0,1.0,1.0,1.0,1.0,1.0
806,f1ca8dd77f205599,True,1.0,0.0,0.0,0.0,1.0,0.0,0.0
807,3bdecfdccc335eda,True,1.0,1.0,0.8503082431999006,1.0,1.0,1.0,0.9376284346666252
808,f597ea9aeb7f512d,True,1.0,0.0,0.0,1.0,1.0,1.0,0.0
809,0363f17229aa5b57,True,1.0,1.0,1.0,1.0,1.0,1.0,1.0
810,5cd75b90a44e5a65,True,0.0,1.0,0.0,0.0,1.0,1.0,0.0
811,15356a2c8fe1529f,True,1.0,1.0,0.805382723635238,1.0,1.0,1.0,0.9189094681813491
812,fe9a137303a9521c,True,1.0,1.0,0.6009274495621818,1.0,1.0,1.0,0.8337197706509091
813,661cdcf44ebe5c68,True,1.0,1.0,0.9520783251537018,1.0,1.0,1.0,0.9800326354807091
814,7e5bb23808a850ca,True,1.0,1.0,1.0,1.0,1.0,1.0,1.0
815,49365bdfac13581d,True,1.0,1.0,1.0,1.0,1.0,1.0,1.0
816,fb311858e737556d,True,1.0,0.0,0.0,1.0,1.0,0.0,0.0
817,13c555e68671524f,True,1.0,1.0,0.822335853160959,1.0,1.0,1.0,0.9259732721503996
818,ac5327106349541c,True,1.0,1.0,0.6247596407161466,1.0,1.0,1.0,0.8436498502983945
819,1faa29a936cd5277,True,1.0,0.0,0.0,1.0,1.0,1.0,0.0
820,2ccb0b6871c9515c,True,1.0,0.0,0.0,1.0,1.0,1.0,0.0
821,7fb4ab2c7e8c527f,True,0.5,0.0,0.0,0.0,1.0,1.0,0.0
822,f962927ff5dc518c,True,1.0,1.0,0.8922979962480504,1.0,1.0,1.0,0.9551241651033543
823,9b94fe18b9ea5b73,True,1.0,1.0,1.0,1.0,1.0,1.0,1.0
824,af6ce3c064fa5a56,True,1.0,1.0,1.0,1.0,1.0,1.0,1.0
825,f7c57baf089e561b,True,1.0,1.0,1.0,1.0,1.0,1.0,1.0
826,b92ea560ae10562b,True,1.0,1.0,1.0,1.0,1.0,1.0,1.0
827,a0b3a3b623235a49,True,1.0,1.0,1.0,1.0,1.0,1.0,1.0
828,bb25cbb49f9157ae,True,1.0,1.0,1.0,0.0,1.0,1.0,0.5833333333333334
829,cb22383a26cf594e,True,1.0,0.0,0.0,1.0,1.0,1.0,0.0
830,e40bf2ac511950c4,True,1.0,1.0,1.0,1.0,1.0,1.0,1.0
831,ced5e9f4d448524e,True,1.0,1.0,1.0,1.0,1.0,1.0,1.0
832,be0ea3126c955eae,True,1.0,1.0,0.397519916567089,1.0,1.0,1.0,0.7489666319029538
833,566f63e4108c5d48,True,1.0,1.0,0.8921456706475261,1.0,1.0,1.0,0.9550606961031359
834,feb4ce395d4d54fb,True,1.0,1.0,0.9370832490413903,1.0,1.0,1.0,0.9737846871005793
835,b470096ee3425c5a,True,1.0,1.0,1.0,1.0,1.0,1.0,1.0
836,fb524406adde5e78,True,1.0,0.0,0.0,1.0,1.0,1.0,0.0
837,2c79b7300d3a5219,True,1.0,1.0,1.0,1.0,1.0,1.0,1.0
838,2e586c7da7c55eb3,True,0.0,1.0,0.0,0.0,1.0,1.0,0.0
839,f1f69cb418a05b54,True,1.0,1.0,1.0,1.0,1.0,1.0,1.0
840,89de641f85f25a3b,True,1.0,1.0,1.0,1.0,1.0,1.0,1.0
841,97bbc33ac7d4586d,True,1.0,1.0,1.0,0.0,1.0,1.0,0.5833333333333334
842,a8a72fb28dc6592b,True,1.0,0.0,0.0,1.0,1.0,1.0,0.0
843,0490beca807c5e9f,True,1.0,1.0,0.9308192147765241,1.0,1.0,1.0,0.9711746728235516
844,18023ea42fe95bdb,True,1.0,1.0,0.8277200522085691,1.0,1.0,1.0,0.9282166884202372
845,307fee530f99569a,True,1.0,0.0,0.0,1.0,1.0,1.0,0.0
846,95d9b54f00325665,True,1.0,1.0,0.6934034541654974,1.0,1.0,1.0,0.8722514392356239
847,20024f7ea9635ed8,True,0.0,1.0,0.0,0.0,1.0,1.0,0.0
848,abb2ccc5501c58f3,True,1.0,1.0,0.5890764378954529,1.0,1.0,1.0,0.8287818491231054
849,f6eec3b743985122,True,1.0,1.0,0.869246965145544,1.0,1.0,1.0,0.9455195688106434
850,490f13844af5590d,True,1.0,1.0,1.0,1.0,1.0,1.0,1.0
851,0be1a98f7d1f5fce,True,1.0,1.0,1.0,1.0,1.0,1.0,1.0
852,c81b474102d75351,True,1.0,1.0,1.0,1.0,1.0,1.0,1.0
853,29b6c8cc1e055352,True,1.0,1.0,0.7173004613875582,1.0,1.0,0.5,0.8822085255781493
854,7a61f0a7cbe15387,True,0.5,0.0,0.0,0.0,1.0,0.5,0.0
855,571c1c28470e5dcc,True,1.0,1.0,1.0,0.0,1.0,1.0,0.5833333333333334
856,21560b9edc8c5b8c,True,1.0,1.0,1.0,1.0,1.0,1.0,1.0
857,af34277ea53e5f77,True,1.0,0.0,0.0,0.0,1.0,1.0,0.0
858,780eada83bbc57b1,True,1.0,1.0,0.7782285237404117,1.0,1.0,1.0,0.9075952182251715
859,e1b3e5e086a05ff9,True,0.0,0.0,0.0,0.0,1.0,1.0,0.0
860,acd0bceedc6852c2,True,1.0,1.0,0.8152919350333553,1.0,1.0,1.0,0.9230383062638982
861,84431cd14c765efc,True,1.0,1.0,1.0,1.0,1.0,1.0,1.0
862,cc2ab80d336a56e0,True,1.0,1.0,0.8487228583977413,1.0,1.0,1.0,0.9369678576657255
863,7be2f6436ce95042,True,1.0,1.0,1.0,1.0,1.0,1.0,1.0
864,9c2063a3e137542a,True,1.0,1.0,0.9141046237850553,1.0,1.0,1.0,0.9642102599104397
865,1212ba4b68e95583,True,1.0,1.0,0.6467941077120724,1.0,1.0,1.0,0.8528308782133635
866,b9400f20792f5936,True,1.0,1.0,0.9243958517533117,1.0,1.0,1.0,0.9684982715638798
867,a2fe72b034765149,True,1.0,1.0,0.900010138077073,1.0,1.0,1.0,0.9583375575321137
868,759441833751576b,True,1.0,1.0,1.0,0.0,1.0,1.0,0.5833333333333334
869,e2a0ac6a977b5c70,True,1.0,1.0,0.883950967111124,1.0,1.0,1.0,0.9516462362963015
870,570967c07a8251a2,True,1.0,1.0,0.7743620615860123,1.0,1.0,1.0,0.9059841923275052
871,f29d6171f46b551d,True,1.0,0.0,0.0,1.0,1.0,1.0,0.0
872,7e134ea5ffa259f2,True,1.0,1.0,0.9315931001767915,1.0,1.0,1.0,0.9714971250736631
873,69bc8107e82b54db,True,1.0,1.0,0.8388123873220631,1.0,1.0,1.0,0.9328384947175262
874,b69046ccdede5ae9,True,1.0,1.0,0.9616438676540141,1.0,1.0,1.0,0.9840182781891725
875,08b8808b5cf351c3,True,1.0,1.0,0.5806128685081822,1.0,1.0,0.5,0.8252553618784093
876,09bf6cc1f6545219,True,1.0,1.0,0.8084590491044287,1.0,1.0,1.0,0.9201912704601787
877,83671631057f50a4,True,0.0,1.0,0.0,0.0,1.0,1.0,0.0
878,58ad6156b5895541,True,1.0,1.0,0.6764417387707972,1.0,1.0,1.0,0.8651840578211655
879,f470121c6add5665,True,0.0,0.0,0.0,0.0,1.0,1.0,0.0
880,38c390af2fac51e0,True,1.0,1.0,0.6728073571181343,1.0,1.0,1.0,0.863669732132556
881,a89c8c3249975dc9,True,1.0,1.0,0.8948692270643513,1.0,1.0,1.0,0.956195511276813
882,f76d76bae0365a21,True,1.0,1.0,1.0,1.0,1.0,1.0,1.0
883,52c1d14554bb51f5,True,1.0,1.0,0.9160418286354157,1.0,1.0,1.0,0.9650174285980899
884,01b9125ad835592f,True,1.0,1.0,1.0,1.0,1.0,1.0,1.0
885,80386d2e9c215d3b,True,1.0,1.0,0.799035006713303,1.0,1.0,1.0,0.9162645861305428
886,c2f9c48979255481,True,1.0,1.0,1.0,1.0,1.0,1.0,1.0
887,01f3a4a21dc2582f,True,1.0,1.0,0.6211481294653596,1.0,1.0,0.5,0.8421450539438998
888,6be41ab63cf05b6e,True,1.0,1.0,0.9777032866341886,1.0,1.0,1.0,0.9907097027642452
889,5806eb348e3250d9,True,1.0,1.0,0.8928885594360619,1.0,1.0,0.0,0.9553702330983591
890,9f4bf4a979835749,True,1.0,1.0,0.8104316970904459,1.0,1.0,1.0,0.9210132071210192
891,567469e556cf5e6b,True,1.0,1.0,0.7294143755097271,1.0,1.0,1.0,0.8872559897957196
892,1d0dfd09b8185201,True,1.0,1.0,1.0,1.0,1.0,1.0,1.0
893,c962887d22e95f88,True,1.0,1.0,1.0,1.0,1.0,1.0,1.0
894,085f9a1ec71b50c2,True,1.0,1.0,0.8645523068557234,1.0,1.0,1.0,0.9435634611898847
895,8c9e3fd944c051e3,True,1.0,1.0,1.0,1.0,1.0,1.0,1.0
896,e5c858ae96265d95,True,1.0,1.0,0.8181525188755135,1.0,1.0,1.0,0.9242302161981306
897,3187a6d159fb51d8,True,1.0,1.0,1.0,1.0,1.0,1.0,1.0
898,794b439e9922527b,True,1.0,1.0,0.9201873145868282,1.0,1.0,1.0,0.9667447144111785
899,67077701cdd85c9d,True,1.0,1.0,0.019206689535290478,1.0,1.0,1.0,0.5913361206397044
900,12d4637822bb5f19,True,1.0,1.0,0.8759434399659349,1.0,1.0,1.0,0.9483097666524728
901,2d9d1d9aa6d25bd9,True,1.0,1.0,1.0,1.0,1.0,1.0,1.0
902,348680e464e15fa2,True,1.0,1.0,0.879989885111337,1.0,1.0,1.0,0.9499957854630571
903,d496c44726c35e33,True,1.0,1.0,1.0,1.0,1.0,1.0,1.0
904,d01ce29c2b1951a2,True,1.0,1.0,0.8885250259927256,1.0,1.0,1.0,0.9535520941636356
905,1c77ba7488d35c52,True,1.0,0.0,0.0,1.0,1.0,1.0,0.0
906,ccd3ef26274b5b13,True,1.0,1.0,1.0,0.0,1.0,0.5,0.5833333333333334
907,e377a0a97c895d9c,True,1.0,1.0,0.9204528489497896,1.0,1.0,1.0,0.966855353729079
908,9c63a8a78f3251d3,True,1.0,1.0,0.9593053883119546,1.0,1.0,1.0,0.9830439117966477
909,1a37d69ab5805f15,True,1.0,1.0,0.959672732061874,1.0,1.0,1.0,0.9831969716924475
910,773ae953dba953b4,True,1.0,0.0,0.0,1.0,1.0,0.5,0.0
911,e9adc94d4e9c5fbb,True,1.0,1.0,0.8276643382113738,1.0,1.0,1.0,0.9281934742547392
912,30e7a7c93a225968,True,1.0,1.0,1.0,1.0,1.0,1.0,1.0
913,7b8d8487706f501e,True,1.0,1.0,1.0,0.0,1.0,1.0,0.5833333333333334
914,a681a147f3375cac,True,1.0,1.0,0.9773828526490208,1.0,1.0,1.0,0.9905761886037586
915,66ca1ffcef4354e9,True,1.0,1.0,0.7357851237214894,1.0,1.0,1.0,0.8899104682172873
916,b894f0e8e2875363,True,1.0,1.0,0.01781197081975038,1.0,1.0,1.0,0.5907549878415627
917,b4507882ebac5f7a,True,0.0,1.0,0.0,0.0,1.0,1.0,0.0
918,0220967816915e94,True,1.0,1.0,0.9247384047727952,1.0,1.0,1.0,0.9686410019886647
919,1a243b05959f5787,True,1.0,1.0,0.10097819906213332,1.0,1.0,1.0,0.6254075829425555
920,ffde3cc525b75021,True,1.0,0.0,0.0,1.0,1.0,0.5,0.0
921,cd8713b912495b6d,True,1.0,1.0,1.0,1.0,1.0,1.0,1.0
922,bd9af5e4299b5fb6,True,1.0,1.0,0.7979464530620848,1.0,1.0,1.0,0.9158110221092021
923,0c91824ce1e65b6e,True,1.0,1.0,0.7249386089689941,1.0,1.0,1.0,0.8853910870704143
924,9a00d37375a95d7e,True,1.0,1.0,0.6903454311337526,1.0,1.0,1.0,0.870977262972397
925,e43d7861387c59f2,True,0.0,1.0,0.0,0.0,1.0,1.0,0.0
926,892904870078578a,True,1.0,1.0,0.7773421312338394,1.0,1.0,1.0,0.9072258880140996
927,178d9a3c6c6852a4,True,1.0,1.0,0.9785523304239222,0.0,1.0,1.0,0.5743968043433009
928,29a13686ed375688,True,1.0,0.0,0.0,1.0,1.0,0.0,0.0
929,6916caadd44a5806,True,1.0,1.0,0.7624675186164098,1.0,1.0,1.0,0.9010281327568374
930,7c7c063205ec5f3c,True,1.0,1.0,1.0,1.0,1.0,1.0,1.0
931,46a9bf6f100c5e0a,True,1.0,1.0,0.9649528275099495,1.0,1.0,1.0,0.9853970114624789
932,3704fc999582536e,True,1.0,1.0,1.0,1.0,1.0,1.0,1.0
933,440690fa94cb50d5,True,1.0,1.0,0.5858428224326867,1.0,1.0,1.0,0.8274345093469528
934,da56fca2caff52e4,True,1.0,1.0,0.7097906471619113,1.0,1.0,1.0,0.879079436317463
935,f750532882175c31,True,1.0,1.0,1.0,1.0,1.0,1.0,1.0
936,a5ed322a79205030,True,1.0,1.0,1.0,1.0,1.0,1.0,1.0
937,7631ace833c857ba,True,1.0,1.0,0.9582890382502985,1.0,1.0,1.0,0.982620432604291
938,3e11d77a9aca5bb7,True,1.0,1.0,0.7583853044234637,1.0,1.0,1.0,0.8993272101764432
939,ceea7304846852b9,True,1.0,1.0,0.9129610510704173,1.0,1.0,0.0,0.9637337712793405
940,1ad237fbbbcf51ab,True,1.0,1.0,0.015675119521501486,1.0,1.0,1.0,0.589864633133959
941,597a23643be958dc,True,1.0,1.0,0.7893360684459917,0.0,1.0,1.0,0.4955566951858299
942,5fd68bb785b258ef,True,1.0,1.0,0.9451889256071299,1.0,1.0,1.0,0.977162052336304
943,a631fec170525388,True,1.0,1.0,0.6578906485469277,1.0,1.0,0.5,0.8574544368945531
944,9d69a0f2f73f5035,True,1.0,1.0,0.9090674956754755,1.0,1.0,1.0,0.962111456531448
945,33b5a72931215b30,True,1.0,1.0,1.0,1.0,1.0,1.0,1.0
946,747f309bac56509f,True,1.0,1.0,0.979732961988029,1.0,1.0,1.0,0.9915554008283453
947,982b57b1c7c7503a,True,1.0,1.0,1.0,1.0,1.0,1.0,1.0
948,227d62f5dfd95624,True,1.0,1.0,1.0,1.0,1.0,1.0,1.0
949,cc4a4dc2afc75aed,True,1.0,1.0,1.0,1.0,1.0,1.0,1.0
950,14cb24f3f9fc51c8,True,0.0,1.0,0.0,0.0,1.0,1.0,0.0
951,80199eddf2cc590f,True,0.0,1.0,0.0,0.0,1.0,1.0,0.0
952,0efc84a20a7d5b07,True,1.0,1.0,0.7026660531572383,1.0,1.0,1.0,0.8761108554821826
953,fa5edfd430ba550d,True,1.0,1.0,0.9047730484078902,0.0,1.0,1.0,0.5436554368366209
954,9c768fba2b4c5d19,True,1.0,1.0,0.9985590773345694,1.0,1.0,1.0,0.9993996155560705
955,35c98e62401f5c7e,True,1.0,1.0,0.6759229594011992,1.0,1.0,1.0,0.8649678997504996
956,616ead76f75f5b62,True,1.0,1.0,0.8372046872098534,1.0,1.0,1.0,0.9321686196707724
957,a6e683b6f2a557a4,True,0.5,0.0,0.0,0.0,1.0,1.0,0.0
958,602c93fe201356c2,True,0.0,1.0,0.0,0.0,1.0,1.0,0.0
959,1b8f0a989c8b5636,True,1.0,1.0,0.9576989093021392,1.0,1.0,1.0,0.982374545542558
960,fc4bdb76d30553b0,True,1.0,1.0,0.6257783949130075,1.0,1.0,1.0,0.8440743312137532
961,f7f7750b2dc2548e,True,1.0,1.0,0.8667460712473869,0.0,1.0,1.0,0.5278108630197446
962,7602906d3c785da3,True,1.0,1.0,1.0,1.0,1.0,1.0,1.0
963,68df055f82485e95,True,0.0,0.0,0.0,0.0,1.0,0.5,0.0
964,7145c064885a53c4,True,1.0,1.0,0.8550406857496057,1.0,1.0,1.0,0.9396002857290023
965,a1325310017c5057,True,1.0,0.0,0.0,1.0,1.0,1.0,0.0
966,06279fdb46815c6c,True,0.0,1.0,0.0,0.0,1.0,0.5,0.0
967,e6eeac307f6d507d,True,1.0,1.0,1.0,1.0,1.0,1.0,1.0
968,a9956fd52aa15f39,True,0.0,1.0,0.0,0.0,1.0,1.0,0.0
969,aa84169dd1f3538d,True,0.0,1.0,0.0,0.0,1.0,1.0,0.0
970,f6e64f5e788b5101,True,1.0,1.0,0.9786162255895919,1.0,1.0,1.0,0.9910900939956632
971,a1f35d4460345de8,True,1.0,1.0,1.0,1.0,1.0,1.0,1.0
972,61232ab3e2085282,True,1.0,1.0,1.0,1.0,1.0,1.0,1.0
973,6fdea0636809523e,True,0.0,1.0,0.0,0.0,1.0,1.0,0.0
974,6021973f81a75e0b,True,1.0,1.0,0.8511816760454256,1.0,1.0,1.0,0.9379923650189274
975,d4f989ee320e52e9,True,1.0,1.0,1.0,0.0,1.0,1.0,0.5833333333333334
976,f8d3738f77c05163,True,1.0,1.0,0.9436596544213057,1.0,1.0,1.0,0.9765248560088774
977,fe6105aa925d5621,True,1.0,1.0,1.0,1.0,1.0,0.0,1.0
978,b0c4bad4c4fa5060,True,1.0,1.0,0.8550520499238061,1.0,1.0,1.0,0.9396050208015859
979,3e543e1eac325854,True,1.0,1.0,0.551371569733815,1.0,1.0,1.0,0.8130714873890895
980,8636c755aabe5792,True,1.0,1.0,0.9682703052353828,1.0,1.0,1.0,0.9867792938480763
981,2497a4b846f25d99,True,1.0,1.0,0.7983802988589295,1.0,1.0,1.0,0.9159917911912207
982,ebd8d87ff33b5b7a,True,1.0,1.0,0.7703594488023288,0.0,1.0,1.0,0.4876497703343037
983,713c5a168c2452dc,True,1.0,1.0,0.7213884229075944,1.0,1.0,1.0,0.8839118428781644
984,4dd4ae3362325296,True,1.0,1.0,1.0,1.0,1.0,1.0,1.0
985,68ea9d09300c5886,True,1.0,1.0,1.0,1.0,1.0,1.0,1.0
986,349606982fb252ae,True,1.0,1.0,0.03995694580602822,1.0,1.0,1.0,0.5999820607525118
987,c4fad4d040a75b90,True,1.0,1.0,0.843707144755337,1.0,1.0,1.0,0.9348779769813905
988,6a8087fb9f3e5751,True,1.0,1.0,0.8709601086915433,1.0,1.0,1.0,0.9462333786214764
989,5ec473ffad5c55ba,True,1.0,1.0,0.9131198769229656,1.0,1.0,1.0,0.9637999487179023
990,4c22cdcc527e5a36,True,1.0,1.0,0.9061433763208411,0.0,1.0,1.0,0.5442264068003505
991,f064ef8fafcf5528,True,1.0,1.0,1.0,1.0,1.0,1.0,1.0
992,910c4dd3f1ec51b1,True,1.0,1.0,1.0,1.0,1.0,1.0,1.0
993,3328705b7cf0517a,True,1.0,0.0,0.0,1.0,1.0,0.5,0.0
994,d83802157d9858d5,True,1.0,1.0,0.7416374320159841,1.0,1.0,1.0,0.8923489300066599
995,8fbca2950de45a7c,True,1.0,1.0,0.9700525645412543,1.0,1.0,1.0,0.9875219018921894
996,82ef8b099fb55f0c,True,1.0,1.0,1.0,1.0,1.0,1.0,1.0
997,4bb2fc18f5ee5dcb,True,0.0,1.0,0.0,0.0,1.0,1.0,0.0
998,1fd4a838b258571f,True,1.0,1.0,0.9054831792354502,1.0,1.0,1.0,0.9606179913481042
999,6871543e963f5bdf,True,1.0,1.0,0.006741199614768367,1.0,1.0,1.0,0.5861421665061535
1000,a66018d8ad8f594d,True,1.0,1.0,0.9119360614999045,1.0,1.0,1.0,0.9633066922916269
1001,1da970c8d7ac55b0,True,1.0,1.0,0.6636408848419133,1.0,1.0,1.0,0.8598503686841306
1002,de0fd47c70d3500a,True,1.0,1.0,1.0,1.0,1.0,1.0,1.0
1003,b5e7acb62778580b,True,1.0,1.0,1.0,1.0,1.0,1.0,1.0
1004,b50b8f11d75a5cb0,True,1.0,1.0,1.0,0.0,1.0,1.0,0.5833333333333334
1005,9cf612ff6e4f5bd5,True,1.0,1.0,1.0,0.0,1.0,0.0,0.5833333333333334
1006,4c5164f4b17d5581,True,1.0,1.0,1.0,0.0,1.0,1.0,0.5833333333333334
1007,a2c2e046132e5596,True,1.0,1.0,0.7806651691208242,1.0,1.0,1.0,0.9086104871336768
1008,6322316826a2547a,True,1.0,1.0,0.7733229980178514,1.0,1.0,1.0,0.9055512491741048
1009,48b3dd8be2b554b6,True,1.0,1.0,0.7557034235511071,1.0,1.0,1.0,0.8982097598129614
1010,c54227acd96156e1,True,0.0,1.0,0.0,0.0,1.0,1.0,0.0
1011,cc5e04be1f105d15,True,1.0,1.0,0.7258401121420316,1.0,1.0,1.0,0.8857667133925132
1012,8d6583f3e3c15034,True,1.0,1.0,0.01829780834808005,1.0,1.0,1.0,0.5909574201450334
1013,fe74f3d6f5ea5283,True,1.0,1.0,0.7938722798874412,1.0,1.0,1.0,0.9141134499531005
1014,bef748e412f85c64,True,1.0,1.0,0.8725467423277885,1.0,1.0,1.0,0.9468944759699118
1015,0f3edc5110485b13,True,1.0,1.0,0.8759912464635345,1.0,1.0,1.0,0.9483296860264727
1016,bdf4ea0b653c5677,True,1.0,0.0,0.0,1.0,1.0,0.5,0.0
1017,64edcbd39d2b5f08,True,1.0,1.0,0.9878110816082577,1.0,1.0,1.0,0.9949212840034406
1018,52248a6939af5fd6,True,1.0,1.0,0.8580323154892295,1.0,1.0,1.0,0.9408467981205123
1019,41bddf65c8155bd5,True,1.0,1.0,0.7802857598323054,1.0,1.0,1.0,0.9084523999301273
1020,60681597a59d5cf9,True,1.0,1.0,0.5488097811543089,1.0,1.0,0.5,0.812004075480962
1021,5e96a7620956567a,True,1.0,1.0,1.0,1.0,1.0,1.0,1.0
1022,73471e4908bc5708,True,1.0,1.0,0.5664139980287691,1.0,1.0,1.0,0.8193391658453205
1023,4c775cb227b0519d,True,1.0,1.0,0.9727696816123467,1.0,1.0,1.0,0.9886540340051445
1024,0994517bde3c5188,True,1.0,1.0,0.6388366405579682,1.0,1.0,1.0,0.8495152668991534
1025,1584747ded7f5564,True,1.0,1.0,0.7819539526254079,1.0,1.0,1.0,0.9091474802605867
1026,c75331b9d30957a1,True,0.0,1.0,0.0,0.0,1.0,1.0,0.0
1027,8926a4661fd05f7e,True,0.5,0.0,0.0,0.0,1.0,0.5,0.0
1028,6d4a26f442705f49,True,1.0,1.0,1.0,0.0,1.0,1.0,0.5833333333333334
1029,6bf9b9cf5ae25aba,True,1.0,1.0,0.8232372890996112,0.0,1.0,1.0,0.5096822037915046
1030,0d857e82084e56be,True,1.0,1.0,0.5311247393051532,1.0,1.0,0.0,0.8046353080438138
1031,0038810163a05e09,True,1.0,1.0,1.0,1.0,1.0,1.0,1.0
1032,6bf0e7ba6477572b,True,1.0,1.0,1.0,1.0,1.0,1.0,1.0
1033,e5599a8884235d93,True,1.0,1.0,0.05170644720903513,1.0,1.0,1.0,0.604877686337098
1034,fc0d202904585a6a,True,1.0,1.0,0.679505692968588,1.0,1.0,1.0,0.8664607054035783
1035,f0a6222ab3e55174,True,1.0,1.0,0.9965520737877597,1.0,1.0,1.0,0.9985633640782332
1036,d8c6aedcb54a56fb,True,1.0,1.0,0.8270535253929509,1.0,1.0,1.0,0.9279389689137295
1037,a7ad6a154d2051bd,True,1.0,1.0,1.0,1.0,1.0,1.0,1.0
1038,47e64379df6b55b2,True,1.0,1.0,1.0,0.0,1.0,1.0,0.5833333333333334
1039,0599b72c60335651,True,1.0,1.0,0.8060168820371667,1.0,1.0,1.0,0.9191737008488193
1040,dad522fc9c405963,True,1.0,1.0,1.0,1.0,1.0,1.0,1.0
1041,83cb0b794de45f7e,True,1.0,1.0,0.962839666218301,1.0,1.0,1.0,0.9845165275909586
1042,ea34282dc63d5a9a,True,1.0,1.0,1.0,1.0,1.0,1.0,1.0
1043,be33fb4e1b435f1d,True,1.0,0.0,0.0,0.0,1.0,1.0,0.0
1044,e7116a2035205221,True,1.0,1.0,1.0,1.0,1.0,1.0,1.0
1045,5498f9f2cfc55668,True,1.0,1.0,0.9449524374079447,1.0,1.0,1.0,0.9770635155866435
1046,8c47d8fc41a55f31,True,1.0,1.0,0.9502624286745128,0.0,1.0,1.0,0.562609345281047
1047,1809a28a46465129,True,1.0,1.0,1.0,1.0,1.0,1.0,1.0
1048,406564d5dc7358f6,True,1.0,1.0,1.0,1.0,1.0,1.0,1.0
1049,69616d6f715256dc,True,1.0,0.0,0.0,1.0,1.0,1.0,0.0
1050,60216ba3ee9557d9,True,1.0,1.0,0.7011925655246831,1.0,1.0,1.0,0.8754969023019513
1051,5f70e91ff9d250f5,True,1.0,1.0,0.9439778537933794,1.0,1.0,1.0,0.9766574390805748
1052,b8bd18a1ccf45918,True,1.0,1.0,0.8026287105522528,1.0,1.0,0.5,0.9177619627301054
1053,3b6e03834b255849,True,1.0,1.0,0.7432294382750805,1.0,1.0,1.0,0.8930122659479501
1054,9064ebbda4425d30,True,1.0,1.0,1.0,1.0,1.0,1.0,1.0
1055,a6be7050ff205933,True,1.0,0.0,0.0,1.0,1.0,1.0,0.0
1056,6af6e8242e045406,True,1.0,1.0,0.9516858057916963,1.0,1.0,1.0,0.9798690857465401
1057,af052c91de0f5295,True,1.0,1.0,1.0,1.0,1.0,1.0,1.0
1058,8c9f50cc72685ca7,True,1.0,1.0,0.9097645737822735,1.0,1.0,1.0,0.962401905742614
1059,8feb2ae5cc2451c3,True,1.0,1.0,1.0,0.0,1.0,1.0,0.5833333333333334
1060,182fe7c6dd5b5e44,True,1.0,1.0,1.0,0.0,1.0,1.0,0.5833333333333334
1061,e801c47d97b95978,True,1.0,1.0,1.0,1.0,1.0,1.0,1.0
1062,3aa2680fdc805d09,True,1.0,1.0,0.9736958749887786,1.0,1.0,1.0,0.9890399479119911
1063,616382bea2ff5853,True,1.0,1.0,1.0,1.0,1.0,1.0,1.0
1064,676880c7e31252c0,True,1.0,1.0,0.7041614609260312,1.0,1.0,1.0,0.876733942052513
1065,981dc3169f655892,True,1.0,1.0,0.8087149276650366,1.0,1.0,1.0,0.9202978865270985
1066,9a1762340f11542c,True,1.0,1.0,0.9854949207089091,1.0,1.0,1.0,0.9939562169620455
1067,ef703bb40b9a516c,True,1.0,1.0,1.0,1.0,1.0,1.0,1.0
1068,ada676e1203d5ad7,True,1.0,1.0,0.6851998853850367,1.0,1.0,1.0,0.8688332855770987
1069,9d7b9273d56f5d02,True,1.0,1.0,1.0,1.0,1.0,1.0,1.0
1070,44cbdb68f39f579d,True,1.0,1.0,1.0,1.0,1.0,1.0,1.0
1071,07667a86040c5332,True,1.0,1.0,0.8751474384163512,1.0,1.0,1.0,0.9479780993401463
1072,37ebe75f19b1549a,True,1.0,1.0,0.7824463481903023,1.0,1.0,1.0,0.9093526450792927
1073,04676f5bccee5447,True,1.0,1.0,0.5322886219420631,1.0,1.0,1.0,0.8051202591425263
1074,e456e929ecb85b07,True,1.0,1.0,0.8532593305821182,1.0,1.0,1.0,0.9388580544092159
1075,5328fe5eba6e5d30,True,1.0,1.0,0.9852233848706414,1.0,1.0,1.0,0.9938430770294339
1076,f039cb3455f356ac,True,1.0,1.0,0.7397947313307212,1.0,1.0,1.0,0.8915811380544673
1077,aa7d4f9537495b1f,True,1.0,1.0,0.694375931853957,1.0,1.0,1.0,0.8726566382724821
1078,7bd504ce0e1950b9,True,1.0,1.0,0.6895331734542447,1.0,1.0,0.5,0.8706388222726019
1079,f3a327d6e0e45d9a,True,1.0,1.0,1.0,1.0,1.0,0.5,1.0
1080,120ef06f3e0b5990,True,1.0,1.0,0.7672855822136062,1.0,1.0,1.0,0.9030356592556693
1081,ee5975ff12275983,True,1.0,1.0,1.0,1.0,1.0,1.0,1.0
1082,8b3bd35b8b945918,True,1.0,1.0,0.7028481105942804,1.0,1.0,1.0,0.8761867127476167
1083,c9459a7641335bba,True,1.0,1.0,1.0,1.0,1.0,1.0,1.0
1084,934f7ab607405431,True,1.0,1.0,1.0,1.0,1.0,1.0,1.0
1085,4c53f29ce2365ef1,True,0.0,1.0,0.0,0.0,1.0,1.0,0.0
1086,c2cb368d78e858c7,True,1.0,1.0,0.7348768322914607,1.0,1.0,1.0,0.8895320134547754
1087,2f23d31a3ddf5de9,True,1.0,1.0,1.0,1.0,1.0,1.0,1.0
1088,b648072650cc5932,True,1.0,1.0,1.0,1.0,1.0,1.0,1.0
1089,0a6906b694b65108,True,1.0,1.0,1.0,1.0,1.0,1.0,1.0
1090,4b9402651fd85547,True,1.0,1.0,0.6010624981147584,1.0,1.0,1.0,0.8337760408811494
1091,c30e5bb7e0595851,True,0.0,1.0,0.0,0.0,1.0,1.0,0.0
1092,01314f10793f5ad7,True,1.0,1.0,1.0,1.0,1.0,1.0,1.0
1093,b30ee22eca0a57ef,True,1.0,1.0,0.8939001934583387,1.0,1.0,1.0,0.9557917472743078
1094,9ed1a37904015782,True,1.0,0.0,0.0,1.0,1.0,1.0,0.0
1095,6b895016e28d513c,True,1.0,1.0,1.0,1.0,1.0,1.0,1.0
1096,f99a74d444e651d3,True,1.0,0.0,0.0,1.0,1.0,1.0,0.0
1097,b0d77b56b10d5861,True,1.0,1.0,1.0,1.0,1.0,1.0,1.0
1098,d796c1764d575153,True,0.0,1.0,0.0,0.0,1.0,1.0,0.0
1099,612903ce91a2507c,True,0.0,1.0,0.0,0.0,1.0,1.0,0.0
1100,359f62a656b9586d,True,1.0,1.0,0.9439146890539762,1.0,1.0,1.0,0.9766311204391567
1101,0e7f7322726f5b86,True,1.0,1.0,1.0,0.0,1.0,1.0,0.5833333333333334
1102,3921f38b62d55f1a,True,0.0,1.0,0.0,0.0,1.0,1.0,0.0
1103,ce9ee9a68a4c5e93,True,1.0,1.0,1.0,1.0,1.0,1.0,1.0
1104,81de41d688185082,True,1.0,1.0,0.9110442085861367,1.0,1.0,1.0,0.9629350869108902
1105,5233faf7f9935f97,True,1.0,1.0,1.0,1.0,1.0,1.0,1.0
1106,2d2b781181f156dc,True,1.0,1.0,1.0,1.0,1.0,1.0,1.0
1107,36716a89eb9c5ef9,True,1.0,1.0,1.0,1.0,1.0,1.0,1.0
1108,cf07d06219ef5cd4,True,1.0,1.0,0.6248088694525626,1.0,1.0,1.0,0.8436703622719012
1109,ef7fb2d0c7bf52a4,True,1.0,0.0,0.0,1.0,1.0,1.0,0.0
1110,d1e0ebfac8cb510e,True,1.0,1.0,0.920659733222991,1.0,1.0,1.0,0.9669415555095796
1111,2e1c1db92800578d,True,1.0,1.0,1.0,1.0,1.0,1.0,1.0
1112,c6bd79f439c254a0,True,1.0,0.0,0.0,1.0,1.0,1.0,0.0
1113,098c8aa8816b5805,True,0.5,0.0,0.0,0.0,1.0,0.0,0.0
1114,04b80ae53fc5549e,True,1.0,1.0,1.0,1.0,1.0,1.0,1.0
1115,a45b1d5e36b35909,True,1.0,1.0,0.8698291544350037,1.0,1.0,1.0,0.9457621476812516
1116,ecf0448cf58a54fb,True,1.0,1.0,0.9739236898294812,1.0,1.0,1.0,0.9891348707622839
1117,83f2ecc101925a5d,True,1.0,1.0,1.0,1.0,1.0,1.0,1.0
1118,284fd1657c8659e1,True,1.0,1.0,1.0,1.0,1.0,1.0,1.0
1119,7b4fca2db9255996,True,0.0,1.0,0.0,0.0,1.0,1.0,0.0
1120,c2735759fe9957a5,True,1.0,1.0,1.0,1.0,1.0,1.0,1.0
1121,82cd87ad4f1d5969,True,1.0,1.0,1.0,1.0,1.0,1.0,1.0
1122,07d1a751018a526f,True,1.0,1.0,0.9367450355421053,1.0,1.0,1.0,0.9736437648092106
1123,fb2a6578f15d5ff5,True,0.0,1.0,0.0,0.0,1.0,1.0,0.0
1124,9a50c3fce9d75d95,True,1.0,1.0,1.0,1.0,1.0,0.5,1.0
1125,9d6f5aa2a3a25966,True,1.0,1.0,1.0,0.0,1.0,1.0,0.5833333333333334
1126,fccd90b794b15d6a,True,1.0,1.0,1.0,1.0,1.0,1.0,1.0
1127,35583284eac15ae5,True,1.0,1.0,1.0,1.0,1.0,1.0,1.0
1128,e22c4b8440c759b7,True,1.0,1.0,1.0,1.0,1.0,1.0,1.0
1129,016d6a913efa5ff1,True,1.0,1.0,0.7455969270746627,1.0,1.0,1.0,0.8939987196144429
1130,82bebb2c1ca55736,True,1.0,1.0,1.0,1.0,1.0,1.0,1.0
1131,bff12156468e5f16,True,1.0,1.0,0.7430454571511868,1.0,1.0,1.0,0.8929356071463278
1132,6289749098c55328,True,1.0,0.0,0.0,1.0,1.0,0.5,0.0
1133,af5f095a4d815525,True,1.0,1.0,1.0,1.0,1.0,1.0,1.0
1134,c3ed0328b37b586b,True,1.0,1.0,0.833065455239294,1.0,1.0,1.0,0.9304439396830392
1135,cfc12b02334c5a15,True,1.0,1.0,0.7646775526388877,1.0,1.0,1.0,0.9019489802662033
1136,3bd2edbc70605e87,True,1.0,0.0,0.0,1.0,1.0,1.0,0.0
1137,c65c265780365bb1,True,1.0,1.0,0.8895860846102952,1.0,1.0,1.0,0.9539942019209563
1138,92d21bb7692b5664,True,1.0,1.0,0.9639180968834907,1.0,1.0,1.0,0.9849658737014545
1139,888913e0978f559b,True,1.0,1.0,0.8063729053833579,1.0,1.0,1.0,0.9193220439097325
1140,4f359b56679c50ff,True,1.0,1.0,0.8747305498903827,0.0,1.0,1.0,0.5311377291209928
1141,44cedd469129548d,True,1.0,1.0,0.9599123224713823,1.0,1.0,1.0,0.9832968010297426
1142,06df6b00bdad5229,True,1.0,1.0,1.0,1.0,1.0,1.0,1.0
1143,33bae177e9c75992,True,1.0,1.0,0.8070817897235857,1.0,1.0,1.0,0.9196174123848273
1144,59ea5c8c067e57e7,True,1.0,0.0,0.0,1.0,1.0,1.0,0.0
1145,df78364de73e581b,True,1.0,1.0,0.8899648709175542,1.0,1.0,1.0,0.954152029548981
1146,cdec001a2536542c,True,1.0,1.0,1.0,0.0,1.0,1.0,0.5833333333333334
1147,757c23c6819c589c,True,1.0,1.0,0.8344328670808362,1.0,1.0,1.0,0.9310136946170151
1148,1ebc0b5378ab5caa,True,1.0,1.0,1.0,1.0,1.0,1.0,1.0
1149,3af3b3a7a8635164,True,1.0,1.0,1.0,1.0,1.0,1.0,1.0
1150,99dae52a2a6451da,True,1.0,1.0,0.49677295569359814,1.0,1.0,1.0,0.7903220648723326
1151,ed4bcfb05c405bac,True,1.0,1.0,1.0,1.0,1.0,1.0,1.0
1152,e26d9a5288165f2a,True,1.0,1.0,0.9501626919033143,1.0,1.0,1.0,0.9792344549597143
1153,a41bdf91223654f7,True,1.0,1.0,1.0,1.0,1.0,1.0,1.0
1154,79984c4826f653fd,True,1.0,1.0,1.0,1.0,1.0,1.0,1.0
1155,6762c1ac11a15adf,True,1.0,0.0,0.0,1.0,1.0,1.0,0.0
1156,1766fa78fd10576e,True,0.0,1.0,0.0,0.0,1.0,1.0,0.0
1157,1309e3cfb6f25c6e,True,1.0,1.0,1.0,1.0,1.0,1.0,1.0
1158,e14f1ffbe6f856e8,True,1.0,0.0,0.0,1.0,1.0,1.0,0.0
1159,fb643a2514195bfa,True,1.0,1.0,1.0,0.0,1.0,1.0,0.5833333333333334
1160,a20a0a34d5e859ed,True,1.0,1.0,0.7494449724056355,1.0,1.0,1.0,0.8956020718356815
1161,283f39e817575b93,True,1.0,1.0,0.8153899124863813,1.0,1.0,1.0,0.9230791302026589
1162,1cb21a59cbf95e1e,True,1.0,0.0,0.0,1.0,1.0,1.0,0.0
1163,01052f67ec24538c,True,1.0,1.0,0.9812386738452913,1.0,1.0,1.0,0.9921827807688715
1164,82ba424ca77e5a4a,True,1.0,1.0,0.39824045635791605,1.0,1.0,1.0,0.7492668568157983
1165,fbd963d6b7e750a6,True,1.0,1.0,0.8967492931692519,1.0,1.0,1.0,0.9569788721538549
1166,0f6aef2cc48d5621,True,1.0,1.0,0.9201038929508509,1.0,1.0,1.0,0.9667099553961879
1167,b937ec3b9c845118,True,0.0,1.0,0.0,0.0,1.0,1.0,0.0
1168,f8682fec1c2e5c59,True,1.0,0.0,0.0,1.0,1.0,1.0,0.0
1169,8371ac42ba585d35,True,0.5,1.0,0.42105504321811166,0.0,1.0,1.0,0.17105313400377323
1170,54580876ee835959,True,1.0,1.0,0.7796791393844172,1.0,1.0,1.0,0.908199641410174
1171,6c9959c7421b59a0,True,0.0,1.0,0.0,0.0,1.0,1.0,0.0
1172,378d79a6bf715912,True,1.0,1.0,0.8954763997432861,1.0,1.0,1.0,0.9564484998930359
1173,4f87ef91e3425ebc,True,1.0,1.0,0.8224581067964403,1.0,1.0,1.0,0.9260242111651834
1174,850551ecc7a35ebf,True,0.0,1.0,0.0,0.0,1.0,1.0,0.0
1175,01d061d9a66451ea,True,1.0,1.0,1.0,1.0,1.0,1.0,1.0
1176,13f771febde65a66,True,1.0,1.0,0.8669395218777983,1.0,1.0,1.0,0.9445581341157494
1177,e668948b1c0f5b82,True,1.0,1.0,1.0,1.0,1.0,1.0,1.0
1178,81b89c24f6a5579f,True,1.0,1.0,0.6483309746284814,1.0,1.0,1.0,0.8534712394285339
1179,0b0a419d29cf5e9a,True,1.0,1.0,0.8186476427486704,1.0,1.0,1.0,0.9244365178119459
1180,214bd73e71715f2c,True,1.0,1.0,0.982901409227638,1.0,1.0,1.0,0.9928755871781826
1181,e7d6dc36775b52cc,True,1.0,1.0,0.05524771861588757,1.0,1.0,1.0,0.6063532160899532
1182,c5f6d8de44475520,True,1.0,1.0,1.0,1.0,1.0,1.0,1.0
1183,8a6717a888fe55f9,True,1.0,0.0,0.0,1.0,1.0,0.0,0.0
1184,155c340aae355cd4,True,1.0,1.0,0.8440438846672095,1.0,1.0,1.0,0.9350182852780039
1185,610271d0c1515c8c,True,1.0,1.0,0.0,1.0,1.0,1.0,0.5833333333333334
1186,ee8a391c71ab5f5f,True,1.0,1.0,0.5705799935224768,1.0,1.0,1.0,0.821074997301032
1187,b556cea74b125dfa,True,1.0,0.0,0.0,1.0,1.0,0.5,0.0
1188,81464a4119075069,True,1.0,1.0,0.6441559589994558,1.0,1.0,1.0,0.8517316495831065
1189,5f42f18776195578,True,1.0,1.0,1.0,1.0,1.0,1.0,1.0
1190,eefc84cb86d45529,True,1.0,1.0,0.8425183354077577,1.0,1.0,1.0,0.9343826397532323
1191,03b33d7830ba522b,True,1.0,1.0,0.7098849464546526,1.0,1.0,1.0,0.8791187276894386
1192,1f5144778210505c,True,1.0,1.0,1.0,1.0,1.0,1.0,1.0
1193,1a2027db44a350ff,True,1.0,1.0,1.0,1.0,1.0,1.0,1.0
1194,7ffaa3cf8bf45474,True,1.0,1.0,0.9478404568012012,1.0,1.0,1.0,0.9782668570005004
1195,4ae7296f92115e83,True,1.0,1.0,0.8119550317979304,1.0,1.0,1.0,0.9216479299158044
1196,48183678cb965e68,True,1.0,1.0,0.5005876928787949,1.0,1.0,1.0,0.7919115386994978
1197,5322f39a6130560c,True,1.0,1.0,0.8257636179002908,1.0,1.0,1.0,0.9274015074584545
1198,814a2807af5f51f7,True,1.0,1.0,1.0,1.0,1.0,1.0,1.0
1199,435eadb0f1fe5b49,True,0.0,1.0,0.0,0.0,1.0,1.0,0.0
1200,30765e467f6c5947,True,1.0,1.0,1.0,1.0,1.0,1.0,1.0
1201,bde076eb186a52d5,True,1.0,1.0,1.0,1.0,1.0,1.0,1.0
1202,85ee18c706cf5966,True,1.0,0.0,0.0,1.0,1.0,1.0,0.0
1203,28c5e10661025e5f,True,1.0,1.0,0.9465211184022451,1.0,1.0,0.5,0.9777171326676021
1204,5cc24961cbed5fd0,True,1.0,1.0,0.5565745049880085,1.0,1.0,1.0,0.8152393770783369
1205,624b5f7f1f4a503e,True,1.0,1.0,0.7303498557614327,0.0,1.0,1.0,0.47097910656726366
1206,729b53c777da522e,True,1.0,1.0,0.8122061904241741,1.0,1.0,1.0,0.9217525793434058
1207,4f099d4882445433,True,0.0,1.0,0.0,0.0,1.0,1.0,0.0
1208,2a30c259f67c561d,True,1.0,1.0,0.6907092541352761,1.0,1.0,1.0,0.8711288558896984
1209,79e582695923514a,True,1.0,0.0,0.0,1.0,1.0,1.0,0.0
1210,50ab222cd07b5bcd,True,1.0,1.0,0.8923333476914511,1.0,1.0,1.0,0.955138894871438
1211,9a2c4c75f3785517,True,1.0,1.0,0.6522052814531273,1.0,1.0,1.0,0.8550855339388029
1212,063794d8842b5683,True,1.0,1.0,1.0,1.0,1.0,1.0,1.0
1213,40c083a3c4ff5b45,True,1.0,1.0,1.0,1.0,1.0,1.0,1.0
1214,91d22882380a5e4b,True,1.0,1.0,0.7549904754680781,1.0,1.0,1.0,0.8979126981116993
1215,c0ccba48004c5eba,True,1.0,0.0,0.0,1.0,1.0,1.0,0.0
1216,7758c231f45d51de,True,1.0,1.0,0.8642948098881866,1.0,1.0,1.0,0.9434561707867445
1217,3a79314b89305c5b,True,1.0,1.0,1.0,1.0,1.0,1.0,1.0
1218,0924309bada05ea6,True,1.0,1.0,0.862948817554807,1.0,1.0,1.0,0.9428953406478362
1219,52a92230f3245182,True,1.0,1.0,0.0,1.0,1.0,1.0,0.5833333333333334
1220,5e2b839cccb95921,True,1.0,1.0,1.0,1.0,1.0,0.5,1.0
1221,446dbb38653a51a8,True,1.0,1.0,0.978181578215466,1.0,1.0,1.0,0.9909089909231108
1222,93b2aee4f638552e,True,1.0,1.0,1.0,1.0,1.0,0.0,1.0
1223,98867b3fc7a95c24,True,1.0,1.0,1.0,1.0,1.0,1.0,1.0
1224,30d10a9c1f8352da,True,1.0,0.0,0.0,0.0,1.0,0.0,0.0
1225,2c21ad85949653a6,True,1.0,1.0,1.0,1.0,1.0,1.0,1.0
1226,10f5795252265ff3,True,1.0,1.0,1.0,1.0,1.0,1.0,1.0
1227,6012210b020c53a9,True,1.0,1.0,0.7681366113222939,1.0,1.0,0.0,0.9033902547176225
1228,dece3a034000579e,True,1.0,1.0,1.0,1.0,1.0,1.0,1.0
1229,a19a3d9b712751f6,True,1.0,1.0,0.8670179023152949,1.0,1.0,1.0,0.9445907926313728
1230,59d306aa441a5665,True,1.0,1.0,0.8677822271815502,1.0,1.0,1.0,0.9449092613256459
1231,e5fb0daef05956f0,True,1.0,1.0,0.9462681287711907,1.0,1.0,1.0,0.9776117203213296
1232,f1f463892f3d5bb7,True,1.0,1.0,0.9503021005364545,1.0,1.0,1.0,0.9792925418901893
1233,afb6f330e8665731,True,1.0,0.0,0.0,1.0,1.0,1.0,0.0
1234,e3d7979e2cfb5441,True,0.0,1.0,0.0,0.0,1.0,1.0,0.0
1235,4bfd04f7517b5381,True,0.0,1.0,0.0,0.0,1.0,1.0,0.0
1236,4a919f7ea2f65200,True,1.0,1.0,1.0,1.0,1.0,1.0,1.0
1237,76ec850d346b5ca7,True,1.0,1.0,1.0,0.0,1.0,1.0,0.5833333333333334
1238,81ba62d61b225021,True,1.0,1.0,1.0,1.0,1.0,1.0,1.0
1239,3befac537db85c6c,True,0.0,1.0,0.0,0.0,1.0,1.0,0.0
1240,19c8d441cb445d87,True,1.0,1.0,0.7466105381437692,1.0,1.0,1.0,0.8944210575599039
1241,3c93ac00b682563d,True,1.0,1.0,0.6627809275382769,1.0,1.0,1.0,0.8594920531409488
1242,569da35d0f00545a,True,1.0,1.0,0.997460948459969,1.0,1.0,1.0,0.9989420618583204
1243,1d3cf448005f56c1,True,1.0,1.0,1.0,1.0,1.0,1.0,1.0
1244,e6b7dddf4ae95fea,True,1.0,1.0,0.9104844982271386,1.0,1.0,1.0,0.9627018742613078
1245,b3899f957ebe5684,True,1.0,1.0,0.9007408853390021,1.0,1.0,1.0,0.9586420355579176
1246,11482ead31545f3a,True,1.0,1.0,1.0,1.0,1.0,1.0,1.0
1247,467a4f14137a5910,True,0.0,1.0,0.0,0.0,1.0,1.0,0.0
1248,373abe824b3052a0,True,1.0,1.0,0.9720858851100268,0.0,1.0,1.0,0.5717024521291778
1249,205143f7ff4d5b4b,True,1.0,1.0,0.6460076738242925,1.0,1.0,1.0,0.8525031974267886
1250,42a20478abeb54d5,True,1.0,0.0,0.0,1.0,1.0,0.0,0.0
1251,3651c6423caa5145,True,0.0,1.0,0.0,0.0,1.0,1.0,0.0
1252,537935a8e7b653f2,True,1.0,1.0,0.4536353972279646,1.0,1.0,0.5,0.7723480821783185
1253,55bd10ac74585a12,True,1.0,1.0,1.0,0.0,1.0,1.0,0.5833333333333334
1254,a479822714c6558b,True,1.0,1.0,0.8517524059499154,0.0,1.0,1.0,0.5215635024791314
1255,f39db68736425365,True,1.0,1.0,0.8193262496246029,1.0,1.0,1.0,0.9247192706769178
1256,0bd89ca329cd55f9,True,1.0,1.0,0.6063638910416838,1.0,1.0,1.0,0.8359849546007015
1257,d360ce59cdc15efc,True,1.0,1.0,1.0,1.0,1.0,1.0,1.0
1258,24dd5bba8f2f5c53,True,1.0,1.0,1.0,1.0,1.0,1.0,1.0
1259,77e9812a54d05caf,True,1.0,1.0,1.0,1.0,1.0,1.0,1.0
1260,22f98151a771573a,True,1.0,1.0,0.5673081777520926,1.0,1.0,1.0,0.8197117407300386
1261,6a2adb1da8dd53f3,True,1.0,1.0,0.8350771785606015,1.0,1.0,1.0,0.9312821577335839
1262,d929120b36a95db5,True,0.0,1.0,0.0,0.0,1.0,1.0,0.0
1263,f5d967a1fedb5e3b,True,1.0,1.0,0.9749619884915646,0.0,1.0,1.0,0.5729008285381519
1264,f8ded55c8f855116,True,1.0,1.0,1.0,1.0,1.0,1.0,1.0
1265,b9148aabf55250e9,True,1.0,1.0,0.2801578155255246,1.0,1.0,1.0,0.7000657564689686
1266,b00afb2388cd5007,True,1.0,1.0,1.0,1.0,1.0,1.0,1.0
1267,601eee0a0e2d52a3,True,1.0,1.0,1.0,1.0,1.0,1.0,1.0
1268,7d635921b94555f6,True,0.0,1.0,0.0,0.0,1.0,1.0,0.0
1269,200c447283ed50eb,True,1.0,1.0,1.0,1.0,1.0,1.0,1.0
1270,6872fa29d1345d03,True,1.0,1.0,0.9649189431498213,1.0,1.0,1.0,0.9853828929790923
1271,465d879f0b205c8f,True,1.0,1.0,1.0,1.0,1.0,1.0,1.0
1272,961cd53fde9a5c3d,True,1.0,1.0,0.8653912883184003,0.0,1.0,1.0,0.5272463701326667
1273,8451437af5ba59ea,True,1.0,0.0,0.0,1.0,1.0,1.0,0.0
1274,2c29f40d1a1d5b28,True,1.0,1.0,1.0,1.0,1.0,1.0,1.0
1275,6fb754e903985d44,True,1.0,0.0,0.0,1.0,1.0,1.0,0.0
1276,59797b950d9e52ba,True,1.0,0.0,0.0,1.0,1.0,1.0,0.0
1277,e36e9da57e1e5e32,True,1.0,1.0,0.5488509956172889,1.0,1.0,1.0,0.8120212481738704
1278,dd393ea6b72059c3,True,1.0,1.0,1.0,1.0,1.0,1.0,1.0
1279,58dd10abb9ba5388,True,1.0,0.0,0.0,1.0,1.0,1.0,0.0
1280,fa39ec6686705dac,True,1.0,1.0,0.4801697007977642,1.0,1.0,1.0,0.7834040419990685
1281,077031ef7dcb5ab4,True,1.0,1.0,1.0,1.0,1.0,1.0,1.0
1282,4d7fd20d02ae5ed4,True,1.0,1.0,0.8531307769241846,1.0,1.0,1.0,0.9388044903850769
1283,cee52329bc8855af,True,1.0,1.0,0.4603398618172527,1.0,1.0,1.0,0.775141609090522
1284,974a70027f8f593c,True,1.0,1.0,1.0,1.0,1.0,1.0,1.0
1285,0b57b00279885fd4,True,1.0,1.0,1.0,1.0,1.0,1.0,1.0
1286,7a64a496ba815aa8,True,1.0,1.0,0.8087339466323994,1.0,1.0,1.0,0.9203058110968332
1287,cf7876c4ad0752b5,True,0.0,1.0,0.0,0.0,1.0,1.0,0.0
1288,557690c1c31357b1,True,1.0,1.0,0.8141055024971353,1.0,1.0,1.0,0.9225439593738063
1289,d89a663c15da5ce2,True,1.0,1.0,0.9483567878817749,1.0,1.0,1.0,0.9784819949507395
1290,77b99279c5265bab,True,0.5,0.0,0.0,0.0,1.0,0.0,0.0
1291,fe5bd33f199d5a64,True,1.0,1.0,0.9175435200981075,1.0,1.0,1.0,0.9656431333742114
1292,9c0b17fc7987544e,True,1.0,1.0,0.7754648945163303,1.0,1.0,1.0,0.906443706048471
1293,fff973197a795e6a,True,1.0,1.0,0.7939346086873847,1.0,1.0,1.0,0.9141394202864103
1294,c43312ea64bc5d28,True,1.0,1.0,0.9291686404595069,1.0,1.0,1.0,0.9704869335247945
1295,2fb12c4c2eec5b8d,True,1.0,1.0,1.0,1.0,1.0,1.0,1.0
1296,f24730f3bb525e73,True,1.0,0.0,0.0,1.0,1.0,1.0,0.0
1297,0146e76ccdba5d9d,True,1.0,0.0,0.0,1.0,1.0,1.0,0.0
1298,61b108df4a5f53fb,True,1.0,1.0,1.0,0.0,1.0,1.0,0.5833333333333334
1299,777c2c183e49504e,True,1.0,1.0,0.976456882968765,0.0,1.0,1.0,0.5735237012369855
1300,57af94e8290254bb,True,1.0,1.0,0.026966165636194205,1.0,1.0,1.0,0.5945692356817476
1301,fc450a5080d458e1,True,1.0,1.0,0.8426690965655249,1.0,1.0,1.0,0.934445456902302
1302,44062179c5b350bc,True,1.0,1.0,1.0,1.0,1.0,1.0,1.0
1303,19488eb3301f5d26,True,1.0,1.0,0.8321230640002104,1.0,1.0,1.0,0.9300512766667545
1304,13cbee7dbb4853ec,True,1.0,1.0,1.0,0.0,1.0,1.0,0.5833333333333334
1305,2be07b9c94db5de7,True,1.0,1.0,0.9378540943457141,1.0,1.0,1.0,0.9741058726440475
1306,d2fbab8bed795b5a,True,1.0,1.0,1.0,1.0,1.0,1.0,1.0
1307,4acd373578e357d1,True,1.0,0.0,0.0,1.0,1.0,0.5,0.0
1308,0ae7ba2fd0f95d17,True,1.0,1.0,0.8949252786193959,1.0,1.0,1.0,0.9562188660914149
1309,aa4897ec11395ec8,True,1.0,1.0,0.9580215624658796,1.0,1.0,1.0,0.9825089843607832
1310,e5e00457df055e1a,True,1.0,1.0,1.0,1.0,1.0,1.0,1.0
1311,03ffae8f89f65f90,True,0.0,0.0,0.0,0.0,1.0,0.5,0.0
1312,a23ebe50e290544b,True,1.0,0.0,0.0,1.0,1.0,1.0,0.0
1313,fce752b25ce55380,True,1.0,1.0,1.0,1.0,1.0,1.0,1.0
1314,b814c5b773165d87,True,1.0,1.0,0.9120728798108036,1.0,1.0,1.0,0.9633636999211682
1315,5bb280e3aebe5a67,True,1.0,1.0,0.7224945678805945,1.0,1.0,1.0,0.8843727366169144
1316,70e6f01ee485510a,True,1.0,1.0,0.8104396078541575,1.0,1.0,1.0,0.9210165032725657
1317,0df6533b550c58c1,True,0.5,0.0,0.0,0.0,1.0,1.0,0.0
1318,d392c806c0605f72,True,1.0,1.0,0.7475672366114922,1.0,1.0,1.0,0.894819681921455
1319,36ea923bc32b5181,True,0.0,1.0,0.0,0.0,1.0,1.0,0.0
1320,f4cc7553b85f5fb0,True,0.0,1.0,0.0,0.0,1.0,1.0,0.0
1321,e34d17f003a052f5,True,1.0,1.0,1.0,0.0,1.0,1.0,0.5833333333333334
1322,e3d3be1bc77e517e,True,1.0,1.0,1.0,1.0,1.0,1.0,1.0
1323,0c81f22d5e0658de,True,1.0,1.0,0.8580734943812741,1.0,1.0,1.0,0.9408639559921976
1324,0cd0aaeb35c95094,True,1.0,1.0,0.9853255909068148,1.0,1.0,1.0,0.9938856628778394
1325,b9aa102f4d7b5751,True,1.0,1.0,1.0,1.0,1.0,1.0,1.0
1326,511741d6df93540d,True,1.0,1.0,0.9817056318748285,0.0,1.0,1.0,0.5757106799478452
1327,31aa58748e2c5495,True,1.0,1.0,1.0,0.0,1.0,1.0,0.5833333333333334
1328,3038555c47555d08,True,0.5,0.0,0.0,0.0,1.0,1.0,0.0
1329,3ae59f6099b65d31,True,1.0,1.0,0.7255250949438473,1.0,1.0,0.5,0.885635456226603
1330,8db7275969855f22,True,1.0,1.0,1.0,1.0,1.0,1.0,1.0
1331,9c63c33c198e5aa9,True,1.0,1.0,0.7852988355934087,1.0,1.0,1.0,0.9105411814972536
1332,e5de42748cb65962,True,0.5,0.0,0.0,0.0,1.0,1.0,0.0
1333,a5c89cf130d858a4,True,1.0,1.0,1.0,1.0,1.0,1.0,1.0
1334,a2f75428b992536c,True,1.0,1.0,0.6888206731099504,1.0,1.0,1.0,0.870341947129146
1335,303e7dd5717f54cd,True,1.0,0.0,0.0,1.0,1.0,0.0,0.0
1336,c404e4b4b7a455d3,True,0.0,1.0,0.0,0.0,1.0,1.0,0.0
1337,6e67504ab65f5314,True,1.0,1.0,0.9708891761785697,0.0,1.0,1.0,0.5712038234077373
1338,c18b1648f6045467,True,1.0,1.0,0.5499358577708993,1.0,1.0,0.5,0.8124732740712081
1339,ef89947a381a50bf,True,1.0,1.0,1.0,1.0,1.0,1.0,1.0
1340,d49b986924cd5bed,True,1.0,1.0,0.7628771077872778,1.0,1.0,1.0,0.9011987949113657
1341,08dfae1bbef35bdc,True,1.0,1.0,0.9752715601087965,1.0,1.0,1.0,0.9896964833786651
1342,1b5606e475d554f7,True,1.0,1.0,0.9351014958749585,1.0,1.0,1.0,0.9729589566145661
1343,76f952632729540f,True,1.0,1.0,0.8839864933161251,1.0,1.0,1.0,0.9516610388817188
1344,e0b9f01f36d75552,True,1.0,1.0,0.6299793641785748,1.0,1.0,1.0,0.8458247350744061
1345,da590e67d2e6532a,True,1.0,0.0,0.0,1.0,1.0,1.0,0.0
1346,c576010dd74157a5,True,1.0,1.0,1.0,1.0,1.0,1.0,1.0
1347,ca5969a1b0775849,True,0.0,1.0,0.0,0.0,1.0,1.0,0.0
1348,2e9c19d0168c58ac,True,1.0,1.0,1.0,1.0,1.0,1.0,1.0
1349,239e3ed3199d5ae6,True,1.0,1.0,0.9806903618398183,1.0,1.0,1.0,0.9919543174332576
1350,c719960a45715a9c,True,1.0,1.0,0.8451067017284717,1.0,1.0,1.0,0.9354611257201966
1351,b435ec4c5baa5a2c,True,1.0,1.0,1.0,1.0,1.0,1.0,1.0
1352,e9ed7dbcb6365ea2,True,1.0,1.0,0.024598952339674178,1.0,1.0,1.0,0.5935828968081976
1353,b841de24ffcb5c87,True,1.0,0.0,0.0,1.0,1.0,1.0,0.0
1354,1ea920764abe5dcb,True,1.0,0.0,0.0,1.0,1.0,0.5,0.0
1355,8013f74ddcf055db,True,1.0,0.0,0.0,1.0,1.0,1.0,0.0
1356,0b23b3823c4d57da,True,0.0,1.0,0.0,0.0,1.0,1.0,0.0
1357,feff00cef4985d6b,True,1.0,1.0,0.9102098576063496,1.0,1.0,1.0,0.9625874406693123
1358,5691c7c24fdd5e16,True,1.0,0.0,0.0,1.0,1.0,1.0,0.0
1359,353a7c23eed25597,True,1.0,1.0,1.0,0.0,1.0,1.0,0.5833333333333334
1360,7ef36a2139b45d9a,True,1.0,1.0,1.0,1.0,1.0,1.0,1.0
1361,4d267b88562f52da,True,1.0,1.0,0.8895537855907952,1.0,1.0,1.0,0.9539807439961647
1362,6e738f032ad75169,True,1.0,1.0,0.7814079844893159,1.0,1.0,1.0,0.9089199935372149
1363,b8434dfe0fbf56f0,True,1.0,1.0,0.5846665699396032,1.0,1.0,1.0,0.8269444041415014
1364,d20a475e7b1956bf,True,0.0,1.0,0.0,0.0,1.0,1.0,0.0
1365,dccee2a69ee5501d,True,1.0,1.0,1.0,0.0,1.0,1.0,0.5833333333333334
1366,b61a73309da75ac3,True,1.0,1.0,0.8128116609625351,1.0,1.0,1.0,0.9220048587343896
1367,ba7553f511f653b3,True,1.0,1.0,0.661102815396671,1.0,1.0,1.0,0.858792839748613
1368,f1042fb26da2534a,True,1.0,1.0,0.902065417141878,1.0,1.0,1.0,0.9591939238091158
1369,0ae1539816f55b5f,True,1.0,1.0,0.971259103012125,1.0,1.0,1.0,0.9880246262550522
1370,2002780575295bdc,True,1.0,1.0,1.0,1.0,1.0,1.0,1.0
1371,7d74fbed5a8c534c,True,1.0,1.0,0.8188396618681812,1.0,1.0,1.0,0.9245165257784089
1372,e8850900bade58f6,True,1.0,1.0,1.0,1.0,1.0,1.0,1.0
1373,492a64b807da5cfb,True,0.0,0.0,0.0,0.0,1.0,1.0,0.0
1374,0d8610ae20005e45,True,1.0,0.0,0.0,1.0,1.0,0.0,0.0
1375,da6d3b6810995466,True,1.0,0.0,0.0,1.0,1.0,1.0,0.0
1376,eea61634eb875210,True,1.0,1.0,1.0,1.0,1.0,1.0,1.0
1377,fccef3d0f5cc5d8e,True,1.0,1.0,1.0,1.0,1.0,1.0,1.0
1378,52ed9777731d5ba8,True,1.0,1.0,0.9156248042001447,1.0,1.0,1.0,0.964843668416727
1379,f2e2e64000445230,True,1.0,1.0,1.0,1.0,1.0,1.0,1.0
1380,13bae3f5ab31581d,True,0.0,1.0,0.0,0.0,1.0,1.0,0.0
1381,6fbe0e06902e5304,True,1.0,1.0,0.9897217905500236,1.0,1.0,1.0,0.9957174127291765
1382,13b9787d163b5072,True,1.0,1.0,0.5991544995815048,1.0,1.0,1.0,0.8329810414922937
1383,0fcb8c19983c51b6,True,1.0,1.0,0.9095121177205664,1.0,1.0,1.0,0.9622967157169026
1384,b999dd3826b058a7,True,1.0,1.0,0.7863469427780789,1.0,1.0,1.0,0.9109778928241995
1385,c71161b938af5b16,True,1.0,1.0,0.8763679846232738,1.0,1.0,1.0,0.9484866602596975
1386,ba58a70fcf8e5c64,True,1.0,0.0,0.0,1.0,1.0,1.0,0.0
1387,940becbbb9d05594,True,1.0,0.0,0.0,1.0,1.0,1.0,0.0
1388,5cb436b6276f59ae,True,1.0,1.0,1.0,1.0,1.0,1.0,1.0
1389,c0f364f8ed645542,True,1.0,0.0,0.0,1.0,1.0,1.0,0.0
1390,b5b8d20688385790,True,1.0,1.0,1.0,1.0,1.0,1.0,1.0
1391,fdc126183c355692,True,1.0,1.0,1.0,1.0,1.0,1.0,1.0
1392,069c47e25ca55ef5,True,0.5,0.0,0.0,0.0,1.0,1.0,0.0
1393,4a6ab6e35934543a,True,1.0,1.0,0.9318325495711649,1.0,1.0,1.0,0.971596895654652
1394,14f16328a6c0551e,True,1.0,1.0,0.3220157764916373,1.0,1.0,1.0,0.7175065735381821
1395,e536fdecd7ba54a5,True,1.0,1.0,0.8441282284290249,1.0,1.0,1.0,0.9350534285120937
1396,74b5ee27fa1b5612,True,1.0,0.0,0.0,1.0,1.0,1.0,0.0
1397,57be56626c61528e,True,1.0,0.0,0.0,1.0,1.0,1.0,0.0
1398,04e3f71d6bc15d1e,True,1.0,1.0,1.0,0.0,1.0,1.0,0.5833333333333334
1399,611145a947d95451,True,1.0,1.0,0.9344112677543714,1.0,1.0,1.0,0.9726713615643213
1400,8b83388ca9005cf1,True,1.0,1.0,0.838576877134574,1.0,1.0,1.0,0.9327403654727391
1401,654f6079561e5cdb,True,1.0,1.0,1.0,1.0,1.0,1.0,1.0
1402,28a4a08f11a05407,True,1.0,1.0,0.7486577615153885,1.0,1.0,1.0,0.8952740672980785
1403,fbe67126a4285628,True,1.0,1.0,1.0,1.0,1.0,1.0,1.0
1404,49f69d3d75b65659,True,1.0,1.0,0.9176076281009804,1.0,1.0,1.0,0.9656698450420752
1405,a5ee1632a31556a1,True,1.0,1.0,0.832359261636348,1.0,1.0,1.0,0.9301496923484783
1406,c2f56a56716f55e3,True,1.0,1.0,0.7462211230261283,1.0,1.0,1.0,0.8942588012608867
1407,3486294123695bed,True,1.0,0.0,0.0,1.0,1.0,1.0,0.0
1408,ff4f691f82915561,True,1.0,1.0,0.8389254380800234,1.0,1.0,1.0,0.9328855992000097
1409,457acf87bc885550,True,1.0,1.0,0.761806817722094,1.0,1.0,1.0,0.9007528407175392
1410,7f396948993153fe,True,1.0,1.0,1.0,1.0,1.0,1.0,1.0
1411,f24e615d71a155ae,True,1.0,1.0,0.48829512978281303,1.0,1.0,1.0,0.7867896374095054
1412,5c4f8e6a644258d3,True,0.5,1.0,0.5919855034798135,0.0,1.0,1.0,0.2066636465582945
1413,fab7cc2db66f5e63,True,1.0,1.0,1.0,1.0,1.0,1.0,1.0
1414,ba4d9a1f0ac15364,True,1.0,1.0,0.6683186848706945,1.0,1.0,1.0,0.8617994520294561
1415,9f528c7bfca6509b,True,1.0,1.0,0.7317662780361041,1.0,1.0,1.0,0.88823594918171
1416,fb8df4568d585efa,True,1.0,1.0,0.6213697507624756,1.0,1.0,1.0,0.8422373961510315
1417,52c6827af61d5b87,True,0.0,1.0,0.0,0.0,1.0,1.0,0.0
1418,bcf92cdb596a5fa2,True,1.0,1.0,0.9796035160012276,1.0,1.0,1.0,0.9915014650005115
1419,e61e8cbd0df957f0,True,1.0,1.0,1.0,1.0,1.0,1.0,1.0
1420,3c448f4385bf58e1,True,1.0,1.0,1.0,1.0,1.0,1.0,1.0
1421,69a4cff1f35655ff,True,1.0,1.0,0.7212037240947348,1.0,1.0,0.5,0.8838348850394727
1422,6b8b72c830b85a62,True,1.0,1.0,0.7909242381472682,1.0,1.0,1.0,0.9128850992280283
1423,2b34624bf9455480,True,1.0,1.0,1.0,0.0,1.0,1.0,0.5833333333333334
1424,2c5ed5662dfb5ee9,True,0.0,1.0,0.0,0.0,1.0,1.0,0.0
1425,276396e455bb57b5,True,0.5,1.0,0.3262916649736414,0.0,1.0,0.5,0.1513107635361753
1426,6b7e5348100b5572,True,1.0,1.0,0.9446203354663364,1.0,1.0,1.0,0.9769251397776402
1427,c968e1d258265a2b,True,1.0,1.0,1.0,0.0,1.0,1.0,0.5833333333333334
1428,b5155b952c645ce0,True,1.0,1.0,0.8555302636423403,1.0,1.0,1.0,0.9398042765176418
1429,4eab329460d853f6,True,1.0,1.0,0.8084369088153867,1.0,1.0,1.0,0.9201820453397445
1430,4a4a11299e125c20,True,1.0,1.0,0.6864900199802185,1.0,1.0,1.0,0.8693708416584244
1431,91d449d737cc50fb,True,1.0,1.0,1.0,0.0,1.0,0.5,0.5833333333333334
1432,9de91fbb8b275885,True,1.0,0.0,0.0,0.0,1.0,1.0,0.0
1433,8fc41f783d475448,True,1.0,1.0,1.0,1.0,1.0,1.0,1.0
1434,a417154cf84a5426,True,0.0,1.0,0.0,0.0,1.0,1.0,0.0
1435,c44755b18af45385,True,1.0,1.0,1.0,1.0,1.0,1.0,1.0
1436,515fefed28a65a88,True,1.0,1.0,0.8491917304039655,1.0,1.0,1.0,0.9371632210016522
1437,f7cef72b285555af,True,1.0,1.0,0.5193237380577471,1.0,1.0,1.0,0.799718224190728
1438,34bead43250559f7,True,1.0,1.0,0.9160022319449957,1.0,1.0,1.0,0.9650009299770815
1439,d7099c8643c95283,True,1.0,1.0,1.0,1.0,1.0,0.5,1.0
1440,c4a4767fa7675875,True,1.0,1.0,1.0,0.0,1.0,1.0,0.5833333333333334
1441,2ad04beca6e65771,True,1.0,1.0,0.6541317381134588,1.0,1.0,1.0,0.8558882242139413
1442,4a35a95ee57f5572,True,1.0,0.0,0.0,1.0,1.0,1.0,0.0
1443,90e387c7930d56de,True,1.0,0.0,0.0,1.0,1.0,1.0,0.0
1444,2f482e2df2565b82,True,1.0,1.0,0.8872506976923881,0.0,1.0,1.0,0.5363544573718283
1445,ecc5d9051f445174,True,1.0,1.0,1.0,1.0,1.0,1.0,1.0
1446,01e4bff700f15523,True,1.0,1.0,0.7853045576771683,1.0,1.0,1.0,0.9105435656988202
1447,d318551a8ce150e5,True,1.0,1.0,0.9873833267894806,1.0,1.0,1.0,0.9947430528289503
1448,6492ae3886505280,True,1.0,1.0,0.8627869198310066,1.0,1.0,1.0,0.9428278832629194
1449,ca4f746c0a4f5396,True,1.0,1.0,0.7847020172388828,1.0,1.0,1.0,0.9102925071828678
1450,8ddb6763987051ba,True,1.0,1.0,1.0,0.0,1.0,1.0,0.5833333333333334
1451,ff83944cb2845479,True,1.0,1.0,0.6366497235193017,1.0,1.0,1.0,0.8486040514663756
1452,0777f5a7263758be,True,1.0,1.0,1.0,1.0,1.0,1.0,1.0
1453,6c8af7c93b5751c4,True,1.0,1.0,0.8890626713666082,1.0,1.0,1.0,0.95377611306942
1454,3a31f6e6819d5ab2,True,1.0,1.0,1.0,1.0,1.0,1.0,1.0
1455,8c12150f849b5b10,True,1.0,1.0,0.9953036725353016,1.0,1.0,1.0,0.998043196889709
1456,3b53493dfe335ea6,True,1.0,1.0,0.7221201305114116,1.0,1.0,1.0,0.8842167210464215
1457,ba62104a517e5a9b,True,1.0,1.0,0.9694586254324815,1.0,1.0,1.0,0.987274427263534
1458,47cdeda07aeb5b19,True,1.0,1.0,0.8402698327816654,1.0,1.0,1.0,0.9334457636590273
1459,8dda399c53aa5be8,True,1.0,1.0,1.0,1.0,1.0,1.0,1.0
1460,1fe885bcdf8d53de,True,1.0,1.0,0.8898812273581214,1.0,1.0,1.0,0.9541171780658839
1461,c3d78ec633fa57be,True,1.0,1.0,1.0,1.0,1.0,1.0,1.0
1462,2d6a7d3813ef54e0,True,1.0,1.0,0.9599573228800966,1.0,1.0,1.0,0.9833155512000403
1463,8c5a5e3a57535abf,True,1.0,1.0,1.0,1.0,1.0,1.0,1.0
1464,b641f849bdd55fd7,True,1.0,1.0,1.0,0.0,1.0,1.0,0.5833333333333334
1465,7f0cb33eb150567e,True,1.0,1.0,1.0,1.0,1.0,1.0,1.0
1466,20162e17faf656f2,True,1.0,1.0,0.7560278827397523,1.0,1.0,1.0,0.8983449511415635
1467,bb0d850edd125bbe,True,1.0,1.0,0.816573688686881,1.0,1.0,1.0,0.9235723702862004
1468,1caa3a4c5d5d510e,True,1.0,1.0,0.7345037168580538,1.0,1.0,1.0,0.8893765486908558
1469,829e3a1622565a63,True,1.0,1.0,0.7159104227007425,1.0,1.0,1.0,0.881629342791976
1470,0c330f8c6d6658ee,True,1.0,1.0,0.7740172750834803,1.0,1.0,1.0,0.9058405312847834
1471,f958234391c05be3,True,1.0,1.0,0.9516325871146942,1.0,1.0,1.0,0.9798469112977893
1472,0b3774b9729455e1,True,1.0,1.0,1.0,1.0,1.0,1.0,1.0
1473,ff9d7c14934b541e,True,1.0,1.0,0.7807182052363628,1.0,1.0,1.0,0.9086325855151512
1474,a15ed2f3e39c5c0d,True,1.0,1.0,1.0,1.0,1.0,1.0,1.0
1475,d8d4f191f3bc5f34,True,1.0,1.0,0.7801857982334762,1.0,1.0,1.0,0.9084107492639485
1476,7eb910e54ef55811,True,1.0,1.0,1.0,1.0,1.0,1.0,1.0
1477,cbc6f9e782c950ad,True,1.0,1.0,1.0,1.0,1.0,1.0,1.0
1478,4bc793d4a9ef5860,True,1.0,1.0,0.7420742897351892,1.0,1.0,1.0,0.8925309540563289
1479,014369205e025f0c,True,1.0,1.0,0.8209861623054661,1.0,1.0,1.0,0.9254109009606108
1480,16125101defb5b51,True,1.0,1.0,1.0,1.0,1.0,1.0,1.0
1481,1b3de6f75c0559d8,True,1.0,1.0,0.4049797401974701,1.0,1.0,1.0,0.7520748917489458
1482,bf00c76f25185b83,True,1.0,1.0,0.6575971502548085,1.0,1.0,1.0,0.8573321459395036
1483,0371700bf65b51e0,True,1.0,0.0,0.0,0.0,1.0,1.0,0.0
1484,63ec67c4a58a5e5b,True,1.0,0.0,0.0,1.0,1.0,0.0,0.0
1485,3afcfc58857f5790,True,1.0,1.0,1.0,1.0,1.0,1.0,1.0
1486,68643a176fcb5c7c,True,1.0,1.0,1.0,1.0,1.0,1.0,1.0
1487,4b875117d12e5ef6,True,1.0,1.0,0.9178349800872136,1.0,1.0,1.0,0.9657645750363391
1488,a9c368a110585b1a,True,0.0,1.0,0.0,0.0,1.0,0.5,0.0
1489,74a8e53c9a6f50a3,True,1.0,1.0,1.0,1.0,1.0,1.0,1.0
1490,bc692afe313d50ee,True,1.0,1.0,0.8002631516535822,1.0,1.0,1.0,0.9167763131889926
1491,a99280d8424c55b2,True,1.0,1.0,1.0,1.0,1.0,1.0,1.0
1492,29518f7a31945a13,True,1.0,1.0,0.9067385498176987,1.0,1.0,1.0,0.9611410624240412
1493,bb85e87e90ae52ec,True,1.0,1.0,1.0,1.0,1.0,0.0,1.0
1494,52b2e626eca85976,True,1.0,0.0,0.0,1.0,1.0,1.0,0.0
1495,0d77009a20f25175,True,1.0,1.0,0.6686032584923359,1.0,1.0,1.0,0.8619180243718066
1496,583e9cc4115258e4,True,1.0,1.0,0.7854348517736475,1.0,1.0,0.5,0.9105978549056865
1497,6326d00e52115da4,True,1.0,1.0,0.0397190745600948,1.0,1.0,1.0,0.5998829477333728
1498,b11b571fd6a35e9e,True,1.0,1.0,1.0,1.0,1.0,1.0,1.0
1499,af7ef7050e425cb9,True,1.0,1.0,0.9413607893848983,1.0,1.0,1.0,0.975566995577041
1500,fc529b3abdc65998,True,1.0,1.0,1.0,1.0,1.0,1.0,1.0
1501,6bd962139e2658da,True,1.0,1.0,0.9851704693439612,1.0,1.0,1.0,0.9938210288933172
1502,88ff8f6ad0ab5a77,True,1.0,1.0,0.7439937608383385,1.0,1.0,0.5,0.893330733682641
1503,6c3a055d6ac15aa9,True,1.0,1.0,0.8366588226038931,1.0,1.0,1.0,0.9319411760849555
1504,fab7537b12d254bd,True,1.0,1.0,1.0,0.0,1.0,1.0,0.5833333333333334
1505,134cbee5a9635cd7,True,0.0,1.0,0.0,0.0,1.0,1.0,0.0
1506,31e7be6258f35c5a,True,1.0,0.0,0.0,1.0,1.0,1.0,0.0
1507,f407714273645434,True,1.0,1.0,0.6921665646222803,1.0,1.0,0.5,0.8717360685926168
1508,e22fe7366ecd5c70,True,0.0,1.0,0.0,0.0,1.0,1.0,0.0
1509,7f20b37cfbb7573b,True,1.0,1.0,0.823001991085181,1.0,1.0,1.0,0.9262508296188253
1510,502fadfdde3554b2,True,1.0,1.0,0.4433214992131252,1.0,1.0,1.0,0.7680506246721355
1511,ae643fddc1195062,True,0.0,1.0,0.0,0.0,1.0,1.0,0.0
1512,8fc0b7212263588f,True,1.0,1.0,0.9842711053499968,1.0,1.0,1.0,0.993446293895832
1513,7117e9fc77fd5606,True,1.0,1.0,0.7510491150152937,1.0,1.0,0.0,0.8962704645897057
1514,507c91dd2444555e,True,1.0,0.0,0.0,1.0,1.0,1.0,0.0
1515,0b12ac5676875ade,True,1.0,1.0,0.8857041427304121,1.0,1.0,1.0,0.9523767261376718
1516,cb1d400e9da85f43,True,1.0,1.0,1.0,1.0,1.0,1.0,1.0
1517,cf693fb497155dee,True,1.0,1.0,0.8152070180178911,1.0,1.0,1.0,0.9230029241741212
1518,001b34b45b2f50e4,True,1.0,1.0,1.0,1.0,1.0,1.0,1.0
1519,44a82a16cdbc5813,True,1.0,1.0,0.9895201932591532,1.0,1.0,1.0,0.9956334138579805
1520,e18ac69f49cf582f,True,1.0,0.0,0.0,1.0,1.0,1.0,0.0
1521,1803fa678ee652fa,True,1.0,0.0,0.0,1.0,1.0,1.0,0.0
1522,fd20892efbe35102,True,1.0,1.0,0.8810854904898487,1.0,1.0,1.0,0.9504522877041036
1523,5e4dd8c91b8453bf,True,1.0,1.0,1.0,1.0,1.0,1.0,1.0
1524,0b4a7c2ba59e5a8c,True,1.0,1.0,0.8549848086169389,1.0,1.0,1.0,0.9395770035903913
1525,1316af62e13e5dd5,True,1.0,0.0,0.0,1.0,1.0,1.0,0.0
1526,c84b4ca798ca563a,True,1.0,1.0,0.5478027060406057,1.0,1.0,1.0,0.8115844608502524
1527,dac744da64d35664,True,1.0,1.0,0.9122332640994075,1.0,1.0,1.0,0.9634305267080864
1528,62b620262e1b5b25,True,1.0,1.0,1.0,1.0,1.0,1.0,1.0
1529,0d7d0361dc665d25,True,1.0,1.0,1.0,1.0,1.0,1.0,1.0
1530,bef85b7ac1dc5207,True,1.0,1.0,0.28446843337617805,1.0,1.0,1.0,0.7018618472400742
1531,6420c06f99465b53,True,1.0,1.0,1.0,1.0,1.0,1.0,1.0
1532,6895a6d7719f5b3e,True,1.0,1.0,1.0,1.0,1.0,1.0,1.0
1533,b6589175626f5510,True,1.0,1.0,0.5367200578701272,1.0,1.0,1.0,0.8069666907792197
1534,31f2d9d9334d5a06,True,1.0,1.0,0.761315753938922,1.0,1.0,1.0,0.9005482308078842
1535,8a46ac0d50d4505e,True,1.0,1.0,0.9742338850176654,1.0,1.0,1.0,0.9892641187573606
1536,8e274784672a514b,True,1.0,1.0,1.0,1.0,1.0,1.0,1.0
1537,60b09bc0e48c5d97,True,1.0,1.0,1.0,1.0,1.0,1.0,1.0
1538,b8de09ba44a054df,True,1.0,0.0,0.0,1.0,1.0,1.0,0.0
1539,071d69045acb5971,True,1.0,1.0,0.7549572199477567,1.0,1.0,1.0,0.8978988416448986
1540,9881bb008f61514a,True,1.0,1.0,0.7843999125114199,1.0,1.0,1.0,0.9101666302130916
1541,5209e1f6a97e592a,True,1.0,1.0,0.8093329156897697,1.0,1.0,1.0,0.920555381537404
1542,ef27f4eeb34e5b83,True,0.0,1.0,0.0,0.0,1.0,1.0,0.0
1543,236914bd075052ca,True,1.0,1.0,0.8355088857822726,1.0,1.0,1.0,0.9314620357426135
1544,2e34ba0896d75c28,True,1.0,1.0,0.7421330131910677,1.0,1.0,1.0,0.8925554221629449
1545,00f49d71f0eb507b,True,1.0,1.0,0.40145075512071365,1.0,1.0,1.0,0.7506044813002974
1546,83212ddd15375812,True,1.0,1.0,1.0,1.0,1.0,1.0,1.0
1547,30d639fe2d5057e3,True,0.0,1.0,0.0,0.0,1.0,1.0,0.0
1548,9f0193389f8a520c,True,0.0,1.0,0.0,0.0,1.0,1.0,0.0
1549,ab9d0f7542805d20,True,0.0,1.0,0.0,0.0,1.0,1.0,0.0
1550,fe6db2d0c7025b8a,True,1.0,1.0,1.0,0.0,1.0,1.0,0.5833333333333334
1551,4abad0cd5fee5f43,True,1.0,1.0,0.9878756668463246,0.0,1.0,1.0,0.5782815278526352
1552,d15124ba09f35a70,True,1.0,1.0,0.9960716920736206,1.0,1.0,1.0,0.9983632050306751
1553,a7ce5a625a525b45,True,1.0,1.0,1.0,1.0,1.0,1.0,1.0
1554,8959015fc1fe5791,True,1.0,1.0,0.8489566298596454,0.0,1.0,1.0,0.5203985957748523
1555,542304e2baf25357,True,1.0,1.0,0.9868418290686088,1.0,1.0,1.0,0.994517428778587
1556,edeaf2305fa85143,True,1.0,1.0,0.9438434459956917,1.0,1.0,1.0,0.9766014358315381
1557,1b54d7f77eca559b,True,1.0,1.0,0.9528808204784125,1.0,1.0,1.0,0.980367008532672
1558,b88e5601e3055bd8,True,1.0,1.0,1.0,1.0,1.0,1.0,1.0
1559,d09bb687e7e15b97,True,1.0,1.0,1.0,0.0,1.0,1.0,0.5833333333333334
1560,6efb5186a9e55a68,True,1.0,1.0,1.0,1.0,1.0,1.0,1.0
1561,8e5ce0a119585d3b,True,1.0,1.0,0.703847622000849,0.0,1.0,1.0,0.45993650916702045
1562,dc2279179bb25d08,True,1.0,1.0,0.6522716767854829,1.0,1.0,1.0,0.855113198660618
1563,108fd8b55b1952af,True,0.0,1.0,0.0,0.0,1.0,1.0,0.0
1564,98b3a0bf3cce5649,True,1.0,1.0,1.0,0.0,1.0,1.0,0.5833333333333334
1565,2a2cb941f34b5bc4,True,1.0,1.0,0.9954324291047134,1.0,1.0,1.0,0.9980968454602973
1566,17c627139c325a9c,True,1.0,1.0,0.9528152981909389,0.0,1.0,1.0,0.5636730409128913
1567,7ae00644dbef537f,True,1.0,1.0,1.0,1.0,1.0,1.0,1.0
1568,294335a3e5e45496,True,1.0,1.0,1.0,1.0,1.0,1.0,1.0
1569,8cd3ad22a81c52b6,True,1.0,1.0,1.0,0.0,1.0,1.0,0.5833333333333334
1570,9f03709a3c1e5725,True,1.0,0.0,0.0,1.0,1.0,1.0,0.0
1571,c6e62024ca7e5959,True,1.0,0.0,0.0,1.0,1.0,0.5,0.0
1572,20f93aa93fe05157,True,1.0,0.0,0.0,1.0,1.0,1.0,0.0
1573,a2701552b0f95f7b,True,0.0,1.0,0.0,0.0,1.0,1.0,0.0
1574,3ce72ef7e80855e2,True,1.0,1.0,0.8697208948248516,1.0,1.0,1.0,0.9457170395103548
1575,a708f8c8db805496,True,0.0,1.0,0.0,0.0,1.0,1.0,0.0
1576,a99b2322093b5c13,True,1.0,1.0,0.9146057583578825,0.0,1.0,1.0,0.5477523993157843
1577,74308c04628b5879,True,1.0,1.0,0.6774171447077214,1.0,1.0,1.0,0.8655904769615507
1578,7bf4d5a2cad05f50,True,1.0,1.0,0.961733628942434,0.0,1.0,1.0,0.5673890120593476
1579,a8455a10df085d45,True,1.0,1.0,0.5601301249356168,1.0,1.0,1.0,0.8167208853898403
1580,54acc07973fb52c8,True,1.0,1.0,0.9827702876102598,1.0,1.0,1.0,0.9928209531709417
1581,17631c945bb959f6,True,1.0,1.0,0.8670242173023368,1.0,1.0,1.0,0.9445934238759737
1582,e36edd3aedf05e30,True,1.0,1.0,0.7414866898614808,1.0,1.0,1.0,0.892286120775617
1583,8abc81ff3045543b,True,1.0,1.0,1.0,1.0,1.0,1.0,1.0
1584,c13f0e8db9b15c69,True,0.0,1.0,0.0,0.0,1.0,1.0,0.0
1585,20a276a12f2150c5,True,1.0,1.0,1.0,1.0,1.0,1.0,1.0
1586,2ccebcdb0da25be5,True,1.0,1.0,1.0,1.0,1.0,0.0,1.0
1587,29be20efdac25f74,True,1.0,1.0,0.6967607656943259,1.0,1.0,1.0,0.8736503190393025
1588,a9f07bb60bd75461,True,1.0,1.0,0.8358945165690508,1.0,1.0,1.0,0.9316227152371045
1589,59159c92e5d9571d,True,1.0,1.0,0.792005708244564,1.0,1.0,1.0,0.9133357117685682
1590,af58d13139de5d3f,True,1.0,1.0,0.7964083789604008,1.0,1.0,1.0,0.915170157900167
1591,3c93f87b0bb0561d,True,1.0,1.0,0.46536198487493036,1.0,1.0,1.0,0.7772341603645544
1592,4889752cac5f5e59,True,1.0,1.0,0.9532639885234897,1.0,1.0,1.0,0.9805266618847873
1593,7da9641127dd514b,True,1.0,1.0,0.7979432851120947,1.0,1.0,0.5,0.9158097021300394
1594,277c6ebd67da5320,True,1.0,1.0,0.8581740820291163,1.0,1.0,1.0,0.9409058675121318
1595,3a61d7ced3ca590d,True,0.0,1.0,0.0,1.0,1.0,1.0,0.0
1596,809107982e485725,True,1.0,0.0,0.0,1.0,1.0,1.0,0.0
1597,91aeae3843455c34,True,1.0,1.0,1.0,1.0,1.0,1.0,1.0
1598,1c2eb038a9ea5caa,True,1.0,1.0,0.9671368208776371,1.0,1.0,1.0,0.9863070086990154
1599,3309408516525e17,True,1.0,0.0,0.0,1.0,1.0,0.5,0.0
1600,19d7afdb02055502,True,1.0,1.0,0.8517995595300003,1.0,1.0,1.0,0.9382498164708335
1601,310d65ad9aee5366,True,1.0,1.0,1.0,1.0,1.0,1.0,1.0
1602,a8db36bc378c599d,True,1.0,1.0,0.8533389796141678,1.0,1.0,1.0,0.9388912415059032
1603,ad8ac16631a15da5,True,1.0,1.0,0.871404168260469,1.0,1.0,1.0,0.946418403441862
1604,0221ed2a1c495f23,True,1.0,0.0,0.0,1.0,1.0,1.0,0.0
1605,1edf90bb34fc5d3f,True,1.0,1.0,1.0,0.0,1.0,1.0,0.5833333333333334
1606,1f7910e143ab5300,True,1.0,1.0,0.8692699240302513,1.0,1.0,1.0,0.9455291350126047
1607,04a8b092cd525260,True,1.0,1.0,1.0,1.0,1.0,1.0,1.0
1608,03eef9b11774564f,True,1.0,1.0,1.0,1.0,1.0,1.0,1.0
1609,ef886d0dee3e534c,True,1.0,1.0,0.9453322009495149,0.0,1.0,1.0,0.5605550837289646
1610,73b4c0560bd85b5e,True,1.0,1.0,1.0,1.0,1.0,1.0,1.0
1611,3efebf87894a552e,True,1.0,1.0,0.00655105906168426,1.0,1.0,1.0,0.5860629412757018
1612,862378e4a52553be,True,1.0,1.0,0.8563272174425708,1.0,1.0,1.0,0.9401363406010711
1613,1b3ed6f1e9b8574d,True,1.0,1.0,0.6853275040352558,1.0,1.0,1.0,0.8688864600146898
1614,1f095494fe755244,True,1.0,1.0,1.0,1.0,1.0,1.0,1.0
1615,03aa8a0576a25b63,True,1.0,1.0,0.8282333043449743,1.0,1.0,1.0,0.9284305434770727
1616,3a7b323176855920,True,1.0,1.0,0.788184238043727,1.0,1.0,1.0,0.9117434325182195
1617,48a547f135595df8,True,1.0,1.0,0.79101834291445,1.0,1.0,1.0,0.9129243095476874
1618,8b6aa9462f5157b3,True,1.0,1.0,1.0,1.0,1.0,1.0,1.0
1619,253ec4fb977d52d6,True,1.0,1.0,0.8758046708095611,1.0,1.0,1.0,0.9482519461706506
1620,f2117260382b5d83,True,1.0,1.0,0.9601978849518465,1.0,1.0,1.0,0.9834157853966028
1621,6239cdb801bc51c2,True,1.0,0.0,0.0,1.0,1.0,1.0,0.0
1622,0c318d7923d15b78,True,1.0,1.0,1.0,1.0,1.0,1.0,1.0
1623,5aafc350fc705533,True,1.0,1.0,0.9816575369599243,1.0,1.0,1.0,0.992357307066635
1624,30f09e001cf55013,True,1.0,1.0,1.0,1.0,1.0,1.0,1.0
1625,38dd6b1bb76e5301,True,1.0,0.0,0.0,1.0,1.0,1.0,0.0
1626,ad568870afa55435,True,1.0,1.0,0.843174258298818,1.0,1.0,1.0,0.9346559409578408
1627,eeafee3118a35987,True,1.0,0.0,0.0,1.0,1.0,1.0,0.0
1628,0aee34efc8445718,True,0.0,1.0,0.0,0.0,1.0,1.0,0.0
1629,43ce8a5ddf8f5541,True,1.0,1.0,1.0,1.0,1.0,1.0,1.0
1630,ed105c47e38b55e4,True,0.0,1.0,0.0,0.0,1.0,1.0,0.0
1631,1f06808c28765941,True,1.0,0.0,0.0,1.0,1.0,1.0,0.0
1632,c4e94b7583555176,True,1.0,0.0,0.0,0.0,1.0,1.0,0.0
1633,12fac37cef195384,True,1.0,1.0,0.9021539428315879,1.0,1.0,1.0,0.9592308095131616
1634,c308037e34c45bed,True,1.0,1.0,0.9758161076690314,1.0,1.0,1.0,0.9899233781954297
1635,73bc5ba81812539f,True,0.5,0.0,0.0,0.0,1.0,1.0,0.0
1636,26ca3d6741065921,True,1.0,1.0,1.0,1.0,1.0,1.0,1.0
1637,3a4b7b872e3452ac,True,1.0,1.0,1.0,0.0,1.0,1.0,0.5833333333333334
1638,a5977f7fb4fd5386,True,1.0,1.0,1.0,1.0,1.0,1.0,1.0
1639,dee9cc93aed75630,True,1.0,1.0,1.0,0.0,1.0,1.0,0.5833333333333334
1640,f51f9c282b9a54aa,True,1.0,1.0,1.0,0.0,1.0,1.0,0.5833333333333334
1641,cea4eb2a60da5354,True,1.0,1.0,0.719244382494945,1.0,1.0,1.0,0.8830184927062271
1642,33aa90792d5855a7,True,1.0,1.0,1.0,1.0,1.0,1.0,1.0
1643,7c75567759e15900,True,0.0,1.0,0.0,0.0,1.0,1.0,0.0
1644,0145102e6c2f5803,True,1.0,1.0,0.8734977590596742,1.0,1.0,1.0,0.9472907329415309
1645,08ca490a89c4544e,True,1.0,1.0,0.7721239645772071,1.0,1.0,1.0,0.9050516519071697
1646,d02d0643d42c5d91,True,0.5,0.0,0.0,0.0,1.0,1.0,0.0
1647,1dc437ce152e55fa,True,1.0,1.0,0.9434761563157136,0.0,1.0,1.0,0.559781731798214
1648,e745423278015ece,True,1.0,1.0,0.9381230506899533,1.0,1.0,1.0,0.9742179377874806
1649,111cb2c23a325817,True,1.0,1.0,0.2600918897526297,1.0,1.0,1.0,0.6917049540635958
1650,29c3b3019c9e535a,True,0.0,1.0,0.0,0.0,1.0,1.0,0.0
1651,37d818085d0f56e8,True,1.0,1.0,0.9661841521573857,0.0,1.0,1.0,0.569243396732244
1652,4d55f6c3a3dc58fe,True,1.0,1.0,1.0,1.0,1.0,1.0,1.0
1653,dc9bf97cb9e151ad,True,1.0,1.0,1.0,1.0,1.0,1.0,1.0
1654,817f460a4ad7577a,True,0.0,1.0,0.0,0.0,1.0,1.0,0.0
1655,3a7818b46809570a,True,1.0,1.0,0.7094179283300863,1.0,1.0,1.0,0.8789241368042027
1656,f14a3d3672035597,True,1.0,1.0,1.0,1.0,1.0,1.0,1.0
1657,9e522849163c53b8,True,1.0,1.0,0.7565919940501561,0.0,1.0,1.0,0.48191333085423177
1658,dc0c3446973f56b3,True,1.0,1.0,1.0,1.0,1.0,1.0,1.0
1659,d2853234152359b3,True,1.0,1.0,0.7517342864418264,1.0,1.0,1.0,0.8965559526840944
1660,6c996448c2e45ca1,True,1.0,0.0,0.0,1.0,1.0,1.0,0.0
1661,3d6f193fad315d97,True,0.0,1.0,0.0,0.0,1.0,1.0,0.0
1662,0706e8bf25805e91,True,1.0,1.0,0.8921419359053014,1.0,1.0,0.5,0.9550591399605423
1663,7f2edc964c6d5323,True,1.0,1.0,0.0,1.0,1.0,1.0,0.5833333333333334
1664,4f8fc653ac98588e,True,0.0,1.0,0.0,0.0,1.0,1.0,0.0
1665,b20a2f0ea9135457,True,1.0,1.0,0.8527031035868203,1.0,1.0,1.0,0.9386262931611752
1666,d2b6dcd76085519e,True,1.0,1.0,0.7270191773489021,1.0,1.0,1.0,0.8862579905620426
1667,da03ba74198a524b,True,1.0,1.0,1.0,1.0,1.0,1.0,1.0
1668,008d66a74c275479,True,0.0,1.0,0.0,0.0,1.0,1.0,0.0
1669,4c3547b853675e66,True,1.0,1.0,0.8577581824695975,1.0,1.0,1.0,0.940732576028999
1670,87b468bcdad158c2,True,1.0,1.0,1.0,1.0,1.0,1.0,1.0
1671,dddf14378c355c3a,True,1.0,1.0,0.9645483344720248,1.0,1.0,1.0,0.985228472696677
1672,de41a196a12e56d0,True,1.0,1.0,1.0,1.0,1.0,1.0,1.0
1673,a2978bba82bd5751,True,1.0,1.0,1.0,1.0,1.0,1.0,1.0
1674,42dc421e37c154e5,True,1.0,1.0,1.0,1.0,1.0,1.0,1.0
1675,67f7d1c129be5c4b,True,1.0,1.0,0.7405401198875476,1.0,1.0,1.0,0.8918917166198116
1676,6950076b024c51db,True,1.0,0.0,0.0,1.0,1.0,1.0,0.0
1677,87b32a1aeeb85613,True,1.0,1.0,0.8679657925332459,1.0,1.0,1.0,0.9449857468888524
1678,98107116251650a6,True,1.0,1.0,0.9080667335016285,1.0,1.0,1.0,0.9616944722923453
1679,4257350828cf5e87,True,1.0,1.0,0.7147881984503421,1.0,1.0,1.0,0.8811617493543092
1680,bf68c079985650d9,True,1.0,1.0,0.8016353984320013,1.0,1.0,1.0,0.9173480826800006
1681,ca18572aeb9755ba,True,1.0,1.0,0.7127612451121259,1.0,1.0,0.5,0.8803171854633858
1682,1b2bf4aef1465325,True,1.0,1.0,0.7605546975536521,1.0,1.0,1.0,0.9002311239806883
1683,14ce4ee85a9c5471,True,1.0,1.0,0.7904129881207997,1.0,1.0,1.0,0.9126720783836665
1684,1290e3066cbc5397,True,1.0,1.0,1.0,1.0,1.0,1.0,1.0
1685,1801a3d3fffc57f5,True,1.0,1.0,0.7504667769480439,1.0,1.0,1.0,0.8960278237283515
1686,aa2b8af510775368,True,1.0,1.0,0.7698096826944135,1.0,1.0,1.0,0.904087367789339
1687,6e983b745cb9535b,True,1.0,1.0,1.0,1.0,1.0,1.0,1.0
1688,6dd2d5f52cc55546,True,1.0,1.0,1.0,1.0,1.0,1.0,1.0
1689,e8d869b5752751a6,True,1.0,1.0,1.0,1.0,1.0,1.0,1.0
1690,7231c4ecc0395010,True,1.0,1.0,0.7551340013504978,1.0,1.0,1.0,0.8979725005627074
1691,a5851164f3ee5b71,True,1.0,1.0,0.8405880433408667,1.0,1.0,1.0,0.9335783513920278
1692,9e898d5e24c1537e,True,1.0,1.0,0.7927766119003582,1.0,1.0,1.0,0.9136569216251492
1693,85005d733df9577f,True,1.0,1.0,1.0,1.0,1.0,1.0,1.0
1694,989aefa473b75a2a,True,1.0,1.0,0.5779946771311845,1.0,1.0,0.5,0.8241644488046602
1695,9b5772aa3a955db1,True,1.0,1.0,0.7062745620324914,1.0,1.0,1.0,0.8776144008468715
1696,420d59a27cb053ae,True,1.0,1.0,0.4285541311537763,1.0,1.0,1.0,0.7618975546474068
1697,68b2ef4a0f9d505e,True,1.0,1.0,0.5852531572899309,1.0,1.0,1.0,0.8271888155374713
1698,7aed9edff97256c0,True,1.0,0.0,0.0,1.0,1.0,1.0,0.0
1699,8d90099a801d5682,True,0.5,0.0,0.0,0.0,1.0,1.0,0.0
1700,b72c6ad506465ebb,True,1.0,1.0,1.0,1.0,1.0,1.0,1.0
1701,57fc7e48f73a5218,True,1.0,0.0,0.0,1.0,1.0,1.0,0.0
1702,6f7355de329659f2,True,1.0,1.0,0.910431106891906,1.0,1.0,1.0,0.9626796278716275
1703,27c0f4e2b49b5c08,True,1.0,0.0,0.0,1.0,1.0,1.0,0.0
1704,05c6edc5f05c5932,True,1.0,1.0,0.8117764177676886,1.0,1.0,1.0,0.9215735074032035
1705,7db2c53b0e9e5971,True,1.0,1.0,0.2816453970773524,1.0,1.0,1.0,0.7006855821155634
1706,abf38de966305279,True,1.0,1.0,1.0,0.0,1.0,1.0,0.5833333333333334
1707,09a859498436512e,True,1.0,1.0,1.0,1.0,1.0,1.0,1.0
1708,7e6d49b500545236,True,1.0,0.0,0.0,1.0,1.0,1.0,0.0
1709,4b7a9aaecd8b5c5e,True,1.0,1.0,0.9798784015546997,1.0,1.0,1.0,0.9916160006477917
1710,a4ba9521736a59f9,True,1.0,1.0,1.0,1.0,1.0,1.0,1.0
1711,335576eae9705bfc,True,1.0,1.0,0.8927914366556557,1.0,1.0,1.0,0.9553297652731899
1712,fefad5f7d3405512,True,1.0,1.0,0.9530894873580747,1.0,1.0,1.0,0.9804539530658646
1713,8ea9276bf0ee55f5,True,1.0,1.0,0.868801564537048,1.0,1.0,1.0,0.94533398522377
1714,48d1f3140a8c5487,True,1.0,1.0,0.7129594411580846,1.0,1.0,1.0,0.880399767149202
1715,3af1019a97d959fa,True,1.0,1.0,1.0,1.0,1.0,1.0,1.0
1716,66dd7339f01b58c2,True,1.0,1.0,0.8105522451830512,1.0,1.0,1.0,0.921063435492938
1717,9fe281ced54b55b2,True,1.0,1.0,0.9635364697398026,1.0,1.0,1.0,0.9848068623915843
1718,e39a79ae2ceb5829,True,1.0,1.0,0.8697355622450219,1.0,1.0,1.0,0.9457231509354257
1719,5380625bddba59a2,True,1.0,1.0,0.6438922316751275,1.0,1.0,1.0,0.8516217631979698
1720,260c9a75f6e05785,True,1.0,1.0,1.0,1.0,1.0,1.0,1.0
1721,b961186653e45dc2,True,1.0,1.0,0.9353413167415352,1.0,1.0,1.0,0.9730588819756397
1722,b691d77ef9ff5d5e,True,1.0,1.0,1.0,0.0,1.0,1.0,0.5833333333333334
1723,29b49b3e2c0f5ec2,True,1.0,1.0,1.0,0.0,1.0,1.0,0.5833333333333334
1724,b683672d37cc5001,True,1.0,1.0,0.7238709673949019,1.0,1.0,1.0,0.8849462364145424
1725,83dd1484eb265a3c,True,1.0,1.0,1.0,1.0,1.0,1.0,1.0
1726,a152c8cad6625d6a,True,1.0,1.0,1.0,0.0,1.0,1.0,0.5833333333333334
1727,96f6cde1205e5865,True,1.0,0.0,0.0,1.0,1.0,1.0,0.0
1728,6f525eba8afc547c,True,1.0,0.0,0.0,1.0,1.0,1.0,0.0
1729,f3c6560a01e55c94,True,1.0,1.0,1.0,1.0,1.0,1.0,1.0
1730,e0e85d4fc9545225,True,1.0,1.0,0.7097922580782828,1.0,1.0,1.0,0.8790801075326179
1731,c227b95266d75371,True,1.0,1.0,0.4526355093708988,1.0,1.0,1.0,0.7719314622378745
1732,8872d388cf435f07,True,1.0,1.0,1.0,0.0,1.0,1.0,0.5833333333333334
1733,695beb73604159b7,True,0.0,1.0,0.0,0.0,1.0,1.0,0.0
1734,a55fa060a119508b,True,1.0,1.0,0.9502111865216462,1.0,1.0,1.0,0.9792546610506859
1735,95193473b1cb5434,True,1.0,1.0,0.8592278020297803,1.0,1.0,1.0,0.9413449175124086
1736,facc11b0d1075018,True,1.0,1.0,1.0,1.0,1.0,1.0,1.0
1737,9b9aa93df6b15de7,True,1.0,0.0,0.0,1.0,1.0,1.0,0.0
1738,5d12ad55fdd858e1,True,1.0,0.0,0.0,1.0,1.0,1.0,0.0
1739,559c4c23eb5d565a,True,1.0,0.0,0.0,1.0,1.0,1.0,0.0
1740,cb3bbfd7864d53f5,True,1.0,1.0,1.0,1.0,1.0,1.0,1.0
1741,1bddf6b0b25e5de4,True,1.0,1.0,1.0,1.0,1.0,1.0,1.0
1742,089e3eac4f7e5c5c,True,1.0,1.0,0.9549817349436457,1.0,1.0,1.0,0.9812423895598524
1743,736e564340a8557f,True,1.0,1.0,0.589084127873675,1.0,1.0,1.0,0.828785053280698
1744,ff7bf9054f4a5a4a,True,1.0,1.0,1.0,1.0,1.0,1.0,1.0
1745,06f604b0d4835371,True,1.0,1.0,0.8758194688061384,1.0,1.0,1.0,0.9482581120025576
1746,e7756dc30c605482,True,1.0,1.0,1.0,1.0,1.0,1.0,1.0
1747,e648d5c380455667,True,0.0,1.0,0.0,0.0,1.0,1.0,0.0
1748,71a5ed00dbe85089,True,1.0,1.0,0.8329533133547827,1.0,1.0,1.0,0.9303972138978261
1749,31811172f43c5188,True,1.0,1.0,1.0,1.0,1.0,1.0,1.0
1750,dd951db716735c82,True,1.0,1.0,0.8898483668930812,1.0,1.0,1.0,0.9541034862054505
1751,92389245b55d579b,True,1.0,1.0,0.8726192786822486,1.0,1.0,1.0,0.9469246994509369
1752,c928d5d9ddc25082,True,1.0,1.0,1.0,1.0,1.0,1.0,1.0
1753,5a73f6b4c9855899,True,1.0,1.0,0.7774899797483935,1.0,1.0,1.0,0.9072874915618306
1754,d6b5646287065fa8,True,1.0,0.0,0.0,1.0,1.0,1.0,0.0
1755,1028df4fc9055ed8,True,1.0,0.0,0.0,1.0,1.0,1.0,0.0
1756,b528a0aa02695437,True,1.0,1.0,0.8451216135863057,1.0,1.0,1.0,0.935467338994294
1757,c4c1e92307c55e8a,True,0.0,1.0,0.0,0.0,1.0,1.0,0.0
1758,c1d95d8a3260541c,True,1.0,0.0,0.0,1.0,1.0,1.0,0.0
1759,25cbb9887e5d5752,True,0.0,1.0,0.0,0.0,1.0,1.0,0.0
1760,7f78c5aac332551d,True,1.0,1.0,1.0,1.0,1.0,1.0,1.0
1761,a27875deccc151e0,True,1.0,1.0,0.8341882466359586,1.0,1.0,1.0,0.9309117694316494
1762,a4bf921a024f551e,True,1.0,1.0,1.0,1.0,1.0,1.0,1.0
1763,6fe374eabe7b5dea,True,1.0,1.0,1.0,1.0,1.0,1.0,1.0
1764,9839d83635495727,True,1.0,1.0,0.8665144490077151,1.0,1.0,1.0,0.9443810204198814
1765,68e8dda3806f5b88,True,1.0,0.0,0.0,1.0,1.0,1.0,0.0
1766,ec611f7d00d85b31,True,1.0,1.0,1.0,1.0,1.0,1.0,1.0
1767,2fbf549d6aac59b9,True,0.0,1.0,0.0,0.0,1.0,1.0,0.0
1768,d97108bcdab25c24,True,1.0,1.0,0.7414721117531046,1.0,1.0,1.0,0.8922800465637936
1769,10214bdcdd9c5607,True,1.0,1.0,1.0,1.0,1.0,1.0,1.0
1770,4f2ac10c0fc1566a,True,1.0,1.0,0.8039623965944508,1.0,1.0,1.0,0.9183176652476878
1771,9666a4125db25507,True,1.0,1.0,0.7909992726719434,1.0,1.0,1.0,0.9129163636133097
1772,d697dea3ebba5047,True,1.0,1.0,1.0,0.0,1.0,1.0,0.5833333333333334
1773,96587a61c6c05d71,True,1.0,1.0,0.8154677015368125,1.0,1.0,1.0,0.9231115423070051
1774,63266bfd8e1f5f15,True,0.0,1.0,0.0,0.0,1.0,1.0,0.0
1775,a0eb6fa78dc2558f,True,1.0,1.0,0.9320283184433019,1.0,1.0,1.0,0.9716784660180425
1776,4674e35da8425113,True,1.0,1.0,1.0,1.0,1.0,1.0,1.0
1777,a899eed59bf85d84,True,1.0,1.0,0.5499077304926644,1.0,1.0,1.0,0.8124615543719435
1778,4588d3bc87cd5a49,True,1.0,1.0,0.7832740256019839,1.0,1.0,1.0,0.9096975106674933
1779,5f0ef7cc5f0a5b02,True,1.0,1.0,1.0,1.0,1.0,1.0,1.0
1780,237739df15ff58cb,True,1.0,1.0,1.0,1.0,1.0,1.0,1.0
1781,cdc9d2e591cc552c,True,1.0,1.0,1.0,0.0,1.0,1.0,0.5833333333333334
1782,f414059fffd45057,True,1.0,1.0,1.0,1.0,1.0,1.0,1.0
1783,b5271c19eef859ed,True,1.0,1.0,1.0,1.0,1.0,1.0,1.0
1784,03817943eb905452,True,1.0,1.0,1.0,1.0,1.0,1.0,1.0
1785,10193911d433540b,True,1.0,1.0,0.8852356913739535,0.0,1.0,1.0,0.535514871405814
1786,43066c8c8e325fcf,True,0.0,1.0,0.0,0.0,1.0,1.0,0.0
1787,7a7ff4cc1f1a501e,True,1.0,1.0,0.9147650101547982,1.0,1.0,1.0,0.9644854208978325
1788,4e1da51967095494,True,1.0,1.0,0.9445095057765935,1.0,1.0,1.0,0.9768789607402474
1789,9a6489254d5f5577,True,1.0,1.0,0.0,1.0,1.0,1.0,0.5833333333333334
1790,d0de8d6a350d55d9,True,0.0,1.0,0.0,0.0,1.0,1.0,0.0
1791,2e883a72b2895d7c,True,1.0,1.0,0.9762560583671175,1.0,1.0,1.0,0.9901066909862989
1792,3e0511dc69b85b75,True,1.0,1.0,0.8867727483344985,1.0,1.0,1.0,0.9528219784727078
1793,c520f76d99f359f2,True,1.0,0.0,0.0,1.0,1.0,0.5,0.0
1794,6c737af6c9a752dc,True,1.0,0.0,0.0,1.0,1.0,1.0,0.0
1795,18d04df0d7e25316,True,1.0,1.0,0.764747702481322,1.0,1.0,1.0,0.9019782093672175
1796,2f5ae1e4cf9d59fa,True,1.0,1.0,0.8267648217300149,1.0,1.0,1.0,0.9278186757208395
1797,a66477a84cc05f05,True,1.0,1.0,0.033086222231596636,1.0,1.0,1.0,0.5971192592631652
1798,75c7777c6f415535,True,1.0,1.0,1.0,1.0,1.0,1.0,1.0
1799,3f4cedf4897a568e,True,1.0,1.0,0.9933192540439709,1.0,1.0,1.0,0.9972163558516546
1800,c8649af783035c0f,True,1.0,0.0,0.0,1.0,1.0,1.0,0.0
1801,df7e2f19b3cc5ba6,True,1.0,1.0,1.0,1.0,1.0,1.0,1.0
1802,795696bd00095944,True,1.0,1.0,1.0,1.0,1.0,1.0,1.0
1803,0bcae698fd905226,True,1.0,1.0,1.0,1.0,1.0,1.0,1.0
1804,561e8ca2d7395a7a,True,1.0,1.0,0.6190883870510905,1.0,1.0,1.0,0.8412868279379544
1805,d9953ee7b30f5ac3,True,1.0,1.0,0.9466904967069681,0.0,1.0,1.0,0.56112104029457
1806,bddb70b4743352ce,True,1.0,1.0,0.9256744097807964,1.0,1.0,1.0,0.9690310040753318
1807,0616f9723c60524d,True,0.0,1.0,0.0,0.0,1.0,1.0,0.0
1808,d767dfeed9965477,True,1.0,1.0,0.8696620820038654,1.0,1.0,1.0,0.9456925341682773
1809,54e1372d95955eaa,True,1.0,1.0,0.042413740658938645,1.0,1.0,1.0,0.6010057252745578
1810,74693ae387e752fa,True,1.0,1.0,0.9731986065427151,1.0,1.0,1.0,0.9888327527261312
1811,8cd3d83dd4825865,True,1.0,1.0,0.9634593986831769,1.0,1.0,1.0,0.9847747494513236
1812,629368f516d85124,True,0.0,0.0,0.0,0.0,1.0,1.0,0.0
1813,005fcf3e9a125706,True,1.0,1.0,0.6956436157622068,1.0,1.0,0.5,0.8731848399009196
1814,93b93c0235375b93,True,1.0,1.0,1.0,1.0,1.0,1.0,1.0
1815,775df8f025845f5f,True,1.0,1.0,0.7616839691260294,1.0,1.0,1.0,0.9007016538025123
1816,34e7c93be2465f25,True,1.0,1.0,1.0,0.0,1.0,1.0,0.5833333333333334
1817,cd59c2696d01521a,True,1.0,1.0,0.8102506786073098,1.0,1.0,1.0,0.9209377827530458
1818,295b050f45615ad6,True,1.0,0.0,0.0,1.0,1.0,1.0,0.0
1819,260d8dc1970256a0,True,1.0,1.0,1.0,0.0,1.0,1.0,0.5833333333333334
1820,d5ff634ca2dd5801,True,1.0,1.0,0.5821756594230371,1.0,1.0,1.0,0.8259065247595988
1821,d5eca47b1fc25d20,True,1.0,1.0,0.7840813469266359,1.0,1.0,1.0,0.910033894552765
1822,e952dd35343958d8,True,1.0,1.0,0.7935631577247528,1.0,1.0,1.0,0.9139846490519803
1823,dc4b44d8961e538a,True,1.0,1.0,0.7148157101779743,1.0,1.0,1.0,0.881173212574156
1824,9b1bea0cc0d75583,True,1.0,1.0,0.954349751526705,1.0,1.0,1.0,0.980979063136127
1825,134a3394c9b756d9,True,1.0,1.0,1.0,0.0,1.0,1.0,0.5833333333333334
1826,981ceb0924575bc3,True,1.0,1.0,1.0,1.0,1.0,1.0,1.0
1827,5ae9a8971a6754f1,True,1.0,1.0,0.9536192245709944,1.0,1.0,1.0,0.9806746769045809
1828,db5d96563dcb5427,True,1.0,1.0,1.0,1.0,1.0,1.0,1.0
1829,8c554c3017d05e9b,True,1.0,1.0,0.9135281823971813,1.0,1.0,1.0,0.9639700759988256
1830,789af91cd1755b7e,True,1.0,1.0,1.0,1.0,1.0,1.0,1.0
1831,f6c6b09c85e357ee,True,1.0,0.0,0.0,1.0,1.0,0.5,0.0
1832,e9c2b75226b85cfe,True,1.0,1.0,1.0,1.0,1.0,1.0,1.0
1833,7e082b46989356a4,True,1.0,1.0,1.0,1.0,1.0,1.0,1.0
1834,b81d52bf71365207,True,1.0,0.0,0.0,1.0,1.0,0.0,0.0
1835,e9cfc98fdc09590a,True,1.0,1.0,1.0,0.0,1.0,0.0,0.5833333333333334
1836,2e1d4bde0a16514b,True,1.0,1.0,0.92995152973131,1.0,1.0,1.0,0.9708131373880459
1837,2c0e25d51b0b5e31,True,1.0,1.0,0.904125658880519,1.0,1.0,1.0,0.9600523578668829
1838,b337627936ea5488,True,1.0,1.0,0.9902117902381863,1.0,1.0,1.0,0.9959215792659109
1839,2834297c33cd5d50,True,1.0,0.0,0.0,1.0,1.0,1.0,0.0
1840,f4eec162c14e5bfa,True,1.0,1.0,1.0,1.0,1.0,1.0,1.0
1841,d9d78961c83a5acb,True,1.0,1.0,0.4765687200913334,1.0,1.0,1.0,0.7819036333713889
1842,2eb2bc9d3b35584f,True,1.0,1.0,1.0,1.0,1.0,1.0,1.0
1843,704527beccac5701,True,1.0,1.0,0.7443166307427747,1.0,1.0,1.0,0.8934652628094893
1844,16ac515a3ba45d76,True,1.0,1.0,0.7167196642280601,1.0,1.0,1.0,0.8819665267616917
1845,59c8fb57fe4058ea,True,1.0,1.0,1.0,0.0,1.0,1.0,0.5833333333333334
1846,7f62e2a838405444,True,0.0,1.0,0.0,0.0,1.0,1.0,0.0
1847,e9f927ace9f4542d,True,1.0,1.0,0.9919094330843882,1.0,1.0,0.0,0.9966289304518284
1848,c5b585ddf50d5f1f,True,0.0,1.0,0.0,0.0,1.0,1.0,0.0
1849,fd2de60bf6745e9a,True,1.0,1.0,0.941757903415833,1.0,1.0,1.0,0.9757324597565971
1850,bd28f12ef0295020,True,1.0,1.0,0.5612896734254311,1.0,1.0,1.0,0.8172040305939298
1851,bdad96248e575296,True,0.5,1.0,0.4412986435355143,0.0,1.0,1.0,0.1752705507365655
1852,b2f320b5d94753f9,True,0.0,1.0,0.0,0.0,1.0,1.0,0.0
1853,581e219460ef5789,True,1.0,1.0,0.8567513253438207,1.0,1.0,1.0,0.940313052226592
1854,ba0dffc45509514e,True,1.0,1.0,0.9885003989853222,0.0,1.0,1.0,0.5785418329105508
1855,6cd97f45067e5bea,True,1.0,1.0,0.546046076643103,1.0,1.0,1.0,0.8108525319346263
1856,819d4bdcb0855118,True,1.0,0.0,0.0,1.0,1.0,0.5,0.0
1857,1d4b518f1b175184,True,0.0,1.0,0.0,0.0,1.0,1.0,0.0
1858,afbf26b6d3bb5bee,True,1.0,0.0,0.0,0.0,1.0,1.0,0.0
1859,5d5d1442b83d5c5c,True,1.0,1.0,0.8318627001763562,1.0,1.0,1.0,0.9299427917401485
1860,03059436fa185bf8,True,1.0,0.0,0.0,1.0,1.0,1.0,0.0
1861,9fc437191831579a,True,1.0,1.0,1.0,1.0,1.0,1.0,1.0
1862,6389fb6f9d675e3b,True,1.0,1.0,0.8455974529338833,1.0,1.0,1.0,0.935665605389118
1863,d184c07f6a0a5aaf,True,1.0,1.0,0.9397044450694537,1.0,1.0,1.0,0.9748768521122724
1864,b474c79361415cb0,True,1.0,1.0,0.23614117137062357,1.0,1.0,1.0,0.6817254880710931
1865,896f25f6f25e52e0,True,1.0,1.0,0.99304114520847,1.0,1.0,1.0,0.9971004771701958
1866,f8f7f1ebe2fc5bda,True,1.0,1.0,1.0,1.0,1.0,1.0,1.0
1867,ae06592110305073,True,1.0,1.0,0.9689784077889944,1.0,1.0,1.0,0.9870743365787477
1868,74707039ce5550d1,True,1.0,0.0,0.0,1.0,1.0,1.0,0.0
1869,8693307093e0553b,True,1.0,1.0,0.7808352663876883,1.0,1.0,1.0,0.9086813609948701
1870,5022f5d01ba85e74,True,0.0,0.0,0.0,0.0,1.0,1.0,0.0
1871,7779c453de865aff,True,1.0,1.0,0.8743572239724178,1.0,1.0,1.0,0.9476488433218407
1872,28ef9307f6035143,True,1.0,1.0,0.6677296865091953,1.0,1.0,1.0,0.8615540360454981
1873,2ee0fbae6edc5e0d,True,1.0,1.0,1.0,1.0,1.0,1.0,1.0
1874,c48cfa7c240d5808,True,1.0,1.0,1.0,0.0,1.0,1.0,0.5833333333333334
1875,75a76122cf43569e,True,1.0,1.0,0.795306878633593,1.0,1.0,1.0,0.9147111994306637
1876,58911c0c8e3f5906,True,0.0,1.0,0.0,0.0,1.0,1.0,0.0
1877,132ea05c88d355ca,True,1.0,1.0,0.7829553962273436,1.0,1.0,0.5,0.9095647484280599
1878,3953e2236a735999,True,1.0,1.0,1.0,1.0,1.0,1.0,1.0
1879,b6968f154bfb5a5d,True,1.0,1.0,0.7939415001472776,1.0,1.0,1.0,0.9141422917280323
1880,2fec62bc2f325559,True,1.0,1.0,1.0,1.0,1.0,1.0,1.0
1881,18492b6ce9905b13,True,1.0,1.0,0.6284786738818995,1.0,1.0,1.0,0.8451994474507915
1882,695cc61845975896,True,1.0,1.0,1.0,1.0,1.0,1.0,1.0
1883,990d981b1366595b,True,1.0,1.0,0.6912021346684297,1.0,1.0,1.0,0.8713342227785125
1884,39c08e30ff9255ef,True,0.0,1.0,0.0,0.0,1.0,1.0,0.0
1885,ecdc079932755e4e,True,1.0,1.0,1.0,0.0,1.0,1.0,0.5833333333333334
1886,c580790700c057e0,True,1.0,1.0,0.8718302184729084,0.0,1.0,1.0,0.5299292576970452
1887,95f42de7bd075f88,True,1.0,0.0,0.0,1.0,1.0,1.0,0.0
1888,31a522ae1ee151bf,True,1.0,1.0,1.0,1.0,1.0,1.0,1.0
1889,a8da6565d00e514a,True,1.0,1.0,0.8372218616533074,1.0,1.0,1.0,0.9321757756888781
1890,98527843384f5f43,True,1.0,1.0,1.0,1.0,1.0,1.0,1.0
1891,4bdff78fdccd5f6d,True,1.0,1.0,1.0,1.0,1.0,1.0,1.0
1892,8a43e10749585b21,True,1.0,1.0,1.0,0.0,1.0,1.0,0.5833333333333334
1893,8d3ac506e17050ba,True,1.0,1.0,0.77934140093723,1.0,1.0,1.0,0.9080589170571791
1894,40f09c66198258e6,True,0.0,1.0,0.0,0.0,1.0,1.0,0.0
1895,36e789a0e4035ad7,True,1.0,1.0,1.0,1.0,1.0,1.0,1.0
1896,ddfadfe2f0385b3b,True,1.0,1.0,0.998390395955146,1.0,1.0,1.0,0.9993293316479775
1897,14b4283d229a5e3d,True,1.0,0.0,0.0,1.0,1.0,1.0,0.0
1898,6a383816e5c1568b,True,1.0,1.0,0.6632440870429123,1.0,1.0,1.0,0.8596850362678801
1899,c06773e2267b568e,True,1.0,1.0,0.8948441292016236,1.0,1.0,1.0,0.9561850538340098
1900,925e046dba2f525f,True,1.0,1.0,0.9806333001419812,1.0,1.0,1.0,0.9919305417258255
1901,86cad912457d5115,True,1.0,1.0,1.0,1.0,1.0,1.0,1.0
1902,3f2cec87b5ad5d96,True,1.0,0.0,0.0,0.0,1.0,1.0,0.0
1903,1bb7bab27d1552f5,True,1.0,1.0,1.0,1.0,1.0,1.0,1.0
1904,ed7a0f74484d58a8,True,1.0,1.0,1.0,1.0,1.0,1.0,1.0
1905,fe703fbf263151f2,True,1.0,1.0,1.0,1.0,1.0,1.0,1.0
1906,54d3c4a139e75250,True,1.0,1.0,1.0,1.0,1.0,1.0,1.0
1907,7b29ee091c295f7a,True,1.0,1.0,1.0,1.0,1.0,1.0,1.0
1908,ab505f8775065375,True,1.0,1.0,1.0,1.0,1.0,1.0,1.0
1909,099ff4835ee45eb6,True,1.0,0.0,0.0,1.0,1.0,1.0,0.0
1910,1e858b49f4a95ee8,True,1.0,1.0,1.0,1.0,1.0,1.0,1.0
1911,41d8a2d6fa6853c5,True,1.0,1.0,0.9158115429257206,1.0,1.0,0.0,0.9649214762190503
1912,e71bd2560b255f76,True,1.0,1.0,1.0,1.0,1.0,1.0,1.0
1913,c77dbdd287825d1a,True,1.0,1.0,0.8290374755435841,1.0,1.0,1.0,0.9287656148098268
1914,f099b753f4345fb5,True,1.0,1.0,1.0,1.0,1.0,1.0,1.0
1915,e5ec53f2b9875433,True,1.0,1.0,1.0,1.0,1.0,0.0,1.0
1916,c2331abea9b5551f,True,1.0,0.0,0.0,1.0,1.0,1.0,0.0
1917,86d5685d21d15ee9,True,1.0,1.0,0.749391846578085,1.0,1.0,1.0,0.8955799360742022
1918,61573a0820cc553a,True,1.0,1.0,0.7617435070885412,1.0,1.0,1.0,0.9007264612868923
1919,61a236d173ef5055,True,0.0,1.0,0.0,0.0,1.0,1.0,0.0
1920,647c05f9fa725528,True,1.0,1.0,1.0,1.0,1.0,1.0,1.0
1921,f641cb06f2175d36,True,1.0,1.0,0.6373184056696759,1.0,1.0,0.5,0.8488826690290315
1922,92e3a80a8f775ce2,True,1.0,1.0,1.0,1.0,1.0,1.0,1.0
1923,f5b613e3fa03593d,True,1.0,1.0,1.0,1.0,1.0,1.0,1.0
1924,7d2043fe1fd75586,True,1.0,1.0,0.937543752882702,1.0,1.0,1.0,0.9739765637011258
1925,8aae579b8090538a,True,1.0,1.0,0.7344616762111428,1.0,1.0,1.0,0.8893590317546428
1926,e16ed6e841ee58cd,True,1.0,1.0,0.817820459093962,1.0,1.0,1.0,0.9240918579558176
1927,c66aeafedcbd5140,True,1.0,1.0,0.7524862721106832,1.0,1.0,1.0,0.896869280046118
1928,d7ff11915cdf538e,True,1.0,1.0,0.9691227707317039,1.0,1.0,1.0,0.9871344878048767
1929,5f2d040ee3bf5c6e,True,1.0,1.0,0.9306748653412642,0.0,1.0,1.0,0.5544478605588601
1930,8b5dd405c14c5249,True,0.0,1.0,0.0,0.0,1.0,1.0,0.0
1931,7ca54b5a28ae5667,True,1.0,1.0,0.516700687356544,1.0,1.0,1.0,0.79862528639856
1932,e4054a16eede5400,True,1.0,1.0,1.0,1.0,1.0,1.0,1.0
1933,e56402797d665711,True,1.0,0.0,0.0,1.0,1.0,1.0,0.0
1934,67abcf0964415891,True,0.0,1.0,0.0,0.0,1.0,0.0,0.0
1935,e08a526c85475c4b,True,1.0,1.0,1.0,1.0,1.0,1.0,1.0
1936,291a9c13b9345fd7,True,1.0,1.0,1.0,1.0,1.0,1.0,1.0
1937,a0f695da4a815955,True,0.0,1.0,0.0,0.0,1.0,1.0,0.0
1938,9551ef5e14315cc0,True,1.0,0.0,0.0,0.0,1.0,0.0,0.0
1939,726a691895a75bfc,True,1.0,1.0,1.0,0.0,1.0,1.0,0.5833333333333334
1940,94e4d365aeec5cec,True,1.0,1.0,1.0,1.0,1.0,0.5,1.0
1941,87a12c9888c75e21,True,1.0,1.0,0.85027574460239,1.0,1.0,1.0,0.9376148935843291
1942,dd9b1479609c5c59,True,1.0,1.0,1.0,1.0,1.0,1.0,1.0
1943,9dcc18a23f4d57d8,True,1.0,1.0,0.8330716916956591,1.0,1.0,1.0,0.9304465382065246
1944,3545234b609d5f4a,True,1.0,1.0,1.0,0.0,1.0,1.0,0.5833333333333334
1945,fc1785d55b675c6c,True,1.0,1.0,0.7571377110250882,1.0,1.0,1.0,0.8988073795937868
1946,37e2bc0cb5a053a5,True,1.0,1.0,0.6029046621136778,1.0,1.0,1.0,0.8345436092140325
1947,eeee7091fa995250,True,1.0,1.0,0.6723540549269634,1.0,1.0,1.0,0.8634808562195682
1948,bf0441f2960b5e17,True,1.0,1.0,0.9018567263457997,1.0,1.0,1.0,0.9591069693107498
1949,8172f888cc1f5c0f,True,1.0,1.0,0.660829770388891,1.0,1.0,1.0,0.8586790709953712
1950,a4a08c828e87562c,True,1.0,1.0,1.0,1.0,1.0,1.0,1.0
1951,86f80cbf4c6b5e50,True,1.0,0.0,0.0,1.0,1.0,1.0,0.0
1952,ff44394af7265df3,True,1.0,0.0,0.0,1.0,1.0,1.0,0.0
1953,51ed8d0e57055ed3,True,1.0,1.0,0.8025811983529965,1.0,1.0,1.0,0.9177421659804151
1954,13d1fc5b0ccd5abb,True,1.0,1.0,0.9253988123991427,1.0,1.0,1.0,0.9689161718329761
1955,dd1ab5d48c6358ef,True,0.0,1.0,0.0,0.0,1.0,1.0,0.0
1956,1a5351601d8f52da,True,1.0,1.0,0.7606404524365686,1.0,1.0,0.5,0.9002668551819036
1957,434a1b5995365a33,True,1.0,1.0,0.9682949163808878,1.0,1.0,1.0,0.9867895484920366
1958,cc853dd8697f51b3,True,1.0,0.0,0.0,1.0,1.0,1.0,0.0
1959,4b499c985f02545f,True,1.0,0.0,0.0,1.0,1.0,0.5,0.0
1960,d81e608168615b51,True,1.0,1.0,1.0,1.0,1.0,1.0,1.0
1961,499f1df141b05d36,True,1.0,1.0,0.802278000238725,1.0,1.0,1.0,0.9176158334328021
1962,23ca661f3d7754c7,True,1.0,1.0,0.8821090005636152,0.0,1.0,1.0,0.534212083568173
1963,e7c691d409295501,True,1.0,0.0,0.0,1.0,1.0,0.5,0.0
1964,3b84c23dd4ee5af8,True,1.0,1.0,1.0,1.0,1.0,1.0,1.0
1965,43c74ea303715baf,True,1.0,1.0,0.6857210937732996,1.0,1.0,1.0,0.8690504557388747
1966,b4899f9464d058f2,True,1.0,1.0,0.802349186830011,1.0,1.0,1.0,0.9176454945125045
1967,42b4245406ee5ab8,True,1.0,1.0,0.993514778582297,1.0,1.0,1.0,0.9972978244092904
1968,0d8754f6d53d5968,True,1.0,1.0,0.4731126596715767,1.0,1.0,1.0,0.7804636081964903
1969,9483bda6b31259bd,True,1.0,0.0,0.0,1.0,1.0,1.0,0.0
1970,0d09772186295ff0,True,0.0,1.0,0.0,0.0,1.0,1.0,0.0
1971,411ce5449bda5b1d,True,1.0,1.0,1.0,1.0,1.0,1.0,1.0
1972,5d3573d6da7952d3,True,1.0,0.0,0.0,1.0,1.0,1.0,0.0
1973,62de32eb450356e0,True,1.0,1.0,0.7672155525716503,1.0,1.0,1.0,0.9030064802381877
1974,237b75204e495145,True,1.0,1.0,0.7760656234549923,1.0,1.0,1.0,0.9066940097729135
1975,f10d0ad9103c5495,True,1.0,1.0,0.9679375535184916,1.0,1.0,1.0,0.9866406472993715
1976,f3e09f0670d25426,True,1.0,1.0,1.0,1.0,1.0,1.0,1.0
1977,e0dd84d2357d5ed8,True,1.0,1.0,0.829711936947544,1.0,1.0,1.0,0.92904664039481
1978,ec4557ae01265fc4,True,0.0,1.0,0.0,0.0,1.0,1.0,0.0
1979,d422c9b6689c52bf,True,1.0,1.0,0.9436893705765084,1.0,1.0,1.0,0.9765372377402118
1980,69f1c6885a4859c9,True,1.0,1.0,0.809999877577712,1.0,1.0,1.0,0.9208332823240467
1981,d1ef1e42fa15573d,True,1.0,1.0,0.1742723413663172,1.0,1.0,1.0,0.6559468089026321
1982,97d06e94283a5a65,True,1.0,1.0,0.49044209362248686,1.0,1.0,1.0,0.7876842056760361
1983,022de8051c3f5b83,True,1.0,1.0,1.0,1.0,1.0,1.0,1.0
1984,2497e961a13e50f8,True,1.0,1.0,0.8023458620040957,1.0,1.0,1.0,0.9176441091683731
1985,2f9c4ea0c97450c6,True,1.0,1.0,1.0,1.0,1.0,1.0,1.0
1986,253dba7510ca56b8,True,1.0,1.0,1.0,0.0,1.0,1.0,0.5833333333333334
1987,25aab48e050659be,True,1.0,1.0,1.0,1.0,1.0,1.0,1.0
1988,cff46947b17c5415,True,1.0,1.0,1.0,1.0,1.0,1.0,1.0
1989,0abc30416c5a59cd,True,1.0,1.0,0.09454612710682936,1.0,1.0,1.0,0.6227275529611789
1990,6d024ab27b8e517b,True,0.0,1.0,0.0,0.0,1.0,1.0,0.0
1991,cd7e4f70ce8e539b,True,1.0,1.0,0.7055562308575505,1.0,1.0,1.0,0.877315096190646
1992,85cdfd35b2cb5692,True,1.0,0.0,0.0,1.0,1.0,1.0,0.0
1993,a9c9765a005351b9,True,1.0,1.0,1.0,1.0,1.0,1.0,1.0
1994,e4b6a49b32545d95,True,1.0,1.0,0.9467018870998446,0.0,1.0,1.0,0.5611257862916019
1995,71dedbc865b25faf,True,1.0,1.0,0.8823024446146938,1.0,1.0,1.0,0.9509593519227891
1996,5ce3b2260be35a1e,True,1.0,1.0,1.0,0.0,1.0,1.0,0.5833333333333334
1997,83c7a6c3c0b15b36,True,1.0,1.0,1.0,1.0,1.0,1.0,1.0
1998,0b232677746253a0,True,1.0,1.0,1.0,1.0,1.0,1.0,1.0
1999,3f6b582803bd58e8,True,1.0,1.0,0.7745353370888924,1.0,1.0,1.0,0.9060563904537052
2000,2db824526e9458f2,True,0.0,1.0,0.0,0.0,1.0,1.0,0.0
2001,3bb3a8f506bf5980,True,1.0,1.0,0.937063042711682,1.0,1.0,1.0,0.9737762677965341
2002,1814002af9f253c6,True,0.0,0.0,0.0,0.0,1.0,1.0,0.0
2003,d813c6a4706e5411,True,1.0,1.0,0.6900657607062298,1.0,1.0,1.0,0.8708607336275959
2004,f9532e6ad0b05fbb,True,1.0,1.0,1.0,1.0,1.0,1.0,1.0
2005,ad47566ea29a57bf,True,1.0,1.0,0.4955559778883522,1.0,1.0,1.0,0.7898149907868134
2006,f23073987e7956e3,True,1.0,0.0,0.0,1.0,1.0,0.5,0.0
2007,249c1b68ba355e43,True,1.0,1.0,0.9604725018464708,1.0,1.0,1.0,0.9835302091026962
2008,b113e988ede45a4f,True,1.0,1.0,0.85835391170288,1.0,1.0,1.0,0.9409807965428666
2009,65dbd10f84db5a53,True,0.0,1.0,0.0,0.0,1.0,1.0,0.0
2010,b2cc98272c505ed6,True,1.0,1.0,0.9239327721592502,1.0,1.0,1.0,0.968305321733021
2011,c773514392cc56ba,True,1.0,1.0,0.8633470968864639,1.0,1.0,1.0,0.9430612903693599
2012,3aa9d1c9ceb35906,True,1.0,1.0,0.7670219785530414,1.0,1.0,1.0,0.9029258243971006
2013,92ec09fc760c5c4d,True,1.0,1.0,0.9910722950161559,1.0,1.0,1.0,0.9962801229233983
2014,0fb815b347a359ca,True,1.0,1.0,1.0,1.0,1.0,1.0,1.0
2015,4e1193a7697853ba,True,1.0,1.0,0.908482525675105,1.0,1.0,0.0,0.9618677190312938
2016,167d6bc7be735e55,True,1.0,1.0,1.0,0.0,1.0,1.0,0.5833333333333334
2017,1bd8492a6487562f,True,1.0,1.0,1.0,0.0,1.0,1.0,0.5833333333333334
2018,01ff2ecc002851a1,True,1.0,1.0,0.5696182407408089,1.0,1.0,1.0,0.820674266975337
2019,695d7450eb3958c1,True,1.0,1.0,0.7542917447470641,1.0,1.0,1.0,0.8976215603112768
2020,90caeda16d835f42,True,1.0,1.0,1.0,1.0,1.0,1.0,1.0
2021,d66904f908405550,True,1.0,1.0,1.0,1.0,1.0,1.0,1.0
2022,3cf9c200e3485696,True,1.0,1.0,0.9833647663442794,1.0,1.0,1.0,0.9930686526434497
2023,8ff412b66d24593c,True,1.0,1.0,1.0,0.0,1.0,1.0,0.5833333333333334
2024,e4b8bdb842ae567e,True,1.0,1.0,0.6723849889995109,1.0,1.0,1.0,0.8634937454164628
2025,b1e1c1a12339588a,True,1.0,1.0,1.0,1.0,1.0,1.0,1.0
2026,d51f75f9ae88529a,True,1.0,1.0,1.0,1.0,1.0,1.0,1.0
2027,43c65ce08ad6564e,True,1.0,1.0,0.8536751761599748,1.0,1.0,1.0,0.9390313233999894
2028,d25b6512a43f5e54,True,1.0,1.0,0.854701344486666,0.0,1.0,1.0,0.5227922268694442
2029,455fdf27af915de2,True,0.0,1.0,0.0,0.0,1.0,1.0,0.0
2030,c63599ac19bc5e9a,True,1.0,1.0,1.0,0.0,1.0,1.0,0.5833333333333334
2031,16a1dfd2dcae512b,True,1.0,1.0,0.8701367807520064,1.0,1.0,1.0,0.9458903253133361
2032,956bda5985a559f1,True,1.0,1.0,0.7593643430186341,1.0,1.0,0.5,0.8997351429244308
2033,c9b3ce1062455ad6,True,1.0,0.0,0.0,1.0,1.0,1.0,0.0
2034,977f40bd144b59e9,True,1.0,1.0,0.8939776230901256,1.0,1.0,1.0,0.9558240096208857
2035,19f8a93df08452b5,True,1.0,1.0,0.7493839607952876,1.0,1.0,1.0,0.8955766503313698
2036,48ba976afe6a59c8,True,1.0,1.0,1.0,1.0,1.0,1.0,1.0
2037,cecf3adea347569b,True,1.0,1.0,0.925325682373116,1.0,1.0,1.0,0.9688857009887983
2038,c653006470bf521f,True,1.0,1.0,1.0,1.0,1.0,1.0,1.0
2039,9b58f5bd4e995a93,True,1.0,1.0,1.0,1.0,1.0,1.0,1.0
2040,682660223761501d,True,1.0,1.0,0.8362275619107955,1.0,1.0,1.0,0.9317614841294981
2041,cebdeff85ac65185,True,1.0,1.0,1.0,0.0,1.0,1.0,0.5833333333333334
2042,3c3dfd5b93dc5f54,True,1.0,1.0,0.7193138837165615,1.0,1.0,1.0,0.8830474515485672
2043,2a799223058c5ed7,True,1.0,1.0,0.5577016912908779,1.0,1.0,1.0,0.8157090380378658
2044,029a9572e05a5914,True,1.0,1.0,0.9475604512810206,1.0,1.0,1.0,0.9781501880337586
2045,fd1e4ae4c102553c,True,1.0,1.0,1.0,1.0,1.0,1.0,1.0
2046,42545a072b1a5820,True,1.0,1.0,0.8191382945057816,1.0,1.0,1.0,0.9246409560440757
2047,abba9d81ee9054ec,True,1.0,0.0,0.0,1.0,1.0,1.0,0.0
2048,f9bd532e790f53ea,True,1.0,1.0,0.8826716591338134,1.0,1.0,1.0,0.9511131913057556
2049,66dca10d8f315889,True,1.0,0.0,0.0,1.0,1.0,1.0,0.0
2050,ad54eadf72625631,True,1.0,1.0,1.0,0.0,1.0,1.0,0.5833333333333334
2051,6e944f00e04c5f1c,True,1.0,1.0,0.7587568695856277,1.0,1.0,1.0,0.8994820289940115
2052,b66f066aad62515e,True,1.0,1.0,0.932545503766206,1.0,1.0,1.0,0.9718939599025859
2053,4c771d89311d548a,True,0.5,1.0,0.9243944039830188,0.0,1.0,1.0,0.2759155008297956
2054,cf9b7b96f5a057d0,True,1.0,1.0,0.5763674674567936,1.0,1.0,1.0,0.8234864447736641
2055,ad2ceb40a046543c,True,1.0,1.0,1.0,1.0,1.0,1.0,1.0
2056,7dd9388d605c50a1,True,1.0,1.0,0.8931063479002692,1.0,1.0,1.0,0.9554609782917788
2057,077c80ecaed0548f,True,1.0,1.0,0.6462888617331366,1.0,1.0,1.0,0.8526203590554736
2058,dcd3886f044a5e29,True,1.0,1.0,0.8713267043912188,1.0,1.0,1.0,0.9463861268296746
2059,bb4ca2b147d35b62,True,1.0,0.0,0.0,1.0,1.0,1.0,0.0
2060,1d3dfbbe8a0a54f6,True,1.0,1.0,0.8333581068962282,0.0,1.0,1.0,0.5138992112067617
2061,8686e685b08a5c3e,True,1.0,0.0,0.0,1.0,1.0,1.0,0.0
2062,c76dce931d555c6a,True,1.0,1.0,1.0,0.0,1.0,1.0,0.5833333333333334
2063,1a66019703c45296,True,1.0,0.0,0.0,0.0,1.0,1.0,0.0
2064,e61699cda2f15e01,True,1.0,1.0,1.0,1.0,1.0,1.0,1.0
2065,48b6d9fdf22d5a23,True,1.0,1.0,1.0,0.0,1.0,1.0,0.5833333333333334
2066,18d8181124185dfa,True,1.0,0.0,0.0,1.0,1.0,1.0,0.0
2067,1c3e7aa7df415acb,True,1.0,1.0,0.6219376923218689,1.0,1.0,1.0,0.8424740384674454
2068,964c8941cfe558bb,True,1.0,1.0,0.834391357526254,1.0,1.0,1.0,0.9309963989692726
2069,40508dfbe0f35d8e,True,1.0,1.0,0.9152780211623704,0.0,1.0,0.0,0.5480325088176544
2070,52d3f15d6ca75701,True,1.0,1.0,0.44790972242373983,1.0,1.0,0.5,0.769962384343225
2071,33a4b3a5822e52db,True,1.0,0.0,0.0,1.0,1.0,0.5,0.0
2072,1e0e26ffc2ae5b34,True,1.0,1.0,0.7032428727118275,1.0,1.0,1.0,0.8763511969632615
2073,624602ce65455c07,True,0.0,1.0,0.0,0.0,1.0,1.0,0.0
2074,569670245b515d11,True,1.0,1.0,0.7666035733421854,1.0,1.0,1.0,0.9027514888925773
2075,cb2a52e9af3a5e0a,True,1.0,1.0,1.0,1.0,1.0,1.0,1.0
2076,6fee6df4d64b5d9d,True,1.0,1.0,0.9646998723459463,1.0,1.0,1.0,0.9852916134774775
2077,eff5e373dade52e7,True,0.0,1.0,0.0,0.0,1.0,1.0,0.0
2078,5b707d3c85dd5ff0,True,1.0,1.0,0.6496225613662497,1.0,1.0,1.0,0.8540094005692707
2079,4c9a89b8cd2853d6,True,1.0,1.0,0.8964654857213686,1.0,1.0,1.0,0.9568606190505703
2080,e817f131c7815d82,True,1.0,1.0,1.0,1.0,1.0,1.0,1.0
2081,551ce60633b65fd0,True,1.0,1.0,0.8833421529723641,1.0,1.0,1.0,0.951392563738485
2082,d715fbc6ea0551f8,True,1.0,1.0,1.0,1.0,1.0,1.0,1.0
2083,a689d4a215245104,True,1.0,1.0,0.7976421986212979,1.0,1.0,1.0,0.9156842494255408
2084,8d5ac1ce6fb75faf,True,1.0,1.0,0.7687942829422796,1.0,1.0,1.0,0.9036642845592832
2085,b5b7e0338624532b,True,0.0,1.0,0.0,0.0,1.0,1.0,0.0
2086,496b53024fb657ae,True,1.0,1.0,0.9576534046011579,0.0,1.0,1.0,0.5656889185838158
2087,47f8cc513134512b,True,1.0,1.0,1.0,1.0,1.0,1.0,1.0
2088,103ac69be43f55b5,True,1.0,1.0,0.6230608806063785,1.0,1.0,1.0,0.8429420335859911
2089,230f2d1902125696,True,1.0,1.0,1.0,1.0,1.0,1.0,1.0
2090,5cffd130ff2c510a,True,1.0,1.0,1.0,1.0,1.0,1.0,1.0
2091,96b5b1c350745a73,True,1.0,1.0,1.0,1.0,1.0,1.0,1.0
2092,fd99b81c7f2b5ed7,True,1.0,1.0,0.9927592404050368,1.0,1.0,1.0,0.996983016835432
2093,66e559e29cca52e0,True,1.0,1.0,1.0,1.0,1.0,1.0,1.0
2094,0dc4e0a3f0195741,True,1.0,1.0,0.47061524581786246,1.0,1.0,1.0,0.779423019090776
2095,524ca5715b155976,True,1.0,1.0,1.0,1.0,1.0,1.0,1.0
2096,8ff8246f69f75f6a,True,1.0,1.0,0.8565870608610329,1.0,1.0,1.0,0.940244608692097
2097,15e6ef7a85b35d10,True,1.0,1.0,0.9279575786138753,1.0,1.0,1.0,0.969982324422448
2098,690fef019ad25dd6,True,1.0,1.0,0.7860201240815717,1.0,1.0,1.0,0.9108417183673216
2099,ce567ba416055525,True,1.0,1.0,0.9253368709502253,1.0,1.0,1.0,0.9688903628959272
2100,a08ed58ddc6d53b3,True,1.0,1.0,1.0,1.0,1.0,1.0,1.0
2101,011376b151f2526c,True,1.0,1.0,1.0,1.0,1.0,0.0,1.0
2102,b43de4c16b8d5e99,True,1.0,1.0,0.7792044201482051,1.0,1.0,1.0,0.9080018417284187
2103,5feede5c5a3c5116,True,1.0,0.0,0.0,1.0,1.0,0.5,0.0
2104,1ff00d6929bb5569,True,1.0,1.0,0.5068577807542456,1.0,1.0,1.0,0.7945240753142689
2105,879d4e4e0d2b5386,True,1.0,1.0,0.9929543171318109,1.0,1.0,1.0,0.9970642988049212
2106,586c5b66ad8158ee,True,1.0,1.0,0.9206023409697177,1.0,1.0,1.0,0.9669176420707157
2107,f16753eac7825480,True,1.0,1.0,1.0,1.0,1.0,1.0,1.0
2108,4750f239602d5627,True,1.0,1.0,0.8395859217606275,1.0,1.0,1.0,0.9331608007335949
2109,dded75c35039515f,True,1.0,0.0,0.0,0.0,1.0,1.0,0.0
2110,557fe4dc6b2a5c76,True,1.0,1.0,1.0,1.0,1.0,1.0,1.0
2111,c9ab8a82cfa054ff,True,1.0,1.0,0.6762397258244502,1.0,1.0,1.0,0.8650998857601876
2112,79ea5e55d0385928,True,1.0,1.0,0.6990579312375004,1.0,1.0,1.0,0.8746074713489586
2113,8317ed430d8e50c3,True,0.0,1.0,0.0,0.0,1.0,1.0,0.0
2114,866edd106b555de6,True,1.0,1.0,0.7569319804882575,1.0,1.0,1.0,0.898721658536774
2115,953b60711663549b,True,1.0,1.0,0.9408448514207545,1.0,1.0,1.0,0.9753520214253143
2116,3380ae828ea75d1e,True,0.0,1.0,0.0,0.0,1.0,0.0,0.0
2117,26c48df074d151c6,True,0.0,1.0,0.0,0.0,1.0,1.0,0.0
2118,52c337a436ab5362,True,1.0,1.0,0.7526585458172366,1.0,1.0,1.0,0.8969410607571819
2119,533c27383d335f4f,True,1.0,1.0,1.0,1.0,1.0,1.0,1.0
2120,7ed4005bb9385a16,True,1.0,1.0,0.9678303071006913,1.0,1.0,1.0,0.9865959612919547
2121,c38fcc20f071501a,True,1.0,0.0,0.0,1.0,1.0,1.0,0.0
2122,a9c6cd5519815308,True,1.0,1.0,1.0,1.0,1.0,1.0,1.0
2123,fe9e76e6cac35fba,True,1.0,1.0,1.0,1.0,1.0,1.0,1.0
2124,83be5aa78f7652de,True,1.0,1.0,1.0,1.0,1.0,1.0,1.0
2125,2d4d907377f35695,True,1.0,1.0,0.8506925443215013,1.0,1.0,1.0,0.937788560133959
2126,a454e18ca33d5cb7,True,1.0,0.0,0.0,1.0,1.0,0.5,0.0
2127,ab4015c25a66588a,True,1.0,1.0,1.0,0.0,1.0,0.5,0.5833333333333334
2128,3f80c1a045a056e4,True,1.0,1.0,0.914494007952399,1.0,1.0,1.0,0.9643725033134997
2129,69575edb6db5507f,True,1.0,1.0,1.0,1.0,1.0,1.0,1.0
2130,015011d2b73158b7,True,1.0,1.0,1.0,1.0,1.0,1.0,1.0
2131,8390620a5e745bfa,True,1.0,1.0,0.04496161034324912,1.0,1.0,1.0,0.6020673376430205
2132,132d1ec43fc058e1,True,1.0,0.0,0.0,1.0,1.0,1.0,0.0
2133,8b177f84759e56e0,True,1.0,1.0,1.0,1.0,1.0,1.0,1.0
2134,7b281124be57507a,True,1.0,0.0,0.0,1.0,1.0,0.5,0.0
2135,3043c8dc13aa548b,True,1.0,1.0,0.8226131792978921,1.0,1.0,1.0,0.9260888247074551
2136,d70f77951917593a,True,1.0,0.0,0.0,1.0,1.0,1.0,0.0
2137,e6ff81ab83355450,True,1.0,1.0,1.0,0.0,1.0,1.0,0.5833333333333334
2138,585a681f4ad95682,True,1.0,1.0,0.022796570028188117,1.0,1.0,1.0,0.5928319041784117
2139,02e3e6d3ecfc5240,True,1.0,1.0,0.6095102450961374,1.0,1.0,1.0,0.8372959354567239
2140,21bc638f113e5f63,True,0.0,1.0,0.0,0.0,1.0,1.0,0.0
2141,7fb1c845280a55aa,True,1.0,1.0,0.9924764865264147,1.0,1.0,1.0,0.9968652027193395
2142,2d578825c3a8565f,True,1.0,0.0,0.0,1.0,1.0,1.0,0.0
2143,182a718050bd598a,True,1.0,1.0,0.8316014308105925,1.0,1.0,1.0,0.9298339295044135
2144,048c19bd1b5954b3,True,1.0,1.0,1.0,1.0,1.0,1.0,1.0
2145,9bb9ee9f03525ac0,True,1.0,1.0,0.8550482113749631,1.0,1.0,1.0,0.9396034214062347
2146,37430d1c47995fdd,True,1.0,1.0,0.8286446479881755,1.0,1.0,1.0,0.9286019366617397
2147,5971a8d84ff45bfa,True,1.0,1.0,1.0,1.0,1.0,1.0,1.0
2148,3cc02c2389685e70,True,0.5,0.0,0.0,0.0,1.0,0.5,0.0
2149,3bf2974c80c55503,True,1.0,1.0,0.04550777853767289,1.0,1.0,1.0,0.6022949077240304
2150,e073c9ed32975c17,True,1.0,1.0,1.0,1.0,1.0,1.0,1.0
2151,8a880b6ff1dd59ab,True,1.0,1.0,0.33896258521357586,1.0,1.0,1.0,0.7245677438389899
2152,43c9ac6f2bf95da0,True,1.0,1.0,1.0,1.0,1.0,1.0,1.0
2153,b2ec50201ac25ada,True,1.0,1.0,1.0,1.0,1.0,1.0,1.0
2154,2836705e16ba5691,True,1.0,1.0,0.9596257251860221,1.0,1.0,1.0,0.983177385494176
2155,c6f0769e0c465417,True,1.0,1.0,0.8315712199489209,1.0,1.0,1.0,0.9298213416453837
2156,b42ed6a1fecd5e91,True,1.0,1.0,1.0,1.0,1.0,1.0,1.0
2157,580b253c853c5ef9,True,1.0,0.0,0.0,1.0,1.0,1.0,0.0
2158,b805c900794c53f5,True,1.0,1.0,0.8051803432188837,1.0,1.0,1.0,0.9188251430078682
2159,850fd96a46b25445,True,1.0,1.0,0.8755485929403651,1.0,1.0,1.0,0.9481452470584855
2160,cf7d3181a516574a,True,1.0,1.0,0.8178531409639576,1.0,1.0,1.0,0.924105475401649
2161,7f54c08f50ef5ace,True,1.0,1.0,1.0,0.0,1.0,1.0,0.5833333333333334
2162,6a5d6dff67a45a95,True,1.0,1.0,0.8033394024065417,1.0,1.0,1.0,0.918058084336059
2163,013456829c0050ce,True,1.0,1.0,1.0,0.0,1.0,1.0,0.5833333333333334
2164,9482776d16a6551d,True,1.0,1.0,0.7522857764065332,1.0,1.0,1.0,0.8967857401693888
2165,b5be372c45f05a96,True,1.0,1.0,0.7840795810767839,1.0,1.0,1.0,0.9100331587819932
2166,815ff18b70a75b8f,True,1.0,1.0,0.797793965625637,1.0,1.0,1.0,0.9157474856773486
2167,32bbb5bfdd515d19,True,1.0,1.0,1.0,0.0,1.0,1.0,0.5833333333333334
2168,09ce454826895686,True,1.0,1.0,0.8251537908921304,1.0,1.0,1.0,0.927147412871721
2169,50613cf56a8d5a38,True,1.0,1.0,0.9136209444294766,1.0,1.0,1.0,0.9640087268456151
2170,69e8a01f073d5080,True,1.0,0.0,0.0,1.0,1.0,1.0,0.0
2171,9c32ba9f42f75187,True,1.0,1.0,1.0,0.0,1.0,1.0,0.5833333333333334
2172,d97244a589ca587f,True,1.0,1.0,0.45907708681393855,1.0,1.0,1.0,0.7746154528391411
2173,ded4ce0e91b4596a,True,1.0,1.0,0.9994822586107067,0.0,1.0,1.0,0.5831176077544612
2174,8d86cfd038145f2a,True,1.0,0.0,0.0,1.0,1.0,0.5,0.0
2175,f74148c131c15381,True,1.0,1.0,0.9606383650219812,1.0,1.0,1.0,0.9835993187591588
2176,53d3787367c75240,True,1.0,1.0,1.0,1.0,1.0,1.0,1.0
2177,0a6021edcc74538a,True,1.0,1.0,0.9715712891947631,0.0,1.0,1.0,0.5714880371644846
2178,ab8d6b4c8b20564b,True,1.0,1.0,0.9684526830777197,1.0,1.0,1.0,0.9868552846157165
2179,06faec49379750a5,True,0.0,1.0,0.0,0.0,1.0,1.0,0.0
2180,9ec45037796f541c,True,1.0,1.0,0.6856131349466711,1.0,1.0,1.0,0.8690054728944463
2181,991f13bf4e7f590e,True,1.0,1.0,0.9764425543866998,1.0,1.0,1.0,0.990184397661125
2182,346e3a62c61e50df,True,1.0,1.0,0.8149162207955993,1.0,1.0,1.0,0.922881758664833
2183,cb91b17626f85892,True,1.0,1.0,0.32384987146138644,1.0,1.0,1.0,0.7182707797755777
2184,4faa4706a50958e2,True,1.0,1.0,0.5778994975780475,1.0,1.0,0.5,0.8241247906575198
2185,b3055bb6f80d5167,True,1.0,1.0,1.0,1.0,1.0,1.0,1.0
2186,6dcb6aa97a07588b,True,1.0,1.0,0.9138861829705968,1.0,1.0,1.0,0.9641192429044153
2187,87f7b4b94e2b5264,True,1.0,1.0,1.0,1.0,1.0,0.0,1.0
2188,6f045b164624549f,True,1.0,1.0,1.0,1.0,1.0,1.0,1.0
2189,2cce988d410654e2,True,1.0,1.0,1.0,1.0,1.0,1.0,1.0
2190,29560d02d4615d4c,True,1.0,0.0,0.0,0.0,1.0,1.0,0.0
2191,f3c165d6e31f524d,True,1.0,1.0,1.0,1.0,1.0,1.0,1.0
2192,87dcff4c11315e02,True,1.0,1.0,0.6738620492525322,1.0,1.0,1.0,0.864109187188555
2193,96bc4f4e46f752f4,True,0.0,1.0,0.0,0.0,1.0,1.0,0.0
2194,cde9cee2c4f55145,True,1.0,1.0,0.8534303973526904,1.0,1.0,1.0,0.9389293322302876
2195,6cfeeb3aab5b5681,True,1.0,1.0,1.0,0.0,1.0,1.0,0.5833333333333334
2196,fcb6bd60c8905c79,True,1.0,1.0,0.8781368637845763,1.0,1.0,1.0,0.9492236932435735
2197,0bdc177e43cf5df8,True,1.0,1.0,0.7975390979954663,1.0,1.0,1.0,0.9156412908314443
2198,d25a0ab96d165b78,True,1.0,1.0,1.0,0.0,1.0,1.0,0.5833333333333334
2199,718ebae5b23855f7,True,1.0,1.0,1.0,1.0,1.0,1.0,1.0
2200,76df9fb807c9580a,True,1.0,1.0,0.8103757362073309,1.0,1.0,1.0,0.9209898900863879
2201,090af86f693c507b,True,1.0,1.0,1.0,1.0,1.0,1.0,1.0
2202,2c90fc5cc8905562,True,1.0,1.0,0.8871075546519248,1.0,1.0,1.0,0.9529614811049688
2203,1e4f2f231ac0540e,True,1.0,1.0,0.9061714356784657,1.0,1.0,1.0,0.9609047648660273
2204,f84819b5dc2a5130,True,0.5,0.0,0.0,0.0,1.0,1.0,0.0
2205,95bb1e65b61b5e04,True,1.0,1.0,1.0,0.0,1.0,1.0,0.5833333333333334
2206,b8baf3c807cd50b4,True,1.0,1.0,1.0,1.0,1.0,0.0,1.0
2207,642a177df62954ad,True,1.0,1.0,1.0,1.0,1.0,0.5,1.0
2208,a0f499d0aab45bab,True,1.0,1.0,1.0,1.0,1.0,1.0,1.0
2209,7683c293a5a55dce,True,1.0,0.0,0.0,1.0,1.0,1.0,0.0
2210,8b8b41a9d00e5e32,True,1.0,1.0,0.8991918360561203,1.0,1.0,1.0,0.9579965983567167
2211,045f4ecec234564b,True,1.0,1.0,0.7433131861901537,1.0,1.0,1.0,0.893047160912564
2212,85c0017516e95fdc,True,1.0,1.0,0.026226923894457747,1.0,1.0,1.0,0.5942612182893574
2213,5098fc0bc21450f9,True,0.5,0.0,0.0,0.0,1.0,0.5,0.0
2214,48f70b92d6895a39,True,1.0,1.0,1.0,1.0,1.0,0.5,1.0
2215,bf1db71f1cc35b98,True,1.0,1.0,0.5507544844703623,1.0,1.0,1.0,0.8128143685293177
2216,5d8677f177185a61,True,1.0,1.0,0.9331616343902057,1.0,1.0,0.5,0.972150680995919
2217,28ecbec6051d5527,True,1.0,0.0,0.0,1.0,1.0,1.0,0.0
2218,81d6a870aab05080,True,1.0,1.0,0.9434653829339485,1.0,1.0,1.0,0.9764439095558118
2219,10bb4009fdf4513b,True,1.0,1.0,0.6706176191823171,1.0,1.0,1.0,0.8627573413259655
2220,e6a94b91b19f5315,True,1.0,1.0,0.52930517366923,1.0,1.0,1.0,0.8038771556955124
2221,7140077d03e25c2c,True,1.0,1.0,0.7916148862392749,1.0,1.0,1.0,0.9131728692663645
2222,66ba432a760c586c,True,1.0,0.0,0.0,1.0,1.0,0.5,0.0
2223,7819725bfb845e82,True,1.0,1.0,1.0,0.0,1.0,1.0,0.5833333333333334
2224,3716402a783c5689,True,1.0,1.0,1.0,1.0,1.0,1.0,1.0
2225,67bb26a522b45b5a,True,0.0,1.0,0.0,0.0,1.0,1.0,0.0
2226,36471f2ea86a54ba,True,1.0,1.0,0.6762259398407006,1.0,1.0,1.0,0.8650941416002919
2227,81ac4c9af9ea5562,True,1.0,1.0,1.0,1.0,1.0,1.0,1.0
2228,f79916e26eef5b74,True,1.0,1.0,1.0,1.0,1.0,1.0,1.0
2229,19282fb074525def,True,1.0,1.0,1.0,1.0,1.0,1.0,1.0
2230,cb71a934523a5d4a,True,1.0,1.0,0.8125517861356764,1.0,1.0,1.0,0.9218965775565318
2231,8396adcdedb55337,True,1.0,1.0,0.8773296487994786,1.0,1.0,1.0,0.9488873536664494
2232,bebbdf5c01b85cf1,True,1.0,1.0,0.9088720589244926,1.0,1.0,1.0,0.962030024551872
2233,b04c892043a352d3,True,1.0,1.0,1.0,0.0,1.0,1.0,0.5833333333333334
2234,1a9a1f65b4cc5d1d,True,1.0,1.0,1.0,0.0,1.0,1.0,0.5833333333333334
2235,73e3a1a2ed275417,True,1.0,0.0,0.0,1.0,1.0,1.0,0.0
2236,6225b347244658c1,True,1.0,1.0,0.6050543718226885,1.0,1.0,0.5,0.8354393215927868
2237,adfc4abb1c4d50b3,True,1.0,1.0,1.0,0.0,1.0,1.0,0.5833333333333334
2238,23ee145aa4de582b,True,1.0,1.0,1.0,1.0,1.0,1.0,1.0
2239,9e1cdfa2d2185645,True,1.0,0.0,0.0,1.0,1.0,1.0,0.0
2240,831e535bf528567d,True,1.0,1.0,0.022684516720300748,1.0,1.0,1.0,0.5927852153001253
2241,6d3bb2ecca3e54b4,True,1.0,1.0,1.0,1.0,1.0,1.0,1.0
2242,ac328bbd087d5cf2,True,1.0,1.0,0.8740031774961431,1.0,1.0,1.0,0.9475013239567263
2243,96a0bbef8c335c3e,True,1.0,1.0,1.0,1.0,1.0,1.0,1.0
2244,c66027dcfef35daf,True,1.0,1.0,1.0,0.0,1.0,1.0,0.5833333333333334
2245,9ef1d618435d5e53,True,1.0,1.0,1.0,1.0,1.0,1.0,1.0
2246,d55aac327e4451ba,True,1.0,1.0,0.9418166908389913,0.0,1.0,1.0,0.5590902878495797
2247,722ed88251d25420,True,1.0,1.0,0.9287277194663348,1.0,1.0,1.0,0.9703032164443061
2248,864b2d366f575b14,True,0.0,1.0,0.0,0.0,1.0,1.0,0.0
2249,83291306454c5e84,True,1.0,1.0,0.875010917342659,1.0,1.0,1.0,0.9479212155594413
2250,32013abf6afd5d2e,True,1.0,1.0,0.8237614062042657,1.0,1.0,1.0,0.9265672525851109
2251,30b35ae958ee5bae,True,1.0,1.0,0.8730865676086003,1.0,1.0,1.0,0.9471194031702502
2252,40884b7d89be5e0b,True,1.0,1.0,0.7847626870286742,1.0,1.0,1.0,0.9103177862619476
2253,7e7acb8e97a9520d,True,1.0,1.0,0.7840019258617729,1.0,1.0,1.0,0.9100008024424054
2254,846863e9cd7059c5,True,0.0,1.0,0.0,0.0,1.0,1.0,0.0
2255,6d9c2a30a6435937,True,1.0,1.0,1.0,1.0,1.0,1.0,1.0
2256,690f682660e358dc,True,1.0,1.0,0.7643031966975533,1.0,1.0,0.5,0.9017929986239807
2257,8ba3e54303a352c8,True,0.0,1.0,0.0,0.0,1.0,0.5,0.0
2258,d3d7a91aff375fc5,True,1.0,1.0,0.7487170180939132,1.0,1.0,1.0,0.8952987575391305
2259,fb44fa6567a65ad0,True,1.0,1.0,1.0,0.0,1.0,1.0,0.5833333333333334
2260,9048dd95941958d8,True,0.0,1.0,0.0,0.0,1.0,1.0,0.0
2261,5c5f0c06d7035bb7,True,1.0,0.0,0.0,1.0,1.0,1.0,0.0
2262,7328fe7f857051ea,True,1.0,1.0,1.0,1.0,1.0,1.0,1.0
2263,4bbc76cff4355b53,True,1.0,1.0,0.9810664584537974,1.0,1.0,1.0,0.9921110243557489
2264,40c362dd278b5280,True,0.0,1.0,0.0,0.0,1.0,1.0,0.0
2265,e617fe519ab754dc,True,1.0,1.0,0.9423410523412826,1.0,1.0,1.0,0.9759754384755345
2266,75857e1f177b5af4,True,1.0,1.0,0.7471692354112864,1.0,1.0,1.0,0.894653848088036
2267,a41f538fa8e25be0,True,1.0,1.0,1.0,1.0,1.0,1.0,1.0
2268,dbb26055ea9351dc,True,1.0,0.0,0.0,1.0,1.0,1.0,0.0
2269,603d4a913f315a41,True,1.0,1.0,1.0,1.0,1.0,1.0,1.0
2270,40bdfb00872f5bc4,True,1.0,1.0,1.0,1.0,1.0,0.5,1.0
2271,1218b6a218b750d8,True,1.0,1.0,1.0,1.0,1.0,1.0,1.0
2272,325989552f0d5845,True,1.0,0.0,0.0,1.0,1.0,1.0,0.0
2273,ec7125e961205a2d,True,1.0,1.0,1.0,1.0,1.0,1.0,1.0
2274,ab8034dd8873524b,True,1.0,1.0,0.9909233161060543,1.0,1.0,1.0,0.9962180483775226
2275,4a6dd3df952b5703,True,0.5,0.0,0.0,0.0,1.0,1.0,0.0
2276,dbba0a418817539e,True,1.0,0.0,0.0,1.0,1.0,0.5,0.0
2277,9114a3a480dd5466,True,1.0,1.0,1.0,0.0,1.0,1.0,0.5833333333333334
2278,483bb60b0a0451e6,True,1.0,1.0,0.8661886995144574,1.0,1.0,1.0,0.9442452914643572
2279,cd2e3c6240d55147,True,0.0,1.0,0.0,0.0,1.0,1.0,0.0
2280,77dce92bdc8752d4,True,1.0,1.0,0.9007380016989184,1.0,1.0,1.0,0.958640834041216
2281,4109b79d84ea5053,True,1.0,0.0,0.0,1.0,1.0,1.0,0.0
2282,ab2d918fa2e2543d,True,1.0,1.0,1.0,0.0,1.0,1.0,0.5833333333333334
2283,b2f8e3b0a7a1565e,True,1.0,1.0,0.9409952820644346,0.0,1.0,1.0,0.5587480341935144
2284,29770ed8cd49511e,True,1.0,1.0,0.9896922592112289,1.0,1.0,1.0,0.9957051080046787
2285,03388b830f975734,True,0.0,1.0,0.0,0.0,1.0,1.0,0.0
2286,ee8e4ad158ef5a8d,True,1.0,1.0,1.0,1.0,1.0,1.0,1.0
2287,cf12097663665430,True,0.0,1.0,0.0,0.0,1.0,1.0,0.0
2288,a7d3e71b8ca456a9,True,0.0,1.0,0.0,0.0,1.0,1.0,0.0
2289,790a5a0973815ab3,True,1.0,1.0,0.7984459932244216,0.0,1.0,1.0,0.4993524971768423
2290,918b6721bcf75d38,True,1.0,1.0,0.7195689241621502,1.0,1.0,1.0,0.8831537184008958
2291,160e6592389759c5,True,1.0,1.0,1.0,1.0,1.0,1.0,1.0
2292,06067b68f2655a55,True,1.0,0.0,0.0,1.0,1.0,1.0,0.0
2293,c51ec68aa4fe5f05,True,1.0,1.0,1.0,1.0,1.0,1.0,1.0
2294,f6b2a416f38d5609,True,0.0,1.0,0.0,0.0,1.0,1.0,0.0
2295,0d74b112df715917,True,0.0,1.0,0.0,0.0,1.0,1.0,0.0
2296,1586603a5a6353e6,True,1.0,1.0,0.9718982249467146,1.0,1.0,1.0,0.9882909270611311
2297,c7d7e1aa241a56a7,True,1.0,1.0,0.9491171457166648,1.0,1.0,1.0,0.9787988107152771
2298,ec75cc0ff5825fb9,True,1.0,1.0,1.0,1.0,1.0,1.0,1.0
2299,9056de7dce5a50d3,True,1.0,1.0,0.7198295948613299,1.0,1.0,1.0,0.8832623311922209
2300,948099bc138855b6,True,1.0,1.0,0.6947239414413251,1.0,1.0,1.0,0.8728016422672188
2301,2a94741039ad566d,True,1.0,1.0,1.0,1.0,1.0,1.0,1.0
2302,59b5e5a171965609,True,1.0,1.0,0.9936407124070251,1.0,1.0,1.0,0.9973502968362604
2303,e10fd359f695575f,True,1.0,1.0,0.9317638863053923,1.0,1.0,1.0,0.9715682859605801
2304,bcdf72879fff5ab1,True,1.0,1.0,0.7803390649069568,1.0,1.0,1.0,0.9084746103778988
2305,b9633d9afd4356a8,True,1.0,1.0,0.9696054562761295,1.0,1.0,1.0,0.9873356067817207
2306,b38a9c035ce15dd5,True,1.0,1.0,1.0,1.0,1.0,1.0,1.0
2307,68bbcb5f42845480,True,1.0,1.0,0.8764263342936053,1.0,1.0,1.0,0.9485109726223356
2308,a5cde0f1dace5561,True,1.0,1.0,1.0,1.0,1.0,1.0,1.0
2309,055e7b577c645e2e,True,1.0,1.0,0.9787393926397802,1.0,1.0,1.0,0.9911414135999084
2310,ccaf88fb91a25119,True,1.0,1.0,0.6610554725098626,1.0,1.0,1.0,0.8587731135457761
2311,e59da7b4970654fd,True,1.0,0.0,0.0,1.0,1.0,1.0,0.0
2312,2cd54836815b5fb0,True,1.0,1.0,0.6083251538794077,1.0,1.0,1.0,0.8368021474497532
2313,86feb30b850f5ff2,True,1.0,1.0,0.8169785984785806,1.0,1.0,1.0,0.9237410826994085
2314,712bbcdd69af5f26,True,1.0,1.0,0.9126026925669575,0.0,1.0,1.0,0.5469177885695656
2315,60abcfb4e1c756d8,True,1.0,1.0,1.0,1.0,1.0,0.5,1.0
2316,d63949c1e1a25eab,True,1.0,1.0,1.0,1.0,1.0,1.0,1.0
2317,2055bd0e7a885e4a,True,1.0,1.0,0.9022231570480976,1.0,1.0,1.0,0.9592596487700407
2318,a752896c43c2526e,True,1.0,1.0,0.9549293757157485,1.0,1.0,1.0,0.9812205732148952
2319,ad8912b904665e0f,True,1.0,1.0,0.8993363151083958,1.0,1.0,1.0,0.9580567979618316
2320,e3194cb3328b512f,True,1.0,1.0,1.0,1.0,1.0,1.0,1.0
2321,61984566807c5b11,True,0.0,1.0,0.0,0.0,1.0,0.5,0.0
2322,df044fb9c65c5d52,True,1.0,1.0,1.0,0.0,1.0,1.0,0.5833333333333334
2323,cb2db72bfca85119,True,1.0,1.0,0.6157392127673087,1.0,1.0,1.0,0.8398913386530453
2324,f9c8ec6aefc05be4,True,1.0,1.0,0.5714418073467823,1.0,1.0,1.0,0.8214340863944926
2325,e12d472387385ef6,True,1.0,1.0,0.5535208659215237,1.0,1.0,1.0,0.8139670274673015
2326,71fefe3bc0f0591e,True,1.0,1.0,0.8100918246260964,1.0,1.0,1.0,0.9208715935942068
2327,4203da2e7a8b518d,True,1.0,1.0,0.7615067803258041,1.0,1.0,1.0,0.9006278251357518
2328,f36b32268f1c5404,True,1.0,0.0,0.0,1.0,1.0,0.0,0.0
2329,5a3ac99dc74c57ea,True,1.0,1.0,0.801337591872784,1.0,1.0,1.0,0.9172239966136599
2330,0ffcae2811b257ee,True,1.0,0.0,0.0,1.0,1.0,0.5,0.0
2331,fb2402a506065225,True,1.0,1.0,0.379077269980557,1.0,1.0,1.0,0.7412821958252321
2332,63efdfe040865222,True,0.0,1.0,0.0,0.0,1.0,1.0,0.0
2333,4102a6399acf528b,True,1.0,1.0,0.7762876340504546,1.0,1.0,1.0,0.9067865141876895
2334,885aa5c90eb9554c,True,0.0,1.0,0.0,0.0,1.0,1.0,0.0
2335,8a2df3fb1632552a,True,1.0,1.0,1.0,1.0,1.0,1.0,1.0
2336,2e6b78be8c9e5e0c,True,1.0,1.0,1.0,1.0,1.0,1.0,1.0
2337,34eb9be2f88a5234,True,1.0,1.0,1.0,1.0,1.0,1.0,1.0
2338,1d7ff3e8eed15ced,True,1.0,1.0,0.8005942243607066,1.0,1.0,1.0,0.9169142601502944
2339,2258bd346b3f5376,True,1.0,1.0,1.0,1.0,1.0,1.0,1.0
2340,f820630d5f0a50ed,True,1.0,1.0,0.8984900099812543,1.0,1.0,1.0,0.9577041708255226
2341,742ac4ddb9d7557d,True,1.0,1.0,1.0,1.0,1.0,1.0,1.0
2342,ac6d9537bf315302,True,1.0,1.0,0.9301532981402072,1.0,1.0,1.0,0.9708972075584197
2343,aba1622c877f51bb,True,1.0,1.0,1.0,1.0,1.0,1.0,1.0
2344,32f53a8cb63f55db,True,0.0,1.0,0.0,0.0,1.0,1.0,0.0
2345,d56cc988cfa250c6,True,1.0,1.0,1.0,1.0,1.0,1.0,1.0
2346,d0dcc4b5cf6a53ab,True,1.0,1.0,1.0,1.0,1.0,1.0,1.0
2347,0b046094d70257ed,True,1.0,0.0,0.0,1.0,1.0,1.0,0.0
2348,398b056b300955e1,True,1.0,1.0,1.0,1.0,1.0,1.0,1.0
2349,deb455f53c805643,True,1.0,1.0,0.7580161356623768,0.0,1.0,1.0,0.482506723192657
2350,be527ba55a8a548b,True,1.0,0.0,0.0,1.0,1.0,1.0,0.0
2351,e6db7be94a175aec,True,1.0,1.0,0.8574992445498302,1.0,1.0,1.0,0.9406246852290959
2352,78f8d55c59105b7b,True,1.0,1.0,1.0,0.0,1.0,1.0,0.5833333333333334
2353,d395fa715d3e58c7,True,1.0,1.0,1.0,1.0,1.0,1.0,1.0
2354,18d63cca5ad554d2,True,1.0,1.0,0.719844867503324,1.0,1.0,1.0,0.8832686947930517
2355,e5e0c85236f95d91,True,1.0,0.0,0.0,1.0,1.0,1.0,0.0
2356,df020b6bdc1b59c0,True,1.0,1.0,1.0,0.0,1.0,1.0,0.5833333333333334
2357,9410f817dff058c2,True,1.0,1.0,1.0,1.0,1.0,1.0,1.0
2358,cbc47540cc665da4,True,1.0,0.0,0.0,0.0,1.0,1.0,0.0
2359,9e9e33077f375062,True,1.0,0.0,0.0,1.0,1.0,1.0,0.0
2360,c1e1661e600c570e,True,1.0,1.0,0.9209663468764223,1.0,1.0,1.0,0.9670693111985093
2361,6bd234c45e885cb2,True,1.0,1.0,1.0,1.0,1.0,1.0,1.0
2362,c9c4bcd94e755b0f,True,1.0,1.0,0.8341611625284099,1.0,1.0,1.0,0.9309004843868375
2363,0dff39153a005f4f,True,1.0,1.0,0.8198529902853113,1.0,1.0,1.0,0.924938745952213
2364,a6b518a433065727,True,1.0,0.0,0.0,1.0,1.0,1.0,0.0
2365,8cf86f67f10f574a,True,1.0,1.0,0.8502552387389373,1.0,1.0,1.0,0.9376063494745571
2366,ea32cdfc9478501d,True,1.0,1.0,0.8194393731176348,1.0,1.0,1.0,0.9247664054656811
2367,f5d9b1df3fef57ec,True,1.0,1.0,1.0,1.0,1.0,1.0,1.0
2368,da3dac3ca6545198,True,0.5,0.0,0.0,0.0,1.0,0.5,0.0
2369,308e246a1d995edd,True,1.0,0.0,0.0,1.0,1.0,1.0,0.0
2370,8931b1302d7a5f61,True,1.0,1.0,0.9921693414624077,1.0,1.0,1.0,0.9967372256093365
2371,953aea8a2a085404,True,1.0,1.0,0.8522433722519698,1.0,1.0,1.0,0.9384347384383207
2372,7d966991a14353b3,True,1.0,1.0,0.8970564438662255,0.0,1.0,1.0,0.5404401849442606
2373,c26281cfd29f5c15,True,1.0,1.0,1.0,1.0,1.0,1.0,1.0
2374,2a08c81705d755c7,True,1.0,1.0,0.8726627250524598,1.0,1.0,1.0,0.9469428021051916
2375,90b8f3760e535ef6,True,0.0,1.0,0.0,0.0,1.0,1.0,0.0
2376,8e2fece463df5dcb,True,1.0,1.0,0.8897987791698738,1.0,1.0,1.0,0.9540828246541141
2377,039cc112267b5d97,True,1.0,1.0,0.6885192023087489,1.0,1.0,1.0,0.870216334295312
2378,263ad35a0e975eda,True,1.0,1.0,0.8961511869601192,0.0,1.0,1.0,0.5400629945667164
2379,974d5c00402f55aa,True,1.0,1.0,1.0,1.0,1.0,1.0,1.0
2380,d32754e8c47e5771,True,1.0,1.0,1.0,1.0,1.0,1.0,1.0
2381,c7440ee97f0b5e75,True,1.0,1.0,1.0,0.0,1.0,1.0,0.5833333333333334
2382,df5915c3464e569e,True,1.0,1.0,0.8457849275442405,1.0,1.0,1.0,0.9357437198101003
2383,fb1c9ac223bf5bbe,True,0.0,0.0,0.0,0.0,1.0,1.0,0.0
2384,c091585789c859db,True,1.0,1.0,1.0,0.0,1.0,1.0,0.5833333333333334
2385,1972837deb725c63,True,1.0,0.0,0.0,1.0,1.0,1.0,0.0
2386,5c883441084d58d7,True,1.0,0.0,0.0,0.0,1.0,1.0,0.0
2387,06392ff957445576,True,1.0,1.0,0.8236591850247243,1.0,1.0,1.0,0.9265246604269685
2388,96eed7e55d4c5f8b,True,1.0,1.0,0.7875601778673733,1.0,1.0,1.0,0.9114834074447389
2389,4742cf16ab0f515b,True,1.0,1.0,0.995086066372909,1.0,1.0,1.0,0.9979525276553787
2390,200bc08880505a6e,True,1.0,1.0,1.0,1.0,1.0,1.0,1.0
2391,88862af321ce5c8f,True,1.0,1.0,1.0,1.0,1.0,1.0,1.0
2392,a5b6e054384c586c,True,1.0,1.0,0.5773104667551621,1.0,1.0,1.0,0.8238793611479842
2393,f18ef27ec008527a,True,1.0,1.0,1.0,1.0,1.0,1.0,1.0
2394,ffcbf5f098625d83,True,1.0,0.0,0.0,1.0,1.0,1.0,0.0
2395,5e092c66c1bf5f3b,True,1.0,0.0,0.0,1.0,1.0,0.5,0.0
2396,789c2205e7865e94,True,1.0,1.0,0.6803478268713034,1.0,1.0,1.0,0.8668115945297097
2397,20403b65d87d5e5a,True,1.0,1.0,1.0,1.0,1.0,1.0,1.0
2398,4749b2486da65268,True,1.0,1.0,1.0,1.0,1.0,1.0,1.0
2399,3f655357375b5f03,True,0.0,1.0,0.0,0.0,1.0,1.0,0.0
2400,5382d1898c5f506d,True,1.0,1.0,1.0,1.0,1.0,1.0,1.0
2401,c6724cca6a1559a1,True,1.0,1.0,0.9312022549542416,1.0,1.0,1.0,0.9713342728976007
2402,d91f0c28683e52da,True,0.0,1.0,0.0,0.0,1.0,1.0,0.0
2403,1819bb47db9e59ff,True,1.0,1.0,0.9044013135120643,1.0,1.0,1.0,0.9601672139633601
2404,911993e744795177,True,1.0,1.0,1.0,1.0,1.0,1.0,1.0
2405,fd87474daeb05e69,True,1.0,1.0,0.7076588159852147,1.0,1.0,1.0,0.8781911733271728
2406,0278f1a2ae3b5ae5,True,1.0,0.0,0.0,1.0,1.0,1.0,0.0
2407,62e8d8891ff45c7b,True,1.0,0.0,0.0,1.0,1.0,1.0,0.0
2408,00185dab0ba153b9,True,1.0,1.0,0.9568417023734727,1.0,1.0,1.0,0.9820173759889469
2409,b27e2139fbb959fa,True,1.0,1.0,0.9746482826530578,1.0,1.0,1.0,0.989436784438774
2410,b3de01e79b725ae4,True,1.0,1.0,0.9069344122395316,1.0,1.0,1.0,0.9612226717664715
2411,422a764bf2dc593c,True,1.0,1.0,0.9085943364258083,1.0,1.0,1.0,0.9619143068440869
2412,ee526f78f4ce5d75,True,1.0,1.0,1.0,1.0,1.0,1.0,1.0
2413,ffe848c5ab4e5b30,True,1.0,1.0,0.8885105123268742,1.0,1.0,1.0,0.9535460468028644
2414,37c8a00c76905ffe,True,0.5,0.0,0.0,0.0,1.0,0.5,0.0
2415,07930113a85651b0,True,1.0,1.0,1.0,1.0,1.0,1.0,1.0
2416,e0094ac69a8955fb,True,1.0,1.0,0.7131930470163036,1.0,1.0,1.0,0.8804971029234597
2417,a120ebfcfb775487,True,1.0,1.0,0.0,1.0,1.0,1.0,0.5833333333333334
2418,8fe203611a555812,True,1.0,1.0,0.6863216268300245,1.0,1.0,1.0,0.8693006778458435
2419,19d9dc5184675c50,True,1.0,0.0,0.0,1.0,1.0,1.0,0.0
2420,7c57d68b038450cd,True,1.0,1.0,1.0,1.0,1.0,1.0,1.0
2421,a7fa674076175448,True,1.0,1.0,0.8748862131795532,1.0,1.0,1.0,0.9478692554914806
2422,fc0a5277292352d9,True,1.0,1.0,0.9324288149915064,0.0,1.0,1.0,0.5551786729131277
2423,19f3e77fcd3353c5,True,1.0,1.0,0.854289843980509,1.0,1.0,1.0,0.9392874349918787
2424,6004740a8a8052f8,True,1.0,1.0,0.8056828084845982,1.0,1.0,1.0,0.9190345035352493
2425,3838eb184c9d5989,True,1.0,1.0,0.41284967646925874,1.0,1.0,1.0,0.7553540318621912
2426,4ed6b1b83e0c5bbe,True,1.0,1.0,0.6787738887767129,1.0,1.0,1.0,0.8661557869902969
2427,7e87b622a4e35128,True,1.0,1.0,0.8765432129450019,1.0,1.0,1.0,0.9485596720604175
2428,955098957a615194,True,1.0,1.0,1.0,1.0,1.0,1.0,1.0
2429,c810620e645e53b8,True,1.0,1.0,1.0,1.0,1.0,1.0,1.0
2430,09cd7b3746d65a79,True,1.0,1.0,0.9987302628352932,1.0,1.0,1.0,0.9994709428480388
2431,d1abb12015175373,True,1.0,1.0,1.0,0.0,1.0,1.0,0.5833333333333334
2432,12030460794b563e,True,1.0,1.0,0.8739420512359154,1.0,1.0,1.0,0.9474758546816314
2433,7f86145a2a8a514b,True,1.0,1.0,0.9302770684537207,1.0,1.0,1.0,0.9709487785223837
2434,19611832f7595b10,True,1.0,0.0,0.0,0.0,1.0,1.0,0.0
2435,b12faa3892185d8f,True,1.0,1.0,0.777922227232737,1.0,1.0,1.0,0.9074675946803071
2436,1ebb462c6acd5b4d,True,0.0,1.0,0.0,0.0,1.0,1.0,0.0
2437,42d2414f92c651bf,True,1.0,1.0,1.0,1.0,1.0,0.5,1.0
2438,175f0101f12750b1,True,1.0,1.0,0.8784326475293793,1.0,1.0,1.0,0.9493469364705748
2439,b87e9553091a5216,True,1.0,0.0,0.0,0.0,1.0,1.0,0.0
2440,e3aa32e033635c8d,True,1.0,1.0,0.72965439146129,1.0,1.0,1.0,0.8873559964422042
2441,6795e4cf76f55755,True,1.0,1.0,0.9325394138116212,1.0,1.0,1.0,0.9718914224215088
2442,87df22d07dcb567c,True,1.0,1.0,0.6239685911574079,1.0,1.0,1.0,0.8433202463155866
2443,4e1b2f2152b551e2,True,1.0,1.0,0.9432904304885258,1.0,1.0,1.0,0.9763710127035523
2444,402b6ac9448a58d7,True,1.0,1.0,0.0,1.0,1.0,1.0,0.5833333333333334
2445,003a1fdca9505c09,True,1.0,0.0,0.0,1.0,1.0,1.0,0.0
2446,5cfbf7afa66458c3,True,1.0,1.0,1.0,1.0,1.0,1.0,1.0
2447,1c31e37ce65b52d9,True,1.0,0.0,0.0,1.0,1.0,1.0,0.0
2448,1ab2fedfbb4b5c2f,True,0.0,1.0,0.0,0.0,1.0,1.0,0.0
2449,63a48cda986b569b,True,1.0,1.0,0.7118891290152974,1.0,1.0,1.0,0.8799538037563739
2450,2959d5dbe8235765,True,1.0,1.0,0.7980217043413448,1.0,1.0,1.0,0.9158423768088936
2451,ca2552a32a0058bc,True,1.0,1.0,0.6355503353378769,1.0,1.0,1.0,0.8481459730574487
2452,1f0f883695f05e6c,True,1.0,1.0,0.7576515298451538,1.0,1.0,1.0,0.8990214707688141
2453,69e0bc4a585d504a,True,1.0,1.0,0.7384809103889142,1.0,1.0,1.0,0.8910337126620475
2454,1709553afe405eb4,True,1.0,1.0,1.0,0.0,1.0,1.0,0.5833333333333334
2455,a1848a01a20b5224,True,1.0,1.0,1.0,1.0,1.0,1.0,1.0
2456,cc9f9924e6f25e64,True,1.0,1.0,0.93591201016,1.0,1.0,1.0,0.9732966708999999
2457,02ecdf935f895a86,True,1.0,1.0,0.8088813524041701,1.0,1.0,1.0,0.9203672301684042
2458,0a4752bc6c8b5174,True,1.0,1.0,0.9988150727769577,1.0,1.0,1.0,0.9995062803237325
2459,80752a827b8253fe,True,1.0,1.0,1.0,1.0,1.0,1.0,1.0
2460,3fb360a01b775e07,True,1.0,1.0,0.0,1.0,1.0,1.0,0.5833333333333334
2461,508209397e8f5714,True,1.0,1.0,0.5112314071442644,1.0,1.0,1.0,0.7963464196434434
2462,6801df96fcdd5bd9,True,1.0,1.0,0.9782297985549208,1.0,1.0,1.0,0.9909290827312169
2463,5f402207dd7d5977,True,1.0,0.0,0.0,1.0,1.0,1.0,0.0
2464,d61ff1ca160557e8,True,1.0,1.0,0.8806967659395448,0.0,1.0,1.0,0.5336236524748104
2465,83fd1c194c0c5441,True,1.0,1.0,0.7593978705512274,1.0,1.0,1.0,0.8997491127296781
2466,248288deae795ad8,True,1.0,1.0,0.8059144428554779,1.0,1.0,1.0,0.9191310178564492
2467,83873a51bef051ac,True,1.0,1.0,0.9629666173533613,1.0,1.0,1.0,0.9845694238972339
2468,b547cd052795562c,True,0.0,1.0,0.0,0.0,1.0,1.0,0.0
2469,4c3718ea056c5656,True,1.0,1.0,1.0,0.0,1.0,0.5,0.5833333333333334
2470,311302972dd15a8b,True,1.0,1.0,0.9613081045996087,1.0,1.0,1.0,0.9838783769165036
2471,f33a23766bcb55a6,True,1.0,1.0,0.618923061124462,1.0,1.0,1.0,0.8412179421351925
2472,7c6e9037e7dd5e8c,True,1.0,1.0,0.6398251455409519,1.0,1.0,1.0,0.8499271439753966
2473,8d069310b22a5716,True,1.0,1.0,1.0,1.0,1.0,1.0,1.0
2474,78a46fe48bf15051,True,1.0,1.0,0.5723176209646111,1.0,1.0,0.0,0.8217990087352547
2475,ec2d4139247f5375,True,1.0,0.0,0.0,1.0,1.0,1.0,0.0
2476,a5be642219735a49,True,1.0,1.0,0.8568852793323323,0.0,1.0,1.0,0.5237021997218051
2477,42b065f7e76d50ed,True,1.0,1.0,1.0,1.0,1.0,1.0,1.0
2478,1ad3e9d726b35d0e,True,1.0,1.0,1.0,1.0,1.0,1.0,1.0
2479,d4f5976a6d615330,True,0.0,1.0,0.0,0.0,1.0,1.0,0.0
2480,521247f86d7f57c0,True,1.0,1.0,1.0,1.0,1.0,1.0,1.0
2481,75c40d79f7135ea0,True,1.0,1.0,1.0,0.0,1.0,1.0,0.5833333333333334
2482,2695738230ce5ad0,True,1.0,1.0,1.0,1.0,1.0,1.0,1.0
2483,b27bb0eced055858,True,1.0,1.0,0.9665988928791841,1.0,1.0,1.0,0.9860828720329934
2484,595909c413ac56dd,True,1.0,0.0,0.0,1.0,1.0,0.5,0.0
2485,00f925ab5406520f,True,0.0,1.0,0.0,0.0,1.0,1.0,0.0
2486,5e48f684248053bd,True,1.0,1.0,1.0,1.0,1.0,1.0,1.0
2487,b23f49937a48507e,True,1.0,1.0,1.0,1.0,1.0,1.0,1.0
2488,909655c780e152ac,True,1.0,1.0,1.0,1.0,1.0,1.0,1.0
2489,2ba94c9278825a74,True,1.0,1.0,0.9193511244639136,1.0,1.0,1.0,0.9663963018599641
2490,d38090818a0b5bed,True,1.0,1.0,0.9689500888769084,1.0,1.0,0.0,0.987062537032045
2491,e8e49013253b5e7c,True,1.0,1.0,0.9340260771874791,1.0,1.0,1.0,0.9725108654947828
2492,38f1e14586bd51e3,True,1.0,0.0,0.0,1.0,1.0,0.5,0.0
2493,9311d9a2409c5224,True,1.0,1.0,1.0,1.0,1.0,1.0,1.0
2494,2e5e4be9579d568d,True,1.0,1.0,0.9398693607635593,1.0,1.0,1.0,0.9749455669848164
2495,24d02c4c2a325f01,True,1.0,1.0,0.9466980747162953,1.0,1.0,1.0,0.9777908644651231
2496,c672f1584cb75697,True,1.0,1.0,1.0,1.0,1.0,1.0,1.0
2497,3e1c321be4295fc7,True,1.0,1.0,1.0,1.0,1.0,1.0,1.0
2498,e1cb9d3c53135bfa,True,1.0,1.0,1.0,1.0,1.0,1.0,1.0
2499,6394162caa7c5821,True,1.0,0.0,0.0,1.0,1.0,1.0,0.0
2500,75bf56ae8b9d5673,True,1.0,0.0,0.0,1.0,1.0,0.5,0.0
2501,ed7d26ad16065f5a,True,1.0,1.0,0.629706590253437,1.0,1.0,1.0,0.8457110792722654
2502,6545ea70cb285327,True,1.0,1.0,1.0,1.0,1.0,1.0,1.0
2503,9ca89d773ed651ab,True,1.0,1.0,0.7097956599160449,1.0,1.0,1.0,0.8790815249650187
2504,52b428b6ff135845,True,1.0,1.0,1.0,1.0,1.0,1.0,1.0
2505,502fc2f7b9415e11,True,1.0,1.0,0.9473525346505791,1.0,1.0,1.0,0.978063556104408
2506,3baa70a146f055d2,True,1.0,1.0,0.33918193727907675,1.0,1.0,1.0,0.7246591405329487
2507,666e41a5d36c50cc,True,1.0,1.0,1.0,1.0,1.0,0.0,1.0
2508,35ae50756b8952b9,True,1.0,1.0,1.0,1.0,1.0,1.0,1.0
2509,64883fdea50b5b8c,True,1.0,1.0,0.9752664787100784,1.0,1.0,1.0,0.9896943661291994
2510,73ce0b2145845c71,True,1.0,1.0,0.5917778705868413,1.0,1.0,1.0,0.8299074460778506
2511,a566f9d36b5d5921,True,1.0,1.0,0.7144596271569298,1.0,1.0,1.0,0.8810248446487208
2512,4e52e843b10f55eb,True,1.0,1.0,1.0,1.0,1.0,1.0,1.0
2513,0393e11b085a5cc2,True,1.0,1.0,1.0,1.0,1.0,1.0,1.0
2514,1ebfee14fc925d6e,True,1.0,1.0,1.0,0.0,1.0,1.0,0.5833333333333334
2515,7aeb6cedbf4353ef,True,1.0,1.0,0.8802124514172861,1.0,1.0,0.5,0.9500885214238691
2516,fb92846550d15dc1,True,1.0,1.0,1.0,0.0,1.0,1.0,0.5833333333333334
2517,5c4c3448f7a1517f,True,1.0,1.0,1.0,1.0,1.0,0.0,1.0
2518,cdd097ea065a5ff7,True,1.0,1.0,0.9286104950563574,1.0,1.0,1.0,0.970254372940149
2519,09babda49aa659a1,True,0.0,1.0,0.0,0.0,1.0,1.0,0.0
2520,d2361c07df2f51c2,True,1.0,1.0,1.0,1.0,1.0,1.0,1.0
2521,deae4b3cac52513c,True,1.0,0.0,0.0,1.0,1.0,1.0,0.0
2522,b4646fcc459d51df,True,1.0,1.0,0.8233582886676303,1.0,1.0,1.0,0.926399286944846
2523,ab9a263dea175465,True,1.0,1.0,0.8795939536447765,0.0,1.0,1.0,0.5331641473519902
2524,d9560f4ad686510f,True,1.0,1.0,0.6330714305567374,1.0,1.0,1.0,0.8471130960653074
2525,305eb53245715f7e,True,1.0,1.0,0.6199339882586471,1.0,1.0,1.0,0.8416391617744363
2526,059009aa4252526c,True,1.0,1.0,1.0,1.0,1.0,1.0,1.0
2527,bd377bbe5b695df0,True,1.0,1.0,0.9461959862004792,1.0,1.0,1.0,0.9775816609168663
2528,ff0ad146b37756e3,True,1.0,1.0,0.7342004779261082,1.0,1.0,1.0,0.8892501991358784
2529,c710ccf4dffd58a7,True,1.0,0.0,0.0,1.0,1.0,1.0,0.0
2530,5066b57b01cb56ec,True,1.0,1.0,1.0,1.0,1.0,1.0,1.0
2531,80a4b14aef3f5a52,True,1.0,1.0,1.0,1.0,1.0,1.0,1.0
2532,89e9fbdf25415d68,True,1.0,0.0,0.0,1.0,1.0,1.0,0.0
2533,8354786ba35c5440,True,1.0,0.0,0.0,1.0,1.0,0.0,0.0
2534,a2b7733806b355ac,True,1.0,1.0,1.0,1.0,1.0,1.0,1.0
2535,f631a836a63855e0,True,1.0,1.0,0.9703864080930092,1.0,1.0,1.0,0.9876610033720872
2536,961138ed0ca9525b,True,1.0,1.0,0.6373605121741689,1.0,1.0,1.0,0.8489002134059037
2537,fa8c164985255698,True,1.0,1.0,1.0,0.0,1.0,1.0,0.5833333333333334
2538,df30f32cd2ee5633,True,1.0,1.0,1.0,1.0,1.0,1.0,1.0
2539,20ffc5c3de7c591a,True,1.0,1.0,0.7401883563563489,1.0,1.0,1.0,0.891745148481812
2540,8f828599b2285a97,True,1.0,1.0,0.8178974674239522,1.0,1.0,1.0,0.9241239447599799
2541,5af27ca0b8135d9d,True,1.0,1.0,0.9530435546732348,1.0,1.0,1.0,0.9804348144471812
2542,a3a47ea11a5e5939,True,0.5,0.0,0.0,0.0,1.0,1.0,0.0
2543,470d0eceeaf75102,True,1.0,1.0,0.9664512440483801,1.0,1.0,1.0,0.986021351686825
2544,01ace31ecf365cbb,True,1.0,1.0,0.7395238427471886,1.0,1.0,1.0,0.8914682678113287
2545,d5ebca598bce566e,True,1.0,0.0,0.0,1.0,1.0,1.0,0.0
2546,1f55063084fd593c,True,1.0,1.0,1.0,1.0,1.0,1.0,1.0
2547,04352eb4cb195fde,True,1.0,1.0,0.9497807008495663,0.0,1.0,1.0,0.562408625353986
2548,518221a430885093,True,1.0,1.0,0.8196045740677955,1.0,1.0,1.0,0.9248352391949148
2549,9387d5660fcf5d98,True,1.0,1.0,0.8507899665708523,1.0,1.0,1.0,0.937829152737855
2550,b090f02ef43f5d41,True,1.0,1.0,0.7037178874665576,1.0,1.0,1.0,0.8765491197777324
2551,d67eda0cf1305a71,True,1.0,1.0,0.8338879339397464,1.0,1.0,1.0,0.930786639141561
2552,8f976b493bbc59b4,True,1.0,0.0,0.0,1.0,1.0,1.0,0.0
2553,8611c130815150a7,True,1.0,1.0,1.0,1.0,1.0,1.0,1.0
2554,937ca624cc2658a6,True,1.0,1.0,0.9875347032974279,1.0,1.0,1.0,0.9948061263739283
2555,d8338aefbb73570f,True,1.0,1.0,0.8965274743717155,1.0,1.0,1.0,0.9568864476548815
2556,4c1a6bbf7aaa5228,True,1.0,1.0,0.6803740713981864,1.0,1.0,1.0,0.8668225297492443
2557,f3a61425920f57a7,True,1.0,1.0,1.0,0.0,1.0,1.0,0.5833333333333334
2558,2e194d0e7a675b51,True,1.0,1.0,0.8914389801032843,1.0,1.0,1.0,0.9547662417097018
2559,ec7ec2875d5f5fe9,True,0.0,1.0,0.0,0.0,1.0,1.0,0.0
2560,3e8e85cf14c65da8,True,1.0,1.0,1.0,1.0,1.0,1.0,1.0
2561,71405d414236553c,True,1.0,1.0,0.7234886448751682,1.0,1.0,1.0,0.8847869353646534
2562,d64abcb201245b5a,True,1.0,1.0,1.0,1.0,1.0,0.5,1.0
2563,f53ece8c1cb9562c,True,0.0,1.0,0.0,0.0,1.0,1.0,0.0
2564,291f4ffb6dc754d2,True,1.0,1.0,0.8622135321534056,1.0,1.0,1.0,0.9425889717305856
2565,f376ed0415235e20,True,1.0,1.0,0.8277718581910606,0.0,1.0,0.0,0.5115716075796085
2566,7fdfa29d75525f46,True,1.0,1.0,1.0,1.0,1.0,1.0,1.0
2567,b1c09de2415c5b14,True,1.0,1.0,0.896053789472184,1.0,1.0,1.0,0.9566890789467433
2568,310ef687176e5160,True,1.0,1.0,1.0,1.0,1.0,1.0,1.0
2569,eec0bc4e1b185d67,True,1.0,1.0,0.9345794178362402,1.0,1.0,1.0,0.9727414240984334
2570,5d2ee89308f958be,True,1.0,1.0,0.7379366777009666,1.0,1.0,1.0,0.8908069490420694
2571,ab1adeaf66035b88,True,1.0,1.0,0.826483739459229,1.0,1.0,1.0,0.9277015581080121
2572,51bf8103b6cd5b4c,True,1.0,0.0,0.0,1.0,1.0,0.5,0.0
2573,5ac5a4a182b859f7,True,1.0,1.0,0.34875112496597505,1.0,1.0,1.0,0.7286463020691563
2574,2a10522631ab5a56,True,1.0,1.0,1.0,1.0,1.0,0.5,1.0
2575,956e3aa8415b5712,True,1.0,1.0,0.593064441878079,1.0,1.0,1.0,0.8304435174491996
2576,2184b01d59d4550c,True,0.0,1.0,0.0,0.0,1.0,1.0,0.0
2577,26459a22067d556e,True,1.0,1.0,1.0,1.0,1.0,1.0,1.0
2578,7e647d942b9f57ed,True,1.0,1.0,1.0,1.0,1.0,1.0,1.0
2579,da53dac7558e563d,True,1.0,1.0,0.8057350280573912,1.0,1.0,1.0,0.9190562616905797
2580,8d27cb5d1d1e5ad1,True,1.0,0.0,0.0,1.0,1.0,1.0,0.0
2581,cf533c1e7f6852e5,True,1.0,1.0,0.6627660681067364,1.0,1.0,1.0,0.8594858617111402
2582,a247fa5eb7b454a4,True,0.0,1.0,0.0,0.0,1.0,1.0,0.0
2583,dc97241b7037592b,True,1.0,1.0,1.0,1.0,1.0,1.0,1.0
2584,7a8c81a7cd1256e0,True,1.0,1.0,0.5175451234929285,1.0,1.0,1.0,0.7989771347887201
2585,3e77b33549485e34,True,1.0,1.0,1.0,1.0,1.0,1.0,1.0
2586,02bfb6340c185b97,True,1.0,1.0,0.7177733828902534,1.0,1.0,1.0,0.8824055762042722
2587,333a4f8a12dc564d,True,1.0,0.0,0.0,1.0,1.0,1.0,0.0
2588,84cd08b147745635,True,1.0,1.0,1.0,1.0,1.0,1.0,1.0
2589,94c6fd3f9ec85914,True,1.0,0.0,0.0,1.0,1.0,1.0,0.0
2590,db94e239ea1a5468,True,1.0,1.0,1.0,1.0,1.0,1.0,1.0
2591,e3ee2f8d1057557d,True,1.0,1.0,0.799534350839849,1.0,1.0,1.0,0.9164726461832705
2592,36f71d88df925b39,True,1.0,1.0,0.9851689142056266,1.0,1.0,1.0,0.993820380919011
2593,9502cdbb06dd516f,True,0.0,0.0,0.0,0.0,1.0,1.0,0.0
2594,6e7339e7dc70532a,True,1.0,1.0,1.0,1.0,1.0,1.0,1.0
2595,d9d93568b27e5649,True,1.0,1.0,1.0,0.0,1.0,1.0,0.5833333333333334
2596,254290b4b4a35869,True,0.0,1.0,0.0,0.0,1.0,1.0,0.0
2597,9ce9ec5a49b1568d,True,1.0,1.0,0.8432048893562253,1.0,1.0,1.0,0.9346687038984273
2598,f70c8122d2a65847,True,1.0,1.0,1.0,1.0,1.0,1.0,1.0
2599,86cb3350b50b570b,True,1.0,1.0,0.7716854288485139,1.0,1.0,1.0,0.9048689286868807
2600,fedeb108feed57c0,True,1.0,1.0,0.5069727148103372,1.0,1.0,1.0,0.7945719645043071
2601,21e98ee0ac165e2c,True,1.0,0.0,0.0,1.0,1.0,1.0,0.0
2602,190808cc16cc53af,True,1.0,1.0,0.9765382169330865,1.0,1.0,1.0,0.9902242570554526
2603,5db9d1088a615a4b,True,1.0,0.0,0.0,1.0,1.0,1.0,0.0
2604,e55bd804e572502a,True,0.0,0.0,0.0,0.0,1.0,1.0,0.0
2605,4e19d097005e55b5,True,1.0,1.0,0.8432014277084385,1.0,1.0,1.0,0.9346672615451826
2606,c9c7f9354f935514,True,1.0,1.0,1.0,0.0,1.0,1.0,0.5833333333333334
2607,598d8ce13c2e5452,True,1.0,0.0,0.0,1.0,1.0,1.0,0.0
2608,41d49aa70484596d,True,1.0,1.0,0.015158699394282663,1.0,1.0,1.0,0.5896494580809511
2609,767f7fdfb0a356e0,True,1.0,1.0,1.0,1.0,1.0,1.0,1.0
2610,9a1a2dd68d9f5b10,True,1.0,1.0,0.6463391946849303,1.0,1.0,1.0,0.852641331118721
2611,ddc904ff3be05595,True,1.0,1.0,0.8409507987883167,1.0,1.0,1.0,0.933729499495132
2612,cde38b08b4a157f5,True,1.0,1.0,1.0,1.0,1.0,1.0,1.0
2613,22a0b00bb8ed5ed5,True,1.0,1.0,0.7678440332394116,1.0,1.0,1.0,0.9032683471830882
2614,062255c18e275666,True,1.0,0.0,0.0,1.0,1.0,1.0,0.0
2615,14d53f85ccc65f23,True,1.0,1.0,0.9849899079519733,1.0,1.0,1.0,0.9937457949799889
2616,a5b2403d85fc511d,True,1.0,1.0,1.0,1.0,1.0,1.0,1.0
2617,1029003770aa5e2e,True,1.0,0.0,0.0,0.0,1.0,1.0,0.0
2618,3420dd4340635018,True,0.0,1.0,0.0,0.0,1.0,1.0,0.0
2619,131c7298c6745bde,True,1.0,1.0,1.0,0.0,1.0,1.0,0.5833333333333334
2620,76e72a3b44205ec0,True,1.0,1.0,1.0,1.0,1.0,1.0,1.0
2621,86b0e721370e5f56,True,1.0,1.0,0.9293982091034036,1.0,1.0,1.0,0.9705825871264183
2622,8127022f9d745e8c,True,1.0,0.0,0.0,1.0,1.0,1.0,0.0
2623,ab01e3ce19875471,True,1.0,1.0,1.0,1.0,1.0,1.0,1.0
2624,c1839a3333695317,True,1.0,1.0,1.0,0.0,1.0,1.0,0.5833333333333334
2625,a7705685069f5979,True,1.0,0.0,0.0,0.0,1.0,1.0,0.0
2626,e776468d9bf65a8a,True,0.0,1.0,0.0,0.0,1.0,1.0,0.0
2627,c054f473288d5515,True,1.0,1.0,0.7846001166843266,1.0,1.0,1.0,0.9102500486184694
2628,57139af318a45873,True,1.0,1.0,1.0,1.0,1.0,1.0,1.0
2629,c87fe1d7a3bd57cb,True,1.0,1.0,0.8483878356943735,1.0,1.0,1.0,0.9368282648726556
2630,a978cd72e68155b1,True,0.0,1.0,0.0,0.0,1.0,1.0,0.0
2631,47bfcc64021a518d,True,1.0,1.0,0.7915554300699461,1.0,1.0,1.0,0.9131480958624776
2632,3c90de2a12a558b2,True,1.0,1.0,0.7296430145360707,1.0,1.0,1.0,0.8873512560566962
2633,34336b5c8ad1562e,True,1.0,1.0,1.0,1.0,1.0,1.0,1.0
2634,73939fc4dcdf57c4,True,0.0,1.0,0.0,0.0,1.0,0.0,0.0
2635,4946bc8012cb5e83,True,1.0,1.0,0.8800090676180445,1.0,1.0,1.0,0.9500037781741852
2636,9ab5654cfc9f5724,True,1.0,1.0,0.06372925077990796,1.0,1.0,1.0,0.6098871878249617
2637,9ad434ec99685d35,True,1.0,1.0,0.6639320538287455,1.0,1.0,1.0,0.8599716890953107
2638,c988ef2f076359de,True,0.0,1.0,0.0,0.0,1.0,1.0,0.0
2639,43e42cf1a2175b88,True,1.0,1.0,0.9109899347138595,1.0,1.0,1.0,0.9629124727974414
2640,ab313e9e217c581b,True,1.0,1.0,0.7777909715666816,1.0,1.0,1.0,0.9074129048194507
2641,7ccf4b40faff5ac4,True,1.0,1.0,1.0,0.0,1.0,1.0,0.5833333333333334
2642,2bbff4dbce4053b8,True,1.0,1.0,0.011489519344341123,1.0,1.0,1.0,0.5881206330601422
2643,69d2af69b1b75698,True,1.0,1.0,1.0,1.0,1.0,1.0,1.0
2644,6d26431aced45f83,True,1.0,1.0,0.8575866500340065,1.0,1.0,1.0,0.9406611041808359
2645,feb7748995f55bdd,True,0.0,1.0,0.0,0.0,1.0,1.0,0.0
2646,704fafc3d8fd5258,True,1.0,1.0,1.0,0.0,1.0,1.0,0.5833333333333334
2647,b90086e468f05378,True,1.0,1.0,0.935072248023307,1.0,1.0,1.0,0.9729467700097113
2648,e2d33c999ca45ea7,True,1.0,1.0,0.9754172350394189,1.0,1.0,1.0,0.9897571812664245
2649,d54047580ffb5dba,True,1.0,1.0,0.7799032636977654,1.0,1.0,1.0,0.9082930265407355
2650,e0388cc13b635cd7,True,1.0,1.0,1.0,0.0,1.0,1.0,0.5833333333333334
2651,9e970e2a22da585c,True,1.0,1.0,1.0,0.0,1.0,1.0,0.5833333333333334
2652,456ef599efa85659,True,0.0,1.0,0.0,0.0,1.0,1.0,0.0
2653,b12f2581dde259f4,True,1.0,1.0,0.7551981072525029,1.0,1.0,1.0,0.8979992113552097
2654,abd6e8c330ea5694,True,1.0,1.0,0.6169295860722572,1.0,1.0,1.0,0.8403873275301071
2655,5c872773198c5689,True,1.0,1.0,0.540017226589683,1.0,1.0,1.0,0.8083405110790345
2656,076f6be5815b547f,True,1.0,1.0,0.8155969606971984,1.0,1.0,1.0,0.9231654002904994
2657,babd01c3694d5e18,True,1.0,1.0,0.8039836076370298,1.0,1.0,0.5,0.9183265031820959
2658,c9ecfe02b17a5c40,True,1.0,1.0,0.8043376916065746,1.0,1.0,1.0,0.9184740381694061
2659,4566a3d9b5e95d9b,True,0.5,0.0,0.0,0.0,1.0,1.0,0.0
2660,80dea9d7cb445906,True,1.0,1.0,0.9639237833262067,1.0,1.0,1.0,0.984968243052586
2661,3493d0184aea5ee8,True,1.0,1.0,0.850867880557801,1.0,1.0,1.0,0.9378616168990838
2662,11d091d0bd985e5e,True,0.0,1.0,0.0,0.0,1.0,1.0,0.0
2663,ab40048b88b257c3,True,1.0,1.0,1.0,0.0,1.0,1.0,0.5833333333333334
2664,614cdeb09cc25923,True,0.0,1.0,0.0,0.0,1.0,1.0,0.0
2665,0c8e3fd67ae45324,True,1.0,1.0,0.8990959593945996,1.0,1.0,1.0,0.9579566497477497
2666,fa919203c245502d,True,0.0,1.0,0.0,0.0,1.0,1.0,0.0
2667,6a090fe8d71a5f38,True,1.0,1.0,0.8176045231673394,1.0,1.0,1.0,0.9240018846530581
2668,73a3a880d8d8522c,True,1.0,1.0,0.9100113307143906,1.0,1.0,1.0,0.9625047211309962
2669,c8dc1e0c85f75036,True,1.0,1.0,1.0,1.0,1.0,1.0,1.0
2670,79ecc8e6e5fa5dd5,True,1.0,1.0,0.010083094846532544,1.0,1.0,1.0,0.587534622852722
2671,ec372e5b0ad7504f,True,1.0,0.0,0.0,0.0,1.0,1.0,0.0
2672,88642e4f16be55bd,True,1.0,1.0,1.0,1.0,1.0,1.0,1.0
2673,5005f44bd2135f3b,True,1.0,1.0,0.8541432578210121,0.0,1.0,1.0,0.522559690758755
2674,0e6a9b4fe9ec5443,True,1.0,1.0,0.8082482861991162,1.0,1.0,1.0,0.920103452582965
2675,206322cf0cf45186,True,1.0,1.0,1.0,1.0,1.0,1.0,1.0
2676,cf9af12edb535bc0,True,1.0,1.0,0.8613752850199589,1.0,1.0,1.0,0.9422397020916495
2677,9c3e55179e8b57b9,True,1.0,0.0,0.0,1.0,1.0,1.0,0.0
2678,9f4c04b7214b52a8,True,1.0,1.0,1.0,1.0,1.0,1.0,1.0
2679,6cd6a10cb3595110,True,1.0,1.0,0.6130298513972388,1.0,1.0,1.0,0.8387624380821829
2680,cb5022a3bef557e3,True,1.0,1.0,0.549535628256826,1.0,1.0,0.0,0.8123065117736775
2681,8e9c1bb8232c5a14,True,1.0,1.0,0.6778474417305194,1.0,1.0,1.0,0.8657697673877164
2682,3284cc6a78b05b9e,True,0.0,1.0,0.0,0.0,1.0,1.0,0.0
2683,594dba6254d4500b,True,1.0,1.0,0.8387913537863848,1.0,1.0,1.0,0.9328297307443271
2684,97b98a9d8e935607,True,1.0,1.0,0.6378821947672461,1.0,1.0,0.5,0.8491175811530192
2685,740f68663d3255e1,True,1.0,1.0,1.0,1.0,1.0,1.0,1.0
2686,c61fe0459c4451ef,True,1.0,0.0,0.0,1.0,1.0,1.0,0.0
2687,7eb4ec2ae9fe5702,True,1.0,0.0,0.0,1.0,1.0,1.0,0.0
2688,5ff5c54200fe53fb,True,1.0,1.0,0.8954891551166934,1.0,1.0,0.0,0.9564538146319556
2689,ba7da1b0100054f4,True,1.0,1.0,0.8274553825852571,1.0,1.0,1.0,0.9281064094105238
2690,f620e6d6c13b53b7,True,1.0,1.0,0.6621981864134002,1.0,1.0,0.5,0.8592492443389168
2691,859dea9ce9215b47,True,1.0,0.0,0.0,1.0,1.0,0.5,0.0
2692,4e2cc4b2c43055fe,True,1.0,1.0,0.5238019352298026,1.0,1.0,0.5,0.8015841396790844
2693,bcdaa4a47f925ebb,True,0.0,1.0,0.0,0.0,1.0,1.0,0.0
2694,10c9b6cd8a2e55f8,True,0.0,1.0,0.0,0.0,1.0,1.0,0.0
2695,d615904971e05b5a,True,0.0,0.0,0.0,0.0,1.0,1.0,0.0
2696,e6a5ca65ce135d1c,True,1.0,1.0,1.0,1.0,1.0,0.5,1.0
2697,f2033bf66332541b,True,0.0,1.0,0.0,0.0,1.0,1.0,0.0
2698,fb6e02b5752e5754,True,0.0,1.0,0.0,0.0,1.0,1.0,0.0
2699,d2c7bb24957c56ad,True,1.0,1.0,1.0,1.0,1.0,1.0,1.0
2700,f976da772a435bd5,True,1.0,1.0,1.0,1.0,1.0,1.0,1.0
2701,71031bf46f1b5cb8,True,1.0,1.0,1.0,1.0,1.0,1.0,1.0
2702,1c2140b2eac55906,True,1.0,1.0,1.0,1.0,1.0,1.0,1.0
2703,39fde97003dd540e,True,1.0,1.0,0.7482951186375236,1.0,1.0,1.0,0.8951229660989681
2704,da6bafca1d9f5b58,True,1.0,1.0,0.01646652923091983,1.0,1.0,1.0,0.59019438717955
2705,e36849f8d9e15ce8,True,1.0,1.0,0.8567577137777713,1.0,1.0,1.0,0.9403157140740713
2706,79bba6381fb85a36,True,0.0,1.0,0.0,0.0,1.0,1.0,0.0
2707,e9d16ba0eb935220,True,1.0,1.0,1.0,0.0,1.0,1.0,0.5833333333333334
2708,f52211f2dec85537,True,1.0,1.0,0.9202660007486977,1.0,1.0,1.0,0.9667775003119573
2709,23978c649a7e597c,True,1.0,1.0,0.8438732341840114,1.0,1.0,1.0,0.9349471809100048
2710,18dd0b3ef6b75b70,True,1.0,0.0,0.0,1.0,1.0,1.0,0.0
2711,5155241fdbbf57b3,True,1.0,1.0,1.0,1.0,1.0,1.0,1.0
2712,355dadd64723531e,True,1.0,1.0,0.8858725693530732,1.0,1.0,1.0,0.9524469038971138
2713,87100d8379c158cc,True,1.0,1.0,1.0,1.0,1.0,1.0,1.0
2714,b7122fd86c855943,True,1.0,1.0,0.5725507917948031,1.0,1.0,1.0,0.8218961632478345
2715,1f67195591a95027,True,1.0,1.0,0.9207101049522852,1.0,1.0,1.0,0.9669625437301188
2716,b50353ebaee65cbe,True,1.0,1.0,0.8466732019079584,1.0,1.0,1.0,0.936113834128316
2717,ac0fb7997f4e5106,True,0.0,1.0,0.0,0.0,1.0,1.0,0.0
2718,88207b881eb5573c,True,1.0,1.0,1.0,1.0,1.0,1.0,1.0
2719,d1d19175f88e5b2e,True,1.0,1.0,0.7714475685848047,1.0,1.0,1.0,0.9047698202436686
2720,5503e65e815a58c7,True,1.0,1.0,0.5134032337159624,1.0,1.0,1.0,0.797251347381651
2721,adfdcd3c5a9a5fb9,True,1.0,1.0,1.0,1.0,1.0,1.0,1.0
2722,09dc77e888295011,True,1.0,1.0,0.7706281806169283,1.0,1.0,1.0,0.9044284085903868
2723,11bf2d4580ab5bc2,True,1.0,1.0,0.9104780960080427,1.0,1.0,1.0,0.9626992066700177
2724,150bfebecc525d57,True,1.0,0.0,0.0,0.0,1.0,1.0,0.0
2725,7bfd8ff8489158cc,True,1.0,1.0,1.0,1.0,1.0,1.0,1.0
2726,979fc47b4f245a9c,True,1.0,0.0,0.0,1.0,1.0,1.0,0.0
2727,5f8d8f88750f57b7,True,1.0,1.0,0.9045341120036889,1.0,1.0,1.0,0.9602225466682036
2728,c159f0c331075464,True,1.0,1.0,1.0,1.0,1.0,1.0,1.0
2729,9b4e0723f48755fb,True,1.0,1.0,0.9478826319124958,1.0,1.0,1.0,0.9782844299635398
2730,05d6d7d83b97547c,True,1.0,0.0,0.0,1.0,1.0,0.5,0.0
2731,45b494315ca85268,True,1.0,1.0,0.9121134975645887,1.0,1.0,1.0,0.9633806239852453
2732,367ee5f18e345a72,True,1.0,1.0,0.7344435389713411,1.0,1.0,1.0,0.8893514745713921
2733,6097ef5cbbfd5dd9,True,1.0,1.0,0.8984736412872573,1.0,1.0,1.0,0.9576973505363572
2734,9c03b730a5725c00,True,1.0,1.0,0.8648580384315522,1.0,1.0,1.0,0.9436908493464801
2735,54ae4b189e79541b,True,1.0,0.0,0.0,1.0,1.0,0.5,0.0
2736,88e6d9d5dd715516,True,1.0,0.0,0.0,1.0,1.0,1.0,0.0
2737,68c666c7045f5609,True,1.0,1.0,0.832459115485352,1.0,1.0,1.0,0.9301912981188968
2738,29c5f96fb4e95d3a,True,1.0,1.0,0.8900065201408283,1.0,1.0,1.0,0.9541693833920117
2739,51ab6f367130574d,True,1.0,1.0,0.9629100061360207,0.0,1.0,1.0,0.5678791692233419
2740,c8df3a922f9d5550,True,1.0,1.0,1.0,1.0,1.0,1.0,1.0
2741,f78a67043d9e5477,True,0.0,1.0,0.0,0.0,1.0,1.0,0.0
2742,da1a3756e4465c03,True,1.0,1.0,1.0,1.0,1.0,1.0,1.0
2743,b63793ec1e0350e6,True,1.0,0.0,0.0,1.0,1.0,1.0,0.0
2744,db723debaec15d81,True,1.0,1.0,1.0,1.0,1.0,1.0,1.0
2745,8d06ea883e7853a9,True,1.0,1.0,0.7190170272854709,1.0,1.0,1.0,0.8829237613689461
2746,1cd73301d5745314,True,0.0,1.0,0.0,0.0,1.0,1.0,0.0
2747,8d21608fa8c354f1,True,1.0,0.0,0.0,1.0,1.0,1.0,0.0
2748,f3c9dcda27ba51a7,True,1.0,1.0,0.9807622579162948,1.0,1.0,1.0,0.9919842741317894
2749,263367576c285a2a,True,1.0,1.0,1.0,1.0,1.0,1.0,1.0
2750,c39af88ae1be534a,True,0.0,0.0,0.0,0.0,1.0,1.0,0.0
2751,3ef7a107ecc75162,True,1.0,1.0,0.8530022318569839,1.0,1.0,1.0,0.9387509299404099
2752,143234de18d5587f,True,1.0,1.0,1.0,0.0,1.0,1.0,0.5833333333333334
2753,2908ea54e9955267,True,1.0,1.0,0.7649073280854604,1.0,1.0,1.0,0.9020447200356084
2754,aab09057df0a515d,True,1.0,1.0,0.8203159691620899,1.0,1.0,1.0,0.9251316538175374
2755,3466b16cf2c95855,True,1.0,1.0,1.0,1.0,1.0,1.0,1.0
2756,c3634ce5c5535b16,True,1.0,1.0,0.8825019928556609,1.0,1.0,1.0,0.951042497023192
2757,e9597ce7a5a7589b,True,1.0,1.0,1.0,1.0,1.0,1.0,1.0
2758,cdc6e3f7dcb25376,True,1.0,1.0,0.9316605214443621,1.0,1.0,0.5,0.9715252172684842
2759,45102df6530d59e8,True,0.0,1.0,0.0,0.0,1.0,1.0,0.0
2760,b5025be9867f503e,True,1.0,0.0,0.0,1.0,1.0,0.5,0.0
2761,23beee726a59557a,True,1.0,1.0,0.7084378914695134,1.0,1.0,1.0,0.8785157881122972
2762,edbd8b34cdc65008,True,1.0,1.0,0.9800036849347957,1.0,1.0,1.0,0.9916682020561649
2763,637b5b88f5a2566c,True,1.0,1.0,0.7881282716789684,1.0,1.0,1.0,0.9117201131995701
2764,0af464147919575d,True,1.0,1.0,1.0,1.0,1.0,1.0,1.0
2765,c0d51ca7b8af5414,True,1.0,1.0,0.8748532426872532,0.0,1.0,1.0,0.5311888511196888
2766,d782b032259d5cc0,True,1.0,1.0,0.7967727152356341,1.0,1.0,1.0,0.9153219646815142
2767,42ba77cc2fb05229,True,1.0,1.0,0.9703652098616877,1.0,1.0,1.0,0.9876521707757032
2768,342596d95a475bed,True,1.0,1.0,1.0,1.0,1.0,1.0,1.0
2769,5d87c059eba15807,True,1.0,0.0,0.0,1.0,1.0,1.0,0.0
2770,17a015f4ef9b56d0,True,1.0,1.0,1.0,1.0,1.0,1.0,1.0
2771,ba3833aabbb85e7b,True,1.0,1.0,0.8395602199951212,1.0,1.0,1.0,0.9331500916646339
2772,c056dcf1096258a4,True,0.5,1.0,0.6026289276670821,0.0,1.0,0.5,0.20888102659730876
2773,df534bbfbbba5b0c,True,1.0,1.0,1.0,1.0,1.0,1.0,1.0
2774,c10ed86969435545,True,1.0,1.0,1.0,1.0,1.0,1.0,1.0
2775,79596c3c8ac45e5e,True,1.0,1.0,0.9124997214104438,1.0,1.0,1.0,0.963541550587685
2776,d24604c7af87524f,True,1.0,1.0,0.9397642559889874,1.0,1.0,1.0,0.9749017733287447
2777,c6281b21b9015448,True,1.0,1.0,0.0,1.0,1.0,1.0,0.5833333333333334
2778,667afe1f010351c5,True,1.0,1.0,1.0,0.0,1.0,1.0,0.5833333333333334
2779,3047f87f67555d16,True,1.0,1.0,1.0,1.0,1.0,1.0,1.0
2780,77c3cf2f4a1a5f31,True,1.0,1.0,0.45894642986433615,1.0,1.0,1.0,0.7745610124434733
2781,96a252e16d1553e1,True,1.0,1.0,1.0,1.0,1.0,1.0,1.0
2782,ca7e845b9c19597c,True,1.0,1.0,0.6592343216327854,1.0,1.0,1.0,0.8580143006803272
2783,ba40b386e9cd5e73,True,0.0,1.0,0.0,0.0,1.0,1.0,0.0
2784,f4458a9c09795afa,True,1.0,1.0,1.0,1.0,1.0,0.5,1.0
2785,ad0beea498f15978,True,1.0,1.0,0.7519244239198403,1.0,1.0,1.0,0.8966351766332669
2786,02e1537a43d55ab2,True,1.0,1.0,1.0,1.0,1.0,1.0,1.0
2787,5802564fbfb558f8,True,1.0,1.0,0.7661083156358899,1.0,1.0,1.0,0.9025451315149541
2788,cbb9f6ff18285688,True,1.0,1.0,0.8223423356193658,1.0,1.0,1.0,0.9259759731747357
2789,e8e01645fcde5b8e,True,0.0,1.0,0.0,0.0,1.0,1.0,0.0
2790,a988872adfe45a71,True,1.0,1.0,1.0,1.0,1.0,1.0,1.0
2791,df7662125da1513f,True,1.0,1.0,1.0,1.0,1.0,1.0,1.0
2792,79cfc07ef4645c81,True,1.0,1.0,0.6619947342322838,1.0,1.0,1.0,0.859164472596785
2793,4b26762f1d5a509d,True,1.0,1.0,0.9147561504962982,1.0,1.0,1.0,0.9644817293734577
2794,9b91401bbfad5a3e,True,1.0,1.0,0.8857361661753613,1.0,1.0,1.0,0.9523900692397339
2795,9a3778686fd058d2,True,1.0,1.0,0.8970366720529631,1.0,1.0,1.0,0.9570986133554014
2796,4d5c4013a6db5819,True,0.0,1.0,0.0,0.0,1.0,1.0,0.0
2797,df3b1f0f39625162,True,1.0,0.0,0.0,1.0,1.0,1.0,0.0
2798,324cb0d226a45b91,True,1.0,0.0,0.0,1.0,1.0,1.0,0.0
2799,eda5fa80573953b8,True,1.0,1.0,0.8967439213702539,1.0,1.0,1.0,0.9569766339042726
2800,1d3700dc6c9950e0,True,1.0,0.0,0.0,1.0,1.0,1.0,0.0
2801,8835adb14ec55b7c,True,0.0,1.0,0.0,0.0,1.0,1.0,0.0
2802,a5db7f072b0a58d4,True,1.0,1.0,0.6964349416250843,1.0,1.0,1.0,0.8735145590104518
2803,625a015c1f7c5170,True,1.0,1.0,1.0,0.0,1.0,0.0,0.5833333333333334
2804,f033f87821135704,True,1.0,1.0,0.5955937810844302,1.0,1.0,1.0,0.8314974087851792
2805,e8dd949cee3c5f30,True,1.0,1.0,0.8626699879515982,1.0,1.0,1.0,0.9427791616464992
2806,cc2587bf27c75cc2,True,1.0,0.0,0.0,1.0,1.0,1.0,0.0
2807,05f9443de2185b91,True,1.0,1.0,0.8200950970992512,1.0,1.0,1.0,0.9250396237913546
2808,66a0abcb3eac57df,True,1.0,0.0,0.0,1.0,1.0,1.0,0.0
2809,38b4ff11393c5dec,True,0.0,1.0,0.0,0.0,1.0,1.0,0.0
2810,1c4544c0876f5a08,True,1.0,1.0,0.9912855693524328,1.0,1.0,1.0,0.9963689872301803
2811,7b13f467f23c5a2b,True,0.0,1.0,0.0,0.0,1.0,1.0,0.0
2812,b637b5849b475a18,True,1.0,1.0,0.8107280694575185,1.0,1.0,1.0,0.9211366956072994
2813,e87ffda7f5655c3c,True,1.0,1.0,0.9740003743949898,1.0,1.0,1.0,0.9891668226645791
2814,fd8d10736c675232,True,1.0,1.0,0.9366243150855922,1.0,1.0,1.0,0.9735934646189968
2815,cfb9e8d047515e4c,True,1.0,1.0,0.7548589876671993,1.0,1.0,1.0,0.8978579115279998
2816,ea408ea92ea9549b,True,1.0,1.0,0.7046633286875115,1.0,1.0,1.0,0.8769430536197964
2817,c72c3c003bc95aab,True,1.0,0.0,0.0,1.0,1.0,1.0,0.0
2818,822d92ab3f13502b,True,1.0,1.0,1.0,0.0,1.0,1.0,0.5833333333333334
2819,bfb373d958725fc8,True,1.0,1.0,1.0,1.0,1.0,1.0,1.0
2820,7f1f382094685881,True,0.0,1.0,0.0,0.0,1.0,1.0,0.0
2821,546c6d1bfc455f77,True,1.0,0.0,0.0,1.0,1.0,1.0,0.0
2822,dd443a8a8d805e57,True,1.0,1.0,0.030268271941575827,1.0,1.0,1.0,0.5959451133089899
2823,06753f6c597f512b,True,0.5,0.0,0.0,0.0,1.0,1.0,0.0
2824,cec165c3246d5529,True,1.0,0.0,0.0,1.0,1.0,1.0,0.0
2825,5930f153954b5060,True,1.0,1.0,0.7814198645931263,1.0,1.0,1.0,0.9089249435804693
2826,b38366e3befc5200,True,1.0,0.0,0.0,1.0,1.0,0.0,0.0
2827,480f8beca45f53cd,True,1.0,0.0,0.0,1.0,1.0,0.5,0.0
2828,625804443c0555ac,True,1.0,1.0,0.7702360408534631,1.0,1.0,1.0,0.9042650170222762
2829,8b794f146fda58da,True,1.0,0.0,0.0,1.0,1.0,1.0,0.0
2830,54718dd05cad553a,True,1.0,1.0,1.0,1.0,1.0,1.0,1.0
2831,69a3d7249bc85849,True,1.0,1.0,0.9858991418982114,1.0,1.0,1.0,0.9941246424575881
2832,89766121ee605be0,True,0.0,1.0,0.0,0.0,1.0,0.0,0.0
2833,9d262af7c8875aa2,True,1.0,1.0,1.0,1.0,1.0,1.0,1.0
2834,21dbc361352b5dbd,True,1.0,1.0,0.7887852617438809,1.0,1.0,1.0,0.9119938590599505
2835,747a1e62def55db5,True,1.0,0.0,0.0,1.0,1.0,1.0,0.0
2836,dd2d7e23754e58d3,True,0.5,0.0,0.0,0.0,1.0,1.0,0.0
2837,f04d33e677745e8e,True,1.0,1.0,0.8634404510356836,1.0,1.0,1.0,0.9431001879315349
2838,1c5c2e372dc954cd,True,1.0,1.0,1.0,1.0,1.0,1.0,1.0
2839,80957a180a325353,True,1.0,1.0,1.0,1.0,1.0,1.0,1.0
2840,7fbe5b01c5a9525c,True,1.0,1.0,0.9107154123325149,1.0,1.0,1.0,0.9627980884718812
2841,c73482934be65cec,True,1.0,0.0,0.0,0.0,1.0,1.0,0.0
2842,bbb7e4525bd05d3d,True,1.0,0.0,0.0,1.0,1.0,0.0,0.0
2843,a19d3096f2625fdb,True,1.0,0.0,0.0,1.0,1.0,1.0,0.0
2844,5bfd2094e1ed528c,True,1.0,1.0,1.0,1.0,1.0,1.0,1.0
2845,a8fd739baf0a5935,True,1.0,1.0,0.8245026546278047,1.0,1.0,1.0,0.9268761060949187
2846,93141bb128bd5a34,True,1.0,1.0,0.9188114213291934,1.0,1.0,1.0,0.9661714255538305
2847,e973ce0e5d605df5,True,1.0,1.0,1.0,0.0,1.0,1.0,0.5833333333333334
2848,013ec5b715635a66,True,1.0,1.0,1.0,1.0,1.0,1.0,1.0
2849,17eb5d70d9f15c7e,True,1.0,1.0,0.6950785728644636,1.0,1.0,1.0,0.8729494053601932
2850,04715723caea505e,True,1.0,1.0,0.958992370234506,1.0,1.0,1.0,0.9829134875977109
2851,89e02236312d5038,True,1.0,0.0,0.0,1.0,1.0,1.0,0.0
2852,19b1cc462216591a,True,1.0,1.0,1.0,0.0,1.0,1.0,0.5833333333333334
2853,10c1bbbe7d805eba,True,1.0,1.0,0.9816292317686736,1.0,1.0,1.0,0.9923455132369474
2854,426cc213a80352f9,True,1.0,1.0,0.9042731591974199,1.0,1.0,1.0,0.9601138163322583
2855,5a4709a2348f58a7,True,0.0,1.0,0.0,0.0,1.0,1.0,0.0
2856,f94d84bd174d59ce,True,1.0,0.0,0.0,1.0,1.0,1.0,0.0
2857,04cdd9195f885ac6,True,1.0,1.0,1.0,1.0,1.0,1.0,1.0
2858,986b3349c460538b,True,1.0,1.0,0.8502805634306819,1.0,1.0,1.0,0.9376169014294508
2859,21ef33c75fee5561,True,1.0,1.0,0.8490316031638171,1.0,1.0,1.0,0.9370965013182572
2860,f713c584fcfe5824,True,1.0,1.0,0.8477801128696574,1.0,1.0,1.0,0.9365750470290238
2861,069dab3272205ecb,True,1.0,1.0,1.0,1.0,1.0,1.0,1.0
2862,f754138d3e3e5fd5,True,1.0,1.0,0.9063468656123067,1.0,1.0,1.0,0.9609778606717945
2863,f6e9ee0b3a81575b,True,1.0,1.0,0.9558473152318335,1.0,1.0,1.0,0.9816030480132639
2864,d3a9acba43a05b83,True,1.0,1.0,0.9101938139869594,1.0,1.0,1.0,0.9625807558278998
2865,a622ff338b425c28,True,1.0,0.0,0.0,1.0,1.0,1.0,0.0
2866,f9b16eaee3b956a3,True,1.0,1.0,1.0,1.0,1.0,1.0,1.0
2867,b1bb3b767e405b79,True,1.0,1.0,0.8736825491217104,1.0,1.0,1.0,0.9473677288007126
2868,ff9058bacb845910,True,0.0,1.0,0.0,0.0,1.0,1.0,0.0
2869,1d538fa6a8825de1,True,1.0,1.0,1.0,1.0,1.0,1.0,1.0
2870,9d02128f653455a3,True,1.0,1.0,1.0,0.0,1.0,1.0,0.5833333333333334
2871,da64267c15aa5531,True,1.0,1.0,0.9896089571460779,1.0,1.0,0.5,0.9956703988108657
2872,afbf82af256b5711,True,1.0,1.0,0.3358786360607449,1.0,1.0,1.0,0.7232827650253104
2873,a7409a64ac2b5a94,True,1.0,1.0,0.9578650307684813,1.0,1.0,1.0,0.9824437628202004
2874,08977ce458945f04,True,1.0,1.0,1.0,0.0,1.0,1.0,0.5833333333333334
2875,385b1aa4b84c56bf,True,1.0,1.0,0.9728312026943486,1.0,1.0,1.0,0.9886796677893118
2876,953b6023473258bb,True,1.0,0.0,0.0,1.0,1.0,1.0,0.0
2877,bb5b44d240945ed0,True,0.0,1.0,0.0,0.0,1.0,1.0,0.0
2878,c63b3d251ef85a13,True,1.0,1.0,0.837306348787304,1.0,1.0,1.0,0.9322109786613767
2879,8b1d45137881582a,True,1.0,1.0,0.6062121068641485,1.0,1.0,1.0,0.8359217111933952
2880,2c9ea4fc0e8e5ef2,True,1.0,1.0,1.0,1.0,1.0,1.0,1.0
2881,a0801105ad8b5ad3,True,1.0,1.0,0.9115829918997745,1.0,1.0,1.0,0.9631595799582394
2882,5ee6f86b7dec5484,True,1.0,1.0,1.0,1.0,1.0,1.0,1.0
2883,bc42935ebf1854f6,True,1.0,1.0,1.0,1.0,1.0,1.0,1.0
2884,bed4ec62805f5790,True,0.0,1.0,0.0,0.0,1.0,1.0,0.0
2885,f4d95a784b725915,True,0.5,0.0,0.0,0.0,1.0,1.0,0.0
2886,d45773d48e4f5fb7,True,1.0,1.0,1.0,1.0,1.0,1.0,1.0
2887,673a88a4037f5b6b,True,1.0,1.0,0.001354876910165408,1.0,1.0,1.0,0.5838978653792356
2888,8abfcd61303b52df,True,1.0,1.0,0.7839567318896365,1.0,1.0,1.0,0.9099819716206818
2889,1ff5f3528c36501f,True,1.0,1.0,0.8413406307818667,1.0,1.0,1.0,0.9338919294924445
2890,2cd1545c4c835ead,True,1.0,1.0,0.9869241553514247,0.0,1.0,1.0,0.5778850647297603
2891,564bb94f846e5fe1,True,1.0,1.0,0.0,1.0,1.0,1.0,0.5833333333333334
2892,fb8731e672c45a13,True,1.0,0.0,0.0,1.0,1.0,1.0,0.0
2893,c484b85e7b07535c,True,1.0,1.0,0.8313649510694873,1.0,1.0,1.0,0.9297353962789531
2894,76b4369e21a15a7a,True,0.0,1.0,0.0,0.0,1.0,1.0,0.0
2895,bb8497b5cf575e3a,True,1.0,1.0,1.0,1.0,1.0,1.0,1.0
2896,fec2bf4f1842590c,True,0.0,1.0,0.0,0.0,1.0,1.0,0.0
2897,9326163d4c9c5d16,True,1.0,1.0,0.9918533951336146,1.0,1.0,0.0,0.9966055813056727
2898,aace7a7aeaf75f2c,True,1.0,1.0,1.0,0.0,1.0,1.0,0.5833333333333334
2899,2dd8a04bcb735c5e,True,1.0,1.0,1.0,1.0,1.0,1.0,1.0
2900,19cee80b71525f86,True,1.0,1.0,0.9277051079268518,1.0,1.0,1.0,0.9698771283028549
2901,b4f05c1e42ea5aec,True,1.0,1.0,0.7884250116776743,1.0,1.0,1.0,0.9118437548656976
2902,646244aaa99d5c9c,True,1.0,1.0,0.7950443567862633,1.0,1.0,1.0,0.9146018153276098
2903,a3c4e4bf10d65ddb,True,1.0,1.0,0.615927671562684,1.0,1.0,1.0,0.8399698631511182
2904,1dc0a266d7ea5c61,True,1.0,1.0,0.588328630110608,1.0,1.0,1.0,0.8284702625460866
2905,008144fe47ac5f74,True,1.0,1.0,0.7926748279567675,1.0,1.0,1.0,0.9136145116486531
2906,81c70798936b5140,True,1.0,1.0,1.0,1.0,1.0,1.0,1.0
2907,0dc3dee5c8815a90,True,1.0,1.0,1.0,1.0,1.0,1.0,1.0
2908,af5ebe3ccf8f50ed,True,1.0,1.0,0.5650698448135407,1.0,1.0,1.0,0.818779102005642
2909,8224a14715c2577b,True,1.0,0.0,0.0,1.0,1.0,0.0,0.0
2910,01e3dbb4fbcd5781,True,1.0,1.0,1.0,1.0,1.0,1.0,1.0
2911,2dca181fa97153a0,True,1.0,1.0,0.8773890618191227,1.0,1.0,1.0,0.9489121090913012
2912,6d7d043389ac52c5,True,1.0,0.0,0.0,1.0,1.0,1.0,0.0
2913,1537a74401845849,True,1.0,1.0,0.7429156770442753,1.0,1.0,1.0,0.8928815321017813
2914,35fb7e0858ae5bc8,True,1.0,1.0,0.703253228888966,0.0,1.0,0.0,0.4596888453704025
2915,b0bd81048c07524f,True,1.0,1.0,0.37625052817915466,1.0,1.0,0.0,0.7401043867413145
2916,50702dbe2f785ae5,True,1.0,1.0,0.6716840713926014,1.0,1.0,1.0,0.8632016964135839
2917,812464919a4f5362,True,0.0,1.0,0.0,0.0,1.0,1.0,0.0
2918,acd37cf126fa5a59,True,1.0,1.0,1.0,1.0,1.0,1.0,1.0
2919,fa9a6007ed205fe7,True,1.0,1.0,1.0,1.0,1.0,1.0,1.0
2920,9d7ec713a2fb5e44,True,1.0,1.0,0.7350848588067806,1.0,1.0,1.0,0.8896186911694919
2921,bcd38d9246695d74,True,1.0,0.0,0.0,0.0,1.0,1.0,0.0
2922,54fbc5743190519c,True,1.0,1.0,0.8459499228229048,1.0,1.0,0.5,0.9358124678428771
2923,618902d469b5516e,True,1.0,0.0,0.0,1.0,1.0,1.0,0.0
2924,cde748c5a6905684,True,1.0,1.0,0.9873042909936329,0.0,1.0,1.0,0.5780434545806804
2925,7cc683dca0155801,True,1.0,1.0,0.9352010175880437,1.0,1.0,1.0,0.9730004239950182
2926,93ed1cf3d95a5dab,True,1.0,0.0,0.0,1.0,1.0,1.0,0.0
2927,4e2f593274aa5417,True,1.0,1.0,1.0,1.0,1.0,1.0,1.0
2928,865dfd5f72fa599b,True,1.0,1.0,0.8397808305678882,1.0,1.0,1.0,0.9332420127366201
2929,cc7707ad6d0d5346,True,1.0,1.0,0.6359176780026577,1.0,1.0,1.0,0.8482990325011074
2930,7edfabe116e25844,True,1.0,1.0,1.0,1.0,1.0,1.0,1.0
2931,51c2558524435a31,True,1.0,1.0,0.9900096256605891,1.0,1.0,1.0,0.9958373440252455
2932,230ab732c0d65fb3,True,1.0,1.0,1.0,0.0,1.0,0.5,0.5833333333333334
2933,5a454b4d1c535366,True,1.0,1.0,0.8935194295455385,1.0,1.0,1.0,0.9556330956439744
2934,67094a5dcc8c5ff6,True,1.0,0.0,0.0,1.0,1.0,1.0,0.0
2935,302803d07e7059dc,True,1.0,1.0,1.0,1.0,1.0,1.0,1.0
2936,6a8a6b3a7d5f55cd,True,0.0,1.0,0.0,0.0,1.0,1.0,0.0
2937,e3f62a1acf9d565e,True,1.0,1.0,1.0,1.0,1.0,1.0,1.0
2938,69938a4507ba5419,True,1.0,1.0,1.0,1.0,1.0,1.0,1.0
2939,2f6ef141a25657e5,True,1.0,1.0,0.8168065308429941,1.0,1.0,1.0,0.9236693878512475
2940,e1d5cb7ac38f5038,True,0.0,1.0,0.0,0.0,1.0,1.0,0.0
2941,ef300f8a9cf254bc,True,1.0,1.0,0.9110407469547823,1.0,1.0,1.0,0.9629336445644926
2942,a5d3eca1660f5855,True,1.0,1.0,0.8828743464488386,1.0,1.0,1.0,0.9511976443536826
2943,631249cc108f5e1e,True,1.0,0.0,0.0,1.0,1.0,1.0,0.0
2944,a4f91ed474295f00,True,1.0,1.0,0.9800166122288402,1.0,1.0,1.0,0.9916735884286835
2945,74df22cda10a5cf9,True,1.0,1.0,1.0,1.0,1.0,1.0,1.0
2946,c2f911300954542a,True,1.0,0.0,0.0,1.0,1.0,1.0,0.0
2947,3296651e2cf0547d,True,1.0,1.0,0.5666211024236147,1.0,1.0,1.0,0.8194254593431728
2948,47f9e40a21f7510a,True,1.0,1.0,1.0,1.0,1.0,1.0,1.0
2949,9369b11c1f5857e8,True,1.0,1.0,1.0,1.0,1.0,1.0,1.0
2950,b1bcfdce40d5572e,True,1.0,1.0,0.7974974520159286,1.0,1.0,0.5,0.9156239383399702
2951,bf80166d9d045752,True,1.0,1.0,0.8884984285507633,1.0,1.0,1.0,0.9535410118961515
2952,dfe53c7f74e5554c,True,0.0,1.0,0.0,0.0,1.0,1.0,0.0
2953,247ba5f9646c5528,True,1.0,1.0,1.0,1.0,1.0,1.0,1.0
2954,b5ca533bca505ceb,True,1.0,1.0,1.0,1.0,1.0,1.0,1.0
2955,59c19d828f665a79,True,1.0,1.0,0.6688553654839681,1.0,1.0,1.0,0.8620230689516534
2956,6cad8c31d4725496,True,1.0,1.0,0.8649707902526351,1.0,1.0,1.0,0.9437378292719313
2957,f7143ad20856584c,True,1.0,1.0,0.9039420588643965,1.0,1.0,1.0,0.9599758578601651
2958,756ce42a326f5033,True,1.0,1.0,0.7104284220124015,1.0,1.0,1.0,0.8793451758385006
2959,4a557f1bfe3b5645,True,1.0,1.0,1.0,0.0,1.0,1.0,0.5833333333333334
2960,e4553dc9b5725cb7,True,1.0,1.0,1.0,1.0,1.0,1.0,1.0
2961,34ed4880444350af,True,1.0,1.0,1.0,1.0,1.0,1.0,1.0
2962,88f3df2443c55e59,True,1.0,1.0,0.668022182308168,1.0,1.0,1.0,0.86167590929507
2963,f72ccf055618500a,True,1.0,1.0,0.849336535026501,1.0,1.0,1.0,0.937223556261042
2964,0f1d91e077d05381,True,1.0,1.0,1.0,1.0,1.0,1.0,1.0
2965,3a5278b27c87565f,True,1.0,1.0,0.014529032999727864,1.0,1.0,1.0,0.5893870970832199
2966,7276ff87d3c2557c,True,1.0,1.0,1.0,0.0,1.0,1.0,0.5833333333333334
2967,d00c78600089543a,True,0.0,1.0,0.0,0.0,1.0,1.0,0.0
2968,85a89a122095548d,True,1.0,1.0,0.7827633528066674,1.0,1.0,1.0,0.9094847303361114
2969,63980d0b4c9352c4,True,1.0,0.0,0.0,1.0,1.0,0.0,0.0
2970,49c9a9f57deb5a8c,True,1.0,1.0,0.8392796203825574,1.0,1.0,0.0,0.933033175159399
2971,3a4e9626c9aa5fa0,True,1.0,1.0,1.0,1.0,1.0,1.0,1.0
2972,09df1da0af885ddd,True,1.0,1.0,0.848365974637969,1.0,1.0,1.0,0.9368191560991538
2973,49074bfb7c9e5c26,True,1.0,1.0,0.9284056098923098,1.0,1.0,1.0,0.9701690041217957
2974,0c3c5692dcdd5bdc,True,1.0,1.0,0.01961371356876723,1.0,1.0,1.0,0.5915057139869864
2975,c022ad6a9b6f5367,True,1.0,1.0,1.0,1.0,1.0,1.0,1.0
2976,96d8920289b55395,True,1.0,1.0,0.8330551907242891,1.0,1.0,1.0,0.9304396628017871
2977,e720bb9728785a67,True,1.0,1.0,0.9654462730159432,0.0,1.0,1.0,0.5689359470899763
2978,b07ccbd562295ef9,True,1.0,0.0,0.0,1.0,1.0,0.5,0.0
2979,6157148c5fa25838,True,1.0,1.0,0.9858251363321924,1.0,1.0,1.0,0.9940938068050801
2980,c01c5d45b97154d4,True,1.0,1.0,1.0,1.0,1.0,1.0,1.0
2981,6781255a85605dd5,True,1.0,1.0,1.0,1.0,1.0,1.0,1.0
2982,5d47863332065766,True,1.0,1.0,0.9950368258896115,1.0,1.0,1.0,0.9979320107873381
2983,e6077696f29b54ca,True,0.0,1.0,0.0,0.0,1.0,0.5,0.0
2984,04605629ea8a50cc,True,1.0,0.0,0.0,0.0,1.0,1.0,0.0
2985,6fe17a5e4d755f59,True,0.0,1.0,0.0,0.0,1.0,1.0,0.0
2986,c081afa672dc56a2,True,1.0,1.0,0.8549657050084905,1.0,1.0,1.0,0.9395690437535377
2987,629f93034f995ebc,True,1.0,1.0,1.0,1.0,1.0,1.0,1.0
2988,7f47c3fca9075a31,True,1.0,1.0,0.8516089324448833,0.0,1.0,1.0,0.5215037218520348
2989,c9f8032d2d725257,True,1.0,1.0,1.0,1.0,1.0,1.0,1.0
2990,07dc9de3dd855653,True,1.0,1.0,0.6075916972092631,1.0,1.0,1.0,0.8364965405038597
2991,3b5422b60c4f5c4b,True,1.0,1.0,1.0,1.0,1.0,1.0,1.0
2992,05f1c7e44f74538c,True,0.5,0.0,0.0,0.0,1.0,1.0,0.0
2993,93b0ff5c4c5c507e,True,1.0,1.0,1.0,1.0,1.0,1.0,1.0
2994,fb4a03d7f9395b9a,True,1.0,1.0,0.9756241188568717,1.0,1.0,1.0,0.9898433828570298
2995,f727c5fa1e735d2d,True,1.0,1.0,1.0,1.0,1.0,1.0,1.0
2996,447e7b334e165460,True,1.0,1.0,0.8549376100077237,1.0,1.0,1.0,0.9395573375032183
2997,02379e524f105926,True,1.0,1.0,0.8759654101417333,1.0,1.0,1.0,0.9483189208923889
2998,c5388dbd766353cf,True,1.0,1.0,1.0,1.0,1.0,1.0,1.0
2999,eefe691a7cbb55c8,True,1.0,1.0,1.0,0.0,1.0,1.0,0.5833333333333334
3000,ecaafd3b7f635e0d,True,1.0,1.0,0.8982217998100116,1.0,1.0,1.0,0.9575924165875049
3001,90c5557d1eec55a0,True,1.0,1.0,0.7162849942735101,1.0,1.0,1.0,0.8817854142806292
3002,1d2e6d44fd635391,True,1.0,1.0,1.0,1.0,1.0,1.0,1.0
3003,f2e0d7e15fa253f0,True,1.0,1.0,0.9582626872149951,0.0,1.0,1.0,0.5659427863395813
3004,520c2defbbc958a0,True,1.0,1.0,0.9413332112779179,1.0,1.0,1.0,0.9755555046991325
3005,1825640c9ed75a4b,True,1.0,1.0,0.9141766486227216,1.0,1.0,1.0,0.9642402702594673
3006,c42697d5870e5dee,True,0.0,1.0,0.0,0.0,1.0,1.0,0.0
3007,ea93b5b81d425814,True,1.0,1.0,0.9759034226664202,1.0,1.0,1.0,0.9899597594443418
3008,bd06d301fe645a28,True,1.0,0.0,0.0,1.0,1.0,0.5,0.0
3009,8c5a6a5b602859b2,True,1.0,0.0,0.0,1.0,1.0,1.0,0.0
3010,03d1885be4355a79,True,1.0,0.0,0.0,1.0,1.0,1.0,0.0
3011,578fc7fcef215f0f,True,1.0,1.0,0.8974345487480012,1.0,1.0,1.0,0.9572643953116672
3012,dc39a0845cde5b42,True,1.0,1.0,0.8080440380371958,1.0,1.0,1.0,0.9200183491821649
3013,a2cbf7c347a45c6e,True,1.0,1.0,1.0,1.0,1.0,1.0,1.0
3014,7e1cc7d77132505a,True,0.0,0.0,0.0,0.0,1.0,1.0,0.0
3015,45e6bebee4305fb6,True,1.0,1.0,0.9438684421581911,1.0,1.0,1.0,0.9766118508992463
3016,659d1e0ce6cd5c97,True,1.0,1.0,0.9920420032724977,1.0,1.0,1.0,0.9966841680302073
3017,072471bece365f16,True,1.0,1.0,0.911939017229636,1.0,1.0,1.0,0.9633079238456816
3018,e7dc959cb4745b66,True,1.0,1.0,0.7050720755819223,1.0,1.0,1.0,0.877113364825801
3019,1b95b6689ee75fab,True,1.0,0.0,0.0,0.0,1.0,0.0,0.0
3020,fb26a29303d1507e,True,1.0,1.0,1.0,1.0,1.0,1.0,1.0
3021,2d0c8a7a065e5995,True,1.0,1.0,0.7713933543249077,1.0,1.0,1.0,0.9047472309687116
3022,f016e2b6ac155a30,True,1.0,1.0,1.0,1.0,1.0,1.0,1.0
3023,7d99843a72555dd3,True,1.0,1.0,1.0,1.0,1.0,0.5,1.0
3024,93a5e1de2d185374,True,0.0,1.0,0.0,0.0,1.0,1.0,0.0
3025,7a146021c3485224,True,1.0,1.0,0.9649815965336408,1.0,1.0,1.0,0.9854089985556836
3026,a7f3d88fe5e5534e,True,1.0,1.0,1.0,1.0,1.0,1.0,1.0
3027,f025b78e77b25fba,True,1.0,1.0,0.6887296506080551,1.0,1.0,1.0,0.8703040210866897
3028,9fa75f1d5863570b,True,1.0,1.0,1.0,0.0,1.0,1.0,0.5833333333333334
3029,b4f362c0d9015d07,True,1.0,1.0,0.7629429691599784,1.0,1.0,0.5,0.901226237149991
3030,bd4adf326a205d51,True,1.0,1.0,1.0,1.0,1.0,1.0,1.0
3031,d6359d514f13511a,True,1.0,1.0,0.7337694218175753,1.0,1.0,0.5,0.8890705924239897
3032,daa09f8522125950,True,0.0,1.0,0.0,0.0,1.0,1.0,0.0
3033,674e6f0f529a51f7,True,1.0,1.0,1.0,1.0,1.0,1.0,1.0
3034,a9c27d1fdee5599e,True,1.0,1.0,1.0,1.0,1.0,1.0,1.0
3035,43a759f57b1d51e4,True,1.0,1.0,0.8834403536939834,1.0,1.0,1.0,0.9514334807058265
3036,5469a6a592ef55d0,True,1.0,1.0,1.0,0.0,1.0,1.0,0.5833333333333334
3037,03ec8e118cb0541d,True,1.0,1.0,1.0,1.0,1.0,1.0,1.0
3038,5593d7326b9c59aa,True,1.0,1.0,1.0,1.0,1.0,1.0,1.0
3039,c8fa1980b26e5f46,True,1.0,1.0,0.7415893686062225,1.0,1.0,1.0,0.8923289035859261
3040,258fd15174fb5e47,True,0.0,0.0,0.0,0.0,1.0,1.0,0.0
3041,5f3da1e584905c8e,True,1.0,1.0,1.0,1.0,1.0,1.0,1.0
3042,38fb216f0cc35ecc,True,0.0,1.0,0.0,0.0,1.0,1.0,0.0
3043,5c5e0e2c9d225b98,True,1.0,1.0,1.0,1.0,1.0,1.0,1.0
3044,471d0206688f5e3b,True,1.0,1.0,0.6507908036222007,1.0,1.0,1.0,0.8544961681759169
3045,fffbe416ae85553b,True,1.0,1.0,1.0,1.0,1.0,1.0,1.0
3046,c388df5240dd5f6c,True,1.0,1.0,0.8259882914280421,1.0,1.0,1.0,0.9274951214283509
3047,0590bd1f5b2057f2,True,1.0,1.0,1.0,0.0,1.0,1.0,0.5833333333333334
3048,454e63f98e365a3a,True,1.0,1.0,1.0,1.0,1.0,1.0,1.0
3049,f809d95714a05fad,True,1.0,0.0,0.0,0.0,1.0,1.0,0.0
3050,19a79abcf14059d2,True,0.0,1.0,0.0,0.0,1.0,1.0,0.0
3051,83a9fe7e03fd5755,True,1.0,1.0,0.6638456820322769,1.0,1.0,1.0,0.8599357008467821
3052,ed534c3b8d86515e,True,1.0,1.0,0.8731479259252614,1.0,1.0,1.0,0.9471449691355257
3053,3346340e1c275766,True,1.0,0.0,0.0,1.0,1.0,0.5,0.0
3054,c49e7550cee75722,True,1.0,1.0,1.0,1.0,1.0,1.0,1.0
3055,7defd0c32cd8546a,True,1.0,0.0,0.0,0.0,1.0,1.0,0.0
3056,a8159c45d59f5a5f,True,1.0,1.0,0.847521540709914,1.0,1.0,1.0,0.936467308629131
3057,fcdc1e7c917e5283,True,1.0,1.0,0.8673594418666102,1.0,1.0,1.0,0.9447331007777543
3058,72928620ac2a55a0,True,1.0,0.0,0.0,0.0,1.0,1.0,0.0
3059,1bf819f13d1c562f,True,1.0,1.0,0.8959263213682295,1.0,1.0,1.0,0.9566359672367623
3060,6efbee464bcd5780,True,1.0,1.0,0.9346175419797359,1.0,1.0,1.0,0.9727573091582232
3061,c55ef877ea075993,True,1.0,1.0,0.8700495166875973,1.0,1.0,1.0,0.9458539652864989
3062,0b4c7130090c5e85,True,1.0,1.0,1.0,1.0,1.0,1.0,1.0
3063,61be266ee38a5891,True,1.0,1.0,0.8368403650719868,1.0,1.0,1.0,0.9320168187799945
3064,ab2b84d310be5bed,True,1.0,1.0,0.9345097081084339,0.0,1.0,1.0,0.5560457117118475
3065,5bbd26efb97658ec,True,1.0,1.0,0.8290337527691168,1.0,1.0,1.0,0.9287640636537987
3066,ac55c7f072c6528d,True,1.0,0.0,0.0,1.0,1.0,1.0,0.0
3067,b27f68fe02b059ca,True,1.0,1.0,0.9139963693637541,1.0,1.0,1.0,0.9641651539015642
3068,8df6c22946e5526d,True,1.0,1.0,0.8996840807098458,1.0,1.0,1.0,0.9582017002957691
3069,d3cca8ce7e1458ad,True,1.0,1.0,1.0,1.0,1.0,1.0,1.0
3070,356738fb8224508b,True,0.0,1.0,0.0,0.0,1.0,1.0,0.0
3071,5250ee99c1f05d97,True,1.0,1.0,0.8046911873470448,1.0,1.0,1.0,0.9186213280612687
3072,ea85208e83eb57b6,True,1.0,1.0,1.0,0.0,1.0,0.0,0.5833333333333334
3073,2807cd605f1156da,True,1.0,0.0,0.0,1.0,1.0,1.0,0.0
3074,69ddc43178e9572a,True,1.0,1.0,0.7544304674772296,1.0,1.0,1.0,0.8976793614488456
3075,d894554636eb52f4,True,1.0,1.0,0.636084336741196,1.0,1.0,1.0,0.8483684736421649
3076,d9b28b3ee70e57f2,True,1.0,1.0,1.0,1.0,1.0,1.0,1.0
3077,9e4c1639be465a8a,True,1.0,1.0,0.9793835357157509,1.0,1.0,1.0,0.9914098065482295
3078,57a77b8c90465bc4,True,1.0,0.0,0.0,1.0,1.0,1.0,0.0
3079,9f8764247caa5e71,True,1.0,1.0,0.9537697663361906,1.0,1.0,1.0,0.9807374026400794
3080,1cddf5eb97425ac1,True,1.0,1.0,1.0,0.0,1.0,1.0,0.5833333333333334
3081,7c0a753f5a2f5230,True,1.0,1.0,1.0,1.0,1.0,1.0,1.0
3082,5be54baed8b35bd7,True,1.0,1.0,1.0,1.0,1.0,1.0,1.0
3083,bc1489ef42185fa1,True,1.0,1.0,0.7172372832612197,1.0,1.0,0.5,0.8821822013588415
3084,89ab22734ce45927,True,1.0,1.0,0.8519511897798994,1.0,1.0,1.0,0.9383129957416246
3085,49d613966f25569b,True,1.0,1.0,1.0,1.0,1.0,1.0,1.0
3086,f0f77f6f5cb4562c,True,1.0,1.0,1.0,0.0,1.0,1.0,0.5833333333333334
3087,2c0f41d407295efa,True,1.0,1.0,0.5555421655964258,1.0,1.0,1.0,0.8148092356651775
3088,8c3d43af9a905864,True,1.0,1.0,1.0,0.0,1.0,1.0,0.5833333333333334
3089,5474ade2411457f3,True,1.0,1.0,1.0,1.0,1.0,1.0,1.0
3090,864977c14b9754eb,True,1.0,1.0,0.8813333894173135,1.0,1.0,1.0,0.9505555789238805
3091,923e4fcf3daa57f8,True,1.0,0.0,0.0,0.0,1.0,0.0,0.0
3092,3ba8b6918fc45634,True,1.0,1.0,0.9384516385137204,1.0,1.0,0.5,0.9743548493807168
3093,d24706485f0452eb,True,1.0,1.0,0.9522752660989535,1.0,1.0,1.0,0.9801146942078973
3094,f6ce545dcc975501,True,0.0,0.0,0.0,0.0,1.0,1.0,0.0
3095,d71f89f4f6e350b8,True,1.0,1.0,0.9972178940627755,1.0,1.0,0.0,0.9988407891928232
3096,3a36b098acee53b9,True,0.0,1.0,0.0,0.0,1.0,1.0,0.0
3097,7ac633604a3c572d,True,1.0,1.0,1.0,1.0,1.0,1.0,1.0
3098,11094634534c53fd,True,0.0,1.0,0.0,0.0,1.0,1.0,0.0
3099,d798fc24805d5f19,True,1.0,1.0,0.6879851933566954,1.0,1.0,1.0,0.8699938305652898
3100,253c33ffe10a5aa7,True,1.0,0.0,0.0,1.0,1.0,1.0,0.0
3101,84409129e8075bca,True,1.0,0.0,0.0,1.0,1.0,1.0,0.0
3102,ee9615c4b10d5ec9,True,1.0,1.0,1.0,1.0,1.0,1.0,1.0
3103,ca000fa91efb560c,True,1.0,1.0,0.8477603373490677,1.0,1.0,0.0,0.9365668072287782
3104,6545ddda66325e39,True,1.0,1.0,1.0,1.0,1.0,1.0,1.0
3105,47f76d2da48f57ba,True,1.0,0.0,0.0,1.0,1.0,1.0,0.0
3106,f2a54a0461005d6c,True,1.0,1.0,1.0,1.0,1.0,1.0,1.0
3107,ee42b86599ca5632,True,1.0,0.0,0.0,1.0,1.0,1.0,0.0
3108,3eaf6c916382509b,True,1.0,1.0,1.0,1.0,1.0,1.0,1.0
3109,af67221644ad5bd3,True,1.0,1.0,0.8142772341000951,1.0,1.0,1.0,0.9226155142083728
3110,70bd598e1c305d92,True,1.0,1.0,1.0,1.0,1.0,1.0,1.0
3111,d09ecc45a5685873,True,1.0,1.0,1.0,1.0,1.0,1.0,1.0
3112,d0a77f19bd8b5348,True,1.0,0.0,0.0,1.0,1.0,1.0,0.0
3113,f5eb7105d1d358c5,True,1.0,1.0,0.8476781941328247,1.0,1.0,1.0,0.936532580888677
3114,cdab92d3f2d955db,True,1.0,1.0,1.0,1.0,1.0,0.5,1.0
3115,2f67d7af0e0d51a1,True,1.0,1.0,0.7934995074646761,1.0,1.0,1.0,0.9139581281102817
3116,6b19d4325f075ad0,True,1.0,1.0,0.7773422997675924,1.0,1.0,1.0,0.9072259582364968
3117,3d2adf8b0bb65492,True,1.0,1.0,0.8575965932599418,1.0,1.0,1.0,0.9406652471916424
3118,29d075e26b5156fc,True,1.0,1.0,1.0,1.0,1.0,1.0,1.0
3119,2ec48f094e475d85,True,1.0,1.0,1.0,0.0,1.0,1.0,0.5833333333333334
3120,790e0f5c7fce5627,True,1.0,0.0,0.0,0.0,1.0,1.0,0.0
3121,f01212b1c5b25520,True,1.0,1.0,0.9187626565621133,0.0,1.0,1.0,0.5494844402342139
3122,39640455f50c544c,True,0.0,1.0,0.0,0.0,1.0,1.0,0.0
3123,70f72122f1605fa1,True,1.0,0.0,0.0,1.0,1.0,0.5,0.0
3124,a8d4a3fc503c5f83,True,1.0,0.0,0.0,1.0,1.0,0.0,0.0
3125,a9ffe9bb174851e6,True,1.0,1.0,0.7512245985027287,0.0,1.0,1.0,0.47967691604280366
3126,2c8a58b94332570d,True,1.0,0.0,0.0,0.0,1.0,1.0,0.0
3127,943c308c85d25ee5,True,1.0,1.0,0.87634393587315,1.0,1.0,1.0,0.9484766399471458
3128,c370f836e3275da4,True,1.0,1.0,1.0,1.0,1.0,1.0,1.0
3129,f5cb61c359ce574b,True,0.0,1.0,0.0,0.0,1.0,1.0,0.0
3130,85649e978e60550d,True,1.0,1.0,0.9387002808987969,1.0,1.0,1.0,0.9744584503744987
3131,3ffbf8596e7655ec,True,0.0,1.0,0.0,0.0,1.0,1.0,0.0
3132,ac0f18be77bd585c,True,1.0,1.0,0.5572311876150104,1.0,1.0,1.0,0.8155129948395876
3133,939be40082d9515a,True,1.0,0.0,0.0,1.0,1.0,1.0,0.0
3134,5fadffd02da256e5,True,1.0,1.0,0.8644254451724542,1.0,1.0,1.0,0.9435106021551892
3135,e7b5da2135fc5303,True,1.0,1.0,1.0,1.0,1.0,1.0,1.0
3136,6f4f660648e15c84,True,1.0,1.0,1.0,1.0,1.0,1.0,1.0
3137,7aaa5ff3f0d255ef,True,1.0,1.0,1.0,0.0,1.0,1.0,0.5833333333333334
3138,3dfa374651035868,True,1.0,1.0,0.7758160640344995,1.0,1.0,1.0,0.9065900266810415
3139,fb7d83b69f38539f,True,0.0,1.0,0.0,0.0,1.0,1.0,0.0
3140,e62e904da0695956,True,1.0,1.0,0.8919988730873729,1.0,1.0,1.0,0.9549995304530721
3141,08dad3e5005658df,True,1.0,1.0,0.7054193803580593,1.0,1.0,1.0,0.8772580751491913
3142,e7cfffa4e8dd53a8,True,1.0,0.0,0.0,1.0,1.0,1.0,0.0
3143,36c6d1ea21015e5f,True,1.0,1.0,0.9563442058906223,1.0,1.0,1.0,0.9818100857877593
3144,d04049c3978354f0,True,1.0,1.0,0.5473435278169173,1.0,1.0,1.0,0.8113931365903823
3145,b8d2227c06a351e4,True,1.0,1.0,0.11068423117358117,1.0,1.0,1.0,0.6294517629889921
3146,badd4b6320d05d87,True,1.0,1.0,0.8481150608634531,1.0,1.0,1.0,0.9367146086931054
3147,80df9e4f79c65d4d,True,1.0,1.0,0.9632407460063265,1.0,1.0,1.0,0.9846836441693027
3148,299e19fc72e65ac5,True,0.0,1.0,0.0,0.0,1.0,1.0,0.0
3149,995f8bcf61f95fad,True,1.0,1.0,1.0,1.0,1.0,1.0,1.0
3150,0c5365f52bac5785,True,1.0,1.0,1.0,0.0,1.0,1.0,0.5833333333333334
3151,a0b9c3ee286454cb,True,1.0,1.0,0.7426939534280466,1.0,1.0,1.0,0.892789147261686
3152,15715849d362599e,True,1.0,1.0,0.7443770739780701,1.0,1.0,1.0,0.8934904474908625
3153,a317560bc1215a39,True,1.0,1.0,0.8628658404731666,1.0,1.0,1.0,0.9428607668638195
3154,78c1a7b545cf5592,True,1.0,1.0,1.0,0.0,1.0,1.0,0.5833333333333334
3155,52c77cea68eb5afc,True,1.0,1.0,1.0,0.0,1.0,1.0,0.5833333333333334
3156,9e290b24dff55dff,True,1.0,1.0,0.75788893691955,1.0,1.0,1.0,0.8991203903831458
3157,814e85810b7757bb,True,1.0,1.0,0.6364269981403716,1.0,1.0,1.0,0.8485112492251549
3158,4b3a1e85619e557f,True,1.0,1.0,0.034940068420049375,1.0,1.0,1.0,0.5978916951750205
3159,60e9369e91da5d9c,True,1.0,1.0,0.8804458805692825,1.0,1.0,1.0,0.9501857835705344
3160,fd391501d37752ba,True,1.0,1.0,1.0,1.0,1.0,0.5,1.0
3161,776069d80826529d,True,0.0,1.0,0.0,0.0,1.0,1.0,0.0
3162,a62cc53f0187532a,True,1.0,1.0,0.9759008540235339,1.0,1.0,1.0,0.9899586891764725
3163,87929fb304eb5bcc,True,1.0,1.0,0.9450902513210296,1.0,1.0,1.0,0.977120938050429
3164,d218ff87bdc25c55,True,1.0,1.0,0.7950883791133003,1.0,1.0,1.0,0.9146201579638751
3165,5aed461803ae5673,True,1.0,1.0,0.6821614557319353,1.0,1.0,1.0,0.8675672732216397
3166,04f548a98d695310,True,0.0,1.0,0.0,0.0,1.0,1.0,0.0
3167,9406203fdb815e58,True,1.0,1.0,0.8698658899568337,1.0,1.0,1.0,0.9457774541486806
3168,61c5308743b35db2,True,1.0,1.0,0.5742079264263432,1.0,1.0,1.0,0.8225866360109763
3169,919ee41f5fa65358,True,1.0,0.0,0.0,1.0,1.0,0.5,0.0
3170,71c32c511a445d13,True,0.0,1.0,0.0,0.0,1.0,1.0,0.0
3171,0d9243e74a1a501a,True,1.0,1.0,0.13224517145737946,1.0,1.0,1.0,0.6384354881072415
3172,ba9ec722d0e05e2c,True,1.0,1.0,0.931434897461218,1.0,1.0,1.0,0.9714312072755075
3173,4ed57aa187415e7f,True,1.0,0.0,0.0,1.0,1.0,1.0,0.0
3174,059ce0fdfc67544c,True,1.0,1.0,0.7667455320182734,1.0,1.0,1.0,0.9028106383409472
3175,c9903c96ff4153fe,True,0.0,1.0,0.0,0.0,1.0,1.0,0.0
3176,28345af8c4505291,True,1.0,1.0,0.9065625484433832,1.0,1.0,1.0,0.9610677285180763
3177,61f8e636db175a83,True,1.0,1.0,1.0,0.0,1.0,1.0,0.5833333333333334
3178,608f33b279a15cfc,True,1.0,1.0,0.9139969946194882,1.0,1.0,1.0,0.9641654144247868
3179,edb0dbd58be650f3,True,1.0,1.0,0.6427466425224966,1.0,1.0,1.0,0.8511444343843735
3180,dac176e7b40c5671,True,1.0,1.0,0.8117459824207373,1.0,1.0,1.0,0.9215608260086405
3181,bbd85b27fa465894,True,1.0,1.0,1.0,1.0,1.0,1.0,1.0
3182,e6206364da5b51f3,True,1.0,1.0,1.0,1.0,1.0,1.0,1.0
3183,130e977c13995170,True,1.0,1.0,1.0,1.0,1.0,1.0,1.0
3184,6a934e9ad62352ee,True,1.0,1.0,0.8574744720022474,1.0,1.0,1.0,0.9406143633342697
3185,c2ebbcddd45457f8,True,1.0,1.0,0.9896240078335743,0.0,1.0,1.0,0.5790100032639893
3186,4e0667aa6ead5e7d,True,1.0,1.0,0.9738329065233188,1.0,1.0,1.0,0.9890970443847161
3187,609d74e2399c53ad,True,1.0,1.0,0.7795239077887837,1.0,1.0,1.0,0.9081349615786598
3188,026bb114391d5b81,True,1.0,1.0,0.07968956994063797,1.0,1.0,1.0,0.6165373208085991
3189,d5fbd3df4a505559,True,1.0,1.0,1.0,1.0,1.0,1.0,1.0
3190,1139adeebbbe5d34,True,1.0,1.0,0.7146161537726801,1.0,1.0,1.0,0.88109006407195
3191,f733e02fa876535a,True,1.0,1.0,0.7591327428538398,1.0,1.0,1.0,0.8996386428557667
3192,5f548f26b9a7572f,True,1.0,1.0,1.0,1.0,1.0,1.0,1.0
3193,94c0ff5134d45dd1,True,1.0,0.0,0.0,1.0,1.0,0.5,0.0
3194,4909b88b347c5764,True,1.0,0.0,0.0,1.0,1.0,0.5,0.0
3195,ea1b4fddc18d51bf,True,1.0,0.0,0.0,1.0,1.0,1.0,0.0
3196,fd8299e81b435b94,True,1.0,1.0,0.9810964379923538,0.0,1.0,1.0,0.5754568491634807
3197,882a63bc231e5987,True,1.0,0.0,0.0,1.0,1.0,0.5,0.0
3198,e02db4e2c5ed5b76,True,1.0,1.0,0.9318155486993881,1.0,1.0,1.0,0.9715898119580784
3199,5ea2a4ecc18752fa,True,1.0,1.0,1.0,1.0,1.0,1.0,1.0
3200,eb527d130d8d5e33,True,1.0,1.0,1.0,1.0,1.0,1.0,1.0
3201,3bd0bc4b1100504c,True,1.0,1.0,1.0,1.0,1.0,1.0,1.0
3202,ff89c9bf77dc58ce,True,1.0,0.0,0.0,1.0,1.0,1.0,0.0
3203,3aa8e5d80d5d5d9b,True,1.0,1.0,0.9978746125807403,1.0,1.0,1.0,0.9991144219086419
3204,9d1bd4fa169c5ebe,True,1.0,1.0,0.7949920485393498,1.0,1.0,1.0,0.9145800202247291
3205,6b52f2b62f215cb4,True,1.0,1.0,1.0,1.0,1.0,1.0,1.0
3206,6370add5182e51b7,True,1.0,1.0,1.0,1.0,1.0,1.0,1.0
3207,491dce963f7f5b57,True,0.0,1.0,0.0,0.0,1.0,1.0,0.0
3208,37102588c8ac59ef,True,1.0,1.0,1.0,1.0,1.0,1.0,1.0
3209,1ca75f05f31d51cc,True,1.0,1.0,0.015466072835079201,1.0,1.0,1.0,0.5897775303479497
3210,463d1cf17f915536,True,1.0,1.0,0.831549621610776,1.0,1.0,1.0,0.9298123423378234
3211,0bbfb35740e25929,True,1.0,1.0,0.9176975682841483,1.0,1.0,1.0,0.9657073201183951
3212,7e5925fce8df5e44,True,1.0,1.0,1.0,0.0,1.0,0.0,0.5833333333333334
3213,07bc26f4b1735347,True,1.0,1.0,0.8687028362559708,1.0,1.0,1.0,0.9452928484399878
3214,9b3eda2685e75099,True,1.0,1.0,1.0,0.0,1.0,1.0,0.5833333333333334
3215,569187407cd3517c,True,1.0,1.0,1.0,1.0,1.0,1.0,1.0
3216,7956c9ed4b855859,True,1.0,1.0,0.8767973086834563,1.0,1.0,0.0,0.9486655452847734
3217,f8e2454674f75e0f,True,1.0,1.0,1.0,1.0,1.0,1.0,1.0
3218,c4e78f6c6fbc5ebe,True,1.0,1.0,0.6621132886580254,1.0,1.0,1.0,0.8592138702741773
3219,a26ee25cd4995271,True,1.0,0.0,0.0,0.0,1.0,1.0,0.0
3220,d3e3c4998ad25800,True,1.0,1.0,1.0,1.0,1.0,1.0,1.0
3221,e18ca78f3c5f5a04,True,1.0,1.0,1.0,1.0,1.0,1.0,1.0
3222,70d79606f745562e,True,1.0,1.0,1.0,1.0,1.0,0.0,1.0
3223,a37ac5585e74546d,True,1.0,1.0,1.0,1.0,1.0,1.0,1.0
3224,42032a0cedd95dc9,True,1.0,1.0,1.0,1.0,1.0,1.0,1.0
3225,b17966d55b335270,True,1.0,1.0,0.8537418220921519,1.0,1.0,1.0,0.9390590925383965
3226,04d0fb4e3ab25115,True,1.0,0.0,0.0,1.0,1.0,0.5,0.0
3227,bc388668c6285884,True,0.0,1.0,0.0,0.0,1.0,1.0,0.0
3228,3b0d8847b4a25a92,True,1.0,1.0,1.0,1.0,1.0,1.0,1.0
3229,76615d386ce6519e,True,1.0,1.0,0.957424622663957,0.0,1.0,1.0,0.5655935927766488
3230,bb783ab5850c5ee2,True,1.0,1.0,0.8243978529955205,1.0,1.0,1.0,0.9268324387481336
3231,892f8a0d37dd5af3,True,1.0,1.0,1.0,0.0,1.0,1.0,0.5833333333333334
3232,af8dc1b01446555a,True,1.0,1.0,0.9927279106275512,1.0,1.0,1.0,0.9969699627614798
3233,2cde4f39412a556d,True,1.0,1.0,0.8780674352947969,1.0,1.0,1.0,0.9491947647061654
3234,a071167fdae35f84,True,1.0,1.0,0.9087703645371781,1.0,1.0,1.0,0.961987651890491
3235,0114734fd69b598e,True,1.0,1.0,0.5862138541823074,1.0,1.0,1.0,0.8275891059092948
3236,f7341516d74658fc,True,1.0,1.0,0.8242017645722802,1.0,1.0,1.0,0.9267507352384502
3237,0a51eebaccc95c36,True,1.0,1.0,0.9313778707208367,1.0,1.0,1.0,0.971407446133682
3238,177b58cd935356f2,True,0.0,1.0,0.0,0.0,1.0,1.0,0.0
3239,128ea9f2561d53d1,True,1.0,1.0,1.0,0.0,1.0,1.0,0.5833333333333334
3240,d1bae9e7d9785598,True,1.0,0.0,0.0,1.0,1.0,1.0,0.0
3241,09034d77d3b15c5a,True,1.0,1.0,0.7664018918350354,1.0,1.0,1.0,0.9026674549312648
3242,5dbf07df40a55d2e,True,1.0,1.0,1.0,1.0,1.0,0.5,1.0
3243,8067c4f48fe45421,True,0.0,1.0,0.0,0.0,1.0,1.0,0.0
3244,81997d01d8f65c19,True,1.0,1.0,1.0,1.0,1.0,1.0,1.0
3245,ffac18af5cea540a,True,1.0,1.0,0.7363764381220859,1.0,1.0,1.0,0.8901568492175359
3246,d987180f18155985,True,1.0,1.0,1.0,1.0,1.0,1.0,1.0
3247,ac73220f793d522e,True,1.0,1.0,0.8765446919778623,1.0,1.0,1.0,0.9485602883241094
3248,269e03fbbb4c5856,True,1.0,1.0,1.0,1.0,1.0,1.0,1.0
3249,1a928640315c5332,True,1.0,1.0,1.0,1.0,1.0,1.0,1.0
3250,c2116c7a0b15556d,True,1.0,1.0,0.8654060108137905,1.0,1.0,1.0,0.9439191711724128
3251,342982275eb15441,True,1.0,1.0,0.7249965717497237,1.0,1.0,1.0,0.8854152382290515
3252,0c9105d8ad6a5f52,True,1.0,1.0,1.0,1.0,1.0,1.0,1.0
3253,b751857996975e6c,True,1.0,1.0,0.9516841348543976,1.0,1.0,1.0,0.9798683895226658
3254,40dcc0a979075ffd,True,1.0,1.0,0.7241425794079001,1.0,1.0,1.0,0.885059408086625
3255,3882f317a3f55e29,True,1.0,1.0,0.8043752286801279,1.0,1.0,1.0,0.9184896786167199
3256,e375b42cd83a5bf3,True,1.0,1.0,1.0,1.0,1.0,1.0,1.0
3257,f5e28113983e54bd,True,1.0,1.0,0.9261787200357738,1.0,1.0,1.0,0.969241133348239
3258,407ff7eab601527c,True,1.0,1.0,0.8248481478842797,1.0,1.0,1.0,0.92702006161845
3259,10ee9a1679d759e4,True,1.0,1.0,0.8055428575538892,1.0,1.0,1.0,0.9189761906474537
3260,eea52ed765aa5977,True,1.0,1.0,0.8172036352741415,1.0,1.0,1.0,0.9238348480308923
3261,d11ecb84b9b1511c,True,1.0,1.0,0.9127078631449108,1.0,1.0,1.0,0.9636282763103795
3262,d5110a9cb2b352d5,True,1.0,1.0,0.7248978666729248,1.0,1.0,1.0,0.8853741111137187
3263,719a6c965dd55d00,True,1.0,1.0,1.0,1.0,1.0,1.0,1.0
3264,096d823b664e5972,True,1.0,1.0,0.7948793807484141,0.0,1.0,1.0,0.4978664086451725
3265,0d1800f960bf5d51,True,1.0,1.0,0.7882082914861298,1.0,1.0,1.0,0.9117534547858875
3266,86bc41537b2e5bb5,True,1.0,0.0,0.0,1.0,1.0,1.0,0.0
3267,4b0be4847dd45b5c,True,1.0,1.0,0.884140018464992,1.0,1.0,1.0,0.9517250076937467
3268,85aaf087e6fe54ee,True,1.0,1.0,0.8615471073212955,1.0,1.0,1.0,0.9423112947172064
3269,e49e9763e6ea5ffb,True,1.0,0.0,0.0,1.0,1.0,1.0,0.0
3270,51d4ce9889525c4f,True,1.0,1.0,0.875691145579035,1.0,1.0,1.0,0.9482046439912647
3271,d64b2da8ffb65c16,True,0.0,1.0,0.0,0.0,1.0,0.0,0.0
3272,fdaf1d60259d5466,True,1.0,1.0,0.9494024269012453,1.0,1.0,1.0,0.9789176778755189
3273,efd90f7518445bef,True,0.0,0.0,0.0,0.0,1.0,1.0,0.0
3274,29fea23055595de3,True,1.0,1.0,0.7999356446290039,1.0,1.0,1.0,0.9166398519287516
3275,090594c37ce256a3,True,1.0,1.0,1.0,1.0,1.0,1.0,1.0
3276,3ff436e401ed5828,True,1.0,1.0,1.0,0.0,1.0,1.0,0.5833333333333334
3277,e736f6ed766658fb,True,1.0,1.0,1.0,0.0,1.0,1.0,0.5833333333333334
3278,85dba97943515cbd,True,1.0,1.0,0.7595112919661586,1.0,1.0,1.0,0.8997963716525662
3279,8c67448dd4da50a3,True,1.0,1.0,0.6002285826232923,1.0,1.0,1.0,0.8334285760930383
3280,798f1981bb285b09,True,1.0,0.0,0.0,1.0,1.0,1.0,0.0
3281,a312f24a197d530c,True,1.0,1.0,0.9227881887394236,1.0,1.0,1.0,0.9678284119747599
3282,8a8732cf61dd5452,True,1.0,1.0,1.0,0.0,1.0,1.0,0.5833333333333334
3283,bdb32e2af06e5bc9,True,1.0,1.0,0.9546028670179263,1.0,1.0,1.0,0.9810845279241359
3284,ef3dd8a6f4995678,True,1.0,1.0,0.7762917790051524,1.0,1.0,1.0,0.9067882412521469
3285,984c4c329ba05bd2,True,0.0,1.0,0.0,0.0,1.0,1.0,0.0
3286,3de31c78c86c52b7,True,1.0,1.0,0.9099431306507825,1.0,1.0,1.0,0.9624763044378261
3287,1542482ff0ad537e,True,1.0,1.0,1.0,0.0,1.0,1.0,0.5833333333333334
3288,d08756521e64547e,True,1.0,1.0,0.8935785689558671,1.0,1.0,1.0,0.9556577370649446
3289,5b3bc72c557a5a17,True,1.0,1.0,0.739756702625433,1.0,1.0,1.0,0.891565292760597
3290,97eca45f93285d17,True,1.0,1.0,0.01946856943005701,1.0,1.0,1.0,0.5914452372625237
3291,32189cc0a3bf535a,True,1.0,1.0,1.0,0.0,1.0,1.0,0.5833333333333334
3292,9fb8affb5c295640,True,1.0,1.0,0.95640507399816,1.0,1.0,1.0,0.9818354474992333
3293,18e5845edcdb500c,True,1.0,1.0,0.6950108102042062,1.0,1.0,1.0,0.8729211709184193
3294,53259c7d4d8952eb,True,1.0,1.0,1.0,1.0,1.0,1.0,1.0
3295,c05f89f644505f4c,True,1.0,1.0,0.48227577942977784,1.0,1.0,1.0,0.7842815747624075
3296,12c9ecb5687f572b,True,0.0,1.0,0.0,0.0,1.0,1.0,0.0
3297,8b2b4c67ddcf5c36,True,1.0,1.0,1.0,1.0,1.0,1.0,1.0
3298,8ead980b5c845769,True,1.0,1.0,1.0,1.0,1.0,1.0,1.0
3299,a34e53ca202b5fa3,True,1.0,1.0,0.9545266407207945,1.0,1.0,1.0,0.9810527669669978
3300,834cf95826ec5c73,True,1.0,1.0,0.8003796505439249,1.0,1.0,1.0,0.916824854393302
3301,d7c017783af2520b,True,1.0,1.0,1.0,1.0,1.0,1.0,1.0
3302,cb163ff9424a5aee,True,1.0,1.0,1.0,1.0,1.0,1.0,1.0
3303,1cb1b58a3129563c,True,1.0,1.0,0.9977528970234782,1.0,1.0,1.0,0.999063707093116
3304,9149c990800952c0,True,1.0,1.0,1.0,1.0,1.0,1.0,1.0
3305,6771ec6dba275364,True,1.0,1.0,0.9990446276262116,1.0,1.0,1.0,0.9996019281775882
3306,b069ef19c0ba5887,True,1.0,1.0,0.8097007025977315,1.0,1.0,1.0,0.9207086260823881
3307,480325e1f5085385,True,1.0,1.0,1.0,1.0,1.0,1.0,1.0
3308,e694a2cdf01e52b8,True,1.0,1.0,0.8481819086431972,1.0,1.0,1.0,0.9367424619346655
3309,7be8784c329456b4,True,0.0,1.0,0.0,0.0,1.0,1.0,0.0
3310,5445d4283a475bf6,True,1.0,0.0,0.0,1.0,1.0,1.0,0.0
3311,4d6e0b4cf60f5e98,True,1.0,1.0,1.0,1.0,1.0,1.0,1.0
3312,986cc16cb2295630,True,1.0,1.0,1.0,1.0,1.0,1.0,1.0
3313,0928c39f05db52c5,True,1.0,1.0,0.9120786278314278,1.0,1.0,1.0,0.9633660949297616
3314,0a99133136835ee9,True,1.0,1.0,1.0,1.0,1.0,1.0,1.0
3315,7263ccb23351549b,True,1.0,1.0,0.6230443328605791,1.0,1.0,0.5,0.842935138691908
3316,46aea2dcb1485353,True,1.0,1.0,1.0,1.0,1.0,1.0,1.0
3317,4342cb36fbba580b,True,1.0,1.0,1.0,0.0,1.0,1.0,0.5833333333333334
3318,a03c5e53159f54c3,True,1.0,1.0,1.0,1.0,1.0,1.0,1.0
3319,7dac1567fa8d574c,True,1.0,1.0,0.7716060077370738,1.0,1.0,1.0,0.9048358365571141
3320,d91edafc567a5fcc,True,1.0,0.0,0.0,1.0,1.0,0.5,0.0
3321,d151cc1bccd958d3,True,1.0,1.0,0.8008727620103794,0.0,1.0,1.0,0.5003636508376581
3322,5c46c17f514b5153,True,1.0,1.0,1.0,0.0,1.0,1.0,0.5833333333333334
3323,27bcec96f13c5426,True,1.0,1.0,1.0,1.0,1.0,1.0,1.0
3324,d26786f5e54e53f3,True,1.0,1.0,0.747319140930869,1.0,1.0,1.0,0.8947163087211955
3325,775e5b7f1b235e12,True,1.0,1.0,0.9024547383888094,1.0,1.0,1.0,0.9593561409953373
3326,9bafc41b5ee0547c,True,1.0,1.0,0.9865862271172895,1.0,1.0,1.0,0.9944109279655372
3327,d75b5c57a3c45583,True,1.0,1.0,1.0,1.0,1.0,1.0,1.0
3328,a8dacf347a605f0d,True,1.0,1.0,0.8117955739541889,1.0,1.0,1.0,0.9215814891475788
3329,e74ca27f40755297,True,1.0,0.0,0.0,1.0,1.0,1.0,0.0
3330,087e15b24dd55c90,True,1.0,1.0,0.8856448005892734,1.0,1.0,1.0,0.9523520002455306
3331,37a2f90109f85bff,True,1.0,1.0,0.7573539101462647,1.0,1.0,1.0,0.8988974625609436
3332,0ddc4576607e561e,True,1.0,1.0,0.9629931768012312,1.0,1.0,1.0,0.9845804903338463
3333,80d8679b8c215769,True,1.0,1.0,1.0,1.0,1.0,1.0,1.0
3334,bed7a2c445315bb7,True,1.0,1.0,0.7684709390768498,1.0,1.0,1.0,0.9035295579486874
3335,4b58ef9360555bac,True,1.0,1.0,1.0,1.0,1.0,1.0,1.0
3336,19d546524016560f,True,1.0,1.0,0.825033746177253,1.0,1.0,1.0,0.9270973942405222
3337,0b1a626ef31150b3,True,1.0,1.0,1.0,1.0,1.0,1.0,1.0
3338,47c8c3903f245f96,True,0.0,1.0,0.0,1.0,1.0,1.0,0.0
3339,9577987ee2e85304,True,1.0,1.0,1.0,1.0,1.0,1.0,1.0
3340,d534aec3a5085c3b,True,1.0,1.0,1.0,0.0,1.0,0.5,0.5833333333333334
3341,cfa1a5ff80355988,True,1.0,1.0,0.9021170280866356,1.0,1.0,1.0,0.9592154283694315
3342,4899341a782f5409,True,1.0,1.0,1.0,1.0,1.0,1.0,1.0
3343,f199bfb931d65f4f,True,1.0,1.0,1.0,1.0,1.0,1.0,1.0
3344,e4007492f3d55374,True,1.0,1.0,0.7387116415300112,1.0,1.0,1.0,0.8911298506375047
3345,b5668089b793502b,True,0.0,1.0,0.0,0.0,1.0,1.0,0.0
3346,bb57439423df56c7,True,1.0,1.0,0.8027852096261134,1.0,1.0,1.0,0.9178271706775473
3347,3be6682bde7d5548,True,1.0,1.0,0.9398288240771338,1.0,1.0,1.0,0.9749286766988057
3348,239705f6ca945846,True,1.0,1.0,0.5063481944298184,1.0,1.0,1.0,0.794311747679091
3349,4749d401a5a95254,True,1.0,1.0,0.7269043474772298,1.0,1.0,1.0,0.886210144782179
3350,7cdcf11e211759cf,True,1.0,1.0,0.24100668469003864,1.0,1.0,1.0,0.683752785287516
3351,90dbd48d165958cc,True,1.0,0.0,0.0,1.0,1.0,0.5,0.0
3352,d1b4625f7363548e,True,1.0,1.0,1.0,1.0,1.0,1.0,1.0
3353,25e2cda283355b76,True,1.0,1.0,0.8961666524006984,1.0,1.0,1.0,0.9567361051669576
3354,3721b675d426567c,True,1.0,1.0,0.44425906729707404,1.0,1.0,1.0,0.7684412780404476
3355,2928cfbed3d15000,True,0.0,1.0,0.0,0.0,1.0,1.0,0.0
3356,2248832a822755d9,True,1.0,1.0,1.0,1.0,1.0,1.0,1.0
3357,6c578cebcf47592b,True,1.0,1.0,0.8007298837030408,1.0,1.0,1.0,0.916970784876267
3358,20c16675ba295725,True,1.0,0.0,0.0,1.0,1.0,1.0,0.0
3359,a6e7189b4bd35946,True,0.0,1.0,0.0,0.0,1.0,1.0,0.0
3360,6c76134176255a21,True,1.0,1.0,0.0009031230140595119,1.0,1.0,1.0,0.5837096345891915
3361,6c08755130155f96,True,1.0,1.0,1.0,1.0,1.0,1.0,1.0
3362,c06c4ffcf72653a5,True,1.0,1.0,1.0,1.0,1.0,1.0,1.0
3363,bb870b710b7a53e8,True,1.0,1.0,1.0,0.0,1.0,1.0,0.5833333333333334
3364,59c00a21c1315d9b,True,1.0,1.0,1.0,1.0,1.0,1.0,1.0
3365,0e15e43a4c725f49,True,1.0,1.0,1.0,1.0,1.0,1.0,1.0
3366,a3399fc1f78b55f2,True,1.0,1.0,0.7122702884587709,1.0,1.0,1.0,0.8801126201911545
3367,61a7d33a4c3b5977,True,1.0,1.0,0.9684662886706286,1.0,1.0,1.0,0.9868609536127618
3368,ef1f8e45b9f05e4f,True,1.0,0.0,0.0,1.0,1.0,1.0,0.0
3369,c38664c4b23853a3,True,1.0,1.0,0.8358099615593161,1.0,1.0,1.0,0.9315874839830484
3370,f75c8c639ded5924,True,1.0,1.0,0.8840715150172727,1.0,1.0,1.0,0.9516964645905303
3371,de2379f94fc85652,True,1.0,1.0,0.7856263177806995,1.0,1.0,1.0,0.9106776324086248
3372,dac5a6aa183b5e73,True,1.0,0.0,0.0,1.0,1.0,0.5,0.0
3373,687dc7e79cf65570,True,1.0,1.0,0.7322588646344413,1.0,1.0,1.0,0.8884411935976839
3374,4f98b9b2f76e57be,True,1.0,1.0,1.0,1.0,1.0,1.0,1.0
3375,7d5f417c01fb5a87,True,1.0,0.0,0.0,1.0,1.0,1.0,0.0
3376,7e35bd1fea5b50da,True,1.0,1.0,1.0,1.0,1.0,1.0,1.0
3377,97080182e9a455b3,True,1.0,1.0,0.6649762930915863,1.0,1.0,1.0,0.8604067887881609
3378,7d399fe8e4335fc3,True,1.0,1.0,0.8115428031456565,1.0,1.0,1.0,0.921476167977357
3379,19a595ad0fe35941,True,1.0,1.0,0.8338095930938529,1.0,1.0,0.0,0.9307539971224387
3380,6b96870196f95d29,True,1.0,1.0,0.8634994512428441,1.0,1.0,1.0,0.9431247713511851
3381,fa3c2377e39c52e3,True,1.0,0.0,0.0,1.0,1.0,1.0,0.0
3382,c4fbbd685a1953c5,True,1.0,1.0,0.7693284863672449,1.0,1.0,1.0,0.9038868693196854
3383,1288b2d19d695376,True,0.0,1.0,0.0,0.0,1.0,1.0,0.0
3384,c9ca538cb3235e43,True,1.0,1.0,1.0,1.0,1.0,1.0,1.0
3385,8c156f5b675b5657,True,1.0,1.0,1.0,1.0,1.0,1.0,1.0
3386,d8acd89d5cc95e9a,True,1.0,1.0,1.0,1.0,1.0,1.0,1.0
3387,0166f867762a56e1,True,1.0,1.0,0.9874776551099717,1.0,1.0,1.0,0.9947823562958215
3388,04e105927ad451ab,True,1.0,1.0,0.8898846505636944,1.0,1.0,1.0,0.9541186044015393
3389,f93a7b7a8fe95c6f,True,1.0,1.0,0.9620152567258203,1.0,1.0,1.0,0.9841730236357584
3390,779852a1160f56f9,True,1.0,0.0,0.0,1.0,1.0,1.0,0.0
3391,e80df2a74bfd5a22,True,1.0,1.0,1.0,0.0,1.0,1.0,0.5833333333333334
3392,6770ba617cae540e,True,1.0,1.0,0.7805586657076472,1.0,1.0,1.0,0.9085661107115196
3393,ce6eb4e00dac5ae3,True,1.0,1.0,1.0,1.0,1.0,1.0,1.0
3394,30271c81460b556d,True,1.0,1.0,0.9908509938775241,1.0,1.0,1.0,0.996187914115635
3395,c28b41c8410f5465,True,1.0,1.0,0.9237758716702662,1.0,1.0,1.0,0.9682399465292776
3396,3338ad25c2cc59d1,True,1.0,1.0,0.6144040068962247,1.0,1.0,1.0,0.839335002873427
3397,6316ea076a0e597f,True,1.0,1.0,0.8522354706047646,1.0,1.0,1.0,0.9384314460853185
3398,23514d24647a52a3,True,1.0,0.0,0.0,1.0,1.0,1.0,0.0
3399,25c1569ea1d753f2,True,1.0,1.0,1.0,1.0,1.0,1.0,1.0
3400,7ff005be930e5ad6,True,1.0,1.0,0.6158030488699026,1.0,1.0,1.0,0.8399179370291261
3401,19a718729d3a5e37,True,1.0,1.0,1.0,1.0,1.0,1.0,1.0
3402,cdda15bd879d5a30,True,1.0,1.0,0.8548216581501576,1.0,1.0,1.0,0.9395090242292324
3403,a305b24487775cfc,True,1.0,1.0,1.0,0.0,1.0,1.0,0.5833333333333334
3404,d74329969d1155bf,True,1.0,1.0,1.0,1.0,1.0,0.0,1.0
3405,42c8571d47305166,True,0.0,1.0,0.0,0.0,1.0,1.0,0.0
3406,d74dbc89af495c84,True,1.0,1.0,0.8581597166636389,1.0,1.0,1.0,0.9408998819431829
3407,ecb0765ba5c05fa3,True,1.0,1.0,1.0,0.0,1.0,1.0,0.5833333333333334
3408,49b32cb088ae53fe,True,1.0,1.0,0.811814607521179,1.0,1.0,1.0,0.9215894198004912
3409,6326e62f04625791,True,1.0,1.0,1.0,1.0,1.0,1.0,1.0
3410,bc253d8424935910,True,1.0,1.0,0.9694830085342406,1.0,1.0,1.0,0.9872845868892669
3411,c25c6a709afc5552,True,1.0,1.0,1.0,1.0,1.0,1.0,1.0
3412,045a93a43af35fd1,True,1.0,1.0,1.0,1.0,1.0,1.0,1.0
3413,535d4220196452ed,True,1.0,1.0,1.0,1.0,1.0,1.0,1.0
3414,1526b1720d35559e,True,1.0,1.0,1.0,1.0,1.0,0.5,1.0
3415,ccdb8ab156ba5b06,True,1.0,1.0,1.0,0.0,1.0,1.0,0.5833333333333334
3416,7a18ceb376d859c1,True,1.0,1.0,0.4631531991601471,1.0,1.0,1.0,0.7763138329833946
3417,3fdefe546f3159fd,True,1.0,1.0,1.0,1.0,1.0,1.0,1.0
3418,8b369f66349d550a,True,1.0,1.0,1.0,1.0,1.0,1.0,1.0
3419,eea2ca9965e35b7a,True,1.0,1.0,0.0,1.0,1.0,1.0,0.5833333333333334
3420,f879fd3edf21506a,True,1.0,1.0,0.9800442232014854,0.0,1.0,1.0,0.5750184263339523
3421,a0e088521cf1547d,True,1.0,1.0,0.670265295148271,1.0,1.0,1.0,0.862610539645113
3422,6cf6aa937d7c5c71,True,1.0,1.0,0.746036041082072,1.0,1.0,1.0,0.8941816837841966
3423,50e5a63ba7ac5d51,True,1.0,1.0,1.0,1.0,1.0,1.0,1.0
3424,159ec1accaf55d3f,True,1.0,1.0,0.8649525303520819,1.0,1.0,1.0,0.9437302209800341
3425,bf8b8714f63d5642,True,1.0,1.0,0.8825365822509575,1.0,1.0,1.0,0.9510569092712323
3426,6292d2ef6730548d,True,1.0,1.0,0.7838048106593775,1.0,1.0,1.0,0.9099186711080739
3427,60c9aabf696a5756,True,1.0,1.0,1.0,1.0,1.0,1.0,1.0
3428,9300251ea784552f,True,0.0,1.0,0.0,0.0,1.0,1.0,0.0
3429,56a45baf2fb55951,True,1.0,1.0,1.0,1.0,1.0,1.0,1.0
3430,8c1e2438ad5f514a,True,1.0,1.0,1.0,1.0,1.0,1.0,1.0
3431,90482225be14588c,True,1.0,0.0,0.0,1.0,1.0,0.5,0.0
3432,e5d2a01ab5b0562a,True,1.0,1.0,0.5960155535878288,1.0,1.0,1.0,0.8316731473282619
3433,f9b3a9c625905d77,True,1.0,1.0,0.9069491167404342,1.0,1.0,1.0,0.9612287986418476
3434,deff279b0c815e5a,True,1.0,1.0,1.0,1.0,1.0,1.0,1.0
3435,8de5173c05ee56f5,True,1.0,1.0,0.9607293961802824,1.0,1.0,0.5,0.983637248408451
3436,df1a9e58ca1150cd,True,1.0,1.0,0.7019344222575817,1.0,1.0,1.0,0.8758060092739924
3437,46adda2ea05a50a4,True,1.0,1.0,0.9704430030086703,1.0,1.0,1.0,0.9876845845869461
3438,c2ddfc9b18815c97,True,1.0,1.0,0.8778058405665174,1.0,1.0,1.0,0.9490857669027156
3439,9d864c15bf7d5414,True,1.0,0.0,0.0,1.0,1.0,1.0,0.0
3440,b3aebfbff38e596f,True,1.0,1.0,1.0,1.0,1.0,1.0,1.0
3441,563aa14962ba55f4,True,1.0,1.0,0.8344540724902819,1.0,1.0,1.0,0.9310225302042842
3442,4f5b00e0de115593,True,1.0,1.0,0.79068660703994,0.0,1.0,1.0,0.49611941959997496
3443,10909749099354e6,True,0.0,1.0,0.0,0.0,1.0,1.0,0.0
3444,9d423dea34235b41,True,1.0,1.0,1.0,1.0,1.0,0.5,1.0
3445,2389414c94075d6a,True,1.0,1.0,0.6931788032454599,1.0,1.0,1.0,0.8721578346856083
3446,3c303aa231e65a53,True,0.0,1.0,0.0,0.0,1.0,1.0,0.0
3447,153af25086535f35,True,1.0,1.0,1.0,1.0,1.0,1.0,1.0
3448,d83c3b7416f3577e,True,1.0,1.0,0.8902451807969487,1.0,1.0,1.0,0.954268825332062
3449,d1e46ac6cbe15c1e,True,1.0,1.0,1.0,1.0,1.0,1.0,1.0
3450,25cb9b6179435488,True,1.0,1.0,1.0,1.0,1.0,1.0,1.0
3451,1fb997ffe1de58f8,True,1.0,1.0,0.7786539375506163,1.0,1.0,1.0,0.9077724739794234
3452,3bc729311a8a5d48,True,1.0,1.0,0.6893770032106025,1.0,1.0,1.0,0.8705737513377511
3453,d9f878bd57425c2c,True,1.0,1.0,1.0,0.0,1.0,1.0,0.5833333333333334
3454,e8a004bfab7d5034,True,1.0,1.0,0.9035176419511738,1.0,1.0,0.0,0.9597990174796557
3455,d60ec6837413567c,True,1.0,1.0,0.8528395186592256,1.0,1.0,1.0,0.9386831327746773
3456,215c38293c335e25,True,1.0,1.0,1.0,1.0,1.0,1.0,1.0
3457,3580cf9f59395963,True,1.0,1.0,0.9444978385531393,1.0,1.0,1.0,0.9768740993971413
3458,14c000d2a271534a,True,1.0,1.0,1.0,1.0,1.0,1.0,1.0
3459,2035406a3a6955be,True,1.0,1.0,0.823092577569959,1.0,1.0,1.0,0.9262885739874829
3460,ccd6fe2d044e5309,True,1.0,1.0,1.0,1.0,1.0,1.0,1.0
3461,111174636b57539b,True,1.0,1.0,0.7982837691350039,1.0,1.0,1.0,0.9159515704729183
3462,ef35eef8e3ae56ef,True,1.0,0.0,0.0,1.0,1.0,0.0,0.0
3463,8d83f07bed9d5f6a,True,0.0,1.0,0.0,0.0,1.0,1.0,0.0
3464,313a7a6feb1c5490,True,1.0,1.0,0.8135119732317025,1.0,1.0,1.0,0.9222966555132094
3465,5016bf8ca2ee554c,True,1.0,0.0,0.0,1.0,1.0,1.0,0.0
3466,e727c1d090125d64,True,1.0,1.0,1.0,1.0,1.0,1.0,1.0
3467,db1794b15b1a54b4,True,1.0,1.0,0.9071765762687963,1.0,1.0,1.0,0.9613235734453318
3468,dd149fc9cb395631,True,1.0,1.0,0.9939897475313929,1.0,1.0,1.0,0.9974957281380803
3469,fbe0e54ef79254bb,True,0.0,1.0,0.0,0.0,1.0,1.0,0.0
3470,39147f08f4645365,True,1.0,0.0,0.0,1.0,1.0,1.0,0.0
3471,097d35208fcb587c,True,1.0,1.0,0.4152902588071011,1.0,1.0,1.0,0.7563709411696254
3472,80ae73dfb4c45e8d,True,1.0,1.0,0.9538620222100577,1.0,1.0,1.0,0.980775842587524
3473,bee7eebe90dd5285,True,1.0,1.0,0.9791957679811898,1.0,1.0,1.0,0.9913315699921624
3474,0b9a48e2b0d351b9,True,1.0,1.0,0.8682554169078037,1.0,1.0,1.0,0.9451064237115849
3475,b7648a9b27e7574e,True,0.0,1.0,0.0,0.0,1.0,1.0,0.0
3476,0a77356a8ee85133,True,1.0,1.0,0.8292699886669838,1.0,1.0,1.0,0.9288624952779099
3477,6fc4fc2702305dfa,True,1.0,1.0,1.0,0.0,1.0,1.0,0.5833333333333334
3478,f938c73be4165c7f,True,1.0,1.0,0.817467699873465,1.0,1.0,1.0,0.9239448749472771
3479,e67e31370c185b83,True,1.0,1.0,1.0,1.0,1.0,1.0,1.0
3480,616ca25e91ac5136,True,1.0,1.0,1.0,1.0,1.0,1.0,1.0
3481,bc12361c48f15f75,True,0.0,1.0,0.0,0.0,1.0,1.0,0.0
3482,5b3f41f636aa5136,True,1.0,1.0,1.0,1.0,1.0,1.0,1.0
3483,7135ce0e5eea5907,True,1.0,1.0,0.7148866977418956,1.0,1.0,1.0,0.8812027907257898
3484,084ce89976f1505e,True,0.0,1.0,0.0,0.0,1.0,1.0,0.0
3485,48109ecc22f65d58,True,1.0,1.0,1.0,1.0,1.0,1.0,1.0
3486,807f6b90b60d5685,True,1.0,1.0,0.6812515966673519,1.0,1.0,1.0,0.8671881652780633
3487,58ba738c8dd15d55,True,1.0,1.0,0.8586455996217845,1.0,1.0,1.0,0.9411023331757434
3488,ac2046c2652451fc,True,1.0,1.0,0.7227816835892344,1.0,1.0,1.0,0.884492368162181
3489,fde7abb615895be2,True,1.0,1.0,0.20292765241665736,1.0,1.0,1.0,0.6678865218402739
3490,1bc892186af15042,True,1.0,1.0,0.8051887085603121,1.0,1.0,1.0,0.9188286285667967
3491,3dc04b54c3515f56,True,1.0,1.0,0.8577639835257101,1.0,1.0,1.0,0.9407349931357126
3492,ad898232cb525d5f,True,1.0,1.0,0.9497363418725978,1.0,1.0,1.0,0.9790568091135824
3493,981ab4a5d11b5090,True,1.0,1.0,0.8042624804066003,1.0,1.0,1.0,0.9184427001694168
3494,02c8da231eb15ed2,True,1.0,1.0,1.0,1.0,1.0,1.0,1.0
3495,60729ba7537a5622,True,1.0,1.0,1.0,1.0,1.0,1.0,1.0
3496,4f85a2301691525a,True,1.0,1.0,0.781436344828191,1.0,1.0,1.0,0.9089318103450795
3497,684ff3674eeb54ea,True,1.0,1.0,0.769951616863623,1.0,1.0,1.0,0.9041465070265096
3498,89321ac9caaf505a,True,1.0,1.0,0.9678831669325608,1.0,1.0,1.0,0.9866179862219004
3499,9e2fa21e8eac5c11,True,1.0,1.0,0.8279592182841617,1.0,1.0,1.0,0.9283163409517341
3500,68188bae28595f7c,True,0.0,1.0,0.0,0.0,1.0,1.0,0.0
3501,a8ca647927f25ae9,True,1.0,1.0,1.0,0.0,1.0,1.0,0.5833333333333334
3502,0965108c193757a9,True,1.0,1.0,1.0,0.0,1.0,1.0,0.5833333333333334
3503,26ba80ad72205a03,True,1.0,1.0,1.0,1.0,1.0,1.0,1.0
3504,f5af188b17e85ef0,True,1.0,1.0,1.0,1.0,1.0,1.0,1.0
3505,96a228d4d055523a,True,1.0,0.0,0.0,1.0,1.0,1.0,0.0
3506,0503cc398e2656be,True,1.0,1.0,0.9375045454876261,1.0,1.0,1.0,0.9739602272865109
3507,7e3d6e037fbc506c,True,1.0,1.0,1.0,0.0,1.0,1.0,0.5833333333333334
3508,0ee1f95f55d95f7e,True,1.0,0.0,0.0,0.0,1.0,0.5,0.0
3509,7f93aad83fb15871,True,1.0,1.0,1.0,1.0,1.0,1.0,1.0
3510,f42bdbb0a30c5854,True,1.0,1.0,0.9889077794134093,1.0,1.0,1.0,0.995378241422254
3511,16df188810315dc7,True,1.0,1.0,0.5873567310370037,1.0,1.0,1.0,0.8280653045987515
3512,50a0fd7b031e5ca6,True,1.0,1.0,0.6571389686937164,1.0,1.0,1.0,0.8571412369557151
3513,9104884bcb915c08,True,1.0,1.0,0.9373934557292044,1.0,1.0,1.0,0.9739139398871686
3514,f3fd7b1cf6055ad5,True,1.0,1.0,0.7777980409399868,1.0,1.0,1.0,0.9074158503916611
3515,9ddee0363c1f530a,True,1.0,1.0,1.0,1.0,1.0,1.0,1.0
3516,5a7626d57d61594b,True,1.0,0.0,0.0,1.0,1.0,1.0,0.0
3517,5ad9f64f2d295e4b,True,1.0,1.0,1.0,1.0,1.0,1.0,1.0
3518,66a897321eb45503,True,1.0,1.0,0.8190642105448463,1.0,1.0,1.0,0.9246100877270192
3519,3502b30911d75ed8,True,1.0,1.0,0.33442018058951145,1.0,1.0,1.0,0.7226750752456298
3520,bae48b8677205cad,True,1.0,1.0,0.9599180865077642,1.0,1.0,1.0,0.9832992027115685
3521,1c7bdbbc34c853bf,True,1.0,1.0,1.0,1.0,1.0,1.0,1.0
3522,6c8a49ddb7435fbf,True,1.0,1.0,1.0,1.0,1.0,0.0,1.0
3523,6062e3ace278511a,True,1.0,1.0,0.7935106254543534,1.0,1.0,1.0,0.9139627606059806
3524,6743ebcc6f5259b8,True,1.0,0.0,0.0,1.0,1.0,0.5,0.0
3525,d2b3f402ba0f55c3,True,1.0,1.0,1.0,1.0,1.0,1.0,1.0
3526,6ebf87c3da335680,True,1.0,1.0,1.0,1.0,1.0,1.0,1.0
3527,e6dde7de045154c3,True,1.0,1.0,1.0,1.0,1.0,1.0,1.0
3528,433d630eed9d5f3a,True,1.0,1.0,0.9707954037469743,1.0,1.0,1.0,0.9878314182279059
3529,5c665c5453cc54a0,True,1.0,1.0,1.0,1.0,1.0,1.0,1.0
3530,c1553b5b161e5db1,True,1.0,1.0,0.40523031947201843,1.0,1.0,1.0,0.7521792997800077
3531,25d56d0a299a50fb,True,1.0,0.0,0.0,1.0,1.0,1.0,0.0
3532,efd6ba6db6db5f6c,True,1.0,1.0,0.784573878017429,1.0,1.0,1.0,0.9102391158405955
3533,e0a645315de658bc,True,1.0,1.0,0.8034657905404965,1.0,1.0,1.0,0.9181107460585402
3534,b022550645ac5dbf,True,1.0,0.0,0.0,1.0,1.0,1.0,0.0
3535,c11b8e3e58e857f6,True,1.0,1.0,0.998465203320356,1.0,1.0,1.0,0.9993605013834816
3536,697f7ae6d60f5f2d,True,1.0,0.0,0.0,1.0,1.0,1.0,0.0
3537,a5725e330a565f84,True,1.0,1.0,0.9220090335514285,1.0,1.0,1.0,0.9675037639797619
3538,c20bcc28c238595c,True,1.0,1.0,0.9055687807487841,1.0,1.0,1.0,0.9606536586453268
3539,af0e1a3043ba51c6,True,1.0,0.0,0.0,1.0,1.0,0.0,0.0
3540,ccc2b2377fea5191,True,0.0,1.0,0.0,0.0,1.0,1.0,0.0
3541,8b477eda939951d6,True,1.0,0.0,0.0,1.0,1.0,0.0,0.0
3542,93c36f72811852d3,True,1.0,1.0,0.9532547089067236,1.0,1.0,1.0,0.9805227953778015
3543,80ea2a91b1845071,True,1.0,1.0,1.0,0.0,1.0,1.0,0.5833333333333334
3544,c4d87486264d508a,True,1.0,1.0,0.9247464033617461,1.0,1.0,1.0,0.9686443347340609
3545,3fca9a087e505470,True,1.0,0.0,0.0,1.0,1.0,1.0,0.0
3546,04f8f8b4cf0c52e7,True,1.0,1.0,1.0,1.0,1.0,0.5,1.0
3547,ea9e97a691b45397,True,1.0,0.0,0.0,1.0,1.0,1.0,0.0
3548,ab226645ee6f54aa,True,1.0,1.0,0.8854029852600989,1.0,1.0,0.5,0.9522512438583745
3549,ba83a36f96af5ceb,True,1.0,1.0,0.8083401014235608,1.0,1.0,0.5,0.9201417089264837
3550,dfb437fd895b5e96,True,0.0,1.0,0.0,0.0,1.0,1.0,0.0
3551,75811dfc02ce59f7,True,1.0,1.0,1.0,1.0,1.0,1.0,1.0
3552,96d7b6bf87f45e33,True,1.0,1.0,1.0,1.0,1.0,1.0,1.0
3553,34a92bb4ef51562b,True,1.0,1.0,0.9934639955927049,0.0,1.0,1.0,0.5806099981636271
3554,52dac3f651ae5950,True,1.0,1.0,0.8724944788238161,1.0,1.0,1.0,0.9468726995099234
3555,01e6276eff385ea8,True,1.0,1.0,0.709531412379431,1.0,1.0,0.0,0.878971421824763
3556,38cce6a01e6753ea,True,1.0,1.0,0.9586229003975961,1.0,1.0,1.0,0.9827595418323317
3557,8794578fbb0e57f4,True,1.0,1.0,0.8243288347002439,1.0,1.0,1.0,0.9268036811251017
3558,19768d49bbd45f08,True,1.0,1.0,0.955393079133765,1.0,1.0,1.0,0.981413782972402
3559,631712394f5b5d72,True,1.0,1.0,0.8039563209606256,1.0,1.0,1.0,0.9183151337335941
3560,06c9339fdc3e5404,True,1.0,0.0,0.0,1.0,1.0,1.0,0.0
3561,887c38b0c24d5b51,True,1.0,0.0,0.0,1.0,1.0,1.0,0.0
3562,1b5a55897d2950f9,True,1.0,1.0,0.7100951228653778,1.0,1.0,1.0,0.8792063011939074
3563,dc95b5731cc359f3,True,1.0,1.0,0.8375325033714176,1.0,1.0,1.0,0.9323052097380907
3564,9d1d720d0e2e511e,True,0.0,1.0,0.0,0.0,1.0,1.0,0.0
3565,cb8b1f36617c50d4,True,1.0,1.0,0.9750726461568637,1.0,1.0,1.0,0.98961360256536
3566,4f6fb990b8875e5f,True,1.0,1.0,1.0,1.0,1.0,1.0,1.0
3567,95165bfbaadf5a64,True,1.0,1.0,1.0,1.0,1.0,1.0,1.0
3568,2f233e4005e05c1e,True,1.0,1.0,0.7972441327460892,1.0,1.0,1.0,0.9155183886442039
3569,ac6472ee06855dd3,True,1.0,1.0,1.0,1.0,1.0,1.0,1.0
3570,b4914b3d729357d1,True,1.0,0.0,0.0,1.0,1.0,0.5,0.0
3571,8cbfcb387ec85461,True,1.0,1.0,1.0,1.0,1.0,1.0,1.0
3572,82ee38a271b15bb1,True,1.0,1.0,1.0,1.0,1.0,1.0,1.0
3573,c917da347a6e5d6d,True,1.0,1.0,0.641268706917401,1.0,1.0,1.0,0.8505286278822505
3574,39dba8a42eaa5ea0,True,1.0,1.0,1.0,1.0,1.0,1.0,1.0
3575,3f265d778b65596b,True,1.0,0.0,0.0,1.0,1.0,1.0,0.0
3576,4d1e72e6a45853c3,True,1.0,0.0,0.0,1.0,1.0,1.0,0.0
3577,cdf234c4f4c35156,True,0.5,1.0,0.4450805365050283,0.0,1.0,1.0,0.1760584451052142
3578,0c3f741051575a36,True,1.0,1.0,0.835385300559227,1.0,1.0,1.0,0.931410541899678
3579,d497c1998ba75bb9,True,1.0,1.0,0.7366292295232065,1.0,1.0,1.0,0.8902621789680026
3580,e16c585e12445a60,True,1.0,1.0,1.0,1.0,1.0,1.0,1.0
3581,89652dfe12165def,True,1.0,1.0,1.0,0.0,1.0,1.0,0.5833333333333334
3582,8051c60f20705909,True,1.0,1.0,1.0,0.0,1.0,1.0,0.5833333333333334
3583,e0b7d625d3f55cd8,True,1.0,1.0,0.8824999469808855,1.0,1.0,1.0,0.951041644575369
3584,e10bd715492150e3,True,1.0,1.0,0.7169385662367306,1.0,1.0,1.0,0.882057735931971
3585,e132b016eee85b16,True,1.0,1.0,1.0,0.0,1.0,1.0,0.5833333333333334
3586,e6a27e83c6025b68,True,1.0,1.0,0.015115802372911626,1.0,1.0,1.0,0.5896315843220465
3587,fcb205c7324051ae,True,1.0,1.0,1.0,1.0,1.0,1.0,1.0
3588,f72d2f080fe35910,True,0.0,1.0,0.0,0.0,1.0,1.0,0.0
3589,8551111013245067,True,0.0,1.0,0.0,0.0,1.0,1.0,0.0
3590,cddadd26002959f4,True,1.0,1.0,1.0,0.0,1.0,1.0,0.5833333333333334
3591,de51843c0c1a51d4,True,1.0,1.0,0.843510991407192,1.0,1.0,1.0,0.9347962464196633
3592,47e0ff3bc36a5f69,True,1.0,1.0,1.0,1.0,1.0,1.0,1.0
3593,b0cc2b2b400d5661,True,1.0,1.0,0.6889021236995293,1.0,1.0,1.0,0.8703758848748039
3594,13ae6351239c5343,True,1.0,1.0,0.9757931564644362,1.0,1.0,1.0,0.9899138151935151
3595,a8c2268684c35a80,True,1.0,1.0,0.8069855735749928,1.0,1.0,1.0,0.9195773223229136
3596,9aea5cdc656458a0,True,1.0,1.0,1.0,1.0,1.0,1.0,1.0
3597,1e73524ff61b5a70,True,1.0,1.0,0.8990628535577471,1.0,1.0,1.0,0.9579428556490613
3598,88fb8b083a2d56c7,True,1.0,1.0,1.0,1.0,1.0,1.0,1.0
3599,119bd713e2db5e25,True,1.0,0.0,0.0,1.0,1.0,1.0,0.0
3600,3f6732f66f695405,True,1.0,1.0,1.0,1.0,1.0,1.0,1.0
3601,942df6bcc0c65bf9,True,1.0,1.0,0.9643761641579596,1.0,1.0,1.0,0.9851567350658165
3602,64f47c2f2c7754cb,True,1.0,0.0,0.0,1.0,1.0,1.0,0.0
3603,6151a6ef02ee5f8e,True,1.0,1.0,0.5764045903433753,1.0,1.0,1.0,0.823501912643073
3604,982bd8015c9352f5,True,1.0,1.0,0.8043740358553298,1.0,1.0,1.0,0.9184891816063875
3605,a43337e3cf725ea6,True,1.0,0.0,0.0,1.0,1.0,1.0,0.0
3606,43f586c2ca4b5929,True,1.0,1.0,0.7156226180406484,1.0,1.0,1.0,0.8815094241836036
3607,5d003b19e1a25253,True,1.0,1.0,0.8193503786314178,1.0,1.0,1.0,0.9247293244297574
3608,508cd663b9a85228,True,1.0,1.0,0.6060900238545225,1.0,1.0,1.0,0.8358708432727177
3609,d06d8235012b56fe,True,1.0,1.0,0.8435840073502341,1.0,1.0,1.0,0.9348266697292642
3610,ae05160436d45a62,True,0.0,1.0,0.0,0.0,1.0,1.0,0.0
3611,197f39226d0856ce,True,1.0,1.0,0.8154307845826811,0.0,1.0,1.0,0.5064294935761171
3612,767ce55e55515539,True,1.0,1.0,0.7980719892683931,1.0,1.0,1.0,0.9158633288618304
3613,af2b5213e6895680,True,1.0,1.0,0.7409247294760092,1.0,1.0,1.0,0.8920519706150039
3614,2d305230053e5e19,True,1.0,1.0,1.0,1.0,1.0,1.0,1.0
3615,3cc3ea967df55cf0,True,0.5,0.0,0.0,0.0,1.0,0.0,0.0
3616,fb188ed7e53552c5,True,1.0,0.0,0.0,1.0,1.0,0.0,0.0
3617,58c018c299d05214,True,1.0,1.0,0.030641762080996594,1.0,1.0,1.0,0.5961007342004153
3618,218d9b0348fe5687,True,1.0,0.0,0.0,1.0,1.0,0.5,0.0
3619,2e21fba9a22851ae,True,1.0,1.0,1.0,1.0,1.0,1.0,1.0
3620,3154180ecf9a5e67,True,1.0,1.0,0.8681954481410296,1.0,1.0,1.0,0.9450814367254289
3621,97c8e9ca10ba5a69,True,1.0,1.0,0.9598140425939283,0.0,1.0,1.0,0.5665891844141367
3622,1b88b298d405518e,True,1.0,1.0,0.8977273855849539,1.0,1.0,1.0,0.9573864106603974
3623,70f718ebc8b4505e,True,1.0,1.0,1.0,0.0,1.0,1.0,0.5833333333333334
3624,11182f26946650bd,True,1.0,1.0,0.9680816392631499,1.0,1.0,1.0,0.9867006830263124
3625,33b379cc74255b15,True,1.0,1.0,0.9364828545414904,1.0,1.0,1.0,0.9735345227256209
3626,8bd32ab85e615190,True,1.0,1.0,0.9866724119326288,1.0,1.0,1.0,0.9944468383052619
3627,03c50783a77551a2,True,1.0,0.0,0.0,1.0,1.0,1.0,0.0
3628,dac84d4f931e54ab,True,1.0,1.0,0.7161096129429512,1.0,1.0,1.0,0.8817123387262296
3629,592f9e4317dd52e2,True,1.0,1.0,0.9077886629579736,1.0,1.0,1.0,0.9615786095658224
3630,bcbe67b78b825aec,True,1.0,1.0,1.0,1.0,1.0,1.0,1.0
3631,e3b8bfc261ac5969,True,1.0,1.0,1.0,1.0,1.0,1.0,1.0
3632,3a2875c07f035d2d,True,1.0,1.0,1.0,0.0,1.0,1.0,0.5833333333333334
3633,78b4153a6d3e5b33,True,1.0,1.0,0.8531068276242286,1.0,1.0,1.0,0.9387945115100953
3634,a7b8ffecd36e5dbc,True,1.0,0.0,0.0,1.0,1.0,1.0,0.0
3635,61768c493892576d,True,1.0,1.0,0.7654667160708422,1.0,1.0,1.0,0.9022777983628508
3636,0fde069313a35062,True,1.0,1.0,1.0,1.0,1.0,1.0,1.0
3637,33ecaddeb5735faf,True,1.0,1.0,0.9525925232468816,1.0,1.0,1.0,0.9802468846862006
3638,6bd6995e2a275d91,True,1.0,0.0,0.0,1.0,1.0,0.5,0.0
3639,5fd5fdcf5c1552b9,True,1.0,1.0,1.0,1.0,1.0,1.0,1.0
3640,9b4c54f9a3f757a4,True,1.0,1.0,1.0,1.0,1.0,1.0,1.0
3641,51552f78760d5a11,True,1.0,1.0,0.4744141158814817,1.0,1.0,0.5,0.781005881617284
3642,c2eecf5cfe46536f,True,0.0,1.0,0.0,0.0,1.0,1.0,0.0
3643,db7dbae63ff15234,True,1.0,1.0,1.0,1.0,1.0,1.0,1.0
3644,adb5cfe871c55445,True,0.0,1.0,0.0,0.0,1.0,1.0,0.0
3645,2b3b9bb9f6525589,True,1.0,1.0,1.0,1.0,1.0,1.0,1.0
3646,2be1cc28e5af523e,True,1.0,1.0,1.0,1.0,1.0,1.0,1.0
3647,64a52073ea395752,True,1.0,1.0,0.703733438975417,1.0,1.0,1.0,0.8765555995730905
3648,62735179d4f258ea,True,1.0,1.0,0.8280272294095681,1.0,1.0,1.0,0.9283446789206534
3649,6154b9589f9553fa,True,1.0,1.0,1.0,1.0,1.0,1.0,1.0
3650,1c6e6f287c2354f1,True,1.0,1.0,0.6994860589211556,1.0,1.0,1.0,0.8747858578838148
3651,8cd8d1a23e4351f8,True,1.0,1.0,0.7839855188253596,1.0,1.0,1.0,0.909993966177233
3652,2322850f71fa5c4d,True,1.0,1.0,1.0,0.0,1.0,1.0,0.5833333333333334
3653,1975d15fde2955ff,True,1.0,0.0,0.0,1.0,1.0,0.5,0.0
3654,cba43d02cf795a0f,True,0.0,1.0,0.0,0.0,1.0,1.0,0.0
3655,62013ac84b3a57e5,True,1.0,1.0,0.9751355129257516,1.0,1.0,1.0,0.9896397970523966
3656,7f0309b4cbb85029,True,1.0,1.0,0.7958856571244973,1.0,1.0,1.0,0.9149523571352072
3657,53f754a75b955383,True,1.0,1.0,1.0,1.0,1.0,1.0,1.0
3658,4ae68544ec0f502c,True,1.0,1.0,0.7929876722230417,1.0,1.0,1.0,0.9137448634262674
3659,250389f21dee5793,True,1.0,1.0,0.6498075072302549,1.0,1.0,0.5,0.8540864613459395
3660,371d154a89425165,True,0.0,1.0,0.0,0.0,1.0,1.0,0.0
3661,648b875dc34259c2,True,1.0,0.0,0.0,1.0,1.0,1.0,0.0
3662,ed19f6a36af757b7,True,1.0,0.0,0.0,1.0,1.0,0.5,0.0
3663,6ed01f269a835519,True,1.0,1.0,0.7060721873644498,1.0,1.0,1.0,0.8775300780685207
3664,e30d715817b7524a,True,1.0,1.0,0.8817844100704864,0.0,1.0,1.0,0.5340768375293693
3665,0da1e53d70565ba4,True,1.0,1.0,1.0,0.0,1.0,1.0,0.5833333333333334
3666,95ba88fe9c385123,True,1.0,1.0,1.0,1.0,1.0,1.0,1.0
3667,73ba0e501a005971,True,1.0,1.0,0.8115697407898509,1.0,1.0,1.0,0.9214873919957712
3668,277cdfc9479e52c4,True,1.0,1.0,0.7327311705364524,1.0,1.0,1.0,0.8886379877235218
3669,36d7d1e453cf5158,True,1.0,1.0,0.618736710239936,1.0,1.0,1.0,0.8411402959333066
3670,9ecb516bac035ce4,True,1.0,1.0,0.8398036292753281,1.0,1.0,1.0,0.9332515121980535
3671,78c9157a55905d81,True,1.0,1.0,0.9187467811878729,1.0,1.0,1.0,0.9661444921616137
3672,490475b585895e0e,True,1.0,1.0,1.0,0.0,1.0,1.0,0.5833333333333334
3673,a9454c63755c549d,True,1.0,1.0,1.0,1.0,1.0,1.0,1.0
3674,af6aff5482395ecf,True,1.0,1.0,1.0,0.0,1.0,0.5,0.5833333333333334
3675,15165972946050eb,True,1.0,1.0,0.9504628313574631,0.0,1.0,1.0,0.562692846398943
3676,1ea94b85513e5822,True,1.0,1.0,0.9103965090691237,1.0,1.0,1.0,0.9626652121121348
3677,ad8fec600a4c5ed7,True,1.0,1.0,0.813739652676121,1.0,1.0,1.0,0.9223915219483837
3678,00c893a01244562c,True,1.0,1.0,0.6158143412672606,1.0,1.0,1.0,0.839922642194692
3679,1f7afb10d4cc5319,True,1.0,1.0,0.9903823178321322,1.0,1.0,1.0,0.9959926324300551
3680,f769ef75631451c8,True,1.0,1.0,1.0,0.0,1.0,1.0,0.5833333333333334
3681,b8873bb7c3f35d15,True,1.0,1.0,1.0,0.0,1.0,1.0,0.5833333333333334
3682,467191a24ffe57aa,True,1.0,1.0,1.0,1.0,1.0,1.0,1.0
3683,d33a0db0dd335837,True,1.0,1.0,0.7691623698435974,1.0,1.0,1.0,0.903817654101499
3684,1c7a7a95bc3354b8,True,1.0,1.0,1.0,1.0,1.0,1.0,1.0
3685,45441aede44b5547,True,1.0,1.0,0.6167646041408086,1.0,1.0,1.0,0.8403185850586702
3686,1ed8702288c15895,True,1.0,1.0,0.9546963606634569,0.0,1.0,0.0,0.564456816943107
3687,99e4c28a82735b10,True,1.0,1.0,0.5703738578916536,1.0,1.0,1.0,0.8209891074548556
3688,79bb6b3243f151a6,True,1.0,1.0,0.38230640845543623,1.0,1.0,1.0,0.742627670189765
3689,a75e220cee925c10,True,1.0,1.0,0.5958825422504181,1.0,1.0,1.0,0.8316177259376744
3690,62c0730b5f435548,True,1.0,1.0,0.8519578810282379,1.0,1.0,1.0,0.9383157837617658
3691,0b714952ea0b5017,True,1.0,1.0,0.8082550497652218,1.0,1.0,1.0,0.9201062707355091
3692,6fed9368351f54d5,True,0.0,0.0,0.0,0.0,1.0,1.0,0.0
3693,bcb48691833d5afe,True,1.0,1.0,1.0,1.0,1.0,1.0,1.0
3694,701c95bcdaa65c14,True,1.0,1.0,0.7616968226513725,1.0,1.0,1.0,0.9007070094380719
3695,cd8518ca186155f9,True,1.0,1.0,1.0,1.0,1.0,1.0,1.0
3696,26eeb11cbcd9593b,True,1.0,1.0,0.42562963310224,1.0,1.0,1.0,0.7606790137926
3697,906587437cf95447,True,1.0,1.0,0.8155267122058724,1.0,1.0,1.0,0.9231361300857802
3698,6732b99133eb5d36,True,0.0,1.0,0.0,0.0,1.0,1.0,0.0
3699,e6fd7389cbfb5943,True,0.0,0.0,0.0,0.0,1.0,1.0,0.0
3700,e6bf9ed756f95544,True,1.0,0.0,0.0,0.0,1.0,1.0,0.0
3701,434f74e0c3e25cdd,True,1.0,1.0,0.9737238666899414,1.0,1.0,1.0,0.989051611120809
3702,2c3e04a929b85f30,True,1.0,1.0,1.0,1.0,1.0,1.0,1.0
3703,d8f68111f5145cc9,True,1.0,1.0,0.8711634770344209,1.0,1.0,1.0,0.9463181154310086
3704,4bfd5690eb3d5c6e,True,1.0,1.0,0.8287566600636207,1.0,1.0,1.0,0.928648608359842
3705,64a8b055818c5bef,True,1.0,1.0,1.0,1.0,1.0,1.0,1.0
3706,c3ef435d900256c1,True,1.0,1.0,0.8270569032371489,1.0,1.0,0.5,0.9279403763488121
3707,11118a8c74d95c5c,True,1.0,1.0,0.8648365608984238,1.0,1.0,1.0,0.9436819003743432
3708,efe1222923b65833,True,1.0,1.0,1.0,1.0,1.0,1.0,1.0
3709,d2b7b43e05be5082,True,1.0,1.0,0.8915428016043639,1.0,1.0,1.0,0.954809500668485
3710,38afc409029551e0,True,1.0,0.0,0.0,1.0,1.0,1.0,0.0
3711,e970702e97ea50b2,True,1.0,1.0,1.0,1.0,1.0,1.0,1.0
3712,a763369e30305f95,True,1.0,1.0,0.8356941782895809,1.0,1.0,1.0,0.9315392409539921
3713,09e4d1d929535af0,True,1.0,1.0,1.0,1.0,1.0,1.0,1.0
3714,1ceec301ab6552b1,True,1.0,1.0,0.984319664984338,1.0,1.0,1.0,0.9934665270768074
3715,550045c2be39530a,True,1.0,1.0,0.8617714941172351,0.0,1.0,1.0,0.5257381225488479
3716,42c7526fc6845005,True,1.0,1.0,0.9102560254495674,1.0,1.0,1.0,0.9626066772706531
3717,eb3dc7204bd55d17,True,1.0,0.0,0.0,1.0,1.0,1.0,0.0
3718,3fa4c6924d3c55ab,True,1.0,1.0,0.9020269241690815,1.0,1.0,1.0,0.9591778850704507
3719,baf744a3114f50d5,True,1.0,1.0,0.8129228674356306,1.0,1.0,1.0,0.9220511947648461
3720,919fcdbcf46f58d1,True,1.0,1.0,0.9795067634533434,1.0,1.0,1.0,0.9914611514388931
3721,f66694a622cf5c99,True,1.0,1.0,1.0,1.0,1.0,1.0,1.0
3722,40e774c643fc5689,True,1.0,0.0,0.0,1.0,1.0,1.0,0.0
3723,b7f1861bff9c514e,True,1.0,1.0,1.0,0.0,1.0,1.0,0.5833333333333334
3724,f587b097f5f65db6,True,1.0,1.0,1.0,1.0,1.0,1.0,1.0
3725,2d2a1f08e4895258,True,1.0,1.0,1.0,1.0,1.0,1.0,1.0
3726,7eb19d771c975618,True,1.0,1.0,0.9392746841024225,1.0,1.0,1.0,0.9746977850426761
3727,099ba96d3bca51c3,True,1.0,1.0,0.596034564473328,1.0,1.0,1.0,0.8316810685305533
3728,ec68073cb7a15741,True,0.0,1.0,0.0,0.0,1.0,1.0,0.0
3729,58c61cbce5825c91,True,1.0,1.0,0.7388289549918572,1.0,1.0,1.0,0.8911787312466072
3730,ed0c080a65445565,True,1.0,1.0,0.6977533506989576,1.0,1.0,1.0,0.8740638961245657
3731,0027991369e05ab2,True,1.0,1.0,0.9371652189019336,1.0,1.0,1.0,0.973818841209139
3732,d4e9c2fa89c55897,True,1.0,1.0,1.0,1.0,1.0,1.0,1.0
3733,f308a472f26056a7,True,1.0,1.0,0.3685019940429463,1.0,1.0,1.0,0.7368758308512277
3734,f1bd1724d07957cc,True,1.0,1.0,1.0,1.0,1.0,1.0,1.0
3735,50aa287e430e5ab3,True,1.0,1.0,1.0,1.0,1.0,1.0,1.0
3736,9f1d535f158c5758,True,1.0,1.0,1.0,0.0,1.0,1.0,0.5833333333333334
3737,4f21925f1a7c5983,True,1.0,1.0,0.6534866563280262,1.0,1.0,1.0,0.8556194401366776
3738,2d357ffc1fdd5c89,True,1.0,1.0,1.0,1.0,1.0,1.0,1.0
3739,51c83516a5d8585a,True,1.0,1.0,1.0,1.0,1.0,1.0,1.0
3740,9af711dfa6eb5952,True,1.0,1.0,1.0,1.0,1.0,1.0,1.0
3741,1a25d6503c075cc8,True,0.0,1.0,0.0,0.0,1.0,0.5,0.0
3742,247490a783f25c47,True,1.0,0.0,0.0,1.0,1.0,0.5,0.0
3743,bc2532765f5a5262,True,1.0,1.0,0.8062763229168481,1.0,1.0,1.0,0.9192818012153534
3744,bdfc5ac88bce56ed,True,1.0,1.0,0.7923053832196711,1.0,1.0,1.0,0.9134605763415297
3745,075154c90a0a5d7c,True,0.0,1.0,0.0,0.0,1.0,1.0,0.0
3746,5bd8cf3fa67a524f,True,1.0,1.0,0.9543487585238204,1.0,1.0,1.0,0.9809786493849252
3747,197f2dea642850e7,True,1.0,1.0,0.6796396448393424,1.0,1.0,1.0,0.8665165186830593
3748,d44d7aacab755892,True,1.0,1.0,0.9562570003003619,1.0,1.0,1.0,0.9817737501251508
3749,1541f285d1525ca0,True,1.0,1.0,1.0,1.0,1.0,1.0,1.0
3750,d5d0d0797e4a5d5b,True,1.0,1.0,1.0,1.0,1.0,1.0,1.0
3751,bedb83878e215e4e,True,0.0,1.0,0.0,0.0,1.0,1.0,0.0
3752,59928d37e9245bf3,True,1.0,1.0,1.0,1.0,1.0,1.0,1.0
3753,579942d331b9571d,True,1.0,1.0,0.7403422759012739,1.0,1.0,0.5,0.8918092816255307
3754,27ff47ea8aea59cf,True,1.0,1.0,1.0,1.0,1.0,1.0,1.0
3755,c013f92386ab5921,True,1.0,1.0,1.0,1.0,1.0,1.0,1.0
3756,0f337f2c23215a9e,True,1.0,1.0,1.0,1.0,1.0,1.0,1.0
3757,82226888c99e531c,True,1.0,1.0,1.0,1.0,1.0,1.0,1.0
3758,aa4ec42ec7425de0,True,1.0,1.0,0.5291289264511528,1.0,1.0,0.5,0.8038037193546469
3759,fc5d32be7f785570,True,1.0,0.0,0.0,1.0,1.0,1.0,0.0
3760,382c08ff59d5504b,True,1.0,1.0,1.0,0.0,1.0,1.0,0.5833333333333334
3761,015ef5e7f5a55db8,True,1.0,1.0,1.0,0.0,1.0,1.0,0.5833333333333334
3762,8227648b1da95adb,True,1.0,1.0,0.4224960876122665,1.0,1.0,1.0,0.7593733698384444
3763,a05ccb0dca555526,True,1.0,1.0,0.8792583751167785,1.0,1.0,1.0,0.949690989631991
3764,2b04c510144e5545,True,1.0,1.0,1.0,1.0,1.0,1.0,1.0
3765,566bd5e6d09153e0,True,1.0,1.0,1.0,1.0,1.0,1.0,1.0
3766,87d1648c9e27512b,True,1.0,1.0,0.8499506370372066,1.0,1.0,0.0,0.9374794320988361
3767,00ff8eeb53cc598b,True,1.0,1.0,1.0,1.0,1.0,1.0,1.0
3768,1351ae1e0afb5c16,True,1.0,1.0,0.9453933730370333,1.0,1.0,1.0,0.9772472387654304
3769,6d93bbdab42255a9,True,1.0,1.0,1.0,0.0,1.0,1.0,0.5833333333333334
3770,4b85f48b7172519f,True,1.0,1.0,1.0,1.0,1.0,0.5,1.0
3771,4ad7866306895cca,True,1.0,1.0,0.8504369142771823,1.0,1.0,1.0,0.9376820476154926
3772,b7d52a0a64825b14,True,1.0,1.0,1.0,1.0,1.0,1.0,1.0
3773,38a75ff02ee95756,True,1.0,0.0,0.0,1.0,1.0,1.0,0.0
3774,9016f4b84afb5913,True,1.0,1.0,1.0,0.0,1.0,1.0,0.5833333333333334
3775,5757a661eb0f54d2,True,1.0,1.0,1.0,1.0,1.0,1.0,1.0
3776,025b657634505df3,True,1.0,1.0,1.0,1.0,1.0,1.0,1.0
3777,93e2f4fc13a35269,True,1.0,1.0,0.9210315890306324,1.0,1.0,1.0,0.9670964954294302
3778,b42af31e8e9b596d,True,1.0,1.0,1.0,1.0,1.0,1.0,1.0
3779,50cf8d1fd8c250a5,True,1.0,1.0,1.0,0.0,1.0,1.0,0.5833333333333334
3780,efb9929eed1852f0,True,1.0,1.0,0.9225831699417186,0.0,1.0,1.0,0.5510763208090494
3781,fb4ac387cd285171,True,1.0,1.0,0.6580289727977088,1.0,1.0,1.0,0.8575120719990453
3782,a612f42e6f9d592e,True,1.0,1.0,1.0,1.0,1.0,1.0,1.0
3783,fffe18f189075204,True,1.0,0.0,0.0,1.0,1.0,1.0,0.0
3784,db29291cd4ee5499,True,1.0,1.0,1.0,1.0,1.0,1.0,1.0
3785,d53c6de1a159537b,True,1.0,1.0,0.8499595853337146,1.0,1.0,1.0,0.9374831605557145
3786,666573b1628a5475,True,1.0,1.0,0.9962250661847124,1.0,1.0,1.0,0.9984271109102968
3787,e6c36a6be3c75127,True,0.0,1.0,0.0,0.0,1.0,1.0,0.0
3788,c538fa98187053d8,True,1.0,1.0,1.0,1.0,1.0,1.0,1.0
3789,f2b83fb414eb5cf0,True,1.0,0.0,0.0,1.0,1.0,1.0,0.0
3790,df65991258ba5334,True,1.0,1.0,0.684310180267019,1.0,1.0,1.0,0.8684625751112579
3791,9195f25b12bd56d9,True,1.0,1.0,0.9554949302025005,1.0,1.0,1.0,0.9814562209177086
3792,0acd819b9eae51f7,True,1.0,1.0,0.766999878616926,1.0,1.0,1.0,0.9029166160903858
3793,e85416da86d4567f,True,1.0,1.0,0.9065475904030943,1.0,1.0,1.0,0.9610614960012893
3794,d5b37b79dde85eb1,True,1.0,1.0,0.8141231581289354,1.0,1.0,1.0,0.9225513158870564
3795,d73cabbfed045bf2,True,0.0,0.0,0.0,0.0,1.0,1.0,0.0
3796,8b9afa7045785acc,True,1.0,1.0,1.0,1.0,1.0,1.0,1.0
3797,1ad96f74e72750db,True,1.0,1.0,1.0,1.0,1.0,1.0,1.0
3798,88e453ca4644586f,True,1.0,1.0,0.8282777520000644,1.0,1.0,1.0,0.9284490633333601
3799,9191f3f8644d50cb,True,0.5,1.0,0.7486584730458173,0.0,1.0,1.0,0.23930384855121192
3800,9f8f670a268550e5,True,1.0,1.0,0.9948214906235153,1.0,1.0,1.0,0.997842287759798
3801,7595830169065d37,True,1.0,1.0,0.7831393224746374,1.0,1.0,1.0,0.9096413843644323
3802,669972d5c4c55872,True,1.0,1.0,0.32662769744381986,1.0,1.0,1.0,0.7194282072682583
3803,9d4e4e721d77503e,True,1.0,1.0,0.9619191684384277,1.0,1.0,1.0,0.9841329868493448
3804,de7b87d6624754cf,True,1.0,1.0,0.9193633452768883,1.0,1.0,1.0,0.9664013938653703
3805,64bb182ef4035065,True,1.0,1.0,0.9980508886885341,1.0,1.0,1.0,0.9991878702868892
3806,38d08753fa4651c2,True,0.0,1.0,0.0,0.0,1.0,1.0,0.0
3807,8f41a318d1a45310,True,1.0,1.0,1.0,1.0,1.0,1.0,1.0
3808,8ca0e93beaa056de,True,1.0,0.0,0.0,1.0,1.0,0.5,0.0
3809,efb87bb3ff675f08,True,1.0,1.0,0.843193136878036,0.0,1.0,0.0,0.5179971403658483
3810,1db38f4b73ac5b62,True,1.0,1.0,0.700382552212635,1.0,1.0,1.0,0.8751593967552646
3811,3c542be991515ccd,True,1.0,0.0,0.0,1.0,1.0,1.0,0.0
3812,bc7ae4f9eced56c9,True,1.0,1.0,0.8204748010798519,1.0,1.0,1.0,0.9251978337832716
3813,d532c0b3a43a52dc,True,1.0,1.0,1.0,0.0,1.0,1.0,0.5833333333333334
3814,0e2f2cb6712550b7,True,1.0,0.0,0.0,1.0,1.0,1.0,0.0
3815,49e3bfda06d45f7e,True,1.0,1.0,0.8856407956936573,1.0,1.0,1.0,0.9523503315390238
3816,a9359dafbcdd5af6,True,1.0,1.0,1.0,1.0,1.0,1.0,1.0
3817,975c802f6f175888,True,1.0,1.0,0.8677191122221792,1.0,1.0,1.0,0.944882963425908
3818,6cb33358dfbc5a84,True,1.0,1.0,0.8298807206895326,0.0,1.0,1.0,0.5124503002873052
3819,b8d114f0304d5f87,True,1.0,1.0,1.0,1.0,1.0,1.0,1.0
3820,1cac49b248b05705,True,1.0,1.0,0.8303848937648783,1.0,1.0,1.0,0.9293270390686993
3821,2ee8d10b988c58b2,True,1.0,1.0,0.6114108171086238,1.0,1.0,1.0,0.8380878404619265
3822,4eaf35cea96d5dd9,True,1.0,1.0,1.0,1.0,1.0,1.0,1.0
3823,d9b79e606e595700,True,1.0,1.0,0.8061610151195133,1.0,1.0,1.0,0.9192337562997972
3824,4bb645483bf4594a,True,1.0,1.0,1.0,1.0,1.0,1.0,1.0
3825,1f7588f60e8d5ff2,True,1.0,1.0,0.8133615210978524,1.0,1.0,1.0,0.9222339671241052
3826,b17e8b3c64295431,True,1.0,1.0,0.8936701220560119,1.0,1.0,1.0,0.9556958841900048
3827,fc0a59dcf9d75219,True,1.0,1.0,0.7785475458157338,1.0,1.0,1.0,0.907728144089889
3828,43768792861e5c7e,True,1.0,1.0,0.7835618734412085,1.0,1.0,1.0,0.9098174472671703
3829,1a0ce53e0a4755e5,True,1.0,1.0,0.9925849822014037,1.0,1.0,1.0,0.9969104092505848
3830,53e360156fe05050,True,1.0,1.0,0.7792768293241429,1.0,1.0,1.0,0.9080320122183929
3831,1e80c5febdd25875,True,1.0,1.0,0.9698094951528806,1.0,1.0,1.0,0.9874206229803669
3832,5b1954a42c2455e7,True,1.0,0.0,0.0,1.0,1.0,1.0,0.0
3833,47f29dad0bec52d2,True,1.0,1.0,0.6251939623773315,1.0,1.0,1.0,0.8438308176572215
3834,50676507e4e2554f,True,1.0,1.0,0.715678063540191,1.0,1.0,0.0,0.8815325264750795
3835,1434146a1ab75426,True,1.0,1.0,1.0,1.0,1.0,1.0,1.0
3836,0438474da1ac593d,True,0.0,1.0,0.0,0.0,1.0,1.0,0.0
3837,74831c9ae5a15f99,True,1.0,1.0,0.824458266254472,1.0,1.0,1.0,0.9268576109393635
3838,75a8be89195651aa,True,1.0,1.0,1.0,1.0,1.0,1.0,1.0
3839,305d73038ef35efe,True,1.0,1.0,1.0,1.0,1.0,1.0,1.0
3840,026ee9bc920b5180,True,0.0,1.0,0.0,0.0,1.0,1.0,0.0
3841,cf8f42e252855b82,True,1.0,1.0,0.9900174269833731,1.0,1.0,1.0,0.9958405945764056
3842,9dd982b0637453c2,True,1.0,1.0,1.0,1.0,1.0,1.0,1.0
3843,1e91e4b9af695706,True,1.0,1.0,1.0,1.0,1.0,1.0,1.0
3844,56d552d6bb425954,True,1.0,1.0,0.7992448249178266,1.0,1.0,1.0,0.9163520103824278
3845,3a7fa6d4bfb65f4b,True,1.0,1.0,1.0,1.0,1.0,1.0,1.0
3846,4158d702c66351d4,True,0.5,0.0,0.0,0.0,1.0,1.0,0.0
3847,be0e8eae708f5d4b,True,0.0,1.0,0.0,0.0,1.0,1.0,0.0
3848,befdd4140e4252e5,True,1.0,1.0,1.0,1.0,1.0,1.0,1.0
3849,6e813b55dcb35df7,True,1.0,1.0,0.8697931791890458,1.0,1.0,1.0,0.9457471579954357
3850,8a8bf2275db85432,True,1.0,1.0,0.9921359236703827,1.0,1.0,1.0,0.9967233015293262
3851,aadb2479ded750e4,True,1.0,1.0,1.0,0.0,1.0,1.0,0.5833333333333334
3852,b962399e13f35965,True,1.0,1.0,1.0,1.0,1.0,1.0,1.0
3853,513a97511d135ebd,True,1.0,0.0,0.0,1.0,1.0,1.0,0.0
3854,cc934224447a5c86,True,1.0,1.0,0.8736637853051672,1.0,1.0,1.0,0.9473599105438196
3855,09be81c492625fd5,True,1.0,1.0,0.7531769000396001,1.0,1.0,1.0,0.8971570416831667
3856,a5a1e608305d53a8,True,1.0,1.0,0.8618392675322687,1.0,1.0,1.0,0.9424330281384453
3857,cd177406e5b056d6,True,1.0,1.0,0.7062342318662075,1.0,1.0,1.0,0.8775975966109199
3858,68d46e380acc5f56,True,1.0,1.0,1.0,1.0,1.0,1.0,1.0
3859,1b01f89fe48355b6,True,1.0,0.0,0.0,1.0,1.0,1.0,0.0
3860,c5ff0a82eabb5b05,True,1.0,1.0,0.7995007271394038,1.0,1.0,1.0,0.9164586363080849
3861,3e634fa2ea715bb1,True,1.0,1.0,0.7499919959228463,1.0,1.0,0.0,0.895829998301186
3862,62bae469f29c5ecb,True,1.0,1.0,0.4839290750097639,1.0,1.0,1.0,0.784970447920735
3863,03503ef42eeb5573,True,1.0,0.0,0.0,1.0,1.0,1.0,0.0
3864,6ec94adda61e5483,True,0.0,1.0,0.0,0.0,1.0,1.0,0.0
3865,eb0a89861a32518e,True,1.0,1.0,1.0,1.0,1.0,1.0,1.0
3866,fb21dbec77535015,True,1.0,0.0,0.0,1.0,1.0,1.0,0.0
3867,2335928f0e065bca,True,1.0,1.0,1.0,1.0,1.0,1.0,1.0
3868,334c241ababf57ae,True,1.0,1.0,0.9131169629548637,1.0,1.0,1.0,0.9637987345645266
3869,ea1c363c888b59c7,True,1.0,1.0,0.7967323994597606,1.0,1.0,1.0,0.9153051664415669
3870,d0fccf42f606569a,True,1.0,1.0,0.3690948435528099,1.0,1.0,1.0,0.7371228514803375
3871,a7a0fe1f804c5fa5,True,0.0,0.0,0.0,0.0,1.0,1.0,0.0
3872,d063f70ffb44513e,True,1.0,1.0,0.9889871332365372,1.0,1.0,1.0,0.9954113055152239
3873,decc2e4c0f445afc,True,1.0,1.0,0.39861023924339395,1.0,1.0,1.0,0.7494209330180808
3874,6ec2148215205936,True,1.0,1.0,0.30004664799085123,1.0,1.0,1.0,0.7083527699961879
3875,56af844c0e0a53ce,True,1.0,1.0,0.87047730388905,1.0,1.0,1.0,0.9460322099537709
3876,ef9d931830115c03,True,1.0,1.0,0.8841292880584675,1.0,1.0,1.0,0.9517205366910281
3877,3d1bf2cf5ad151c7,True,1.0,1.0,0.8376114261349372,1.0,1.0,1.0,0.9323380942228905
3878,9da553c408fb54ea,True,1.0,1.0,0.895501982128145,1.0,1.0,1.0,0.9564591592200604
3879,75b312bbd4e25c17,True,0.0,1.0,0.0,0.0,1.0,1.0,0.0
3880,77160cf8a6b8581d,True,1.0,0.0,0.0,1.0,1.0,1.0,0.0
3881,fd11a0fc35cb52e4,True,1.0,1.0,1.0,1.0,1.0,1.0,1.0
3882,9bcd2d9e4c0e56b8,True,1.0,1.0,0.8461217746548029,1.0,1.0,1.0,0.9358840727728346
3883,1295e8271e37569f,True,0.0,1.0,0.0,0.0,1.0,1.0,0.0
3884,86db74cc909e5437,True,1.0,0.0,0.0,0.0,1.0,1.0,0.0
3885,283ae14565b85cc3,True,1.0,0.0,0.0,1.0,1.0,1.0,0.0
3886,2ad17379a25d55d9,True,1.0,0.0,0.0,1.0,1.0,0.0,0.0
3887,936c2cf5b8345663,True,0.5,1.0,0.5777962909646078,0.0,1.0,0.5,0.20370756061762663
3888,3b225aa246f35197,True,1.0,0.0,0.0,1.0,1.0,0.0,0.0
3889,b47df4a21c515394,True,0.0,1.0,0.0,0.0,1.0,1.0,0.0
3890,bf23bdc36a8050f5,True,1.0,1.0,0.9832743404827335,1.0,1.0,1.0,0.9930309752011389
3891,6250b1bc5d735d1a,True,1.0,1.0,0.7514903856461211,1.0,1.0,1.0,0.8964543273525504
3892,de16c26b38425a6b,True,1.0,1.0,1.0,1.0,1.0,1.0,1.0
3893,a38cf6735cfc5f54,True,1.0,1.0,0.8157014234785394,1.0,1.0,1.0,0.9232089264493913
3894,80fdf1c45abd5c48,True,1.0,1.0,0.7586940432018169,1.0,1.0,1.0,0.8994558513340903
3895,25c3b9fa44c058a6,True,0.0,1.0,0.0,0.0,1.0,1.0,0.0
3896,7e7480ffa3aa55a4,True,0.0,1.0,0.0,0.0,1.0,1.0,0.0
3897,4755336a0e225d97,True,1.0,1.0,1.0,0.0,1.0,1.0,0.5833333333333334
3898,7dd7ec944ff15821,True,0.0,1.0,0.0,0.0,1.0,1.0,0.0
3899,c67e9184504951c5,True,1.0,1.0,0.8501595805942008,1.0,1.0,1.0,0.9375664919142505
3900,465d43bf893d5e66,True,1.0,1.0,0.6862570433677402,1.0,1.0,1.0,0.8692737680698918
3901,569a63e20e845d44,True,1.0,1.0,0.7409531303715182,1.0,1.0,1.0,0.892063804321466
3902,9d72593884a757a3,True,1.0,1.0,0.7099951987607029,1.0,1.0,1.0,0.8791646661502929
3903,8ec53979117552c7,True,1.0,1.0,0.8003963872199665,1.0,1.0,1.0,0.9168318280083194
3904,c672b42254b3556d,True,1.0,1.0,0.5592148780312939,1.0,1.0,1.0,0.8163395325130391
3905,d26771df718251d1,True,0.0,1.0,0.0,0.0,1.0,1.0,0.0
3906,679c8386480d5023,True,1.0,1.0,0.911067857329503,1.0,1.0,1.0,0.9629449405539595
3907,6162cfa976a1521f,True,0.5,1.0,0.799768330421939,0.0,1.0,1.0,0.24995173550457062
3908,8ff80000e9a05eca,True,0.0,1.0,0.0,0.0,1.0,1.0,0.0
3909,c6e19ffa3c34551c,True,1.0,1.0,1.0,1.0,1.0,1.0,1.0
3910,2b40b4ee692d52a4,True,1.0,1.0,0.3736115987419556,1.0,1.0,1.0,0.7390048328091482
3911,692bea45f3de5fd0,True,1.0,1.0,0.7725512889649505,0.0,1.0,1.0,0.48856303706872933
3912,10b19bf49b67574f,True,1.0,1.0,0.8391760891437284,1.0,1.0,1.0,0.9329900371432203
3913,6ddd79643130526d,True,1.0,1.0,1.0,1.0,1.0,1.0,1.0
3914,77ae9dba6f05550d,True,1.0,1.0,0.7847537239781182,1.0,1.0,1.0,0.9103140516575493
3915,c20a7d6f7c9e5379,True,1.0,0.0,0.0,1.0,1.0,1.0,0.0
3916,33c925ac7b905e8f,True,1.0,1.0,1.0,0.0,1.0,1.0,0.5833333333333334
3917,515b2946ba2457b5,True,1.0,0.0,0.0,1.0,1.0,1.0,0.0
3918,09a004a6ded55f7e,True,1.0,1.0,0.013600476098103163,1.0,1.0,1.0,0.5890001983742096
3919,632a1b53a6875b22,True,1.0,1.0,0.8760716472659559,1.0,1.0,1.0,0.948363186360815
3920,cd41ee390afb5da7,True,1.0,0.0,0.0,1.0,1.0,1.0,0.0
3921,973043f273bc5940,True,1.0,1.0,0.8984373816008842,1.0,1.0,1.0,0.9576822423337017
3922,c7f3aa98380354ba,True,1.0,1.0,0.7872600418332432,1.0,1.0,0.5,0.9113583507638513
3923,b3b8a7989ba5519f,True,1.0,1.0,1.0,1.0,1.0,1.0,1.0
3924,78e3ba9d36dc59a0,True,1.0,1.0,0.6762862032369649,1.0,1.0,1.0,0.8651192513487352
3925,34bdecafedff5fdf,True,1.0,1.0,0.9197348579814113,1.0,1.0,1.0,0.966556190825588
3926,0b2839db08ae5ed6,True,1.0,0.0,0.0,1.0,1.0,1.0,0.0
3927,961d67f58f40502f,True,1.0,1.0,1.0,1.0,1.0,0.5,1.0
3928,6e8b9e53215c58a3,True,1.0,1.0,0.6832939037820647,1.0,1.0,1.0,0.8680391265758604
3929,2957826433915ff9,True,1.0,1.0,0.8372597426944884,1.0,1.0,1.0,0.9321915594560369
3930,173ccb0e08885b66,True,1.0,1.0,0.5632257238001397,1.0,1.0,1.0,0.8180107182500582
3931,f252e2d96f805926,True,1.0,1.0,1.0,0.0,1.0,1.0,0.5833333333333334
3932,3d00fb1cdc87515e,True,1.0,0.0,0.0,1.0,1.0,0.5,0.0
3933,f1b71a95642b5da2,True,1.0,1.0,0.8953015097519511,1.0,1.0,1.0,0.956375629063313
3934,0ddc071278375700,True,1.0,0.0,0.0,1.0,1.0,1.0,0.0
3935,ebc294355ca753b0,True,1.0,1.0,0.8149895191507501,1.0,1.0,1.0,0.9229122996461459
3936,9644977ff3b15622,True,1.0,1.0,1.0,1.0,1.0,1.0,1.0
3937,067d731005885300,True,1.0,1.0,1.0,1.0,1.0,1.0,1.0
3938,ec097e80d5565caa,True,1.0,1.0,0.854858962972421,1.0,1.0,1.0,0.9395245679051755
3939,643b177aa4235fe7,True,1.0,0.0,0.0,1.0,1.0,1.0,0.0
3940,2db75185de1d5763,True,1.0,1.0,0.9482027305560959,1.0,1.0,1.0,0.9784178043983734
3941,062a9e3dd60955ce,True,1.0,1.0,0.7648512879887888,1.0,1.0,1.0,0.9020213699953287
3942,5e119121956f52be,True,1.0,1.0,1.0,1.0,1.0,1.0,1.0
3943,c65181647b3b5092,True,1.0,0.0,0.0,1.0,1.0,1.0,0.0
3944,3c943ff450265afe,True,1.0,1.0,1.0,1.0,1.0,1.0,1.0
3945,58b96e6ca9a95ff4,True,1.0,1.0,0.49579197427510663,1.0,1.0,1.0,0.7899133226146278
3946,67debdeae60b5fa4,True,1.0,0.0,0.0,1.0,1.0,0.5,0.0
3947,9a23e7bc52e657c3,True,1.0,0.0,0.0,1.0,1.0,1.0,0.0
3948,06d7515412d45507,True,1.0,1.0,0.7023089222481139,1.0,1.0,1.0,0.8759620509367142
3949,89ec780cbf965fba,True,1.0,1.0,1.0,1.0,1.0,1.0,1.0
3950,67e6aea894f0568f,True,1.0,1.0,0.9924362885229576,1.0,1.0,1.0,0.9968484535512324
3951,488822d6447b5b58,True,1.0,1.0,0.8467174345614775,1.0,1.0,1.0,0.9361322644006157
3952,5abd4abd73db5739,True,1.0,1.0,1.0,1.0,1.0,1.0,1.0
3953,baa0c0c3397d5ed5,True,1.0,1.0,0.9007729684719487,1.0,1.0,1.0,0.9586554035299786
3954,024d89a3e1e752dc,True,0.0,0.0,0.0,0.0,1.0,1.0,0.0
3955,450d66ced3175d35,True,1.0,1.0,1.0,0.0,1.0,1.0,0.5833333333333334
3956,1f29aa63bc64550d,True,1.0,1.0,0.8387991995194427,1.0,1.0,1.0,0.9328329997997677
3957,40df19739f215995,True,1.0,1.0,1.0,1.0,1.0,1.0,1.0
3958,38b08f2868a75306,True,1.0,1.0,0.758811280286953,1.0,1.0,1.0,0.8995047001195638
3959,e5d133c0ed5b51f6,True,1.0,1.0,1.0,1.0,1.0,1.0,1.0
3960,ab548d52e69b5ed4,True,1.0,1.0,0.6668245866086602,1.0,1.0,1.0,0.8611769110869417
3961,b5bdef8a05605164,True,1.0,1.0,0.8627073841238653,1.0,1.0,0.0,0.942794743384944
3962,5659c2c128ec5db7,True,1.0,1.0,0.9991797545811011,1.0,1.0,1.0,0.9996582310754588
3963,883bb02a4f7c5f0a,True,1.0,1.0,1.0,1.0,1.0,1.0,1.0
3964,a39ec7322394565f,True,1.0,1.0,0.8670189136306421,1.0,1.0,1.0,0.9445912140127675
3965,eeba0804c2645281,True,1.0,1.0,1.0,0.0,1.0,1.0,0.5833333333333334
3966,4aab1b32b1ad58aa,True,0.5,0.0,0.0,0.0,1.0,1.0,0.0
3967,33e4d8b62def5fbc,True,1.0,1.0,0.8351930161196167,1.0,1.0,1.0,0.9313304233831735
3968,c81fe92ff9c15e8d,True,1.0,0.0,0.0,1.0,1.0,1.0,0.0
3969,a27fe5d9685c5795,True,1.0,1.0,0.8259048987657718,1.0,1.0,1.0,0.9274603744857383
3970,7643b4b3f33d5910,True,1.0,1.0,1.0,1.0,1.0,0.0,1.0
3971,1968ed26cc315d75,True,1.0,0.0,0.0,0.0,1.0,0.5,0.0
3972,ad702ac65d8754bb,True,1.0,1.0,0.9509048472480913,1.0,1.0,1.0,0.9795436863533714
3973,2ae2e400efe35400,True,1.0,1.0,1.0,0.0,1.0,1.0,0.5833333333333334
3974,5bdbe484641a55fa,True,1.0,1.0,1.0,1.0,1.0,1.0,1.0
3975,95528bd014555540,True,1.0,1.0,1.0,1.0,1.0,1.0,1.0
3976,6f2baa8c8c8e5942,True,1.0,1.0,1.0,1.0,1.0,1.0,1.0
3977,e1e4395724c05092,True,1.0,1.0,1.0,0.0,1.0,1.0,0.5833333333333334
3978,33c58e00f5805824,True,0.0,1.0,0.0,0.0,1.0,1.0,0.0
3979,8683f3b4797f56e0,True,1.0,1.0,0.7337766571897387,0.0,1.0,1.0,0.47240694049572446
3980,5444d6dfc06559c3,True,1.0,1.0,1.0,1.0,1.0,1.0,1.0
3981,b1e09de4af085129,True,1.0,1.0,0.8855299844057606,1.0,1.0,1.0,0.9523041601690668
3982,9858cb2db360536b,True,1.0,1.0,0.6561362786995154,1.0,1.0,1.0,0.8567234494581314
3983,21fb4d702ea85f63,True,1.0,1.0,0.8676253291459414,1.0,1.0,1.0,0.9448438871441422
3984,22a9f8694d425753,True,1.0,0.0,0.0,1.0,1.0,1.0,0.0
3985,ec3a67acceec55cc,True,0.0,1.0,0.0,0.0,1.0,1.0,0.0
3986,f4991b521fa15f17,True,1.0,1.0,1.0,1.0,1.0,1.0,1.0
3987,976107b532bb5301,True,1.0,1.0,0.9534779964515512,1.0,1.0,1.0,0.9806158318548129
3988,99c561c0507851d8,True,1.0,1.0,1.0,0.0,1.0,1.0,0.5833333333333334
3989,5f4ad64db9ac5419,True,1.0,1.0,1.0,0.0,1.0,1.0,0.5833333333333334
3990,8792fb68a0b2586a,True,1.0,1.0,0.8678818366491704,1.0,1.0,1.0,0.9449507652704877
3991,8a249b6f42f35ca2,True,1.0,1.0,1.0,1.0,1.0,1.0,1.0
3992,7bbb6cfc4f135e50,True,1.0,1.0,0.9440790750761499,1.0,1.0,1.0,0.9766996146150625
3993,0b5b1309df2f5627,True,1.0,1.0,0.8294838400049781,1.0,1.0,1.0,0.9289516000020742
3994,b64b160540265465,True,1.0,1.0,1.0,0.0,1.0,1.0,0.5833333333333334
3995,1df82f9400b35ebb,True,1.0,1.0,1.0,1.0,1.0,1.0,1.0
3996,3789d42ea83f569d,True,1.0,1.0,1.0,0.0,1.0,1.0,0.5833333333333334
3997,e453e4cb030955c7,True,1.0,1.0,0.8000440072054463,1.0,1.0,1.0,0.9166850030022693
3998,3d776c43acfd5327,True,1.0,1.0,0.8228279161247445,1.0,1.0,1.0,0.9261782983853101
3999,135ae32b6edc55c5,True,1.0,1.0,1.0,1.0,1.0,1.0,1.0
4000,43fccd5d69235617,True,1.0,1.0,0.012924348796082234,1.0,1.0,1.0,0.5887184786650342
4001,c4284fce4a2f5213,True,1.0,1.0,0.7790133020083919,1.0,1.0,1.0,0.9079222091701634
4002,980db9371e6b52de,True,1.0,1.0,1.0,1.0,1.0,1.0,1.0
4003,1370cea130165b51,True,1.0,0.0,0.0,0.0,1.0,0.5,0.0
4004,8857612d0dad5e95,True,1.0,1.0,1.0,0.0,1.0,1.0,0.5833333333333334
4005,bdf6ce6385325a58,True,1.0,0.0,0.0,1.0,1.0,1.0,0.0
4006,4b43cd9b3d3f576c,True,1.0,1.0,0.8257590458807621,1.0,1.0,1.0,0.9273996024503175
4007,9a594a58c8125976,True,1.0,1.0,1.0,1.0,1.0,1.0,1.0
4008,f381809a5ec053f3,True,1.0,1.0,0.8489190023415425,1.0,1.0,1.0,0.937049584308976
4009,9f105aba36355fe1,True,1.0,0.0,0.0,1.0,1.0,1.0,0.0
4010,f0e0408bae9b5037,True,1.0,1.0,1.0,1.0,1.0,1.0,1.0
4011,3bbe96de854e5ff3,True,1.0,1.0,0.9648826728131782,1.0,1.0,1.0,0.9853677803388242
4012,955af39177fe5ba1,True,1.0,1.0,0.966781143313769,1.0,1.0,1.0,0.9861588097140704
4013,73bc1971e0735c22,True,0.0,1.0,0.0,0.0,1.0,1.0,0.0
4014,1c25de3a1c805da1,True,1.0,1.0,0.8133164920691611,1.0,1.0,1.0,0.9222152050288172
4015,8ffb4bbf7d845255,True,1.0,0.0,0.0,1.0,1.0,0.0,0.0
4016,6de8e1962fc4559a,True,1.0,1.0,0.9147772313954772,1.0,1.0,1.0,0.9644905130814488
4017,ae02e969e8595cca,True,0.0,1.0,0.0,0.0,1.0,1.0,0.0
4018,13ca5b247813585a,True,1.0,1.0,1.0,1.0,1.0,1.0,1.0
4019,2f525b2a3cf35331,True,0.0,1.0,0.0,0.0,1.0,1.0,0.0
4020,35fa5481e4de5703,True,1.0,1.0,0.7309872313991019,1.0,1.0,1.0,0.8879113464162924
4021,79a151c333745253,True,0.0,1.0,0.0,0.0,1.0,1.0,0.0
4022,0f7854f951905e69,True,1.0,1.0,0.6488125526498882,1.0,1.0,1.0,0.8536718969374535
4023,4c7c3a0a401d5f38,True,1.0,1.0,0.9190766067621722,1.0,1.0,1.0,0.9662819194842385
4024,2ef80fbe7233514a,True,1.0,1.0,0.8514346333468286,1.0,1.0,1.0,0.9380977638945119
4025,c2a93dd3494b5702,True,1.0,1.0,0.8247228756073356,1.0,1.0,1.0,0.9269678648363898
4026,4768080b04d5530e,True,1.0,1.0,0.9685632760800404,1.0,1.0,1.0,0.9869013650333501
4027,a1e689b17ca65053,True,1.0,0.0,0.0,1.0,1.0,1.0,0.0
4028,2d84ae5e1fa85f94,True,1.0,1.0,0.8275202007301385,1.0,1.0,1.0,0.928133416970891
4029,93a4b61a25b0509f,True,1.0,1.0,1.0,1.0,1.0,1.0,1.0
4030,bf8c5276f9a6539d,True,1.0,1.0,0.7355939565920457,1.0,1.0,1.0,0.8898308152466857
4031,ef16f9855fe95fda,True,1.0,1.0,0.8614663864301677,1.0,1.0,1.0,0.9422776610125698
4032,b504737fcab3545b,True,1.0,1.0,1.0,1.0,1.0,0.5,1.0
4033,d655ae3476c9530c,True,1.0,1.0,0.9728555436791605,1.0,1.0,1.0,0.9886898098663169
4034,bf6e5d04e0d7576e,True,1.0,1.0,0.40806150251068896,1.0,1.0,1.0,0.7533589593794537
4035,4b683f53656f5bdd,True,1.0,1.0,0.7660972688733342,1.0,1.0,1.0,0.9025405286972226
4036,7d664c7260d45737,True,1.0,1.0,0.8620846259983909,1.0,1.0,1.0,0.9425352608326628
4037,e9a6f39362ba53a3,True,1.0,1.0,0.9766732824939663,1.0,1.0,1.0,0.990280534372486
4038,1b1f22e9af535f9f,True,1.0,0.0,0.0,1.0,1.0,0.5,0.0
4039,9ca9d2ce60a35d66,True,1.0,1.0,0.8863492123841616,1.0,1.0,1.0,0.9526455051600674
4040,d781ee7dce4a5351,True,1.0,1.0,0.01918376106713062,1.0,1.0,1.0,0.5913265671113045
4041,fd676fd01e475e33,True,0.0,1.0,0.0,0.0,1.0,1.0,0.0
4042,458aff4d43725bd3,True,1.0,1.0,1.0,1.0,1.0,1.0,1.0
4043,4d5a01dea92b5867,True,1.0,0.0,0.0,1.0,1.0,0.5,0.0
4044,51b0141596d15905,True,0.0,1.0,0.0,0.0,1.0,0.5,0.0
4045,e194cef299cf5264,True,1.0,1.0,1.0,0.0,1.0,1.0,0.5833333333333334
4046,b1dd380dd5425b49,True,0.0,1.0,0.0,0.0,1.0,1.0,0.0
4047,a4e50a4546d0513e,True,1.0,1.0,0.9208355057636293,1.0,1.0,1.0,0.9670147940681789
4048,3761f5d0d74d55eb,True,1.0,1.0,0.967077343568258,1.0,1.0,1.0,0.9862822264867742
4049,b3e8baac7b4d5e4a,True,1.0,1.0,1.0,1.0,1.0,1.0,1.0
4050,ab8f5b7368a45a6d,True,1.0,1.0,0.8690869092216842,1.0,1.0,1.0,0.9454528788423685
4051,834a23e3dd25542c,True,1.0,1.0,0.9032037257022391,1.0,1.0,1.0,0.9596682190425995
4052,575453863ce05f35,True,1.0,1.0,1.0,1.0,1.0,1.0,1.0
4053,cb50b764d69557b9,True,1.0,1.0,1.0,0.0,1.0,1.0,0.5833333333333334
4054,d84b338d48335e67,True,1.0,1.0,0.7518081360713238,1.0,1.0,0.5,0.8965867233630517
4055,7af7ff61308e5e5c,True,1.0,1.0,0.83926574447672,1.0,1.0,1.0,0.9330273935319666
4056,6f1be4d182475bc8,True,1.0,1.0,1.0,1.0,1.0,1.0,1.0
4057,812d49975bf357fc,True,1.0,1.0,0.9324688186134626,1.0,1.0,1.0,0.9718620077556094
4058,d4c431871c755ba3,True,1.0,1.0,0.014404662110959364,1.0,1.0,1.0,0.5893352758795664
4059,aba3b771ef0054c6,True,1.0,1.0,0.8696433340337415,1.0,1.0,1.0,0.9456847225140589
4060,cdf51b82bae55641,True,0.0,1.0,0.0,0.0,1.0,1.0,0.0
4061,75cfb9c37e425214,True,1.0,1.0,1.0,1.0,1.0,1.0,1.0
4062,b023b7bcbab05bcb,True,1.0,1.0,0.8360623669210747,1.0,1.0,1.0,0.9316926528837811
4063,ee0e03f19a735d67,True,1.0,1.0,0.8860131923147151,1.0,1.0,1.0,0.952505496797798
4064,9baf79c0513b5228,True,1.0,1.0,0.7017213635664226,1.0,1.0,0.5,0.8757172348193428
4065,40660dbe143d52c1,True,1.0,1.0,1.0,0.0,1.0,1.0,0.5833333333333334
4066,d12c5ba59acf55a0,True,1.0,1.0,0.9540494249504712,1.0,1.0,1.0,0.9808539270626963
4067,6f8043e8b0a95706,True,0.0,1.0,0.0,0.0,1.0,1.0,0.0
4068,7ea67f197fe25ba7,True,1.0,1.0,0.7742740124162222,1.0,1.0,1.0,0.9059475051734259
4069,331882a4388559b6,True,1.0,1.0,1.0,1.0,1.0,1.0,1.0
4070,2dd7293bcb445815,True,1.0,1.0,1.0,1.0,1.0,1.0,1.0
4071,c35f0df7bfdb5140,True,0.0,1.0,0.0,0.0,1.0,1.0,0.0
4072,670f9d50643c5874,True,1.0,1.0,0.781466474508684,1.0,1.0,1.0,0.9089443643786184
4073,3ae2ab1099d65c2a,True,1.0,1.0,1.0,1.0,1.0,1.0,1.0
4074,82ab50d6b3ef5a43,True,1.0,1.0,0.7397266706405526,1.0,1.0,1.0,0.8915527794335635
4075,548b6b9700f25610,True,1.0,0.0,0.0,1.0,1.0,1.0,0.0
4076,26e6818bd14d52a5,True,1.0,1.0,0.987982464809149,1.0,1.0,1.0,0.9949926936704787
4077,b0a3bbfe213a507b,True,1.0,1.0,1.0,0.0,1.0,1.0,0.5833333333333334
4078,77218354c5c25657,True,1.0,1.0,1.0,1.0,1.0,1.0,1.0
4079,2073f76964735ff7,True,1.0,1.0,0.6434623733246763,1.0,1.0,0.5,0.8514426555519484
4080,1558511dc7b45b86,True,1.0,1.0,1.0,1.0,1.0,1.0,1.0
4081,ab7d0c4a928e5ec9,True,1.0,0.0,0.0,0.0,1.0,0.0,0.0
4082,d7b1d984a0ff5791,True,1.0,1.0,1.0,1.0,1.0,1.0,1.0
4083,52a862ac6c845dbb,True,1.0,1.0,0.8701700523372993,1.0,1.0,0.0,0.9459041884738747
4084,5c1b8e332d105b79,True,1.0,0.0,0.0,1.0,1.0,1.0,0.0
4085,3adebc0f04ed5311,True,1.0,1.0,1.0,1.0,1.0,1.0,1.0
4086,179ca3af622e5e0d,True,1.0,1.0,0.9821804106931181,0.0,1.0,1.0,0.5759085044554658
4087,157ad2289b20545e,True,1.0,1.0,0.6488139986643926,0.0,1.0,0.0,0.43700583277683025
4088,84ed0a5827f656d8,True,1.0,1.0,0.9250127239258088,1.0,1.0,1.0,0.9687553016357536
4089,ece3a3dc01cd53d2,True,1.0,1.0,0.7092096289901478,1.0,1.0,1.0,0.8788373454125615
4090,ac3411f9c2b8530e,True,1.0,1.0,1.0,1.0,1.0,1.0,1.0
4091,0370ac4af44a5bfc,True,1.0,1.0,0.6662134415241376,1.0,1.0,1.0,0.8609222673017239
4092,57960c0eaa6b554b,True,1.0,1.0,0.9692532722074834,1.0,1.0,1.0,0.9871888634197847
4093,5f448f3d0f8c5e95,True,1.0,1.0,0.9635950125756702,1.0,1.0,1.0,0.9848312552398625
4094,7077e840fef95b8f,True,1.0,1.0,0.869523316761994,1.0,1.0,1.0,0.9456347153174974
4095,674ebcb39a4d528f,True,1.0,1.0,0.9502608610734333,1.0,1.0,1.0,0.9792753587805972
4096,f512480c969a5eab,True,0.0,1.0,0.0,0.0,1.0,1.0,0.0
4097,2ea6bdf1e8905fd8,True,1.0,1.0,1.0,1.0,1.0,1.0,1.0
4098,72779ff1ead25f44,True,1.0,1.0,0.8227099854338865,1.0,1.0,1.0,0.9261291605974528
4099,d42e15faa6375e18,True,0.0,1.0,0.0,0.0,1.0,1.0,0.0
4100,52d9d533ca4e5980,True,1.0,1.0,0.3006951159174757,1.0,1.0,1.0,0.7086229649656149
4101,8625ec015e075c02,True,1.0,1.0,0.810280365339029,1.0,1.0,1.0,0.9209501522245954
4102,5576401890e55a6e,True,1.0,1.0,1.0,1.0,1.0,1.0,1.0
4103,578b2f71b5d750a8,True,1.0,1.0,1.0,1.0,1.0,1.0,1.0
4104,eaba7fd433c45e20,True,1.0,1.0,0.4868590137003933,1.0,1.0,1.0,0.7861912557084972
4105,dc2d59ce7b1258cf,True,1.0,1.0,0.026801663143893557,1.0,1.0,1.0,0.5945006929766223
4106,a807cfefb041572b,True,1.0,1.0,0.7636339771207928,1.0,1.0,1.0,0.9015141571336637
4107,12d283af921a5f09,True,1.0,1.0,1.0,1.0,1.0,0.0,1.0
4108,054e4984e1b55ec9,True,1.0,1.0,0.986725572657523,1.0,1.0,1.0,0.9944689886073013
4109,d5a79b89fb985129,True,1.0,1.0,0.6587643630988094,1.0,1.0,1.0,0.8578184846245039
4110,fc6dc98b89a95817,True,1.0,1.0,0.915290924217754,1.0,1.0,1.0,0.9647045517573974
4111,350ef3908a9c5db6,True,1.0,1.0,1.0,1.0,1.0,1.0,1.0
4112,f2722839a7ed50fe,True,1.0,1.0,1.0,1.0,1.0,1.0,1.0
4113,e6dae41a69575555,True,1.0,1.0,0.7941770913446081,1.0,1.0,1.0,0.9142404547269201
4114,65b19795c92c5d77,True,1.0,1.0,0.7813963585921773,1.0,1.0,1.0,0.9089151494134072
4115,9464277f29025ad8,True,1.0,1.0,0.8807374240257041,1.0,1.0,1.0,0.95030726001071
4116,59db265fc4cf5a41,True,1.0,0.0,0.0,1.0,1.0,1.0,0.0
4117,a28e921b642a5936,True,1.0,1.0,0.8425066580755868,1.0,1.0,1.0,0.9343777741981611
4118,8364af67153a5193,True,1.0,0.0,0.0,1.0,1.0,1.0,0.0
4119,300226e9649b51fd,True,1.0,1.0,0.997425402021518,1.0,1.0,0.0,0.998927250842299
4120,0334cae9f1ef56ae,True,1.0,1.0,0.6861640260371413,1.0,1.0,1.0,0.8692350108488088
4121,7b22018666ac5b0e,True,1.0,0.0,0.0,1.0,1.0,0.0,0.0
4122,f6b3ef5ef2085e46,True,1.0,1.0,1.0,1.0,1.0,1.0,1.0
4123,b0fe3222f2905745,True,1.0,1.0,1.0,1.0,1.0,1.0,1.0
4124,9a1b2cdfbe7d56c0,True,1.0,1.0,0.8934819336991655,1.0,1.0,1.0,0.9556174723746523
4125,cecd27d3ba0e54fd,True,1.0,1.0,0.8106704283997894,1.0,1.0,1.0,0.9211126784999122
4126,483faae37fd95b91,True,0.5,0.0,0.0,0.0,1.0,1.0,0.0
4127,1df1903e5bcd5036,True,1.0,0.0,0.0,0.0,1.0,1.0,0.0
4128,44c39701a6d65696,True,1.0,1.0,0.8480112618881063,1.0,1.0,1.0,0.9366713591200443
4129,8128635441b358c4,True,1.0,1.0,0.5034492996865338,1.0,1.0,1.0,0.7931038748693892
4130,e721852571e5573b,True,1.0,1.0,0.7678257043099851,1.0,1.0,1.0,0.9032607101291604
4131,94f5959417f75349,True,1.0,1.0,0.8515569690671684,1.0,1.0,1.0,0.9381487371113201
4132,bcd26bf1bf055164,True,1.0,1.0,1.0,1.0,1.0,1.0,1.0
4133,3931a353a1f6520d,True,1.0,1.0,1.0,0.0,1.0,1.0,0.5833333333333334
4134,ed01297783a05dba,True,1.0,1.0,0.9598071449925859,1.0,1.0,1.0,0.9832529770802442
4135,e194e033ee72504a,True,1.0,1.0,1.0,0.0,1.0,1.0,0.5833333333333334
4136,820636c082c1539b,True,1.0,1.0,1.0,1.0,1.0,1.0,1.0
4137,bacbab3d771e59fd,True,1.0,1.0,0.8552882150058918,0.0,1.0,1.0,0.5230367562524549
4138,f1592141ee0157fe,True,1.0,1.0,1.0,1.0,1.0,1.0,1.0
4139,fb5265ab37085422,True,1.0,1.0,1.0,0.0,1.0,1.0,0.5833333333333334
4140,28d91d7116785bf9,True,1.0,0.0,0.0,1.0,1.0,1.0,0.0
4141,407b876e623a5c51,True,1.0,1.0,1.0,1.0,1.0,1.0,1.0
4142,cb52442dd7165211,True,1.0,1.0,1.0,1.0,1.0,1.0,1.0
4143,91d37a0aabe95056,True,1.0,1.0,0.7217934434374924,1.0,1.0,1.0,0.8840806014322885
4144,9c193ab1a07454e3,True,1.0,1.0,0.34189629980034103,1.0,1.0,1.0,0.7257901249168087
4145,73bf16c0312158a2,True,1.0,1.0,0.9775376528370492,1.0,1.0,1.0,0.9906406886821039
4146,9bb4006483955eb9,True,1.0,1.0,0.8810230006884157,1.0,1.0,1.0,0.9504262502868398
4147,08ac82bf0eeb5661,True,1.0,1.0,1.0,1.0,1.0,1.0,1.0
4148,cde54c98cbec5255,True,1.0,1.0,0.9731091451540648,1.0,1.0,1.0,0.988795477147527
4149,00c489998dd4555c,True,1.0,1.0,1.0,1.0,1.0,1.0,1.0
4150,2efcd18376fb51b7,True,1.0,1.0,0.004803527128896046,1.0,1.0,1.0,0.5853348029703733
4151,b8a1d133723f5897,True,1.0,0.0,0.0,1.0,1.0,1.0,0.0
4152,a0ce26a6f335530d,True,1.0,1.0,1.0,1.0,1.0,1.0,1.0
4153,c5af9333bf63510d,True,0.0,0.0,0.0,0.0,1.0,0.0,0.0
4154,b4a85f85ef7e532d,True,1.0,1.0,1.0,1.0,1.0,1.0,1.0
4155,36610114f460541b,True,1.0,1.0,0.8719088814694618,1.0,1.0,1.0,0.9466287006122758
4156,f001f00535065622,True,1.0,1.0,0.8709832128273205,1.0,1.0,1.0,0.946243005344717
4157,58857855de47556e,True,1.0,1.0,0.8427468708457346,1.0,1.0,1.0,0.9344778628523894
4158,28c74da2ea1d5629,True,0.0,1.0,0.0,0.0,1.0,1.0,0.0
4159,00137a5ce92d591c,True,1.0,1.0,0.7394896155462726,1.0,1.0,1.0,0.8914540064776135
4160,feb90d2112ec57cf,True,0.0,1.0,0.0,0.0,1.0,1.0,0.0
4161,fdde37fbe3d35bef,True,1.0,1.0,1.0,1.0,1.0,1.0,1.0
4162,df2257e552655d84,True,1.0,1.0,1.0,1.0,1.0,1.0,1.0
4163,514964ba4d115d35,True,1.0,0.0,0.0,1.0,1.0,1.0,0.0
4164,2fd327a8eff250ba,True,1.0,1.0,0.7208359809359991,1.0,1.0,1.0,0.8836816587233329
4165,9b20027801905b4c,True,1.0,1.0,1.0,1.0,1.0,1.0,1.0
4166,c8d1d4dd7889577b,True,1.0,1.0,0.978107191309359,1.0,1.0,1.0,0.9908779963788996
4167,e55ee684113c5e7d,True,0.0,1.0,0.0,0.0,1.0,1.0,0.0
4168,b2f5adcdf3dd5227,True,0.0,1.0,0.0,0.0,1.0,1.0,0.0
4169,111485c5e6f458a9,True,1.0,1.0,1.0,1.0,1.0,1.0,1.0
4170,218ebafd6210550e,True,1.0,1.0,0.8525160598340114,1.0,1.0,1.0,0.9385483582641715
4171,0fb88262272f5110,True,1.0,1.0,0.9299136291721076,0.0,1.0,1.0,0.5541306788217115
4172,8b57a471e74e573f,True,1.0,1.0,1.0,1.0,1.0,1.0,1.0
4173,10d0706cdc655c9f,True,1.0,1.0,0.8024404634113635,1.0,1.0,1.0,0.9176835264214015
4174,55bc862799d350f9,True,0.0,1.0,0.0,0.0,1.0,1.0,0.0
4175,fb0a26a28ec359ce,True,1.0,1.0,1.0,1.0,1.0,0.5,1.0
4176,61d71be9811b5554,True,1.0,0.0,0.0,1.0,1.0,0.0,0.0
4177,f24b703a3f14583f,True,1.0,1.0,0.9078419512716965,1.0,1.0,1.0,0.9616008130298735
4178,f636a93caad2585f,True,0.0,0.0,0.0,0.0,1.0,1.0,0.0
4179,3461796610c15a0e,True,1.0,1.0,0.683270667911814,1.0,1.0,1.0,0.8680294449632558
4180,59cc5d51c60d5a1d,True,1.0,1.0,1.0,1.0,1.0,1.0,1.0
4181,2fb759c52be35681,True,1.0,1.0,0.8727438071114748,1.0,1.0,1.0,0.9469765862964478
4182,eed30293a86e5feb,True,1.0,1.0,1.0,1.0,1.0,1.0,1.0
4183,e04d45a55abd5fd5,True,1.0,1.0,1.0,1.0,1.0,1.0,1.0
4184,3aff98e018195468,True,1.0,1.0,0.9043514709085378,1.0,1.0,1.0,0.9601464462118908
4185,9baf3c1d42b25070,True,1.0,1.0,1.0,0.0,1.0,1.0,0.5833333333333334
4186,c6319bbc03fb57d0,True,1.0,1.0,0.6546554583363428,1.0,1.0,1.0,0.8561064409734761
4187,f665cf888bbd5595,True,1.0,1.0,1.0,1.0,1.0,1.0,1.0
4188,7d3779771cae5d94,True,1.0,1.0,1.0,1.0,1.0,1.0,1.0
4189,6b977574e52a5f1b,True,1.0,1.0,1.0,1.0,1.0,1.0,1.0
4190,ac28e0768c6a5821,True,1.0,1.0,1.0,1.0,1.0,1.0,1.0
4191,611a1729dd145afb,True,1.0,1.0,1.0,1.0,1.0,1.0,1.0
4192,98c7a48dd75052ab,True,1.0,1.0,1.0,0.0,1.0,1.0,0.5833333333333334
4193,6aa2d225dc0d5b6e,True,1.0,1.0,1.0,1.0,1.0,1.0,1.0
4194,f6d575d8e0a45772,True,1.0,1.0,0.4142405269171795,1.0,1.0,1.0,0.7559335528821581
4195,4d098db703415f00,True,1.0,1.0,0.9944909389033443,1.0,1.0,1.0,0.9977045578763933
4196,6659724ab0a8566c,True,1.0,1.0,0.813459580808784,1.0,1.0,1.0,0.9222748253369932
4197,90797642e4065c3c,True,1.0,1.0,0.6963121355946971,1.0,1.0,1.0,0.8734633898311238
4198,7780e502545a5df7,True,1.0,1.0,0.9137551993967159,1.0,1.0,1.0,0.9640646664152982
4199,6e3c7a34388e5ae3,True,1.0,1.0,1.0,0.0,1.0,1.0,0.5833333333333334
4200,e009079e2dc25bbf,True,1.0,1.0,0.9352244301264856,1.0,1.0,1.0,0.9730101792193689
4201,b60b509ee8ba5197,True,1.0,1.0,0.9672025897917634,1.0,1.0,1.0,0.9863344124132348
4202,30d5d8dfd52451a9,True,0.0,1.0,0.0,0.0,1.0,1.0,0.0
4203,23bd3a02e2855a28,True,0.0,1.0,0.0,0.0,1.0,1.0,0.0
4204,d5b18d6105c25004,True,0.0,1.0,0.0,0.0,1.0,1.0,0.0
4205,8239fb2f8d705dea,True,1.0,1.0,0.8266343637497012,1.0,1.0,1.0,0.9277643182290422
4206,7dc47eb4f41e523d,True,1.0,1.0,1.0,1.0,1.0,1.0,1.0
4207,d436fd792f365847,True,1.0,1.0,0.9188530176845624,1.0,1.0,1.0,0.9661887573685677
4208,b2bdd6d761035ca4,True,1.0,0.0,0.0,1.0,1.0,0.0,0.0
4209,1e09c94f9cfb5fc9,True,1.0,1.0,1.0,1.0,1.0,1.0,1.0
4210,a9fb1181686753ec,True,1.0,0.0,0.0,1.0,1.0,1.0,0.0
4211,f20518f97cb558d4,True,1.0,1.0,0.9754557339930019,0.0,1.0,1.0,0.5731065558304175
4212,c2ae8e85ce2052ff,True,1.0,1.0,1.0,1.0,1.0,1.0,1.0
4213,193b39b2ec4f53af,True,1.0,1.0,0.7942596047871214,1.0,1.0,1.0,0.9142748353279672
4214,d0fc0e92a9e4552f,True,1.0,1.0,0.7541309573673147,1.0,1.0,1.0,0.8975545655697145
4215,7b7cac50a37a5c24,True,1.0,0.0,0.0,1.0,1.0,1.0,0.0
4216,2e7d8157798851f3,True,1.0,1.0,0.4743989894006707,1.0,1.0,1.0,0.780999578916946
4217,8bc0584436b25488,True,1.0,1.0,1.0,1.0,1.0,1.0,1.0
4218,e66d21ee45e65dac,True,1.0,1.0,0.8017418803639295,1.0,1.0,1.0,0.9173924501516373
4219,c471f8a9626d5f11,True,1.0,1.0,0.8444691623364642,1.0,1.0,1.0,0.9351954843068601
4220,74c8385c2d845cde,True,1.0,0.0,0.0,1.0,1.0,0.5,0.0
4221,b83ed953a4105ddc,True,1.0,1.0,1.0,0.0,1.0,1.0,0.5833333333333334
4222,c68a0ad53c105f0d,True,1.0,0.0,0.0,1.0,1.0,1.0,0.0
4223,8350f9ff4dcf5e4b,True,1.0,1.0,1.0,1.0,1.0,1.0,1.0
4224,a25c025ea58d5409,True,1.0,1.0,1.0,1.0,1.0,1.0,1.0
4225,2cdba8acff3454a7,True,1.0,1.0,0.8813551791551116,1.0,1.0,1.0,0.9505646579812965
4226,34048f1ce51452d0,True,1.0,1.0,0.9799383497528649,1.0,1.0,1.0,0.9916409790636936
4227,2030d3a5ed675084,True,1.0,0.0,0.0,1.0,1.0,1.0,0.0
4228,1d63ddad646b5496,True,1.0,1.0,0.992881677531469,1.0,1.0,1.0,0.9970340323047787
4229,f25f295b364a5f29,True,1.0,1.0,1.0,1.0,1.0,1.0,1.0
4230,b9f3b69b160e5ad0,True,1.0,0.0,0.0,1.0,1.0,0.5,0.0
4231,0012a35a78a151b5,True,1.0,1.0,0.8493344987920414,1.0,1.0,1.0,0.9372227078300174
4232,64f56e62619850b2,True,1.0,1.0,1.0,0.0,1.0,1.0,0.5833333333333334
4233,3ec88bf115c95f69,True,1.0,1.0,0.7804988432337383,0.0,1.0,1.0,0.4918745180140576
4234,1d16c78634695b4a,True,1.0,0.0,0.0,1.0,1.0,0.5,0.0
4235,5317b890d3e45958,True,1.0,1.0,0.6993499765096679,1.0,1.0,1.0,0.8747291568790283
4236,938ceea80dd85b62,True,1.0,1.0,0.8041011601147648,1.0,1.0,1.0,0.918375483381152
4237,55016fc4cd15505d,True,0.0,1.0,0.0,0.0,1.0,0.5,0.0
4238,0d50bb8976e45ea7,True,1.0,1.0,0.9830505245971684,1.0,1.0,1.0,0.9929377185821534
4239,b043b68462d7540c,True,1.0,1.0,1.0,0.0,1.0,1.0,0.5833333333333334
4240,0735d8974394552b,True,1.0,1.0,1.0,1.0,1.0,1.0,1.0
4241,0eb6987fdc9b5213,True,1.0,1.0,1.0,1.0,1.0,0.0,1.0
4242,60fbe2351f325132,True,1.0,1.0,1.0,0.0,1.0,1.0,0.5833333333333334
4243,4907817195ff5d6f,True,1.0,1.0,0.7140121605311736,1.0,1.0,1.0,0.8808384002213222
4244,60b5ba011ea65e68,True,1.0,1.0,0.8368686596231228,1.0,1.0,1.0,0.9320286081763012
4245,c5727dc4f8665554,True,1.0,1.0,1.0,0.0,1.0,1.0,0.5833333333333334
4246,0854af027e06530a,True,1.0,1.0,1.0,1.0,1.0,1.0,1.0
4247,e5d91842b228552a,True,1.0,1.0,0.8755696572833926,1.0,1.0,1.0,0.9481540238680802
4248,6d7ca07eac51558e,True,1.0,1.0,1.0,1.0,1.0,1.0,1.0
4249,1e921882661b5a6b,True,1.0,1.0,0.6706038181393211,1.0,1.0,1.0,0.8627515908913838
4250,c665621fe4e455cb,True,1.0,1.0,0.7641895051273491,1.0,1.0,1.0,0.9017456271363954
4251,75f9d978b4d757a2,True,1.0,1.0,0.9244081334372121,1.0,1.0,1.0,0.9685033889321716
4252,6b5a3fa1663e5a8d,True,1.0,1.0,0.8188875562740007,1.0,1.0,1.0,0.9245364817808337
4253,e1540b19efec5d97,True,1.0,1.0,0.7395705393930645,1.0,1.0,1.0,0.8914877247471101
4254,b2dd5bf723d55469,True,0.0,1.0,0.0,0.0,1.0,1.0,0.0
4255,cab75d9e74eb52a1,True,1.0,1.0,0.8582431016653016,1.0,1.0,1.0,0.9409346256938758
4256,83d9a73b7a3650c7,True,1.0,1.0,0.6925269610793241,1.0,1.0,1.0,0.8718862337830516
4257,179ea24426e95029,True,1.0,1.0,1.0,1.0,1.0,1.0,1.0
4258,a21ebf4902fa5e27,True,0.0,1.0,0.0,0.0,1.0,1.0,0.0
4259,62053f814af95fce,True,1.0,1.0,0.9597625220397582,1.0,1.0,1.0,0.9832343841832326
4260,39e0bf171e6d5e88,True,1.0,1.0,0.9665784538599116,1.0,1.0,1.0,0.9860743557749632
4261,92135b7bae0b5259,True,1.0,1.0,1.0,0.0,1.0,1.0,0.5833333333333334
4262,ea492662cb205db2,True,1.0,1.0,0.9344415906946695,1.0,1.0,1.0,0.9726839961227789
4263,0fa603b5789956f1,True,1.0,1.0,1.0,1.0,1.0,1.0,1.0
4264,9a5799ace9455841,True,1.0,1.0,1.0,1.0,1.0,1.0,1.0
4265,51d961409a285653,True,1.0,1.0,1.0,1.0,1.0,1.0,1.0
4266,1c078ca2e3625bb0,True,1.0,1.0,0.7897391001645799,1.0,1.0,1.0,0.9123912917352417
4267,de62001a07db556c,True,1.0,1.0,0.9567877114749964,1.0,1.0,0.0,0.9819948797812484
4268,62aefe5efb00563f,True,1.0,1.0,0.9644835413405145,1.0,1.0,1.0,0.9852014755585478
4269,a4f48656cf78572a,True,1.0,1.0,0.9173851921522884,1.0,1.0,1.0,0.9655771633967868
4270,bbb2fd3f27635227,True,1.0,1.0,1.0,0.0,1.0,1.0,0.5833333333333334
4271,84d10a502c1b5a74,True,0.0,1.0,0.0,0.0,1.0,1.0,0.0
4272,fba8aa5a1cb8583e,True,1.0,0.0,0.0,1.0,1.0,1.0,0.0
4273,20c8f9038443596e,True,1.0,1.0,0.9826775218312892,0.0,1.0,1.0,0.5761156340963706
4274,0992d669b9a25a25,True,1.0,1.0,0.767539862492379,1.0,1.0,1.0,0.9031416093718246
4275,4ccdd6c153335a2b,True,1.0,1.0,0.7010499165785027,1.0,1.0,1.0,0.8754374652410428
4276,2d151a8187f050bf,True,1.0,1.0,1.0,1.0,1.0,1.0,1.0
4277,8719c1b8087d5590,True,1.0,1.0,1.0,1.0,1.0,1.0,1.0
4278,ffb2d865d42e57c0,True,1.0,1.0,1.0,1.0,1.0,1.0,1.0
4279,578d2af2c3625ace,True,1.0,1.0,1.0,1.0,1.0,1.0,1.0
4280,4be4c3659ea0575c,True,1.0,1.0,1.0,1.0,1.0,1.0,1.0
4281,4145cfd5d9b659fa,True,1.0,1.0,0.8529015933864084,1.0,1.0,1.0,0.9387089972443369
4282,3bf1265b7ab65fc2,True,1.0,1.0,1.0,1.0,1.0,1.0,1.0
4283,c8f1cf1b119f5afe,True,1.0,1.0,0.9631498316382662,1.0,1.0,1.0,0.9846457631826109
4284,f70c1fa8bbfc5d77,True,0.0,1.0,0.0,0.0,1.0,1.0,0.0
4285,43fe2321124251d3,True,1.0,1.0,1.0,1.0,1.0,1.0,1.0
4286,51259bf89422548a,True,1.0,1.0,0.7414182300529786,1.0,1.0,1.0,0.8922575958554079
4287,0cbeffce57295a2b,True,1.0,0.0,0.0,0.0,1.0,0.5,0.0
4288,ebfb953d479d5982,True,1.0,0.0,0.0,1.0,1.0,1.0,0.0
4289,d68ae36caae15586,True,1.0,1.0,1.0,1.0,1.0,1.0,1.0
4290,cea6c267a5a05b3c,True,1.0,1.0,0.9926953204371723,1.0,1.0,0.0,0.9969563835154885
4291,30d90432ffb357cf,True,0.0,1.0,0.0,0.0,1.0,1.0,0.0
4292,27a8d6913e5b557b,True,1.0,1.0,0.9756006474706104,1.0,1.0,1.0,0.9898336031127544
4293,e81d82f764c853c0,True,1.0,1.0,0.908688307107015,1.0,1.0,1.0,0.9619534612945895
4294,9f839d5422315781,True,1.0,1.0,1.0,1.0,1.0,0.0,1.0
4295,54bf100910bc5b10,True,1.0,1.0,1.0,1.0,1.0,1.0,1.0
4296,8a2c1d34f9df5213,True,1.0,1.0,1.0,1.0,1.0,1.0,1.0
4297,a7ca0cd746e7551e,True,1.0,1.0,0.7239615000113359,1.0,1.0,1.0,0.8849839583380567
4298,9d4e8eb54f555166,True,1.0,1.0,0.7901388201430776,1.0,1.0,1.0,0.9125578417262824
4299,f0297d1838cd5b1f,True,1.0,1.0,0.9721439084794369,1.0,1.0,1.0,0.9883932951997654
4300,b9238f564f875dfc,True,1.0,1.0,0.8212900015072665,1.0,1.0,1.0,0.9255375006280276
4301,84aade0568085ba5,True,1.0,1.0,0.8302053084651989,1.0,1.0,1.0,0.9292522118604994
4302,8a843c4264a35d16,True,0.0,1.0,0.0,0.0,1.0,1.0,0.0
4303,d2d30ecb18db52f9,True,1.0,1.0,0.8057242010689707,1.0,1.0,1.0,0.9190517504454044
4304,3b8bc6ec37105767,True,1.0,1.0,1.0,1.0,1.0,1.0,1.0
4305,b1e10e4f03155c70,True,1.0,1.0,0.839808851712881,1.0,1.0,1.0,0.9332536882137005
4306,06cfef4de99d5ead,True,1.0,1.0,1.0,1.0,1.0,1.0,1.0
4307,69153018527e5315,True,1.0,1.0,0.9317366971769203,1.0,1.0,1.0,0.9715569571570501
4308,d20dc707981f56e7,True,1.0,1.0,1.0,0.0,1.0,1.0,0.5833333333333334
4309,8b9aa871306555d0,True,1.0,1.0,1.0,0.0,1.0,1.0,0.5833333333333334
4310,f3872682944e5d13,True,1.0,1.0,0.8645036142600436,1.0,1.0,1.0,0.9435431726083515
4311,62a97d527fd45916,True,1.0,1.0,0.8895492523292268,1.0,1.0,1.0,0.9539788551371778
4312,edcad0bfc4b15515,True,1.0,1.0,0.7839242299459082,1.0,1.0,1.0,0.9099684291441283
4313,f8ec4186e4f15c8f,True,1.0,1.0,1.0,1.0,1.0,1.0,1.0
4314,b60ecc0b221751d7,True,1.0,0.0,0.0,1.0,1.0,1.0,0.0
4315,fa7793ced9cc559e,True,0.0,1.0,0.0,0.0,1.0,0.5,0.0
4316,c9b12b21fa7c57fd,True,1.0,1.0,1.0,0.0,1.0,1.0,0.5833333333333334
4317,e2e2578cd6b6505f,True,1.0,1.0,0.6948226072626621,1.0,1.0,1.0,0.8728427530261093
4318,f625dafc811b5c1f,True,1.0,1.0,0.7068386588760828,1.0,1.0,1.0,0.8778494411983678
4319,f98bff8bb0675d96,True,1.0,1.0,0.9771550350719466,1.0,1.0,1.0,0.9904812646133111
4320,455037cfe9a95796,True,1.0,1.0,1.0,0.0,1.0,1.0,0.5833333333333334
4321,b8f2f60346035cb0,True,1.0,1.0,0.7156720087752596,1.0,1.0,1.0,0.8815300036563581
4322,9e9da0b49c475ca1,True,1.0,1.0,0.9799852521922956,1.0,1.0,1.0,0.9916605217467899
4323,662ddec48b93598e,True,1.0,0.0,0.0,1.0,1.0,0.0,0.0
4324,b966c10ea361593f,True,0.0,1.0,0.0,0.0,1.0,0.0,0.0
4325,c6b7a8d63fc95d3a,True,1.0,1.0,0.7655863674838255,1.0,1.0,0.0,0.9023276531182606
4326,96d9a24139ca5ad4,True,1.0,1.0,0.7973032912046961,1.0,1.0,1.0,0.9155430380019567
4327,639352b63c715c1f,True,1.0,1.0,1.0,1.0,1.0,1.0,1.0
4328,77f0818999145e8f,True,1.0,1.0,1.0,0.0,1.0,1.0,0.5833333333333334
4329,b435be7b7b1b5dd4,True,0.0,1.0,0.0,0.0,1.0,1.0,0.0
4330,c66c7433e8855d01,True,1.0,1.0,0.7784226321534075,1.0,1.0,1.0,0.9076760967305865
4331,905ab0794c235f69,True,1.0,1.0,0.9016885844456061,1.0,1.0,1.0,0.9590369101856693
4332,e6e99834855a5f10,True,1.0,1.0,1.0,1.0,1.0,1.0,1.0
4333,4dd1ab3a667b5074,True,1.0,0.0,0.0,1.0,1.0,1.0,0.0
4334,9d626ce291e85889,True,1.0,1.0,1.0,1.0,1.0,1.0,1.0
4335,682413e506fc5bac,True,1.0,0.0,0.0,0.0,1.0,1.0,0.0
4336,bef3d5467aca5f04,True,1.0,1.0,0.8243389522355303,1.0,1.0,1.0,0.9268078967648042
4337,48321ca34be254e5,True,1.0,1.0,1.0,0.0,1.0,1.0,0.5833333333333334
4338,04674da1553352ad,True,1.0,1.0,1.0,1.0,1.0,1.0,1.0
4339,8b1193abd0b75de0,True,1.0,1.0,0.8902628528280311,1.0,1.0,1.0,0.9542761886783463
4340,69ed5efe731251d0,True,1.0,1.0,0.8773481910950123,1.0,1.0,1.0,0.9488950796229219
4341,7c04e29efc0c5e46,True,1.0,1.0,1.0,0.0,1.0,0.0,0.5833333333333334
4342,92aea46cab86531b,True,1.0,0.0,0.0,0.0,1.0,1.0,0.0
4343,1cb3b57dac2d5435,True,1.0,1.0,0.8351049029072792,1.0,1.0,1.0,0.9312937095446996
4344,7e97cc0349b4590b,True,1.0,1.0,1.0,1.0,1.0,0.0,1.0
4345,f39952caeb2b5014,True,1.0,0.0,0.0,1.0,1.0,1.0,0.0
4346,ed9f00d292b55607,True,1.0,1.0,1.0,0.0,1.0,1.0,0.5833333333333334
4347,9248ce20618c5513,True,1.0,1.0,0.3771851202856145,1.0,1.0,1.0,0.740493800119006
4348,7da863f64a5f5e90,True,1.0,0.0,0.0,1.0,1.0,0.0,0.0
4349,c4f590c6b7e85691,True,1.0,1.0,1.0,1.0,1.0,1.0,1.0
4350,9c5d0ef404c65196,True,1.0,1.0,1.0,1.0,1.0,1.0,1.0
4351,9b7eb62d80db55e7,True,1.0,1.0,1.0,1.0,1.0,1.0,1.0
4352,985af967de8f5f3f,True,1.0,0.0,0.0,1.0,1.0,1.0,0.0
4353,7fd97ff49f5b5761,True,1.0,1.0,0.7417840253366952,1.0,1.0,1.0,0.8924100105569565
4354,ff5e13b14d735e52,True,0.0,1.0,0.0,0.0,1.0,1.0,0.0
4355,88466abb967954e5,True,1.0,1.0,1.0,1.0,1.0,1.0,1.0
4356,b5d0bfdf09375423,True,1.0,1.0,1.0,1.0,1.0,1.0,1.0
4357,b0a7f01e57205fb4,True,0.0,1.0,0.0,0.0,1.0,1.0,0.0
4358,08c1c8fbe5435208,True,1.0,1.0,1.0,0.0,1.0,1.0,0.5833333333333334
4359,40ee16c17fc05cfb,True,1.0,1.0,0.6430764228183005,1.0,1.0,1.0,0.8512818428409585
4360,0472df00162f5fc5,True,0.0,1.0,0.0,0.0,1.0,1.0,0.0
4361,21d4990a6b4f597a,True,1.0,1.0,0.6182596132105412,1.0,1.0,1.0,0.8409415055043922
4362,a9853ab9c01c53d2,True,1.0,1.0,1.0,1.0,1.0,1.0,1.0
4363,a5ad1e9de54e5ad0,True,1.0,1.0,0.4001716266207038,1.0,1.0,1.0,0.75007151109196
4364,777cf50be27a5d4b,True,1.0,1.0,0.7723411395226316,1.0,1.0,1.0,0.9051421414677631
4365,0de3f9728fc651a6,True,1.0,1.0,0.907535448880956,0.0,1.0,1.0,0.5448064370337317
4366,1981a85eb4ba5001,True,0.0,1.0,0.0,0.0,1.0,0.0,0.0
4367,580a10ad9ad55a5d,True,1.0,1.0,0.0,1.0,1.0,1.0,0.5833333333333334
4368,689abfdd66235378,True,1.0,1.0,0.92480686848524,1.0,1.0,1.0,0.9686695285355166
4369,ff86cfb959e1545e,True,1.0,1.0,1.0,1.0,1.0,1.0,1.0
4370,6cec94a1d70c5cf4,True,1.0,1.0,0.8124043915824203,1.0,1.0,1.0,0.9218351631593418
4371,e1f6c044f4235462,True,1.0,1.0,0.6923423451958456,1.0,1.0,1.0,0.871809310498269
4372,7eab8efaacef55bb,True,1.0,0.0,0.0,1.0,1.0,0.5,0.0
4373,e89a3ed626f75032,True,1.0,1.0,1.0,1.0,1.0,1.0,1.0
4374,52bc37cb7789510b,True,1.0,1.0,0.719742780572492,1.0,1.0,1.0,0.8832261585718717
4375,7b7d556d563f5ac4,True,1.0,0.0,0.0,1.0,1.0,1.0,0.0
4376,840d3a1a7a935536,True,1.0,1.0,0.9932712959906682,1.0,1.0,1.0,0.997196373329445
4377,3d29e22a03a15391,True,1.0,1.0,1.0,0.0,1.0,1.0,0.5833333333333334
4378,9fc5098e21355c6e,True,1.0,1.0,1.0,1.0,1.0,0.5,1.0
4379,ec8a3deaeb1a53ac,True,1.0,1.0,0.0,1.0,1.0,1.0,0.5833333333333334
4380,b8deacee10515f02,True,1.0,1.0,0.9292529879506021,0.0,1.0,0.5,0.5538554116460842
4381,3336f42a7e175d0b,True,1.0,1.0,0.9902005063506948,1.0,1.0,1.0,0.9959168776461228
4382,f7d2b771e8425c20,True,1.0,1.0,0.8217336664087185,1.0,1.0,1.0,0.9257223610036327
4383,3a54e9d3717d5760,True,1.0,1.0,0.8334095044573929,1.0,1.0,1.0,0.9305872935239137
4384,2070f12707d95924,True,1.0,1.0,0.8155975377765144,1.0,1.0,1.0,0.9231656407402143
4385,c9b41d0b992158c6,True,1.0,0.0,0.0,0.0,1.0,0.5,0.0
4386,e62a5092735359ee,True,1.0,0.0,0.0,1.0,1.0,1.0,0.0
4387,fc7b8441f81b5296,True,1.0,0.0,0.0,1.0,1.0,0.5,0.0
4388,6ce0bfddedef5981,True,1.0,1.0,0.9663362099584365,1.0,1.0,1.0,0.9859734208160152
4389,58f3f43098985e77,True,1.0,1.0,0.9180465302509994,1.0,1.0,1.0,0.9658527209379164
4390,f4511c17c15a531f,True,1.0,1.0,0.9985728514712754,1.0,1.0,1.0,0.999405354779698
4391,980f649f5cef5434,True,1.0,1.0,1.0,1.0,1.0,1.0,1.0
4392,44230a68f8305c14,True,1.0,1.0,0.954141174247496,1.0,1.0,1.0,0.9808921559364566
4393,39a2b9bc296c5b76,True,1.0,1.0,1.0,1.0,1.0,1.0,1.0
4394,f57582f9a7dc511c,True,1.0,1.0,0.7380406326127007,1.0,1.0,1.0,0.8908502635886254
4395,b845e97a49a75cd0,True,1.0,1.0,0.5630824737328378,1.0,1.0,1.0,0.8179510307220158
4396,3ea2b59016145c63,True,1.0,1.0,1.0,1.0,1.0,1.0,1.0
4397,f6855b72b0aa57e2,True,1.0,1.0,0.9184532644717225,1.0,1.0,1.0,0.9660221935298843
4398,61c31afab34d5e94,True,1.0,1.0,0.8908131630226592,1.0,1.0,1.0,0.9545054845927746
4399,0000548db87959c2,True,1.0,1.0,0.7708764911514749,0.0,1.0,1.0,0.48786520464644784
4400,1679f30058f75db4,True,1.0,1.0,1.0,1.0,1.0,1.0,1.0
4401,0c4f97d3255155e4,True,1.0,0.0,0.0,1.0,1.0,0.5,0.0
4402,6a6362156db75390,True,1.0,1.0,0.9326388741363154,1.0,1.0,1.0,0.9719328642234647
4403,a61b9afbe5d857b1,True,1.0,1.0,0.5868444635290799,1.0,1.0,1.0,0.8278518598037833
4404,68b83d28894e5bc1,True,0.0,1.0,0.0,0.0,1.0,1.0,0.0
4405,cf1ba57897845189,True,1.0,0.0,0.0,1.0,1.0,1.0,0.0
4406,907f2c5fde6f5db8,True,1.0,0.0,0.0,0.0,1.0,1.0,0.0
4407,d5bf13024f755ee4,True,1.0,0.0,0.0,1.0,1.0,0.5,0.0
4408,8733d5cc8ae956df,True,1.0,1.0,0.8214214521550158,1.0,1.0,1.0,0.9255922717312566
4409,08e5f4c2c0965b15,True,1.0,1.0,1.0,1.0,1.0,1.0,1.0
4410,eb890bda8eb75f6c,True,1.0,1.0,0.9452479442063588,1.0,1.0,1.0,0.9771866434193162
4411,e0b92501aa5051b1,True,0.0,1.0,0.0,0.0,1.0,1.0,0.0
4412,acb57a529dae5da1,True,1.0,1.0,0.7867664385288149,1.0,1.0,1.0,0.9111526827203397
4413,98b99d5d44c05a5b,True,0.0,1.0,0.0,0.0,1.0,1.0,0.0
4414,57b2cc25579a5885,True,1.0,1.0,0.6919568724875137,1.0,1.0,1.0,0.8716486968697974
4415,8f105ffb008c5801,True,1.0,1.0,1.0,1.0,1.0,1.0,1.0
4416,cba63a3ef5bc51b3,True,1.0,1.0,1.0,0.0,1.0,1.0,0.5833333333333334
4417,9d6eac20a6fb5cd9,True,1.0,1.0,1.0,1.0,1.0,0.5,1.0
4418,3379515437535154,True,1.0,1.0,1.0,1.0,1.0,1.0,1.0
4419,a15cc20cfcc35d48,True,1.0,1.0,0.8113835293313423,1.0,1.0,1.0,0.9214098038880593
4420,9ab7d16dd4a6551f,True,0.0,1.0,0.0,0.0,1.0,1.0,0.0
4421,66129006472354e7,True,1.0,1.0,0.8276007525785283,1.0,1.0,1.0,0.9281669802410534
4422,d928098371595be7,True,1.0,1.0,1.0,0.0,1.0,1.0,0.5833333333333334
4423,752255614d7f569a,True,1.0,0.0,0.0,1.0,1.0,1.0,0.0
4424,17cac31ef9135faf,True,1.0,1.0,1.0,1.0,1.0,1.0,1.0
4425,0ebdf3a905ba522f,True,1.0,0.0,0.0,1.0,1.0,1.0,0.0
4426,b8554777b68750e7,True,1.0,1.0,0.8076835671546375,0.0,1.0,1.0,0.5032014863144323
4427,84a6ca68a66e536a,True,0.0,1.0,0.0,0.0,1.0,1.0,0.0
4428,f32d809c7175588c,True,1.0,1.0,1.0,1.0,1.0,1.0,1.0
4429,8d9d0d3caa9b5905,True,0.0,1.0,0.0,0.0,1.0,1.0,0.0
4430,2ee44628526e524c,True,1.0,0.0,0.0,1.0,1.0,1.0,0.0
4431,f4aca518cfa05850,True,1.0,1.0,1.0,1.0,1.0,1.0,1.0
4432,462ba3dea9fb590b,True,1.0,1.0,1.0,1.0,1.0,1.0,1.0
4433,4543fc207fbb553e,True,1.0,1.0,0.8230407798666646,1.0,1.0,1.0,0.9262669916111103
4434,59a1d448fbdf53f6,True,1.0,1.0,1.0,1.0,1.0,1.0,1.0
4435,0ae4ce0255695d31,True,1.0,0.0,0.0,1.0,1.0,1.0,0.0
4436,6123057c78785150,True,1.0,1.0,1.0,1.0,1.0,1.0,1.0
4437,84136b2623ef5618,True,1.0,0.0,0.0,1.0,1.0,1.0,0.0
4438,36ee69ae43b85587,True,1.0,1.0,1.0,1.0,1.0,0.0,1.0
4439,ee82b0fc7b2a5208,True,1.0,1.0,1.0,1.0,1.0,1.0,1.0
4440,f750e0c7f8375bae,True,1.0,1.0,1.0,1.0,1.0,1.0,1.0
4441,06b2df49f0455bd0,True,1.0,1.0,0.7050283668910662,1.0,1.0,1.0,0.8770951528712776
4442,8113ea1b58245172,True,1.0,1.0,0.9553202502357164,1.0,1.0,1.0,0.9813834375982152
4443,3b5ea54bfd575d68,True,1.0,1.0,0.8999720602630152,1.0,1.0,1.0,0.9583216917762564
4444,ed97bf4877fa5bb0,True,1.0,1.0,0.813788722644835,1.0,1.0,1.0,0.9224119677686812
4445,536e9526257a57f2,True,1.0,0.0,0.0,1.0,1.0,1.0,0.0
4446,eb74b3c99b175bc1,True,1.0,1.0,0.9592569293174286,1.0,1.0,1.0,0.9830237205489286
4447,320446eca62c59fe,True,1.0,1.0,0.7172645497859375,1.0,1.0,0.5,0.8821935624108073
4448,7217a95078bf52f2,True,1.0,1.0,0.6974504801083407,1.0,1.0,1.0,0.8739377000451419
4449,fd4c64e354f953bd,True,1.0,1.0,0.9913604383404617,1.0,1.0,1.0,0.996400182641859
4450,8a3c6c3502035e11,True,1.0,1.0,0.39159896796828014,1.0,1.0,0.5,0.7464995699867835
4451,dd32aebcb8e6550e,True,1.0,1.0,0.7653788521677245,1.0,1.0,1.0,0.9022411884032185
4452,f2dd261c41755967,True,1.0,1.0,0.8870554515466453,1.0,1.0,1.0,0.9529397714777689
4453,969198fbd19d59b1,True,1.0,1.0,1.0,0.0,1.0,1.0,0.5833333333333334
4454,6c62956221e4511e,True,1.0,1.0,0.9710457602927973,1.0,1.0,1.0,0.9879357334553323
4455,7fa812aae88d5752,True,1.0,1.0,0.9013515653220865,1.0,1.0,1.0,0.9588964855508694
4456,6ce7347fb53b5d83,True,0.5,0.0,0.0,0.0,1.0,1.0,0.0
4457,85185d3ba8b35890,True,0.0,1.0,0.0,0.0,1.0,1.0,0.0
4458,4f466c389dce58e4,True,1.0,0.0,0.0,1.0,1.0,1.0,0.0
4459,3f03e086a6d6571d,True,1.0,1.0,0.8816043105213284,1.0,1.0,1.0,0.95066846271722
4460,761985c4330555f2,True,0.0,0.0,0.0,0.0,1.0,0.0,0.0
4461,60ae22c26d59572e,True,1.0,1.0,0.5695464626261368,1.0,1.0,1.0,0.8206443594275571
4462,5ab14dca42a058d9,True,1.0,1.0,0.8590539650875612,1.0,1.0,1.0,0.9412724854531506
4463,766a723ba30f574c,True,1.0,0.0,0.0,0.0,1.0,1.0,0.0
4464,0558c7a64ef157b1,True,1.0,1.0,0.9952381337907013,1.0,1.0,1.0,0.9980158890794589
4465,14576a845ffc521a,True,1.0,1.0,1.0,1.0,1.0,1.0,1.0
4466,3a2b28ef68385d75,True,1.0,1.0,1.0,0.0,1.0,1.0,0.5833333333333334
4467,d6bb49ff956f5b50,True,1.0,1.0,1.0,1.0,1.0,1.0,1.0
4468,6b580c6ff00b511f,True,1.0,0.0,0.0,1.0,1.0,1.0,0.0
4469,d89e9c599cf5571b,True,1.0,1.0,0.8895335479744553,1.0,1.0,1.0,0.953972311656023
4470,72be63ed04f15f97,True,1.0,0.0,0.0,1.0,1.0,1.0,0.0
4471,056c6ca971b355b4,True,1.0,1.0,0.8924584862530507,1.0,1.0,1.0,0.9551910359387712
4472,c53328cc0fb15f17,True,1.0,1.0,0.9938456683846695,1.0,1.0,1.0,0.997435695160279
4473,b11eb5c328075b94,True,1.0,1.0,0.7843623055336465,1.0,1.0,1.0,0.9101509606390193
4474,3d4616d64a4c5f53,True,0.0,1.0,0.0,0.0,1.0,1.0,0.0
4475,b9e5b11ac3745f8c,True,1.0,1.0,1.0,1.0,1.0,1.0,1.0
4476,a8c150e293ac5bd3,True,1.0,1.0,0.7737701253123963,1.0,1.0,1.0,0.9057375522134984
4477,1b963a72d0cf5320,True,1.0,1.0,0.7749846535308317,1.0,1.0,1.0,0.9062436056378464
4478,4a46ef99ddf55b8d,True,1.0,1.0,1.0,1.0,1.0,1.0,1.0
4479,3ce814811e5252dc,True,1.0,1.0,1.0,1.0,1.0,1.0,1.0
4480,4dd9f8881881500d,True,1.0,1.0,1.0,1.0,1.0,1.0,1.0
4481,42160b555f2a5aa0,True,1.0,1.0,0.7554925173741865,1.0,1.0,1.0,0.8981218822392444
4482,fe4e5fdf88195cfa,True,1.0,1.0,0.8939833258221268,1.0,1.0,1.0,0.9558263857592196
4483,7bd486db42e35b18,True,1.0,1.0,1.0,1.0,1.0,1.0,1.0
4484,57f2781030b25387,True,1.0,1.0,0.9684111477236202,1.0,1.0,1.0,0.986837978218175
4485,2462c21ce2bb5f2d,True,1.0,0.0,0.0,1.0,1.0,0.0,0.0
4486,0b2bdcb48c3e561a,True,1.0,1.0,0.8044437909836296,1.0,1.0,1.0,0.918518246243179
4487,e12cd09a8f515c73,True,1.0,1.0,0.9377215170832627,1.0,1.0,1.0,0.9740506321180261
4488,1c5ca85e734859c4,True,1.0,1.0,1.0,1.0,1.0,1.0,1.0
4489,e24e2c91fb5759dc,True,1.0,1.0,0.8276876469844369,1.0,1.0,1.0,0.9282031862435153
4490,de0726643f515304,True,1.0,1.0,0.9616556762950581,1.0,1.0,1.0,0.9840231984562742
4491,aa1b434771cb52d0,True,1.0,1.0,1.0,1.0,1.0,1.0,1.0
4492,d77a9c90baf35d87,True,1.0,1.0,1.0,1.0,1.0,1.0,1.0
4493,c8629b9dd63e56ad,True,1.0,0.0,0.0,1.0,1.0,1.0,0.0
4494,aee1ca352fdd55f1,True,1.0,1.0,0.8461907969859306,1.0,1.0,1.0,0.935912832077471
4495,cc4bccf7f7175ea3,True,1.0,1.0,0.7441897165258103,1.0,1.0,1.0,0.8934123818857543
4496,e530e78499a75539,True,1.0,1.0,0.6232118505335886,1.0,1.0,1.0,0.8430049377223287
4497,0f97d412a94255ac,True,1.0,1.0,1.0,1.0,1.0,1.0,1.0
4498,ec921ad4a3d05806,True,1.0,1.0,1.0,1.0,1.0,1.0,1.0
4499,f8b524a4e8925503,True,1.0,1.0,1.0,1.0,1.0,1.0,1.0
4500,7e8ca7a00f83587d,True,1.0,1.0,0.8079743157511128,1.0,1.0,1.0,0.9199892982296304
4501,4763f30d505c5ea6,True,1.0,1.0,0.679978623155599,1.0,1.0,1.0,0.8666577596481663
4502,8e785a7a6df95636,True,1.0,1.0,0.7779231184081569,0.0,1.0,1.0,0.49080129933673206
4503,09832085301555df,True,1.0,1.0,0.9810629962730779,1.0,1.0,1.0,0.9921095817804492
4504,4b5846fcc3725b95,True,1.0,1.0,0.9155448582249688,1.0,1.0,1.0,0.9648103575937371
4505,07dd30b182de5fa5,True,1.0,1.0,0.6326783104725738,1.0,1.0,1.0,0.846949296030239
4506,7048a63246a75ea4,True,0.0,1.0,0.0,0.0,1.0,1.0,0.0
4507,a294ae1045875e02,True,1.0,1.0,1.0,1.0,1.0,1.0,1.0
4508,78ea729667c1558b,True,1.0,1.0,0.9408500626143841,1.0,1.0,1.0,0.9753541927559933
4509,3d8f52b9bae25a90,True,1.0,1.0,0.7568690582771098,1.0,1.0,1.0,0.8986954409487957
4510,fc33d014431a5b1b,True,1.0,1.0,0.70809130175285,1.0,1.0,1.0,0.8783713757303541
4511,89df824d0cfd525e,True,1.0,1.0,0.8585531637242947,1.0,1.0,1.0,0.9410638182184562
4512,927b73fea33f5218,True,1.0,1.0,0.9396551748807068,1.0,1.0,1.0,0.9748563228669612
4513,59c6eefd08af59b9,True,1.0,1.0,0.8802407935778161,1.0,1.0,1.0,0.9501003306574235
4514,f38ecbfea0075cca,True,1.0,1.0,1.0,1.0,1.0,1.0,1.0
4515,87a4e023d9315796,True,1.0,1.0,0.7572413034996367,1.0,1.0,1.0,0.8988505431248486
4516,f75d3314a8c85955,True,1.0,1.0,1.0,1.0,1.0,1.0,1.0
4517,4cc1186b46d85ec4,True,1.0,1.0,0.9751405898014835,1.0,1.0,1.0,0.9896419124172849
4518,7580af9b56085218,True,1.0,1.0,1.0,0.0,1.0,1.0,0.5833333333333334
4519,3e1e7bc23c515108,True,1.0,1.0,0.05261937043815921,1.0,1.0,1.0,0.6052580710158997
4520,b9c8a72571a85792,True,1.0,1.0,0.9977376646828886,1.0,1.0,1.0,0.999057360284537
4521,da2fb85306b2560c,True,1.0,1.0,0.7297603467270171,1.0,1.0,1.0,0.8874001444695905
4522,d9bbf36a9fca56a9,True,1.0,1.0,0.9194522151470621,1.0,1.0,1.0,0.9664384229779426
4523,46ce401b30ac56e9,True,1.0,1.0,1.0,1.0,1.0,1.0,1.0
4524,1947a9758e045ce9,True,1.0,1.0,1.0,0.0,1.0,1.0,0.5833333333333334
4525,017e89f6f6a85d79,True,1.0,1.0,1.0,1.0,1.0,1.0,1.0
4526,afd8795214205519,True,0.0,1.0,0.0,0.0,1.0,1.0,0.0
4527,2bce4431c5da5d1f,True,1.0,1.0,1.0,1.0,1.0,1.0,1.0
4528,96164ad9ed8557a7,True,1.0,1.0,0.4652957428251554,1.0,1.0,1.0,0.7772065595104815
4529,182688f3d2c25fc8,True,1.0,1.0,0.9067798231833771,1.0,1.0,1.0,0.9611582596597404
4530,67958aa8e9015aaf,True,1.0,1.0,1.0,1.0,1.0,1.0,1.0
4531,f41cf739059453a4,True,1.0,1.0,0.5985511246755081,1.0,1.0,1.0,0.8327296352814617
4532,77424ed925b45c77,True,1.0,1.0,0.7094750245781174,1.0,1.0,1.0,0.878947926907549
4533,3756dc24f9e65fd7,True,1.0,0.0,0.0,1.0,1.0,1.0,0.0
4534,fac7dc214370509e,True,1.0,1.0,1.0,1.0,1.0,1.0,1.0
4535,c82bebed0dac5691,True,1.0,1.0,0.9362013167869049,1.0,1.0,0.0,0.9734172153278772
4536,9b0f5a2f65e45867,True,1.0,0.0,0.0,1.0,1.0,1.0,0.0
4537,6a5b0bbd55395628,True,1.0,1.0,0.9813832041559369,0.0,1.0,1.0,0.5755763350649737
4538,9e2a2f6ba6705d0a,True,1.0,1.0,0.7418704242201447,1.0,1.0,1.0,0.892446010091727
4539,3cdaaa2bcfd55b68,True,1.0,1.0,1.0,0.0,1.0,1.0,0.5833333333333334
4540,a9f639a57ac75fa5,True,1.0,1.0,0.793265503268348,1.0,1.0,0.0,0.9138606263618115
4541,c29fb70bf1d056ca,True,1.0,1.0,1.0,1.0,1.0,1.0,1.0
4542,264a59ce900b5405,True,1.0,1.0,0.9838067848022987,1.0,1.0,1.0,0.9932528270009578
4543,31091c3173c6596a,True,1.0,1.0,1.0,0.0,1.0,1.0,0.5833333333333334
4544,1eff566e627f56b9,True,1.0,1.0,1.0,1.0,1.0,1.0,1.0
4545,39cf3b9137615a6b,True,1.0,0.0,0.0,1.0,1.0,0.0,0.0
4546,30638699ab8e575c,True,1.0,1.0,1.0,1.0,1.0,1.0,1.0
4547,2072f71b7e8f5ece,True,1.0,1.0,0.5914348008854047,1.0,1.0,1.0,0.8297645003689187
4548,a35847734fc65508,True,1.0,1.0,0.046925597174028805,1.0,1.0,1.0,0.6028856654891787
4549,d08754ee7c5c5949,True,1.0,1.0,1.0,1.0,1.0,1.0,1.0
4550,06e62670ddb152d9,True,1.0,1.0,1.0,1.0,1.0,1.0,1.0
4551,3be53588a286557f,True,1.0,1.0,0.9997077015485206,1.0,1.0,1.0,0.9998782089785503
4552,e4d27e2ed6ac513e,True,1.0,1.0,0.9543490341347881,1.0,1.0,1.0,0.9809787642228285
4553,3e8c8729205850ab,True,1.0,1.0,1.0,1.0,1.0,1.0,1.0
4554,c96b4de8d3d55287,True,1.0,1.0,0.8661924748050025,1.0,1.0,1.0,0.9442468645020844
4555,994ab680895a55d2,True,1.0,1.0,0.9158529983903038,1.0,1.0,1.0,0.9649387493292932
4556,9b0b6d3472465b35,True,1.0,1.0,1.0,1.0,1.0,1.0,1.0
4557,0aa8c67f04b75a41,True,1.0,1.0,0.9205799638254332,1.0,1.0,1.0,0.9669083182605972
4558,f1041299a1a059f5,True,1.0,1.0,0.6222489396083272,1.0,1.0,1.0,0.842603724836803
4559,1423dcf83efa5241,True,1.0,1.0,0.8080416336608823,0.0,1.0,1.0,0.5033506806920344
4560,40348970451a52e3,True,1.0,1.0,0.9002684382208268,1.0,1.0,1.0,0.9584451825920112
4561,9b16e4fea2c25446,True,1.0,1.0,0.8916031979271591,1.0,1.0,1.0,0.954834665802983
4562,3e41024d080454b5,True,1.0,1.0,0.5756529003473796,1.0,1.0,1.0,0.8231887084780748
4563,1de80c2e4aca5f33,True,1.0,1.0,0.7734934155355908,1.0,1.0,1.0,0.9056222564731629
4564,11c5f66a6657545d,True,1.0,1.0,0.8855873348501927,1.0,1.0,1.0,0.9523280561875803
4565,942018830e805349,True,1.0,1.0,0.8194052563108281,1.0,1.0,1.0,0.9247521901295116
4566,05929f9dc5d152a7,True,1.0,1.0,1.0,1.0,1.0,1.0,1.0
4567,15b25b99cf2d5965,True,1.0,1.0,0.8579740388434092,1.0,1.0,1.0,0.9408225161847538
4568,a7f5d22750b75466,True,0.0,1.0,0.0,0.0,1.0,1.0,0.0
4569,c0deb9fb709b5a64,True,1.0,0.0,0.0,1.0,1.0,1.0,0.0
4570,0af18cfd826c5086,True,1.0,1.0,0.8067147666844218,1.0,1.0,1.0,0.9194644861185091
4571,5e25570a2f725a17,True,1.0,1.0,0.8462948911184184,1.0,1.0,1.0,0.9359562046326744
4572,8f41958d23a65c48,True,1.0,1.0,0.8004007153946269,1.0,1.0,1.0,0.9168336314144279
4573,b3509fd31f495cfb,True,1.0,0.0,0.0,0.0,1.0,1.0,0.0
4574,f12f96257dce5e91,True,1.0,1.0,0.753373756609424,1.0,1.0,1.0,0.8972390652539266
4575,b86c171d4a9d51e3,True,0.0,1.0,0.0,0.0,1.0,1.0,0.0
4576,3862c9ed94ab5f90,True,1.0,1.0,0.8130268052622229,1.0,1.0,1.0,0.9220945021925928
4577,2cc421e9b3fd5c17,True,1.0,0.0,0.0,1.0,1.0,0.0,0.0
4578,a82ce9edf79d56a6,True,1.0,1.0,0.9462121853029677,1.0,1.0,1.0,0.9775884105429032
4579,5e4da70ec09f5282,True,1.0,1.0,0.38496503554601924,1.0,1.0,1.0,0.743735431477508
4580,498c6f15e5c856bb,True,1.0,1.0,0.8396691032303742,0.0,1.0,1.0,0.516528793012656
4581,8135a67aa74e586c,True,1.0,0.0,0.0,1.0,1.0,1.0,0.0
4582,aa22b810e3395182,True,1.0,0.0,0.0,1.0,1.0,1.0,0.0
4583,f755005e289d5ccd,True,1.0,1.0,1.0,1.0,1.0,1.0,1.0
4584,5c934edce20758e5,True,1.0,1.0,0.23021484732889366,1.0,1.0,1.0,0.6792561863870391
4585,bca2f135ebf4542c,True,1.0,1.0,0.528547045828027,1.0,1.0,1.0,0.8035612690950114
4586,5dc491914c6a595f,True,1.0,0.0,0.0,1.0,1.0,1.0,0.0
4587,e8858099d9b652f2,True,1.0,1.0,0.869775188125519,1.0,1.0,1.0,0.9457396617189663
4588,e59b32f05f5e54f0,True,1.0,1.0,0.6798648552886324,1.0,1.0,0.0,0.8666103563702635
4589,1ff55a9fd29a5bf5,True,0.0,1.0,0.0,0.0,1.0,1.0,0.0
4590,6268acf58d415ae8,True,1.0,1.0,0.9219529254478147,1.0,1.0,1.0,0.9674803856032561
4591,41c7edfd989451cf,True,0.0,1.0,0.0,0.0,1.0,1.0,0.0
4592,ee7be0b111a85c25,True,1.0,1.0,1.0,1.0,1.0,1.0,1.0
4593,9a524d13e6795a95,True,1.0,1.0,1.0,1.0,1.0,1.0,1.0
4594,63c33ef5af265f74,True,1.0,0.0,0.0,1.0,1.0,0.0,0.0
4595,1893fb783df95146,True,1.0,1.0,1.0,1.0,1.0,1.0,1.0
4596,629ad0d696ed5a25,True,1.0,1.0,0.7852411279252611,1.0,1.0,1.0,0.9105171366355255
4597,6d72d039fb9a551b,True,1.0,1.0,0.5619115433856415,1.0,1.0,0.5,0.8174631430773506
4598,15975dc336e75ba2,True,1.0,1.0,0.5520742359070556,1.0,1.0,1.0,0.8133642649612732
4599,8ac66bedd6d057d2,True,1.0,0.0,0.0,1.0,1.0,1.0,0.0
4600,9184d994aedd50b1,True,1.0,1.0,1.0,1.0,1.0,1.0,1.0
4601,f3e0463f3cf4505e,True,1.0,1.0,0.959103799228296,1.0,1.0,1.0,0.9829599163451234
4602,2f1653c3481b50f1,True,0.0,1.0,0.0,0.0,1.0,1.0,0.0
4603,4201a91014c852a8,True,1.0,1.0,1.0,1.0,1.0,1.0,1.0
4604,6469176632cf52a0,True,1.0,1.0,0.8950817047649685,1.0,1.0,1.0,0.9562840436520702
4605,ab872f589011527d,True,1.0,1.0,1.0,1.0,1.0,1.0,1.0
4606,40c06c252a275c50,True,1.0,0.0,0.0,1.0,1.0,0.0,0.0
4607,875d89dc1f225205,True,1.0,0.0,0.0,1.0,1.0,1.0,0.0
4608,7d930b1f5365521f,True,1.0,1.0,1.0,1.0,1.0,1.0,1.0
4609,815422a6d14358fc,True,1.0,1.0,0.428185880843669,1.0,1.0,1.0,0.7617441170181953
4610,8c75e07d70c558df,True,1.0,1.0,1.0,1.0,1.0,1.0,1.0
4611,c70300305bb9547e,True,1.0,0.0,0.0,1.0,1.0,1.0,0.0
4612,f5dccbabc2f95bbd,True,1.0,1.0,0.9887166487481004,1.0,1.0,1.0,0.9952986036450419
4613,f38d4f3f7e425c91,True,1.0,1.0,0.7430879103030054,1.0,1.0,1.0,0.8929532959595856
4614,21000f5c15845bf4,True,1.0,1.0,0.7409559472708734,1.0,1.0,1.0,0.8920649780295307
4615,d7cc45e58d175329,True,1.0,0.0,0.0,1.0,1.0,1.0,0.0
4616,6e59104beb995339,True,1.0,1.0,0.8291159044753427,1.0,1.0,1.0,0.9287982935313929
4617,db36572d530a5ed3,True,1.0,1.0,0.7373011125872782,1.0,1.0,1.0,0.8905421302446993
4618,81a726148d245594,True,1.0,1.0,0.8038923759477348,1.0,1.0,1.0,0.9182884899782229
4619,5b61b9072cad5dbc,True,1.0,1.0,0.9781907379706026,1.0,1.0,1.0,0.9909128074877511
4620,b7c8677392845e18,True,1.0,1.0,0.8920046424492291,1.0,1.0,1.0,0.9550019343538455
4621,9b09b277214d5623,True,1.0,1.0,1.0,1.0,1.0,1.0,1.0
4622,ad84af7b33615884,True,1.0,1.0,1.0,1.0,1.0,0.0,1.0
4623,0562702fac645702,True,1.0,1.0,0.7994425138965116,1.0,1.0,1.0,0.9164343807902132
4624,d54eba5510dc5469,True,1.0,1.0,0.9438866243132711,1.0,1.0,1.0,0.9766194267971963
4625,21b54e6d58985ae3,True,0.0,1.0,0.0,1.0,1.0,1.0,0.0
4626,48e9a54281845595,True,1.0,0.0,0.0,0.0,1.0,0.5,0.0
4627,c2cf3991e2e65486,True,1.0,1.0,1.0,1.0,1.0,1.0,1.0
4628,44b1999e4b2551b8,True,1.0,1.0,1.0,1.0,1.0,1.0,1.0
4629,77cf9dfc36c35df7,True,1.0,1.0,0.7787383325777492,1.0,1.0,1.0,0.9078076385740621
4630,92c920c643695ff3,True,1.0,1.0,0.8288756274003235,1.0,1.0,1.0,0.9286981780834681
4631,f3521da962a75e3d,True,1.0,1.0,1.0,1.0,1.0,1.0,1.0
4632,6363aa6d3d715e03,True,1.0,0.0,0.0,1.0,1.0,1.0,0.0
4633,171ac85821875613,True,1.0,1.0,0.5693983315779026,1.0,1.0,1.0,0.8205826381574594
4634,f742c7490c2d5b98,True,1.0,1.0,0.8607100983397308,1.0,1.0,1.0,0.9419625409748879
4635,748a5531d6415e0c,True,1.0,1.0,1.0,1.0,1.0,1.0,1.0
4636,e69be869445455c7,True,1.0,1.0,1.0,1.0,1.0,1.0,1.0
4637,b7215e8a4eb6552a,True,1.0,1.0,0.769545805404604,1.0,1.0,1.0,0.9039774189185851
4638,a0be9e4c6cc15ec7,True,1.0,0.0,0.0,1.0,1.0,0.5,0.0
4639,150505a546335d5d,True,1.0,1.0,0.5864771617659366,1.0,1.0,1.0,0.8276988174024735
4640,7c2df54ec2df5a6e,True,1.0,1.0,0.9771333301121246,1.0,1.0,1.0,0.9904722208800519
4641,432598c0bda65445,True,1.0,1.0,0.8941795276005128,1.0,1.0,1.0,0.9559081365002137
4642,ab94d64d31ea5435,True,1.0,1.0,1.0,1.0,1.0,1.0,1.0
4643,c680cd635f095d1c,True,1.0,1.0,1.0,1.0,1.0,1.0,1.0
4644,035db9ac34715b07,True,1.0,1.0,0.935758518843617,1.0,1.0,1.0,0.9732327161848403
4645,f1f233f26fcf590b,True,1.0,1.0,1.0,1.0,1.0,1.0,1.0
4646,250be1db1d67582c,True,0.0,1.0,0.0,0.0,1.0,1.0,0.0
4647,69bcdc8c577252f4,True,1.0,1.0,1.0,0.0,1.0,1.0,0.5833333333333334
4648,c0be0cb86f2c5cf1,True,1.0,1.0,0.908032844144263,1.0,1.0,1.0,0.9616803517267764
4649,efd0435305f5532a,True,1.0,1.0,1.0,1.0,1.0,1.0,1.0
4650,40a69dc4d1f854a8,True,1.0,1.0,1.0,1.0,1.0,1.0,1.0
4651,dd6f3d80501c5026,True,1.0,0.0,0.0,1.0,1.0,1.0,0.0
4652,93494257467c5e97,True,1.0,0.0,0.0,1.0,1.0,1.0,0.0
4653,952c1875f64057b9,True,1.0,1.0,0.8253763441753285,1.0,1.0,1.0,0.9272401434063869
4654,27967352b2a95cbe,True,1.0,1.0,0.0,1.0,1.0,1.0,0.5833333333333334
4655,e0f8a20a76c25e20,True,1.0,1.0,1.0,0.0,1.0,1.0,0.5833333333333334
4656,abf403b697c457ad,True,1.0,1.0,1.0,1.0,1.0,1.0,1.0
4657,6121050efd515252,True,1.0,1.0,1.0,1.0,1.0,1.0,1.0
4658,40ce7057faae541e,True,1.0,1.0,1.0,1.0,1.0,1.0,1.0
4659,da026eb9dcf75339,True,1.0,1.0,0.6291496882988601,1.0,1.0,1.0,0.8454790367911916
4660,ea789512f1be5a47,True,1.0,1.0,1.0,1.0,1.0,1.0,1.0
4661,56780fc1a6bc53a8,True,1.0,1.0,1.0,1.0,1.0,1.0,1.0
4662,e03da8beb33a5e06,True,1.0,1.0,1.0,1.0,1.0,1.0,1.0
4663,1b056ac7f7995a8a,True,1.0,1.0,1.0,1.0,1.0,1.0,1.0
4664,8a540001f3f0514d,True,1.0,1.0,0.8300593308119426,1.0,1.0,0.5,0.9291913878383093
4665,7b73da0bb98b5e56,True,1.0,1.0,0.8486915701183559,1.0,1.0,1.0,0.9369548208826483
4666,e11f2ff7ffba5b45,True,1.0,1.0,1.0,1.0,1.0,1.0,1.0
4667,6666f491ef505a49,True,1.0,0.0,0.0,1.0,1.0,1.0,0.0
4668,4de864abe4f255bd,True,1.0,1.0,1.0,0.0,1.0,1.0,0.5833333333333334
4669,eff5b15eb0935b33,True,1.0,1.0,1.0,1.0,1.0,1.0,1.0
4670,04377176d16d5a0f,True,1.0,1.0,1.0,0.0,1.0,1.0,0.5833333333333334
4671,c59ff27cf18056b4,True,1.0,1.0,0.9528592242833528,1.0,1.0,1.0,0.9803580101180636
4672,0e81b2ebbb30575e,True,1.0,0.0,0.0,1.0,1.0,1.0,0.0
4673,52cad7d83eb65e75,True,1.0,1.0,1.0,0.0,1.0,1.0,0.5833333333333334
4674,66cd30f395c45537,True,1.0,1.0,0.7675349878081105,1.0,1.0,1.0,0.9031395782533793
4675,0033fc4b187a5f1f,True,1.0,1.0,0.9003538452734439,1.0,1.0,1.0,0.958480768863935
4676,b09d0393d8095685,True,1.0,1.0,0.033654007159830204,1.0,1.0,1.0,0.597355836316596
4677,1fc5ab19306f5a47,True,1.0,1.0,0.871248371162835,1.0,1.0,1.0,0.9463534879845147
4678,fe5247f772d15ec0,True,1.0,1.0,0.8197928066057549,1.0,1.0,1.0,0.9249136694190646
4679,55ba1ce72f1b5160,True,1.0,1.0,1.0,1.0,1.0,1.0,1.0
4680,1e2e250cbb555fe6,True,1.0,0.0,0.0,1.0,1.0,1.0,0.0
4681,4ac092ec1bee5e7a,True,1.0,1.0,1.0,1.0,1.0,1.0,1.0
4682,8f60912c624e5f5f,True,0.0,1.0,0.0,0.0,1.0,1.0,0.0
4683,07fb7a73409e53cf,True,1.0,1.0,1.0,1.0,1.0,1.0,1.0
4684,f205c912572b559e,True,1.0,1.0,0.8127811883464354,1.0,1.0,1.0,0.9219921618110147
4685,7b48c1c9cf995c36,True,1.0,1.0,1.0,0.0,1.0,1.0,0.5833333333333334
4686,3380d56c05ba594b,True,1.0,1.0,0.9263081549367824,1.0,1.0,1.0,0.9692950645569928
4687,dd162898ecf351d4,True,0.0,1.0,0.0,0.0,1.0,1.0,0.0
4688,314c032aadbd5011,True,1.0,1.0,0.9912144971217145,1.0,1.0,1.0,0.9963393738007144
4689,2649eb9e1a445b29,True,1.0,1.0,0.5816818259743769,1.0,1.0,1.0,0.8257007608226571
4690,f4814e7eb01252b6,True,1.0,1.0,1.0,1.0,1.0,1.0,1.0
4691,b41e61d24f915d6f,True,1.0,0.0,0.0,1.0,1.0,1.0,0.0
4692,4c8d222d98115a86,True,1.0,1.0,1.0,1.0,1.0,1.0,1.0
4693,61530f7ee9945c70,True,1.0,1.0,0.9750285058381185,1.0,1.0,1.0,0.9895952107658826
4694,0563edc821b6543d,True,1.0,1.0,1.0,1.0,1.0,1.0,1.0
4695,624f26fa47485b3d,True,1.0,1.0,0.7162271923811341,1.0,1.0,1.0,0.8817613301588058
4696,26ffff4876f75eed,True,1.0,1.0,0.8531495004393089,1.0,1.0,1.0,0.938812291849712
4697,22ec7d1614785b35,True,1.0,1.0,0.8157329935720791,1.0,1.0,1.0,0.9232220806550329
4698,134c369c82f05262,True,0.0,1.0,0.0,0.0,1.0,0.0,0.0
4699,01c4dab17c975e13,True,0.0,1.0,0.0,0.0,1.0,1.0,0.0
4700,aa4430320c3151e3,True,1.0,1.0,1.0,0.0,1.0,1.0,0.5833333333333334
4701,a4778444628f5c49,True,0.0,1.0,0.0,0.0,1.0,1.0,0.0
4702,7d923c664b7b5dae,True,1.0,1.0,0.7478841740563038,1.0,1.0,1.0,0.8949517391901266
4703,d4278d63cd605813,True,1.0,1.0,0.8745033034054998,1.0,1.0,1.0,0.9477097097522916
4704,0481cf2b75f1532f,True,1.0,1.0,1.0,0.0,1.0,0.0,0.5833333333333334
4705,60af77348f6257b6,True,1.0,1.0,0.6495407374590695,1.0,1.0,1.0,0.8539753072746122
4706,dbcb1f2c3979500d,True,1.0,1.0,0.9936525934935272,1.0,1.0,1.0,0.9973552472889696
4707,a984f0459c1055d5,True,1.0,1.0,1.0,1.0,1.0,1.0,1.0
4708,f3532c4c4ad95b27,True,1.0,1.0,0.9932756279658009,1.0,1.0,1.0,0.9971981783190836
4709,48f72313812d5f53,True,1.0,0.0,0.0,1.0,1.0,1.0,0.0
4710,d099441c0eb55204,True,1.0,1.0,1.0,1.0,1.0,1.0,1.0
4711,078f05d9e9c05230,True,1.0,1.0,0.851339657829173,1.0,1.0,1.0,0.9380581907621554
4712,bdff1d80a75e5307,True,1.0,1.0,0.7723938626997925,1.0,1.0,1.0,0.9051641094582469
4713,9bb5a81e7fad549a,True,1.0,1.0,1.0,1.0,1.0,1.0,1.0
4714,0d5b8da00d505be0,True,1.0,1.0,0.9659622710727058,1.0,1.0,1.0,0.9858176129469607
4715,06ce8610ceea51f4,True,1.0,1.0,0.9677292983881896,0.0,1.0,1.0,0.5698872076617456
4716,8f5cefce0c0259d9,True,0.0,1.0,0.0,0.0,1.0,0.0,0.0
4717,0d7f280bf979592b,True,1.0,0.0,0.0,1.0,1.0,1.0,0.0
4718,397a31d685fc5af7,True,1.0,1.0,0.7777311146756811,1.0,1.0,1.0,0.9073879644482005
4719,16aa734bed8a5f81,True,0.0,0.0,0.0,0.0,1.0,1.0,0.0
4720,50f111c89e0958a9,True,1.0,1.0,1.0,1.0,1.0,1.0,1.0
4721,b1f17d9960f35562,True,1.0,1.0,0.8863509285983283,1.0,1.0,1.0,0.9526462202493035
4722,ed77d7ff214f53aa,True,1.0,1.0,0.9332482387374076,1.0,1.0,1.0,0.9721867661405866
4723,9337165de94b5a40,True,0.0,1.0,0.0,0.0,1.0,1.0,0.0
4724,7dda9e548f79596b,True,1.0,1.0,0.6511594326777992,1.0,1.0,1.0,0.8546497636157496
4725,ed3e5181549254bc,True,0.0,1.0,0.0,0.0,1.0,1.0,0.0
4726,667140c426e45393,True,1.0,1.0,0.6143214296871369,1.0,1.0,1.0,0.8393005957029738
4727,77f11643ced5562a,True,1.0,1.0,1.0,1.0,1.0,1.0,1.0
4728,bdffdc5fc2fa542b,True,1.0,1.0,0.916677845998986,1.0,1.0,1.0,0.9652824358329108
4729,9873c047e9155996,True,1.0,1.0,0.5214308917220726,1.0,1.0,1.0,0.8005962048841969
4730,2972c31a52275dc1,True,1.0,1.0,0.6827037996503429,1.0,1.0,1.0,0.8677932498543095
4731,217307a367fd551a,True,1.0,1.0,0.9158675679966213,0.0,1.0,1.0,0.5482781533319255
4732,582ac6cc2a1758a3,True,1.0,1.0,0.7927783836179689,1.0,1.0,1.0,0.9136576598408204
4733,3b2f051d7b9553e9,True,1.0,1.0,1.0,1.0,1.0,1.0,1.0
4734,07064359a6215354,True,1.0,1.0,1.0,1.0,1.0,1.0,1.0
4735,91f7454802305af8,True,1.0,1.0,0.8276438013102464,1.0,1.0,1.0,0.9281849172126027
4736,4d2fceb0b30f59cd,True,1.0,1.0,0.8782380916686523,1.0,1.0,1.0,0.9492658715286052
4737,c83d1e0923295d5a,True,1.0,1.0,0.7273091284342847,1.0,1.0,0.5,0.8863788035142853
4738,134221cd9f46577f,True,1.0,1.0,0.9031874103472437,1.0,1.0,1.0,0.9596614209780182
4739,350b10a4761e5c11,True,1.0,1.0,1.0,1.0,1.0,1.0,1.0
4740,44a4f1048fcc57ea,True,1.0,1.0,0.7178195902358618,1.0,1.0,1.0,0.8824248292649424
4741,29d3fc42d08d57d2,True,1.0,1.0,1.0,1.0,1.0,1.0,1.0
4742,9c100482944751b3,True,1.0,1.0,0.9868392678664746,1.0,1.0,1.0,0.9945163616110312
4743,0b0a92d14c3c508e,True,1.0,1.0,1.0,1.0,1.0,1.0,1.0
4744,e0307c8f17145414,True,1.0,1.0,0.8200193991155346,1.0,1.0,1.0,0.9250080829648061
4745,0fd48798118057f7,True,1.0,1.0,0.4732859122306933,1.0,1.0,1.0,0.780535796762789
4746,387504d3db1852b0,True,1.0,1.0,0.7189408623235864,1.0,1.0,1.0,0.882892025968161
4747,9d32436291335261,True,1.0,1.0,1.0,1.0,1.0,1.0,1.0
4748,030706565b1f552d,True,1.0,1.0,0.7676794183562445,1.0,1.0,1.0,0.9031997576484353
4749,c7ef706bfbef5f7c,True,1.0,1.0,0.018991833301740278,1.0,1.0,1.0,0.5912465972090585
4750,dc0152c1caca5d94,True,1.0,1.0,0.8538480044457363,1.0,1.0,1.0,0.9391033351857234
4751,5f78b2fcada85eef,True,1.0,1.0,0.9156490332240581,1.0,1.0,1.0,0.9648537638433575
4752,e38aa05b9c8b5e32,True,1.0,1.0,0.0,1.0,1.0,1.0,0.5833333333333334
4753,b97a9b788ef8540c,True,0.0,1.0,0.0,0.0,1.0,1.0,0.0
4754,ee7a9468bd475205,True,1.0,1.0,0.7616918969907651,1.0,1.0,1.0,0.9007049570794855
4755,d87ac612c49152b5,True,1.0,1.0,1.0,1.0,1.0,1.0,1.0
4756,39bcaa3072bc5198,True,0.0,1.0,0.0,0.0,1.0,0.0,0.0
4757,cf3b00d5d2b953d3,True,1.0,1.0,1.0,1.0,1.0,1.0,1.0
4758,cfd47fe44d355d32,True,1.0,1.0,0.9286467671231299,1.0,1.0,1.0,0.9702694863013042
4759,45d6c16000b75270,True,1.0,1.0,1.0,1.0,1.0,1.0,1.0
4760,c84e6787935b5483,True,1.0,1.0,0.8907704312004662,1.0,1.0,0.0,0.9544876796668609
4761,a422962469ff5d27,True,1.0,1.0,1.0,1.0,1.0,1.0,1.0
4762,eb5989e21dc35a47,True,1.0,1.0,1.0,0.0,1.0,1.0,0.5833333333333334
4763,70af821c5fe95428,True,1.0,1.0,1.0,1.0,1.0,1.0,1.0
4764,ed90bab84c475e4f,True,1.0,1.0,1.0,1.0,1.0,1.0,1.0
4765,dc50a0853e295e88,True,1.0,1.0,0.9880707870261533,1.0,1.0,1.0,0.9950294945942305
4766,54fbe498c745542e,True,0.0,1.0,0.0,0.0,1.0,1.0,0.0
4767,b7784f3cdf6b5991,True,1.0,0.0,0.0,1.0,1.0,1.0,0.0
4768,a37f67a1fe095025,True,1.0,1.0,1.0,1.0,1.0,1.0,1.0
4769,a32383d18e5351cc,True,1.0,1.0,0.8588184402966771,1.0,1.0,1.0,0.9411743501236155
4770,bd4be260be50516f,True,1.0,0.0,0.0,0.0,1.0,0.0,0.0
4771,71674e79275f5abb,True,1.0,1.0,1.0,1.0,1.0,1.0,1.0
4772,f49e8b1837cd5b23,True,1.0,1.0,0.7945709896951011,1.0,1.0,1.0,0.9144045790396255
4773,680c8d90658556da,True,1.0,0.0,0.0,1.0,1.0,1.0,0.0
4774,8c7e28b482935cd8,True,1.0,1.0,1.0,0.0,1.0,1.0,0.5833333333333334
4775,77868241ec115a11,True,1.0,1.0,0.883136826428708,1.0,1.0,1.0,0.9513070110119616
4776,8dae886e0ed1501c,True,1.0,1.0,0.7594122030564635,1.0,1.0,1.0,0.8997550846068597
4777,6829197915d25514,True,1.0,1.0,0.7903549887760302,1.0,1.0,1.0,0.9126479119900126
4778,874ce413a47e5c30,True,1.0,1.0,0.9628536076982694,0.0,1.0,1.0,0.5678556698742789
4779,72720a5350e75184,True,1.0,1.0,0.937379923074648,1.0,1.0,1.0,0.9739083012811033
4780,40ffdefe6d2f541a,True,1.0,1.0,0.8605033442819399,1.0,1.0,1.0,0.9418763934508082
4781,c8c9563dbe59572a,True,1.0,1.0,0.9466679849450775,1.0,1.0,1.0,0.9777783270604491
4782,051b3ee34e3b59ec,True,1.0,1.0,0.9298695558049098,1.0,1.0,1.0,0.970778981585379
4783,491a9b7a44225a75,True,0.0,1.0,0.0,0.0,1.0,1.0,0.0
4784,0d3dd11b84c8518e,True,1.0,1.0,0.8090964980813126,1.0,1.0,1.0,0.9204568742005469
4785,466b634cd806541b,True,1.0,1.0,1.0,1.0,1.0,1.0,1.0
4786,60b3c9715d995c1d,True,1.0,1.0,0.9433574394381932,1.0,1.0,1.0,0.9763989330992472
4787,4020785f2bf55d0b,True,1.0,1.0,0.8564652760734235,1.0,1.0,1.0,0.9401938650305931
4788,86f148317f03504b,True,1.0,1.0,0.8208345513034014,1.0,1.0,1.0,0.9253477297097507
4789,1f248c6b5f2f5234,True,1.0,1.0,1.0,1.0,1.0,1.0,1.0
4790,7ae0a03be0c357d2,True,1.0,1.0,0.6877827427520873,1.0,1.0,1.0,0.8699094761467031
4791,2b4fee42169a54a8,True,1.0,0.0,0.0,1.0,1.0,1.0,0.0
4792,6a87e3be62aa5b5b,True,1.0,1.0,1.0,1.0,1.0,1.0,1.0
4793,38b01bebf6df5fb8,True,1.0,0.0,0.0,1.0,1.0,1.0,0.0
4794,2f8dd3404f375ed8,True,1.0,1.0,0.8849237829375594,1.0,1.0,1.0,0.9520515762239831
4795,1a1f73871bea5afa,True,1.0,0.0,0.0,0.0,1.0,1.0,0.0
4796,391cdfaec8fc5088,True,1.0,1.0,1.0,0.0,1.0,1.0,0.5833333333333334
4797,c856f2dbe8715b80,True,1.0,1.0,1.0,1.0,1.0,1.0,1.0
4798,37d89f35328e55b6,True,1.0,1.0,0.8036043371665156,1.0,1.0,1.0,0.9181684738193815
4799,a75469eea7815984,True,1.0,1.0,1.0,1.0,1.0,1.0,1.0
4800,dd54db98a83b5714,True,1.0,1.0,0.7249033081217369,1.0,1.0,1.0,0.885376378384057
4801,a38e63debd3256ef,True,1.0,1.0,0.839767906995884,1.0,1.0,1.0,0.9332366279149517
4802,384def2e3f9657f6,True,0.0,1.0,0.0,0.0,1.0,1.0,0.0
4803,7c7e92d50f92564b,True,1.0,1.0,0.8746876249430297,1.0,1.0,1.0,0.947786510392929
4804,6a9d9f877efb51e3,True,1.0,1.0,0.7054948031027474,1.0,1.0,1.0,0.8772895012928114
4805,ddfeb4814eba5cf8,True,1.0,1.0,1.0,1.0,1.0,1.0,1.0
4806,77a891db719c5273,True,1.0,1.0,1.0,1.0,1.0,1.0,1.0
4807,0f2ee0e7661d5ccf,True,1.0,1.0,0.49717861628124116,1.0,1.0,1.0,0.7904910901171838
4808,67fee242b1a35834,True,1.0,1.0,0.8266379394800986,1.0,1.0,1.0,0.9277658081167077
4809,878f3ddae1b7550f,True,1.0,1.0,1.0,1.0,1.0,1.0,1.0
4810,c687799dac8d5aa2,True,1.0,1.0,0.9617937348581838,1.0,1.0,0.5,0.9840807228575765
4811,d69b6aacdd0459e3,True,1.0,1.0,1.0,1.0,1.0,1.0,1.0
4812,20d3a5f5b9e6549f,True,1.0,1.0,0.8113500567607986,0.0,1.0,1.0,0.5047291903169994
4813,04fafb805d465314,True,1.0,1.0,0.9454045674994654,1.0,1.0,1.0,0.9772519031247772
4814,e56f85ee56395a99,True,1.0,1.0,1.0,0.0,1.0,1.0,0.5833333333333334
4815,4104c86ea5425c40,True,1.0,1.0,0.8264020015506723,1.0,1.0,1.0,0.9276675006461135
4816,c3a9557ccfb5517c,True,1.0,1.0,0.8675854481098246,0.0,1.0,1.0,0.5281606033790937
4817,a6b4447359075e54,True,1.0,1.0,0.9722877045109174,0.0,1.0,1.0,0.5717865435462156
4818,223cdeaddc525446,True,1.0,1.0,1.0,1.0,1.0,1.0,1.0
4819,bf2c48523de254ea,True,1.0,1.0,1.0,1.0,1.0,1.0,1.0
4820,d39ff27c54d55ef1,True,1.0,1.0,1.0,1.0,1.0,1.0,1.0
4821,6e0bd197608f5bc5,True,0.0,1.0,0.0,0.0,1.0,1.0,0.0
4822,ee9a17a589805c85,True,1.0,1.0,0.7741263204163046,1.0,1.0,1.0,0.905885966840127
4823,fc4982439fef5cb2,True,1.0,0.0,0.0,1.0,1.0,1.0,0.0
4824,44f6f13541dd526e,True,1.0,1.0,0.8019526755101064,1.0,1.0,1.0,0.9174802814625442
4825,45c3a52706c555df,True,1.0,1.0,0.8761592529848043,1.0,1.0,1.0,0.9483996887436685
4826,b0a6370d836a59ed,True,1.0,1.0,0.8318530543828582,1.0,1.0,1.0,0.9299387726595242
4827,538ed1acbf145c8b,True,1.0,1.0,0.8295480186104848,1.0,1.0,1.0,0.9289783410877019
4828,3276f87a152651f0,True,1.0,1.0,0.8549695546957304,1.0,1.0,1.0,0.9395706477898876
4829,5c838efd36805c92,True,1.0,0.0,0.0,1.0,1.0,1.0,0.0
4830,cdc8b2ccd20f5c80,True,1.0,1.0,0.8080058581123386,1.0,1.0,1.0,0.920002440880141
4831,7d1fdeb7e341522d,True,1.0,1.0,1.0,1.0,1.0,1.0,1.0
4832,0eb72de48c875897,True,1.0,1.0,1.0,0.0,1.0,1.0,0.5833333333333334
4833,d345cd51380a5243,True,1.0,1.0,0.012027299583847864,1.0,1.0,1.0,0.5883447081599366
4834,ef41e9c7f99d5d85,True,1.0,1.0,0.8349116092560219,1.0,1.0,1.0,0.9312131705233425
4835,7fd8acb62ee556d0,True,1.0,1.0,0.6531244109663149,1.0,1.0,1.0,0.8554685045692979
4836,b7bbef1569ca526e,True,0.0,1.0,0.0,0.0,1.0,1.0,0.0
4837,f2fdedb5a4ba5c4c,True,1.0,1.0,0.9094296444350802,1.0,1.0,1.0,0.9622623518479502
4838,75d9973be85e50f0,True,1.0,1.0,0.943860627530207,1.0,1.0,1.0,0.976608594804253
4839,c020f63dbf0d59a6,True,1.0,0.0,0.0,1.0,1.0,1.0,0.0
4840,e4237030b1b75a8d,True,1.0,0.0,0.0,1.0,1.0,1.0,0.0
4841,812b2b639eb759f4,True,1.0,1.0,0.8331799573000576,1.0,1.0,1.0,0.9304916488750239
4842,c64f55518a18575b,True,1.0,1.0,1.0,0.0,1.0,1.0,0.5833333333333334
4843,6b2cda5004dc5df9,True,1.0,1.0,1.0,0.0,1.0,1.0,0.5833333333333334
4844,ccf8ef537aa65a7a,True,1.0,1.0,0.9479484692310252,1.0,1.0,0.5,0.9783118621795938
4845,7d40448fd04e5e28,True,1.0,1.0,0.014066824104146164,1.0,1.0,1.0,0.5891945100433943
4846,68a3518b15a75c25,True,1.0,1.0,0.7292110526851803,1.0,1.0,1.0,0.8871712719521584
4847,fdd02b27e20c515e,True,1.0,1.0,0.8457306105382233,1.0,1.0,1.0,0.9357210877242598
4848,adccdafdfc3d5e0c,True,1.0,1.0,0.8738542305237388,1.0,1.0,1.0,0.9474392627182245
4849,40f6df731aed5f6f,True,1.0,1.0,1.0,0.0,1.0,1.0,0.5833333333333334
4850,e933d70dd378598f,True,1.0,1.0,0.7511993474162313,1.0,1.0,1.0,0.8963330614234297
4851,71ed3e4fcadc5322,True,1.0,1.0,0.7120122037241029,1.0,1.0,1.0,0.8800050848850428
4852,6dfba05513f05909,True,1.0,1.0,0.6683631042012914,1.0,1.0,1.0,0.8618179600838713
4853,0d145fab90475c8f,True,1.0,1.0,1.0,0.0,1.0,1.0,0.5833333333333334
4854,3dcb4ddd8afe598d,True,1.0,1.0,0.932781658980668,1.0,1.0,1.0,0.9719923579086117
4855,df0122d3b7d35eb9,True,1.0,1.0,1.0,1.0,1.0,1.0,1.0
4856,6e6d55e69a6a5d18,True,1.0,1.0,1.0,0.0,1.0,1.0,0.5833333333333334
4857,3f5c9cc5b40a5ff5,True,1.0,1.0,0.43328640693671105,1.0,1.0,1.0,0.7638693362236296
4858,2e508e23f47d5f96,True,0.0,1.0,0.0,0.0,1.0,1.0,0.0
4859,54229e2cb94b5adb,True,1.0,0.0,0.0,1.0,1.0,1.0,0.0
4860,a616a9583c735698,True,1.0,0.0,0.0,1.0,1.0,1.0,0.0
4861,11811a7320ab58db,True,1.0,1.0,1.0,1.0,1.0,1.0,1.0
4862,daaa1858309c5938,True,1.0,1.0,1.0,1.0,1.0,1.0,1.0
4863,9d7108a109a2571f,True,1.0,1.0,0.7376601066091159,1.0,1.0,1.0,0.8906917110871316
4864,bae779013dfe5537,True,1.0,1.0,0.32416275217776946,1.0,1.0,1.0,0.7184011467407373
4865,971d199e8b9b5e71,True,1.0,1.0,0.03411043096438293,1.0,1.0,1.0,0.5975460129018262
4866,f1b802f6e9a559af,True,1.0,1.0,1.0,1.0,1.0,1.0,1.0
4867,4a07aac45fc35fcf,True,1.0,0.0,0.0,1.0,1.0,1.0,0.0
4868,b72ed3ae0ad551a8,True,1.0,1.0,0.7932456740760649,0.0,1.0,1.0,0.4971856975316937
4869,ae6eb93043f25a20,True,1.0,1.0,0.8074944462095361,1.0,1.0,1.0,0.9197893525873067
4870,d32336b185505124,True,1.0,1.0,1.0,1.0,1.0,1.0,1.0
4871,34a6eb93916e5962,True,1.0,1.0,0.9319224565797503,1.0,1.0,1.0,0.9716343569082294
4872,cacf768cc27e5574,True,1.0,1.0,0.6573444432654798,1.0,1.0,1.0,0.8572268513606165
4873,932938d86cfc5d6f,True,1.0,0.0,0.0,1.0,1.0,1.0,0.0
4874,076e4afb95d057cf,True,1.0,1.0,0.9890538964078058,1.0,1.0,1.0,0.9954391235032524
4875,c86e7d3c0dfb57bd,True,1.0,1.0,1.0,1.0,1.0,1.0,1.0
4876,15f1c723f81a50b2,True,0.0,1.0,0.0,0.0,1.0,1.0,0.0
4877,ddc1271ea57154bc,True,1.0,1.0,1.0,1.0,1.0,1.0,1.0
4878,00b2afbb751b59c6,True,1.0,1.0,0.9604980954221537,1.0,1.0,1.0,0.9835408730925641
4879,8bb939128dfd5f7d,True,1.0,1.0,0.9439276247037584,1.0,1.0,1.0,0.9766365102932326
4880,243480f0f2545b3b,True,1.0,1.0,1.0,1.0,1.0,1.0,1.0
4881,28c89352b09b55d4,True,1.0,0.0,0.0,1.0,1.0,1.0,0.0
4882,4ef621a8318b5085,True,1.0,1.0,1.0,1.0,1.0,1.0,1.0
4883,61b6aabef76153af,True,1.0,1.0,0.7825146220630479,1.0,1.0,1.0,0.90938109252627
4884,b8104b69b2d9509b,True,1.0,0.0,0.0,0.0,1.0,1.0,0.0
4885,30422125ddd4590b,True,1.0,1.0,0.8393123028329049,1.0,1.0,1.0,0.9330467928470437
4886,4af64a41372d564f,True,1.0,1.0,0.8523265170213625,1.0,1.0,0.0,0.9384693820922344
4887,2bd04a0902095129,True,1.0,1.0,0.9894925873248382,1.0,1.0,1.0,0.9956219113853493
4888,4a29aee6f5bd5073,True,1.0,1.0,0.46165731815285904,1.0,1.0,1.0,0.775690549230358
4889,6e395976280452e1,True,0.0,1.0,0.0,0.0,1.0,1.0,0.0
4890,c10c52fd674f5277,True,1.0,1.0,0.8939003582951661,1.0,1.0,1.0,0.9557918159563193
4891,55d6a50a401f52f7,True,0.0,1.0,0.0,0.0,1.0,1.0,0.0
4892,9707c6cbc83556f6,True,1.0,1.0,1.0,1.0,1.0,1.0,1.0
4893,61d7fbf592275c75,True,1.0,0.0,0.0,1.0,1.0,0.0,0.0
4894,be9423a8f0e75d33,True,1.0,1.0,0.908165961052968,0.0,1.0,0.0,0.5450691504387367
4895,0d49407b94b259e8,True,1.0,1.0,1.0,1.0,1.0,1.0,1.0
4896,7bcc91de36385afe,True,1.0,1.0,0.7919167909605447,1.0,1.0,0.5,0.913298662900227
4897,c5ae8b49dc6b54f6,True,1.0,1.0,0.848006772465345,1.0,1.0,1.0,0.9366694885272272
4898,9b7be67193ae5772,True,1.0,1.0,0.8146824089598568,1.0,1.0,1.0,0.922784337066607
4899,cd58499f8230591a,True,1.0,1.0,0.9363657707234824,1.0,1.0,1.0,0.9734857378014509
4900,dd4e7db697465be3,True,1.0,0.0,0.0,1.0,1.0,1.0,0.0
4901,1693d395bec753ae,True,1.0,1.0,1.0,0.0,1.0,1.0,0.5833333333333334
4902,3fd20b372fd15206,True,1.0,1.0,0.9999229557729084,1.0,1.0,1.0,0.9999678982387118
4903,8799520f3ff95bfc,True,1.0,1.0,0.36181787646133245,1.0,1.0,1.0,0.7340907818588885
4904,8d8f5c8c6c29525c,True,1.0,0.0,0.0,1.0,1.0,1.0,0.0
4905,469dfe790903577a,True,1.0,1.0,0.9541167772102964,1.0,1.0,1.0,0.9808819905042903
4906,f335a11369685b08,True,1.0,1.0,1.0,1.0,1.0,1.0,1.0
4907,8bb7091fe0d959fc,True,1.0,1.0,1.0,1.0,1.0,1.0,1.0
4908,cac5deee337257e1,True,1.0,1.0,0.9197975313439062,1.0,1.0,1.0,0.9665823047266277
4909,6233d1b3e62a5772,True,0.0,1.0,0.0,1.0,1.0,1.0,0.0
4910,419ff14e34c45d7f,True,1.0,1.0,0.9117268287931957,1.0,1.0,1.0,0.9632195119971648
4911,4ae996307c6d5733,True,1.0,1.0,0.6776893733941968,1.0,1.0,1.0,0.8657039055809154
4912,0bcebe354a715163,True,1.0,1.0,0.8573735091602398,1.0,1.0,1.0,0.9405722954834332
4913,eac61acb69665f21,True,1.0,1.0,0.8267560210465201,1.0,1.0,1.0,0.9278150087693834
4914,4ccc9e33aa795ef1,True,1.0,1.0,1.0,1.0,1.0,1.0,1.0
4915,e11b470ae6285663,True,1.0,1.0,0.8076676611909899,1.0,1.0,1.0,0.9198615254962458
4916,eeb4b973450f50e9,True,1.0,1.0,1.0,1.0,1.0,1.0,1.0
4917,7b263d7980f55503,True,1.0,1.0,1.0,1.0,1.0,1.0,1.0
4918,824cd4fff1e25cb4,True,1.0,0.0,0.0,1.0,1.0,1.0,0.0
4919,e3082eaad29750fd,True,1.0,1.0,1.0,1.0,1.0,1.0,1.0
4920,94d21a3c26c65363,True,1.0,1.0,1.0,1.0,1.0,1.0,1.0
4921,d86683ee976e5889,True,1.0,1.0,0.8196087347484804,1.0,1.0,1.0,0.9248369728118669
4922,6bacccc5dd3652c3,True,1.0,0.0,0.0,1.0,1.0,1.0,0.0
4923,0da11f45cc1b51ac,True,1.0,1.0,0.7580971817609875,1.0,1.0,1.0,0.8992071590670782
4924,d398c8ceafe050be,True,1.0,1.0,1.0,1.0,1.0,1.0,1.0
4925,213870b088245664,True,1.0,0.0,0.0,1.0,1.0,1.0,0.0
4926,1e527ab20dd55310,True,1.0,1.0,0.9931574973678909,1.0,1.0,1.0,0.9971489572366212
4927,702320a088cf5d53,True,1.0,1.0,0.8625835117018068,0.0,1.0,1.0,0.5260764632090862
4928,55de917b2f545939,True,1.0,1.0,0.902418704903699,1.0,1.0,1.0,0.9593411270432078
4929,6919975cab1c5345,True,0.0,0.0,0.0,0.0,1.0,1.0,0.0
4930,0b4617cb0ac15035,True,1.0,0.0,0.0,1.0,1.0,1.0,0.0
4931,1a31ffd5dc39532f,True,1.0,1.0,1.0,1.0,1.0,0.0,1.0
4932,39d78cc469d65bf8,True,1.0,1.0,1.0,1.0,1.0,1.0,1.0
4933,0a5780be84565110,True,1.0,1.0,1.0,1.0,1.0,1.0,1.0
4934,8ebce152a39f5010,True,1.0,1.0,0.8073828236740058,1.0,1.0,1.0,0.9197428431975023
4935,744f8d8edaf859fe,True,1.0,0.0,0.0,1.0,1.0,1.0,0.0
4936,f2e1685f07675799,True,1.0,1.0,0.9502349763655369,0.0,1.0,1.0,0.5625979068189737
4937,48ee746b1bfb5e7a,True,1.0,1.0,1.0,1.0,1.0,1.0,1.0
4938,b4afab5329e95368,True,1.0,1.0,0.9789644522212342,1.0,1.0,1.0,0.9912351884255143
4939,f6a8d6a5c5b355d0,True,1.0,1.0,0.9697286848848939,0.0,1.0,1.0,0.5707202853687058
4940,409ed084cde5554b,True,1.0,1.0,0.9002393542868272,1.0,1.0,1.0,0.958433064286178
4941,14c2bb3737ab519c,True,0.0,1.0,0.0,0.0,1.0,1.0,0.0
4942,0d2403a8031f540c,True,1.0,1.0,1.0,1.0,1.0,1.0,1.0
4943,13ff352834f25320,True,1.0,1.0,0.809720542550835,1.0,1.0,1.0,0.9207168927295145
4944,e8d9bf10ffc95001,True,1.0,1.0,1.0,0.0,1.0,1.0,0.5833333333333334
4945,238955ab60075940,True,1.0,1.0,0.7577293095109031,1.0,1.0,1.0,0.8990538789628763
4946,b81c602d68a25e90,True,1.0,1.0,1.0,1.0,1.0,1.0,1.0
4947,2c439b29049252a7,True,0.0,1.0,0.0,0.0,1.0,1.0,0.0
4948,45c6be97d810541f,True,1.0,1.0,0.6844055192153452,1.0,1.0,1.0,0.8685022996730605
4949,4f08dd3299925309,True,1.0,0.0,0.0,1.0,1.0,1.0,0.0
4950,0879b546c3cb5615,True,1.0,1.0,1.0,1.0,1.0,1.0,1.0
4951,42559fd839fa54b2,True,1.0,1.0,0.7566904591791274,1.0,1.0,1.0,0.8986210246579698
4952,96af2f9a0f9352ab,True,1.0,1.0,1.0,1.0,1.0,1.0,1.0
4953,d1225aaedc8a5d48,True,1.0,1.0,1.0,1.0,1.0,1.0,1.0
4954,281798a7d40559bb,True,1.0,0.0,0.0,1.0,1.0,1.0,0.0
4955,d94271077f7a5432,True,1.0,1.0,0.7602711226600862,1.0,1.0,1.0,0.9001129677750358
4956,aac7679545c75aed,True,1.0,1.0,0.8956527549796637,1.0,1.0,1.0,0.9565219812415265
4957,c33832506a165cd3,True,1.0,1.0,0.7409814414266995,1.0,1.0,0.5,0.8920756005944582
4958,5c162b0d30f35b55,True,1.0,1.0,1.0,1.0,1.0,1.0,1.0
4959,e2ae96f479935b31,True,1.0,1.0,1.0,1.0,1.0,1.0,1.0
4960,1c03788c47b75b6b,True,1.0,1.0,0.8601795317498181,1.0,1.0,1.0,0.9417414715624242
4961,74cdabf6dd8e5052,True,0.0,1.0,0.0,0.0,1.0,1.0,0.0
4962,c7215f0ccee350f8,True,1.0,1.0,1.0,1.0,1.0,1.0,1.0
4963,fa545b09688957b8,True,0.0,1.0,0.0,0.0,1.0,1.0,0.0
4964,3770407dcc67520c,True,1.0,0.0,0.0,1.0,1.0,0.5,0.0
4965,f5442665da9f554c,True,1.0,1.0,0.9591817006591502,0.0,1.0,1.0,0.5663257086079793
4966,4a9901b941be5695,True,1.0,1.0,0.8542466378940837,1.0,1.0,1.0,0.9392694324558682
4967,2752876d0e005d74,True,1.0,1.0,0.9993502879921883,1.0,1.0,1.0,0.9997292866634119
4968,0972cf3a4c5d5a39,True,1.0,1.0,0.8273165855191251,1.0,1.0,1.0,0.9280485772996355
4969,13fa82d6564e5bac,True,1.0,1.0,0.974455123798282,1.0,1.0,1.0,0.9893563015826174
4970,118fa9fa499e5670,True,1.0,1.0,0.8070306752404331,1.0,1.0,0.5,0.9195961146835138
4971,839206ee819e582f,True,0.5,0.0,0.0,0.0,1.0,0.5,0.0
4972,33c05d622bbe59a8,True,1.0,1.0,0.8919715787945433,1.0,1.0,0.5,0.9549881578310596
4973,d9150469e9885120,True,1.0,1.0,0.6294348627983374,1.0,1.0,1.0,0.8455978594993073
4974,f6f14df95f6c52af,True,1.0,0.0,0.0,0.0,1.0,0.0,0.0
4975,ddc5aacc5d785804,True,1.0,1.0,1.0,1.0,1.0,1.0,1.0
4976,47b8a869ffed5965,True,1.0,1.0,1.0,1.0,1.0,1.0,1.0
4977,d044b887d646511b,True,1.0,1.0,0.785001975348821,1.0,1.0,1.0,0.9104174897286755
4978,580004d79c9b53b8,True,1.0,1.0,0.8670649250845873,1.0,1.0,1.0,0.9446103854519113
4979,23ee5a5b9a1a550c,True,1.0,1.0,1.0,1.0,1.0,1.0,1.0
4980,c6fc9d4d4dec5609,True,1.0,1.0,0.9310183086273562,1.0,1.0,1.0,0.9712576285947317
4981,3eb063189dd15649,True,1.0,1.0,0.8202929658410634,1.0,1.0,1.0,0.925122069100443
4982,66ce3cbf239358c2,True,1.0,1.0,1.0,0.0,1.0,1.0,0.5833333333333334
4983,0388cd6f1af65029,True,1.0,1.0,0.7386673546822693,1.0,1.0,1.0,0.8911113977842788
4984,3e0d470196605588,True,1.0,1.0,0.6691162494060922,1.0,1.0,1.0,0.8621317705858718
4985,5603aa72d59e58b2,True,1.0,1.0,1.0,0.0,1.0,1.0,0.5833333333333334
4986,4e021aea953652b9,True,1.0,1.0,0.6421922945482771,1.0,1.0,1.0,0.850913456061782
4987,1961d1075a085a1d,True,1.0,1.0,0.9449846553964361,1.0,1.0,1.0,0.977076939748515
4988,e8d7197f07635cfb,True,1.0,1.0,1.0,1.0,1.0,1.0,1.0
4989,230b5f3fb3f157fe,True,1.0,1.0,1.0,0.0,1.0,1.0,0.5833333333333334
4990,bfc7b627dfdf5f58,True,1.0,1.0,0.7915913045506554,1.0,1.0,1.0,0.913163043562773
4991,49a747ca28cd5d5f,True,1.0,0.0,0.0,1.0,1.0,1.0,0.0
4992,9a8acc75f4c05ace,True,0.0,1.0,0.0,0.0,1.0,1.0,0.0
4993,3b36add3be02517e,True,1.0,0.0,0.0,1.0,1.0,1.0,0.0
4994,d607d27b421a562b,True,1.0,1.0,0.7780566383427626,1.0,1.0,1.0,0.9075235993094845
4995,51a384b48ace570a,True,1.0,0.0,0.0,1.0,1.0,1.0,0.0
4996,a6da1090aa335503,True,1.0,1.0,1.0,0.0,1.0,1.0,0.5833333333333334
4997,98b414a515bb5b99,True,1.0,1.0,0.5526612558416325,1.0,1.0,1.0,0.8136088566006802
4998,71f883f1ec8f5e37,True,0.0,1.0,0.0,0.0,1.0,1.0,0.0
4999,4b563d8a22145ed6,True,1.0,1.0,1.0,1.0,1.0,1.0,1.0
5000,63f6c401c24557e1,True,1.0,1.0,0.9283270096059074,1.0,1.0,1.0,0.9701362540024614
5001,7fc1ce68acb7562c,True,1.0,1.0,1.0,1.0,1.0,1.0,1.0
5002,e3bfee2b093e5e35,True,1.0,1.0,1.0,1.0,1.0,1.0,1.0
5003,8676d43a96795310,True,1.0,1.0,0.8631628831183394,1.0,1.0,1.0,0.9429845346326414
5004,93d4ab80a0cf5f01,True,0.0,1.0,0.0,0.0,1.0,1.0,0.0
5005,eb6c8a396bb75a89,True,1.0,1.0,1.0,1.0,1.0,1.0,1.0
5006,2ad9640eb724590d,True,1.0,1.0,0.8045894216200831,1.0,1.0,1.0,0.9185789256750345
5007,da01de71bce95578,True,1.0,1.0,1.0,1.0,1.0,1.0,1.0
5008,a6b9a83019915658,True,1.0,1.0,1.0,1.0,1.0,1.0,1.0
5009,92c7b16cbf5a5d8c,True,0.0,1.0,0.0,0.0,1.0,1.0,0.0
5010,84a763e08d2c5ac6,True,1.0,1.0,1.0,1.0,1.0,1.0,1.0
5011,1677503060a95d4a,True,0.0,1.0,0.0,0.0,1.0,1.0,0.0
5012,526a568a22795441,True,0.0,1.0,0.0,0.0,1.0,0.5,0.0
5013,f23b50abdf445d29,True,1.0,1.0,0.614712988674785,1.0,1.0,1.0,0.8394637452811603
5014,7aaa1817f97e5e5e,True,1.0,1.0,1.0,0.0,1.0,1.0,0.5833333333333334
5015,4f7b03242ab05a2d,True,1.0,1.0,0.8607324906122866,1.0,1.0,1.0,0.9419718710884527
5016,a572393e361e5b6c,True,1.0,1.0,0.5164198209563001,1.0,1.0,0.5,0.7985082587317917
5017,bb0e1af8651d525b,True,1.0,0.0,0.0,1.0,1.0,1.0,0.0
5018,938b4978b8da5a08,True,1.0,1.0,1.0,0.0,1.0,1.0,0.5833333333333334
5019,0eb7dda83bbe5fb2,True,0.5,1.0,0.698241823832189,0.0,1.0,1.0,0.2288003799650394
5020,8b5e10656ccb5269,True,1.0,1.0,0.8053960514999216,1.0,1.0,1.0,0.9189150214583006
5021,67eac979dc2b5c12,True,1.0,1.0,0.774060375747839,1.0,1.0,1.0,0.9058584898949329
5022,2a4ee10b521258a2,True,1.0,1.0,0.905475114550159,1.0,1.0,1.0,0.9606146310625663
5023,3f38262eb4d55376,True,1.0,1.0,0.9200130486132257,1.0,1.0,1.0,0.9666721035888441
5024,5b21d7acaa545a46,True,1.0,1.0,1.0,1.0,1.0,1.0,1.0
5025,d70e995b6ec6546a,True,1.0,1.0,1.0,1.0,1.0,1.0,1.0
5026,41890b20b92953b4,True,1.0,1.0,1.0,1.0,1.0,1.0,1.0
5027,c86c1d9c6e9c58aa,True,1.0,0.0,0.0,1.0,1.0,1.0,0.0
5028,1fedc5971443588d,True,1.0,1.0,0.9714835574606479,1.0,1.0,1.0,0.9881181489419366
5029,3cfcca572cdc5b75,True,1.0,0.0,0.0,1.0,1.0,1.0,0.0
5030,0088dd94bbb85394,True,1.0,1.0,0.8451957336574295,1.0,1.0,1.0,0.9354982223572623
5031,a89b31979d265539,True,1.0,1.0,0.8700222834159911,1.0,1.0,1.0,0.9458426180899963
5032,6fa01275a4525b26,True,1.0,1.0,0.5265327580779485,1.0,1.0,1.0,0.8027219825324785
5033,63c145828c3b5fd8,True,1.0,1.0,0.9602100774508732,1.0,1.0,1.0,0.9834208656045305
5034,b4dbd03935ce53fa,True,1.0,1.0,0.9080462198128628,1.0,1.0,1.0,0.9616859249220262
5035,770c714d82535180,True,1.0,1.0,0.988513676449515,1.0,1.0,1.0,0.9952140318539646
5036,53414ba6577d5923,True,1.0,1.0,0.011362714641291894,1.0,1.0,1.0,0.588067797767205
5037,25226305bdff5efd,True,0.0,1.0,0.0,0.0,1.0,1.0,0.0
5038,1508ee5a37ef5588,True,1.0,1.0,0.8338439068181563,1.0,1.0,1.0,0.9307682945075652
5039,49c2b08936335901,True,1.0,1.0,0.8082392885828235,1.0,1.0,1.0,0.9200997035761764
5040,927aa2c8ef7d5b5c,True,0.0,1.0,0.0,0.0,1.0,1.0,0.0
5041,1f90968aaeb55128,True,0.0,1.0,0.0,0.0,1.0,1.0,0.0
5042,3f2a3e63c3045c95,True,1.0,1.0,1.0,1.0,1.0,1.0,1.0
5043,69a1f3e84f6758b0,True,1.0,1.0,0.758899627452276,1.0,1.0,1.0,0.8995415114384483
5044,6b678e4f19c05dea,True,1.0,1.0,1.0,1.0,1.0,1.0,1.0
5045,24429c08a8375061,True,1.0,1.0,1.0,0.0,1.0,1.0,0.5833333333333334
5046,6745b762c9df5f94,True,1.0,1.0,1.0,1.0,1.0,1.0,1.0
5047,1aabc43f2a7453f1,True,1.0,1.0,0.9421466269005004,1.0,1.0,1.0,0.9758944278752084
5048,be1ef67efd445f45,True,1.0,1.0,1.0,0.0,1.0,1.0,0.5833333333333334
5049,c6d6faaea8915ef2,True,1.0,1.0,0.9983052348322382,1.0,1.0,1.0,0.9992938478467659
5050,fa6480e0a896514c,True,0.0,1.0,0.0,0.0,1.0,1.0,0.0
5051,69742b86e6b25ecc,True,1.0,1.0,0.6610502509208758,1.0,1.0,1.0,0.8587709378836982
5052,e4c83b8feafe5cb4,True,0.0,1.0,0.0,0.0,1.0,1.0,0.0
5053,0cf7d096e8c05fed,True,1.0,0.0,0.0,0.0,1.0,1.0,0.0
5054,ad8f9de7692d5f59,True,1.0,1.0,0.7618580504633314,1.0,1.0,1.0,0.9007741876930547
5055,9c62f0bf33fd542d,True,1.0,0.0,0.0,1.0,1.0,1.0,0.0
5056,963d98eaf75259f6,True,1.0,1.0,1.0,0.0,1.0,1.0,0.5833333333333334
5057,fbb8f13bd26a5eee,True,1.0,1.0,0.8365228911601466,1.0,1.0,1.0,0.9318845379833944
5058,1a707ed0d7ba541d,True,1.0,0.0,0.0,1.0,1.0,0.5,0.0
5059,e747d6fdc59252f3,True,1.0,1.0,0.987239633773372,1.0,1.0,0.5,0.9946831807389049
5060,81e0ac3869b95ef4,True,1.0,1.0,1.0,0.0,1.0,1.0,0.5833333333333334
5061,bf896d504b4356c7,True,1.0,1.0,0.0,1.0,1.0,1.0,0.5833333333333334
5062,927222aceeaa52bb,True,1.0,1.0,0.9172931329910616,1.0,1.0,1.0,0.9655388054129425
5063,fc4811f1f2745645,True,1.0,1.0,0.8348094317393909,1.0,1.0,1.0,0.9311705965580795
5064,c497ee89b6205eb8,True,1.0,1.0,1.0,1.0,1.0,1.0,1.0
5065,ce09ed938df353d1,True,1.0,1.0,1.0,1.0,1.0,1.0,1.0
5066,2251b1d81d0051c1,True,1.0,1.0,1.0,1.0,1.0,1.0,1.0
5067,a567ea679ba056ce,True,1.0,1.0,0.6437417018289731,1.0,1.0,1.0,0.8515590424287387
5068,6f2f0885518356ef,True,1.0,1.0,0.8282238206564582,1.0,1.0,1.0,0.928426591940191
5069,a3f2ea7187975b13,True,1.0,1.0,0.695455342997231,1.0,1.0,1.0,0.873106392915513
5070,e7daf964463c530b,True,1.0,1.0,1.0,1.0,1.0,0.0,1.0
5071,73fabf2a0bdc5af4,True,1.0,1.0,0.014927266487777802,1.0,1.0,1.0,0.5895530277032407
5072,fc0d0363cab85e22,True,1.0,0.0,0.0,1.0,1.0,1.0,0.0
5073,bcf76bb937d35be9,True,1.0,1.0,1.0,1.0,1.0,1.0,1.0
5074,c9614cfb18a953ae,True,1.0,1.0,1.0,0.0,1.0,1.0,0.5833333333333334
5075,a28e9a19b6a05733,True,0.5,1.0,1.0,0.0,1.0,0.5,0.2916666666666667
5076,ae90dd8267ce57a0,True,0.0,0.0,0.0,0.0,1.0,1.0,0.0
5077,2ca33fd04f805478,True,0.0,1.0,0.0,0.0,1.0,1.0,0.0
5078,e6289d35e92c56b9,True,1.0,1.0,0.6692121868382904,1.0,1.0,1.0,0.8621717445159544
5079,7e8549121120596a,True,1.0,1.0,1.0,1.0,1.0,1.0,1.0
5080,982671de6e755ca0,True,1.0,1.0,0.7059322615090243,1.0,1.0,1.0,0.8774717756287602
5081,fe789ce80d4f5b2e,True,1.0,1.0,1.0,1.0,1.0,1.0,1.0
5082,c473976e5a2f5111,True,1.0,1.0,0.48361378449180914,1.0,1.0,0.5,0.7848390768715872
5083,bd76dffbe3065854,True,1.0,1.0,0.6474378312471621,1.0,1.0,1.0,0.8530990963529842
5084,d780d3a3f10d567b,True,0.0,1.0,0.0,0.0,1.0,1.0,0.0
5085,c0649cc8913954cd,True,1.0,1.0,1.0,0.0,1.0,1.0,0.5833333333333334
5086,df2b37f4a1b85a4e,True,1.0,1.0,1.0,1.0,1.0,1.0,1.0
5087,fb2ff1ed5e1b529f,True,0.0,1.0,0.0,1.0,1.0,1.0,0.0
5088,2daa400892ce5a95,True,1.0,0.0,0.0,1.0,1.0,1.0,0.0
5089,85570db66d605000,True,1.0,1.0,0.7826163233998539,1.0,1.0,1.0,0.9094234680832725
5090,0fedf81df2db5b96,True,1.0,1.0,0.8117883579102283,1.0,1.0,1.0,0.9215784824625951
5091,e0190f0059145fc6,True,1.0,1.0,0.9207856444399009,1.0,1.0,1.0,0.9669940185166253
5092,ed1a1174e6aa5270,True,1.0,1.0,1.0,1.0,1.0,1.0,1.0
5093,b99d20a078a958b9,True,1.0,0.0,0.0,1.0,1.0,1.0,0.0
5094,866fab78f1da518b,True,1.0,1.0,0.768844699942388,1.0,1.0,1.0,0.9036852916426618
5095,1457dddd3ea65845,True,1.0,1.0,1.0,1.0,1.0,1.0,1.0
5096,87124bde96ba59b1,True,1.0,1.0,0.9145449997836984,1.0,1.0,1.0,0.9643937499098744
5097,dfa220d6e64f5d84,True,1.0,1.0,1.0,1.0,1.0,1.0,1.0
5098,bf1184622f355af4,True,1.0,1.0,0.8361516608372367,1.0,1.0,0.5,0.931729858682182
5099,f994322c76145318,True,1.0,1.0,0.712566977847196,1.0,1.0,1.0,0.880236240769665
5100,9e787f2f65a85f08,True,1.0,0.0,0.0,1.0,1.0,1.0,0.0
5101,6ce3e4a1792651a8,True,1.0,1.0,0.8245225873485278,0.0,1.0,1.0,0.5102177447285533
5102,d1e9fac71909545f,True,1.0,1.0,1.0,1.0,1.0,1.0,1.0
5103,dd23e66ff660575e,True,1.0,1.0,0.8778887169535784,0.0,1.0,0.5,0.532453632063991
5104,5b3db54a43ca52ed,True,1.0,1.0,0.7182732856952347,1.0,1.0,1.0,0.8826138690396812
5105,c574d461642f5deb,True,1.0,1.0,1.0,1.0,1.0,1.0,1.0
5106,33cef4cafef9503b,True,1.0,1.0,0.6814938701710485,1.0,1.0,1.0,0.8672891125712702
5107,3ad6a3f7a0f155f8,True,1.0,0.0,0.0,1.0,1.0,1.0,0.0
5108,9e76a394983a59b6,True,1.0,1.0,1.0,1.0,1.0,1.0,1.0
5109,35b108769e3c5d33,True,1.0,1.0,0.9345833412999643,1.0,1.0,1.0,0.9727430588749852
5110,96bf2644106456f6,True,1.0,1.0,0.7742220361216938,1.0,1.0,1.0,0.905925848384039
5111,8673d97f94ae5700,True,1.0,1.0,0.9005821128413531,1.0,1.0,1.0,0.9585758803505637
5112,d7928caf300452e2,True,1.0,0.0,0.0,1.0,1.0,0.5,0.0
5113,e028780a88805f58,True,1.0,1.0,0.8193750716908076,1.0,1.0,1.0,0.9247396132045033
5114,ba8e8393326d5652,True,1.0,1.0,0.9746995045122497,1.0,1.0,1.0,0.989458126880104
5115,80767d5d26ef52bf,True,1.0,1.0,0.9277069809436186,1.0,1.0,1.0,0.9698779087265077
5116,d2e124f077ee53cb,True,1.0,1.0,1.0,1.0,1.0,1.0,1.0
5117,d858b7c7e6105207,True,1.0,1.0,0.8677322479874109,1.0,1.0,1.0,0.9448884366614211
5118,3febbde773f15b51,True,0.0,1.0,0.0,0.0,1.0,1.0,0.0
5119,4581d95a873c5679,True,1.0,0.0,0.0,0.0,1.0,0.0,0.0
5120,98cf54a70d5e5da9,True,1.0,0.0,0.0,0.0,1.0,1.0,0.0
5121,93574a28917b5395,True,1.0,1.0,0.7532235563649299,1.0,1.0,1.0,0.8971764818187208
5122,4d3807c5fd5d573f,True,1.0,1.0,1.0,0.0,1.0,1.0,0.5833333333333334
5123,cd284af1ade75426,True,1.0,1.0,0.7305186225398145,1.0,1.0,1.0,0.8877160927249227
5124,6f0e15842e1b5924,True,1.0,1.0,0.8065107007172653,1.0,1.0,1.0,0.9193794586321938
5125,c493172b908c5df9,True,1.0,1.0,0.6720275578839869,1.0,1.0,1.0,0.8633448157849944
5126,53ed75baf8ef5022,True,1.0,1.0,0.7680707105504457,1.0,1.0,1.0,0.9033627960626857
5127,1c1086a1254c5c9e,True,1.0,1.0,0.9368855082956951,1.0,1.0,1.0,0.9737022951232063
5128,f6db2434c92450b8,True,1.0,1.0,1.0,1.0,1.0,1.0,1.0
5129,a4581d8af5f755a9,True,1.0,1.0,0.9905199172491397,1.0,1.0,0.0,0.9960499655204749
5130,93c2bfeb7c885a2e,True,1.0,0.0,0.0,1.0,1.0,1.0,0.0
5131,d9cf5623b4f85cad,True,1.0,1.0,1.0,0.0,1.0,1.0,0.5833333333333334
5132,20728d3e677b593d,True,0.0,0.0,0.0,0.0,1.0,0.5,0.0
5133,16c1e641b6d350b1,True,1.0,1.0,1.0,1.0,1.0,1.0,1.0
5134,b96ea08d168f5a3d,True,1.0,1.0,0.3873280868820233,1.0,1.0,1.0,0.7447200362008429
5135,22ff5ba619a250b0,True,1.0,1.0,1.0,1.0,1.0,1.0,1.0
5136,5d7eedc503ef575c,True,0.0,1.0,0.0,0.0,1.0,0.5,0.0
5137,ba7d6b30a3a15384,True,1.0,0.0,0.0,1.0,1.0,0.0,0.0
5138,349b80a3d95e5f6e,True,1.0,1.0,0.5320003150242658,1.0,1.0,0.5,0.8050001312601108
5139,65caa24efb4556af,True,1.0,1.0,0.7146724330905861,1.0,1.0,1.0,0.8811135137877443
5140,069c6a5e408653ab,True,1.0,1.0,0.6679083263926813,1.0,1.0,1.0,0.8616284693302839
5141,93bdcee4c814567c,True,1.0,1.0,0.8547712420146206,1.0,1.0,1.0,0.9394880175060919
5142,11482e143a4e5dec,True,0.0,1.0,0.0,0.0,1.0,1.0,0.0
5143,d64a3964875f5b41,True,1.0,0.0,0.0,0.0,1.0,1.0,0.0
5144,465e7357a8965dcd,True,1.0,1.0,0.8427490481501306,1.0,1.0,1.0,0.9344787700625545
5145,700237dffc2d5be7,True,1.0,0.0,0.0,1.0,1.0,1.0,0.0
5146,cf05c9f4f6e55af3,True,0.0,1.0,0.0,0.0,1.0,1.0,0.0
5147,7ac6ec682a515136,True,0.0,1.0,0.0,0.0,1.0,1.0,0.0
5148,123bc88af914514c,True,1.0,1.0,1.0,1.0,1.0,1.0,1.0
5149,1b5521472b795718,True,1.0,1.0,1.0,0.0,1.0,1.0,0.5833333333333334
5150,0f5de425ef3555ff,True,1.0,1.0,1.0,1.0,1.0,1.0,1.0
5151,1cffb22700735548,True,1.0,1.0,1.0,1.0,1.0,1.0,1.0
5152,df8bff51c1d95e09,True,1.0,1.0,1.0,1.0,1.0,1.0,1.0
5153,1ee0c099f86a585e,True,0.0,1.0,0.0,0.0,1.0,1.0,0.0
5154,fff690c93ca15495,True,1.0,1.0,0.7171392119463529,1.0,1.0,1.0,0.8821413383109804
5155,2e6e9e72249a5980,True,1.0,0.0,0.0,1.0,1.0,1.0,0.0
5156,5d9e2570d7565e91,True,1.0,1.0,0.7296125064643328,1.0,1.0,1.0,0.8873385443601386
5157,6239683a6e0d556d,True,1.0,0.0,0.0,1.0,1.0,1.0,0.0
5158,74277113f82c56f3,True,1.0,1.0,1.0,1.0,1.0,1.0,1.0
5159,225eb6e22af55972,True,1.0,1.0,1.0,1.0,1.0,1.0,1.0
5160,6ae2bcc5c2c050e4,True,0.0,1.0,0.0,0.0,1.0,1.0,0.0
5161,2115792748a75f88,True,1.0,1.0,1.0,1.0,1.0,1.0,1.0
5162,e90b4ad6e7905adf,True,1.0,1.0,0.7422366755721832,1.0,1.0,1.0,0.892598614821743
5163,a3b663577f605feb,True,1.0,1.0,0.7484109425512998,1.0,1.0,1.0,0.8951712260630416
5164,f24ade1ee3ac51ce,True,1.0,1.0,1.0,1.0,1.0,1.0,1.0
5165,6227e5b0f0d4592e,True,1.0,1.0,0.6118991249264899,1.0,1.0,1.0,0.8382913020527041
5166,46b79218b0195050,True,1.0,1.0,1.0,1.0,1.0,1.0,1.0
5167,e045d3abc4e95f52,True,1.0,1.0,0.8129432101632746,0.0,1.0,1.0,0.5053930042346978
5168,40d24af6505f50c9,True,1.0,1.0,0.7022999613568216,1.0,1.0,1.0,0.875958317232009
5169,24593b75ebb35271,True,0.0,1.0,0.0,0.0,1.0,1.0,0.0
5170,d1dd156bb9b1599d,True,1.0,0.0,0.0,1.0,1.0,1.0,0.0
5171,ed76cdcd1c6c5078,True,1.0,1.0,1.0,0.0,1.0,1.0,0.5833333333333334
5172,a0e0603db4105ad9,True,1.0,1.0,1.0,1.0,1.0,1.0,1.0
5173,be0ac32b1590510e,True,1.0,0.0,0.0,1.0,1.0,1.0,0.0
5174,c2f27daee5bd5a3e,True,1.0,1.0,0.6505833875254503,1.0,1.0,1.0,0.8544097448022709
5175,e8c4f72606fb5cb0,True,1.0,1.0,0.710814113928371,1.0,1.0,1.0,0.8795058808034879
5176,c195a8cb7ccb59fd,True,1.0,0.0,0.0,1.0,1.0,1.0,0.0
5177,540ec2943ea050c9,True,1.0,1.0,1.0,1.0,1.0,1.0,1.0
5178,02c896df120754ba,True,1.0,1.0,0.8346499194431898,1.0,1.0,1.0,0.9311041331013291
5179,a4f950bf8f9b590b,True,1.0,1.0,0.8152484838683671,1.0,1.0,1.0,0.9230202016118195
5180,6f0538a6ba9c5b7f,True,1.0,1.0,1.0,1.0,1.0,1.0,1.0
5181,84ec7e450e205d8f,True,1.0,1.0,0.9776751834151934,0.0,1.0,1.0,0.5740313264229973
5182,ea21c4b17b865a4d,True,1.0,1.0,1.0,1.0,1.0,1.0,1.0
5183,b5c2d13e8d5c517a,True,1.0,1.0,0.9150373370550701,1.0,1.0,1.0,0.9645988904396127
5184,e76cb8b17f8f51f3,True,1.0,1.0,1.0,1.0,1.0,1.0,1.0
5185,1b4af0da5a485c17,True,1.0,1.0,1.0,1.0,1.0,1.0,1.0
5186,a589b9ccbe3e5d1c,True,1.0,1.0,0.7078214883386077,1.0,1.0,1.0,0.87825895347442
5187,ad5284a6be715f10,True,1.0,1.0,0.7943398450486386,1.0,1.0,1.0,0.914308268770266
5188,f2508193ac0c5f27,True,1.0,1.0,0.580338459385381,1.0,1.0,1.0,0.8251410247439087
5189,6747e9a7ad2f5643,True,0.0,0.0,0.0,0.0,1.0,1.0,0.0
5190,61874b16298352f3,True,1.0,1.0,1.0,1.0,1.0,1.0,1.0
5191,03ad57c205da56f2,True,1.0,1.0,0.756184198781957,1.0,1.0,1.0,0.8984100828258154
5192,6cbc045e25c2506d,True,1.0,0.0,0.0,1.0,1.0,0.5,0.0
5193,36383c82194a543d,True,1.0,1.0,1.0,1.0,1.0,1.0,1.0
5194,8f9712da66485b70,True,1.0,1.0,0.012289573239444344,1.0,1.0,1.0,0.5884539888497685
5195,ac5bcee811565a00,True,1.0,1.0,0.6537045178625173,0.0,1.0,0.0,0.4390435491093822
5196,a2ef4eeb9dd45505,True,1.0,1.0,0.9638129547183635,1.0,1.0,1.0,0.9849220644659847
5197,9fc65b945c175ebb,True,0.0,1.0,0.0,0.0,1.0,1.0,0.0
5198,6f8c03f8038757cc,True,1.0,1.0,1.0,1.0,1.0,1.0,1.0
5199,037698dae8d65558,True,0.0,1.0,0.0,0.0,1.0,1.0,0.0
5200,4d8baa6e638f5cfb,True,0.5,0.0,0.0,0.0,1.0,0.5,0.0
5201,611ff428aa8a5e86,True,1.0,1.0,0.8430892049173517,0.0,1.0,1.0,0.5179538353822298
5202,262af71b5e0c5108,True,1.0,1.0,1.0,0.0,1.0,1.0,0.5833333333333334
5203,9089d6dfa77e5488,True,1.0,1.0,0.5598461642823704,1.0,1.0,1.0,0.8166025684509877
5204,b15b2d36b1ea51cc,True,1.0,1.0,0.49281559371665923,0.0,1.0,1.0,0.3720064973819414
5205,de205067b0165547,True,1.0,1.0,1.0,0.0,1.0,1.0,0.5833333333333334
5206,3d324bda0cec57ab,True,1.0,1.0,0.9503134542843437,0.0,1.0,0.5,0.5626306059518099
5207,0a7ed373b7de5037,True,1.0,1.0,0.9133377933515763,1.0,1.0,1.0,0.9638907472298235
5208,863e343b2fe45cc1,True,1.0,1.0,0.8870127056567255,1.0,1.0,1.0,0.9529219606903023
5209,47a8cb60d2275feb,True,1.0,1.0,0.9496084538387738,1.0,1.0,1.0,0.9790035224328224
5210,ce19d75d9b55589d,True,1.0,1.0,0.8594789521308068,1.0,1.0,1.0,0.9414495633878363
5211,0122ce98b2735558,True,1.0,1.0,1.0,1.0,1.0,1.0,1.0
5212,0a8612e9d0df52f1,True,1.0,1.0,1.0,1.0,1.0,1.0,1.0
5213,4c24c3efe0e4519d,True,1.0,1.0,0.849918603068022,1.0,1.0,1.0,0.9374660846116759
5214,09c56525e8e853a8,True,1.0,1.0,0.9496699822685558,1.0,1.0,1.0,0.9790291592785648
5215,b930ed8abf2b5e8d,True,1.0,1.0,1.0,1.0,1.0,1.0,1.0
5216,99f3a7ec61305307,True,1.0,1.0,0.9083449584374697,1.0,1.0,1.0,0.9618103993489457
5217,f7a9f82f17b256e2,True,1.0,1.0,0.9164424937063663,1.0,1.0,1.0,0.9651843723776526
5218,ea38508ef0de57c3,True,1.0,1.0,0.20977512962658973,1.0,1.0,1.0,0.6707396373444124
5219,27ba50b0cfa75e8d,True,1.0,1.0,1.0,0.0,1.0,1.0,0.5833333333333334
5220,f4da372227475285,True,1.0,1.0,1.0,1.0,1.0,1.0,1.0
5221,67b05cf704325e6b,True,1.0,0.0,0.0,1.0,1.0,1.0,0.0
5222,0e3f26bc3e1056ba,True,0.0,1.0,0.0,0.0,1.0,1.0,0.0
5223,352ef6e0384c5938,True,1.0,1.0,0.7225816334338906,1.0,1.0,1.0,0.8844090139307877
5224,c89f33e9f07d5aa8,True,1.0,1.0,0.5789086093178214,1.0,1.0,0.5,0.8245452538824255
5225,fa7459e482c05911,True,1.0,1.0,0.3222908842763615,1.0,1.0,1.0,0.7176212017818173
5226,8ce2cf49a1955788,True,0.5,0.0,0.0,0.0,1.0,0.5,0.0
5227,20ec6765e35d5cd1,True,0.0,1.0,0.0,0.0,1.0,1.0,0.0
5228,be382c6340e75946,True,1.0,1.0,1.0,1.0,1.0,1.0,1.0
5229,4edc56ca4aac5896,True,1.0,1.0,0.961463822362328,1.0,1.0,1.0,0.9839432593176367
5230,8aec77f33ddb5ac8,True,1.0,1.0,1.0,1.0,1.0,1.0,1.0
5231,484acea96ad3506a,True,1.0,1.0,0.8083844018525824,1.0,1.0,1.0,0.920160167438576
5232,1661876892b952e5,True,1.0,1.0,0.9927214045366735,0.0,1.0,1.0,0.5803005852236139
5233,77e18238b9d55c97,True,1.0,1.0,1.0,0.0,1.0,1.0,0.5833333333333334
5234,5e9e8c31277d5edc,True,1.0,1.0,1.0,1.0,1.0,1.0,1.0
5235,8cc8fe63227d5c07,True,1.0,1.0,1.0,1.0,1.0,1.0,1.0
5236,dbcee699816e524c,True,1.0,1.0,0.7284989908789687,1.0,1.0,1.0,0.8868745795329036
5237,0451b850addd591c,True,1.0,1.0,0.752633249261373,1.0,1.0,1.0,0.8969305205255721
5238,a3d1310fbc3f50a5,True,1.0,1.0,0.8288560264026157,1.0,1.0,1.0,0.9286900110010898
5239,2ec759b29e0155b5,True,1.0,1.0,0.6928465070209047,1.0,1.0,1.0,0.872019377925377
5240,01c019a7360f5445,True,1.0,1.0,0.8450666498436308,1.0,1.0,1.0,0.9354444374348461
5241,160d02b02f4d5f77,True,1.0,1.0,0.8294994989480611,1.0,1.0,1.0,0.9289581245616921
5242,c11764f655de59fd,True,1.0,1.0,0.5363583331167379,1.0,1.0,1.0,0.806815972131974
5243,3078139bae8e592d,True,1.0,1.0,1.0,1.0,1.0,1.0,1.0
5244,683e518fbfa650d5,True,1.0,1.0,0.9672597062542053,1.0,1.0,1.0,0.9863582109392522
5245,7fb88e704c1a5cca,True,1.0,1.0,1.0,1.0,1.0,1.0,1.0
5246,c8ab144242b05eba,True,1.0,1.0,0.9868811183474223,1.0,1.0,1.0,0.9945337993114259
5247,cc86bfa114035604,True,1.0,1.0,0.8940330567734699,1.0,1.0,1.0,0.9558471069889457
5248,1d58f582aa95543b,True,1.0,1.0,0.8253282973792532,1.0,1.0,1.0,0.9272201239080221
5249,24179dca21ec5427,True,1.0,1.0,1.0,1.0,1.0,1.0,1.0
5250,b36d274e71b3566b,True,1.0,1.0,0.68529349321164,1.0,1.0,1.0,0.8688722888381833
5251,e66b1160e38f5483,True,1.0,1.0,0.7822285831701103,1.0,1.0,1.0,0.9092619096542126
5252,6215ad2b225e5b1a,True,1.0,1.0,0.8570345796152977,1.0,1.0,1.0,0.9404310748397074
5253,0e7f0228aa865b5c,True,1.0,1.0,1.0,1.0,1.0,1.0,1.0
5254,ecce119989c25ae9,True,1.0,1.0,0.9097869995067602,1.0,1.0,1.0,0.9624112497944836
5255,7385c74727eb53b5,True,1.0,1.0,0.9251400736506121,1.0,1.0,1.0,0.9688083640210884
5256,054054d63ad85fa3,True,1.0,0.0,0.0,0.0,1.0,1.0,0.0
5257,8199bcc7c60a521c,True,1.0,1.0,0.889339388621301,1.0,1.0,1.0,0.9538914119255422
5258,a4ed82240b64533a,True,1.0,1.0,0.8874862746971851,1.0,1.0,1.0,0.953119281123827
5259,83d8368f99cb5470,True,1.0,1.0,0.7502881007670265,1.0,1.0,1.0,0.8959533753195944
5260,4b5f475a2afc5ed0,True,1.0,1.0,1.0,1.0,1.0,1.0,1.0
5261,79d3720b23b6533e,True,1.0,0.0,0.0,1.0,1.0,1.0,0.0
5262,629a5819ea0a55b8,True,1.0,1.0,0.8464513066146679,1.0,1.0,1.0,0.9360213777561116
5263,5876e4def8615813,True,1.0,1.0,1.0,0.0,1.0,1.0,0.5833333333333334
5264,ad243dacb0315588,True,1.0,1.0,0.9096608992533061,1.0,1.0,1.0,0.9623587080222108
5265,026e84581e0f5044,True,1.0,0.0,0.0,1.0,1.0,1.0,0.0
5266,15208e349fb854b4,True,1.0,1.0,0.7411502259675533,1.0,1.0,1.0,0.8921459274864806
5267,6321c384f59c5265,True,1.0,1.0,1.0,0.0,1.0,1.0,0.5833333333333334
5268,4e252b23d8935563,True,1.0,1.0,1.0,0.0,1.0,1.0,0.5833333333333334
5269,65858c2fe6b5501f,True,1.0,1.0,1.0,1.0,1.0,1.0,1.0
5270,9c4e60dd8e9959d8,True,1.0,1.0,1.0,1.0,1.0,1.0,1.0
5271,41c18772e7ac5696,True,1.0,1.0,0.933362495269646,0.0,1.0,1.0,0.5555677063623525
5272,608913faecb959b4,True,1.0,1.0,0.9013944528304685,1.0,1.0,1.0,0.9589143553460285
5273,bc8d49758c6b5612,True,1.0,1.0,0.8083921153801644,1.0,1.0,1.0,0.9201633814084018
5274,30e29966db9156ee,True,1.0,1.0,0.7432305116754451,1.0,1.0,1.0,0.893012713198102
5275,b2eba34ff4c359cc,True,1.0,1.0,1.0,1.0,1.0,1.0,1.0
5276,24edcd5e5b7f546a,True,0.0,1.0,0.0,0.0,1.0,1.0,0.0
5277,ec68f8027f415301,True,1.0,1.0,0.8507472414453316,1.0,1.0,1.0,0.9378113506022215
5278,85229d62b0965482,True,0.0,1.0,0.0,0.0,1.0,1.0,0.0
5279,3632fd6cd4295719,True,1.0,1.0,1.0,1.0,1.0,1.0,1.0
5280,5379d354b9b95048,True,1.0,1.0,0.8304110480184803,0.0,1.0,1.0,0.5126712700077002
5281,fe068f6ae8135412,True,0.0,1.0,0.0,0.0,1.0,1.0,0.0
5282,ac4c20c8dd0a5e68,True,0.0,1.0,0.0,0.0,1.0,1.0,0.0
5283,3739c038002f57ca,True,1.0,1.0,0.9050106338537828,1.0,1.0,1.0,0.9604210974390762
5284,6d593ca981fd56b8,True,1.0,1.0,0.9567168360187777,1.0,1.0,1.0,0.9819653483411575
5285,2f7190c1da685537,True,0.0,1.0,0.0,0.0,1.0,1.0,0.0
5286,093362cabde15b52,True,0.0,0.0,0.0,0.0,1.0,0.0,0.0
5287,c7e06d79e58454ae,True,1.0,1.0,1.0,1.0,1.0,1.0,1.0
5288,d745bef1cebc52e7,True,1.0,1.0,0.9537929148862602,1.0,1.0,1.0,0.9807470478692751
5289,d3b390ffae355616,True,1.0,1.0,0.8471404411757355,1.0,1.0,1.0,0.9363085171565565
5290,ae73a52a1a5d54ac,True,1.0,1.0,1.0,1.0,1.0,1.0,1.0
5291,c5bec7e4a75f5ca1,True,1.0,1.0,1.0,1.0,1.0,1.0,1.0
5292,b14ac3255b3b520b,True,1.0,1.0,1.0,1.0,1.0,1.0,1.0
5293,dbf083df3f5c55d7,True,1.0,0.0,0.0,1.0,1.0,0.5,0.0
5294,012432bd62b85f80,True,1.0,1.0,0.9388468872114718,1.0,1.0,1.0,0.9745195363381133
5295,d4e058ec6a795ef1,True,1.0,0.0,0.0,1.0,1.0,1.0,0.0
5296,b1ae78ae6e005119,True,1.0,1.0,1.0,1.0,1.0,1.0,1.0
5297,5628a405141e5e29,True,1.0,1.0,1.0,1.0,1.0,1.0,1.0
5298,4143d1c692f95b56,True,1.0,1.0,1.0,0.0,1.0,1.0,0.5833333333333334
5299,008844070af456e3,True,1.0,1.0,0.44581313759588737,1.0,1.0,1.0,0.7690888073316198
5300,a1ef22ffca3a5993,True,1.0,1.0,1.0,1.0,1.0,1.0,1.0
5301,c887e4bc08f85aa5,True,1.0,1.0,1.0,0.0,1.0,1.0,0.5833333333333334
5302,8ee20c966e7853c1,True,1.0,1.0,0.9781962209783341,1.0,1.0,1.0,0.9909150920743058
5303,bc91cb648d525c6c,True,1.0,1.0,1.0,1.0,1.0,1.0,1.0
5304,d20be65e3dc65738,True,1.0,1.0,1.0,1.0,1.0,1.0,1.0
5305,5c9d51dc830453c5,True,1.0,1.0,0.8420869301695607,0.0,1.0,1.0,0.5175362209039837
5306,9580cc2199c55666,True,1.0,1.0,0.024180565689640308,1.0,1.0,1.0,0.5934085690373502
5307,95ccb71300195f57,True,1.0,1.0,1.0,1.0,1.0,0.0,1.0
5308,7fc46d2957805648,True,1.0,1.0,1.0,1.0,1.0,1.0,1.0
5309,dcd5dc3f53d9533f,True,1.0,1.0,1.0,1.0,1.0,0.5,1.0
5310,81b16700f22d5688,True,1.0,1.0,1.0,1.0,1.0,1.0,1.0
5311,73c897c7de1454af,True,1.0,1.0,0.6754901828431006,1.0,1.0,1.0,0.8647875761846252
5312,17a3e2d3cba55770,True,1.0,1.0,1.0,1.0,1.0,1.0,1.0
5313,7ef3374d49a45a86,True,1.0,1.0,0.7890367939196182,1.0,1.0,1.0,0.9120986641331742
5314,fe3a1294722e5e1e,True,1.0,1.0,1.0,1.0,1.0,1.0,1.0
5315,0bd3bce35ed159be,True,1.0,1.0,0.6948254289130202,1.0,1.0,1.0,0.8728439287137585
5316,4940444d511c5594,True,1.0,1.0,0.017057890395922516,1.0,1.0,1.0,0.5904407876649677
5317,8379e27735535cc1,True,1.0,1.0,0.9849983941053351,1.0,1.0,1.0,0.9937493308772231
5318,0f7a1388a17f5654,True,1.0,1.0,0.9990535534767824,1.0,1.0,1.0,0.9996056472819926
5319,75bb2e7612425d57,True,1.0,1.0,1.0,1.0,1.0,1.0,1.0
5320,9b10283b8df6565e,True,1.0,1.0,1.0,0.0,1.0,1.0,0.5833333333333334
5321,27eb0ba03f385c69,True,1.0,1.0,0.8925791732453054,0.0,1.0,1.0,0.5385746555188773
5322,1834f4fb0ca15b93,True,1.0,1.0,0.6704259139588512,1.0,1.0,0.5,0.8626774641495213
5323,ce2de8af70e05a57,True,1.0,1.0,0.8634092456567455,1.0,1.0,1.0,0.9430871856903106
5324,9ecb100495a5584e,True,1.0,1.0,1.0,1.0,1.0,1.0,1.0
5325,64a1d44d73015a60,True,1.0,1.0,1.0,1.0,1.0,1.0,1.0
5326,a96abad3a09753c5,True,1.0,1.0,0.3602023989418059,1.0,1.0,1.0,0.7334176662257524
5327,8840042ede42578a,True,1.0,1.0,0.730690428654426,1.0,1.0,1.0,0.8877876786060108
5328,7d6a50d3acb55383,True,1.0,1.0,0.9526663443071048,1.0,1.0,1.0,0.9802776434612936
5329,c69d4cbd79ea52a0,True,1.0,1.0,0.982729733031556,1.0,1.0,1.0,0.992804055429815
5330,f33405d075755825,True,1.0,1.0,0.7746430989315137,1.0,1.0,1.0,0.906101291221464
5331,6840e07af4275492,True,1.0,1.0,1.0,1.0,1.0,1.0,1.0
5332,f289e368449b517b,True,0.5,0.0,0.0,0.0,1.0,1.0,0.0
5333,11b9e3f204815f4a,True,0.0,1.0,0.0,0.0,1.0,0.5,0.0
5334,c41c11cf85b751e2,True,1.0,1.0,0.8928458928703389,1.0,1.0,1.0,0.9553524553626412
5335,d34d0398de585e6c,True,1.0,1.0,0.4856112753123929,1.0,1.0,1.0,0.7856713647134971
5336,cc9afc95afab5758,True,1.0,1.0,0.8559769929354885,1.0,1.0,1.0,0.9399904137231202
5337,05769097cb6c5b91,True,1.0,1.0,0.8264005710971504,1.0,1.0,1.0,0.9276669046238126
5338,706cc8e44dbd557d,True,1.0,0.0,0.0,1.0,1.0,1.0,0.0
5339,af2f022a0d685312,True,1.0,1.0,0.8266233554928859,1.0,1.0,1.0,0.9277597314553692
5340,92838ad73bf95b3a,True,1.0,1.0,0.9409347947540181,1.0,1.0,1.0,0.9753894978141742
5341,a756084987b256e5,True,1.0,1.0,0.8202487854456648,1.0,1.0,1.0,0.9251036606023604
5342,27861c4d747751ba,True,1.0,1.0,0.8576350288943364,1.0,1.0,1.0,0.9406812620393068
5343,16dbc607f5f75479,True,1.0,1.0,1.0,1.0,1.0,1.0,1.0
5344,7b7a36c1491a54e2,True,1.0,1.0,0.6277639454777122,1.0,1.0,1.0,0.8449016439490468
5345,5325126716b45ac4,True,1.0,0.0,0.0,1.0,1.0,1.0,0.0
5346,4826c59b43f6568a,True,1.0,1.0,0.8213419327632977,1.0,1.0,1.0,0.9255591386513741
5347,030c27139f7d57a4,True,1.0,1.0,0.8319105142367921,1.0,1.0,1.0,0.9299627142653301
5348,1a7b42fbbaf65c18,True,1.0,1.0,0.8794195385168365,1.0,1.0,1.0,0.9497581410486818
5349,67c138fc9ac459b5,True,1.0,0.0,0.0,1.0,1.0,1.0,0.0
5350,d903d26195085adb,True,1.0,1.0,0.8323413320473567,1.0,1.0,1.0,0.9301422216863986
5351,1ec58e13fee45a30,True,1.0,1.0,0.0742433352926185,1.0,1.0,1.0,0.6142680563719244
5352,6cdf58d03f8e5493,True,1.0,1.0,0.6036131383332728,1.0,1.0,1.0,0.8348388076388638
5353,845cd9cda6335f6b,True,1.0,1.0,0.6686890774815897,1.0,1.0,1.0,0.8619537822839957
5354,e0164d976037592c,True,1.0,1.0,0.8667677090538998,1.0,1.0,1.0,0.9444865454391249
5355,4291f43bae455b98,True,1.0,1.0,1.0,1.0,1.0,1.0,1.0
5356,6abe0ed266f258d9,True,1.0,1.0,1.0,1.0,1.0,1.0,1.0
5357,5237b49651b35ffb,True,1.0,1.0,0.9341152538643649,1.0,1.0,1.0,0.9725480224434854
5358,16069af36de45703,True,1.0,1.0,0.752389268358464,1.0,1.0,1.0,0.8968288618160267
5359,c5d626fc4b6c5efb,True,0.0,1.0,0.0,0.0,1.0,1.0,0.0
5360,4800c57e89db5eae,True,1.0,1.0,1.0,1.0,1.0,1.0,1.0
5361,2087ff145dae502d,True,1.0,1.0,1.0,1.0,1.0,1.0,1.0
5362,f5ac458eab7b5ba5,True,1.0,0.0,0.0,1.0,1.0,1.0,0.0
5363,7288ac3781fd51a8,True,0.0,1.0,0.0,0.0,1.0,1.0,0.0
5364,cd5c67041095597b,True,1.0,1.0,1.0,1.0,1.0,1.0,1.0
5365,f3fc5020ecbd537f,True,1.0,1.0,0.602328254745478,1.0,1.0,1.0,0.8343034394772825
5366,bdb0f78978cd5307,True,0.0,1.0,0.0,0.0,1.0,1.0,0.0
5367,72808a9b1e7f5f15,True,1.0,1.0,1.0,1.0,1.0,1.0,1.0
5368,aee5c527d8e85667,True,1.0,1.0,0.7913924107640584,1.0,1.0,1.0,0.9130801711516909
5369,534efc35151f543d,True,1.0,1.0,1.0,1.0,1.0,1.0,1.0
5370,15dd65ee730d54d4,True,1.0,1.0,0.8236019952022554,1.0,1.0,1.0,0.926500831334273
5371,4757ef31c4975240,True,1.0,1.0,0.04386821220610692,1.0,1.0,1.0,0.6016117550858778
5372,4624907fdacb5038,True,1.0,1.0,0.9477442170658453,1.0,1.0,1.0,0.9782267571107689
5373,a1a8c4053bc7577e,True,1.0,1.0,0.8016626000205369,1.0,1.0,1.0,0.9173594166752238
5374,f530d03c88b652a7,True,1.0,1.0,0.8484589064132662,1.0,1.0,1.0,0.9368578776721943
5375,7d71a7025fde56f3,True,1.0,1.0,0.7304050629567012,1.0,1.0,1.0,0.8876687762319588
5376,80ae852346955098,True,1.0,1.0,0.7297033005997818,1.0,1.0,1.0,0.8873763752499091
5377,0a0d98c22d765e1e,True,1.0,1.0,0.8404273917648416,1.0,1.0,1.0,0.9335114132353507
5378,35cf51dd13d559c0,True,0.0,1.0,0.0,0.0,1.0,0.0,0.0
5379,a79297e78d8857b4,True,1.0,1.0,0.8285851422232832,1.0,1.0,1.0,0.9285771425930346
5380,f03f53f19c6254b8,True,1.0,1.0,1.0,1.0,1.0,1.0,1.0
5381,b2fb8aee62dc5b09,True,1.0,1.0,0.769403568242669,1.0,1.0,1.0,0.9039181534344455
5382,eba929a6772254e4,True,1.0,1.0,0.8048410486904953,1.0,1.0,0.5,0.9186837702877063
5383,63873e2afca95e70,True,1.0,1.0,0.9301737304738598,1.0,1.0,1.0,0.9709057210307749
5384,a0b0528663735dbd,True,1.0,1.0,1.0,0.0,1.0,1.0,0.5833333333333334
5385,63fd66d1098f5c53,True,1.0,0.0,0.0,1.0,1.0,1.0,0.0
5386,748779bcdb5b5a49,True,1.0,1.0,0.9877635271323909,1.0,1.0,1.0,0.9949014696384962
5387,a4d55f73b8ad51b9,True,1.0,1.0,0.893043211585771,1.0,1.0,1.0,0.9554346714940714
5388,963ea50b7eb2554b,True,1.0,0.0,0.0,1.0,1.0,1.0,0.0
5389,b1a1b2a18fa4504f,True,1.0,1.0,0.7146257780908357,1.0,1.0,0.5,0.8810940742045149
5390,b5823453f7875542,True,1.0,1.0,1.0,1.0,1.0,1.0,1.0
5391,6b363ffce294521f,True,1.0,1.0,0.8676307744743256,1.0,1.0,1.0,0.944846156030969
5392,d0672a5ab71d59fb,True,1.0,1.0,1.0,1.0,1.0,1.0,1.0
5393,def10158059d5eb1,True,1.0,1.0,1.0,1.0,1.0,1.0,1.0
5394,d30c567171635154,True,1.0,1.0,0.7764395130778903,1.0,1.0,1.0,0.9068497971157875
5395,73f2ce543024548e,True,1.0,1.0,0.8023262264060264,1.0,1.0,1.0,0.9176359276691777
5396,97b9989fa3675cab,True,1.0,1.0,1.0,1.0,1.0,1.0,1.0
5397,a0da100b0dcb543c,True,0.0,1.0,0.0,0.0,1.0,1.0,0.0
5398,2649dcc8a1725fb2,True,1.0,1.0,1.0,1.0,1.0,1.0,1.0
5399,de4ace24443b5b2d,True,1.0,1.0,0.7616081241045431,0.0,1.0,1.0,0.48400338504355966
5400,f8e036dd79a954d6,True,1.0,1.0,1.0,1.0,1.0,1.0,1.0
5401,80a81ca168f454b9,True,1.0,1.0,0.7971944582203906,1.0,1.0,1.0,0.9154976909251628
5402,5862cc032cf45893,True,1.0,1.0,0.8109232793727656,1.0,1.0,1.0,0.9212180330719857
5403,f969cc5d3bc95470,True,1.0,0.0,0.0,1.0,1.0,1.0,0.0
5404,b84056c4268153fb,True,1.0,1.0,1.0,0.0,1.0,1.0,0.5833333333333334
5405,5056ce4462ad5960,True,1.0,1.0,0.9096063306995426,1.0,1.0,1.0,0.9623359711248094
5406,0e9044c5aec15041,True,1.0,1.0,0.9654530357287545,1.0,1.0,1.0,0.9856054315536477
5407,4bf65e0c75f05509,True,1.0,1.0,1.0,0.0,1.0,1.0,0.5833333333333334
5408,41b4a4440a3e59fc,True,1.0,1.0,1.0,1.0,1.0,1.0,1.0
5409,e0c6e5c235ed5b7b,True,1.0,1.0,0.9016457003625852,1.0,1.0,1.0,0.9590190418177439
5410,52f7393aa83854f6,True,1.0,1.0,0.46170499954204947,1.0,1.0,1.0,0.7757104164758539
5411,2223b290d60556d5,True,1.0,1.0,1.0,1.0,1.0,0.5,1.0
5412,a04f86a92daf50ba,True,1.0,1.0,0.02974796071053508,1.0,1.0,1.0,0.5957283169627229
5413,88518b03093d5036,True,1.0,1.0,0.6157409098115911,1.0,1.0,1.0,0.8398920457548297
5414,c87dc623a8b3564d,True,1.0,1.0,0.8525806402430014,1.0,1.0,1.0,0.9385752667679172
5415,1a8da8e47d235dbe,True,1.0,1.0,0.9915086127143689,1.0,1.0,1.0,0.9964619219643204
5416,c756ce81365d5a3b,True,1.0,1.0,1.0,1.0,1.0,1.0,1.0
5417,4eb5bcde81245591,True,1.0,1.0,0.7643021540686502,1.0,1.0,1.0,0.9017925641952709
5418,121b6c8a61d85945,True,1.0,1.0,0.6885619521335712,1.0,1.0,1.0,0.8702341467223214
5419,9d213c7b9ab4550d,True,1.0,1.0,0.9795369113523891,1.0,1.0,1.0,0.9914737130634954
5420,69c991e96f74541f,True,1.0,1.0,0.9186449047657141,1.0,1.0,1.0,0.966102043652381
5421,1ce94ab175d8507a,True,1.0,1.0,0.7587799159207542,0.0,1.0,1.0,0.4828249649669809
5422,57177f12c7045c13,True,0.5,0.0,0.0,0.0,1.0,1.0,0.0
5423,fbf2eaa61abb5a2f,True,1.0,1.0,0.9801523764410031,1.0,1.0,1.0,0.9917301568504179
5424,b4f6a0719d2a5670,True,1.0,1.0,0.9424732897953106,1.0,1.0,1.0,0.9760305374147128
5425,e6dc564e1a3a588e,True,1.0,0.0,0.0,1.0,1.0,1.0,0.0
5426,e1886e081b945907,True,1.0,1.0,0.8064369717574289,1.0,1.0,1.0,0.9193487382322619
5427,2e405d459d8b5d9c,True,1.0,1.0,1.0,1.0,1.0,1.0,1.0
5428,49f205ebb9d559c2,True,0.5,0.0,0.0,0.0,1.0,1.0,0.0
5429,73c8918f6d995213,True,1.0,1.0,0.9349776155104494,1.0,1.0,1.0,0.9729073397960205
5430,7e8b3ed18d295d9c,True,1.0,0.0,0.0,0.0,1.0,1.0,0.0
5431,0a2a71c0b34c5f10,True,1.0,1.0,0.7337264648857582,1.0,1.0,1.0,0.8890526937023994
5432,8b788f2715985cee,True,1.0,1.0,1.0,1.0,1.0,1.0,1.0
5433,38b3c670b2ad55c7,True,1.0,1.0,0.9373685413745017,1.0,1.0,1.0,0.9739035589060423
5434,012dc5d8043555ef,True,1.0,1.0,1.0,1.0,1.0,1.0,1.0
5435,2721fbd6b58d558a,True,1.0,1.0,0.704865292072933,1.0,1.0,1.0,0.8770272050303888
5436,a0707360c69459d4,True,1.0,1.0,1.0,1.0,1.0,1.0,1.0
5437,614c50b897445f89,True,1.0,1.0,0.8935683585847455,1.0,1.0,1.0,0.955653482743644
5438,ce3a4f649e23590d,True,1.0,1.0,0.8823028235869279,1.0,1.0,1.0,0.9509595098278867
5439,18973046d1215390,True,1.0,0.0,0.0,0.0,1.0,1.0,0.0
5440,a25711b4fdcc50df,True,0.0,1.0,0.0,0.0,1.0,1.0,0.0
5441,b658c12176c05fc5,True,1.0,1.0,0.9140151731917855,1.0,1.0,1.0,0.9641729888299105
5442,3b7933b82dc65348,True,1.0,1.0,1.0,1.0,1.0,1.0,1.0
5443,65b76ee44ba5521c,True,1.0,1.0,1.0,1.0,1.0,1.0,1.0
5444,f1106b0f8f745eae,True,0.0,1.0,0.0,0.0,1.0,1.0,0.0
5445,73864df7d2d25214,True,1.0,1.0,0.8659716621222878,1.0,1.0,1.0,0.9441548592176199
5446,5a37ffc78c1e5782,True,1.0,0.0,0.0,1.0,1.0,1.0,0.0
5447,0156027594b85857,True,1.0,1.0,0.9473902240709238,0.0,1.0,1.0,0.561412593362885
5448,c84475f2d8475f9d,True,1.0,1.0,0.8863119742201432,1.0,1.0,1.0,0.952629989258393
5449,bca16f667139563e,True,1.0,1.0,0.6967397147270205,1.0,1.0,1.0,0.8736415478029252
5450,acc78986a3805c7e,True,1.0,1.0,1.0,0.0,1.0,1.0,0.5833333333333334
5451,bc68d211a62d5c19,True,1.0,1.0,0.9572282461760255,1.0,1.0,1.0,0.9821784359066773
5452,edf7281f49b9573d,True,1.0,1.0,1.0,1.0,1.0,1.0,1.0
5453,4a839f2910c150c6,True,1.0,1.0,0.7159124291591584,1.0,1.0,1.0,0.881630178816316
5454,7a754395c711541c,True,1.0,1.0,0.8277282554298954,1.0,1.0,1.0,0.928220106429123
5455,4c111cf640f258b4,True,1.0,1.0,1.0,0.0,1.0,1.0,0.5833333333333334
5456,94839be4b8c95789,True,1.0,1.0,1.0,1.0,1.0,1.0,1.0
5457,bd6d1d10391854e0,True,1.0,1.0,0.8363367458912495,1.0,1.0,1.0,0.9318069774546873
5458,11d4b52fb458559f,True,1.0,0.0,0.0,1.0,1.0,0.5,0.0
5459,f5e6e24328fd5e7c,True,1.0,1.0,0.8111980623617339,1.0,1.0,1.0,0.9213325259840558
5460,54b907a5a03b51ef,True,1.0,1.0,1.0,1.0,1.0,1.0,1.0
5461,3402ab10c02a5e25,True,1.0,1.0,0.5785833623948187,1.0,1.0,1.0,0.8244097343311744
5462,256f41bada0e5028,True,1.0,1.0,0.726174877139243,1.0,1.0,0.5,0.8859061988080179
5463,56af8eae4788597f,True,1.0,1.0,1.0,1.0,1.0,1.0,1.0
5464,5a0b3bf9218f56a2,True,1.0,1.0,1.0,1.0,1.0,0.5,1.0
5465,d33aaa347f795d0b,True,1.0,1.0,0.6368074341665673,1.0,1.0,1.0,0.8486697642360697
5466,b5e3abde704b54c8,True,1.0,1.0,0.5065455146947543,1.0,1.0,1.0,0.7943939644561476
5467,4d718caa6ebc5b37,True,1.0,1.0,0.6364512485831395,1.0,1.0,1.0,0.8485213535763081
5468,ff4125f507e35f9b,True,1.0,1.0,0.8386255460305888,1.0,1.0,1.0,0.9327606441794121
5469,c354c8cf3c975581,True,1.0,1.0,0.9439244462893362,1.0,1.0,1.0,0.9766351859538901
5470,d9fdaff6c17659bc,True,1.0,1.0,0.8255546408100036,1.0,1.0,1.0,0.9273144336708349
5471,3a3297d21e905b02,True,1.0,0.0,0.0,0.0,1.0,1.0,0.0
5472,b5d5d15093af5638,True,1.0,1.0,1.0,1.0,1.0,1.0,1.0
5473,b2b73ef16f0a5a9f,True,0.0,1.0,0.0,0.0,1.0,1.0,0.0
5474,50209c502bd157c8,True,1.0,1.0,0.6424972899020315,1.0,1.0,1.0,0.8510405374591797
5475,22f1319717ec58f0,True,1.0,1.0,0.42824567253104207,1.0,1.0,1.0,0.7617690302212675
5476,fa16987e17c25356,True,1.0,1.0,1.0,1.0,1.0,1.0,1.0
5477,c39f042bbc0256ba,True,1.0,1.0,0.8458349010010093,1.0,1.0,1.0,0.9357645420837538
5478,49ee466685265a80,True,1.0,1.0,1.0,1.0,1.0,1.0,1.0
5479,8d64d2c9f19c57c5,True,1.0,1.0,0.9307830420120294,1.0,1.0,1.0,0.9711596008383457
5480,ead55e845b5f561d,True,1.0,1.0,0.0,1.0,1.0,1.0,0.5833333333333334
5481,3cd95c48caa05aaa,True,1.0,1.0,0.9236290864318909,1.0,1.0,1.0,0.9681787860132879
5482,b2c0a19be09f5b76,True,1.0,1.0,0.9012265291702893,0.0,1.0,1.0,0.5421777204876206
5483,3e053f89d1c55a7e,True,1.0,1.0,0.9092012026013107,1.0,1.0,1.0,0.9621671677505462
5484,448808123f695637,True,1.0,1.0,1.0,1.0,1.0,1.0,1.0
5485,d58a453c3f155916,True,1.0,1.0,1.0,0.0,1.0,1.0,0.5833333333333334
5486,b696510357665996,True,1.0,1.0,1.0,1.0,1.0,1.0,1.0
5487,d9880e5e2cff5787,True,1.0,1.0,1.0,1.0,1.0,1.0,1.0
5488,3f0c448b71005686,True,1.0,1.0,1.0,0.0,1.0,0.0,0.5833333333333334
5489,1f1a5be0eaa35282,True,1.0,1.0,0.4937429589866029,1.0,1.0,1.0,0.7890595662444179
5490,f419cea88ed9500b,True,1.0,1.0,0.8968438761293857,1.0,1.0,1.0,0.9570182817205773
5491,ee9ddfe6625b5969,True,1.0,0.0,0.0,1.0,1.0,1.0,0.0
5492,fe0a33d7599a59b3,True,0.0,1.0,0.0,0.0,1.0,1.0,0.0
5493,e80197fe19435d28,True,1.0,1.0,0.014230904318260875,1.0,1.0,1.0,0.5892628767992754
5494,3c4e1784d9295821,True,1.0,1.0,0.8942047550130291,1.0,1.0,1.0,0.9559186479220955
5495,330ca2e9aa935a3a,True,1.0,1.0,1.0,1.0,1.0,1.0,1.0
5496,50a5cd7410e85782,True,1.0,1.0,0.7619199659055919,1.0,1.0,1.0,0.9007999857939967
5497,0a21cbc65e5b514f,True,1.0,1.0,0.8624350797545652,0.0,1.0,1.0,0.5260146165644022
5498,cace9e6345445eee,True,1.0,0.0,0.0,0.0,1.0,0.0,0.0
5499,4b55193d36c35e4a,True,1.0,1.0,1.0,0.0,1.0,0.0,0.5833333333333334
5500,6f07313e88ab56fd,True,1.0,0.0,0.0,1.0,1.0,1.0,0.0
5501,b036f9ef53cd5536,True,1.0,1.0,1.0,1.0,1.0,1.0,1.0
5502,78754f4862d65445,True,1.0,1.0,0.8345599755238546,1.0,1.0,1.0,0.9310666564682727
5503,e631898f3f38551c,True,1.0,1.0,0.8745708793417719,1.0,1.0,1.0,0.947737866392405
5504,5b24b678ff67555d,True,1.0,1.0,0.9554266845696243,1.0,1.0,1.0,0.9814277852373435
5505,e3a97e3004795b39,True,1.0,1.0,0.7766717100910137,1.0,1.0,1.0,0.9069465458712557
5506,14b25ce243865457,True,1.0,1.0,0.8114996122076163,1.0,1.0,1.0,0.9214581717531735
5507,9de4d5414a4a50c4,True,1.0,1.0,0.9116538126796954,1.0,1.0,1.0,0.9631890886165397
5508,947518978dcd5005,True,1.0,1.0,0.9121841251754479,0.0,1.0,1.0,0.54674338548977
5509,c6ef6a6fcd2c5466,True,1.0,1.0,1.0,0.0,1.0,1.0,0.5833333333333334
5510,028613e11f415422,True,1.0,1.0,0.7734179832592338,1.0,1.0,1.0,0.9055908263580141
5511,ff14af5a86c55674,True,1.0,1.0,0.400164386720205,1.0,1.0,1.0,0.7500684944667521
5512,690cbb033f3750c7,True,0.5,0.0,0.0,0.0,1.0,1.0,0.0
5513,5da61ef9efda5191,True,1.0,1.0,0.7840794370216854,1.0,1.0,1.0,0.9100330987590356
5514,74deabca4e1259f5,True,1.0,1.0,1.0,1.0,1.0,1.0,1.0
5515,5b4f392698d35a5f,True,1.0,1.0,0.8546861435368094,1.0,1.0,1.0,0.9394525598070039
5516,1511499da17054b0,True,1.0,1.0,1.0,1.0,1.0,1.0,1.0
5517,6af296d59322504d,True,1.0,1.0,1.0,1.0,1.0,1.0,1.0
5518,e13b89a8813159df,True,1.0,0.0,0.0,0.0,1.0,1.0,0.0
5519,571bb034360052d9,True,1.0,1.0,1.0,0.0,1.0,1.0,0.5833333333333334
5520,7e238e859ebb5720,True,1.0,1.0,0.8936913764130799,1.0,1.0,1.0,0.9557047401721167
5521,7c8dfd86366157b2,True,1.0,1.0,0.4819690293990595,0.0,1.0,1.0,0.36748709558294146
5522,fd30ed65f94d51b2,True,1.0,1.0,0.6509096396879888,1.0,1.0,1.0,0.8545456832033286
5523,2a5fea3ae25e5cdd,True,1.0,1.0,0.10550089202317144,1.0,1.0,1.0,0.6272920383429881
5524,66329b9ed3785e0e,True,1.0,1.0,0.8446693663498899,1.0,1.0,1.0,0.9352789026457874
5525,850f844463075fb3,True,0.0,1.0,0.0,0.0,1.0,1.0,0.0
5526,5085749584aa5377,True,1.0,1.0,0.6663769986546967,1.0,1.0,1.0,0.8609904161061236
5527,65fed1ea595559ba,True,1.0,1.0,0.6608715728598086,1.0,1.0,1.0,0.8586964886915869
5528,d3cbad95b20b5125,True,1.0,1.0,0.9857376999829139,1.0,1.0,1.0,0.9940573749928808
5529,e35a803202875fa0,True,1.0,1.0,0.8966840776922651,1.0,1.0,1.0,0.9569516990384438
5530,055dff3e32835333,True,1.0,1.0,0.9672442086379635,0.0,1.0,1.0,0.5696850869324848
5531,9116e9726a6f59cb,True,1.0,1.0,0.9100124304105726,1.0,1.0,1.0,0.9625051793377386
5532,ac019d81388056be,True,1.0,1.0,0.947785499165219,1.0,1.0,1.0,0.9782439579855079
5533,6a5c90faa1cc5f03,True,1.0,1.0,0.8638132099479067,1.0,1.0,1.0,0.9432555041449611
5534,81e5ddc060675e0b,True,1.0,1.0,1.0,1.0,1.0,1.0,1.0
5535,3099475cc5365074,True,1.0,1.0,1.0,1.0,1.0,1.0,1.0
5536,cd34209eec085b73,True,1.0,1.0,0.906545840057313,1.0,1.0,1.0,0.961060766690547
5537,ae07b0ef14e25e47,True,1.0,1.0,1.0,1.0,1.0,1.0,1.0
5538,0ce170237acd51c2,True,1.0,1.0,1.0,1.0,1.0,1.0,1.0
5539,9090d50c08b05715,True,1.0,0.0,0.0,1.0,1.0,0.0,0.0
5540,dadfddb20a29587d,True,1.0,1.0,1.0,1.0,1.0,1.0,1.0
5541,45ebc34cbe405c3e,True,1.0,1.0,0.9905317265121888,1.0,1.0,1.0,0.9960548860467453
5542,6d72ae3e84185e81,True,1.0,1.0,0.04958263043472454,1.0,1.0,1.0,0.6039927626811352
5543,6c3bb8f40a9a533c,True,1.0,1.0,1.0,1.0,1.0,1.0,1.0
5544,69976d75e3a5521e,True,1.0,0.0,0.0,0.0,1.0,1.0,0.0
5545,70d9d518ad0f5382,True,0.0,1.0,0.0,0.0,1.0,1.0,0.0
5546,1ee7868373355838,True,1.0,1.0,1.0,1.0,1.0,1.0,1.0
5547,0f3cdfd8866b5915,True,1.0,1.0,0.810622722282063,1.0,1.0,1.0,0.9210928009508595
5548,bd0dd422fbc152e5,True,1.0,1.0,0.8513452045222301,1.0,1.0,1.0,0.9380605018842626
5549,0839e30e439d511f,True,1.0,0.0,0.0,0.0,1.0,1.0,0.0
5550,4c684da98f405857,True,1.0,1.0,1.0,1.0,1.0,1.0,1.0
5551,1371cce68aa95a4e,True,1.0,1.0,1.0,1.0,1.0,1.0,1.0
5552,cf1b346426bd5fce,True,0.5,0.0,0.0,0.0,1.0,1.0,0.0
5553,862ca192b71f5d93,True,1.0,0.0,0.0,1.0,1.0,0.5,0.0
5554,5c9f7765dd945010,True,1.0,1.0,0.9122489009643466,1.0,1.0,1.0,0.9634370420684778
5555,1e78181bb1c150e4,True,1.0,1.0,1.0,0.0,1.0,1.0,0.5833333333333334
5556,0e08da5fbc735956,True,1.0,1.0,1.0,0.0,1.0,1.0,0.5833333333333334
5557,c24424805c075539,True,1.0,1.0,1.0,1.0,1.0,1.0,1.0
5558,00b838c358175255,True,1.0,1.0,0.9189345512210109,1.0,1.0,1.0,0.9662227296754212
5559,a83d8c6015e85622,True,1.0,1.0,0.80728236166136,1.0,1.0,1.0,0.9197009840255667
5560,4b04d67c77455726,True,1.0,1.0,1.0,1.0,1.0,1.0,1.0
5561,db180d0c665454aa,True,1.0,1.0,0.8125318762296496,1.0,1.0,1.0,0.9218882817623539
5562,d0c18f1bd62950d5,True,1.0,1.0,0.9216666483928149,1.0,1.0,1.0,0.9673611034970063
5563,be85b447a33b59f8,True,1.0,0.0,0.0,1.0,1.0,1.0,0.0
5564,963b4781dbe558de,True,1.0,1.0,1.0,1.0,1.0,1.0,1.0
5565,631ef1b9ceeb5d0d,True,0.0,1.0,0.0,0.0,1.0,1.0,0.0
5566,a38db8b9731f50b6,True,1.0,1.0,0.64659942154342,1.0,1.0,1.0,0.852749758976425
5567,caa0f73288d75ba7,True,1.0,1.0,0.882942412099821,1.0,1.0,1.0,0.9512260050415922
5568,1f211666d4465388,True,1.0,1.0,0.7611548615694926,1.0,1.0,1.0,0.9004811923206218
5569,1c2e4c20931858f2,True,1.0,1.0,0.6585073827499089,1.0,1.0,1.0,0.8577114094791286
5570,c7979a062bff5710,True,0.0,1.0,0.0,0.0,1.0,1.0,0.0
5571,76476276b198570d,True,1.0,1.0,0.7832376815029509,1.0,1.0,1.0,0.9096823672928962
5572,d2a40dbaca5750e4,True,1.0,1.0,0.8939473558804486,1.0,1.0,1.0,0.9558113982835202
5573,851ef663a5775acd,True,1.0,1.0,1.0,0.0,1.0,1.0,0.5833333333333334
5574,afa712d7affc5fbf,True,1.0,0.0,0.0,1.0,1.0,1.0,0.0
5575,9100530861d851b0,True,1.0,1.0,1.0,1.0,1.0,1.0,1.0
5576,bc958ef21282524c,True,1.0,1.0,1.0,1.0,1.0,1.0,1.0
5577,cdae0433bb5d5b9e,True,1.0,0.0,0.0,1.0,1.0,1.0,0.0
5578,c5972dc8ab5c5f70,True,1.0,1.0,1.0,1.0,1.0,1.0,1.0
5579,4fbfc7dc71db50e2,True,1.0,1.0,0.8103676664803283,0.0,1.0,1.0,0.5043198610334702
5580,0a571473239f5c89,True,1.0,1.0,0.933833815875383,1.0,1.0,1.0,0.9724307566147429
5581,3d1c445859d85d51,True,1.0,1.0,1.0,1.0,1.0,1.0,1.0
5582,0e9d524cb7ab5e2a,True,1.0,1.0,1.0,1.0,1.0,1.0,1.0
5583,b87ed2985e545397,True,0.0,1.0,0.0,0.0,1.0,1.0,0.0
5584,0578fbc7c369583a,True,1.0,1.0,0.7010128590249177,1.0,1.0,1.0,0.8754220245937158
5585,8be468b729aa5f1e,True,1.0,1.0,0.9411537579659649,1.0,1.0,1.0,0.9754807324858188
5586,9bbf6e2211fb56d9,True,1.0,1.0,1.0,1.0,1.0,1.0,1.0
5587,a1065191d3525bb1,True,1.0,1.0,0.8366971597591967,1.0,1.0,1.0,0.9319571498996653
5588,ee53e7213c995a0b,True,1.0,1.0,0.8868391631372945,1.0,1.0,1.0,0.952849651307206
5589,f8fd766eb013577f,True,1.0,1.0,0.9630222416010534,1.0,1.0,1.0,0.9845926006671055
5590,c7fe7790d2225990,True,0.0,1.0,0.0,0.0,1.0,1.0,0.0
5591,5dca8b6e3d2a5c2d,True,1.0,1.0,1.0,1.0,1.0,1.0,1.0
5592,e5b0b2c83a395163,True,0.0,1.0,0.0,0.0,1.0,1.0,0.0
5593,8712b89ee20152e4,True,1.0,1.0,0.5748889527630358,1.0,1.0,1.0,0.8228703969845982
5594,5c3080b50d365629,True,1.0,0.0,0.0,1.0,1.0,0.5,0.0
5595,0691c520f834559d,True,1.0,1.0,0.9385161849422877,0.0,1.0,1.0,0.5577150770592866
5596,112cdade50865f4e,True,1.0,1.0,1.0,1.0,1.0,1.0,1.0
5597,4175cdc49ec759f5,True,1.0,1.0,0.8837272925988278,1.0,1.0,1.0,0.9515530385828449
5598,d3102c58562a5689,True,1.0,1.0,0.9479125760306192,0.0,1.0,1.0,0.561630240012758
5599,b8e377d0f7b95014,True,1.0,0.0,0.0,1.0,1.0,0.5,0.0
5600,b60afdbc7cc65971,True,1.0,0.0,0.0,0.0,1.0,1.0,0.0
5601,4a7fd1bd37ed5463,True,1.0,0.0,0.0,1.0,1.0,1.0,0.0
5602,2d9d3d15e7f25716,True,1.0,1.0,1.0,1.0,1.0,1.0,1.0
5603,50e871f60296566b,True,1.0,1.0,1.0,1.0,1.0,1.0,1.0
5604,86c622a3ec1255ee,True,1.0,1.0,0.6263460458963774,1.0,1.0,1.0,0.8443108524568239
5605,795d49f6b8ec5f69,True,1.0,1.0,1.0,0.0,1.0,1.0,0.5833333333333334
5606,e9c2ed7aa8275015,True,1.0,1.0,0.9382749981282283,1.0,1.0,1.0,0.9742812492200952
5607,8659bfccd4195fb6,True,0.0,1.0,0.0,0.0,1.0,1.0,0.0
5608,c4808a6f1f7f5470,True,1.0,1.0,0.8761730618453643,1.0,1.0,1.0,0.9484054424355683
5609,baff5b48a5c056ec,True,1.0,0.0,0.0,0.0,1.0,1.0,0.0
5610,bd77aab92bda5261,True,0.0,1.0,0.0,0.0,1.0,1.0,0.0
5611,50a5b2cbb4515594,True,1.0,1.0,0.7084880305131261,1.0,1.0,1.0,0.8785366793804692
5612,30d60ce25f4d552e,True,1.0,1.0,0.9824929877010075,1.0,1.0,1.0,0.9927054115420865
5613,81161847b27b5bad,True,1.0,1.0,0.7768689044669079,1.0,1.0,1.0,0.907028710194545
5614,77072386dfbb5af8,True,1.0,1.0,0.8560434793560339,0.0,1.0,0.0,0.5233514497316808
5615,4b98bb0bbbc75b1f,True,0.0,1.0,0.0,0.0,1.0,1.0,0.0
5616,c9520de7084f5868,True,1.0,1.0,0.9378711122975822,1.0,1.0,1.0,0.9741129634573259
5617,786f447064055cfd,True,1.0,1.0,1.0,1.0,1.0,1.0,1.0
5618,fd9dc6fb2e145ef4,True,0.0,1.0,0.0,0.0,1.0,1.0,0.0
5619,3fe8df1737825eb3,True,1.0,1.0,0.9384378376166749,1.0,1.0,1.0,0.974349099006948
5620,dd43c6087aca5206,True,1.0,1.0,0.7347848603024216,1.0,1.0,1.0,0.8894936917926758
5621,a38bd3c8068d5ebb,True,1.0,1.0,1.0,1.0,1.0,1.0,1.0
5622,013fbdcd9db35b43,True,1.0,1.0,1.0,1.0,1.0,1.0,1.0
5623,23f0187033d658d9,True,1.0,1.0,1.0,1.0,1.0,1.0,1.0
5624,584d2d7503175ef5,True,1.0,1.0,1.0,1.0,1.0,1.0,1.0
5625,1dcac8bb6872533b,True,1.0,0.0,0.0,1.0,1.0,1.0,0.0
5626,bb1650a0e72e5b7d,True,0.0,1.0,0.0,0.0,1.0,1.0,0.0
5627,fd9ae566c34f5acd,True,0.0,1.0,0.0,0.0,1.0,1.0,0.0
5628,c099ebaef4c251d6,True,1.0,1.0,0.8543207789986377,1.0,1.0,1.0,0.9393003245827657
5629,0a73f089868458e4,True,1.0,1.0,1.0,1.0,1.0,1.0,1.0
5630,8b328af730c75e49,True,1.0,1.0,0.8500655878303639,1.0,1.0,1.0,0.9375273282626516
5631,13336a542595599f,True,1.0,1.0,1.0,1.0,1.0,1.0,1.0
5632,efcc43b333075098,True,1.0,1.0,0.9092735250026129,1.0,1.0,1.0,0.9621973020844221
5633,814c6b482fd850ab,True,1.0,0.0,0.0,1.0,1.0,1.0,0.0
5634,153dfbd3d4355809,True,1.0,1.0,0.7099188306008358,1.0,1.0,1.0,0.8791328460836816
5635,ac40749eddb45a13,True,1.0,1.0,0.9297011839553201,0.0,1.0,1.0,0.5540421599813834
5636,1da6196444e35b0f,True,1.0,0.0,0.0,1.0,1.0,1.0,0.0
5637,7cc4cef34e635c5a,True,1.0,1.0,1.0,1.0,1.0,1.0,1.0
5638,880d9918a2635d59,True,1.0,1.0,0.7086882632188524,1.0,1.0,1.0,0.8786201096745218
5639,e0d14f6cb7df526e,True,1.0,1.0,1.0,1.0,1.0,1.0,1.0
5640,2a68e10c7d305af4,True,1.0,0.0,0.0,1.0,1.0,0.0,0.0
5641,58d69daf413c5d5a,True,1.0,1.0,0.7377384937863928,1.0,1.0,1.0,0.8907243724109971
5642,a332b717471c5704,True,1.0,1.0,0.879729405976622,1.0,1.0,1.0,0.9498872524902592
5643,662cb541b8db54a1,True,1.0,0.0,0.0,1.0,1.0,1.0,0.0
5644,49f37d1d50ef5873,True,1.0,0.0,0.0,1.0,1.0,0.0,0.0
5645,e343f38ae86a57fd,True,1.0,1.0,1.0,1.0,1.0,1.0,1.0
5646,fd9dc4abc0d357a1,True,1.0,1.0,0.012857101361010748,1.0,1.0,1.0,0.5886904589004212
5647,6a947d290fe257ce,True,1.0,1.0,0.9336427031954789,1.0,1.0,1.0,0.9723511263314496
5648,4d4ed59397825822,True,1.0,1.0,1.0,1.0,1.0,1.0,1.0
5649,fcb45b2aa29356d9,True,1.0,1.0,1.0,1.0,1.0,1.0,1.0
5650,1fc3acd944ba540e,True,1.0,1.0,0.899004499373919,1.0,1.0,1.0,0.9579185414057996
5651,46369836a9b654ee,True,1.0,0.0,0.0,1.0,1.0,1.0,0.0
5652,2c337eb368fb54ca,True,1.0,0.0,0.0,1.0,1.0,1.0,0.0
5653,89b3b0779b8d57fa,True,1.0,0.0,0.0,0.0,1.0,1.0,0.0
5654,2125a58a235f5e11,True,1.0,1.0,0.8375313432623656,1.0,1.0,0.0,0.932304726359319
5655,a0c45624aa5251db,True,1.0,1.0,1.0,1.0,1.0,1.0,1.0
5656,816a869e91ae5d17,True,1.0,1.0,1.0,1.0,1.0,1.0,1.0
5657,ace74ef421f8514f,True,1.0,1.0,0.8576213489622531,1.0,1.0,0.5,0.9406755620676055
5658,61d8eb4fd2395520,True,1.0,0.0,0.0,1.0,1.0,1.0,0.0
5659,1b18327179f15a8f,True,1.0,1.0,0.6624074920240459,1.0,1.0,1.0,0.8593364550100192
5660,534587f0abca573b,True,1.0,1.0,1.0,1.0,1.0,1.0,1.0
5661,bb3926e0e90c5657,True,1.0,1.0,0.7567683000879933,1.0,1.0,1.0,0.8986534583699971
5662,53a22c2f65fd57d5,True,1.0,1.0,0.6434750937632358,1.0,1.0,1.0,0.8514479557346816
5663,5ee1455d53695e5b,True,1.0,0.0,0.0,1.0,1.0,1.0,0.0
5664,61046515c9885bf5,True,1.0,1.0,0.8613682480958573,1.0,1.0,1.0,0.9422367700399406
5665,d4af857a65825fc1,True,1.0,0.0,0.0,1.0,1.0,0.0,0.0
5666,1ded576bc1325cae,True,1.0,1.0,1.0,1.0,1.0,1.0,1.0
5667,1164ea5308cf5aae,True,1.0,1.0,1.0,1.0,1.0,0.5,1.0
5668,03986e48fa5e5f90,True,1.0,1.0,1.0,1.0,1.0,1.0,1.0
5669,1ebcf2ddce325598,True,1.0,1.0,1.0,1.0,1.0,1.0,1.0
5670,02ff5ce64ad75584,True,1.0,1.0,0.8569002233492832,1.0,1.0,1.0,0.9403750930622014
5671,4cd806a126f85b23,True,1.0,1.0,0.9296917567391154,1.0,1.0,0.0,0.9707048986412982
5672,ae6787095e5e545a,True,1.0,1.0,0.8763701346526696,1.0,1.0,1.0,0.9484875561052789
5673,1d198434c5f9569e,True,1.0,1.0,0.5478513631900647,1.0,1.0,1.0,0.8116047346625269
5674,d443368fa4615242,True,1.0,1.0,1.0,1.0,1.0,1.0,1.0
5675,2f9b9537ea1c5018,True,1.0,1.0,1.0,1.0,1.0,1.0,1.0
5676,abdc7a57df4a56cd,True,1.0,1.0,1.0,1.0,1.0,1.0,1.0
5677,8e0ecc2622425ef0,True,1.0,1.0,1.0,1.0,1.0,1.0,1.0
5678,0d161d05f98354dc,True,1.0,1.0,1.0,0.0,1.0,1.0,0.5833333333333334
5679,a780d35138495c38,True,1.0,1.0,1.0,1.0,1.0,1.0,1.0
5680,35e4b04bab1058d5,True,1.0,1.0,0.9761648834904648,1.0,1.0,1.0,0.9900687014543603
5681,8367526c1c4c5bfd,True,1.0,1.0,0.9369311485005254,1.0,1.0,1.0,0.9737213118752189
5682,802ea08c7ae1530a,True,1.0,1.0,1.0,1.0,1.0,0.5,1.0
5683,d3afcd1be60851a9,True,1.0,1.0,0.903367631208564,1.0,1.0,1.0,0.9597365130035683
5684,f54559dd98e75d83,True,1.0,1.0,1.0,1.0,1.0,1.0,1.0
5685,d8699a1844cc5541,True,1.0,1.0,1.0,1.0,1.0,1.0,1.0
5686,223a8f20abb752e9,True,1.0,1.0,0.9477760807932298,1.0,1.0,1.0,0.9782400336638458
5687,8be5583b37785664,True,1.0,1.0,0.815974276877737,1.0,1.0,1.0,0.9233226153657238
5688,f25881a0f78f5aa9,True,1.0,1.0,0.9908023810096402,1.0,1.0,1.0,0.9961676587540168
5689,af4a7d40819b5870,True,1.0,1.0,1.0,1.0,1.0,1.0,1.0
5690,ba9d1824bc8c5e7d,True,1.0,1.0,0.8254125424311798,1.0,1.0,1.0,0.9272552260129916
5691,796a327cace65d27,True,1.0,1.0,1.0,0.0,1.0,1.0,0.5833333333333334
5692,53f8bc4012fe5f29,True,1.0,1.0,0.41695346307795766,1.0,1.0,1.0,0.757063942949149
5693,1e4fb3a9572f5e7d,True,1.0,1.0,0.7917850292156081,1.0,1.0,1.0,0.91324376217317
5694,e9505f806d8d5998,True,1.0,0.0,0.0,1.0,1.0,1.0,0.0
5695,314f25442fd753b4,True,1.0,1.0,0.5236021631116312,1.0,1.0,1.0,0.801500901296513
5696,833189ada8fa5ba2,True,1.0,1.0,1.0,1.0,1.0,1.0,1.0
5697,9c42f5a9d56c5ebf,True,1.0,1.0,0.7121435552874945,1.0,1.0,0.0,0.8800598147031228
5698,e76485315c2c5028,True,1.0,1.0,1.0,0.0,1.0,1.0,0.5833333333333334
5699,78e0e3e1292d5431,True,1.0,1.0,1.0,1.0,1.0,1.0,1.0
5700,72a9c8aa9d1a580c,True,1.0,1.0,0.9554989050564303,1.0,1.0,1.0,0.981457877106846
5701,81935f2cb7d45945,True,1.0,1.0,1.0,1.0,1.0,1.0,1.0
5702,2647308c0cbe519c,True,1.0,1.0,0.9173752519088068,1.0,1.0,1.0,0.9655730216286695
5703,5d7fa55b96075e5c,True,1.0,1.0,0.8623976969112069,1.0,1.0,1.0,0.9426657070463363
5704,482989b8df6550b5,True,1.0,1.0,1.0,1.0,1.0,1.0,1.0
5705,1cbb42e800785a61,True,1.0,1.0,0.8471349885893468,1.0,1.0,1.0,0.9363062452455612
5706,4dd817ed8b515ab1,True,1.0,1.0,0.9662741532694373,1.0,1.0,1.0,0.9859475638622656
5707,17d8604b0bc65ce5,True,1.0,0.0,0.0,1.0,1.0,1.0,0.0
5708,570a5855539b5c7e,True,1.0,1.0,0.896588352781512,1.0,1.0,1.0,0.9569118136589635
5709,d112a49d72925b06,True,1.0,1.0,0.7252342110668389,1.0,1.0,1.0,0.8855142546111829
5710,e131caa356115811,True,1.0,1.0,0.7738661888587844,1.0,1.0,1.0,0.9057775786911603
5711,388391c4b8d45c36,True,1.0,1.0,0.7394565503594689,1.0,1.0,1.0,0.8914402293164453
5712,58788ce811c755b5,True,1.0,1.0,0.8711159476040224,1.0,1.0,1.0,0.946298311501676
5713,de56fef875ac5a5e,True,1.0,1.0,0.6802751307956167,1.0,1.0,1.0,0.8667813044981737
5714,74da64c81fe1552e,True,1.0,1.0,1.0,1.0,1.0,1.0,1.0
5715,cfaa12a747e45fb4,True,1.0,1.0,0.7406419347881695,1.0,1.0,1.0,0.8919341394950706
5716,3ef30aa787de56fa,True,1.0,1.0,1.0,1.0,1.0,1.0,1.0
5717,93d5e0dd29bc5e7c,True,0.0,1.0,0.0,0.0,1.0,1.0,0.0
5718,39cbed62434a528b,True,0.0,1.0,0.0,0.0,1.0,1.0,0.0
5719,310fcecd57a95e06,True,0.0,1.0,0.0,0.0,1.0,0.5,0.0
5720,178e844e8bd155ca,True,1.0,1.0,1.0,1.0,1.0,1.0,1.0
5721,dd414d3d7d5452f1,True,1.0,1.0,0.4870990658540145,1.0,1.0,0.5,0.7862912774391727
5722,0e479a9039ef5c10,True,1.0,1.0,0.9031289328148554,1.0,1.0,1.0,0.959637055339523
5723,0a06f8a3204d5e11,True,1.0,0.0,0.0,1.0,1.0,1.0,0.0
5724,e244b2ddf97a57d6,True,1.0,1.0,0.8741873067440303,1.0,1.0,0.5,0.9475780444766793
5725,9c68b0b158bb5d03,True,1.0,1.0,1.0,1.0,1.0,1.0,1.0
5726,36a229f658875a2e,True,1.0,0.0,0.0,1.0,1.0,1.0,0.0
5727,989a085ea31e50ba,True,1.0,1.0,1.0,0.0,1.0,1.0,0.5833333333333334
5728,3dd9fe57e28e5c54,True,1.0,1.0,1.0,1.0,1.0,1.0,1.0
5729,ea60e66a13335f6e,True,1.0,1.0,0.7942273072387158,1.0,1.0,1.0,0.9142613780161316
5730,ba86b1fc40075e26,True,1.0,1.0,1.0,1.0,1.0,1.0,1.0
5731,58d75e229a0e52bc,True,1.0,1.0,1.0,1.0,1.0,1.0,1.0
5732,2cc43d98cfa55ab6,True,1.0,1.0,0.03343623838565482,1.0,1.0,1.0,0.5972650993273562
5733,2c9ad43fb0cd5394,True,1.0,1.0,0.8508370612552212,1.0,1.0,1.0,0.9378487755230088
5734,63a80bcca90b5dec,True,1.0,0.0,0.0,1.0,1.0,1.0,0.0
5735,7dfe5f8b766b5893,True,1.0,1.0,1.0,1.0,1.0,1.0,1.0
5736,d1e6f085af9b5199,True,1.0,1.0,1.0,1.0,1.0,1.0,1.0
5737,7d10959013575b2d,True,1.0,1.0,0.8180049019122265,0.0,1.0,1.0,0.5075020424634277
5738,b022d508550251bf,True,1.0,1.0,1.0,1.0,1.0,1.0,1.0
5739,82f70d5f3a11576d,True,1.0,1.0,0.8313674987961448,1.0,1.0,1.0,0.929736457831727
5740,90693e0d94f05e85,True,1.0,1.0,0.9084204240390177,0.0,1.0,1.0,0.545175176682924
5741,3e68b96c1d745820,True,1.0,1.0,0.6268721651385615,1.0,1.0,1.0,0.844530068807734
5742,69df428fe853580e,True,1.0,1.0,1.0,1.0,1.0,1.0,1.0
5743,a2b2c80a9db75f5f,True,0.0,1.0,0.0,0.0,1.0,1.0,0.0
5744,505f4ccbd00d5e99,True,1.0,1.0,1.0,1.0,1.0,1.0,1.0
5745,e1f58cff32225d3a,True,1.0,1.0,1.0,0.0,1.0,1.0,0.5833333333333334
5746,2e67ddf209365112,True,1.0,1.0,0.766795924364446,1.0,1.0,1.0,0.9028316351518525
5747,4dca385d371c57fb,True,1.0,0.0,0.0,1.0,1.0,1.0,0.0
5748,08e03654c0ca5151,True,1.0,1.0,0.5389964038490471,1.0,1.0,1.0,0.8079151682704363
5749,b890de4c4ff65ddb,True,1.0,1.0,0.7388539838600132,1.0,1.0,1.0,0.8911891599416721
5750,e29b049a9bf3509c,True,1.0,1.0,1.0,1.0,1.0,1.0,1.0
5751,d5407856a57357ce,True,1.0,1.0,1.0,1.0,1.0,1.0,1.0
5752,14d112b14e9a5d5c,True,1.0,1.0,0.9778721365131611,1.0,1.0,1.0,0.9907800568804838
5753,835d02f9df8d5117,True,1.0,1.0,0.9019144746284019,1.0,1.0,1.0,0.9591310310951675
5754,e14711ef4d2f5000,True,1.0,1.0,0.5067811432460975,1.0,1.0,0.5,0.7944921430192072
5755,f2d64d93a1915c8b,True,1.0,1.0,0.8771407737822169,1.0,1.0,1.0,0.9488086557425904
5756,c23c39c3fedd5bfa,True,1.0,1.0,1.0,1.0,1.0,0.0,1.0
5757,4a681a6497d35e68,True,1.0,1.0,1.0,1.0,1.0,1.0,1.0
5758,8183cdc6ff5a5726,True,1.0,1.0,0.7717605498892018,1.0,1.0,1.0,0.9049002291205008
5759,92bbb17b853a5aa2,True,1.0,1.0,1.0,0.0,1.0,1.0,0.5833333333333334
5760,d3322747793a5dda,True,0.0,1.0,0.0,0.0,1.0,1.0,0.0
5761,6828c3caaaca56e1,True,1.0,1.0,0.9401585455337806,1.0,1.0,1.0,0.9750660606390752
5762,44324a7aa04f5501,True,1.0,1.0,0.8959225578650314,1.0,1.0,1.0,0.9566343991104297
5763,3128b8da22c75dd0,True,1.0,1.0,0.7726969052356198,1.0,1.0,1.0,0.9052903771815082
5764,55992af369b95456,True,1.0,1.0,0.6390322928763967,1.0,1.0,1.0,0.8495967886984986
5765,f77c053616475084,True,1.0,1.0,0.7247214570219361,1.0,1.0,1.0,0.8853006070924735
5766,f18158051cc457d8,True,1.0,1.0,0.9738947566521803,1.0,1.0,1.0,0.9891228152717417
5767,e67729beeaa95c34,True,1.0,1.0,1.0,1.0,1.0,1.0,1.0
5768,774ebe12eab151b6,True,1.0,0.0,0.0,1.0,1.0,1.0,0.0
5769,98e3abe2a38c5156,True,1.0,1.0,0.26980588519777227,1.0,1.0,1.0,0.6957524521657384
5770,e69e63297ed85a68,True,1.0,1.0,0.49342757581263474,1.0,1.0,1.0,0.7889281565885978
5771,decd6b1dd7f65e1e,True,1.0,1.0,1.0,0.0,1.0,1.0,0.5833333333333334
5772,40d32b824b705cbc,True,1.0,1.0,0.8124579935538234,1.0,1.0,1.0,0.9218574973140932
5773,ee95e29e1aec53e1,True,1.0,1.0,0.9239141369268898,1.0,1.0,1.0,0.9682975570528708
5774,ef6e61a4a7ed550a,True,1.0,1.0,0.9123332072719971,1.0,1.0,1.0,0.9634721696966654
5775,bb89143f371a53b5,True,1.0,1.0,1.0,0.0,1.0,1.0,0.5833333333333334
5776,ced087f9c2915f2a,True,1.0,1.0,1.0,0.0,1.0,1.0,0.5833333333333334
5777,b9db0f40e33853b3,True,1.0,1.0,0.7717596642706892,1.0,1.0,1.0,0.9048998601127872
5778,f3738f5be59d5d10,True,0.0,1.0,0.0,0.0,1.0,1.0,0.0
5779,725b2a708c8e55f1,True,1.0,1.0,1.0,1.0,1.0,1.0,1.0
5780,038e954a77a95537,True,1.0,0.0,0.0,1.0,1.0,1.0,0.0
5781,c0941949acdb5ebc,True,1.0,1.0,1.0,1.0,1.0,1.0,1.0
5782,bcf787cdb66453f0,True,1.0,1.0,0.978257697022272,0.0,1.0,1.0,0.5742740404259467
5783,4e811c006997541d,True,1.0,1.0,1.0,1.0,1.0,1.0,1.0
5784,656d501570ce5e54,True,0.0,1.0,0.0,0.0,1.0,1.0,0.0
5785,307f28eca5e25b39,True,1.0,1.0,1.0,1.0,1.0,1.0,1.0
5786,c5c7922b844d592f,True,1.0,1.0,1.0,1.0,1.0,1.0,1.0
5787,33197ac2a7445bd7,True,1.0,1.0,0.9208645878019001,1.0,1.0,1.0,0.9670269115841249
5788,8ea6783a7b195706,True,1.0,1.0,0.7959048744956678,1.0,1.0,1.0,0.914960364373195
5789,071b435a4f4057e0,True,1.0,1.0,0.9025938869376225,1.0,1.0,1.0,0.9594141195573428
5790,c1e612a123d059d7,True,1.0,1.0,0.6027277904350724,1.0,1.0,1.0,0.8344699126812802
5791,684dc9c8167b5189,True,1.0,1.0,0.7088555182909829,1.0,1.0,1.0,0.8786897992879096
5792,cd72b9f6b03f5f41,True,1.0,1.0,0.8905080143558498,1.0,1.0,1.0,0.9543783393149375
5793,1b1a37c517e45fbd,True,0.0,1.0,0.0,0.0,1.0,1.0,0.0
5794,5955c4ef15c75350,True,1.0,1.0,1.0,1.0,1.0,1.0,1.0
5795,650ed02359615f58,True,1.0,1.0,0.7362576588075245,1.0,1.0,1.0,0.8901073578364684
5796,c77d96b1b7d65d8a,True,1.0,1.0,1.0,1.0,1.0,1.0,1.0
5797,50fef67a5a9a5a4b,True,1.0,0.0,0.0,1.0,1.0,1.0,0.0
5798,f0a338ae8f3a56bd,True,1.0,1.0,0.8112490912687388,0.0,1.0,1.0,0.5046871213619745
5799,b5e2d8766c6d51b2,True,1.0,0.0,0.0,1.0,1.0,1.0,0.0
5800,342ae335113257f6,True,1.0,1.0,1.0,1.0,1.0,1.0,1.0
5801,534e6a7d7e8c528b,True,1.0,1.0,1.0,0.0,1.0,1.0,0.5833333333333334
5802,8486dcafaee75d76,True,0.0,1.0,0.0,0.0,1.0,1.0,0.0
5803,0027db600afe56ca,True,1.0,1.0,0.8041659385711011,1.0,1.0,1.0,0.9184024744046254
5804,cb5ec9cf4fb556c7,True,1.0,1.0,0.9195859505839798,0.0,1.0,1.0,0.5498274794099917
5805,094551eaba7351f5,True,1.0,1.0,0.9138839814984753,1.0,1.0,1.0,0.9641183256243647
5806,dcf6caabbee354f7,True,1.0,1.0,0.8281528775712594,1.0,1.0,1.0,0.9283970323213581
5807,e1d83d0f913a5263,True,1.0,0.0,0.0,1.0,1.0,1.0,0.0
5808,2bf94996d2325e20,True,1.0,1.0,0.8543982360642246,1.0,1.0,1.0,0.9393325983600936
5809,f7d40806c7045d54,True,0.0,1.0,0.0,0.0,1.0,1.0,0.0
5810,ccb2ae93b23b5826,True,0.0,1.0,0.0,0.0,1.0,1.0,0.0
5811,150d706a5add549a,True,1.0,1.0,0.8026481551974963,1.0,1.0,1.0,0.9177700646656235
5812,702cb8df08c15df6,True,1.0,1.0,0.8042857364084762,0.0,1.0,1.0,0.5017857235035318
5813,4413dc9f17ab56b0,True,1.0,1.0,0.7385693535864188,1.0,1.0,1.0,0.8910705639943411
5814,4a0ba18cefc05c63,True,1.0,1.0,1.0,1.0,1.0,1.0,1.0
5815,49f0872dbe1958e6,True,1.0,1.0,0.7434582558305866,1.0,1.0,1.0,0.8931076065960778
5816,05d6f076bdc855d1,True,1.0,1.0,1.0,1.0,1.0,1.0,1.0
5817,39b4d546300958ad,True,1.0,1.0,1.0,1.0,1.0,1.0,1.0
5818,774006a654915196,True,1.0,1.0,0.8189230106848805,1.0,1.0,1.0,0.9245512544520335
5819,6f11adda2af357ff,True,1.0,1.0,0.9415317193537421,1.0,1.0,1.0,0.9756382163973925
5820,e3eaafd948b15069,True,1.0,1.0,0.7032147430708223,1.0,1.0,1.0,0.8763394762795093
5821,41f86f5fb97d505c,True,1.0,1.0,0.6936596512284458,1.0,1.0,1.0,0.8723581880118524
5822,2428ecd565d05b50,True,1.0,1.0,0.5898962945345866,1.0,1.0,1.0,0.8291234560560777
5823,028d10ed5c105755,True,1.0,1.0,1.0,1.0,1.0,1.0,1.0
5824,0f8e3ba3d90958d1,True,0.0,1.0,0.0,0.0,1.0,1.0,0.0
5825,661278fc8a9c57d3,True,1.0,1.0,0.9166521231176056,1.0,1.0,1.0,0.965271717965669
5826,03d4ec82e7ac5804,True,1.0,0.0,0.0,1.0,1.0,0.5,0.0
5827,a3df0f8925b251e0,True,1.0,1.0,1.0,1.0,1.0,1.0,1.0
5828,4dd9d92ade255f95,True,1.0,1.0,1.0,1.0,1.0,1.0,1.0
5829,dfd27e2c5d7f50fb,True,1.0,1.0,0.8174705335515037,1.0,1.0,1.0,0.9239460556464598
5830,7b3e1c9932625243,True,1.0,0.0,0.0,1.0,1.0,1.0,0.0
5831,f37d9bf7782d524b,True,1.0,1.0,1.0,1.0,1.0,1.0,1.0
5832,c1e0af56e9eb50b8,True,0.0,1.0,0.0,0.0,1.0,1.0,0.0
5833,103c3ee1db23521d,True,1.0,1.0,1.0,1.0,1.0,1.0,1.0
5834,582a4716d1bd55bc,True,1.0,1.0,0.8768153579499715,1.0,1.0,1.0,0.9486730658124881
5835,f80a6f7f4de5564d,True,1.0,1.0,0.9566009860308097,1.0,1.0,1.0,0.9819170775128373
5836,b0325428be095810,True,1.0,1.0,1.0,1.0,1.0,1.0,1.0
5837,a0b67d1ac0c35d26,True,1.0,1.0,1.0,1.0,1.0,1.0,1.0
5838,6f81927cafa65005,True,1.0,0.0,0.0,1.0,1.0,1.0,0.0
5839,f60b8b3796c45845,True,1.0,1.0,0.8497480388253595,1.0,1.0,1.0,0.9373950161772332
5840,a243657871795ce2,True,1.0,1.0,1.0,1.0,1.0,1.0,1.0
5841,60fe616f485b5589,True,1.0,1.0,0.8666835179884155,1.0,1.0,1.0,0.9444514658285064
5842,3d6cbc2a95885eef,True,1.0,1.0,0.5864895905861646,1.0,1.0,1.0,0.8277039960775685
5843,2391f12d7e6a5e7f,True,1.0,0.0,0.0,1.0,1.0,1.0,0.0
5844,bc9bc971088c5df6,True,1.0,1.0,1.0,1.0,1.0,1.0,1.0
5845,52a4ade5aede53d9,True,1.0,1.0,0.9038522821486176,1.0,1.0,1.0,0.9599384508952573
5846,b4ec906c4dbe5735,True,1.0,1.0,0.9605842854423672,1.0,1.0,1.0,0.9835767856009863
5847,38736da1e9dc51c8,True,1.0,1.0,0.8881774501304583,1.0,1.0,1.0,0.953407270887691
5848,8b31009bc5115cb5,True,1.0,1.0,1.0,1.0,1.0,0.0,1.0
5849,8c7db74b9aef5a9e,True,1.0,1.0,1.0,1.0,1.0,1.0,1.0
5850,e95b2a30d9f456e2,True,1.0,1.0,1.0,1.0,1.0,1.0,1.0
5851,d870256a3b185659,True,1.0,1.0,0.9730094737614247,1.0,1.0,1.0,0.9887539474005935
5852,5a4811a0bde955b3,True,1.0,0.0,0.0,1.0,1.0,1.0,0.0
5853,0a6e90cccbb15213,True,1.0,0.0,0.0,1.0,1.0,0.5,0.0
5854,1b65613f0242544a,True,1.0,1.0,0.5672847321429085,1.0,1.0,1.0,0.8197019717262118
5855,280321506e7c5f52,True,1.0,1.0,1.0,0.0,1.0,1.0,0.5833333333333334
5856,fa8627edacbd5ea0,True,0.0,1.0,0.0,0.0,1.0,1.0,0.0
5857,4f37ec7f0ac75960,True,1.0,1.0,0.8060577185727096,1.0,1.0,1.0,0.9191907160719625
5858,1509901c10495792,True,1.0,1.0,0.9647537707724936,1.0,1.0,1.0,0.9853140711552056
5859,f24100a519ef5940,True,1.0,1.0,0.8779688896144803,1.0,1.0,1.0,0.9491537040060335
5860,d21b22d6c0405ad7,True,1.0,0.0,0.0,1.0,1.0,1.0,0.0
5861,dcfc13ba3a4150a6,True,1.0,1.0,1.0,0.0,1.0,1.0,0.5833333333333334
5862,326760711b775740,True,1.0,1.0,1.0,1.0,1.0,1.0,1.0
5863,798842f0b1c253b4,True,1.0,1.0,0.8919088320937613,1.0,1.0,1.0,0.9549620133724005
5864,9726171368175cc6,True,1.0,1.0,1.0,1.0,1.0,1.0,1.0
5865,b58a12e346235cd0,True,1.0,1.0,0.9231435378325923,1.0,1.0,1.0,0.9679764740969135
5866,b04bbf1d4ecf5f56,True,1.0,1.0,0.9544349286327617,1.0,1.0,1.0,0.981014553596984
5867,80b61a3a73f55af9,True,1.0,1.0,1.0,1.0,1.0,1.0,1.0
5868,c9a74fd5fd9e57c8,True,1.0,1.0,0.7847054221260957,1.0,1.0,1.0,0.9102939258858732
5869,55204d7112015beb,True,1.0,1.0,0.7495195756620826,1.0,1.0,1.0,0.8956331565258678
5870,b02bf210eda55579,True,1.0,0.0,0.0,1.0,1.0,1.0,0.0
5871,c7cb2e43b2d053b7,True,1.0,0.0,0.0,1.0,1.0,1.0,0.0
5872,5b834475a09a531c,True,1.0,1.0,1.0,1.0,1.0,1.0,1.0
5873,3458fad66b245ac3,True,1.0,1.0,0.8134055651130705,1.0,1.0,1.0,0.9222523187971127
5874,28b94453e1cd578f,True,1.0,1.0,0.8286850446036497,1.0,1.0,1.0,0.928618768584854
5875,aff2f948de815a32,True,1.0,1.0,0.6993672776755039,1.0,1.0,1.0,0.8747363656981267
5876,fce43d129a9154a1,True,1.0,1.0,1.0,1.0,1.0,1.0,1.0
5877,ba69db6d6eb15ceb,True,1.0,1.0,0.8571617725789333,1.0,1.0,1.0,0.940484071907889
5878,68ba9a9b2d6f572d,True,1.0,1.0,0.8133919391219041,1.0,1.0,1.0,0.9222466413007934
5879,25b5cecdb3b75e7c,True,1.0,1.0,1.0,1.0,1.0,1.0,1.0
5880,6c7142e6f9435ab6,True,1.0,1.0,1.0,1.0,1.0,1.0,1.0
5881,9587d6ea0a8e518f,True,1.0,1.0,0.8561952387748151,1.0,1.0,1.0,0.9400813494895063
5882,d151becf4b395f13,True,1.0,1.0,1.0,1.0,1.0,1.0,1.0
5883,25f4a620bd5f51cc,True,1.0,1.0,0.7260167460644972,1.0,1.0,1.0,0.8858403108602072
5884,a4ab5ff4ba7259f9,True,1.0,0.0,0.0,1.0,1.0,1.0,0.0
5885,0f4984d978155b23,True,1.0,1.0,0.9265360015402963,1.0,1.0,1.0,0.96939000064179
5886,447a983c9fc45077,True,1.0,1.0,1.0,1.0,1.0,1.0,1.0
5887,9f841033bc335965,True,1.0,0.0,0.0,0.0,1.0,1.0,0.0
5888,0225c61734025867,True,1.0,1.0,0.9579165441677717,1.0,1.0,1.0,0.9824652267365716
5889,3cb9b99bc4185d33,True,1.0,1.0,0.959312585913449,1.0,1.0,1.0,0.9830469107972704
5890,56464bef8d91590f,True,1.0,1.0,0.7004983762073036,1.0,1.0,1.0,0.8752076567530431
5891,3971312f7bb55ea2,True,1.0,1.0,0.7037153549177986,1.0,1.0,1.0,0.8765480645490827
5892,dd9efbb06b495921,True,1.0,1.0,0.8522511229177973,1.0,1.0,1.0,0.9384379678824155
5893,e3ef42c62ba2595b,True,1.0,1.0,0.4477489688774293,1.0,1.0,1.0,0.7698954036989288
5894,18ca4d6e9c0a576b,True,1.0,0.0,0.0,1.0,1.0,1.0,0.0
5895,012ca60989175c54,True,1.0,1.0,1.0,1.0,1.0,1.0,1.0
5896,da4d89151b245e0c,True,1.0,1.0,0.6816829624534404,0.0,1.0,1.0,0.4507012343556001
5897,fe4b2cf4e9ad5b37,True,1.0,1.0,0.928372497722674,1.0,1.0,1.0,0.9701552073844475
5898,a5f724194aaa55f7,True,1.0,1.0,0.904865858703712,1.0,1.0,1.0,0.9603607744598799
5899,741d60ca8b7b5cb4,True,0.0,1.0,0.0,0.0,1.0,1.0,0.0
5900,d551f73a1e4251aa,True,1.0,1.0,0.7813209266650513,1.0,1.0,0.0,0.9088837194437714
5901,e40b2bf57fa5576f,True,1.0,1.0,0.8027548463813577,1.0,1.0,1.0,0.9178145193255657
5902,601c3cce2a215275,True,1.0,1.0,0.8441628230114262,1.0,1.0,1.0,0.9350678429214275
5903,3ceb5afc67975881,True,1.0,1.0,0.7783245184737745,1.0,1.0,1.0,0.9076352160307394
5904,3d20913330f152ee,True,1.0,0.0,0.0,1.0,1.0,1.0,0.0
5905,43cc094e7af0518e,True,1.0,1.0,1.0,1.0,1.0,1.0,1.0
5906,d6ec2a0b9fe25a58,True,1.0,1.0,1.0,1.0,1.0,1.0,1.0
5907,a98bfcdd7d6c5683,True,1.0,1.0,1.0,1.0,1.0,1.0,1.0
5908,7346e23546d15b29,True,1.0,1.0,0.6954362246176551,1.0,1.0,1.0,0.873098426924023
5909,93c82496dc8e59c5,True,1.0,1.0,1.0,1.0,1.0,1.0,1.0
5910,9ac86ade68505597,True,1.0,1.0,0.8991689938649651,1.0,1.0,1.0,0.9579870807770687
5911,e24d893472bf5ce0,True,0.0,1.0,0.0,0.0,1.0,1.0,0.0
5912,9fdd329b72e85179,True,1.0,0.0,0.0,1.0,1.0,1.0,0.0
5913,8fce05a181775f63,True,1.0,1.0,1.0,1.0,1.0,1.0,1.0
5914,3c99fcb4ef8c5382,True,1.0,1.0,0.7667494984547877,1.0,1.0,0.0,0.9028122910228281
5915,8a92561fdd0750ad,True,1.0,1.0,0.9006862037858409,1.0,1.0,1.0,0.9586192515774337
5916,52094c2441105f4d,True,1.0,1.0,0.9091257083652298,1.0,1.0,1.0,0.9621357118188457
5917,8777c80c80ad53e8,True,1.0,1.0,1.0,1.0,1.0,1.0,1.0
5918,7db6a3bd77405292,True,1.0,1.0,1.0,1.0,1.0,1.0,1.0
5919,bb73caa6692856bf,True,1.0,1.0,1.0,1.0,1.0,1.0,1.0
5920,1bee33a086b25a5f,True,1.0,0.0,0.0,1.0,1.0,1.0,0.0
5921,5ab5923ac60c5e8a,True,1.0,1.0,0.6681657026592676,1.0,1.0,1.0,0.8617357094413615
5922,7752ef9225b65783,True,1.0,1.0,1.0,1.0,1.0,1.0,1.0
5923,134651c94f73576f,True,1.0,1.0,0.7137119953013964,1.0,1.0,1.0,0.8807133313755818
5924,d6641a8596f25d47,True,1.0,1.0,1.0,0.0,1.0,1.0,0.5833333333333334
5925,ffcc0535b4fa5628,True,1.0,1.0,0.8076104587597708,1.0,1.0,1.0,0.9198376911499045
5926,366c7e46b0415253,True,1.0,1.0,0.8939364682555822,1.0,1.0,1.0,0.9558068617731591
5927,eb430bd4f0095c28,True,1.0,1.0,0.7531159872810084,1.0,1.0,1.0,0.8971316613670868
5928,e27870f87c3656b1,True,1.0,0.0,0.0,1.0,1.0,1.0,0.0
5929,2218fd73bd8d54da,True,1.0,1.0,0.8609755040311617,1.0,1.0,1.0,0.9420731266796508
5930,360b5fec28655626,True,1.0,1.0,0.8768919207627321,1.0,1.0,1.0,0.9487049669844717
5931,3e6526b2f7755050,True,1.0,1.0,1.0,1.0,1.0,1.0,1.0
5932,89a0561418585e07,True,1.0,1.0,0.8622504311106935,1.0,1.0,1.0,0.9426043462961223
5933,21128a317e82595f,True,1.0,1.0,0.7880450031207732,1.0,1.0,1.0,0.9116854179669889
5934,04c8cad554925432,True,1.0,1.0,0.7838735326338605,1.0,1.0,1.0,0.9099473052641085
5935,27725219ce8a55ff,True,1.0,1.0,0.7889712502002237,1.0,1.0,1.0,0.9120713542500932
5936,ce2f1ac423965b7a,True,1.0,1.0,1.0,1.0,1.0,1.0,1.0
5937,b51815625ee05f75,True,0.0,1.0,0.0,0.0,1.0,1.0,0.0
5938,1379782dce4751e4,True,1.0,1.0,1.0,1.0,1.0,1.0,1.0
5939,e393bc5cafe95872,True,1.0,0.0,0.0,1.0,1.0,1.0,0.0
5940,0e681d3870795a3a,True,1.0,1.0,1.0,1.0,1.0,1.0,1.0
5941,198bc5f3280e52cd,True,1.0,1.0,1.0,1.0,1.0,1.0,1.0
5942,4196ab00e95e532d,True,1.0,1.0,1.0,1.0,1.0,1.0,1.0
5943,460110d5a345522d,True,1.0,1.0,1.0,1.0,1.0,1.0,1.0
5944,beaa12171da45b46,True,1.0,0.0,0.0,1.0,1.0,1.0,0.0
5945,485b3e83878255b2,True,1.0,1.0,0.8958302986899005,1.0,1.0,1.0,0.9565959577874587
5946,cae6cbccfd535659,True,1.0,1.0,0.5105118818739117,1.0,1.0,1.0,0.7960466174474633
5947,5ad705654fd3547d,True,1.0,1.0,0.8289591937619357,1.0,1.0,1.0,0.9287329974008065
5948,9a0b762c08af59f8,True,1.0,1.0,0.7948243619932011,1.0,1.0,1.0,0.9145101508305005
5949,a2047f9cb3865b75,True,1.0,1.0,0.3017216626926544,1.0,1.0,1.0,0.709050692788606
5950,0f8d3b14831a5ccc,True,1.0,1.0,0.6996095896244733,1.0,1.0,1.0,0.8748373290101972
5951,a924eaf3a0c35078,True,1.0,1.0,0.9142473840268692,1.0,1.0,1.0,0.9642697433445289
5952,d6e4774d5cc65309,True,1.0,1.0,1.0,1.0,1.0,1.0,1.0
5953,8569121235665be9,True,1.0,1.0,0.9133083173774451,1.0,1.0,1.0,0.9638784655739355
5954,d9f67f2d224a5aaf,True,1.0,1.0,0.537121146334083,1.0,1.0,1.0,0.8071338109725347
5955,8647866881f3587e,True,1.0,1.0,0.6453963314331579,0.0,1.0,0.5,0.4355818047638158
5956,731f133ce3055d30,True,1.0,0.0,0.0,1.0,1.0,1.0,0.0
5957,d1d48a8f642b5874,True,1.0,1.0,0.9059564974902966,1.0,1.0,1.0,0.9608152072876236
5958,e344674ba93250b5,True,0.0,1.0,0.0,0.0,1.0,1.0,0.0
5959,83d03e995ce55e9b,True,1.0,1.0,0.34707932473760533,1.0,1.0,1.0,0.7279497186406689
5960,687fa6fce3ab5f91,True,1.0,0.0,0.0,1.0,1.0,0.5,0.0
5961,29af925fc44b5380,True,1.0,1.0,0.9223505905361602,1.0,1.0,1.0,0.9676460793900667
5962,212c67511de75043,True,1.0,0.0,0.0,1.0,1.0,0.5,0.0
5963,dbbe5d5671495f13,True,1.0,1.0,0.7438050371934788,1.0,1.0,1.0,0.8932520988306161
5964,864e62539b8c58f9,True,1.0,1.0,0.6374045768689132,1.0,1.0,1.0,0.8489185736953805
5965,70ac542a408b5b93,True,1.0,1.0,0.7857622974292624,1.0,1.0,1.0,0.910734290595526
5966,490463fd7e9e5769,True,1.0,1.0,0.7248982878830883,1.0,1.0,0.0,0.8853742866179535
5967,5e9e03ce875059ed,True,1.0,1.0,0.8255647647632521,1.0,1.0,1.0,0.9273186519846884
5968,8fe72ff0763b5ba9,True,1.0,1.0,1.0,1.0,1.0,1.0,1.0
5969,1f53a73b41095041,True,0.0,1.0,0.0,0.0,1.0,1.0,0.0
5970,082dba79a46d57b2,True,0.0,1.0,0.0,0.0,1.0,1.0,0.0
5971,12f96c65436e56bf,True,1.0,1.0,1.0,1.0,1.0,1.0,1.0
5972,2b5dabfa534156c0,True,1.0,1.0,0.8359048819511953,1.0,1.0,1.0,0.9316270341463314
5973,5b1a620dcd675298,True,1.0,1.0,1.0,1.0,1.0,1.0,1.0
5974,9313777d021e5255,True,1.0,1.0,1.0,0.0,1.0,1.0,0.5833333333333334
5975,2e8d3c1cd8b15c97,True,1.0,1.0,0.007829675820216864,1.0,1.0,1.0,0.5865956982584237
5976,650c7a9e7ea45062,True,1.0,1.0,0.9792208657358055,1.0,1.0,1.0,0.9913420273899188
5977,f9ed38d9ddfa531e,True,1.0,0.0,0.0,1.0,1.0,1.0,0.0
5978,7bc20084dcb15f05,True,1.0,0.0,0.0,1.0,1.0,1.0,0.0
5979,81917c1e1a9b5cdc,True,0.0,1.0,0.0,0.0,1.0,0.0,0.0
5980,1eb474de58ca5d6f,True,1.0,1.0,0.8522322745135523,1.0,1.0,1.0,0.9384301143806469
5981,86c6c03a41a057d6,True,1.0,1.0,1.0,1.0,1.0,1.0,1.0
5982,7bea1ee3e6bc584d,True,1.0,1.0,1.0,1.0,1.0,1.0,1.0
5983,4fd76c8d85845816,True,1.0,1.0,0.8193339267453806,1.0,1.0,1.0,0.924722469477242
5984,0324b2d1ca2e5b6e,True,1.0,1.0,1.0,0.0,1.0,1.0,0.5833333333333334
5985,60f76df7b8a95157,True,1.0,1.0,0.914855303697443,1.0,1.0,1.0,0.9645230432072679
5986,0590cb08d06a5905,True,1.0,1.0,0.37366134208711255,1.0,1.0,1.0,0.7390255592029636
5987,78a8c3b8447d5489,True,1.0,1.0,0.4617459340479647,1.0,1.0,1.0,0.7757274725199853
5988,230a57eaa1a25864,True,1.0,1.0,0.9459226110464743,1.0,1.0,1.0,0.9774677546026976
5989,1b3ae7a2d38d5c6c,True,1.0,1.0,0.8362531440004922,1.0,1.0,1.0,0.9317721433335384
5990,bc281591c2165d73,True,1.0,1.0,0.48630289008955,1.0,1.0,1.0,0.7859595375373125
5991,54e010de01625177,True,0.0,1.0,0.0,0.0,1.0,1.0,0.0
5992,7f3ebea7b3415f87,True,1.0,1.0,0.8762019082350719,1.0,1.0,1.0,0.9484174617646133
5993,84d0b82110465b43,True,1.0,1.0,1.0,1.0,1.0,1.0,1.0
5994,3b6f7096a2cf5621,True,1.0,1.0,0.9307325833792878,1.0,1.0,1.0,0.9711385764080366
5995,79fab476b73a5d06,True,1.0,1.0,0.8468255899741038,1.0,1.0,1.0,0.9361773291558766
5996,f40843145ae35cd8,True,1.0,1.0,0.7289963024882883,1.0,1.0,1.0,0.8870817927034534
5997,2e0a31d833765412,True,1.0,1.0,0.9066551314560597,1.0,1.0,1.0,0.9611063047733582
5998,cdc469758f7c502b,True,1.0,1.0,1.0,1.0,1.0,1.0,1.0
5999,4a4bf6e11a875f33,True,1.0,1.0,0.9195871562656948,1.0,1.0,1.0,0.9664946484440394
6000,fcbe2ed045225b79,True,1.0,1.0,0.9858071225211383,1.0,1.0,0.0,0.9940863010504742
6001,61b15ca533845a97,True,1.0,1.0,1.0,1.0,1.0,0.0,1.0
6002,055c41d3c8e75bdc,True,1.0,1.0,0.9071848407883399,1.0,1.0,1.0,0.9613270169951417
6003,a48a9d9bb413549a,True,1.0,1.0,0.776349495755972,1.0,1.0,1.0,0.9068122898983217
6004,01876d7aa6f55554,True,1.0,0.0,0.0,1.0,1.0,1.0,0.0
6005,65612a858cc756b3,True,1.0,1.0,0.8849540397083157,1.0,1.0,1.0,0.9520641832117982
6006,6136d15f12905f36,True,0.0,1.0,0.0,0.0,1.0,1.0,0.0
6007,09fc278e5d43564f,True,1.0,1.0,0.9255648547988116,1.0,1.0,1.0,0.9689853561661715
6008,e2de3bfda0725acc,True,1.0,0.0,0.0,1.0,1.0,1.0,0.0
6009,4e5b53cea7145f00,True,1.0,1.0,1.0,1.0,1.0,1.0,1.0
6010,21bd985c9d7155e5,True,0.0,1.0,0.0,0.0,1.0,1.0,0.0
6011,b677a8a95c395ad2,True,1.0,1.0,0.8493061713005617,1.0,1.0,1.0,0.9372109047085674
6012,f5d8dc03a0555cdc,True,1.0,1.0,1.0,1.0,1.0,1.0,1.0
6013,06091e78878d510e,True,1.0,1.0,1.0,0.0,1.0,1.0,0.5833333333333334
6014,be0064dac5f85957,True,1.0,1.0,0.8076060993665121,1.0,1.0,1.0,0.9198358747360467
6015,b318cf82212f5443,True,1.0,1.0,0.9042407053543097,1.0,1.0,1.0,0.960100293897629
6016,d0910fc41d785f46,True,1.0,1.0,1.0,1.0,1.0,1.0,1.0
6017,135b319cf4b1584c,True,1.0,1.0,0.8991912767097099,1.0,1.0,1.0,0.9579963652957124
6018,7ed9d0ca20ac5e2c,True,0.0,1.0,0.0,0.0,1.0,1.0,0.0
6019,862e27b57f9d50ac,True,1.0,0.0,0.0,1.0,1.0,1.0,0.0
6020,7682ed33c75a5116,True,1.0,1.0,0.598715637247656,1.0,1.0,0.5,0.8327981821865232
6021,50eebed7d9655bb5,True,0.0,0.0,0.0,0.0,1.0,0.5,0.0
6022,c04b59204ebe55f9,True,1.0,1.0,1.0,0.0,1.0,1.0,0.5833333333333334
6023,553c80b72cdc5c04,True,1.0,1.0,0.8665585035173619,1.0,1.0,1.0,0.9443993764655675
6024,931c9ec2bfa55d47,True,1.0,1.0,0.7437440180575923,1.0,1.0,1.0,0.8932266741906635
6025,0d95350d8f3b516b,True,1.0,1.0,1.0,0.0,1.0,1.0,0.5833333333333334
6026,34d782c068c855be,True,1.0,1.0,1.0,1.0,1.0,1.0,1.0
6027,2458f368da645ef5,True,1.0,1.0,0.8757985357806637,1.0,1.0,1.0,0.94824938990861
6028,245bcbae35595474,True,0.0,1.0,0.0,0.0,1.0,1.0,0.0
6029,fdba4d15c05554e1,True,1.0,0.0,0.0,1.0,1.0,0.5,0.0
6030,e6d59439935a5309,True,1.0,1.0,1.0,1.0,1.0,1.0,1.0
6031,db73bde6710e50ca,True,1.0,0.0,0.0,1.0,1.0,1.0,0.0
6032,059ce9cd10135396,True,0.0,1.0,0.0,0.0,1.0,1.0,0.0
6033,52fae9c4f2025dc3,True,1.0,1.0,0.6525158516175964,1.0,1.0,1.0,0.8552149381739985
6034,4ed3817e66d85c10,True,1.0,0.0,0.0,1.0,1.0,1.0,0.0
6035,6eac1c0e2bbd57bb,True,1.0,1.0,0.9851956591082218,1.0,1.0,0.5,0.9938315246284257
6036,5a907598a1985222,True,1.0,1.0,0.889591150038576,1.0,1.0,1.0,0.9539963125160734
6037,1e80afcdb0b65cc4,True,1.0,1.0,1.0,1.0,1.0,1.0,1.0
6038,3b3e36e9d816563c,True,1.0,1.0,1.0,1.0,1.0,1.0,1.0
6039,cd7e9823f2b15e0f,True,1.0,1.0,1.0,0.0,1.0,1.0,0.5833333333333334
6040,28e28842e3d759da,True,1.0,1.0,0.9295973302279257,0.0,1.0,1.0,0.5539988875949691
6041,881f60d0faa35c17,True,1.0,1.0,0.8318268384318942,1.0,1.0,1.0,0.9299278493466225
6042,03a97a30526b5c14,True,1.0,1.0,0.7939885675379943,1.0,1.0,1.0,0.9141619031408309
6043,00a757f8d4e45f8c,True,1.0,0.0,0.0,1.0,1.0,1.0,0.0
6044,a4cd60ef102957cb,True,1.0,1.0,0.8477681412786278,1.0,1.0,1.0,0.9365700588660949
6045,41c548e7d8aa5f1a,True,1.0,1.0,0.7275554714367749,1.0,1.0,1.0,0.8864814464319896
6046,9eb02188c5505fe1,True,1.0,1.0,0.7702138895518994,1.0,1.0,1.0,0.9042557873132914
6047,f860c4879d1c5996,True,1.0,1.0,0.9402089538502845,1.0,1.0,1.0,0.9750870641042851
6048,2d55129330045d3f,True,1.0,1.0,1.0,1.0,1.0,1.0,1.0
6049,d78ce77ffdf75554,True,1.0,1.0,0.8027387165051753,1.0,1.0,1.0,0.917807798543823
6050,f07e9b76d6e0503d,True,1.0,1.0,0.9220643642813644,0.0,1.0,1.0,0.5508601517839019
6051,3a243db0d1d15fcf,True,1.0,1.0,0.5835247251941451,1.0,1.0,1.0,0.8264686354975606
6052,75994f74c5485493,True,1.0,1.0,0.9801738347951032,1.0,1.0,1.0,0.9917390978312929
6053,60fa28b4cd8a57fb,True,1.0,1.0,0.9161264966580837,0.0,1.0,1.0,0.5483860402742015
6054,92427e4a55475ba6,True,1.0,0.0,0.0,1.0,1.0,0.0,0.0
6055,71ae69a9499e559c,True,1.0,1.0,0.773207247879538,1.0,1.0,1.0,0.9055030199498075
6056,c823f9a693a05d93,True,1.0,1.0,0.9632397477140964,1.0,1.0,1.0,0.9846832282142067
6057,08e2e519ac1e5226,True,1.0,1.0,1.0,1.0,1.0,1.0,1.0
6058,bff155acea525206,True,1.0,1.0,1.0,1.0,1.0,1.0,1.0
6059,55dab3d9ebd95046,True,1.0,1.0,0.6884401200653094,1.0,1.0,1.0,0.8701833833605456
6060,dadc8dc029e15f0f,True,1.0,1.0,0.8289030332173228,1.0,1.0,1.0,0.9287095971738845
6061,581a74871330567f,True,1.0,0.0,0.0,1.0,1.0,1.0,0.0
6062,51754449a4dd5f27,True,1.0,1.0,1.0,1.0,1.0,1.0,1.0
6063,c239a3efe5df5739,True,1.0,1.0,0.9046991120855387,1.0,1.0,1.0,0.9602912967023078
6064,d14f40d60d165b25,True,1.0,1.0,0.7460531595818292,1.0,1.0,1.0,0.8941888164924289
6065,c1133aca1539575e,True,1.0,1.0,0.7975173989528802,1.0,1.0,1.0,0.9156322495637
6066,f8bec974b86952e9,True,1.0,1.0,0.8471603925222506,1.0,1.0,1.0,0.9363168302176045
6067,dc2a5d567a8e5f17,True,1.0,1.0,0.7939104509402636,1.0,1.0,1.0,0.9141293545584431
6068,82531fc4fe8f5a26,True,0.0,1.0,0.0,0.0,1.0,1.0,0.0
6069,b9c124bdb19956b7,True,1.0,1.0,1.0,1.0,1.0,1.0,1.0
6070,475a45837ca75030,True,1.0,1.0,0.8427867492654034,1.0,1.0,1.0,0.9344944788605848
6071,667fff5344295416,True,1.0,1.0,0.9231080219969674,1.0,1.0,1.0,0.9679616758320697
6072,da36c99454f65715,True,1.0,0.0,0.0,1.0,1.0,0.0,0.0
6073,650d84864184549e,True,1.0,1.0,0.7212410810178677,1.0,1.0,1.0,0.8838504504241115
6074,127b9e23f1805690,True,1.0,1.0,0.6144634964805413,1.0,1.0,1.0,0.8393597902002256
6075,323747032b285187,True,1.0,1.0,1.0,0.0,1.0,1.0,0.5833333333333334
6076,bcea19eeb57f5cfa,True,1.0,1.0,0.768777270936583,1.0,1.0,0.5,0.9036571962235763
6077,c943799f7b8c5f7f,True,1.0,1.0,0.7809726255076604,1.0,1.0,1.0,0.9087385939615252
6078,7755fb23f28f5b2f,True,0.0,0.0,0.0,0.0,1.0,0.0,0.0
6079,c8d4707fcc465f8b,True,0.0,1.0,0.0,0.0,1.0,1.0,0.0
6080,10ddf2c0942a5704,True,1.0,1.0,1.0,1.0,1.0,1.0,1.0
6081,38a5d409f1095059,True,1.0,0.0,0.0,1.0,1.0,1.0,0.0
6082,7c68734f0453501c,True,1.0,1.0,1.0,1.0,1.0,1.0,1.0
6083,a354ac8030d55e5e,True,1.0,1.0,1.0,1.0,1.0,1.0,1.0
6084,eeab709ca6e05d14,True,1.0,1.0,1.0,1.0,1.0,1.0,1.0
6085,b7568427b45a57c9,True,1.0,1.0,1.0,0.0,1.0,1.0,0.5833333333333334
6086,360d4a6ec45d53a3,True,1.0,1.0,0.9730762731066064,0.0,1.0,1.0,0.5721151137944193
6087,3123935b28265c80,True,1.0,1.0,1.0,1.0,1.0,1.0,1.0
6088,fbc9981c30745684,True,1.0,1.0,1.0,1.0,1.0,1.0,1.0
6089,6387e5c4dd2f5e2a,True,1.0,1.0,0.6211981617180746,1.0,1.0,1.0,0.8421659007158645
6090,555af87f71415a3d,True,1.0,1.0,1.0,1.0,1.0,1.0,1.0
6091,e0c8f4849910501f,True,1.0,1.0,0.9312069936197451,1.0,1.0,1.0,0.9713362473415605
6092,58169843acb45a62,True,1.0,1.0,1.0,1.0,1.0,1.0,1.0
6093,4256146a0b765876,True,1.0,1.0,1.0,1.0,1.0,1.0,1.0
6094,c7a44a2e52bc5e22,True,1.0,1.0,0.9272078119489892,1.0,1.0,0.5,0.9696699216454121
6095,ccce59bb3b3a5c29,True,1.0,1.0,1.0,1.0,1.0,1.0,1.0
6096,a627522c77eb526c,True,1.0,0.0,0.0,0.0,1.0,1.0,0.0
6097,667ea4f79faf5baa,True,1.0,1.0,0.5865359660889071,1.0,1.0,1.0,0.8277233192037112
6098,0a4cf95e90d45770,True,0.0,1.0,0.0,0.0,1.0,1.0,0.0
6099,ba02d873678c5cf9,True,1.0,1.0,1.0,1.0,1.0,1.0,1.0
6100,56783067f37c553f,True,1.0,1.0,0.5485151924251676,1.0,1.0,1.0,0.8118813301771531
6101,35f226ec4cac52fc,True,0.0,1.0,0.0,0.0,1.0,1.0,0.0
6102,96dd879c7e365dc9,True,1.0,1.0,0.8088373418866541,1.0,1.0,1.0,0.9203488924527726
6103,74a397722f465751,True,1.0,1.0,1.0,0.0,1.0,1.0,0.5833333333333334
6104,59baf497f88254c8,True,1.0,1.0,0.8262988952469131,1.0,1.0,1.0,0.9276245396862137
6105,8cafe946e9c752fc,True,1.0,1.0,0.9115390281501106,0.0,1.0,1.0,0.5464745950625461
6106,afe18a576559502d,True,1.0,1.0,1.0,1.0,1.0,1.0,1.0
6107,b9e84e372b3958ac,True,1.0,1.0,1.0,0.0,1.0,1.0,0.5833333333333334
6108,87efb8cf52135247,True,1.0,1.0,0.7473552099284587,1.0,1.0,1.0,0.8947313374701912
6109,e2efd574ab0b56a2,True,1.0,1.0,1.0,1.0,1.0,1.0,1.0
6110,bce567be125d523e,True,1.0,1.0,0.807914221266525,1.0,1.0,1.0,0.919964258861052
6111,a159a54ad01d5f4f,True,1.0,1.0,0.8957561478292249,1.0,1.0,1.0,0.9565650615955104
6112,616812339ccb533e,True,1.0,1.0,0.8427805292537263,1.0,1.0,1.0,0.9344918871890527
6113,239d1b8a77e05a6e,True,1.0,1.0,1.0,1.0,1.0,1.0,1.0
6114,4cdef6ce55a7542b,True,1.0,1.0,0.9073613089017215,1.0,1.0,1.0,0.9614005453757173
6115,0498b27fee425645,True,1.0,1.0,0.9301712988040699,1.0,1.0,1.0,0.9709047078350291
6116,0d40059cfdf75e7a,True,1.0,1.0,1.0,1.0,1.0,1.0,1.0
6117,5c55fbcddea45f87,True,1.0,1.0,0.8952509162223287,1.0,1.0,1.0,0.9563545484259702
6118,476c5597de1b5455,True,1.0,1.0,1.0,1.0,1.0,1.0,1.0
6119,14a11185124a508b,True,1.0,1.0,1.0,1.0,1.0,1.0,1.0
6120,7b6749c7b2795906,True,1.0,1.0,1.0,0.0,1.0,1.0,0.5833333333333334
6121,a52bce0753d8563e,True,1.0,0.0,0.0,1.0,1.0,1.0,0.0
6122,98042465f30c589d,True,1.0,1.0,1.0,1.0,1.0,1.0,1.0
6123,8cee2a96b57d58ba,True,1.0,1.0,1.0,1.0,1.0,1.0,1.0
6124,9ebf7c0f1b4f5f39,True,1.0,1.0,0.9815171938425135,1.0,1.0,1.0,0.992298830767714
6125,3d400bec249a5f88,True,1.0,1.0,0.8303467525395006,1.0,1.0,1.0,0.9293111468914587
6126,21e4dfb3741d529f,True,1.0,1.0,0.9823908577345948,1.0,1.0,1.0,0.9926628573894144
6127,9540f5a8db575a50,True,1.0,1.0,1.0,1.0,1.0,1.0,1.0
6128,66b9427f41385b55,True,1.0,1.0,0.7636110626555576,1.0,1.0,1.0,0.9015046094398157
6129,55eed45c895852b9,True,1.0,1.0,1.0,0.0,1.0,1.0,0.5833333333333334
6130,53feb52497035b3e,True,1.0,1.0,1.0,1.0,1.0,1.0,1.0
6131,a12c7f84ebd25b1e,True,1.0,1.0,0.8921890386295822,1.0,1.0,1.0,0.9550787660956592
6132,742119ab3b9753a7,True,1.0,1.0,0.8543423013081999,1.0,1.0,1.0,0.93930929221175
6133,2ba3f7adca335912,True,0.0,1.0,0.0,0.0,1.0,1.0,0.0
6134,038c0a3e665c51d2,True,1.0,1.0,0.9025134070105961,1.0,1.0,1.0,0.9593805862544151
6135,b793d920bf6f53cd,True,1.0,1.0,0.3639149063695967,1.0,1.0,1.0,0.7349645443206653
6136,f558dbb8523f552f,True,1.0,1.0,1.0,1.0,1.0,1.0,1.0
6137,df4dfd432ba25781,True,1.0,1.0,1.0,1.0,1.0,1.0,1.0
6138,ae7fdaafe2c250e6,True,1.0,1.0,1.0,1.0,1.0,1.0,1.0
6139,825663ce94fe5df1,True,1.0,1.0,0.8864776688982365,1.0,1.0,1.0,0.9526990287075986
6140,be9298a106f552af,True,1.0,1.0,0.9023292423493806,1.0,1.0,1.0,0.9593038509789086
6141,5c5d006eb7b854c3,True,1.0,1.0,0.7830564870189586,1.0,1.0,1.0,0.9096068695912328
6142,690d5fcd5dd056dc,True,1.0,1.0,0.9607574694975827,1.0,1.0,1.0,0.9836489456239929
6143,111191a59b9c53c2,True,1.0,1.0,0.8862767285544471,1.0,1.0,1.0,0.952615303564353
6144,4c5c196977b255f5,True,1.0,1.0,0.9557925097310609,1.0,1.0,1.0,0.981580212387942
6145,c4d424c8f74e5b70,True,1.0,1.0,1.0,0.0,1.0,1.0,0.5833333333333334
6146,a8a34f54618050f6,True,1.0,0.0,0.0,1.0,1.0,1.0,0.0
6147,3c462254687e5ef8,True,1.0,1.0,0.9834246567015278,1.0,1.0,1.0,0.9930936069589699
6148,08b1894421c455ed,True,1.0,1.0,1.0,1.0,1.0,1.0,1.0
6149,45224683225b5617,True,1.0,1.0,0.5125741380768194,1.0,1.0,1.0,0.7969058908653414
6150,cf081b6882d159f5,True,1.0,1.0,1.0,1.0,1.0,1.0,1.0
6151,e7b0fe1f4b13597c,True,0.0,1.0,0.0,0.0,1.0,1.0,0.0
6152,3e1daba01cbe5973,True,1.0,1.0,0.5921424083115667,1.0,1.0,1.0,0.8300593367964861
6153,ae01be6a753e5f98,True,1.0,1.0,0.8280116015324909,1.0,1.0,1.0,0.9283381673052045
6154,03e24d87e7315809,True,1.0,1.0,0.949745409477142,1.0,1.0,1.0,0.9790605872821425
6155,ab88e1b94ce953bf,True,1.0,1.0,0.8634222493962945,1.0,1.0,1.0,0.9430926039151227
6156,210e056a17d1522d,True,1.0,1.0,1.0,1.0,1.0,1.0,1.0
6157,34b8a3355a255f29,True,1.0,1.0,0.8959635054892748,1.0,1.0,1.0,0.9566514606205313
6158,62d4c8dfdef65bc5,True,1.0,1.0,0.9235104415228721,1.0,1.0,1.0,0.96812935063453
6159,bc1b30ec654c5d78,True,1.0,1.0,1.0,1.0,1.0,1.0,1.0
6160,83ec4461559c5388,True,1.0,1.0,1.0,1.0,1.0,1.0,1.0
6161,44699d8556a1519e,True,1.0,1.0,0.8020168838030719,1.0,1.0,1.0,0.9175070349179467
6162,ff5c0e17d20351ca,True,1.0,1.0,0.9570172559841723,1.0,1.0,1.0,0.9820905233267384
6163,d89b0ef5c58b5621,True,0.0,1.0,0.0,0.0,1.0,1.0,0.0
6164,114feecba2285649,True,1.0,1.0,1.0,0.0,1.0,1.0,0.5833333333333334
6165,45408d0676b7570c,True,1.0,1.0,0.6475697400218525,1.0,1.0,1.0,0.8531540583424385
6166,04aa69f18d255c96,True,1.0,1.0,0.030911263763072332,1.0,1.0,1.0,0.5962130265679468
6167,1ed78a92956f5c5c,True,1.0,1.0,0.8780864071939288,1.0,1.0,1.0,0.949202669664137
6168,c5b7c7d45f1d5ac1,True,1.0,1.0,1.0,1.0,1.0,1.0,1.0
6169,cd1304eac1a25f00,True,1.0,1.0,0.7681941887935052,1.0,1.0,1.0,0.9034142453306272
6170,bd5f0b15f9a65bf1,True,1.0,0.0,0.0,1.0,1.0,1.0,0.0
6171,aa5b0658c4e6529d,True,1.0,1.0,0.9402462044603477,1.0,1.0,1.0,0.9751025851918115
6172,ac04f9fd4233550c,True,1.0,0.0,0.0,1.0,1.0,1.0,0.0
6173,1f2bbc5cb66b523a,True,1.0,1.0,0.8708940956642269,1.0,1.0,1.0,0.9462058731934279
6174,3a8cbc5f12e25e1f,True,1.0,1.0,0.5076205131508156,1.0,1.0,1.0,0.7948418804795064
6175,622dde55dc125052,True,1.0,1.0,0.8881502036936573,1.0,1.0,1.0,0.9533959182056906
6176,37c15bc4d99a5365,True,1.0,1.0,0.8979593719972442,1.0,1.0,1.0,0.9574830716655184
6177,69dec5959d7d53a9,True,1.0,1.0,0.3633058409265128,1.0,1.0,1.0,0.7347107670527137
6178,f17ee11904385731,True,1.0,1.0,0.8567700873161737,1.0,1.0,1.0,0.9403208697150723
6179,278518f5fd0354b3,True,1.0,1.0,0.908059549044703,1.0,1.0,1.0,0.9616914787686263
6180,f590f07cbcc15388,True,1.0,1.0,0.66276578171254,1.0,1.0,1.0,0.859485742380225
6181,f55f99174afa5d7e,True,1.0,1.0,0.8386079707560206,1.0,1.0,1.0,0.932753321148342
6182,b3f47592bf415aa3,True,1.0,1.0,1.0,1.0,1.0,1.0,1.0
6183,f57f56e799be599f,True,1.0,1.0,1.0,0.0,1.0,1.0,0.5833333333333334
6184,58d40da0cce05d8c,True,1.0,1.0,0.0945141951432063,1.0,1.0,1.0,0.622714247976336
6185,ec5e157a5222534d,True,1.0,1.0,0.809872063880834,1.0,1.0,1.0,0.9207800266170141
6186,1586b456d978588f,True,1.0,1.0,1.0,1.0,1.0,0.5,1.0
6187,13b137cecf4b57e9,True,0.0,1.0,0.0,0.0,1.0,1.0,0.0
6188,377d556af9d25dab,True,1.0,1.0,0.011703871211783711,1.0,1.0,1.0,0.5882099463382432
6189,1a9928bcc34451aa,True,1.0,1.0,1.0,0.0,1.0,1.0,0.5833333333333334
6190,fb73ca8c7d5f5d34,True,1.0,1.0,1.0,1.0,1.0,1.0,1.0
6191,8e33b543120b53d5,True,1.0,1.0,0.49902509621320984,1.0,1.0,1.0,0.791260456755504
6192,418f3b3a155f5655,True,1.0,1.0,0.885189300108744,1.0,1.0,1.0,0.9521622083786433
6193,6b8774b008675f8d,True,1.0,1.0,0.8832690396298648,0.0,1.0,1.0,0.5346954331791104
6194,28ecaf0359ee5029,True,1.0,1.0,0.863201050110483,1.0,1.0,1.0,0.9430004375460346
6195,5b7d7e1a42c95cd7,True,1.0,0.0,0.0,1.0,1.0,1.0,0.0
6196,55d102de4d6150f8,True,1.0,1.0,0.9168779895010569,1.0,1.0,1.0,0.9653658289587738
6197,4cf1c34e608158a6,True,0.0,0.0,0.0,0.0,1.0,1.0,0.0
6198,b4bcd9085faf5842,True,1.0,1.0,0.8169395249347247,1.0,1.0,1.0,0.9237248020561353
6199,801f4878074a5a59,True,1.0,1.0,0.6638703708006908,1.0,1.0,1.0,0.8599459878336212
6200,1ce148cba6f35d51,True,1.0,1.0,1.0,1.0,1.0,1.0,1.0
6201,a28a7a914fbc5919,True,1.0,1.0,1.0,0.0,1.0,1.0,0.5833333333333334
6202,865033089cfd5288,True,1.0,1.0,0.8009457136542528,1.0,1.0,1.0,0.9170607140226054
6203,5c34deba76605c7b,True,1.0,1.0,1.0,1.0,1.0,1.0,1.0
6204,9efa05c9731a51d8,True,1.0,0.0,0.0,1.0,1.0,1.0,0.0
6205,36419e8c59275f61,True,1.0,0.0,0.0,1.0,1.0,1.0,0.0
6206,3d04f4c65587562b,True,1.0,1.0,1.0,0.0,1.0,0.0,0.5833333333333334
6207,c6c94bd6691c5008,True,1.0,1.0,1.0,1.0,1.0,1.0,1.0
6208,6303f880d5c05166,True,1.0,1.0,1.0,1.0,1.0,1.0,1.0
6209,8c4218fc392a52be,True,1.0,1.0,1.0,0.0,1.0,1.0,0.5833333333333334
6210,ccf5fed938d95a04,True,1.0,1.0,1.0,1.0,1.0,1.0,1.0
6211,0c931f9db55e5fcc,True,1.0,1.0,0.6122571745760864,1.0,1.0,1.0,0.8384404894067027
6212,f205efb84def5cc8,True,1.0,1.0,0.9263316563305107,1.0,1.0,1.0,0.9693048568043795
6213,5777bfe33e865897,True,1.0,1.0,0.6825513992449972,1.0,1.0,1.0,0.8677297496854154
6214,184ad79fb6555bf0,True,1.0,0.0,0.0,1.0,1.0,1.0,0.0
6215,bd09fe587b1a59e3,True,1.0,1.0,1.0,1.0,1.0,1.0,1.0
6216,59f118e966905d1e,True,0.0,1.0,0.0,0.0,1.0,1.0,0.0
6217,32a73ed06daa5b0e,True,1.0,1.0,0.9216938028218717,1.0,1.0,1.0,0.9673724178424465
6218,33f9f166f07350f1,True,1.0,0.0,0.0,1.0,1.0,1.0,0.0
6219,520f3dc854275784,True,1.0,1.0,0.9191962630462751,1.0,1.0,1.0,0.9663317762692812
6220,87e14b8fa1665ee2,True,1.0,1.0,0.028023701075309045,1.0,1.0,1.0,0.5950098754480454
6221,8d1b3ba5749b5a76,True,1.0,1.0,0.792112241060459,1.0,1.0,1.0,0.9133801004418579
6222,cc652b7870745fa5,True,1.0,0.0,0.0,1.0,1.0,1.0,0.0
6223,95c5cd4c17d9594a,True,1.0,1.0,0.9417165742353015,1.0,1.0,1.0,0.9757152392647089
6224,8cba6cacb16d5acc,True,1.0,1.0,0.912006747622678,1.0,1.0,1.0,0.9633361448427825
6225,d68d495f8f605301,True,1.0,1.0,0.8606015323518154,1.0,1.0,1.0,0.9419173051465898
6226,001d444661b45635,True,1.0,1.0,0.8109599120140639,1.0,1.0,1.0,0.9212332966725266
6227,f40172a8fb1a54ee,True,1.0,1.0,1.0,1.0,1.0,1.0,1.0
6228,0bc64fd1b3ff5d1a,True,0.0,1.0,0.0,0.0,1.0,1.0,0.0
6229,8fe72476d10c552a,True,1.0,1.0,0.9709696588018174,1.0,1.0,1.0,0.9879040245007573
6230,c73dd42b15465858,True,1.0,1.0,0.7776766344072509,1.0,1.0,1.0,0.9073652643363546
6231,3b3f3faf6778593f,True,1.0,1.0,1.0,1.0,1.0,1.0,1.0
6232,a58d5374dae0552a,True,1.0,1.0,0.7798535041088912,1.0,1.0,1.0,0.9082722933787046
6233,516c42e0454456b6,True,1.0,1.0,1.0,0.0,1.0,1.0,0.5833333333333334
6234,8d3c8a698ac65342,True,1.0,1.0,0.5646686543801789,1.0,1.0,1.0,0.8186119393250745
6235,8a4a0c6823cd5e33,True,1.0,1.0,0.9897373772047292,1.0,1.0,1.0,0.9957239071686371
6236,115e8a71aafc5d3d,True,1.0,1.0,0.7291974438020402,1.0,1.0,1.0,0.8871656015841834
6237,3ea43d5abad05188,True,1.0,1.0,1.0,0.0,1.0,1.0,0.5833333333333334
6238,574aa2eca31057d5,True,1.0,1.0,1.0,1.0,1.0,1.0,1.0
6239,d07c624bab3d5a61,True,1.0,1.0,1.0,1.0,1.0,1.0,1.0
6240,15bfed200b0d570e,True,1.0,1.0,0.7949178420742815,1.0,1.0,1.0,0.914549100864284
6241,45e8b10f95925c47,True,1.0,1.0,1.0,1.0,1.0,1.0,1.0
6242,8d04552a13985dc6,True,1.0,0.0,0.0,1.0,1.0,1.0,0.0
6243,bda5925fd37a5818,True,1.0,1.0,1.0,1.0,1.0,1.0,1.0
6244,d3719519c1f95276,True,1.0,1.0,0.817440746227454,1.0,1.0,1.0,0.9239336442614392
6245,876f405da0da5016,True,1.0,1.0,1.0,1.0,1.0,1.0,1.0
6246,0dd9b379a2e3595f,True,1.0,1.0,0.9034319027738666,1.0,1.0,1.0,0.9597632928224445
6247,59bb570b4290572d,True,1.0,0.0,0.0,1.0,1.0,1.0,0.0
6248,0ad9939a6b875bf8,True,1.0,0.0,0.0,1.0,1.0,1.0,0.0
6249,b5ee0c4a00765073,True,1.0,1.0,0.8851884598441851,1.0,1.0,1.0,0.9521618582684104
6250,248a920cf01751f1,True,1.0,1.0,1.0,1.0,1.0,1.0,1.0
6251,e36f096910ed562a,True,1.0,1.0,1.0,0.0,1.0,1.0,0.5833333333333334
6252,6f7c844cb6c0587a,True,1.0,1.0,1.0,1.0,1.0,1.0,1.0
6253,2e2cc58c9aa450e7,True,1.0,1.0,0.7642332664856241,1.0,1.0,1.0,0.9017638610356767
6254,8a02c25b58bb5a2b,True,1.0,1.0,1.0,0.0,1.0,1.0,0.5833333333333334
6255,2313aa310e16503d,True,1.0,1.0,1.0,1.0,1.0,1.0,1.0
6256,c15774bfb6655d18,True,1.0,1.0,0.950027676526863,0.0,1.0,1.0,0.562511531886193
6257,abe4fa26de85552d,True,1.0,1.0,1.0,1.0,1.0,1.0,1.0
6258,a3f82403e6945aa7,True,1.0,1.0,0.9927609353830903,1.0,1.0,1.0,0.9969837230762876
6259,177abd8780ad5476,True,1.0,1.0,1.0,1.0,1.0,1.0,1.0
6260,27f3c1e778bf5748,True,1.0,1.0,0.9045810514789472,1.0,1.0,1.0,0.9602421047828947
6261,6d83f0adc26e5ee5,True,1.0,1.0,0.7929809788495982,1.0,1.0,1.0,0.9137420745206658
6262,b2c6c9741b7b5638,True,1.0,1.0,0.6590837851643107,1.0,1.0,1.0,0.8579515771517962
6263,c0ee4f794af35185,True,1.0,1.0,1.0,1.0,1.0,1.0,1.0
6264,47d7aecedea25a0b,True,1.0,1.0,0.9607121661589021,1.0,1.0,1.0,0.9836300692328758
6265,a90317c305c3505a,True,1.0,1.0,1.0,0.0,1.0,1.0,0.5833333333333334
6266,820e9a9314405b62,True,1.0,1.0,1.0,1.0,1.0,1.0,1.0
6267,56706b5fe8b4575f,True,1.0,1.0,0.7861469394013637,1.0,1.0,1.0,0.9108945580839016
6268,3f87b5859c3c525a,True,1.0,1.0,1.0,1.0,1.0,1.0,1.0
6269,a161122c95815233,True,1.0,1.0,0.8710865748142075,1.0,1.0,1.0,0.9462860728392531
6270,0da8a13fb4855214,True,1.0,0.0,0.0,1.0,1.0,1.0,0.0
6271,2fc619c5acbe54b8,True,1.0,1.0,0.9439889791094656,1.0,1.0,1.0,0.976662074628944
6272,199bda2914215d57,True,0.0,1.0,0.0,0.0,1.0,1.0,0.0
6273,2dbaea2c3ad8531f,True,1.0,1.0,0.8998010290375552,1.0,1.0,1.0,0.958250428765648
6274,755461a5329554de,True,1.0,0.0,0.0,1.0,1.0,0.0,0.0
6275,32454d817bcb5305,True,1.0,1.0,1.0,1.0,1.0,1.0,1.0
6276,2025f4a272e15733,True,1.0,1.0,1.0,1.0,1.0,1.0,1.0
6277,4dad8cf0704c5c43,True,0.0,0.0,0.0,0.0,1.0,1.0,0.0
6278,5aad75c605655367,True,1.0,1.0,1.0,0.0,1.0,1.0,0.5833333333333334
6279,fca1702dec8a50c6,True,1.0,1.0,1.0,1.0,1.0,1.0,1.0
6280,aaf1c9da44cb567b,True,1.0,1.0,1.0,1.0,1.0,1.0,1.0
6281,6f790c3c333058b2,True,1.0,1.0,0.8039154371689493,1.0,1.0,0.0,0.9182980988203955
6282,08684d8a5d675f4a,True,1.0,1.0,1.0,1.0,1.0,1.0,1.0
6283,9a4e8cacd6095527,True,1.0,1.0,0.2576159835863435,1.0,1.0,1.0,0.6906733264943098
6284,dadda73214d15baf,True,1.0,1.0,0.948985753605285,0.0,1.0,1.0,0.5620773973355354
6285,ca62812a55ce5f0b,True,1.0,1.0,0.8667358604935037,1.0,1.0,1.0,0.9444732752056266
6286,3a161e0999b15823,True,1.0,1.0,0.8026277327439392,1.0,1.0,1.0,0.9177615553099746
6287,11182a0af9c95c8c,True,1.0,1.0,0.5050339691541319,0.0,1.0,1.0,0.377097487147555
6288,ca85e7b7b71559b3,True,1.0,0.0,0.0,1.0,1.0,1.0,0.0
6289,c9150b81da695ae9,True,1.0,1.0,0.38341052328786945,1.0,1.0,1.0,0.7430877180366123
6290,b94c811448e75d1c,True,1.0,1.0,0.9363407046091026,1.0,1.0,1.0,0.9734752935871261
6291,4cac9f6cd85a5b47,True,1.0,0.0,0.0,1.0,1.0,1.0,0.0
6292,8ca47b84db7053a8,True,0.0,1.0,0.0,0.0,1.0,1.0,0.0
6293,73eda22129255831,True,1.0,1.0,1.0,1.0,1.0,1.0,1.0
6294,c0afed32320d53ec,True,1.0,1.0,1.0,1.0,1.0,1.0,1.0
6295,3c7319cc63ab58c9,True,1.0,1.0,1.0,0.0,1.0,1.0,0.5833333333333334
6296,7c150adbe5225f20,True,1.0,1.0,1.0,0.0,1.0,1.0,0.5833333333333334
6297,d85c679f79b552ae,True,0.0,1.0,0.0,0.0,1.0,1.0,0.0
6298,95329718628e5f7f,True,1.0,1.0,1.0,0.0,1.0,1.0,0.5833333333333334
6299,6d08dce7cfaa5035,True,1.0,1.0,0.8520593280913517,1.0,1.0,1.0,0.9383580533713965
6300,d22135cc2a13514f,True,1.0,1.0,1.0,1.0,1.0,1.0,1.0
6301,efe0cf18491855e6,True,0.0,0.0,0.0,0.0,1.0,1.0,0.0
6302,116aacf9868e5e4e,True,1.0,1.0,0.9576446361046381,1.0,1.0,1.0,0.9823519317102658
6303,c1255801436851c4,True,1.0,1.0,1.0,1.0,1.0,1.0,1.0
6304,a78e1f18f3b255d8,True,1.0,1.0,0.7670292803145078,1.0,1.0,1.0,0.9029288667977116
6305,62eac0a6b7e05fbf,True,1.0,1.0,1.0,1.0,1.0,1.0,1.0
6306,3623049267d35a95,True,1.0,1.0,0.07203273370549433,1.0,1.0,1.0,0.6133469723772893
6307,f748ff8ee5be533a,True,1.0,1.0,0.703819211658012,1.0,1.0,1.0,0.8765913381908383
6308,79551644e9715069,True,1.0,1.0,1.0,0.0,1.0,1.0,0.5833333333333334
6309,b441db826d515eb7,True,1.0,1.0,0.49387041975439416,1.0,1.0,0.5,0.7891126748976642
6310,d5f582e6945d5bc3,True,1.0,1.0,0.0550149542918485,0.0,1.0,1.0,0.1895895642882702
6311,2575048779565f0b,True,0.0,0.0,0.0,0.0,1.0,0.0,0.0
6312,2d30620b507f5f7c,True,1.0,1.0,1.0,1.0,1.0,1.0,1.0
6313,a04a20407bf95386,True,1.0,1.0,0.8896797508469723,1.0,1.0,1.0,0.9540332295195718
6314,26710ebfab6d528c,True,1.0,1.0,1.0,1.0,1.0,0.5,1.0
6315,22dde440a0c35d31,True,1.0,1.0,0.8103107284036603,1.0,1.0,1.0,0.9209628035015252
6316,032ae6630661521a,True,1.0,1.0,1.0,1.0,1.0,1.0,1.0
6317,e074c5e6917e5f1d,True,1.0,1.0,0.9881890346632354,1.0,1.0,1.0,0.9950787644430147
6318,6d9b7998b38a52a3,True,1.0,1.0,0.4749358890288866,1.0,1.0,1.0,0.7812232870953695
6319,75a1c2654839522e,True,1.0,1.0,0.8517377670870389,1.0,1.0,1.0,0.9382240696195995
6320,3c0e4d6b508d5e10,True,1.0,1.0,0.9475241515901403,0.0,1.0,1.0,0.5614683964958918
6321,86fbb46276605d14,True,1.0,1.0,1.0,1.0,1.0,1.0,1.0
6322,fe41706ad44652b0,True,1.0,1.0,0.7636333458209935,1.0,1.0,1.0,0.9015138940920807
6323,92fe6ff13c005ee3,True,1.0,1.0,0.8008456933632081,1.0,1.0,1.0,0.9170190389013367
6324,f1940c1eca9857cb,True,1.0,1.0,1.0,1.0,1.0,1.0,1.0
6325,2371a65f76025bfd,True,1.0,0.0,0.0,1.0,1.0,1.0,0.0
6326,3bc4c087ab1a50a3,True,1.0,1.0,0.0022530821384913243,1.0,1.0,1.0,0.5842721175577047
6327,cdb1d43f01565d9c,True,1.0,1.0,1.0,1.0,1.0,1.0,1.0
6328,f9c41d66eb3c5d86,True,1.0,1.0,0.763782749896619,1.0,1.0,1.0,0.9015761457902579
6329,dddf76663455527f,True,1.0,1.0,0.8795315837258865,1.0,1.0,1.0,0.9498048265524527
6330,66c2b2bf35745563,True,1.0,1.0,0.9753613242694837,1.0,1.0,1.0,0.989733885112285
6331,d2440edd19d954b5,True,1.0,1.0,1.0,1.0,1.0,1.0,1.0
6332,bf8fcd79b7fa532d,True,1.0,1.0,0.9622114018821175,1.0,1.0,1.0,0.9842547507842156
6333,0beacadfbc4553ea,True,1.0,1.0,0.8128890754015924,1.0,1.0,1.0,0.9220371147506635
6334,815153cb27f95a7c,True,1.0,1.0,0.5562603031699217,1.0,1.0,1.0,0.8151084596541341
6335,1270261ff182534f,True,1.0,1.0,0.7443522020077596,1.0,1.0,1.0,0.8934800841698998
6336,210a1c9ce3725a53,True,1.0,1.0,1.0,0.0,1.0,1.0,0.5833333333333334
6337,f582317803e65752,True,1.0,1.0,0.8117780954672852,1.0,1.0,1.0,0.9215742064447022
6338,3e7bec3b1c4359b6,True,1.0,1.0,1.0,1.0,1.0,1.0,1.0
6339,83280d03b9995f85,True,1.0,1.0,0.9580317934527961,1.0,1.0,1.0,0.9825132472719984
6340,77761cd0edf15867,True,1.0,1.0,1.0,1.0,1.0,1.0,1.0
6341,105ca02169f45519,True,1.0,1.0,0.9865993219939427,0.0,1.0,1.0,0.5777497174974762
6342,0d2e670274c65f81,True,1.0,0.0,0.0,0.0,1.0,1.0,0.0
6343,435298980d7e5fb1,True,1.0,1.0,0.512162235995514,1.0,1.0,1.0,0.7967342649981308
6344,ee86c71bc0765fd0,True,0.0,0.0,0.0,0.0,1.0,1.0,0.0
6345,65107c981e1c568c,True,1.0,1.0,1.0,1.0,1.0,1.0,1.0
6346,afe269451bc757e1,True,1.0,1.0,0.5657551389147955,1.0,1.0,1.0,0.8190646412144981
6347,1e6597b57a335949,True,1.0,1.0,1.0,1.0,1.0,1.0,1.0
6348,47e3bbbd82b2583b,True,1.0,0.0,0.0,1.0,1.0,1.0,0.0
6349,1979ed31b57b59ea,True,0.0,1.0,0.0,0.0,1.0,1.0,0.0
6350,c07f609f83b85dd6,True,1.0,1.0,0.8829671221937213,1.0,1.0,1.0,0.9512363009140504
6351,8a7750196bc65a14,True,1.0,1.0,0.8454883767316573,1.0,1.0,1.0,0.9356201569715239
6352,23742ff81ee85c96,True,1.0,1.0,0.9802929856124307,1.0,1.0,1.0,0.9917887440051795
6353,eb2304df049d5ce3,True,1.0,1.0,1.0,1.0,1.0,1.0,1.0
6354,b7620d238eaf5023,True,1.0,1.0,1.0,1.0,1.0,1.0,1.0
6355,082381ecf93c57d6,True,1.0,1.0,0.6665042138335276,1.0,1.0,1.0,0.8610434224306366
6356,dc096269aef55bf0,True,1.0,1.0,0.8941746628774954,1.0,1.0,1.0,0.9559061095322897
6357,ada00fe35a595d6b,True,1.0,1.0,0.9781831787544942,1.0,1.0,1.0,0.9909096578143726
6358,dae9ebb7c5ff5c6a,True,1.0,1.0,1.0,1.0,1.0,1.0,1.0
6359,649ee93e67cc58bb,True,1.0,1.0,1.0,1.0,1.0,1.0,1.0
6360,8eda03e314a456a4,True,1.0,1.0,1.0,1.0,1.0,1.0,1.0
6361,1bf45a481f1d52e3,True,1.0,1.0,0.7242081752261864,1.0,1.0,1.0,0.8850867396775777
6362,0747dcc3a9b7501f,True,1.0,1.0,0.816666398275377,1.0,1.0,0.0,0.923610999281407
6363,fc844eb140035b27,True,1.0,1.0,1.0,1.0,1.0,1.0,1.0
6364,6b3d5914f92b54d9,True,1.0,1.0,0.7576188954866393,1.0,1.0,1.0,0.899007873119433
6365,584c0bd68dbb55e9,True,1.0,1.0,0.648583348269111,1.0,1.0,1.0,0.8535763951121296
6366,faa12c2adc7c521f,True,1.0,0.0,0.0,1.0,1.0,0.0,0.0
6367,b6765fe7ee17596e,True,1.0,1.0,1.0,1.0,1.0,1.0,1.0
6368,60dfaa1afc395c5d,True,1.0,1.0,1.0,1.0,1.0,1.0,1.0
6369,a15d7c93c85e5505,True,1.0,1.0,0.9405249025118507,1.0,1.0,1.0,0.9752187093799378
6370,d142ab856b7653df,True,1.0,0.0,0.0,1.0,1.0,1.0,0.0
6371,95005e9d60b05d1d,True,1.0,1.0,0.8696015522244606,1.0,1.0,1.0,0.9456673134268586
6372,0e5653822a7a56b3,True,1.0,0.0,0.0,1.0,1.0,1.0,0.0
6373,3c8a95ec33f45af6,True,1.0,1.0,0.7375370073013083,1.0,1.0,1.0,0.8906404197088785
6374,360670b878f45284,True,0.0,1.0,0.0,0.0,1.0,1.0,0.0
6375,774432c5e7b25128,True,1.0,0.0,0.0,1.0,1.0,1.0,0.0
6376,6350e3b4ec0a59dc,True,1.0,1.0,0.8563216423696782,1.0,1.0,1.0,0.9401340176540326
6377,eadc0f19b54352ae,True,1.0,0.0,0.0,1.0,1.0,1.0,0.0
6378,f2d4e4b013a3579e,True,1.0,1.0,0.9011816913499326,1.0,1.0,1.0,0.9588257047291386
6379,e64d993cb8a75338,True,0.0,0.0,0.0,0.0,1.0,1.0,0.0
6380,24db96c8c21753d5,True,0.0,1.0,0.0,0.0,1.0,1.0,0.0
6381,e1fe1575a4275d3c,True,1.0,1.0,1.0,1.0,1.0,1.0,1.0
6382,4300f964edbd5ce4,True,1.0,1.0,0.663012011370867,1.0,1.0,1.0,0.8595883380711946
6383,141d6f95ecf059c4,True,1.0,1.0,0.7033622141518626,1.0,1.0,0.5,0.8764009225632762
6384,fb00299d62585308,True,1.0,0.0,0.0,1.0,1.0,1.0,0.0
6385,144116b6c1e35d3e,True,1.0,1.0,0.6952192211445917,1.0,1.0,0.5,0.8730080088102466
6386,b6a5d96d702a5ffd,True,1.0,1.0,1.0,1.0,1.0,1.0,1.0
6387,ec04801554fb518f,True,1.0,1.0,0.9974803366235898,1.0,1.0,1.0,0.998950140259829
6388,a31780d642695a21,True,1.0,1.0,0.08974855716679567,1.0,1.0,1.0,0.6207285654861648
6389,d8320bd0be9a50b3,True,0.0,1.0,0.0,0.0,1.0,1.0,0.0
6390,166d08e80654527d,True,1.0,1.0,1.0,1.0,1.0,1.0,1.0
6391,8628470b20555c1d,True,1.0,0.0,0.0,1.0,1.0,0.5,0.0
6392,ceedeccf36c35c11,True,1.0,1.0,0.971368002378114,1.0,1.0,1.0,0.9880700009908808
6393,11de8888bf235231,True,1.0,1.0,1.0,1.0,1.0,1.0,1.0
6394,ee69970ae6f85870,True,1.0,1.0,1.0,1.0,1.0,1.0,1.0
6395,ad0c441309de5d2e,True,1.0,1.0,0.4641033654851919,1.0,1.0,0.0,0.7767097356188298
6396,4fbdc88ce3f75540,True,1.0,1.0,0.9499027874455265,1.0,1.0,1.0,0.979126161435636
6397,2e5997dafce45eb2,True,1.0,1.0,1.0,1.0,1.0,1.0,1.0
6398,159b8a11bd775e91,True,1.0,1.0,1.0,1.0,1.0,1.0,1.0
6399,69966a921d43544d,True,1.0,1.0,0.9619899890480953,1.0,1.0,1.0,0.9841624954367063
6400,a3c54d0e80375911,True,1.0,1.0,1.0,1.0,1.0,1.0,1.0
6401,6881586931a25031,True,1.0,1.0,0.6688287021421769,1.0,1.0,0.5,0.862011959225907
6402,73aaa82bd3bb596c,True,0.0,1.0,0.0,0.0,1.0,1.0,0.0
6403,accb5d206fd05911,True,1.0,1.0,0.8902422627141692,1.0,1.0,1.0,0.954267609464237
6404,860be3b6be785f37,True,1.0,1.0,0.9882253582680791,1.0,1.0,1.0,0.9950938992783662
6405,e98f83538a315982,True,1.0,1.0,0.8365002956534953,1.0,1.0,1.0,0.9318751231889563
6406,c5dfe79ae983556a,True,1.0,1.0,1.0,1.0,1.0,1.0,1.0
6407,6632c49f6f675b7b,True,1.0,1.0,1.0,1.0,1.0,1.0,1.0
6408,dc8fc926ef0451f1,True,1.0,1.0,1.0,1.0,1.0,1.0,1.0
6409,78e6dbb9ee735559,True,1.0,1.0,0.9817028374305478,1.0,1.0,1.0,0.9923761822627283
6410,14ee80bbba6b587a,True,1.0,1.0,0.7798495613525569,1.0,1.0,1.0,0.9082706505635653
6411,0f7e1062e04e5fb5,True,1.0,1.0,1.0,1.0,1.0,1.0,1.0
6412,6dca7faa6d145d77,True,1.0,1.0,0.9339177187595944,1.0,1.0,1.0,0.972465716149831
6413,ca41dc3231965d47,True,1.0,1.0,1.0,1.0,1.0,1.0,1.0
6414,c1f712e1aed35216,True,1.0,0.0,0.0,1.0,1.0,1.0,0.0
6415,9157902936a456bf,True,1.0,1.0,1.0,1.0,1.0,1.0,1.0
6416,16d4141f073d52f1,True,1.0,0.0,0.0,1.0,1.0,1.0,0.0
6417,f740386a50c45238,True,1.0,1.0,1.0,1.0,1.0,0.0,1.0
6418,d70c87fa9c59524a,True,1.0,1.0,1.0,0.0,1.0,1.0,0.5833333333333334
6419,671dcd0d1c86592c,True,1.0,1.0,0.6484328808853016,1.0,1.0,1.0,0.8535137003688756
6420,cb61b4237ad25a7c,True,1.0,1.0,0.9530615401862831,1.0,1.0,1.0,0.9804423084109514
6421,ba8688a796b55984,True,1.0,1.0,0.9910756398485558,1.0,1.0,0.5,0.996281516603565
6422,e699fb1c75b95e57,True,1.0,1.0,0.8717327363992965,1.0,1.0,1.0,0.9465553068330402
6423,e46bb2932c0452b2,True,0.0,1.0,0.0,0.0,1.0,1.0,0.0
6424,2d4b17f8d7585219,True,1.0,1.0,1.0,0.0,1.0,1.0,0.5833333333333334
6425,9bd57127fa3b5d8d,True,0.0,1.0,0.0,0.0,1.0,1.0,0.0
6426,b60cd9b5f9a75b57,True,1.0,1.0,0.8102575521132426,1.0,1.0,1.0,0.9209406467138511
6427,82fd7dab2b6b5101,True,1.0,1.0,1.0,0.0,1.0,1.0,0.5833333333333334
6428,31222d2fc6f95e0d,True,1.0,1.0,1.0,1.0,1.0,1.0,1.0
6429,9e7ae0e0f04255fa,True,0.0,1.0,0.0,0.0,1.0,0.5,0.0
6430,2b610cc56f635751,True,1.0,1.0,0.9881749041129315,1.0,1.0,1.0,0.9950728767137215
6431,50cc657e2283511b,True,1.0,1.0,0.8868365870301886,1.0,1.0,1.0,0.9528485779292453
6432,6e821a856fe45177,True,1.0,1.0,1.0,1.0,1.0,1.0,1.0
6433,6d9063dd44bc55cc,True,0.0,1.0,0.0,0.0,1.0,1.0,0.0
6434,3f85ed22ffdf5683,True,1.0,1.0,0.8329688886523453,1.0,1.0,0.5,0.9304037036051439
6435,2b4e72f733d35e89,True,1.0,1.0,1.0,1.0,1.0,1.0,1.0
6436,14b6e7ce317d531f,True,0.0,0.0,0.0,0.0,1.0,1.0,0.0
6437,84b38cdaa93e5dcd,True,1.0,1.0,0.8012871389774283,1.0,1.0,1.0,0.9172029745739284
6438,e6c5a792f2f058f3,True,1.0,1.0,0.972847101763894,1.0,1.0,1.0,0.9886862924016224
6439,e3caf69e02f857ba,True,1.0,1.0,0.9181646744025,1.0,1.0,1.0,0.9659019476677084
6440,edf7e758c7075ce8,True,1.0,1.0,0.0,1.0,1.0,1.0,0.5833333333333334
6441,071f7885a37e591f,True,1.0,1.0,1.0,1.0,1.0,1.0,1.0
6442,38d4aa43f5f25eeb,True,1.0,1.0,1.0,1.0,1.0,1.0,1.0
6443,fad5349c0f7c501a,True,1.0,1.0,0.7814668602912835,1.0,1.0,1.0,0.9089445251213681
6444,516cb0d01d1f5b32,True,1.0,1.0,0.8682763385077356,1.0,1.0,1.0,0.9451151410448899
6445,431840d399445a32,True,1.0,0.0,0.0,1.0,1.0,1.0,0.0
6446,0f24ec666e145cab,True,1.0,0.0,0.0,1.0,1.0,1.0,0.0
6447,72a43a590e3758f8,True,1.0,1.0,0.7229419357245935,1.0,1.0,1.0,0.8845591398852473
6448,260d0c0225eb534d,True,1.0,1.0,1.0,1.0,1.0,1.0,1.0
6449,3866b4b85a135f66,True,0.0,1.0,0.0,0.0,1.0,1.0,0.0
6450,e91f2da06b8e517f,True,1.0,1.0,1.0,0.0,1.0,1.0,0.5833333333333334
6451,485b59c15a7d5e8f,True,1.0,1.0,0.8910151868724656,1.0,1.0,1.0,0.9545896611968606
6452,4860585d53665508,True,1.0,1.0,1.0,1.0,1.0,1.0,1.0
6453,c6e9b00edaa454da,True,1.0,1.0,0.06028350537543019,1.0,1.0,1.0,0.6084514605730958
6454,ac2f5c84d6fc5cdf,True,1.0,1.0,0.8110000174765426,1.0,1.0,1.0,0.9212500072818927
6455,0f206a62842b59b2,True,1.0,1.0,1.0,1.0,1.0,1.0,1.0
6456,cd96f8a73c7a5d07,True,1.0,1.0,0.8860695168814388,0.0,1.0,1.0,0.5358622987005995
6457,17da0f4b109154d4,True,1.0,1.0,0.9035956142934142,1.0,1.0,0.0,0.9598315059555892
6458,f21d5b2f9a5e5276,True,1.0,0.0,0.0,0.0,1.0,0.5,0.0
6459,dcdacf7509ed5062,True,1.0,1.0,0.9014462897474304,0.0,1.0,1.0,0.5422692873947627
6460,0f31cc38f9f55c9a,True,1.0,1.0,0.7550457312707398,1.0,1.0,0.5,0.8979357213628082
6461,e0b46b7248a75fc9,True,1.0,1.0,0.8055700042236746,1.0,1.0,1.0,0.9189875017598644
6462,1fd8eed8897a5667,True,0.0,1.0,0.0,0.0,1.0,1.0,0.0
6463,09d424ddf3a558b3,True,1.0,0.0,0.0,1.0,1.0,1.0,0.0
6464,7fded53ec049537a,True,1.0,1.0,1.0,1.0,1.0,1.0,1.0
6465,85482a4d20fd5eac,True,1.0,0.0,0.0,1.0,1.0,1.0,0.0
6466,b3b8544db9025d6a,True,1.0,1.0,1.0,1.0,1.0,1.0,1.0
6467,5abef8058afa529f,True,1.0,1.0,1.0,1.0,1.0,1.0,1.0
6468,44cd06a315635c09,True,1.0,1.0,0.8085502364928308,1.0,1.0,1.0,0.9202292652053462
6469,c2466f5ae7a25ad8,True,1.0,1.0,0.7216247474504663,1.0,1.0,1.0,0.8840103114376943
6470,8564551c362e5f26,True,1.0,1.0,0.9856545031499446,1.0,1.0,1.0,0.9940227096458103
6471,ce27f725951058f3,True,0.5,0.0,0.0,0.0,1.0,1.0,0.0
6472,60991b5c52d85113,True,1.0,1.0,1.0,1.0,1.0,1.0,1.0
6473,7d296a6ef0955155,True,0.0,1.0,0.0,0.0,1.0,1.0,0.0
6474,56587c89d25856b7,True,1.0,1.0,0.9999413182017276,1.0,1.0,0.0,0.99997554925072
6475,f3047391e1f25aad,True,1.0,1.0,1.0,1.0,1.0,1.0,1.0
6476,4849a426de8e5d24,True,1.0,1.0,1.0,0.0,1.0,1.0,0.5833333333333334
6477,f4fc2446b41e55ba,True,1.0,1.0,0.9830805975169735,1.0,1.0,1.0,0.9929502489654056
6478,ef23fc3dea3551b5,True,1.0,1.0,1.0,1.0,1.0,1.0,1.0
6479,cd9db9ad41d35989,True,0.0,1.0,0.0,0.0,1.0,1.0,0.0
6480,fda70850d06c51a1,True,1.0,1.0,1.0,1.0,1.0,1.0,1.0
6481,28f3ee6207ae50d6,True,1.0,1.0,0.9965973933136633,1.0,1.0,1.0,0.9985822472140263
6482,43440ae761cd5a8e,True,1.0,1.0,0.9485054823464992,1.0,1.0,1.0,0.978543950977708
6483,bc667a4fc0f454d7,True,0.0,1.0,0.0,0.0,1.0,1.0,0.0
6484,f4af3907bb665bf7,True,1.0,1.0,1.0,1.0,1.0,1.0,1.0
6485,f84b6dbc1cd35f61,True,1.0,1.0,0.9616407967486778,1.0,1.0,1.0,0.9840169986452825
6486,cdf8b694cdb75ac7,True,1.0,1.0,0.9786502173535293,0.0,1.0,1.0,0.5744375905639706
6487,c41d82a41da35d8d,True,1.0,1.0,0.8247263451370636,1.0,1.0,1.0,0.9269693104737765
6488,1aa15402bceb5743,True,1.0,1.0,0.7270898743575582,1.0,1.0,1.0,0.8862874476489826
6489,7bb715f6c245555e,True,1.0,0.0,0.0,1.0,1.0,1.0,0.0
6490,2576105926375ce7,True,1.0,1.0,0.8562996254568326,1.0,1.0,1.0,0.9401248439403469
6491,31602c26eedc5f7e,True,1.0,1.0,0.9633224485177746,1.0,1.0,1.0,0.984717686882406
6492,f01fa850d0455e68,True,1.0,1.0,0.6503952715707612,1.0,1.0,1.0,0.8543313631544839
6493,9389ef5de0935e29,True,1.0,1.0,0.6617575541095697,1.0,1.0,1.0,0.8590656475456541
6494,b657c9d393895b93,True,1.0,1.0,0.8912002696360596,1.0,1.0,1.0,0.9546667790150248
6495,d96d1690e3c05f36,True,1.0,1.0,1.0,1.0,1.0,1.0,1.0
6496,007845701f635565,True,1.0,1.0,0.964496390735309,1.0,1.0,1.0,0.9852068294730455
6497,14297ef551f652d3,True,1.0,0.0,0.0,0.0,1.0,1.0,0.0
6498,816c515aa3dc5462,True,1.0,1.0,1.0,1.0,1.0,1.0,1.0
6499,59b32114d8b252c8,True,1.0,1.0,0.005615151617535598,1.0,1.0,1.0,0.5856729798406398
6500,e610e8c900a75a0b,True,1.0,1.0,1.0,0.0,1.0,1.0,0.5833333333333334
6501,871164a7e40652b5,True,1.0,1.0,0.8050168542493673,1.0,1.0,1.0,0.918757022603903
6502,32e38b7677e15f69,True,1.0,1.0,1.0,1.0,1.0,1.0,1.0
6503,cbb499611c3f53ca,True,1.0,1.0,1.0,1.0,1.0,1.0,1.0
6504,371672ed85805daf,True,1.0,1.0,1.0,0.0,1.0,1.0,0.5833333333333334
6505,4b6b3a81cc235dbf,True,1.0,0.0,0.0,1.0,1.0,1.0,0.0
6506,a6d4b1f4870852a4,True,1.0,1.0,0.957554898444645,1.0,1.0,1.0,0.982314541018602
6507,8615a4df3a525ccc,True,1.0,1.0,0.9282166853060771,1.0,1.0,1.0,0.9700902855441988
6508,05d010f73fab576b,True,1.0,1.0,0.5663047687165486,1.0,1.0,1.0,0.8192936536318953
6509,fd30fae9e4f35fa8,True,1.0,1.0,0.7314385230726195,1.0,1.0,1.0,0.8880993846135915
6510,064018bfafb05f56,True,1.0,1.0,0.9942961818105068,1.0,1.0,1.0,0.9976234090877112
6511,98045d12586d50b6,True,1.0,1.0,1.0,0.0,1.0,1.0,0.5833333333333334
6512,ab4401719a355a62,True,1.0,1.0,0.8667660877293282,1.0,1.0,1.0,0.9444858698872199
6513,fa861c2b864254dc,True,1.0,1.0,0.7550148728031458,1.0,1.0,1.0,0.8979228636679775
6514,a6fd750fe57d5bb9,True,1.0,1.0,1.0,0.0,1.0,1.0,0.5833333333333334
6515,9bbdfa78ebc85eec,True,0.5,1.0,0.7109812031950401,0.0,1.0,1.0,0.23145441733230002
6516,1d7a96e116735b6c,True,1.0,1.0,0.7781705876987894,1.0,1.0,1.0,0.9075710782078289
6517,f2592c08589e5398,True,1.0,0.0,0.0,1.0,1.0,0.5,0.0
6518,67628d15c5b45860,True,1.0,1.0,0.813253099535588,1.0,1.0,1.0,0.9221887914731616
6519,6f2459c4df665173,True,1.0,1.0,0.9802198333572288,1.0,1.0,1.0,0.9917582638988454
6520,d0afb786443a5659,True,1.0,1.0,0.4642873722111157,0.0,1.0,0.5,0.36011973842129824
6521,5b14b00087b051e3,True,1.0,1.0,1.0,1.0,1.0,1.0,1.0
6522,2a06b778a64b545e,True,1.0,1.0,0.9389386532457618,1.0,1.0,1.0,0.974557772185734
6523,fc48d9805c955217,True,1.0,1.0,0.023857666433026843,1.0,1.0,1.0,0.5932740276804279
6524,2fdb40cf92e75107,True,1.0,1.0,0.9709076668052209,1.0,1.0,1.0,0.9878781945021754
6525,c0b8f52197ac558c,True,0.0,1.0,0.0,0.0,1.0,1.0,0.0
6526,e13e38532130514b,True,1.0,1.0,1.0,1.0,1.0,1.0,1.0
6527,d232efb9cc535426,True,1.0,0.0,0.0,1.0,1.0,0.0,0.0
6528,faf6d9be89f0538c,True,1.0,1.0,0.901225574649162,1.0,1.0,1.0,0.9588439894371508
6529,36e1ce5794595e73,True,0.0,1.0,0.0,0.0,1.0,1.0,0.0
6530,8d27ff75eeb1559e,True,1.0,1.0,0.8533595183591375,0.0,1.0,0.5,0.5222331326496407
6531,fde793c65573590a,True,1.0,1.0,0.7018793898406998,1.0,1.0,1.0,0.8757830791002915
6532,068a26b124475a4a,True,1.0,1.0,1.0,1.0,1.0,1.0,1.0
6533,208247acd8ca5e2c,True,1.0,1.0,0.9405716589157468,1.0,1.0,1.0,0.9752381912148945
6534,11356a48a75c5e31,True,1.0,1.0,1.0,1.0,1.0,1.0,1.0
6535,dc47dc70547551f6,True,1.0,1.0,0.9500063398084633,0.0,1.0,1.0,0.5625026415868597
6536,4885d99d4c3959b8,True,1.0,1.0,0.6310189458116233,1.0,1.0,1.0,0.8462578940881764
6537,aef33fdade585ab3,True,1.0,1.0,1.0,0.0,1.0,1.0,0.5833333333333334
6538,7e2675bbae325f36,True,1.0,0.0,0.0,1.0,1.0,1.0,0.0
6539,40d51aff75a85ab9,True,1.0,1.0,1.0,0.0,1.0,1.0,0.5833333333333334
6540,7d368be282b85528,True,1.0,1.0,1.0,0.0,1.0,1.0,0.5833333333333334
6541,3009df5312fa581c,True,1.0,1.0,0.9348563721188181,1.0,1.0,1.0,0.9728568217161743
6542,95ee5b14fb3a5ce0,True,1.0,1.0,1.0,1.0,1.0,1.0,1.0
6543,07c46d77aba054ec,True,1.0,1.0,1.0,1.0,1.0,0.5,1.0
6544,3265a706c55157b2,True,1.0,1.0,1.0,1.0,1.0,1.0,1.0
6545,cb84621ac42a5df2,True,1.0,1.0,0.8831416699959842,0.0,1.0,1.0,0.5346423624983268
6546,c3cdc9086b1a55f6,True,1.0,1.0,0.6470862029175911,1.0,1.0,0.5,0.8529525845489964
6547,a19a97133a285e39,True,1.0,1.0,1.0,1.0,1.0,1.0,1.0
6548,2963ac11563356d9,True,1.0,1.0,0.9295131213220775,1.0,1.0,1.0,0.9706304672175324
6549,efe7a294e40e5508,True,1.0,1.0,1.0,0.0,1.0,1.0,0.5833333333333334
6550,bc089c23e7f95250,True,1.0,1.0,0.842072155102496,1.0,1.0,1.0,0.9341967312927068
6551,1559a9e324d6519d,True,1.0,1.0,1.0,1.0,1.0,1.0,1.0
6552,04424acda0755c93,True,1.0,1.0,1.0,1.0,1.0,1.0,1.0
6553,c2ce362b9cf95fee,True,1.0,1.0,0.5717026654302907,1.0,1.0,1.0,0.821542777262621
6554,cbdda157b6705786,True,1.0,1.0,0.7221239038729029,1.0,1.0,1.0,0.8842182932803763
6555,50b72b9404da516c,True,1.0,1.0,1.0,1.0,1.0,1.0,1.0
6556,ca68dbc018a35aa3,True,1.0,1.0,1.0,1.0,1.0,1.0,1.0
6557,dd25fc02c23c537b,True,1.0,1.0,1.0,1.0,1.0,1.0,1.0
6558,dbb9c9811b275fd8,True,1.0,1.0,0.43865910288306237,1.0,1.0,1.0,0.7661079595346093
6559,50ffc42cec865b2e,True,1.0,1.0,0.8184307457267109,1.0,1.0,1.0,0.9243461440527962
6560,980e0f0b4d975c23,True,1.0,1.0,1.0,1.0,1.0,1.0,1.0
6561,9ac3f47635bd5fe1,True,1.0,1.0,0.8432785170130743,1.0,1.0,1.0,0.9346993820887809
6562,4d6f4dbf01c2567c,True,1.0,1.0,1.0,1.0,1.0,1.0,1.0
6563,0c4bf4c931b05734,True,1.0,1.0,0.7805799707576601,1.0,1.0,1.0,0.9085749878156917
6564,94693a54967757f6,True,1.0,1.0,1.0,1.0,1.0,1.0,1.0
6565,c6aec764d6d059e9,True,1.0,1.0,0.8810403120702958,1.0,1.0,1.0,0.9504334633626232
6566,c4fd814210875a8e,True,0.0,1.0,0.0,1.0,1.0,1.0,0.0
6567,324f93888ec35bb2,True,1.0,0.0,0.0,1.0,1.0,0.5,0.0
6568,eb7ed87b4ef65273,True,1.0,1.0,1.0,1.0,1.0,1.0,1.0
6569,9926034a82415038,True,0.5,0.0,0.0,0.0,1.0,0.5,0.0
6570,70b9e5ded0b057d7,True,1.0,1.0,1.0,1.0,1.0,1.0,1.0
6571,249dd85ebaa65b9f,True,1.0,1.0,1.0,1.0,1.0,1.0,1.0
6572,e4ec48f9d6f85d23,True,1.0,1.0,0.8679366948003554,1.0,1.0,1.0,0.9449736228334814
6573,71af26e14ba65545,True,1.0,0.0,0.0,1.0,1.0,0.5,0.0
6574,11936935515f5daa,True,1.0,1.0,1.0,1.0,1.0,1.0,1.0
6575,aff4d44c562f5eef,True,1.0,1.0,1.0,1.0,1.0,1.0,1.0
6576,fc14b78a566f5620,True,1.0,0.0,0.0,1.0,1.0,1.0,0.0
6577,9ffd8ba0c7f75398,True,1.0,1.0,0.8101558477308556,1.0,1.0,1.0,0.9208982698878566
6578,dc3b040ef45c5094,True,1.0,1.0,0.8476010343687986,1.0,1.0,1.0,0.9365004309869995
6579,86c5b7af4b47513d,True,1.0,1.0,0.926322489795042,1.0,1.0,1.0,0.9693010374146008
6580,68513836ad24543b,True,1.0,1.0,1.0,0.0,1.0,1.0,0.5833333333333334
6581,5041cdf76ecb5ee7,True,1.0,1.0,0.5501815960614531,1.0,1.0,1.0,0.8125756650256054
6582,44f758bf2bee53ce,True,0.0,1.0,0.0,0.0,1.0,1.0,0.0
6583,9b0a5826d2d357d8,True,1.0,1.0,0.7392128493687055,1.0,1.0,1.0,0.8913386872369605
6584,72d13a5ce3af5ca6,True,1.0,1.0,1.0,1.0,1.0,1.0,1.0
6585,7021139b47cf5370,True,1.0,1.0,0.8738179683121726,1.0,1.0,1.0,0.9474241534634054
6586,e69feea0fa7953e0,True,1.0,1.0,0.8609077631883201,1.0,1.0,1.0,0.9420449013284667
6587,7d70562315ff5bc1,True,0.0,1.0,0.0,0.0,1.0,1.0,0.0
6588,4b347fca93c65596,True,1.0,1.0,0.7307586445305337,1.0,1.0,1.0,0.8878161018877223
6589,75f5cc1f425c501d,True,1.0,1.0,1.0,1.0,1.0,1.0,1.0
6590,f534c8da0962552c,True,1.0,1.0,0.9884053164760435,1.0,1.0,1.0,0.9951688818650181
6591,c0c3f6eb7f445755,True,1.0,1.0,0.897059223340563,1.0,1.0,1.0,0.9571080097252346
6592,f71e5dcd9df85d97,True,1.0,0.0,0.0,1.0,1.0,0.0,0.0
6593,aa09b515e34356f4,True,1.0,1.0,0.4398164060680498,1.0,1.0,1.0,0.7665901691950207
6594,9e2706d88b3f553f,True,1.0,0.0,0.0,1.0,1.0,1.0,0.0
6595,520e72270acb562a,True,1.0,1.0,0.9182726154237758,1.0,1.0,1.0,0.9659469230932398
6596,5966bd50b16558ca,True,1.0,1.0,0.6533367132242189,1.0,1.0,1.0,0.8555569638434246
6597,fdc43c8424a256ce,True,1.0,1.0,0.6809455697286105,1.0,1.0,1.0,0.8670606540535877
6598,4bc122716deb519f,True,1.0,1.0,1.0,1.0,1.0,1.0,1.0
6599,18d232e64db55ba9,True,1.0,1.0,1.0,0.0,1.0,1.0,0.5833333333333334
6600,f2280f25f98852c0,True,1.0,1.0,1.0,1.0,1.0,1.0,1.0
6601,aa41c7c6037e5950,True,1.0,1.0,0.6633131469147273,1.0,1.0,1.0,0.8597138112144697
6602,d0bf0c6c025c5c8c,True,1.0,0.0,0.0,1.0,1.0,1.0,0.0
6603,999785384adc5afe,True,1.0,1.0,1.0,1.0,1.0,1.0,1.0
6604,ef72c411731f5e79,True,1.0,1.0,0.5008176387017874,1.0,1.0,1.0,0.7920073494590781
6605,8e711b3a85205804,True,1.0,1.0,0.9722683639119631,1.0,1.0,1.0,0.9884451516299846
6606,642ba15d21c05f4e,True,1.0,0.0,0.0,0.0,1.0,1.0,0.0
6607,4d2885661a535f9b,True,1.0,1.0,0.9029526209120959,1.0,1.0,1.0,0.9595635920467066
6608,4d8b083f00675de2,True,1.0,1.0,1.0,1.0,1.0,1.0,1.0
6609,1ac0023fd2655313,True,1.0,1.0,1.0,0.0,1.0,1.0,0.5833333333333334
6610,a366d90f10ca5866,True,1.0,0.0,0.0,1.0,1.0,1.0,0.0
6611,3ba2c46a8d445efd,True,1.0,1.0,0.9176208573730347,1.0,1.0,1.0,0.9656753572387644
6612,ab2ac765df3154b7,True,1.0,1.0,1.0,1.0,1.0,1.0,1.0
6613,1e1913cd8d035225,True,0.0,1.0,0.0,0.0,1.0,1.0,0.0
6614,562019740aeb5d7e,True,1.0,1.0,1.0,1.0,1.0,1.0,1.0
6615,bdaa773585685d09,True,1.0,1.0,0.34746866056103526,1.0,1.0,0.5,0.7281119419004313
6616,60c5f18db58c54da,True,1.0,1.0,0.875019017913499,1.0,1.0,1.0,0.9479245907972912
6617,b39406677030585e,True,0.0,1.0,0.0,0.0,1.0,1.0,0.0
6618,166b654c0db95953,True,1.0,1.0,1.0,1.0,1.0,1.0,1.0
6619,bf0fa6fe20b5587f,True,1.0,1.0,1.0,1.0,1.0,1.0,1.0
6620,7d66b9b9d4df5fe8,True,0.0,1.0,0.0,0.0,1.0,1.0,0.0
6621,404a7bf372cb5eac,True,1.0,1.0,0.7364498250826228,1.0,1.0,1.0,0.8901874271177596
6622,1e751703427e5a3c,True,1.0,1.0,0.834447088479964,1.0,1.0,1.0,0.9310196201999851
6623,8fb6a2364e0c53f9,True,1.0,1.0,1.0,0.0,1.0,1.0,0.5833333333333334
6624,fe800ded24045b44,True,1.0,1.0,1.0,1.0,1.0,1.0,1.0
6625,7cf4a1ba9b6054f9,True,1.0,0.0,0.0,1.0,1.0,1.0,0.0
6626,bc949c2045ca5537,True,1.0,1.0,0.8363407541919479,1.0,1.0,1.0,0.9318086475799783
6627,94500c64b0e457bb,True,1.0,1.0,0.8484436656179951,1.0,1.0,1.0,0.9368515273408313
6628,b08965aff8165bec,True,1.0,1.0,0.9584663456845854,1.0,1.0,1.0,0.9826943107019105
6629,7c30e0debf0c532b,True,1.0,1.0,0.9334586746189033,1.0,1.0,1.0,0.9722744477578763
6630,63eeb15e6e3e5504,True,0.0,1.0,0.0,0.0,1.0,1.0,0.0
6631,e5ab81a4896751e3,True,1.0,1.0,1.0,1.0,1.0,1.0,1.0
6632,d11fc492a41e5279,True,1.0,1.0,0.922280103300859,0.0,1.0,1.0,0.5509500430420246
6633,290091fca02b5939,True,1.0,0.0,0.0,1.0,1.0,1.0,0.0
6634,aefbf6f8b9fe5824,True,0.0,1.0,0.0,0.0,1.0,1.0,0.0
6635,c65a7b2b6f8c527e,True,0.0,1.0,0.0,0.0,1.0,1.0,0.0
6636,699a6c3e2fc4597e,True,1.0,1.0,0.8531960675576669,1.0,1.0,1.0,0.9388316948156946
6637,c62dafe55b9d538d,True,1.0,1.0,1.0,1.0,1.0,1.0,1.0
6638,48b503ec9c5a5d7a,True,1.0,1.0,0.9286740020043353,1.0,1.0,1.0,0.9702808341684731
6639,301f483843535f89,True,1.0,1.0,1.0,1.0,1.0,1.0,1.0
6640,0b81fee06b6156d5,True,1.0,1.0,1.0,1.0,1.0,1.0,1.0
6641,7d9515c88f0254f4,True,1.0,0.0,0.0,1.0,1.0,1.0,0.0
6642,2640335fd6565b4f,True,1.0,1.0,1.0,1.0,1.0,1.0,1.0
6643,3f188244418552d9,True,1.0,1.0,0.6059093497004361,1.0,1.0,0.5,0.8357955623751817
6644,960b735b1eac5dab,True,1.0,1.0,1.0,1.0,1.0,1.0,1.0
6645,8f1247f8436c5208,True,1.0,1.0,0.832145530706834,1.0,1.0,1.0,0.9300606377945142
6646,ed2466a660ba5661,True,1.0,1.0,1.0,1.0,1.0,1.0,1.0
6647,b6131f42e3c05ea1,True,1.0,1.0,0.7203238109429569,1.0,1.0,0.0,0.8834682545595655
6648,bd2591ae189c5a38,True,1.0,1.0,1.0,1.0,1.0,1.0,1.0
6649,0b3a16034cc35dc0,True,1.0,1.0,0.8187378829334557,0.0,1.0,1.0,0.5078074512222732
6650,c4b85436e314515b,True,1.0,1.0,0.5565850663307429,1.0,1.0,1.0,0.8152437776378095
6651,1b00de050fdd5214,True,1.0,1.0,1.0,1.0,1.0,1.0,1.0
6652,8084b4b0d97b5d93,True,1.0,1.0,1.0,1.0,1.0,1.0,1.0
6653,604bdac2bba05309,True,1.0,1.0,0.6714958377760869,1.0,1.0,1.0,0.8631232657400362
6654,95a4b51d1d865ba0,True,1.0,1.0,0.6978014992083927,1.0,1.0,1.0,0.874083958003497
6655,dfb58c90fd2e52fa,True,1.0,1.0,0.5524938469779025,1.0,1.0,1.0,0.8135391029074593
6656,c418551cd6285092,True,1.0,1.0,0.8410911667966079,1.0,1.0,0.0,0.9337879861652533
6657,11f0b99dbce15be4,True,1.0,1.0,1.0,1.0,1.0,1.0,1.0
6658,7f572219da4e5fd4,True,1.0,1.0,1.0,1.0,1.0,1.0,1.0
6659,8e511022e0e95a13,True,1.0,1.0,0.9938647167437906,1.0,1.0,1.0,0.9974436319765795
6660,a71fec9cd7b65cf0,True,1.0,1.0,0.85195692905279,1.0,1.0,1.0,0.938315387105329
6661,541d2d0ac174524b,True,1.0,1.0,0.8686699397020672,1.0,1.0,1.0,0.945279141542528
6662,e0657b3fd2ac5c55,True,1.0,1.0,1.0,1.0,1.0,1.0,1.0
6663,38c2e9619e425ab8,True,0.0,1.0,0.0,1.0,1.0,1.0,0.0
6664,174ac6135bf65de9,True,0.0,1.0,0.0,0.0,1.0,1.0,0.0
6665,7f19b2fd14435b73,True,1.0,1.0,0.6284988694731638,1.0,1.0,1.0,0.845207862280485
6666,cb0505ba89415347,True,1.0,1.0,1.0,1.0,1.0,1.0,1.0
6667,d016df0950fc5e69,True,1.0,1.0,0.7328717705828719,1.0,1.0,1.0,0.8886965710761966
6668,87751a071a7e50a4,True,1.0,1.0,1.0,1.0,1.0,1.0,1.0
6669,f313a28be30f5bd8,True,1.0,1.0,0.44967449048641345,1.0,1.0,1.0,0.7706977043693389
6670,bdbb9d4559ec5bd1,True,1.0,1.0,0.5395784422599148,1.0,1.0,1.0,0.8081576842749646
6671,a067cd2e442c5a4a,True,1.0,1.0,1.0,0.0,1.0,1.0,0.5833333333333334
6672,73c6bf15d3cc58e4,True,1.0,1.0,0.764602141928804,1.0,1.0,1.0,0.9019175591370017
6673,bd5e1c226cca5d3e,True,1.0,1.0,0.8748619377516609,0.0,1.0,1.0,0.531192474063192
6674,0e198cad33c65494,True,1.0,1.0,0.7824044268770142,1.0,1.0,1.0,0.9093351778654225
6675,6f2e14d0955e5e5a,True,1.0,1.0,1.0,1.0,1.0,1.0,1.0
6676,86db4cfb30b55a5e,True,1.0,1.0,1.0,1.0,1.0,1.0,1.0
6677,38f5cc0699195554,True,1.0,0.0,0.0,1.0,1.0,1.0,0.0
6678,55b7f0c50f4a5157,True,1.0,1.0,1.0,1.0,1.0,1.0,1.0
6679,c09d506d3891507c,True,1.0,0.0,0.0,1.0,1.0,1.0,0.0
6680,155c42ad43525252,True,1.0,1.0,0.6851004891551644,1.0,1.0,1.0,0.8687918704813186
6681,75aa8f2b9b6250e4,True,1.0,1.0,0.992029397837692,1.0,1.0,1.0,0.9966789157657049
6682,1223890860725b50,True,1.0,1.0,0.6755053039457782,1.0,1.0,1.0,0.8647938766440743
6683,e10a3a8d627e5700,True,1.0,1.0,0.9765291805364219,1.0,1.0,1.0,0.9902204918901759
6684,2fd95381df705415,True,1.0,1.0,0.7997778224074037,1.0,1.0,1.0,0.9165740926697515
6685,e000d4f7fdfb5f6b,True,1.0,0.0,0.0,1.0,1.0,0.0,0.0
6686,42052560d5925f35,True,1.0,1.0,1.0,1.0,1.0,1.0,1.0
6687,6648a1c53b8c5994,True,1.0,0.0,0.0,1.0,1.0,1.0,0.0
6688,cfb7ecec39485237,True,1.0,1.0,0.35855887955615956,1.0,1.0,1.0,0.7327328664817331
6689,fa9e58947ab65890,True,1.0,1.0,0.7023789759322896,1.0,1.0,1.0,0.8759912399717873
6690,7e9101f6d01a53e0,True,1.0,0.0,0.0,1.0,1.0,1.0,0.0
6691,4154c963fb4f578d,True,0.0,1.0,0.0,0.0,1.0,1.0,0.0
6692,110d0ce0345d5113,True,1.0,1.0,0.877009882316159,1.0,1.0,1.0,0.9487541176317329
6693,93614dfd833d5423,True,1.0,0.0,0.0,1.0,1.0,1.0,0.0
6694,4161016e65df5b37,True,1.0,1.0,0.5164438570217245,1.0,1.0,1.0,0.7985182737590518
6695,d38070017e4e53c3,True,1.0,1.0,0.8858572624208996,1.0,1.0,1.0,0.9524405260087082
6696,a1d40a879acc5165,True,0.0,1.0,0.0,0.0,1.0,1.0,0.0
6697,e14d9a1990535a29,True,1.0,1.0,0.7730789735104608,1.0,1.0,1.0,0.9054495722960253
6698,18375bbfe4c85ae3,True,1.0,1.0,1.0,1.0,1.0,1.0,1.0
6699,345fc96fdf4c572b,True,1.0,1.0,0.8519449296304484,1.0,1.0,1.0,0.9383103873460202
6700,dfa4c26313d45198,True,1.0,0.0,0.0,1.0,1.0,1.0,0.0
6701,69610203b8c35c96,True,1.0,1.0,1.0,0.0,1.0,1.0,0.5833333333333334
6702,66f9739ef19d5742,True,0.0,1.0,0.0,0.0,1.0,1.0,0.0
6703,ffed00245f3f5d00,True,1.0,0.0,0.0,1.0,1.0,1.0,0.0
6704,6092bab95402500f,True,1.0,1.0,0.800576614690383,1.0,1.0,1.0,0.9169069227876596
6705,09027c0129cd568b,True,1.0,1.0,0.8091513937464501,1.0,1.0,1.0,0.9204797473943542
6706,d14ccafb937a543a,True,1.0,1.0,0.6164705681410914,1.0,1.0,1.0,0.8401960700587882
6707,d12fdbd7f3265051,True,1.0,1.0,0.9713786832437881,1.0,1.0,1.0,0.9880744513515785
6708,ed02d0df47ca55e7,True,1.0,1.0,1.0,1.0,1.0,1.0,1.0
6709,d849d3813e3052d0,True,1.0,0.0,0.0,0.0,1.0,0.0,0.0
6710,0ea5bbb7337d5a56,True,1.0,1.0,1.0,1.0,1.0,1.0,1.0
6711,5997813b7cc55036,True,1.0,1.0,1.0,1.0,1.0,1.0,1.0
6712,b91f8a685d7457c4,True,1.0,1.0,1.0,1.0,1.0,1.0,1.0
6713,0e713cce7ce35df0,True,1.0,1.0,1.0,1.0,1.0,1.0,1.0
6714,61c675d850d75cd1,True,1.0,1.0,0.8060405655603402,1.0,1.0,1.0,0.9191835689834752
6715,611bde5a2b585c9d,True,1.0,1.0,0.8617711470860273,0.0,1.0,1.0,0.5257379779525114
6716,ee9a7d622e33569a,True,1.0,1.0,0.8601637632685663,1.0,1.0,1.0,0.9417349013619026
6717,9d22457757985690,True,1.0,1.0,0.8138494622146979,1.0,1.0,1.0,0.9224372759227908
6718,f9f38dec4f2c58d7,True,1.0,1.0,1.0,1.0,1.0,1.0,1.0
6719,a77872c55f1b52a1,True,1.0,1.0,0.8181290011845647,1.0,1.0,1.0,0.9242204171602353
6720,dcf3da6b34935bc8,True,1.0,1.0,0.8288459558102326,1.0,1.0,1.0,0.9286858149209302
6721,1b439c269a83590c,True,1.0,1.0,1.0,0.0,1.0,0.5,0.5833333333333334
6722,4655358777d95867,True,1.0,1.0,1.0,1.0,1.0,1.0,1.0
6723,08c2b3b529de59d4,True,1.0,1.0,0.8627343745603436,1.0,1.0,1.0,0.9428059894001432
6724,945dafbf488554b7,True,1.0,1.0,0.8817001012792737,1.0,1.0,1.0,0.9507083755330307
6725,1148c72f141c532d,True,1.0,0.0,0.0,0.0,1.0,1.0,0.0
6726,1727319cfd2b5661,True,1.0,1.0,0.9434609827211805,1.0,1.0,1.0,0.9764420761338252
6727,6548b286c3365867,True,1.0,1.0,0.7706315975755594,1.0,1.0,1.0,0.9044298323231498
6728,eb86e67498595966,True,0.5,0.0,0.0,0.0,1.0,1.0,0.0
6729,b66db24cee7957a2,True,1.0,1.0,0.9657354980955772,1.0,1.0,1.0,0.9857231242064906
6730,a73467a2eede50e9,True,1.0,1.0,0.8263524781534295,1.0,1.0,1.0,0.9276468658972622
6731,ae68b10cd5085e7c,True,1.0,1.0,0.8865801236812968,1.0,1.0,1.0,0.9527417182005404
6732,ffef12d9476e557b,True,1.0,0.0,0.0,0.0,1.0,0.0,0.0
6733,33c84d1650d45e15,True,1.0,1.0,0.8764457778241764,1.0,1.0,1.0,0.9485190740934067
6734,cf1ad202aadb5ee6,True,0.0,1.0,0.0,0.0,1.0,1.0,0.0
6735,cc1862b24d0157bb,True,1.0,1.0,1.0,1.0,1.0,1.0,1.0
6736,dce197f508425f2b,True,1.0,1.0,1.0,1.0,1.0,1.0,1.0
6737,acfe9f2fe77c5b79,True,1.0,0.0,0.0,1.0,1.0,1.0,0.0
6738,0727a3cccad352d7,True,1.0,1.0,1.0,1.0,1.0,1.0,1.0
6739,dc39ce9c251551bb,True,1.0,1.0,0.9415036161912119,1.0,1.0,1.0,0.9756265067463383
6740,17ecb960d15d5b5f,True,1.0,1.0,0.9715753607428613,1.0,1.0,1.0,0.9881564003095256
6741,dce2c9983a00588e,True,1.0,1.0,0.7326090725447028,1.0,1.0,1.0,0.8885871135602929
6742,f2291b8766215c41,True,1.0,1.0,0.6493601506763367,1.0,1.0,1.0,0.8539000627818071
6743,cf62911d4c7c541c,True,1.0,1.0,0.8973952526580949,1.0,1.0,1.0,0.957248021940873
6744,2b760b8260af515c,True,1.0,1.0,0.9342297529531695,0.0,1.0,1.0,0.5559290637304873
6745,171e0bea742d52d0,True,1.0,1.0,1.0,1.0,1.0,1.0,1.0
6746,ef34a4f536c5598c,True,1.0,1.0,0.8691984769280702,1.0,1.0,1.0,0.9454993653866959
6747,9164913b818a58b1,True,0.5,0.0,0.0,0.0,1.0,1.0,0.0
6748,01d53ccf583c5a49,True,1.0,0.0,0.0,1.0,1.0,1.0,0.0
6749,54a295777c3a5d46,True,1.0,1.0,0.7471611405016472,1.0,1.0,1.0,0.8946504752090196
6750,a8a10f07becb5a55,True,1.0,1.0,1.0,0.0,1.0,1.0,0.5833333333333334
6751,2076a8bdb6da5fe3,True,1.0,1.0,0.7506146012952801,1.0,1.0,1.0,0.8960894172063667
6752,268ab283b4a95126,True,1.0,1.0,1.0,1.0,1.0,1.0,1.0
6753,9833f2646439513e,True,1.0,1.0,1.0,1.0,1.0,1.0,1.0
6754,15959d7a3d3a53f5,True,1.0,1.0,1.0,1.0,1.0,0.5,1.0
6755,e4ad471729c65fc9,True,1.0,0.0,0.0,1.0,1.0,1.0,0.0
6756,471869e791085ef6,True,1.0,1.0,0.9627980009937943,1.0,1.0,1.0,0.9844991670807476
6757,5b78dd344203528e,True,1.0,1.0,0.7180896026486042,1.0,1.0,1.0,0.8825373344369184
6758,1b6ca45027e3531c,True,1.0,1.0,0.8254456967358929,1.0,1.0,1.0,0.9272690403066219
6759,d1e4600c80ab519a,True,1.0,1.0,0.7058417327492598,1.0,1.0,1.0,0.8774340553121917
6760,1faa10d7c34553d2,True,1.0,1.0,0.7720607894622031,1.0,1.0,1.0,0.9050253289425846
6761,7c7dc37236745d94,True,0.5,0.0,0.0,0.0,1.0,1.0,0.0
6762,f5c9c516bf7a5ce8,True,0.0,1.0,0.0,0.0,1.0,1.0,0.0
6763,566cac9a7c0358ce,True,1.0,1.0,0.8714033602377536,1.0,1.0,1.0,0.9464180667657306
6764,67dbad26dd165f16,True,1.0,0.0,0.0,0.0,1.0,0.0,0.0
6765,919aa2aa25a951f4,True,1.0,1.0,0.697262898071895,1.0,1.0,1.0,0.8738595408632897
6766,b91aab23acc957c5,True,1.0,0.0,0.0,1.0,1.0,0.0,0.0
6767,019667e138b95ff0,True,1.0,1.0,1.0,1.0,1.0,1.0,1.0
6768,8bacfc35148b5dad,True,0.0,1.0,0.0,0.0,1.0,1.0,0.0
6769,3d11d1a35e8f500d,True,1.0,1.0,1.0,0.0,1.0,1.0,0.5833333333333334
6770,0386351e2a11529e,True,1.0,1.0,0.8917596336771741,1.0,1.0,1.0,0.9548998473654892
6771,9d87610ffed85509,True,0.5,0.0,0.0,0.0,1.0,1.0,0.0
6772,cccd69e7a6ff5be3,True,1.0,1.0,1.0,1.0,1.0,1.0,1.0
6773,e7c778d603885f57,True,1.0,1.0,0.3695257143248882,1.0,1.0,1.0,0.7373023809687034
6774,7607a0bd144e53b0,True,1.0,1.0,1.0,1.0,1.0,1.0,1.0
6775,198b7ec55c3b5a5c,True,1.0,1.0,0.7954809406582499,1.0,1.0,1.0,0.9147837252742708
6776,4f2041f942aa5630,True,1.0,1.0,0.6571975735256226,1.0,1.0,1.0,0.857165655635676
6777,193ee69c47495e07,True,1.0,1.0,0.7970152432928405,1.0,1.0,1.0,0.9154230180386835
6778,e84ff3e29bc05254,True,1.0,1.0,0.8445676738679165,1.0,1.0,1.0,0.9352365307782985
6779,a0ff0b74063659a2,True,1.0,1.0,0.6985034097779383,1.0,1.0,1.0,0.8743764207408077
6780,1b0f2e4276945f9a,True,1.0,1.0,1.0,1.0,1.0,1.0,1.0
6781,96cb1a2412095a90,True,1.0,1.0,0.9374918207574519,1.0,1.0,1.0,0.9739549253156049
6782,40ef82b4d5735701,True,1.0,1.0,1.0,1.0,1.0,1.0,1.0
6783,56886aeb0f685bea,True,1.0,1.0,0.9800088411846362,1.0,1.0,1.0,0.9916703504935983
6784,875f14a6967d5192,True,1.0,1.0,0.943687252607372,1.0,1.0,1.0,0.9765363552530717
6785,9d8312bf37795d27,True,1.0,1.0,0.9298789019750437,1.0,1.0,1.0,0.9707828758229349
6786,679b181821395966,True,1.0,1.0,0.9626390877605397,1.0,1.0,1.0,0.9844329532335582
6787,c3907cc0d2ed5600,True,1.0,1.0,0.9754489632953416,1.0,1.0,1.0,0.9897704013730589
6788,ae472d675a965aca,True,1.0,1.0,0.8214155972584213,1.0,1.0,0.5,0.9255898321910089
6789,3f4013b6af2d5850,True,1.0,1.0,0.7182061887854725,1.0,1.0,1.0,0.8825859119939469
6790,ef7822ee7fa35042,True,1.0,1.0,0.8494407567024179,1.0,1.0,1.0,0.9372669819593408
6791,0372bb63e704555a,True,1.0,1.0,0.8769822604225643,1.0,1.0,1.0,0.9487426085094018
6792,0530c20c3c71533a,True,1.0,1.0,0.9791878039939609,1.0,1.0,1.0,0.9913282516641505
6793,e9d869eb2d255788,True,1.0,1.0,0.9174571704929576,1.0,1.0,1.0,0.9656071543720657
6794,973f0873af40574e,True,1.0,0.0,0.0,1.0,1.0,1.0,0.0
6795,115c513494975ef3,True,1.0,1.0,1.0,1.0,1.0,1.0,1.0
6796,66a924c7d02159cf,True,1.0,1.0,0.0,1.0,1.0,1.0,0.5833333333333334
6797,dd282698a1cf543e,True,1.0,1.0,1.0,1.0,1.0,1.0,1.0
6798,eb872b2d7e7c52bf,True,1.0,1.0,1.0,0.0,1.0,1.0,0.5833333333333334
6799,ce0c8678bc8559b9,True,1.0,1.0,1.0,1.0,1.0,0.5,1.0
6800,7fad5a0c8cdd5fc4,True,1.0,1.0,0.9340650309373832,1.0,1.0,1.0,0.9725270962239096
6801,d243aa8117495932,True,1.0,1.0,1.0,1.0,1.0,1.0,1.0
6802,e4174e91095b530b,True,1.0,1.0,0.6847519233060628,1.0,1.0,1.0,0.8686466347108596
6803,7e862e783690532d,True,1.0,1.0,1.0,0.0,1.0,1.0,0.5833333333333334
6804,95e6e7c4cfe15b91,True,1.0,1.0,1.0,0.0,1.0,1.0,0.5833333333333334
6805,6dfed7a32cf45d59,True,1.0,1.0,1.0,0.0,1.0,1.0,0.5833333333333334
6806,c3987ea376cb5a69,True,1.0,1.0,0.13635051383614294,1.0,1.0,1.0,0.6401460474317262
6807,d53ab6056bc85085,True,1.0,1.0,0.9345628797413457,1.0,1.0,1.0,0.9727345332255607
6808,0e0e30877d725664,True,1.0,1.0,0.883097588330053,1.0,1.0,1.0,0.9512906618041889
6809,5c5a8066ceae51bc,True,1.0,1.0,0.8233803885748161,1.0,1.0,1.0,0.9264084952395066
6810,b04064e074f55bb0,True,1.0,0.0,0.0,1.0,1.0,1.0,0.0
6811,6ac603d43fbb57ef,True,1.0,1.0,1.0,0.0,1.0,1.0,0.5833333333333334
6812,7e21aeb3afc2592b,True,1.0,1.0,0.8622450979886097,1.0,1.0,1.0,0.9426021241619207
6813,9c13995a8a285f90,True,1.0,1.0,1.0,1.0,1.0,1.0,1.0
6814,3d8c71ff899f50e6,True,1.0,1.0,1.0,1.0,1.0,1.0,1.0
6815,635eb3ecbf415418,True,1.0,1.0,0.8443844696267562,1.0,1.0,1.0,0.935160195677815
6816,406f8b299de35ce2,True,1.0,1.0,0.7428018447898143,1.0,1.0,0.0,0.892834101995756
6817,7c94fd89afb95a88,True,0.0,1.0,0.0,0.0,1.0,1.0,0.0
6818,633df956d5645243,True,1.0,1.0,1.0,1.0,1.0,1.0,1.0
6819,c6cef2558e365e85,True,1.0,1.0,0.6631628902637432,1.0,1.0,1.0,0.8596512042765596
6820,3b8cbe3ce6465e62,True,1.0,1.0,1.0,1.0,1.0,1.0,1.0
6821,d192ad1c7fa95445,True,1.0,1.0,1.0,0.0,1.0,1.0,0.5833333333333334
6822,6ad6e6d54e845206,True,0.0,1.0,0.0,0.0,1.0,1.0,0.0
6823,5cb9850a89b6578e,True,1.0,1.0,1.0,1.0,1.0,1.0,1.0
6824,c9ddc670b1195efd,True,1.0,0.0,0.0,1.0,1.0,1.0,0.0
6825,a44db880afe95be7,True,1.0,1.0,0.579953978323755,1.0,1.0,1.0,0.8249808243015645
6826,ff4dceb630df54fa,True,1.0,1.0,1.0,1.0,1.0,1.0,1.0
6827,fd8949d5e40a54ea,True,1.0,1.0,0.8192195718802833,1.0,1.0,1.0,0.9246748216167847
6828,fb2daf8a925a5ff2,True,1.0,0.0,0.0,1.0,1.0,1.0,0.0
6829,a8377f936650561b,True,1.0,1.0,0.7767161368005904,1.0,1.0,1.0,0.906965057000246
6830,c5b4ff1be8bb5113,True,1.0,1.0,0.756159297012175,1.0,1.0,1.0,0.8983997070884063
6831,68559679a9bd5d3c,True,1.0,1.0,0.932341873124757,1.0,1.0,1.0,0.9718091138019821
6832,8fb11d5808355072,True,0.0,1.0,0.0,0.0,1.0,1.0,0.0
6833,3d580ffc3de95e49,True,1.0,1.0,0.8676186722990981,1.0,1.0,1.0,0.9448411134579575
6834,bb2645c10ec25a6b,True,1.0,1.0,0.8045313715281102,1.0,1.0,1.0,0.9185547381367126
6835,3b0cda86b999528c,True,1.0,0.0,0.0,1.0,1.0,1.0,0.0
6836,87eae54f57ea5690,True,1.0,0.0,0.0,1.0,1.0,1.0,0.0
6837,04582784acfe5725,True,1.0,0.0,0.0,1.0,1.0,1.0,0.0
6838,fefe6361de855419,True,1.0,1.0,0.8186951732692278,1.0,1.0,1.0,0.9244563221955117
6839,f9f4354a1d12565d,True,1.0,1.0,1.0,1.0,1.0,1.0,1.0
6840,9c26c2cea984590f,True,1.0,1.0,1.0,1.0,1.0,1.0,1.0
6841,d24a3d77682d55b6,True,1.0,1.0,0.9989092345394065,1.0,1.0,1.0,0.9995455143914193
6842,4abb45d9ee1a5c5c,True,0.0,1.0,0.0,0.0,1.0,0.0,0.0
6843,4211afd0df14524c,True,1.0,1.0,1.0,1.0,1.0,1.0,1.0
6844,8be90fab0cf45555,True,1.0,1.0,1.0,1.0,1.0,1.0,1.0
6845,8c384d60912b5f73,True,1.0,0.0,0.0,1.0,1.0,1.0,0.0
6846,2638cdfa752b5d7c,True,1.0,1.0,0.7107587977536153,1.0,1.0,1.0,0.8794828323973397
6847,4104fd0bb7845b56,True,1.0,1.0,0.7599899788703779,1.0,1.0,1.0,0.8999958245293241
6848,0f3d66a03c5e500b,True,1.0,1.0,1.0,1.0,1.0,1.0,1.0
6849,60e35d8a323b5b5f,True,1.0,1.0,0.6638449623612799,1.0,1.0,1.0,0.8599354009838667
6850,2d741bb457ed5434,True,1.0,1.0,0.9694622857475347,1.0,1.0,1.0,0.987275952394806
6851,e6f0e2d8ec345ad6,True,1.0,0.0,0.0,1.0,1.0,1.0,0.0
6852,a2e0d4dc100159a5,True,1.0,1.0,0.3737511514784507,1.0,1.0,1.0,0.7390629797826879
6853,28a0cdbbc1e55291,True,1.0,1.0,0.27278515723956764,1.0,1.0,1.0,0.6969938155164866
6854,7bbb4260e163517f,True,1.0,1.0,0.8325997464975653,1.0,1.0,1.0,0.9302498943739855
6855,f15b772180455c2f,True,1.0,1.0,0.7967508281977073,1.0,1.0,1.0,0.915312845082378
6856,086e4501de295946,True,1.0,1.0,1.0,1.0,1.0,1.0,1.0
6857,10d18b323ff35a1f,True,0.0,1.0,0.0,0.0,1.0,1.0,0.0
6858,797606b9788852f2,True,0.0,1.0,0.0,0.0,1.0,1.0,0.0
6859,4874da28248a5026,True,1.0,1.0,0.7102174739507481,1.0,1.0,1.0,0.8792572808128117
6860,e67c2879271350c1,True,1.0,1.0,0.787050667799357,0.0,1.0,1.0,0.4946044449163987
6861,74d72b3cd99d5ab4,True,1.0,1.0,0.8622349581234607,1.0,1.0,1.0,0.9425978992181087
6862,aaf90b3acdce5063,True,1.0,1.0,1.0,1.0,1.0,1.0,1.0
6863,5dcc8367111b5fad,True,1.0,1.0,1.0,1.0,1.0,1.0,1.0
6864,51e4c182629c50a7,True,1.0,1.0,0.6414362230934935,1.0,1.0,1.0,0.8505984262889555
6865,fefc295622155532,True,1.0,1.0,0.7920988827252061,1.0,1.0,1.0,0.9133745344688359
6866,c87001c4251e559a,True,1.0,1.0,1.0,1.0,1.0,1.0,1.0
6867,22f31aadcc76590b,True,1.0,1.0,1.0,0.0,1.0,1.0,0.5833333333333334
6868,47c92818d9005eea,True,1.0,1.0,1.0,1.0,1.0,1.0,1.0
6869,76b708c365e45536,True,1.0,1.0,1.0,0.0,1.0,1.0,0.5833333333333334
6870,7786cc7e34a05294,True,1.0,1.0,1.0,1.0,1.0,1.0,1.0
6871,120ae6f1d60a5613,True,1.0,1.0,0.9022037217597391,1.0,1.0,1.0,0.9592515507332245
6872,be1a32191a715329,True,1.0,1.0,0.8745754489756736,1.0,1.0,1.0,0.9477397704065306
6873,d2d63c8eb7545fc1,True,1.0,1.0,1.0,0.0,1.0,1.0,0.5833333333333334
6874,bdda68728bf157dd,True,1.0,1.0,0.7737225650883904,1.0,1.0,1.0,0.905717735453496
6875,b4d19eea031f50ac,True,1.0,1.0,0.9059827810129031,1.0,1.0,1.0,0.9608261587553762
6876,3e5b0593a3e75d29,True,1.0,1.0,0.8119488568774323,1.0,1.0,1.0,0.9216453570322635
6877,d2c77b46ecee58f9,True,1.0,1.0,1.0,1.0,1.0,1.0,1.0
6878,22878e2b2f6e5ab2,True,1.0,1.0,0.9202952718346709,1.0,1.0,1.0,0.9667896965977795
6879,725cc9599c3455ad,True,1.0,1.0,1.0,1.0,1.0,1.0,1.0
6880,7777f9476f1e5bb0,True,1.0,1.0,0.8326345288595045,1.0,1.0,1.0,0.9302643870247934
6881,aa5f2769e03f5a8b,True,1.0,0.0,0.0,1.0,1.0,1.0,0.0
6882,09436f14d3185748,True,1.0,1.0,1.0,1.0,1.0,1.0,1.0
6883,47510e3eddd950ad,True,0.0,1.0,0.0,0.0,1.0,1.0,0.0
6884,645f5f6b94345fc3,True,1.0,1.0,0.8142866813026933,1.0,1.0,1.0,0.9226194505427889
6885,3d4f0c1ecad55944,True,1.0,1.0,0.87836084679848,1.0,1.0,1.0,0.9493170194993666
6886,c6ad08c8eca55275,True,1.0,1.0,0.9195340788842469,1.0,1.0,1.0,0.9664725328684362
6887,290a914d4ef15443,True,1.0,1.0,0.9618797313741869,1.0,1.0,1.0,0.9841165547392445
6888,ba8dead3eb765a14,True,1.0,1.0,0.9792392778953233,1.0,1.0,1.0,0.9913496991230514
6889,cf3b2b1199045e08,True,0.5,0.0,0.0,0.0,1.0,1.0,0.0
6890,105e820419e05224,True,1.0,1.0,0.9907477009608195,1.0,1.0,1.0,0.9961448754003414
6891,c1ea7d700faa5fee,True,0.0,1.0,0.0,0.0,1.0,1.0,0.0
6892,5b7700fa99d95a94,True,1.0,1.0,1.0,1.0,1.0,1.0,1.0
6893,d6aa1499d0be503a,True,1.0,1.0,0.9073458993393743,1.0,1.0,1.0,0.9613941247247393
6894,847ac59d6cce5bc4,True,1.0,0.0,0.0,1.0,1.0,1.0,0.0
6895,3b56d2b022d25026,True,1.0,1.0,0.7881992780866013,1.0,1.0,1.0,0.9117496992027506
6896,12f5053055935463,True,1.0,1.0,1.0,1.0,1.0,1.0,1.0
6897,81102abfeaa25562,True,1.0,1.0,0.8372911836511585,0.0,1.0,1.0,0.5155379931879828
6898,eb822e0610545fd6,True,1.0,1.0,1.0,1.0,1.0,1.0,1.0
6899,1dae5903323e5214,True,1.0,1.0,1.0,1.0,1.0,1.0,1.0
6900,85dd82b1048e5509,True,1.0,1.0,0.7735068695805571,1.0,1.0,1.0,0.9056278623252322
6901,67a6bdeb096350ec,True,1.0,1.0,0.5038128236329142,1.0,1.0,1.0,0.7932553431803809
6902,4299796c2c845718,True,1.0,1.0,0.7919631468574536,0.0,1.0,1.0,0.4966513111906057
6903,fb62cea889d654ec,True,1.0,0.0,0.0,1.0,1.0,1.0,0.0
6904,4aa06b58da9a56f8,True,1.0,1.0,0.7849217562782498,1.0,1.0,1.0,0.9103840651159375
6905,4acc5a24f48858ae,True,1.0,1.0,1.0,0.0,1.0,1.0,0.5833333333333334
6906,e09425a247f752e5,True,1.0,1.0,1.0,0.0,1.0,1.0,0.5833333333333334
6907,10fcb2c79add5558,True,1.0,1.0,0.6735600454346368,1.0,1.0,1.0,0.863983352264432
6908,1ecaacbc53a754e7,True,1.0,1.0,1.0,1.0,1.0,1.0,1.0
6909,b2e27f20100b54ba,True,1.0,1.0,0.9489467082332125,1.0,1.0,1.0,0.9787277950971719
6910,39bbb12794ca56a3,True,1.0,1.0,0.7029177348543161,1.0,1.0,1.0,0.876215722855965
6911,40d43586b1195366,True,1.0,1.0,1.0,1.0,1.0,1.0,1.0
6912,2a48beb84af65349,True,1.0,0.0,0.0,1.0,1.0,0.0,0.0
6913,a9bdcf08c1ce5f5a,True,1.0,0.0,0.0,1.0,1.0,1.0,0.0
6914,b0598da891205aa3,True,1.0,1.0,0.8370919889984489,1.0,1.0,1.0,0.932121662082687
6915,f3512ae175b45844,True,1.0,1.0,1.0,1.0,1.0,1.0,1.0
6916,22642c0ae9605891,True,1.0,1.0,0.9745957207454958,1.0,1.0,1.0,0.9894148836439566
6917,b354451e4f8859f9,True,1.0,1.0,0.7479815177593843,1.0,1.0,1.0,0.8949922990664101
6918,727ed49214315cd6,True,1.0,1.0,1.0,1.0,1.0,0.0,1.0
6919,e367d7a3c3b55302,True,1.0,1.0,1.0,1.0,1.0,1.0,1.0
6920,cc65333a2182508c,True,1.0,1.0,0.5519089241106246,1.0,1.0,1.0,0.8132953850460937
6921,13e6cd945bf95a1f,True,1.0,1.0,0.8121684087420934,1.0,1.0,1.0,0.9217368369758723
6922,ce516bdfc6e45d5b,True,1.0,1.0,0.9595640635395676,1.0,1.0,1.0,0.9831516931414864
6923,b2abc819ebf45c11,True,1.0,1.0,0.9932152629148208,0.0,1.0,1.0,0.580506359547842
6924,2e6dbcea86d555f4,True,1.0,1.0,0.9227825493689356,1.0,1.0,1.0,0.9678260622370565
6925,4de72cf1449b51c8,True,1.0,1.0,1.0,1.0,1.0,1.0,1.0
6926,91ae20bf459859fe,True,0.0,1.0,0.0,0.0,1.0,1.0,0.0
6927,443b9c514efc5829,True,1.0,1.0,1.0,0.0,1.0,1.0,0.5833333333333334
6928,c28f3febaf635777,True,1.0,1.0,1.0,1.0,1.0,1.0,1.0
6929,96c3433ef79a5478,True,1.0,1.0,1.0,1.0,1.0,1.0,1.0
6930,3f3d9b32f2fa53ef,True,1.0,1.0,1.0,1.0,1.0,1.0,1.0
6931,71c1fef0966d5df4,True,0.0,1.0,0.0,0.0,1.0,1.0,0.0
6932,f231f20bdcb55426,True,1.0,1.0,1.0,1.0,1.0,1.0,1.0
6933,4417a92b5b1956b8,True,1.0,1.0,0.7963237316163166,1.0,1.0,0.0,0.9151348881734652
6934,922b13fe723c505a,True,1.0,1.0,0.8762643968022911,1.0,1.0,1.0,0.9484434986676212
6935,d3fe95784a34578f,True,1.0,1.0,0.9332113773279913,1.0,1.0,1.0,0.9721714072199964
6936,f082cf21642c5cbc,True,1.0,1.0,0.005481129599599668,1.0,1.0,1.0,0.5856171373331666
6937,045044cb9f21527e,True,0.0,1.0,0.0,0.0,1.0,1.0,0.0
6938,7461c860b4d25bf2,True,1.0,1.0,1.0,1.0,1.0,1.0,1.0
6939,81f1c631c7325b0f,True,1.0,1.0,0.6900803225912161,1.0,1.0,0.5,0.8708668010796733
6940,d6daa3b927f45168,True,0.0,1.0,0.0,0.0,1.0,1.0,0.0
6941,15d9ac47a2e05a2b,True,1.0,1.0,1.0,1.0,1.0,1.0,1.0
6942,868e70f831cb551c,True,1.0,1.0,0.8889766159687389,1.0,1.0,1.0,0.9537402566536413
6943,bb6cf07ad4a350f6,True,1.0,1.0,0.8450983756958542,1.0,1.0,1.0,0.9354576565399393
6944,ca58b2e039305479,True,1.0,1.0,0.842146724138782,1.0,1.0,1.0,0.9342278017244925
6945,767995ca4ab75a14,True,1.0,1.0,0.9605749669798749,1.0,1.0,1.0,0.9835729029082811
6946,334ddbed40095e07,True,1.0,1.0,0.8063967952267275,1.0,1.0,1.0,0.9193319980111365
6947,d88a725f8b125d74,True,1.0,1.0,0.9787276915673032,1.0,1.0,1.0,0.991136538153043
6948,125839faad9a5f7d,True,1.0,1.0,1.0,1.0,1.0,1.0,1.0
6949,55d3d0c71390575b,True,1.0,1.0,0.7991279855186489,1.0,1.0,1.0,0.9163033272994371
6950,aa58dfcb46765181,True,1.0,1.0,1.0,1.0,1.0,1.0,1.0
6951,e309a82b568d5669,True,1.0,1.0,1.0,1.0,1.0,1.0,1.0
6952,000d6961709c5904,True,0.0,1.0,0.0,0.0,1.0,1.0,0.0
6953,4d0c174b077e5603,True,0.0,1.0,0.0,0.0,1.0,0.5,0.0
6954,b7f26baef02d54ea,True,1.0,1.0,1.0,1.0,1.0,1.0,1.0
6955,669bad5f20bd5256,True,1.0,1.0,0.8814019066512909,1.0,1.0,1.0,0.9505841277713712
6956,2a49de57fddb59bc,True,1.0,1.0,0.9276602854234249,1.0,1.0,1.0,0.9698584522597603
6957,39108eefc8e95e0e,True,1.0,1.0,0.8008245953495474,1.0,1.0,1.0,0.9170102480623115
6958,ae33fa122ac45a10,True,1.0,1.0,0.7027126136683083,1.0,1.0,1.0,0.8761302556951285
6959,e0865304e2b95eaa,True,0.5,0.0,0.0,0.0,1.0,1.0,0.0
6960,eb4bbe69b80d5f12,True,1.0,1.0,0.9618450481733634,1.0,1.0,1.0,0.984102103405568
6961,ae145d614988581c,True,1.0,1.0,0.994884525447878,1.0,1.0,1.0,0.9978685522699492
6962,74a8af10863e5455,True,1.0,1.0,1.0,1.0,1.0,1.0,1.0
6963,bfbc82c4f65a5208,True,1.0,1.0,1.0,1.0,1.0,1.0,1.0
6964,09bfb9a8f83b5079,True,1.0,1.0,0.8903411049893029,1.0,1.0,1.0,0.9543087937455429
6965,0d35a8e6a98a5759,True,1.0,1.0,0.9815914719078926,0.0,1.0,1.0,0.5756631132949552
6966,a728ab8233415a86,True,1.0,1.0,0.6529398827857916,1.0,1.0,1.0,0.8553916178274132
6967,4bda94d100d65f0d,True,1.0,1.0,1.0,1.0,1.0,1.0,1.0
6968,959a7f2070f551e9,True,0.0,1.0,0.0,0.0,1.0,1.0,0.0
6969,d93d307c5aeb5338,True,1.0,1.0,0.866550309933432,1.0,1.0,1.0,0.9443959624722633
6970,63b91b18f46a5a96,True,1.0,1.0,1.0,1.0,1.0,1.0,1.0
6971,ea23b2bb8e5756b8,True,1.0,0.0,0.0,1.0,1.0,1.0,0.0
6972,c423fa3a18fa5187,True,1.0,1.0,1.0,1.0,1.0,1.0,1.0
6973,3495be9149e0537d,True,0.0,1.0,0.0,0.0,1.0,1.0,0.0
6974,7a35be74d30b5a74,True,1.0,1.0,1.0,1.0,1.0,1.0,1.0
6975,cfb1ab3fe0185b20,True,1.0,1.0,0.8726443335566915,1.0,1.0,1.0,0.9469351389819547
6976,aab44cff9f3552b1,True,1.0,1.0,1.0,1.0,1.0,1.0,1.0
6977,b9d14f59883a5496,True,1.0,0.0,0.0,1.0,1.0,1.0,0.0
6978,d3d9e16508ae5756,True,1.0,1.0,0.8505022679400539,1.0,1.0,1.0,0.9377092783083558
6979,dcf89e4b93ba5fbe,True,0.0,1.0,0.0,0.0,1.0,1.0,0.0
6980,55e7ff380d7e5491,True,1.0,1.0,1.0,1.0,1.0,1.0,1.0
6981,23f357c023c2584f,True,1.0,0.0,0.0,1.0,1.0,1.0,0.0
6982,cdc9eb7c7ddb5b08,True,1.0,1.0,0.3413643980659585,1.0,1.0,1.0,0.7255684991941495
6983,0bab0d24762a596d,True,0.0,0.0,0.0,0.0,1.0,1.0,0.0
6984,cd5af222f868534b,True,1.0,1.0,0.9572204548031032,1.0,1.0,1.0,0.982175189501293
6985,bb6cb09beb1e5e3f,True,1.0,1.0,1.0,0.0,1.0,1.0,0.5833333333333334
6986,aba7212ffa3458b6,True,1.0,1.0,0.8330112045427162,0.0,1.0,0.5,0.513754668559465
6987,9e3c4f7d62315b95,True,0.0,1.0,0.0,0.0,1.0,1.0,0.0
6988,a2652d512cf35d1e,True,1.0,1.0,0.7420744369754763,1.0,1.0,1.0,0.8925310154064485
6989,2abac20522fb5014,True,1.0,1.0,1.0,1.0,1.0,1.0,1.0
6990,c5ff90667143574a,True,0.0,1.0,0.0,0.0,1.0,1.0,0.0
6991,3e09a3c33726545c,True,1.0,1.0,1.0,1.0,1.0,1.0,1.0
6992,218adf8c450058eb,True,1.0,1.0,0.9636506195011364,1.0,1.0,1.0,0.9848544247921401
6993,6477761567345e00,True,1.0,1.0,0.914742796086597,1.0,1.0,1.0,0.964476165036082
6994,d94aa4b0e05e5be9,True,1.0,1.0,1.0,1.0,1.0,0.5,1.0
6995,33008a3b27ab59a1,True,1.0,1.0,0.790632413846046,1.0,1.0,1.0,0.9127635057691857
6996,7ba76233a35553c2,True,1.0,1.0,1.0,1.0,1.0,1.0,1.0
6997,234a85adedc75216,True,1.0,1.0,1.0,1.0,1.0,1.0,1.0
6998,262c4400163e5d8e,True,1.0,1.0,0.8697230660837361,1.0,1.0,1.0,0.9457179442015567
6999,038948dd9db85d2a,True,1.0,1.0,1.0,1.0,1.0,1.0,1.0
7000,d5a0b92fbf8b51df,True,0.0,1.0,0.0,0.0,1.0,1.0,0.0
7001,db98c374c7e65602,True,1.0,1.0,1.0,1.0,1.0,1.0,1.0
7002,22af89102e0650b7,True,1.0,1.0,0.8715447047547253,1.0,1.0,1.0,0.9464769603144689
7003,a41a728fda515594,True,1.0,1.0,0.7996668046552259,1.0,1.0,1.0,0.9165278352730107
7004,57fa478b9b1e5de3,True,1.0,0.0,0.0,1.0,1.0,1.0,0.0
7005,ddc7d737df1957cb,True,1.0,1.0,1.0,1.0,1.0,1.0,1.0
7006,312c0f2f981d51c3,True,1.0,1.0,0.792726604991699,1.0,1.0,1.0,0.913636085413208
7007,618e368153135092,True,1.0,1.0,1.0,0.0,1.0,1.0,0.5833333333333334
7008,2ff39958d9f35279,True,1.0,1.0,0.8175580682383535,1.0,1.0,1.0,0.9239825284326472
7009,b86152f6ab29580e,True,1.0,1.0,0.9034590766504459,1.0,1.0,1.0,0.959774615271019
7010,54a9fe6636755234,True,1.0,1.0,1.0,1.0,1.0,1.0,1.0
7011,f1849aa89eed53d1,True,1.0,1.0,0.6932059589887426,1.0,1.0,1.0,0.8721691495786428
7012,9bdda55e20a15705,True,1.0,0.0,0.0,1.0,1.0,0.5,0.0
7013,d789efd527395984,True,1.0,1.0,1.0,1.0,1.0,1.0,1.0
7014,346a78f56b165dea,True,1.0,1.0,0.8473558199858693,1.0,1.0,1.0,0.9363982583274456
7015,87614ec5f3da5f4a,True,1.0,1.0,0.8706676698579044,1.0,1.0,1.0,0.9461115291074602
7016,4711d15a356a54e9,True,1.0,1.0,0.9716967875133429,1.0,1.0,1.0,0.9882069947972262
7017,1abf52a927025259,True,1.0,0.0,0.0,1.0,1.0,1.0,0.0
7018,e4eebb1bdcdf5ae6,True,1.0,1.0,0.995709479779993,1.0,1.0,1.0,0.9982122832416639
7019,ab052def6aec532e,True,1.0,1.0,0.9232640905658839,1.0,1.0,1.0,0.9680267044024516
7020,365808b195f35dff,True,1.0,1.0,1.0,0.0,1.0,1.0,0.5833333333333334
7021,e9d8c81a844c5c95,True,1.0,0.0,0.0,1.0,1.0,1.0,0.0
7022,d08ae5bc8a435f97,True,1.0,1.0,1.0,1.0,1.0,1.0,1.0
7023,3e5bb75bed1d58ad,True,1.0,1.0,1.0,1.0,1.0,1.0,1.0
7024,8b10128072e6539f,True,1.0,1.0,1.0,0.0,1.0,1.0,0.5833333333333334
7025,b614d476ea185810,True,0.0,1.0,0.0,0.0,1.0,1.0,0.0
7026,c8aeadf284a05f44,True,1.0,1.0,0.8139312282510096,1.0,1.0,0.5,0.9224713451045874
7027,79322494f7975811,True,1.0,0.0,0.0,1.0,1.0,1.0,0.0
7028,e166284508e554fa,True,1.0,1.0,0.9988296592762145,0.0,1.0,1.0,0.5828456913650893
7029,644b16fd65f956b8,True,1.0,1.0,1.0,1.0,1.0,1.0,1.0
7030,6544f1c9668c58c3,True,1.0,1.0,1.0,1.0,1.0,1.0,1.0
7031,01167513b5b55ca1,True,1.0,1.0,0.38650471707767187,1.0,1.0,1.0,0.74437696544903
7032,9b79840e85be5c10,True,1.0,1.0,0.5541147725772869,1.0,1.0,1.0,0.8142144885738696
7033,7f08b90f7a44554b,True,1.0,1.0,0.8861876531098042,1.0,1.0,1.0,0.9525781887957517
7034,987f5dced605588a,True,1.0,1.0,0.9605085692219456,1.0,1.0,1.0,0.9835452371758105
7035,55368b53e7ba5dda,True,1.0,1.0,0.995829779524026,1.0,1.0,1.0,0.9982624081350108
7036,440364f63ee95043,True,1.0,1.0,0.6029929878254979,1.0,1.0,1.0,0.8345804115939575
7037,e2e6c22bce7f59fc,True,1.0,1.0,0.8468867923884569,1.0,1.0,1.0,0.9362028301618569
7038,07a369a8e34d541e,True,1.0,1.0,1.0,0.0,1.0,1.0,0.5833333333333334
7039,d3dcb57d3c385f19,True,1.0,1.0,0.43333124153568553,1.0,1.0,1.0,0.7638880173065355
7040,75f8f9a90db75078,True,1.0,1.0,0.8935672415868015,0.0,1.0,1.0,0.5389863506611673
7041,9a357640ddd453d2,True,0.0,1.0,0.0,0.0,1.0,1.0,0.0
7042,e77441c822075f1b,True,1.0,1.0,0.8340292119714446,1.0,1.0,1.0,0.930845504988102
7043,dc2675fb11d6540d,True,1.0,1.0,0.8387669960408857,1.0,1.0,1.0,0.9328195816837024
7044,70b8c89829d05f30,True,1.0,1.0,1.0,1.0,1.0,1.0,1.0
7045,21acd3bbf97b5cbe,True,1.0,1.0,1.0,1.0,1.0,1.0,1.0
7046,14f10a29b9235b38,True,1.0,1.0,0.8965815109187776,1.0,1.0,1.0,0.956908962882824
7047,4231dc0eadd75a2d,True,0.0,1.0,0.0,0.0,1.0,1.0,0.0
7048,e7d1a48359b65c2d,True,1.0,1.0,0.818818152726224,1.0,1.0,1.0,0.9245075636359267
7049,8dfef734a010531e,True,1.0,1.0,0.685747471061054,1.0,1.0,1.0,0.8690614462754391
7050,0bee5ed0a0a957fd,True,1.0,1.0,0.8473285986956328,1.0,1.0,1.0,0.9363869161231803
7051,997fb38ac5d75864,True,1.0,0.0,0.0,1.0,1.0,1.0,0.0
7052,45845be1b56d59c7,True,1.0,1.0,1.0,1.0,1.0,1.0,1.0
7053,869ee63671f65126,True,1.0,1.0,0.8275360745085805,1.0,1.0,1.0,0.9281400310452419
7054,25d82b3bc5bf5637,True,0.0,1.0,0.0,0.0,1.0,1.0,0.0
7055,85a5db2b47125f31,True,1.0,1.0,1.0,1.0,1.0,1.0,1.0
7056,d6b2af6a4fbd5a88,True,1.0,1.0,0.7904179279295338,1.0,1.0,1.0,0.9126741366373058
7057,1cf59919c4f15605,True,1.0,1.0,0.852253238570174,1.0,1.0,1.0,0.9384388494042392
7058,f7a474593242588b,True,1.0,1.0,1.0,1.0,1.0,1.0,1.0
7059,68505dcbf4fb5f32,True,1.0,1.0,0.8083430026414853,1.0,1.0,1.0,0.9201429177672855
7060,60e98c18f487568c,True,1.0,0.0,0.0,1.0,1.0,0.5,0.0
7061,381a23cb547c53fd,True,1.0,1.0,1.0,0.0,1.0,1.0,0.5833333333333334
7062,cfd45b3514125d2e,True,1.0,1.0,0.6641630254933412,1.0,1.0,1.0,0.8600679272888921
7063,324b5f24fb0c5f3f,True,1.0,1.0,0.9877350444247595,1.0,1.0,1.0,0.9948896018436498
7064,ead04653ed0c5545,True,1.0,1.0,1.0,1.0,1.0,1.0,1.0
7065,f8f1d3aa1a30553d,True,1.0,1.0,0.7470581163072886,1.0,1.0,1.0,0.8946075484613702
7066,3984225e4458525b,True,0.0,1.0,0.0,0.0,1.0,1.0,0.0
7067,7d24bd01f77c5d87,True,1.0,0.0,0.0,1.0,1.0,0.5,0.0
7068,0c86ab0f851559e8,True,0.0,1.0,0.0,0.0,1.0,1.0,0.0
7069,e4fdad547c9a54a7,True,1.0,1.0,1.0,1.0,1.0,1.0,1.0
7070,ff412420037b524a,True,1.0,1.0,1.0,0.0,1.0,1.0,0.5833333333333334
7071,4dbe96a8a7be58dc,True,1.0,1.0,0.7420462385589249,1.0,1.0,1.0,0.8925192660662188
7072,b1b21ee9179a5fd8,True,1.0,1.0,0.4801280819079268,1.0,1.0,1.0,0.7833867007949694
7073,a67c6744e6c45edb,True,1.0,1.0,1.0,1.0,1.0,1.0,1.0
7074,304be364cb4050ce,True,1.0,1.0,1.0,1.0,1.0,1.0,1.0
7075,9e991901a49a55ea,True,1.0,1.0,1.0,1.0,1.0,1.0,1.0
7076,cb8822d19cc45d85,True,1.0,1.0,1.0,1.0,1.0,1.0,1.0
7077,cb02d1e1315a5e67,True,1.0,1.0,0.8762488417099048,0.0,1.0,1.0,0.5317703507124604
7078,cdc030cdbc9153ae,True,1.0,1.0,1.0,1.0,1.0,1.0,1.0
7079,ad781cbf672a5485,True,1.0,1.0,0.7924713033532264,1.0,1.0,1.0,0.913529709730511
7080,6477d5ad590955ba,True,1.0,1.0,1.0,0.0,1.0,1.0,0.5833333333333334
7081,c12d0bb341fc59c0,True,1.0,1.0,0.9468740280082623,0.0,1.0,1.0,0.5611975116701092
7082,ca8a417f32d859ba,True,0.0,1.0,0.0,0.0,1.0,1.0,0.0
7083,8671b777d49e5dea,True,1.0,0.0,0.0,1.0,1.0,1.0,0.0
7084,73872fdc28995ad6,True,1.0,1.0,0.7594912875759308,1.0,1.0,1.0,0.8997880364899711
7085,6e49f2f1c4e456f1,True,1.0,1.0,0.6986203761928405,1.0,1.0,1.0,0.8744251567470168
7086,c55b4a959c2d5b8e,True,1.0,1.0,1.0,1.0,1.0,1.0,1.0
7087,0a2f44ba3be05531,True,1.0,1.0,0.9271175888356643,1.0,1.0,1.0,0.9696323286815268
7088,aea14d7408d255bb,True,1.0,1.0,0.9513383881782388,1.0,1.0,1.0,0.9797243284075995
7089,97ade9e6fa5e5646,True,1.0,1.0,1.0,1.0,1.0,1.0,1.0
7090,5491f2f619e25dfb,True,1.0,1.0,0.9202380998343869,1.0,1.0,0.0,0.9667658749309945
7091,d3f00196d11c563c,True,1.0,1.0,0.8858189561930004,1.0,1.0,1.0,0.9524245650804168
7092,cbda46701b0d57b8,True,1.0,1.0,0.9433058965729693,0.0,1.0,1.0,0.5597107902387372
7093,9021c431095f520f,True,1.0,1.0,0.6974470511479399,1.0,1.0,1.0,0.8739362713116416
7094,70428e7a613e55cc,True,1.0,1.0,0.9363362624256599,1.0,1.0,1.0,0.9734734426773582
7095,563ef3c44a5a528e,True,1.0,1.0,0.006993157742515094,1.0,1.0,1.0,0.5862471490593814
7096,e91c1fdb29a858f3,True,1.0,1.0,0.9970034706500404,0.0,1.0,1.0,0.5820847794375168
7097,7bce82e059a05030,True,1.0,1.0,0.9099357876378252,1.0,1.0,1.0,0.9624732448490939
7098,1eade5af9ee65696,True,1.0,0.0,0.0,1.0,1.0,1.0,0.0
7099,7d59e0ea1e0d524b,True,1.0,1.0,0.6074977412357042,1.0,1.0,1.0,0.8364573921815435
7100,82e84851ea985ba8,True,1.0,1.0,1.0,1.0,1.0,1.0,1.0
7101,090a482cb7335520,True,1.0,1.0,0.989288401062747,1.0,1.0,0.0,0.9955368337761445
7102,ad6af1cce80c5983,True,1.0,1.0,1.0,1.0,1.0,1.0,1.0
7103,d6f66c51d98a5db6,True,1.0,1.0,0.9224918793552628,1.0,1.0,1.0,0.9677049497313596
7104,f8b4b55200585f2b,True,1.0,1.0,1.0,1.0,1.0,1.0,1.0
7105,bdef1564d4565c48,True,1.0,1.0,1.0,1.0,1.0,1.0,1.0
7106,cb3c9e9327b25cdc,True,1.0,1.0,0.8018338010832176,1.0,1.0,1.0,0.9174307504513406
7107,66583dab627951a2,True,1.0,0.0,0.0,0.0,1.0,0.0,0.0
7108,1c9f36db867b50bf,True,1.0,1.0,1.0,1.0,1.0,0.5,1.0
7109,a93fa981f60d50af,True,0.0,1.0,0.0,0.0,1.0,1.0,0.0
7110,8f67b84df6b75bd1,True,1.0,1.0,0.5898051298772946,1.0,1.0,0.5,0.8290854707822062
7111,70bf5f0d100d580f,True,0.0,0.0,0.0,0.0,1.0,1.0,0.0
7112,df36523fdaeb5882,True,1.0,0.0,0.0,1.0,1.0,1.0,0.0
7113,c9e5306d839d5427,True,1.0,1.0,0.7905973089473936,1.0,1.0,1.0,0.9127488787280806
7114,45d77984273c5205,True,0.0,1.0,0.0,0.0,1.0,1.0,0.0
7115,fb1d534ccf82583f,True,1.0,1.0,0.5986125797969634,1.0,1.0,0.5,0.8327552415820682
7116,bc8aad9d72385289,True,1.0,1.0,1.0,1.0,1.0,1.0,1.0
7117,e8ae48e9ca4a58fc,True,1.0,1.0,0.9514757910605877,1.0,1.0,1.0,0.9797815796085781
7118,3370b43bf64151a6,True,1.0,1.0,1.0,1.0,1.0,1.0,1.0
7119,4900cab7493059e2,True,1.0,1.0,1.0,0.0,1.0,1.0,0.5833333333333334
7120,364dd4c7c4cf55cb,True,0.0,1.0,0.0,0.0,1.0,1.0,0.0
7121,faba362f85a95b6c,True,1.0,0.0,0.0,0.0,1.0,1.0,0.0
7122,0bc2eec7ad2c5599,True,0.0,1.0,0.0,0.0,1.0,1.0,0.0
7123,23803695a4c1547c,True,1.0,0.0,0.0,1.0,1.0,1.0,0.0
7124,043524c9126f5893,True,1.0,1.0,0.7351915515605759,1.0,1.0,1.0,0.8896631464835734
7125,229de058ec7b59bd,True,0.0,1.0,0.0,0.0,1.0,1.0,0.0
7126,ebffacdb3be25252,True,1.0,1.0,1.0,1.0,1.0,1.0,1.0
7127,f559d26401125dbe,True,1.0,0.0,0.0,1.0,1.0,0.5,0.0
7128,44c38912946e580e,True,1.0,0.0,0.0,1.0,1.0,1.0,0.0
7129,06bdef9a9bbc5aaf,True,1.0,1.0,0.7116996276737885,1.0,1.0,1.0,0.8798748448640786
7130,a164681774715cea,True,1.0,1.0,0.7877256754462703,1.0,1.0,1.0,0.9115523647692793
7131,a7ce8d99f16150ac,True,1.0,1.0,0.7956752736035416,1.0,1.0,1.0,0.914864697334809
7132,aa7cf4712b635bb0,True,1.0,1.0,1.0,1.0,1.0,1.0,1.0
7133,662d6c1f51815bad,True,1.0,1.0,1.0,1.0,1.0,1.0,1.0
7134,184e4aef7e095f7a,True,1.0,1.0,1.0,0.0,1.0,1.0,0.5833333333333334
7135,2469647d2d055825,True,1.0,1.0,1.0,1.0,1.0,1.0,1.0
7136,35ceec8930305499,True,1.0,1.0,1.0,1.0,1.0,1.0,1.0
7137,1039f028cca95109,True,1.0,1.0,0.7317121857245338,1.0,1.0,1.0,0.8882134107185559
7138,854521fe3b945040,True,1.0,1.0,0.028672351277744427,1.0,1.0,1.0,0.5952801463657268
7139,4e50c7903a8c5303,True,1.0,1.0,1.0,1.0,1.0,1.0,1.0
7140,cd701e198d595e2b,True,1.0,1.0,0.8632578012092202,1.0,1.0,1.0,0.9430240838371752
7141,bfcb040f50425141,True,1.0,1.0,1.0,1.0,1.0,1.0,1.0
7142,9f461cae559d5e15,True,1.0,1.0,0.8827001515525361,1.0,1.0,1.0,0.95112506314689
7143,1039e136e6605cfb,True,1.0,0.0,0.0,1.0,1.0,1.0,0.0
7144,5167871fd80b575d,True,1.0,1.0,0.7549334439628327,1.0,1.0,1.0,0.8978889349845135
7145,a4bc6340456351af,True,1.0,1.0,0.5668138608112294,1.0,1.0,1.0,0.8195057753380123
7146,56a1470952cb57a0,True,1.0,1.0,0.8514362135065247,1.0,1.0,1.0,0.9380984222943853
7147,d559cac76f5a5a7d,True,1.0,1.0,1.0,0.0,1.0,1.0,0.5833333333333334
7148,51586a8c23a4569a,True,1.0,1.0,1.0,1.0,1.0,1.0,1.0
7149,43ebecce459052f2,True,1.0,1.0,0.8236386363471103,0.0,1.0,1.0,0.5098494318112959
7150,f9d772498ab656d6,True,1.0,1.0,0.6871483238485553,0.0,1.0,1.0,0.45297846827023136
7151,0436604d25145231,True,1.0,1.0,1.0,1.0,1.0,1.0,1.0
7152,f2a8ed3f01f15ef3,True,1.0,1.0,0.5835407864946162,1.0,1.0,1.0,0.8264753277060901
7153,e253ff0b4fd758cc,True,0.0,1.0,0.0,0.0,1.0,1.0,0.0
7154,e27b4628314951bb,True,1.0,1.0,0.9070309669111936,1.0,1.0,1.0,0.961262902879664
7155,7f890846214d583a,True,1.0,1.0,0.9476965378214375,1.0,1.0,1.0,0.9782068907589322
7156,1c542cec168557e3,True,1.0,1.0,0.8292336036112324,1.0,1.0,1.0,0.9288473348380135
7157,6561633171e75bb6,True,1.0,1.0,1.0,1.0,1.0,1.0,1.0
7158,de664d2cb249576d,True,1.0,1.0,1.0,1.0,1.0,1.0,1.0
7159,2d1b94bfdcd35217,True,1.0,1.0,1.0,1.0,1.0,1.0,1.0
7160,1c295a44b8d856d0,True,1.0,1.0,0.8226300176855975,1.0,1.0,1.0,0.9260958407023323
7161,3b4f49412be55b80,True,1.0,1.0,0.6875283904615118,1.0,1.0,1.0,0.8698034960256299
7162,9630074ccab7581e,True,1.0,1.0,0.8630872857677616,1.0,1.0,1.0,0.9429530357365673
7163,bd0f9349cc1053a3,True,1.0,1.0,1.0,0.0,1.0,1.0,0.5833333333333334
7164,e024d36bdd205a12,True,1.0,1.0,1.0,1.0,1.0,1.0,1.0
7165,72e48f99d8265b71,True,1.0,0.0,0.0,1.0,1.0,1.0,0.0
7166,03269d4ad9e45809,True,1.0,1.0,0.8159014077242652,1.0,1.0,1.0,0.9232922532184439
7167,2556a5c923c95128,True,1.0,1.0,0.840661156191294,1.0,1.0,1.0,0.9336088150797058
7168,91b143f42de55e14,True,1.0,1.0,0.6197081463477637,1.0,1.0,1.0,0.8415450609782349
7169,e60d3950023a5e46,True,1.0,1.0,0.9700422972244733,1.0,1.0,1.0,0.9875176238435306
7170,adccb045b1495f50,True,1.0,1.0,0.8932701487490531,1.0,1.0,1.0,0.9555292286454389
7171,134699ce1ce455c4,True,1.0,1.0,0.9279862941779379,1.0,1.0,1.0,0.9699942892408074
7172,db36705ca2645415,True,1.0,1.0,0.8077062535633168,1.0,1.0,1.0,0.919877605651382
7173,9f62394830d05091,True,1.0,1.0,0.9117781792523928,0.0,1.0,1.0,0.5465742413551636
7174,8072e0c324205e72,True,1.0,1.0,1.0,1.0,1.0,1.0,1.0
7175,9e28afceaa155cf4,True,0.0,1.0,0.0,0.0,1.0,1.0,0.0
7176,fbd06f49da055ea8,True,1.0,1.0,0.9131788337864144,1.0,1.0,1.0,0.9638245140776727
7177,0ef0e20c09865753,True,1.0,1.0,1.0,0.0,1.0,1.0,0.5833333333333334
7178,26cc0e92707756f2,True,1.0,1.0,1.0,1.0,1.0,1.0,1.0
7179,01d3726e5bc2576b,True,1.0,1.0,1.0,0.0,1.0,1.0,0.5833333333333334
7180,6c64511810415244,True,1.0,1.0,1.0,1.0,1.0,1.0,1.0
7181,20ae5f5df50a5865,True,1.0,1.0,0.9460099392549881,1.0,1.0,1.0,0.9775041413562451
7182,29213c31b5895c5f,True,1.0,1.0,0.057944165347463175,1.0,1.0,1.0,0.607476735561443
7183,e3cd93e027285031,True,1.0,1.0,0.7933735740630288,1.0,1.0,1.0,0.9139056558595954
7184,a41e9aff2ee457c2,True,1.0,0.0,0.0,1.0,1.0,1.0,0.0
7185,4fd0583319865636,True,0.0,1.0,0.0,0.0,1.0,1.0,0.0
7186,192e92b5db4754a6,True,1.0,1.0,0.9835477825950778,1.0,1.0,0.0,0.9931449094146158
7187,ef7089ecfb0c5028,True,1.0,0.0,0.0,1.0,1.0,1.0,0.0
7188,b9a8107ff09d5961,True,1.0,1.0,0.9683855093897192,1.0,1.0,1.0,0.9868272955790497
7189,8299207e310b595e,True,1.0,1.0,0.882629932985643,1.0,1.0,1.0,0.9510958054106845
7190,c0a12f1497045322,True,1.0,1.0,0.8609769394277584,1.0,1.0,1.0,0.942073724761566
7191,72c898c5c6a45939,True,1.0,1.0,1.0,1.0,1.0,1.0,1.0
7192,b7bd6325ead95dd8,True,1.0,1.0,0.9432743497845175,1.0,1.0,1.0,0.9763643124102156
7193,703aa650ece25a02,True,1.0,1.0,0.981737571012939,1.0,1.0,1.0,0.9923906545887246
7194,96588474ccef5f60,True,1.0,1.0,1.0,1.0,1.0,1.0,1.0
7195,b5b0ab149f9055db,True,1.0,1.0,0.30320465989706613,1.0,1.0,1.0,0.7096686082904441
7196,69f27d25f8a45de1,True,1.0,1.0,1.0,1.0,1.0,1.0,1.0
7197,d926deb799a65bea,True,1.0,1.0,0.8636881973734739,1.0,1.0,1.0,0.9432034155722807
7198,086e0f2ff2c45bb3,True,1.0,1.0,1.0,1.0,1.0,1.0,1.0
7199,0cb51b0d4e285c55,True,1.0,1.0,1.0,1.0,1.0,1.0,1.0
7200,45e9a0bc222452bf,True,0.0,1.0,0.0,0.0,1.0,1.0,0.0
7201,002a52b0ed5650da,True,1.0,1.0,0.8237639318460129,1.0,1.0,1.0,0.9265683049358387
7202,bca002ce93bd5997,True,1.0,1.0,1.0,0.0,1.0,1.0,0.5833333333333334
7203,f9df92352a5f53f2,True,1.0,1.0,1.0,1.0,1.0,1.0,1.0
7204,9bfe6fa481105f43,True,1.0,1.0,0.7743779869171229,1.0,1.0,1.0,0.9059908278821345
7205,7d423cc4c7b9541a,True,1.0,1.0,1.0,0.0,1.0,1.0,0.5833333333333334
7206,98ae2c97a0375eaf,True,1.0,1.0,0.7683131217430644,1.0,1.0,1.0,0.9034638007262769
7207,580dac44fa305877,True,1.0,1.0,0.725733469355761,1.0,1.0,1.0,0.8857222788982337
7208,0802a51b0a1d512c,True,1.0,1.0,0.2917458668861025,1.0,1.0,1.0,0.7048941112025426
7209,8eeeb7c3d5b158d8,True,0.0,0.0,0.0,0.0,1.0,1.0,0.0
7210,841f506a559f534f,True,1.0,1.0,1.0,1.0,1.0,1.0,1.0
7211,63bd566666b75e4a,True,1.0,1.0,0.8835497659406365,1.0,1.0,1.0,0.9514790691419318
7212,a8d02b285a5451a0,True,1.0,1.0,1.0,1.0,1.0,1.0,1.0
7213,6cc1bbadf8f25f7c,True,1.0,0.0,0.0,1.0,1.0,0.5,0.0
7214,c4c2c95cc8a358d8,True,1.0,1.0,0.8083553004900241,1.0,1.0,1.0,0.9201480418708434
7215,3f1682073dd950a3,True,1.0,1.0,1.0,1.0,1.0,1.0,1.0
7216,270768ccd1df5e0d,True,1.0,1.0,1.0,1.0,1.0,1.0,1.0
7217,a8c4188597da52a2,True,1.0,1.0,1.0,1.0,1.0,1.0,1.0
7218,d113b39be843564f,True,1.0,1.0,0.9061213102319295,1.0,1.0,1.0,0.9608838792633039
7219,ea7d8f38a0a05149,True,1.0,0.0,0.0,1.0,1.0,1.0,0.0
7220,5027a61161365407,True,0.0,1.0,0.0,0.0,1.0,1.0,0.0
7221,ebb383e16f7c5121,True,0.0,1.0,0.0,0.0,1.0,1.0,0.0
7222,e9fd1602f4555be6,True,1.0,1.0,1.0,0.0,1.0,1.0,0.5833333333333334
7223,489bb0ed93455b69,True,1.0,1.0,0.7840824447053447,1.0,1.0,1.0,0.9100343519605603
7224,da5ac44917dd5ca4,True,1.0,0.0,0.0,1.0,1.0,0.0,0.0
7225,fdfad1317cd75455,True,1.0,1.0,1.0,1.0,1.0,1.0,1.0
7226,508511fd38a15d52,True,1.0,1.0,1.0,1.0,1.0,1.0,1.0
7227,9f4f46e620785407,True,1.0,0.0,0.0,1.0,1.0,1.0,0.0
7228,70e50d9b18305fa4,True,1.0,1.0,0.7554624697485371,1.0,1.0,1.0,0.8981093623952239
7229,0d391852df3f5737,True,1.0,1.0,0.8408021305124821,1.0,1.0,1.0,0.9336675543802008
7230,407c0f671669566d,True,1.0,1.0,0.8569299025342191,1.0,1.0,1.0,0.9403874593892579
7231,ccd74f5377b85a36,True,1.0,1.0,0.82719689801668,1.0,1.0,1.0,0.92799870750695
7232,55c604d608af594f,True,1.0,0.0,0.0,1.0,1.0,1.0,0.0
7233,bf8a9586c59551f2,True,1.0,1.0,0.91467702597119,1.0,1.0,1.0,0.9644487608213291
7234,9e20b3d7da855668,True,1.0,1.0,0.9736753922241294,1.0,1.0,1.0,0.9890314134267205
7235,0ac3823481f15815,True,1.0,1.0,0.7189331710931315,1.0,1.0,1.0,0.8828888212888047
7236,f5a9eba40a9055f3,True,1.0,1.0,1.0,1.0,1.0,1.0,1.0
7237,5a35f8abb51c5303,True,1.0,1.0,1.0,1.0,1.0,1.0,1.0
7238,2615f45588965f4c,True,1.0,1.0,1.0,1.0,1.0,0.5,1.0
7239,f91647b196dd5180,True,1.0,1.0,1.0,0.0,1.0,1.0,0.5833333333333334
7240,ed7e9a246a01525d,True,1.0,1.0,1.0,0.0,1.0,1.0,0.5833333333333334
7241,fe37acae391d507c,True,1.0,1.0,1.0,1.0,1.0,1.0,1.0
7242,67286bba873e56f1,True,1.0,1.0,0.8219429297494577,1.0,1.0,1.0,0.925809554062274
7243,e429babc45b05f4e,True,1.0,1.0,0.9619033989077201,1.0,1.0,1.0,0.9841264162115501
7244,967b41c4778d5aac,True,1.0,1.0,0.9204697675155165,1.0,1.0,1.0,0.9668624031314653
7245,9436b4c35a125beb,True,1.0,1.0,0.7288775598582536,1.0,1.0,1.0,0.8870323166076056
7246,781386f5659b5cdf,True,1.0,1.0,1.0,1.0,1.0,1.0,1.0
7247,4a25aaca58b85ea5,True,1.0,1.0,0.8152333038694488,1.0,1.0,1.0,0.9230138766122703
7248,be027cd33b835419,True,1.0,1.0,0.8869514710223285,1.0,1.0,1.0,0.9528964462593036
7249,da928b52410d5da6,True,1.0,0.0,0.0,1.0,1.0,0.5,0.0
7250,c778933c0b8f5093,True,1.0,1.0,1.0,1.0,1.0,1.0,1.0
7251,8a492ff6a81054a7,True,1.0,1.0,0.7744612748673922,1.0,1.0,0.5,0.9060255311947468
7252,e036ba13ad4d5784,True,1.0,1.0,1.0,1.0,1.0,1.0,1.0
7253,fb4908bfeaf75ab1,True,1.0,1.0,1.0,1.0,1.0,1.0,1.0
7254,ab845dd1ff3c522d,True,1.0,1.0,0.9588254098551059,1.0,1.0,1.0,0.9828439207729608
7255,abdf3c37dc03596c,True,1.0,1.0,0.8108401975673316,1.0,1.0,1.0,0.9211834156530548
7256,cffc9ea8b6ea5920,True,1.0,1.0,0.9866713288171861,1.0,1.0,1.0,0.9944463870071608
7257,9e1a8204e14e56e1,True,1.0,1.0,0.5456363681418425,1.0,1.0,1.0,0.8106818200591009
7258,396a8c19c4ac58f3,True,0.0,1.0,0.0,0.0,1.0,1.0,0.0
7259,5496f69033515dd4,True,1.0,1.0,0.8673054729707841,1.0,1.0,1.0,0.9447106137378268
7260,709f0d99dfa0567e,True,1.0,1.0,0.7985413463264553,1.0,1.0,1.0,0.9160588943026897
7261,3dd0dfc88c6a5de8,True,1.0,0.0,0.0,0.0,1.0,1.0,0.0
7262,d93e31dfb0c25be5,True,1.0,1.0,1.0,1.0,1.0,1.0,1.0
7263,7f002eadb0845994,True,1.0,1.0,1.0,0.0,1.0,1.0,0.5833333333333334
7264,8d4601efa6b6581e,True,1.0,1.0,1.0,1.0,1.0,1.0,1.0
7265,b1457b7279f75735,True,1.0,1.0,1.0,1.0,1.0,1.0,1.0
7266,1f7fe5fcd7965b1c,True,1.0,1.0,0.8458692674679321,1.0,1.0,0.0,0.9357788614449717
7267,906ffee6860e524a,True,1.0,1.0,1.0,1.0,1.0,1.0,1.0
7268,4a4ce3ba90ad5614,True,1.0,1.0,0.8675978921452185,1.0,1.0,1.0,0.9448324550605077
7269,28d8f3699547568b,True,1.0,1.0,0.8252523060550081,0.0,1.0,1.0,0.5105217941895867
7270,bd70654aee0f54a6,True,1.0,1.0,1.0,1.0,1.0,0.5,1.0
7271,a7a7c9782f3951a1,True,1.0,1.0,1.0,1.0,1.0,1.0,1.0
7272,0208ed2202af56b2,True,1.0,1.0,0.8837076930230369,1.0,1.0,1.0,0.9515448720929319
7273,37d8b3ca81905645,True,1.0,1.0,1.0,1.0,1.0,1.0,1.0
7274,b8d4a8d9b16859d4,True,1.0,1.0,1.0,1.0,1.0,1.0,1.0
7275,4fb652e8a58f5623,True,1.0,1.0,1.0,1.0,1.0,1.0,1.0
7276,2b156c54c8ce5645,True,1.0,1.0,0.7410787921869344,1.0,1.0,1.0,0.8921161634112226
7277,25e5bbbced86504c,True,1.0,1.0,0.9489594298451919,1.0,1.0,1.0,0.9787330957688299
7278,da9ee145e2b05480,True,1.0,1.0,0.716058006123231,1.0,1.0,1.0,0.8816908358846796
7279,07bf0601ad425977,True,1.0,1.0,0.30225889098949693,1.0,1.0,1.0,0.7092745379122904
7280,a98e0fd4eee7534a,True,1.0,1.0,1.0,1.0,1.0,1.0,1.0
7281,3a2203251ab65b53,True,1.0,1.0,1.0,1.0,1.0,1.0,1.0
7282,926d8c9ced715a42,True,1.0,1.0,1.0,1.0,1.0,1.0,1.0
7283,331a4a4334df5c34,True,1.0,1.0,0.7352305332020274,1.0,1.0,1.0,0.889679388834178
7284,0a672fa6dbb95d68,True,1.0,1.0,0.7866608204186804,1.0,1.0,1.0,0.9111086751744502
7285,e92a637d847e516c,True,1.0,1.0,1.0,1.0,1.0,1.0,1.0
7286,184f5d3c75275c6e,True,0.0,1.0,0.0,0.0,1.0,1.0,0.0
7287,8fd10a64f7255d5c,True,1.0,1.0,0.936449204348438,1.0,1.0,0.0,0.9735205018118492
7288,2034e8ae11cc594e,True,1.0,0.0,0.0,1.0,1.0,1.0,0.0
7289,826b4daba60a5648,True,1.0,1.0,0.7682732254297342,0.0,1.0,1.0,0.4867805105957226
7290,d5d4f1c1a2f0589e,True,1.0,0.0,0.0,1.0,1.0,1.0,0.0
7291,65729e98f81a526e,True,1.0,1.0,1.0,1.0,1.0,1.0,1.0
7292,8b1aea091a6f5a16,True,1.0,1.0,1.0,1.0,1.0,1.0,1.0
7293,2f421d857f32510e,True,1.0,0.0,0.0,1.0,1.0,1.0,0.0
7294,56c64f7e47b15e0d,True,1.0,1.0,0.12749967625905806,1.0,1.0,1.0,0.6364581984412742
7295,ef0b044d86855ffe,True,1.0,1.0,1.0,1.0,1.0,1.0,1.0
7296,7c2c92e3afdd555f,True,1.0,1.0,0.7679082767941725,1.0,1.0,1.0,0.9032951153309052
7297,39a769c19105586e,True,1.0,1.0,0.8178541231196343,1.0,1.0,1.0,0.9241058846331809
7298,15f703b63e545d42,True,1.0,1.0,0.8570270114494908,1.0,1.0,1.0,0.9404279214372879
7299,82e1485de4fa5b71,True,1.0,1.0,0.8032668970743019,1.0,1.0,1.0,0.9180278737809591
7300,7cbf7bab041151e1,True,1.0,1.0,0.8353951855746776,1.0,1.0,1.0,0.9314146606561158
7301,0577532eba755552,True,1.0,1.0,0.22518070164314785,1.0,1.0,1.0,0.6771586256846449
7302,2c71b83e25e1577d,True,1.0,1.0,0.9015312736718878,1.0,1.0,1.0,0.9589713640299532
7303,1862fb50f5b0518a,True,1.0,1.0,1.0,0.0,1.0,1.0,0.5833333333333334
7304,2a3a3e232e86560b,True,1.0,1.0,0.7934291484364872,1.0,1.0,1.0,0.9139288118485362
7305,22e04303d53f54f5,True,1.0,1.0,0.7695401415828487,1.0,1.0,1.0,0.9039750589928536
7306,53f1331b9dd45ffa,True,1.0,1.0,0.8398085385408354,1.0,1.0,1.0,0.9332535577253481
7307,cd67b6a868ed5745,True,1.0,1.0,1.0,0.0,1.0,1.0,0.5833333333333334
7308,551cf39c34f75b25,True,1.0,1.0,0.3547315850690066,1.0,1.0,1.0,0.7311381604454193
7309,6157537c48ab553d,True,1.0,0.0,0.0,1.0,1.0,1.0,0.0
7310,cf039efb320e55ec,True,1.0,1.0,0.7720109946564612,1.0,1.0,1.0,0.9050045811068589
7311,efca142f8d93518b,True,1.0,1.0,0.8731543420252773,1.0,1.0,1.0,0.9471476425105322
7312,46f4d9ea67c75a76,True,0.0,1.0,0.0,0.0,1.0,1.0,0.0
7313,1d2710d5bcfd52a7,True,1.0,1.0,0.8355667104437637,1.0,1.0,1.0,0.9314861293515682
7314,9a95f91ea98652ca,True,1.0,1.0,1.0,1.0,1.0,1.0,1.0
7315,76b3e192b5e45727,True,1.0,1.0,0.7745366869724691,1.0,1.0,1.0,0.9060569529051955
7316,910ce583575e5f8d,True,1.0,1.0,0.7468631512690393,1.0,1.0,1.0,0.8945263130287664
7317,bbde51f27b4455c2,True,1.0,1.0,0.9035610903700455,1.0,1.0,1.0,0.9598171209875189
7318,29647b1293bf52b0,True,1.0,1.0,1.0,1.0,1.0,1.0,1.0
7319,e9799c219eb25a48,True,1.0,1.0,1.0,1.0,1.0,1.0,1.0
7320,fbe55fdc31135ad5,True,1.0,1.0,1.0,0.0,1.0,1.0,0.5833333333333334
7321,f11cf1d1b58454d8,True,1.0,1.0,0.9074586967155315,1.0,1.0,1.0,0.9614411236314714
7322,47b1e103c4f1584a,True,1.0,1.0,0.7123853669439847,1.0,1.0,1.0,0.8801605695599936
7323,e149babe2348549e,True,1.0,1.0,0.8525826770209682,1.0,1.0,1.0,0.9385761154254034
7324,32a19a2ab50f563d,True,1.0,1.0,1.0,1.0,1.0,1.0,1.0
7325,d577027e9c295bde,True,1.0,1.0,0.5435771782904784,1.0,1.0,0.5,0.8098238242876993
7326,e7d1f889fc4d5309,True,1.0,1.0,1.0,1.0,1.0,1.0,1.0
7327,6246c97eee435b98,True,1.0,1.0,0.7521825087319401,1.0,1.0,1.0,0.8967427119716417
7328,9e1761b29988514c,True,1.0,1.0,0.0542381595928094,1.0,1.0,1.0,0.6059325664970039
7329,81b86d3bfe9758ac,True,1.0,1.0,0.7689116329640325,1.0,1.0,1.0,0.9037131804016801
7330,f952ad55ab565465,True,1.0,1.0,0.9778824500641214,1.0,1.0,1.0,0.990784354193384
7331,b387a02b67e45a4b,True,1.0,1.0,0.9420490522619197,1.0,1.0,1.0,0.9758537717757999
7332,e05f3bbcb266504c,True,1.0,1.0,0.8695342287367923,1.0,1.0,1.0,0.9456392619736634
7333,6c9e40634f705f56,True,1.0,1.0,0.9784006816818791,1.0,1.0,1.0,0.9910002840341163
7334,2d7bc87644e85744,True,1.0,0.0,0.0,1.0,1.0,1.0,0.0
7335,6b68c09f87b85dc8,True,1.0,1.0,1.0,1.0,1.0,1.0,1.0
7336,eb9fd90de700597b,True,1.0,1.0,0.9336667061412166,1.0,1.0,1.0,0.9723611275588402
7337,25b846255c715c69,True,1.0,1.0,1.0,1.0,1.0,1.0,1.0
7338,5bd2bc00e2d358e0,True,1.0,1.0,0.8215338367399642,1.0,1.0,1.0,0.9256390986416517
7339,163c9ec0110e5384,True,1.0,0.0,0.0,1.0,1.0,1.0,0.0
7340,53abaebc66d4549e,True,1.0,1.0,1.0,0.0,1.0,1.0,0.5833333333333334
7341,9c1f46770f2655b1,True,0.5,0.0,0.0,0.0,1.0,1.0,0.0
7342,f0d1419c24b85651,True,1.0,0.0,0.0,1.0,1.0,1.0,0.0
7343,92e33be532965ecf,True,1.0,1.0,1.0,1.0,1.0,1.0,1.0
7344,778219f3cac65d35,True,1.0,1.0,0.5956457207096469,1.0,1.0,1.0,0.8315190502956863
7345,4b4c7883539d5eb9,True,1.0,1.0,1.0,1.0,1.0,1.0,1.0
7346,8b279a20979950d6,True,1.0,1.0,1.0,1.0,1.0,1.0,1.0
7347,9db7131f4c8d57dd,True,0.5,0.0,0.0,0.0,1.0,1.0,0.0
7348,0165d0814e905c1c,True,0.0,1.0,0.0,0.0,1.0,1.0,0.0
7349,575a40958ae65abd,True,1.0,1.0,1.0,1.0,1.0,1.0,1.0
7350,4f61422adb195d3c,True,1.0,1.0,0.8699748652947439,1.0,1.0,1.0,0.9458228605394766
7351,4afad5f528f45dfe,True,1.0,0.0,0.0,1.0,1.0,1.0,0.0
7352,d2098ab3fc1953b3,True,1.0,0.0,0.0,1.0,1.0,1.0,0.0
7353,f9d9a2a2e2d25a8c,True,1.0,1.0,0.8177919129028812,1.0,1.0,1.0,0.9240799637095338
7354,dabc9043dbb9560b,True,1.0,1.0,0.8844853730313166,1.0,1.0,1.0,0.9518689054297153
7355,41892d06df125856,True,1.0,1.0,1.0,1.0,1.0,1.0,1.0
7356,ddc25b8617cb5aa0,True,1.0,1.0,1.0,1.0,1.0,1.0,1.0
7357,b868adf3ec2e56a5,True,1.0,1.0,0.6992020009560059,1.0,1.0,1.0,0.8746675003983357
7358,46deeff0d0495df6,True,1.0,1.0,1.0,1.0,1.0,1.0,1.0
7359,21b98219003453af,True,1.0,1.0,0.8423545068405107,1.0,1.0,1.0,0.9343143778502129
7360,3f1152860b695e59,True,1.0,1.0,1.0,1.0,1.0,1.0,1.0
7361,18f8562c9bb55561,True,1.0,1.0,0.47816076077170167,1.0,1.0,1.0,0.7825669836548758
7362,501de4adcf415443,True,1.0,1.0,1.0,1.0,1.0,1.0,1.0
7363,33cdc99603ed57b9,True,1.0,1.0,1.0,0.0,1.0,1.0,0.5833333333333334
7364,1b613bcca44b5b29,True,0.0,1.0,0.0,0.0,1.0,1.0,0.0
7365,0d7cf272469a5a97,True,1.0,1.0,0.676182550809055,1.0,1.0,1.0,0.8650760628371063
7366,bc2314763cfc545d,True,1.0,1.0,0.8631670048677372,1.0,1.0,1.0,0.9429862520282238
7367,f7b7dcf856ce587d,True,0.0,1.0,0.0,0.0,1.0,1.0,0.0
7368,39752b75d70d5458,True,0.0,1.0,0.0,0.0,1.0,1.0,0.0
7369,b74b5977823b527a,True,1.0,1.0,0.9930214380119042,1.0,1.0,1.0,0.9970922658382935
7370,ba2ebab05dfd523e,True,1.0,0.0,0.0,1.0,1.0,1.0,0.0
7371,ce124b0ef61757d1,True,1.0,1.0,0.8463779076830512,1.0,1.0,1.0,0.935990794867938
7372,7287189737c85540,True,1.0,0.0,0.0,1.0,1.0,1.0,0.0
7373,8e7cc5d34d415b43,True,1.0,1.0,0.3524866070156003,1.0,1.0,1.0,0.7302027529231667
7374,d6fb4629926d57db,True,1.0,1.0,1.0,0.0,1.0,1.0,0.5833333333333334
7375,1f6d3d52a6685c15,True,1.0,1.0,0.9068551936742361,1.0,1.0,1.0,0.9611896640309316
7376,92d2f07fc6075f5d,True,1.0,1.0,1.0,1.0,1.0,1.0,1.0
7377,afa8102c20685ec5,True,1.0,1.0,0.5685148368512112,1.0,1.0,1.0,0.8202145153546713
7378,0a51eb8adf8e5391,True,1.0,1.0,0.6467359202634868,1.0,1.0,1.0,0.8528066334431195
7379,cff12b59b73c537e,True,1.0,0.0,0.0,1.0,1.0,1.0,0.0
7380,918a76140b9a5f92,True,1.0,1.0,1.0,0.0,1.0,1.0,0.5833333333333334
7381,abcb112aeb3458cf,True,1.0,1.0,0.9319328349469156,1.0,1.0,1.0,0.9716386812278816
7382,75f36091b3ec57e5,True,1.0,1.0,1.0,1.0,1.0,1.0,1.0
7383,684ac2e9651d5e63,True,0.5,0.0,0.0,0.0,1.0,1.0,0.0
7384,42eef0001e6c5498,True,1.0,1.0,0.7905146180409308,1.0,1.0,1.0,0.9127144241837212
7385,e54bb40453165fac,True,1.0,1.0,1.0,1.0,1.0,1.0,1.0
7386,ed1ae68f8c0f5f3a,True,1.0,1.0,1.0,1.0,1.0,1.0,1.0
7387,ee91209e45fe5141,True,1.0,1.0,0.8211158777730602,1.0,1.0,0.0,0.9254649490721084
7388,a87eceb632f253c7,True,1.0,1.0,1.0,1.0,1.0,1.0,1.0
7389,8413eaf2b8e45e3b,True,0.5,1.0,0.42394216631274556,0.0,1.0,1.0,0.171654617981822
7390,5487bbfde69354cb,True,1.0,1.0,0.8527667823833485,1.0,1.0,1.0,0.9386528259930618
7391,8294a047fcda5698,True,1.0,1.0,0.7193768165552481,1.0,1.0,1.0,0.8830736735646867
7392,48f00d40d416591d,True,1.0,1.0,1.0,0.0,1.0,1.0,0.5833333333333334
7393,333ba3fb0fc85da9,True,1.0,1.0,0.8659104885229927,1.0,1.0,1.0,0.9441293702179135
7394,c763328b4b3855b6,True,1.0,1.0,1.0,1.0,1.0,1.0,1.0
7395,271bd521cc6c50ae,True,1.0,1.0,1.0,0.0,1.0,1.0,0.5833333333333334
7396,59504d2ffda35a72,True,0.5,1.0,0.5456523279585074,0.0,1.0,0.5,0.19701090165802237
7397,8b2a7b6817795ae7,True,1.0,1.0,0.4400920320034919,1.0,1.0,1.0,0.7667050133347884
7398,8cac1b4a21585010,True,1.0,1.0,0.8819338318860893,1.0,1.0,0.0,0.9508057632858705
7399,84fc6d5788a95edd,True,1.0,0.0,0.0,1.0,1.0,0.0,0.0
7400,f35274c7a16657d7,True,1.0,1.0,0.8314076535389658,0.0,1.0,1.0,0.5130865223079024
7401,424cdafd92f25209,True,0.0,1.0,0.0,0.0,1.0,1.0,0.0
7402,fc09376fd45c509a,True,1.0,1.0,0.9855235411274287,1.0,1.0,1.0,0.9939681421364286
7403,a460a03aab635f35,True,1.0,1.0,0.8371065571293081,0.0,1.0,1.0,0.515461065470545
7404,d10c269610375646,True,1.0,1.0,1.0,1.0,1.0,1.0,1.0
7405,fd3b8f88745c5c2d,True,1.0,1.0,1.0,0.0,1.0,1.0,0.5833333333333334
7406,72c1d1069773561d,True,1.0,0.0,0.0,1.0,1.0,0.5,0.0
7407,b29689efa40f54e0,True,1.0,1.0,0.6591695202275365,1.0,1.0,1.0,0.8579873000948068
7408,05304817b887541e,True,1.0,1.0,1.0,1.0,1.0,0.0,1.0
7409,61720db8cab2508a,True,1.0,1.0,0.7340813049728772,1.0,1.0,1.0,0.8892005437386988
7410,2376e90f1bf85c50,True,1.0,0.0,0.0,1.0,1.0,1.0,0.0
7411,b96dd2fae674571c,True,1.0,0.0,0.0,1.0,1.0,0.0,0.0
7412,d0818bf765555782,True,1.0,1.0,0.9817912421151439,1.0,1.0,1.0,0.9924130175479767
7413,d56e3d307eb8525a,True,1.0,1.0,1.0,1.0,1.0,1.0,1.0
7414,411af42484ea5bb5,True,1.0,1.0,1.0,0.0,1.0,1.0,0.5833333333333334
7415,e3c90a2ce83f5d9f,True,1.0,1.0,0.6730173166160086,1.0,1.0,1.0,0.8637572152566703
7416,b7205dc330035bf4,True,1.0,1.0,1.0,1.0,1.0,1.0,1.0
7417,8f5610a77c3257f9,True,1.0,1.0,1.0,1.0,1.0,1.0,1.0
7418,c282872767cb5199,True,1.0,1.0,1.0,0.0,1.0,1.0,0.5833333333333334
7419,4dba0d7ebbf95639,True,1.0,1.0,0.9282149440369825,1.0,1.0,1.0,0.9700895600154094
7420,75151361dbe658bb,True,1.0,1.0,1.0,1.0,1.0,0.5,1.0
7421,51b855943c3a54ee,True,1.0,1.0,0.893186199119095,1.0,1.0,1.0,0.9554942496329563
7422,9c45919236c051c0,True,0.0,1.0,0.0,0.0,1.0,1.0,0.0
7423,abb5501b10e65b19,True,1.0,0.0,0.0,1.0,1.0,1.0,0.0
7424,c08100986326547c,True,1.0,1.0,0.8634382864424575,1.0,1.0,1.0,0.9430992860176906
7425,7b7ce3374d1e51dc,True,1.0,1.0,1.0,1.0,1.0,1.0,1.0
7426,21f64c6cfe835cbe,True,0.0,1.0,0.0,0.0,1.0,1.0,0.0
7427,530176929c015182,True,1.0,1.0,1.0,1.0,1.0,0.5,1.0
7428,ec574c9ae43e56a9,True,1.0,1.0,1.0,1.0,1.0,1.0,1.0
7429,dd30198e0e6b5bd8,True,1.0,1.0,1.0,0.0,1.0,1.0,0.5833333333333334
7430,482601c870805c11,True,0.0,1.0,0.0,0.0,1.0,1.0,0.0
7431,70e6b8db27e55b53,True,1.0,1.0,1.0,1.0,1.0,1.0,1.0
7432,f6c528f78bdf593c,True,1.0,1.0,0.016235232419151015,1.0,1.0,1.0,0.5900980135079795
7433,76dd2e9ad6f753b8,True,1.0,1.0,1.0,0.0,1.0,1.0,0.5833333333333334
7434,c296ded44f9a509a,True,1.0,1.0,0.8405291612371778,1.0,1.0,1.0,0.9335538171821574
7435,888d1fb945ed5982,True,1.0,1.0,0.6824261920201999,1.0,1.0,1.0,0.8676775800084165
7436,d4849a52aaa55a9f,True,1.0,1.0,1.0,1.0,1.0,1.0,1.0
7437,0dfdaa7ed7445e7c,True,0.0,1.0,0.0,0.0,1.0,1.0,0.0
7438,ea8ce810e307587d,True,1.0,1.0,0.7634889615741557,1.0,1.0,1.0,0.9014537339892316
7439,066c0c3f45915cba,True,1.0,1.0,1.0,1.0,1.0,1.0,1.0
7440,01329f4a29285dfe,True,1.0,1.0,0.9288407501757006,1.0,1.0,1.0,0.9703503125732086
7441,fcbc81e3caa75186,True,1.0,1.0,0.9142341843675786,1.0,1.0,1.0,0.9642642434864911
7442,30dafbb048775d29,True,1.0,1.0,0.9274657022368227,0.0,1.0,1.0,0.5531107092653428
7443,fe9ad4d0e8d355e2,True,1.0,1.0,0.9865423668133035,1.0,1.0,1.0,0.9943926528388763
7444,389bfba2e25f581b,True,0.0,1.0,0.0,0.0,1.0,1.0,0.0
7445,5816a23cfee25d4e,True,1.0,1.0,1.0,1.0,1.0,1.0,1.0
7446,93bc5a4ab6a95986,True,1.0,1.0,1.0,0.0,1.0,1.0,0.5833333333333334
7447,bc85f0c7a2305ef5,True,1.0,0.0,0.0,1.0,1.0,1.0,0.0
7448,e61cc4ac32d7538a,True,1.0,1.0,1.0,0.0,1.0,1.0,0.5833333333333334
7449,1682c020a94054fa,True,1.0,0.0,0.0,1.0,1.0,0.5,0.0
7450,9e04987475e85dd5,True,1.0,1.0,0.8369274909284984,1.0,1.0,1.0,0.9320531212202076
7451,4501554f824e59fc,True,1.0,0.0,0.0,1.0,1.0,1.0,0.0
7452,8cec7d21f7dc540b,True,1.0,0.0,0.0,1.0,1.0,1.0,0.0
7453,01da0653d99c5903,True,1.0,1.0,1.0,0.0,1.0,1.0,0.5833333333333334
7454,449baff4aece5ab3,True,1.0,1.0,0.758583281057006,1.0,1.0,1.0,0.8994097004404192
7455,a1ff2db262ab5db7,True,1.0,1.0,0.0,1.0,1.0,1.0,0.5833333333333334
7456,f6ab99e351c95b45,True,1.0,1.0,0.8729630071541189,1.0,1.0,1.0,0.9470679196475494
7457,c35e290a671a5084,True,0.0,1.0,0.0,0.0,1.0,1.0,0.0
7458,873568760d365a73,True,1.0,1.0,0.5253208267014053,1.0,1.0,1.0,0.8022170111255855
7459,84b69613f5e6551c,True,1.0,1.0,0.6396832418652928,1.0,1.0,0.5,0.849868017443872
7460,8912a46529c059a1,True,1.0,1.0,0.8733406595232269,1.0,1.0,1.0,0.9472252748013444
7461,63070010ae7159f2,True,1.0,1.0,0.7552832336846269,1.0,1.0,1.0,0.8980346807019278
7462,01a58976a2e45a3d,True,1.0,1.0,1.0,1.0,1.0,1.0,1.0
7463,9ee3c3a666d35a5c,True,0.0,1.0,0.0,0.0,1.0,1.0,0.0
7464,4280b7024092550c,True,1.0,1.0,1.0,1.0,1.0,1.0,1.0
7465,621a9591a97758b8,True,1.0,1.0,0.7222426200750826,1.0,1.0,0.0,0.8842677583646177
7466,c332bacddbfe53d9,True,1.0,1.0,0.8025905579124605,1.0,1.0,1.0,0.9177460657968585
7467,114a946faf305345,True,1.0,1.0,0.779241469843183,1.0,1.0,1.0,0.9080172791013262
7468,73e4db7c9a4d5076,True,1.0,1.0,0.6971538600635858,1.0,1.0,1.0,0.8738141083598275
7469,1b35b775c4a95647,True,1.0,1.0,1.0,1.0,1.0,1.0,1.0
7470,75570ebf4f3551c1,True,1.0,1.0,0.7574190577876077,1.0,1.0,1.0,0.8989246074115033
7471,41785a426b555ab9,True,1.0,1.0,0.9806316807486938,1.0,1.0,1.0,0.9919298669786224
7472,d753a5379cc15b69,True,1.0,1.0,0.797233037995991,1.0,1.0,1.0,0.9155137658316629
7473,5350c9f947cb5482,True,1.0,1.0,0.58365406228738,1.0,1.0,1.0,0.826522525953075
7474,4d48843c558b5807,True,1.0,1.0,1.0,1.0,1.0,1.0,1.0
7475,47a83e9f70525906,True,1.0,1.0,1.0,1.0,1.0,1.0,1.0
7476,5e74b6a61b715f47,True,0.0,1.0,0.0,0.0,1.0,1.0,0.0
7477,ac2e86e04c0a5287,True,1.0,1.0,0.814077735103654,1.0,1.0,1.0,0.9225323896265225
7478,dfaaa711e0a557ba,True,1.0,1.0,0.9941969439494016,1.0,1.0,1.0,0.9975820599789174
7479,35d07990fee95985,True,0.0,1.0,0.0,0.0,1.0,1.0,0.0
7480,40e9f6044a485b14,True,1.0,1.0,1.0,1.0,1.0,0.5,1.0
7481,05f1a5cbc0905d8e,True,1.0,0.0,0.0,1.0,1.0,0.5,0.0
7482,ed896606c8d658fc,True,1.0,0.0,0.0,1.0,1.0,1.0,0.0
7483,172506ac332d5af5,True,1.0,1.0,1.0,0.0,1.0,1.0,0.5833333333333334
7484,2d1f929350f65cdc,True,1.0,1.0,0.8348435806188739,1.0,1.0,1.0,0.9311848252578642
7485,288ea364ec115f46,True,1.0,1.0,1.0,1.0,1.0,1.0,1.0
7486,baf0c6e99bec57db,True,1.0,1.0,0.7962794324331859,0.0,1.0,1.0,0.49844976351382747
7487,9d5e6089bd0d5caf,True,1.0,1.0,0.9393738708307667,0.0,1.0,1.0,0.5580724461794861
7488,0cf1a04807e1505b,True,0.0,1.0,0.0,0.0,1.0,1.0,0.0
7489,53400e82ca375c5f,True,1.0,1.0,0.6336525633875592,1.0,1.0,1.0,0.8473552347448163
7490,2f03781e3fd05c28,True,1.0,1.0,1.0,1.0,1.0,1.0,1.0
7491,e6bdb406a21e55ba,True,1.0,1.0,0.8496712331458643,1.0,1.0,1.0,0.9373630138107769
7492,0a50c123ca24584f,True,1.0,1.0,1.0,1.0,1.0,1.0,1.0
7493,0a8c2aac609d5a04,True,1.0,1.0,0.7511638146722049,1.0,1.0,1.0,0.8963182561134188
7494,2751f9eb641455c9,True,1.0,1.0,1.0,0.0,1.0,1.0,0.5833333333333334
7495,9e0633fbdeac55bb,True,1.0,1.0,0.8282617963391345,1.0,1.0,1.0,0.9284424151413061
7496,1090e431ffef512f,True,1.0,1.0,0.8889496289946371,1.0,1.0,1.0,0.9537290120810988
7497,7feaf6410f1854a8,True,1.0,1.0,1.0,1.0,1.0,1.0,1.0
7498,e7a7c61c543e5b88,True,0.0,1.0,0.0,0.0,1.0,1.0,0.0
7499,645e36c611b552ce,True,1.0,1.0,0.8332806904840873,1.0,1.0,1.0,0.9305336210350363
7500,25bf69b0667152fa,True,1.0,1.0,0.9379369930439978,1.0,1.0,1.0,0.9741404137683324
7501,a1493423e0d1521c,True,0.0,1.0,0.0,0.0,1.0,1.0,0.0
7502,00c6aecefec9576c,True,1.0,1.0,0.8935278986631432,1.0,1.0,1.0,0.9556366244429763
7503,8b90b26a4deb5019,True,1.0,1.0,0.7747728917778135,1.0,1.0,1.0,0.9061553715740889
7504,365c0937de9d5885,True,1.0,1.0,0.7630264669028276,1.0,1.0,0.0,0.9012610278761781
7505,0dc54a8c8203567b,True,1.0,0.0,0.0,1.0,1.0,1.0,0.0
7506,971af37715285683,True,1.0,1.0,1.0,1.0,1.0,1.0,1.0
7507,f9cfac7b9f30506d,True,1.0,0.0,0.0,1.0,1.0,0.0,0.0
7508,6c321000d6c0527a,True,1.0,1.0,0.9808087513737793,1.0,1.0,1.0,0.9920036464057413
7509,450df2d719cb5c88,True,1.0,0.0,0.0,1.0,1.0,1.0,0.0
7510,94d209006f485164,True,1.0,0.0,0.0,1.0,1.0,1.0,0.0
7511,150f1c76c75352cf,True,1.0,0.0,0.0,1.0,1.0,1.0,0.0
7512,de18caace4a351b6,True,1.0,1.0,0.824084445522808,0.0,1.0,1.0,0.5100351856345033
7513,14c80c1211bc5df8,True,1.0,1.0,0.6653496587649167,1.0,1.0,1.0,0.8605623578187153
7514,993d17cce2685b9a,True,1.0,1.0,0.8109198874774999,1.0,1.0,1.0,0.9212166197822915
7515,fdb658e4941855a3,True,0.0,1.0,0.0,0.0,1.0,1.0,0.0
7516,639c2678cce95d68,True,1.0,1.0,0.8140894622420708,1.0,1.0,1.0,0.9225372759341962
7517,af0e2b61cba953de,True,1.0,1.0,0.7053375059676932,1.0,1.0,1.0,0.8772239608198721
7518,536a4f2c870d5e58,True,1.0,0.0,0.0,1.0,1.0,1.0,0.0
7519,90c6b53ec4a252bc,True,1.0,1.0,1.0,1.0,1.0,1.0,1.0
7520,fb259f736cd55252,True,1.0,1.0,0.9989081764604603,0.0,1.0,1.0,0.5828784068585251
7521,51a80bf5fd575fa2,True,1.0,1.0,0.8768859805589787,1.0,1.0,1.0,0.9487024918995745
7522,a9152eadc70058ba,True,1.0,1.0,1.0,1.0,1.0,1.0,1.0
7523,4936360c43435011,True,1.0,1.0,0.8834829818297938,1.0,1.0,1.0,0.9514512424290807
7524,5259a5b9d00d54a7,True,1.0,1.0,0.9664132003519147,1.0,1.0,1.0,0.9860055001466311
7525,e4673b6cec6b521a,True,1.0,1.0,0.9644280076157626,1.0,1.0,1.0,0.9851783365065678
7526,cd16888f31015b81,True,1.0,1.0,1.0,1.0,1.0,0.5,1.0
7527,2ee34c8975525f5c,True,1.0,1.0,1.0,0.0,1.0,1.0,0.5833333333333334
7528,5282504f73a759b9,True,1.0,1.0,1.0,1.0,1.0,1.0,1.0
7529,7508fad57cde547d,True,1.0,1.0,0.01900511650744209,1.0,1.0,1.0,0.5912521318781009
7530,aa4272ed1b785b94,True,1.0,1.0,1.0,0.0,1.0,1.0,0.5833333333333334
7531,bba5d587cab25dfa,True,1.0,0.0,0.0,1.0,1.0,1.0,0.0
7532,d2777b7b71325a67,True,1.0,0.0,0.0,1.0,1.0,1.0,0.0
7533,b7febc4ae909501b,True,1.0,1.0,0.7332609813047593,1.0,1.0,1.0,0.8888587422103164
7534,74c77891a7d45a15,True,1.0,1.0,0.6666257428169929,1.0,1.0,1.0,0.8610940595070803
7535,82c9641923725260,True,1.0,1.0,1.0,1.0,1.0,1.0,1.0
7536,5a5e81f1432a51a1,True,1.0,1.0,0.9826883299715992,0.0,1.0,1.0,0.5761201374881663
7537,e9645135a4fe5739,True,1.0,1.0,0.910274596211494,1.0,1.0,1.0,0.9626144150881224
7538,522894525b4e5168,True,1.0,0.0,0.0,1.0,1.0,1.0,0.0
7539,4339d22a9e205757,True,1.0,1.0,0.7670126810474736,1.0,1.0,1.0,0.9029219504364473
7540,5a06f03022ec5b67,True,1.0,1.0,0.837232719761412,1.0,1.0,1.0,0.9321802999005883
7541,04daf401ec185f96,True,0.0,1.0,0.0,1.0,1.0,1.0,0.0
7542,8a88b869e2ca552d,True,1.0,1.0,0.7049726018176238,1.0,1.0,1.0,0.8770719174240099
7543,f3e32c06633756e9,True,1.0,1.0,0.8181458201304432,1.0,1.0,1.0,0.9242274250543513
7544,a4f4a240e54e56b2,True,1.0,1.0,1.0,1.0,1.0,1.0,1.0
7545,125a155883e55be7,True,1.0,1.0,0.7729751734362751,1.0,1.0,1.0,0.9054063222651146
7546,4b6b5bac92ae5f56,True,1.0,1.0,0.80493195098088,1.0,1.0,1.0,0.9187216462420333
7547,c8bf35e6c9065d83,True,1.0,1.0,0.9789707097550369,1.0,1.0,1.0,0.9912377957312654
7548,6df89719fce05527,True,1.0,1.0,0.9439506554570857,1.0,1.0,1.0,0.9766461064404522
7549,b11992c2f91d5188,True,1.0,1.0,0.9316451517680011,1.0,1.0,1.0,0.9715188132366671
7550,7730f64417df5d47,True,1.0,1.0,0.9680056295400055,1.0,1.0,1.0,0.9866690123083357
7551,8b8ea705c7fd5e8a,True,1.0,1.0,0.9080019688233985,1.0,1.0,1.0,0.9616674870097494
7552,0fa4d1e0739659b4,True,1.0,0.0,0.0,1.0,1.0,0.0,0.0
7553,37a8f4466b8b5110,True,1.0,1.0,0.8201485059198153,0.0,1.0,1.0,0.508395210799923
7554,26af85cbc2d15e05,True,0.5,1.0,0.4569475863211188,0.0,1.0,1.0,0.1785307471502331
7555,0093ff0188ea5b90,True,1.0,1.0,1.0,1.0,1.0,1.0,1.0
7556,1082d34008e05df4,True,1.0,1.0,1.0,1.0,1.0,1.0,1.0
7557,3216cf4d7e975148,True,1.0,1.0,0.8306855927356376,1.0,1.0,1.0,0.9294523303065155
7558,f35c6a6f6a1157b3,True,1.0,1.0,1.0,1.0,1.0,1.0,1.0
7559,923b8c36b7995ade,True,1.0,1.0,0.8206870681293134,1.0,1.0,0.5,0.9252862783872139
7560,3aa165d52c2051e1,True,1.0,1.0,1.0,1.0,1.0,1.0,1.0
7561,67339e7fe4135722,True,1.0,1.0,0.7632493584830057,1.0,1.0,0.5,0.9013538993679191
7562,a7fa8bccce9253cb,True,1.0,1.0,0.468189372966956,1.0,1.0,0.5,0.7784122387362317
7563,6740833c5f9d571a,True,1.0,1.0,0.8216343080549263,1.0,1.0,1.0,0.9256809616895527
7564,a075b9f46b7b5831,True,1.0,1.0,1.0,0.0,1.0,1.0,0.5833333333333334
7565,22c1a51ffc1f5022,True,0.0,1.0,0.0,0.0,1.0,1.0,0.0
7566,c052a8877f7f5d37,True,1.0,1.0,0.9126727751902792,1.0,1.0,1.0,0.963613656329283
7567,3a8a83bdb2c05a02,True,1.0,1.0,0.7810016836490875,1.0,1.0,1.0,0.9087507015204531
7568,dd2546a068da5ffe,True,1.0,1.0,0.7142323102856484,0.0,1.0,1.0,0.46426346261902013
7569,c69051fe82a95f3c,True,1.0,1.0,0.5499024288990588,1.0,1.0,1.0,0.812459345374608
7570,b619e01b47775ec5,True,1.0,0.0,0.0,1.0,1.0,1.0,0.0
7571,cbbf59be3a4e555d,True,1.0,1.0,1.0,0.0,1.0,1.0,0.5833333333333334
7572,e704fb7745a75fd7,True,1.0,1.0,1.0,1.0,1.0,1.0,1.0
7573,6347504b632c5be1,True,1.0,1.0,0.44306592664900024,1.0,1.0,1.0,0.7679441361037501
7574,13cfa80cabf85b80,True,1.0,1.0,1.0,1.0,1.0,1.0,1.0
7575,a7d3076a7b7b58b2,True,1.0,0.0,0.0,1.0,1.0,0.5,0.0
7576,b197862351735b60,True,1.0,1.0,0.9288340662554238,1.0,1.0,1.0,0.9703475276064265
7577,31042b6e5c455b82,True,0.0,1.0,0.0,0.0,1.0,1.0,0.0
7578,8867ae193b7a5ba8,True,1.0,1.0,0.9695297751052397,1.0,1.0,1.0,0.9873040729605166
7579,32d85d373126537e,True,1.0,1.0,1.0,1.0,1.0,1.0,1.0
7580,1bf4bffb864f5379,True,0.0,1.0,0.0,0.0,1.0,1.0,0.0
7581,9839a7913075581e,True,1.0,0.0,0.0,1.0,1.0,1.0,0.0
7582,28871fc023c85fe6,True,0.0,1.0,0.0,0.0,1.0,1.0,0.0
7583,d945bc5c595d518d,True,1.0,1.0,0.6385011843742747,1.0,1.0,1.0,0.8493754934892811
7584,52cb0688ae7c5bed,True,1.0,1.0,1.0,1.0,1.0,1.0,1.0
7585,4434242a192c58b4,True,1.0,0.0,0.0,0.0,1.0,1.0,0.0
7586,e6056b57c0515735,True,1.0,1.0,0.8345019047744284,1.0,1.0,1.0,0.9310424603226785
7587,110bec4c6d2153d7,True,1.0,1.0,0.8972800558386859,1.0,1.0,1.0,0.9572000232661191
7588,f8de050af1de5ced,True,1.0,1.0,1.0,1.0,1.0,1.0,1.0
7589,5971485918d155dd,True,1.0,1.0,1.0,1.0,1.0,1.0,1.0
7590,26e5d2127cf9563d,True,0.0,1.0,0.0,0.0,1.0,1.0,0.0
7591,cbbc4cdfaf2e5106,True,1.0,1.0,0.780341086541578,1.0,1.0,1.0,0.9084754527256574
7592,88b50c0011ba516b,True,1.0,1.0,1.0,1.0,1.0,1.0,1.0
7593,d99e2e84c46f577d,True,1.0,1.0,0.5013948022435291,1.0,1.0,1.0,0.792247834268137
7594,6e575fd36c4d5de3,True,1.0,1.0,0.9039260944052919,1.0,1.0,1.0,0.959969206002205
7595,f79b805ec2435c98,True,1.0,1.0,1.0,1.0,1.0,1.0,1.0
7596,8c6aed532f8555cd,True,1.0,1.0,0.8834650292473342,1.0,1.0,1.0,0.9514437621863893
7597,458e833803315b4f,True,1.0,1.0,0.6871655733371526,1.0,1.0,1.0,0.8696523222238136
7598,8954aa7e05085876,True,1.0,1.0,0.8883682042492439,1.0,1.0,1.0,0.9534867517705182
7599,27f94d9f461852c4,True,1.0,1.0,1.0,1.0,1.0,1.0,1.0
7600,68f10c13166b592b,True,1.0,1.0,1.0,0.0,1.0,1.0,0.5833333333333334
7601,ba72861df9725061,True,1.0,1.0,1.0,1.0,1.0,1.0,1.0
7602,e2442187de045407,True,1.0,1.0,0.8789843240502383,1.0,1.0,1.0,0.9495768016875994
7603,6892e067e25257f8,True,1.0,1.0,0.883446550669119,1.0,1.0,1.0,0.9514360627787996
7604,48e14ad3c65c5156,True,1.0,1.0,0.8821040703807151,1.0,1.0,1.0,0.9508766959919646
7605,1ec907a74cbb54cd,True,1.0,1.0,0.7858378584019047,1.0,1.0,1.0,0.910765774334127
7606,2d6d2dd79ad75ea5,True,1.0,1.0,0.17500612200536939,1.0,1.0,1.0,0.6562525508355705
7607,0613d88c01b453c9,True,1.0,1.0,1.0,1.0,1.0,1.0,1.0
7608,b95ff3bc9cf45e47,True,1.0,1.0,0.8448974280053203,1.0,1.0,1.0,0.9353739283355501
7609,a8245437ee3d5dd7,True,1.0,0.0,0.0,1.0,1.0,0.0,0.0
7610,660451aead9653b7,True,1.0,1.0,0.9366486242412622,1.0,1.0,1.0,0.9736035934338592
7611,3a14515e4e305499,True,1.0,1.0,1.0,1.0,1.0,1.0,1.0
7612,c51da2f899b55508,True,1.0,1.0,0.038078092689192086,1.0,1.0,1.0,0.5991992052871634
7613,debd166df3a85845,True,1.0,1.0,0.8858098047948421,1.0,1.0,1.0,0.9524207519978508
7614,5865085ba43752de,True,1.0,1.0,0.9932487028390166,1.0,1.0,1.0,0.9971869595162568
7615,a6862e7424815856,True,1.0,1.0,1.0,0.0,1.0,1.0,0.5833333333333334
7616,9a03bf441e615cd6,True,1.0,1.0,0.2268210166579078,1.0,1.0,1.0,0.6778420902741282
7617,aa2c4edb15d45c84,True,0.0,0.0,0.0,0.0,1.0,1.0,0.0
7618,488dd191f7dc59a8,True,1.0,1.0,0.8943430475289832,1.0,1.0,1.0,0.955976269803743
7619,498bf3fdec5e5506,True,1.0,1.0,1.0,1.0,1.0,1.0,1.0
7620,113d448b6ea8555c,True,1.0,1.0,1.0,1.0,1.0,1.0,1.0
7621,4e3fb4e28014505e,True,1.0,1.0,1.0,0.0,1.0,1.0,0.5833333333333334
7622,e00c640657fb5895,True,1.0,1.0,0.8893270125094898,1.0,1.0,1.0,0.9538862552122874
7623,b031a0b55ab951f8,True,1.0,0.0,0.0,1.0,1.0,1.0,0.0
7624,d33c6db306f35ef9,True,1.0,1.0,1.0,1.0,1.0,0.5,1.0
7625,24e06c38547d5976,True,1.0,1.0,1.0,1.0,1.0,1.0,1.0
7626,4fd76f9d056d5fb3,True,1.0,1.0,0.824593601756713,1.0,1.0,1.0,0.9269140007319638
7627,236c1e1f86ec5e98,True,1.0,1.0,0.9680661156129985,1.0,1.0,1.0,0.9866942148387494
7628,702b40dba11550ae,True,1.0,1.0,0.8315167730205254,1.0,1.0,1.0,0.9297986554252189
7629,d01e896e6c325436,True,1.0,1.0,1.0,1.0,1.0,1.0,1.0
7630,14d171fcb9295596,True,1.0,1.0,1.0,1.0,1.0,1.0,1.0
7631,154d0d1b363f5501,True,1.0,0.0,0.0,1.0,1.0,0.0,0.0
7632,94689128d3bb5ac8,True,1.0,1.0,1.0,1.0,1.0,1.0,1.0
7633,dc482250cdb35c9e,True,1.0,1.0,0.8342964304927036,1.0,1.0,1.0,0.9309568460386265
7634,6498149e85ef5b8d,True,1.0,1.0,1.0,1.0,1.0,1.0,1.0
7635,d409347e88455122,True,1.0,1.0,0.8429025387487146,1.0,1.0,1.0,0.934542724478631
7636,ff76d319bd9558f9,True,1.0,1.0,1.0,1.0,1.0,1.0,1.0
7637,b58f2b3b894a58bb,True,1.0,1.0,0.5429306080198828,1.0,1.0,1.0,0.8095544200082845
7638,2115a02d06035ce0,True,1.0,1.0,1.0,1.0,1.0,0.5,1.0
7639,ec2200402d965ced,True,1.0,1.0,1.0,1.0,1.0,1.0,1.0
7640,cbd04a396e145288,True,1.0,1.0,1.0,1.0,1.0,1.0,1.0
7641,cb0905651ea35122,True,1.0,1.0,0.768799262837606,1.0,1.0,1.0,0.9036663595156691
7642,e23fdb8f34b35d20,True,1.0,1.0,0.781146928609086,1.0,1.0,1.0,0.9088112202537859
7643,bd2b1a4530a1538b,True,1.0,1.0,0.8015105069730886,1.0,1.0,1.0,0.9172960445721202
7644,fa7555f0099f5c59,True,1.0,1.0,1.0,1.0,1.0,1.0,1.0
7645,7240e214b6bc5b44,True,1.0,1.0,1.0,0.0,1.0,1.0,0.5833333333333334
7646,bd218550d4d35e5c,True,1.0,0.0,0.0,1.0,1.0,1.0,0.0
7647,1935e5d682ff5981,True,1.0,1.0,0.8208622367222516,1.0,1.0,1.0,0.9253592653009383
7648,9e8403c32a50530b,True,1.0,1.0,0.9429721457940202,1.0,1.0,1.0,0.9762383940808418
7649,135899b9eb4f543e,True,1.0,1.0,1.0,1.0,1.0,1.0,1.0
7650,22343d7492d158bb,True,1.0,1.0,1.0,1.0,1.0,1.0,1.0
7651,b3edadc19d8a5812,True,1.0,0.0,0.0,1.0,1.0,1.0,0.0
7652,6d66b095f93750f7,True,1.0,1.0,0.9836618495146501,1.0,1.0,1.0,0.993192437297771
7653,0eeeee655d415970,True,1.0,1.0,0.8352812080421081,0.0,1.0,1.0,0.5147005033508784
7654,b87c15c9f6cf54eb,True,0.0,1.0,0.0,0.0,1.0,1.0,0.0
7655,fd6c8bf8f80f5f53,True,1.0,1.0,0.7483113173436645,1.0,1.0,1.0,0.8951297155598602
7656,347dccaf607055a2,True,1.0,1.0,0.7679560515256657,1.0,1.0,1.0,0.9033150214690274
7657,9a2894f199095f96,True,1.0,1.0,0.8526544736991162,1.0,1.0,1.0,0.9386060307079651
7658,d0c86990fe0d5bc8,True,1.0,1.0,1.0,1.0,1.0,1.0,1.0
7659,649b2096884957a9,True,1.0,0.0,0.0,1.0,1.0,1.0,0.0
7660,aeeba19e19c35ccb,True,1.0,1.0,0.9146356878524707,1.0,1.0,1.0,0.9644315366051961
7661,db62e3168cd051aa,True,1.0,1.0,0.8239753929745679,1.0,1.0,1.0,0.9266564137394032
7662,24ae3c9d96485b98,True,1.0,1.0,0.6308241090878749,1.0,1.0,0.5,0.8461767121199478
7663,25dbdd29ce325538,True,0.0,1.0,0.0,0.0,1.0,1.0,0.0
7664,52de85cf514f5afd,True,1.0,1.0,1.0,1.0,1.0,1.0,1.0
7665,385e44b3382350f1,True,1.0,1.0,1.0,0.0,1.0,1.0,0.5833333333333334
7666,ff60c00aba8b554e,True,1.0,0.0,0.0,1.0,1.0,1.0,0.0
7667,5590042a1aaa5f92,True,1.0,1.0,1.0,1.0,1.0,1.0,1.0
7668,de31419c6502517b,True,1.0,1.0,1.0,0.0,1.0,1.0,0.5833333333333334
7669,15bd04021cc75727,True,1.0,1.0,1.0,1.0,1.0,1.0,1.0
7670,14769a8e472350cc,True,1.0,1.0,1.0,0.0,1.0,1.0,0.5833333333333334
7671,d382617fe91a5c5d,True,1.0,1.0,0.6025990351023451,1.0,1.0,1.0,0.8344162646259772
7672,05850e3460015579,True,1.0,1.0,0.9807951981063414,1.0,1.0,0.5,0.9919979992109756
7673,901b2d48b2ce5bf1,True,1.0,0.0,0.0,0.0,1.0,1.0,0.0
7674,3d37ed78124057a1,True,1.0,1.0,1.0,1.0,1.0,1.0,1.0
7675,39e708ddd82155ea,True,1.0,1.0,0.9708471277329896,0.0,1.0,1.0,0.5711863032220791
7676,b5efcbfe3c6f5888,True,1.0,1.0,1.0,1.0,1.0,1.0,1.0
7677,2a1cb4c27a4459a7,True,1.0,1.0,0.899626755658787,0.0,1.0,0.5,0.5415111481911613
7678,0db4879927b35dc0,True,1.0,1.0,0.91910445217318,1.0,1.0,1.0,0.966293521738825
7679,9b3a284d78f458f3,True,1.0,1.0,0.9180739011404159,1.0,1.0,1.0,0.9658641254751732
7680,8cbb22946ab55633,True,1.0,1.0,0.9528289265929955,1.0,1.0,1.0,0.9803453860804149
7681,ccd53fdd1b6e51b8,True,1.0,1.0,0.9504500056612586,1.0,1.0,1.0,0.9793541690255244
7682,fe2270288c1d5628,True,1.0,1.0,0.9303167862976603,1.0,1.0,0.0,0.9709653276240252
7683,5016d5a7a87a538d,True,1.0,1.0,0.833761742615585,1.0,1.0,1.0,0.9307340594231605
7684,24b9908a6761529b,True,1.0,1.0,1.0,1.0,1.0,1.0,1.0
7685,9dff2b84ff305fff,True,1.0,1.0,1.0,1.0,1.0,1.0,1.0
7686,4fabf8c780005e4f,True,1.0,1.0,1.0,1.0,1.0,1.0,1.0
7687,bbb5018d017754d0,True,1.0,1.0,1.0,0.0,1.0,1.0,0.5833333333333334
7688,39215c6e71725031,True,1.0,0.0,0.0,1.0,1.0,1.0,0.0
7689,0774f845fe6b5de3,True,1.0,1.0,1.0,1.0,1.0,1.0,1.0
7690,b48c29fc1bd15ca0,True,1.0,1.0,0.9235987451524524,1.0,1.0,1.0,0.9681661438135217
7691,5a918026bb9253a5,True,1.0,1.0,0.5214517979514175,1.0,1.0,1.0,0.8006049158130907
7692,a0ff6ccbf156551f,True,1.0,1.0,1.0,0.0,1.0,1.0,0.5833333333333334
7693,d2cac33c80f45434,True,1.0,1.0,1.0,1.0,1.0,1.0,1.0
7694,8e2d1588daa3536f,True,1.0,1.0,0.9283210112389432,1.0,1.0,1.0,0.9701337546828931
7695,6a101cae21b1532d,True,1.0,0.0,0.0,1.0,1.0,1.0,0.0
7696,b02be1e28abb59f1,True,1.0,1.0,0.7934232266017711,1.0,1.0,1.0,0.9139263444174045
7697,1108eba0b4415340,True,0.0,1.0,0.0,0.0,1.0,1.0,0.0
7698,a6b34e50b7995664,True,0.0,1.0,0.0,0.0,1.0,1.0,0.0
7699,2c6d90e9889e56c2,True,1.0,1.0,0.7606219695685447,1.0,1.0,1.0,0.9002591539868936
7700,e0f45205e41155ed,True,0.0,1.0,0.0,0.0,1.0,1.0,0.0
7701,e6e2b0d2f0495557,True,1.0,0.0,0.0,1.0,1.0,0.5,0.0
7702,e905f33735985cfe,True,1.0,1.0,1.0,1.0,1.0,1.0,1.0
7703,0a8ba5b315e555ab,True,1.0,1.0,0.8251546797561554,1.0,1.0,1.0,0.9271477832317313
7704,7caa2336614b5ad3,True,1.0,1.0,1.0,0.0,1.0,1.0,0.5833333333333334
7705,563fd35940785c61,True,1.0,1.0,0.5796158577177531,1.0,1.0,1.0,0.8248399407157305
7706,c16d549602375cc0,True,1.0,1.0,0.9097529990828854,1.0,1.0,1.0,0.9623970829512022
7707,e7da21c4ef4a5e3f,True,0.0,1.0,0.0,0.0,1.0,1.0,0.0
7708,00685a5276625b57,True,1.0,1.0,0.9819653610324648,1.0,1.0,0.5,0.9924855670968604
7709,754bdad5455f53ad,True,1.0,1.0,0.9326340826900558,1.0,1.0,1.0,0.9719308677875231
7710,805fed6cba8c5fd3,True,1.0,1.0,1.0,1.0,1.0,1.0,1.0
7711,93512ae1de725307,True,1.0,1.0,1.0,1.0,1.0,1.0,1.0
7712,812dd82ab5fb5742,True,1.0,1.0,0.7365598255554908,1.0,1.0,1.0,0.8902332606481211
7713,58b0a1db2a145780,True,1.0,1.0,1.0,1.0,1.0,1.0,1.0
7714,b49e63992eee56b1,True,1.0,1.0,0.9357406300784772,1.0,1.0,1.0,0.9732252625326989
7715,83a4e663032f5c9a,True,1.0,1.0,0.380990005486119,1.0,1.0,1.0,0.7420791689525496
7716,da9ae73013715f70,True,0.0,1.0,0.0,0.0,1.0,1.0,0.0
7717,a7cf529d15425b63,True,1.0,1.0,1.0,1.0,1.0,1.0,1.0
7718,6b521512edb15e2f,True,1.0,1.0,0.9330804570410052,1.0,1.0,1.0,0.9721168571004188
7719,868e873c94b75b38,True,1.0,1.0,0.8835047130862803,1.0,1.0,1.0,0.9514602971192835
7720,8d0697930b5e5df0,True,1.0,1.0,0.5590159292400377,1.0,1.0,1.0,0.8162566371833492
7721,2c1f43c6b93c5952,True,1.0,1.0,0.8705792559308512,1.0,1.0,1.0,0.946074689971188
7722,1175b3b9d27252ef,True,1.0,1.0,0.8703518518874979,1.0,1.0,1.0,0.9459799382864574
7723,dec6932758755596,True,1.0,0.0,0.0,1.0,1.0,1.0,0.0
7724,6f5b0bae72eb5307,True,1.0,1.0,0.8315698828970477,1.0,1.0,1.0,0.9298207845404365
7725,92e7b3a7f4d054f3,True,1.0,1.0,0.8723174562678749,1.0,1.0,1.0,0.9467989401116146
7726,f3f0ebe8d9185b69,True,1.0,1.0,0.7233149509940964,1.0,1.0,1.0,0.8847145629142069
7727,64a417561b53530f,True,1.0,1.0,1.0,1.0,1.0,1.0,1.0
7728,e241e150a9c157b8,True,1.0,1.0,0.7800894896447772,1.0,1.0,1.0,0.9083706206853238
7729,810b73ca95975db9,True,1.0,1.0,1.0,1.0,1.0,1.0,1.0
7730,f749ff64838c5664,True,1.0,0.0,0.0,1.0,1.0,1.0,0.0
7731,749a9bb4860f5cc1,True,1.0,1.0,0.8954134786590624,1.0,1.0,1.0,0.9564222827746093
7732,297fa313126a5f02,True,1.0,1.0,1.0,1.0,1.0,1.0,1.0
7733,51467056c4f35555,True,1.0,0.0,0.0,1.0,1.0,1.0,0.0
7734,a62a20e735805039,True,1.0,1.0,0.705112113475411,1.0,1.0,1.0,0.8771300472814213
7735,5b0d99a97ff55fa5,True,1.0,1.0,1.0,0.0,1.0,1.0,0.5833333333333334
7736,05ee09cb75205555,True,1.0,1.0,1.0,1.0,1.0,1.0,1.0
7737,657ea52878935352,True,1.0,1.0,0.625837554126178,1.0,1.0,1.0,0.8440989808859075
7738,21747e180852591a,True,1.0,1.0,0.7035412636448759,1.0,1.0,1.0,0.8764755265186984
7739,d1d1cb2c2a5b5a29,True,1.0,1.0,0.9521645314183452,0.0,1.0,1.0,0.5634018880909771
7740,f65f43d44343500b,True,1.0,1.0,0.5723038890492846,1.0,1.0,1.0,0.8217932871038686
7741,a0d88b07304b5398,True,1.0,1.0,1.0,1.0,1.0,1.0,1.0
7742,9468f5ec72415a29,True,1.0,1.0,1.0,1.0,1.0,1.0,1.0
7743,25000ee050145f13,True,1.0,0.0,0.0,1.0,1.0,1.0,0.0
7744,bae8f15e2e5b5328,True,0.0,1.0,0.0,0.0,1.0,1.0,0.0
7745,561ac555b4a85edc,True,1.0,1.0,0.948815100647878,0.0,1.0,1.0,0.5620062919366159
7746,83d3fda04c1f57bd,True,1.0,1.0,1.0,1.0,1.0,1.0,1.0
7747,ef51ebb0662159d9,True,1.0,1.0,0.8942938217798272,1.0,1.0,1.0,0.955955759074928
7748,5ca7353cbe4a5cf7,True,1.0,1.0,1.0,0.0,1.0,1.0,0.5833333333333334
7749,f64ec139a30958d0,True,1.0,0.0,0.0,1.0,1.0,1.0,0.0
7750,a259460cd13f55c2,True,1.0,1.0,0.9231443904337193,1.0,1.0,1.0,0.967976829347383
7751,43e7125800a6532c,True,1.0,1.0,0.8745914609896841,1.0,1.0,1.0,0.9477464420790351
7752,a208267045685266,True,1.0,1.0,0.8354580553684238,1.0,1.0,1.0,0.9314408564035098
7753,6a8571daa3445923,True,0.0,1.0,0.0,0.0,1.0,1.0,0.0
7754,1ed850327b905ebd,True,1.0,1.0,0.8084344771060024,1.0,1.0,1.0,0.920181032127501
7755,f6082f18c392582f,True,1.0,1.0,1.0,1.0,1.0,0.5,1.0
7756,9820fb92380b522b,True,0.0,1.0,0.0,0.0,1.0,0.5,0.0
7757,2631b349e0ce5b83,True,1.0,1.0,0.6147071130527612,1.0,1.0,1.0,0.8394612971053171
7758,e55fc5c3ee36528b,True,1.0,1.0,1.0,1.0,1.0,1.0,1.0
7759,c052667192cb5ade,True,1.0,1.0,0.8061497739920587,1.0,1.0,1.0,0.9192290724966911
7760,bcccfa73a6845d11,True,0.0,0.0,0.0,0.0,1.0,0.5,0.0
7761,5798a6e25f2553e4,True,1.0,1.0,0.865205893575239,1.0,1.0,1.0,0.9438357889896829
7762,b0e6764ee8a35223,True,1.0,1.0,0.9014695190354521,1.0,1.0,1.0,0.9589456329314384
7763,32af8f1654f057d7,True,1.0,1.0,0.6533272629263003,1.0,1.0,1.0,0.8555530262192917
7764,5111244533fb5d1f,True,1.0,1.0,1.0,0.0,1.0,1.0,0.5833333333333334
7765,d1408323ef2357be,True,1.0,1.0,0.7071122279560702,1.0,1.0,1.0,0.8779634283150294
7766,fbe786c417ca5245,True,0.0,1.0,0.0,0.0,1.0,1.0,0.0
7767,581b5ae61b1c569d,True,0.0,1.0,0.0,0.0,1.0,1.0,0.0
7768,e3e49101a8b45645,True,1.0,1.0,0.7507407919492076,1.0,1.0,1.0,0.8961419966455031
7769,5fed3ec5ed1351c1,True,1.0,1.0,0.9392239599622177,0.0,1.0,1.0,0.5580099833175908
7770,d1065c7c84e054ae,True,1.0,1.0,1.0,1.0,1.0,1.0,1.0
7771,7984326209765d68,True,1.0,1.0,1.0,0.0,1.0,1.0,0.5833333333333334
7772,44137cf5578956d1,True,1.0,1.0,0.8961697277345975,1.0,1.0,1.0,0.9567373865560823
7773,11714a81e1c45a54,True,1.0,1.0,1.0,1.0,1.0,1.0,1.0
7774,526b66c665085401,True,1.0,1.0,0.9480030710263733,1.0,1.0,1.0,0.9783346129276556
7775,3f269e7b5ced51fa,True,1.0,1.0,1.0,1.0,1.0,1.0,1.0
7776,dc7dda8b400157ef,True,0.0,1.0,0.0,0.0,1.0,1.0,0.0
7777,7cee421600545b00,True,1.0,1.0,0.7428718669467406,1.0,1.0,0.5,0.8928632778944753
7778,16e5aafc056f5e1e,True,1.0,1.0,1.0,1.0,1.0,0.0,1.0
7779,3ca2e3e846e75813,True,1.0,1.0,0.8725135058958678,1.0,1.0,1.0,0.9468806274566116
7780,94652fa0c64d5846,True,1.0,1.0,1.0,1.0,1.0,1.0,1.0
7781,03ca1900f09b5d20,True,1.0,1.0,0.8544675609875244,1.0,1.0,1.0,0.9393614837448018
7782,4b000a2bc6fe5305,True,1.0,1.0,0.7058162277013459,1.0,1.0,1.0,0.8774234282088941
7783,8de4253bc36f54df,True,1.0,0.0,0.0,1.0,1.0,0.0,0.0
7784,c98aa74c885e5b96,True,1.0,1.0,1.0,1.0,1.0,0.0,1.0
7785,ab8af92e0bda5def,True,1.0,1.0,1.0,0.0,1.0,1.0,0.5833333333333334
7786,29051d7805db50d0,True,0.0,1.0,0.0,0.0,1.0,1.0,0.0
7787,402ec186b8ea545e,True,1.0,1.0,0.8964048744470383,1.0,1.0,1.0,0.9568353643529326
7788,c65cb00fba005ab1,True,1.0,1.0,0.9652597108010164,1.0,1.0,1.0,0.9855248795004234
7789,b7c6bbad8e3a579b,True,1.0,0.0,0.0,0.0,1.0,1.0,0.0
7790,abb9477dd3305951,True,1.0,1.0,0.8755685670698918,1.0,1.0,1.0,0.9481535696124549
7791,008b419a63b75917,True,1.0,1.0,1.0,1.0,1.0,1.0,1.0
7792,f7103dfe59a959be,True,1.0,1.0,1.0,1.0,1.0,1.0,1.0
7793,93dab1bad99e58f7,True,1.0,1.0,0.733531485941579,1.0,1.0,1.0,0.8889714524756579
7794,31cacaff4fa25b87,True,1.0,1.0,0.9386141796751771,1.0,1.0,1.0,0.9744225748646572
7795,4c59eeddd50e5866,True,1.0,0.0,0.0,1.0,1.0,1.0,0.0
7796,8aaf40c869ca574f,True,1.0,1.0,0.941120465071304,1.0,1.0,1.0,0.9754668604463766
7797,2e393fad09985c87,True,0.0,1.0,0.0,0.0,1.0,1.0,0.0
7798,274fc7077c1b55d4,True,1.0,1.0,1.0,1.0,1.0,1.0,1.0
7799,7fa739c174a55eaa,True,1.0,1.0,0.9525741346737793,1.0,1.0,1.0,0.9802392227807414
7800,260efd01066156ab,True,1.0,1.0,0.8786910518380163,1.0,1.0,1.0,0.9494546049325067
7801,82b1cb7113515dfb,True,1.0,1.0,0.8142389803871836,1.0,1.0,1.0,0.9225995751613265
7802,29d3a233b1915c1a,True,1.0,1.0,0.8574155390431082,1.0,1.0,1.0,0.9405898079346283
7803,14f29b916f44585a,True,0.0,0.0,0.0,0.0,1.0,1.0,0.0
7804,6929a902435e56b0,True,1.0,1.0,0.7683116804399834,1.0,1.0,1.0,0.9034632001833264
7805,87b8587f94c5549a,True,0.0,1.0,0.0,0.0,1.0,1.0,0.0
7806,4f47f41d84c450e8,True,1.0,1.0,1.0,1.0,1.0,1.0,1.0
7807,f2695c7680505b79,True,1.0,0.0,0.0,1.0,1.0,1.0,0.0
7808,f4e2ec6e37535056,True,1.0,1.0,1.0,1.0,1.0,1.0,1.0
7809,7f00cbbc74695c32,True,1.0,1.0,1.0,1.0,1.0,1.0,1.0
7810,c6be203c41a155e4,True,1.0,0.0,0.0,1.0,1.0,1.0,0.0
7811,f1d33f8016b153ef,True,1.0,1.0,1.0,0.0,1.0,1.0,0.5833333333333334
7812,76d34ae8c95156b2,True,1.0,1.0,1.0,1.0,1.0,1.0,1.0
7813,0a3da14f3cba564a,True,1.0,0.0,0.0,1.0,1.0,1.0,0.0
7814,69f80a41cbaa5c1b,True,1.0,0.0,0.0,1.0,1.0,1.0,0.0
7815,a1ce49c5eeb75711,True,0.0,1.0,0.0,0.0,1.0,1.0,0.0
7816,ce978770a87253c8,True,1.0,1.0,1.0,1.0,1.0,1.0,1.0
7817,0868436794795421,True,1.0,1.0,0.9575926734636125,0.0,1.0,1.0,0.5656636139431719
7818,173b456bbf29598f,True,0.0,1.0,0.0,0.0,1.0,1.0,0.0
7819,39fd7cb73aa259db,True,1.0,1.0,0.9631609433472438,1.0,1.0,1.0,0.9846503930613516
7820,dc952092ef6a5243,True,1.0,1.0,0.7305554110071776,1.0,1.0,1.0,0.8877314212529906
7821,4a9a5d2dcc045ec4,True,1.0,1.0,0.727056553136306,1.0,1.0,0.5,0.8862735638067942
7822,b605703d3fb05725,True,1.0,1.0,1.0,0.0,1.0,1.0,0.5833333333333334
7823,b93262812f855475,True,1.0,1.0,0.5292419658258761,1.0,1.0,1.0,0.803850819094115
7824,d31d38e1a2305147,True,1.0,1.0,0.8327309908912979,1.0,1.0,1.0,0.9303045795380408
7825,bedf9db2d7b15abd,True,1.0,1.0,1.0,1.0,1.0,1.0,1.0
7826,dd9750d89740502d,True,0.0,1.0,0.0,0.0,1.0,1.0,0.0
7827,3c46be05cd7a5cdf,True,1.0,1.0,0.6593332592193867,1.0,1.0,1.0,0.8580555246747444
7828,517e199220ca522b,True,1.0,1.0,0.9835762229321094,1.0,1.0,1.0,0.9931567595550456
7829,c8b422346e1f5252,True,1.0,1.0,1.0,1.0,1.0,1.0,1.0
7830,b27212debb885706,True,1.0,1.0,0.8561225920237231,1.0,1.0,0.5,0.9400510800098846
7831,3b910accfc12560a,True,1.0,1.0,0.5723209837997117,1.0,1.0,1.0,0.8218004099165466
7832,cbe5bb78a9be547e,True,1.0,1.0,0.921043685088994,1.0,1.0,1.0,0.9671015354537476
7833,214abdb588465704,True,1.0,1.0,0.7933088596705321,1.0,1.0,1.0,0.9138786915293884
7834,b0b461ce7bd959ec,True,1.0,1.0,0.9304231664072987,1.0,1.0,1.0,0.9710096526697077
7835,ee4a2e2de70a510b,True,1.0,1.0,0.8615815528329348,1.0,1.0,1.0,0.9423256470137229
7836,3baab5739cb95408,True,1.0,1.0,0.9336736139954337,1.0,1.0,0.5,0.9723640058314307
7837,1a46cad936c05c2b,True,1.0,1.0,1.0,1.0,1.0,1.0,1.0
7838,1983aff496265a16,True,1.0,1.0,1.0,0.0,1.0,1.0,0.5833333333333334
7839,6a13232f3c97575a,True,1.0,1.0,0.8216605260133868,1.0,1.0,1.0,0.9256918858389112
7840,61876d1f48505069,True,1.0,1.0,0.7456320890051471,1.0,1.0,1.0,0.8940133704188113
7841,476d6788dbd2518f,True,1.0,1.0,0.8710924590462165,1.0,1.0,1.0,0.9462885246025902
7842,7084e524e59c50ab,True,1.0,1.0,0.9575980160829017,1.0,1.0,1.0,0.9823325067012091
7843,76375396b08e5143,True,1.0,1.0,1.0,1.0,1.0,1.0,1.0
7844,354ac12e8832565a,True,1.0,1.0,1.0,1.0,1.0,1.0,1.0
7845,006e2728d7115fa7,True,1.0,1.0,0.9894270602788652,1.0,1.0,1.0,0.9955946084495272
7846,840f4e28181e53d9,True,1.0,1.0,1.0,1.0,1.0,1.0,1.0
7847,b18f4a30eea65702,True,1.0,0.0,0.0,1.0,1.0,1.0,0.0
7848,df3d0104b7665474,True,1.0,0.0,0.0,1.0,1.0,1.0,0.0
7849,bbc1735031c25ff7,True,1.0,1.0,0.6959324037297479,1.0,1.0,1.0,0.8733051682207282
7850,c39df8b835525d97,True,1.0,1.0,0.8240413936252915,1.0,1.0,1.0,0.9266839140105381
7851,cd89b212efe9585a,True,1.0,1.0,1.0,1.0,1.0,1.0,1.0
7852,02e3c48291855ae8,True,1.0,1.0,1.0,1.0,1.0,1.0,1.0
7853,dd157f14e18f5a1a,True,1.0,1.0,1.0,1.0,1.0,1.0,1.0
7854,79bdb6b499245d65,True,1.0,1.0,1.0,1.0,1.0,1.0,1.0
7855,3068d16e627b5e69,True,1.0,1.0,0.8120877996226714,1.0,1.0,1.0,0.9217032498427797
7856,1ed469afe6545946,True,1.0,1.0,0.7377196439387711,1.0,1.0,1.0,0.8907165183078213
7857,60e8f2447c205324,True,1.0,1.0,0.8202690259673363,1.0,1.0,1.0,0.9251120941530567
7858,784c48e2a44c5036,True,1.0,1.0,0.8730373912649224,1.0,1.0,1.0,0.947098913027051
7859,cbd14310b3885779,True,1.0,1.0,0.888141297975059,1.0,1.0,1.0,0.9533922074896081
7860,aafbe79abf625492,True,1.0,1.0,1.0,1.0,1.0,1.0,1.0
7861,836615f5978b56e5,True,1.0,1.0,0.9419612148676323,1.0,1.0,1.0,0.9758171728615134
7862,c844ccab55295a05,True,1.0,1.0,1.0,1.0,1.0,1.0,1.0
7863,9fd28a8f6fd85254,True,1.0,1.0,0.8943957900180912,1.0,1.0,0.0,0.9559982458408713
7864,2a9a3fe02d46551c,True,1.0,1.0,0.7384140219879779,1.0,1.0,1.0,0.8910058424949908
7865,21146ac996365854,True,1.0,1.0,0.7270011699850987,1.0,1.0,1.0,0.8862504874937911
7866,ca59ecba5722534c,True,1.0,1.0,1.0,0.0,1.0,0.0,0.5833333333333334
7867,d7fdaa2d555c5272,True,1.0,1.0,0.9113638951290349,1.0,1.0,0.0,0.9630682896370978
7868,cd0a001eb97a5c88,True,1.0,1.0,0.39430616969908777,1.0,1.0,1.0,0.7476275707079533
7869,3af98cdf0bc35f44,True,1.0,1.0,0.7070800833444748,1.0,1.0,1.0,0.8779500347268646
7870,0c3c4cd553475d3a,True,1.0,1.0,0.8708967208112026,1.0,1.0,1.0,0.9462069670046679
7871,f8191af1aab95906,True,0.0,1.0,0.0,0.0,1.0,1.0,0.0
7872,77398398b6c550c2,True,1.0,1.0,0.7002400462249625,1.0,1.0,1.0,0.875100019260401
7873,594e39f9024a5835,True,1.0,1.0,0.874209580360617,1.0,1.0,1.0,0.947587325150257
7874,ead9740dd25f59c3,True,0.0,1.0,0.0,0.0,1.0,1.0,0.0
7875,0c77bbb199f3589f,True,1.0,1.0,1.0,1.0,1.0,1.0,1.0
7876,fc0fc7649a335d27,True,1.0,1.0,1.0,1.0,1.0,1.0,1.0
7877,e4d88f52d2b45609,True,1.0,1.0,0.884003251828002,0.0,1.0,1.0,0.5350013549283342
7878,80fc476837d9530d,True,1.0,0.0,0.0,1.0,1.0,1.0,0.0
7879,720963308f01575e,True,1.0,1.0,1.0,1.0,1.0,1.0,1.0
7880,8e393929643f5c97,True,1.0,0.0,0.0,0.0,1.0,1.0,0.0
7881,2eac5afe2036526c,True,1.0,1.0,0.8748860293147641,1.0,1.0,1.0,0.9478691788811519
7882,1bea55e75a9b593b,True,1.0,1.0,0.8606945761827735,1.0,1.0,1.0,0.941956073409489
7883,8deec95251e95c2d,True,1.0,1.0,0.0,1.0,1.0,1.0,0.5833333333333334
7884,117b147622605d6a,True,0.0,0.0,0.0,0.0,1.0,1.0,0.0
7885,b4d8ee8da1c153f9,True,1.0,1.0,1.0,1.0,1.0,1.0,1.0
7886,701f0be254de56dc,True,1.0,1.0,0.6678482146107018,1.0,1.0,1.0,0.8616034227544591
7887,6aaf052582e35b0c,True,0.0,1.0,0.0,0.0,1.0,1.0,0.0
7888,2b2484954fc85b54,True,1.0,1.0,1.0,1.0,1.0,1.0,1.0
7889,396c599d06e65f68,True,1.0,1.0,0.9356534641430836,1.0,1.0,1.0,0.9731889433929514
7890,97529137af275136,True,1.0,1.0,1.0,1.0,1.0,1.0,1.0
7891,7ef6481e00005279,True,1.0,1.0,0.9650208513733641,1.0,1.0,1.0,0.9854253547389017
7892,8e9e20dde3ed5f0d,True,1.0,1.0,0.6910761116249006,1.0,1.0,1.0,0.871281713177042
7893,6347553d03555ffa,True,1.0,1.0,1.0,1.0,1.0,1.0,1.0
7894,1baf6c7677a95a6a,True,1.0,1.0,0.7414392452248,1.0,1.0,1.0,0.8922663521770001
7895,46c8d578ddb55784,True,1.0,1.0,0.8371479109218681,1.0,1.0,1.0,0.9321449628841117
7896,7d51dcbc514953ea,True,1.0,1.0,1.0,0.0,1.0,1.0,0.5833333333333334
7897,cdba9f9589685289,True,1.0,1.0,0.3571274735309579,1.0,1.0,1.0,0.7321364473045658
7898,257773cfd41d59d5,True,1.0,1.0,0.8311242941530095,1.0,1.0,1.0,0.929635122563754
7899,d9e93eae3b4a5235,True,1.0,1.0,0.9711678572006438,1.0,1.0,1.0,0.9879866071669349
7900,dd9143b12b155b15,True,1.0,1.0,0.9595357428003923,1.0,1.0,1.0,0.9831398928334968
7901,562f38636f975be4,True,1.0,1.0,1.0,1.0,1.0,1.0,1.0
7902,131f0303c9e9582a,True,1.0,1.0,0.7351633161796974,1.0,1.0,1.0,0.8896513817415407
7903,4865eea1e54c5a8e,True,1.0,1.0,0.9868077478421614,0.0,1.0,1.0,0.5778365616009006
7904,10657b4beeeb5461,True,1.0,1.0,1.0,1.0,1.0,1.0,1.0
7905,410171a43ce453c2,True,1.0,1.0,1.0,1.0,1.0,1.0,1.0
7906,4ac7a80ebf915458,True,1.0,1.0,0.9873816194371008,1.0,1.0,1.0,0.9947423414321254
7907,daf715295e7d576b,True,1.0,1.0,1.0,1.0,1.0,1.0,1.0
7908,a009893e14c75fd0,True,1.0,1.0,0.9745295179702282,1.0,1.0,1.0,0.9893872991542617
7909,b30e51044c885122,True,1.0,1.0,1.0,1.0,1.0,1.0,1.0
7910,673cfe7af7db5911,True,1.0,1.0,1.0,1.0,1.0,1.0,1.0
7911,398010cdaac05adc,True,1.0,1.0,0.8944525123901317,1.0,1.0,1.0,0.9560218801625547
7912,5f2c3f928abe5f5b,True,1.0,1.0,0.8393471236339574,1.0,1.0,1.0,0.9330613015141488
7913,23993a36d4e75a1d,True,0.0,1.0,0.0,0.0,1.0,1.0,0.0
7914,13625214a30e5005,True,1.0,1.0,0.8806431104306656,1.0,1.0,1.0,0.9502679626794439
7915,8d1d97f4b7d05914,True,1.0,1.0,1.0,0.0,1.0,1.0,0.5833333333333334
7916,4a71a24c376f5388,True,1.0,1.0,1.0,1.0,1.0,1.0,1.0
7917,16c38196f44751bd,True,1.0,1.0,1.0,0.0,1.0,1.0,0.5833333333333334
7918,9c7fe79bcaed5bae,True,1.0,1.0,1.0,1.0,1.0,1.0,1.0
7919,ba63a9cd4e3f5129,True,1.0,1.0,0.9845779856655593,1.0,1.0,1.0,0.9935741606939831
7920,282d1f01eef856f5,True,0.0,1.0,0.0,0.0,1.0,1.0,0.0
7921,86dfdf03f928570a,True,1.0,1.0,0.9180396762486125,1.0,1.0,1.0,0.9658498651035886
7922,33ee6f1f594d50ca,True,1.0,1.0,1.0,1.0,1.0,1.0,1.0
7923,c77bcde9378b551c,True,1.0,0.0,0.0,1.0,1.0,0.0,0.0
7924,433a4b88d64350dd,True,1.0,1.0,0.6941216643851035,1.0,1.0,1.0,0.8725506934937931
7925,b393ab92c8ac5e77,True,1.0,0.0,0.0,1.0,1.0,0.0,0.0
7926,a73f7d7149c45478,True,0.0,1.0,0.0,0.0,1.0,1.0,0.0
7927,e0a1d14a2cea5d4a,True,1.0,0.0,0.0,1.0,1.0,1.0,0.0
7928,d44241b93dc95d36,True,1.0,1.0,1.0,1.0,1.0,1.0,1.0
7929,9986c0e5f88f547f,True,1.0,1.0,0.9351335034661779,1.0,1.0,1.0,0.9729722931109075
7930,98a1233e3db75a8a,True,1.0,1.0,0.9322986452350736,1.0,1.0,1.0,0.9717911021812805
7931,277758d55617567b,True,1.0,1.0,0.8479488510237049,1.0,1.0,1.0,0.9366453545932103
7932,c62b532b8f355b16,True,1.0,1.0,1.0,0.0,1.0,1.0,0.5833333333333334
7933,806b014bc8c15160,True,1.0,1.0,1.0,1.0,1.0,1.0,1.0
7934,9cc2069263cc5e4a,True,0.0,1.0,0.0,0.0,1.0,1.0,0.0
7935,35dbc03efb3c5f00,True,1.0,1.0,1.0,0.0,1.0,1.0,0.5833333333333334
7936,76f053cb2f8851c7,True,1.0,1.0,1.0,1.0,1.0,1.0,1.0
7937,afc395b46c2c5d7b,True,1.0,1.0,0.817750534559704,1.0,1.0,1.0,0.92406272273321
7938,34f2427ba79a587b,True,1.0,1.0,0.9875384581076404,1.0,1.0,1.0,0.9948076908781834
7939,8993f8b000855b17,True,1.0,1.0,0.8343005557745413,1.0,1.0,1.0,0.9309585649060589
7940,ad0701a39edd5c5a,True,1.0,1.0,0.7640610443449052,1.0,1.0,1.0,0.9016921018103772
7941,24a09c3c8a985e8e,True,0.0,1.0,0.0,0.0,1.0,1.0,0.0
7942,36be99da12575896,True,1.0,1.0,0.9333675807150235,1.0,1.0,1.0,0.9722364919645932
7943,08a135d9245b50c2,True,1.0,1.0,0.9582323388884731,1.0,1.0,0.5,0.9825968078701971
7944,4986d2307c895bdb,True,1.0,1.0,0.6382542486776827,1.0,1.0,1.0,0.8492726036157011
7945,ed8384b107d95d89,True,1.0,1.0,0.8066281829732509,1.0,1.0,1.0,0.919428409572188
7946,9482aa33e08f50e6,True,0.0,1.0,0.0,0.0,1.0,1.0,0.0
7947,ac944958cb6d5209,True,1.0,1.0,1.0,0.0,1.0,1.0,0.5833333333333334
7948,65a5be18fdb7508d,True,1.0,0.0,0.0,1.0,1.0,1.0,0.0
7949,d79874fa9ba4558e,True,1.0,0.0,0.0,1.0,1.0,1.0,0.0
7950,67d74f48ba2a548e,True,0.0,1.0,0.0,0.0,1.0,1.0,0.0
7951,1666152446cc5da7,True,1.0,0.0,0.0,1.0,1.0,1.0,0.0
7952,1a6043a86e7056a8,True,1.0,1.0,0.8176502244229772,1.0,1.0,1.0,0.9240209268429073
7953,cebd7d74024b5cce,True,1.0,1.0,1.0,1.0,1.0,1.0,1.0
7954,18b5995484435fbe,True,1.0,1.0,1.0,1.0,1.0,1.0,1.0
7955,b50b164056715968,True,1.0,1.0,0.8870027723804443,1.0,1.0,1.0,0.9529178218251851
7956,63c1254fe8ef5145,True,1.0,1.0,0.5635967654499856,1.0,1.0,1.0,0.8181653189374941
7957,0defa8939c9851ea,True,1.0,1.0,1.0,1.0,1.0,1.0,1.0
7958,d978a6878e7b5e8b,True,1.0,1.0,1.0,1.0,1.0,1.0,1.0
7959,a9609780217c5831,True,1.0,1.0,0.7645476856283946,1.0,1.0,1.0,0.901894869011831
7960,77bff1fe494e52dd,True,1.0,1.0,1.0,0.0,1.0,1.0,0.5833333333333334
7961,61b99cf0e08d559a,True,1.0,1.0,1.0,1.0,1.0,1.0,1.0
7962,79d36fbd8d115f06,True,1.0,1.0,0.7547749549065471,1.0,1.0,0.0,0.897822897877728
7963,d5f845d28a5e513f,True,1.0,0.0,0.0,1.0,1.0,0.0,0.0
7964,d82f1b20a55d5bcd,True,1.0,1.0,0.8117619970431178,1.0,1.0,1.0,0.9215674987679657
7965,81e7354de4e35a97,True,1.0,1.0,0.8045604238060111,1.0,1.0,0.5,0.9185668432525046
7966,0ee0eabadd125c7b,True,1.0,1.0,0.9550507773563228,1.0,1.0,1.0,0.9812711572318012
7967,6d585a6698f55c8b,True,0.0,1.0,0.0,0.0,1.0,1.0,0.0
7968,1e60548b4c00538a,True,1.0,1.0,0.7775715574967811,1.0,1.0,1.0,0.9073214822903255
7969,18236bb0b875582d,True,1.0,1.0,1.0,1.0,1.0,1.0,1.0
7970,24108688ab4856ab,True,1.0,1.0,0.5067034337738815,1.0,1.0,0.5,0.7944597640724506
7971,fb351801ac245053,True,1.0,1.0,1.0,1.0,1.0,1.0,1.0
7972,64cdae0a751357ee,True,1.0,1.0,0.8827958269889964,1.0,1.0,1.0,0.9511649279120817
7973,2e6e8eebd05f5da2,True,1.0,1.0,0.8799826713636651,1.0,1.0,1.0,0.9499927797348605
7974,5e5a77fb1990565b,True,1.0,1.0,0.7582831863840841,1.0,1.0,1.0,0.8992846609933683
7975,a1e8639c17ac5089,True,1.0,1.0,1.0,1.0,1.0,1.0,1.0
7976,4e1e5dfc07e459cd,True,1.0,1.0,1.0,0.0,1.0,1.0,0.5833333333333334
7977,c78f87b2bd4151d4,True,1.0,1.0,0.8603404770097532,1.0,1.0,1.0,0.9418085320873972
7978,4131dd1f0fd5571b,True,1.0,1.0,0.9549599446070404,1.0,1.0,1.0,0.9812333102529335
7979,143989e6ed115458,True,1.0,1.0,0.84927056081466,1.0,1.0,1.0,0.9371960670061084
7980,107e89e927fa571a,True,1.0,1.0,0.6685933905982598,1.0,1.0,1.0,0.8619139127492749
7981,313a7548b23b5b8f,True,1.0,1.0,0.8737294102191906,0.0,1.0,1.0,0.5307205875913295
7982,8dc7d00ce175549d,True,1.0,1.0,0.9906422718398942,1.0,1.0,1.0,0.996100946599956
7983,0bf5bbbd53fe5ea6,True,1.0,1.0,1.0,1.0,1.0,1.0,1.0
7984,b0b25b314843551d,True,0.0,1.0,0.0,0.0,1.0,1.0,0.0
7985,332ac89545ed5822,True,1.0,1.0,1.0,1.0,1.0,1.0,1.0
7986,44e882ff27ec5566,True,1.0,1.0,0.9142822176503782,1.0,1.0,1.0,0.9642842573543242
7987,3808a6ba716d5da1,True,0.0,1.0,0.0,0.0,1.0,1.0,0.0
7988,199a2738284e52c9,True,1.0,1.0,0.9504381529267498,0.0,1.0,1.0,0.5626825637194791
7989,943cbb2398a150b4,True,1.0,1.0,0.9503578969798598,1.0,1.0,1.0,0.9793157904082749
7990,358d973661955d68,True,1.0,1.0,1.0,0.0,1.0,0.5,0.5833333333333334
7991,fab1993d5d4759da,True,1.0,1.0,1.0,0.0,1.0,1.0,0.5833333333333334
7992,35bc469fdde35a17,True,1.0,1.0,1.0,0.0,1.0,1.0,0.5833333333333334
7993,e511376fdf3250e5,True,1.0,1.0,0.01154029157929925,1.0,1.0,1.0,0.5881417881580414
7994,534942a69dea5054,True,1.0,1.0,0.5338968691646535,1.0,1.0,1.0,0.805790362151939
7995,6e79ddf19ead53f1,True,1.0,1.0,0.9150362108223528,1.0,1.0,1.0,0.9645984211759803
7996,9fc116e61c8e50e8,True,1.0,1.0,1.0,1.0,1.0,1.0,1.0
7997,249478c83c155093,True,1.0,1.0,0.6921740155895316,1.0,1.0,1.0,0.8717391731623048
7998,297a54df537c5317,True,1.0,1.0,0.9290593957271882,1.0,1.0,1.0,0.9704414148863284
7999,789eca1c50f85cb4,True,1.0,1.0,0.6920431465413098,1.0,1.0,1.0,0.8716846443922125
8000,2d365fc1fbd35aab,True,1.0,1.0,0.7942667266305833,1.0,1.0,1.0,0.9142778027627431
8001,fac5b39e58445a31,True,1.0,0.0,0.0,1.0,1.0,1.0,0.0
8002,150c33d5cd005743,True,0.0,1.0,0.0,0.0,1.0,1.0,0.0
8003,f9505a84a7745537,True,1.0,1.0,0.7876498478554946,1.0,1.0,1.0,0.9115207699397895
8004,7178178922315ef7,True,0.0,1.0,0.0,0.0,1.0,1.0,0.0
8005,5593db2f64115fbf,True,0.0,1.0,0.0,0.0,1.0,1.0,0.0
8006,88d08f76270d5e37,True,1.0,1.0,0.8984116691603473,1.0,1.0,1.0,0.9576715288168115
8007,2c120899a8d05979,True,1.0,1.0,0.9340408841952434,1.0,1.0,1.0,0.9725170350813515
8008,89751620b3555ef8,True,1.0,1.0,1.0,1.0,1.0,1.0,1.0
8009,33fcb42a03535525,True,1.0,1.0,0.6831465341739223,1.0,1.0,1.0,0.8679777225724677
8010,687da3cabde458b5,True,1.0,1.0,0.9807207825470233,1.0,1.0,1.0,0.9919669927279263
8011,de3ea1d3c1e0588a,True,1.0,1.0,0.9450056400596691,1.0,1.0,1.0,0.9770856833581956
8012,607298120f23583c,True,1.0,1.0,0.739103478315708,1.0,1.0,1.0,0.8912931159648784
8013,d18b4bcf67b05c57,True,1.0,1.0,0.8671881821361697,1.0,1.0,1.0,0.9446617425567373
8014,71217bf1294b5c4b,True,1.0,1.0,1.0,0.0,1.0,1.0,0.5833333333333334
8015,f9bce7199ad8555d,True,1.0,1.0,1.0,1.0,1.0,1.0,1.0
8016,2943657d55dc5d65,True,1.0,1.0,0.8000472376373371,1.0,1.0,1.0,0.9166863490155571
8017,4386a0ba98f95bb3,True,1.0,1.0,1.0,1.0,1.0,1.0,1.0
8018,5e81fdb02c275b17,True,1.0,1.0,1.0,1.0,1.0,1.0,1.0
8019,bb7aca330b2c5ac2,True,1.0,1.0,0.933142323603829,1.0,1.0,1.0,0.9721426348349288
8020,bf478a1422445c12,True,1.0,1.0,0.8135850227300065,1.0,1.0,1.0,0.9223270928041694
8021,1be3fd906c435f85,True,1.0,1.0,0.9761850218150012,1.0,1.0,1.0,0.9900770924229172
8022,c3976331b5e456d4,True,1.0,1.0,0.8003143084271958,1.0,1.0,1.0,0.9167976285113316
8023,01fa845276f857c5,True,1.0,1.0,0.8352779365432452,1.0,1.0,1.0,0.931365806893019
8024,5868a706ae7b5003,True,1.0,1.0,0.9934307112226843,1.0,1.0,1.0,0.9972627963427851
8025,b432924be8c151d8,True,1.0,1.0,0.8363196397377357,1.0,1.0,1.0,0.9317998498907233
8026,a76311c957b05f8c,True,1.0,1.0,1.0,1.0,1.0,1.0,1.0
8027,f191de4360a35ad8,True,1.0,0.0,0.0,1.0,1.0,1.0,0.0
8028,2302da9c486d5e3b,True,1.0,1.0,0.8510386051690932,1.0,1.0,1.0,0.9379327521537889
8029,0809e84efac053e6,True,1.0,1.0,1.0,1.0,1.0,1.0,1.0
8030,117372631fc4501c,True,1.0,1.0,1.0,1.0,1.0,1.0,1.0
8031,f47841466d835000,True,1.0,1.0,1.0,1.0,1.0,1.0,1.0
8032,1407c7f0f32a5738,True,1.0,1.0,1.0,1.0,1.0,1.0,1.0
8033,019eaadd84cb56f8,True,1.0,1.0,0.5699547714432056,1.0,1.0,1.0,0.8208144881013357
8034,1dd4683469e457c5,True,1.0,1.0,1.0,1.0,1.0,1.0,1.0
8035,e92c94f8bdcc54c6,True,1.0,1.0,0.8541586929917747,1.0,1.0,0.5,0.9392327887465729
8036,0722adecc3d45ac4,True,1.0,1.0,0.9453915854381737,1.0,1.0,1.0,0.9772464939325723
8037,006d30e1af265b1e,True,1.0,1.0,0.7475686357135967,1.0,1.0,1.0,0.8948202648806652
8038,aabb4c5a82d65945,True,1.0,1.0,1.0,0.0,1.0,1.0,0.5833333333333334
8039,9cb247f1ef445fb9,True,1.0,1.0,0.908465809831403,1.0,1.0,1.0,0.9618607540964179
8040,c038901b4a0259ab,True,1.0,0.0,0.0,1.0,1.0,1.0,0.0
8041,c7b679fb61655f22,True,1.0,0.0,0.0,1.0,1.0,1.0,0.0
8042,9aad3780bef85c98,True,0.0,1.0,0.0,0.0,1.0,1.0,0.0
8043,cc3ebf79ba985643,True,1.0,1.0,0.9738004369779782,1.0,1.0,0.5,0.9890835154074908
8044,8362f66ef1aa51b1,True,1.0,1.0,0.8839291708476044,1.0,1.0,1.0,0.9516371545198351
8045,6a3518e83ad751f6,True,0.0,1.0,0.0,0.0,1.0,1.0,0.0
8046,505e82147a375933,True,0.0,1.0,0.0,0.0,1.0,1.0,0.0
8047,418c618fc266506b,True,1.0,1.0,1.0,1.0,1.0,1.0,1.0
8048,e90d6c211deb5f05,True,0.5,1.0,0.6213272978123138,0.0,1.0,0.5,0.21277652037756536
8049,87a70998eed25e32,True,1.0,1.0,1.0,1.0,1.0,1.0,1.0
8050,359651aff6c55fc3,True,1.0,1.0,0.761728500235138,1.0,1.0,1.0,0.9007202084313075
8051,94f5e53f2e205285,True,1.0,1.0,0.6354450402630606,1.0,1.0,1.0,0.8481021001096085
8052,47f3a90709ad56ed,True,1.0,1.0,0.8635524487907428,1.0,1.0,1.0,0.9431468536628095
8053,b191eb9b8de25005,True,1.0,1.0,1.0,1.0,1.0,1.0,1.0
8054,97e5f17eb7235c14,True,1.0,1.0,0.9109286112206854,1.0,1.0,1.0,0.9628869213419522
8055,e64d11cc39c753ba,True,1.0,1.0,0.8917239786033155,1.0,1.0,1.0,0.9548849910847149
8056,7e76a2b3918656f9,True,1.0,1.0,0.6798493723764687,1.0,1.0,1.0,0.8666039051568619
8057,ef1c8f5af4525791,True,1.0,1.0,0.6945023584583488,1.0,1.0,1.0,0.872709316024312
8058,e9fcec80707952c3,True,1.0,1.0,0.6938852650865526,1.0,1.0,1.0,0.8724521937860636
8059,62b0d1b0d5b35c44,True,0.0,0.0,0.0,0.0,1.0,1.0,0.0
8060,179bc3ae5b9f56b0,True,1.0,0.0,0.0,1.0,1.0,1.0,0.0
8061,d88f286835b95ff3,True,1.0,1.0,1.0,1.0,1.0,1.0,1.0
8062,6856c3ad77315d3c,True,1.0,1.0,0.8055294616135346,1.0,1.0,1.0,0.9189706090056394
8063,4e9b792f30975e78,True,1.0,1.0,0.8458253788886925,1.0,1.0,1.0,0.9357605745369552
8064,e99ca54f8f4d585f,True,1.0,1.0,0.8882424755745394,1.0,1.0,1.0,0.9534343648227247
8065,ac47687039a75848,True,1.0,1.0,1.0,1.0,1.0,1.0,1.0
8066,7d32ec3f13b9525b,True,1.0,1.0,1.0,1.0,1.0,1.0,1.0
8067,5f8eb8f944eb596c,True,1.0,1.0,0.9717921376903185,1.0,1.0,1.0,0.9882467240376327
8068,ee99fbc3e9a25112,True,1.0,1.0,0.8620936454109985,0.0,1.0,1.0,0.5258723522545827
8069,026e7b1e0e335625,True,1.0,1.0,1.0,1.0,1.0,1.0,1.0
8070,e99744bcd703522c,True,1.0,1.0,0.019153919212967194,1.0,1.0,1.0,0.591314133005403
8071,277c41e4b5d858f1,True,0.0,1.0,0.0,0.0,1.0,1.0,0.0
8072,cfe730cbf7e55330,True,1.0,1.0,0.9002618469243118,1.0,1.0,1.0,0.9584424362184633
8073,4014296da6f75079,True,1.0,1.0,1.0,1.0,1.0,1.0,1.0
8074,d6981f197dd555fd,True,1.0,1.0,1.0,0.0,1.0,1.0,0.5833333333333334
8075,e7aded473b7e5183,True,0.0,1.0,0.0,0.0,1.0,1.0,0.0
8076,ad3d0b30c78355d4,True,1.0,1.0,1.0,1.0,1.0,1.0,1.0
8077,95472243c6245fec,True,1.0,1.0,0.9029721054697081,1.0,1.0,1.0,0.9595717106123783
8078,0442b2728b8058fd,True,1.0,1.0,0.8860047092256629,1.0,1.0,1.0,0.9525019621773595
8079,8a17d8a06b425d2d,True,1.0,1.0,1.0,1.0,1.0,1.0,1.0
8080,9bfae11fe1af5b67,True,1.0,1.0,0.808833343562801,1.0,1.0,1.0,0.9203472264845004
8081,34787bf8b0d95f31,True,1.0,0.0,0.0,1.0,1.0,1.0,0.0
8082,7cdcc814be255d9f,True,1.0,1.0,1.0,1.0,1.0,1.0,1.0
8083,44f736cbb0365616,True,1.0,1.0,0.9834307328184974,1.0,1.0,1.0,0.9930961386743739
8084,64ee149f402a5601,True,1.0,1.0,0.9201086534287624,1.0,1.0,1.0,0.966711938928651
8085,dcff89b03b925c41,True,1.0,0.0,0.0,1.0,1.0,1.0,0.0
8086,a924bf802fe25fa6,True,1.0,1.0,0.5413053632267687,1.0,1.0,1.0,0.8088772346778202
8087,8c2e3aa977d95da5,True,1.0,1.0,1.0,1.0,1.0,1.0,1.0
8088,ebe1b48a47f356a4,True,0.0,1.0,0.0,0.0,1.0,1.0,0.0
8089,e9bb1dab462252e9,True,1.0,1.0,1.0,0.0,1.0,1.0,0.5833333333333334
8090,45c1c24ad1d35bfb,True,1.0,1.0,0.7501841063739173,1.0,1.0,1.0,0.8959100443224655
8091,4d9c7a900c6c5081,True,1.0,1.0,0.9889888652763469,1.0,1.0,1.0,0.9954120271984778
8092,23d71fb39b0456f5,True,1.0,1.0,1.0,1.0,1.0,1.0,1.0
8093,78c26c7e63c3534c,True,1.0,1.0,0.41339276811462944,1.0,1.0,1.0,0.7555803200477623
8094,e4ae770961c15455,True,1.0,1.0,0.8878225072256434,1.0,1.0,1.0,0.9532593780106847
8095,48a6621d92dd5be3,True,0.0,0.0,0.0,0.0,1.0,0.0,0.0
8096,ff137d1eea555686,True,1.0,1.0,0.8760905429292164,1.0,1.0,1.0,0.9483710595538403
8097,ed98a4566ea95092,True,1.0,1.0,1.0,1.0,1.0,1.0,1.0
8098,2488018e08b35c68,True,0.0,0.0,0.0,0.0,1.0,1.0,0.0
8099,a3bb30f4190a5f5d,True,1.0,0.0,0.0,1.0,1.0,1.0,0.0
8100,de354f243fa157ec,True,1.0,1.0,0.9677229123464014,1.0,1.0,1.0,0.9865512134776674
8101,f42258b638fc5b64,True,1.0,1.0,1.0,0.0,1.0,1.0,0.5833333333333334
8102,66e75a9c2da75db6,True,1.0,1.0,0.9090253526883485,1.0,1.0,1.0,0.9620938969534786
8103,38f3b89b93ba5032,True,1.0,0.0,0.0,1.0,1.0,1.0,0.0
8104,8be5c83488ff5980,True,1.0,1.0,0.7809155168924475,1.0,1.0,1.0,0.9087147987051866
8105,e8f5c2714bfe5213,True,1.0,1.0,1.0,1.0,1.0,1.0,1.0
8106,ed69e15d85ab50a6,True,1.0,1.0,0.8352653913375707,0.0,1.0,1.0,0.5146939130573212
8107,e133b313fabc56b4,True,1.0,1.0,0.8054426967189654,1.0,1.0,1.0,0.9189344569662357
8108,41d7b533797c5209,True,1.0,1.0,1.0,1.0,1.0,1.0,1.0
8109,46320fa2dc795a5a,True,1.0,1.0,1.0,1.0,1.0,1.0,1.0
8110,936037f7683c50e8,True,1.0,1.0,0.8251348320262508,1.0,1.0,1.0,0.9271395133442711
8111,0f186e17ed445c5a,True,1.0,1.0,0.8120877542490592,1.0,1.0,1.0,0.921703230937108
8112,a2c3aa64478d533b,True,1.0,1.0,0.838168577241099,1.0,1.0,1.0,0.9325702405171246
8113,9017962112f85d62,True,1.0,1.0,0.6974104446057698,1.0,1.0,1.0,0.8739210185857375
8114,1b301e5f9ede59d7,True,1.0,1.0,0.8682789793265016,1.0,1.0,0.5,0.9451162413860423
8115,0059b8e52a3f55e8,True,1.0,1.0,0.9217227453306414,1.0,1.0,1.0,0.9673844772211005
8116,0af3e039185d57f3,True,0.0,1.0,0.0,0.0,1.0,1.0,0.0
8117,f424ee234e385b95,True,1.0,1.0,0.9726503369681166,1.0,1.0,0.0,0.9886043070700486
8118,0561ac957ffc5c4f,True,1.0,1.0,0.776919784103141,1.0,1.0,1.0,0.9070499100429754
8119,d1971f367cb85683,True,1.0,1.0,0.8387927235864547,1.0,1.0,1.0,0.9328303014943561
8120,173369dc059d5fe9,True,1.0,1.0,0.9516553604071379,1.0,1.0,1.0,0.9798564001696408
8121,bdb0947d0c835022,True,1.0,1.0,1.0,1.0,1.0,1.0,1.0
8122,4b5fd21bc8bd5a8b,True,1.0,1.0,0.8363744928607589,1.0,1.0,1.0,0.9318227053586495
8123,7762b47b2ed156a9,True,1.0,1.0,0.9756358214534621,1.0,1.0,1.0,0.9898482589389426
8124,764bbbaf51f85bd8,True,1.0,1.0,0.6645354396062536,1.0,1.0,0.5,0.860223099835939
8125,dd2b5010e1d25d72,True,1.0,1.0,0.7318697786005682,1.0,1.0,1.0,0.8882790744169035
8126,94c3ef5a3168570a,True,1.0,1.0,0.9593538149828529,1.0,1.0,1.0,0.9830640895761887
8127,a7f15e4638b352c4,True,1.0,0.0,0.0,1.0,1.0,1.0,0.0
8128,c169cf799b165800,True,1.0,1.0,0.6230649982796255,1.0,1.0,1.0,0.8429437492831773
8129,da0aac1f6c225eca,True,1.0,1.0,0.6319089950534219,1.0,1.0,1.0,0.8466287479389258
8130,8723bbb08b8e5cc8,True,1.0,1.0,1.0,1.0,1.0,1.0,1.0
8131,5fffee1a19495dc6,True,1.0,1.0,0.8259053090184629,1.0,1.0,1.0,0.9274605454243595
8132,c772799eaf1f5ad1,True,1.0,1.0,0.7961171400880834,1.0,1.0,0.0,0.9150488083700349
8133,eeeaf1937c015ab9,True,1.0,1.0,0.49632169117672137,1.0,1.0,1.0,0.7901340379903005
8134,6da3bcc544be52d3,True,1.0,1.0,0.024478286282016766,1.0,1.0,1.0,0.5935326192841737
8135,9020d65504e554b3,True,1.0,1.0,0.7073519607370679,1.0,1.0,1.0,0.8780633169737783
8136,298fff3a2ae95293,True,1.0,1.0,0.8274587477669071,1.0,1.0,1.0,0.9281078115695447
8137,4a2f87a2fd42549e,True,1.0,1.0,1.0,1.0,1.0,1.0,1.0
8138,be7c407443f15fec,True,1.0,0.0,0.0,1.0,1.0,1.0,0.0
8139,1cddfddca0bd560a,True,1.0,1.0,1.0,0.0,1.0,1.0,0.5833333333333334
8140,b92aaa468aa25958,True,1.0,1.0,0.7835570891298087,1.0,1.0,1.0,0.9098154538040869
8141,3cc3567e89f95e0a,True,1.0,1.0,0.9980323814304961,1.0,1.0,1.0,0.9991801589293733
8142,9a95d2419f1e592a,True,1.0,1.0,0.9610068498390277,1.0,1.0,1.0,0.9837528540995949
8143,f8b8b8ee49205def,True,1.0,0.0,0.0,1.0,1.0,1.0,0.0
8144,8470cdca41255e20,True,1.0,1.0,0.8276053444129033,1.0,1.0,1.0,0.9281688935053763
8145,fe520672ef8f5770,True,0.0,1.0,0.0,0.0,1.0,1.0,0.0
8146,398326681cd7500a,True,1.0,1.0,0.9199737835598051,1.0,1.0,1.0,0.9666557431499188
8147,83a4f915caf15aca,True,1.0,1.0,1.0,1.0,1.0,1.0,1.0
8148,48762908e4705b55,True,1.0,1.0,0.46867591613219645,1.0,1.0,1.0,0.7786149650550819
8149,1a1b315baec45bc3,True,0.0,1.0,0.0,0.0,1.0,1.0,0.0
8150,3eaee893ba995c48,True,1.0,1.0,1.0,1.0,1.0,1.0,1.0
8151,7602fcbad344586a,True,1.0,1.0,0.9848466849773446,1.0,1.0,1.0,0.9936861187405602
8152,0cb87152ed5e5ca1,True,0.0,1.0,0.0,0.0,1.0,1.0,0.0
8153,8429a35187bb5c08,True,1.0,1.0,1.0,1.0,1.0,1.0,1.0
8154,9897a102ee075dee,True,1.0,1.0,0.8044934619074896,1.0,1.0,1.0,0.918538942461454
8155,3daa044b17795a85,True,1.0,1.0,0.8326243824974431,1.0,1.0,1.0,0.9302601593739346
8156,5099c20d468f5cf4,True,1.0,1.0,0.9611243416645824,1.0,1.0,1.0,0.9838018090269093
8157,b1899626476e5293,True,1.0,1.0,0.80630884947503,1.0,1.0,1.0,0.9192953539479292
8158,7ccfef5040b359df,True,1.0,1.0,1.0,1.0,1.0,1.0,1.0
8159,cfb755b8d37458ac,True,1.0,1.0,0.6979465707758911,0.0,1.0,0.5,0.45747773782328793
8160,02f75336f9f55e4f,True,1.0,1.0,0.8938886462946802,1.0,1.0,0.5,0.9557869359561169
8161,5bb6cc197a7455e4,True,1.0,1.0,1.0,1.0,1.0,1.0,1.0
8162,5a468d5e9d955993,True,0.5,1.0,0.4432478678038237,0.0,1.0,1.0,0.1756766391257966
8163,cce49307530e5b60,True,1.0,1.0,1.0,1.0,1.0,1.0,1.0
8164,ad2bbc4542205912,True,1.0,1.0,1.0,0.0,1.0,1.0,0.5833333333333334
8165,a916c0c016825703,True,1.0,1.0,1.0,1.0,1.0,1.0,1.0
8166,655917ea5da455c8,True,1.0,1.0,0.6163426401476896,1.0,1.0,1.0,0.8401427667282041
8167,205cce163e5a5b46,True,1.0,1.0,1.0,0.0,1.0,1.0,0.5833333333333334
8168,19c4aecbe4b65ef4,True,1.0,1.0,0.7592060752689296,1.0,1.0,1.0,0.8996691980287207
8169,3ebe88aecd0c5d20,True,1.0,0.0,0.0,1.0,1.0,1.0,0.0
8170,32c74fb957e45651,True,1.0,0.0,0.0,1.0,1.0,1.0,0.0
8171,26b5e3878f2250ac,True,1.0,1.0,0.7578688851768746,1.0,1.0,1.0,0.8991120354903644
8172,d4358e3962b758ce,True,1.0,1.0,0.9559773730446904,1.0,1.0,1.0,0.9816572387686211
8173,71057ab084a75ce6,True,1.0,1.0,0.9076587274101168,1.0,1.0,1.0,0.9615244697542153
8174,3ec484ccad125e99,True,1.0,1.0,0.9964403332370876,1.0,1.0,1.0,0.9985168055154533
8175,6a85f61bdde35d74,True,1.0,1.0,0.9232946664563519,1.0,1.0,1.0,0.9680394443568133
8176,8c527efc3b3b5fa0,True,1.0,1.0,0.456429217571137,1.0,1.0,1.0,0.7735121739879737
8177,85b599a5e238576a,True,0.5,0.0,0.0,0.0,1.0,1.0,0.0
8178,4827434c5d3659cd,True,1.0,1.0,0.8397681632700988,1.0,1.0,1.0,0.9332367346958744
8179,132307b3c1a55f97,True,1.0,1.0,1.0,0.0,1.0,1.0,0.5833333333333334
8180,0db36f777178525a,True,1.0,1.0,0.8843405705259259,1.0,1.0,1.0,0.9518085710524691
8181,22dcb62f62a15d42,True,1.0,1.0,0.6334145492996941,1.0,1.0,1.0,0.8472560622082058
8182,4b3d6fc60b815701,True,1.0,1.0,0.7550289739387388,1.0,1.0,1.0,0.8979287391411411
8183,87a1c55863135418,True,1.0,1.0,0.6425968044046336,1.0,1.0,1.0,0.851082001835264
8184,26b80207f01e593f,True,1.0,1.0,1.0,1.0,1.0,1.0,1.0
8185,daf38cecd5045cf6,True,1.0,1.0,1.0,1.0,1.0,0.5,1.0
8186,8d8806333d865527,True,0.0,1.0,0.0,0.0,1.0,1.0,0.0
8187,21d6b11a81755b6d,True,1.0,1.0,0.42770259624040496,1.0,1.0,1.0,0.7615427484335021
8188,17c882b28a195c3d,True,1.0,1.0,0.46105404135653905,1.0,1.0,0.5,0.7754391838985578
8189,9bfa838de21f5d25,True,1.0,1.0,0.8688143786205625,1.0,1.0,1.0,0.9453393244252344
8190,62ebe5d1697f5b73,True,1.0,1.0,1.0,1.0,1.0,1.0,1.0
8191,18c781197c445d64,True,1.0,1.0,1.0,1.0,1.0,1.0,1.0
8192,6b6afd7690245e14,True,1.0,1.0,0.8895241572179395,1.0,1.0,1.0,0.9539683988408081
8193,0eae7eacff765533,True,1.0,1.0,0.9997278793269893,1.0,1.0,1.0,0.9998866163862455
8194,ea8b66a838c75042,True,1.0,1.0,1.0,1.0,1.0,1.0,1.0
8195,de28290571ec523a,True,1.0,1.0,1.0,1.0,1.0,1.0,1.0
8196,274fcb576b3b59a8,True,1.0,0.0,0.0,0.0,1.0,1.0,0.0
8197,b2e0a5dfbb575ce1,True,1.0,1.0,0.5610701305039757,1.0,1.0,1.0,0.8171125543766565
8198,e45023fbb46857d6,True,1.0,1.0,0.752481592262988,1.0,1.0,1.0,0.8968673301095783
8199,7b2758fa57ef54b7,True,1.0,1.0,0.633553577321563,1.0,1.0,1.0,0.8473139905506514
8200,ec78d882433a50ca,True,1.0,1.0,0.7650886844044372,1.0,1.0,1.0,0.9021202851685155
8201,4c83b81ddcc757b1,True,1.0,1.0,0.9985488737219318,0.0,1.0,1.0,0.5827286973841382
8202,94d74f87c8435b61,True,1.0,1.0,0.0002737643057250534,1.0,1.0,1.0,0.5834474017940521
8203,3debd3d86b5850dd,True,1.0,1.0,1.0,1.0,1.0,1.0,1.0
8204,e59fd69b1be85258,True,1.0,1.0,0.7478902781729578,1.0,1.0,1.0,0.8949542825720659
8205,77b5e5af1c1057fc,True,1.0,1.0,1.0,0.0,1.0,1.0,0.5833333333333334
8206,88b49de4eea35896,True,0.5,1.0,0.5763946566861776,0.0,1.0,1.0,0.203415553476287
8207,de80647014f35dbb,True,1.0,1.0,0.8132643633398737,1.0,1.0,1.0,0.9221934847249473
8208,6894aab92b0058dd,True,1.0,1.0,1.0,1.0,1.0,1.0,1.0
8209,d26170a35d1c5e33,True,1.0,1.0,1.0,0.0,1.0,1.0,0.5833333333333334
8210,a992bba6c1d054f3,True,1.0,1.0,0.8394173228089954,1.0,1.0,1.0,0.9330905511704147
8211,3fb200a0fddb5c8e,True,0.0,0.0,0.0,0.0,1.0,1.0,0.0
8212,9147938e42675685,True,1.0,0.0,0.0,1.0,1.0,0.0,0.0
8213,f93751942d4e5c48,True,1.0,1.0,1.0,1.0,1.0,1.0,1.0
8214,4d8c41cf686957d1,True,1.0,1.0,1.0,1.0,1.0,1.0,1.0
8215,4d13950871eb5917,True,1.0,1.0,0.7411970758486451,1.0,1.0,1.0,0.8921654482702688
8216,0f422a003dab525e,True,1.0,1.0,0.8101562700060925,0.0,1.0,1.0,0.5042317791692051
8217,152449b7967c541d,True,1.0,1.0,0.8179963456781418,1.0,1.0,1.0,0.9241651440325591
8218,bf0e7609184e533b,True,1.0,1.0,0.6024635047690136,1.0,1.0,1.0,0.8343597936537557
8219,c6acf71b8b3b560c,True,1.0,1.0,0.9017641269129066,1.0,1.0,1.0,0.959068386213711
8220,649c1659d8975ae3,True,1.0,0.0,0.0,0.0,1.0,1.0,0.0
8221,6d3db8abd9ad52eb,True,1.0,1.0,1.0,1.0,1.0,1.0,1.0
8222,8e9d920cd8595185,True,1.0,1.0,0.8878255306009635,1.0,1.0,1.0,0.9532606377504015
8223,9135a6d270475c7f,True,1.0,0.0,0.0,1.0,1.0,1.0,0.0
8224,9fb619b502495ffc,True,1.0,1.0,0.9797472458275517,1.0,1.0,1.0,0.9915613524281465
8225,7a9225f5c4355f92,True,1.0,1.0,1.0,1.0,1.0,1.0,1.0
8226,9933a1df50ff5919,True,1.0,1.0,1.0,1.0,1.0,1.0,1.0
8227,4c9e695fc66c583a,True,1.0,1.0,0.9408441890778848,0.0,1.0,1.0,0.558685078782452
8228,09d9a0cd32c25dee,True,1.0,1.0,0.7379286504022367,1.0,1.0,1.0,0.8908036043342653
8229,dee99345e2015845,True,1.0,1.0,0.9441945362111397,1.0,1.0,0.0,0.9767477234213082
8230,ab4175e25b6c5d76,True,1.0,1.0,0.7293454744141493,1.0,1.0,1.0,0.8872272810058955
8231,07419a24b8e05171,True,1.0,1.0,1.0,0.0,1.0,1.0,0.5833333333333334
8232,7beae7492ff45866,True,1.0,1.0,0.9518242096437295,0.0,1.0,1.0,0.563260087351554
8233,f28c522b8a0155cc,True,0.0,1.0,0.0,0.0,1.0,1.0,0.0
8234,03af0c992a5a5ffc,True,0.0,1.0,0.0,0.0,1.0,1.0,0.0
8235,dbadf83c8bc85324,True,1.0,1.0,0.6482643523594483,1.0,1.0,0.5,0.8534434801497701
8236,8b54e86cb8b05114,True,0.0,1.0,0.0,0.0,1.0,1.0,0.0
8237,b7e9b4a46b9a5533,True,1.0,1.0,0.47893383725748545,1.0,1.0,1.0,0.7828890988572855
8238,42643a30b402538f,True,1.0,1.0,1.0,1.0,1.0,0.5,1.0
8239,d777782391de54bf,True,1.0,1.0,0.8077588769685714,1.0,1.0,1.0,0.9198995320702381
8240,e1e4717862d25d42,True,1.0,1.0,0.7803676355692379,1.0,1.0,0.0,0.9084865148205159
8241,2243d4e976fb5b77,True,1.0,1.0,1.0,1.0,1.0,1.0,1.0
8242,78a50eb4d40e5ffa,True,1.0,1.0,0.9227681098644063,1.0,1.0,1.0,0.9678200457768359
8243,5c084920ee285003,True,1.0,0.0,0.0,1.0,1.0,1.0,0.0
8244,9bb9d42a74165cf0,True,1.0,1.0,0.8131556086680788,1.0,1.0,1.0,0.9221481702783662
8245,c9cf4a630abf5bc7,True,1.0,1.0,1.0,1.0,1.0,1.0,1.0
8246,7053e82f2f1c5364,True,1.0,1.0,0.97942138999274,1.0,1.0,1.0,0.9914255791636416
8247,1c2170ed2977545e,True,1.0,1.0,0.911234390528034,1.0,1.0,1.0,0.9630143293866809
8248,5a13ac37ca725a30,True,1.0,0.0,0.0,1.0,1.0,1.0,0.0
8249,eb85aecce15f5e63,True,1.0,0.0,0.0,1.0,1.0,1.0,0.0
8250,a42cc34c8a985b67,True,1.0,1.0,0.9043320341140243,1.0,1.0,0.0,0.9601383475475102
8251,0f3c4d7aee1e572c,True,1.0,1.0,0.7455425085438724,1.0,1.0,1.0,0.8939760452266134
8252,dbff1141343a5736,True,1.0,1.0,1.0,0.0,1.0,1.0,0.5833333333333334
8253,8164612a623156ae,True,1.0,1.0,1.0,1.0,1.0,1.0,1.0
8254,3cbb6c030b1e5d19,True,1.0,0.0,0.0,1.0,1.0,1.0,0.0
8255,bf4d95ea76b75de7,True,1.0,1.0,0.8904273240827794,1.0,1.0,1.0,0.9543447183678246
8256,eaf08861a02351a5,True,1.0,1.0,0.977529883067925,1.0,1.0,1.0,0.9906374512783019
8257,00eb3a4e0f8052e9,True,1.0,1.0,0.8821936266930482,1.0,1.0,1.0,0.9509140111221034
8258,14976ab056005044,True,1.0,1.0,0.9850937447142841,1.0,1.0,1.0,0.9937890602976184
8259,2a49d54f73775909,True,1.0,1.0,1.0,1.0,1.0,1.0,1.0
8260,c91c301500e95244,True,1.0,1.0,1.0,0.0,1.0,1.0,0.5833333333333334
8261,ec398c5c12055eed,True,1.0,1.0,0.9578191499817427,1.0,1.0,1.0,0.9824246458257262
8262,f377405106115a34,True,1.0,0.0,0.0,1.0,1.0,0.5,0.0
8263,c1b38e62a97d590d,True,1.0,1.0,0.9336292593824966,1.0,1.0,1.0,0.9723455247427069
8264,752b0c820740589e,True,0.0,1.0,0.0,0.0,1.0,1.0,0.0
8265,fbf9670a3e82519c,True,1.0,1.0,1.0,1.0,1.0,1.0,1.0
8266,2d723f3d7b9458b8,True,0.0,1.0,0.0,0.0,1.0,1.0,0.0
8267,e83be8437b0c5862,True,1.0,1.0,1.0,1.0,1.0,1.0,1.0
8268,72b0f2dcaf1f59a1,True,1.0,0.0,0.0,1.0,1.0,1.0,0.0
8269,81aa7cde0f3f5b68,True,1.0,1.0,1.0,0.0,1.0,1.0,0.5833333333333334
8270,d651033bf05e5da3,True,1.0,1.0,0.8045123867386375,1.0,1.0,1.0,0.9185468278077655
8271,a815da9bf45d5b15,True,1.0,1.0,0.9940999632488028,0.0,1.0,1.0,0.5808749846870012
8272,8de2e76340335ed9,True,1.0,1.0,0.4993435849363967,1.0,1.0,1.0,0.7913931603901653
8273,9157afe90f035621,True,1.0,1.0,1.0,1.0,1.0,1.0,1.0
8274,9f547ab121b456e1,True,1.0,1.0,1.0,0.0,1.0,1.0,0.5833333333333334
8275,5521dd071ee95c1a,True,1.0,1.0,0.9331402266284906,1.0,1.0,1.0,0.9721417610952043
8276,313c37ffdeaf51ca,True,1.0,1.0,0.7170785047567589,1.0,1.0,0.5,0.8821160436486496
8277,bee76fa92b735b00,True,1.0,1.0,1.0,0.0,1.0,1.0,0.5833333333333334
8278,6b97412307ad5c16,True,0.0,1.0,0.0,0.0,1.0,1.0,0.0
8279,ca8b5c5ed914507c,True,1.0,0.0,0.0,0.0,1.0,0.5,0.0
8280,8b7d99b5ae2a5219,True,1.0,1.0,1.0,1.0,1.0,1.0,1.0
8281,eccb91aff29c5415,True,0.0,1.0,0.0,0.0,1.0,1.0,0.0
8282,0202782270ab5a62,True,1.0,1.0,0.9052344832943879,1.0,1.0,1.0,0.9605143680393283
8283,30187e714d065b0b,True,1.0,1.0,0.9134950633097888,1.0,1.0,1.0,0.9639562763790787
8284,37b96c1d86665204,True,1.0,0.0,0.0,1.0,1.0,0.5,0.0
8285,6adef8f2b0795473,True,1.0,1.0,1.0,0.0,1.0,1.0,0.5833333333333334
8286,15d5078041dd5a4f,True,1.0,1.0,0.6620523834671007,1.0,1.0,1.0,0.859188493111292
8287,aaf9003e92855b6c,True,1.0,1.0,0.8567963525676773,1.0,1.0,1.0,0.9403318135698656
8288,d663992c13fa5438,True,1.0,1.0,1.0,0.0,1.0,1.0,0.5833333333333334
8289,254dee7f5f1f5f17,True,1.0,1.0,1.0,1.0,1.0,1.0,1.0
8290,e058b97f439c51c7,True,1.0,1.0,0.9463996533367645,1.0,1.0,1.0,0.9776665222236519
8291,406d4391f1205862,True,1.0,1.0,0.8704647587528817,1.0,1.0,1.0,0.9460269828137008
8292,96fd45b48c8b5e18,True,1.0,1.0,0.6974438370653405,1.0,1.0,1.0,0.8739349321105586
8293,e3ee34ba4c0c59fd,True,0.5,1.0,1.0,0.0,1.0,1.0,0.2916666666666667
8294,4c53b20bf0925c0c,True,1.0,1.0,0.7121260649564902,1.0,1.0,1.0,0.8800525270652043
8295,3e9b399280e250fc,True,1.0,1.0,0.8904356694256177,1.0,1.0,1.0,0.9543481955940073
8296,78adf1b8ed315c4f,True,1.0,1.0,0.9963732519823705,1.0,1.0,1.0,0.9984888549926544
8297,97628f2e9ee55826,True,1.0,1.0,0.8244554710693264,1.0,1.0,1.0,0.9268564462788861
8298,ad970e7cae1a5ead,True,1.0,1.0,1.0,1.0,1.0,1.0,1.0
8299,10d9d6d0ad405b9d,True,1.0,1.0,0.9726575790755742,1.0,1.0,1.0,0.9886073246148226
8300,e54d150b34215b84,True,1.0,1.0,1.0,1.0,1.0,1.0,1.0
8301,a9c1456b9deb5184,True,1.0,1.0,0.7991087615802761,1.0,1.0,1.0,0.916295317325115
8302,ca6a8cc7012a5fac,True,1.0,1.0,0.8206686595118907,1.0,1.0,1.0,0.9252786081299544
8303,0e04335474bf5b6e,True,1.0,1.0,0.6283267708348212,1.0,1.0,1.0,0.8451361545145089
8304,36077daf1cda5d05,True,1.0,1.0,1.0,1.0,1.0,1.0,1.0
8305,9e77d9cf35e05d55,True,1.0,1.0,0.8681209076274079,1.0,1.0,1.0,0.9450503781780867
8306,e38dd745e363544c,True,1.0,1.0,0.9019292836383843,1.0,1.0,1.0,0.9591372015159935
8307,e1c0081536575390,True,1.0,1.0,1.0,1.0,1.0,1.0,1.0
8308,184c11a8cc875403,True,1.0,1.0,0.8929598162391772,1.0,1.0,1.0,0.9553999234329904
8309,a82187d6e7805fa2,True,1.0,1.0,0.022729204926588576,1.0,1.0,1.0,0.5928038353860786
8310,b7505d7478385be9,True,1.0,1.0,1.0,0.0,1.0,1.0,0.5833333333333334
8311,544d2652bcc551db,True,1.0,1.0,1.0,1.0,1.0,1.0,1.0
8312,9c9944c9e8b3583e,True,1.0,1.0,0.5444396552833923,1.0,1.0,1.0,0.8101831897014135
8313,0ebb578555b25ab2,True,1.0,1.0,0.9312223939186026,1.0,1.0,1.0,0.971342664132751
8314,5a7f3e30fe075a16,True,1.0,1.0,1.0,1.0,1.0,1.0,1.0
8315,4b09402394995325,True,1.0,1.0,0.3239008374033515,1.0,1.0,1.0,0.7182920155847299
8316,87a5fd24e88d5e0a,True,1.0,1.0,0.8266537693525807,1.0,1.0,1.0,0.9277724038969085
8317,77f45b5536f854bf,True,1.0,1.0,1.0,1.0,1.0,1.0,1.0
8318,c41b4666b98e5b92,True,1.0,1.0,0.5861673667822066,1.0,1.0,0.0,0.8275697361592528
8319,e051405f88c05270,True,1.0,1.0,1.0,0.0,1.0,1.0,0.5833333333333334
8320,5cdf559f99b859a4,True,1.0,1.0,0.893491319480644,0.0,1.0,1.0,0.5389547164502683
8321,c9395d7ca7f75410,True,1.0,1.0,1.0,1.0,1.0,1.0,1.0
8322,819d34b59e6159ad,True,1.0,1.0,1.0,1.0,1.0,1.0,1.0
8323,35b810aad36b553a,True,1.0,1.0,1.0,1.0,1.0,1.0,1.0
8324,6ecc4586af155c50,True,1.0,1.0,1.0,1.0,1.0,1.0,1.0
8325,45b4f09799295069,True,1.0,1.0,0.5601670523871121,1.0,1.0,1.0,0.8167362718279634
8326,d9d22fcc4d395fc9,True,1.0,1.0,0.4721794571959301,1.0,1.0,1.0,0.7800747738316375
8327,da137494751e500f,True,1.0,1.0,1.0,0.0,1.0,1.0,0.5833333333333334
8328,7c42db62ed515a8c,True,0.0,1.0,0.0,0.0,1.0,1.0,0.0
8329,b4d9c8edfbda58dc,True,1.0,1.0,0.9350519101953091,1.0,1.0,1.0,0.972938295914712
8330,523ab1ffcace56f6,True,1.0,1.0,0.0,1.0,1.0,1.0,0.5833333333333334
8331,34b812e4de1a536b,True,1.0,0.0,0.0,1.0,1.0,1.0,0.0
8332,ceccd4369b5f552d,True,0.5,1.0,0.34734236738113783,0.0,1.0,1.0,0.15569632653773705
8333,6e344e75ca4e543e,True,1.0,0.0,0.0,1.0,1.0,1.0,0.0
8334,1d372d9debb155cb,True,1.0,1.0,0.7967029974621186,1.0,1.0,1.0,0.915292915609216
8335,a06715f1cb8358c0,True,1.0,1.0,1.0,0.0,1.0,1.0,0.5833333333333334
8336,315aedf84f9f59c3,True,1.0,1.0,1.0,1.0,1.0,1.0,1.0
8337,715cff26bcee5d6a,True,1.0,1.0,0.9085110460732136,1.0,1.0,1.0,0.9618796025305058
8338,27f481628fff5c70,True,1.0,1.0,1.0,1.0,1.0,1.0,1.0
8339,749ac04eaa475981,True,1.0,1.0,1.0,0.0,1.0,1.0,0.5833333333333334
8340,613770d7f39051be,True,0.0,1.0,0.0,0.0,1.0,1.0,0.0
8341,792d9ff087745f33,True,1.0,1.0,0.016205218187454823,1.0,1.0,1.0,0.5900855075781062
8342,3151813685fe5b1d,True,1.0,0.0,0.0,1.0,1.0,1.0,0.0
8343,17296f6032025ecc,True,1.0,1.0,0.78712976792076,0.0,1.0,1.0,0.4946374033003167
8344,69acf2f6a20454a0,True,1.0,1.0,0.5143970751030155,1.0,1.0,1.0,0.7976654479595897
8345,87c6ef5053865368,True,1.0,0.0,0.0,1.0,1.0,0.5,0.0
8346,f3f9f7a6f8f15f49,True,1.0,1.0,1.0,1.0,1.0,1.0,1.0
8347,7bbacd116bd75f85,True,1.0,1.0,0.9917591459184797,1.0,1.0,1.0,0.9965663107993666
8348,21c961133b0c52d5,True,1.0,1.0,0.9780929068125745,0.0,1.0,1.0,0.5742053778385727
8349,7964bed69f7e597e,True,1.0,0.0,0.0,1.0,1.0,1.0,0.0
8350,57dceadaafe053ef,True,1.0,1.0,1.0,1.0,1.0,1.0,1.0
8351,680f4753a59c5a24,True,1.0,1.0,1.0,0.0,1.0,1.0,0.5833333333333334
8352,d5ece6235301571f,True,1.0,1.0,1.0,1.0,1.0,1.0,1.0
8353,0687eed0cf265533,True,1.0,0.0,0.0,1.0,1.0,1.0,0.0
8354,14618f22bb605676,True,1.0,1.0,0.7042352272220459,1.0,1.0,1.0,0.8767646780091858
8355,d1fdb156118a52ae,True,1.0,1.0,0.35754149156182624,1.0,1.0,1.0,0.7323089548174275
8356,f66d06ec0f355fac,True,1.0,1.0,0.7933543763548399,1.0,1.0,0.5,0.9138976568145166
8357,c707d147a5655289,True,1.0,1.0,1.0,1.0,1.0,1.0,1.0
8358,088b38f5e629514b,True,1.0,1.0,0.8542393348906997,1.0,1.0,1.0,0.9392663895377916
8359,ddddd9e7e4925db9,True,1.0,1.0,0.7985602655970582,1.0,1.0,1.0,0.9160667773321075
8360,f253fd0891d3562a,True,1.0,1.0,0.5662188722004621,1.0,1.0,1.0,0.8192578634168592
8361,fe8efa6c8dc4573e,True,1.0,0.0,0.0,1.0,1.0,1.0,0.0
8362,43c3a96bede25b1c,True,1.0,0.0,0.0,0.0,1.0,0.5,0.0
8363,d55a7602f48e582b,True,1.0,1.0,0.5247289730888796,1.0,1.0,1.0,0.8019704054536998
8364,11e7fdeb883b5381,True,1.0,1.0,0.8458065738348036,1.0,1.0,1.0,0.9357527390978349
8365,6280a12d79b4518a,True,1.0,1.0,1.0,1.0,1.0,1.0,1.0
8366,859b85899c105afc,True,1.0,1.0,0.9021322867002338,1.0,1.0,1.0,0.9592217861250975
8367,94cabec7888a5bb3,True,1.0,1.0,0.8296115522272506,1.0,1.0,1.0,0.9290048134280212
8368,38f4eed7d2cb5cc0,True,1.0,0.0,0.0,1.0,1.0,1.0,0.0
8369,476c37463b4f580e,True,1.0,1.0,1.0,1.0,1.0,1.0,1.0
8370,075cf94c3db15021,True,1.0,0.0,0.0,1.0,1.0,1.0,0.0
8371,45878940b52550ea,True,1.0,1.0,1.0,1.0,1.0,1.0,1.0
8372,15ae8f60881b52ae,True,1.0,0.0,0.0,1.0,1.0,1.0,0.0
8373,661d0a5bf2735f03,True,1.0,1.0,0.9367610669219381,1.0,1.0,1.0,0.9736504445508075
8374,75523a91f0b15884,True,1.0,1.0,1.0,1.0,1.0,1.0,1.0
8375,91c479d90ccb521a,True,1.0,1.0,1.0,0.0,1.0,1.0,0.5833333333333334
8376,e05b464c21d0597d,True,1.0,1.0,1.0,1.0,1.0,1.0,1.0
8377,7ffee2481b68517c,True,0.0,1.0,0.0,0.0,1.0,0.5,0.0
8378,7e8979818a51520e,True,1.0,1.0,0.982491317185237,1.0,1.0,1.0,0.9927047154938488
8379,216b31d31f085114,True,1.0,1.0,0.8493927674365128,1.0,1.0,1.0,0.9372469864318803
8380,3af9cb4d21e15e9e,True,1.0,0.0,0.0,1.0,1.0,0.5,0.0
8381,ad34e2d0d3865530,True,1.0,1.0,0.9655379132745413,1.0,1.0,1.0,0.9856407971977256
8382,deb8de65573253b7,True,1.0,1.0,1.0,1.0,1.0,1.0,1.0
8383,2783db04f9b05383,True,1.0,1.0,0.992320908950371,1.0,1.0,1.0,0.9968003787293211
8384,77ee60147e0e55b7,True,1.0,0.0,0.0,1.0,1.0,1.0,0.0
8385,9bebc9f8507c5cf4,True,1.0,1.0,1.0,1.0,1.0,1.0,1.0
8386,b874be1fb9885c0e,True,1.0,1.0,0.811491959479569,1.0,1.0,1.0,0.9214549831164871
8387,2cbf505c735c5c34,True,1.0,0.0,0.0,1.0,1.0,1.0,0.0
8388,e072351fbbfd5765,True,1.0,1.0,0.47935235504588924,1.0,1.0,1.0,0.7830634812691205
8389,6de81a38cd7655dd,True,1.0,1.0,1.0,1.0,1.0,1.0,1.0
8390,c7c04f1581855ac4,True,0.0,1.0,0.0,0.0,1.0,1.0,0.0
8391,4d73f8250ae750ca,True,0.0,1.0,0.0,0.0,1.0,1.0,0.0
8392,a93fa498bfbf5fb8,True,1.0,1.0,0.846709204105575,1.0,1.0,1.0,0.9361288350439896
8393,8d63ae7a5eec54da,True,1.0,1.0,1.0,1.0,1.0,1.0,1.0
8394,0df213c579225af6,True,1.0,1.0,0.8990779521305665,1.0,1.0,1.0,0.9579491467210693
8395,f05325ffb9425a4b,True,1.0,1.0,1.0,1.0,1.0,1.0,1.0
8396,9a6e3e5d86dd5949,True,1.0,1.0,0.5863649019121887,0.0,1.0,0.5,0.41098537579674527
8397,26e7a31dd615509c,True,1.0,1.0,1.0,0.0,1.0,1.0,0.5833333333333334
8398,baff37ac37675490,True,1.0,1.0,0.8588016116498101,1.0,1.0,1.0,0.9411673381874208
8399,f9de30ccbddd50dc,True,1.0,1.0,1.0,1.0,1.0,1.0,1.0
8400,60a317c40ae656c0,True,0.0,1.0,0.0,0.0,1.0,1.0,0.0
8401,17a6a4a6137553cd,True,1.0,1.0,0.8796115246524644,1.0,1.0,1.0,0.9498381352718601
8402,c5510354351d5d5e,True,1.0,1.0,1.0,0.0,1.0,1.0,0.5833333333333334
8403,7582f7769dfb5d11,True,1.0,1.0,1.0,0.0,1.0,1.0,0.5833333333333334
8404,9e10e31698a650a1,True,1.0,1.0,1.0,1.0,1.0,1.0,1.0
8405,49b8cbfbe63e5c09,True,1.0,1.0,0.6474338266667143,1.0,1.0,1.0,0.8530974277777976
8406,0045af58281456a0,True,1.0,1.0,0.4924514525440945,1.0,1.0,1.0,0.7885214385600393
8407,dfd5770faffa5ba7,True,1.0,1.0,0.8514437059222174,1.0,1.0,1.0,0.9381015441342573
8408,65271f4c14985330,True,1.0,1.0,1.0,1.0,1.0,1.0,1.0
8409,c80072cd3e165a71,True,1.0,1.0,0.7022059842446307,1.0,1.0,1.0,0.8759191601019295
8410,3623f8c74e7a5d1d,True,1.0,1.0,1.0,1.0,1.0,1.0,1.0
8411,b8603fa264b25b80,True,1.0,1.0,0.8911314476332116,1.0,1.0,1.0,0.9546381031805048
8412,7f9c22da74d35642,True,1.0,1.0,1.0,0.0,1.0,1.0,0.5833333333333334
8413,84a6257839b65f93,True,1.0,1.0,0.8866111782242003,1.0,1.0,1.0,0.9527546575934167
8414,706a6c85e65858c8,True,1.0,1.0,0.9092153952650897,1.0,1.0,1.0,0.962173081360454
8415,5350e5a376c259f6,True,1.0,1.0,1.0,1.0,1.0,1.0,1.0
8416,9e032298e808528a,True,1.0,1.0,1.0,0.0,1.0,1.0,0.5833333333333334
8417,2dfc1e8df2ef5da1,True,1.0,1.0,0.8436885523126607,1.0,1.0,1.0,0.9348702301302753
8418,7291b74b016d5672,True,0.0,1.0,0.0,0.0,1.0,1.0,0.0
8419,0367791336c3533e,True,1.0,1.0,0.5837560811899559,1.0,1.0,1.0,0.8265650338291483
8420,695990349fc551a7,True,1.0,1.0,0.786110472100678,1.0,1.0,1.0,0.9108793633752824
8421,657274955033592a,True,1.0,1.0,0.5892574681920335,1.0,1.0,0.0,0.8288572784133473
8422,3b6865082c225fe8,True,1.0,1.0,1.0,1.0,1.0,1.0,1.0
8423,757fb1d7679c5dc2,True,1.0,1.0,0.5869318014292821,1.0,1.0,1.0,0.8278882505955343
8424,473a047c10f45ef3,True,1.0,1.0,1.0,1.0,1.0,1.0,1.0
8425,4cbe138f73975e82,True,1.0,1.0,0.9601643572793406,1.0,1.0,1.0,0.9834018155330586
8426,e05cdac678ea503c,True,1.0,1.0,0.894734874303933,1.0,1.0,1.0,0.956139530959972
8427,530df64bb4b5533f,True,1.0,0.0,0.0,0.0,1.0,1.0,0.0
8428,32e5d7e804c65214,True,1.0,1.0,0.5126568698708422,0.0,1.0,1.0,0.3802736957795176
8429,d02fff0452445952,True,1.0,1.0,0.6389871419211139,1.0,1.0,1.0,0.8495779758004641
8430,77c1bc7a68b55fb9,True,1.0,1.0,0.6080202284311669,1.0,1.0,1.0,0.8366750951796528
8431,a07bb9058982503d,True,1.0,1.0,0.052810683998356124,1.0,1.0,1.0,0.605337784999315
8432,1bfbaec4ef9b556c,True,1.0,1.0,0.663210825576075,1.0,1.0,1.0,0.8596711773233645
8433,0c625b3536f2553d,True,1.0,1.0,0.9519911890608632,1.0,1.0,1.0,0.9799963287753597
8434,fe746b45992f5a69,True,1.0,1.0,1.0,1.0,1.0,0.0,1.0
8435,f8331125139c53d2,True,1.0,1.0,0.9257919052796193,1.0,1.0,1.0,0.9690799605331747
8436,64185eb977005752,True,1.0,1.0,1.0,1.0,1.0,1.0,1.0
8437,d51cd13cfbe35a4b,True,1.0,1.0,1.0,1.0,1.0,1.0,1.0
8438,9a675656c3c85f4c,True,1.0,1.0,0.0305150426925917,1.0,1.0,1.0,0.5960479344552465
8439,fb3eed693c845412,True,1.0,1.0,0.031219469117365534,1.0,1.0,1.0,0.596341445465569
8440,e779c1cc4ae45a84,True,1.0,1.0,1.0,1.0,1.0,1.0,1.0
8441,ee380d59f0f450c6,True,1.0,1.0,0.7711054160249606,1.0,1.0,1.0,0.9046272566770669
8442,81f49ac925aa5781,True,1.0,1.0,1.0,0.0,1.0,1.0,0.5833333333333334
8443,89ae8d041c145f8f,True,1.0,1.0,0.0024969452995765944,1.0,1.0,1.0,0.584373727208157
8444,ce3d0bc0b2d55876,True,1.0,1.0,0.7099617236715603,1.0,1.0,1.0,0.8791507181964834
8445,1c8ca8c10d1a5757,True,1.0,1.0,0.9051663503462567,0.0,1.0,1.0,0.5438193126442736
8446,e9a71ddab0055f99,True,1.0,1.0,0.5872209388223013,1.0,1.0,1.0,0.8280087245092922
8447,d5ec09025a1e5a0d,True,1.0,1.0,1.0,1.0,1.0,1.0,1.0
8448,a3882e6ae8635832,True,1.0,1.0,0.3602999362526689,1.0,1.0,1.0,0.7334583067719453
8449,9d0ff46ac79e5e0b,True,1.0,0.0,0.0,1.0,1.0,1.0,0.0
8450,f36dbc258c8b5e17,True,1.0,1.0,1.0,1.0,1.0,1.0,1.0
8451,fda9b858e7e4588f,True,1.0,0.0,0.0,1.0,1.0,1.0,0.0
8452,c9f0c60627ba5237,True,1.0,1.0,1.0,1.0,1.0,1.0,1.0
8453,df4bbe0b4f6d5312,True,1.0,1.0,0.9541668620294715,1.0,1.0,1.0,0.9809028591789465
8454,f35e97504024530b,True,1.0,1.0,1.0,0.0,1.0,1.0,0.5833333333333334
8455,ed98d12e4c99536d,True,1.0,1.0,1.0,1.0,1.0,0.5,1.0
8456,56b80cb2ca2c5983,True,1.0,1.0,0.6590039203562862,1.0,1.0,1.0,0.8579183001484525
8457,82521f61cf965167,True,1.0,1.0,0.9767229791374362,0.0,1.0,1.0,0.5736345746405984
8458,773005dea0fc53ab,True,1.0,1.0,0.813903117999115,1.0,1.0,1.0,0.9224596324996313
8459,39b5d00781925b16,True,1.0,1.0,1.0,0.0,1.0,1.0,0.5833333333333334
8460,a1d53677e05456b3,True,1.0,1.0,1.0,1.0,1.0,1.0,1.0
8461,3ece2b5bbf095290,True,1.0,1.0,0.8294823583960322,1.0,1.0,1.0,0.9289509826650134
8462,8dac96b2393f5de9,True,1.0,1.0,0.9654110041668428,1.0,1.0,1.0,0.9855879184028512
8463,6c1a4bb1d99b52a3,True,1.0,1.0,0.9034891311890013,1.0,1.0,1.0,0.9597871379954173
8464,bde15534dcdc5933,True,1.0,1.0,0.6789954334819052,1.0,1.0,1.0,0.8662480972841271
8465,a59bd481d324594a,True,1.0,0.0,0.0,1.0,1.0,1.0,0.0
8466,7f3a478c21ce55f9,True,1.0,1.0,0.8032367739346188,1.0,1.0,1.0,0.9180153224727579
8467,70645140f08352ca,True,1.0,1.0,0.7487435995522438,1.0,1.0,1.0,0.8953098331467683
8468,4023fa59fcfd5671,True,1.0,1.0,0.4206976402397955,1.0,1.0,1.0,0.7586240167665815
8469,9b95066419ea5427,True,1.0,1.0,0.6258513233286798,1.0,1.0,1.0,0.8441047180536166
8470,8c867708395f5374,True,1.0,1.0,1.0,1.0,1.0,1.0,1.0
8471,09779eb483435cab,True,0.0,1.0,0.0,0.0,1.0,1.0,0.0
8472,dd182f5d47495d7f,True,1.0,1.0,0.8529191504374861,1.0,1.0,1.0,0.9387163126822858
8473,639b55d4b2b65d0a,True,1.0,0.0,0.0,1.0,1.0,1.0,0.0
8474,3cf6bf2e7992584c,True,1.0,1.0,1.0,1.0,1.0,1.0,1.0
8475,9c941c942f955a5a,True,1.0,1.0,0.633332380293059,1.0,1.0,1.0,0.8472218251221079
8476,8b3679b7c11d5ada,True,1.0,1.0,0.9385856335116525,1.0,1.0,1.0,0.9744106806298553
8477,4421e25bf73a553b,True,1.0,1.0,0.7112754639403883,1.0,1.0,1.0,0.8796981099751617
8478,70becaf36f845b1d,True,1.0,1.0,0.040297734823098376,1.0,1.0,1.0,0.6001240561762909
8479,4e54c991bd0259cb,True,1.0,1.0,0.9132194371512864,1.0,1.0,1.0,0.9638414321463693
8480,13c76ba40a5e5987,True,1.0,1.0,0.6401239239403907,1.0,1.0,1.0,0.8500516349751628
8481,008d6e3394a65c1f,True,0.0,1.0,0.0,0.0,1.0,1.0,0.0
8482,aacc2ed7ba2859c5,True,1.0,1.0,0.7783172791419435,1.0,1.0,0.0,0.9076321996424764
8483,6e3cf172a2755fae,True,1.0,0.0,0.0,1.0,1.0,1.0,0.0
8484,e63c18e2bcfa5526,True,1.0,1.0,1.0,1.0,1.0,1.0,1.0
8485,b86df9a9f50e525a,True,1.0,1.0,0.5027248425731508,1.0,1.0,1.0,0.7928020177388128
8486,697882c22eb65ca7,True,1.0,0.0,0.0,1.0,1.0,0.5,0.0
8487,80722f66bc3b54c0,True,1.0,1.0,0.6973552362147607,1.0,1.0,1.0,0.8738980150894836
8488,6bb854e8312e5c30,True,1.0,1.0,1.0,0.0,1.0,1.0,0.5833333333333334
8489,0b99739b06c455bf,True,1.0,1.0,0.8741601698124762,1.0,1.0,1.0,0.947566737421865
8490,7f2cd560a3c3528a,True,1.0,1.0,0.8861853897128643,1.0,1.0,1.0,0.9525772457136935
8491,c932b69d2fed5f3c,True,1.0,1.0,0.8985046142003337,1.0,1.0,1.0,0.9577102559168057
8492,e49a1ec4a5af596b,True,1.0,1.0,0.7853485489906702,1.0,1.0,1.0,0.9105618954127793
8493,1712f51cf5df564a,True,1.0,1.0,0.976004284945127,0.0,1.0,1.0,0.5733351187271363
8494,d2a2e2498d505b76,True,1.0,1.0,0.7784104338801919,1.0,1.0,1.0,0.9076710141167466
8495,5b891b54880f5fab,True,1.0,1.0,0.8668076045736502,1.0,1.0,1.0,0.9445031685723543
8496,afcd7846a4f35622,True,1.0,1.0,1.0,1.0,1.0,1.0,1.0
8497,79e7ccb136775266,True,1.0,1.0,0.7775291299476851,1.0,1.0,0.0,0.9073038041448688
8498,c1c3bb73344c593a,True,1.0,1.0,0.9646944703054993,0.0,1.0,1.0,0.5686226959606248
8499,7b4383b378035cb7,True,1.0,1.0,0.7682684198031823,1.0,1.0,1.0,0.9034451749179926
8500,cd4e4564d732554e,True,1.0,1.0,1.0,0.0,1.0,1.0,0.5833333333333334
8501,c2cfb091173a5ca2,True,1.0,1.0,1.0,1.0,1.0,1.0,1.0
8502,9a22009eaa1250fe,True,1.0,1.0,0.8213923031310182,0.0,1.0,1.0,0.5089134596379242
8503,555ac2e13627529e,True,1.0,1.0,1.0,1.0,1.0,1.0,1.0
8504,a067e1b873c8534d,True,1.0,1.0,0.5878690716229431,1.0,1.0,1.0,0.828278779842893
8505,522b72a25cbb5ef9,True,1.0,1.0,0.8624057951068604,1.0,1.0,1.0,0.9426690812945252
8506,e69f96075afb5d86,True,1.0,1.0,0.9755558241330718,1.0,1.0,1.0,0.9898149267221132
8507,94a5491ee69d5e27,True,1.0,1.0,0.7899047124877154,1.0,1.0,1.0,0.9124602968698814
8508,71e2924dcf525bc7,True,1.0,1.0,0.5881219484787401,1.0,1.0,1.0,0.828384145199475
8509,35f13a6de1575fdc,True,1.0,1.0,1.0,1.0,1.0,1.0,1.0
8510,87423b239de058c9,True,1.0,0.0,0.0,1.0,1.0,0.5,0.0
8511,b23be6b0d9765878,True,1.0,1.0,0.8738035756282034,1.0,1.0,1.0,0.9474181565117514
8512,932f0bf1d23b5ba7,True,1.0,0.0,0.0,1.0,1.0,1.0,0.0
8513,95bd905e3f685a28,True,1.0,1.0,0.8042335900795509,1.0,1.0,1.0,0.9184306625331461
8514,7ebca95e877a557b,True,1.0,1.0,0.8039753570630355,1.0,1.0,1.0,0.9183230654429314
8515,30a0f5cf9ab95eee,True,1.0,1.0,0.8749008435634881,1.0,1.0,1.0,0.9478753514847867
8516,4e12d62c42575ac3,True,1.0,1.0,0.48170296775656385,1.0,1.0,1.0,0.7840429032319016
8517,1fe2f21f53c05378,True,1.0,1.0,0.8669989290742321,1.0,1.0,1.0,0.9445828871142634
8518,b24954d56c155570,True,1.0,1.0,1.0,1.0,1.0,1.0,1.0
8519,d8c1754607175755,True,1.0,1.0,0.5308701277907978,1.0,1.0,1.0,0.8045292199128324
8520,0497454a0d735bc1,True,1.0,1.0,0.8611505766654196,1.0,1.0,1.0,0.9421460736105916
8521,5568ad08c60d510f,True,1.0,1.0,0.6203969520790732,1.0,1.0,1.0,0.8418320633662805
8522,f9f97f2e6d435822,True,1.0,1.0,0.9009704100724547,0.0,1.0,1.0,0.5420710041968562
8523,8af8486e96a45fa4,True,1.0,1.0,0.9904321160808517,1.0,1.0,1.0,0.9960133817003548
8524,a0f56a70905c527d,True,1.0,1.0,0.9947820805816684,1.0,1.0,1.0,0.9978258669090284
8525,fb42b4cbf6b95b6c,True,1.0,0.0,0.0,1.0,1.0,1.0,0.0
8526,1665bb5ab9d55dca,True,1.0,0.0,0.0,1.0,1.0,0.5,0.0
8527,27b8eae78cf05c1e,True,1.0,1.0,0.5255259255733475,1.0,1.0,1.0,0.8023024689888949
8528,ccd1908db4765e03,True,0.5,0.0,0.0,0.0,1.0,0.0,0.0
8529,b1861baea30d54ef,True,1.0,1.0,0.878697438109943,1.0,1.0,1.0,0.9494572658791429
8530,90fa31af769c5e8d,True,0.0,1.0,0.0,0.0,1.0,1.0,0.0
8531,ef97c6e9f11b59a7,True,1.0,1.0,1.0,1.0,1.0,1.0,1.0
8532,ebd940b0039e5cd1,True,0.0,1.0,0.0,0.0,1.0,1.0,0.0
8533,4cee76c8118b5609,True,1.0,1.0,0.6590786238082438,1.0,1.0,1.0,0.8579494265867682
8534,ca4686a3d8a55f9f,True,1.0,1.0,1.0,0.0,1.0,1.0,0.5833333333333334
8535,2dd890fcd27352c5,True,1.0,1.0,0.8546367167712471,1.0,1.0,1.0,0.939431965321353
8536,5c8f6ebe705d5013,True,1.0,1.0,1.0,1.0,1.0,1.0,1.0
8537,e966ed2a366b5bcb,True,1.0,1.0,0.7298584331449309,1.0,1.0,1.0,0.8874410138103879
8538,64d046ec9cee51d4,True,1.0,1.0,0.5079491353347929,1.0,1.0,1.0,0.794978806389497
8539,1d0c8aa56b6350bf,True,0.0,1.0,0.0,0.0,1.0,1.0,0.0
8540,acc47057bb3d556d,True,1.0,1.0,1.0,1.0,1.0,1.0,1.0
8541,8b8466eb334f5957,True,1.0,1.0,0.8734367016843246,1.0,1.0,1.0,0.9472652923684685
8542,0a2b9bb1214f5e2f,True,1.0,1.0,0.809042707696863,1.0,1.0,1.0,0.9204344615403596
8543,49119e0bd9335681,True,1.0,1.0,1.0,1.0,1.0,1.0,1.0
8544,ef91e3538f775238,True,1.0,0.0,0.0,1.0,1.0,1.0,0.0
8545,9f3da1c3d8b85947,True,1.0,1.0,1.0,1.0,1.0,1.0,1.0
8546,f71f0d4ca6db5d40,True,1.0,1.0,0.6899432272972786,1.0,1.0,1.0,0.8708096780405329
8547,8b53a14edf305638,True,1.0,1.0,0.9396302158929113,1.0,1.0,1.0,0.9748459232887131
8548,20ae5de0a8725d9d,True,1.0,1.0,0.7349495432038013,1.0,1.0,1.0,0.8895623096682505
8549,e82216ae03b05bd4,True,1.0,1.0,1.0,1.0,1.0,1.0,1.0
8550,8ed81a3cabde5dcf,True,1.0,1.0,0.8814196882340383,1.0,1.0,1.0,0.9505915367641826
8551,f2655b7cd5d15a20,True,1.0,1.0,0.7335510847653064,1.0,1.0,1.0,0.8889796186522109
8552,d11b9fcd004e5270,True,1.0,1.0,0.9090279225276579,1.0,1.0,1.0,0.9620949677198575
8553,8043aa566aa45878,True,1.0,1.0,0.8093163707635611,1.0,1.0,1.0,0.9205484878181505
8554,0004474e9e3f5470,True,1.0,1.0,0.6308659978171862,1.0,1.0,1.0,0.8461941657571609
8555,bd957829755e50cb,True,1.0,1.0,0.9187938624544435,1.0,1.0,1.0,0.9661641093560182
8556,b8acb965678c5953,True,1.0,0.0,0.0,1.0,1.0,1.0,0.0
8557,8c36f77fe7215dd7,True,0.0,1.0,0.0,0.0,1.0,1.0,0.0
8558,8f741adb793f51c9,True,1.0,1.0,0.7372300141754273,1.0,1.0,0.5,0.890512505906428
8559,0663f1541eeb58b6,True,1.0,1.0,1.0,1.0,1.0,0.5,1.0
8560,89e8716cd98f54a0,True,0.0,1.0,0.0,0.0,1.0,1.0,0.0
8561,388e7bfc1d1957b4,True,1.0,0.0,0.0,1.0,1.0,1.0,0.0
8562,fde2ed45bca05510,True,1.0,1.0,0.8113505248489454,1.0,1.0,1.0,0.9213960520203939
8563,ebb1e037f19b5c55,True,1.0,1.0,0.7324243955624952,1.0,1.0,1.0,0.8885101648177063
8564,967a6f50c73c5eb7,True,1.0,1.0,1.0,1.0,1.0,1.0,1.0
8565,5012cae5e4fc57a1,True,1.0,1.0,1.0,0.0,1.0,1.0,0.5833333333333334
8566,7335659408525112,True,1.0,1.0,0.8328840273134448,1.0,1.0,1.0,0.9303683447139353
8567,a3fe8c1981c45693,True,1.0,1.0,0.9776423434784179,1.0,1.0,1.0,0.9906843097826741
8568,226f50441ff35772,True,1.0,1.0,1.0,1.0,1.0,1.0,1.0
8569,3b88ba584a4a5d7e,True,1.0,1.0,1.0,1.0,1.0,1.0,1.0
8570,89ca9afebf9b5229,True,1.0,1.0,1.0,0.0,1.0,1.0,0.5833333333333334
8571,025aab0da0e652b7,True,1.0,1.0,0.7031778647964138,1.0,1.0,1.0,0.8763241103318391
8572,3e53e34cb63f5d05,True,1.0,1.0,0.8347710836539008,1.0,1.0,0.0,0.9311546181891254
8573,4e5e09ac14395d70,True,1.0,1.0,0.9160282490666432,1.0,1.0,1.0,0.9650117704444346
8574,a93fe1ec53155bf7,True,1.0,1.0,0.7905671237141177,1.0,1.0,1.0,0.912736301547549
8575,2696e377ac3e579b,True,0.5,1.0,0.49410263006180927,0.0,1.0,1.0,0.18627138126287693
8576,3b0c5c39455b5d00,True,1.0,0.0,0.0,1.0,1.0,1.0,0.0
8577,0b66f76610bc5f63,True,1.0,1.0,0.8080503184345441,1.0,1.0,1.0,0.9200209660143933
8578,69dcc80901db5a29,True,0.0,1.0,0.0,0.0,1.0,1.0,0.0
8579,a0e9cbedca0a56b7,True,1.0,1.0,1.0,1.0,1.0,1.0,1.0
8580,6c8305cdaa0653ca,True,1.0,1.0,0.8018485951856481,1.0,1.0,1.0,0.9174369146606868
8581,0fc0217e2dd05256,True,1.0,1.0,0.9919696610947072,1.0,1.0,1.0,0.9966540254561279
8582,6ffc117437175255,True,1.0,1.0,0.805700523802993,1.0,1.0,1.0,0.9190418849179137
8583,c617243cb58658eb,True,1.0,0.0,0.0,1.0,1.0,0.0,0.0
8584,ab19982dd5cd57ac,True,0.0,1.0,0.0,0.0,1.0,1.0,0.0
8585,2aa64c0ff1f059fd,True,1.0,1.0,1.0,1.0,1.0,1.0,1.0
8586,f069ac62d63e5e25,True,1.0,1.0,0.8267318051149626,1.0,1.0,1.0,0.9278049187979011
8587,dce07c446c7955aa,True,1.0,1.0,1.0,1.0,1.0,1.0,1.0
8588,983d04f21f6953f6,True,1.0,1.0,1.0,1.0,1.0,1.0,1.0
8589,614a0b6a482455af,True,1.0,1.0,0.7167402681904507,1.0,1.0,1.0,0.8819751117460211
8590,3d6703caa0c951a8,True,1.0,1.0,0.9611440619398508,1.0,1.0,1.0,0.9838100258082711
8591,f86adcbec849574a,True,1.0,1.0,1.0,1.0,1.0,1.0,1.0
8592,7ec8d2521964548f,True,1.0,1.0,0.5002065193111868,1.0,1.0,1.0,0.7917527163796612
8593,bde1cb24aeb45289,True,1.0,1.0,0.8298185787746614,1.0,1.0,1.0,0.9290910744894422
8594,34a2cb9790ae53f3,True,0.0,1.0,0.0,0.0,1.0,1.0,0.0
8595,26e8589d8c485726,True,1.0,1.0,0.9641798818239022,1.0,1.0,1.0,0.9850749507599593
8596,cb7ce9515c495674,True,1.0,1.0,0.7916199512147912,1.0,1.0,1.0,0.9131749796728297
8597,b11d39291cd55ed7,True,1.0,1.0,0.9317290241737866,1.0,1.0,1.0,0.971553760072411
8598,5cf3fc5bbafd57bf,True,1.0,1.0,1.0,1.0,1.0,1.0,1.0
8599,5b8d892592635d5f,True,1.0,1.0,1.0,1.0,1.0,1.0,1.0
8600,37837c3f78625095,True,0.0,1.0,0.0,0.0,1.0,1.0,0.0
8601,5a8a6c9d92935076,True,1.0,1.0,1.0,1.0,1.0,1.0,1.0
8602,330fe55520e351fb,True,1.0,1.0,1.0,1.0,1.0,1.0,1.0
8603,6e163d828a555eee,True,1.0,1.0,1.0,1.0,1.0,1.0,1.0
8604,dccd7bde9a0b5bfe,True,1.0,1.0,1.0,0.0,1.0,1.0,0.5833333333333334
8605,378f82a326bd5875,True,1.0,1.0,0.6232060691742105,1.0,1.0,0.5,0.8430025288225877
8606,5583c1447acd5f31,True,1.0,0.0,0.0,1.0,1.0,0.0,0.0
8607,bbc93f086726531e,True,1.0,1.0,1.0,1.0,1.0,1.0,1.0
8608,6cd23fffac65568b,True,1.0,1.0,0.8175044633795789,1.0,1.0,1.0,0.9239601930748246
8609,c79ab4c1abcb56fa,True,1.0,1.0,0.5156475313278572,1.0,1.0,1.0,0.7981864713866073
8610,70f3a3d098bf5381,True,1.0,1.0,1.0,0.0,1.0,1.0,0.5833333333333334
8611,7316c116f05d57a5,True,0.0,0.0,0.0,0.0,1.0,1.0,0.0
8612,2fd7f2b6eaae5d04,True,1.0,1.0,0.8072226601075404,1.0,1.0,1.0,0.9196761083781418
8613,6e9027bc59c857a9,True,1.0,1.0,0.6392625131523982,1.0,1.0,1.0,0.8496927138134992
8614,241098fe619c5de0,True,1.0,1.0,0.9553050256255328,1.0,1.0,1.0,0.9813770940106386
8615,de235386b6c65ebd,True,1.0,1.0,1.0,1.0,1.0,1.0,1.0
8616,6e49c17c51db5a5c,True,1.0,1.0,0.9267090365106152,1.0,1.0,1.0,0.9694620985460897
8617,592f536375e755b6,True,1.0,1.0,0.33344879340388844,1.0,1.0,1.0,0.7222703305849535
8618,6f385b24c5a651bf,True,1.0,1.0,0.9210417684830164,1.0,1.0,1.0,0.9671007368679234
8619,57a85d94e9c95004,True,1.0,1.0,0.954669926504123,1.0,1.0,1.0,0.9811124693767179
8620,20f1de62f5795dab,True,1.0,1.0,1.0,1.0,1.0,1.0,1.0
8621,308908fd6d9a5631,True,1.0,1.0,1.0,1.0,1.0,1.0,1.0
8622,a73ba1e90a735dad,True,1.0,1.0,1.0,1.0,1.0,0.0,1.0
8623,2653ecf542e259fc,True,1.0,0.0,0.0,1.0,1.0,1.0,0.0
8624,ef90f66b5d465ebf,True,0.0,1.0,0.0,0.0,1.0,1.0,0.0
8625,89ad209b83755848,True,1.0,1.0,0.9800940669742112,1.0,1.0,1.0,0.9917058612392546
8626,f73281d701fd56a6,True,1.0,1.0,1.0,0.0,1.0,1.0,0.5833333333333334
8627,fd38927a12a152fa,True,1.0,1.0,0.742962433285732,1.0,1.0,1.0,0.892901013869055
8628,6050bcf9baab54f6,True,1.0,0.0,0.0,1.0,1.0,1.0,0.0
8629,3acc6eea1ed15f20,True,0.0,1.0,0.0,0.0,1.0,1.0,0.0
8630,891fe2fc30c95109,True,1.0,1.0,1.0,1.0,1.0,1.0,1.0
8631,76cf7bb2e9625482,True,1.0,1.0,0.9662063396768524,1.0,1.0,1.0,0.9859193081986884
8632,bf1f3fe1ca935bba,True,1.0,1.0,0.6652111246625045,1.0,1.0,1.0,0.8605046352760436
8633,b98d8c3330625df2,True,1.0,1.0,0.017137784815713118,1.0,1.0,1.0,0.5904740770065472
8634,2c58e549903354fc,True,1.0,1.0,0.8208351328038423,1.0,1.0,1.0,0.925347972001601
8635,e706a9c88e625828,True,1.0,1.0,1.0,1.0,1.0,1.0,1.0
8636,c6c1dab6af9858f9,True,1.0,1.0,0.8017783721821229,1.0,1.0,1.0,0.9174076550758845
8637,4a096077f8165879,True,1.0,1.0,1.0,1.0,1.0,1.0,1.0
8638,55644491cba35aad,True,1.0,1.0,1.0,1.0,1.0,1.0,1.0
8639,06a1f481118057b2,True,1.0,1.0,0.8181933340693993,1.0,1.0,1.0,0.9242472225289164
8640,c02bb4d7993e5bbb,True,1.0,1.0,1.0,1.0,1.0,1.0,1.0
8641,a9343b1abc5957ab,True,1.0,1.0,0.8707539861645027,0.0,1.0,1.0,0.5294808275685429
8642,073d05efa44b5241,True,1.0,1.0,1.0,1.0,1.0,0.0,1.0
8643,2aade0b3987d5366,True,0.5,0.0,0.0,0.0,1.0,0.0,0.0
8644,37c816fee82753e3,True,0.0,1.0,0.0,0.0,1.0,1.0,0.0
8645,f722930665045683,True,1.0,1.0,1.0,1.0,1.0,1.0,1.0
8646,b80d3fb49fc858d1,True,1.0,1.0,0.7388179898639943,1.0,1.0,1.0,0.891174162443331
8647,d792515ce4b257a4,True,1.0,0.0,0.0,1.0,1.0,1.0,0.0
8648,f69367f756605199,True,1.0,1.0,1.0,1.0,1.0,1.0,1.0
8649,e0cbc7ab694157a5,True,1.0,1.0,0.758988892873188,1.0,1.0,1.0,0.8995787053638283
8650,48ef77409741520d,True,1.0,1.0,1.0,0.0,1.0,1.0,0.5833333333333334
8651,62462203db6b5ba5,True,1.0,1.0,0.9970354393520062,1.0,1.0,1.0,0.9987647663966692
8652,b3056d1269ae5df9,True,1.0,1.0,0.4718397806650612,1.0,1.0,1.0,0.7799332419437756
8653,8b0d50e645eb5ac7,True,1.0,1.0,0.6970038479719747,1.0,1.0,1.0,0.8737516033216561
8654,f42c66a9b7a456f7,True,1.0,1.0,1.0,1.0,1.0,1.0,1.0
8655,f776577c7428592b,True,1.0,1.0,1.0,1.0,1.0,1.0,1.0
8656,2381f042c0855f20,True,1.0,1.0,1.0,1.0,1.0,1.0,1.0
8657,7cead15dfaab593e,True,0.0,1.0,0.0,0.0,1.0,1.0,0.0
8658,66225fc71bd35554,True,1.0,1.0,1.0,1.0,1.0,1.0,1.0
8659,50628427853659fc,True,1.0,1.0,0.7719644929242446,1.0,1.0,1.0,0.9049852053851019
8660,828cf870f41a50ed,True,1.0,1.0,0.969866545518898,1.0,1.0,1.0,0.9874443939662075
8661,3c7c1b09e9625732,True,1.0,1.0,1.0,0.0,1.0,1.0,0.5833333333333334
8662,947b3794a3275a2c,True,1.0,1.0,0.6546847322993515,1.0,1.0,1.0,0.8561186384580631
8663,60b2a90a21b15e4a,True,1.0,1.0,1.0,1.0,1.0,1.0,1.0
8664,07c5114fdb395f8b,True,1.0,1.0,0.989948375195111,1.0,1.0,1.0,0.9958118229979629
8665,c5f7658763815835,True,1.0,1.0,0.92326262432318,1.0,1.0,1.0,0.9680260934679916
8666,64859d25f1b555dd,True,1.0,1.0,0.8061093138006754,1.0,1.0,1.0,0.9192122140836148
8667,1dfce400c1ba574c,True,1.0,1.0,0.8658250927628116,1.0,1.0,1.0,0.9440937886511716
8668,620a34ec02795768,True,1.0,1.0,1.0,0.0,1.0,1.0,0.5833333333333334
8669,0185fc1c73c759a7,True,1.0,1.0,1.0,1.0,1.0,1.0,1.0
8670,4da3c27db2495e9e,True,1.0,1.0,0.42290927117176236,1.0,1.0,1.0,0.759545529654901
8671,5396af8f09455852,True,1.0,1.0,0.5211594165825159,1.0,1.0,1.0,0.8004830902427149
8672,a1d7b6056b4b5566,True,1.0,1.0,1.0,1.0,1.0,1.0,1.0
8673,1252d1484b33558c,True,1.0,1.0,0.9188617696452691,1.0,1.0,1.0,0.9661924040188622
8674,12b32c24d2cf5309,True,1.0,1.0,1.0,1.0,1.0,0.5,1.0
8675,b9e254f3d4a75454,True,1.0,1.0,0.7953124129639673,1.0,1.0,1.0,0.914713505401653
8676,82b415fbbc725562,True,1.0,1.0,1.0,1.0,1.0,1.0,1.0
8677,3f664a7d5f5e5bba,True,0.0,1.0,0.0,0.0,1.0,1.0,0.0
8678,fdd71ab4630a5fb8,True,1.0,1.0,0.9131462726788201,1.0,1.0,1.0,0.9638109469495083
8679,5ea36cebd2575b16,True,0.0,1.0,0.0,0.0,1.0,1.0,0.0
8680,f1002f2d240c514e,True,1.0,1.0,0.7791045045054749,1.0,1.0,1.0,0.9079602102106145
8681,43d3d40d9f3b5266,True,1.0,1.0,0.8089648625293508,1.0,1.0,1.0,0.9204020260538961
8682,005f87dd980253a5,True,1.0,1.0,0.304685959286661,1.0,1.0,1.0,0.7102858163694421
8683,b154733410575500,True,1.0,1.0,0.9808425603821088,1.0,1.0,1.0,0.9920177334925454
8684,39f81c49a1ba5f41,True,1.0,1.0,1.0,1.0,1.0,1.0,1.0
8685,1c5019f2bc6052d6,True,1.0,1.0,1.0,1.0,1.0,1.0,1.0
8686,b6e039ab90075f16,True,1.0,1.0,1.0,1.0,1.0,1.0,1.0
8687,b5d72ce63e11581b,True,1.0,1.0,0.8198433962877264,1.0,1.0,1.0,0.9249347484532193
8688,1d3a143cf41f5d16,True,1.0,1.0,0.7132531538215805,1.0,1.0,1.0,0.8805221474256585
8689,638b83e65dd259f8,True,0.0,1.0,0.0,0.0,1.0,1.0,0.0
8690,e683a9a072485098,True,1.0,1.0,0.9470443192705889,1.0,1.0,1.0,0.9779351330294119
8691,842d40cd41cf56e8,True,1.0,1.0,0.7993255016773784,1.0,1.0,1.0,0.9163856256989077
8692,5dea796da1ce5b02,True,1.0,1.0,0.3436096741982071,1.0,1.0,1.0,0.7265040309159195
8693,0af68cc78d085fdb,True,1.0,1.0,0.7953152497874826,1.0,1.0,1.0,0.914714687411451
8694,ef4e7ef102395420,True,1.0,1.0,1.0,1.0,1.0,1.0,1.0
8695,41da8ea7c14754d2,True,1.0,1.0,1.0,1.0,1.0,1.0,1.0
8696,4314c162a57f568e,True,1.0,1.0,1.0,1.0,1.0,1.0,1.0
8697,c20397c103e65d12,True,1.0,1.0,0.8284085330331538,1.0,1.0,1.0,0.9285035554304807
8698,693ca321449e5a83,True,1.0,1.0,0.7005993074817237,1.0,1.0,1.0,0.8752497114507182
8699,59c00098b95d53b8,True,1.0,1.0,1.0,1.0,1.0,1.0,1.0
8700,b9ef517f054450b7,True,1.0,1.0,1.0,0.0,1.0,1.0,0.5833333333333334
8701,c3bb1d6556d95d40,True,1.0,1.0,0.010362733765770356,1.0,1.0,1.0,0.587651139069071
8702,583113c5db20565d,True,1.0,0.0,0.0,1.0,1.0,1.0,0.0
8703,e1950bc54da65383,True,0.0,1.0,0.0,0.0,1.0,1.0,0.0
8704,9861c0473b505895,True,1.0,1.0,1.0,1.0,1.0,1.0,1.0
8705,b7ec6bbfa73a52e5,True,1.0,1.0,1.0,1.0,1.0,1.0,1.0
8706,e56891a5170256f1,True,1.0,1.0,0.6957112757891294,1.0,1.0,1.0,0.8732130315788039
8707,23fb1660b6985e05,True,1.0,1.0,1.0,1.0,1.0,1.0,1.0
8708,5a80299213875068,True,1.0,1.0,1.0,1.0,1.0,1.0,1.0
8709,bffb3b45a1c55080,True,1.0,0.0,0.0,1.0,1.0,1.0,0.0
8710,8f82805b2edb5a25,True,1.0,1.0,0.7667586372733035,1.0,1.0,1.0,0.9028160988638764
8711,53a7531622255064,True,1.0,1.0,0.7237279556140637,1.0,1.0,1.0,0.8848866481725265
8712,7abf60c1594953cf,True,1.0,1.0,0.4843628804883554,1.0,1.0,1.0,0.7851512002034814
8713,e717645716555e33,True,1.0,1.0,1.0,0.0,1.0,1.0,0.5833333333333334
8714,ba392de83daf5bf3,True,1.0,1.0,0.9383857820968569,1.0,1.0,1.0,0.9743274092070237
8715,cbf41000a2105ca1,True,1.0,1.0,0.8220193982278602,1.0,1.0,1.0,0.9258414159282751
8716,b227439005885966,True,1.0,1.0,0.7425244098830243,1.0,1.0,1.0,0.8927185041179267
8717,3012e1628f7d5d3a,True,1.0,1.0,0.7788265176733878,0.0,1.0,1.0,0.49117771569724494
8718,bc63d7f1ab7759ee,True,1.0,1.0,0.9547888063157763,0.0,1.0,1.0,0.5644953359649069
8719,1a775d7198a654e0,True,1.0,1.0,0.9086397060831346,1.0,1.0,1.0,0.9619332108679727
8720,960d5334ae8f54a5,True,1.0,1.0,1.0,1.0,1.0,1.0,1.0
8721,49bdbf5ee25c5024,True,1.0,0.0,0.0,1.0,1.0,1.0,0.0
8722,f08f205e15975d97,True,1.0,0.0,0.0,1.0,1.0,1.0,0.0
8723,dca6a613dc2c5051,True,1.0,1.0,0.8169308170781082,1.0,1.0,1.0,0.9237211737825451
8724,43162b00fe4550b8,True,1.0,0.0,0.0,1.0,1.0,1.0,0.0
8725,39f91a002193578a,True,1.0,1.0,1.0,1.0,1.0,1.0,1.0
8726,5825e60bec9f59fb,True,1.0,1.0,0.7904767759439246,1.0,1.0,1.0,0.9126986566433019
8727,352fabb819b95d6c,True,1.0,1.0,0.0389138590469144,1.0,1.0,1.0,0.5995474412695477
8728,a371624958cb52ea,True,1.0,1.0,1.0,1.0,1.0,1.0,1.0
8729,e44a31dd99af5556,True,1.0,1.0,0.7850167625966178,1.0,1.0,1.0,0.9104236510819241
8730,6cc0563c1a0d5c3a,True,1.0,1.0,0.8638984647834976,1.0,1.0,0.0,0.943291026993124
8731,c4e83619721455b0,True,1.0,0.0,0.0,1.0,1.0,1.0,0.0
8732,4bf95781578b59ec,True,1.0,1.0,1.0,1.0,1.0,1.0,1.0
8733,6dcd43697e01597d,True,1.0,1.0,0.8665175714906433,1.0,1.0,1.0,0.9443823214544347
8734,202d0026e8ff5a3c,True,1.0,1.0,1.0,1.0,1.0,0.0,1.0
8735,d99103d5b5025654,True,1.0,1.0,0.8641801841026201,1.0,1.0,1.0,0.9434084100427583
8736,9e2858dd989e5cc4,True,1.0,1.0,1.0,1.0,1.0,1.0,1.0
8737,3e730f46f6f055a3,True,1.0,0.0,0.0,1.0,1.0,1.0,0.0
8738,c40e41ba1a285e0d,True,0.0,0.0,0.0,0.0,1.0,1.0,0.0
8739,69486575fad551b7,True,1.0,1.0,0.5875989951898637,1.0,1.0,1.0,0.8281662479957766
8740,cbf53151339658cb,True,1.0,1.0,0.8872366382132315,1.0,1.0,1.0,0.9530152659221797
8741,e41f13ed67485c54,True,0.0,1.0,0.0,0.0,1.0,1.0,0.0
8742,29143e2319415eec,True,1.0,1.0,1.0,1.0,1.0,1.0,1.0
8743,2f1edc1ab2b55b05,True,1.0,1.0,0.9149693945905026,1.0,1.0,1.0,0.9645705810793762
8744,d514826bdd045d68,True,1.0,1.0,1.0,1.0,1.0,1.0,1.0
8745,6535e6022ba0547c,True,1.0,1.0,1.0,1.0,1.0,1.0,1.0
8746,099ded1754bb5d98,True,1.0,1.0,0.7273982436304209,1.0,1.0,1.0,0.8864159348460087
8747,6704953640e55b83,True,1.0,1.0,1.0,1.0,1.0,0.0,1.0
8748,d484aff53cd1589f,True,0.0,1.0,0.0,1.0,1.0,1.0,0.0
8749,f860a73be2cd5fe5,True,1.0,1.0,0.9929334481748414,1.0,1.0,1.0,0.9970556034061838
8750,f714eb04f5495273,True,1.0,0.0,0.0,0.0,1.0,1.0,0.0
8751,35234d714b5d5da9,True,1.0,0.0,0.0,1.0,1.0,0.0,0.0
8752,7fa02fbd7287526f,True,1.0,1.0,0.8695696146818073,1.0,1.0,1.0,0.9456540061174197
8753,0b177a1d821055ea,True,1.0,1.0,0.9571295269976823,1.0,1.0,1.0,0.9821373029157009
8754,c12b3554dcd655c0,True,1.0,1.0,1.0,1.0,1.0,1.0,1.0
8755,8875d7f59f045de3,True,1.0,1.0,1.0,1.0,1.0,1.0,1.0
8756,99e900e2392c5e87,True,1.0,1.0,0.8180726997876067,1.0,1.0,1.0,0.924196958244836
8757,994db6ebee835fbd,True,1.0,1.0,1.0,0.0,1.0,1.0,0.5833333333333334
8758,018690bcb255590d,True,1.0,1.0,1.0,1.0,1.0,1.0,1.0
8759,da668c88a6ef562c,True,1.0,1.0,0.7579547084899476,1.0,1.0,1.0,0.8991477952041448
8760,769a27bde35050d1,True,1.0,1.0,0.8300054055823929,1.0,1.0,1.0,0.9291689189926636
8761,0614c017a1f65b80,True,1.0,0.0,0.0,1.0,1.0,0.5,0.0
8762,4f6abcc897955dfd,True,1.0,1.0,1.0,1.0,1.0,0.0,1.0
8763,96f19d920d5558e9,True,1.0,1.0,0.714087843563494,1.0,1.0,1.0,0.8808699348181225
8764,5ddaadb992ef5c1f,True,1.0,1.0,1.0,1.0,1.0,1.0,1.0
8765,94a3b8d43f515d6e,True,1.0,1.0,1.0,1.0,1.0,1.0,1.0
8766,d90d4f05ebde5bed,True,1.0,1.0,0.9232061785605462,1.0,1.0,1.0,0.9680025744002275
8767,25b719c231d85e56,True,1.0,1.0,1.0,1.0,1.0,1.0,1.0
8768,1c047acccbcb548f,True,1.0,1.0,0.8062516883375668,1.0,1.0,1.0,0.9192715368073195
8769,efeac78f0da05463,True,1.0,1.0,0.8291171617107925,1.0,1.0,1.0,0.928798817379497
8770,d50b69bed8f2570c,True,1.0,1.0,0.7641476607992613,1.0,1.0,1.0,0.9017281919996923
8771,11ef3e2ec35051d8,True,1.0,1.0,0.9174142427834445,1.0,1.0,1.0,0.9655892678264353
8772,f0455664b24358a7,True,1.0,1.0,1.0,1.0,1.0,1.0,1.0
8773,cc9e361d27725cb7,True,1.0,1.0,0.986479077656289,1.0,1.0,1.0,0.9943662823567871
8774,f2495a0cce605703,True,1.0,1.0,0.6020122537190296,1.0,1.0,1.0,0.834171772382929
8775,712427ff1635596c,True,1.0,1.0,1.0,1.0,1.0,1.0,1.0
8776,fae990c38c515aa9,True,1.0,1.0,0.6344755575694374,1.0,1.0,1.0,0.8476981489872656
8777,d58fe7e3c5575f27,True,1.0,1.0,1.0,1.0,1.0,1.0,1.0
8778,ba3cdbcd0c3f5e49,True,1.0,1.0,0.5455630804004878,1.0,1.0,1.0,0.8106512835002032
8779,5b4cbfe57b9b524b,True,1.0,1.0,0.8010058292422148,1.0,1.0,1.0,0.9170857621842562
8780,be7331d3f05e5d16,True,1.0,1.0,1.0,1.0,1.0,1.0,1.0
8781,87339a4d32305504,True,0.5,0.0,0.0,0.0,1.0,1.0,0.0
8782,3bcb5a54eca95746,True,1.0,1.0,1.0,1.0,1.0,1.0,1.0
8783,d1dcd412f339598a,True,1.0,1.0,0.8380019368315206,1.0,1.0,1.0,0.9325008070131336
8784,afe2240435575a92,True,1.0,1.0,0.03357913376051576,1.0,1.0,1.0,0.5973246390668816
8785,4ee4ab24a93f5375,True,1.0,1.0,0.7330404326585841,0.0,1.0,1.0,0.47210018027441003
8786,f227c6775ba75451,True,1.0,1.0,0.6878597285976961,1.0,1.0,1.0,0.8699415535823732
8787,0f23b65ea5a6556e,True,1.0,0.0,0.0,1.0,1.0,1.0,0.0
8788,1636385aa7ce5995,True,1.0,1.0,1.0,1.0,1.0,1.0,1.0
8789,ee545028f8a85e6f,True,0.0,1.0,0.0,0.0,1.0,1.0,0.0
8790,7515bed58abd5f21,True,1.0,1.0,0.9138534965516735,1.0,1.0,1.0,0.9641056235631972
8791,a2d180a344d15054,True,1.0,1.0,0.6905806364129393,1.0,1.0,1.0,0.871075265172058
8792,9f1b6ff3a4865c8a,True,1.0,1.0,1.0,1.0,1.0,1.0,1.0
8793,8df9b515d98e5c38,True,1.0,1.0,0.8217680772826246,1.0,1.0,1.0,0.9257366988677602
8794,c9e050ae7be45001,True,1.0,1.0,1.0,0.0,1.0,1.0,0.5833333333333334
8795,4d0df74bfb035f8a,True,1.0,1.0,0.6638924905214841,1.0,1.0,1.0,0.8599552043839518
8796,7be1e4f2c85e50a8,True,1.0,1.0,0.8353006757963138,1.0,1.0,1.0,0.9313752815817974
8797,e826fc97761759f9,True,1.0,1.0,1.0,1.0,1.0,1.0,1.0
8798,784ddfd058865dcb,True,1.0,1.0,0.5168210617484037,0.0,1.0,1.0,0.38200877572850156
8799,e68ddf5be41355dc,True,1.0,1.0,1.0,0.0,1.0,1.0,0.5833333333333334
8800,8a1fa33cd5d45d48,True,0.0,1.0,0.0,0.0,1.0,1.0,0.0
8801,b0070f55eda95848,True,1.0,1.0,0.9522782194718644,1.0,1.0,1.0,0.9801159247799435
8802,2942d4fb604d5b5f,True,1.0,1.0,0.12627212964949713,1.0,1.0,1.0,0.6359467206872905
8803,2c14c850f6645147,True,1.0,0.0,0.0,1.0,1.0,1.0,0.0
8804,5a064a908e64596b,True,1.0,1.0,1.0,0.0,1.0,1.0,0.5833333333333334
8805,b8b3f457e7ac5382,True,1.0,1.0,1.0,1.0,1.0,1.0,1.0
8806,ed2a869a8d1c5eb7,True,1.0,1.0,0.757100160770027,1.0,1.0,1.0,0.8987917336541779
8807,9baabb31eaac5335,True,1.0,1.0,0.7914625758102171,1.0,1.0,1.0,0.9131094065875903
8808,653d8cea5acd5614,True,1.0,1.0,0.8276699184239713,1.0,1.0,1.0,0.9281957993433214
8809,7f0cd8a968f45cf9,True,1.0,1.0,0.5856181086894047,1.0,1.0,1.0,0.8273408786205853
8810,cc9a87182a05533d,True,1.0,1.0,0.8080240541313537,1.0,1.0,1.0,0.9200100225547306
8811,ee6d63d4e8b35518,True,1.0,1.0,0.9132353067586441,1.0,1.0,1.0,0.9638480444827683
8812,02325da26296565c,True,1.0,1.0,1.0,0.0,1.0,1.0,0.5833333333333334
8813,7b00e131a2885ecf,True,1.0,1.0,1.0,1.0,1.0,1.0,1.0
8814,26ca54769df65193,True,1.0,1.0,1.0,1.0,1.0,1.0,1.0
8815,4126aeb4289c593c,True,1.0,1.0,1.0,1.0,1.0,1.0,1.0
8816,8fe49f5c68d65801,True,1.0,1.0,1.0,0.0,1.0,1.0,0.5833333333333334
8817,5b39d0cccc8e55f2,True,1.0,1.0,1.0,1.0,1.0,1.0,1.0
8818,e54deddcc84150be,True,1.0,1.0,0.9033130291991465,1.0,1.0,1.0,0.9597137621663111
8819,90ed1fb3861c56d7,True,1.0,1.0,1.0,1.0,1.0,1.0,1.0
8820,c9902a827ade5f45,True,1.0,1.0,0.8566397956831274,1.0,1.0,1.0,0.9402665815346364
8821,6bc3bf1ef6a85616,True,1.0,1.0,1.0,1.0,1.0,1.0,1.0
8822,56f5294b63df53b9,True,0.0,1.0,0.0,0.0,1.0,1.0,0.0
8823,7251f2907bd952cb,True,1.0,1.0,0.9809194807786823,1.0,1.0,1.0,0.9920497836577843
8824,14e8d439dd5a5da0,True,0.0,1.0,0.0,0.0,1.0,0.0,0.0
8825,d9c4acb18e675789,True,1.0,1.0,1.0,1.0,1.0,1.0,1.0
8826,196375ae13835990,True,1.0,1.0,1.0,1.0,1.0,1.0,1.0
8827,2dad1998a320527d,True,1.0,1.0,1.0,0.0,1.0,1.0,0.5833333333333334
8828,8e7906efc10a5e42,True,1.0,1.0,0.5075300339601847,1.0,1.0,0.5,0.7948041808167435
8829,4b594a8e80915943,True,0.0,1.0,0.0,0.0,1.0,1.0,0.0
8830,75e25b5026885256,True,1.0,0.0,0.0,1.0,1.0,1.0,0.0
8831,a862b4e7cbc05869,True,1.0,1.0,1.0,1.0,1.0,1.0,1.0
8832,d01b6e67a995589c,True,1.0,1.0,0.867586510832539,1.0,1.0,1.0,0.9448277128468913
8833,e6025eb182885adb,True,1.0,1.0,0.8264214179109839,1.0,1.0,1.0,0.9276755907962433
8834,8a2637d104fb5194,True,1.0,1.0,0.979391509985858,1.0,1.0,1.0,0.9914131291607742
8835,749a8604cf285389,True,1.0,1.0,0.7862965921624553,1.0,1.0,1.0,0.910956913401023
8836,2692d8b89688506f,True,1.0,1.0,0.7741296110166768,1.0,1.0,1.0,0.9058873379236153
8837,22021c2141625fce,True,1.0,0.0,0.0,1.0,1.0,1.0,0.0
8838,e89a30bba6345ada,True,1.0,1.0,0.5185936286690249,1.0,1.0,1.0,0.799414011945427
8839,9106979ff1c15ad3,True,1.0,1.0,1.0,1.0,1.0,1.0,1.0
8840,b77b106f469055bd,True,1.0,1.0,0.773316732857747,1.0,1.0,1.0,0.905548638690728
8841,af682242313853cb,True,1.0,0.0,0.0,1.0,1.0,1.0,0.0
8842,e001c497823c5154,True,1.0,1.0,1.0,1.0,1.0,1.0,1.0
8843,c2cf2b10f7e953c4,True,1.0,1.0,1.0,1.0,1.0,1.0,1.0
8844,a82d8d2d870a5280,True,1.0,1.0,0.5922913531851782,1.0,1.0,1.0,0.8301213971604909
8845,6419172479825092,True,1.0,1.0,1.0,1.0,1.0,1.0,1.0
8846,aa1f80806fa35b9f,True,0.0,1.0,0.0,0.0,1.0,1.0,0.0
8847,8580d0bf545b5261,True,1.0,1.0,0.8206555656368787,1.0,1.0,1.0,0.9252731523486993
8848,0c437f9a102c57f4,True,1.0,1.0,1.0,1.0,1.0,1.0,1.0
8849,94ae12c4703950be,True,1.0,1.0,0.9125894022345359,1.0,1.0,1.0,0.9635789175977232
8850,9b8fa6b5b4505d22,True,1.0,1.0,0.7978306438288977,1.0,1.0,1.0,0.9157627682620406
8851,bf2a9740fda85514,True,1.0,1.0,0.7985423710580616,1.0,1.0,1.0,0.9160593212741923
8852,4b82ec1d991358e2,True,1.0,1.0,0.8849052794449762,1.0,1.0,1.0,0.9520438664354067
8853,a6c229d05cdb5016,True,0.0,1.0,0.0,0.0,1.0,1.0,0.0
8854,f9c6e1eadcf45c37,True,0.0,1.0,0.0,0.0,1.0,1.0,0.0
8855,4cb70e4f5d4b5fdf,True,1.0,1.0,1.0,1.0,1.0,1.0,1.0
8856,56e1329f01d95164,True,1.0,1.0,0.9681050046611427,1.0,1.0,1.0,0.9867104186088094
8857,7a140c5865295d91,True,1.0,1.0,0.38941482645533565,1.0,1.0,1.0,0.7455895110230566
8858,7767ce3fbd5f5f50,True,1.0,1.0,1.0,1.0,1.0,1.0,1.0
8859,eef98aae7e42579d,True,1.0,1.0,0.7090743028990906,1.0,1.0,1.0,0.8787809595412878
8860,5fe951e403f25012,True,0.0,1.0,0.0,0.0,1.0,1.0,0.0
8861,8060b1342b775188,True,1.0,1.0,1.0,0.0,1.0,1.0,0.5833333333333334
8862,2944ba8cf77c5ad9,True,1.0,1.0,0.7656599808764122,1.0,1.0,1.0,0.9023583253651717
8863,c8507cfbe8575463,True,1.0,1.0,1.0,0.0,1.0,1.0,0.5833333333333334
8864,81286af2aa9c5e17,True,1.0,0.0,0.0,1.0,1.0,0.5,0.0
8865,dbd898b3533f5ac5,True,1.0,0.0,0.0,1.0,1.0,0.5,0.0
8866,714a2012b2a75d4f,True,1.0,1.0,1.0,1.0,1.0,1.0,1.0
8867,2835dec909575f74,True,1.0,1.0,1.0,1.0,1.0,1.0,1.0
8868,d59310a4fd6e5fde,True,1.0,1.0,1.0,1.0,1.0,1.0,1.0
8869,663c00bac2e05721,True,1.0,1.0,0.4997143554245123,1.0,1.0,1.0,0.7915476480935468
8870,f62e6cb228dc50e1,True,1.0,1.0,0.8468834940167076,1.0,1.0,1.0,0.9362014558402949
8871,e102672eb1975e6f,True,1.0,1.0,1.0,1.0,1.0,1.0,1.0
8872,840de743ab1c50cc,True,1.0,1.0,0.9027890412283953,1.0,1.0,1.0,0.9594954338451647
8873,b2b801ee99c95758,True,1.0,1.0,0.9515930149282137,1.0,1.0,1.0,0.9798304228867557
8874,8d5d769b1f1e5802,True,1.0,1.0,1.0,0.0,1.0,1.0,0.5833333333333334
8875,f3b3336807f8590b,True,1.0,1.0,0.7703959403840223,0.0,1.0,1.0,0.4876649751600093
8876,11c529f1623b5034,True,1.0,1.0,1.0,1.0,1.0,1.0,1.0
8877,0f78ffea52a85031,True,1.0,1.0,0.9868535667429784,1.0,1.0,1.0,0.9945223194762409
8878,81a473b817565cb9,True,1.0,1.0,0.8379623657898158,1.0,1.0,1.0,0.9324843190790899
8879,99b52fa162c550d4,True,1.0,1.0,0.8543978610536461,1.0,1.0,1.0,0.939332442105686
8880,e797167404675bfa,True,1.0,1.0,0.7308601682030484,1.0,1.0,1.0,0.8878584034179369
8881,6e778c30490d5f50,True,1.0,1.0,0.9642880205153065,1.0,1.0,1.0,0.9851200085480443
8882,ce1f8997a8ce502b,True,1.0,1.0,1.0,1.0,1.0,1.0,1.0
8883,04703c86cf5b5a20,True,1.0,0.0,0.0,1.0,1.0,1.0,0.0
8884,c95d7e81eec75f65,True,1.0,1.0,0.8895834948160641,1.0,1.0,1.0,0.9539931228400267
8885,ccffd575a3fb5958,True,1.0,1.0,1.0,1.0,1.0,1.0,1.0
8886,ffe92084016a5795,True,1.0,1.0,0.41030113941131857,1.0,1.0,1.0,0.7542921414213827
8887,3010009fcb295507,True,1.0,1.0,0.8962727214602483,1.0,1.0,1.0,0.9567803006084367
8888,cc57d9b7b5e85eb3,True,1.0,1.0,0.7859849897108734,1.0,1.0,1.0,0.9108270790461973
8889,635faea61539589a,True,1.0,1.0,0.8447054984821237,1.0,1.0,0.0,0.9352939577008849
8890,d7b1349fb4775cc1,True,1.0,1.0,0.03542734694161689,1.0,1.0,1.0,0.5980947278923404
8891,63ab092351905a60,True,1.0,1.0,1.0,0.0,1.0,1.0,0.5833333333333334
8892,c648574640a65934,True,1.0,1.0,0.9740427821173897,1.0,1.0,1.0,0.9891844925489123
8893,2403645ef4fe5b10,True,1.0,1.0,1.0,0.0,1.0,1.0,0.5833333333333334
8894,8b3423345f3657b0,True,1.0,0.0,0.0,0.0,1.0,1.0,0.0
8895,7155820d49975164,True,1.0,1.0,0.9566229001405013,1.0,1.0,1.0,0.9819262083918755
8896,5e5b6eaacd3f5bdd,True,1.0,1.0,0.8497796343832954,1.0,1.0,1.0,0.9374081809930397
8897,b4797f8fbe08559f,True,1.0,1.0,0.2875901905540506,1.0,1.0,1.0,0.703162579397521
8898,a541237b06645d49,True,1.0,1.0,0.9037329382902292,1.0,1.0,1.0,0.9598887242875955
8899,b77b4b6eb149553f,True,1.0,1.0,1.0,1.0,1.0,1.0,1.0
8900,a92ed51516c358dc,True,1.0,1.0,0.9243128890484454,0.0,1.0,1.0,0.5517970371035189
8901,83b2e42ed5eb568f,True,1.0,1.0,1.0,1.0,1.0,1.0,1.0
8902,5c2c553d990d5a17,True,1.0,1.0,0.8843590614474353,1.0,1.0,1.0,0.951816275603098
8903,4fdf85786f785a83,True,1.0,1.0,0.7365617620815337,1.0,1.0,1.0,0.8902340675339723
8904,6a4e62fc55535e82,True,1.0,1.0,1.0,0.0,1.0,1.0,0.5833333333333334
8905,a8d904be723d5ab9,True,1.0,0.0,0.0,1.0,1.0,1.0,0.0
8906,3d84e6189fdd51bb,True,1.0,1.0,1.0,1.0,1.0,1.0,1.0
8907,8f273271b9eb537e,True,1.0,1.0,0.7313036727517626,1.0,1.0,1.0,0.8880431969799011
8908,0b3d3edbc52d5ddd,True,1.0,1.0,0.9382813755638705,1.0,1.0,1.0,0.974283906484946
8909,b5b57305df6f5b99,True,0.0,1.0,0.0,0.0,1.0,1.0,0.0
8910,2a04d84433e6576f,True,1.0,1.0,0.9178511849162857,1.0,1.0,1.0,0.9657713270484525
8911,a18d2b32f8415373,True,1.0,1.0,0.4022428333216229,1.0,1.0,1.0,0.7509345138840096
8912,05afd4630a525f78,True,1.0,1.0,0.7802225580917692,1.0,1.0,1.0,0.9084260658715705
8913,7ffe3cd6cd995118,True,1.0,1.0,1.0,1.0,1.0,1.0,1.0
8914,f99992756cbb5adb,True,1.0,0.0,0.0,1.0,1.0,1.0,0.0
8915,fc39a399fd24554b,True,1.0,1.0,1.0,1.0,1.0,1.0,1.0
8916,e63d12285d215a4f,True,1.0,1.0,1.0,1.0,1.0,1.0,1.0
8917,8a4861a2a0e857fb,True,0.0,1.0,0.0,0.0,1.0,1.0,0.0
8918,a452d968db965d77,True,1.0,1.0,0.8853990163422533,1.0,1.0,1.0,0.9522495901426055
8919,ba13a6004a0c5f8d,True,1.0,0.0,0.0,1.0,1.0,1.0,0.0
8920,15faa071a7145ad6,True,1.0,1.0,0.6292424254322913,1.0,1.0,1.0,0.8455176772634547
8921,283f93bc73b2571b,True,1.0,1.0,1.0,0.0,1.0,1.0,0.5833333333333334
8922,2567ec8e92d05eb6,True,0.0,1.0,0.0,0.0,1.0,1.0,0.0
8923,ec8eced041bb5ad5,True,1.0,1.0,1.0,0.0,1.0,1.0,0.5833333333333334
8924,bcc94c5142785550,True,1.0,1.0,0.7375964730718133,1.0,1.0,0.0,0.8906651971132554
8925,43c8e05e697f5abe,True,1.0,1.0,0.942647242245441,1.0,1.0,1.0,0.976103017602267
8926,619d1afc63c35621,True,1.0,1.0,1.0,0.0,1.0,1.0,0.5833333333333334
8927,c8deb087395357c3,True,1.0,1.0,0.9239730416292518,1.0,1.0,1.0,0.9683221006788548
8928,4e27d27410c85f81,True,1.0,1.0,0.775399908708385,1.0,1.0,1.0,0.9064166286284938
8929,c73914d4fedc513f,True,0.0,1.0,0.0,0.0,1.0,1.0,0.0
8930,debb1dafdd77545e,True,1.0,0.0,0.0,1.0,1.0,1.0,0.0
8931,4e52fd2c46fa5a3f,True,1.0,1.0,1.0,0.0,1.0,1.0,0.5833333333333334
8932,4e09d6c847dc5d3e,True,1.0,1.0,0.5467470558019252,1.0,1.0,1.0,0.8111446065841355
8933,4f50d7c22352505e,True,0.0,1.0,0.0,0.0,1.0,1.0,0.0
8934,72cccfbb9c6f5e9e,True,1.0,1.0,0.827753654627262,1.0,1.0,1.0,0.9282306894280259
8935,c2ed826b31065c66,True,1.0,1.0,0.7774313987784153,1.0,1.0,1.0,0.9072630828243398
8936,9940f912e66a5918,True,1.0,1.0,0.018926177461308494,1.0,1.0,1.0,0.5912192406088785
8937,36cdfb296218516d,True,1.0,1.0,0.7240182662319822,1.0,1.0,1.0,0.8850076109299926
8938,d45dddb7bbfe5914,True,1.0,1.0,0.8790540244797128,1.0,1.0,1.0,0.9496058435332136
8939,9f191d1313c95362,True,1.0,1.0,1.0,1.0,1.0,1.0,1.0
8940,d44e6abed19b5ba5,True,1.0,1.0,0.6339381442646901,1.0,1.0,1.0,0.8474742267769542
8941,131c6cc5af9c58b6,True,1.0,1.0,0.8155227411779241,1.0,1.0,0.5,0.9231344754908019
8942,24a1c2301c6853f7,True,1.0,1.0,0.7741006935841355,0.0,1.0,0.0,0.48920862232672313
8943,86877e183c4e5864,True,1.0,1.0,1.0,1.0,1.0,1.0,1.0
8944,0a0d91d55b0757f8,True,1.0,1.0,0.9334785682981653,1.0,1.0,1.0,0.9722827367909023
8945,5ff30edb240758c4,True,1.0,1.0,0.9545371895350664,1.0,1.0,1.0,0.9810571623062776
8946,fb3e4b836ab758db,True,1.0,1.0,0.875524990467874,1.0,1.0,1.0,0.9481354126949476
8947,65fd7014a79b5cba,True,1.0,1.0,0.030892485168070437,1.0,1.0,1.0,0.5962052021533627
8948,fab1fef0e2dc57cd,True,0.0,1.0,0.0,0.0,1.0,1.0,0.0
8949,d6a60e406ebc5b01,True,1.0,1.0,1.0,0.0,1.0,1.0,0.5833333333333334
8950,7c4757c2c9675f2b,True,1.0,0.0,0.0,1.0,1.0,1.0,0.0
8951,fcb157cfb7785486,True,1.0,1.0,0.9077196771850824,1.0,1.0,0.0,0.9615498654937843
8952,7d6c25f47aa658e8,True,1.0,1.0,1.0,1.0,1.0,1.0,1.0
8953,262333f372975eef,True,1.0,1.0,1.0,1.0,1.0,1.0,1.0
8954,db747c98e01c5b42,True,1.0,1.0,0.9265022343942555,1.0,1.0,1.0,0.9693759309976064
8955,cc7a2b953265554a,True,1.0,1.0,0.7686152930681657,1.0,1.0,1.0,0.9035897054450691
8956,c0d4412fa9f15f5b,True,1.0,1.0,0.92297370876043,1.0,1.0,1.0,0.9679057119835125
8957,4b892b0f3efa5255,True,1.0,1.0,1.0,1.0,1.0,1.0,1.0
8958,ec60244b07ad5466,True,1.0,0.0,0.0,1.0,1.0,1.0,0.0
8959,a65539b18da350df,True,1.0,1.0,0.8674786364959018,1.0,1.0,1.0,0.9447827652066257
8960,86027694aed550bd,True,1.0,1.0,1.0,1.0,1.0,1.0,1.0
8961,b5cc4dfa26465b62,True,1.0,1.0,1.0,1.0,1.0,1.0,1.0
8962,e9cb16355c1f5d9b,True,1.0,1.0,0.9772019624235395,1.0,1.0,1.0,0.9905008176764748
8963,4c5501833dfd5bb4,True,1.0,1.0,0.793123944959538,1.0,1.0,1.0,0.9138016437331409
8964,76a07493339e5e81,True,1.0,1.0,1.0,0.0,1.0,0.0,0.5833333333333334
8965,f6268af57ef35a2b,True,1.0,1.0,1.0,1.0,1.0,1.0,1.0
8966,a709a9bbafe555e1,True,1.0,1.0,1.0,1.0,1.0,1.0,1.0
8967,c472d369df235104,True,1.0,1.0,0.9545422605902326,1.0,1.0,1.0,0.9810592752459302
8968,cea55cd8ec6f5185,True,1.0,1.0,0.8487876899217297,1.0,1.0,1.0,0.9369948708007207
8969,9ebcea6ba47651f0,True,1.0,1.0,0.0458297213903137,1.0,1.0,1.0,0.6024290505792974
8970,626b5dc253965ecb,True,1.0,1.0,1.0,1.0,1.0,1.0,1.0
8971,a6186e0af3a55d93,True,1.0,1.0,0.7984970524083781,1.0,1.0,1.0,0.9160404385034909
8972,d54e58ba5e575ac0,True,1.0,1.0,1.0,0.0,1.0,1.0,0.5833333333333334
8973,c0e6947e2b455ff7,True,1.0,1.0,1.0,1.0,1.0,0.0,1.0
8974,ff66468144595101,True,1.0,1.0,1.0,1.0,1.0,1.0,1.0
8975,fb0297e3fc9b573e,True,1.0,1.0,0.8554788710519735,1.0,1.0,1.0,0.9397828629383224
8976,11cad3355c7b55dd,True,1.0,1.0,0.9917096885507473,1.0,1.0,1.0,0.9965457035628114
8977,ec64154dcf525edb,True,1.0,1.0,1.0,1.0,1.0,1.0,1.0
8978,3f5d3b68c1a156ed,True,1.0,1.0,0.9050034205921145,1.0,1.0,1.0,0.960418091913381
8979,2f4a5f8093b25fae,True,1.0,0.0,0.0,1.0,1.0,1.0,0.0
8980,c0e6ee59f6455107,True,1.0,1.0,0.9280680891360056,1.0,1.0,1.0,0.9700283704733357
8981,3b3627c7892d5b5e,True,1.0,0.0,0.0,1.0,1.0,1.0,0.0
8982,0573408e3cfb5130,True,1.0,1.0,1.0,0.0,1.0,1.0,0.5833333333333334
8983,d37afaf062ea5835,True,1.0,1.0,0.6677922173358805,1.0,1.0,1.0,0.8615800905566169
8984,3aa2f4406fc750da,True,1.0,1.0,0.9731587607854673,1.0,1.0,1.0,0.988816150327278
8985,ce01babf6dfb598e,True,0.0,1.0,0.0,0.0,1.0,1.0,0.0
8986,82291c12e1485f32,True,1.0,1.0,0.7816161709569289,1.0,1.0,1.0,0.9090067378987204
8987,018ba0bc5f145074,True,1.0,1.0,0.6648949192441421,1.0,1.0,1.0,0.8603728830183925
8988,ecc6f4f3dd735feb,True,1.0,1.0,1.0,0.0,1.0,1.0,0.5833333333333334
8989,4ca0e98b86fb5377,True,1.0,1.0,1.0,1.0,1.0,1.0,1.0
8990,0eb28cf3dad95c46,True,1.0,1.0,1.0,1.0,1.0,1.0,1.0
8991,7ce6c5c094c55055,True,1.0,1.0,0.8585609519082502,1.0,1.0,1.0,0.9410670632951043
8992,af335d636f4c516e,True,1.0,0.0,0.0,1.0,1.0,1.0,0.0
8993,59ced21f109a5320,True,1.0,1.0,1.0,1.0,1.0,1.0,1.0
8994,02328c7410405c5a,True,0.0,1.0,0.0,0.0,1.0,1.0,0.0
8995,ecf10edba55e5595,True,1.0,1.0,1.0,0.0,1.0,1.0,0.5833333333333334
8996,868b74972b4c59fd,True,1.0,1.0,1.0,0.0,1.0,1.0,0.5833333333333334
8997,b27bfe84cc545daa,True,1.0,1.0,0.8197623418283908,1.0,1.0,1.0,0.9249009757618295
8998,787484f52b4753b2,True,1.0,1.0,0.7035853954623363,1.0,1.0,1.0,0.8764939147759735
8999,bc23c66181b15e25,True,1.0,1.0,0.9548334313872622,1.0,1.0,1.0,0.9811805964113592
9000,cf1c7170df175256,True,1.0,1.0,0.9332652831295937,1.0,1.0,1.0,0.9721938679706641
9001,03c0cf33d2105598,True,0.0,1.0,0.0,0.0,1.0,1.0,0.0
9002,a669b18e5ecd575d,True,1.0,1.0,0.7151927068453776,1.0,1.0,0.0,0.8813302945189073
9003,72d6e0ab829553ed,True,0.0,1.0,0.0,0.0,1.0,1.0,0.0
9004,65ae67808d1f5de5,True,1.0,1.0,1.0,0.0,1.0,1.0,0.5833333333333334
9005,126dbed7a6b458ee,True,1.0,0.0,0.0,1.0,1.0,1.0,0.0
9006,e805310ff3055efa,True,1.0,1.0,1.0,0.0,1.0,1.0,0.5833333333333334
9007,3388246402ca591e,True,1.0,0.0,0.0,1.0,1.0,1.0,0.0
9008,88d3ee1e3b435a28,True,1.0,1.0,0.8193035046640018,1.0,1.0,1.0,0.9247097936100008
9009,1198cf572c315f9c,True,1.0,1.0,1.0,1.0,1.0,1.0,1.0
9010,ece9650c827e569f,True,0.5,0.0,0.0,0.0,1.0,1.0,0.0
9011,3e09adf2d7055216,True,1.0,1.0,1.0,1.0,1.0,1.0,1.0
9012,f2f5b666a04b53f8,True,1.0,1.0,1.0,0.0,1.0,1.0,0.5833333333333334
9013,02145ce72fd95a85,True,1.0,1.0,1.0,1.0,1.0,1.0,1.0
9014,763bab6e8b6b5826,True,1.0,1.0,0.8491953158241465,1.0,1.0,1.0,0.9371647149267277
9015,5361459e4c1b5899,True,1.0,1.0,0.9139572005934286,1.0,1.0,1.0,0.9641488335805951
9016,8d6afa56bbb95f18,True,1.0,1.0,0.4206239074997861,1.0,1.0,1.0,0.7585932947915776
9017,8cbe3bf8cf9c5718,True,1.0,1.0,1.0,1.0,1.0,1.0,1.0
9018,566394b6f104598e,True,1.0,1.0,0.8485944599307231,1.0,1.0,1.0,0.936914358304468
9019,d1ba8c31750e5cbd,True,1.0,1.0,0.7559012408913047,1.0,1.0,1.0,0.8982921837047103
9020,f34d9948bdc257ab,True,0.0,1.0,0.0,1.0,1.0,1.0,0.0
9021,54c208abe15c56e5,True,1.0,1.0,1.0,1.0,1.0,1.0,1.0
9022,e5c10d26102f51e3,True,1.0,1.0,0.9003830837127814,1.0,1.0,1.0,0.9584929515469923
9023,179a2670a5965eeb,True,1.0,1.0,0.7756560786241565,1.0,1.0,0.5,0.9065233660933986
9024,053895d2bfc754f3,True,1.0,1.0,0.7876538996857102,1.0,1.0,1.0,0.9115224582023792
9025,a523d2a173855e96,True,0.0,1.0,0.0,0.0,1.0,1.0,0.0
9026,16f3b92e5d56573a,True,1.0,1.0,1.0,0.0,1.0,1.0,0.5833333333333334
9027,e3418fb50fa55320,True,1.0,1.0,0.9449344069959748,1.0,1.0,1.0,0.9770560029149896
9028,f55fd99d0cd65b58,True,1.0,0.0,0.0,1.0,1.0,1.0,0.0
9029,bf2bd235d7225732,True,1.0,0.0,0.0,1.0,1.0,1.0,0.0
9030,1fbea664b0805a19,True,1.0,1.0,0.6801007100647201,1.0,1.0,1.0,0.8667086291936333
9031,453bdd4f77af5c90,True,1.0,1.0,0.8767662594230343,1.0,1.0,1.0,0.9486526080929311
9032,80a22559c9565d0a,True,1.0,1.0,1.0,0.0,1.0,1.0,0.5833333333333334
9033,50202ba4b1b55f6b,True,1.0,1.0,1.0,1.0,1.0,1.0,1.0
9034,599e006109385ae5,True,1.0,0.0,0.0,1.0,1.0,1.0,0.0
9035,3137903199f35224,True,1.0,0.0,0.0,1.0,1.0,0.5,0.0
9036,f322d71f14a35cfa,True,1.0,1.0,1.0,1.0,1.0,1.0,1.0
9037,29efe3c61a4a580f,True,1.0,1.0,1.0,1.0,1.0,1.0,1.0
9038,a28aff9148b55b3b,True,1.0,1.0,1.0,1.0,1.0,1.0,1.0
9039,5218653349a6502a,True,1.0,1.0,0.8695171354153668,1.0,1.0,1.0,0.9456321397564028
9040,a2336870ff485514,True,1.0,0.0,0.0,1.0,1.0,1.0,0.0
9041,7d80c95c24645b06,True,1.0,1.0,1.0,1.0,1.0,1.0,1.0
9042,54ed7e46291c5fcf,True,1.0,1.0,0.7922528313888287,1.0,1.0,1.0,0.9134386797453452
9043,57e7565904e05728,True,1.0,1.0,1.0,1.0,1.0,1.0,1.0
9044,2df5fba355f65937,True,1.0,1.0,0.995882807130115,1.0,1.0,1.0,0.9982845029708812
9045,2ac5f9fae5a95215,True,1.0,1.0,0.9822048807594285,1.0,1.0,0.0,0.9925853669830952
9046,9a9b75516db85d76,True,1.0,1.0,0.9984217720427546,1.0,1.0,1.0,0.9993424050178144
9047,917f7087f2665add,True,1.0,1.0,0.8575067889312272,1.0,1.0,1.0,0.9406278287213446
9048,38b7b1afe2bf516b,True,1.0,1.0,0.6104282217238107,1.0,1.0,1.0,0.8376784257182545
9049,ea1302023ad258ff,True,1.0,1.0,0.4853003801537976,1.0,1.0,0.5,0.7855418250640823
9050,e3608421b9825fbd,True,1.0,1.0,1.0,1.0,1.0,1.0,1.0
9051,ebd299a3953a50ad,True,1.0,1.0,0.8229802927456973,1.0,1.0,1.0,0.9262417886440405
9052,9a94341d994d5ec9,True,1.0,1.0,0.9034049842038485,0.0,1.0,1.0,0.5430854100849368
9053,5ddfd1fe80af5ceb,True,1.0,1.0,0.7156007742222887,1.0,1.0,1.0,0.8815003225926202
9054,fe71d216396c5ab3,True,1.0,1.0,1.0,1.0,1.0,1.0,1.0
9055,0a177b48593d521c,True,1.0,1.0,1.0,1.0,1.0,1.0,1.0
9056,09e2eda76fde54ae,True,1.0,0.0,0.0,1.0,1.0,1.0,0.0
9057,9ba21cb552c35238,True,1.0,0.0,0.0,1.0,1.0,0.5,0.0
9058,a48870c447ef5fe5,True,1.0,1.0,1.0,1.0,1.0,1.0,1.0
9059,3e8b81f8eb205311,True,1.0,1.0,0.895286801643508,1.0,1.0,1.0,0.956369500684795
9060,f67e431f781659eb,True,1.0,1.0,0.6438958489219004,1.0,1.0,1.0,0.8516232703841252
9061,0ceeda78f4745942,True,1.0,1.0,0.8773340227664636,1.0,1.0,1.0,0.9488891761526931
9062,23d70775af9754e8,True,1.0,1.0,1.0,1.0,1.0,1.0,1.0
9063,9e1be9753cf75e57,True,1.0,1.0,0.6887462710942941,1.0,1.0,1.0,0.8703109462892892
9064,255caf4a6fb2584a,True,1.0,1.0,0.7600194058074886,1.0,1.0,1.0,0.9000080857531203
9065,889aac2576295c91,True,0.0,1.0,0.0,0.0,1.0,1.0,0.0
9066,edd24f4c0a295030,True,0.0,1.0,0.0,0.0,1.0,1.0,0.0
9067,415b05ca44da5fbb,True,1.0,1.0,1.0,1.0,1.0,1.0,1.0
9068,e5dd6a4462dd5e29,True,1.0,1.0,1.0,1.0,1.0,1.0,1.0
9069,289a58bd2ab6512b,True,1.0,0.0,0.0,0.0,1.0,0.5,0.0
9070,54d9604b5b265c99,True,1.0,1.0,0.8033358803295573,1.0,1.0,1.0,0.9180566168039821
9071,c0fb4281da785582,True,1.0,0.0,0.0,1.0,1.0,1.0,0.0
9072,0a649534cf715ba2,True,1.0,0.0,0.0,1.0,1.0,1.0,0.0
9073,3b10bf025bd65e4b,True,1.0,1.0,1.0,1.0,1.0,1.0,1.0
9074,ba6136583b6254e2,True,0.0,1.0,0.0,0.0,1.0,0.5,0.0
9075,6482eb343a2b5329,True,1.0,1.0,0.6670526026654102,1.0,1.0,1.0,0.8612719177772542
9076,795b989aef8a5b42,True,1.0,1.0,0.7753880303585142,1.0,1.0,1.0,0.9064116793160476
9077,2d4d48a048615f9a,True,1.0,1.0,1.0,0.0,1.0,1.0,0.5833333333333334
9078,5143553713f05db3,True,1.0,1.0,0.9171103150380236,1.0,1.0,1.0,0.9654626312658432
9079,31134bc6685c57ae,True,1.0,1.0,1.0,1.0,1.0,1.0,1.0
9080,a3e0421d08d25e5b,True,1.0,1.0,0.9512920755703133,1.0,1.0,1.0,0.9797050314876307
9081,7bb27993dd475c3d,True,1.0,1.0,1.0,1.0,1.0,1.0,1.0
9082,ec044ac1af1655be,True,1.0,1.0,1.0,1.0,1.0,1.0,1.0
9083,b26b54b014205d5c,True,1.0,1.0,0.8630175034082423,1.0,1.0,1.0,0.9429239597534343
9084,8c5518bf679458df,True,1.0,1.0,0.879841225312397,1.0,1.0,1.0,0.9499338438801654
9085,017514eaeeef5716,True,1.0,1.0,1.0,1.0,1.0,1.0,1.0
9086,ce8cc7a247f651be,True,1.0,1.0,1.0,1.0,1.0,1.0,1.0
9087,0fc28fe43e5d5693,True,1.0,1.0,1.0,1.0,1.0,1.0,1.0
9088,bd35995b3dcb53e8,True,1.0,1.0,0.8057944896386593,1.0,1.0,1.0,0.9190810373494415
9089,bf4c97f6024b5029,True,1.0,1.0,1.0,1.0,1.0,1.0,1.0
9090,caaf011808a15c9e,True,1.0,1.0,0.8239620554353988,1.0,1.0,1.0,0.9266508564314161
9091,45c4158a235e514a,True,0.0,1.0,0.0,0.0,1.0,1.0,0.0
9092,0d63314a528159c9,True,1.0,0.0,0.0,1.0,1.0,1.0,0.0
9093,26840e3a5da45589,True,1.0,1.0,0.6631790629887978,1.0,1.0,0.0,0.859657942911999
9094,c3c6442b2f525269,True,1.0,1.0,0.9230155337631641,1.0,1.0,1.0,0.9679231390679851
9095,895513fa202c506f,True,1.0,1.0,1.0,1.0,1.0,1.0,1.0
9096,2fd50ca82a7a5df4,True,1.0,1.0,1.0,1.0,1.0,1.0,1.0
9097,4d6456183bd056bc,True,1.0,1.0,0.6956990268816022,1.0,1.0,1.0,0.8732079278673343
9098,8d068ed41e335268,True,1.0,1.0,0.8671890610383616,1.0,1.0,1.0,0.9446621087659839
9099,37769b4b04c65713,True,1.0,1.0,0.7351336992020432,1.0,1.0,1.0,0.8896390413341847
9100,33c321ae43da54c6,True,1.0,1.0,0.9131722428942163,1.0,1.0,1.0,0.9638217678725901
9101,41470fb14dab5d99,True,1.0,1.0,0.8862685965006186,1.0,1.0,1.0,0.9526119152085911
9102,fb43d35afc375bb2,True,1.0,1.0,1.0,1.0,1.0,1.0,1.0
9103,c400f7664ba35555,True,1.0,1.0,0.8422252971474579,1.0,1.0,1.0,0.9342605404781074
9104,be503a7ef2805c88,True,1.0,1.0,1.0,1.0,1.0,1.0,1.0
9105,134b10cfe7e753e6,True,1.0,0.0,0.0,1.0,1.0,1.0,0.0
9106,2193ada652c557c3,True,1.0,1.0,0.889064825120363,1.0,1.0,1.0,0.9537770104668178
9107,9678b0cccb565681,True,1.0,1.0,1.0,1.0,1.0,1.0,1.0
9108,22a3a112a0485c4c,True,1.0,1.0,1.0,0.0,1.0,1.0,0.5833333333333334
9109,617ceb438e0d5324,True,1.0,1.0,1.0,1.0,1.0,1.0,1.0
9110,ed8294474bc35b6c,True,1.0,1.0,0.02892464782371482,1.0,1.0,1.0,0.5953852699265478
9111,cce0795c7ff05129,True,1.0,1.0,0.9814931661002412,1.0,1.0,1.0,0.9922888192084338
9112,870886385ca15345,True,1.0,1.0,1.0,1.0,1.0,1.0,1.0
9113,48f9e483baaf58a0,True,1.0,1.0,0.013901207176199923,1.0,1.0,1.0,0.5891255029900834
9114,719eb7fea14c5b94,True,1.0,1.0,1.0,1.0,1.0,1.0,1.0
9115,f19d96f947fa52d9,True,1.0,1.0,1.0,1.0,1.0,1.0,1.0
9116,e0522da7328d5c9e,True,1.0,1.0,0.7586647292517916,1.0,1.0,1.0,0.8994436371882465
9117,f0b762b8c08b5ff0,True,1.0,1.0,1.0,1.0,1.0,1.0,1.0
9118,93e2377357d9551e,True,1.0,1.0,0.9654402609800803,1.0,1.0,1.0,0.9856001087417002
9119,33c738c5f199510e,True,0.0,1.0,0.0,0.0,1.0,1.0,0.0
9120,a03faf9254a55468,True,1.0,1.0,0.9392512820900077,1.0,1.0,1.0,0.9746880342041698
9121,9be9c9c84b625515,True,1.0,0.0,0.0,1.0,1.0,1.0,0.0
9122,71bacc65bda2569c,True,1.0,1.0,1.0,1.0,1.0,1.0,1.0
9123,616fa9b07f5653ef,True,1.0,1.0,0.9305347145088098,1.0,1.0,0.0,0.9710561310453375
9124,826112ca75e750af,True,1.0,1.0,0.5859698721066771,1.0,1.0,1.0,0.8274874467111154
9125,667360ba7d595e46,True,1.0,1.0,0.5638829742258638,1.0,1.0,1.0,0.8182845725941098
9126,268ed4d63bb85cae,True,1.0,1.0,1.0,0.0,1.0,1.0,0.5833333333333334
9127,4a4316b978495bba,True,1.0,1.0,0.5943536650380186,1.0,1.0,1.0,0.830980693765841
9128,794584aa724a55f4,True,1.0,1.0,1.0,0.0,1.0,1.0,0.5833333333333334
9129,dd8205f11d7a5918,True,1.0,1.0,0.7484149694943366,1.0,1.0,1.0,0.8951729039559736
9130,d9435ec2640f586f,True,1.0,0.0,0.0,1.0,1.0,1.0,0.0
9131,0f8b3b73fda650e4,True,1.0,1.0,0.7992190761553,1.0,1.0,1.0,0.9163412817313749
9132,f53ee13c32ac5bec,True,1.0,1.0,1.0,1.0,1.0,1.0,1.0
9133,94ac0f71d5615e4c,True,1.0,1.0,0.7652629626265302,1.0,1.0,1.0,0.9021929010943875
9134,ad7d51bd1b7055ca,True,1.0,1.0,0.514594849152109,1.0,1.0,1.0,0.7977478538133788
9135,f096ff143e815978,True,1.0,1.0,0.8708320249676418,1.0,1.0,1.0,0.9461800104031841
9136,3813108829ab54c2,True,1.0,1.0,0.958191643575968,0.0,1.0,1.0,0.56591318482332
9137,fe55e4c568a753a9,True,1.0,1.0,0.9722596768013612,1.0,1.0,1.0,0.9884415320005671
9138,d6353a288d0b545d,True,1.0,1.0,1.0,1.0,1.0,1.0,1.0
9139,2d7a04e2df2d5bd3,True,1.0,1.0,0.928317927334174,1.0,1.0,1.0,0.9701324697225724
9140,b1a5c303ca3f5607,True,1.0,1.0,1.0,0.0,1.0,1.0,0.5833333333333334
9141,d7c74666773f5575,True,1.0,0.0,0.0,1.0,1.0,1.0,0.0
9142,ec90dfde532d5633,True,0.0,1.0,0.0,0.0,1.0,1.0,0.0
9143,6e6c19ea921f550d,True,1.0,1.0,0.9023896989583131,1.0,1.0,1.0,0.9593290412326304
9144,36b4b6d6e4745071,True,1.0,0.0,0.0,1.0,1.0,1.0,0.0
9145,7f9f4661a4875959,True,1.0,1.0,0.42282364822556245,1.0,1.0,0.5,0.7595098534273177
9146,d7ba299450ae53e2,True,1.0,0.0,0.0,1.0,1.0,1.0,0.0
9147,f465e74f13e652ce,True,1.0,1.0,0.979890170306416,1.0,1.0,0.0,0.99162090429434
9148,22a9516d643c5e4b,True,1.0,1.0,0.7271617620062049,1.0,1.0,1.0,0.8863174008359187
9149,6074e965781b510e,True,1.0,0.0,0.0,1.0,1.0,1.0,0.0
9150,6578cf959d7f52a7,True,0.0,1.0,0.0,0.0,1.0,1.0,0.0
9151,3968adecd59c551e,True,1.0,1.0,0.9381296461818942,1.0,1.0,1.0,0.9742206859091226
9152,dcb8fbfc6c1d5fd6,True,1.0,1.0,1.0,1.0,1.0,1.0,1.0
9153,c4ba306cfe4f59f6,True,1.0,1.0,1.0,1.0,1.0,1.0,1.0
9154,61e3a4acbdf55ffe,True,1.0,1.0,0.6636933056609622,1.0,1.0,0.5,0.8598722106920675
9155,a85c442c31bc557f,True,1.0,0.0,0.0,0.0,1.0,0.0,0.0
9156,a60e8e8afe675063,True,1.0,1.0,0.9021746340361009,1.0,1.0,1.0,0.9592394308483754
9157,812a8e70ad07507d,True,1.0,1.0,0.9660461676840115,1.0,1.0,1.0,0.9858525698683381
9158,0b7ee9446b7f541e,True,1.0,1.0,0.8392853591368513,1.0,1.0,1.0,0.9330355663070214
9159,c06d7badaabb5a9f,True,1.0,1.0,0.8706021755992714,1.0,1.0,1.0,0.9460842398330298
9160,d060c613969b5092,True,1.0,1.0,0.82973541501638,1.0,1.0,1.0,0.9290564229234916
9161,8d5023e971cc5f4c,True,1.0,1.0,0.894951391528068,1.0,1.0,1.0,0.9562297464700283
9162,a7aa2b49e81b5d4f,True,1.0,1.0,0.7774506432085614,1.0,1.0,1.0,0.9072711013369007
9163,5a41a7f756c551ce,True,1.0,0.0,0.0,1.0,1.0,1.0,0.0
9164,90551e9098aa5b12,True,1.0,1.0,1.0,1.0,1.0,1.0,1.0
9165,eeae24d38eb15e0a,True,1.0,1.0,0.5142596001083574,1.0,1.0,1.0,0.7976081667118157
9166,5a2719c85ee9570c,True,0.0,1.0,0.0,0.0,1.0,1.0,0.0
9167,27cd5e04627e5258,True,1.0,1.0,0.25927369621051877,1.0,1.0,1.0,0.6913640400877162
9168,65d05fc646de5ce6,True,1.0,0.0,0.0,1.0,1.0,1.0,0.0
9169,e28e57068b0b5cf3,True,1.0,1.0,0.884139244081534,1.0,1.0,1.0,0.9517246850339726
9170,6f6d4e85ebdb5013,True,1.0,1.0,1.0,1.0,1.0,1.0,1.0
9171,955916fd66da5657,True,1.0,1.0,0.6584439330535856,1.0,1.0,1.0,0.8576849721056607
9172,86e62e65d9095907,True,1.0,1.0,0.9101883925401327,1.0,1.0,1.0,0.962578496891722
9173,087df0996ade50d3,True,1.0,1.0,1.0,1.0,1.0,1.0,1.0
9174,553d5ef6d98e5728,True,1.0,1.0,1.0,1.0,1.0,1.0,1.0
9175,958677976f9c5b0a,True,1.0,1.0,0.679175554521283,1.0,1.0,1.0,0.8663231477172012
9176,2b006c0fae365892,True,0.0,1.0,0.0,0.0,1.0,1.0,0.0
9177,38ecbc57db7e561c,True,1.0,1.0,0.45263338471828973,1.0,1.0,0.5,0.771930576965954
9178,74f87045b75156f4,True,1.0,1.0,0.8214144308463778,1.0,1.0,1.0,0.9255893461859909
9179,3fac271cd0795af0,True,1.0,1.0,0.8002731590758669,1.0,1.0,1.0,0.916780482948278
9180,e76c53ede9205ba9,True,1.0,1.0,0.7832594903988783,1.0,1.0,1.0,0.909691454332866
9181,3e429827093e538d,True,1.0,1.0,0.8394435292491135,1.0,1.0,1.0,0.933101470520464
9182,5d3fbc3605fb5bb9,True,1.0,1.0,1.0,1.0,1.0,1.0,1.0
9183,73298d57a59e5252,True,1.0,1.0,0.8477411677154902,1.0,1.0,1.0,0.9365588198814544
9184,4a7156af749e54fc,True,1.0,1.0,0.845123539033417,1.0,1.0,1.0,0.9354681412639237
9185,ba8af38306035c11,True,1.0,1.0,1.0,1.0,1.0,1.0,1.0
9186,bfb583c3969950ba,True,1.0,1.0,0.8487799923611246,1.0,1.0,1.0,0.9369916634838019
9187,f669f89b3272514c,True,1.0,1.0,0.852780483986724,1.0,1.0,1.0,0.9386585349944684
9188,81c5dc6459f75000,True,1.0,1.0,0.9778028601060884,1.0,1.0,1.0,0.9907511917108701
9189,210fa74895dc5f52,True,1.0,0.0,0.0,1.0,1.0,1.0,0.0
9190,108b8b1ea5fd57ff,True,1.0,1.0,1.0,1.0,1.0,1.0,1.0
9191,570ba391cb6158c2,True,1.0,1.0,0.7137307465430165,1.0,1.0,1.0,0.8807211443929236
9192,df140a20f6b55c9b,True,1.0,1.0,0.7563312222373478,1.0,1.0,1.0,0.8984713425988949
9193,85028441255156b3,True,1.0,1.0,0.8732318950509457,1.0,1.0,1.0,0.9471799562712274
9194,ed5b36731bad5a32,True,1.0,1.0,1.0,1.0,1.0,1.0,1.0
9195,eed801b1cd035275,True,1.0,1.0,1.0,0.0,1.0,1.0,0.5833333333333334
9196,574b305b50435885,True,1.0,1.0,0.6054225479117245,1.0,1.0,1.0,0.8355927282965517
9197,31c26928703053d2,True,1.0,1.0,1.0,0.0,1.0,1.0,0.5833333333333334
9198,4e39c50ddb075303,True,1.0,1.0,1.0,0.0,1.0,1.0,0.5833333333333334
9199,2805fe41d7d9543a,True,1.0,1.0,0.7454848424366964,1.0,1.0,1.0,0.8939520176819569
9200,376450d3edc951fc,True,1.0,1.0,1.0,0.0,1.0,1.0,0.5833333333333334
9201,b389efc36b545908,True,1.0,1.0,0.7869272229588442,1.0,1.0,0.5,0.9112196762328518
9202,5f2fff93dc3356d6,True,1.0,1.0,0.9207875200133693,1.0,1.0,1.0,0.9669948000055705
9203,8fccd42a7937508a,True,1.0,1.0,1.0,1.0,1.0,1.0,1.0
9204,17607267e8155496,True,1.0,1.0,0.7153751879446685,1.0,1.0,1.0,0.8814063283102785
9205,9483fae2cfc352eb,True,1.0,1.0,0.5823395280298578,1.0,1.0,1.0,0.825974803345774
9206,24a036d6f97d5a50,True,1.0,0.0,0.0,1.0,1.0,1.0,0.0
9207,a998a0d0131f5208,True,1.0,0.0,0.0,1.0,1.0,0.5,0.0
9208,2352aa62dbbe58d2,True,1.0,1.0,0.7092433990214854,1.0,1.0,1.0,0.8788514162589522
9209,206ccbdfb1e25bf2,True,1.0,1.0,0.9524137599101996,1.0,1.0,1.0,0.9801723999625832
9210,876278ea40b25284,True,1.0,1.0,1.0,1.0,1.0,1.0,1.0
9211,34cc387cf0335f28,True,1.0,1.0,1.0,1.0,1.0,1.0,1.0
9212,5c9c6666d0725c64,True,1.0,1.0,1.0,1.0,1.0,1.0,1.0
9213,6914bcabdeec5e0f,True,1.0,1.0,0.767486583777623,1.0,1.0,1.0,0.903119409907343
9214,dd2bc3e6bb8353b8,True,1.0,1.0,0.798249540509211,1.0,1.0,1.0,0.9159373085455046
9215,cca534b6970f5c8e,True,1.0,1.0,0.8128017377652688,1.0,1.0,1.0,0.922000724068862
9216,a5f5f03bc998578d,True,1.0,1.0,1.0,0.0,1.0,1.0,0.5833333333333334
9217,c0ea178930145138,True,1.0,1.0,1.0,1.0,1.0,1.0,1.0
9218,681dc1d77f125936,True,1.0,0.0,0.0,1.0,1.0,0.0,0.0
9219,b52b4358ca335eb9,True,1.0,0.0,0.0,1.0,1.0,1.0,0.0
9220,3ff5c9a5bd155bb2,True,1.0,1.0,1.0,1.0,1.0,1.0,1.0
9221,019b86fe2e215b6e,True,1.0,1.0,0.6714726880471701,1.0,1.0,1.0,0.8631136200196542
9222,3f67051b121a5e43,True,1.0,1.0,0.8384754943075378,1.0,1.0,1.0,0.9326981226281408
9223,c505de060d305ef5,True,1.0,0.0,0.0,1.0,1.0,1.0,0.0
9224,db07a6d7eacd57d1,True,1.0,1.0,1.0,1.0,1.0,1.0,1.0
9225,36037c6abc0558dc,True,1.0,1.0,0.7160554332293801,1.0,1.0,1.0,0.8816897638455751
9226,d5b21176c2e1526c,True,1.0,1.0,1.0,1.0,1.0,0.5,1.0
9227,a9af1e73c9575428,True,1.0,1.0,0.8045508024950818,1.0,1.0,1.0,0.9185628343729508
9228,970cfee3bc7d5e3d,True,1.0,1.0,0.8494955956795892,0.0,1.0,1.0,0.5206231648664955
9229,659373708e8e5a4f,True,1.0,1.0,0.010277717380879703,1.0,1.0,1.0,0.5876157155753665
9230,51e7c560a43d5a25,True,1.0,1.0,0.3551371396187492,1.0,1.0,1.0,0.7313071415078122
9231,eed926191448591a,True,1.0,1.0,1.0,0.0,1.0,0.0,0.5833333333333334
9232,8790ecedb8ac580e,True,1.0,1.0,1.0,0.0,1.0,1.0,0.5833333333333334
9233,1b818742aecc51d0,True,1.0,1.0,0.9698642989295813,1.0,1.0,1.0,0.9874434578873256
9234,bdfdf52ac60755a9,True,1.0,1.0,1.0,1.0,1.0,1.0,1.0
9235,c2b5ebf8ace851ea,True,1.0,1.0,1.0,1.0,1.0,1.0,1.0
9236,ea3b45489faf5c70,True,1.0,1.0,0.3845485067326397,1.0,1.0,1.0,0.7435618778052665
9237,eaee116f6fae5472,True,1.0,1.0,1.0,1.0,1.0,1.0,1.0
9238,76cd37d3370f5d04,True,1.0,1.0,1.0,0.0,1.0,1.0,0.5833333333333334
9239,e52f4dccf26f55a8,True,1.0,1.0,0.8473487093776141,1.0,1.0,1.0,0.9363952955740059
9240,fa1f681041595461,True,1.0,1.0,0.6823818336623524,1.0,1.0,1.0,0.8676590973593136
9241,8ddef59113ee5c86,True,1.0,1.0,1.0,1.0,1.0,1.0,1.0
9242,cd6e2fc752755753,True,1.0,1.0,1.0,1.0,1.0,1.0,1.0
9243,21cef59c18245d4c,True,0.0,1.0,0.0,0.0,1.0,1.0,0.0
9244,ebfa82f4906755d4,True,1.0,1.0,1.0,1.0,1.0,1.0,1.0
9245,12c3a7aea386584b,True,1.0,1.0,1.0,0.0,1.0,1.0,0.5833333333333334
9246,09fda519bc395630,True,1.0,1.0,0.4991788947846356,1.0,1.0,1.0,0.7913245394935982
9247,e0545b6d2b755ea9,True,1.0,1.0,0.8346809710743244,1.0,1.0,1.0,0.9311170712809685
9248,81d893bd99de519b,True,1.0,1.0,1.0,1.0,1.0,1.0,1.0
9249,0dfcc232f8445d3f,True,1.0,1.0,0.9283557769128987,1.0,1.0,1.0,0.9701482403803744
9250,834a7c22e2c55c71,True,1.0,0.0,0.0,1.0,1.0,1.0,0.0
9251,3f19f97d980754f7,True,1.0,1.0,0.7931161220422919,1.0,1.0,1.0,0.9137983841842883
9252,5975a1af11e25fe4,True,1.0,1.0,1.0,0.0,1.0,1.0,0.5833333333333334
9253,b281c2ccb36359e3,True,1.0,1.0,1.0,1.0,1.0,1.0,1.0
9254,fdd599e861875d9f,True,1.0,1.0,0.8957964086575791,1.0,1.0,1.0,0.956581836940658
9255,d7d752a4a8b95a59,True,1.0,1.0,1.0,1.0,1.0,1.0,1.0
9256,f07e680e53135311,True,0.0,1.0,0.0,0.0,1.0,1.0,0.0
9257,af3ca613840a5058,True,1.0,1.0,0.9770009567267507,1.0,1.0,0.0,0.9904170653028128
9258,93358613d3865c5c,True,1.0,1.0,1.0,0.0,1.0,1.0,0.5833333333333334
9259,f154d2accd365815,True,1.0,1.0,0.8371642897571127,1.0,1.0,1.0,0.932151787398797
9260,86e394f2cb345082,True,0.0,1.0,0.0,0.0,1.0,1.0,0.0
9261,55a8886514eb5c1b,True,1.0,1.0,1.0,1.0,1.0,1.0,1.0
9262,948e6a45c7cd5837,True,1.0,1.0,0.8793127391422967,1.0,1.0,1.0,0.9497136413092903
9263,f7b170baa6bd5b95,True,0.0,1.0,0.0,0.0,1.0,1.0,0.0
9264,e2e83df1a791542b,True,1.0,1.0,0.9439574410205457,1.0,1.0,1.0,0.9766489337585608
9265,8781cde1032354cb,True,1.0,1.0,0.9453684461728523,1.0,1.0,1.0,0.9772368525720218
9266,bbd5fbbe6cbb5a6f,True,1.0,1.0,1.0,1.0,1.0,1.0,1.0
9267,e941bb5a630f58ae,True,1.0,1.0,0.0,1.0,1.0,1.0,0.5833333333333334
9268,84876bb274165ade,True,1.0,1.0,1.0,1.0,1.0,0.5,1.0
9269,d8af5ee176db5d89,True,1.0,1.0,0.7816882055375202,1.0,1.0,1.0,0.9090367523073001
9270,85b1968fa2fd5552,True,1.0,1.0,1.0,1.0,1.0,1.0,1.0
9271,77071a33907c58f2,True,1.0,1.0,0.8370593828420935,1.0,1.0,1.0,0.9321080761842057
9272,472472b9f03a5b8f,True,1.0,1.0,0.9843271100527555,1.0,1.0,1.0,0.9934696291886481
9273,3d34ef81b357566e,True,1.0,1.0,1.0,1.0,1.0,1.0,1.0
9274,5368a45f74ed5f66,True,1.0,1.0,1.0,0.0,1.0,1.0,0.5833333333333334
9275,00016f8b45c25a1d,True,1.0,0.0,0.0,1.0,1.0,0.0,0.0
9276,18176fbd46ba5000,True,0.0,1.0,0.0,0.0,1.0,1.0,0.0
9277,85b2b3fc929a5800,True,1.0,1.0,0.92169761942458,1.0,1.0,1.0,0.967374008093575
9278,73fe2f6dea43577f,True,1.0,1.0,0.7006008595537089,1.0,1.0,0.5,0.8752503581473787
9279,c5e4f3c361b252c1,True,1.0,0.0,0.0,1.0,1.0,1.0,0.0
9280,c738206669ed589c,True,0.0,1.0,0.0,0.0,1.0,1.0,0.0
9281,f1494fd9840c5014,True,1.0,1.0,0.9848681252324313,1.0,1.0,1.0,0.9936950521801796
9282,6b0a15391789599e,True,1.0,1.0,0.7234658224387144,1.0,1.0,1.0,0.884777426016131
9283,5ebe40763ac05b5c,True,1.0,1.0,0.48166296365288125,1.0,1.0,0.5,0.7840262348553672
9284,f3462625913a59c2,True,1.0,1.0,0.5038178189916499,1.0,1.0,0.5,0.7932574245798542
9285,4376d00ed2245c21,True,1.0,1.0,0.33618686634289063,1.0,1.0,0.5,0.7234111943095378
9286,c841c36b56fb53f2,True,1.0,0.0,0.0,1.0,1.0,1.0,0.0
9287,1b9e4e6c5e91568d,True,1.0,1.0,1.0,1.0,1.0,1.0,1.0
9288,bfdb40b3dded57fd,True,1.0,0.0,0.0,1.0,1.0,1.0,0.0
9289,72cb0bed47ab5464,True,1.0,1.0,0.9397950914151774,1.0,1.0,1.0,0.9749146214229906
9290,8d7e4421c3e45c99,True,1.0,1.0,0.6991970461879329,1.0,1.0,1.0,0.8746654359116387
9291,9a1d23e8ed1b5837,True,1.0,0.0,0.0,1.0,1.0,0.0,0.0
9292,84765426fd0a5a99,True,1.0,1.0,0.6605426568697295,1.0,1.0,1.0,0.8585594403623874
9293,c344575de7545bbe,True,1.0,1.0,1.0,1.0,1.0,1.0,1.0
9294,3296619ed0855e31,True,1.0,1.0,1.0,1.0,1.0,1.0,1.0
9295,3361cb5b061556d0,True,1.0,1.0,0.8236633692603886,1.0,1.0,1.0,0.9265264038584954
9296,3103614e29e25cd4,True,1.0,1.0,0.0,1.0,1.0,1.0,0.5833333333333334
9297,729c7f95c12f5dd4,True,1.0,1.0,1.0,1.0,1.0,1.0,1.0
9298,e7f8a61d807f5914,True,1.0,1.0,1.0,1.0,1.0,1.0,1.0
9299,6ccc026f6fc55bb0,True,1.0,1.0,1.0,1.0,1.0,1.0,1.0
9300,20f825e0d33a5160,True,1.0,0.0,0.0,1.0,1.0,1.0,0.0
9301,bc427a4503535af2,True,1.0,1.0,1.0,0.0,1.0,1.0,0.5833333333333334
9302,8869a2f03bbd5570,True,1.0,1.0,1.0,1.0,1.0,1.0,1.0
9303,b821203c112455cb,True,1.0,1.0,1.0,1.0,1.0,1.0,1.0
9304,6bb2c2106e435a57,True,1.0,1.0,0.906228295634905,1.0,1.0,1.0,0.9609284565145438
9305,9a1b945bf0125d1d,True,1.0,1.0,1.0,1.0,1.0,1.0,1.0
9306,2f05406bcdd55a21,True,0.0,1.0,0.0,0.0,1.0,1.0,0.0
9307,4b3302a602155f76,True,1.0,1.0,1.0,1.0,1.0,1.0,1.0
9308,4bbfb5ec60205e63,True,1.0,1.0,1.0,1.0,1.0,1.0,1.0
9309,4511645a5e9a5bcd,True,1.0,0.0,0.0,1.0,1.0,0.5,0.0
9310,f5a6d648a71e5d47,True,1.0,1.0,1.0,1.0,1.0,1.0,1.0
9311,5d5cef2e5d6b5d6b,True,0.0,1.0,0.0,0.0,1.0,1.0,0.0
9312,ae124de305ca5cb1,True,1.0,1.0,0.9504748917194032,1.0,1.0,1.0,0.979364538216418
9313,059912706b0758dc,True,1.0,1.0,0.9125745950560865,1.0,1.0,1.0,0.9635727479400361
9314,f897914e6f0c52e5,True,1.0,1.0,1.0,1.0,1.0,1.0,1.0
9315,aee53565120f533b,True,1.0,1.0,0.8499055050748713,1.0,1.0,1.0,0.9374606271145297
9316,67e27e4b89325f31,True,1.0,1.0,1.0,1.0,1.0,1.0,1.0
9317,4d31d76919495557,True,1.0,0.0,0.0,1.0,1.0,1.0,0.0
9318,418eb2a0ba415e93,True,1.0,1.0,0.8143290945480806,1.0,1.0,1.0,0.922637122728367
9319,b657fb1afb7c54f3,True,1.0,1.0,0.9801400669086097,1.0,1.0,1.0,0.9917250278785873
9320,b87b792b9a025344,True,0.0,1.0,0.0,0.0,1.0,1.0,0.0
9321,0a3caedd4a7c5394,True,1.0,1.0,1.0,0.0,1.0,1.0,0.5833333333333334
9322,8f0f0f9061b35356,True,1.0,1.0,1.0,1.0,1.0,1.0,1.0
9323,4a62cc0027965e10,True,1.0,0.0,0.0,1.0,1.0,1.0,0.0
9324,dfb757230bed57d8,True,1.0,1.0,1.0,1.0,1.0,1.0,1.0
9325,a8ef1b08315752f3,True,1.0,1.0,1.0,1.0,1.0,1.0,1.0
9326,2bae2509df025832,True,1.0,0.0,0.0,1.0,1.0,1.0,0.0
9327,495a149c042a5636,True,0.0,1.0,0.0,0.0,1.0,1.0,0.0
9328,3c379ee75e765c6e,True,1.0,1.0,0.9115040216346944,1.0,1.0,1.0,0.9631266756811226
9329,cbf0e5deee8956a9,True,1.0,1.0,0.408383439582652,1.0,1.0,1.0,0.753493099826105
9330,4334739a7f4e554e,True,1.0,1.0,1.0,0.0,1.0,1.0,0.5833333333333334
9331,b667e90bf3055cea,True,1.0,1.0,1.0,1.0,1.0,1.0,1.0
9332,87da3996575459a8,True,0.0,1.0,0.0,0.0,1.0,1.0,0.0
9333,d76955208924513a,True,1.0,1.0,1.0,0.0,1.0,1.0,0.5833333333333334
9334,3f54d4297dc459c3,True,1.0,1.0,1.0,0.0,1.0,1.0,0.5833333333333334
9335,7d51b80c3aa25109,True,1.0,1.0,0.7722064286085519,1.0,1.0,1.0,0.90508601192023
9336,6df712116b7353cc,True,1.0,1.0,1.0,1.0,1.0,1.0,1.0
9337,0fc778045313531b,True,0.5,0.0,0.0,0.0,1.0,1.0,0.0
9338,053d94cd59495804,True,1.0,1.0,1.0,1.0,1.0,1.0,1.0
9339,7e3ae733f7ef5c8f,True,1.0,0.0,0.0,1.0,1.0,1.0,0.0
9340,fcb4f430c99050b3,True,1.0,1.0,0.6516753004666926,1.0,1.0,1.0,0.8548647085277885
9341,831a14b3c0bb5c50,True,0.0,1.0,0.0,0.0,1.0,1.0,0.0
9342,b22ea864484d514f,True,1.0,1.0,1.0,0.0,1.0,1.0,0.5833333333333334
9343,97181536d6be5368,True,0.0,1.0,0.0,0.0,1.0,1.0,0.0
9344,d66634cbe1b65b95,True,1.0,1.0,0.878314213390565,1.0,1.0,1.0,0.9492975889127354
9345,3f56f99e2cf15355,True,0.0,1.0,0.0,0.0,1.0,1.0,0.0
9346,14476e3c036f5ec8,True,1.0,0.0,0.0,1.0,1.0,1.0,0.0
9347,26f3ef1a426f57be,True,1.0,1.0,1.0,1.0,1.0,1.0,1.0
9348,75b3192cd5825661,True,1.0,1.0,1.0,1.0,1.0,1.0,1.0
9349,cbe2fffee4105dbf,True,1.0,1.0,0.9333007480388391,1.0,1.0,1.0,0.9722086450161829
9350,69124bf1a9185f06,True,1.0,1.0,0.5323639403247606,1.0,1.0,1.0,0.8051516418019835
9351,02e9f697f2d055ee,True,1.0,1.0,0.7353628465828685,1.0,1.0,1.0,0.8897345194095285
9352,f1bdf7e4e9f5534e,True,1.0,1.0,0.8404528708563012,1.0,1.0,1.0,0.9335220295234589
9353,71357a4fc5c65199,True,1.0,1.0,0.9860294183706098,1.0,1.0,1.0,0.9941789243210873
9354,7956fe13f69e53dc,True,1.0,1.0,0.7437834059467957,1.0,1.0,1.0,0.8932430858111648
9355,d719f6e5de715f5a,True,1.0,1.0,1.0,0.0,1.0,1.0,0.5833333333333334
9356,fc8de9b657805f00,True,1.0,1.0,0.8251209243678629,1.0,1.0,1.0,0.9271337184866096
9357,a2ed8d7503b85e2d,True,1.0,1.0,1.0,1.0,1.0,1.0,1.0
9358,0ed2cf016ddc5f90,True,1.0,1.0,0.8123004285048373,1.0,1.0,1.0,0.921791845210349
9359,3b34e3fd5b9e5767,True,1.0,0.0,0.0,1.0,1.0,1.0,0.0
9360,0c4bafb20cea5e44,True,1.0,1.0,1.0,1.0,1.0,1.0,1.0
9361,6fe1f4f8dbcd57b5,True,1.0,1.0,0.8098469746365169,1.0,1.0,1.0,0.9207695727652153
9362,3e5647cd8d1a50c2,True,1.0,1.0,0.5408631167778389,1.0,1.0,1.0,0.8086929653240995
9363,62515ff6d52a5e89,True,1.0,1.0,0.8700905294355095,1.0,1.0,1.0,0.9458710539314623
9364,635495c0e2295c4d,True,0.0,1.0,0.0,0.0,1.0,1.0,0.0
9365,3c3cc389d4ee512b,True,1.0,1.0,1.0,1.0,1.0,1.0,1.0
9366,0d2ff90baf395430,True,1.0,1.0,1.0,1.0,1.0,1.0,1.0
9367,9aadb4c8a77d5849,True,1.0,1.0,0.9738346078338169,1.0,1.0,1.0,0.9890977532640903
9368,166dac05bf555e13,True,1.0,1.0,1.0,1.0,1.0,1.0,1.0
9369,bd9abb7104dc5408,True,1.0,0.0,0.0,1.0,1.0,1.0,0.0
9370,3166dd05c45f59e8,True,1.0,1.0,1.0,1.0,1.0,1.0,1.0
9371,f8b1bb7447c257dc,True,1.0,1.0,0.8479666636012286,1.0,1.0,1.0,0.9366527765005119
9372,ed7a09d2f93d5e90,True,0.0,1.0,0.0,0.0,1.0,1.0,0.0
9373,ac45c0d29f1e5d76,True,1.0,1.0,1.0,1.0,1.0,1.0,1.0
9374,c0e14f1288ca5066,True,1.0,1.0,0.8456654414351846,1.0,1.0,1.0,0.9356939339313269
9375,0749cf83cbbd5284,True,1.0,1.0,1.0,0.0,1.0,1.0,0.5833333333333334
9376,ac6e1ca0ebe75e15,True,1.0,1.0,0.9613963542294167,1.0,1.0,1.0,0.9839151475955902
9377,cf696c3ba1995fd8,True,1.0,0.0,0.0,0.0,1.0,0.0,0.0
9378,65871def84015af2,True,1.0,1.0,1.0,0.0,1.0,1.0,0.5833333333333334
9379,c3ace87d2f985eaa,True,1.0,1.0,0.8770314590227375,0.0,1.0,1.0,0.532096441259474
9380,5fe06174763b5c36,True,1.0,1.0,0.9639004786654131,0.0,1.0,1.0,0.5682918661105888
9381,c284f9a1803f585f,True,1.0,1.0,1.0,1.0,1.0,1.0,1.0
9382,a97ceb2edd0251f9,True,1.0,1.0,0.9804487704916961,1.0,1.0,1.0,0.9918536543715399
9383,db4f9f954c2e597f,True,0.0,1.0,0.0,0.0,1.0,1.0,0.0
9384,90ed944de9405835,True,1.0,0.0,0.0,1.0,1.0,1.0,0.0
9385,a7c6cc3a1840584f,True,1.0,1.0,1.0,1.0,1.0,1.0,1.0
9386,5004df3161065742,True,1.0,1.0,0.683197245166739,1.0,1.0,1.0,0.8679988521528079
9387,0ab7e69f15735883,True,1.0,1.0,0.7454352788747877,1.0,1.0,1.0,0.8939313661978282
9388,f37c90e977e856c8,True,1.0,0.0,0.0,1.0,1.0,1.0,0.0
9389,c4bacbfebba15b26,True,1.0,1.0,0.8177356423962248,1.0,1.0,0.5,0.9240565176650937
9390,c2736d03415f515b,True,1.0,1.0,1.0,1.0,1.0,1.0,1.0
9391,cfbf3f55398f5fc6,True,1.0,1.0,0.6273691318470365,1.0,1.0,1.0,0.8447371382695984
9392,718c914ede2f5229,True,1.0,0.0,0.0,1.0,1.0,1.0,0.0
9393,7a735f01957d5f72,True,1.0,0.0,0.0,1.0,1.0,1.0,0.0
9394,b431359c21975fe6,True,1.0,1.0,0.8944861779127711,1.0,1.0,1.0,0.9560359074636547
9395,4384cab8593f505e,True,1.0,1.0,0.8654665854480882,1.0,1.0,1.0,0.9439444106033701
9396,21990e031d705957,True,1.0,1.0,0.6556342531913112,1.0,1.0,1.0,0.8565142721630462
9397,a06eec37a0f058b2,True,0.0,1.0,0.0,0.0,1.0,1.0,0.0
9398,70ee383e3b335c16,True,1.0,1.0,0.7580712992669751,1.0,1.0,1.0,0.899196374694573
9399,21b36975c4f75e9a,True,1.0,1.0,1.0,1.0,1.0,1.0,1.0
9400,70297f5b95955dce,True,1.0,1.0,0.9342063402679968,1.0,1.0,1.0,0.9725859751116653
9401,66fff80a93805b34,True,1.0,1.0,1.0,1.0,1.0,1.0,1.0
9402,a81fbf9466e05120,True,1.0,1.0,0.7751052472621496,1.0,1.0,1.0,0.9062938530258956
9403,92079b2eb4675c0d,True,1.0,1.0,0.8027191443683108,1.0,1.0,1.0,0.9177996434867962
9404,2829df17720c501f,True,1.0,1.0,0.9110360036268453,1.0,1.0,1.0,0.9629316681778523
9405,7b37b72faaa25b5d,True,1.0,1.0,1.0,0.0,1.0,1.0,0.5833333333333334
9406,0e272e003af65a71,True,0.0,1.0,0.0,0.0,1.0,1.0,0.0
9407,002e450c6cba5895,True,1.0,1.0,0.9153712210620234,1.0,1.0,1.0,0.9647380087758431
9408,71246cbb6de459d6,True,1.0,1.0,0.8726040614090184,1.0,1.0,1.0,0.9469183589204243
9409,5aae47691f185a21,True,1.0,0.0,0.0,1.0,1.0,1.0,0.0
9410,7a1b61727c255889,True,0.0,1.0,0.0,0.0,1.0,1.0,0.0
9411,ac3410e696505284,True,1.0,0.0,0.0,1.0,1.0,1.0,0.0
9412,e7ae612e880e5d5f,True,1.0,0.0,0.0,1.0,1.0,1.0,0.0
9413,f9ff7b08b88e5365,True,1.0,1.0,1.0,1.0,1.0,0.0,1.0
9414,efbfc794e30f528f,True,1.0,1.0,0.8953245670271456,1.0,1.0,1.0,0.9563852362613107
9415,8eca6838e7c75493,True,1.0,1.0,0.9581742011999375,1.0,1.0,1.0,0.9825725838333073
9416,44cc84f91c6b5bf5,True,1.0,1.0,1.0,1.0,1.0,1.0,1.0
9417,7bacd3cec5df553f,True,1.0,1.0,1.0,1.0,1.0,1.0,1.0
9418,91afe72955de5b85,True,1.0,1.0,0.8142009455518344,1.0,1.0,1.0,0.9225837273132643
9419,fcdcb2e456bf5360,True,1.0,1.0,0.5095533073833048,1.0,1.0,1.0,0.7956472114097104
9420,16ee6602bb5c5e99,True,1.0,1.0,1.0,1.0,1.0,1.0,1.0
9421,13fe271547945a97,True,1.0,1.0,1.0,1.0,1.0,1.0,1.0
9422,ed5defe615515789,True,1.0,1.0,0.9250912511670423,1.0,1.0,1.0,0.9687880213196008
9423,b07f7a319de35f9a,True,1.0,1.0,0.8131303630195437,1.0,1.0,1.0,0.9221376512581432
9424,68d1f5f305cf5aae,True,1.0,1.0,0.8604228572859507,1.0,1.0,0.5,0.9418428572024794
9425,20cc0fdb7e2d5c3f,True,1.0,1.0,0.9168600590729109,1.0,1.0,1.0,0.9653583579470463
9426,13da814cde3a525b,True,1.0,1.0,0.9515918805649886,1.0,1.0,1.0,0.9798299502354119
9427,fae7a01d5d815f04,True,1.0,1.0,0.9473296360313836,1.0,1.0,1.0,0.9780540150130766
9428,c30bc48417bf5354,True,1.0,1.0,0.8619255843384362,1.0,1.0,1.0,0.9424689934743484
9429,d4c4bdedcfd25465,True,1.0,1.0,0.9167870199860083,1.0,1.0,1.0,0.9653279249941701
9430,fe810492129f57a8,True,1.0,1.0,0.3619639827234771,1.0,1.0,1.0,0.7341516594681154
9431,e6095ad750805bff,True,1.0,0.0,0.0,0.0,1.0,1.0,0.0
9432,55194edb46265f3d,True,1.0,1.0,0.9406806149791012,1.0,1.0,1.0,0.9752835895746254
9433,7af63267db5c5415,True,1.0,1.0,0.7647866215986954,1.0,1.0,1.0,0.901994425666123
9434,47fae9a1708b5101,True,1.0,1.0,1.0,1.0,1.0,1.0,1.0
9435,1753feeb7c0e552c,True,0.0,1.0,0.0,0.0,1.0,1.0,0.0
9436,b50cf2a689a55433,True,1.0,1.0,1.0,0.0,1.0,1.0,0.5833333333333334
9437,8062fe1c1def5111,True,1.0,1.0,1.0,0.0,1.0,1.0,0.5833333333333334
9438,e45572ab63ef5deb,True,1.0,1.0,1.0,1.0,1.0,1.0,1.0
9439,7dbe342f2b1c57c5,True,1.0,1.0,0.8700157924727594,1.0,1.0,0.5,0.9458399135303165
9440,92c6df44cf055882,True,1.0,1.0,0.6441670926606939,1.0,1.0,1.0,0.8517362886086225
9441,1ebc11a17d925215,True,1.0,1.0,0.814925726826755,1.0,1.0,1.0,0.922885719511148
9442,ae878998fecb50a5,True,1.0,1.0,0.05499962535196878,1.0,1.0,1.0,0.6062498438966536
9443,5aac73b6f21a5a86,True,0.0,1.0,0.0,0.0,1.0,1.0,0.0
9444,f5ebfa68c2315d0c,True,0.0,1.0,0.0,0.0,1.0,1.0,0.0
9445,dde59a501b7f5f15,True,1.0,0.0,0.0,1.0,1.0,0.5,0.0
9446,73e0459194ce577f,True,1.0,1.0,1.0,1.0,1.0,1.0,1.0
9447,720c4f312c0f529e,True,1.0,1.0,1.0,1.0,1.0,1.0,1.0
9448,b83f5bd6726e5996,True,1.0,1.0,1.0,1.0,1.0,1.0,1.0
9449,66ccc68c8f755683,True,1.0,0.0,0.0,1.0,1.0,0.0,0.0
9450,76a0c83f0b6453a0,True,0.0,1.0,0.0,0.0,1.0,1.0,0.0
9451,02f1ad081f41550e,True,1.0,1.0,0.9107809016836333,1.0,1.0,0.5,0.9628253757015139
9452,5c7513fea7b45963,True,1.0,1.0,1.0,1.0,1.0,1.0,1.0
9453,27244c34c9e355c2,True,1.0,0.0,0.0,1.0,1.0,0.0,0.0
9454,bdb483626cc95b2b,True,1.0,0.0,0.0,1.0,1.0,0.5,0.0
9455,d80488b4e04c5e47,True,1.0,1.0,0.632389381596238,1.0,1.0,1.0,0.8468289089984324
9456,6b4ae810d2195d79,True,1.0,1.0,1.0,1.0,1.0,1.0,1.0
9457,8612b2c9d3875ac2,True,1.0,1.0,1.0,1.0,1.0,1.0,1.0
9458,99889a4679b15509,True,1.0,1.0,1.0,1.0,1.0,1.0,1.0
9459,6fb8d5597c8c5881,True,1.0,1.0,1.0,0.0,1.0,1.0,0.5833333333333334
9460,d618ac9cc53c573c,True,1.0,1.0,0.9270970334849271,1.0,1.0,1.0,0.969623763952053
9461,129c4e6b058a5f6d,True,1.0,0.0,0.0,1.0,1.0,1.0,0.0
9462,1fa7d30105dd5ebd,True,1.0,1.0,0.5804540958381448,1.0,1.0,1.0,0.825189206599227
9463,43a4f01072795345,True,1.0,1.0,1.0,1.0,1.0,1.0,1.0
9464,2569d386da9c54ff,True,1.0,1.0,0.8035924051251663,1.0,1.0,1.0,0.9181635021354859
9465,ee88e21932e6564f,True,1.0,1.0,1.0,1.0,1.0,1.0,1.0
9466,57076e49ca7c5570,True,1.0,0.0,0.0,1.0,1.0,1.0,0.0
9467,317f5b44a4615e30,True,1.0,1.0,0.9792868881460947,1.0,1.0,1.0,0.9913695367275395
9468,3f31d5d096f957c9,True,1.0,1.0,0.39578373917436627,1.0,1.0,1.0,0.7482432246559859
9469,47fdf7c04b155eac,True,1.0,1.0,0.7159925861612154,1.0,1.0,0.0,0.8816635775671732
9470,86018dbae1485c1c,True,0.0,1.0,0.0,0.0,1.0,1.0,0.0
9471,ebfd1e0fff105c51,True,1.0,1.0,1.0,1.0,1.0,1.0,1.0
9472,2f3cd5f3b7ee59cc,True,1.0,1.0,0.8718715876149771,1.0,1.0,1.0,0.9466131615062405
9473,6b0d21782a3b5a22,True,1.0,0.0,0.0,1.0,1.0,1.0,0.0
9474,9ba306d42ab75911,True,1.0,1.0,0.7854625883649361,1.0,1.0,1.0,0.9106094118187235
9475,f4059b9c69d5509c,True,1.0,1.0,1.0,1.0,1.0,1.0,1.0
9476,1e1f35531c5856bb,True,1.0,1.0,0.8203393678632633,1.0,1.0,1.0,0.9251414032763597
9477,e31131deed6656ea,True,1.0,1.0,1.0,1.0,1.0,1.0,1.0
9478,a1ecc6a16c2f5b5e,True,1.0,1.0,1.0,1.0,1.0,1.0,1.0
9479,68aac08d307653e5,True,1.0,1.0,0.7647186139016244,1.0,1.0,0.5,0.9019660891256769
9480,52cb88473a965bac,True,1.0,1.0,0.9136038949259384,1.0,1.0,1.0,0.9640016228858076
9481,884826032461520d,True,1.0,1.0,0.519076197456705,1.0,1.0,0.5,0.7996150822736271
9482,87554f4ef47252e4,True,0.0,1.0,0.0,0.0,1.0,1.0,0.0
9483,597fd00be3675d16,True,1.0,1.0,1.0,1.0,1.0,1.0,1.0
9484,8b608a6353a95bce,True,1.0,1.0,0.7543756341619232,1.0,1.0,1.0,0.8976565142341347
9485,54fc99ad3c555e09,True,1.0,1.0,0.8699542353660916,1.0,1.0,1.0,0.9458142647358715
9486,c133861a233a51de,True,1.0,0.0,0.0,1.0,1.0,0.5,0.0
9487,05741acd510e52f7,True,1.0,1.0,0.8871320904483048,1.0,1.0,1.0,0.9529717043534603
9488,54ab49005da25b3e,True,1.0,1.0,0.7600219815055751,1.0,1.0,1.0,0.9000091589606564
9489,87ecb477e85b5a58,True,1.0,1.0,0.9928727737638868,1.0,1.0,1.0,0.9970303224016194
9490,9324eafb3ef25fdb,True,1.0,1.0,0.8141905977473833,1.0,1.0,1.0,0.9225794157280763
9491,5009bb0ce61b5921,True,1.0,1.0,1.0,1.0,1.0,1.0,1.0
9492,81f6d1d0bc835cb3,True,1.0,1.0,0.9054543166823672,1.0,1.0,1.0,0.9606059652843196
9493,e97ba617b7c059a7,True,1.0,0.0,0.0,0.0,1.0,0.0,0.0
9494,089e8e85fb9b5f6c,True,1.0,0.0,0.0,0.0,1.0,0.5,0.0
9495,73b1bfef98ae5664,True,1.0,1.0,0.0,1.0,1.0,1.0,0.5833333333333334
9496,0eaa844dc2605267,True,1.0,1.0,0.6728238249860289,1.0,1.0,1.0,0.8636765937441787
9497,b7e7604c72e051da,True,1.0,1.0,1.0,1.0,1.0,1.0,1.0
9498,556118fe6e455038,True,1.0,1.0,0.7861269293011972,1.0,1.0,1.0,0.9108862205421655
9499,047b56d34f1d5aa0,True,1.0,1.0,0.8788585117524759,0.0,1.0,1.0,0.5328577132301983
9500,efc87f8726645319,True,1.0,1.0,0.9478869799766817,1.0,1.0,1.0,0.9782862416569508
9501,bb9c441a4c2b5791,True,1.0,1.0,1.0,1.0,1.0,1.0,1.0
9502,be7004554c8750bc,True,1.0,1.0,1.0,1.0,1.0,0.0,1.0
9503,1ea152f7056659a9,True,1.0,0.0,0.0,1.0,1.0,0.5,0.0
9504,697c73f258ef5745,True,1.0,0.0,0.0,1.0,1.0,0.0,0.0
9505,ccfe1da323ed53a9,True,1.0,1.0,0.7093136001782885,1.0,1.0,0.0,0.8788806667409536
9506,deb63152bd9453e0,True,1.0,1.0,0.7471831782106985,0.0,1.0,0.0,0.4779929909211244
9507,90c51d90c33b5cef,True,1.0,0.0,0.0,1.0,1.0,0.5,0.0
9508,7c8cb841bdfd5c56,True,1.0,1.0,1.0,1.0,1.0,1.0,1.0
9509,564b7ca4f210501e,True,1.0,1.0,0.6305843752709303,1.0,1.0,1.0,0.8460768230295542
9510,9411f5b779cb5d09,True,1.0,1.0,0.8362455074255422,1.0,1.0,1.0,0.9317689614273093
9511,aed9613a27115d52,True,1.0,1.0,1.0,1.0,1.0,1.0,1.0
9512,fd89a82cf20e5632,True,1.0,1.0,0.820278497823877,1.0,1.0,1.0,0.9251160407599487
9513,74df9f9decc45b84,True,1.0,1.0,1.0,1.0,1.0,1.0,1.0
9514,8d39d3f85647574c,True,1.0,1.0,0.9741927467971684,0.0,1.0,1.0,0.5725803111654868
9515,1ed9f27f63645f09,True,1.0,1.0,1.0,1.0,1.0,1.0,1.0
9516,803addaf65355261,True,1.0,1.0,0.8230583406040171,0.0,1.0,1.0,0.5096076419183405
9517,bf1064685f045d97,True,1.0,1.0,0.7670317416385067,1.0,1.0,1.0,0.9029298923493778
9518,08b29b05bc4650f8,True,1.0,1.0,0.861477097634103,0.0,1.0,1.0,0.5256154573475429
9519,c38319fd82be5bf0,True,1.0,1.0,0.5977240902042843,1.0,1.0,1.0,0.8323850375851185
9520,6201f6d1b5f65431,True,1.0,1.0,0.9323044874998264,1.0,1.0,1.0,0.9717935364582609
9521,fdf7643412e85c31,True,1.0,0.0,0.0,0.0,1.0,1.0,0.0
9522,92ebb72e83325bb1,True,1.0,1.0,1.0,1.0,1.0,1.0,1.0
9523,a4525819e5c25936,True,0.0,1.0,0.0,0.0,1.0,1.0,0.0
9524,12c01b203ea85b41,True,1.0,0.0,0.0,1.0,1.0,1.0,0.0
9525,535e19c081ec5c28,True,1.0,1.0,0.9204811193698218,1.0,1.0,1.0,0.9668671330707591
9526,29a576f5351a5162,True,1.0,1.0,0.7103874051390049,1.0,1.0,1.0,0.8793280854745854
9527,b14d21a164615e3e,True,1.0,1.0,1.0,0.0,1.0,1.0,0.5833333333333334
9528,1fdff45f05055069,True,1.0,1.0,0.971734925354816,1.0,1.0,1.0,0.9882228855645067
9529,cbe7b4e464235ca6,True,1.0,1.0,0.729852220357467,1.0,1.0,1.0,0.8874384251489446
9530,cf2e8812889754b1,True,1.0,1.0,1.0,1.0,1.0,1.0,1.0
9531,85c5f81a8dec5628,True,1.0,1.0,1.0,1.0,1.0,1.0,1.0
9532,06d348162e80510a,True,1.0,1.0,0.8771853493426748,1.0,1.0,1.0,0.9488272288927811
9533,5f09eaa4509f5997,True,1.0,1.0,0.46295089703516284,1.0,1.0,0.5,0.7762295404313179
9534,128e9fbd01125cc7,True,1.0,1.0,1.0,0.0,1.0,1.0,0.5833333333333334
9535,f583323fe0215871,True,1.0,1.0,0.9008089133443145,1.0,1.0,1.0,0.958670380560131
9536,2ee2b26e0f20509d,True,1.0,1.0,0.8607478205318487,1.0,1.0,1.0,0.9419782585549369
9537,de4facce62b05f57,True,1.0,1.0,0.9124994200893244,1.0,1.0,1.0,0.9635414250372185
9538,f9c0cc538bb457c8,True,1.0,1.0,1.0,1.0,1.0,1.0,1.0
9539,a84816a320d450a6,True,1.0,1.0,0.9675639710565173,1.0,1.0,1.0,0.9864849879402154
9540,342f42c4b2855ffb,True,1.0,1.0,0.5582998943956631,1.0,1.0,1.0,0.8159582893315264
9541,60f9200ffade5c53,True,1.0,1.0,1.0,1.0,1.0,1.0,1.0
9542,b04b5637f4e05625,True,1.0,1.0,0.9270088601628305,1.0,1.0,1.0,0.9695870250678459
9543,a76f3192f58250c2,True,1.0,1.0,0.8861397077075096,1.0,1.0,1.0,0.9525582115447957
9544,d6feccacc881504a,True,1.0,1.0,0.9207469009245127,1.0,1.0,1.0,0.9669778753852136
9545,081b5785002b5962,True,1.0,1.0,1.0,1.0,1.0,1.0,1.0
9546,0dd6fe46c94055ec,True,1.0,1.0,1.0,1.0,1.0,1.0,1.0
9547,3972714235c35bcc,True,0.0,1.0,0.0,0.0,1.0,1.0,0.0
9548,bca4325362c35dbd,True,1.0,1.0,1.0,1.0,1.0,1.0,1.0
9549,cd0fd62195e552da,True,1.0,1.0,0.7973975082828317,1.0,1.0,1.0,0.9155822951178466
9550,48bbe3acc93450aa,True,1.0,1.0,0.859623935279076,1.0,1.0,1.0,0.9415099730329484
9551,870da24dc798525e,True,1.0,1.0,0.8087790230771912,1.0,1.0,1.0,0.9203245929488296
9552,cefc63c820c45c3b,True,1.0,1.0,1.0,1.0,1.0,1.0,1.0
9553,99213b077bdf516b,True,1.0,1.0,0.5760709461815394,1.0,1.0,1.0,0.8233628942423081
9554,19f93eaa916d5528,True,1.0,1.0,0.8977429774791583,1.0,1.0,1.0,0.9573929072829825
9555,8ce3ec49327d572e,True,1.0,1.0,0.9556811901361991,1.0,1.0,1.0,0.9815338292234163
9556,15b0967d1dab53f8,True,1.0,1.0,1.0,1.0,1.0,1.0,1.0
9557,2fa0f34bd2da5b39,True,0.0,1.0,0.0,0.0,1.0,1.0,0.0
9558,1c62222c7c0b522f,True,1.0,1.0,0.7917851235098058,1.0,1.0,1.0,0.9132438014624191
9559,bc842040229c5e52,True,0.0,0.0,0.0,0.0,1.0,0.0,0.0
9560,b4c9294d8e3952b8,True,1.0,1.0,0.8240843987134602,1.0,1.0,1.0,0.9267018327972751
9561,a75ca6ddabc1541b,True,0.0,1.0,0.0,0.0,1.0,1.0,0.0
9562,aa10437e9b425118,True,0.0,1.0,0.0,0.0,1.0,1.0,0.0
9563,c53ae2fe6cc751e7,True,1.0,1.0,1.0,1.0,1.0,1.0,1.0
9564,0937290700b851a0,True,1.0,1.0,1.0,1.0,1.0,1.0,1.0
9565,1d6a5273610a56e6,True,0.0,1.0,0.0,0.0,1.0,1.0,0.0
9566,cfc9186dc53b5d4a,True,1.0,1.0,0.9538517560680033,1.0,1.0,1.0,0.9807715650283347
9567,cd3b8dce1faa577f,True,1.0,1.0,0.8115787076344132,1.0,1.0,1.0,0.9214911281810055
9568,2a2308354f4c5aa2,True,1.0,1.0,0.7868045885318496,1.0,1.0,1.0,0.9111685785549373
9569,d31c6e5e85b95aea,True,1.0,1.0,0.8347470787930271,1.0,1.0,1.0,0.9311446161637612
9570,5cf43f51d45c552f,True,1.0,1.0,1.0,1.0,1.0,1.0,1.0
9571,a4c23fa815945fe3,True,1.0,1.0,0.8991647630800094,1.0,1.0,1.0,0.957985317950004
9572,2e037aeeebce56df,True,1.0,1.0,0.9581088551754515,0.0,1.0,1.0,0.5658786896564382
9573,88538f4b41cc5d4a,True,1.0,0.0,0.0,0.0,1.0,1.0,0.0
9574,ea91c9a3a75f514c,True,1.0,1.0,0.8139170193609477,1.0,1.0,1.0,0.9224654247337282
9575,f68fcc74e570541d,True,1.0,1.0,0.8488627562401366,1.0,1.0,1.0,0.9370261484333903
9576,a70f950103b558b9,True,1.0,0.0,0.0,1.0,1.0,0.0,0.0
9577,976ec6840abe5733,True,1.0,1.0,0.796776601955856,1.0,1.0,1.0,0.9153235841482733
9578,852255373f315fb6,True,1.0,1.0,0.9444295271404715,1.0,1.0,1.0,0.9768456363085297
9579,be851166b6665891,True,1.0,1.0,0.8258669565012582,1.0,1.0,1.0,0.9274445652088575
9580,93080b4cb0435e4a,True,1.0,1.0,0.8378169484936071,1.0,1.0,1.0,0.932423728539003
9581,b7c35b12755c5d44,True,1.0,1.0,1.0,1.0,1.0,1.0,1.0
9582,114f66c4cf785eab,True,1.0,1.0,0.9455719704784508,1.0,1.0,1.0,0.9773216543660211
9583,dc168a56b2755e21,True,1.0,1.0,0.6325897900842162,1.0,1.0,1.0,0.8469124125350901
9584,5ebf3103a78b5e39,True,1.0,1.0,0.7878318920646941,1.0,1.0,0.5,0.9115966216936225
9585,0f6d159f5f0c52d0,True,1.0,1.0,0.5928106817335074,1.0,1.0,1.0,0.8303377840556281
9586,4bc95052d6d8547e,True,1.0,1.0,0.46992515924600686,1.0,1.0,1.0,0.7791354830191696
9587,685911b9ba8b554f,True,1.0,1.0,1.0,1.0,1.0,1.0,1.0
9588,83c72c93de355a6b,True,1.0,1.0,1.0,1.0,1.0,1.0,1.0
9589,d45f18da371a5fe5,True,1.0,1.0,0.9052481681222199,1.0,1.0,1.0,0.9605200700509249
9590,7d74c894066f5b2c,True,1.0,1.0,1.0,1.0,1.0,1.0,1.0
9591,22b526a96ad65c88,True,1.0,1.0,0.9122731185517716,1.0,1.0,1.0,0.9634471327299048
9592,3eef6c6972dd538f,True,1.0,1.0,0.9255975404630571,1.0,1.0,1.0,0.9689989751929403
9593,fe22e2c812e65096,True,1.0,1.0,0.5272591607484474,1.0,1.0,0.5,0.803024650311853
9594,dee481365b265a2d,True,1.0,1.0,0.6821868262471247,1.0,1.0,1.0,0.8675778442696354
9595,f2644280215250cd,True,1.0,1.0,1.0,1.0,1.0,1.0,1.0
9596,092e56d3db8b5e24,True,1.0,1.0,0.7723980703535929,1.0,1.0,1.0,0.9051658626473303
9597,77fa15ffcefb580e,True,1.0,1.0,0.577067714755893,1.0,1.0,1.0,0.8237782144816221
9598,b4176d2246d452ea,True,1.0,1.0,1.0,1.0,1.0,1.0,1.0
9599,e52c457d50455d0c,True,1.0,1.0,0.9781863949305628,0.0,1.0,1.0,0.5742443312210678
9600,b462af5600bf5f88,True,1.0,0.0,0.0,1.0,1.0,1.0,0.0
9601,9320c42b53b052f0,True,1.0,1.0,1.0,1.0,1.0,1.0,1.0
9602,dd83ce8b0dec51d2,True,1.0,1.0,1.0,1.0,1.0,1.0,1.0
9603,08ebfd6fbc145517,True,1.0,1.0,0.961894529566821,1.0,1.0,1.0,0.9841227206528421
9604,1e3b603ccda457c5,True,1.0,1.0,1.0,1.0,1.0,1.0,1.0
9605,265a62af0b2954a5,True,1.0,1.0,0.46921613719838184,1.0,1.0,1.0,0.7788400571659925
9606,c45fc2b353c655af,True,1.0,1.0,0.9568141258060907,1.0,1.0,1.0,0.9820058857525377
9607,a43d920a23d95caa,True,1.0,1.0,0.7384396764674129,1.0,1.0,1.0,0.891016531861422
9608,92beafb962d457db,True,0.0,1.0,0.0,0.0,1.0,1.0,0.0
9609,e97cd418ab4c5691,True,1.0,1.0,0.978007311103459,1.0,1.0,1.0,0.9908363796264412
9610,d94a8579682651b4,True,1.0,1.0,1.0,1.0,1.0,1.0,1.0
9611,10ffaee1fe81544d,True,1.0,1.0,1.0,1.0,1.0,1.0,1.0
9612,a43d45f7369d5489,True,1.0,1.0,1.0,0.0,1.0,1.0,0.5833333333333334
9613,02015675e4585611,True,1.0,1.0,0.7764607114148995,1.0,1.0,0.5,0.9068586297562081
9614,c60be3c852c55da2,True,1.0,1.0,1.0,1.0,1.0,1.0,1.0
9615,0e4dac4154695627,True,1.0,1.0,0.7126040713853027,1.0,1.0,1.0,0.8802516964105428
9616,6af09cbf5d405f49,True,1.0,1.0,0.6437857707102259,1.0,1.0,1.0,0.8515774044625942
9617,7427658d61b55fb8,True,1.0,1.0,1.0,1.0,1.0,1.0,1.0
9618,f7a5f237abcd5b04,True,0.0,1.0,0.0,0.0,1.0,1.0,0.0
9619,7edc6539f71a5a79,True,1.0,1.0,0.019182383684746736,1.0,1.0,1.0,0.5913259932019778
9620,1d33935825d8539f,True,1.0,0.0,0.0,1.0,1.0,0.0,0.0
9621,0fc626b8de655cc7,True,1.0,1.0,0.6332524691988799,1.0,1.0,1.0,0.8471885288328665
9622,4495218e41b35f25,True,1.0,1.0,1.0,1.0,1.0,1.0,1.0
9623,1013821ba47c55b3,True,1.0,1.0,0.9141598489434263,1.0,1.0,1.0,0.9642332703930943
9624,dde2ef92aa56546b,True,1.0,1.0,0.8838762695784407,1.0,1.0,1.0,0.9516151123243503
9625,12ca80cc0d575578,True,1.0,1.0,1.0,1.0,0.0,1.0,0.8333333333333334
9626,8a91af177fee5522,True,1.0,1.0,0.9404201487688774,1.0,1.0,1.0,0.9751750619870322
9627,cbcd554895c75231,True,1.0,0.0,0.0,1.0,1.0,1.0,0.0
9628,cd78333fa2c45328,True,1.0,1.0,0.9712617288497019,1.0,1.0,1.0,0.9880257203540425
9629,002672a228395a16,True,0.0,1.0,0.0,0.0,1.0,1.0,0.0
9630,a7eeec2ad80b58a1,True,1.0,1.0,0.9465333211030217,0.0,1.0,1.0,0.5610555504595923
9631,00fcad6d092c5e8e,True,0.0,1.0,0.0,0.0,1.0,1.0,0.0
9632,2f1f5a4351e15458,True,1.0,1.0,0.8793767203479186,0.0,1.0,1.0,0.5330736334782994
9633,d754cb22172b5b75,True,1.0,1.0,0.8894819942757588,0.0,1.0,1.0,0.5372841642815661
9634,048eb7efa08354e3,True,1.0,0.0,0.0,1.0,1.0,1.0,0.0
9635,fc8a40e606a25836,True,1.0,1.0,0.7257729364665191,1.0,1.0,1.0,0.8857387235277163
9636,ac7167da1d1a5342,True,0.0,1.0,0.0,0.0,1.0,1.0,0.0
9637,6b8554204c935ab0,True,1.0,1.0,1.0,1.0,1.0,1.0,1.0
9638,bb249c2d0c8a568c,True,1.0,1.0,0.9560867087733523,1.0,1.0,1.0,0.9817027953222301
9639,e26de26a56dd5d21,True,1.0,1.0,0.6160020912827381,1.0,1.0,1.0,0.8400008713678075
9640,4d7462e08df954a1,True,1.0,1.0,0.6992591793661351,1.0,1.0,1.0,0.8746913247358896
9641,b411a654aa215f1b,True,1.0,1.0,1.0,1.0,1.0,1.0,1.0
9642,851a15966923546b,True,0.0,1.0,0.0,0.0,1.0,1.0,0.0
9643,65f236a74a3d53a4,True,1.0,0.0,0.0,0.0,1.0,1.0,0.0
9644,a2c15720170d5507,True,0.0,0.0,0.0,0.0,1.0,1.0,0.0
9645,c4b1d4fabd315035,True,0.0,1.0,0.0,0.0,1.0,1.0,0.0
9646,87bf38cb3c39548d,True,0.0,1.0,0.0,0.0,1.0,1.0,0.0
9647,ea57966419605846,True,1.0,1.0,0.9660422831757836,0.0,1.0,1.0,0.5691842846565764
9648,e87f90ab04a25be9,True,1.0,1.0,0.8282146834993764,0.0,1.0,1.0,0.5117561181247402
9649,602e1bc4f8575d4e,True,1.0,0.0,0.0,1.0,1.0,0.0,0.0
9650,d05f1fb1af98505d,True,1.0,1.0,0.7025678568647082,1.0,1.0,1.0,0.8760699403602951
9651,4f67484c73e2503a,True,1.0,1.0,0.8901031778739537,1.0,1.0,1.0,0.9542096574474807
9652,f1def9ef86125c39,True,1.0,1.0,1.0,1.0,1.0,1.0,1.0
9653,35e9a9cf7fb85962,True,1.0,1.0,0.7363480445387502,1.0,1.0,1.0,0.8901450185578126
9654,05965158ab845b47,True,0.0,0.0,0.0,0.0,1.0,1.0,0.0
9655,4509bc830bbc5fbd,True,1.0,0.0,0.0,0.0,1.0,1.0,0.0
9656,8dee25a9bcb35544,True,0.0,1.0,0.0,0.0,1.0,1.0,0.0
9657,6e5ae240ac8a5862,True,1.0,0.0,0.0,0.0,1.0,1.0,0.0
9658,ade66429cb58544c,True,1.0,1.0,0.8253625073673783,1.0,1.0,1.0,0.9272343780697408
9659,f14e7ed78b5d55b4,True,1.0,0.0,0.0,1.0,1.0,1.0,0.0
9660,d2dd81d9f7665fde,True,1.0,1.0,1.0,0.0,1.0,1.0,0.5833333333333334
9661,878665ca715b53d3,True,1.0,1.0,0.9561847163859607,1.0,1.0,1.0,0.9817436318274836
9662,2b3383daa2175aa8,True,1.0,1.0,0.931616666085224,1.0,1.0,1.0,0.9715069442021766
9663,7d6f05aa48385ce8,True,1.0,1.0,1.0,1.0,1.0,1.0,1.0
9664,7af0e9b8a12056e8,True,1.0,1.0,1.0,1.0,1.0,0.5,1.0
9665,38db478c95eb5079,True,1.0,1.0,1.0,1.0,1.0,1.0,1.0
9666,305634c7b587567f,True,1.0,1.0,0.7787090909603246,1.0,1.0,1.0,0.907795454566802
9667,91496ec9ca5f5d5f,True,0.0,1.0,0.0,0.0,1.0,1.0,0.0
9668,6c903f55bc7650e1,True,1.0,1.0,0.9704142335553707,1.0,1.0,1.0,0.9876725973147377
9669,99e0c0250e6e54c5,True,1.0,1.0,0.5352910704210616,1.0,1.0,1.0,0.806371279342109
9670,8551466c8066505e,True,1.0,1.0,0.8690863747079535,1.0,1.0,1.0,0.9454526561283139
9671,dec31dc25db65e6c,True,1.0,1.0,0.7222211084735349,1.0,1.0,1.0,0.8842587951973062
9672,453be1f585b1589f,True,1.0,1.0,0.887605599447825,1.0,1.0,1.0,0.9531689997699271
9673,639ed89313465584,True,1.0,0.0,0.0,1.0,1.0,1.0,0.0
9674,583f7d0d8b27513c,True,1.0,1.0,1.0,1.0,1.0,0.0,1.0
9675,3e1dd9067b365a42,True,1.0,1.0,1.0,1.0,1.0,1.0,1.0
9676,efc8eef1e7b551d9,True,0.0,1.0,0.0,0.0,1.0,1.0,0.0
9677,5e279bb4bb105df9,True,1.0,1.0,0.7414617065974178,1.0,1.0,1.0,0.8922757110822573
9678,a9c15f8aabb65b09,True,1.0,1.0,0.7922556430718274,1.0,1.0,1.0,0.9134398512799281
9679,d165c65009785ef9,True,1.0,1.0,0.7965589205026875,1.0,1.0,1.0,0.9152328835427864
9680,a31e932f22d35521,True,1.0,1.0,1.0,1.0,1.0,1.0,1.0
9681,238f1cddb9415996,True,1.0,1.0,0.8908359291907176,1.0,1.0,1.0,0.9545149704961323
9682,08a8fc71ab1b57c2,True,1.0,1.0,1.0,0.0,1.0,1.0,0.5833333333333334
9683,ffbe4e0250f45a3a,True,1.0,0.0,0.0,1.0,1.0,1.0,0.0
9684,ccb49e301e40523f,True,1.0,1.0,0.9523684493408446,1.0,1.0,1.0,0.9801535205586852
9685,2c43056133655292,True,1.0,1.0,0.9499325276892142,1.0,1.0,1.0,0.9791385532038394
9686,7cb9260c8be35c5c,True,0.0,0.0,0.0,0.0,1.0,0.5,0.0
9687,454446c80b625c47,True,1.0,1.0,0.9269402889535504,1.0,1.0,1.0,0.9695584537306461
9688,0d6296a5295a5835,True,1.0,1.0,0.9719007235148183,1.0,1.0,1.0,0.9882919681311743
9689,436da44562c95ac0,True,1.0,1.0,1.0,1.0,1.0,1.0,1.0
9690,059ca66ac38a5c28,True,1.0,1.0,0.8202236505133074,1.0,1.0,1.0,0.925093187713878
9691,fe0a6bd36c395735,True,1.0,1.0,0.7437516587423966,1.0,1.0,1.0,0.8932298578093318
9692,7900996a42f35f67,True,1.0,0.0,0.0,1.0,1.0,1.0,0.0
9693,50433807834059b1,True,1.0,1.0,0.801573139704734,0.0,1.0,1.0,0.5006554748769725
9694,ee741b93dca35dd4,True,1.0,1.0,0.8258033331177446,1.0,1.0,1.0,0.9274180554657269
9695,5e80270349cb530c,True,1.0,1.0,1.0,1.0,1.0,1.0,1.0
9696,575317389c085760,True,1.0,1.0,0.8514120273797144,1.0,1.0,1.0,0.9380883447415478
9697,eddb4834d5e459c6,True,1.0,1.0,0.8094364705622636,1.0,1.0,1.0,0.9205985294009432
9698,5b20163cab175e68,True,1.0,1.0,0.9063051921043216,0.0,1.0,1.0,0.5442938300434673
9699,a5b24b47fef85a1b,True,1.0,1.0,0.8974152314931733,1.0,1.0,0.5,0.9572563464554888
9700,65cf19209dc55631,True,1.0,1.0,0.7515467477528623,1.0,1.0,1.0,0.8964778115636927
9701,c3e80fd14bce51a0,True,1.0,0.0,0.0,1.0,1.0,1.0,0.0
9702,037b976caae85af5,True,1.0,1.0,0.6949425662319305,1.0,1.0,1.0,0.8728927359299711
9703,578a5ef598b9521f,True,1.0,1.0,1.0,1.0,1.0,1.0,1.0
9704,4e60581353585fdc,True,1.0,0.0,0.0,1.0,1.0,1.0,0.0
9705,90f8fafcb5715404,True,1.0,1.0,0.7425396580927488,1.0,1.0,1.0,0.8927248575386454
9706,dfb6fbca92bb5183,True,1.0,1.0,0.8478997257409062,1.0,1.0,1.0,0.9366248857253776
9707,91fbe6fb1a3d5717,True,1.0,1.0,1.0,1.0,1.0,1.0,1.0
9708,043839beb58a5dad,True,1.0,1.0,0.8757560914563299,1.0,1.0,1.0,0.9482317047734709
9709,3ffea9df17af502b,True,1.0,1.0,1.0,0.0,1.0,1.0,0.5833333333333334
9710,7404939e443458cc,True,1.0,1.0,1.0,1.0,1.0,1.0,1.0
9711,4668c53b54255008,True,1.0,1.0,0.9453002234067152,0.0,1.0,1.0,0.560541759752798
9712,9e4febcde4875181,True,1.0,1.0,0.49547563166159586,1.0,1.0,1.0,0.7897815131923317
9713,eb19160d56255b73,True,1.0,1.0,0.8711442852050095,1.0,1.0,1.0,0.9463101188354206
9714,4ceacfb6be565ab3,True,1.0,1.0,0.5109527745164743,1.0,1.0,0.5,0.7962303227151976
9715,263f5537c4f85b38,True,1.0,1.0,0.8379782159927968,1.0,1.0,1.0,0.9324909233303321
9716,d961e40cb8185341,True,1.0,1.0,0.9428499878263802,0.0,1.0,1.0,0.5595208282609917
9717,f1992f61c13e5998,True,1.0,1.0,0.9350858100574962,1.0,1.0,1.0,0.9729524208572901
9718,1f57ce2072e25edb,True,1.0,1.0,0.9101389861220585,1.0,1.0,1.0,0.962557910884191
9719,f4f1692fee475afa,True,1.0,1.0,0.9374922612835209,1.0,1.0,1.0,0.9739551088681337
9720,0fa9d28a2e58550c,True,1.0,1.0,0.8702842937502714,1.0,1.0,1.0,0.9459517890626131
9721,652e91c4f9b1505a,True,1.0,0.0,0.0,1.0,1.0,1.0,0.0
9722,28cd9541bc35593f,True,1.0,0.0,0.0,1.0,1.0,1.0,0.0
9723,0bced38a12a352c4,True,1.0,1.0,1.0,1.0,1.0,1.0,1.0
9724,a8fb178e35d25d73,True,1.0,0.0,0.0,0.0,1.0,0.0,0.0
9725,cf0aec572cdd543e,True,0.0,1.0,0.0,0.0,1.0,1.0,0.0
9726,71531dafe28052ac,True,1.0,1.0,0.9081835202927535,1.0,1.0,1.0,0.961743133455314
9727,e6e40103bfcb539e,True,1.0,1.0,1.0,1.0,1.0,1.0,1.0
9728,b15572e37ce95d98,True,1.0,1.0,1.0,1.0,1.0,1.0,1.0
9729,f9349f5d723b5421,True,1.0,1.0,0.5799534330491667,1.0,1.0,1.0,0.8249805971038194
9730,1e9a42ef8f4057a6,True,1.0,0.0,0.0,1.0,1.0,1.0,0.0
9731,aca9ba55e052575b,True,1.0,1.0,0.7898900469561584,1.0,1.0,1.0,0.9124541862317326
9732,c95f17dbae835b51,True,1.0,1.0,0.7908228318361908,1.0,1.0,1.0,0.9128428465984127
9733,6de13c6c9af05cac,True,1.0,1.0,0.8014635795946692,1.0,1.0,1.0,0.9172764914977788
9734,cc54b0f77c84506d,True,1.0,1.0,1.0,0.0,1.0,1.0,0.5833333333333334
9735,e8d654d610fa547f,True,1.0,1.0,1.0,0.0,1.0,1.0,0.5833333333333334
9736,5f3fbfc334c0579c,True,1.0,1.0,1.0,0.0,1.0,1.0,0.5833333333333334
9737,f1dabe118a6955d6,True,0.0,1.0,0.0,0.0,1.0,1.0,0.0
9738,ee461de4700c5148,True,1.0,1.0,0.7274099204185884,1.0,1.0,0.0,0.8864208001744118
9739,94b9b31c975a5796,True,1.0,1.0,0.7888872265708917,1.0,1.0,0.5,0.9120363444045383
9740,1cff6bb966075bc7,True,1.0,1.0,1.0,1.0,1.0,1.0,1.0
9741,fee60d4bd08f550a,True,1.0,1.0,1.0,1.0,1.0,1.0,1.0
9742,6f393be3019c508a,True,1.0,0.0,0.0,1.0,1.0,1.0,0.0
9743,0057ce5b81c35a81,True,1.0,1.0,1.0,1.0,1.0,1.0,1.0
9744,2274256d3852572f,True,0.5,1.0,0.40275938469069905,0.0,1.0,1.0,0.16724153847722897
9745,dcb18ea8a7ea5d66,True,1.0,1.0,1.0,0.0,1.0,1.0,0.5833333333333334
9746,213c18fea71457d2,True,1.0,1.0,0.6847637567648707,1.0,1.0,1.0,0.8686515653186961
9747,157c6c5b1b9d5608,True,0.0,1.0,0.0,0.0,1.0,1.0,0.0
9748,3c24bf88e9b150dd,True,1.0,1.0,0.027606769837545977,1.0,1.0,1.0,0.5948361540989775
9749,fd63045289ac5df7,True,1.0,1.0,1.0,1.0,1.0,1.0,1.0
9750,60f2c00b9ced513f,True,1.0,1.0,0.9557921998905419,1.0,1.0,1.0,0.9815800832877258
9751,0c38a8ace1f5548e,True,1.0,1.0,0.8440046998520733,1.0,1.0,1.0,0.9350019582716973
9752,3b185264ec565b67,True,1.0,1.0,1.0,1.0,1.0,1.0,1.0
9753,1f2f210163c358f8,True,0.0,1.0,0.0,0.0,1.0,1.0,0.0
9754,f4da0138413c595a,True,1.0,1.0,1.0,1.0,1.0,1.0,1.0
9755,10db4b6fe64b5c10,True,0.0,0.0,0.0,0.0,1.0,0.5,0.0
9756,8d62f19202505230,True,1.0,1.0,1.0,1.0,1.0,1.0,1.0
9757,36e98388f7a35159,True,1.0,1.0,1.0,1.0,1.0,1.0,1.0
9758,ddaf241c401e560a,True,1.0,1.0,0.6776635094871675,1.0,1.0,1.0,0.8656931289529864
9759,8704f4971e305ed3,True,1.0,0.0,0.0,1.0,1.0,0.5,0.0
9760,842c341a579a525e,True,1.0,1.0,1.0,0.0,1.0,1.0,0.5833333333333334
9761,a9e622747fc45a0a,True,1.0,1.0,0.9823212652981645,1.0,1.0,1.0,0.9926338605409019
9762,ba84537a483f508a,True,1.0,1.0,0.6920998275328334,1.0,1.0,1.0,0.8717082614720139
9763,d1af94a471135add,True,1.0,1.0,0.8576243827374209,1.0,1.0,1.0,0.9406768261405921
9764,1afdce6720e45022,True,1.0,0.0,0.0,1.0,1.0,1.0,0.0
9765,1e98fee7a7cc5254,True,1.0,1.0,0.8128101923770243,1.0,1.0,1.0,0.9220042468237603
9766,07846b829b3a575e,True,1.0,1.0,0.7297354198683633,1.0,1.0,1.0,0.8873897582784848
9767,bbf8fd8a87565e05,True,1.0,1.0,1.0,1.0,1.0,1.0,1.0
9768,d31b4eb761a15872,True,1.0,1.0,0.9834109019395564,0.0,1.0,1.0,0.5764212091414819
9769,2f7f6af0b98354be,True,1.0,1.0,0.9469439463568363,1.0,1.0,1.0,0.9778933109820152
9770,b770bd5be66d5339,True,0.0,1.0,0.0,0.0,1.0,1.0,0.0
9771,2cd2afde48275675,True,1.0,1.0,0.8259200489134779,1.0,1.0,1.0,0.9274666870472824
9772,6e190fde9f8958f1,True,1.0,1.0,1.0,0.0,1.0,1.0,0.5833333333333334
9773,2e1835a7c6445310,True,1.0,1.0,1.0,0.0,1.0,1.0,0.5833333333333334
9774,47ece51118f95d1d,True,1.0,1.0,1.0,0.0,1.0,1.0,0.5833333333333334
9775,1c0c94dbcd5359fc,True,1.0,1.0,0.5192977652849329,1.0,1.0,1.0,0.7997074022020554
9776,dff44219172a5f99,True,1.0,1.0,1.0,1.0,1.0,1.0,1.0
9777,4db7ecab510656e1,True,1.0,1.0,0.9426064476515362,1.0,1.0,1.0,0.9760860198548068
9778,3265e31c65705a5f,True,1.0,1.0,1.0,1.0,1.0,1.0,1.0
9779,7f2934ac111854f5,True,1.0,1.0,1.0,1.0,1.0,1.0,1.0
9780,77f9c895af8b59f3,True,1.0,1.0,1.0,1.0,1.0,1.0,1.0
9781,1f13bc7f674b5ebe,True,1.0,1.0,1.0,1.0,1.0,1.0,1.0
9782,40c5ce24f85a5540,True,1.0,1.0,1.0,0.0,1.0,1.0,0.5833333333333334
9783,a0bc34982a4555ac,True,1.0,1.0,0.4652610485277358,1.0,1.0,1.0,0.7771921035532232
9784,cc063cc1396551a6,True,1.0,1.0,0.8004651100739034,1.0,1.0,1.0,0.916860462530793
9785,8a9ecc24c4f25c3c,True,1.0,1.0,1.0,0.0,1.0,1.0,0.5833333333333334
9786,684a977a365b5e73,True,1.0,1.0,1.0,1.0,1.0,1.0,1.0
9787,153ae46b6ba65721,True,1.0,1.0,1.0,1.0,1.0,1.0,1.0
9788,e2fe8539502a5fd1,True,1.0,1.0,0.9544484184428487,1.0,1.0,1.0,0.9810201743511869
9789,83242e2595a85111,True,1.0,1.0,0.8955134215538738,1.0,1.0,1.0,0.9564639256474474
9790,9d9762d42ff5561d,True,1.0,0.0,0.0,1.0,1.0,0.0,0.0
9791,9cd4479e1a9355a1,True,1.0,1.0,1.0,1.0,1.0,1.0,1.0
9792,0c8b9f08bfa25dc2,True,1.0,1.0,1.0,1.0,1.0,1.0,1.0
9793,fc9b5914f47e58fe,True,1.0,1.0,0.7536690993780316,1.0,1.0,1.0,0.8973621247408464
9794,bb4f37403cea5b0e,True,1.0,1.0,0.7684470426928253,1.0,1.0,1.0,0.9035196011220106
9795,2d0334f7e7d75853,True,1.0,1.0,1.0,1.0,1.0,1.0,1.0
9796,f1ceb70bd72a5048,True,1.0,1.0,0.008912229818619301,1.0,1.0,1.0,0.5870467624244248
9797,9ba2570d6743526a,True,1.0,1.0,1.0,1.0,1.0,1.0,1.0
9798,ab807bda4fdd5274,True,1.0,1.0,1.0,1.0,1.0,1.0,1.0
9799,3b0d2b5f50f752c7,True,1.0,1.0,1.0,0.0,1.0,1.0,0.5833333333333334
9800,66f664c031765c74,True,1.0,1.0,0.6429934117076253,1.0,1.0,1.0,0.8512472548781771
9801,f91b769af7815ea5,True,1.0,1.0,0.7335920962501896,1.0,1.0,1.0,0.8889967067709122
9802,c67262b6c33b5b0f,True,1.0,1.0,0.5373935753338862,1.0,1.0,1.0,0.807247323055786
9803,252522eebf5e5dc1,True,1.0,1.0,1.0,1.0,1.0,1.0,1.0
9804,b1906c6b8b8f5f56,True,1.0,1.0,1.0,1.0,1.0,1.0,1.0
9805,702351f9d23159ad,True,1.0,1.0,1.0,0.0,1.0,1.0,0.5833333333333334
9806,e0bb2b04e9455fa6,True,1.0,1.0,0.7343016768056736,1.0,1.0,1.0,0.8892923653356973
9807,221199c4bcef5e62,True,1.0,1.0,1.0,1.0,1.0,1.0,1.0
9808,76031bb4f8f7566d,True,1.0,1.0,0.8883516278512049,1.0,1.0,1.0,0.953479844938002
9809,5d78f0d383a95860,True,1.0,1.0,0.7844241702342821,1.0,1.0,1.0,0.9101767375976175
9810,92c38e520e515a8a,True,1.0,1.0,1.0,1.0,1.0,1.0,1.0
9811,02e3c13aa3975b02,True,1.0,1.0,0.8781665340621524,1.0,1.0,1.0,0.9492360558592301
9812,6b72426a8dd155bb,True,1.0,0.0,0.0,1.0,1.0,1.0,0.0
9813,768ae2e06b1e5d90,True,1.0,1.0,0.9970020684477875,1.0,1.0,1.0,0.9987508618532447
9814,f3931b33198d5570,True,1.0,1.0,1.0,1.0,1.0,1.0,1.0
9815,ffcbea07e13e540d,True,0.0,1.0,0.0,0.0,1.0,1.0,0.0
9816,6dd8c9210247547d,True,1.0,0.0,0.0,1.0,1.0,0.5,0.0
9817,e36762528cdb5e37,True,1.0,1.0,1.0,1.0,1.0,1.0,1.0
9818,5fde0c8c8f4b5ecb,True,1.0,1.0,0.7113104355136234,1.0,1.0,0.0,0.8797126814640097
9819,a5de46cebb7d5260,True,1.0,1.0,0.6547714135768034,1.0,1.0,1.0,0.8561547556570014
9820,914113b241ca5e51,True,1.0,1.0,0.8574013663574416,1.0,1.0,1.0,0.940583902648934
9821,3748f0fadf395c8a,True,1.0,1.0,0.8304038890788641,0.0,1.0,1.0,0.5126682871161934
9822,43761f0721035214,True,0.0,1.0,0.0,0.0,1.0,1.0,0.0
9823,6bcfc8d05b4c5d96,True,0.0,1.0,0.0,0.0,1.0,1.0,0.0
9824,833545ff73da5eb5,True,1.0,0.0,0.0,0.0,1.0,0.0,0.0
9825,cfdeb32366475b04,True,1.0,1.0,1.0,1.0,1.0,0.5,1.0
9826,0a887c5364a457cd,True,1.0,1.0,0.9464233361805429,1.0,1.0,1.0,0.9776763900752261
9827,dc6df220730c599a,True,1.0,1.0,1.0,1.0,1.0,1.0,1.0
9828,2b65a8a29c455d00,True,1.0,1.0,0.7397152348887398,1.0,1.0,1.0,0.891548014536975
9829,e859a9e666c15716,True,1.0,1.0,0.7022694961372568,1.0,1.0,1.0,0.8759456233905237
9830,bf72d4d6b25f5b27,True,1.0,1.0,1.0,1.0,1.0,1.0,1.0
9831,162436ec6cca53a4,True,1.0,1.0,0.8380784473129499,1.0,1.0,1.0,0.9325326863803958
9832,3ea7ba225643556d,True,1.0,0.0,0.0,1.0,1.0,1.0,0.0
9833,f91ece9be7be56f6,True,1.0,1.0,0.8722941292016777,1.0,1.0,1.0,0.946789220500699
9834,95612e81595b568f,True,1.0,1.0,1.0,1.0,1.0,1.0,1.0
9835,6a9642ab1a745aac,True,1.0,1.0,0.7260387039002318,1.0,1.0,1.0,0.8858494599584299
9836,4a1f69f3821e5ac5,True,1.0,1.0,1.0,1.0,1.0,0.0,1.0
9837,4ba033878f8b5284,True,1.0,1.0,0.6423655373193206,1.0,1.0,1.0,0.8509856405497169
9838,315e61d0629c54d6,True,1.0,0.0,0.0,1.0,1.0,1.0,0.0
9839,2adba5d32c3a560f,True,1.0,1.0,0.7596580149528713,1.0,1.0,1.0,0.899857506230363
9840,6011fd3aa3a85fa1,True,1.0,1.0,0.9526010211098531,1.0,1.0,1.0,0.9802504254624388
9841,1db88198fce854da,True,1.0,1.0,0.7951096161099127,1.0,1.0,1.0,0.9146290067124636
9842,80cbc88e2410561e,True,1.0,1.0,0.49091781134371215,1.0,1.0,1.0,0.7878824213932134
9843,2c76300c674f5769,True,1.0,1.0,0.8246077758632095,1.0,1.0,1.0,0.9269199066096707
9844,75f91ced021c543e,True,1.0,1.0,0.918978071129698,1.0,1.0,1.0,0.9662408629707074
9845,e16f6f634adf50d3,True,1.0,1.0,1.0,1.0,1.0,1.0,1.0
9846,40726c708b17504a,True,1.0,1.0,0.903613214527314,1.0,1.0,1.0,0.9598388393863808
9847,dadaa10f428c501e,True,1.0,0.0,0.0,1.0,1.0,1.0,0.0
9848,33bfb486ff965e4b,True,1.0,1.0,1.0,1.0,1.0,1.0,1.0
9849,255be1c4910b506e,True,1.0,1.0,0.6093790990869087,1.0,1.0,1.0,0.837241291286212
9850,998a30325ca25437,True,1.0,1.0,1.0,0.0,1.0,1.0,0.5833333333333334
9851,6919cfa3396a52ff,True,1.0,1.0,1.0,1.0,1.0,1.0,1.0
9852,6922b2ea23cd51a3,True,1.0,1.0,1.0,1.0,1.0,1.0,1.0
9853,569f53e485335820,True,1.0,1.0,0.8218705935253344,1.0,1.0,1.0,0.9257794139688894
9854,f32e1b068c3351eb,True,1.0,1.0,0.9750044223029849,1.0,1.0,1.0,0.9895851759595771
9855,e82fe0d7d02054b8,True,1.0,1.0,1.0,0.0,1.0,1.0,0.5833333333333334
9856,189b5f98f6e6549c,True,1.0,1.0,1.0,1.0,1.0,1.0,1.0
9857,bd6d465e3fe95e7c,True,0.0,1.0,0.0,0.0,1.0,1.0,0.0
9858,bd4dcb8371d85f1d,True,1.0,1.0,1.0,0.0,1.0,1.0,0.5833333333333334
9859,f6483f2f9126533f,True,1.0,1.0,0.6770650310043972,1.0,1.0,1.0,0.8654437629184989
9860,1fc48e89034758e7,True,1.0,1.0,0.755222133871067,1.0,1.0,1.0,0.8980092224462779
9861,11aef9f936f45518,True,1.0,0.0,0.0,1.0,1.0,1.0,0.0
9862,2a5a7c87bce352a7,True,1.0,1.0,0.8768385301164843,1.0,1.0,1.0,0.9486827208818683
9863,024d012881be5995,True,1.0,1.0,0.7753872017502617,1.0,1.0,1.0,0.906411334062609
9864,97f7a14f8a835f59,True,1.0,1.0,1.0,1.0,1.0,1.0,1.0
9865,c67995ef5ccc58c6,True,1.0,1.0,0.7345656747912861,1.0,1.0,1.0,0.8894023644963692
9866,d6015087928d57e8,True,1.0,1.0,0.7995974907535216,1.0,1.0,1.0,0.916498954480634
9867,11650e6f32715f8f,True,1.0,0.0,0.0,1.0,1.0,1.0,0.0
9868,59dcc37e3f235412,True,0.0,1.0,0.0,0.0,1.0,1.0,0.0
9869,ba8f7c5757365a36,True,0.0,1.0,0.0,0.0,1.0,1.0,0.0
9870,2ca1cea5e7bf5219,True,0.0,1.0,0.0,0.0,1.0,1.0,0.0
9871,45d416b638f95a9c,True,1.0,1.0,0.7920985881420791,1.0,1.0,0.0,0.9133744117258663
9872,c46978b319c7533d,True,1.0,1.0,0.7985988464907753,1.0,1.0,0.5,0.9160828527044896
9873,e2acd907240850a3,True,1.0,1.0,0.7546069192232489,1.0,1.0,1.0,0.8977528830096869
9874,6907c80d73775279,True,1.0,1.0,1.0,0.0,1.0,1.0,0.5833333333333334
9875,b0ec3fbe5d07514d,True,1.0,1.0,0.6366408769630946,1.0,1.0,1.0,0.8486003654012894
9876,7857a22b3bc85bb4,True,1.0,1.0,0.9596386679183986,1.0,1.0,1.0,0.9831827782993328
9877,4f8d9bfa869553bb,True,1.0,1.0,1.0,0.0,1.0,0.0,0.5833333333333334
9878,ec1dd3d02f035d78,True,1.0,1.0,1.0,0.0,1.0,1.0,0.5833333333333334
9879,fd525d3c25b15c97,True,1.0,1.0,0.8515585273033348,1.0,1.0,1.0,0.9381493863763896
9880,11ba25cefa3b5a5e,True,0.0,1.0,0.0,0.0,1.0,1.0,0.0
9881,36a7254be1af5120,True,1.0,1.0,0.9499306663186727,1.0,1.0,1.0,0.9791377776327804
9882,11d702a710115591,True,1.0,1.0,1.0,1.0,1.0,1.0,1.0
9883,209069959e1d5531,True,1.0,1.0,0.8133191603903649,1.0,1.0,1.0,0.9222163168293186
9884,33c848df67305ec1,True,1.0,1.0,1.0,1.0,1.0,1.0,1.0
9885,c84db99f6a4f51ae,True,1.0,1.0,0.7518739516947812,1.0,1.0,1.0,0.8966141465394921
9886,e0cc59c7dc8c50bd,True,1.0,1.0,0.8869363229980566,0.0,1.0,1.0,0.536223467915857
9887,08226b91e42858de,True,1.0,1.0,1.0,1.0,1.0,1.0,1.0
9888,46e614a434b650e3,True,1.0,1.0,0.7138566598018602,1.0,1.0,1.0,0.8807736082507751
9889,2dbf2462b447576f,True,1.0,0.0,0.0,1.0,1.0,1.0,0.0
9890,8e9f743d92c05d10,True,1.0,1.0,1.0,0.0,1.0,1.0,0.5833333333333334
9891,71adcc94aa6856a6,True,1.0,1.0,1.0,1.0,1.0,1.0,1.0
9892,88c0bfe353235280,True,1.0,0.0,0.0,1.0,1.0,0.0,0.0
9893,3a0e2f53c9585e94,True,1.0,0.0,0.0,1.0,1.0,1.0,0.0
9894,68ba851239655c3a,True,1.0,1.0,0.2399496847029953,1.0,1.0,1.0,0.683312368626248
9895,81a0a6181d335250,True,0.0,1.0,0.0,0.0,1.0,1.0,0.0
9896,0d472b2f14735fd1,True,1.0,1.0,1.0,0.0,1.0,1.0,0.5833333333333334
9897,615329a491785c3a,True,1.0,1.0,1.0,1.0,1.0,1.0,1.0
9898,9fe07284cb3f5e0a,True,1.0,1.0,0.8315679335082794,1.0,1.0,1.0,0.9298199722951165
9899,b958e6967993560f,True,1.0,1.0,1.0,1.0,1.0,1.0,1.0
9900,cf45427178d25b3d,True,1.0,1.0,0.8043746048841464,1.0,1.0,1.0,0.9184894187017276
9901,85865789fb545e3c,True,1.0,1.0,0.967238978539849,1.0,1.0,1.0,0.9863495743916038
9902,91fc00df56ae5aca,True,1.0,1.0,0.7529910080879891,1.0,1.0,1.0,0.8970795867033288
9903,27d74807a89a5268,True,1.0,1.0,1.0,1.0,1.0,1.0,1.0
9904,082ea12d7b2355cb,True,0.0,0.0,0.0,0.0,1.0,1.0,0.0
9905,ef11e35afed25326,True,1.0,1.0,0.7040062637654249,1.0,1.0,1.0,0.876669276568927
9906,27209d511a785510,True,1.0,1.0,0.7776973736781974,1.0,1.0,1.0,0.907373905699249
9907,9d7030a6966b54cd,True,1.0,1.0,0.029436705389449067,1.0,1.0,1.0,0.5955986272456038
9908,a5d356da90d05835,True,1.0,1.0,0.8456702815463003,0.0,1.0,1.0,0.5190292839776252
9909,175fc3cad7805262,True,1.0,1.0,0.8522257212181396,1.0,1.0,1.0,0.9384273838408914
9910,063f7dfe767d55aa,True,1.0,0.0,0.0,1.0,1.0,1.0,0.0
9911,2da6f8c86c135473,True,1.0,1.0,0.8222065607575588,1.0,1.0,1.0,0.9259194003156495
9912,56b0ed5018c25d3f,True,1.0,1.0,1.0,1.0,1.0,0.0,1.0
9913,d90cd23a434f5c55,True,1.0,1.0,1.0,1.0,1.0,1.0,1.0
9914,322023693f1f5f55,True,1.0,1.0,0.0007528539953149944,1.0,1.0,1.0,0.5836470224980479
9915,93ff1c769e6f5507,True,1.0,0.0,0.0,1.0,1.0,0.0,0.0
9916,d2ce22d49c4c5166,True,1.0,1.0,1.0,1.0,1.0,1.0,1.0
9917,070b688b49225760,True,1.0,1.0,1.0,1.0,1.0,1.0,1.0
9918,bfcbb192c11b5736,True,1.0,1.0,0.797351245292483,1.0,1.0,1.0,0.9155630188718679
9919,e0416692bc5251ba,True,1.0,1.0,0.8770725059228515,1.0,1.0,1.0,0.9487802108011881
9920,2ad650691b5d58f0,True,1.0,0.0,0.0,1.0,1.0,1.0,0.0
9921,dd07f89bea6f5147,True,1.0,0.0,0.0,1.0,1.0,1.0,0.0
9922,03f248caa9c35a98,True,1.0,1.0,1.0,1.0,1.0,1.0,1.0
9923,4cca4c982f9855c5,True,1.0,1.0,1.0,1.0,1.0,1.0,1.0
9924,13848a5be84f5a4a,True,1.0,1.0,0.8607029656065781,1.0,1.0,1.0,0.9419595690027408
9925,f211c8127aff5246,True,1.0,1.0,1.0,1.0,1.0,1.0,1.0
9926,baeb667505f850af,True,1.0,1.0,1.0,1.0,1.0,1.0,1.0
9927,8afbc18a03e2572f,True,1.0,1.0,0.934484948761618,1.0,1.0,1.0,0.9727020619840075
9928,48b2f85cc68c5a0a,True,1.0,1.0,0.9740313164381846,0.0,1.0,1.0,0.5725130485159102
9929,350a93fe67645bf1,True,1.0,1.0,0.7960194139137463,1.0,1.0,1.0,0.9150080891307276
9930,7fcd06d455d55572,True,1.0,1.0,0.7544428447670983,1.0,1.0,1.0,0.8976845186529575
9931,1844ec136eb05d57,True,1.0,0.0,0.0,1.0,1.0,1.0,0.0
9932,1854229ce0305578,True,1.0,0.0,0.0,1.0,1.0,1.0,0.0
9933,10779d3fd7815d2f,True,1.0,1.0,0.8199537446899349,1.0,1.0,1.0,0.9249807269541396
9934,77ebf0edb75c5b69,True,1.0,1.0,0.9361623692098656,1.0,1.0,1.0,0.9734009871707773
9935,661ce644db6d5546,True,1.0,1.0,1.0,1.0,1.0,0.5,1.0
9936,7dae0a8be0545755,True,1.0,1.0,0.3109509542582035,1.0,1.0,1.0,0.7128962309409181
9937,635d0bb58aa95282,True,1.0,1.0,0.6333040616525459,1.0,1.0,0.5,0.8472100256885607
9938,e9f68a55225a536c,True,1.0,1.0,0.9627672387940752,1.0,1.0,1.0,0.9844863494975313
9939,a911eef9f873522a,True,0.5,1.0,0.4053327769962967,0.0,1.0,1.0,0.1677776618742285
9940,861805c4ff585f84,True,1.0,0.0,0.0,1.0,1.0,0.5,0.0
9941,a30baeb5294658b3,True,1.0,1.0,0.9079473072101467,1.0,1.0,1.0,0.9616447113375611
9942,844da9644e225af5,True,1.0,1.0,1.0,1.0,1.0,1.0,1.0
9943,000926dda92d592d,True,1.0,1.0,1.0,0.0,1.0,1.0,0.5833333333333334
9944,277f191c94b952f3,True,0.0,0.0,0.0,0.0,1.0,1.0,0.0
9945,ac2da3da332b5a04,True,1.0,1.0,0.8977006397769118,1.0,1.0,1.0,0.9573752665737132
9946,ecbe3bf1006155c7,True,0.0,1.0,0.0,0.0,1.0,1.0,0.0
9947,fdcbf84507845615,True,1.0,1.0,0.8962789761763377,1.0,1.0,1.0,0.9567829067401407
9948,0192c3bca9ca5c67,True,1.0,1.0,0.9293306837988701,1.0,1.0,1.0,0.9705544515828626
9949,5ee074d138be53d4,True,1.0,1.0,1.0,1.0,1.0,1.0,1.0
9950,91081d9b9b0452b9,True,1.0,1.0,1.0,1.0,1.0,1.0,1.0
9951,807c1ce92e235b11,True,1.0,1.0,1.0,1.0,1.0,1.0,1.0
9952,e2116f0f33b25eb5,True,1.0,1.0,1.0,1.0,1.0,1.0,1.0
9953,a96c1b6145ca513e,True,1.0,1.0,0.8399377014183437,1.0,1.0,1.0,0.9333073755909765
9954,2c7e5f987d5752c7,True,1.0,0.0,0.0,1.0,1.0,0.5,0.0
9955,7b8bb16c6e9b512c,True,1.0,1.0,0.824911088242219,1.0,1.0,1.0,0.9270462867675913
9956,4310513b861550dc,True,1.0,1.0,0.9159750605681712,1.0,1.0,1.0,0.9649896085700713
9957,95c73c4a8d775324,True,1.0,1.0,0.7179904325109897,1.0,1.0,1.0,0.8824960135462456
9958,c460ec097ed958a2,True,1.0,1.0,1.0,1.0,1.0,1.0,1.0
9959,4d88ae43c2f55d96,True,0.0,1.0,0.0,0.0,1.0,1.0,0.0
9960,1081728e06ca5239,True,1.0,1.0,1.0,1.0,1.0,1.0,1.0
9961,873e80bc10d156ea,True,1.0,1.0,0.8439714371420844,1.0,1.0,1.0,0.9349880988092019
9962,7648e7b33ecf55d5,True,1.0,1.0,0.9978991138463496,1.0,1.0,1.0,0.9991246307693123
9963,ed9a6ef4e38b58ec,True,1.0,1.0,0.8352551128562706,1.0,1.0,1.0,0.931356297023446
9964,68b64b027ed2512a,True,1.0,0.0,0.0,1.0,1.0,1.0,0.0
9965,c2aa6f44aad45549,True,1.0,1.0,1.0,1.0,1.0,1.0,1.0
9966,b1ce459acfb95179,True,1.0,1.0,0.9578707505596723,1.0,1.0,1.0,0.9824461460665302
9967,cdd72f4a568a55a0,True,0.0,1.0,0.0,0.0,1.0,1.0,0.0
9968,9b4cfcda4a755b05,True,1.0,1.0,0.9742953814006109,1.0,1.0,1.0,0.9892897422502545
9969,42a04da3bc0351e1,True,1.0,1.0,0.7393035072067733,1.0,1.0,1.0,0.8913764613361556
9970,742456f4f1c65425,True,0.0,1.0,0.0,0.0,1.0,1.0,0.0
9971,0c54c8dfbe56567f,True,1.0,1.0,0.8978216967473283,1.0,1.0,1.0,0.9574257069780535
9972,e06567ac03815716,True,1.0,1.0,1.0,1.0,1.0,1.0,1.0
9973,18f485e808bf58da,True,1.0,1.0,0.8529264516016081,1.0,1.0,1.0,0.9387193548340034
9974,7e9f20074e1b5e68,True,1.0,1.0,0.8138718210388818,1.0,1.0,1.0,0.9224465920995341
9975,29163817326a5eab,True,1.0,0.0,0.0,1.0,1.0,1.0,0.0
9976,53ab46d6ca9d5b68,True,1.0,1.0,1.0,1.0,1.0,1.0,1.0
9977,68ca75d95a615a5d,True,1.0,1.0,0.9434305698681708,1.0,1.0,1.0,0.9764294041117378
9978,97b8b4204a2a5484,True,1.0,1.0,1.0,1.0,1.0,1.0,1.0
9979,70da6b21101d555f,True,1.0,1.0,1.0,1.0,1.0,0.5,1.0
9980,6884907db45c5cad,True,1.0,1.0,1.0,1.0,1.0,1.0,1.0
9981,132cc1207858500c,True,1.0,1.0,0.7319710374712647,1.0,1.0,1.0,0.888321265613027
9982,8a808765078856bf,True,1.0,1.0,0.8407490411103755,0.0,1.0,1.0,0.5169787671293231
9983,cadeb92fe01652e3,True,1.0,1.0,0.8711291932794878,1.0,1.0,0.5,0.94630383053312
9984,15cd405711fa54f8,True,1.0,1.0,0.90290299044957,1.0,1.0,1.0,0.9595429126873208
9985,63ec12363eef5e89,True,1.0,1.0,0.8391993877877132,1.0,1.0,1.0,0.9329997449115472
9986,c9628d0526bb58c5,True,1.0,1.0,0.7748193460709787,1.0,1.0,1.0,0.9061747275295744
9987,d57d041213c554d3,True,0.0,1.0,0.0,0.0,1.0,1.0,0.0
9988,428532e023bc5783,True,1.0,0.0,0.0,1.0,1.0,1.0,0.0
9989,bf5be5d94ffa52f8,True,1.0,1.0,1.0,1.0,1.0,1.0,1.0
9990,54169f6efe825b79,True,1.0,1.0,1.0,1.0,1.0,1.0,1.0
9991,32c0c70837d05c47,True,1.0,1.0,0.9423455085159089,1.0,1.0,1.0,0.9759772952149621
9992,fa1a3ccade2e50bf,True,1.0,1.0,1.0,1.0,1.0,1.0,1.0
9993,7505cca154d95d60,True,1.0,1.0,1.0,0.0,1.0,1.0,0.5833333333333334
9994,6c4bebeaa24a53ce,True,1.0,1.0,0.8771434464154073,1.0,1.0,1.0,0.948809769339753
9995,32a409f974555830,True,1.0,1.0,1.0,1.0,1.0,1.0,1.0
9996,f618df9b13b75f68,True,1.0,1.0,0.9795668521727153,1.0,1.0,1.0,0.991486188405298
9997,20fd202ba2e1572a,True,1.0,1.0,0.6909804866111718,1.0,1.0,1.0,0.8712418694213216
9998,d3a7653499875f98,True,0.0,1.0,0.0,1.0,1.0,1.0,0.0
9999,4a40d0564325502c,True,1.0,0.0,0.0,0.0,1.0,1.0,0.0
10000,6410f5684be757b5,True,1.0,1.0,0.6982928063791929,1.0,1.0,1.0,0.8742886693246638
10001,dce06ee8c9fc572f,True,0.0,1.0,0.0,0.0,1.0,1.0,0.0
10002,6496c4adf0f65e78,True,1.0,1.0,0.983592136609924,1.0,1.0,1.0,0.9931633902541349
10003,2133a31c391f5108,True,1.0,1.0,1.0,0.0,1.0,1.0,0.5833333333333334
10004,8e04fd5e1613597a,True,1.0,1.0,1.0,0.0,1.0,1.0,0.5833333333333334
10005,5f859ab2a2205477,True,1.0,1.0,0.6604276749330986,1.0,1.0,1.0,0.8585115312221244
10006,cd9330daeec55224,True,0.0,1.0,0.0,0.0,1.0,1.0,0.0
10007,f4d869c13a015a28,True,1.0,1.0,0.8046153618870231,1.0,1.0,0.5,0.918589734119593
10008,08a80ada64475443,True,1.0,1.0,0.033681874934399614,1.0,1.0,1.0,0.5973674478893332
10009,5ab779b8a0995778,True,1.0,1.0,0.9312251866937338,1.0,1.0,1.0,0.9713438277890557
10010,b5754d53017b5d49,True,1.0,1.0,0.9659827539747433,1.0,1.0,1.0,0.9858261474894764
10011,ffe87d190cd358c8,True,1.0,0.0,0.0,1.0,1.0,1.0,0.0
10012,651f88b4c46e50a2,True,0.0,1.0,0.0,0.0,1.0,1.0,0.0
10013,ead391b66ff253c1,True,1.0,1.0,1.0,1.0,1.0,1.0,1.0
10014,0e2ed241aa315929,True,1.0,1.0,0.8187779906174123,1.0,1.0,1.0,0.9244908294239217
10015,8984fe1857e057b3,True,1.0,1.0,1.0,1.0,1.0,1.0,1.0
10016,08fc5ba619bc535c,True,1.0,1.0,1.0,1.0,1.0,1.0,1.0
10017,54c95aa7df955414,True,1.0,1.0,1.0,0.0,1.0,1.0,0.5833333333333334
10018,b1464f6c01dc545f,True,1.0,1.0,0.9377116740337782,1.0,1.0,1.0,0.9740465308474077
10019,e2fe44045eac5b89,True,1.0,1.0,0.8701954798615075,1.0,1.0,1.0,0.9459147832756282
10020,8187be48a9d95d91,True,1.0,1.0,0.8475562481567717,1.0,1.0,1.0,0.9364817700653215
10021,013d05a439b95210,True,1.0,1.0,1.0,1.0,1.0,1.0,1.0
10022,9e4128df16395eb4,True,1.0,1.0,1.0,1.0,1.0,1.0,1.0
10023,92da1e3c12fa54b6,True,1.0,1.0,0.9337111534784668,1.0,1.0,1.0,0.9723796472826945
10024,1ef49bbbadd55818,True,1.0,1.0,0.9258068357006564,1.0,1.0,1.0,0.9690861815419402
10025,b899b71cf6c95ff2,True,1.0,0.0,0.0,1.0,1.0,1.0,0.0
10026,08e025b8ab6253bc,True,1.0,1.0,0.8750966306770873,1.0,1.0,1.0,0.9479569294487864
10027,543075ac6a275db3,True,1.0,1.0,0.8685041614589418,1.0,1.0,1.0,0.945210067274559
10028,ed95bd64d5a555c8,True,1.0,1.0,0.9428657936466881,0.0,1.0,1.0,0.5595274140194534
10029,62fc6bfdfba650ed,True,0.0,1.0,0.0,0.0,1.0,1.0,0.0
10030,109354a9d0eb5d4c,True,1.0,1.0,0.8125643431091462,1.0,1.0,1.0,0.9219018096288109
10031,e41740b9529753af,True,0.0,1.0,0.0,0.0,1.0,1.0,0.0
10032,44894928f21d5e38,True,1.0,1.0,1.0,1.0,1.0,1.0,1.0
10033,6c8d2b130c4d5288,True,1.0,1.0,0.843657599349747,1.0,1.0,1.0,0.9348573330623946
10034,ee4ca385da5d5778,True,1.0,1.0,0.7642155240534344,1.0,1.0,1.0,0.9017564683555976
10035,31013d67978e5284,True,1.0,1.0,0.8734694811378511,1.0,1.0,1.0,0.9472789504741046
10036,16e4bd114af157a4,True,1.0,1.0,1.0,1.0,1.0,1.0,1.0
10037,55a584a116ec5e6d,True,1.0,0.0,0.0,0.0,1.0,1.0,0.0
10038,fa16fc0f1e9851a3,True,1.0,1.0,0.8794321834563299,1.0,1.0,1.0,0.9497634097734707
10039,8f224f01713a5376,True,1.0,1.0,1.0,1.0,1.0,1.0,1.0
10040,d46b1d647640578f,True,1.0,1.0,1.0,0.0,1.0,1.0,0.5833333333333334
10041,991972800a895109,True,1.0,1.0,1.0,0.0,1.0,1.0,0.5833333333333334
10042,6afbce15383553d7,True,1.0,1.0,1.0,1.0,1.0,1.0,1.0
10043,ea90773e4a7c5723,True,1.0,1.0,1.0,1.0,1.0,1.0,1.0
10044,5cea066f5bc9523b,True,1.0,1.0,0.6726668377656434,1.0,1.0,1.0,0.8636111824023515
10045,786c64badbb15a9c,True,1.0,1.0,1.0,1.0,1.0,1.0,1.0
10046,0ba54149d1575f95,True,1.0,1.0,0.9465926990429696,1.0,1.0,1.0,0.9777469579345707
10047,0bf961d076bc5a15,True,0.0,1.0,0.0,0.0,1.0,1.0,0.0
10048,6dc36068505c5de2,True,1.0,1.0,1.0,1.0,1.0,1.0,1.0
10049,04e3e7c9b4bf5ddf,True,1.0,1.0,1.0,1.0,1.0,1.0,1.0
10050,239d0568fc2250df,True,1.0,1.0,0.9738466423480018,1.0,1.0,1.0,0.9891027676450008
10051,065ec41ed01d59ca,True,1.0,1.0,1.0,0.0,1.0,1.0,0.5833333333333334
10052,765dacfed4925185,True,1.0,1.0,1.0,1.0,1.0,1.0,1.0
10053,3e2a45dbe6fa50aa,True,1.0,1.0,0.8591595025452012,1.0,1.0,1.0,0.9413164593938338
10054,1d359a03436458f0,True,1.0,1.0,0.8141279152808013,1.0,1.0,1.0,0.9225532980336671
10055,f75560fb13f25476,True,1.0,1.0,0.12639179183411606,1.0,1.0,1.0,0.6359965799308817
10056,2a6936d84bda531f,True,1.0,1.0,1.0,1.0,1.0,1.0,1.0
10057,9d74f6f9b0a25c90,True,0.0,1.0,0.0,0.0,1.0,1.0,0.0
10058,16a2c04634ab5112,True,1.0,1.0,1.0,1.0,1.0,1.0,1.0
10059,1cf600346a7e5fc5,True,1.0,1.0,0.7905251376777598,1.0,1.0,1.0,0.9127188073657333
10060,f3c7dc93e3bc57c1,True,1.0,1.0,0.7852639158930877,1.0,1.0,1.0,0.9105266316221199
10061,90831b78d185503a,True,1.0,1.0,0.7751309406341511,1.0,1.0,1.0,0.906304558597563
10062,4f12e3acfb125088,True,1.0,1.0,0.9034639726611162,1.0,1.0,1.0,0.9597766552754651
10063,17de441a1185528d,True,1.0,1.0,0.946004666417347,0.0,1.0,1.0,0.5608352776738946
10064,84c2b46556315af6,True,1.0,0.0,0.0,1.0,1.0,1.0,0.0
10065,0cf908f72d885124,True,1.0,1.0,1.0,1.0,1.0,1.0,1.0
10066,b1c410cdd06b5bb4,True,1.0,1.0,0.8495432035481773,1.0,1.0,0.0,0.9373096681450739
10067,342953cadb9f57b2,True,1.0,1.0,0.8914690350984681,1.0,1.0,1.0,0.9547787646243617
10068,562e11865ef75220,True,1.0,1.0,0.8272202858445358,1.0,1.0,1.0,0.9280084524352232
10069,cd3b1de5d5d759e7,True,1.0,1.0,0.9848437475431382,1.0,1.0,1.0,0.993684894809641
10070,11d28b80cd0a56d5,True,1.0,1.0,0.6746308001790039,1.0,1.0,1.0,0.8644295000745851
10071,33c1e6fe4ce650bf,True,1.0,1.0,0.9746508381590528,1.0,1.0,1.0,0.9894378492329388
10072,46c94b5d7c89561c,True,1.0,1.0,1.0,1.0,1.0,1.0,1.0
10073,8635c0dd984c51f3,True,1.0,1.0,1.0,1.0,1.0,1.0,1.0
10074,d20659149c14557c,True,1.0,1.0,1.0,1.0,1.0,1.0,1.0
10075,4bfb085c53cc522f,True,1.0,1.0,0.8093887291932825,1.0,1.0,1.0,0.9205786371638677
10076,6e0a467af0205f04,True,1.0,1.0,1.0,0.0,1.0,1.0,0.5833333333333334
10077,12821eee232458b8,True,1.0,1.0,0.282217480135245,1.0,1.0,1.0,0.7009239500563521
10078,9dc5a17094e0569d,True,1.0,1.0,0.8951249328560392,1.0,1.0,1.0,0.9563020553566831
10079,f9720f622fd4511b,True,1.0,1.0,0.4419889360545807,1.0,1.0,1.0,0.7674953900227419
10080,8898650e43665faf,True,1.0,1.0,1.0,1.0,1.0,1.0,1.0
10081,d4daf5d0fd355401,True,1.0,1.0,0.9138177043776712,1.0,1.0,1.0,0.9640907101573629
10082,70633315e71a5979,True,1.0,1.0,0.7712979573079255,1.0,1.0,1.0,0.9047074822116357
10083,340f9f95b1e459ab,True,1.0,1.0,1.0,1.0,1.0,1.0,1.0
10084,16e645697d7559b3,True,1.0,1.0,1.0,1.0,1.0,1.0,1.0
10085,4c629e2da77a50c7,True,1.0,1.0,0.9355368941783841,1.0,1.0,1.0,0.9731403725743267
10086,1134d05b608b54e8,True,1.0,1.0,0.9756525227548389,1.0,1.0,1.0,0.9898552178145161
10087,e360cb69b8a55a47,True,1.0,1.0,1.0,0.0,1.0,1.0,0.5833333333333334
10088,9b5cb743a4a4590b,True,1.0,1.0,1.0,1.0,1.0,0.0,1.0
10089,12800b02eb685132,True,1.0,1.0,0.632256714847045,1.0,1.0,1.0,0.8467736311862688
10090,84ad97e1c9c85d4e,True,1.0,0.0,0.0,1.0,1.0,1.0,0.0
10091,6c00b2782d3b5f6e,True,1.0,1.0,0.8072268836891722,1.0,1.0,1.0,0.9196778682038218
10092,aa2962e446b45e1f,True,1.0,1.0,0.9063724018498708,1.0,1.0,1.0,0.9609885007707795
10093,01f2481a8cfc5803,True,1.0,1.0,0.8972118244767506,0.0,1.0,0.5,0.5405049268653127
10094,14f724bc59705bb4,True,1.0,1.0,0.8319274532741286,0.0,1.0,1.0,0.5133031055308869
10095,565e485cbedb506f,True,1.0,1.0,0.7932163429778735,1.0,1.0,1.0,0.9138401429074472
10096,cd7575ed015c5678,True,1.0,1.0,0.8864319161941779,1.0,1.0,1.0,0.9526799650809075
10097,eff63ffe642d5409,True,0.0,1.0,0.0,0.0,1.0,1.0,0.0
10098,b2def33d6adc50fc,True,1.0,1.0,1.0,1.0,1.0,1.0,1.0
10099,2f260b8b9dee5b0c,True,1.0,1.0,1.0,1.0,1.0,1.0,1.0
10100,bbc8e4799fe85548,True,1.0,1.0,0.7675433603843893,1.0,1.0,1.0,0.9031430668268289
10101,e9b43b140b1d54bf,True,1.0,0.0,0.0,1.0,1.0,1.0,0.0
10102,ec3969afeb945ddb,True,1.0,1.0,0.6371224903672026,1.0,1.0,1.0,0.8488010376530011
10103,46a90143da335a9a,True,1.0,1.0,0.694556411780534,1.0,1.0,1.0,0.8727318382418892
10104,717d8be0b970524e,True,1.0,1.0,0.7546562214069668,1.0,1.0,1.0,0.8977734255862361
10105,472899393e8f55e1,True,1.0,1.0,0.8688964862887092,1.0,1.0,1.0,0.9453735359536287
10106,8fa565e2239853e3,True,1.0,1.0,0.6616203526612499,1.0,1.0,1.0,0.8590084802755208
10107,d14f03fdfc1d5d54,True,1.0,1.0,0.9882487326061746,1.0,1.0,1.0,0.9951036385859061
10108,883b090e1bca577a,True,1.0,0.0,0.0,1.0,1.0,1.0,0.0
10109,b664ff6d2c185e31,True,1.0,1.0,1.0,1.0,1.0,1.0,1.0
10110,e993f3cb1dd051df,True,1.0,1.0,1.0,1.0,1.0,1.0,1.0
10111,d7bf550698b55562,True,1.0,1.0,0.9690514124395371,1.0,1.0,1.0,0.9871047551831404
10112,5138bac9ac59508f,True,1.0,1.0,0.8728457695355926,0.0,1.0,1.0,0.5303524039731636
10113,bcc370e566845fc6,True,1.0,1.0,0.7799411616461516,1.0,1.0,1.0,0.9083088173525632
10114,c4cb19209497505a,True,1.0,1.0,1.0,1.0,1.0,1.0,1.0
10115,e9d7cc484394548f,True,1.0,1.0,1.0,1.0,1.0,1.0,1.0
10116,4e8e687d6fd55093,True,1.0,1.0,0.7978680206545937,1.0,1.0,1.0,0.9157783419394141
10117,4332fab190e05b95,True,1.0,1.0,1.0,1.0,1.0,1.0,1.0
10118,00abc794f8ce5195,True,1.0,1.0,1.0,1.0,1.0,1.0,1.0
10119,7a90cd45ef505058,True,1.0,1.0,1.0,1.0,1.0,1.0,1.0
10120,9c1e4098a32a5432,True,1.0,1.0,0.9201378684095086,1.0,1.0,1.0,0.9667241118372952
10121,582d1109ddf75e76,True,1.0,1.0,1.0,1.0,1.0,1.0,1.0
10122,dc05b41a768b5015,True,1.0,1.0,0.6219224009934367,1.0,1.0,1.0,0.8424676670805985
10123,8848228852a65400,True,1.0,1.0,0.41679956344456714,1.0,1.0,1.0,0.756999818101903
10124,d94860755c1f5594,True,1.0,1.0,0.8908601249333578,1.0,1.0,1.0,0.9545250520555658
10125,fd765c984c93597f,True,1.0,1.0,1.0,0.0,1.0,1.0,0.5833333333333334
10126,b7c9a2a8db7d5b48,True,0.0,1.0,0.0,0.0,1.0,1.0,0.0
10127,25a3a5bc491d521b,True,1.0,1.0,0.891328599787093,1.0,1.0,1.0,0.9547202499112887
10128,963591d88d6a53b6,True,1.0,1.0,0.7006801031386011,1.0,1.0,1.0,0.8752833763077504
10129,41f3712a30b956e6,True,1.0,1.0,0.7343935646060937,1.0,1.0,1.0,0.8893306519192058
10130,dd71dee142f05d7d,True,1.0,0.0,0.0,1.0,1.0,1.0,0.0
10131,750d0f9df6ef55a2,True,1.0,1.0,1.0,1.0,1.0,1.0,1.0
10132,31ffaa640cf85134,True,0.0,1.0,0.0,0.0,1.0,1.0,0.0
10133,167063f69e8357d8,True,1.0,1.0,1.0,1.0,1.0,1.0,1.0
10134,e59a5171c33c5af9,True,0.0,1.0,0.0,0.0,1.0,1.0,0.0
10135,e96c8f66dae15d60,True,1.0,1.0,1.0,1.0,1.0,1.0,1.0
10136,9d21f2742b1a5b27,True,1.0,1.0,1.0,1.0,1.0,1.0,1.0
10137,abda798b87535e07,True,1.0,1.0,0.9206846474509212,1.0,1.0,1.0,0.9669519364378839
10138,13fcb47bb63951e7,True,1.0,1.0,0.9350303001652881,0.0,1.0,1.0,0.55626262506887
10139,2422d2b260235078,True,1.0,1.0,1.0,1.0,1.0,1.0,1.0
10140,4cfa7ad13dc952b3,True,1.0,1.0,0.5892169167872044,1.0,1.0,1.0,0.8288403819946685
10141,0116de776d6b5d1b,True,1.0,1.0,0.0,1.0,1.0,1.0,0.5833333333333334
10142,d58c4ad27c525465,True,1.0,1.0,0.8637783713168947,1.0,1.0,1.0,0.9432409880487062
10143,ce23b8e489255237,True,0.5,0.0,0.0,0.0,1.0,1.0,0.0
10144,fa80f505766d50fa,True,1.0,1.0,1.0,1.0,1.0,1.0,1.0
10145,2d6a04ea9ef55fd5,True,0.0,1.0,0.0,0.0,1.0,1.0,0.0
10146,f16fe36eef2b5157,True,1.0,1.0,1.0,1.0,1.0,1.0,1.0
10147,72191253c85a5227,True,1.0,0.0,0.0,1.0,1.0,1.0,0.0
10148,df11795878cb5419,True,1.0,0.0,0.0,1.0,1.0,1.0,0.0
10149,024fd1e792395805,True,1.0,1.0,0.9588011158265126,1.0,1.0,1.0,0.9828337982610469
10150,4cfe4dc173bb5e2e,True,1.0,0.0,0.0,0.0,1.0,1.0,0.0
10151,2774b2c338a3500c,True,1.0,1.0,0.656011238688399,1.0,1.0,0.5,0.8566713494534995
10152,6ba5ed2f323f53e2,True,1.0,1.0,1.0,1.0,1.0,1.0,1.0
10153,cd0b91f235e25b76,True,1.0,1.0,0.5937042144901153,1.0,1.0,1.0,0.8307100893708813
10154,d032dcd4015e5cee,True,1.0,1.0,0.7125968504140268,1.0,1.0,0.5,0.8802486876725112
10155,f79397c87fbf5965,True,1.0,0.0,0.0,0.0,1.0,0.5,0.0
10156,055417b420d5598f,True,1.0,1.0,0.8688702213691553,1.0,1.0,1.0,0.945362592237148
10157,d637ce98fc5353be,True,1.0,1.0,0.9050990501135648,1.0,1.0,1.0,0.9604579375473188
10158,4e3f39fa6dfc5d12,True,1.0,1.0,0.30132967879955175,1.0,1.0,1.0,0.70888736616648
10159,9d9aced6d8da5f28,True,0.5,0.0,0.0,0.0,1.0,1.0,0.0
10160,eb72736f2edf5380,True,0.0,1.0,0.0,0.0,1.0,1.0,0.0
10161,b204289cd95c59b5,True,1.0,1.0,1.0,1.0,1.0,1.0,1.0
10162,57b605b889505738,True,0.0,0.0,0.0,0.0,1.0,1.0,0.0
10163,555226e5142f50ed,True,1.0,1.0,0.03081749760421131,1.0,1.0,1.0,0.596173957335088
10164,ac2bc045e07151a3,True,0.0,1.0,0.0,0.0,1.0,1.0,0.0
10165,c61d55c28f3b538d,True,1.0,1.0,0.7593646602853726,1.0,1.0,1.0,0.8997352751189053
10166,f5edba52c4545fe3,True,1.0,1.0,0.6595672534417352,1.0,1.0,1.0,0.8581530222673898
10167,df240e44ad0d5c3c,True,1.0,1.0,0.7941049082084911,1.0,1.0,1.0,0.9142103784202046
10168,bf4fdfa51e215217,True,1.0,1.0,0.8447716864187783,1.0,1.0,1.0,0.9353215360078243
10169,2a79320a3e3b5239,True,1.0,1.0,0.9005296318060712,1.0,1.0,1.0,0.9585540132525296
10170,d8346b35ed785e1d,True,1.0,1.0,1.0,1.0,1.0,1.0,1.0
10171,1424caab55de5db7,True,1.0,1.0,0.8718525576072412,1.0,1.0,1.0,0.9466052323363505
10172,b0b98b1a4d1552c7,True,1.0,1.0,0.9690791381630887,1.0,1.0,1.0,0.9871163075679537
10173,589c06909f1c5c27,True,0.0,1.0,0.0,0.0,1.0,1.0,0.0
10174,ea4d19ff25ac52f6,True,1.0,1.0,1.0,1.0,1.0,1.0,1.0
10175,de8957bb05ae5d5d,True,1.0,1.0,1.0,1.0,1.0,1.0,1.0
10176,fa0f2e54ad7259b0,True,1.0,1.0,1.0,0.0,1.0,1.0,0.5833333333333334
10177,bc60aa8501245df7,True,1.0,1.0,0.9470231726684488,1.0,1.0,1.0,0.977926321945187
10178,444d8e18dcce5e49,True,1.0,1.0,0.835609943120015,1.0,1.0,1.0,0.9315041429666729
10179,7df1cd3745675ca9,True,1.0,1.0,0.7509439734064676,0.0,1.0,1.0,0.4795599889193615
10180,9b2878b173fc5b04,True,1.0,1.0,0.8982477544968275,1.0,1.0,1.0,0.9576032310403448
10181,a04628cdd3f25947,True,1.0,1.0,0.992217788224268,1.0,1.0,0.0,0.9967574117601116
10182,2b201c0ffa245b8b,True,1.0,0.0,0.0,1.0,1.0,1.0,0.0
10183,a22de94be8935752,True,1.0,1.0,0.5469739414186079,1.0,1.0,1.0,0.8112391422577533
10184,906ad81ffb6953a5,True,1.0,1.0,0.4922907460831954,1.0,1.0,1.0,0.7884544775346648
10185,ef0914834c445c21,True,1.0,1.0,1.0,1.0,1.0,1.0,1.0
10186,ff6f020133855f6a,True,1.0,1.0,1.0,1.0,1.0,0.5,1.0
10187,9b7ffde4ab9c53a5,True,0.0,1.0,0.0,0.0,1.0,1.0,0.0
10188,5e02e80df7fe5f5b,True,1.0,1.0,0.7410273035264979,1.0,1.0,1.0,0.8920947098027074
10189,c0b730b08f685ef3,True,1.0,1.0,1.0,1.0,1.0,1.0,1.0
10190,8894cb9c1f385198,True,1.0,1.0,0.9788055286940213,1.0,1.0,1.0,0.9911689702891756
10191,189e9c0a20085a38,True,1.0,1.0,0.6888862645320614,1.0,1.0,1.0,0.870369276888359
10192,1a6595a6c7cb5531,True,1.0,1.0,0.6833395180610613,1.0,1.0,1.0,0.8680581325254422
10193,fd9b66480e895706,True,1.0,1.0,0.8054320374455446,1.0,1.0,1.0,0.9189300156023102
10194,4080e46653b05c94,True,1.0,0.0,0.0,1.0,1.0,1.0,0.0
10195,077dd2d55c17560f,True,1.0,1.0,0.6990820382595824,1.0,1.0,1.0,0.8746175159414927
10196,213494be2acb5c68,True,1.0,1.0,0.7947840774633317,1.0,1.0,1.0,0.9144933656097215
10197,b6a62a2356885962,True,1.0,1.0,1.0,1.0,1.0,1.0,1.0
10198,9d13fadd8afc5833,True,1.0,1.0,0.5674180141049132,1.0,1.0,1.0,0.8197575058770471
10199,016d8cf09d875f57,True,1.0,1.0,0.8454540829342323,1.0,1.0,1.0,0.9356058678892634
10200,b39df49b8b565ac3,True,1.0,1.0,0.8172035012162154,1.0,1.0,1.0,0.9238347921734231
10201,32a9021303f65743,True,1.0,1.0,1.0,1.0,1.0,1.0,1.0
10202,f3509f572c4f5bbb,True,1.0,1.0,0.8650890015393699,1.0,1.0,0.0,0.9437870839747374
10203,436728a1202a5ae6,True,1.0,1.0,0.5079231584054666,1.0,1.0,1.0,0.7949679826689445
10204,cf43204828af5513,True,0.0,1.0,0.0,0.0,1.0,1.0,0.0
10205,876aec35f98a5280,True,1.0,1.0,1.0,1.0,1.0,1.0,1.0
10206,148188e5281e53cd,True,0.0,1.0,0.0,0.0,1.0,1.0,0.0
10207,3d523a73f2815ea4,True,1.0,1.0,0.8763237319547567,1.0,1.0,1.0,0.9484682216478153
10208,8179a26d74615228,True,1.0,1.0,1.0,1.0,1.0,1.0,1.0
10209,2aa414aa9a9057fb,True,1.0,1.0,0.6132239996572385,1.0,1.0,0.0,0.838843333190516
10210,742ec95b24ee529c,True,1.0,1.0,1.0,0.0,1.0,1.0,0.5833333333333334
10211,7effab69ce785772,True,1.0,0.0,0.0,0.0,1.0,1.0,0.0
10212,95effa16c4bb5c12,True,1.0,1.0,0.9298482940875153,1.0,1.0,1.0,0.9707701225364648
10213,c5ee24aa8f5059d6,True,1.0,1.0,1.0,1.0,1.0,1.0,1.0
10214,19efcf474dd85579,True,1.0,1.0,0.8384880853390563,1.0,1.0,1.0,0.9327033688912735
10215,095042ae1f985c39,True,1.0,1.0,0.5839701879945033,1.0,1.0,0.5,0.8266542449977097
10216,cd828def214c571e,True,0.0,1.0,0.0,0.0,1.0,1.0,0.0
10217,83f9ceae9dad56d9,True,1.0,1.0,0.795417155149724,1.0,1.0,1.0,0.9147571479790516
10218,f86eb011b333505e,True,1.0,1.0,0.6607878694054882,1.0,1.0,1.0,0.8586616122522868
10219,8b1ba99df5d05f8b,True,1.0,1.0,0.9463966254920516,1.0,1.0,1.0,0.9776652606216881
10220,5d5dfc678c9759a1,True,1.0,1.0,0.7505284752528212,1.0,1.0,1.0,0.8960535313553422
10221,c46b2546f3565375,True,1.0,0.0,0.0,1.0,1.0,1.0,0.0
10222,689ed7a2ee4b583d,True,1.0,1.0,0.9713983716618694,1.0,1.0,1.0,0.9880826548591122
10223,c16f84d1251552af,True,1.0,1.0,0.82546579630408,0.0,1.0,1.0,0.5106107484600334
10224,66f8bdd077ff5fc3,True,1.0,0.0,0.0,1.0,1.0,0.5,0.0
10225,d42d0a93b7185161,True,1.0,1.0,0.689357014259815,1.0,1.0,1.0,0.8705654226082563
10226,9a38ba16ae8d57be,True,1.0,1.0,1.0,1.0,1.0,1.0,1.0
10227,bd4dac2ccde55c08,True,1.0,1.0,0.9187628682335449,1.0,1.0,1.0,0.9661511950973104
10228,e2080118123b5cc8,True,1.0,1.0,0.692928162028922,1.0,1.0,1.0,0.8720534008453842
10229,dd4483f390725319,True,0.0,1.0,0.0,0.0,1.0,1.0,0.0
10230,368cb65e8fef57b7,True,1.0,1.0,1.0,0.0,1.0,1.0,0.5833333333333334
10231,0f42590c7ad65eb4,True,1.0,1.0,0.7907536515498683,1.0,1.0,1.0,0.9128140214791118
10232,a4fb656f624e5458,True,1.0,1.0,0.4346478116538229,1.0,1.0,0.5,0.7644365881890929
10233,604f30d83d8652ae,True,1.0,1.0,1.0,0.0,1.0,1.0,0.5833333333333334
10234,66d152defe7b59e2,True,0.0,1.0,0.0,0.0,1.0,1.0,0.0
10235,9f5ac897aea35174,True,1.0,1.0,0.9200168694337267,1.0,1.0,1.0,0.9666736955973861
10236,66d5ea23c45c51c4,True,1.0,1.0,0.9681737834834434,0.0,1.0,1.0,0.5700724097847681
10237,b84c079a32635d34,True,1.0,1.0,0.06519444874143882,1.0,1.0,1.0,0.6104976869755995
10238,4c46222756735317,True,1.0,1.0,0.9770581501329821,1.0,1.0,1.0,0.9904408958887426
10239,f50843b06ec259f2,True,1.0,1.0,1.0,1.0,1.0,1.0,1.0
10240,712475eda7975c99,True,1.0,1.0,0.9153010433232619,1.0,1.0,1.0,0.9647087680513592
10241,ec1fc260f1c15d42,True,1.0,0.0,0.0,1.0,1.0,1.0,0.0
10242,5ed4446679c35566,True,1.0,1.0,1.0,1.0,1.0,1.0,1.0
10243,e5224fa3a0f95b04,True,1.0,1.0,0.7691728629061415,1.0,1.0,1.0,0.9038220262108924
10244,5b272b7aa3315c4f,True,1.0,1.0,0.8280677846682866,1.0,1.0,1.0,0.9283615769451193
10245,92729339932751f6,True,1.0,1.0,1.0,0.0,1.0,1.0,0.5833333333333334
10246,3fa1e0c2313358ba,True,1.0,1.0,0.6978771352997628,1.0,1.0,1.0,0.8741154730415678
10247,4a66983ed3545869,True,1.0,1.0,0.9864055073046956,1.0,1.0,1.0,0.9943356280436232
10248,b56a66ac853c56e9,True,0.0,1.0,0.0,0.0,1.0,1.0,0.0
10249,02c173ffafdd5be5,True,1.0,0.0,0.0,1.0,1.0,1.0,0.0
10250,83e71223f25a5137,True,1.0,1.0,0.8181347624956554,1.0,1.0,1.0,0.9242228177065231
10251,434aa60fb0165165,True,1.0,0.0,0.0,1.0,1.0,1.0,0.0
10252,e96f254899095cf1,True,0.0,1.0,0.0,0.0,1.0,1.0,0.0
10253,e8bc2f6b295e5867,True,1.0,1.0,1.0,1.0,1.0,1.0,1.0
10254,d957b8de88d154cb,True,1.0,1.0,0.8675331392515264,1.0,1.0,1.0,0.944805474688136
10255,ab6e020759565f9f,True,1.0,1.0,0.7318728742484888,1.0,1.0,1.0,0.8882803642702036
10256,b1f641fdea505c99,True,1.0,1.0,0.9927622390599965,1.0,1.0,1.0,0.9969842662749985
10257,74d1662073cd5fc1,True,1.0,1.0,1.0,1.0,1.0,1.0,1.0
10258,f1ae4feebfda5b75,True,1.0,0.0,0.0,1.0,1.0,0.0,0.0
10259,0e27333e64a45dfb,True,1.0,0.0,0.0,1.0,1.0,1.0,0.0
10260,4291f388556f5837,True,1.0,1.0,0.860237188398086,1.0,1.0,1.0,0.941765495165869
10261,b28ff93f850259ee,True,1.0,1.0,0.7690111516834007,1.0,1.0,1.0,0.9037546465347503
10262,2b9bb7ffb9cf5da8,True,0.0,1.0,0.0,0.0,1.0,1.0,0.0
10263,1f1c016bd3715dc2,True,1.0,1.0,0.9588319259141456,1.0,1.0,1.0,0.9828466357975607
10264,a44bb178ec7d5c6a,True,1.0,1.0,0.9611492467475061,1.0,1.0,1.0,0.9838121861447942
10265,d2f121776fd05b4b,True,1.0,1.0,1.0,1.0,1.0,1.0,1.0
10266,346f28fb35365c73,True,1.0,1.0,0.9196369081723418,1.0,1.0,1.0,0.9665153784051425
10267,f3282fb9352c5c9c,True,1.0,0.0,0.0,1.0,1.0,1.0,0.0
10268,f1ae86b9b6a75893,True,1.0,1.0,1.0,0.0,1.0,1.0,0.5833333333333334
10269,3978c2d5fb6e5f5a,True,1.0,1.0,0.7796158618205936,1.0,1.0,1.0,0.9081732757585806
10270,045cd0254b3f5ad2,True,1.0,1.0,0.8372792769259907,1.0,1.0,1.0,0.9321996987191628
10271,af064082155f5dc0,True,0.0,1.0,0.0,0.0,1.0,1.0,0.0
10272,910198c6086a5a34,True,1.0,1.0,0.03400640112125897,1.0,1.0,1.0,0.5975026671338579
10273,2b482f615de15efb,True,1.0,1.0,1.0,1.0,1.0,1.0,1.0
10274,13fcbcdacbe35755,True,1.0,1.0,1.0,1.0,1.0,1.0,1.0
10275,7444ae8aea51554e,True,1.0,0.0,0.0,1.0,1.0,1.0,0.0
10276,cd9d029138325c2c,True,1.0,1.0,0.8748651063235967,1.0,1.0,1.0,0.9478604609681653
10277,2930485ddc4458da,True,1.0,1.0,1.0,1.0,1.0,1.0,1.0
10278,83b935eff1815935,True,1.0,1.0,0.9694608314159037,1.0,1.0,1.0,0.9872753464232932
10279,1c45a4d22fcc5b2e,True,1.0,1.0,0.7717505983389207,1.0,1.0,1.0,0.9048960826412169
10280,f2909a9ad9cb552e,True,1.0,1.0,0.6479280982780687,1.0,1.0,1.0,0.8533033742825286
10281,d852a7b32d6c5448,True,1.0,1.0,0.8085248975529524,0.0,1.0,1.0,0.5035520406470635
10282,58366177d30259f5,True,1.0,1.0,0.8654977265234214,1.0,1.0,1.0,0.9439573860514257
10283,9a89dccc70835d69,True,1.0,1.0,0.9902986214451683,0.0,1.0,1.0,0.5792910922688201
10284,b523d101fb0958c3,True,1.0,1.0,0.6616614570324005,1.0,1.0,1.0,0.8590256070968335
10285,e8daa33268685b31,True,1.0,0.0,0.0,1.0,1.0,0.5,0.0
10286,c98ef0c5c89c51d6,True,1.0,0.0,0.0,1.0,1.0,1.0,0.0
10287,72080a4a90a65d4b,True,1.0,1.0,0.9694271082569845,1.0,1.0,1.0,0.9872612951070768
10288,7ccd759aa0535b9a,True,1.0,0.0,0.0,1.0,1.0,0.5,0.0
10289,994c2c1c459b5cc8,True,1.0,1.0,0.8728666551158201,1.0,1.0,1.0,0.9470277729649249
10290,944fda18b9205994,True,1.0,1.0,1.0,1.0,1.0,1.0,1.0
10291,580524859b485a1b,True,1.0,1.0,0.8362217626021482,0.0,1.0,1.0,0.5150924010842285
10292,660e14c77a1c550b,True,1.0,0.0,0.0,1.0,1.0,1.0,0.0
10293,b44d5d0d2d1b531e,True,1.0,1.0,1.0,1.0,1.0,1.0,1.0
10294,51e74fb3d9945768,True,1.0,1.0,0.8493436574745487,1.0,1.0,1.0,0.9372265239477287
10295,3bf40232476b591b,True,1.0,1.0,0.9387369570098032,1.0,1.0,1.0,0.9744737320874179
10296,b5991c2d51f65715,True,1.0,1.0,0.6729818798593379,1.0,1.0,1.0,0.8637424499413907
10297,e5caf6d750415ee7,True,0.0,1.0,0.0,0.0,1.0,1.0,0.0
10298,0456452c8a13546c,True,1.0,1.0,0.8305086190470753,1.0,1.0,1.0,0.9293785912696148
10299,04fbbb5817255f30,True,0.0,1.0,0.0,0.0,1.0,1.0,0.0
10300,7766bcc52078528c,True,1.0,0.0,0.0,1.0,1.0,1.0,0.0
10301,a4213d4e327c5b6e,True,1.0,1.0,1.0,1.0,1.0,1.0,1.0
10302,47359dd210e254ea,True,1.0,1.0,1.0,1.0,1.0,1.0,1.0
10303,41bf372d03d95267,True,1.0,1.0,1.0,1.0,1.0,1.0,1.0
10304,19d3dfdf0d2d5b6f,True,1.0,1.0,0.8546387306769413,1.0,1.0,1.0,0.9394328044487255
10305,8ee3467219fc5c8a,True,0.0,1.0,0.0,0.0,1.0,1.0,0.0
10306,a8afec520f035a68,True,0.0,1.0,0.0,0.0,1.0,1.0,0.0
10307,5bc7217fee5c5fc5,True,1.0,1.0,0.8450026102567684,1.0,1.0,1.0,0.9354177542736535
10308,556283de632c5226,True,1.0,1.0,0.9253285722749691,1.0,1.0,1.0,0.9688869051145704
10309,2d8b8e77af38568f,True,1.0,1.0,0.5906532616426071,1.0,1.0,1.0,0.8294388590177529
10310,367967cea49c5dda,True,1.0,0.0,0.0,1.0,1.0,0.5,0.0
10311,44de6aa3d6955912,True,1.0,1.0,1.0,1.0,1.0,1.0,1.0
10312,1633456bc3ec569d,True,1.0,1.0,1.0,1.0,1.0,1.0,1.0
10313,08e8092f5e66571f,True,1.0,1.0,0.7685698230751983,1.0,1.0,1.0,0.9035707596146659
10314,f07e9711c5285e75,True,1.0,1.0,0.9911733955408026,1.0,1.0,1.0,0.996322248142001
10315,88c2643d470951b3,True,1.0,1.0,0.6927004705664433,1.0,1.0,0.5,0.8719585294026847
10316,cba2150084b1510a,True,1.0,0.0,0.0,1.0,1.0,1.0,0.0
10317,5dae1d43c2e55113,True,1.0,1.0,1.0,1.0,1.0,1.0,1.0
10318,6c84b52f0d155cac,True,1.0,1.0,1.0,1.0,1.0,1.0,1.0
10319,566ee79ab35c5b14,True,1.0,1.0,0.867169490869477,1.0,1.0,0.5,0.9446539545289486
10320,046cdc424d515ee1,True,1.0,1.0,1.0,1.0,1.0,1.0,1.0
10321,45f13336bbd35146,True,1.0,0.0,0.0,1.0,1.0,0.0,0.0
10322,04f5b9e8203c5a92,True,1.0,1.0,0.032391475414963344,1.0,1.0,1.0,0.5968297814229014
10323,81e0cc64152b5264,True,1.0,1.0,1.0,1.0,1.0,1.0,1.0
10324,f36969fd00f15050,True,1.0,1.0,1.0,1.0,1.0,1.0,1.0
10325,d7f2f0a77e3e5b4d,True,1.0,1.0,0.8697471903022129,1.0,1.0,1.0,0.9457279959592554
10326,f4544174530b5715,True,1.0,1.0,0.661595939533265,1.0,1.0,1.0,0.8589983081388605
10327,0c94bd3548525c31,True,1.0,0.0,0.0,1.0,1.0,1.0,0.0
10328,a09e4156f577568a,True,1.0,1.0,1.0,1.0,1.0,1.0,1.0
10329,1486e66f72ee562f,True,1.0,1.0,0.0,1.0,1.0,1.0,0.5833333333333334
10330,d7a0ac2136015985,True,1.0,1.0,1.0,1.0,1.0,1.0,1.0
10331,a514e82818cb55da,True,1.0,1.0,0.7349842918294966,1.0,1.0,1.0,0.8895767882622904
10332,13cd1cf21a4f5acb,True,1.0,1.0,0.7684126389491285,1.0,1.0,1.0,0.9035052662288034
10333,19e90f2757b25f38,True,1.0,1.0,0.707057912768574,1.0,1.0,1.0,0.8779407969869059
10334,a1ac8820c36e51c3,True,1.0,1.0,1.0,1.0,1.0,1.0,1.0
10335,cdeb1bce85c45cb2,True,1.0,1.0,1.0,1.0,1.0,1.0,1.0
10336,cbadd750cbd6581b,True,1.0,1.0,0.7909680229733442,1.0,1.0,1.0,0.9129033429055601
10337,aa2918eb684351bd,True,1.0,1.0,1.0,1.0,1.0,1.0,1.0
10338,8651cc01649b5d5b,True,1.0,0.0,0.0,1.0,1.0,1.0,0.0
10339,c05d72324d015584,True,1.0,1.0,0.8193377656673151,1.0,1.0,1.0,0.9247240690280479
10340,57d9e7f9125751e2,True,1.0,1.0,0.7375157374285063,1.0,1.0,1.0,0.8906315572618776
10341,07a6f60eb9795462,True,1.0,1.0,0.9198474832222358,1.0,1.0,1.0,0.966603118009265
10342,823f87e2960853d9,True,1.0,1.0,0.5300408273458398,1.0,1.0,1.0,0.8041836780607666
10343,9fe3ed9455355edb,True,1.0,1.0,1.0,1.0,1.0,1.0,1.0
10344,9bdf0d338d625e2a,True,1.0,1.0,1.0,1.0,1.0,1.0,1.0
10345,7727bf26f5845499,True,1.0,0.0,0.0,1.0,1.0,1.0,0.0
10346,d81c4398a40b52b9,True,1.0,0.0,0.0,1.0,1.0,1.0,0.0
10347,6d4f69f0aabc5c4e,True,1.0,0.0,0.0,1.0,1.0,0.0,0.0
10348,76b1b05efba353fe,True,1.0,0.0,0.0,1.0,1.0,1.0,0.0
10349,5303407715805679,True,1.0,1.0,1.0,1.0,1.0,0.5,1.0
10350,531415bb29245095,True,1.0,1.0,1.0,1.0,1.0,1.0,1.0
10351,966e42e47cc85a5c,True,1.0,1.0,0.3444217168530855,1.0,1.0,1.0,0.7268423820221189
10352,ffd68c5733d35ebc,True,1.0,1.0,0.8892349306862739,1.0,1.0,1.0,0.9538478877859475
10353,233cd84fc1c35f3f,True,1.0,1.0,0.8420584820211097,1.0,1.0,1.0,0.9341910341754623
10354,d242cc91d5ef57b7,True,1.0,1.0,0.5796683412948602,1.0,1.0,1.0,0.8248618088728584
10355,3ef16d00a16b5c94,True,1.0,1.0,0.8004691655662749,1.0,1.0,1.0,0.9168621523192811
10356,bd3312be2419553c,True,1.0,1.0,1.0,0.0,1.0,1.0,0.5833333333333334
10357,140a3ea8607f528f,True,1.0,1.0,0.9014899885846785,1.0,1.0,1.0,0.9589541619102828
10358,432dcd9a21c25043,True,0.0,1.0,0.0,0.0,1.0,1.0,0.0
10359,cda381919f5e5dca,True,1.0,1.0,0.7817142792622533,1.0,1.0,1.0,0.9090476163592722
10360,0da520f851415d75,True,1.0,1.0,1.0,1.0,1.0,1.0,1.0
10361,b639f9aef8055d40,True,1.0,0.0,0.0,1.0,1.0,1.0,0.0
10362,a61948a5dada537e,True,1.0,1.0,1.0,1.0,1.0,1.0,1.0
10363,32837dd54e375ca0,True,1.0,1.0,1.0,1.0,1.0,1.0,1.0
10364,b32ef3cb010c5903,True,1.0,1.0,0.9660652121763723,1.0,1.0,1.0,0.9858605050734885
10365,fd001bff97c155b3,True,1.0,0.0,0.0,1.0,1.0,1.0,0.0
10366,4ba0a7c883e85b4f,True,1.0,1.0,1.0,1.0,1.0,1.0,1.0
10367,14743d928b9257a1,True,0.0,1.0,0.0,0.0,1.0,1.0,0.0
10368,f2a41314d1575761,True,1.0,0.0,0.0,1.0,1.0,0.5,0.0
10369,0cdeb48fac9d5292,True,1.0,1.0,0.8164920673518512,1.0,1.0,1.0,0.9235383613966047
10370,2113dcf1e88b598e,True,1.0,1.0,1.0,1.0,1.0,1.0,1.0
10371,1c7ccdd40a3f505a,True,1.0,1.0,1.0,1.0,1.0,1.0,1.0
10372,f5c4d4a66e13514d,True,1.0,1.0,0.7942900968124679,1.0,1.0,1.0,0.9142875403385283
10373,72fe517eb6fe5e27,True,1.0,1.0,1.0,1.0,1.0,0.0,1.0
10374,98b148d419725caa,True,1.0,1.0,0.6247241309805306,1.0,1.0,1.0,0.843635054575221
10375,d130c508fb26575e,True,1.0,1.0,0.8258545473912932,1.0,1.0,1.0,0.9274393947463722
10376,b4175792b94a5cf2,True,1.0,1.0,1.0,1.0,1.0,1.0,1.0
10377,7fcc4151553a50e8,True,0.0,1.0,0.0,0.0,1.0,1.0,0.0
10378,8db638d42ddc59f2,True,1.0,1.0,1.0,1.0,1.0,1.0,1.0
10379,f87414e8321c5fa7,True,1.0,1.0,1.0,1.0,1.0,1.0,1.0
10380,4f663e3f821e5c85,True,1.0,1.0,1.0,1.0,1.0,0.0,1.0
10381,f51778edd8ea5ee5,True,1.0,0.0,0.0,1.0,1.0,1.0,0.0
10382,0ccd35e238885817,True,1.0,1.0,1.0,1.0,1.0,1.0,1.0
10383,ff32fea658445802,True,1.0,1.0,0.8678563528175777,1.0,1.0,1.0,0.9449401470073241
10384,022cc20c8dd45bc5,True,0.0,1.0,0.0,0.0,1.0,1.0,0.0
10385,0d150320916f5b2d,True,1.0,1.0,0.8612050096101921,1.0,1.0,1.0,0.9421687540042467
10386,303948f28d5b52ab,True,1.0,1.0,0.7811404170447239,1.0,1.0,1.0,0.9088085071019684
10387,2150cda2905d51ca,True,1.0,1.0,1.0,1.0,1.0,1.0,1.0
10388,87a7a9f8aa325467,True,1.0,0.0,0.0,1.0,1.0,1.0,0.0
10389,8b80580ff95254e8,True,1.0,1.0,1.0,1.0,1.0,1.0,1.0
10390,898e245e2b0056b0,True,1.0,1.0,0.051237006892383294,1.0,1.0,1.0,0.6046820862051597
10391,a20beaedf66b59f3,True,1.0,1.0,0.8682820990540074,1.0,1.0,1.0,0.945117541272503
10392,9bd12765d98b514f,True,0.0,1.0,0.0,0.0,1.0,1.0,0.0
10393,df2ed02abeba57fe,True,1.0,0.0,0.0,1.0,1.0,1.0,0.0
10394,b3de35a12e36586c,True,1.0,1.0,1.0,1.0,1.0,1.0,1.0
10395,5177cf8521f05855,True,0.5,1.0,0.44289949668888173,0.0,1.0,1.0,0.1756040618101837
10396,cb10eedc602a59ab,True,1.0,1.0,1.0,1.0,1.0,1.0,1.0
10397,9a24a904a324581d,True,1.0,1.0,1.0,0.0,1.0,1.0,0.5833333333333334
10398,1b7b7697be9c5dc5,True,1.0,0.0,0.0,1.0,1.0,1.0,0.0
10399,deb16bb9771a582a,True,1.0,1.0,0.9307057061646676,1.0,1.0,1.0,0.9711273775686114
10400,8c2841e7cecf5047,True,1.0,1.0,0.8556939691231014,1.0,1.0,1.0,0.9398724871346257
10401,54e1cb577c0a5f7e,True,1.0,1.0,0.8760409757495186,1.0,1.0,1.0,0.9483504065622994
10402,de22e3d2143f51f7,True,1.0,1.0,0.8486119627166722,1.0,1.0,1.0,0.9369216511319468
10403,314e2f70ce905b5e,True,1.0,1.0,1.0,1.0,1.0,1.0,1.0
10404,6e5a14ce293c5ae8,True,1.0,1.0,1.0,1.0,1.0,1.0,1.0
10405,df2ff4c2c9785df6,True,1.0,1.0,0.776488752585029,1.0,1.0,1.0,0.9068703135770955
10406,16cd404f3eaa5cd0,True,1.0,1.0,0.9084685061984852,1.0,1.0,1.0,0.961861877582702
10407,c0ccb2e28d8e5bfe,True,1.0,1.0,0.9965891219810873,1.0,1.0,1.0,0.9985788008254529
10408,3dcc0fdcb0395855,True,1.0,1.0,1.0,0.0,1.0,1.0,0.5833333333333334
10409,680e24fa0952531b,True,1.0,1.0,0.9719603020115792,1.0,1.0,1.0,0.9883167925048246
10410,a806a92596d6570b,True,1.0,1.0,1.0,1.0,1.0,1.0,1.0
10411,be861669f7ff5de4,True,1.0,1.0,1.0,1.0,1.0,1.0,1.0
10412,5856cd24d07c5b79,True,1.0,1.0,0.5548044195154285,1.0,1.0,1.0,0.8145018414647618
10413,fd75eff84fb15543,True,1.0,1.0,1.0,1.0,1.0,1.0,1.0
10414,c7ce79ec4bf956c4,True,1.0,1.0,0.8047307302443668,1.0,1.0,1.0,0.9186378042684863
10415,0f65bd2bac90534a,True,1.0,1.0,0.9961130319184989,1.0,1.0,1.0,0.9983804299660411
10416,fb54b190735e579f,True,0.0,1.0,0.0,0.0,1.0,1.0,0.0
10417,d4e5d3e55e3751f9,True,1.0,1.0,0.9523676474560164,1.0,1.0,1.0,0.9801531864400067
10418,27b5c3ce868856a2,True,1.0,1.0,0.8903499761106191,1.0,1.0,1.0,0.9543124900460912
10419,3c3991ec8d7a5507,True,1.0,0.0,0.0,1.0,1.0,0.0,0.0
10420,a5c9bcab52165145,True,1.0,1.0,1.0,1.0,1.0,1.0,1.0
10421,6ff86f7f95cb502a,True,1.0,1.0,1.0,1.0,1.0,1.0,1.0
10422,944a55f58a59597f,True,1.0,1.0,1.0,1.0,1.0,1.0,1.0
10423,8f5485a8338c5278,True,1.0,1.0,0.8407200543031644,1.0,1.0,1.0,0.9336333559596518
10424,ffd429cac51751d9,True,1.0,1.0,1.0,1.0,1.0,1.0,1.0
10425,bc551b5cc30b5ef5,True,1.0,1.0,1.0,1.0,1.0,1.0,1.0
10426,9b7108902e7158d6,True,1.0,1.0,1.0,0.0,1.0,0.0,0.5833333333333334
10427,e6e4e254f1c55405,True,1.0,0.0,0.0,1.0,1.0,1.0,0.0
10428,d61fe42422225edf,True,1.0,1.0,1.0,1.0,1.0,1.0,1.0
10429,be2d7d1ddb305428,True,0.0,1.0,0.0,0.0,1.0,0.5,0.0
10430,f140d31943145068,True,1.0,1.0,0.9248065282570174,1.0,1.0,1.0,0.9686693867737572
10431,774aad2507f75660,True,1.0,1.0,0.8416872727427366,0.0,1.0,1.0,0.5173696969761402
10432,205dd2add8b357f6,True,1.0,1.0,1.0,0.0,1.0,1.0,0.5833333333333334
10433,f518d10b147c5398,True,1.0,1.0,0.7656896426494619,1.0,1.0,1.0,0.9023706844372757
10434,d57dda19866556c3,True,1.0,1.0,0.8496364241395706,1.0,1.0,1.0,0.9373485100581544
10435,37b3d87596685948,True,1.0,1.0,0.8274180305459831,1.0,1.0,1.0,0.9280908460608263
10436,7f5f77992cd859ef,True,1.0,1.0,0.6916989461060904,1.0,1.0,1.0,0.8715412275442044
10437,ff8fade989aa5bb8,True,1.0,1.0,0.8901257934759086,1.0,1.0,1.0,0.954219080614962
10438,f233f263a7e75621,True,1.0,1.0,1.0,0.0,1.0,1.0,0.5833333333333334
10439,e5e21bbf8d665374,True,0.0,1.0,0.0,0.0,1.0,1.0,0.0
10440,9f699a1331785e57,True,1.0,1.0,0.8449052973848574,1.0,1.0,1.0,0.9353772072436906
10441,b094018eef175a6b,True,1.0,1.0,0.7633162343687857,1.0,1.0,1.0,0.9013817643203273
10442,143420292ce554f6,True,1.0,1.0,1.0,1.0,1.0,1.0,1.0
10443,8c477c76153f588e,True,1.0,1.0,0.7489443611787489,1.0,1.0,1.0,0.8953934838244787
10444,8e501ed74f025c52,True,1.0,1.0,0.7359887435359646,1.0,1.0,1.0,0.8899953098066519
10445,1987c158de8a5120,True,1.0,1.0,0.69298563405296,1.0,1.0,1.0,0.8720773475220667
10446,2833a305300f5394,True,0.0,1.0,0.0,0.0,1.0,0.5,0.0
10447,c1f91d06e8285351,True,1.0,1.0,0.7369828071080657,1.0,1.0,1.0,0.8904095029616941
10448,039e37993d565b25,True,1.0,1.0,1.0,1.0,1.0,1.0,1.0
10449,7320f05fb6675c76,True,0.0,1.0,0.0,0.0,1.0,1.0,0.0
10450,0dd23f4ea286544f,True,1.0,1.0,1.0,1.0,1.0,1.0,1.0
10451,4554dbd136da53b8,True,1.0,1.0,0.9153721140013722,1.0,1.0,1.0,0.9647383808339051
10452,d6396ef1c0c55d33,True,1.0,1.0,0.8193705775328936,1.0,1.0,1.0,0.9247377406387057
10453,3e7237c8a7815648,True,1.0,1.0,1.0,0.0,1.0,1.0,0.5833333333333334
10454,315673fa4e595935,True,1.0,1.0,1.0,1.0,1.0,1.0,1.0
10455,e2209d1558d75150,True,1.0,1.0,0.8941874133458391,1.0,1.0,1.0,0.955911422227433
10456,ff60af032dbd5caa,True,1.0,1.0,0.5736895084117213,1.0,1.0,1.0,0.822370628504884
10457,fac35c75801751bd,True,1.0,1.0,0.5897463901444083,1.0,1.0,1.0,0.8290609958935035
10458,b4eb56fcd01857bb,True,1.0,1.0,0.6599577939089075,1.0,1.0,1.0,0.8583157474620448
10459,7f163959c6e05719,True,1.0,1.0,1.0,0.0,1.0,1.0,0.5833333333333334
10460,c2fdffb4c2915577,True,1.0,1.0,0.6699477434262068,1.0,1.0,1.0,0.8624782264275862
10461,a2b2f9572f3a5b05,True,1.0,1.0,0.9017731407121763,1.0,1.0,1.0,0.9590721419634068
10462,34ac200e359653b5,True,1.0,1.0,0.537119312487461,1.0,1.0,0.5,0.8071330468697754
10463,e917a198bd9757a4,True,0.0,1.0,0.0,0.0,1.0,1.0,0.0
10464,626859d4351b5ffe,True,1.0,1.0,0.9911690337822158,1.0,1.0,1.0,0.9963204307425899
10465,03296a9251995268,True,1.0,0.0,0.0,1.0,1.0,0.5,0.0
10466,b562ff054b765717,True,1.0,1.0,1.0,1.0,1.0,1.0,1.0
10467,d444aa6b0d4a5573,True,1.0,1.0,0.7136976205955189,1.0,1.0,1.0,0.8807073419147996
10468,62974364debd5463,True,1.0,1.0,0.2741558870778914,1.0,1.0,1.0,0.6975649529491214
10469,63a10444501d5ead,True,1.0,1.0,0.9005735850989574,0.0,1.0,1.0,0.5419056604578989
10470,5ae0b5e6a95f5335,True,1.0,1.0,1.0,0.0,1.0,1.0,0.5833333333333334
10471,9696a32e868259e3,True,0.5,1.0,0.6122643599491012,0.0,1.0,1.0,0.21088840832272945
10472,5230f4ecc5e054f5,True,1.0,1.0,1.0,1.0,1.0,1.0,1.0
10473,613c9ac33f6951ca,True,1.0,0.0,0.0,1.0,1.0,1.0,0.0
10474,d5cf4595a3435917,True,1.0,1.0,1.0,1.0,1.0,1.0,1.0
10475,e6a4a48400545711,True,1.0,1.0,0.9521342117264826,1.0,1.0,1.0,0.980055921552701
10476,b762ea96cfa75157,True,0.0,1.0,0.0,0.0,1.0,1.0,0.0
10477,cf4d1288c560569f,True,1.0,1.0,0.8002202903271108,1.0,1.0,1.0,0.9167584543029629
10478,804236dcfffa523e,True,1.0,1.0,0.7908728431683529,1.0,1.0,1.0,0.9128636846534803
10479,6a833f3690205bac,True,1.0,1.0,0.773833055623181,1.0,1.0,1.0,0.9057637731763254
10480,1cb96199b6a45732,True,1.0,1.0,0.7592253086968093,1.0,1.0,1.0,0.8996772119570039
10481,2ead0bb5e6705b4a,True,1.0,0.0,0.0,1.0,1.0,1.0,0.0
10482,7d5618d384ac5071,True,1.0,1.0,0.9666690496073592,1.0,1.0,1.0,0.9861121040030664
10483,49a53d11de6d5b1d,True,0.0,0.0,0.0,0.0,1.0,0.0,0.0
10484,9cdaa8f652bf5a27,True,1.0,0.0,0.0,1.0,1.0,1.0,0.0
10485,2f2caab982ad5739,True,1.0,1.0,1.0,1.0,1.0,1.0,1.0
10486,e22c42694be05703,True,1.0,0.0,0.0,1.0,1.0,1.0,0.0
10487,7db790f4d8965df8,True,1.0,1.0,0.7768582849907216,1.0,1.0,0.5,0.9070242854128007
10488,6bd5888420e851a1,True,1.0,1.0,1.0,1.0,1.0,1.0,1.0
10489,ef81756601bc569f,True,1.0,1.0,1.0,1.0,1.0,1.0,1.0
10490,3266d9113ede5f3c,True,1.0,0.0,0.0,1.0,1.0,1.0,0.0
10491,2861c47f508652e8,True,0.0,1.0,0.0,0.0,1.0,1.0,0.0
10492,bdc6855188a351ca,True,0.0,1.0,0.0,0.0,1.0,1.0,0.0
10493,a62faaedb18d5b76,True,1.0,1.0,0.9558223352056946,1.0,1.0,1.0,0.9815926396690394
10494,e698c7da1faf53f5,True,1.0,1.0,0.7657095435016887,0.0,1.0,1.0,0.48571230979237034
10495,1a099ccfccfa567f,True,1.0,1.0,0.1317700969256919,1.0,1.0,1.0,0.6382375403857049
10496,b5be2c625dcf54e2,True,1.0,1.0,0.7748703616097794,1.0,1.0,1.0,0.9061959840040746
10497,b31e39a660f1535f,True,0.0,1.0,0.0,0.0,1.0,1.0,0.0
10498,458ab847ffa957e8,True,1.0,1.0,0.9646328202825254,1.0,1.0,1.0,0.9852636751177188
10499,d471c0c48cb05f04,True,1.0,1.0,0.9617523322380099,1.0,1.0,1.0,0.9840634717658375
10500,65451b2015ec58c7,True,1.0,1.0,0.529124073545398,1.0,1.0,1.0,0.8038016973105826
10501,e44b06b920d35486,True,1.0,1.0,1.0,0.0,1.0,1.0,0.5833333333333334
10502,cbc996c2f68c541c,True,1.0,1.0,0.8432802923838714,1.0,1.0,1.0,0.9347001218266131
10503,08fcb3344bea538d,True,1.0,1.0,0.7956744714999862,1.0,1.0,1.0,0.9148643631249942
10504,79e011726ebe5aa0,True,1.0,0.0,0.0,1.0,1.0,0.5,0.0
10505,de49d859c60758e9,True,1.0,1.0,0.8669884042018156,1.0,1.0,1.0,0.9445785017507564
10506,2b7bf25209dd5705,True,1.0,1.0,1.0,1.0,1.0,1.0,1.0
10507,bdb2a3cdeadc51c7,True,1.0,1.0,0.7839124263847117,1.0,1.0,1.0,0.9099635109936299
10508,85da27c3381e5e63,True,1.0,1.0,0.9209787928285185,1.0,1.0,1.0,0.9670744970118826
10509,00ddbc829ecb563e,True,1.0,1.0,0.8900598203427116,1.0,1.0,1.0,0.9541915918094631
10510,4cdcf106cb5d5c63,True,1.0,1.0,1.0,1.0,1.0,1.0,1.0
10511,ee80a7cf312253e2,True,1.0,1.0,0.7117389059253654,1.0,1.0,1.0,0.8798912108022355
10512,da888593e9a0518c,True,1.0,1.0,0.990753131653118,1.0,1.0,1.0,0.9961471381887992
10513,5a1f551705995574,True,1.0,1.0,1.0,0.0,1.0,1.0,0.5833333333333334
10514,60a560bfff6f528b,True,1.0,1.0,0.8391819440550783,1.0,1.0,1.0,0.9329924766896159
10515,f0c41eb61ba65434,True,1.0,1.0,1.0,1.0,1.0,1.0,1.0
10516,b46f5915049e52a5,True,1.0,1.0,0.991825046616973,1.0,1.0,1.0,0.9965937694237388
10517,bf1fbbbc7f5d5c5d,True,1.0,1.0,1.0,0.0,1.0,1.0,0.5833333333333334
10518,2bc2525a4ee95ef4,True,1.0,1.0,1.0,0.0,1.0,1.0,0.5833333333333334
10519,8d4dc358499159c9,True,1.0,1.0,0.6644924796881049,1.0,1.0,1.0,0.8602051998700437
10520,8ff8a3cf55355131,True,1.0,1.0,0.6210952829274414,1.0,1.0,1.0,0.8421230345531007
10521,a2839b1b4f0352e4,True,1.0,1.0,0.6245116997309926,1.0,1.0,1.0,0.8435465415545803
10522,f3493d3b23cd55c2,True,1.0,1.0,0.8516258699799001,1.0,1.0,1.0,0.9381774458249584
10523,47e005481cf0579d,True,1.0,1.0,0.8103833451282966,1.0,1.0,1.0,0.9209930604701236
10524,985e562ded345da4,True,1.0,1.0,1.0,0.0,1.0,1.0,0.5833333333333334
10525,602213f964f651c1,True,1.0,1.0,1.0,0.0,1.0,1.0,0.5833333333333334
10526,926ea834d8f256d5,True,1.0,1.0,0.8495327195932891,1.0,1.0,1.0,0.9373052998305371
10527,d5a5e1b5588b56d5,True,1.0,0.0,0.0,1.0,1.0,1.0,0.0
10528,637b2eb74b0d5144,True,1.0,1.0,0.5228520944928722,1.0,1.0,0.5,0.8011883727053634
10529,d6835050c97f528d,True,1.0,1.0,1.0,1.0,1.0,1.0,1.0
10530,d35af9a0d57656d4,True,1.0,1.0,1.0,1.0,1.0,1.0,1.0
10531,4b7b765455d1517c,True,0.0,1.0,0.0,0.0,1.0,1.0,0.0
10532,4543b41a1fec5a97,True,1.0,1.0,0.9038386532978466,1.0,1.0,1.0,0.959932772207436
10533,8bebc6662b36505f,True,1.0,0.0,0.0,0.0,1.0,1.0,0.0
10534,54511f27d12e5a58,True,1.0,1.0,0.9838203329639378,1.0,1.0,1.0,0.9932584720683074
10535,5c0a94addace52e2,True,1.0,1.0,0.9775195483270077,0.0,1.0,1.0,0.5739664784695865
10536,a8aba52e8a6151bf,True,1.0,1.0,0.9265185842321029,1.0,1.0,1.0,0.9693827434300428
10537,b8314864431a5665,True,1.0,1.0,0.8178500527178427,1.0,1.0,1.0,0.9241041886324345
10538,6b183b48b7175f38,True,1.0,1.0,0.8168851184326518,1.0,1.0,1.0,0.9237021326802716
10539,b403192d3ea45397,True,1.0,1.0,0.9839746031938794,1.0,1.0,1.0,0.9933227513307831
10540,ac140df715d5573b,True,1.0,1.0,0.91539910158713,1.0,1.0,1.0,0.9647496256613041
10541,1d1dde59c417522f,True,1.0,1.0,1.0,1.0,1.0,0.0,1.0
10542,a760f4373fd751e4,True,1.0,1.0,0.8791813399944228,1.0,1.0,1.0,0.9496588916643428
10543,de9f2e538b69576c,True,1.0,1.0,1.0,1.0,1.0,1.0,1.0
10544,5fe40d882c3b545f,True,0.0,1.0,0.0,0.0,1.0,1.0,0.0
10545,85159c024a355d8d,True,1.0,1.0,0.9896683785760502,1.0,1.0,1.0,0.9956951577400209
10546,0480033cdea65921,True,1.0,1.0,1.0,1.0,1.0,1.0,1.0
10547,ef65f88fc1a55fdc,True,1.0,1.0,1.0,1.0,1.0,1.0,1.0
10548,940ba87d553456c3,True,1.0,1.0,0.6445150981714765,1.0,1.0,1.0,0.8518812909047818
10549,cd7568df56095ff2,True,1.0,1.0,1.0,1.0,1.0,1.0,1.0
10550,47da19c4edbe5b95,True,1.0,1.0,0.5261265094371639,1.0,1.0,1.0,0.8025527122654849
10551,cda41068b4b65ae0,True,1.0,1.0,0.7804453183099894,1.0,1.0,1.0,0.9085188826291622
10552,5422a7cee0d35e47,True,1.0,1.0,0.7993863009173982,1.0,1.0,1.0,0.9164109587155825
10553,b38af8cb560c5295,True,1.0,1.0,0.7705884217418674,1.0,1.0,1.0,0.9044118423924448
10554,f68c27c86c235646,True,1.0,1.0,0.8466200342058248,1.0,1.0,1.0,0.9360916809190937
10555,9ab8b2e7de985004,True,1.0,0.0,0.0,1.0,1.0,0.0,0.0
10556,f1ef98a6ff94525c,True,1.0,1.0,1.0,1.0,1.0,1.0,1.0
10557,91416eb4bba85377,True,1.0,1.0,0.8986862504190994,1.0,1.0,1.0,0.9577859376746248
10558,bc8d053770cf5449,True,0.0,1.0,0.0,0.0,1.0,1.0,0.0
10559,260f5d5245015db6,True,1.0,1.0,1.0,1.0,1.0,1.0,1.0
10560,ecaca52a9b295117,True,1.0,1.0,1.0,1.0,1.0,1.0,1.0
10561,9690846adfb751cc,True,1.0,1.0,0.8801278544745658,1.0,1.0,1.0,0.9500532726977357
10562,17ea7a2cc29957fa,True,0.0,1.0,0.0,0.0,1.0,1.0,0.0
10563,f33eaf7a7ddc5891,True,1.0,1.0,1.0,1.0,1.0,0.5,1.0
10564,315ac5cd44ad5d1e,True,1.0,1.0,0.7294631475307124,1.0,1.0,1.0,0.8872763114711302
10565,4972962184a75fa7,True,1.0,0.0,0.0,1.0,1.0,1.0,0.0
10566,278885f077d65d53,True,1.0,1.0,0.7280095954825755,0.0,1.0,1.0,0.47000399811773974
10567,3c58a86242fe5671,True,1.0,1.0,1.0,1.0,1.0,1.0,1.0
10568,d47d27f1cfb65061,True,1.0,1.0,1.0,0.0,1.0,1.0,0.5833333333333334
10569,353988b87d995f68,True,1.0,1.0,0.8213072054462702,1.0,1.0,1.0,0.925544668935946
10570,6507522e38405857,True,1.0,1.0,1.0,1.0,1.0,1.0,1.0
10571,741ee8b9ea3059a5,True,1.0,1.0,1.0,1.0,1.0,1.0,1.0
10572,3b8d6a01f5705389,True,1.0,1.0,0.8179268091308187,1.0,1.0,1.0,0.9241361704711745
10573,c940e807dd6b53c8,True,1.0,1.0,0.7330828353951552,1.0,1.0,1.0,0.8887845147479814
10574,43311faf65e25505,True,0.0,1.0,0.0,0.0,1.0,1.0,0.0
10575,ac36d9e5cb0752d2,True,1.0,1.0,0.5449124117453868,1.0,1.0,1.0,0.810380171560578
10576,7eb33ecbb32d5a60,True,1.0,1.0,1.0,1.0,1.0,1.0,1.0
10577,60021a9f6c585c16,True,1.0,1.0,0.8987885226065309,1.0,1.0,1.0,0.9578285510860546
10578,559c83269c035643,True,1.0,1.0,1.0,1.0,1.0,1.0,1.0
10579,e0aee9e955b35c08,True,1.0,1.0,0.6729268864965042,1.0,1.0,1.0,0.8637195360402101
10580,ccdb6840a0445870,True,1.0,0.0,0.0,1.0,1.0,1.0,0.0
10581,9c8bbeb504c05892,True,1.0,1.0,0.9832506624314674,1.0,1.0,1.0,0.9930211093464448
10582,f2acd82c43fd5490,True,0.0,1.0,0.0,0.0,1.0,1.0,0.0
10583,c42677f7e56f5c3f,True,0.0,1.0,0.0,0.0,1.0,1.0,0.0
10584,b7ee1af184835990,True,1.0,1.0,1.0,1.0,1.0,1.0,1.0
10585,c1e76b8992fa5182,True,1.0,1.0,0.9633125836885669,1.0,1.0,1.0,0.9847135765369028
10586,0a746c037a905da7,True,1.0,1.0,0.9544918002936105,1.0,1.0,1.0,0.9810382501223377
10587,d32f8367252b53b1,True,1.0,1.0,1.0,1.0,1.0,1.0,1.0
10588,fe4bac0ae9bc5639,True,1.0,1.0,0.6398711242617906,1.0,1.0,1.0,0.8499463017757461
10589,25cdf7dee0d25a66,True,0.0,1.0,0.0,0.0,1.0,1.0,0.0
10590,5146509d64145fcc,True,1.0,1.0,0.3865848510391498,1.0,1.0,1.0,0.7444103545996458
10591,32e457e686675618,True,1.0,1.0,0.8645087672220214,1.0,1.0,1.0,0.9435453196758422
10592,3136969223325aa5,True,1.0,1.0,1.0,1.0,1.0,1.0,1.0
10593,0a08850db6e35ab7,True,1.0,1.0,0.9038955973552182,1.0,1.0,1.0,0.9599564988980077
10594,3257b4f1ac7e5b62,True,1.0,1.0,0.62224937864774,1.0,1.0,1.0,0.8426039077698917
10595,e209822e11365182,True,1.0,1.0,0.9388042048054863,1.0,1.0,1.0,0.974501752002286
10596,eabbb4546a145980,True,0.0,1.0,0.0,0.0,1.0,1.0,0.0
10597,ada62613f2ce5a33,True,1.0,1.0,1.0,1.0,1.0,1.0,1.0
10598,4fc373052fb55899,True,0.0,1.0,0.0,0.0,1.0,0.5,0.0
10599,337a46b592e654da,True,1.0,1.0,1.0,1.0,1.0,1.0,1.0
10600,fd7c51a15e5b54a6,True,1.0,1.0,0.39166952856993464,1.0,1.0,1.0,0.7465289702374728
10601,a6229e66c0e656d8,True,1.0,0.0,0.0,1.0,1.0,1.0,0.0
10602,2ef107f7be2351a5,True,1.0,1.0,0.927863622699042,1.0,1.0,1.0,0.9699431761246009
10603,47d82a7c046d57bc,True,1.0,1.0,0.33950924788616943,1.0,1.0,1.0,0.7247955199525706
10604,94ec2c53ddbc5dae,True,1.0,1.0,0.801185007106122,1.0,1.0,1.0,0.9171604196275508
10605,5b265648c07a54b8,True,1.0,0.0,0.0,1.0,1.0,1.0,0.0
10606,986ebb8642ae5b64,True,1.0,1.0,0.8474678434887573,1.0,1.0,1.0,0.9364449347869822
10607,ec7ca545f4055a2b,True,1.0,1.0,0.9898373376153328,1.0,1.0,1.0,0.995765557339722
10608,169528411ca85ba4,True,1.0,1.0,1.0,1.0,1.0,1.0,1.0
10609,1eed252c6ca25157,True,1.0,1.0,0.8058456579595158,1.0,1.0,1.0,0.9191023574831316
10610,8c731225bf685391,True,1.0,1.0,0.8648715713939666,1.0,1.0,1.0,0.9436964880808194
10611,9bb20085732d5f8d,True,1.0,1.0,1.0,1.0,1.0,1.0,1.0
10612,2620b03dcfcc567b,True,1.0,1.0,0.8827534294428291,1.0,1.0,1.0,0.9511472622678454
10613,15b400ceaa505015,True,1.0,1.0,1.0,0.0,1.0,1.0,0.5833333333333334
10614,210a2cd8efe051af,True,1.0,1.0,0.8163689444594919,1.0,1.0,1.0,0.923487060191455
10615,cdb932bd30715a52,True,0.0,1.0,0.0,0.0,1.0,1.0,0.0
10616,86d70bab6f1b598c,True,1.0,1.0,0.8265822950945684,1.0,1.0,0.5,0.9277426229560701
10617,d1861adbe9ff5581,True,1.0,1.0,1.0,1.0,1.0,1.0,1.0
10618,fc58a8b4d619577d,True,1.0,1.0,1.0,1.0,1.0,1.0,1.0
10619,31cda9ad4b8257b9,True,1.0,1.0,1.0,0.0,1.0,1.0,0.5833333333333334
10620,a60202554bf55ef1,True,1.0,1.0,0.9908156725216436,1.0,1.0,1.0,0.9961731968840182
10621,86c1c1bcec395011,True,1.0,1.0,0.6478535481614768,1.0,1.0,1.0,0.8532723117339486
10622,116a7c91c85d5b5d,True,1.0,1.0,1.0,1.0,1.0,1.0,1.0
10623,d12bf3c2e5ab5f74,True,1.0,1.0,0.7408454513520751,1.0,1.0,1.0,0.8920189380633646
10624,3f11b8c2347f5714,True,1.0,0.0,0.0,1.0,1.0,1.0,0.0
10625,03c2e332abb25034,True,0.0,1.0,0.0,0.0,1.0,1.0,0.0
10626,5be861ae85a75b45,True,1.0,1.0,0.9146604174462647,1.0,1.0,1.0,0.9644418406026102
10627,55a63ecf2e985abe,True,1.0,1.0,0.6932587929903776,1.0,1.0,1.0,0.8721911637459906
10628,e1209ca7050c5033,True,1.0,1.0,0.7691218119720203,1.0,1.0,1.0,0.9038007549883419
10629,3d325eb7d07c587f,True,1.0,0.0,0.0,0.0,1.0,1.0,0.0
10630,1d95772619d35606,True,1.0,0.0,0.0,1.0,1.0,0.0,0.0
10631,d6eda165241a53b9,True,0.0,1.0,0.0,0.0,1.0,1.0,0.0
10632,ae5377e5ebf65f45,True,1.0,1.0,0.8692970646004862,1.0,1.0,1.0,0.9455404435835358
10633,31960634eefb5d47,True,1.0,1.0,0.8914317222891587,1.0,1.0,1.0,0.9547632176204828
10634,92778c3bfcda566d,True,0.0,1.0,0.0,0.0,1.0,0.0,0.0
10635,9c1e8e69c7cd537b,True,1.0,1.0,1.0,1.0,1.0,1.0,1.0
10636,eb0095eae628560d,True,1.0,1.0,1.0,0.0,1.0,1.0,0.5833333333333334
10637,ae07a1ea49135359,True,1.0,1.0,0.9767683707962683,1.0,1.0,1.0,0.9903201544984451
10638,c240593c969a5cfc,True,1.0,1.0,1.0,1.0,1.0,1.0,1.0
10639,5d1312c4f2aa5bbf,True,1.0,1.0,1.0,1.0,1.0,1.0,1.0
10640,5a12337425265ea1,True,1.0,1.0,0.9306844934307522,1.0,1.0,1.0,0.97111853892948
10641,f9592039b6aa5165,True,1.0,1.0,0.7746808053999618,1.0,1.0,1.0,0.9061170022499841
10642,8728071969cc5091,True,1.0,1.0,0.8179205201674424,1.0,1.0,1.0,0.9241335500697677
10643,978a5c11fbff5589,True,1.0,1.0,0.43674287194239747,1.0,1.0,1.0,0.765309529975999
10644,bd646d9caaef57d8,True,0.0,1.0,0.0,0.0,1.0,1.0,0.0
10645,88454b0190ff551f,True,1.0,1.0,1.0,1.0,1.0,1.0,1.0
10646,21b63f3e9c025da2,True,1.0,1.0,1.0,1.0,1.0,1.0,1.0
10647,291e2af79c2258d5,True,1.0,1.0,1.0,0.0,1.0,1.0,0.5833333333333334
10648,2b641a3ecff5580e,True,1.0,1.0,0.008758219556191738,1.0,1.0,1.0,0.5869825914817466
10649,9adad5bdab6b52fa,True,1.0,0.0,0.0,1.0,1.0,1.0,0.0
10650,b172a207771456f1,True,1.0,1.0,0.8729742577249647,1.0,1.0,0.5,0.9470726073854019
10651,627ed4c9950753e9,True,1.0,1.0,1.0,1.0,1.0,1.0,1.0
10652,b39c69db9eb45416,True,1.0,0.0,0.0,1.0,1.0,1.0,0.0
10653,cf7045e0db215eea,True,1.0,1.0,1.0,0.0,1.0,1.0,0.5833333333333334
10654,f5f173ece87c5c11,True,1.0,0.0,0.0,1.0,1.0,1.0,0.0
10655,a489c23d292e56fa,True,1.0,0.0,0.0,1.0,1.0,0.5,0.0
10656,82ab6983691a5599,True,1.0,1.0,1.0,1.0,1.0,1.0,1.0
10657,54d1762cf973535b,True,1.0,1.0,0.9235416745807298,1.0,1.0,1.0,0.9681423644086374
10658,ba2973ad6189568b,True,1.0,1.0,0.8603235425443279,1.0,1.0,1.0,0.9418014760601366
10659,b4aeb4bbd9035964,True,0.0,1.0,0.0,0.0,1.0,1.0,0.0
10660,4d38d745131c5de1,True,1.0,1.0,1.0,0.0,1.0,0.0,0.5833333333333334
10661,9abf3af825a35a9e,True,1.0,1.0,0.8924135539553119,1.0,1.0,1.0,0.9551723141480467
10662,4abc4549b6d45891,True,0.0,1.0,0.0,0.0,1.0,1.0,0.0
10663,fc0a60a9d8245aea,True,1.0,1.0,0.717758086490423,1.0,1.0,1.0,0.8823992027043429
10664,6486c6ab411c5baf,True,1.0,1.0,0.8823551984742334,1.0,1.0,1.0,0.9509813326975972
10665,3fe4d3672285579c,True,1.0,1.0,0.9756334121922474,1.0,1.0,1.0,0.9898472550801031
10666,785a51e5263b5bec,True,1.0,1.0,0.891898790371958,1.0,1.0,1.0,0.9549578293216491
10667,9bc3ee11944a5bef,True,1.0,1.0,0.9052934049635573,0.0,1.0,0.5,0.5438722520681488
10668,1e4df42d4cea5416,True,1.0,1.0,1.0,0.0,1.0,1.0,0.5833333333333334
10669,e404f3b25f405019,True,1.0,1.0,0.8498190086425211,1.0,1.0,1.0,0.9374245869343838
10670,51e697d3f5255ac3,True,1.0,1.0,1.0,1.0,1.0,1.0,1.0
10671,12f2dccfb88957f9,True,1.0,1.0,1.0,1.0,1.0,1.0,1.0
10672,255c8b9b215458f9,True,1.0,1.0,0.5049910751216538,1.0,1.0,1.0,0.793746281300689
10673,3e42abec9c495419,True,1.0,1.0,0.9701423201012866,1.0,1.0,1.0,0.9875593000422027
10674,77519294678a5fed,True,1.0,1.0,1.0,0.0,1.0,1.0,0.5833333333333334
10675,95733bb0b55e5d5f,True,1.0,1.0,0.6882979180081947,1.0,1.0,1.0,0.8701241325034145
10676,21cd38e3128a5285,True,1.0,1.0,0.7795499425067804,1.0,1.0,1.0,0.9081458093778251
10677,7dacba492564549f,True,1.0,1.0,0.6862720789429189,1.0,1.0,1.0,0.8692800328928829
10678,af98af49fda35a8c,True,1.0,1.0,0.9799609039052375,0.0,1.0,1.0,0.5749837099605156
10679,f004b5e4838455f3,True,1.0,1.0,0.043712622063680866,1.0,1.0,1.0,0.601546925859867
10680,7a3e5ab8218e550f,True,1.0,1.0,1.0,1.0,1.0,1.0,1.0
10681,81410acd84c0516a,True,1.0,1.0,0.661768151584497,1.0,1.0,1.0,0.8590700631602072
10682,d7350c01eab55ed0,True,0.0,1.0,0.0,0.0,1.0,1.0,0.0
10683,dcb6ca8a732551eb,True,1.0,1.0,0.7102021340281084,1.0,1.0,1.0,0.8792508891783785
10684,3e44ba1b6a675c54,True,1.0,1.0,0.7378636431875797,1.0,1.0,1.0,0.8907765179948249
10685,f40f57ad82885f04,True,1.0,1.0,1.0,1.0,1.0,1.0,1.0
10686,fb8f21990ffb52d5,True,1.0,1.0,0.8893984119143173,1.0,1.0,1.0,0.9539160049642988
10687,f49f94b388d8561d,True,1.0,1.0,1.0,1.0,1.0,1.0,1.0
10688,aed7c50719f959a1,True,1.0,1.0,0.05199272716950256,1.0,1.0,1.0,0.6049969696539593
10689,8ab73218fe4a539e,True,1.0,1.0,0.5667653742437085,1.0,1.0,1.0,0.8194855726015452
10690,524695a4857859fe,True,1.0,1.0,1.0,1.0,1.0,1.0,1.0
10691,3190b058710b520b,True,1.0,1.0,0.8557147624570233,1.0,1.0,1.0,0.9398811510237598
10692,b53158c719675897,True,1.0,1.0,0.6729085144451958,1.0,1.0,1.0,0.8637118810188316
10693,e96035d0292956f1,True,1.0,1.0,0.9558123504925895,1.0,1.0,0.0,0.9815884793719123
10694,6b5b038496cb56ba,True,1.0,1.0,1.0,1.0,1.0,1.0,1.0
10695,c126718a51d85fbd,True,1.0,1.0,1.0,1.0,1.0,1.0,1.0
10696,32dd24533788546c,True,1.0,0.0,0.0,0.0,1.0,1.0,0.0
10697,082988f40658562c,True,1.0,1.0,0.026996439945893937,1.0,1.0,1.0,0.5945818499774558
10698,beb963305ad75bb3,True,1.0,1.0,1.0,1.0,1.0,1.0,1.0
10699,b0902109adea5e0f,True,1.0,1.0,0.8988135264121598,1.0,1.0,1.0,0.9578389693384
10700,61e104b6c5d35dc6,True,1.0,1.0,0.8938074818377714,1.0,1.0,1.0,0.9557531174324048
10701,8eac67d757755066,True,1.0,1.0,0.935103985977494,1.0,1.0,1.0,0.9729599941572892
10702,56fe5be4b9dc5c77,True,0.0,1.0,0.0,0.0,1.0,1.0,0.0
10703,330166def5a35f4d,True,1.0,1.0,1.0,0.0,1.0,1.0,0.5833333333333334
10704,4ceb0bc19e0f57d5,True,1.0,0.0,0.0,1.0,1.0,1.0,0.0
10705,14b270ee5a395ea9,True,1.0,0.0,0.0,1.0,1.0,1.0,0.0
10706,e8d6682562335254,True,1.0,1.0,1.0,1.0,1.0,1.0,1.0
10707,120e412f13585a21,True,1.0,1.0,0.9553481234552529,1.0,1.0,1.0,0.9813950514396886
10708,21f55c28bb945892,True,1.0,1.0,0.7234354043340588,1.0,1.0,1.0,0.8847647518058578
10709,76473ec469ed5a65,True,1.0,1.0,0.9952796703538022,1.0,1.0,1.0,0.9980331959807508
10710,b7c371d55ca65cf8,True,1.0,1.0,0.8170021094250796,1.0,1.0,1.0,0.9237508789271165
10711,3fb1b622b5e155cc,True,1.0,1.0,1.0,1.0,1.0,1.0,1.0
10712,d68c7a7e02265029,True,1.0,1.0,1.0,0.0,1.0,0.0,0.5833333333333334
10713,ff94ab2c81a25745,True,1.0,1.0,0.8901291634206283,1.0,1.0,1.0,0.954220484758595
10714,d01fec804cd45644,True,1.0,1.0,0.7025602193735095,1.0,1.0,1.0,0.8760667580722957
10715,690e07e19bf55c7c,True,1.0,1.0,0.7449088565130185,1.0,1.0,1.0,0.8937120235470911
10716,6d605a6595d75fa9,True,1.0,1.0,1.0,1.0,1.0,1.0,1.0
10717,16b6a51da6515191,True,1.0,1.0,1.0,1.0,1.0,1.0,1.0
10718,e15cc5e1d2f85a26,True,0.0,1.0,0.0,0.0,1.0,1.0,0.0
10719,7eff17574e8d53d2,True,1.0,1.0,0.9844381555405797,1.0,1.0,1.0,0.9935158981419082
10720,b1b1e99705dc5afc,True,1.0,1.0,0.9949835115538966,1.0,1.0,1.0,0.9979097964807903
10721,5d3e45ad38ef5b9c,True,1.0,1.0,0.957140580641008,1.0,1.0,1.0,0.98214190860042
10722,64b35b9f9f84585a,True,1.0,1.0,0.8173719172768765,1.0,1.0,1.0,0.9239049655320318
10723,ed166d61f7435477,True,1.0,1.0,0.6687687625404406,1.0,1.0,1.0,0.8619869843918503
10724,d4f972826d645ca8,True,1.0,1.0,0.8538774394303951,1.0,1.0,1.0,0.9391155997626646
10725,09a0456056555b0a,True,0.0,1.0,0.0,0.0,1.0,1.0,0.0
10726,6c6a6b002f715d03,True,1.0,1.0,0.8327786852463784,1.0,1.0,1.0,0.930324452185991
10727,7326774073dd5f7d,True,1.0,1.0,0.7765643307899485,1.0,1.0,1.0,0.9069018044958118
10728,0d1b753fd19f55cb,True,1.0,1.0,0.7588352278142145,1.0,1.0,1.0,0.8995146782559228
10729,70679dba8428549e,True,0.0,1.0,0.0,0.0,1.0,1.0,0.0
10730,2d24100bcb1e57e2,True,1.0,1.0,1.0,1.0,1.0,1.0,1.0
10731,d68e0b255e055d35,True,1.0,1.0,1.0,0.0,1.0,1.0,0.5833333333333334
10732,7c7ce7ea08b15930,True,1.0,1.0,0.8645707627945275,1.0,1.0,1.0,0.9435711511643864
10733,ae50b115259f5a24,True,1.0,1.0,1.0,1.0,1.0,1.0,1.0
10734,69f50b1f6c4d5f4b,True,1.0,1.0,1.0,1.0,1.0,1.0,1.0
10735,8fc671c2e6c05780,True,1.0,1.0,0.7890886032632485,1.0,1.0,1.0,0.912120251359687
10736,6c28c001109f5718,True,1.0,1.0,0.8099148819524978,1.0,1.0,1.0,0.9207978674802074
10737,c6c7e6c737cb5f4c,True,1.0,1.0,1.0,1.0,1.0,1.0,1.0
10738,f84498af5b4f55eb,True,1.0,1.0,1.0,0.0,1.0,0.5,0.5833333333333334
10739,b54d370ffcf653ed,True,1.0,1.0,0.5841600601487192,1.0,1.0,1.0,0.8267333583952997
10740,6104f0887cc25767,True,0.0,1.0,0.0,0.0,1.0,1.0,0.0
10741,beecbff2fd37592e,True,1.0,1.0,1.0,1.0,1.0,1.0,1.0
10742,2541de938ff15eee,True,1.0,1.0,0.9144866969804334,1.0,1.0,1.0,0.9643694570751805
10743,9dfb79c738b155b4,True,0.0,1.0,0.0,0.0,1.0,1.0,0.0
10744,d7c78dbb6fb25194,True,0.0,1.0,0.0,0.0,1.0,1.0,0.0
10745,5517642e588e59d0,True,1.0,1.0,0.7530513110303537,0.0,1.0,1.0,0.4804380462626474
10746,e3ddabf456b155a9,True,1.0,0.0,0.0,1.0,1.0,1.0,0.0
10747,eb3c2a16d549564a,True,1.0,0.0,0.0,1.0,1.0,0.5,0.0
10748,17b0992157365222,True,1.0,0.0,0.0,0.0,1.0,0.5,0.0
10749,b989e46aae3a5332,True,1.0,1.0,1.0,1.0,1.0,1.0,1.0
10750,ab51ae81c26b5f5e,True,1.0,1.0,1.0,1.0,1.0,1.0,1.0
10751,f6a5c2b1f50d5afc,True,1.0,1.0,0.9381769738978535,1.0,1.0,1.0,0.9742404057907722
10752,39e13f76e8b55320,True,1.0,1.0,1.0,1.0,1.0,1.0,1.0
10753,490f4995542058fc,True,1.0,1.0,0.5804865536211522,1.0,1.0,1.0,0.8252027306754801
10754,9949b537feb55564,True,1.0,1.0,0.909147704033589,1.0,1.0,1.0,0.9621448766806621
10755,beee170c9d8159ad,True,1.0,1.0,0.691865538836863,1.0,1.0,1.0,0.8716106411820262
10756,d5085a26c5915a49,True,1.0,1.0,0.7203855613561173,1.0,1.0,1.0,0.8834939838983823
10757,72781f1cbd405769,True,1.0,1.0,0.5581682755790955,1.0,1.0,1.0,0.8159034481579566
10758,9790b7cbcd1a5203,True,1.0,1.0,0.8538145704803902,1.0,1.0,1.0,0.9390894043668293
10759,5ea6697ab5c552b6,True,1.0,1.0,1.0,1.0,1.0,1.0,1.0
10760,06ea285b61b55a54,True,1.0,1.0,0.42287150813320207,1.0,1.0,0.0,0.7595297950555008
10761,26cae32c50095246,True,0.0,1.0,0.0,0.0,1.0,1.0,0.0
10762,34ab6d35dfef5366,True,1.0,1.0,0.8595868011918121,1.0,1.0,1.0,0.9414945004965883
10763,7015bc44f34252f4,True,1.0,1.0,1.0,1.0,1.0,1.0,1.0
10764,1a5f614c9b815e92,True,1.0,1.0,1.0,0.0,1.0,1.0,0.5833333333333334
10765,9e24f7a402a85804,True,0.0,1.0,0.0,1.0,1.0,1.0,0.0
10766,f92ecd09fdf45404,True,1.0,1.0,0.9500788878707889,1.0,1.0,1.0,0.9791995366128287
10767,fddb0bdd1d7f53e0,True,1.0,1.0,0.592462967013333,1.0,1.0,1.0,0.830192902922222
10768,ac07a96cae965e88,True,1.0,1.0,1.0,1.0,1.0,1.0,1.0
10769,dbb53601c8fb585f,True,1.0,0.0,0.0,1.0,1.0,1.0,0.0
10770,f79931e74df250f7,True,1.0,1.0,0.8696752168654052,1.0,1.0,1.0,0.9456980070272522
10771,82551627c2415e8e,True,1.0,0.0,0.0,1.0,1.0,1.0,0.0
10772,fa4e4826f5585647,True,1.0,1.0,1.0,0.0,1.0,1.0,0.5833333333333334
10773,21ce6f815188587a,True,1.0,1.0,0.6713477708981035,1.0,1.0,1.0,0.8630615712075431
10774,0578756b879c55d0,True,1.0,1.0,0.7007907126636395,1.0,1.0,1.0,0.8753294636098499
10775,5ae3a0ab54a950d7,True,0.5,0.0,0.0,0.0,1.0,1.0,0.0
10776,c5408aef4f3a538b,True,1.0,1.0,1.0,0.0,1.0,1.0,0.5833333333333334
10777,5a2e2da8e6b75138,True,1.0,0.0,0.0,0.0,1.0,1.0,0.0
10778,ae3496e6ce435e73,True,0.0,1.0,0.0,0.0,1.0,1.0,0.0
10779,c236972435215288,True,1.0,1.0,1.0,1.0,1.0,1.0,1.0
10780,aff9661937e85b81,True,1.0,1.0,0.3456032351848578,1.0,1.0,1.0,0.7273346813270241
10781,1d811c0428d255cd,True,1.0,1.0,1.0,1.0,1.0,1.0,1.0
10782,10f15e844ab15831,True,1.0,1.0,0.9119879652515667,1.0,1.0,1.0,0.9633283188548195
10783,9900336c08095d0f,True,1.0,0.0,0.0,1.0,1.0,1.0,0.0
10784,2595e56a8af75a60,True,1.0,1.0,1.0,1.0,1.0,1.0,1.0
10785,0317b218061b5c4d,True,1.0,1.0,1.0,1.0,1.0,1.0,1.0
10786,8eae3eab30c95228,True,1.0,1.0,0.7225274904617432,1.0,1.0,1.0,0.8843864543590597
10787,dffc6ff890745dbe,True,1.0,1.0,0.6302564846035495,1.0,1.0,1.0,0.8459402019181456
10788,808e5edcddce51c3,True,1.0,1.0,1.0,1.0,1.0,1.0,1.0
10789,a85f6afede71548f,True,1.0,1.0,0.877538104800202,1.0,1.0,1.0,0.9489742103334174
10790,6688db9c3a425bb6,True,1.0,1.0,0.8532999303336074,1.0,1.0,0.0,0.9388749709723365
10791,4631b80af7fb5f2f,True,1.0,1.0,1.0,0.0,1.0,1.0,0.5833333333333334
10792,4f5d9ee9c2915058,True,1.0,1.0,0.7008176494155693,1.0,1.0,0.5,0.8753406872564872
10793,c95348f67fa059ae,True,1.0,1.0,1.0,1.0,1.0,1.0,1.0
10794,0182731334355e48,True,0.0,1.0,0.0,0.0,1.0,1.0,0.0
10795,78e8eab14d8e5d65,True,1.0,0.0,0.0,1.0,1.0,1.0,0.0
10796,14d53eb06a7d582a,True,1.0,0.0,0.0,1.0,1.0,1.0,0.0
10797,dad96574decb5a68,True,1.0,1.0,1.0,1.0,1.0,1.0,1.0
10798,57eebf7c02c05c63,True,1.0,0.0,0.0,1.0,1.0,1.0,0.0
10799,69792eb6a5415c5f,True,1.0,1.0,0.982794117023369,1.0,1.0,1.0,0.9928308820930706
10800,40c9fc73f7275730,True,1.0,1.0,1.0,1.0,1.0,1.0,1.0
10801,529d2e20dc615c3b,True,0.0,1.0,0.0,0.0,1.0,1.0,0.0
10802,9695a17335715894,True,1.0,1.0,0.8466186762789129,1.0,1.0,1.0,0.9360911151162137
10803,6eac35cd4c6e53b0,True,1.0,1.0,0.026666913482899235,1.0,1.0,1.0,0.5944445472845413
10804,771a9923745f59c5,True,1.0,1.0,0.9957500752638582,1.0,1.0,1.0,0.9982291980266075
10805,8439357bbb005600,True,1.0,1.0,0.7658568367289895,1.0,1.0,1.0,0.902440348637079
10806,0cc24c1449cd54f9,True,1.0,1.0,1.0,1.0,1.0,1.0,1.0
10807,223d02be29c65e81,True,1.0,0.0,0.0,1.0,1.0,1.0,0.0
10808,e22b4bce822a51fb,True,1.0,0.0,0.0,1.0,1.0,1.0,0.0
10809,3d2f4a8fb8b55572,True,1.0,1.0,0.8168975309741835,1.0,1.0,1.0,0.9237073045725764
10810,70b89bff643e5ef0,True,1.0,1.0,1.0,1.0,1.0,1.0,1.0
10811,25d6781d5063561a,True,0.0,0.0,0.0,0.0,1.0,0.0,0.0
10812,8f0f7125a2e856b8,True,0.0,1.0,0.0,0.0,1.0,1.0,0.0
10813,ddd3fc0cf919567b,True,1.0,1.0,0.14236641457533383,1.0,1.0,1.0,0.6426526727397225
10814,664106f910475a53,True,1.0,1.0,0.8174524333894109,1.0,1.0,0.5,0.9239385139122546
10815,b94fd2088a4f5688,True,1.0,1.0,0.8881525620146554,1.0,1.0,1.0,0.9533969008394397
10816,e820310f7d0b5016,True,1.0,1.0,1.0,1.0,1.0,1.0,1.0
10817,5395d42cc65e5c06,True,1.0,0.0,0.0,1.0,1.0,1.0,0.0
10818,869f688594fc58c1,True,1.0,1.0,0.870880667874647,1.0,1.0,1.0,0.9462002782811029
10819,a28af989d6ea5fe8,True,1.0,1.0,0.9253631505179887,1.0,1.0,1.0,0.9689013127158286
10820,ab1fd108d5885b58,True,1.0,1.0,1.0,1.0,1.0,0.0,1.0
10821,b0aa550f818f52a0,True,1.0,0.0,0.0,1.0,1.0,1.0,0.0
10822,33baec8b94e15a39,True,1.0,1.0,0.9316113083123797,1.0,1.0,1.0,0.9715047117968248
10823,4d1a4e9606075497,True,1.0,1.0,1.0,1.0,1.0,0.5,1.0
10824,e14abaa91ad3511b,True,1.0,1.0,0.7372510793408664,1.0,1.0,1.0,0.8905212830586944
10825,36e3e0f9a589578d,True,1.0,1.0,0.7047888991979789,1.0,1.0,0.5,0.8769953746658246
10826,6360aa4dd01151c3,True,1.0,0.0,0.0,1.0,1.0,1.0,0.0
10827,b5b422189a075a27,True,1.0,1.0,0.8205083964037434,1.0,1.0,1.0,0.9252118318348931
10828,dedf2d5568c758ae,True,0.0,1.0,0.0,0.0,1.0,1.0,0.0
10829,88126672803f56a3,True,1.0,1.0,0.6916099482684784,1.0,1.0,1.0,0.871504145111866
10830,866f7eb093ac5244,True,1.0,1.0,0.6428576239374747,0.0,1.0,1.0,0.4345240099739478
10831,0ffe6d569128598a,True,1.0,1.0,0.0667654485591501,1.0,1.0,1.0,0.6111522702329792
10832,8d6e4249496b504c,True,1.0,1.0,0.7731916627272578,1.0,1.0,1.0,0.9054965261363574
10833,2de709220e34507e,True,1.0,1.0,1.0,1.0,1.0,1.0,1.0
10834,1fc2b1630a0e5c53,True,1.0,0.0,0.0,0.0,1.0,0.0,0.0
10835,efb0bd5e26305e5b,True,1.0,1.0,0.7388957071334676,1.0,1.0,1.0,0.8912065446389449
10836,26e5c3fb8af15012,True,1.0,1.0,0.44670746367713315,1.0,1.0,1.0,0.7694614431988055
10837,dbd94883f7865af6,True,1.0,1.0,0.6174292061544344,1.0,1.0,0.5,0.8405955025643476
10838,4eff4682a7795fe1,True,0.0,1.0,0.0,0.0,1.0,1.0,0.0
10839,ad601a0f5b8350dd,True,1.0,1.0,0.6052639052205838,1.0,1.0,1.0,0.8355266271752432
10840,92aee2a7b815565f,True,1.0,1.0,0.5227990107660928,1.0,1.0,1.0,0.8011662544858721
10841,ae09c3f715ed58c7,True,1.0,1.0,1.0,1.0,1.0,1.0,1.0
10842,c93008394b945625,True,1.0,1.0,0.8080303216554947,1.0,1.0,1.0,0.9200126340231227
10843,aa843e4d6d3b5fc3,True,1.0,1.0,0.6625400393961125,1.0,1.0,1.0,0.8593916830817135
10844,24acfb08c5ef55f5,True,1.0,1.0,1.0,1.0,1.0,1.0,1.0
10845,43493f9be4735732,True,1.0,0.0,0.0,1.0,1.0,1.0,0.0
10846,d9c700e9e21b50ba,True,1.0,1.0,0.8607842545021808,1.0,1.0,1.0,0.9419934393759086
10847,e11091e5742d545b,True,1.0,1.0,0.35604625979956234,1.0,1.0,1.0,0.731685941583151
10848,69e8fff107b05199,True,1.0,0.0,0.0,1.0,1.0,0.5,0.0
10849,abe1ac610c3d5b82,True,1.0,1.0,0.8788652879245027,1.0,1.0,1.0,0.9495272033018761
10850,572e6c81e32958f2,True,1.0,1.0,0.3151805911814859,1.0,1.0,1.0,0.7146585796589524
10851,23d0ae8aedf8537b,True,1.0,1.0,1.0,1.0,1.0,1.0,1.0
10852,7a91cd530cac57fc,True,1.0,1.0,0.6334211495200343,1.0,1.0,1.0,0.8472588123000143
10853,16d4835b75b05efb,True,1.0,1.0,0.9633174092931437,1.0,1.0,1.0,0.9847155872054766
10854,e54d6de2e70157b0,True,1.0,1.0,1.0,1.0,1.0,1.0,1.0
10855,e17906596dab5e6c,True,1.0,1.0,0.8898157191100159,1.0,1.0,1.0,0.9540898829625067
10856,e77360b1bf605f87,True,1.0,1.0,1.0,1.0,1.0,1.0,1.0
10857,cdf6bdc01f055c77,True,1.0,1.0,0.7084140546265832,1.0,1.0,1.0,0.8785058560944097
10858,d8952813d8de574d,True,1.0,1.0,0.9534732230969595,1.0,1.0,1.0,0.9806138429570664
10859,db951dbc3e595c29,True,1.0,1.0,0.5599777974690643,1.0,1.0,1.0,0.8166574156121101
10860,4ffa52567be45f39,True,1.0,1.0,0.9769183686452843,1.0,1.0,1.0,0.9903826536022017
10861,9360bfdb65d153cd,True,1.0,0.0,0.0,0.0,1.0,1.0,0.0
10862,60f8e416f5f457b3,True,1.0,1.0,0.6841180239475668,1.0,1.0,1.0,0.8683825099781529
10863,efbd7ea4d97c5cb9,True,1.0,1.0,0.0009213340691442593,1.0,1.0,1.0,0.5837172225288101
10864,20f0988b6050572a,True,1.0,1.0,0.837488627734286,1.0,1.0,1.0,0.9322869282226192
10865,a33054c645ce5643,True,1.0,1.0,1.0,1.0,1.0,1.0,1.0
10866,74ea43025c935b2e,True,1.0,0.0,0.0,1.0,1.0,1.0,0.0
10867,9f521d00c3ef55b7,True,1.0,1.0,0.9390519072867264,1.0,1.0,1.0,0.9746049613694693
10868,551afc276a1a5ab3,True,1.0,1.0,0.15713070810270227,1.0,1.0,1.0,0.6488044617094593
10869,8560e670c7865e3f,True,0.0,1.0,0.0,0.0,1.0,1.0,0.0
10870,cc63d140e4285f30,True,1.0,1.0,0.8684931732136635,1.0,1.0,0.5,0.9452054888390263
10871,d08c7fa247395729,True,1.0,1.0,0.9952784009794408,1.0,1.0,1.0,0.9980326670747669
10872,02b68b9cc51f506a,True,1.0,1.0,0.7179442659466563,1.0,1.0,1.0,0.8824767774777734
10873,542d8c3b05145bbe,True,1.0,1.0,0.7026608621403992,1.0,1.0,1.0,0.8761086925584998
10874,75b6813b1f4556ce,True,1.0,0.0,0.0,1.0,1.0,0.0,0.0
10875,6a5a73243cbe5f1d,True,1.0,1.0,1.0,1.0,1.0,1.0,1.0
10876,89fcf773eb5d514e,True,1.0,1.0,0.9069958385506124,1.0,1.0,0.0,0.9612482660627553
10877,3a43a45778b85666,True,0.0,1.0,0.0,0.0,1.0,1.0,0.0
10878,46cd5885206b5c6d,True,1.0,1.0,0.995995378899435,1.0,1.0,1.0,0.9983314078747645
10879,8fdb21d863c5504b,True,1.0,1.0,0.6993202666080487,1.0,1.0,1.0,0.8747167777533535
10880,f8c4bf250c1c512c,True,1.0,1.0,0.8675164650806995,1.0,1.0,1.0,0.9447985271169581
10881,48f6a3bdc0bf5d64,True,1.0,1.0,0.5678226426993893,1.0,1.0,1.0,0.8199261011247456
10882,bff29edb43425586,True,1.0,1.0,1.0,0.0,1.0,1.0,0.5833333333333334
10883,43fd9868f2ed549f,True,1.0,1.0,0.8229452319576992,1.0,1.0,1.0,0.9262271799823747
10884,d5fc95fa66025d7a,True,1.0,1.0,0.7439473788318098,1.0,1.0,1.0,0.8933114078465874
10885,6b0ff02cbbf25aa3,True,1.0,1.0,0.7159319830983756,1.0,1.0,1.0,0.8816383262909898
10886,f51a75fadd695f06,True,1.0,1.0,0.6846662691704984,1.0,1.0,1.0,0.8686109454877077
10887,b3c1a2ac292d5e3f,True,1.0,1.0,1.0,1.0,1.0,1.0,1.0
10888,29c5b3febc2f5704,True,1.0,1.0,0.9244966879847207,1.0,1.0,1.0,0.9685402866603003
10889,d68dba02509b50a3,True,1.0,1.0,0.8759487286520073,1.0,1.0,0.5,0.9483119702716697
10890,0f622aef14545f59,True,1.0,1.0,0.6584720897533513,1.0,1.0,1.0,0.8576967040638963
10891,1719439969a55cc6,True,1.0,1.0,0.9879694877231481,1.0,1.0,1.0,0.9949872865513116
10892,ef4cd07fc8245457,True,1.0,1.0,1.0,1.0,1.0,1.0,1.0
10893,3bb527d97cee5163,True,1.0,1.0,0.7148983956747766,1.0,1.0,1.0,0.8812076648644903
10894,222a07b15e165f6f,True,1.0,1.0,1.0,1.0,1.0,1.0,1.0
10895,63d80f7499fc5784,True,1.0,1.0,1.0,1.0,1.0,1.0,1.0
10896,5f4945f6b9b45024,True,1.0,1.0,1.0,1.0,1.0,1.0,1.0
10897,7fbe895b20a45dfb,True,1.0,1.0,1.0,0.0,1.0,1.0,0.5833333333333334
10898,ba86ae71bc105215,True,1.0,1.0,1.0,1.0,1.0,1.0,1.0
10899,3fd7c487c29f53bc,True,0.0,1.0,0.0,0.0,1.0,1.0,0.0
10900,fd16b1d0d41352ee,True,1.0,1.0,0.8950454596552101,1.0,1.0,1.0,0.9562689415230041
10901,f4495a91b9fb505d,True,1.0,1.0,0.7787709474265806,1.0,1.0,1.0,0.9078212280944086
10902,3bae0e44f3095a9c,True,1.0,1.0,0.44400560421419155,1.0,1.0,1.0,0.7683356684225798
10903,0670d0c81a5550c4,True,1.0,1.0,0.7485400588482871,1.0,1.0,1.0,0.8952250245201196
10904,96704b3a6c235f12,True,1.0,1.0,0.9937649288224357,1.0,1.0,1.0,0.9974020536760149
10905,cc7afdc5a1e95b5a,True,1.0,1.0,1.0,0.0,1.0,1.0,0.5833333333333334
10906,988cf241460c557e,True,1.0,1.0,0.8845311623432829,1.0,1.0,1.0,0.9518879843097011
10907,9ee5cb5e3908569a,True,1.0,1.0,0.937438993075365,0.0,1.0,1.0,0.5572662471147355
10908,424e3df76d475635,True,1.0,1.0,0.8023493780536768,1.0,1.0,1.0,0.917645574189032
10909,65fc12f7836f58ed,True,1.0,1.0,0.01621229809803591,1.0,1.0,1.0,0.5900884575408483
10910,aea962fd9c025957,True,1.0,0.0,0.0,1.0,1.0,1.0,0.0
10911,844760894a04505a,True,1.0,1.0,1.0,0.0,1.0,1.0,0.5833333333333334
10912,06737d2244bd53cc,True,1.0,1.0,0.7655127569127405,1.0,1.0,0.5,0.9022969820469752
10913,61d847c3a95f5032,True,1.0,1.0,0.8864771633532141,1.0,1.0,1.0,0.9526988180638393
10914,449f88cb93fe53d8,True,1.0,1.0,1.0,1.0,1.0,1.0,1.0
10915,2aa9dce62cd75fce,True,1.0,1.0,1.0,1.0,1.0,1.0,1.0
10916,0715626fc800527e,True,1.0,1.0,1.0,1.0,1.0,1.0,1.0
10917,4e72d5b688ca564f,True,1.0,1.0,1.0,1.0,1.0,1.0,1.0
10918,a1eab14904fc5807,True,1.0,1.0,0.7769854531492891,1.0,1.0,1.0,0.907077272145537
10919,faf80a4ecf8858fe,True,1.0,1.0,0.8883618176591801,1.0,1.0,1.0,0.9534840906913251
10920,4023c5e9f11e5056,True,1.0,1.0,0.9421987068995062,1.0,1.0,1.0,0.9759161278747942
10921,866e7ca97d3c5548,True,1.0,1.0,1.0,0.0,1.0,1.0,0.5833333333333334
10922,6532afe679315809,True,1.0,1.0,0.5900621643484855,1.0,1.0,1.0,0.8291925684785356
10923,e83a3108893753f0,True,1.0,1.0,0.7328120980574979,1.0,1.0,1.0,0.8886717075239575
10924,ada396669cec56ef,True,1.0,1.0,0.6581619104108322,1.0,1.0,1.0,0.85756746267118
10925,b934233d0ea6536b,True,1.0,1.0,1.0,1.0,1.0,1.0,1.0
10926,1eb0e6e749975996,True,1.0,1.0,0.8782306186994606,1.0,1.0,1.0,0.949262757791442
10927,f5f7d39ffe625dda,True,1.0,1.0,0.9467524590999535,1.0,1.0,1.0,0.9778135246249806
10928,dd671af93db454aa,True,0.0,1.0,0.0,0.0,1.0,1.0,0.0
10929,eb15f0d956eb5ac4,True,1.0,1.0,0.463529211763172,1.0,1.0,1.0,0.7764705049013217
10930,4b3c6a95987c552d,True,1.0,1.0,1.0,1.0,1.0,1.0,1.0
10931,d983f3c9756357b2,True,1.0,1.0,1.0,1.0,1.0,1.0,1.0
10932,4e2c083182d75cc1,True,1.0,1.0,0.8112253714517055,1.0,1.0,1.0,0.9213439047715438
10933,952dbeff58945400,True,1.0,1.0,0.5851585664699807,1.0,1.0,1.0,0.8271494026958252
10934,a13d45e804265392,True,1.0,0.0,0.0,1.0,1.0,1.0,0.0
10935,61421159b240530d,True,1.0,0.0,0.0,1.0,1.0,0.0,0.0
10936,c50b9b8950ba5347,True,1.0,1.0,1.0,1.0,1.0,1.0,1.0
10937,4b6430ca30c45a3c,True,1.0,1.0,0.8193174222193258,1.0,1.0,1.0,0.9247155925913857
10938,2e90da117016561c,True,1.0,1.0,1.0,1.0,1.0,1.0,1.0
10939,691a4ca60e745bea,True,1.0,1.0,0.5872073076793766,1.0,1.0,1.0,0.8280030448664069
10940,f1e870d5d8275cac,True,1.0,1.0,1.0,1.0,1.0,1.0,1.0
10941,bc93e095f13c54b2,True,1.0,1.0,1.0,1.0,1.0,1.0,1.0
10942,7b4ba1d02376503b,True,1.0,1.0,0.9559076949828789,0.0,1.0,1.0,0.5649615395761995
10943,97c09fe94495563a,True,1.0,1.0,1.0,1.0,1.0,0.0,1.0
10944,f203a01d3a8055f1,True,1.0,1.0,1.0,1.0,1.0,1.0,1.0
10945,3f82940c5aae5ab1,True,1.0,1.0,0.8066213340819091,1.0,1.0,1.0,0.9194255558674621
10946,667ad9e70e1d525c,True,1.0,1.0,0.8198983328186603,1.0,1.0,1.0,0.9249576386744418
10947,abbfc957d5545f53,True,1.0,1.0,0.5805933554954605,1.0,1.0,1.0,0.825247231456442
10948,aad72be88eab564c,True,1.0,1.0,0.7383295464113653,1.0,1.0,1.0,0.8909706443380688
10949,b7bb53ad2bb1505f,True,1.0,1.0,1.0,0.0,1.0,1.0,0.5833333333333334
10950,552fd48bfce35a20,True,1.0,1.0,1.0,1.0,1.0,1.0,1.0
10951,76664d864c4d5595,True,1.0,1.0,1.0,1.0,1.0,1.0,1.0
10952,6451d6a270c75f58,True,1.0,1.0,1.0,1.0,1.0,1.0,1.0
10953,3c31377fc8f65160,True,1.0,1.0,0.9230351239371736,1.0,1.0,1.0,0.967931301640489
10954,828b1011212253c6,True,0.0,1.0,0.0,0.0,1.0,1.0,0.0
10955,70a70a9054d75d9f,True,1.0,1.0,1.0,0.0,1.0,1.0,0.5833333333333334
10956,7daa0ad6ca5356fc,True,1.0,1.0,1.0,1.0,1.0,1.0,1.0
10957,1e0c13bae35a50b3,True,1.0,1.0,0.9278681662899252,1.0,1.0,1.0,0.9699450692874688
10958,1e1878076a0b52d6,True,1.0,0.0,0.0,1.0,1.0,1.0,0.0
10959,76dceae4c9c353b5,True,1.0,0.0,0.0,1.0,1.0,0.5,0.0
10960,a5d23e7aa6265f80,True,1.0,1.0,0.8591973510887337,1.0,1.0,1.0,0.9413322296203056
10961,28926b7190705b82,True,1.0,1.0,0.8059726493187858,1.0,1.0,1.0,0.9191552705494942
10962,b2872eb05a455f97,True,1.0,1.0,0.8057492377907098,1.0,1.0,1.0,0.9190621824127958
10963,aeea0bc96b5255e9,True,1.0,1.0,0.5835200940592583,1.0,1.0,1.0,0.8264667058580243
10964,3a84cbdfcbf554a6,True,0.0,1.0,0.0,0.0,1.0,1.0,0.0
10965,5abe25231fd05639,True,1.0,1.0,1.0,1.0,1.0,1.0,1.0
10966,0969be1cc6a85a76,True,1.0,1.0,0.7651031314227685,1.0,1.0,1.0,0.902126304759487
10967,afe83cb6c0ae5f67,True,1.0,0.0,0.0,1.0,1.0,1.0,0.0
10968,df4bfb41bc3b5ded,True,1.0,0.0,0.0,1.0,1.0,1.0,0.0
10969,cd2a694affd65d94,True,1.0,1.0,0.9103109412634826,0.0,1.0,1.0,0.5459628921931178
10970,07952d3dbf4550de,True,1.0,1.0,1.0,1.0,1.0,1.0,1.0
10971,d7d57d8fb3b6589a,True,1.0,1.0,0.4526838433415711,1.0,1.0,0.0,0.7719516013923213
10972,4f8e1da188be5033,True,1.0,0.0,0.0,0.0,1.0,1.0,0.0
10973,cd2f52e2012f5088,True,1.0,1.0,1.0,1.0,1.0,1.0,1.0
10974,c9968e9ec0135b9d,True,1.0,1.0,1.0,1.0,1.0,1.0,1.0
10975,6c130d90781359d4,True,1.0,1.0,0.9335872041177757,1.0,1.0,1.0,0.97232800171574
10976,e26d616b5c4b5642,True,1.0,1.0,0.8917709939696049,1.0,1.0,1.0,0.9549045808206688
10977,dc472958283b57cc,True,0.0,1.0,0.0,0.0,1.0,1.0,0.0
10978,6761ba552b3759fa,True,1.0,1.0,0.9932548454863048,1.0,1.0,1.0,0.9971895189526271
10979,0751ef23000050f8,True,1.0,1.0,1.0,1.0,1.0,1.0,1.0
10980,8e00c08f68af5357,True,1.0,1.0,0.9499932269599308,1.0,1.0,1.0,0.9791638445666377
10981,65676c8917335c2c,True,1.0,1.0,1.0,1.0,1.0,1.0,1.0
10982,a2737c768a335e27,True,1.0,1.0,0.8114911105436392,1.0,1.0,1.0,0.921454629393183
10983,4ac1bcffb2bb5010,True,1.0,1.0,1.0,0.0,1.0,1.0,0.5833333333333334
10984,8e35889ee2cb559d,True,1.0,1.0,1.0,0.0,1.0,1.0,0.5833333333333334
10985,cdac2937953e5398,True,1.0,1.0,0.9587253542109598,1.0,1.0,1.0,0.9828022309212333
10986,f638ae3f35d25d55,True,1.0,1.0,0.023999391704095693,1.0,1.0,1.0,0.5933330798767066
10987,6d0a7f0bb4e7584b,True,1.0,1.0,0.7220987585975466,1.0,1.0,1.0,0.884207816082311
10988,7dfae2f3b33a5d6e,True,0.0,1.0,0.0,0.0,1.0,1.0,0.0
10989,28123c233d33567e,True,1.0,1.0,0.8556727177701359,1.0,1.0,1.0,0.9398636324042232
10990,0f83bb5cecbe56df,True,1.0,1.0,0.8361282991290928,1.0,1.0,1.0,0.931720124637122
10991,a810e698e69e5e70,True,1.0,1.0,0.8256177040938228,1.0,1.0,1.0,0.9273407100390928
10992,620f272061ea5f3a,True,1.0,1.0,1.0,1.0,1.0,1.0,1.0
10993,8ff50d5fa36956fa,True,1.0,1.0,1.0,1.0,1.0,1.0,1.0
10994,30d3af9350045c29,True,1.0,1.0,0.9842193071642443,1.0,1.0,1.0,0.993424711318435
10995,929fe68adaef5ee7,True,1.0,1.0,0.8371946344093892,1.0,1.0,1.0,0.9321644310039122
10996,5671f9e107965dc3,True,1.0,1.0,0.8733301491141465,1.0,1.0,1.0,0.9472208954642277
10997,e88e44d720f65e0e,True,1.0,1.0,1.0,1.0,1.0,1.0,1.0
10998,701eca801b6f5ba9,True,1.0,1.0,1.0,1.0,1.0,1.0,1.0
10999,b6eb541d3faf53f2,True,1.0,1.0,0.9151500368534737,1.0,1.0,1.0,0.9646458486889474
11000,229e86f19e7d5ced,True,0.0,1.0,0.0,0.0,1.0,1.0,0.0
11001,e3893ed312f45501,True,1.0,1.0,1.0,1.0,1.0,1.0,1.0
11002,887e4d57da835b12,True,1.0,1.0,1.0,1.0,1.0,1.0,1.0
11003,777328bf3a3d5e15,True,1.0,1.0,0.6795889882295891,1.0,1.0,1.0,0.8664954117623288
11004,4bc54773ae245d10,True,1.0,1.0,0.8527879201798468,1.0,1.0,1.0,0.9386616334082696
11005,326a8c0625d856cc,True,1.0,1.0,0.9126113081054453,1.0,1.0,1.0,0.9635880450439357
11006,803569f800575929,True,1.0,1.0,0.7018691847426859,1.0,1.0,1.0,0.8757788269761191
11007,8a1eb240e9355b45,True,1.0,1.0,0.9050528125119514,1.0,1.0,1.0,0.9604386718799797
11008,b76b03503cf95c02,True,1.0,1.0,1.0,1.0,1.0,1.0,1.0
11009,393eaed8070a5d2c,True,1.0,0.0,0.0,1.0,1.0,1.0,0.0
11010,1e01550fc9d656d8,True,1.0,1.0,0.7875484557093857,1.0,1.0,1.0,0.911478523212244
11011,59402b7bd60b5da7,True,1.0,1.0,0.032300596920742594,1.0,1.0,1.0,0.5967919153836427
11012,18649e595e7b51ab,True,1.0,1.0,1.0,0.0,1.0,1.0,0.5833333333333334
11013,ac6b7fc70fc25a1a,True,1.0,1.0,0.6568613068277491,1.0,1.0,1.0,0.8570255445115622
11014,d58159872a0d58b7,True,1.0,1.0,0.9101144478225308,1.0,1.0,1.0,0.9625476865927212
11015,d5116f0d75b4549d,True,1.0,1.0,0.9194908516062533,0.0,1.0,1.0,0.5497878548359388
11016,c40ede27ed35520b,True,1.0,1.0,0.8939843025269089,1.0,1.0,1.0,0.9558267927195453
11017,36f34c9e02a15801,True,1.0,1.0,1.0,1.0,1.0,1.0,1.0
11018,05d0a1a763fc5334,True,1.0,1.0,1.0,1.0,1.0,1.0,1.0
11019,3b1e0182cb145b8d,True,1.0,0.0,0.0,0.0,1.0,0.5,0.0
11020,d9422fc7065e5b62,True,1.0,0.0,0.0,1.0,1.0,1.0,0.0
11021,7684ff2627555f4e,True,1.0,1.0,0.985941167479014,1.0,1.0,1.0,0.9941421531162558
11022,d224548a04525f2c,True,1.0,1.0,0.8833533550100502,1.0,1.0,1.0,0.9513972312541875
11023,5cbb02f3e0e253e5,True,1.0,1.0,1.0,1.0,1.0,1.0,1.0
11024,da848499bd6759c9,True,1.0,1.0,1.0,1.0,1.0,1.0,1.0
11025,f674a05cc42b5d4a,True,1.0,1.0,0.9708833042030824,1.0,1.0,1.0,0.9878680434179511
11026,f561d19a11375418,True,0.0,1.0,0.0,0.0,1.0,1.0,0.0
11027,c5ec810bb3625418,True,1.0,1.0,0.8956117899958831,1.0,1.0,0.5,0.9565049124982846
11028,690efce01f2054a7,True,1.0,1.0,0.8632398446314881,1.0,1.0,1.0,0.9430166019297866
11029,62108a4000e85dae,True,1.0,1.0,1.0,1.0,1.0,1.0,1.0
11030,159972aee8265c33,True,1.0,0.0,0.0,1.0,1.0,1.0,0.0
11031,09978bee1b655865,True,1.0,1.0,0.8556580739074019,1.0,1.0,1.0,0.9398575307947508
11032,bb30019d8f645e62,True,1.0,0.0,0.0,1.0,1.0,1.0,0.0
11033,e1c80a4e90a1501d,True,1.0,1.0,0.940704602523025,1.0,1.0,1.0,0.9752935843845938
11034,57730912486a5853,True,1.0,0.0,0.0,1.0,1.0,0.0,0.0
11035,7686d88b5ae4513e,True,0.0,1.0,0.0,0.0,1.0,1.0,0.0
11036,91e06c22962d53bb,True,1.0,1.0,0.9296314463483053,0.0,1.0,1.0,0.5540131026451273
11037,c2156c6760fd55b5,True,1.0,1.0,1.0,1.0,1.0,0.5,1.0
11038,fb2289e9d46258f2,True,1.0,0.0,0.0,1.0,1.0,0.5,0.0
11039,f863be1a4d1d5e96,True,1.0,1.0,0.8072662664637965,1.0,1.0,1.0,0.9196942776932486
11040,2cae5f08e11a5dbd,True,1.0,1.0,1.0,1.0,1.0,1.0,1.0
11041,26565788812b5fde,True,1.0,1.0,1.0,1.0,1.0,1.0,1.0
11042,eb81d53204735bcc,True,1.0,1.0,0.8802010843049378,1.0,1.0,1.0,0.9500837851270575
11043,c68108211dfa57e0,True,1.0,1.0,0.4851284772577191,1.0,1.0,1.0,0.785470198857383
11044,20472dd2ff805948,True,1.0,1.0,1.0,1.0,1.0,1.0,1.0
11045,483042d5dc175e99,True,1.0,0.0,0.0,1.0,1.0,1.0,0.0
11046,5624b4732b135079,True,1.0,0.0,0.0,1.0,1.0,1.0,0.0
11047,c820630081b056f7,True,1.0,1.0,1.0,1.0,1.0,1.0,1.0
11048,7383ddb2fac255cb,True,1.0,1.0,0.9090873863280728,1.0,1.0,1.0,0.9621197443033637
11049,e0e228212a655d7f,True,1.0,1.0,0.8938736102644048,1.0,1.0,1.0,0.955780670943502
11050,7c49f7aca6c05e2a,True,1.0,1.0,0.961842433175835,1.0,1.0,1.0,0.9841010138232645
11051,e7c485c237b352cd,True,1.0,1.0,0.9669311643805316,1.0,1.0,0.5,0.9862213184918881
11052,c8b9b19008605f76,True,1.0,1.0,0.8237150609628832,1.0,1.0,1.0,0.926547942067868
11053,32399e644e53534a,True,1.0,1.0,0.6251555681901897,1.0,1.0,1.0,0.8438148200792458
11054,616439dd808d57f1,True,0.5,0.0,0.0,0.0,1.0,1.0,0.0
11055,ea9f070b56115301,True,1.0,1.0,0.9321623666962378,1.0,1.0,1.0,0.9717343194567657
11056,71729b03a1e95896,True,1.0,0.0,0.0,1.0,1.0,1.0,0.0
11057,2601ffe0d2a056be,True,1.0,1.0,1.0,1.0,1.0,1.0,1.0
11058,38878741cbee5e88,True,1.0,0.0,0.0,1.0,1.0,1.0,0.0
11059,19227b35432f567e,True,1.0,0.0,0.0,1.0,1.0,1.0,0.0
11060,85ab290d4e535060,True,1.0,1.0,1.0,1.0,1.0,1.0,1.0
11061,db740574ddc053f0,True,1.0,1.0,1.0,1.0,1.0,1.0,1.0
11062,fe132c4b31ff5fc7,True,1.0,1.0,0.41151094683142037,1.0,1.0,1.0,0.7547962278464251
11063,caee3d86c00351e6,True,1.0,1.0,0.0,1.0,1.0,1.0,0.5833333333333334
11064,861984dda2c458ee,True,1.0,1.0,1.0,1.0,1.0,1.0,1.0
11065,750b8c926ffd5895,True,1.0,1.0,1.0,1.0,1.0,1.0,1.0
11066,8c8694effde754e6,True,1.0,1.0,0.8873550688682774,1.0,1.0,1.0,0.953064612028449
11067,185dd0f2003e5d35,True,1.0,1.0,1.0,1.0,1.0,1.0,1.0
11068,885f450f0b875861,True,0.0,1.0,0.0,0.0,1.0,1.0,0.0
11069,1bdfacbfcff75c27,True,1.0,1.0,0.6987801116943292,1.0,1.0,0.5,0.8744917132059705
11070,cedd32ec31e45cd9,True,1.0,0.0,0.0,1.0,1.0,0.5,0.0
11071,8bb0f6034d505f75,True,1.0,1.0,0.7083096541079734,1.0,1.0,1.0,0.8784623558783222
11072,03143ef8f2f65a2f,True,1.0,1.0,0.02249008290720967,1.0,1.0,1.0,0.5927042012113374
11073,c43a415dd7d2585d,True,1.0,1.0,0.7681889209532923,1.0,1.0,1.0,0.9034120503972051
11074,83472e2adb545cd5,True,1.0,1.0,0.7092771211642432,1.0,1.0,1.0,0.878865467151768
11075,b7c1448b395e56c6,True,1.0,1.0,0.8097138192714157,0.0,1.0,1.0,0.5040474246964232
11076,70847cda9b3d5b07,True,1.0,1.0,0.9385766270308694,1.0,1.0,1.0,0.9744069279295289
11077,beeb0c78917a528a,True,1.0,1.0,1.0,1.0,1.0,1.0,1.0
11078,74cc0056b2c05248,True,1.0,0.0,0.0,1.0,1.0,1.0,0.0
11079,d4187db8dc625207,True,1.0,1.0,0.8758072911336399,1.0,1.0,1.0,0.9482530379723499
11080,f0cdcc3967335c01,True,1.0,1.0,1.0,1.0,1.0,1.0,1.0
11081,d98a25449e205e55,True,0.0,1.0,0.0,0.0,1.0,1.0,0.0
11082,ea141bd5c40259de,True,1.0,1.0,1.0,1.0,1.0,1.0,1.0
11083,74cf2bc3433f59dd,True,1.0,1.0,0.8009319742505207,1.0,1.0,0.5,0.9170549892710502
11084,1e9fb68ccf2d5bcd,True,1.0,1.0,0.5651794373970229,1.0,1.0,1.0,0.8188247655820929
11085,6162470f2d0c5e13,True,0.0,0.0,0.0,0.0,1.0,0.0,0.0
11086,f34af4dbbbd35a23,True,0.0,1.0,0.0,0.0,1.0,1.0,0.0
11087,94683fc69ce4599c,True,1.0,1.0,0.6225145445319695,1.0,1.0,1.0,0.8427143935549873
11088,9cab6ab13a3059de,True,1.0,1.0,0.8580583339783473,1.0,1.0,1.0,0.9408576391576448
11089,cb9992677d95539f,True,1.0,1.0,0.8771184496778458,1.0,1.0,1.0,0.9487993540324359
11090,3dc6b109b480502f,True,1.0,1.0,1.0,1.0,1.0,1.0,1.0
11091,8f4e4b81b2b15283,True,1.0,1.0,1.0,1.0,1.0,1.0,1.0
11092,170ea72e455e5e57,True,0.0,1.0,0.0,0.0,1.0,1.0,0.0
11093,fb8bef473d555fe3,True,1.0,1.0,0.7952286168520677,1.0,1.0,1.0,0.9146785903550283
11094,653ebb370df45ca5,True,1.0,1.0,1.0,0.0,1.0,1.0,0.5833333333333334
11095,58dcca6583f6599e,True,1.0,1.0,0.9857058849190131,1.0,1.0,1.0,0.9940441187162555
11096,737920796b595b0f,True,1.0,0.0,0.0,0.0,1.0,1.0,0.0
11097,d025c5fb0df05ef7,True,1.0,1.0,0.951818866746282,1.0,1.0,1.0,0.9799245278109509
11098,2135b76284735f17,True,1.0,0.0,0.0,1.0,1.0,1.0,0.0
11099,409711b03072566a,True,1.0,0.0,0.0,1.0,1.0,1.0,0.0
11100,1a3c8066b86857b5,True,1.0,1.0,0.9795232040015837,1.0,1.0,1.0,0.9914680016673265
11101,b20e8629283e540c,True,1.0,1.0,0.6580393754513811,1.0,1.0,1.0,0.8575164064380755
11102,db817c126780531f,True,1.0,1.0,1.0,1.0,1.0,1.0,1.0
11103,0c3a4023a05d507c,True,1.0,1.0,0.7066874612092741,1.0,1.0,1.0,0.8777864421705308
11104,5d68b0c80cab59c4,True,1.0,1.0,0.7715503793133474,1.0,1.0,1.0,0.904812658047228
11105,f6038d685a4d55b4,True,1.0,1.0,1.0,1.0,1.0,0.0,1.0
11106,aec02ec2aec85c06,True,1.0,1.0,0.5595388956939699,1.0,1.0,0.5,0.8164745398724875
11107,50833a9c9b265db8,True,1.0,0.0,0.0,1.0,1.0,1.0,0.0
11108,534431abbbd75d4f,True,1.0,1.0,1.0,1.0,1.0,1.0,1.0
11109,2dd2bd50fcc458d7,True,1.0,1.0,0.7298032911964745,1.0,1.0,1.0,0.8874180379985311
11110,a8a743157c605bfe,True,1.0,1.0,1.0,1.0,1.0,1.0,1.0
11111,2a3ab48ae28f5e90,True,1.0,0.0,0.0,1.0,1.0,1.0,0.0
11112,a2cc6aa1e3c252a7,True,1.0,0.0,0.0,1.0,1.0,1.0,0.0
11113,afd632f043e35a49,True,1.0,0.0,0.0,1.0,1.0,1.0,0.0
11114,9170b75b8a3f527f,True,1.0,1.0,0.7490099490001815,1.0,1.0,1.0,0.895420812083409
11115,e463ad284c0d595c,True,1.0,1.0,0.5808907816045588,1.0,1.0,1.0,0.8253711590018996
11116,605ac5873f015baf,True,1.0,1.0,0.9358819178671565,0.0,1.0,1.0,0.5566174657779819
11117,13d078252f4653f3,True,1.0,1.0,0.7533884192618148,1.0,1.0,1.0,0.8972451746924227
11118,a622f6b5e06f52d0,True,0.0,1.0,0.0,0.0,1.0,1.0,0.0
11119,6bc26fb97d7f5d48,True,1.0,0.0,0.0,1.0,1.0,1.0,0.0
11120,01226863089b5e1d,True,1.0,1.0,1.0,0.0,1.0,1.0,0.5833333333333334
11121,668835640c6057e0,True,1.0,1.0,0.7913696777621884,1.0,1.0,1.0,0.9130706990675784
11122,975e6554112f5a46,True,1.0,1.0,1.0,1.0,1.0,1.0,1.0
11123,a091a6a6033c559f,True,1.0,1.0,0.7548888019812027,1.0,1.0,1.0,0.8978703341588344
11124,f412a36812a55b62,True,1.0,1.0,0.6750526700916221,1.0,1.0,1.0,0.8646052792048425
11125,71c47324c7eb5657,True,1.0,1.0,0.8899339717388872,1.0,1.0,0.5,0.954139154891203
11126,38aff0f1a2f357f6,True,1.0,1.0,0.941037437504637,1.0,1.0,1.0,0.9754322656269321
11127,e0ae2ba5807f558a,True,1.0,1.0,0.8535722063763277,1.0,1.0,1.0,0.9389884193234699
11128,7f92403d0c6e5b5d,True,1.0,1.0,1.0,1.0,1.0,1.0,1.0
11129,e5dc48dd83585491,True,1.0,1.0,0.9143175125357944,1.0,1.0,1.0,0.964298963556581
11130,d4bbe6333e6356b5,True,1.0,1.0,0.9336874009054803,1.0,1.0,1.0,0.9723697503772835
11131,947829285f5d5526,True,1.0,1.0,1.0,1.0,1.0,1.0,1.0
11132,3fa9c77540225eae,True,0.0,1.0,0.0,0.0,1.0,1.0,0.0
11133,355835bced0c591f,True,1.0,0.0,0.0,1.0,1.0,0.0,0.0
11134,b031e4b0aea8528b,True,1.0,0.0,0.0,1.0,1.0,0.5,0.0
11135,90314b74c92954d6,True,1.0,0.0,0.0,1.0,1.0,1.0,0.0
11136,9952eefa82585b83,True,1.0,0.0,0.0,1.0,1.0,1.0,0.0
11137,1113bc93478c56fe,True,1.0,1.0,0.7260263707360849,1.0,1.0,1.0,0.8858443211400354
11138,4dde36d102a4526b,True,1.0,1.0,1.0,1.0,1.0,1.0,1.0
11139,cb70f332bc5f5bcf,True,0.5,0.0,0.0,0.0,1.0,0.5,0.0
11140,a549496e4b835d1b,True,1.0,1.0,0.9278049297492149,1.0,1.0,1.0,0.9699187207288396
11141,0092e40a13ea52f4,True,1.0,1.0,1.0,1.0,1.0,1.0,1.0
11142,ea8e1b52032857e1,True,1.0,1.0,1.0,1.0,1.0,1.0,1.0
11143,2de3f6af0a69509d,True,1.0,1.0,1.0,1.0,1.0,1.0,1.0
11144,677d8d1e838b5793,True,0.0,1.0,0.0,0.0,1.0,1.0,0.0
11145,cf34e1f8d98f56ee,True,1.0,1.0,1.0,0.0,1.0,1.0,0.5833333333333334
11146,7272f8ee7e64591e,True,1.0,1.0,1.0,0.0,1.0,1.0,0.5833333333333334
11147,93eb75a6d0fc5db4,True,0.0,1.0,0.0,0.0,1.0,1.0,0.0
11148,a83a32870332554f,True,1.0,1.0,1.0,0.0,1.0,1.0,0.5833333333333334
11149,afa0bb26045b5981,True,1.0,1.0,0.709364168623332,1.0,1.0,1.0,0.8789017369263883
11150,3741be84f7c15b5a,True,1.0,0.0,0.0,1.0,1.0,1.0,0.0
11151,ae821f2ac8d55180,True,0.0,1.0,0.0,0.0,1.0,1.0,0.0
11152,17329d8654895534,True,1.0,1.0,0.8341280029109868,1.0,1.0,1.0,0.9308866678795779
11153,1ca03ed089925396,True,1.0,1.0,0.981281973372198,1.0,1.0,1.0,0.9922008222384159
11154,ae1ac5ca165a5b5c,True,1.0,1.0,0.7555647486402686,1.0,1.0,1.0,0.8981519786001119
11155,3d43337c0e6b5910,True,1.0,1.0,0.7589535318810237,1.0,1.0,1.0,0.8995639716170931
11156,0c5feb2794e9579c,True,1.0,1.0,0.9637201725708368,1.0,1.0,1.0,0.9848834052378486
11157,52bffad1e6895ff1,True,1.0,1.0,1.0,1.0,1.0,1.0,1.0
11158,771b7e7196585f07,True,1.0,1.0,0.04058913761776851,1.0,1.0,1.0,0.6002454740074036
11159,e0e1551b09f15a74,True,1.0,1.0,0.8752419947363481,0.0,1.0,1.0,0.531350831140145
11160,ef68308faf305171,True,0.0,1.0,0.0,0.0,1.0,1.0,0.0
11161,93e2a76b34b559fc,True,1.0,1.0,0.9905813855908832,1.0,1.0,1.0,0.9960755773295347
11162,2cc526803c3250c9,True,1.0,1.0,1.0,0.0,1.0,1.0,0.5833333333333334
11163,1347c91c511a5918,True,1.0,1.0,0.9356730097702177,1.0,1.0,1.0,0.9731970874042574
11164,69b32d0447ac5c28,True,0.0,1.0,0.0,0.0,1.0,1.0,0.0
11165,d5489fba77675698,True,1.0,1.0,0.7582330323355861,1.0,1.0,1.0,0.899263763473161
11166,9f44032dfc315223,True,1.0,1.0,1.0,1.0,1.0,1.0,1.0
11167,782f0fff66145718,True,1.0,1.0,0.9915283639217345,1.0,1.0,1.0,0.996470151634056
11168,e5f2eb158bc65167,True,1.0,0.0,0.0,1.0,1.0,1.0,0.0
11169,671da9103fe05141,True,1.0,1.0,0.8584659590801405,1.0,1.0,1.0,0.9410274829500586
11170,6058f9d8998e5a95,True,1.0,1.0,0.511224395844144,1.0,1.0,1.0,0.7963434982683933
11171,a227effbc53d5fda,True,1.0,1.0,0.8078629906667206,1.0,1.0,1.0,0.9199429127778003
11172,92106b8512315c03,True,0.0,0.0,0.0,0.0,1.0,1.0,0.0
11173,1895b756b1b0539d,True,1.0,1.0,1.0,1.0,1.0,1.0,1.0
11174,ac808bd1bfac5425,True,1.0,1.0,1.0,1.0,1.0,1.0,1.0
11175,392a50db492b536e,True,1.0,1.0,0.7429718409583226,1.0,1.0,1.0,0.8929049337326344
11176,3afb7780247f51bb,True,1.0,1.0,0.7814073349374765,1.0,1.0,1.0,0.9089197228906153
11177,2db50cd1c1ea5837,True,1.0,1.0,0.6596796656667189,1.0,1.0,1.0,0.8581998606944662
11178,87d3c1135ac85583,True,1.0,0.0,0.0,1.0,1.0,1.0,0.0
11179,f93c0db62e075508,True,1.0,1.0,0.696688258174348,1.0,1.0,1.0,0.873620107572645
11180,3e941f8f03c1512d,True,1.0,1.0,1.0,0.0,1.0,1.0,0.5833333333333334
11181,dd16377ecfa45fe0,True,1.0,0.0,0.0,1.0,1.0,1.0,0.0
11182,e052a41759445a28,True,1.0,1.0,0.7615084354933535,1.0,1.0,1.0,0.9006285147888974
11183,eb92f4cdb4fa54dd,True,1.0,1.0,1.0,1.0,1.0,1.0,1.0
11184,bdd67f08ac585568,True,1.0,1.0,1.0,0.0,1.0,1.0,0.5833333333333334
11185,fceded25dc595e06,True,1.0,1.0,1.0,1.0,1.0,1.0,1.0
11186,7736a52445b1522d,True,1.0,1.0,1.0,1.0,1.0,1.0,1.0
11187,65b16bfce348521f,True,0.0,1.0,0.0,1.0,1.0,1.0,0.0
11188,2c67391395c65d6a,True,0.0,1.0,0.0,0.0,1.0,1.0,0.0
11189,af07e6e213f2582e,True,1.0,1.0,0.7283385726129431,1.0,1.0,1.0,0.8868077385887263
11190,dda361f4db52537a,True,1.0,1.0,0.9411874718566068,1.0,1.0,0.5,0.9754947799402528
11191,0536ffc8d9555b0f,True,1.0,1.0,1.0,1.0,1.0,1.0,1.0
11192,913212df2a415e44,True,1.0,1.0,0.9309520041915575,1.0,1.0,1.0,0.9712300017464823
11193,fad0701870e750a5,True,1.0,0.0,0.0,0.0,1.0,1.0,0.0
11194,ec3c0587b1775b7c,True,1.0,1.0,0.8639768731664865,0.0,1.0,1.0,0.5266570304860361
11195,df84a00692885ec0,True,1.0,1.0,0.9253782242746276,1.0,1.0,1.0,0.9689075934477615
11196,d70f8a8eeeeb5e82,True,1.0,0.0,0.0,1.0,1.0,1.0,0.0
11197,26983ee0a39e5a32,True,1.0,1.0,1.0,0.0,1.0,1.0,0.5833333333333334
11198,dea63e35e7545f27,True,1.0,1.0,0.8413580504628586,1.0,1.0,1.0,0.9338991876928576
11199,5e89299dadf05ad1,True,1.0,1.0,0.3838133742369528,1.0,1.0,1.0,0.7432555725987303
11200,c09cdf83367d5d3f,True,1.0,1.0,0.6154048132736061,1.0,1.0,1.0,0.8397520055306692
11201,9ed85925d375504b,True,1.0,1.0,0.9451922390081815,1.0,1.0,1.0,0.9771634329200757
11202,21b0b3ef9d2e59ed,True,1.0,1.0,1.0,1.0,1.0,1.0,1.0
11203,3fbc15dbb18756ba,True,1.0,1.0,1.0,1.0,1.0,1.0,1.0
11204,97e2daddecd557a4,True,1.0,1.0,1.0,1.0,1.0,1.0,1.0
11205,5b1acae08f2e5d76,True,1.0,1.0,0.940091090064154,1.0,1.0,1.0,0.9750379541933976
11206,8937c2f7a7ac5507,True,1.0,1.0,0.06633739995100033,1.0,1.0,1.0,0.6109739166462501
11207,f0fb575adb8a5171,True,1.0,0.0,0.0,1.0,1.0,1.0,0.0
11208,761d3f2365c25886,True,1.0,1.0,0.8958886878544751,1.0,1.0,1.0,0.9566202866060314
11209,19a52017c000548c,True,1.0,1.0,0.9956802721401861,1.0,1.0,0.0,0.9982001133917442
11210,662212c87d0d5b09,True,1.0,1.0,0.7248171201433823,1.0,1.0,1.0,0.8853404667264093
11211,8209b6700b535e8e,True,1.0,0.0,0.0,1.0,1.0,0.0,0.0
11212,d0dc567530ef57dd,True,1.0,1.0,0.7826231979131354,1.0,1.0,1.0,0.9094263324638064
11213,326bf8cbf6375f03,True,1.0,1.0,0.7719684944668377,1.0,1.0,1.0,0.9049868726945157
11214,f264f464b21753de,True,1.0,1.0,0.8034999751718443,1.0,1.0,1.0,0.9181249896549352
11215,d763dadacfd55928,True,1.0,1.0,1.0,1.0,1.0,1.0,1.0
11216,b867b28707205c0b,True,1.0,1.0,0.7589735957106972,0.0,1.0,1.0,0.4829056648794572
11217,685e5e9083185108,True,1.0,1.0,1.0,1.0,1.0,1.0,1.0
11218,75128a99a5765e31,True,0.0,1.0,0.0,0.0,1.0,1.0,0.0
11219,250e6e2e6a9d5ee8,True,1.0,1.0,1.0,1.0,1.0,1.0,1.0
11220,597f506bb5fd5a83,True,0.0,1.0,0.0,0.0,1.0,1.0,0.0
11221,29ba983123655159,True,1.0,1.0,0.90356665653646,1.0,1.0,1.0,0.9598194402235251
11222,57ec316cb2f65e46,True,1.0,1.0,0.8193406419985412,1.0,1.0,1.0,0.9247252674993921
11223,7fcf6a30139b5d3e,True,1.0,1.0,0.9451138388773268,1.0,1.0,1.0,0.9771307661988861
11224,ca009ab283bc5484,True,1.0,1.0,1.0,0.0,1.0,1.0,0.5833333333333334
11225,0855e09733fe5445,True,1.0,1.0,0.7437088460297312,1.0,1.0,0.5,0.8932120191790546
11226,26101d0a7f79587c,True,1.0,1.0,1.0,1.0,1.0,1.0,1.0
11227,eb1315c4860c5189,True,1.0,0.0,0.0,1.0,1.0,1.0,0.0
11228,fec541917e3f5029,True,1.0,1.0,0.8166034445149095,1.0,1.0,1.0,0.923584768547879
11229,a08bb182c3d558da,True,1.0,1.0,0.32302506209728127,1.0,1.0,1.0,0.7179271092072005
11230,bf929b24f13b5c37,True,0.0,1.0,0.0,0.0,1.0,1.0,0.0
11231,962deb8ccdaf50e3,True,1.0,1.0,1.0,0.0,1.0,1.0,0.5833333333333334
11232,1ecea4b911675b72,True,1.0,1.0,0.7612060030796843,1.0,1.0,1.0,0.9005025012832019
11233,431869f33ace51a0,True,1.0,1.0,1.0,0.0,1.0,1.0,0.5833333333333334
11234,239cb4818dc458fd,True,1.0,1.0,1.0,1.0,1.0,1.0,1.0
11235,202d3d3e3b9356a3,True,1.0,1.0,1.0,1.0,1.0,1.0,1.0
11236,b8cf57333fc65efe,True,1.0,1.0,0.8583995204330466,1.0,1.0,1.0,0.9409998001804359
11237,da765dd341585db9,True,1.0,1.0,0.7941120342402439,1.0,1.0,1.0,0.9142133476001016
11238,b4b31520fc1c5ef7,True,1.0,1.0,0.9396189714498381,1.0,1.0,1.0,0.9748412381040992
11239,fec68cb4b42a5b30,True,1.0,1.0,0.8407506884230965,1.0,1.0,1.0,0.9336461201762902
11240,54292820fab05539,True,0.0,1.0,0.0,0.0,1.0,1.0,0.0
11241,4cf608d9de4e5349,True,1.0,1.0,0.819967971615681,1.0,1.0,1.0,0.924986654839867
11242,0ef7ecd9c0035467,True,1.0,1.0,0.8263261843295145,1.0,1.0,1.0,0.9276359101372978
11243,2802831d87ba5a55,True,1.0,1.0,0.9577995582494718,1.0,1.0,1.0,0.9824164826039467
11244,135337bf847b5726,True,1.0,1.0,0.6881685594762115,1.0,1.0,1.0,0.8700702331150881
11245,d7708962e5cc554f,True,1.0,1.0,1.0,1.0,1.0,1.0,1.0
11246,db026a1a1b6f5d3d,True,1.0,1.0,0.761589594140065,1.0,1.0,1.0,0.9006623308916938
11247,33a43f22312c570d,True,1.0,0.0,0.0,1.0,1.0,0.5,0.0
11248,be63bfa5c6445e0e,True,1.0,1.0,1.0,1.0,1.0,1.0,1.0
11249,a51fda3f10da5432,True,1.0,1.0,1.0,1.0,1.0,1.0,1.0
11250,eda3453c6d5355e0,True,0.5,0.0,0.0,0.0,1.0,1.0,0.0
11251,2be2e48e80985bee,True,1.0,0.0,0.0,1.0,1.0,1.0,0.0
11252,fc8f087133c55220,True,0.0,1.0,0.0,0.0,1.0,1.0,0.0
11253,5ee6495d99475e62,True,1.0,1.0,0.6160928605684532,1.0,1.0,1.0,0.8400386919035222
11254,6b8daf3b57175e70,True,1.0,0.0,0.0,1.0,1.0,1.0,0.0
11255,2af5b66260bf5795,True,1.0,0.0,0.0,1.0,1.0,1.0,0.0
11256,e03d76c4983954eb,True,1.0,1.0,0.9804207107961822,1.0,1.0,1.0,0.9918419628317426
11257,8208f7794645559d,True,1.0,1.0,1.0,1.0,1.0,1.0,1.0
11258,ddd6640cba7e584c,True,1.0,1.0,1.0,1.0,1.0,1.0,1.0
11259,a67f68a6c9e85668,True,1.0,1.0,0.99890844534679,1.0,1.0,1.0,0.9995451855611625
11260,aab517c2e5e75245,True,1.0,1.0,0.018658397149053017,1.0,1.0,1.0,0.591107665478772
11261,87c5cdc6c5a45ef2,True,1.0,1.0,1.0,0.0,1.0,1.0,0.5833333333333334
11262,b3c7b9fbf4655722,True,1.0,1.0,1.0,0.0,1.0,1.0,0.5833333333333334
11263,1550976459b45017,True,1.0,1.0,1.0,1.0,1.0,1.0,1.0
11264,d8d27319eb585277,True,1.0,1.0,1.0,1.0,1.0,0.0,1.0
11265,49ae6840ff7f5e91,True,1.0,1.0,1.0,1.0,1.0,1.0,1.0
11266,95448c5ace9e5a22,True,1.0,1.0,1.0,1.0,1.0,1.0,1.0
11267,cf9a762e8aaa55b4,True,0.0,1.0,0.0,0.0,1.0,1.0,0.0
11268,8eb6e6b220755d3b,True,0.0,1.0,0.0,0.0,1.0,1.0,0.0
11269,5fb039973cf85b11,True,1.0,1.0,0.9288460910804963,1.0,1.0,1.0,0.9703525379502068
11270,aa74d194063c5d0b,True,1.0,1.0,0.515249232407244,1.0,1.0,1.0,0.7980205135030184
11271,c6851e9ed6b95ab0,True,1.0,1.0,0.8667921062923756,1.0,1.0,1.0,0.9444967109551565
11272,7868ce187ae55819,True,1.0,1.0,1.0,1.0,1.0,1.0,1.0
11273,83158ad924fc506c,True,1.0,1.0,1.0,1.0,1.0,1.0,1.0
11274,0aa18dd2372d5e11,True,1.0,1.0,1.0,1.0,1.0,1.0,1.0
11275,934c8ac938ad5dca,True,1.0,1.0,0.8174095930258329,1.0,1.0,0.5,0.9239206637607636
11276,6c5d84e81aca5755,True,1.0,1.0,0.9922610104047507,0.0,1.0,1.0,0.5801087543353128
11277,763821f100605f76,True,1.0,1.0,0.9222634706174198,1.0,1.0,1.0,0.9676097794239249
11278,c64ddb8e7b675aa3,True,1.0,1.0,1.0,1.0,1.0,1.0,1.0
11279,8f5b6181d28e5d4a,True,1.0,1.0,0.9416712287990281,1.0,1.0,1.0,0.9756963453329283
11280,80fb7c16b92856a3,True,1.0,1.0,0.6860011648451977,1.0,1.0,1.0,0.8691671520188323
11281,3d726e71b9925965,True,1.0,1.0,0.9305429006127177,1.0,1.0,1.0,0.9710595419219658
11282,a2d7be8710535e33,True,1.0,1.0,0.9952695034156361,1.0,1.0,1.0,0.9980289597565152
11283,82b8033d05e355f1,True,1.0,1.0,1.0,1.0,1.0,1.0,1.0
11284,d3484ba53e775a66,True,1.0,1.0,1.0,1.0,1.0,1.0,1.0
11285,b8de9baf9a155a1b,True,1.0,1.0,0.8996757317624247,1.0,1.0,1.0,0.958198221567677
11286,cc8a7b88b06b56c2,True,1.0,1.0,0.7851843925327777,1.0,1.0,1.0,0.9104934968886574
11287,0b97850e408e5a95,True,1.0,1.0,0.9542942790360227,1.0,1.0,1.0,0.9809559495983429
11288,fe61cae0e4ae5f1a,True,1.0,1.0,0.9062779028163137,1.0,1.0,1.0,0.960949126173464
11289,873a21c038f45eef,True,1.0,1.0,1.0,0.0,1.0,1.0,0.5833333333333334
11290,b7922416f6935fc4,True,0.0,1.0,0.0,0.0,1.0,1.0,0.0
11291,da365ed766db5a6a,True,1.0,1.0,1.0,1.0,1.0,1.0,1.0
11292,595596a88cce5c9d,True,1.0,1.0,0.8790922979859561,1.0,1.0,1.0,0.9496217908274817
11293,07d45fff78625de2,True,1.0,1.0,1.0,0.0,1.0,1.0,0.5833333333333334
11294,6b50fb6bf8265936,True,1.0,1.0,0.8877252169513107,1.0,1.0,1.0,0.9532188403963794
11295,bd7154fc2b1f548b,True,1.0,1.0,0.9398480038362934,1.0,1.0,1.0,0.9749366682651223
11296,f51357fd3f59500a,True,1.0,0.0,0.0,1.0,1.0,1.0,0.0
11297,cde6be1eb8f85b3c,True,1.0,0.0,0.0,1.0,1.0,1.0,0.0
11298,2d264d513abb5a7d,True,1.0,0.0,0.0,0.0,1.0,1.0,0.0
11299,f3aaed259ab15dcc,True,1.0,1.0,1.0,1.0,1.0,1.0,1.0
11300,d4374a032e28535e,True,1.0,1.0,1.0,1.0,1.0,1.0,1.0
11301,4925a678992c5726,True,1.0,1.0,1.0,1.0,1.0,1.0,1.0
11302,43ef28a235035eac,True,1.0,1.0,1.0,1.0,1.0,1.0,1.0
11303,4738ed6a4f665c01,True,1.0,1.0,1.0,1.0,1.0,1.0,1.0
11304,a8df71513975500b,True,0.0,1.0,0.0,0.0,1.0,1.0,0.0
11305,faf7e71648b65503,True,1.0,1.0,0.559381494019067,1.0,1.0,1.0,0.8164089558412778
11306,6d2b59f78d995d9c,True,1.0,1.0,1.0,1.0,1.0,1.0,1.0
11307,7fdcd804a7a95b6c,True,1.0,1.0,1.0,1.0,1.0,1.0,1.0
11308,9f309ebf66645913,True,1.0,1.0,0.9758489135036358,1.0,1.0,1.0,0.9899370472931815
11309,25e9d76574075cee,True,1.0,0.0,0.0,1.0,1.0,1.0,0.0
11310,1a585b7022ed54df,True,1.0,1.0,1.0,0.0,1.0,1.0,0.5833333333333334
11311,dde50b95cefd5ecd,True,1.0,1.0,0.7754445754367884,1.0,1.0,1.0,0.9064352397653285
11312,52a632acca085891,True,1.0,1.0,0.8985425950158262,1.0,1.0,1.0,0.9577260812565943
11313,a4f2f32aa59f53b9,True,1.0,1.0,1.0,1.0,1.0,1.0,1.0
11314,61a9157ac995542c,True,1.0,1.0,1.0,1.0,1.0,1.0,1.0
11315,949a5f17807b5aac,True,1.0,1.0,0.9058067913556985,1.0,1.0,1.0,0.9607528297315411
11316,07e885122c9b5bd1,True,1.0,1.0,0.8166374561138309,1.0,1.0,1.0,0.9235989400474295
11317,a99338e1112e5f65,True,1.0,0.0,0.0,1.0,1.0,1.0,0.0
11318,eb9827bfdf925815,True,1.0,1.0,1.0,1.0,1.0,0.0,1.0
11319,afbbcee34f1850fd,True,1.0,1.0,0.29540876919728565,1.0,1.0,1.0,0.7064203204988689
11320,fa02f1587177551c,True,1.0,1.0,1.0,1.0,1.0,1.0,1.0
11321,2b5d551f5466530e,True,1.0,1.0,0.8635802195308488,1.0,1.0,1.0,0.9431584248045204
11322,8220631d2c6a52f4,True,1.0,1.0,1.0,1.0,1.0,1.0,1.0
11323,589acfd69c38539a,True,1.0,1.0,0.8983393088798112,1.0,1.0,1.0,0.9576413786999213
11324,82c913dd14e05a84,True,1.0,1.0,1.0,0.0,1.0,1.0,0.5833333333333334
11325,eb2797d76e3b5384,True,1.0,1.0,1.0,1.0,1.0,1.0,1.0
11326,3ce3c32cb4655d3d,True,1.0,1.0,1.0,1.0,1.0,1.0,1.0
11327,49454db3d9ef54a1,True,1.0,1.0,0.9093571098328913,0.0,1.0,1.0,0.5455654624303714
11328,8b5d8d7c95925564,True,0.0,1.0,0.0,0.0,1.0,1.0,0.0
11329,460c1bc090365d1b,True,1.0,1.0,1.0,1.0,1.0,0.0,1.0
11330,ddf3383ec8965d9b,True,1.0,1.0,0.8346276127452162,1.0,1.0,1.0,0.9310948386438401
11331,92a263b537fd5b72,True,1.0,1.0,0.8601925025845155,1.0,1.0,1.0,0.9417468760768815
11332,da83e9a4e38a5d6e,True,1.0,1.0,0.8511255570337801,1.0,1.0,1.0,0.9379689820974084
11333,bdbf1319d21c5cab,True,1.0,1.0,1.0,1.0,1.0,1.0,1.0
11334,11568fab86df5183,True,1.0,1.0,0.9803704656287094,1.0,1.0,1.0,0.9918210273452956
11335,a6c24c9ca7335016,True,1.0,1.0,1.0,1.0,1.0,1.0,1.0
11336,16d3bf2e9bf75eb4,True,1.0,1.0,0.7045433555562042,1.0,1.0,1.0,0.8768930648150851
11337,d81b6324477757dd,True,1.0,1.0,0.7486736318927661,1.0,1.0,1.0,0.8952806799553192
11338,da0d775d13c956be,True,1.0,1.0,0.6928551244615062,1.0,1.0,1.0,0.8720229685256276
11339,467879c3d37054f5,True,1.0,0.0,0.0,1.0,1.0,0.0,0.0
11340,0c027fc454685c14,True,1.0,1.0,0.9261153938339942,1.0,1.0,1.0,0.969214747430831
11341,52d6d6f0e4305a44,True,0.0,1.0,0.0,0.0,1.0,1.0,0.0
11342,87b2c0e49070537f,True,1.0,1.0,0.7147921172591871,1.0,1.0,1.0,0.881163382191328
11343,8f7ea84594aa5d75,True,1.0,1.0,1.0,1.0,1.0,1.0,1.0
11344,daea2a5f018858f6,True,1.0,1.0,1.0,0.0,1.0,1.0,0.5833333333333334
11345,838caf9ffb875248,True,1.0,1.0,0.8066225154195474,1.0,1.0,1.0,0.9194260480914781
11346,30f959771e1e588d,True,1.0,1.0,0.8657583156703997,1.0,1.0,1.0,0.9440659648626667
11347,b7e61e7b15265bb9,True,1.0,1.0,1.0,0.0,1.0,1.0,0.5833333333333334
11348,c9f514edbbb55dd9,True,1.0,1.0,1.0,0.0,1.0,1.0,0.5833333333333334
11349,5239e2cfe006568b,True,1.0,1.0,0.010698163778408466,1.0,1.0,1.0,0.5877909015743369
11350,18538a3ac6c45eef,True,1.0,0.0,0.0,1.0,1.0,1.0,0.0
11351,db86c1d1516f557d,True,1.0,1.0,0.7999813674715269,1.0,1.0,1.0,0.9166589031131362
11352,fe94da01811e53fc,True,1.0,1.0,0.0,1.0,1.0,1.0,0.5833333333333334
11353,f158576757e95c31,True,1.0,1.0,1.0,1.0,1.0,1.0,1.0
11354,4e3103d8feb95170,True,1.0,0.0,0.0,0.0,1.0,1.0,0.0
11355,7e052b9f5ca25531,True,1.0,0.0,0.0,1.0,1.0,0.0,0.0
11356,97fcdcd35af7563b,True,1.0,1.0,1.0,1.0,1.0,1.0,1.0
11357,66908680155c550a,True,1.0,1.0,0.9751063406291698,1.0,1.0,1.0,0.9896276419288208
11358,6d2178f2992f5d22,True,1.0,1.0,0.46439307765026155,1.0,1.0,1.0,0.7768304490209422
11359,df284ad97ad55a31,True,1.0,1.0,0.8423248624665612,1.0,1.0,1.0,0.9343020260277338
11360,b0b850e74a1e5bc7,True,0.0,1.0,0.0,0.0,1.0,1.0,0.0
11361,974041ac230056eb,True,1.0,1.0,1.0,1.0,1.0,1.0,1.0
11362,3067f3d3d5a75989,True,1.0,0.0,0.0,1.0,1.0,1.0,0.0
11363,50142143082f5c0e,True,1.0,1.0,1.0,1.0,1.0,1.0,1.0
11364,eb3e272209a4520f,True,1.0,1.0,0.767423196934893,1.0,1.0,1.0,0.9030929987228721
11365,f7544894729252f5,True,1.0,1.0,0.5740191427185095,1.0,1.0,1.0,0.8225079761327123
11366,e7295df63d0751d2,True,1.0,1.0,1.0,1.0,1.0,1.0,1.0
11367,e849e6a954285f60,True,1.0,1.0,0.9873895129638677,1.0,1.0,1.0,0.9947456304016115
11368,6b258d7ddf7d53f3,True,1.0,1.0,1.0,1.0,1.0,1.0,1.0
11369,20911cdf7e285a63,True,0.0,1.0,0.0,0.0,1.0,1.0,0.0
11370,365c2516e26f5502,True,1.0,1.0,0.9686290449604318,1.0,1.0,1.0,0.9869287687335132
11371,ad517de61e355d8d,True,1.0,0.0,0.0,1.0,1.0,1.0,0.0
11372,62c5045db3c159aa,True,1.0,1.0,1.0,1.0,1.0,0.0,1.0
11373,d66a4334c9625c4a,True,1.0,0.0,0.0,1.0,1.0,1.0,0.0
11374,d35a0c5da0c55970,True,1.0,1.0,0.9460587255489353,1.0,1.0,1.0,0.9775244689787229
11375,b53b172e95895a12,True,1.0,0.0,0.0,1.0,1.0,1.0,0.0
11376,0e6cae45fdd5536b,True,1.0,1.0,1.0,1.0,1.0,1.0,1.0
11377,90a14e5bd7cb5f47,True,1.0,1.0,1.0,1.0,1.0,1.0,1.0
11378,1484455d33b85a75,True,1.0,1.0,1.0,0.0,1.0,1.0,0.5833333333333334
11379,e25ab8d2df785bf3,True,1.0,1.0,0.7145666993813868,1.0,1.0,1.0,0.8810694580755779
11380,31cdd1b336305b1a,True,1.0,1.0,1.0,1.0,1.0,1.0,1.0
11381,eb3531cddadb57e9,True,1.0,1.0,1.0,1.0,1.0,1.0,1.0
11382,ae33eb2afd655f7d,True,1.0,1.0,0.8955285316452527,1.0,1.0,1.0,0.9564702215188552
11383,bf613de6319c5473,True,1.0,1.0,0.7649630187206177,1.0,1.0,1.0,0.9020679244669241
11384,054743e97abd5b9c,True,1.0,1.0,1.0,0.0,1.0,1.0,0.5833333333333334
11385,0f78a616bdcd55ab,True,1.0,1.0,0.7125487853832531,1.0,1.0,1.0,0.8802286605763555
11386,216d5205e9745145,True,1.0,1.0,0.7768003161574188,1.0,1.0,1.0,0.9070001317322579
11387,43cfa12f279355aa,True,1.0,0.0,0.0,1.0,1.0,1.0,0.0
11388,e34c3d18bc405ace,True,1.0,1.0,1.0,0.0,1.0,1.0,0.5833333333333334
11389,62d339c4086d51ba,True,1.0,1.0,0.8220608751035303,1.0,1.0,1.0,0.9258586979598044
11390,1bc6668f3dff5822,True,1.0,1.0,0.8308217539064117,1.0,1.0,1.0,0.9295090641276715
11391,f228a1710d2f5ccd,True,1.0,1.0,1.0,0.0,1.0,1.0,0.5833333333333334
11392,f985ec5a35285901,True,1.0,1.0,0.8055851366032595,1.0,1.0,0.0,0.9189938069180248
11393,34c872c16eb0577c,True,1.0,1.0,0.9537007883236105,1.0,1.0,0.5,0.9807086618015045
11394,3afbbcf248dc5405,True,1.0,1.0,0.015194085447656835,1.0,1.0,1.0,0.5896642022698569
11395,540098f126795a8c,True,1.0,1.0,0.8420229488538937,1.0,1.0,1.0,0.9341762286891223
11396,c65fbb9cff2a59e5,True,1.0,1.0,0.7890063122016724,1.0,1.0,1.0,0.9120859634173635
11397,40688677dc5e5d16,True,1.0,0.0,0.0,1.0,1.0,1.0,0.0
11398,0f9e883357585ec4,True,1.0,1.0,1.0,1.0,1.0,1.0,1.0
11399,cc6022c226c15d80,True,1.0,1.0,1.0,1.0,1.0,1.0,1.0
11400,08b6a130aaa35629,True,1.0,1.0,1.0,1.0,1.0,1.0,1.0
11401,e5bb04b7c6695184,True,0.0,1.0,0.0,0.0,1.0,1.0,0.0
11402,aefd4ac2f4005309,True,1.0,1.0,0.7786312052600255,1.0,1.0,1.0,0.9077630021916773
11403,23d647e77f2d515e,True,1.0,1.0,0.8175480476138164,1.0,1.0,1.0,0.9239783531724234
11404,4cb4fba2908b5dbb,True,0.0,1.0,0.0,0.0,1.0,1.0,0.0
11405,4ccda56c15a55d57,True,1.0,0.0,0.0,1.0,1.0,1.0,0.0
11406,dd79f9aa92105761,True,1.0,0.0,0.0,1.0,1.0,1.0,0.0
11407,1c3d4987efaf5aae,True,1.0,1.0,1.0,0.0,1.0,1.0,0.5833333333333334
11408,01fc240ee1d25c9e,True,1.0,1.0,1.0,0.0,1.0,1.0,0.5833333333333334
11409,58863e0ecc6357c5,True,1.0,1.0,0.9575800557534884,1.0,1.0,1.0,0.9823250232306201
11410,80bc2d8487e552f1,True,1.0,1.0,1.0,1.0,1.0,1.0,1.0
11411,a55fdc98ef8057e5,True,1.0,1.0,0.9626238314809551,1.0,1.0,1.0,0.984426596450398
11412,b3a00387265a5cdc,True,1.0,1.0,1.0,1.0,1.0,1.0,1.0
11413,ba09d23c78b95a66,True,0.0,1.0,0.0,0.0,1.0,1.0,0.0
11414,9963c72e34ae5101,True,1.0,1.0,0.6320146963546409,1.0,1.0,1.0,0.8466727901477671
11415,b0546b8af0f95c05,True,1.0,1.0,0.5235483748989471,1.0,1.0,1.0,0.801478489541228
11416,54a706251c0558d2,True,1.0,0.0,0.0,1.0,1.0,1.0,0.0
11417,bdf99b84030a5a0f,True,1.0,1.0,0.7929359346411383,1.0,1.0,1.0,0.9137233061004743
11418,14f07c5159ac566b,True,1.0,1.0,0.8744055192509186,1.0,1.0,1.0,0.9476689663545494
11419,e658c60a7b705bea,True,1.0,1.0,0.9359391354667442,1.0,1.0,1.0,0.9733079731111435
11420,cdd00e6a0e4754e5,True,1.0,1.0,1.0,1.0,1.0,1.0,1.0
11421,c2915f2ac7f55f97,True,1.0,1.0,0.9474425420752789,1.0,1.0,1.0,0.9781010591980328
11422,61138bee69015264,True,1.0,1.0,0.7616117259140625,1.0,1.0,1.0,0.9006715524641926
11423,6edc8f2bcb3054be,True,1.0,1.0,0.8211710513733214,1.0,1.0,1.0,0.9254879380722173
11424,f640e9a42e215992,True,1.0,1.0,0.9534963025983411,1.0,1.0,1.0,0.9806234594159754
11425,7e2dc290d51f5137,True,0.0,1.0,0.0,0.0,1.0,1.0,0.0
11426,cf0b2ecc4f4d5ee7,True,1.0,1.0,0.8868368320634267,1.0,1.0,1.0,0.9528486800264279
11427,6bea22b0ee0e5929,True,1.0,1.0,1.0,1.0,1.0,1.0,1.0
11428,83e42a2487695ac5,True,1.0,1.0,0.9253762467047674,1.0,1.0,1.0,0.9689067694603196
11429,d93832e29afa5f8b,True,1.0,1.0,0.9088766967360093,1.0,1.0,1.0,0.9620319569733372
11430,05da61a9928e5ec1,True,1.0,1.0,1.0,1.0,1.0,1.0,1.0
11431,1fe5f6af95e15489,True,1.0,1.0,0.6900287701604404,1.0,1.0,1.0,0.8708453209001835
11432,614d5297c1a05a46,True,1.0,1.0,0.95116473548756,1.0,1.0,1.0,0.9796519731198167
11433,6debfcfccc75589c,True,1.0,1.0,0.8132543968804483,1.0,1.0,1.0,0.9221893320335202
11434,d9634d08b1a85ec4,True,1.0,1.0,1.0,1.0,1.0,1.0,1.0
11435,baf1301534ea54d6,True,1.0,1.0,0.9055944035236753,1.0,1.0,1.0,0.9606643348015313
11436,a0024513b78656f1,True,1.0,1.0,1.0,0.0,1.0,1.0,0.5833333333333334
11437,8436ac812af859df,True,1.0,1.0,0.8972015508598796,1.0,1.0,1.0,0.957167312858283
11438,a004456be0fd5ce0,True,1.0,1.0,0.92807191904287,0.0,1.0,1.0,0.5533632996011958
11439,e565610cd7b15784,True,1.0,1.0,1.0,1.0,1.0,1.0,1.0
11440,eee59dd716c05e1b,True,1.0,1.0,0.8665241350360103,1.0,1.0,1.0,0.9443850562650044
11441,6b9ddb691b38551a,True,1.0,1.0,0.9664237981239288,1.0,1.0,1.0,0.9860099158849703
11442,1c64f911576a502d,True,1.0,1.0,0.4603488882520882,1.0,1.0,1.0,0.7751453701050367
11443,050667565815536a,True,1.0,1.0,0.8100086053475196,1.0,1.0,1.0,0.9208369188947998
11444,d0785c050c1350e7,True,0.0,1.0,0.0,0.0,1.0,1.0,0.0
11445,6b61ec04ecb25221,True,1.0,1.0,0.037594983242542866,1.0,1.0,1.0,0.5989979096843928
11446,abcbb3c7020550c5,True,1.0,1.0,0.5039171764696052,1.0,1.0,1.0,0.793298823529002
11447,dbfcc3b5aa945597,True,1.0,0.0,0.0,1.0,1.0,1.0,0.0
11448,7ff27f83a8995932,True,1.0,1.0,1.0,1.0,1.0,1.0,1.0
11449,0d0972c70bd955cc,True,1.0,1.0,0.8171431862010554,1.0,1.0,1.0,0.9238096609171064
11450,87dc5db673bd5b2b,True,0.0,1.0,0.0,0.0,1.0,1.0,0.0
11451,8470627d628e55f6,True,1.0,1.0,0.9355975210080946,1.0,1.0,1.0,0.9731656337533727
11452,b55cc20818705801,True,1.0,1.0,0.9547405029903893,1.0,1.0,1.0,0.9811418762459955
11453,d084fdb9e50258ba,True,1.0,1.0,0.7968830562648995,1.0,1.0,1.0,0.9153679401103748
11454,6891e8163e4d5e58,True,1.0,1.0,0.9702162065086724,1.0,1.0,1.0,0.9875900860452802
11455,50708f973eec5e38,True,0.0,1.0,0.0,0.0,1.0,1.0,0.0
11456,7b2f3235b4cb5374,True,1.0,0.0,0.0,1.0,1.0,1.0,0.0
11457,e3ed22f3bc385b45,True,1.0,1.0,1.0,1.0,1.0,0.0,1.0
11458,1e037812f8d7530d,True,1.0,1.0,0.8054494316140693,1.0,1.0,1.0,0.9189372631725289
11459,2472d00839f65c25,True,0.0,1.0,0.0,0.0,1.0,1.0,0.0
11460,924f7c86a30b55c7,True,1.0,0.0,0.0,1.0,1.0,1.0,0.0
11461,9e76720cbd565595,True,1.0,0.0,0.0,1.0,1.0,0.5,0.0
11462,53b9b277e6305400,True,1.0,0.0,0.0,1.0,1.0,1.0,0.0
11463,36adada77e2f54ba,True,1.0,1.0,1.0,0.0,1.0,1.0,0.5833333333333334
11464,0c6772102cc550ef,True,1.0,1.0,0.7404239123292234,1.0,1.0,1.0,0.8918432968038431
11465,94c7ef641e1c5dd7,True,1.0,1.0,0.8781927830987181,1.0,1.0,1.0,0.9492469929577991
11466,259c9d9aac5457fc,True,1.0,1.0,0.9737306118529554,1.0,1.0,1.0,0.989054421605398
11467,1f9d4228103950f8,True,1.0,0.0,0.0,1.0,1.0,1.0,0.0
11468,96dc22c0224255ca,True,1.0,1.0,1.0,1.0,1.0,1.0,1.0
11469,a29d602c497c532d,True,0.0,1.0,0.0,0.0,1.0,1.0,0.0
11470,41598eaa4cef5f77,True,1.0,0.0,0.0,1.0,1.0,1.0,0.0
11471,c262c31769935486,True,1.0,0.0,0.0,1.0,1.0,1.0,0.0
11472,9b25bbac0aac5357,True,1.0,1.0,1.0,1.0,1.0,1.0,1.0
11473,fa40f1c24ced584f,True,1.0,1.0,0.9834859184327621,1.0,1.0,0.5,0.9931191326803175
11474,429cd9dc9d2154a4,True,1.0,1.0,1.0,1.0,1.0,1.0,1.0
11475,e02f26d0eb0152e3,True,1.0,1.0,1.0,1.0,1.0,1.0,1.0
11476,1dbaa3f0d0345e61,True,0.0,1.0,0.0,0.0,1.0,1.0,0.0
11477,b65dbda85d085330,True,1.0,1.0,1.0,1.0,1.0,1.0,1.0
11478,4127ff2cfd615955,True,1.0,1.0,1.0,0.0,1.0,1.0,0.5833333333333334
11479,d834813ce20a54e1,True,0.0,1.0,0.0,0.0,1.0,1.0,0.0
11480,5f88affe449253a9,True,1.0,1.0,0.9133010946081108,1.0,1.0,1.0,0.9638754560867128
11481,bfdf115b602357a0,True,1.0,1.0,1.0,1.0,1.0,1.0,1.0
11482,69d75ac905035187,True,1.0,1.0,0.8978285891479316,1.0,1.0,1.0,0.9574285788116382
11483,c90d3a1a568a59d3,True,1.0,1.0,1.0,1.0,1.0,1.0,1.0
11484,7ceb065003f25449,True,1.0,1.0,1.0,1.0,1.0,1.0,1.0
11485,29d982d97d135311,True,0.0,1.0,0.0,0.0,1.0,1.0,0.0
11486,84e16f3286255759,True,1.0,1.0,0.7590909122141477,1.0,1.0,1.0,0.8996212134225615
11487,63f4362f90ef55a1,True,1.0,1.0,1.0,0.0,1.0,1.0,0.5833333333333334
11488,db3833e656c256dd,True,1.0,1.0,1.0,1.0,1.0,1.0,1.0
11489,5785ba7017515a65,True,1.0,1.0,1.0,0.0,1.0,1.0,0.5833333333333334
11490,b156e8110afb5efd,True,1.0,1.0,0.903094007295189,0.0,1.0,1.0,0.5429558363729954
11491,cbc1c1f392825ad6,True,1.0,0.0,0.0,1.0,1.0,1.0,0.0
11492,8a6de2af60965cd0,True,1.0,1.0,0.8484594296238673,1.0,1.0,1.0,0.9368580956766115
11493,c768a604b14e5956,True,1.0,1.0,0.8227009923787797,1.0,1.0,1.0,0.9261254134911582
11494,b31417a335cf5955,True,0.0,1.0,0.0,0.0,1.0,1.0,0.0
11495,d8d39177bd96593d,True,1.0,1.0,0.8125057444213565,1.0,1.0,1.0,0.9218773935088986
11496,7b5a966f89f35abe,True,1.0,1.0,0.7847087036307528,1.0,1.0,1.0,0.9102952931794803
11497,78a98ffdcd4b558a,True,0.0,1.0,0.0,0.0,1.0,1.0,0.0
11498,fd02cd78f5b55d6f,True,1.0,1.0,1.0,0.0,1.0,1.0,0.5833333333333334
11499,1741767a7646583a,True,1.0,1.0,0.7516132161766076,1.0,1.0,1.0,0.8965055067402532
11500,82b52ede639d544d,True,1.0,1.0,1.0,1.0,1.0,1.0,1.0
11501,963324efc6715315,True,1.0,1.0,1.0,1.0,1.0,1.0,1.0
11502,b9f4efacc7695435,True,1.0,0.0,0.0,1.0,1.0,1.0,0.0
11503,d0d1b5bd3b83551d,True,0.0,0.0,0.0,0.0,1.0,0.5,0.0
11504,bed45577041051b8,True,1.0,1.0,1.0,0.0,1.0,1.0,0.5833333333333334
11505,cecce24905cb5641,True,1.0,0.0,0.0,1.0,1.0,1.0,0.0
11506,5bdef7e091525742,True,1.0,1.0,0.8519216537237525,1.0,1.0,1.0,0.9383006890515636
11507,0f49301527005b0e,True,1.0,1.0,0.6887966848625238,1.0,1.0,1.0,0.8703319520260516
11508,63d6fbc938bc58cb,True,1.0,0.0,0.0,1.0,1.0,1.0,0.0
11509,735587b14e39568c,True,1.0,1.0,0.7807740908215024,1.0,1.0,1.0,0.908655871175626
11510,cbec1eda814e5065,True,0.0,1.0,0.0,0.0,1.0,1.0,0.0
11511,1e241714a35658ff,True,1.0,1.0,1.0,1.0,1.0,1.0,1.0
11512,c4a50f520ab75da6,True,1.0,1.0,1.0,1.0,1.0,1.0,1.0
11513,0774f6d8e3185794,True,1.0,0.0,0.0,1.0,1.0,1.0,0.0
11514,75abd414138d5a4e,True,1.0,1.0,0.7919766241587827,1.0,1.0,1.0,0.9133235933994928
11515,e83f4b6e1dd25c90,True,1.0,1.0,0.8431550074713431,1.0,1.0,1.0,0.9346479197797263
11516,6376b9b848385361,True,1.0,1.0,1.0,1.0,1.0,1.0,1.0
11517,7a2abf5475ac59ca,True,1.0,1.0,1.0,1.0,1.0,1.0,1.0
11518,2743a2f96269577c,True,1.0,1.0,0.849369154634174,1.0,1.0,0.0,0.9372371477642392
11519,e485bc6cdd285588,True,1.0,1.0,0.8358756490472228,1.0,1.0,1.0,0.9316148537696761
11520,1d037ee2ffda5d69,True,1.0,1.0,1.0,1.0,1.0,1.0,1.0
11521,95de48bebbb35484,True,1.0,1.0,1.0,1.0,1.0,1.0,1.0
11522,dcc3b1a2a6da565a,True,1.0,1.0,0.8816087544106003,1.0,1.0,1.0,0.9506703143377502
11523,82e6bac5509d5471,True,1.0,1.0,0.9399449617584203,0.0,1.0,1.0,0.5583104007326751
11524,09da6a53016b5333,True,1.0,1.0,1.0,1.0,1.0,1.0,1.0
11525,1c3c37eeacd15c92,True,1.0,1.0,0.748278534521772,1.0,1.0,1.0,0.8951160560507384
11526,e773519a60035714,True,1.0,1.0,1.0,1.0,1.0,1.0,1.0
11527,4ddab8ee947255d9,True,1.0,0.0,0.0,1.0,1.0,1.0,0.0
11528,10209c0e885f5162,True,1.0,1.0,0.8218451259177576,1.0,1.0,1.0,0.9257688024657323
11529,a3dd6d539acc5c9b,True,1.0,1.0,0.648186968221674,1.0,1.0,1.0,0.8534112367590309
11530,b0a73894d5a75e59,True,1.0,1.0,0.22253244857520818,1.0,1.0,1.0,0.6760551869063368
11531,2754e05ff9d35719,True,1.0,1.0,0.8006994382699087,1.0,1.0,1.0,0.9169580992791286
11532,020ba7462c6f52b3,True,1.0,1.0,1.0,1.0,1.0,1.0,1.0
11533,e6e189b1aaa85d41,True,1.0,1.0,1.0,1.0,1.0,1.0,1.0
11534,69e3344606a55c73,True,1.0,1.0,1.0,1.0,1.0,1.0,1.0
11535,2158d459f8b259c3,True,1.0,1.0,0.9159547958133764,1.0,1.0,1.0,0.9649811649222402
11536,c04902b5c32056e0,True,1.0,1.0,0.6334935994597984,1.0,1.0,1.0,0.847288999774916
11537,6907f601feee5114,True,1.0,1.0,0.8538733374049113,0.0,1.0,1.0,0.5224472239187131
11538,bf1370df23cf5118,True,0.0,1.0,0.0,0.0,1.0,1.0,0.0
11539,4cf809416df6527e,True,1.0,1.0,1.0,1.0,1.0,1.0,1.0
11540,b1649a41e6155dd2,True,1.0,1.0,0.8370792313437135,1.0,1.0,1.0,0.932116346393214
11541,3c114912e4cf590c,True,0.0,1.0,0.0,0.0,1.0,1.0,0.0
11542,33423262feb656a3,True,1.0,0.0,0.0,1.0,1.0,1.0,0.0
11543,000bf168dd5159af,True,1.0,1.0,0.8076206828021918,1.0,1.0,1.0,0.9198419511675798
11544,0ee0c8c2556c506a,True,1.0,1.0,1.0,1.0,1.0,1.0,1.0
11545,66a6a72cc5145dd5,True,1.0,1.0,0.7978522170199774,1.0,1.0,1.0,0.9157717570916573
11546,d5ea47f2ec1550b2,True,1.0,1.0,1.0,1.0,1.0,1.0,1.0
11547,13ba9275e341525b,True,1.0,1.0,0.34531190121669264,1.0,1.0,1.0,0.727213292173622
11548,9215943615c45afd,True,1.0,1.0,0.6407832603338316,1.0,1.0,1.0,0.8503263584724299
11549,daa3dbcfc784564c,True,1.0,1.0,0.8122864782079257,1.0,1.0,1.0,0.9217860325866356
11550,de2c2bde3a615d75,True,1.0,1.0,0.8540206302176785,1.0,1.0,1.0,0.9391752625906994
11551,0e74f7b5b7c45c1b,True,1.0,1.0,0.8658044807090061,1.0,1.0,1.0,0.9440852002954192
11552,fbc91394092b5dbb,True,1.0,1.0,0.8578197067157642,1.0,1.0,1.0,0.9407582111315684
11553,4302a0a4b9f05b61,True,1.0,1.0,0.41769002191580823,1.0,1.0,1.0,0.75737084246492
11554,412e722526585e4a,True,1.0,1.0,1.0,0.0,1.0,1.0,0.5833333333333334
11555,22e43e5928b95b7a,True,1.0,1.0,1.0,1.0,1.0,1.0,1.0
11556,29e7ffa0ba1f589b,True,1.0,0.0,0.0,1.0,1.0,1.0,0.0
11557,a3d10c0a5a835300,True,1.0,1.0,0.0,1.0,1.0,1.0,0.5833333333333334
11558,d3badb5f8c125e12,True,1.0,1.0,1.0,1.0,1.0,1.0,1.0
11559,7238724f2bff58f0,True,1.0,1.0,0.8727921303069511,1.0,1.0,1.0,0.9469967209612297
11560,5a3613f60fb454d4,True,1.0,1.0,1.0,0.0,1.0,1.0,0.5833333333333334
11561,ffb972d89b065422,True,1.0,1.0,1.0,0.0,1.0,1.0,0.5833333333333334
11562,6c62867b6d7a51fa,True,1.0,1.0,1.0,1.0,1.0,1.0,1.0
11563,396eba48b9c5529d,True,0.0,1.0,0.0,0.0,1.0,1.0,0.0
11564,c52f491ebd5b521a,True,1.0,1.0,0.7063549058577834,1.0,1.0,1.0,0.8776478774407431
11565,16a738813dbe5496,True,1.0,0.0,0.0,1.0,1.0,0.5,0.0
11566,390d9e3b03a15695,True,1.0,1.0,0.9089300519270173,1.0,1.0,1.0,0.962054188302924
11567,3d17efc5625f5c4f,True,1.0,1.0,1.0,0.0,1.0,1.0,0.5833333333333334
11568,c80bc7cdeb5e50f0,True,1.0,1.0,1.0,0.0,1.0,1.0,0.5833333333333334
11569,0603ebc3a71d59f5,True,1.0,1.0,0.8548923678314464,1.0,1.0,1.0,0.9395384865964361
11570,1e8bf2f0e05e58b0,True,1.0,1.0,1.0,0.0,1.0,1.0,0.5833333333333334
11571,9a4575e2dfd75ffb,True,1.0,1.0,0.942118186960655,1.0,1.0,1.0,0.9758825779002729
11572,352290f8ed8e572e,True,1.0,1.0,1.0,0.0,1.0,1.0,0.5833333333333334
11573,a175a8b7f4c55cf6,True,1.0,1.0,0.8052600159561416,1.0,1.0,1.0,0.9188583399817256
11574,0e70c369a99157c3,True,1.0,1.0,0.773867772389622,1.0,1.0,1.0,0.9057782384956758
11575,5a3a4277dc785511,True,1.0,1.0,0.7432384052722772,1.0,1.0,1.0,0.8930160021967822
11576,42c1346e9b585c5b,True,1.0,1.0,0.883734871904058,1.0,1.0,1.0,0.9515561966266909
11577,e9a26f1753a85a88,True,1.0,1.0,1.0,1.0,1.0,1.0,1.0
11578,9e12f81268d75fbb,True,1.0,1.0,1.0,0.0,1.0,1.0,0.5833333333333334
11579,1cbccb79dbe058a6,True,1.0,1.0,0.610037982145281,1.0,1.0,1.0,0.8375158258938672
11580,153733002b5a5d25,True,1.0,1.0,0.41785098065991605,1.0,1.0,1.0,0.7574379086082983
11581,ca7c752bcdfa5e4d,True,1.0,1.0,1.0,1.0,1.0,1.0,1.0
11582,77daa055e4ed5ae2,True,1.0,1.0,0.8972338906637555,1.0,1.0,1.0,0.9571807877765647
11583,76d3db995c9e5946,True,1.0,0.0,0.0,1.0,1.0,1.0,0.0
11584,430589fe41235469,True,1.0,1.0,0.7379642730173094,1.0,1.0,1.0,0.8908184470905457
11585,f94a9ce36b8e5516,True,1.0,1.0,0.7780724953554081,1.0,1.0,1.0,0.9075302063980867
11586,b61a78b163d654e0,True,0.0,1.0,0.0,0.0,1.0,1.0,0.0
11587,f5c6f00966f152ec,True,1.0,1.0,0.8566739988277173,1.0,1.0,1.0,0.9402808328448823
11588,54d86279a0015154,True,0.0,1.0,0.0,0.0,1.0,1.0,0.0
11589,451f66014a765bce,True,1.0,1.0,1.0,1.0,1.0,1.0,1.0
11590,d9983fb6d20e5413,True,1.0,1.0,1.0,1.0,1.0,1.0,1.0
11591,355e4d5dc6c15b9b,True,1.0,1.0,0.6404652543694712,1.0,1.0,1.0,0.8501938559872797
11592,65130561cbfb567a,True,0.0,1.0,0.0,0.0,1.0,1.0,0.0
11593,23ad4e776c025531,True,1.0,1.0,0.7072179519344913,1.0,1.0,1.0,0.8780074799727048
11594,4d4ef3ee372d5afc,True,1.0,1.0,0.7631924801979172,1.0,1.0,1.0,0.9013302000824654
11595,9b86b7cc0b41507b,True,1.0,0.0,0.0,1.0,1.0,0.5,0.0
11596,80c267878c6a54fa,True,1.0,1.0,0.6878754772911423,1.0,1.0,1.0,0.8699481155379759
11597,be709e9a5d085f75,True,1.0,1.0,1.0,1.0,1.0,1.0,1.0
11598,373707159e77583c,True,1.0,1.0,0.9656614416951183,0.0,1.0,0.5,0.5690256007062993
11599,8af2a66435ea565a,True,1.0,1.0,0.5521293515443014,1.0,1.0,1.0,0.8133872298101256
11600,f18efb3a137b529a,True,1.0,1.0,0.8567656236127869,1.0,1.0,1.0,0.9403190098386611
11601,e656eb8f3cdf590c,True,1.0,1.0,1.0,1.0,1.0,1.0,1.0
11602,963a72ef9c615033,True,1.0,1.0,0.9933155277861843,0.0,1.0,1.0,0.5805481365775768
11603,3260b9e0a6ac5b8b,True,1.0,0.0,0.0,1.0,1.0,0.5,0.0
11604,11ee697033a159a9,True,1.0,0.0,0.0,1.0,1.0,1.0,0.0
11605,b5a8b9b436b05bad,True,0.0,1.0,0.0,0.0,1.0,1.0,0.0
11606,d8effdc24c235d3f,True,1.0,1.0,0.7607181937160843,1.0,1.0,1.0,0.9002992473817018
11607,511ba067a1835f86,True,1.0,1.0,1.0,1.0,1.0,1.0,1.0
11608,748d7e95687d5d26,True,1.0,1.0,1.0,1.0,1.0,1.0,1.0
11609,db4bcafb6d775b4f,True,1.0,0.0,0.0,1.0,1.0,1.0,0.0
11610,10ae805f0be95c1f,True,1.0,1.0,1.0,1.0,1.0,1.0,1.0
11611,f6195258cc20552f,True,0.0,1.0,0.0,0.0,1.0,1.0,0.0
11612,6a5ed1c72b9a5d47,True,1.0,0.0,0.0,1.0,1.0,0.0,0.0
11613,388181311ef25756,True,1.0,1.0,0.9951975541515308,1.0,1.0,1.0,0.9979989808964712
11614,6d5f5983c8eb5615,True,1.0,1.0,0.7666883684275939,1.0,1.0,1.0,0.902786820178164
11615,0698ddce973b50ba,True,1.0,1.0,1.0,1.0,1.0,1.0,1.0
11616,4999981a1cac596e,True,1.0,1.0,0.8369232131423671,1.0,1.0,1.0,0.9320513388093197
11617,303d9d8e1bbf5053,True,1.0,1.0,1.0,0.0,1.0,1.0,0.5833333333333334
11618,a9e8e0a755d758a1,True,1.0,0.0,0.0,1.0,1.0,1.0,0.0
11619,69fab78920a55a7a,True,1.0,0.0,0.0,1.0,1.0,1.0,0.0
11620,5a0af6d9e7a45c95,True,1.0,1.0,1.0,1.0,1.0,1.0,1.0
11621,32648fe3eaa45ed1,True,1.0,1.0,0.8595134564057346,1.0,1.0,1.0,0.9414639401690561
11622,bf7e92340c6454a2,True,1.0,1.0,1.0,0.0,1.0,0.0,0.5833333333333334
11623,e57f09cee57d5ee1,True,1.0,1.0,1.0,1.0,1.0,1.0,1.0
11624,b4d40a7532c05cd0,True,1.0,0.0,0.0,1.0,1.0,1.0,0.0
11625,a6e08764c0245823,True,1.0,0.0,0.0,0.0,1.0,1.0,0.0
11626,9f97b9c20ffc50b5,True,1.0,1.0,0.7990776128843353,1.0,1.0,1.0,0.9162823387018064
11627,d306c671b1ce531c,True,1.0,1.0,1.0,0.0,1.0,1.0,0.5833333333333334
11628,1cff7a7ece6851c4,True,0.0,1.0,0.0,0.0,1.0,1.0,0.0
11629,2f6263adaf4f54c5,True,1.0,1.0,0.779196682279313,1.0,1.0,1.0,0.9079986176163803
11630,2b52c607f324583e,True,1.0,1.0,0.7931865794614971,1.0,1.0,1.0,0.9138277414422905
11631,8153e70fc0545d5a,True,1.0,1.0,0.7126511316110743,1.0,1.0,1.0,0.8802713048379477
11632,f874757c4b46591b,True,1.0,1.0,1.0,1.0,1.0,1.0,1.0
11633,2360cd7b0fd85480,True,0.0,1.0,0.0,0.0,1.0,1.0,0.0
11634,4e496bfdb6b95697,True,1.0,1.0,1.0,0.0,1.0,1.0,0.5833333333333334
11635,a92bb2331b0e5485,True,1.0,1.0,0.7793796509349823,1.0,1.0,1.0,0.9080748545562427
11636,03660e332def5cfa,True,1.0,1.0,0.9602473908245762,1.0,1.0,1.0,0.9834364128435734
11637,afbde7335ad05055,True,1.0,1.0,1.0,0.0,1.0,1.0,0.5833333333333334
11638,33947554006251e9,True,1.0,0.0,0.0,1.0,1.0,1.0,0.0
11639,d37e71f395695c6f,True,1.0,1.0,0.7882845507035143,1.0,1.0,1.0,0.9117852294597976
11640,7900d1167dfe5c24,True,1.0,0.0,0.0,1.0,1.0,1.0,0.0
11641,3304abff82cb5f6d,True,1.0,1.0,0.7847368224005483,1.0,1.0,1.0,0.9103070093335618
11642,ae97dc76df0952f2,True,1.0,1.0,0.9563372006684498,1.0,1.0,1.0,0.9818071669451874
11643,563cd0d9beb7563a,True,1.0,1.0,0.8001285116744857,1.0,1.0,1.0,0.9167202131977024
11644,ade979d99d51517f,True,1.0,1.0,0.7213977109840892,1.0,1.0,1.0,0.8839157129100371
11645,7da6ba784b8b5ff0,True,1.0,1.0,0.80994882682139,1.0,1.0,1.0,0.9208120111755792
11646,6fbdacdf660253b6,True,0.0,1.0,0.0,0.0,1.0,1.0,0.0
11647,56da58294b3d53c5,True,1.0,1.0,0.8999596466778746,1.0,1.0,1.0,0.9583165194491144
11648,0d93c2f3442752d9,True,1.0,1.0,0.902276069109973,1.0,1.0,1.0,0.9592816954624888
11649,f3f9b7c1f6e95b82,True,0.0,1.0,0.0,0.0,1.0,1.0,0.0
11650,1ebd95c73644569f,True,1.0,0.0,0.0,1.0,1.0,0.5,0.0
11651,56acc09e62b45e21,True,1.0,1.0,0.7204716869117742,1.0,1.0,1.0,0.8835298695465726
11652,e6c8f0c4aaea52d7,True,1.0,1.0,1.0,1.0,1.0,1.0,1.0
11653,1b25edea36205814,True,1.0,1.0,0.7146823455726664,0.0,1.0,1.0,0.46445097732194435
11654,da751fd130625cce,True,1.0,1.0,0.7075879118449739,1.0,1.0,1.0,0.8781616299354059
11655,1a3569d56fbf5521,True,1.0,1.0,0.6283244205991916,1.0,1.0,1.0,0.8451351752496632
11656,1e15c5256da5549a,True,1.0,1.0,1.0,0.0,1.0,1.0,0.5833333333333334
11657,c3d5c730ba905b86,True,1.0,1.0,1.0,1.0,1.0,1.0,1.0
11658,b5f57f5a6b5b5244,True,1.0,0.0,0.0,1.0,1.0,1.0,0.0
11659,ff91d9e01e4259b1,True,1.0,1.0,0.8210528620747538,1.0,1.0,1.0,0.9254386925311474
11660,e694febcad5b5185,True,1.0,1.0,1.0,1.0,1.0,1.0,1.0
11661,7a6d3719323a5188,True,1.0,1.0,1.0,1.0,1.0,1.0,1.0
11662,451b114eef365ee0,True,1.0,1.0,0.616582735527275,1.0,1.0,1.0,0.840242806469698
11663,228dbe4bb59c537b,True,1.0,1.0,0.9503145061861297,1.0,1.0,1.0,0.9792977109108874
11664,6832568ebd835696,True,1.0,0.0,0.0,1.0,1.0,1.0,0.0
11665,6a66294fe97f54db,True,1.0,1.0,0.8698792243281805,1.0,1.0,1.0,0.9457830101367418
11666,ddf632a3ce305812,True,1.0,1.0,0.9968493507764071,1.0,1.0,1.0,0.9986872294901697
11667,a35a1d0c099151cc,True,1.0,1.0,0.8439567731072842,1.0,1.0,1.0,0.9349819887947017
11668,6083bfcb495d5f9a,True,1.0,1.0,1.0,0.0,1.0,1.0,0.5833333333333334
11669,b133316a0e795993,True,1.0,1.0,1.0,1.0,1.0,1.0,1.0
11670,0d5496cc08dc50fe,True,1.0,1.0,1.0,0.0,1.0,1.0,0.5833333333333334
11671,70322003ab525a2e,True,1.0,1.0,1.0,1.0,1.0,1.0,1.0
11672,345f39f8de925db9,True,1.0,1.0,0.9777556989176734,1.0,1.0,1.0,0.9907315412156973
11673,def5763ef93655ae,True,1.0,1.0,0.9358094958922906,1.0,1.0,1.0,0.9732539566217877
11674,6d540c863075575c,True,1.0,1.0,0.8814047827719266,1.0,1.0,1.0,0.9505853261549694
11675,be43454e5a4f5a2a,True,1.0,1.0,0.8025875957840074,1.0,1.0,1.0,0.9177448315766698
11676,d9eeceb896445e10,True,0.5,0.0,0.0,0.0,1.0,1.0,0.0
11677,b662afef6f935725,True,1.0,1.0,0.6921133385393864,1.0,1.0,1.0,0.8717138910580777
11678,933141027c9e5fdc,True,1.0,1.0,0.8272841815497194,1.0,1.0,1.0,0.9280350756457164
11679,9204b6df37ec56ba,True,1.0,1.0,0.613843384872458,1.0,1.0,1.0,0.8391014103635243
11680,e6ff5e16c5f25533,True,1.0,0.0,0.0,1.0,1.0,0.0,0.0
11681,0f69087034985e9e,True,1.0,1.0,0.8190068541998345,1.0,1.0,1.0,0.924586189249931
11682,36aef5f67c8d5e2e,True,1.0,1.0,1.0,1.0,1.0,0.0,1.0
11683,ff1044970b525386,True,1.0,1.0,1.0,1.0,1.0,1.0,1.0
11684,17bc4c71fc425620,True,1.0,1.0,1.0,0.0,1.0,1.0,0.5833333333333334
11685,54db5162fc6c563c,True,1.0,1.0,0.8678459298489366,1.0,1.0,1.0,0.9449358041037236
11686,79c9f05d61955e2d,True,1.0,1.0,0.7429923555219118,1.0,1.0,1.0,0.8929134814674633
11687,6247bc8d9df7529d,True,1.0,0.0,0.0,1.0,1.0,1.0,0.0
11688,e45aa663bd0756d9,True,1.0,1.0,0.844209788837578,1.0,1.0,0.5,0.9350874120156575
11689,23df9e4092425b2b,True,1.0,1.0,1.0,1.0,1.0,1.0,1.0
11690,e3a04835bb6357ad,True,1.0,1.0,0.6928244313999378,1.0,1.0,1.0,0.8720101797499741
11691,b27e6e6bf91d59be,True,1.0,1.0,0.47532749901392446,1.0,1.0,1.0,0.7813864579224686
11692,46ee8e2727455a9f,True,1.0,1.0,1.0,1.0,1.0,1.0,1.0
11693,9276407219215151,True,1.0,1.0,1.0,0.0,1.0,1.0,0.5833333333333334
11694,f25f862298af549d,True,1.0,0.0,0.0,1.0,1.0,1.0,0.0
11695,98fd4ae8de6450b2,True,1.0,1.0,0.48168421766518676,1.0,1.0,1.0,0.7840350906938278
11696,52ab5e0a4e075cad,True,1.0,1.0,0.848992032421649,1.0,1.0,1.0,0.9370800135090205
11697,8322121dbb82511f,True,1.0,1.0,1.0,0.0,1.0,1.0,0.5833333333333334
11698,8b06db3e6e4355d3,True,0.0,1.0,0.0,0.0,1.0,1.0,0.0
11699,75b0adddd02558ba,True,1.0,1.0,0.9662933424198953,1.0,1.0,1.0,0.985955559341623
11700,2114e7e213c45fc0,True,1.0,1.0,1.0,1.0,1.0,1.0,1.0
11701,c1cc5d15c3f554e3,True,1.0,1.0,1.0,1.0,1.0,1.0,1.0
11702,b7bcc88d87ba59ae,True,0.0,1.0,0.0,0.0,1.0,1.0,0.0
11703,12d426c6727d507a,True,1.0,1.0,0.9275279271822933,1.0,1.0,1.0,0.9698033029926222
11704,60615c7f766c5a10,True,0.0,0.0,0.0,0.0,1.0,1.0,0.0
11705,0bb3e400083659c7,True,1.0,1.0,1.0,1.0,1.0,1.0,1.0
11706,99e3b8d3211f53d7,True,1.0,1.0,0.5420838966751891,1.0,1.0,1.0,0.8092016236146621
11707,8e958f3833835138,True,1.0,1.0,0.8395846795002307,1.0,1.0,1.0,0.9331602831250961
11708,167fd80fa8635037,True,1.0,0.0,0.0,1.0,1.0,1.0,0.0
11709,8c6c4c4b507c5eb1,True,1.0,1.0,0.8510723118784498,1.0,1.0,1.0,0.9379467966160208
11710,65e41bd322a25dd1,True,1.0,1.0,0.6062789758014192,1.0,1.0,1.0,0.8359495732505913
11711,0a91b3a6e4ae56fe,True,1.0,1.0,0.907305251835863,1.0,1.0,1.0,0.9613771882649429
11712,0df7b61597705cf2,True,1.0,1.0,1.0,0.0,1.0,1.0,0.5833333333333334
11713,64b6d412bf15576e,True,1.0,1.0,0.7625881256987838,1.0,1.0,1.0,0.9010783857078266
11714,61e0ce212ed75a50,True,1.0,1.0,1.0,1.0,1.0,1.0,1.0
11715,e317ddda18f25545,True,1.0,1.0,0.9312144081492609,1.0,1.0,1.0,0.9713393367288589
11716,18b76ccc45d25f5c,True,1.0,1.0,0.8804072782679393,1.0,1.0,0.0,0.950169699278308
11717,f44600c092b959f4,True,1.0,1.0,0.9864461140184106,1.0,1.0,1.0,0.994352547507671
11718,d0884d449b2959fe,True,1.0,1.0,0.9356597021113555,1.0,1.0,1.0,0.9731915425463981
11719,2f8e10ba1a8f5672,True,1.0,1.0,0.6264584832371797,1.0,1.0,1.0,0.8443577013488248
11720,34f4fd0a288b5199,True,1.0,1.0,1.0,0.0,1.0,1.0,0.5833333333333334
11721,6d8767e46d975896,True,1.0,1.0,1.0,1.0,1.0,1.0,1.0
11722,81b8a8b98a655f0f,True,1.0,1.0,1.0,1.0,1.0,1.0,1.0
11723,56c652d4f2715e43,True,1.0,1.0,0.8999167045457178,1.0,1.0,1.0,0.9582986268940491
11724,847432a116d35db0,True,1.0,1.0,0.9796029029238484,1.0,1.0,1.0,0.9915012095516035
11725,9edd49210af95749,True,1.0,1.0,0.7561940180839957,1.0,1.0,1.0,0.8984141742016648
11726,354a67b9e10c562e,True,1.0,1.0,0.9810163087671279,1.0,1.0,1.0,0.9920901286529699
11727,77db0b134a185494,True,1.0,1.0,0.8551280150530216,1.0,1.0,1.0,0.9396366729387591
11728,36c9f5ba92385cee,True,1.0,1.0,0.8405912190118263,1.0,1.0,1.0,0.9335796745882611
11729,a1665c3aeb8f551f,True,1.0,1.0,1.0,1.0,1.0,1.0,1.0
11730,8d0806dc9c865904,True,0.0,1.0,0.0,0.0,1.0,1.0,0.0
11731,597d1cf34bcc5e53,True,1.0,1.0,0.8810970085769947,1.0,1.0,1.0,0.9504570869070811
11732,5eef9aece027548e,True,1.0,1.0,1.0,1.0,1.0,1.0,1.0
11733,d44d886053b15b23,True,0.0,0.0,0.0,0.0,1.0,0.0,0.0
11734,14fe69db03425780,True,0.0,1.0,0.0,0.0,1.0,1.0,0.0
11735,8a6fbabba3745db9,True,1.0,1.0,0.7234917824844113,1.0,1.0,1.0,0.884788242701838
11736,9838aa01c0de5dc8,True,1.0,1.0,0.9342713979600146,1.0,1.0,1.0,0.9726130824833393
11737,2882be3ae16b50e3,True,0.0,0.0,0.0,0.0,1.0,1.0,0.0
11738,5a8855c7c104596c,True,1.0,0.0,0.0,1.0,1.0,0.0,0.0
11739,4cc7fc580fe45bd1,True,1.0,1.0,1.0,1.0,1.0,1.0,1.0
11740,1a1aa689c53951ba,True,1.0,1.0,1.0,0.0,1.0,1.0,0.5833333333333334
11741,6f7a20c618a9573e,True,1.0,1.0,0.9697915149282901,1.0,1.0,1.0,0.9874131312201208
11742,d01d51c26594547c,True,1.0,1.0,1.0,1.0,1.0,1.0,1.0
11743,86536c24d4805ac7,True,0.0,1.0,0.0,0.0,1.0,1.0,0.0
11744,cc7d3c360c345a4b,True,0.0,1.0,0.0,0.0,1.0,1.0,0.0
11745,3f64ff364b585a3b,True,1.0,1.0,0.6491862765279591,1.0,1.0,0.5,0.853827615219983
11746,3cfa3f1b82885efa,True,0.0,1.0,0.0,0.0,1.0,1.0,0.0
11747,e49e37e5fed25c9a,True,1.0,1.0,0.8283122165733173,1.0,1.0,1.0,0.9284634235722157
11748,b3b9745591dd569c,True,1.0,1.0,0.815916458428419,1.0,1.0,1.0,0.9232985243451747
11749,c8bf5f09438e5507,True,1.0,1.0,1.0,0.0,1.0,1.0,0.5833333333333334
11750,6f8a5e89c0325aa8,True,1.0,1.0,0.912300160759588,1.0,1.0,1.0,0.9634584003164951
11751,fbf241ca4b6758d8,True,1.0,1.0,1.0,1.0,1.0,1.0,1.0
11752,ab74b3b32d8c5006,True,1.0,1.0,1.0,1.0,1.0,1.0,1.0
11753,fd4b31afd0915f92,True,1.0,1.0,0.835275930206616,1.0,1.0,1.0,0.9313649709194234
11754,e1b645135dae5fe9,True,0.0,1.0,0.0,0.0,1.0,1.0,0.0
11755,351f4333f34258b6,True,1.0,0.0,0.0,1.0,1.0,1.0,0.0
11756,de64687e89f25285,True,1.0,0.0,0.0,1.0,1.0,1.0,0.0
11757,86aae04a66c45970,True,1.0,1.0,0.675174688711125,1.0,1.0,1.0,0.864656120296302
11758,8c9cbf03c46b5ddc,True,1.0,1.0,1.0,0.0,1.0,1.0,0.5833333333333334
11759,825269c866465320,True,1.0,1.0,0.8652428296783674,1.0,1.0,1.0,0.9438511790326531
11760,1cf4270132e35206,True,1.0,1.0,0.8633821788462402,1.0,1.0,0.0,0.9430759078526001
11761,01b78ea52da8595a,True,1.0,1.0,0.8035447685176594,1.0,1.0,1.0,0.9181436535490247
11762,35119c815b1b59ef,True,1.0,1.0,0.9264359415473844,1.0,1.0,1.0,0.9693483089780769
11763,ddc62293e7875556,True,1.0,1.0,1.0,1.0,1.0,1.0,1.0
11764,b425ed76adfb5351,True,1.0,1.0,0.9718730340609372,0.0,1.0,1.0,0.5716137641920572
11765,948e3c9e26805b86,True,1.0,1.0,1.0,1.0,1.0,1.0,1.0
11766,c093d999a01c5e92,True,1.0,0.0,0.0,1.0,1.0,0.5,0.0
11767,d961ad586b625f55,True,1.0,1.0,1.0,1.0,1.0,1.0,1.0
11768,4d50c69f430850a0,True,1.0,1.0,1.0,1.0,1.0,1.0,1.0
11769,3a2616c871335ef4,True,1.0,1.0,1.0,1.0,1.0,1.0,1.0
11770,40280e58e4d45fde,True,1.0,1.0,1.0,1.0,1.0,1.0,1.0
11771,f1b0cf7d344052ba,True,1.0,1.0,1.0,1.0,1.0,1.0,1.0
11772,35f448c5566658be,True,1.0,1.0,1.0,1.0,1.0,1.0,1.0
11773,484b6d9a28f350bd,True,1.0,1.0,0.8142334497021971,1.0,1.0,1.0,0.9225972707092488
11774,998c6c28d1475e78,True,1.0,1.0,0.6780962105293147,1.0,1.0,1.0,0.8658734210538812
11775,63573ea2fdb85b0e,True,1.0,0.0,0.0,1.0,1.0,1.0,0.0
11776,e62eeef3ef7055b9,True,1.0,1.0,0.6436067465004734,1.0,1.0,1.0,0.8515028110418639
11777,d925879cb467504c,True,0.0,1.0,0.0,0.0,1.0,1.0,0.0
11778,4a55d9d08b7752e8,True,1.0,1.0,0.4878576498816243,1.0,1.0,1.0,0.7866073541173435
11779,78f941ea974f5084,True,1.0,1.0,1.0,0.0,1.0,1.0,0.5833333333333334
11780,f1b8c54a906f525e,True,1.0,1.0,1.0,1.0,1.0,1.0,1.0
11781,1786ef7edac65502,True,0.0,1.0,0.0,0.0,1.0,1.0,0.0
11782,92471a550d745af1,True,1.0,1.0,1.0,0.0,1.0,1.0,0.5833333333333334
11783,14fb2a9aad8850d2,True,1.0,1.0,1.0,1.0,1.0,1.0,1.0
11784,55bb551a2aa85849,True,1.0,1.0,0.8011874761111354,1.0,1.0,0.5,0.9171614483796398
11785,74abadad5fd65d44,True,1.0,1.0,0.677717001050166,1.0,1.0,1.0,0.8657154171042358
11786,41f275bfd30e514a,True,1.0,1.0,1.0,1.0,1.0,1.0,1.0
11787,e6be0f4d0dc351d0,True,1.0,1.0,1.0,1.0,1.0,1.0,1.0
11788,5667135252dd528a,True,1.0,1.0,0.3397988104853826,1.0,1.0,1.0,0.7249161710355762
11789,4ab74b20c99e5d20,True,1.0,1.0,0.844970344123114,1.0,1.0,0.5,0.9354043100512975
11790,ed205afc48d150f3,True,1.0,1.0,1.0,1.0,1.0,0.0,1.0
11791,ac24fb00e61a5da2,True,1.0,1.0,0.8584477302984512,1.0,1.0,1.0,0.9410198876243546
11792,1e92a7ac3d645cdd,True,0.0,1.0,0.0,0.0,1.0,1.0,0.0
11793,d6deeba48d2c5dfe,True,1.0,1.0,1.0,1.0,1.0,1.0,1.0
11794,01ce9c82de0d5539,True,1.0,1.0,0.7844488164907832,1.0,1.0,1.0,0.9101870068711597
11795,fa23f65e1638570e,True,1.0,1.0,0.7981266235287031,1.0,1.0,1.0,0.9158860931369596
11796,fa72fd5d5f285388,True,1.0,1.0,1.0,1.0,1.0,1.0,1.0
11797,01add9e74d3c5053,True,1.0,1.0,0.7788204579379867,1.0,1.0,1.0,0.907841857474161
11798,4d94decfbcd35ae6,True,1.0,1.0,0.8876642224899566,0.0,1.0,1.0,0.5365267593708153
11799,ab120237801f549a,True,1.0,1.0,0.7973861978290756,1.0,1.0,1.0,0.9155775824287815
11800,6fc2a1e0a7915147,True,1.0,0.0,0.0,1.0,1.0,0.5,0.0
11801,11cadec88a8e547d,True,1.0,1.0,0.6869149198019626,1.0,1.0,0.5,0.8695478832508178
11802,7ed454741a7f54d5,True,1.0,1.0,0.8509088677085733,1.0,1.0,1.0,0.9378786948785723
11803,35aa38c73e9251a7,True,1.0,1.0,0.914846088732604,0.0,1.0,1.0,0.5478525369719184
11804,6b4cf0c1208155f5,True,0.0,1.0,0.0,0.0,1.0,1.0,0.0
11805,7606dcaf85735093,True,1.0,1.0,0.6159270633948495,1.0,1.0,1.0,0.839969609747854
11806,c7b030a4025a5066,True,1.0,0.0,0.0,1.0,1.0,1.0,0.0
11807,52e0d1590e0e529d,True,1.0,1.0,0.5120974092417822,1.0,1.0,1.0,0.7967072538507426
11808,ba190b181dc85a2b,True,1.0,1.0,0.963837115674271,1.0,1.0,1.0,0.9849321315309463
11809,4167ff5049555a2f,True,1.0,1.0,0.7862886628128534,1.0,1.0,1.0,0.9109536095053556
11810,bc2fe3314b345c63,True,0.0,1.0,0.0,0.0,1.0,1.0,0.0
11811,6183ed1d16f05d11,True,0.0,1.0,0.0,0.0,1.0,1.0,0.0
11812,85406e57732a5121,True,1.0,1.0,0.781357557715674,1.0,1.0,1.0,0.9088989823815309
11813,db1231d931455d2c,True,1.0,0.0,0.0,1.0,1.0,1.0,0.0
11814,b6b0722747565854,True,1.0,1.0,1.0,1.0,1.0,1.0,1.0
11815,af194a8f1af65eb7,True,1.0,1.0,1.0,1.0,1.0,1.0,1.0
11816,c9374cc3f2d45d75,True,1.0,1.0,1.0,1.0,1.0,1.0,1.0
11817,e89ad5d8a66250f0,True,1.0,1.0,0.9296002661534005,0.0,1.0,1.0,0.5540001108972502
11818,59127196fe025553,True,0.0,1.0,0.0,0.0,1.0,1.0,0.0
11819,a00a4902bd105b99,True,1.0,0.0,0.0,1.0,1.0,1.0,0.0
11820,584a741051cd523f,True,1.0,1.0,0.7247725385287638,1.0,1.0,1.0,0.8853218910536516
11821,53834451cfa75fd0,True,1.0,1.0,0.026315633468021755,1.0,1.0,1.0,0.5942981806116757
11822,ae15b0488a6c5bd8,True,1.0,1.0,1.0,1.0,1.0,1.0,1.0
11823,4bc96604c1c85606,True,1.0,1.0,1.0,1.0,1.0,1.0,1.0
11824,9e9baaa455b55c80,True,1.0,1.0,0.6865573326162532,1.0,1.0,1.0,0.8693988885901055
11825,b5cb26f114e3558e,True,1.0,1.0,0.9777073152318783,1.0,1.0,1.0,0.9907113813466161
11826,e5fba7e447ff5a61,True,1.0,1.0,0.8945416273876379,1.0,1.0,1.0,0.9560590114115158
11827,1517632ca5a8577b,True,0.0,1.0,0.0,0.0,1.0,1.0,0.0
11828,b19f226d281e588a,True,1.0,1.0,0.7998401029509694,1.0,1.0,1.0,0.9166000428962372
11829,a425dd8a1b5552db,True,1.0,0.0,0.0,1.0,1.0,1.0,0.0
11830,3ae409424da65443,True,0.0,1.0,0.0,0.0,1.0,1.0,0.0
11831,e775640dbaf45c91,True,1.0,1.0,1.0,1.0,1.0,1.0,1.0
11832,759af2e479de5bbb,True,0.5,0.0,0.0,0.0,1.0,0.5,0.0
11833,b53db7bbc74956ed,True,1.0,1.0,0.9140914003349891,1.0,1.0,1.0,0.9642047501395788
11834,adc1a3a3dd1c501e,True,1.0,1.0,1.0,1.0,1.0,1.0,1.0
11835,c1019bca7cd95123,True,0.5,1.0,0.7479846388935689,0.0,1.0,1.0,0.23916346643616018
11836,4007544abfa3548f,True,1.0,1.0,1.0,0.0,1.0,1.0,0.5833333333333334
11837,5d7c7edca69d5e73,True,0.0,1.0,0.0,0.0,1.0,0.0,0.0
11838,7d4c548895955e0d,True,1.0,1.0,0.7138259250560353,1.0,1.0,1.0,0.8807608021066814
11839,f980b34746d45868,True,1.0,1.0,1.0,0.0,1.0,1.0,0.5833333333333334
11840,c9fb5f51480b5ff8,True,1.0,0.0,0.0,1.0,1.0,0.5,0.0
11841,b4aa2f58df795a92,True,1.0,1.0,0.811948309526491,1.0,1.0,1.0,0.9216451289693713
11842,2a484ffd16785a64,True,1.0,1.0,0.944972277771836,1.0,1.0,1.0,0.9770717824049316
11843,c332770f3439515e,True,1.0,1.0,0.7893418864992109,1.0,1.0,1.0,0.9122257860413377
11844,3b2fc0d01dbc50ce,True,1.0,1.0,0.9203982646954197,1.0,1.0,1.0,0.9668326102897581
11845,3e4c9c9e67545b03,True,1.0,1.0,0.6990817645711676,1.0,1.0,1.0,0.8746174019046532
11846,815565a62f775c7c,True,1.0,1.0,0.4130312875094871,1.0,1.0,1.0,0.7554297031289531
11847,fa70c2e191965353,True,1.0,1.0,1.0,0.0,1.0,1.0,0.5833333333333334
11848,a5f411a2c379503d,True,1.0,0.0,0.0,1.0,1.0,1.0,0.0
11849,7498dbe0e2b65539,True,1.0,1.0,0.885800297094224,0.0,1.0,1.0,0.53575012378926
11850,52f07f442baa5fe5,True,0.0,1.0,0.0,0.0,1.0,1.0,0.0
11851,98c050c637ca5909,True,1.0,1.0,0.8027282629638082,1.0,1.0,1.0,0.9178034429015867
11852,b72042b4093250c8,True,1.0,1.0,1.0,1.0,1.0,1.0,1.0
11853,2731fa425acf52f4,True,0.0,0.0,0.0,0.0,1.0,0.5,0.0
11854,afd9edcb6d94521f,True,1.0,1.0,0.8574617914082029,1.0,1.0,1.0,0.9406090797534179
11855,5594163f2d8751f6,True,1.0,1.0,1.0,1.0,1.0,1.0,1.0
11856,f038fc7ffdab5bad,True,1.0,0.0,0.0,1.0,1.0,1.0,0.0
11857,2256b2a677aa5509,True,1.0,1.0,0.9690654872778789,1.0,1.0,1.0,0.9871106196991161
11858,42007c7edb945956,True,1.0,1.0,0.7039227692979819,1.0,1.0,1.0,0.8766344872074926
11859,16a40c5db95c5467,True,1.0,1.0,1.0,1.0,1.0,1.0,1.0
11860,3a8a3a691f4450b5,True,1.0,1.0,0.8489685027373115,1.0,1.0,1.0,0.9370702094738798
11861,c447b75808ee5ea6,True,1.0,1.0,0.7891303632640619,1.0,1.0,1.0,0.9121376513600259
11862,330e7ebc96d05251,True,1.0,1.0,1.0,0.0,1.0,1.0,0.5833333333333334
11863,39168e35ed085e11,True,1.0,1.0,0.6802551498381387,1.0,1.0,1.0,0.8667729790992245
11864,078bc1027dde5d1a,True,1.0,1.0,0.48662697564182333,1.0,1.0,0.5,0.786094573184093
11865,80793d56acc15d48,True,1.0,1.0,1.0,0.0,1.0,1.0,0.5833333333333334
11866,315ade412d0f5304,True,0.0,1.0,0.0,0.0,1.0,1.0,0.0
11867,f8f02729d1ee5c16,True,1.0,1.0,1.0,1.0,1.0,1.0,1.0
11868,1fc38f9fc93f5a29,True,1.0,1.0,0.8921848383666393,1.0,1.0,1.0,0.9550770159860997
11869,6f61120208385a02,True,1.0,1.0,0.8344256176611693,1.0,1.0,1.0,0.9310106740254872
11870,93092fbeb57f5e9a,True,1.0,0.0,0.0,1.0,1.0,1.0,0.0
11871,a1fa084b258b5672,True,1.0,1.0,0.5762307612392146,1.0,1.0,1.0,0.8234294838496727
11872,5aa4b6dc8f0759b5,True,1.0,0.0,0.0,0.0,1.0,1.0,0.0
11873,b1e0acd51fbf5895,True,1.0,0.0,0.0,1.0,1.0,1.0,0.0
11874,e7b269e3a51c5713,True,0.5,1.0,0.7132753381592697,0.0,1.0,1.0,0.2319323621165145
11875,96c8893a610b51ba,True,1.0,1.0,0.8871994288751801,1.0,1.0,1.0,0.952999762031325
11876,6d7754fdda3a50a6,True,1.0,1.0,0.8871149868090006,1.0,1.0,0.5,0.9529645778370837
11877,4f5e535c78385629,True,1.0,1.0,1.0,1.0,1.0,1.0,1.0
11878,52fb49766a14554c,True,0.0,1.0,0.0,0.0,1.0,1.0,0.0
11879,68ece717ce6553e7,True,1.0,1.0,1.0,1.0,1.0,1.0,1.0
11880,bf3ea6a284d85269,True,1.0,1.0,0.8135610452399774,1.0,1.0,1.0,0.922317102183324
11881,2564ab331db05cb9,True,1.0,1.0,1.0,1.0,1.0,1.0,1.0
11882,772a0e9ce5825b3a,True,1.0,1.0,0.9955238337373051,1.0,1.0,1.0,0.9981349307238773
11883,d37cdaefc82d5cb2,True,1.0,1.0,1.0,0.0,1.0,1.0,0.5833333333333334
11884,69bedd73861656f1,True,1.0,1.0,0.6337512941508459,1.0,1.0,1.0,0.8473963725628524
11885,fe0c83d70ca456ae,True,1.0,1.0,1.0,0.0,1.0,1.0,0.5833333333333334
11886,d16db4733f1e5524,True,1.0,1.0,0.75917262728039,1.0,1.0,1.0,0.8996552613668292
11887,87ab048362385059,True,1.0,1.0,0.7234312323180939,1.0,1.0,1.0,0.8847630134658724
11888,86c897328378504d,True,1.0,1.0,1.0,1.0,1.0,1.0,1.0
11889,6404a27bddb85488,True,0.0,1.0,0.0,0.0,1.0,1.0,0.0
11890,094846d2fa755e29,True,1.0,1.0,1.0,0.0,1.0,1.0,0.5833333333333334
11891,27e100e5fd605194,True,1.0,1.0,0.9091857308634143,1.0,1.0,1.0,0.9621607211930893
11892,4024c1a4953e57a7,True,1.0,1.0,0.8525464043299504,1.0,1.0,1.0,0.938561001804146
11893,d9bb15db6f025acb,True,1.0,1.0,0.8325462774681142,1.0,1.0,1.0,0.9302276156117143
11894,644d0407ee0a5337,True,1.0,0.0,0.0,1.0,1.0,1.0,0.0
11895,190e931f7a7a52dc,True,1.0,1.0,0.5033731579486939,1.0,1.0,1.0,0.7930721491452891
11896,ee88f3dfa73a5f65,True,1.0,1.0,0.8852607557884995,1.0,1.0,1.0,0.9521919815785415
11897,0cf22b3901945e24,True,1.0,0.0,0.0,1.0,1.0,1.0,0.0
11898,7eaba7fa332d55cd,True,1.0,1.0,0.8698023798846014,1.0,1.0,1.0,0.945750991618584
11899,e2c14ab1fbe350b1,True,1.0,0.0,0.0,0.0,1.0,1.0,0.0
11900,1835975eaaf65843,True,1.0,1.0,1.0,1.0,1.0,1.0,1.0
11901,6fdde744b66451da,True,1.0,1.0,1.0,1.0,1.0,1.0,1.0
11902,6e738e56c7f854d0,True,1.0,1.0,0.8920051018034263,1.0,1.0,1.0,0.9550021257514277
11903,4e7cd1f8ab6353ff,True,1.0,1.0,0.7620665485266188,1.0,1.0,1.0,0.9008610618860912
11904,5c786c10eb7f57da,True,1.0,0.0,0.0,1.0,1.0,1.0,0.0
11905,0a954cc695e751ab,True,1.0,1.0,0.7930754323165339,1.0,1.0,1.0,0.9137814301318891
11906,b6b5f3cc01a05f83,True,1.0,1.0,0.6903796030890402,1.0,1.0,1.0,0.8709915012871
11907,9243ca15a76e552f,True,1.0,1.0,0.9380074855669162,1.0,1.0,1.0,0.9741697856528817
11908,f105b1f7e3a65303,True,1.0,0.0,0.0,1.0,1.0,1.0,0.0
11909,ec02f065af405039,True,1.0,1.0,0.6886948232580867,1.0,1.0,1.0,0.8702895096908695
11910,507a3844cf3051de,True,1.0,0.0,0.0,1.0,1.0,1.0,0.0
11911,42d1bc19fbc35965,True,0.0,1.0,0.0,0.0,1.0,1.0,0.0
11912,0c0044f312655c94,True,1.0,1.0,0.38558165896429436,1.0,1.0,1.0,0.7439923579017892
11913,24ce107c0e75533a,True,1.0,0.0,0.0,1.0,1.0,1.0,0.0
11914,1d0334886e9f535b,True,1.0,1.0,1.0,1.0,1.0,1.0,1.0
11915,4cc313afb2665204,True,1.0,1.0,0.8596030277887289,1.0,1.0,1.0,0.941501261578637
11916,a7fb000f96b35f94,True,1.0,1.0,1.0,1.0,1.0,1.0,1.0
11917,f8b10bcaa98a53e8,True,0.0,1.0,0.0,0.0,1.0,1.0,0.0
11918,989ce8f4205654d3,True,1.0,1.0,0.8882456073028231,1.0,1.0,1.0,0.9534356697095095
11919,631115d8e54d58fc,True,1.0,1.0,0.8946745716369983,1.0,1.0,1.0,0.9561144048487492
11920,4fbe9cf1d64d58ef,True,0.0,1.0,0.0,0.0,1.0,1.0,0.0
11921,6717940e53d45558,True,1.0,1.0,0.030902118152751082,1.0,1.0,1.0,0.5962092158969796
11922,24f29711e1a05cb5,True,1.0,1.0,1.0,1.0,1.0,1.0,1.0
11923,00f20c2762515d09,True,1.0,1.0,1.0,1.0,1.0,1.0,1.0
11924,81353cb7d48a5728,True,1.0,1.0,0.7881155626664037,1.0,1.0,1.0,0.9117148177776682
11925,758cc7a721c2546d,True,1.0,1.0,0.9731968547627625,0.0,1.0,1.0,0.572165356151151
11926,33e37f9d760a56b1,True,1.0,1.0,0.9452527486533346,0.0,1.0,1.0,0.5605219786055561
11927,4e734888d8465563,True,1.0,1.0,1.0,1.0,1.0,0.0,1.0
11928,df92aab39a395584,True,1.0,1.0,1.0,1.0,1.0,1.0,1.0
11929,33f9db8342475213,True,1.0,1.0,0.8348958956807531,1.0,1.0,1.0,0.9312066232003137
11930,db1f0ea31f525bdb,True,1.0,1.0,1.0,1.0,1.0,1.0,1.0
11931,4e00bf86cd1e5a14,True,1.0,1.0,1.0,1.0,1.0,1.0,1.0
11932,b5b46d4db32a5d8c,True,1.0,1.0,1.0,1.0,1.0,1.0,1.0
11933,54b1308d42085066,True,1.0,1.0,0.940896859468129,1.0,1.0,1.0,0.9753736914450538
11934,18e40fd61be753b9,True,0.5,0.0,0.0,0.0,1.0,1.0,0.0
11935,599cd3d1986c5509,True,1.0,1.0,1.0,1.0,1.0,1.0,1.0
11936,427ee2e0d1c05699,True,1.0,1.0,1.0,0.0,1.0,0.5,0.5833333333333334
11937,ac7bd595b9a3544c,True,1.0,1.0,1.0,1.0,1.0,1.0,1.0
11938,afa37504b1da59bf,True,1.0,1.0,1.0,1.0,1.0,1.0,1.0
11939,d2937fdb8d605a73,True,1.0,1.0,0.8011507659858019,1.0,1.0,1.0,0.9171461524940842
11940,5bdeb71025415ed9,True,1.0,1.0,0.57246368937046,1.0,1.0,1.0,0.8218598705710249
11941,5ad18b7f7b2a52c7,True,1.0,1.0,0.8565437451408958,1.0,1.0,1.0,0.9402265604753732
11942,2eb015a011ac5fa2,True,1.0,1.0,1.0,1.0,1.0,1.0,1.0
11943,93b50a6df30b5453,True,1.0,1.0,0.8681716931574774,1.0,1.0,1.0,0.9450715388156157
11944,303d452ddd2d58d1,True,1.0,1.0,0.9690704847574969,1.0,1.0,1.0,0.9871127019822904
11945,e0cd66542e715685,True,1.0,1.0,0.8144936310192019,1.0,1.0,1.0,0.9227056795913341
11946,cd1234d5b4b2570d,True,0.0,1.0,0.0,0.0,1.0,1.0,0.0
11947,c32ae6a1954651ec,True,0.0,0.0,0.0,0.0,1.0,1.0,0.0
11948,431ae29947e95c26,True,1.0,1.0,1.0,1.0,1.0,1.0,1.0
11949,e63d13e083695b1f,True,1.0,1.0,0.7181351118002474,1.0,1.0,1.0,0.8825562965834365
11950,2d88ea430674513d,True,1.0,1.0,0.6403939010223338,1.0,1.0,1.0,0.8501641254259725
11951,27cf243155ac526c,True,1.0,1.0,0.9461714129320705,1.0,1.0,1.0,0.9775714220550293
11952,6042c6249f31509b,True,1.0,1.0,0.6095336136832573,1.0,1.0,1.0,0.8373056723680238
11953,af94f29d37e55b02,True,1.0,1.0,0.7121943742813183,1.0,1.0,1.0,0.8800809892838827
11954,4b259f30bb73511d,True,1.0,1.0,0.6710731334960087,1.0,1.0,0.5,0.8629471389566703
11955,f6b9867069845fd2,True,1.0,1.0,0.688191982494107,1.0,1.0,1.0,0.870079992705878
11956,4356c31443585d79,True,1.0,1.0,0.9011197675695752,1.0,1.0,0.0,0.9587999031539898
11957,b27841ee318f5d92,True,1.0,1.0,0.9721511327521294,1.0,1.0,1.0,0.9883963053133872
11958,10b9d1b254f35a74,True,1.0,1.0,0.7376219805871597,1.0,1.0,1.0,0.8906758252446498
11959,29b743b5bdd1527e,True,0.0,1.0,0.0,0.0,1.0,1.0,0.0
11960,62c59eb9ece45d86,True,1.0,1.0,0.7176775103248091,1.0,1.0,1.0,0.8823656293020038
11961,58cf6aaf126b5727,True,1.0,0.0,0.0,0.0,1.0,1.0,0.0
11962,b1cb5523e43b594a,True,1.0,1.0,0.7490954779966551,1.0,1.0,1.0,0.8954564491652729
11963,caa3170f8c3b5cfe,True,1.0,1.0,0.7355987963043374,1.0,1.0,1.0,0.8898328317934739
11964,98a0d06140945295,True,1.0,1.0,1.0,0.0,1.0,1.0,0.5833333333333334
11965,a584a676d2b859c7,True,1.0,1.0,1.0,1.0,1.0,1.0,1.0
11966,88f90b93bbf255ad,True,1.0,0.0,0.0,1.0,1.0,1.0,0.0
11967,91defa409f0254d5,True,0.0,1.0,0.0,0.0,1.0,1.0,0.0
11968,243fa5b33c1f5845,True,1.0,1.0,1.0,1.0,1.0,1.0,1.0
11969,75c91bd683535274,True,0.0,1.0,0.0,0.0,1.0,1.0,0.0
11970,5e4f0ddf24da5f97,True,1.0,1.0,0.8301467217616327,1.0,1.0,1.0,0.9292278007340137
11971,ab0c43fd9f2c5481,True,1.0,1.0,0.4651539719130101,1.0,1.0,1.0,0.7771474882970875
11972,32f2729bfe435c65,True,1.0,1.0,1.0,1.0,1.0,1.0,1.0
11973,77155a60b2ae5e75,True,1.0,1.0,0.8289219939839363,0.0,1.0,1.0,0.5120508308266402
11974,fb3ec8fa431c5d83,True,1.0,0.0,0.0,1.0,1.0,0.5,0.0
11975,59c3714116c25a7c,True,1.0,1.0,0.8068031519964798,1.0,1.0,1.0,0.9195013133318666
11976,e2ae05340dba502d,True,1.0,0.0,0.0,1.0,1.0,0.5,0.0
11977,5a90354cbaa45cc2,True,1.0,1.0,0.7589224810311817,0.0,1.0,1.0,0.48288436709632565
11978,b555e2488dc7531e,True,1.0,1.0,0.656374752253968,1.0,1.0,1.0,0.8568228134391532
11979,407bc420086a58f6,True,1.0,0.0,0.0,1.0,1.0,1.0,0.0
11980,641e208507255987,True,1.0,1.0,0.8129746612271113,1.0,1.0,1.0,0.9220727755112964
11981,137f854539c45fe1,True,1.0,1.0,1.0,1.0,1.0,1.0,1.0
11982,de85008572b15018,True,1.0,1.0,0.03069418722141281,1.0,1.0,1.0,0.596122578008922
11983,ff1a4e51e3f558ce,True,1.0,1.0,0.737697356102164,1.0,1.0,1.0,0.8907072317092349
11984,9bbaed3bac735053,True,1.0,1.0,1.0,1.0,1.0,1.0,1.0
11985,24e453c47f635ae2,True,1.0,1.0,0.7905266660222598,1.0,1.0,0.0,0.9127194441759415
11986,1ec7ff5bb8cf5477,True,1.0,1.0,0.8937304886277357,1.0,1.0,1.0,0.9557210369282232
11987,d5039871a3fb5b04,True,1.0,1.0,0.7729891900032089,1.0,1.0,1.0,0.9054121625013369
11988,a64a3e4f2048576d,True,1.0,1.0,0.8783454884339091,1.0,1.0,1.0,0.9493106201807956
11989,ba82b67601605dd3,True,1.0,1.0,0.922253409271255,1.0,1.0,1.0,0.9676055871963563
11990,4d6afade8dd35690,True,1.0,1.0,1.0,1.0,1.0,1.0,1.0
11991,10d172af1ba359a2,True,1.0,1.0,0.9666686860881532,1.0,1.0,1.0,0.9861119525367306
11992,3bf245d895b25ec0,True,1.0,1.0,1.0,1.0,1.0,1.0,1.0
11993,0f71d72c3b415be6,True,1.0,1.0,0.7572619859293909,1.0,1.0,1.0,0.8988591608039128
11994,7229dee5d2685deb,True,1.0,0.0,0.0,1.0,1.0,1.0,0.0
11995,e9bfb4821bfd5801,True,1.0,1.0,1.0,1.0,1.0,1.0,1.0
11996,52f0b8a2023656cf,True,1.0,1.0,0.9024461446251868,1.0,1.0,1.0,0.9593525602604945
11997,bc3d973c3543556c,True,1.0,1.0,0.8284975466382059,1.0,1.0,1.0,0.9285406444325858
11998,16d3b353ffe650de,True,1.0,1.0,0.8136772375126837,0.0,1.0,1.0,0.5056988489636182
11999,ee835ef3f912599c,True,1.0,1.0,0.9268258823721454,1.0,1.0,1.0,0.9695107843217272
12000,70b8b9ad6d6f54f7,True,1.0,1.0,1.0,1.0,1.0,1.0,1.0
12001,7c8900e0a2ef5024,True,1.0,0.0,0.0,1.0,1.0,0.5,0.0
12002,088cebb101bf5ed6,True,1.0,1.0,1.0,1.0,1.0,1.0,1.0
12003,b9d45c43c2fd5165,True,1.0,1.0,0.8193551080862429,1.0,1.0,1.0,0.9247312950359344
12004,91c7e207e3395557,True,1.0,1.0,0.8237752636721375,1.0,1.0,1.0,0.9265730265300572
12005,be63913f07ee5245,True,1.0,0.0,0.0,1.0,1.0,1.0,0.0
12006,a3af72210c7553c4,True,1.0,1.0,1.0,0.0,1.0,1.0,0.5833333333333334
12007,55237cf0b8c45ec9,True,1.0,1.0,0.8428987750703443,1.0,1.0,1.0,0.9345411562793101
12008,f0d6814d23245178,True,1.0,1.0,1.0,0.0,1.0,1.0,0.5833333333333334
12009,d46f1077421c5c75,True,1.0,1.0,1.0,0.0,1.0,1.0,0.5833333333333334
12010,21b8742127e7523c,True,1.0,1.0,0.7637408576793158,1.0,1.0,1.0,0.9015586906997148
12011,02799c5e8bf35595,True,1.0,1.0,0.80839370745056,1.0,1.0,1.0,0.9201640447710666
12012,dbfc9f81daf956a9,True,1.0,1.0,1.0,1.0,1.0,1.0,1.0
12013,01518f6335d75c16,True,1.0,1.0,0.6122605465009403,1.0,1.0,0.5,0.8384418943753918
12014,2f191795b29f52b2,True,1.0,1.0,1.0,1.0,1.0,1.0,1.0
12015,a2e2a360029f508f,True,1.0,0.0,0.0,1.0,1.0,1.0,0.0
12016,2318ebb3b64554fc,True,0.0,1.0,0.0,0.0,1.0,1.0,0.0
12017,fa937665dc4a5d08,True,1.0,1.0,1.0,1.0,1.0,1.0,1.0
12018,5403d4e6179a5354,True,1.0,1.0,0.7923228166231798,1.0,1.0,1.0,0.9134678402596582
12019,01fea9c4f9f45634,True,1.0,1.0,0.9906125300294655,1.0,1.0,1.0,0.9960885541789439
12020,7a3e0625f3c751ce,True,1.0,1.0,0.820259708019744,1.0,1.0,1.0,0.9251082116748934
12021,68d4846662cd53c3,True,1.0,1.0,0.8499754003800003,1.0,1.0,1.0,0.9374897501583335
12022,47bf6a2499af5368,True,1.0,1.0,1.0,1.0,1.0,1.0,1.0
12023,8118acf21ab154f7,True,0.5,0.0,0.0,0.0,1.0,0.0,0.0
12024,242d17bd2af15992,True,1.0,1.0,0.924124941467986,1.0,1.0,1.0,0.9683853922783275
12025,3968f1bc11085a70,True,1.0,1.0,0.8391842398708298,1.0,1.0,1.0,0.9329934332795125
12026,700cac410af95cc4,True,0.0,1.0,0.0,0.0,1.0,1.0,0.0
12027,9215555823945665,True,1.0,1.0,0.8104135232001234,1.0,1.0,1.0,0.921005634666718
12028,0748764d9de454ea,True,1.0,1.0,1.0,1.0,1.0,1.0,1.0
12029,d474e3bc97d253ee,True,0.0,1.0,0.0,0.0,1.0,1.0,0.0
12030,a3ece675f714527b,True,1.0,0.0,0.0,1.0,1.0,1.0,0.0
12031,5be85314d55654f1,True,0.0,1.0,0.0,0.0,1.0,1.0,0.0
12032,d65373ac727f541f,True,1.0,1.0,1.0,1.0,1.0,1.0,1.0
12033,55a241ed2c5a553b,True,1.0,1.0,1.0,0.0,1.0,1.0,0.5833333333333334
12034,715d1ae75d215269,True,1.0,1.0,0.8618547487362627,1.0,1.0,1.0,0.9424394786401095
12035,387bb49da88353dc,True,1.0,1.0,1.0,1.0,1.0,1.0,1.0
12036,fbe5169b7fc85137,True,1.0,1.0,0.99642015846709,0.0,1.0,1.0,0.5818417326946208
12037,b17da95d765b51c4,True,1.0,1.0,1.0,1.0,1.0,1.0,1.0
12038,a36cdc9ebe595113,True,1.0,1.0,1.0,1.0,1.0,1.0,1.0
12039,551867c095c35991,True,1.0,1.0,1.0,1.0,1.0,1.0,1.0
12040,f6df3f934bdb598d,True,1.0,1.0,0.8522996129590361,1.0,1.0,1.0,0.938458172066265
12041,26a1ceab4d455a77,True,1.0,0.0,0.0,1.0,1.0,1.0,0.0
12042,c20652fc6a78529b,True,1.0,1.0,0.8600618643000505,1.0,1.0,1.0,0.9416924434583543
12043,1a4d88c3ccc6586d,True,1.0,0.0,0.0,1.0,1.0,1.0,0.0
12044,32cc73faa9755edb,True,1.0,1.0,1.0,1.0,1.0,1.0,1.0
12045,6a0cdff04e6b596e,True,1.0,1.0,1.0,1.0,1.0,1.0,1.0
12046,23f10a2b432555b9,True,1.0,1.0,1.0,1.0,1.0,1.0,1.0
12047,835d1fae4f5b5e45,True,1.0,1.0,0.7561912861098552,1.0,1.0,1.0,0.8984130358791064
12048,2a4db0773ca95ce5,True,1.0,1.0,0.8498776283743864,1.0,1.0,1.0,0.937449011822661
12049,4cdd4e33b01a52a8,True,1.0,1.0,0.927777165158274,1.0,1.0,1.0,0.9699071521492808
12050,6fd56fa51891517e,True,0.0,1.0,0.0,0.0,1.0,1.0,0.0
12051,6ed328b05b54553e,True,1.0,1.0,0.6315926656586429,1.0,1.0,1.0,0.8464969440244344
12052,7fae2ae6ad895261,True,1.0,1.0,0.9907247408487199,1.0,1.0,1.0,0.9961353086869665
12053,0b6912dfdcf450c1,True,1.0,0.0,0.0,0.0,1.0,1.0,0.0
12054,6d088615a8c05649,True,0.0,1.0,0.0,0.0,1.0,1.0,0.0
12055,58a74755dc6a506a,True,0.0,1.0,0.0,0.0,1.0,1.0,0.0
12056,c7cd4edb7b455e9f,True,1.0,1.0,0.8128638508022659,1.0,1.0,1.0,0.9220266045009442
12057,88152114a47d5175,True,0.0,1.0,0.0,0.0,1.0,1.0,0.0
12058,47e96fba9c115fe7,True,1.0,1.0,1.0,1.0,1.0,1.0,1.0
12059,c4f1593154f95224,True,1.0,1.0,1.0,1.0,1.0,1.0,1.0
12060,a0c719046be7530e,True,1.0,0.0,0.0,1.0,1.0,1.0,0.0
12061,12ace39c31df5dd8,True,1.0,1.0,0.7993694139776105,1.0,1.0,1.0,0.9164039224906709
12062,6782b9c3686f58f3,True,1.0,1.0,0.7266473096807055,1.0,1.0,1.0,0.886103045700294
12063,ecd769043adc5346,True,1.0,1.0,0.7356454706063571,1.0,1.0,1.0,0.8898522794193156
12064,b7598f311c365e95,True,1.0,1.0,0.8949738021198043,1.0,1.0,1.0,0.9562390842165852
12065,4606b66d9fe75354,True,1.0,1.0,1.0,1.0,1.0,1.0,1.0
12066,8eefb96f7e5f598e,True,1.0,0.0,0.0,0.0,1.0,0.5,0.0
12067,2919cd502115582a,True,1.0,1.0,1.0,1.0,1.0,1.0,1.0
12068,578adc6dc97d510f,True,1.0,1.0,0.944298677767272,0.0,1.0,1.0,0.5601244490696967
12069,65d2b64fb7375094,True,1.0,1.0,0.8486576594426389,0.0,1.0,1.0,0.5202740247677662
12070,85164858b3e55841,True,1.0,1.0,0.872651346294929,1.0,1.0,1.0,0.9469380609562205
12071,aa072830a2d15d9f,True,1.0,1.0,0.9210104665126029,1.0,1.0,1.0,0.9670876943802512
12072,f102658ad87c561f,True,1.0,1.0,0.08972627749405822,1.0,1.0,1.0,0.6207192822891909
12073,3a29d6bc75a557f1,True,1.0,0.0,0.0,1.0,1.0,1.0,0.0
12074,53c908f42e685998,True,1.0,1.0,1.0,1.0,1.0,1.0,1.0
12075,aa34b08bfad85fac,True,1.0,1.0,0.8848414753175605,1.0,1.0,1.0,0.9520172813823168
12076,a60f7352182a5e93,True,1.0,1.0,0.032505181003097315,1.0,1.0,1.0,0.5968771587512905
12077,6e0bfaa448c5587d,True,1.0,1.0,0.30638572983183165,1.0,1.0,1.0,0.7109940540965966
12078,cdfc50d75d0c56df,True,1.0,1.0,1.0,1.0,1.0,1.0,1.0
12079,65bed9b54a335206,True,1.0,1.0,0.7948117233946757,1.0,1.0,1.0,0.9145048847477816
12080,bc1a3b9fa4ca5000,True,1.0,1.0,1.0,1.0,1.0,1.0,1.0
12081,400a99ae89275e4d,True,1.0,1.0,1.0,1.0,1.0,1.0,1.0
12082,9c0cc184e0895e70,True,1.0,1.0,0.7808111650698257,1.0,1.0,1.0,0.9086713187790941
12083,518661c5f7625f5b,True,1.0,1.0,1.0,1.0,1.0,1.0,1.0
12084,d72d183a16e05cf3,True,1.0,1.0,1.0,0.0,1.0,1.0,0.5833333333333334
12085,1b471d7f756a5c7f,True,1.0,1.0,1.0,1.0,1.0,1.0,1.0
12086,1b736bfe747b5987,True,0.0,1.0,0.0,0.0,1.0,1.0,0.0
12087,2591ee089f6e5dba,True,1.0,1.0,0.8295293006940326,1.0,1.0,1.0,0.9289705419558469
12088,4d2d174465585abf,True,1.0,1.0,1.0,1.0,1.0,1.0,1.0
12089,26de9e2da40c5b0c,True,1.0,0.0,0.0,1.0,1.0,1.0,0.0
12090,cebdffcaf8595c9e,True,1.0,1.0,0.8514633053861052,1.0,1.0,1.0,0.9381097105775438
12091,ff1a305b2c1752af,True,1.0,1.0,0.9723637644754202,1.0,1.0,1.0,0.9884849018647585
12092,0179d579d30e588c,True,1.0,1.0,1.0,1.0,1.0,1.0,1.0
12093,b4d64308573f5bdf,True,1.0,1.0,1.0,0.0,1.0,1.0,0.5833333333333334
12094,ea3766d0f2985fc8,True,1.0,1.0,1.0,1.0,1.0,1.0,1.0
12095,e0dbf07da5c55877,True,1.0,1.0,0.900745460251712,1.0,1.0,1.0,0.9586439417715468
12096,79efd3e82ef059b6,True,0.0,1.0,0.0,0.0,1.0,1.0,0.0
12097,1678ddd4a18b5fd8,True,1.0,1.0,1.0,1.0,1.0,0.5,1.0
12098,2eb7c4dc6ec65123,True,1.0,1.0,1.0,1.0,1.0,1.0,1.0
12099,bb22d36aec8e53df,True,1.0,0.0,0.0,1.0,1.0,1.0,0.0
12100,a7f7be23b6185470,True,1.0,1.0,1.0,1.0,1.0,1.0,1.0
12101,24cad1842cf15f29,True,1.0,1.0,0.8171445363135692,1.0,1.0,1.0,0.9238102234639872
12102,b711cfd42ac55706,True,1.0,1.0,0.8111739358141009,1.0,1.0,1.0,0.9213224732558754
12103,64a7186ab49b5cdc,True,1.0,0.0,0.0,1.0,1.0,1.0,0.0
12104,c2790319345a58cf,True,1.0,1.0,1.0,1.0,1.0,1.0,1.0
12105,59e4fc5b37f55556,True,1.0,1.0,1.0,1.0,1.0,1.0,1.0
12106,e46762b07ca45b74,True,1.0,0.0,0.0,1.0,1.0,1.0,0.0
12107,df57cf24b8025365,True,1.0,1.0,1.0,0.0,1.0,1.0,0.5833333333333334
12108,58b6d3046d18508e,True,1.0,1.0,0.71503838643882,1.0,1.0,1.0,0.8812659943495084
12109,67c2aef1f35a523e,True,1.0,1.0,1.0,1.0,1.0,1.0,1.0
12110,52a66f215e855378,True,1.0,1.0,0.9390320986010239,1.0,1.0,1.0,0.9745967077504266
12111,4b22a759c31a52c5,True,1.0,1.0,0.9597586979494497,1.0,1.0,1.0,0.9832327908122708
12112,e53fc4a1bbe0568b,True,1.0,1.0,0.9119932533012681,1.0,1.0,1.0,0.9633305222088616
12113,95fa228136aa55d1,True,1.0,1.0,0.8575882933851501,1.0,1.0,1.0,0.9406617889104792
12114,e8edb3108f41545c,True,1.0,1.0,0.710077143223802,1.0,1.0,1.0,0.8791988096765841
12115,14d9640a8b9d5d7d,True,1.0,0.0,0.0,1.0,1.0,1.0,0.0
12116,05987b88b7be5bea,True,1.0,0.0,0.0,1.0,1.0,0.0,0.0
12117,dc5bfa6f51225853,True,1.0,1.0,0.8460868012306644,1.0,1.0,1.0,0.9358695005127768
12118,4379fb75ac085d26,True,1.0,0.0,0.0,1.0,1.0,1.0,0.0
12119,e1ea05ca230f5c42,True,1.0,1.0,0.9421205415094533,1.0,1.0,1.0,0.9758835589622722
12120,908f696abf7c5a26,True,1.0,0.0,0.0,0.0,1.0,1.0,0.0
12121,6ef9b5c13bb952cd,True,1.0,0.0,0.0,1.0,1.0,1.0,0.0
12122,607b63930d2855da,True,1.0,0.0,0.0,1.0,1.0,0.5,0.0
12123,1db7c81f96855ce9,True,1.0,1.0,1.0,1.0,1.0,1.0,1.0
12124,0bb13e6e40385c18,True,1.0,1.0,0.6178263349475128,1.0,1.0,1.0,0.840760972894797
12125,9bd3994107ba52bc,True,1.0,1.0,0.8579909164164277,1.0,1.0,1.0,0.9408295485068449
12126,1c064ec24fa15900,True,1.0,1.0,0.8620560272790146,1.0,1.0,1.0,0.9425233446995894
12127,c37a081992495a0e,True,1.0,1.0,1.0,1.0,1.0,1.0,1.0
12128,ab66df989bcc56aa,True,1.0,1.0,0.9347641515280097,1.0,1.0,1.0,0.972818396470004
12129,3c26d6bf58555468,True,1.0,1.0,1.0,1.0,1.0,1.0,1.0
12130,7a7e8074ee5c5389,True,0.0,1.0,0.0,0.0,1.0,1.0,0.0
12131,7fef3d49daa652cb,True,1.0,1.0,0.9203782838956898,1.0,1.0,1.0,0.9668242849565374
12132,aaa11cdbc8d35178,True,1.0,0.0,0.0,1.0,1.0,1.0,0.0
12133,bcf2a79dad3f56f2,True,1.0,1.0,1.0,1.0,1.0,1.0,1.0
12134,77919997d5c352d8,True,1.0,1.0,1.0,0.0,1.0,1.0,0.5833333333333334
12135,611576c7588c543b,True,0.0,0.0,0.0,0.0,1.0,1.0,0.0
12136,367ead111dcb5764,True,1.0,1.0,0.8001521528821288,1.0,1.0,1.0,0.9167300637008869
12137,f6ee3ce42dfc56e3,True,1.0,1.0,1.0,1.0,1.0,1.0,1.0
12138,ceb9332b03d3577b,True,1.0,1.0,0.77807668701989,1.0,1.0,0.5,0.9075319529249541
12139,75e0217f16f459c4,True,1.0,1.0,0.7982808468021156,1.0,1.0,1.0,0.9159503528342148
12140,d0ae9b081c1857cf,True,1.0,1.0,0.8917833844617281,1.0,1.0,1.0,0.95490974352572
12141,f1cc8f05115d5db6,True,1.0,1.0,0.7987954634784543,0.0,1.0,1.0,0.4994981097826893
12142,463c7c8c669d57cf,True,1.0,1.0,0.8885368460129253,1.0,1.0,1.0,0.9535570191720523
12143,64b99da814205341,True,1.0,0.0,0.0,1.0,1.0,1.0,0.0
12144,b42d7dc2a3975573,True,1.0,1.0,1.0,1.0,1.0,1.0,1.0
12145,56a5e83ad14c558a,True,1.0,1.0,0.8123200389856727,1.0,1.0,1.0,0.9218000162440303
12146,average,True,0.9128108019100939,0.8797958175531039,0.6953617799335602,0.8084142927712827,0.9999176683681871,0.9485838959328173,0.7188488716864713
