{
  "comma_sample": {
    "path": "/workspace/data/comma2k19-val-61c46fca8f7f/ep_00000.pt",
    "n_frames": 300,
    "n_labeled": 276,
    "pseudo_speed_head": [
      30.649429321289062,
      30.66893196105957,
      30.513383865356445,
      30.582929611206055,
      30.469749450683594,
      30.05324363708496,
      30.228342056274414,
      30.28622817993164
    ],
    "gt_speed_head": [
      27.62342071533203,
      27.65906524658203,
      27.68267822265625,
      27.68364906311035,
      27.69123649597168,
      27.71475601196289,
      27.75039291381836,
      27.775943756103516
    ],
    "pseudo_traj0": [
      [
        15.70719051361084,
        0.07829569280147552
      ],
      [
        30.82789421081543,
        0.07547224313020706
      ],
      [
        45.008384704589844,
        0.164181187748909
      ],
      [
        56.35030746459961,
        0.4452657401561737
      ]
    ]
  }
}