{
  "config": {
    "arms": "wplus,med,xl",
    "steps": 5000,
    "bs": 24,
    "lr": 0.0004,
    "warmup": 300,
    "log": 1500,
    "out": "/root/frozenwm/bigplanner_v2.json"
  },
  "refs": {
    "W": 0.5989,
    "oracle": 0.4045,
    "cv": 0.8463,
    "holdv0": 0.7883,
    "search_warm": 0.1322
  },
  "arms": {
    "wplus": {
      "ade2s": 0.5878,
      "ci": [
        0.37736576795578003,
        0.8225951194763184
      ],
      "fde2s": 1.2605,
      "miss2m": 0.1962,
      "params": 3987368,
      "train_loss": 0.3652,
      "cfg": {
        "d": 384,
        "enc": 2,
        "dec": 0,
        "heads": 6,
        "ff": 1024,
        "head": "mlp"
      }
    },
    "med": {
      "ade2s": 0.8204,
      "ci": [
        0.47913312911987305,
        1.249864935874939
      ],
      "fde2s": 1.7364,
      "miss2m": 0.2981,
      "params": 18934274,
      "train_loss": 0.5267,
      "cfg": {
        "d": 512,
        "enc": 4,
        "dec": 2,
        "heads": 8,
        "ff": 1536,
        "head": "query"
      }
    }
  },
  "paired": {
    "wplus": {
      "minus_W": [
        -0.0112,
        -0.0386,
        0.0142,
        0.211
      ],
      "minus_oracle": [
        0.1832,
        -0.0475,
        0.4165,
        0.938
      ],
      "minus_cv": [
        -0.2585,
        -0.5367,
        -0.0306,
        0.007
      ],
      "minus_search_warm": [
        0.4556,
        0.275,
        0.665,
        1.0
      ]
    },
    "med": {
      "minus_W": [
        0.2215,
        0.0748,
        0.4282,
        1.0
      ],
      "minus_oracle": [
        0.4159,
        0.072,
        0.8316,
        0.997
      ],
      "minus_cv": [
        -0.0259,
        -0.1071,
        0.0661,
        0.277
      ],
      "minus_search_warm": [
        0.6883,
        0.3751,
        1.0926,
        1.0
      ]
    }
  }
}