{
  "config": {
    "n_collect": 350,
    "P": 128,
    "I": 4,
    "v_steps": 3000,
    "chunk": 8192,
    "out": "/root/frozenwm/valuemodel_results.json"
  },
  "refs": {
    "W": 0.5989,
    "oracle": 0.4045,
    "cv": 0.8463,
    "gt_search_warm": 0.1322,
    "gt_search_cold": 0.2471
  },
  "V_search": {
    "ade2s": 1.0162,
    "ci": [
      0.8092200756072998,
      1.2727549076080322
    ],
    "fde2s": null,
    "cold_gt_search": 0.248,
    "v_costpred_L1": 0.1147,
    "within_win_rank_corr": 0.613
  },
  "paired": {
    "Vsearch_minus_W": [
      0.4173,
      0.2365,
      0.6051,
      1.0
    ],
    "Vsearch_minus_oracle": [
      0.6116,
      0.4324,
      0.8497,
      1.0
    ],
    "Vsearch_minus_coldGT": [
      0.7682,
      0.5865,
      0.9882,
      1.0
    ],
    "Vsearch_minus_cv": [
      0.1699,
      -0.1618,
      0.5241,
      0.84
    ]
  }
}