{
  "ckpt_step": 6500,
  "device": "cuda",
  "n_windows": 150,
  "K": 8,
  "stride_frames": 6,
  "grid_hw": 16,
  "d_model": 768,
  "mask_prob": 0.5,
  "note": "1-step-trained field, blind rollout, real comma2k19 val",
  "rows": [
    {
      "horizon": 1,
      "cos_rollout": 0.3569309115409851,
      "cos_freeze1": 0.3569309115409851,
      "cos_advect_only": 0.2758399248123169,
      "cos_persistence": 0.23526525497436523,
      "cos_chance": 0.029765114188194275,
      "relL2_rollout": 5.052436351776123,
      "relL2_persistence": 102.46505737304688,
      "relL2_freeze1": 5.052436351776123,
      "skill_rollout_over_persistence": 0.049308871544194846,
      "sigma_hidden_logvar": -7.788487911224365,
      "sigma_visible_logvar": -7.989736557006836,
      "calib_gap": 0.2012486457824707,
      "attractor_inter_sample_cos": 0.20551690459251404,
      "calib_err_var_corr": 0.608475923538208,
      "belief_centered_energy": 0.10085651278495789,
      "true_centered_energy": 0.39373719692230225
    },
    {
      "horizon": 2,
      "cos_rollout": 0.2190648466348648,
      "cos_freeze1": 0.34650203585624695,
      "cos_advect_only": 0.2968018352985382,
      "cos_persistence": 0.23768197000026703,
      "cos_chance": 0.005788636859506369,
      "relL2_rollout": 7.044172763824463,
      "relL2_persistence": 106.58454895019531,
      "relL2_freeze1": 6.665459156036377,
      "skill_rollout_over_persistence": 0.0660899992841932,
      "sigma_hidden_logvar": -7.940319061279297,
      "sigma_visible_logvar": -8.068967819213867,
      "calib_gap": 0.1286487579345703,
      "attractor_inter_sample_cos": 0.3572755455970764,
      "calib_err_var_corr": 0.5818614363670349,
      "belief_centered_energy": 0.03308413177728653,
      "true_centered_energy": 0.3926754891872406
    },
    {
      "horizon": 3,
      "cos_rollout": 0.10899730026721954,
      "cos_freeze1": 0.3517816960811615,
      "cos_advect_only": 0.3129955530166626,
      "cos_persistence": 0.23872435092926025,
      "cos_chance": 0.016256211325526237,
      "relL2_rollout": 8.379773139953613,
      "relL2_persistence": 92.550537109375,
      "relL2_freeze1": 7.563465118408203,
      "skill_rollout_over_persistence": 0.09054267432344026,
      "sigma_hidden_logvar": -8.10070514678955,
      "sigma_visible_logvar": -8.188672065734863,
      "calib_gap": 0.0879669189453125,
      "attractor_inter_sample_cos": 0.43202823400497437,
      "calib_err_var_corr": 0.5710808038711548,
      "belief_centered_energy": 0.011113804765045643,
      "true_centered_energy": 0.3899959325790405
    },
    {
      "horizon": 4,
      "cos_rollout": 0.01074883434921503,
      "cos_freeze1": 0.33848291635513306,
      "cos_advect_only": 0.30877920985221863,
      "cos_persistence": 0.2299603372812271,
      "cos_chance": 0.014416343532502651,
      "relL2_rollout": 9.617284774780273,
      "relL2_persistence": 119.55289459228516,
      "relL2_freeze1": 10.316292762756348,
      "skill_rollout_over_persistence": 0.08044376347037342,
      "sigma_hidden_logvar": -8.237541198730469,
      "sigma_visible_logvar": -8.321274757385254,
      "calib_gap": 0.08373355865478516,
      "attractor_inter_sample_cos": 0.515716016292572,
      "calib_err_var_corr": 0.5836674571037292,
      "belief_centered_energy": 0.007581482175737619,
      "true_centered_energy": 0.3975997269153595
    },
    {
      "horizon": 5,
      "cos_rollout": -0.029287831857800484,
      "cos_freeze1": 0.33875221014022827,
      "cos_advect_only": 0.31409963965415955,
      "cos_persistence": 0.23045755922794342,
      "cos_chance": 0.0074090673588216305,
      "relL2_rollout": 9.928715705871582,
      "relL2_persistence": 106.69610595703125,
      "relL2_freeze1": 8.961847305297852,
      "skill_rollout_over_persistence": 0.0930560268982083,
      "sigma_hidden_logvar": -8.351161003112793,
      "sigma_visible_logvar": -8.438806533813477,
      "calib_gap": 0.0876455307006836,
      "attractor_inter_sample_cos": 0.5508700609207153,
      "calib_err_var_corr": 0.5704467296600342,
      "belief_centered_energy": 0.008169958367943764,
      "true_centered_energy": 0.4032278060913086
    },
    {
      "horizon": 6,
      "cos_rollout": -0.03470008820295334,
      "cos_freeze1": 0.33101797103881836,
      "cos_advect_only": 0.3175828158855438,
      "cos_persistence": 0.22919787466526031,
      "cos_chance": 0.015639299526810646,
      "relL2_rollout": 11.200644493103027,
      "relL2_persistence": 107.06334686279297,
      "relL2_freeze1": 10.438197135925293,
      "skill_rollout_over_persistence": 0.10461698444246482,
      "sigma_hidden_logvar": -8.440225601196289,
      "sigma_visible_logvar": -8.533258438110352,
      "calib_gap": 0.0930328369140625,
      "attractor_inter_sample_cos": 0.5574766993522644,
      "calib_err_var_corr": 0.5257018208503723,
      "belief_centered_energy": 0.00910703744739294,
      "true_centered_energy": 0.3959130346775055
    },
    {
      "horizon": 7,
      "cos_rollout": -0.05013624578714371,
      "cos_freeze1": 0.32963696122169495,
      "cos_advect_only": 0.30828797817230225,
      "cos_persistence": 0.22629453241825104,
      "cos_chance": 0.003075212240219116,
      "relL2_rollout": 11.437910079956055,
      "relL2_persistence": 100.17942810058594,
      "relL2_freeze1": 10.28759765625,
      "skill_rollout_over_persistence": 0.1141742401291384,
      "sigma_hidden_logvar": -8.506073951721191,
      "sigma_visible_logvar": -8.605838775634766,
      "calib_gap": 0.09976482391357422,
      "attractor_inter_sample_cos": 0.5621722936630249,
      "calib_err_var_corr": 0.4769818186759949,
      "belief_centered_energy": 0.00978202372789383,
      "true_centered_energy": 0.3863981068134308
    },
    {
      "horizon": 8,
      "cos_rollout": -0.04683384299278259,
      "cos_freeze1": 0.32507163286209106,
      "cos_advect_only": 0.301274836063385,
      "cos_persistence": 0.22553342580795288,
      "cos_chance": 0.009705024771392345,
      "relL2_rollout": 12.776884078979492,
      "relL2_persistence": 99.14033508300781,
      "relL2_freeze1": 9.504509925842285,
      "skill_rollout_over_persistence": 0.12887674898699622,
      "sigma_hidden_logvar": -8.552119255065918,
      "sigma_visible_logvar": -8.659400939941406,
      "calib_gap": 0.10728168487548828,
      "attractor_inter_sample_cos": 0.5703031420707703,
      "calib_err_var_corr": 0.4053080677986145,
      "belief_centered_energy": 0.01011213194578886,
      "true_centered_energy": 0.3946726620197296
    }
  ],
  "wallclock_s": 148.9
}