{
  "ckpt_step": 19000,
  "device": "cuda",
  "n_windows": 320,
  "K": 8,
  "stride_frames": 6,
  "grid_hw": 16,
  "d_model": 768,
  "mask_prob": 0.5,
  "model": "flagship-speed (WorldModel flagship4b, action_dim=3)",
  "val": "physicalai-val-0c5f7dac3b11 (pod canonical held-out)",
  "note": "OPERATIVE post-reset flagship, 1-step-trained field, blind rollout",
  "rows": [
    {
      "horizon": 1,
      "cos_rollout": 0.22803039848804474,
      "cos_freeze1": 0.22803039848804474,
      "cos_advect_only": 0.036369141191244125,
      "cos_persistence": 0.03263729438185692,
      "cos_chance": 0.009726927615702152,
      "relL2_rollout": 6.861026763916016,
      "relL2_persistence": 565.8878173828125,
      "relL2_freeze1": 6.861026763916016,
      "skill_rollout_over_persistence": 0.012124358491489948,
      "sigma_hidden_logvar": -9.425028800964355,
      "sigma_visible_logvar": -9.808306694030762,
      "calib_gap": 0.38327789306640625,
      "attractor_inter_sample_cos": 0.21106453239917755,
      "calib_err_var_corr": 0.36699339747428894,
      "belief_centered_energy": 0.004193746950477362,
      "true_centered_energy": 0.03926236554980278
    },
    {
      "horizon": 2,
      "cos_rollout": 0.11643081903457642,
      "cos_freeze1": 0.22662286460399628,
      "cos_advect_only": 0.03643243387341499,
      "cos_persistence": 0.033796608448028564,
      "cos_chance": 0.012563074007630348,
      "relL2_rollout": 25.68153190612793,
      "relL2_persistence": 581.6476440429688,
      "relL2_freeze1": 9.825774192810059,
      "skill_rollout_over_persistence": 0.044153074750923824,
      "sigma_hidden_logvar": -9.299356460571289,
      "sigma_visible_logvar": -9.666938781738281,
      "calib_gap": 0.3675823211669922,
      "attractor_inter_sample_cos": 0.44308653473854065,
      "calib_err_var_corr": 0.4618130326271057,
      "belief_centered_energy": 0.0015527508221566677,
      "true_centered_energy": 0.03946981951594353
    },
    {
      "horizon": 3,
      "cos_rollout": 0.019076241180300713,
      "cos_freeze1": 0.22583185136318207,
      "cos_advect_only": 0.036153774708509445,
      "cos_persistence": 0.03377396613359451,
      "cos_chance": 0.0002553510421421379,
      "relL2_rollout": 33.801509857177734,
      "relL2_persistence": 549.5073852539062,
      "relL2_freeze1": 11.44510269165039,
      "skill_rollout_over_persistence": 0.06151238502747212,
      "sigma_hidden_logvar": -9.391687393188477,
      "sigma_visible_logvar": -9.81196117401123,
      "calib_gap": 0.4202737808227539,
      "attractor_inter_sample_cos": 0.7268756628036499,
      "calib_err_var_corr": 0.4057452082633972,
      "belief_centered_energy": 0.0005219093291088939,
      "true_centered_energy": 0.0391659177839756
    },
    {
      "horizon": 4,
      "cos_rollout": -0.0318835973739624,
      "cos_freeze1": 0.22714054584503174,
      "cos_advect_only": 0.03213908523321152,
      "cos_persistence": 0.033450931310653687,
      "cos_chance": -0.010126306675374508,
      "relL2_rollout": 40.06221389770508,
      "relL2_persistence": 557.6388549804688,
      "relL2_freeze1": 14.548123359680176,
      "skill_rollout_over_persistence": 0.07184257972681665,
      "sigma_hidden_logvar": -9.431239128112793,
      "sigma_visible_logvar": -9.840982437133789,
      "calib_gap": 0.4097433090209961,
      "attractor_inter_sample_cos": 0.7704100012779236,
      "calib_err_var_corr": 0.3982216417789459,
      "belief_centered_energy": 0.0005369053105823696,
      "true_centered_energy": 0.03899504616856575
    },
    {
      "horizon": 5,
      "cos_rollout": -0.030036721378564835,
      "cos_freeze1": 0.2303149253129959,
      "cos_advect_only": 0.03350088372826576,
      "cos_persistence": 0.036331355571746826,
      "cos_chance": -0.007693451829254627,
      "relL2_rollout": 42.441558837890625,
      "relL2_persistence": 538.21435546875,
      "relL2_freeze1": 16.011323928833008,
      "skill_rollout_over_persistence": 0.07885623712308223,
      "sigma_hidden_logvar": -9.464958190917969,
      "sigma_visible_logvar": -9.860217094421387,
      "calib_gap": 0.39525890350341797,
      "attractor_inter_sample_cos": 0.7677806615829468,
      "calib_err_var_corr": 0.4259355068206787,
      "belief_centered_energy": 0.0004993447219021618,
      "true_centered_energy": 0.0396120660007
    },
    {
      "horizon": 6,
      "cos_rollout": -0.02861778251826763,
      "cos_freeze1": 0.22777055203914642,
      "cos_advect_only": 0.028631655499339104,
      "cos_persistence": 0.032757047563791275,
      "cos_chance": -0.008852201513946056,
      "relL2_rollout": 45.6158332824707,
      "relL2_persistence": 547.70068359375,
      "relL2_freeze1": 17.599109649658203,
      "skill_rollout_over_persistence": 0.08328606234916747,
      "sigma_hidden_logvar": -9.498492240905762,
      "sigma_visible_logvar": -9.884076118469238,
      "calib_gap": 0.38558387756347656,
      "attractor_inter_sample_cos": 0.7741787433624268,
      "calib_err_var_corr": 0.3978290557861328,
      "belief_centered_energy": 0.0004439016920514405,
      "true_centered_energy": 0.03906048461794853
    },
    {
      "horizon": 7,
      "cos_rollout": -0.015849130228161812,
      "cos_freeze1": 0.22589202225208282,
      "cos_advect_only": 0.028278207406401634,
      "cos_persistence": 0.033961500972509384,
      "cos_chance": 0.014391395263373852,
      "relL2_rollout": 45.715911865234375,
      "relL2_persistence": 533.8012084960938,
      "relL2_freeze1": 17.082538604736328,
      "skill_rollout_over_persistence": 0.08564220375977083,
      "sigma_hidden_logvar": -9.530804634094238,
      "sigma_visible_logvar": -9.910006523132324,
      "calib_gap": 0.37920188903808594,
      "attractor_inter_sample_cos": 0.787918210029602,
      "calib_err_var_corr": 0.36198341846466064,
      "belief_centered_energy": 0.0003969177196267992,
      "true_centered_energy": 0.03906719759106636
    },
    {
      "horizon": 8,
      "cos_rollout": -0.004250775557011366,
      "cos_freeze1": 0.22246888279914856,
      "cos_advect_only": 0.02707792818546295,
      "cos_persistence": 0.03300444409251213,
      "cos_chance": 0.016863739117980003,
      "relL2_rollout": 45.80936813354492,
      "relL2_persistence": 525.7474365234375,
      "relL2_freeze1": 18.077436447143555,
      "skill_rollout_over_persistence": 0.08713189062121612,
      "sigma_hidden_logvar": -9.559935569763184,
      "sigma_visible_logvar": -9.934793472290039,
      "calib_gap": 0.37485790252685547,
      "attractor_inter_sample_cos": 0.8050906658172607,
      "calib_err_var_corr": 0.3633216619491577,
      "belief_centered_energy": 0.0003638185444287956,
      "true_centered_energy": 0.03913308307528496
    }
  ],
  "wallclock_s": 34.2
}