{
  "ckpt_step": 19000,
  "device": "cuda",
  "n_windows": 320,
  "K": 8,
  "stride_frames": 6,
  "grid_hw": 16,
  "d_model": 768,
  "mask_prob": 0.5,
  "model": "flagship-speed (WorldModel flagship4b, action_dim=3)",
  "val": "physicalai-val-0c5f7dac3b11 (pod canonical held-out)",
  "note": "OPERATIVE post-reset flagship, 1-step-trained field, blind rollout",
  "rows": [
    {
      "horizon": 1,
      "cos_rollout": 0.23151817917823792,
      "cos_freeze1": 0.23151817917823792,
      "cos_advect_only": 0.038220684975385666,
      "cos_persistence": 0.03333171084523201,
      "cos_chance": 0.01577066443860531,
      "relL2_rollout": 6.753300666809082,
      "relL2_persistence": 546.2242431640625,
      "relL2_freeze1": 6.753300666809082,
      "skill_rollout_over_persistence": 0.01236360478562772,
      "sigma_hidden_logvar": -9.46146297454834,
      "sigma_visible_logvar": -9.835933685302734,
      "calib_gap": 0.37447071075439453,
      "attractor_inter_sample_cos": 0.21855956315994263,
      "calib_err_var_corr": 0.28655096888542175,
      "belief_centered_energy": 0.004382405895739794,
      "true_centered_energy": 0.039841778576374054
    },
    {
      "horizon": 2,
      "cos_rollout": 0.116222083568573,
      "cos_freeze1": 0.22701676189899445,
      "cos_advect_only": 0.04062871262431145,
      "cos_persistence": 0.034876931458711624,
      "cos_chance": 0.02762266807258129,
      "relL2_rollout": 26.14515495300293,
      "relL2_persistence": 559.86328125,
      "relL2_freeze1": 10.378657341003418,
      "skill_rollout_over_persistence": 0.04669917786826269,
      "sigma_hidden_logvar": -9.312037467956543,
      "sigma_visible_logvar": -9.676487922668457,
      "calib_gap": 0.36445045471191406,
      "attractor_inter_sample_cos": 0.45223358273506165,
      "calib_err_var_corr": 0.4513070583343506,
      "belief_centered_energy": 0.0016527787083759904,
      "true_centered_energy": 0.03984372690320015
    },
    {
      "horizon": 3,
      "cos_rollout": 0.015852555632591248,
      "cos_freeze1": 0.22406922280788422,
      "cos_advect_only": 0.03670097142457962,
      "cos_persistence": 0.03246985375881195,
      "cos_chance": 0.003862126963213086,
      "relL2_rollout": 36.26543045043945,
      "relL2_persistence": 550.5654296875,
      "relL2_freeze1": 13.086380004882812,
      "skill_rollout_over_persistence": 0.06586942894511856,
      "sigma_hidden_logvar": -9.399070739746094,
      "sigma_visible_logvar": -9.818840980529785,
      "calib_gap": 0.4197702407836914,
      "attractor_inter_sample_cos": 0.7156620621681213,
      "calib_err_var_corr": 0.4193270802497864,
      "belief_centered_energy": 0.0005271422560326755,
      "true_centered_energy": 0.03983909636735916
    },
    {
      "horizon": 4,
      "cos_rollout": -0.03522103279829025,
      "cos_freeze1": 0.22400851547718048,
      "cos_advect_only": 0.035518623888492584,
      "cos_persistence": 0.03302644193172455,
      "cos_chance": -0.0014446333516389132,
      "relL2_rollout": 40.78438949584961,
      "relL2_persistence": 553.837890625,
      "relL2_freeze1": 16.402204513549805,
      "skill_rollout_over_persistence": 0.07363957971496835,
      "sigma_hidden_logvar": -9.437006950378418,
      "sigma_visible_logvar": -9.845778465270996,
      "calib_gap": 0.4087715148925781,
      "attractor_inter_sample_cos": 0.7561985850334167,
      "calib_err_var_corr": 0.4258323013782501,
      "belief_centered_energy": 0.0005327610415406525,
      "true_centered_energy": 0.03994753211736679
    },
    {
      "horizon": 5,
      "cos_rollout": -0.03366719186306,
      "cos_freeze1": 0.22007222473621368,
      "cos_advect_only": 0.03702182695269585,
      "cos_persistence": 0.036233048886060715,
      "cos_chance": -0.008004854433238506,
      "relL2_rollout": 44.98659896850586,
      "relL2_persistence": 555.9752807617188,
      "relL2_freeze1": 18.669591903686523,
      "skill_rollout_over_persistence": 0.08091474661764023,
      "sigma_hidden_logvar": -9.4699068069458,
      "sigma_visible_logvar": -9.863603591918945,
      "calib_gap": 0.39369678497314453,
      "attractor_inter_sample_cos": 0.7567501068115234,
      "calib_err_var_corr": 0.392495334148407,
      "belief_centered_energy": 0.0004957239143550396,
      "true_centered_energy": 0.039892829954624176
    },
    {
      "horizon": 6,
      "cos_rollout": -0.02686731331050396,
      "cos_freeze1": 0.22206678986549377,
      "cos_advect_only": 0.036660827696323395,
      "cos_persistence": 0.0360272191464901,
      "cos_chance": -0.000961156387347728,
      "relL2_rollout": 47.311275482177734,
      "relL2_persistence": 547.5514526367188,
      "relL2_freeze1": 20.412704467773438,
      "skill_rollout_over_persistence": 0.0864051684172357,
      "sigma_hidden_logvar": -9.502885818481445,
      "sigma_visible_logvar": -9.886758804321289,
      "calib_gap": 0.38387298583984375,
      "attractor_inter_sample_cos": 0.7682991027832031,
      "calib_err_var_corr": 0.36595314741134644,
      "belief_centered_energy": 0.0004409421235322952,
      "true_centered_energy": 0.03946737200021744
    },
    {
      "horizon": 7,
      "cos_rollout": -0.014107922092080116,
      "cos_freeze1": 0.21577277779579163,
      "cos_advect_only": 0.035238493233919144,
      "cos_persistence": 0.03745266795158386,
      "cos_chance": -0.004151865839958191,
      "relL2_rollout": 46.7491340637207,
      "relL2_persistence": 526.9765625,
      "relL2_freeze1": 20.597455978393555,
      "skill_rollout_over_persistence": 0.08871197960292722,
      "sigma_hidden_logvar": -9.535066604614258,
      "sigma_visible_logvar": -9.912691116333008,
      "calib_gap": 0.37762451171875,
      "attractor_inter_sample_cos": 0.7853121757507324,
      "calib_err_var_corr": 0.3540671765804291,
      "belief_centered_energy": 0.0003956682630814612,
      "true_centered_energy": 0.03918734937906265
    },
    {
      "horizon": 8,
      "cos_rollout": -0.006366569548845291,
      "cos_freeze1": 0.2128395289182663,
      "cos_advect_only": 0.03279272839426994,
      "cos_persistence": 0.03537917137145996,
      "cos_chance": -0.0033455134835094213,
      "relL2_rollout": 50.183349609375,
      "relL2_persistence": 540.9766845703125,
      "relL2_freeze1": 21.134647369384766,
      "skill_rollout_over_persistence": 0.0927643483364439,
      "sigma_hidden_logvar": -9.564265251159668,
      "sigma_visible_logvar": -9.937621116638184,
      "calib_gap": 0.3733558654785156,
      "attractor_inter_sample_cos": 0.8051102161407471,
      "calib_err_var_corr": 0.3674089312553406,
      "belief_centered_energy": 0.0003640914801508188,
      "true_centered_energy": 0.03855331987142563
    }
  ],
  "wallclock_s": 36.4
}