{
  "ckpt_step": 6500,
  "device": "cuda",
  "n_windows": 96,
  "K": 8,
  "stride_frames": 6,
  "grid_hw": 16,
  "d_model": 768,
  "mask_prob": 0.5,
  "note": "1-step-trained field, blind rollout, real comma2k19 val",
  "rows": [
    {
      "horizon": 1,
      "cos_rollout": 0.2590346932411194,
      "cos_freeze1": 0.2590346932411194,
      "cos_advect_only": 0.19698062539100647,
      "cos_persistence": 0.16725441813468933,
      "cos_chance": 0.00714055635035038,
      "relL2_rollout": 5.868457317352295,
      "relL2_persistence": 123.288330078125,
      "relL2_freeze1": 5.868457317352295,
      "skill_rollout_over_persistence": 0.0475994549819402,
      "sigma_hidden_logvar": -7.812867641448975,
      "sigma_visible_logvar": -8.010923385620117,
      "calib_gap": 0.19805574417114258,
      "attractor_inter_sample_cos": 0.22884392738342285,
      "calib_err_var_corr": 0.6186239719390869,
      "belief_centered_energy": 0.08488883823156357,
      "true_centered_energy": 0.3201734721660614
    },
    {
      "horizon": 2,
      "cos_rollout": 0.13801732659339905,
      "cos_freeze1": 0.25078871846199036,
      "cos_advect_only": 0.21750697493553162,
      "cos_persistence": 0.1728452891111374,
      "cos_chance": 0.018314020708203316,
      "relL2_rollout": 8.723777770996094,
      "relL2_persistence": 136.60601806640625,
      "relL2_freeze1": 7.918994426727295,
      "skill_rollout_over_persistence": 0.06386085982504323,
      "sigma_hidden_logvar": -7.990619659423828,
      "sigma_visible_logvar": -8.117883682250977,
      "calib_gap": 0.12726402282714844,
      "attractor_inter_sample_cos": 0.3772723972797394,
      "calib_err_var_corr": 0.5591888427734375,
      "belief_centered_energy": 0.024634316563606262,
      "true_centered_energy": 0.3225938677787781
    },
    {
      "horizon": 3,
      "cos_rollout": 0.04158943146467209,
      "cos_freeze1": 0.25713029503822327,
      "cos_advect_only": 0.23126757144927979,
      "cos_persistence": 0.1769857406616211,
      "cos_chance": 0.016746362671256065,
      "relL2_rollout": 9.96409797668457,
      "relL2_persistence": 132.7885284423828,
      "relL2_freeze1": 7.201470375061035,
      "skill_rollout_over_persistence": 0.07503734014951458,
      "sigma_hidden_logvar": -8.165746688842773,
      "sigma_visible_logvar": -8.254194259643555,
      "calib_gap": 0.08844757080078125,
      "attractor_inter_sample_cos": 0.4306076467037201,
      "calib_err_var_corr": 0.500177800655365,
      "belief_centered_energy": 0.008361207321286201,
      "true_centered_energy": 0.33377838134765625
    },
    {
      "horizon": 4,
      "cos_rollout": -0.027219772338867188,
      "cos_freeze1": 0.2538021206855774,
      "cos_advect_only": 0.23827660083770752,
      "cos_persistence": 0.17655017971992493,
      "cos_chance": 0.00437613669782877,
      "relL2_rollout": 11.92514419555664,
      "relL2_persistence": 119.46762084960938,
      "relL2_freeze1": 7.235759735107422,
      "skill_rollout_over_persistence": 0.0998190481299405,
      "sigma_hidden_logvar": -8.312768936157227,
      "sigma_visible_logvar": -8.396611213684082,
      "calib_gap": 0.08384227752685547,
      "attractor_inter_sample_cos": 0.47984373569488525,
      "calib_err_var_corr": 0.451730877161026,
      "belief_centered_energy": 0.006422856356948614,
      "true_centered_energy": 0.33060383796691895
    },
    {
      "horizon": 5,
      "cos_rollout": -0.04278101772069931,
      "cos_freeze1": 0.24353694915771484,
      "cos_advect_only": 0.2242370843887329,
      "cos_persistence": 0.16641373932361603,
      "cos_chance": -0.010527673177421093,
      "relL2_rollout": 13.019865036010742,
      "relL2_persistence": 118.74642181396484,
      "relL2_freeze1": 7.767991065979004,
      "skill_rollout_over_persistence": 0.10964427253571002,
      "sigma_hidden_logvar": -8.43417739868164,
      "sigma_visible_logvar": -8.520933151245117,
      "calib_gap": 0.08675575256347656,
      "attractor_inter_sample_cos": 0.5043216347694397,
      "calib_err_var_corr": 0.5131711959838867,
      "belief_centered_energy": 0.007143266499042511,
      "true_centered_energy": 0.33217334747314453
    },
    {
      "horizon": 6,
      "cos_rollout": -0.044928546994924545,
      "cos_freeze1": 0.2344239205121994,
      "cos_advect_only": 0.2171352356672287,
      "cos_persistence": 0.1616060733795166,
      "cos_chance": 0.010385161265730858,
      "relL2_rollout": 12.659652709960938,
      "relL2_persistence": 101.89973449707031,
      "relL2_freeze1": 7.028992652893066,
      "skill_rollout_over_persistence": 0.12423636599686048,
      "sigma_hidden_logvar": -8.525938987731934,
      "sigma_visible_logvar": -8.617366790771484,
      "calib_gap": 0.09142780303955078,
      "attractor_inter_sample_cos": 0.5187177062034607,
      "calib_err_var_corr": 0.5331952571868896,
      "belief_centered_energy": 0.00802187155932188,
      "true_centered_energy": 0.3348945081233978
    },
    {
      "horizon": 7,
      "cos_rollout": -0.045679640024900436,
      "cos_freeze1": 0.23651060461997986,
      "cos_advect_only": 0.22466477751731873,
      "cos_persistence": 0.17148548364639282,
      "cos_chance": -0.0008407055283896625,
      "relL2_rollout": 13.2672119140625,
      "relL2_persistence": 100.7410888671875,
      "relL2_freeze1": 7.2693281173706055,
      "skill_rollout_over_persistence": 0.13169613375485142,
      "sigma_hidden_logvar": -8.58952522277832,
      "sigma_visible_logvar": -8.687139511108398,
      "calib_gap": 0.09761428833007812,
      "attractor_inter_sample_cos": 0.5348384380340576,
      "calib_err_var_corr": 0.49596360325813293,
      "belief_centered_energy": 0.008631049655377865,
      "true_centered_energy": 0.33296918869018555
    },
    {
      "horizon": 8,
      "cos_rollout": -0.03469385206699371,
      "cos_freeze1": 0.2231813669204712,
      "cos_advect_only": 0.21565791964530945,
      "cos_persistence": 0.15909141302108765,
      "cos_chance": 0.004271241370588541,
      "relL2_rollout": 13.243049621582031,
      "relL2_persistence": 90.43315887451172,
      "relL2_freeze1": 7.586184501647949,
      "skill_rollout_over_persistence": 0.146440197228525,
      "sigma_hidden_logvar": -8.630576133728027,
      "sigma_visible_logvar": -8.73547649383545,
      "calib_gap": 0.10490036010742188,
      "attractor_inter_sample_cos": 0.5516964793205261,
      "calib_err_var_corr": 0.4877626299858093,
      "belief_centered_energy": 0.008908038958907127,
      "true_centered_energy": 0.3354358673095703
    }
  ],
  "wallclock_s": 54.9
}