ae07caff09568018697eb6087d745223	ae07caff09568018697eb6087d745223	37	1787484449	.pytest_cache/.gitignore
f552fcc7d0ecdb6607533519d6898357	f552fcc7d0ecdb6607533519d6898357	191	1787484449	.pytest_cache/CACHEDIR.TAG
7cc7f8d7cb2f2f6ea48da17c4b42c097	7cc7f8d7cb2f2f6ea48da17c4b42c097	302	1787484449	.pytest_cache/README.md
193c9c00ab2b2d307cc7ff5324cd60a4	101ce15e9723321e240571838a91a185	7301	1788218338	.pytest_cache/v/cache/lastfailed
8951b8aa63a7bfc66f877667b5ef3a9b	5e7d5395bd39b5d984afe50e184e2f76	448576	1788220008	.pytest_cache/v/cache/nodeids
b146c600739b9fdfe983a7ddc5a3ef41	b146c600739b9fdfe983a7ddc5a3ef41	2677	1783280153	README.md
9754d309671f25a4f5e06dccb557caf3	9754d309671f25a4f5e06dccb557caf3	7080	1786845849	RUNPOD_RUNBOOK.md
ae6a71d48a28b7962d2abef70942a4ed	6612b37e3d73e2d9b0d0a117e9a0dc9e	22485	1787482132	docs/phase0_go_criteria.md
d8d9586a168ab4b13b4a7d5495686bbf	d8d9586a168ab4b13b4a7d5495686bbf	2756	1785700781	experiments/alpasim-driver/drive_smoke.py
a031d2795f5bee654a5cd1d274c9e506	a031d2795f5bee654a5cd1d274c9e506	1786	1785700467	experiments/alpasim-driver/models__init__.py
10a2d8bacde467bad2c71c7c868b9484	10a2d8bacde467bad2c71c7c868b9484	11091	1785700781	experiments/alpasim-driver/tanitad_model.py
a1b6a021d94a2fbfbf777d4e8049c393	a1b6a021d94a2fbfbf777d4e8049c393	16856	1785771449	experiments/alpasim-gsplat/actor_map.py
78b050faa0e7b216bfda4f93a6f221ac	78b050faa0e7b216bfda4f93a6f221ac	4371	1785757322	experiments/alpasim-gsplat/adversarial/collision_needs_a_lateral_gate.py
446f0a1a59b4636948f0385caf870419	446f0a1a59b4636948f0385caf870419	8323	1785757322	experiments/alpasim-gsplat/adversarial/redderive_from_raw.py
75a4c4e5ff8faafafe7e0d9e5cc1aec0	75a4c4e5ff8faafafe7e0d9e5cc1aec0	5129	1785757322	experiments/alpasim-gsplat/adversarial/reimplement_four_families.py
4914fec1dd6a4be7a1c892b8c5be9363	4914fec1dd6a4be7a1c892b8c5be9363	2358	1785762928	experiments/alpasim-gsplat/adversarial/round2-scene2/dedupe_cutin_events.py
ef80af4b10124fae014471350215bf47	ef80af4b10124fae014471350215bf47	2718	1785762928	experiments/alpasim-gsplat/adversarial/round2-scene2/positive_control_is_condition_scale.py
60990699dc907abbb223fa21ad1e99d4	60990699dc907abbb223fa21ad1e99d4	6417	1785762928	experiments/alpasim-gsplat/adversarial/round2-scene2/reimplement_scene2_from_rollouts.py
ad9de22e004724bb2140ae24db595925	ad9de22e004724bb2140ae24db595925	11837	1785761279	experiments/alpasim-gsplat/assemble_scene2_panel.py
660a3f6c3d1dbe7c5d1b4341335ade4b	660a3f6c3d1dbe7c5d1b4341335ade4b	60461	1785774348	experiments/alpasim-gsplat/cl_metrics.py
17c548c810c2ebe43865842f67eaacf2	17c548c810c2ebe43865842f67eaacf2	11038	1785778485	experiments/alpasim-gsplat/cl_panel_falsifiers.py
2e349e4e0748310b7ee18985c1356bed	674c528ce70a723bd7cb212c078f97f0	35705	1785785405	experiments/alpasim-gsplat/closedloop_drive.py
568c256ccc55e33a75841699b40ad8b0	568c256ccc55e33a75841699b40ad8b0	8263	1785743333	experiments/alpasim-gsplat/contract_test.py
629dceedc0d1bd39fa3b92eb56e3ee6c	629dceedc0d1bd39fa3b92eb56e3ee6c	8071	1785774825	experiments/alpasim-gsplat/cutin_is_real.py
98c579fbd058d7e995a8fcbcc868b1bf	98c579fbd058d7e995a8fcbcc868b1bf	15188	1785754308	experiments/alpasim-gsplat/cutin_report.py
40b1b2626e1ce86b4859eee0179fe9ea	40b1b2626e1ce86b4859eee0179fe9ea	42065	1785775175	experiments/alpasim-gsplat/cutin_targeted.py
fa8b00731bb62b55d5a3b3dc7689e24b	fa8b00731bb62b55d5a3b3dc7689e24b	7371	1785761113	experiments/alpasim-gsplat/cutin_window_subset.py
79c37a6d1ee69457047cef103eaa884c	79c37a6d1ee69457047cef103eaa884c	23555	1785791080	experiments/alpasim-gsplat/frame_align.py
1c0434e9b081e3df0e43701a0f2e0109	1c0434e9b081e3df0e43701a0f2e0109	50118	1785775503	experiments/alpasim-gsplat/gsplat_renderer.py
71e49c5b66874de4097ab1abc9bd9b5f	71e49c5b66874de4097ab1abc9bd9b5f	5068	1785770420	experiments/alpasim-gsplat/make_before_after.py
1e660bf3374e953deffd6f1aaef3693c	1e660bf3374e953deffd6f1aaef3693c	10985	1785778652	experiments/alpasim-gsplat/ol_distance_keeping.py
7c6fcbe03c94d3053b2b97f6aae913e2	7c6fcbe03c94d3053b2b97f6aae913e2	25210	1785779560	experiments/alpasim-gsplat/ol_readme.py
15d8e2fcf8aef48babaeaf7dec40c9e3	15d8e2fcf8aef48babaeaf7dec40c9e3	10129	1785778458	experiments/alpasim-gsplat/ol_report.py
61afa6796c38a842ab71c60f8fef913c	61afa6796c38a842ab71c60f8fef913c	4175	1785779526	experiments/alpasim-gsplat/ol_verify_invariants.py
76f192a5c7da7c081045791bb7f1710e	76f192a5c7da7c081045791bb7f1710e	17365	1785785422	experiments/alpasim-gsplat/openloop_drive.py
66d18c20c02a5c13f1a97a45ec1e29c4	66d18c20c02a5c13f1a97a45ec1e29c4	16820	1785778065	experiments/alpasim-gsplat/overlay_video.py
15737e7c28654546355d6bd7b4657835	15737e7c28654546355d6bd7b4657835	5391	1785742964	experiments/alpasim-gsplat/probe_actors.py
cb082c78d28e9a3daf81c27b3f32078c	cb082c78d28e9a3daf81c27b3f32078c	11748	1785777448	experiments/alpasim-gsplat/rederive_cutin_targeted.py
933bc92439d55baadc2d8584f501d871	933bc92439d55baadc2d8584f501d871	11242	1785769840	experiments/alpasim-gsplat/render_diagnose.py
736acb2454af68481eaab1a5463b22ea	5790a2e3e60f3dfb323ea959af7b8111	34955	1787330452	experiments/alpasim-gsplat/render_quality.py
835559ae9eec758dd511726608764d6b	835559ae9eec758dd511726608764d6b	9099	1785779256	experiments/alpasim-gsplat/rs_adversarial_verify.py
a61917160d6b5f7f72bf2a0e86a6991c	a61917160d6b5f7f72bf2a0e86a6991c	3802	1785779209	experiments/alpasim-gsplat/rs_align_gpufree.py
baf9737b137ab96fc25f81fe56773a13	baf9737b137ab96fc25f81fe56773a13	4012	1785774781	experiments/alpasim-gsplat/rs_analyze.py
3e24db7fb70de385dc767cdb33e918ff	3e24db7fb70de385dc767cdb33e918ff	8223	1785774405	experiments/alpasim-gsplat/rs_cost_probe.py
5abc19c420996d460261aaef04366362	5abc19c420996d460261aaef04366362	7970	1785790202	experiments/alpasim-gsplat/rs_frame_offset.py
f32374da16bb1759ceedbde64448fd52	f32374da16bb1759ceedbde64448fd52	1998	1785779209	experiments/alpasim-gsplat/rs_leader_probe.py
2971350cb894bb44b5f92a6b8f11e824	8ba59921cc0ac564a9f808394e1654d2	6222	1785790474	experiments/alpasim-gsplat/rs_seam_control.py
b029218c4b8cabc02172a1bee7666592	d82884ca5cd6b5cd4d6c5d6a19bc6ff0	26854	1785790474	experiments/alpasim-gsplat/rs_sweep.py
b1f2cc427eae365e979525c37843c40b	b1f2cc427eae365e979525c37843c40b	19519	1785753113	experiments/alpasim-gsplat/scene_geometry.py
7a543f1df8a3c9c9338309956f7472ec	c7bb04900c6ded2f9077a18b73bee511	13702	1785744409	experiments/alpasim-gsplat/sensorsim_gsplat_server.py
d5e85e1662421301a016b9a64b3e655f	46e78bd73fa94e12645b62165f7b9f55	14704	1785774848	experiments/alpasim-gsplat/stream_c_render_ab.py
e99a3ae7509ea5c6c00313fda2b8a78b	f075eab2f34056dde99721b200cc3047	19928	1785777372	experiments/alpasim-gsplat/stream_c_report.py
b61a2dbd2be7258929010082d1d704ef	b61a2dbd2be7258929010082d1d704ef	18210	1785753921	experiments/alpasim-gsplat/synth_actor.py
64d1aba616e253f80f37903cf4129e3c	64d1aba616e253f80f37903cf4129e3c	5446	1785774449	experiments/alpasim-gsplat/verify_cutin_panel.py
adcdc0f0fbead66741c1057fbd719782	adcdc0f0fbead66741c1057fbd719782	17983	1785776018	experiments/nurec-gsplat/aggregate_t1_strategic.py
545fe6aab0587792451733501ee54228	545fe6aab0587792451733501ee54228	7758	1785773489	experiments/nurec-gsplat/build_t1_labels.py
4b74acdc998cc953b8434c494b2090bb	4b74acdc998cc953b8434c494b2090bb	3419	1785714008	experiments/nurec-gsplat/dump_linear.py
59e85fcedb938f0e049b3e7d9c97bb3f	59e85fcedb938f0e049b3e7d9c97bb3f	14213	1785714000	experiments/nurec-gsplat/isp_experiment.py
e9de1b43021d074af9c7c8996431a39c	e9de1b43021d074af9c7c8996431a39c	28390	1785753268	experiments/nurec-gsplat/junction_probe.py
5f2b1d74c8e867738c826d2cd682614c	5f2b1d74c8e867738c826d2cd682614c	5779	1785774788	experiments/nurec-gsplat/leakage_check_t1.py
bd78dba2edd74654b80122746d1f054c	faaca7376476c251e42757f3fcce6029	15609	1785753531	experiments/nurec-gsplat/nurec_hf_survey.py
9c3bcf3eb45a236665f276624f01e7ba	9c3bcf3eb45a236665f276624f01e7ba	21538	1785707096	experiments/nurec-gsplat/nurec_loader.py
aeee10caaff845d14780b37a61ba0bc7	aeee10caaff845d14780b37a61ba0bc7	11953	1785713924	experiments/nurec-gsplat/ppisp.py
b4a6abaaefcb86f4ff0b65b06a9dc901	b4a6abaaefcb86f4ff0b65b06a9dc901	3319	1785774091	experiments/nurec-gsplat/probe_video_pose_join.py
059735edddb463f2c4e3b2acf964a023	059735edddb463f2c4e3b2acf964a023	18563	1785774557	experiments/nurec-gsplat/render_probe.py
26f959b11c202efc734e05147eb11d18	26f959b11c202efc734e05147eb11d18	7633	1785761507	experiments/nurec-gsplat/score_closedloop_strategic.py
dd44f33eb0c5d0e1fa12b7492eeda4b8	dd44f33eb0c5d0e1fa12b7492eeda4b8	4682	1785755769	experiments/nurec-gsplat/score_demo.py
e45625b44c81257a31b670bc6c916cd0	e45625b44c81257a31b670bc6c916cd0	22199	1785775956	experiments/nurec-gsplat/score_t1_strategic.py
a7b87b30cc4b7849ccd844ee12539c84	a7b87b30cc4b7849ccd844ee12539c84	14464	1785763412	experiments/nurec-gsplat/strategic_conditioning_control.py
d27fd339456c9fa90001fa1be74c753d	d27fd339456c9fa90001fa1be74c753d	6252	1785760803	experiments/nurec-gsplat/strategic_family_control.py
447bd000a98352bba3e491a63505f607	447bd000a98352bba3e491a63505f607	23995	1785755614	experiments/nurec-gsplat/strategic_gt.py
bc8693e564cb30b919f6908c0c30de21	bc8693e564cb30b919f6908c0c30de21	6256	1785753894	experiments/nurec-gsplat/survey_report.py
0d32e2ea7a3db8b1b287ae49c8556dba	0d32e2ea7a3db8b1b287ae49c8556dba	3120	1785756958	experiments/nurec-gsplat/verify_junction_topology_independent.py
199cd453927287afe75bd92a3d54a1b3	199cd453927287afe75bd92a3d54a1b3	15540	1785753022	experiments/nurec-gsplat/xodr_map.py
d0b208f026f7821ed671100a4df490b5	d0b208f026f7821ed671100a4df490b5	1705	1785626131	experiments/pod-rescue-20260802/eval/workspace/c64_option_a.py
ccfe3f5be0cc1c4f6cd481bbbdcb5c28	ccfe3f5be0cc1c4f6cd481bbbdcb5c28	12386	1785626300	experiments/pod-rescue-20260802/eval/workspace/ctrv_floor.py
f420b953fcbf737398460e6543743493	f420b953fcbf737398460e6543743493	12710	1785627977	experiments/pod-rescue-20260802/eval/workspace/four_families.py
cd459e802784b9254759e3da0ffb76e2	cd459e802784b9254759e3da0ffb76e2	2209	1785662859	experiments/pod-rescue-20260802/eval/workspace/full_panel.py
0b7440684fd6bd18c8f0ceaf40bb799b	0b7440684fd6bd18c8f0ceaf40bb799b	1571	1785661336	experiments/pod-rescue-20260802/eval/workspace/make_v2_videos.py
5529e063e697b78ec5339cffb42627af	5529e063e697b78ec5339cffb42627af	9814	1785625857	experiments/pod-rescue-20260802/eval/workspace/run_ctrv_readjudication.py
2548c0dc5d210d55c9c159f0b7359b03	2548c0dc5d210d55c9c159f0b7359b03	8606	1785628105	experiments/pod-rescue-20260802/eval/workspace/run_four_families_vs_floors.py
34a4fd486796c00c771256b5725adbdf	0c8daf946f972c4cb023f7ee94825010	4308	1787330452	experiments/pod-rescue-20260802/eval/workspace/verify_patched_block.py
776da676e119d14bf9e93e2e7a591248	776da676e119d14bf9e93e2e7a591248	1682	1785129722	experiments/pod-rescue-20260802/pod3/workspace/dump_lat_index.py
8d793598a667962f20a725f6535b389c	8d793598a667962f20a725f6535b389c	4584	1785290653	experiments/pod-rescue-20260802/pod3/workspace/ecr_control.py
2dbe2c23b07ee1eb0ad14e2b8bd1fd38	2dbe2c23b07ee1eb0ad14e2b8bd1fd38	5649	1785290413	experiments/pod-rescue-20260802/pod3/workspace/ecr_sweep.py
e2ec400dd8704e976c78e3afb5e4c643	e2ec400dd8704e976c78e3afb5e4c643	5024	1785291861	experiments/pod-rescue-20260802/pod3/workspace/ecr_v2.py
2d2edc64f77704383d1f117388d8ce99	2d2edc64f77704383d1f117388d8ce99	1053	1785292178	experiments/pod-rescue-20260802/pod3/workspace/ecr_v2_ci.py
3615494a610ba1f999ec4bf7c1873c48	3615494a610ba1f999ec4bf7c1873c48	4639	1785293683	experiments/pod-rescue-20260802/pod3/workspace/edpsi.py
ed168352deb5b493f7a0e099e0439447	ed168352deb5b493f7a0e099e0439447	1756	1783799167	experiments/pod-rescue-20260802/pod3/workspace/exactfill.py
656a3098a2f858728394cb603add553e	656a3098a2f858728394cb603add553e	3066	1783799372	experiments/pod-rescue-20260802/pod3/workspace/exactfill2.py
c4ebdae3403ff07731f86c310c089b13	c4ebdae3403ff07731f86c310c089b13	833	1783787415	experiments/pod-rescue-20260802/pod3/workspace/fetch_ego.py
a84cfcc4c19896aa7227026d0ab6ca8f	a84cfcc4c19896aa7227026d0ab6ca8f	2410	1785129828	experiments/pod-rescue-20260802/pod3/workspace/fingerprint_lat.py
d9388412509ae0632a9408b20d83d13e	d9388412509ae0632a9408b20d83d13e	6799	1785130570	experiments/pod-rescue-20260802/pod3/workspace/idm3_geom.py
ec321a72fce93e7e6c061f8c4f8b54f8	ec321a72fce93e7e6c061f8c4f8b54f8	14973	1785130571	experiments/pod-rescue-20260802/pod3/workspace/idm4_steer.py
e8e0fc821ae6fd8118eff75abfe78411	e8e0fc821ae6fd8118eff75abfe78411	2732	1785279774	experiments/pod-rescue-20260802/pod3/workspace/imag_sweep.py
f553ff7a6b1f8210defcd779194c1cc8	f553ff7a6b1f8210defcd779194c1cc8	2209	1785191033	experiments/pod-rescue-20260802/pod3/workspace/leak_summarize.py
a8d25ec16f56dd52d252fd759cf4adde	a8d25ec16f56dd52d252fd759cf4adde	6033	1785191104	experiments/pod-rescue-20260802/pod3/workspace/leakcheck_aux.py
e2efccf5c460c79531adf0f8d779adb6	e2efccf5c460c79531adf0f8d779adb6	7751	1785190669	experiments/pod-rescue-20260802/pod3/workspace/leakcheck_fingerprint.py
4b67bfe65931ab14e8e93881248b983b	4b67bfe65931ab14e8e93881248b983b	15255	1785190861	experiments/pod-rescue-20260802/pod3/workspace/leakcheck_intersect.py
9c5f431bd7040e145264400ee4bf918b	9c5f431bd7040e145264400ee4bf918b	1440	1785191474	experiments/pod-rescue-20260802/pod3/workspace/leakcheck_reduce.py
0edae35416d8f08492deb517c7207765	0edae35416d8f08492deb517c7207765	2856	1785278516	experiments/pod-rescue-20260802/pod3/workspace/paired_ceiling.py
139299efec356f0cddb742a2415350ad	139299efec356f0cddb742a2415350ad	1685	1785190490	experiments/pod-rescue-20260802/pod3/workspace/probe_speed.py
b19f32ba11a7abea257f22fb7968ddb6	b19f32ba11a7abea257f22fb7968ddb6	434	1785190441	experiments/pod-rescue-20260802/pod3/workspace/probe_struct.py
ad0e077bd14e1421dc6930bf60336ebc	ad0e077bd14e1421dc6930bf60336ebc	4420	1785272127	experiments/pod-rescue-20260802/pod3/workspace/push_v4fs.py
98e3bb3c2de60407ffdccb61677680b0	98e3bb3c2de60407ffdccb61677680b0	3088	1785274196	experiments/pod-rescue-20260802/pod3/workspace/readjudicate2.py
1aa6f23feab731e2da929e5d7054880a	1aa6f23feab731e2da929e5d7054880a	4406	1785274142	experiments/pod-rescue-20260802/pod3/workspace/readjudicate_ga_p90.py
ae99494dbbaa6611ccafa3544b22d53b	ae99494dbbaa6611ccafa3544b22d53b	4078	1784541326	experiments/pod-rescue-20260802/pod3/workspace/route_label_audit.py
c71d8adc0d630fd0f5904b8993ac4d9e	c71d8adc0d630fd0f5904b8993ac4d9e	2280	1785659170	experiments/pod-rescue-20260802/pod3/workspace/rr_compare.py
bb2891f8b9f9b8db5d2db0db99ec797a	bb2891f8b9f9b8db5d2db0db99ec797a	665	1783842543	experiments/pod-rescue-20260802/pod3/workspace/scan_feats.py
92d9673d355181a9c3756e1308032599	92d9673d355181a9c3756e1308032599	1072	1783843347	experiments/pod-rescue-20260802/pod3/workspace/scan_feats2.py
9676c646b9a98783e5c1511d2f260a9b	9676c646b9a98783e5c1511d2f260a9b	1118	1785290474	experiments/pod-rescue-20260802/pod3/workspace/z_check.py
7a06fa1bd51847a0f00538a4c9cdd197	7a06fa1bd51847a0f00538a4c9cdd197	2046	1785290721	experiments/pod-rescue-20260802/pod3/workspace/zhat_vs_ztrue.py
ed168352deb5b493f7a0e099e0439447	ed168352deb5b493f7a0e099e0439447	1756	1785625348	experiments/pod-scripts-20260801/exactfill.py
e8e0fc821ae6fd8118eff75abfe78411	e8e0fc821ae6fd8118eff75abfe78411	2732	1785625350	experiments/pod-scripts-20260801/imag_sweep.py
a8d25ec16f56dd52d252fd759cf4adde	a8d25ec16f56dd52d252fd759cf4adde	6033	1785625364	experiments/pod-scripts-20260801/leakcheck_aux.py
e2efccf5c460c79531adf0f8d779adb6	e2efccf5c460c79531adf0f8d779adb6	7751	1785625366	experiments/pod-scripts-20260801/leakcheck_fingerprint.py
4b67bfe65931ab14e8e93881248b983b	4b67bfe65931ab14e8e93881248b983b	15255	1785625368	experiments/pod-scripts-20260801/leakcheck_intersect.py
9c5f431bd7040e145264400ee4bf918b	9c5f431bd7040e145264400ee4bf918b	1440	1785625369	experiments/pod-scripts-20260801/leakcheck_reduce.py
139299efec356f0cddb742a2415350ad	139299efec356f0cddb742a2415350ad	1685	1785625372	experiments/pod-scripts-20260801/probe_speed.py
b19f32ba11a7abea257f22fb7968ddb6	b19f32ba11a7abea257f22fb7968ddb6	434	1785625373	experiments/pod-scripts-20260801/probe_struct.py
98e3bb3c2de60407ffdccb61677680b0	98e3bb3c2de60407ffdccb61677680b0	3088	1785625375	experiments/pod-scripts-20260801/readjudicate2.py
bb2891f8b9f9b8db5d2db0db99ec797a	bb2891f8b9f9b8db5d2db0db99ec797a	665	1785625377	experiments/pod-scripts-20260801/scan_feats.py
9676c646b9a98783e5c1511d2f260a9b	9676c646b9a98783e5c1511d2f260a9b	1118	1785625379	experiments/pod-scripts-20260801/z_check.py
c1fccdbe332dac8dabf5829a43f50261	c1fccdbe332dac8dabf5829a43f50261	32288	1784534993	experiments/refb-v2/refb_train_v2.py
6172331cba8e2ec938fc676f599d72a9	6172331cba8e2ec938fc676f599d72a9	38203	1784528333	experiments/refb-v2/refb_train_v3.py
642420ab594639dad46f744613d01799	642420ab594639dad46f744613d01799	38802	1784528326	experiments/refb-v2/refb_train_v4.py
11f27b8c3b2269c319822b75f8860462	11f27b8c3b2269c319822b75f8860462	35316	1784528330	experiments/refb-v2/refb_v3.py
50e509e8cc635b36cf95eb60fad95cbc	50e509e8cc635b36cf95eb60fad95cbc	35975	1784528323	experiments/refb-v2/refb_v4.py
4c764ed0c1bd3bac043e4cf8abb03e95	4c764ed0c1bd3bac043e4cf8abb03e95	8229	1784534993	experiments/refb-v2/smoke_v2.py
f2be514c280dadb540c467f775f01e82	f2be514c280dadb540c467f775f01e82	2291	1784140297	experiments/reset-speed4b/build_ascii.py
a534a98fc061843b27676b11aaed1a28	a534a98fc061843b27676b11aaed1a28	7001	1784140297	experiments/reset-speed4b/build_svg_gallery.py
c11201fc74d8b68b57e030d8f9ffec89	c11201fc74d8b68b57e030d8f9ffec89	13236	1784140294	experiments/reset-speed4b/eval_grounded_rollout_4b_speed.py
494d9a8adf1d4f98fffd47706a890b84	06c94e5de3c18df3ae89ab632cc5beb1	14410	1784368381	experiments/reset-speed4b/eval_refa4b_grounded.py
8d1187dfe90a21133e37a125f0df35ef	8d1187dfe90a21133e37a125f0df35ef	4296	1784368120	experiments/reset-speed4b/refa_plus.py
90b1e049b67577fd46efc902108df25f	90b1e049b67577fd46efc902108df25f	35589	1784527331	experiments/reset-speed4b/refa_train_plus.py
9096e1e732671b68a834e3f50f372171	9096e1e732671b68a834e3f50f372171	14046	1784140297	experiments/reset-speed4b/render_arm.py
e17684b9f51cef261dae28606eb07ed4	e17684b9f51cef261dae28606eb07ed4	9273	1784368632	experiments/reset-speed4b/smoke_dynin.py
36c414f2c67a188825d9d14dc48b257d	0102d411b3ca9201cc72e3f8de9bbeeb	7658	1787482416	ops/POD_ACCESS_2026-08-04.md
ff33d8578860a5b5abdbf4c55773f6e8	0516d3844c70fb8b6012a6dc4f4dd73e	5254	1787482416	ops/ckpt_fp16_snapshot.py
30713d48c1db6e27175c75a0dcabb79c	1eadab09d2a1f44edfb0715e01aa49b4	6677	1787482416	ops/gotty_shell.py
64cd9f4558572df134f1fda11485cb10	f0428a14be07edf387ab72ab661e9bea	1322	1787482417	ops/hf_push_loop.py
23eca55917754ad2518d58a18c4e5159	6afd1e99c40e28360c752e07178741b2	4122	1787482417	ops/pbattery_watcher.py
f64555b9ac959847aa43d3dbceb41bc1	5d23403e8973ca4f8e8332e5fe75dad7	8573	1787482417	ops/pod_telemetry_push.sh
d579a1d9f32adec676ae460d35676fb8	d579a1d9f32adec676ae460d35676fb8	5769	1786845830	ops/runs.d/README.md
088e76d5b062998a028cd92bd34a31c5	088e76d5b062998a028cd92bd34a31c5	1104	1785784242	ops/runs.d/flagship-v5f-w120-30k.env
b191cbe7e651fbf91a35b70c7466aea8	b191cbe7e651fbf91a35b70c7466aea8	1431	1783370530	pyproject.toml
de51209ff15310ca5189eef9f705a433	fec43b1f9d9507887cebfb1f34594b11	128	1784532379	scripts/.gitattributes
445e657945a7740f6e102b8a7a52cfdc	9699b1e9d68d81af7911b3b4d873005c	13862	1786818590	scripts/T1_ADAPTER_NOTES.md
b4bc10aafdecf1f57c8b562eaec7d260	cf8d3472bc819c55dbb31d65dfa643f9	90566	1788522025	scripts/__pycache__/refb_labels.cpython-312.pyc
63643a14f6bf93e87bfe78307d19f52c	3b17aa1691de8d1dfe6e5fe7c9f3cdf2	40491	1788522026	scripts/__pycache__/refb_train.cpython-312.pyc
a85d838e5a1fc17d4114cd7ffbf9fbd7	9b7c72a4877fb005a51609cde33a82e0	73977	1788522026	scripts/__pycache__/refc_train.cpython-312.pyc
c45c4ee74a74173509cd9851cd121540	c15aaafe630f336aa9991762ade167ab	17071	1787027089	scripts/audit_goal_provenance.py
b3bd64a6b5faca50e4cc5175e46b455a	429f97562617525d0b6d564cec28b757	9279	1787024879	scripts/aug120_pipeline.py
2723747217d9c4bfae653d51e4a4d140	11777e245b329517fca8bdf7b47e7d31	47439	1787525097	scripts/build_obstacle_join.py
50ac7879e04eef6b1e3aea071aaf28ae	5e92a7ba6e68e457ec1fde838afb1f12	8974	1785122964	scripts/build_pai_cache.py
e5d92d75fd7f09362b74ba5df8d8b97c	b241d8dd5c33476d167b88f9ad55638f	17313	1787330452	scripts/build_predictor_trt.py
7b40b580b0f90d5aba1be0cab562cf0a	7b40b580b0f90d5aba1be0cab562cf0a	6707	1788218658	scripts/build_refc_anchors.py
0b7a50515c125d94f3f0e070b62e2e61	0b7a50515c125d94f3f0e070b62e2e61	7325	1784671309	scripts/build_tanitdataset.py
dba4168a539c11fa6a72fb968cb4cc35	dba4168a539c11fa6a72fb968cb4cc35	11643	1783581984	scripts/carla_work_zone.py
50efe678793b1a32a8749c79d3e80c75	50efe678793b1a32a8749c79d3e80c75	59869	1784991986	scripts/compare_arms.py
077bf0e6c21b9b9322b6e1e688bc2f1e	077bf0e6c21b9b9322b6e1e688bc2f1e	5125	1783514357	scripts/cosmos_pairs.py
a41fc759bfdc30a74a987473aa586b91	a41fc759bfdc30a74a987473aa586b91	7262	1783500939	scripts/cosmos_verify.py
946622a6b33c728137c011120c1945d9	946622a6b33c728137c011120c1945d9	5361	1784991741	scripts/d1_probe_capacity.py
b03b6feb2aae288a5062077e0420c56a	b03b6feb2aae288a5062077e0420c56a	5526	1784991745	scripts/d3_decompose.py
dbbeb3277f4c46d7569d0756b11df718	dbbeb3277f4c46d7569d0756b11df718	11522	1783514582	scripts/d8_preview.py
837964c63bcad658681d90acf2384def	73c63a7aaa21ee02da0e63c0975a54ff	6491	1787494818	scripts/decision_check.py
16405d0cc03d41c9e6299cc5e8580290	16405d0cc03d41c9e6299cc5e8580290	4695	1784535022	scripts/dino_precompute.py
0cf8714267c2460771ddba743d668f4e	d7186dc9f2e1640ffbf0a1fe38b7c89e	10717	1788225766	scripts/dinov3_fp8_encode_ship.py
ac42d872da61a9427015031bb2ccc07a	ac42d872da61a9427015031bb2ccc07a	27619	1788002511	scripts/driving_diagnostic.py
a3947ef8a011d774f492fb78e12b931c	d692a7dc7bca56204eec38d2b91b3a74	36033	1787525097	scripts/e_ag1_anchor_floor.py
8132c7674964004ec6e2718d684ac57d	8132c7674964004ec6e2718d684ac57d	57067	1787006829	scripts/e_wc2_sigma_star.py
e8e7dab542951790d8ece6d9f72e57f4	e8e7dab542951790d8ece6d9f72e57f4	4821	1785281439	scripts/emit_situation_labels.py
b8da83e9787f7b600e8a3aa8d3f6b346	98856e992ffdaa25240e90e92503238c	5433	1787024209	scripts/epcache_to_pilot.py
696e927da5323130a2b37dfae1b42752	1bd814b7b79b91998b1f5f8a0bf62341	47338	1784991781	scripts/eval_behavior.py
63d7c5670c5f350dc810a7344de64c97	63d7c5670c5f350dc810a7344de64c97	13077	1788002511	scripts/eval_flagship_v15.py
58486bdceee8b8b1d11db8efc9470ac6	58486bdceee8b8b1d11db8efc9470ac6	13782	1788002511	scripts/eval_flagship_v16.py
21c1e0b5f35e07b92d88f19bb5185c72	bd021afaa9e4523aad9d574dd5f16629	76318	1786818590	scripts/eval_flagship_v4.py
76a1f0aaa587ca3b60657c7ca9871b90	76a1f0aaa587ca3b60657c7ca9871b90	13945	1784991717	scripts/eval_grounded_rollout_4b.py
5c865272a6e2674d9b99d449e2c2e3d8	5c865272a6e2674d9b99d449e2c2e3d8	11660	1784991717	scripts/eval_metric_rollout.py
ac417d85af0a68d470a08bc393e946ad	77ace7f90b6fdfbea3c0df72306c6bef	27281	1786818590	scripts/eval_v58f.py
f29e50f06f90122b2c43fd81f6b6bb8b	f29e50f06f90122b2c43fd81f6b6bb8b	10221	1784991717	scripts/evaluate_checkpoint.py
d05f6502a6fd7aa4ea0338c88e1d882c	d05f6502a6fd7aa4ea0338c88e1d882c	1334	1783284247	scripts/extract_comma2k19.py
bb9fc4c978aaacb3949c65b9f5940670	bb9fc4c978aaacb3949c65b9f5940670	12974	1787525097	scripts/ff_v58f_chain.sh
9d6f7dbbcd2eb2b6c10b780fc6e26254	962571d90c046d49ae26f8697b7b6fda	27832	1785121759	scripts/finetune_traj.py
99b218be896cd471177075ce20436e7b	99b218be896cd471177075ce20436e7b	2421	1784532379	scripts/flagship_phase0.run.env
954650fa07aca401603861fe739115ec	954650fa07aca401603861fe739115ec	3736	1784714163	scripts/flagship_v4_data.py
13ec27fc371f207e6debe82b1af575d6	14db8b4d62241e9bb5ddbb12d28582f6	6681	1788217030	scripts/fp8_l2_gate.py
1260e4800bf624660dfb65e3a83aff82	cf41bde2728d5a92ae813f95614c6ce7	11706	1785754600	scripts/fuse_situation_scores.py
e0d95c12cfdd7f0b3c60a94352e71328	e0d95c12cfdd7f0b3c60a94352e71328	12980	1787876995	scripts/g_tac_geom_census.py
08db251e18a4a89f246952da5c3acee0	08db251e18a4a89f246952da5c3acee0	27073	1785018320	scripts/gate_emitters.py
ad726efc00bc590c951fce309cdf1c86	ad726efc00bc590c951fce309cdf1c86	16450	1784991749	scripts/geom_sanity.py
87c7ea37a1b4b1cca25feab9cf572452	87c7ea37a1b4b1cca25feab9cf572452	24610	1785277485	scripts/goal_modes.py
7a75c8a2f518d0a18e899b177322e7c7	315d011def592bf24a011177d3bc7df1	6071	1787525097	scripts/goal_provenance.py
3a87f3bca43cf11c652621655804f283	3a87f3bca43cf11c652621655804f283	5565	1784598900	scripts/gpu_lock.sh
660510d2745dcbb7f0f411ebb86dd4bf	1c8e18dbd8316c96b66f848d58c64fbf	29522	1787525097	scripts/idm_head.py
99539c9430bd6239f42fc4fe964b3900	99539c9430bd6239f42fc4fe964b3900	6215	1785030415	scripts/ingest_nuscenes.py
eb1745d6cc5e89444e4b5fa67d3b9fae	eb1745d6cc5e89444e4b5fa67d3b9fae	2041	1784532379	scripts/install_pre_start_hook.sh
ffcfe212e90914ec8b30f0fae86dc11e	ffcfe212e90914ec8b30f0fae86dc11e	7579	1788173424	scripts/lab_ask.py
913c622d7c5f7b8a6e9e4d313df7e5aa	913c622d7c5f7b8a6e9e4d313df7e5aa	4794	1788170579	scripts/lab_backlog_drift.py
5c11cdbe91e3fe9350635d580cfcfef9	bb8cfe7e5c733424dc6b7e844f59c052	7329	1788173453	scripts/lab_digest.py
d11bb6b7d53a1f5bd317f273d278eda4	ed7a1fced22f8ccc3228ac229f43789a	10224	1784628711	scripts/label_v3_audit.py
95bd843092ceac1c8225d37682cf9265	c1716ff10de037f1fe05b55c41fa8823	3932	1784322770	scripts/lake_byteproof.py
934008a55f63e06a82e1f1bfd1d91ad9	096327499e275c5de0171d08fad1e185	3132	1784322770	scripts/lake_ingest.py
58170ca932a6fa2ba0c7bb3b79acdbfd	bde63a0f35e0cd9b64c1941010b888e4	44458	1785749251	scripts/lan_probe.py
e89126e919903097a019d71c890defee	b4a3c772d4cdcf4edcf522420fd7cdd3	7407	1787330452	scripts/latency_cnce_baseline.py
26fb936e190b6c7512a6039224c450fe	3c39e3bcac6e32622ad91812a79e66a3	62138	1787525097	scripts/launch_closure_audit.py
f76451b20e2d7feeae6b61a17d216b15	f76451b20e2d7feeae6b61a17d216b15	26156	1785142133	scripts/lead_state_gate.py
466dec81d83e842f7f9470343de38f7e	466dec81d83e842f7f9470343de38f7e	5552	1784669090	scripts/lead_state_gate_posthoc.py
79a2e969e0fe8848ca0029cf9034c390	c4bd06f0570851572e888584d66be369	30106	1786840239	scripts/lf0_bev_lead.py
15badeadcf95a5a57b7ca90ee35e34fa	15badeadcf95a5a57b7ca90ee35e34fa	4610	1786818590	scripts/lf0_chain.sh
88ad4cb912bf51017346dda4ae6d8d77	f816188665e1d45754c34bb44adde4dd	15342	1787525097	scripts/make_parity_clip_digests.py
66764671223749a2c8991833fc3132f9	994eb1e88c1a97106efc075f9c3ae59c	14665	1787525097	scripts/make_parity_manifest.py
1a18b8ee8695b80c6d9712c3306fc50b	69ab340b67944a60dcd0a757347ca1cd	8034	1786818590	scripts/p1_lead_transforms.py
4d615fd4318415043539acf8da3cffd1	8e9050b95b478e0bfa80265fa7328a11	19317	1786840326	scripts/p8_bev_reel.py
1ef194806fd2e3011c633fc175b5802c	1ef194806fd2e3011c633fc175b5802c	8356	1786818590	scripts/p_battery_chain.sh
3b864c266c7cd86a700f8f8c73b606d7	3b864c266c7cd86a700f8f8c73b606d7	1030	1784532379	scripts/pai_build.run.env
4a326df59daf7a8626c4f3a1270c66bd	4a326df59daf7a8626c4f3a1270c66bd	6463	1783843156	scripts/pai_calib_probe.py
611b4c512556a75e2375e5af0e8a1047	611b4c512556a75e2375e5af0e8a1047	2036	1784532379	scripts/parity_skipset.sh
048ac483a8a40627e2bbcdacc0cdcc44	0e2986d00cec9f7243bed2c19695a95f	9051	1786818590	scripts/ph0_ab_video.py
6b06f387a78b10bccc0eafea1c5b40a6	8b5bc449118fb5d90736e72b46d5fa2a	17859	1786818590	scripts/ph0_overlay_video.py
360575f04336bfe24c3570f5f560b8a0	a1798301ff29448e7c674c69597870de	60837	1787525097	scripts/ph0_pilot.py
49b6914e819d5db4a2171d2fb63dd6fa	49b6914e819d5db4a2171d2fb63dd6fa	23053	1786905017	scripts/ph0_rich_overlay.py
4e18fbaad6a857ebcdc87c988d14aac1	4e18fbaad6a857ebcdc87c988d14aac1	78874	1786915860	scripts/ph0_sam3.py
2f3d35ca9e17efdd56b5ba0571d775af	432b4e8f381c0a456c6be8d7a913f5cf	6203	1786818590	scripts/ph0_sample_clips.py
eb43ff1e1a4113cb4d64dde8a464df48	19f883723fe770b9b460ce782f43e497	41527	1786885489	scripts/ph0_v2.py
d34b9b494bb83592fe3d55de1d2816fd	d34b9b494bb83592fe3d55de1d2816fd	5451	1786818591	scripts/ph0_v2_chain.sh
95aa2dbcc141e912321fb1f802eba3ff	20099f1baf563496daf934b88d3de639	13062	1786818591	scripts/ph0_v2_overlay.py
0934c8ada5adafd3ae53a9ba4c28b6f5	7ffd5527dc5469da4a23fe00c2e08857	67074	1786925485	scripts/ph1_fuse.py
5dee2378246c51470c2376032819ec62	5dee2378246c51470c2376032819ec62	10014	1783450788	scripts/physicalai_r0.py
024d526e604dc692cae2d3ac0a67d9d9	024d526e604dc692cae2d3ac0a67d9d9	1991	1784532379	scripts/pod2_ops_daemon.sh
615629d0db6092a5cec79620bd729e19	615629d0db6092a5cec79620bd729e19	5230	1784536370	scripts/pod_boot_hook.sh
3feccb198e66c2588da73a2aeee79111	5db91813c71e22b399928341869ca63b	35717	1787525098	scripts/pod_git_drift.py
0a45f4443e371f519ccefaebc0e4a7cc	fffe944538c1037a0c68856e32a87dfe	23780	1787330452	scripts/pod_kill_forensics.py
5fd6a1e60eff3093a6d11ca3af03ec0e	5fd6a1e60eff3093a6d11ca3af03ec0e	3419	1783486541	scripts/pod_launch.sh
3e6be3172cc959b3e51e9587ac92bb14	3e6be3172cc959b3e51e9587ac92bb14	1279	1784534994	scripts/pod_ops/cache_guard.py
abe2bcee9709ebbf292ecf9241df9cd8	abe2bcee9709ebbf292ecf9241df9cd8	1038	1784534995	scripts/pod_ops/cache_guard_v2.sh
ec45ee96c7929a57d8c7d148a21006a6	409ca3670f72c304f6d4a71718c71d5c	3643	1787330452	scripts/pod_ops/compute_skipset.py
656a3098a2f858728394cb603add553e	656a3098a2f858728394cb603add553e	3066	1784534995	scripts/pod_ops/exactfill2.py
e8cfcc9965f4f68c058979bea4cd9780	e8cfcc9965f4f68c058979bea4cd9780	1969	1784534994	scripts/pod_ops/fetch_ego.py
7b57713ff99393fda72df8f5d42dbccb	7b57713ff99393fda72df8f5d42dbccb	7472	1784534995	scripts/pod_ops/horizon_probe.py
9d341d89e25a892cf87fdf082bab1e6d	9d341d89e25a892cf87fdf082bab1e6d	575	1784534995	scripts/pod_ops/launch_refc.sh
5a09ede4468b04a24110967b5583e949	5a09ede4468b04a24110967b5583e949	1170	1784534995	scripts/pod_ops/mkmix_pod2.sh
090c32e1b2ad27669cfe333914fedcad	090c32e1b2ad27669cfe333914fedcad	1826	1784534995	scripts/pod_ops/mkmix_pod3.sh
4f3c69dce87b1d85eeaceff362453e86	4f3c69dce87b1d85eeaceff362453e86	1497	1784534995	scripts/pod_ops/pod3_dino_chain.sh
b708b7585656d91174f3b5d5ccaa5150	b708b7585656d91174f3b5d5ccaa5150	1049	1784534994	scripts/pod_ops/preflight_intr.py
69768989f6ebe4b0e7764ae146345c61	69768989f6ebe4b0e7764ae146345c61	1415	1784534994	scripts/pod_ops/pub_upload.py
024737edf7467df7b0a61d70937ed690	024737edf7467df7b0a61d70937ed690	4259	1787525098	scripts/pod_ops/pull_vlm_records.sh
0bdf24b914dcbb889e47e7c9a669c656	0bdf24b914dcbb889e47e7c9a669c656	2546	1784534994	scripts/pod_ops/reconcile_to_pod2.py
39869061474bb0a6f32f3d72b93af2fb	39869061474bb0a6f32f3d72b93af2fb	2264	1784534995	scripts/pod_ops/refa_fullmix_v2.sh
6d7db20ed85f5cf8625694fa29b00baa	6d7db20ed85f5cf8625694fa29b00baa	7423	1784534994	scripts/pod_ops/refb_pipeline.sh
5d4aca5b77139142bb9aa6b3ceb33d49	5d4aca5b77139142bb9aa6b3ceb33d49	1274	1784534995	scripts/pod_ops/refb_supervisor.sh
92d9673d355181a9c3756e1308032599	92d9673d355181a9c3756e1308032599	1072	1784534995	scripts/pod_ops/scan_feats2.py
8a993a6663861a2d123cb31112dec23c	8a993a6663861a2d123cb31112dec23c	598	1784534994	scripts/pod_ops/stall_watchdog.sh
660d19e7ff97fabef04c2521481f7820	660d19e7ff97fabef04c2521481f7820	821	1784534995	scripts/pod_ops/tailfill.sh
37a24e26165cab9d6b98c0df3717b2d4	37a24e26165cab9d6b98c0df3717b2d4	586	1784534994	scripts/pod_ops/tar_upload.py
ba44a13b2e443dad580b83f46722dd08	ba44a13b2e443dad580b83f46722dd08	379	1784534995	scripts/pod_ops/tar_upload.sh
78b3bc1dd57fa22d3416498f08a63c97	78b3bc1dd57fa22d3416498f08a63c97	2850	1784534995	scripts/pod_ops/verify_projection.py
e04773175dddc6d68375c49125d8839a	8d337e21f2dbe3e6fd1f942863c369e7	51422	1786818591	scripts/probe_latent_state.py
c6a954d78fc400391961ad03e1f70869	c6a954d78fc400391961ad03e1f70869	30334	1786890509	scripts/probe_saliency_p9.py
04e2935cebfe81eead0ad6d10fb724eb	ca64a546544b92661cfacd2fa8f905ed	8171	1787330452	scripts/profile_testsuite.py
55a397d3334fa9bc2eee721af0715bed	55a397d3334fa9bc2eee721af0715bed	2761	1784532380	scripts/reap_built_mp4s.sh
e8a1b0c76ce4af0cca65408e870e333e	e8a1b0c76ce4af0cca65408e870e333e	11880	1787024951	scripts/rebuild_pai_rolling.py
ba0a362682fadc7a9b5770a658f745b5	ba0a362682fadc7a9b5770a658f745b5	3915	1783783721	scripts/refa_probe.py
c7fa2ae9fe0f2e69284af51ea3def475	425a8b324c7c35f2ce46da11ce1c07bd	27874	1784987562	scripts/refa_train.py
eeadcfb1a2beb15d8d9422625a1a55ab	58fd746eb12f3e91eb5c6ccbbcd5ab54	23827	1784322643	scripts/refa_train4b.py
fcb1115e9e2eb57d5779b76e7f290682	5ae788ae50f510ba8f6e3b3a822c08fa	15332	1788215625	scripts/refa_v1_train.py
4c6bc03275b3315a3b2df8d7700f7e7a	4c6bc03275b3315a3b2df8d7700f7e7a	6605	1788210819	scripts/refav1_motion_probe.py
4813d94724ad1844b35f49f6f5d75719	356b3099fbdde9eda86287eb5f5b5997	112091	1787525098	scripts/refb_labels.py
2db7f3776413d30e0b3c47bb7872bcec	2db7f3776413d30e0b3c47bb7872bcec	36412	1788386789	scripts/refb_train.py
2db7f3776413d30e0b3c47bb7872bcec	2db7f3776413d30e0b3c47bb7872bcec	36412	1788385763	scripts/refb_train.py.NEW3
c45c796c4e2f8b6e052558f4f80d381d	c45c796c4e2f8b6e052558f4f80d381d	33922	1788386789	scripts/refb_train.py.PRE_U8
e6203a4a60fa839ac1044df82b8a0a31	e6203a4a60fa839ac1044df82b8a0a31	30089	1786840179	scripts/refc_dump_latents.py
e9387613604906a5965138fd5e579990	e9387613604906a5965138fd5e579990	6933	1785829839	scripts/refc_obj_dk_error.py
d61487e762f15280f660a67f39b05a44	e40ddc139a1c2cc1a9c261d83aded6db	51713	1787525098	scripts/refc_obj_probe.py
95c0029b5f71f982f8aec7f43583ec01	d78b94fe72d9c83a39559ae241bd38c8	35125	1787525098	scripts/refc_s1_climbout_probe.py
85db597db33b30686747a9a96ec9f433	85db597db33b30686747a9a96ec9f433	7703	1785823931	scripts/refc_s1_dose_response.py
2e8b253323c2c97fe97a45ffcd51155a	03039c8335c45e404cc44282f56db4b6	11079	1785823931	scripts/refc_s1_dump_emitted.py
741b5e969ae66738df8eb48688e02116	741b5e969ae66738df8eb48688e02116	6584	1785823931	scripts/refc_s1_objective_families.py
487f9e6a4c605062347f9365c1dfc87c	b8b38e564269ff8da5d042b11b6cb004	30212	1787525098	scripts/refc_s3_deploy_probe.py
fe6e3bf0627c13b9188e9396b0ed842b	fe6e3bf0627c13b9188e9396b0ed842b	16214	1785788537	scripts/refc_sel_dump_deploy.py
8634affce7c8c828fec7e670fa27c49e	8634affce7c8c828fec7e670fa27c49e	13294	1785786585	scripts/refc_sel_dump_refined.py
e8c310f932fbb786b0953a3869484f9a	2fa9f038976ba323fa84e485ec9ffde8	54044	1787525098	scripts/refc_sel_probe.py
a25682556f4bcc75403555396bde0708	a25682556f4bcc75403555396bde0708	24396	1785754608	scripts/refc_tactical_probe.py
27ac2b665b72ca7d3f2433d67869a619	27ac2b665b72ca7d3f2433d67869a619	24194	1785759052	scripts/refc_tactical_tau_select.py
f0d5fd6baf7103eccfbaeb597975fbf7	c95624b64f8267363d4aea3e9b645dfb	82015	1787525098	scripts/refc_train.py
3cbad19efbfcfc64e5a174a5b8d35f2f	3cbad19efbfcfc64e5a174a5b8d35f2f	10878	1784580427	scripts/refc_v12_cache.py
a1adbcd6169a7914519042cf0bb3b27c	a1adbcd6169a7914519042cf0bb3b27c	12728	1788002511	scripts/refc_v12_eval.py
9eb430ee70743e8d0f4508248b17eb6e	9202120c3187482ca11b682066a61e75	21112	1784987814	scripts/refc_v12_train.py
6ede96a7bbd30d489f2aeea0dce593ce	6ede96a7bbd30d489f2aeea0dce593ce	7612	1787329408	scripts/refc_v3_scale_matrix.py
3a63d90f5d492c76eab8ab5e8942c164	3a63d90f5d492c76eab8ab5e8942c164	108480	1788522012	scripts/refc_v3_train.py
113b79a98704699e60b78fab49cc8d64	113b79a98704699e60b78fab49cc8d64	71041	1788376436	scripts/refc_v3_train.py.NEW
3f2ffd39300b6f60c82bab6e61c4664f	e766793a1312b17d1dbc1961a3acb964	76499	1788380312	scripts/refc_v3_train.py.NEW2
bf18716780036269092e17df76be756c	b42ba87e882f4e6ad5e28ba94d0c13cf	81780	1788385762	scripts/refc_v3_train.py.NEW3
113b79a98704699e60b78fab49cc8d64	113b79a98704699e60b78fab49cc8d64	71041	1788382015	scripts/refc_v3_train.py.PRE_EVALFIX
5dda0f17e86992b9b63624f3bb366baa	c4c66f49646aa1cca084c2067ca05d30	59644	1788377136	scripts/refc_v3_train.py.PRE_NAV
3f2ffd39300b6f60c82bab6e61c4664f	e766793a1312b17d1dbc1961a3acb964	76499	1788386789	scripts/refc_v3_train.py.PRE_U8
0b315f5a0f81aca946fcc5cd9d5990e1	0b315f5a0f81aca946fcc5cd9d5990e1	3313	1788265465	scripts/refcv3_make_split.py
b1a0edfc9a9c7c878c1ae135dd915a39	9c170a0fd346f5ec78a53b36d2ff79ff	12300	1788241051	scripts/refcv3_speed_sweep.py
e30da4f1db0e529e77fc0155ffb96841	e30da4f1db0e529e77fc0155ffb96841	9596	1785143184	scripts/register_v2_sibling.py
b15bc3b97b5919f0c586b074fa43c522	aa82902d30a18b3cc3e260b8e9597f86	8475	1786818591	scripts/release_v58f.py
4ae9e3b2a922286597c90b9f228ad71f	2192c2024b71ad13061fdca423fd42d3	21920	1784532696	scripts/replay_app.py
797f2fec9534abc49ac27352697e06ba	3d4a9692cc05a042b064f49f41f9a0e0	10474	1787381332	scripts/residual_scale_audit.py
aa8f45e06ae65556be27127cee15626d	245ee875289848f497b16e198784bc64	6227	1784895883	scripts/resim_app.py
9ce06c7a5a9e02f50ac222859292a53d	9ce06c7a5a9e02f50ac222859292a53d	6429	1784991717	scripts/resolution_probe.py
e38dea7d0007524369aad4268ef8da55	e38dea7d0007524369aad4268ef8da55	10404	1785157664	scripts/rig_band_scan.py
2afdd493d5ae0eda15bb3910f8b75362	0b85fa9041353024bdc2985f61f55b90	13775	1788025819	scripts/rl_a0_coverage.py
447d4359bcccc884184937241353163b	447d4359bcccc884184937241353163b	9096	1788025756	scripts/rl_pilot_join.py
d5b5a035094322710e7818d67cc0f117	d800812c1f7125d6391910c681735e79	24407	1788074006	scripts/rl_pilot_refc21.py
69e13c01a1f6fecce51020bf14ce503a	69e13c01a1f6fecce51020bf14ce503a	11040	1784991897	scripts/route_label_audit.py
7a665a36a64b5e275bb5a44a13357af5	7a665a36a64b5e275bb5a44a13357af5	20464	1784992117	scripts/run_branchb_transfer.py
a8d57e25dc38dad80e1354c7703861c3	a8d57e25dc38dad80e1354c7703861c3	16191	1784766417	scripts/run_camcond_ablation.py
0e851afbb0a01467227661127f2ad4c1	0e851afbb0a01467227661127f2ad4c1	116578	1785084259	scripts/run_gate.py
0be9ca9e641651a3b3c56afe188a42db	0be9ca9e641651a3b3c56afe188a42db	11786	1784868187	scripts/run_idm_downstream_ablation.py
67576e6626868942518f9da932aa1709	67576e6626868942518f9da932aa1709	16534	1784991940	scripts/run_idm_ft.py
f927ac1bb48a118bbf60abed470dd8ce	f927ac1bb48a118bbf60abed470dd8ce	13696	1784992117	scripts/run_idm_parity_validation.py
ea172598b5602f4c0a262a949c72bc1c	ea172598b5602f4c0a262a949c72bc1c	13442	1784991947	scripts/run_idm_pipeline_derisk.py
198373fe3e2979fc1854e17969f15384	198373fe3e2979fc1854e17969f15384	17327	1784991931	scripts/run_idm_proof.py
0f5b1074d13492ca740eb442e265cb0f	0f5b1074d13492ca740eb442e265cb0f	3953	1785736864	scripts/run_orthogonality.py
66ea3cefa611b73da8c6480dcd56d85a	66ea3cefa611b73da8c6480dcd56d85a	4354	1784991717	scripts/run_spectral.py
5de420dfb674dbb5ae42bc38227b0fa8	5de420dfb674dbb5ae42bc38227b0fa8	15357	1784992117	scripts/run_v1_encoder_char.py
fe170411540983b6f77160f2ab429e4b	fe170411540983b6f77160f2ab429e4b	32730	1786904786	scripts/s2_derive.py
a7420cf67332c8d1909e05af4be58a5f	3c92f496a7b4ee4bdeff62e1beca51f9	17070	1787525098	scripts/s2_geom_emit.py
9a537ee210d38303d73ef35f0aac0718	2356227d2badb7e8d4deada056cdb02d	57505	1788072710	scripts/s2_geom_emit_v7.py
b42f62b139bfc71ddc0a64bb70c1a5ef	d4ceae36ba5cdd7a5b57e01b50377bb9	44377	1787525098	scripts/s2_labels.py
7a48cc99d18774baaab480b16aafc26f	cd0f683eb53f5100cf924937656cf45c	8516	1787950202	scripts/s2_run_corpus.py
5ba0a898cee814bbf0629a19aee9096e	a7f272bf9a7b840dfdcbd1c40a1e50e0	9723	1787525099	scripts/scena_app.py
6393073c3f7e5af1d4da8cebee85035b	6393073c3f7e5af1d4da8cebee85035b	3913	1784896651	scripts/scenario_suite_dryrun.py
4e7f2272ba3349c1f4e371ca23be60b0	6a91b0cb0b6e7ae035b76f0a0f31b14f	8596	1788041336	scripts/scoped_commit.py
80819c1f42c469b42a12b76db280c5fe	80819c1f42c469b42a12b76db280c5fe	18266	1786829065	scripts/sel_winners_curse_law.py
6797eedcd9bc887a724f8b3e84dce2b3	6797eedcd9bc887a724f8b3e84dce2b3	13011	1785789718	scripts/sitclf_train.py
664e8e89c3e71acc3f059c3de0567ca1	664e8e89c3e71acc3f059c3de0567ca1	10773	1787024925	scripts/slice_v2_cache.py
8909e9684c8dfb625002a420a6e1f195	acfdf44c353bcd0b9c8a03b9a144d00f	35282	1786818591	scripts/stage_a_probes.py
597ab49d925df1157cc62de78352da25	597ab49d925df1157cc62de78352da25	16017	1787021657	scripts/step_time_guard.py
0daf4be621e26631ae8bf1d2b23f8cc9	0daf4be621e26631ae8bf1d2b23f8cc9	7058	1784534618	scripts/supervise_run.sh
72d0aa2935a8cfe3d9aeb5ca466edd07	72d0aa2935a8cfe3d9aeb5ca466edd07	7791	1785825805	scripts/supervised_cutover.sh
dd61e555fbcf1dd1e429c54c712249d5	dd61e555fbcf1dd1e429c54c712249d5	7616	1786818591	scripts/t1_v58f_chain.sh
2d575aeebb7453f435e2ccdfe750af2d	2d575aeebb7453f435e2ccdfe750af2d	4479	1785781638	scripts/thor_bench_probe.py
dde1c6471361392ced9f96e1eebb5af1	dde1c6471361392ced9f96e1eebb5af1	6089	1785782193	scripts/thor_bench_report.py
1271bb2f150c5911cd7250fcd0295e35	1271bb2f150c5911cd7250fcd0295e35	1343	1785781648	scripts/thor_bench_run.py
5b8864e035aa8430a3cb0117f23de5e1	5b8864e035aa8430a3cb0117f23de5e1	1396	1785782043	scripts/thor_bench_sweep.sh
69ec43cfee766a2247dae0d76567bd68	69ec43cfee766a2247dae0d76567bd68	33723	1784987727	scripts/train_dynamics_encoder.py
53058d4e6887fb8d756d56a72ab8c908	55d222bfeed7573cbec827b2201ab7b8	50194	1787534937	scripts/train_flagship4b.py
a2246dbc7e4fb121b9ef8f1d74530637	5f9457f1eb134de8c6119b05494e6be1	21401	1784987688	scripts/train_flagship_v15.py
feed262c75c0670db0f395b0a72849b1	1fb6ea2ea84702d4d9510bc8962e8f4f	34711	1784987707	scripts/train_flagship_v16.py
74adc6f787e10606c1ca3bb0aa8e5ef7	f8c71b384daa81370645171330030f2c	154419	1786818591	scripts/train_flagship_v4.py
03806e872df9245771bd178156b09776	115f6c972fb27ea21787f55aabc002b6	92806	1787525099	scripts/train_p8_occupancy.py
6f74141d18484ad70fa597f0603a90aa	126243e7fc9a8e80ff8c85d06d708be7	53527	1787525099	scripts/train_stage_a.py
49f0361083acef2c7fa068b773668a04	6535dd3b8686c3f24faed9943468dc6d	41558	1786818591	scripts/train_tactical_stage0.py
5097b576e504cf669c2fb8dbc0b855d7	081f2c4c871fa01fc1b7d0e46e625880	41287	1787487584	scripts/train_v58f_unicycle_head.py
fb693ff3630132707fed95a625115582	577d8d05612a3b2f1b6535f5fb11b9ff	488471	1788152602	scripts/train_v6_staged.py
8406d3a29be289d03770a659be54a762	85a4dde59bf771a9ec5191717e90f65d	40950	1786818591	scripts/train_w4b_selector.py
7cc88c42c458c6e7d50183bd90ccb4df	05226f14e39363b22c8c01ca6735e302	51428	1786818591	scripts/train_w4c_spatial.py
f94d0fe69ec524bd3cd9cde7075a9afb	a2b8a05e8481b100931ac2293c3d4c61	19557	1784988047	scripts/v15_prep.py
a5e12a40f04273e1d549928f509620dc	51f511fb87302c5c20e0e244f54586af	36371	1788071268	scripts/v2_compressed.py
e60f1637d59d36d0b1d857c3db6eb6d8	83db1836798473b40a27fc70efb93483	11497	1787024901	scripts/v2_to_pilot.py
5eac3b82f9b4ffea2223842730bb1c2d	5eac3b82f9b4ffea2223842730bb1c2d	23262	1787049082	scripts/v4_labels.py
b913f8c71a9c3b4ffec60c6b82ecab03	b913f8c71a9c3b4ffec60c6b82ecab03	5187	1784672669	scripts/v4_param_budget.py
b07788c5bbb57abe960ea9a3d81c0a57	b07788c5bbb57abe960ea9a3d81c0a57	16338	1785702767	scripts/v5_guard.py
771b337e5b202969332459b8a0565584	771b337e5b202969332459b8a0565584	123072	1787006804	scripts/v6_chain.py
4cdc09c2b18d0a983bf607fc7a7846d2	4cdc09c2b18d0a983bf607fc7a7846d2	45171	1787007472	scripts/v6_dump_sw_latents.py
c486fffc530f747334f5957bffd58c67	c486fffc530f747334f5957bffd58c67	6430	1787484123	scripts/val_rank_probe.py
f70dccf9922b7e039425ac8fe0f834a1	f49096d0e7d3df3da64584baf3042501	31495	1784322786	scripts/validate_data.py
824b7a386a0cafb53c30c4e246ec9c16	9572f6d9af6376a906deed6af9946531	28788	1784322643	scripts/validate_geometry.py
244dc1f39484ce12389c052d48101344	244dc1f39484ce12389c052d48101344	28050	1784410085	scripts/validate_refb_labels.py
e770c5bee2a8c0812a36b576d23dfcab	e770c5bee2a8c0812a36b576d23dfcab	5832	1783372796	scripts/visualize_episode.py
999b9bdb0d85fafa153aed4fb0cb40a9	999b9bdb0d85fafa153aed4fb0cb40a9	10230	1783540218	scripts/viz_trajectory_fan.py
102d8602b99db7df1e87e871e6b3ce12	102d8602b99db7df1e87e871e6b3ce12	28734	1784585438	scripts/vlm_compare_score.py
9d831d260592c0bd338c22c266ae8214	9d831d260592c0bd338c22c266ae8214	11401	1785069911	scripts/vlm_kin_crossval.py
880145f06af95f5ee3f4eb4af5b03357	880145f06af95f5ee3f4eb4af5b03357	20889	1784620038	scripts/vlm_labels_to_lake.py
54bbf5c1518d07bfdf43a008a0fd1878	3f8c2dcec02e3df5a9caeb19407160dc	18788	1784584767	scripts/vlm_model_compare.py
650ad2c8d4ed1a236ca7107812c81e52	650ad2c8d4ed1a236ca7107812c81e52	22219	1784991897	scripts/vlm_route_labels.py
043af8004690bc7bc4d0a8bdee3b323e	043af8004690bc7bc4d0a8bdee3b323e	36088	1784620245	scripts/vlm_semantic_labels.py
2e520aa5d81d5e49c1b0d66af1d2600b	2e520aa5d81d5e49c1b0d66af1d2600b	37986	1784622672	scripts/vlm_semantic_score.py
4b1e15222c87a83bef0e8ccc1a5852f5	4b1e15222c87a83bef0e8ccc1a5852f5	8274	1787146557	scripts/vlm_tac_compose.py
7398b5fde99368fee4e246c1ef7da911	52462a70d4cb6263c358a7e152fd196f	17129	1787330452	scripts/vlm_tac_extract.py
dd78356b719a8db7371afb1cacb62c9f	71b14058b6329d929c36f0a8a09edd73	7527	1787525099	scripts/vlm_tac_payload.py
056b480daeac23262d1bb7ece6d360cb	bddb3b03de813de400563c1c9263ccba	16834	1787127155	scripts/vlm_tac_prompts.py
85c8d9c23af219e4e62e09c69ee6e451	85c8d9c23af219e4e62e09c69ee6e451	4253	1787127243	scripts/vlm_tac_recover.py
e2184cae47b3459cd03512456d35abfe	d35fdf7996528784184dd762605d4eaf	61178	1786818591	scripts/w7_roll_rerank.py
d0f1098d4478257106781da42094d3d9	0a5448f8b0b8d483c9bf9edbca384e3f	6291	1786818591	scripts/w7_selection_rules.py
7422820e13c3c9251818b2cd2f4ff861	de6f951c0aa842e5405d526dde262ae3	16646	1787330452	scripts/watch_gates.py
cb0b3c79d3d390ed6b5e1cea35d70ab7	26403dd5273a68cf49307f91eef1c6eb	371	1783281116	tanitad.egg-info/PKG-INFO
0151a145256f6c206f092b0ab416df6c	0151a145256f6c206f092b0ab416df6c	710	1783281117	tanitad.egg-info/SOURCES.txt
68b329da9893e34099c7d8ad5cb9c940	68b329da9893e34099c7d8ad5cb9c940	1	1783281116	tanitad.egg-info/dependency_links.txt
1c086478ee3e6b01970ce226035dd79e	1c086478ee3e6b01970ce226035dd79e	69	1783281116	tanitad.egg-info/requires.txt
c1f0ab92115bf3a52b5874f022072ad1	c1f0ab92115bf3a52b5874f022072ad1	8	1783281116	tanitad.egg-info/top_level.txt
b0597d75ae721268f0fe8b682db38e36	b0597d75ae721268f0fe8b682db38e36	299	1783279835	tanitad/__init__.py
bbf25d7cd2c5910bad3365eb6bcd4a36	097495e6a52310333f8d7cdccef2423f	461	1788522026	tanitad/__pycache__/__init__.cpython-312.pyc
4ad44c6838c5c200eab04db20732e8be	7cf1f1907b89cd39cc567ef0094357cd	19579	1788522026	tanitad/__pycache__/config.cpython-312.pyc
083e84c763b3e2cda9f249f077eda5df	3399db152e80979d8a70d919370d15b2	26717	1786818591	tanitad/config.py
63d0d6359a78714e7827025365e1c6fe	63d0d6359a78714e7827025365e1c6fe	1279	1783285689	tanitad/data/__init__.py
bf3347f3014e4d0e4059eff83469e291	3b27a0d5b2b439e88c29fa42735c5582	747	1788522026	tanitad/data/__pycache__/__init__.cpython-312.pyc
36cd68e1bb2455c118eb71583c26f37d	5b83be026d8823925c76c5c38bd82308	9307	1788522026	tanitad/data/__pycache__/_contract.cpython-312.pyc
92bef93181c007ffcdadb628a9e74703	96d3975ccf1b17f4dd130db94dda9b60	32637	1788522030	tanitad/data/__pycache__/bev_raster.cpython-312.pyc
361eb0a821ba6d607a09ddd07199ded9	8aaf980d6d17bc9d394dc562934aa517	70796	1788522033	tanitad/data/__pycache__/calib.cpython-312.pyc
c1e9e5b3f615d90c821044c9ce058021	6124594f11394585eab4233539ccccbb	35292	1788522026	tanitad/data/__pycache__/comma2k19.cpython-312.pyc
6a49dc9580f9af40e518c8c4beb0ebd7	ff6a3ac7bec640dde11c87bc195c0fdb	39505	1788522028	tanitad/data/__pycache__/lan.cpython-312.pyc
e2cdcab900ce4dc85c978098ec1a0329	170eb9cbfb4f1887434e1be32a32d5b8	10614	1788522026	tanitad/data/__pycache__/metadrive_env.cpython-312.pyc
496af56628d6e923d1b6af8eede929e6	77185e437d18908edabd05dc540bca11	9781	1788522026	tanitad/data/__pycache__/mixing.cpython-312.pyc
3666ea0977c72ded78083a519deb6610	afdd64909454b37553295a2a33149630	121460	1788522026	tanitad/data/__pycache__/parity.cpython-312.pyc
cc2eeac138977578b808ab3b84145706	fd546d73cdd5dfa17d2089782e0d4b3d	6908	1788522026	tanitad/data/__pycache__/stats.cpython-312.pyc
a5e9580eb4a7896a7a0c1e4bbc6ce14b	b4de72578f9456a6ef2d5ee84017480c	11319	1788522026	tanitad/data/__pycache__/toy_driving.cpython-312.pyc
ea2b6e32b63b7147779f0d54774f0de5	23ee11c0dc03dab6b9674c620e7cddee	35950	1788522030	tanitad/data/__pycache__/v2_dataset.cpython-312.pyc
a80c2bab043a190d1695513d8ff1dace	62fd4e37ff44fb6586dbec493fe47b80	34428	1788522028	tanitad/data/__pycache__/v7_labels.cpython-312.pyc
4ef32c34823ba73c828de06d3fe2f35a	4ef32c34823ba73c828de06d3fe2f35a	5817	1783546909	tanitad/data/_contract.py
7207ebb6430551b0346c8c066df537b2	a2f8c48869c1d0abcacbff1b7b9e6974	22587	1788077208	tanitad/data/alpamayo_fusion.py
5ed6306508346e62496227067a0450d2	ab4e529ac8ffcf0479920b7ac9be287d	12297	1787523428	tanitad/data/alpamayo_records.py
f6b7a9188e26490c1746e61b37d4bf11	010ccb732726d72a21b8bf1deb6c91a3	14127	1787509092	tanitad/data/alpamayo_semantics.py
253d1099cc6c84ddfb3cfb52204d098c	62c2ae46361c270c3d09eb4e2c2184eb	14546	1788077055	tanitad/data/alpamayo_structured.py
d54b8bd6a0b4664cfbbdca3d8d9e5fdc	d54b8bd6a0b4664cfbbdca3d8d9e5fdc	10945	1786844647	tanitad/data/anchor_goal.py
991604e0bc583d12899e500251350b3c	fbb6847dc7909c92005194b1674753f1	35185	1787525099	tanitad/data/argoverse2.py
ca3952177f0f717a47eb82d9f166ce7f	4f6edc5ce6253be85ed7fa002f8ee130	28535	1786840503	tanitad/data/bev_raster.py
8ab855b205dbc18a377bf358ac3dd9d3	accd1fb7945c2e84bab2961104354542	66418	1787525099	tanitad/data/calib.py
07aae4790aa7ba5f1bbe68a1bb0109dc	83b0ff0976e84e1e00efb5806bbe59b1	39902	1787525099	tanitad/data/comma2k19.py
ef7e4615f7d4ddd9ab4ce5c196a6f777	ef7e4615f7d4ddd9ab4ce5c196a6f777	16015	1785101465	tanitad/data/cosmos_drive.py
5a982b49d1a70854cd5a61cc4e52f63d	5a982b49d1a70854cd5a61cc4e52f63d	4188	1787525684	tanitad/data/cot_negation.py
8ba25a42c3b03ceec141064696c6bc48	46a849341ce94bd4e5b657a4c15ca2d9	14622	1787954119	tanitad/data/cot_tokens_v7.py
ee8d5a115b43c97326b26b7626eba33f	8131b44e6a076fb5da5afd1468abda52	4086	1787020657	tanitad/data/deployed_val40_clip_digests.json
af60f9b94540a3e0031df3c881239e20	8612252e4891e3eca4192cdde7dd3785	18767	1788073080	tanitad/data/ego_manoeuvre.py
87f3d193abe1669c62c49ba364be5891	1b6a1bc29813140fcb7f90ab2e6634b7	7456	1787525099	tanitad/data/egomotion_source.py
7935643c49b73acbe5f5ca408cc95f74	7935643c49b73acbe5f5ca408cc95f74	7897	1787024850	tanitad/data/epcache.py
3afbdea13ddb6dddb258fe8ad36a0d7a	3afbdea13ddb6dddb258fe8ad36a0d7a	30809	1787876995	tanitad/data/g_tac_geom.py
18f303c39b5230a04e70e7b3f9f4cf1c	18f303c39b5230a04e70e7b3f9f4cf1c	23947	1784697639	tanitad/data/l2d.py
d70dd7e33f272ce7c1b13642f74a7374	d70dd7e33f272ce7c1b13642f74a7374	8243	1787500383	tanitad/data/label_guard.py
451620c9a3196738bc6746577324487b	451620c9a3196738bc6746577324487b	28241	1785714320	tanitad/data/lan.py
9bfa10af191c099d87d76dc74c1c4975	7c0b763432cd50669bec767ce0fcad99	9809	1787525099	tanitad/data/metadrive_env.py
a6a61eed29f216dbbd3c021c78cfe601	a6a61eed29f216dbbd3c021c78cfe601	16932	1783314211	tanitad/data/metadrive_frontcam.py
cf27d72fb1ded78b1691d995715f83d0	2a11efbcdf71ff2a38002cce68037b47	5888	1784322643	tanitad/data/mixing.py
4b5088ccbfad6a72b6b61ae1fcbab187	4b5088ccbfad6a72b6b61ae1fcbab187	34264	1785030669	tanitad/data/nuscenes.py
0b91523f314d922268410c0f3a97c3ad	bcab2ed98939a365dec82a14cd673659	131007	1787024797	tanitad/data/parity.py
d684a4abd95f306fef4c3713ab660773	d684a4abd95f306fef4c3713ab660773	76971	1785163329	tanitad/data/parity_manifest.json
4a98c59c75d8640aeeb2d8602f09f657	e5334ca572e538ad73a4e04e2967e18a	171364	1787020775	tanitad/data/parity_train_clip_digests.json
3123e2dee6a60982ab5c57b53aa5103c	e449da083d29ab0a41dda990fd897a14	37742	1785131939	tanitad/data/physicalai.py
218cb5c869a1dbfc722d5423227de5c0	218cb5c869a1dbfc722d5423227de5c0	7117	1787535050	tanitad/data/psg_targets.py
2bf83fa8db93c20b423c6d13299facf0	2bf83fa8db93c20b423c6d13299facf0	25038	1788218518	tanitad/data/refav1_loader.py
2fa5e0a9b6adc21bcee3189662fd9e3c	f804dcfbf3dc28cc0696e4cb21f7fae8	22859	1785781697	tanitad/data/situations.py
9494075f124bd196e27e1acfeed5dfc5	9494075f124bd196e27e1acfeed5dfc5	4819	1783285653	tanitad/data/stats.py
24d6637dbf8923c1e47c9724a1f87e50	8a221ed4e194b8ed6fd1745f7ff98f2c	17150	1787525099	tanitad/data/tactical_goals.py
3e233c93850aaa1ca28c2db370ba3e0f	3f26a9e0d983c9465c6a7923a506fb67	7043	1784322643	tanitad/data/toy_driving.py
73da15e65194106d30d08b331e780dd1	cf2018c994660d360ae4e78ff2ebf123	30666	1787486213	tanitad/data/v2_dataset.py
eca2defc3550047f4795efe1cb38ffe3	eca2defc3550047f4795efe1cb38ffe3	28585	1788249808	tanitad/data/v7_labels.py
b56226c56cf0555eac0b54feea82e580	b56226c56cf0555eac0b54feea82e580	15081	1785154146	tanitad/ego_plan.py
07969cb1142dfb819affec4f3c3328b0	04788a9cca364293746c7719e3367c99	472	1783458862	tanitad/eval/__init__.py
ae121b9a769d134e2c2189926f5b4e5c	953959bb303194aa82e9569f2b64b46e	666	1788522030	tanitad/eval/__pycache__/__init__.cpython-312.pyc
b611652a1575413b93aaffb33c042aab	3f8d6581c254285de4d9ae87ebbcf7be	25079	1788522030	tanitad/eval/__pycache__/gates.cpython-312.pyc
2e92084a1ea62fdbf0ddb5cc7c57815f	ac872c8e1c22f4cdb0a9c11de641ad97	29234	1788522030	tanitad/eval/__pycache__/metrics.cpython-312.pyc
5f0130a648e2df42566f60a1969d7feb	514db018a18dfad74dad7cf08d5e627e	21159	1788522030	tanitad/eval/__pycache__/spectral.cpython-312.pyc
11e3ff4900843ed4cc3cbde173a11fa0	11e3ff4900843ed4cc3cbde173a11fa0	19458	1785782478	tanitad/eval/accel_probe.py
6a797595a9645de0096121c68f926d7e	dbfe58c04b97b2b9dabae07f90688fb5	12263	1785761445	tanitad/eval/ap_ci.py
580ddd8d8aefe041ddec87baf03f5146	580ddd8d8aefe041ddec87baf03f5146	22099	1783547018	tanitad/eval/bakeoff.py
54650e8efa6f2c0be78adab45f1d1701	7bc4cbbf5c518eba44ae8b9b4c6beeac	7183	1786818591	tanitad/eval/ckpt_compat.py
972ce804e775ac79cf8ff02027f42b40	2add6ba229c36b9d828b4fada0f44e3d	43988	1788505275	tanitad/eval/echo_gate.py
ff353f856a028f74d257e2bc806182ad	ff353f856a028f74d257e2bc806182ad	22406	1783782882	tanitad/eval/gates.py
e7fc2ef4a20fc9384c8a79fbf77d6246	e7fc2ef4a20fc9384c8a79fbf77d6246	11811	1785828500	tanitad/eval/goal_admissibility.py
e4e9d2b41d734e74d32706c41d02bc05	e4e9d2b41d734e74d32706c41d02bc05	34723	1787027598	tanitad/eval/goal_provenance.py
6666fbdd72602eadc888bdc6397b794c	6666fbdd72602eadc888bdc6397b794c	17485	1785760644	tanitad/eval/idm_families.py
a721215b64e9b55a45f1f6cb92db0c5e	a721215b64e9b55a45f1f6cb92db0c5e	18699	1785788293	tanitad/eval/latent_screen.py
690ee19601c697bdd2b4a0f3451f9c49	690ee19601c697bdd2b4a0f3451f9c49	28996	1784895625	tanitad/eval/metrics.py
26d35ba8134254fbac291b321522e7e5	26d35ba8134254fbac291b321522e7e5	11446	1785713307	tanitad/eval/route_cf.py
3bab25a3e651a9e4a00473d2257b99f9	acf430b8fece1dddd26ef7f7165a7044	5	1783485225	tanitad/eval/scenarios/__init__.py
380a283c20bf06974cb9c38fcd4e3527	380a283c20bf06974cb9c38fcd4e3527	4352	1784896610	tanitad/eval/scenarios/registry.py
3dbbe4767d5466c7a49fdb493a9b582b	3dbbe4767d5466c7a49fdb493a9b582b	17848	1784895824	tanitad/eval/scenarios/traffic_light.py
cb259d6a9b03eaaba2f46c26bc127d70	cb259d6a9b03eaaba2f46c26bc127d70	11214	1783371976	tanitad/eval/scenarios/work_zone_phantom.py
5e31bcaa738879d34b3b1fce3c1423c3	5e31bcaa738879d34b3b1fce3c1423c3	19926	1785782493	tanitad/eval/sitclf.py
debb5f751987bbb34c67a41c58741410	debb5f751987bbb34c67a41c58741410	34384	1785826041	tanitad/eval/sitclf_deploy.py
5d69de5f4e717f38e3f7ade90b8400ac	5d69de5f4e717f38e3f7ade90b8400ac	17183	1785736845	tanitad/eval/spectral.py
ef328863f0d12b32908d9b55294f5d34	ef328863f0d12b32908d9b55294f5d34	10039	1784830239	tanitad/eval/speed_benefit.py
83f85464c2ba295c26fde506f10b9ae0	c8bea0439cbd42ed37ab071ea5fc2c59	10879	1786837793	tanitad/eval/v6_probe_trunk.py
b7798dfeca51810282ebb2d490fc9638	18969b47802182fd9846c8301514240e	18334	1785125408	tanitad/geometry.py
436fd91cfb6a1a8256659c63325571e3	436fd91cfb6a1a8256659c63325571e3	347	1783280098	tanitad/instruments/__init__.py
30b29b20809cf85b0b2fdc564ae93dae	04cd870b158eb38a4966d031ba2ba0ed	371	1788522027	tanitad/instruments/__pycache__/__init__.cpython-312.pyc
6b58901069eee5cb64d5e52479639538	198d48828e6191103e33e717aa1c317f	6252	1788522028	tanitad/instruments/__pycache__/checks.cpython-312.pyc
0d61492ea80494f01d77379e07d4f10b	0d61492ea80494f01d77379e07d4f10b	4168	1783376360	tanitad/instruments/checks.py
68d57c85c8c0b45cfa4a4ae5bacae996	68d57c85c8c0b45cfa4a4ae5bacae996	1427	1783289623	tanitad/instruments/numerics.py
9c3b9a4a83c68f04a808f70223c3f5d8	9c3b9a4a83c68f04a808f70223c3f5d8	3393	1783283693	tanitad/keys.py
dec33099c0ae5f2ce4d62b5d1fd1f3f9	e1a41a1d9404f13be28d46e168b6d90b	1587	1786818591	tanitad/models/__init__.py
344f44734651d527d1da847257a66fa2	131eb8a55a9858a4f7c3304654ee561e	1344	1788522027	tanitad/models/__pycache__/__init__.cpython-312.pyc
461c044a44a2c94c2fd2eb510f3ce368	d0ff57e935405eb024b3ce958b9b4dc6	3556	1788522027	tanitad/models/__pycache__/_validate.cpython-312.pyc
1584d359228658668e5c5a0bdbed080d	e73ed5ca429af88c48a36c8def63740f	46365	1788522030	tanitad/models/__pycache__/agent_slots.cpython-312.pyc
25202967c8e5ec26e6b1260fb7421557	a8d704b5bddd6ec0648e60e84e46f443	26505	1788522027	tanitad/models/__pycache__/encoder.cpython-312.pyc
3f274dc0633dbc07127cadb2ed8d5d87	7d180f9491800aa223ae00bc7cbd7712	54891	1788522041	tanitad/models/__pycache__/flagship_v15.cpython-312.pyc
ca0572ab59630b54df4eb2e3ba427724	cdc2392befd4943e41554334eebc4063	51265	1788522027	tanitad/models/__pycache__/fourbrain.cpython-312.pyc
b479e5d61483ecb86ebac262d1aaf6c0	cfe772dbfedb244a59a1597250c7bfa1	12219	1788522027	tanitad/models/__pycache__/imagination.cpython-312.pyc
93b549ba83263b1aa21857a22b69e16d	78db471b78199447d91c4fdf2d19ed5c	1824	1788522027	tanitad/models/__pycache__/inverse_dynamics.cpython-312.pyc
744caf7ad3c8b532d0fe5d2cb3da6538	ca18b6e1a1572e83f70349acf9aab113	47036	1788522027	tanitad/models/__pycache__/kinematic.cpython-312.pyc
fcb29e0aa07d962b8cbb9fea887169e1	93fb2a94540566ca7b712b5b8dfbfbb8	41638	1788522027	tanitad/models/__pycache__/metric_dynamics.cpython-312.pyc
d425c35e320385aad0415a5f5cbdcce7	e589098cd2e892e3b1ba487558ab6656	16438	1788522028	tanitad/models/__pycache__/nav_conditioning.cpython-312.pyc
c94018be362da416ea22af634ec8f5ae	b4757c6bde8fa9cd904ec383d8e5e385	17028	1788522027	tanitad/models/__pycache__/predictor.cpython-312.pyc
a8b118ac1bd6fe921062740ebb851050	8c81f979cb35c9b7ce93865a220dd5b0	9436	1788522027	tanitad/models/__pycache__/readout.cpython-312.pyc
25b4bc37e0a7d2510b46ada36fa84a91	77dd78daa0acd651412e984dfd9171f3	15577	1788522027	tanitad/models/__pycache__/sigreg.cpython-312.pyc
ad0294b355bceac0b70940b68bb3871f	1108a5990cf9969f4917c3c29f13fb62	36559	1788522028	tanitad/models/__pycache__/tactical.cpython-312.pyc
975c99aca0520f936a19ac5fc4b9de1e	2c30cc8c2ce880d7072c3b664d56f963	290268	1788522030	tanitad/models/__pycache__/v6.cpython-312.pyc
f1d82aee4752d35086ec9831811f5c74	f25e5c5e217e84574eecb32d21f511fb	19266	1788522028	tanitad/models/__pycache__/vocab_v7.cpython-312.pyc
6bb46febc66f9fa34d4e98556c938ea3	6bb46febc66f9fa34d4e98556c938ea3	2962	1785736757	tanitad/models/_validate.py
39ac4d81453af706dda62b7666e25fa1	39ac4d81453af706dda62b7666e25fa1	37794	1786903171	tanitad/models/agent_slots.py
78ac1d14e116de45953f1cb1d95e3dc0	86794df094d850ed7c3886fdd53c8d07	20809	1785123081	tanitad/models/dynamics_encoder.py
1fedcdf12811415a07c665cf278476b9	0bc7988b2804b3a374daeac7ba1eb2ed	20162	1786818591	tanitad/models/encoder.py
867ea6f648f18054ca251bed9e2328b1	5fd78236999a62b8ab4ac072cc4c8b2e	52142	1786818591	tanitad/models/flagship_v15.py
2fd907a86934f1ac60d426db3352bc0f	2fd907a86934f1ac60d426db3352bc0f	20576	1787049079	tanitad/models/flagship_v4.py
8af210431293fae442cd911056bc2ad2	e15a170d13792dc43d61c29fdfbffedb	38988	1785749164	tanitad/models/fourbrain.py
0577def3cff8e2a84521ba0ee8282525	69294b5f15f1adc937b18bd7d8ffb214	13360	1787322435	tanitad/models/hierarchy.py
d68151b43ceba9ed5348f65a6d560063	d68151b43ceba9ed5348f65a6d560063	8243	1785121709	tanitad/models/imagination.py
13d694732d7748394374efa0c7f88bec	13d694732d7748394374efa0c7f88bec	873	1783279950	tanitad/models/inverse_dynamics.py
2b0fa0daa6195f2ba90c1f7e94b55422	fbc3fbc327c16a7bf90e8ef9d49b7c53	51372	1788506106	tanitad/models/kinematic.py
7ea2b8beb4d35090cf622dceed1586b3	31707e3de49ef177a01eb596efb50832	32347	1788472208	tanitad/models/kinematic.py.bak-preRead
44a48d2934a100c7b24563fe30dd613f	b56e060b679dcc600c974c9d97eb67f4	38717	1786818592	tanitad/models/metric_dynamics.py
f60234c062938aa03d7fd4490842b60b	ab9296b9d4d122aff74eb76d86d1863a	14655	1788079676	tanitad/models/nav_conditioning.py
6656e2964a877e41c05ba0a1e6b179ad	da9b21c455c3275bed1427495baaf554	17134	1788129041	tanitad/models/predictor.py
e5bb6f731a0e35e210082a4fcf787af1	e5bb6f731a0e35e210082a4fcf787af1	8513	1785715012	tanitad/models/readout.py
05fd7711c20519f8fc4ca1681226082b	05fd7711c20519f8fc4ca1681226082b	10369	1785116338	tanitad/models/readout_selection.py
22d137b2d0a9258e0e614a759b0cae68	22d137b2d0a9258e0e614a759b0cae68	31350	1784560668	tanitad/models/refc_rescorer.py
06b581bfd8e0802cc777bd142ad70423	58c21db82d8bd68713787cf7de8637cd	11990	1787413667	tanitad/models/sigreg.py
8fbb198529fda8376eb5705cd36742a6	8fbb198529fda8376eb5705cd36742a6	2779	1784713976	tanitad/models/strategic_goal.py
c45375b841e1085ebdc551698c3deba5	6e8c80c412cbcdcd8ff14e579c5df9d8	29511	1786818592	tanitad/models/tactical.py
5e62c43c98d84dc94c80b283a8ffe555	5e62c43c98d84dc94c80b283a8ffe555	2887	1783832459	tanitad/models/traj_head.py
648be50ac3fc4ee34a331c832464f085	9e899f3c6ddde67577b66575ce677e62	32605	1786818592	tanitad/models/v58f.py
38d74671057e8f68f8b5fec6a1004bb0	4156cc7b3dfc3ba96fa2ce0229473890	339590	1788092358	tanitad/models/v6.py
6ac5a2a6ee9cb60da2de016f27cf6251	6ac5a2a6ee9cb60da2de016f27cf6251	9387	1785115912	tanitad/models/vision_rank.py
1d11c907f3e8e81d0a010eff076febc4	e8ceb730818db789fb729654ace0c0a7	33343	1787953466	tanitad/models/vocab_v7.py
cb8f9ee20541cd5306605cc11c094991	d872a5a0fbf8a5d1baef2b404bb98200	12084	1785152690	tanitad/models/wm_reference_select.py
25c7ce22c88b3ec84086d3efbbd31287	4b4700e57664d143ac899558e9f010fd	9360	1786818592	tanitad/models/wm_reliance.py
36ebfba0fe499374665e257e93f24321	3f41242faabb464d136790162ea115e4	541	1783763476	tanitad/refs/__init__.py
9218bdf1b6d38d560ac0cf242549e3fb	66e1c5f61d2c18e0e1b7a474b0d0fc3c	630	1788522026	tanitad/refs/__pycache__/__init__.cpython-312.pyc
d0e9c725fb359600ccaf902a3be992d8	3b1f0a0e67e12fd6c4403e56f0ba24db	18391	1788522027	tanitad/refs/__pycache__/refa.cpython-312.pyc
d53f0736539ede2aaa33daccd5c28189	91f0ab108e0aa0dd11efc63dfb4284fa	34853	1788522027	tanitad/refs/__pycache__/refb.cpython-312.pyc
5f43292afaaf3ebf90ea00fd1f12d057	c4b0589d3638486cd856e82b86eac213	123948	1788522028	tanitad/refs/__pycache__/refc.cpython-312.pyc
b707e6478929576a4a0560bd1df38118	24dcf0a97717662e803969f41b561c3b	24352	1788522028	tanitad/refs/__pycache__/refc_select.cpython-312.pyc
848c6c314282c7e01e72f31d767180b6	705f769780c0c122d1ab1d92b80f9e6b	22356	1788522028	tanitad/refs/__pycache__/refc_tactical.cpython-312.pyc
f454c8a076b5b66c82fbdd05a099dcd4	e901f295e3bda2a334c31ae7798d4bc0	56432	1788522028	tanitad/refs/__pycache__/refc_v3.cpython-312.pyc
e2aa824955986d9c8ad7de37c9cec82d	e324a72315308cf9589fb097a4952667	15388	1784379754	tanitad/refs/refa.py
1c15a1b7f41605bb891cb5d2711c1b06	be1905cdecc2a59081091a053c6f7334	70150	1788220006	tanitad/refs/refa_v1.py
5f18acf56126d18fb2d4619dbc750434	5f18acf56126d18fb2d4619dbc750434	17263	1788494036	tanitad/refs/refa_v1_plan.py
6ec7e0604354edfb0380b72b48e73e4c	b68ce9719cff63b0c0df591267abb7f1	9647	1787257857	tanitad/refs/refa_v1p.py
0f7555386936b12eda6923bb385b1d9f	16f96baf6ad29caf2d04516f3edb1072	26686	1785121759	tanitad/refs/refb.py
547779023248eb6bb36be940fca73dae	0724c7393c5f2ac0b82129210d061365	148708	1788522012	tanitad/refs/refc.py
fa36851528c0d0f0ad2c487131c83074	21d09155045f75441c0a151cbefdf57b	22888	1786818592	tanitad/refs/refc_select.py
df0d63ef3b955bd910fceb4365a46d23	df0d63ef3b955bd910fceb4365a46d23	22067	1788520884	tanitad/refs/refc_tactical.py
815fdd9aee19289fe04dd591aa85b28c	083e390ecb2a51fd3d875add47ef70c5	73424	1788520884	tanitad/refs/refc_v3.py
2b5fa19b79a0c73b734e810cac25eba1	fc72fd738e4ccb0797162a50aaeb175e	21677	1787851763	tanitad/refs/refd.py
d2cfb938d26baa1967efe7aef37967c2	f611e009b622f99a8935724f8527b041	10534	1783793192	tanitad/replay/README.md
9a51773c193b38a625aa5774177b6c68	9a51773c193b38a625aa5774177b6c68	4229	1783803906	tanitad/replay/TUTORIAL.md
5f1d8d3495a0629c746260e447280113	73442199f2d99e08133f532962a5ab46	954	1783793192	tanitad/replay/__init__.py
bee1b109c36690def47c93c82c852528	35d24f1eaa0e0074808bb8ed437542cc	27311	1787489153	tanitad/replay/arms.py
a4bd9e04d18465c9c67a5a5e1d4d2277	b3fc79a3936d6e6b858ebb1cc54122a3	21008	1787489116	tanitad/replay/engine.py
2d5304c0bd758b7fa0c6e3f847bc2a05	1aeb4331ba697e392ff7216fedbba8c4	20329	1783843784	tanitad/replay/rr_log.py
16b7d0d01aab67daba26acf60ce0e628	21ad2aab2f0eacaa1262323317816529	10732	1783793192	tanitad/replay/stats.py
785be16e4bbdf4618780ddcb6ce8ed95	5a4020d3120d5f49fc9ed0e7dc0405e8	10324	1787489577	tanitad/resim/README.md
e6a63d449db9c0b68c0acdc91f7252b7	c67e3311bb6f3edf1dd45c8cf98fd135	1016	1783806178	tanitad/resim/__init__.py
afcd391a50d097e12fe7a53ebd1f56d2	3d6cd8464d6198e1f218c0ffe96c736e	28887	1787489216	tanitad/resim/export.py
7a269303fa36ae2a3785dc537b7c0bc0	a1abe7be10543dfa0f47ffff2b6cc12e	12914	1787489523	tanitad/resim/sample.py
92f61f3115ef45ce5920e690587e93ee	a1227fb28bd6ed777a50258fdc5593cb	57478	1787489388	tanitad/resim/static/app.js
688f59b8ead185d8bc43b691a131e60d	4af0667ae6be198adb4cb05b01843ac2	756	1783806178	tanitad/resim/static/index.html
c53d5383562152b5fba3ff4b71e617b9	2d4727c4b5725fa97eebf0c774441007	16322	1787489404	tanitad/resim/static/style.css
ba75cc1d3ac9642d823240ded9f799cd	ba41ca733093ac1254ad35b596984835	4167	1788042709	tanitad/rl/__init__.py
d03b953b6385ee224ae087d08378fa14	68cf865ea38a4f0ddf4f99c7d63a26a7	8716	1788015872	tanitad/rl/advantage.py
6555b315d9b9417cad47dc5857ba1733	6555b315d9b9417cad47dc5857ba1733	5525	1788033063	tanitad/rl/anchor.py
36afc1c3322541e5cacc312042a5776f	a16541ef43d06e04cd66a06d6865732f	11918	1788033254	tanitad/rl/audit.py
9da5bdb4a2cb437a205a9b9bc79aa829	3d86cd708df6c8a34e8815dc78efb5d8	11788	1788034092	tanitad/rl/config.py
370a9261132ee3ba37177a24dd4e7e0d	843f9db6c519155046c26c75bf7a0a6d	15189	1788034092	tanitad/rl/posttrain.py
31d9ef4901dbfea4bc1b81009ae4c48d	8e2225b87f085a3541f25043944e8d77	7755	1788033785	tanitad/rl/refcv3_adapter.py
c6f0afdeea4c3689c50e6b32b2f40454	ad85c30e10213d0ae321aedf640a40ea	33287	1788042709	tanitad/rl/rewards.py
4941e772d484a2c76da652a47fb777e5	e138217ed5d8a36b669f73c361d10880	7554	1787473240	tanitad/scena/README.md
549f0cc480f1abdcbf9999e881bfe745	9bc5607a6339b26f00e917183770eb7c	1391	1783810702	tanitad/scena/__init__.py
0c98a4dccf20e345109928aea0662b58	37098cafb1ce5d3a689b660c23a0b218	16783	1787473240	tanitad/scena/parse.py
da006e87cf0a3acd4ad43e208ad396b8	084b3faf61ced6ded1a2e50842cfb298	40963	1783810702	tanitad/scena/static/app.js
34c7d9f1837a42dc8c5da436c2c0f474	42c5db6a1f90a0d0f86d629dde02cab3	815	1783810702	tanitad/scena/static/index.html
236f48f1dc64e5154a7eb8f9476933d2	0d061a296b942cbfa9e48776e6caedd7	15208	1783810702	tanitad/scena/static/style.css
a027bb2d5f5d1b4eb46c0541265d73b2	7a97e9ffe2076c5269f8021c8ee1dea8	10275	1783810702	tanitad/scena/vector.py
d41d8cd98f00b204e9800998ecf8427e	d41d8cd98f00b204e9800998ecf8427e	0	1783280099	tanitad/train/__init__.py
2b99ae055b4d10a9ba7ea15666a53b81	2d9e99c79f0fe0e82a4fb5a15f714d73	147	1788522027	tanitad/train/__pycache__/__init__.cpython-312.pyc
356528f6a9e47c24c5d3d65e4fdb51b1	806636873450c15e32a00faf1a33b553	33594	1788522027	tanitad/train/__pycache__/train_worldmodel.cpython-312.pyc
c344c6869b6c796c434eb9d82b3d988a	c344c6869b6c796c434eb9d82b3d988a	1786	1784527305	tanitad/train/ckpt_io.py
6e34a9d7c5f67e426dbddac1ddc5bd76	6e34a9d7c5f67e426dbddac1ddc5bd76	6456	1784415729	tanitad/train/decorr.py
156e009e3d9edc912f6b534d22074d47	6f39e06b9ddd8eca6db887da86b6581f	25410	1785038798	tanitad/train/flagship_losses.py
ac3ee111ef0533d7df670a5e396fd82a	ac3ee111ef0533d7df670a5e396fd82a	36934	1785200339	tanitad/train/heldout_gate.py
ceded238426142cb85a535efadfd8ced	ceded238426142cb85a535efadfd8ced	25234	1785173303	tanitad/train/heldout_goal.py
eedfe941da6dc4df697e7d28aafb2a8b	3024d8229588e0200cf0ebd42b116980	24998	1788120615	tanitad/train/intrain_eval.py
ed285fc9175f6ac2aa3de65fb149fbd5	e414d118d8bab927f212bf97e9753b85	28546	1785184671	tanitad/train/train_worldmodel.py
a09db4dc1088d1c48630616b620e2668	a09db4dc1088d1c48630616b620e2668	16730	1784771665	tanitad/train/v4_curriculum.py
e6214e33b3688a5f9131dde760fe9279	e6214e33b3688a5f9131dde760fe9279	14212	1787489100	tanitad/viz_standard.py
cb1f704fdffd3c760ff91e0ead86aafc	cb1f704fdffd3c760ff91e0ead86aafc	1905	1786820691	tests/conftest.py
8d1b235b4c868192977c0f1c49860b42	8d1b235b4c868192977c0f1c49860b42	9392	1785782503	tests/test_accel_probe.py
e37a34edef896291eea4d301aeec4272	305fb07e1c63c775807625b4425edcab	17088	1785167084	tests/test_accum_effective_batch.py
9617de14a601299d13888a2ea45240d9	9617de14a601299d13888a2ea45240d9	1148	1787522110	tests/test_alpamayo_fusion_sides.py
c78e32ccea5e7d9e5ad41970c6fd8c1b	c78e32ccea5e7d9e5ad41970c6fd8c1b	4082	1788072735	tests/test_alpamayo_lateral_agree.py
18d90b4bd90e59c2d8d6a7100a191659	18d90b4bd90e59c2d8d6a7100a191659	2744	1788077515	tests/test_alpamayo_lateral_side.py
2ea2ff8457221f02d80578bb644a5db4	ee15e488f712d79fd588c62dd3080ed6	6246	1788043399	tests/test_amp_and_threads.py
66c73ac3549552453d308c25b5e7b8eb	40488ae2d42be9257100ea95a64fbe05	10682	1787330452	tests/test_anchor_goal_labels.py
1c7a1e24fb2b93c53da053fba4d69570	e38e5e949ed9754fa9e01389f45394c1	19723	1787473239	tests/test_anchor_prefilter.py
d7fb4705ebe81fb21973645731fedde3	d7fb4705ebe81fb21973645731fedde3	14482	1784380000	tests/test_anchor_tactical.py
34f8fc9125c36bbcfebaf543de7e4103	34f8fc9125c36bbcfebaf543de7e4103	11079	1785761445	tests/test_ap_ci.py
3cab1c7e47790ac807e115b67277845d	3cab1c7e47790ac807e115b67277845d	23628	1785085342	tests/test_argoverse2.py
5181da6b7c30202cd19a0f1b77aa6191	5181da6b7c30202cd19a0f1b77aa6191	12678	1783538828	tests/test_bakeoff.py
a599edf80749c953c92f50fee10c41d3	a599edf80749c953c92f50fee10c41d3	7146	1787864208	tests/test_bands_and_turns.py
cbc67378dae2c696040a3bb6ca61b9d3	cbc67378dae2c696040a3bb6ca61b9d3	18833	1787473239	tests/test_bev_consumer_fov.py
8d776da2d3226ae4b25c2137635e13b0	8d776da2d3226ae4b25c2137635e13b0	27833	1788002512	tests/test_build_parity_guard.py
bf5792fe3b2561efb8b43c07327bf6a5	bf5792fe3b2561efb8b43c07327bf6a5	4454	1784671927	tests/test_build_refc_anchors_v4.py
48d3662796c86bdd56a7795b12f2fedd	fc63da61ec3f2dabcb790e288105cde5	9982	1784322643	tests/test_calib.py
d53d2d538e4dacc6b7dd989b5eeeae6e	d53d2d538e4dacc6b7dd989b5eeeae6e	11279	1785029857	tests/test_calib_r1.py
a85c859775059dba618c744cb5141d85	a85c859775059dba618c744cb5141d85	2470	1784527353	tests/test_ckpt_io.py
f5221d92feee0f4d30b78e984997cd8f	f5221d92feee0f4d30b78e984997cd8f	3394	1788106815	tests/test_ckpt_trajectory.py
be6ee38ec004d847d94644c9ab0e7066	be6ee38ec004d847d94644c9ab0e7066	12041	1787473239	tests/test_comma2k19.py
15f10b13600123caebe73fc5f101867a	15f10b13600123caebe73fc5f101867a	2925	1783369746	tests/test_comma2k19_contract.py
b79fb340d7ab4f5e6be2e1631876863e	b79fb340d7ab4f5e6be2e1631876863e	19347	1785189320	tests/test_comma_heading_regime.py
d78607e80dae3349463d89f09fd262a7	458ab36718f23d8f38bc6f1b88e3383d	14343	1783961508	tests/test_compare_arms.py
0f56847f3377ca1aa476fcfba31e2a96	0f56847f3377ca1aa476fcfba31e2a96	5629	1785697854	tests/test_cond_imagination.py
6a61c2f42483205c5c7f7dce481b29fc	6a61c2f42483205c5c7f7dce481b29fc	5141	1787721373	tests/test_cond_parameterisation.py
e12d6c2b8bce9b7254e127b4127a6300	fc60dbcd6448585850d63b21c41aa0cc	7748	1786818592	tests/test_corridor.py
eb82adb4b66c1a78a8b372601e7e62c7	eb82adb4b66c1a78a8b372601e7e62c7	7804	1787473239	tests/test_cosmos_drive.py
dc12ffd00dafdcfad3f544e827f1b97d	dc12ffd00dafdcfad3f544e827f1b97d	1415	1783514379	tests/test_cosmos_pairs.py
db1bfab4416da5c9312b79b7d3fe4a36	db1bfab4416da5c9312b79b7d3fe4a36	2143	1787953307	tests/test_cot_corridor_offset.py
ea20bd7d53fc02205beb65fbe83a27cf	ea20bd7d53fc02205beb65fbe83a27cf	2295	1787865490	tests/test_cot_lane_change.py
547bf0d9d8e529cb662cbfb50db63894	547bf0d9d8e529cb662cbfb50db63894	2871	1787525941	tests/test_cot_negation.py
21be677d1b82befad1c0d7d96158a0a0	21be677d1b82befad1c0d7d96158a0a0	2375	1783514597	tests/test_d8_preview.py
91091fdb72e5e6d2ed5b84d5d60c3641	91091fdb72e5e6d2ed5b84d5d60c3641	2721	1787247756	tests/test_decision_check.py
3bf52567fb750ba0124ca0f5f8972ca2	3bf52567fb750ba0124ca0f5f8972ca2	4926	1785135054	tests/test_decode_mp4_real.py
d8ee0a8160cac4e4a09a8f78b36e00ef	d8ee0a8160cac4e4a09a8f78b36e00ef	2990	1785089277	tests/test_dlr_opendrive_registry.py
26a0b5077157db8a9aa17a976032b932	26a0b5077157db8a9aa17a976032b932	17299	1788027081	tests/test_drift_levers.py
8ddb7130ba0a9ea4dcf846dacbecb1bf	8ddb7130ba0a9ea4dcf846dacbecb1bf	10402	1788002512	tests/test_driving_diagnostic.py
f902bb8ae7999060c99f5d78e2c4c391	f902bb8ae7999060c99f5d78e2c4c391	4542	1784760333	tests/test_dynamics_encoder.py
f46e6987b1bda7efd177a59059749b67	38066bba750896c54f9ef5ddab8c4836	23015	1787330452	tests/test_e_ag1_anchor_floor.py
6fda8aa3afa2905241fe12b2522c0c2f	8ace1bf02289780aa5594156fcbf22ce	39162	1787330452	tests/test_e_wc2_sigma_star.py
a0a540e57e0cefd43a2bef056a8c4652	a0a540e57e0cefd43a2bef056a8c4652	7595	1787500487	tests/test_ego_manoeuvre.py
950c171b650eeedd4fe4c31eefca0f1e	950c171b650eeedd4fe4c31eefca0f1e	19826	1785154167	tests/test_ego_plan.py
0c6b3812f1211258fbd186ec16f4f810	0c6b3812f1211258fbd186ec16f4f810	16632	1788034499	tests/test_ema_tau_ramp.py
a1f62700bdb2002a251de938f8d3c9de	a1f62700bdb2002a251de938f8d3c9de	5524	1786827850	tests/test_emission_squash.py
87796e4cf1baa2bc957593d9d008bda0	87796e4cf1baa2bc957593d9d008bda0	1873	1783400318	tests/test_epcache.py
ffb561627a1dcf0c196505d45efa1eda	ffb561627a1dcf0c196505d45efa1eda	3793	1783538907	tests/test_epcache_key.py
a35b433bab9de8810c494db0e78b81d6	a2432d956ae0c3789be5bdcca4775b8f	13429	1783961508	tests/test_eval_behavior.py
2004321d6b0319b12e81e3a5927c6806	2004321d6b0319b12e81e3a5927c6806	18983	1788002512	tests/test_eval_contamination.py
7b7468c4133b373283b16b2687421ea8	7b7468c4133b373283b16b2687421ea8	5082	1785152584	tests/test_eval_flagship_v4_select_rule.py
ddd414d60ccf4363462e45a9edd1c301	ddd414d60ccf4363462e45a9edd1c301	13177	1784407443	tests/test_eval_speed_ckpt.py
65b7edbb0137d7992348a04f0dab3898	65b7edbb0137d7992348a04f0dab3898	28723	1785163500	tests/test_eval_v2_frame.py
8bb6d7746616c2d95193a08ace477310	52f851f186b599a3ad4e6438a0dff171	2533	1786818592	tests/test_eval_v4_imagination_ablate.py
b47fe69f4319472e8b9cac3c4b59dd20	b47fe69f4319472e8b9cac3c4b59dd20	4039	1785265924	tests/test_eval_v4_inert_buffer_load.py
eaed9dd9b09e601b5aa5fe23b1e71a3a	eaed9dd9b09e601b5aa5fe23b1e71a3a	1968	1783488695	tests/test_evaluate_checkpoint.py
854c55c400b00647f8e04a58d34fe6bc	854c55c400b00647f8e04a58d34fe6bc	6482	1787508471	tests/test_external_targets.py
ac8b35ecd57721fba141304147a8b28b	3242d1b763898595a43cfef2736a23fd	29794	1787330705	tests/test_ff_v58f.py
8f50413e027f270367ca3f3f6c2561fd	90e3b79046ebce2b74161bb5b7cc0204	22741	1785749228	tests/test_flagship4b.py
1e64a33957dc060a7c07719c33b90188	6c39d63145488a836aad59f5ea391523	34199	1785827595	tests/test_flagship_v15.py
8525e04a5c3d84a776c8e8ad1ae95276	8525e04a5c3d84a776c8e8ad1ae95276	29724	1785215981	tests/test_flagship_v4.py
5c25c7deeb219de29859d52884253637	8d23338e3494f10cf1972ec1496952cd	11337	1785791095	tests/test_frame_align.py
c38c0b7210c67b6cae5a1b936370f6fa	c38c0b7210c67b6cae5a1b936370f6fa	2747	1787534954	tests/test_frame_identity.py
cbe6d7f67848991662ebd833f489424b	cbe6d7f67848991662ebd833f489424b	14378	1787876996	tests/test_g_tac_geom.py
57d1bf5f9719e4b1deee00590b671404	57d1bf5f9719e4b1deee00590b671404	15470	1785116492	tests/test_gate_emitters.py
46996a42b075f6eabacfe2885fdd3eb5	46996a42b075f6eabacfe2885fdd3eb5	7350	1784374088	tests/test_gated_intent.py
8fc1f440a7a70db473035f784cc3a445	8fc1f440a7a70db473035f784cc3a445	9984	1783456528	tests/test_gates.py
9c0a833cfa782b25a4bce1f92cb650b4	5f789ab91049289c59df0446bdebd21c	2622	1786818592	tests/test_gc_split.py
71e46eadc22c2d2343916c3bfa5ebd63	35c370e44881b367345824366c76ebeb	42021	1785125424	tests/test_geometry_configurable.py
b7f386a5276fabc0971a52e803bc787d	b7f386a5276fabc0971a52e803bc787d	6215	1785828530	tests/test_goal_admissibility.py
e7b51feda80bc57db41d0e3e369db89d	e7b51feda80bc57db41d0e3e369db89d	14586	1787027397	tests/test_goal_provenance.py
7971e7b733c00dbd5e4eab39327cc85a	7971e7b733c00dbd5e4eab39327cc85a	7291	1787027448	tests/test_goal_provenance_v6.py
96882a3581afada5f5a82b78e773c069	7fae6b9837778a4d7d4ce127f3297de8	7964	1786818592	tests/test_goal_tac.py
9cec01c5d698e61f6cea79e51c59d251	b26d3aafc8d42441464e557204f68be9	23829	1785192376	tests/test_heldout_gate.py
7b2088260253be2835f5096d584b1b2f	1d8c6bedb80b9e9836e1699075f43ff2	15357	1785174962	tests/test_heldout_gate_goal_wiring.py
7542aafd5c937e905068a1c4ce4aa6dd	7542aafd5c937e905068a1c4ce4aa6dd	12202	1785173446	tests/test_heldout_gate_real_head.py
9ac71020297c1c0a233a0bd46f4fa5c9	9a91eccb817f859caba289a9b081f15f	8428	1787875728	tests/test_hierarchy_rung.py
e235d85ab42ca973d639c9ce21db43b1	e235d85ab42ca973d639c9ce21db43b1	6321	1788145170	tests/test_horizon_wiring.py
7517bf27c8dab37472ee33e2109111a4	7517bf27c8dab37472ee33e2109111a4	11324	1785715014	tests/test_idm_families.py
cc57834c91eb53aef6444097db4ab85d	1fad6f2348d3f249657f85f376341413	12757	1785753163	tests/test_idm_head.py
05febeb4ae25eec6dc5515f8ded2f375	05febeb4ae25eec6dc5515f8ded2f375	2765	1783283267	tests/test_imagination.py
1ae65d4e62eb9679aa8dc5db22bcb371	1ae65d4e62eb9679aa8dc5db22bcb371	1851	1783376382	tests/test_instruments.py
96615e368e73c1e987196b4c2cecffe7	66a48bd67c9bf0bd610fba11d6d01ce1	21715	1788120627	tests/test_intrain_eval.py
3c03b4571ddb29adcb1cb843809f5dbd	3c03b4571ddb29adcb1cb843809f5dbd	20204	1784410578	tests/test_invdyn_gradscale.py
deaa15e3f68780d5f9ed9a4d20999ef6	deaa15e3f68780d5f9ed9a4d20999ef6	2021	1783283708	tests/test_keys.py
4eb2db071f03f9ea83065958ef7f4cdf	0eb52d3492d7db36240f1068eb63d982	10581	1786818592	tests/test_kinematic_losses.py
f104058453bc93a789169d3020f99c1b	f104058453bc93a789169d3020f99c1b	1924	1784359415	tests/test_kinematic_nan.py
17fbb3ab9a5014b6660ab75d4451e2bc	17fbb3ab9a5014b6660ab75d4451e2bc	3294	1783597596	tests/test_kstep_rollout.py
2d1dfbea144d30cccb84749931b353d4	2d1dfbea144d30cccb84749931b353d4	7263	1784697944	tests/test_l2d.py
cc502967bfa4ced6ab7c1ca792601f6d	cc502967bfa4ced6ab7c1ca792601f6d	3725	1788170624	tests/test_lab_backlog_drift.py
3dcd39b03177bae039775d65b343ecde	3dcd39b03177bae039775d65b343ecde	13095	1785782187	tests/test_label_causality_and_nav.py
41875c1b9b2bc6bedfff4ff813bc9112	41875c1b9b2bc6bedfff4ff813bc9112	6192	1787491931	tests/test_label_guard.py
dbc6282e812f10d532119f83391a9db3	dbc6282e812f10d532119f83391a9db3	16356	1785038962	tests/test_labels_v21_wiring.py
8c0d9ac20413024dc190809ff787f6a9	8c0d9ac20413024dc190809ff787f6a9	13917	1784414270	tests/test_labels_v2_wiring.py
60c62cbeb13a547007b275358f989c51	d73210fa43c1ba266f1fab17fe58d3d5	20635	1785085415	tests/test_lake.py
b6eedb37cb732216303b518f4d31f872	b6eedb37cb732216303b518f4d31f872	6374	1784499776	tests/test_lake_curation.py
c7a14441697429e6f25b009438dbb987	c7a14441697429e6f25b009438dbb987	10685	1784500104	tests/test_lake_enrich.py
53b906a875c24a8b025a9951fc9c81a8	53b906a875c24a8b025a9951fc9c81a8	9699	1784499737	tests/test_lake_filtering.py
bbd0418b6c0358403b8544911380a9f1	bbd0418b6c0358403b8544911380a9f1	6250	1784499928	tests/test_lake_vocab.py
1bdfd79ff1c0d8482e6b8aaf33516431	1bdfd79ff1c0d8482e6b8aaf33516431	5892	1783574369	tests/test_lal_v2.py
dd6574152326227fa03932da40593c01	9603f0a831a8c27a0e56461e8bdd0d25	27713	1787473239	tests/test_lan.py
887a0e5dced5b03569ed31855466d86c	887a0e5dced5b03569ed31855466d86c	8264	1785787681	tests/test_latent_screen.py
0df0208eb65f742114fc4089654738f2	0df0208eb65f742114fc4089654738f2	19699	1787015516	tests/test_launch_closure_audit.py
37be53e4eb8823436313db7f3bf700b8	c725f2fec450cb06e3a7b5569b25b0f7	9122	1786818592	tests/test_lf0_bev_lead.py
268fa9cda2d523964355e6300c6151ec	d11d81c6f2801761c5ed9dd84688365f	30917	1787564742	tests/test_loss_determinism.py
7ef67e6cdc76ac73613ad58460c663e4	7ef67e6cdc76ac73613ad58460c663e4	17012	1786924304	tests/test_maneuver_label_family.py
26b242d253484ad60c18c65859e491dd	26b242d253484ad60c18c65859e491dd	4135	1783283123	tests/test_metadrive_env.py
c7759bbde0eea81e8fd761d8365f9ff0	c7759bbde0eea81e8fd761d8365f9ff0	10585	1783372937	tests/test_metadrive_frontcam.py
948c4cdc15e963493de0af3b4dbc22ac	948c4cdc15e963493de0af3b4dbc22ac	9096	1783832893	tests/test_metric_dynamics.py
3f82f782a5f5daf463674bed4e4df866	3f82f782a5f5daf463674bed4e4df866	10080	1783458862	tests/test_metrics.py
37aadbd6e1de51e62f3fe7e62973d310	37aadbd6e1de51e62f3fe7e62973d310	1813	1783372821	tests/test_mixing.py
a8817f328e5779050decc2026f4e5d44	8282432bc03bbbfe9543ecc95863e5d4	6760	1787839290	tests/test_model_vocab_v7.py
e32d3d51b91ae530546ce34a02fcc1ab	da950300c2f00595f19d51756daf03a8	13064	1788079710	tests/test_nav_conditioning.py
90f07137392e7221ed52132e8b162205	90f07137392e7221ed52132e8b162205	13432	1786847527	tests/test_nav_known_channel.py
dbb9567df59e3beb9e3898b91eba53d9	dbb9567df59e3beb9e3898b91eba53d9	9503	1788152661	tests/test_nav_v6stack.py
6ef92fba178bbf542fe4f196c9fccf7e	6ef92fba178bbf542fe4f196c9fccf7e	2276	1787487736	tests/test_newest_frame_only.py
7d5e51ee910f97bc54935a7038a0d92b	7d5e51ee910f97bc54935a7038a0d92b	5523	1785139752	tests/test_no_frame_shadowing_repo_wide.py
0f79043d33fe476e1d9ddaf48d14fef6	0f79043d33fe476e1d9ddaf48d14fef6	22816	1785030687	tests/test_nuscenes.py
c21ca52fd93651b9c54e9788dce20638	f6bd8dd960ce6dfe08c27ef8eed89237	6195	1787590733	tests/test_o11_counterfactual.py
9401fa48b506f4f3ad7cf73fb29ed7ac	f552f9f2e6aac29d3ec093143e887c55	6680	1787694201	tests/test_o13_ego_dynamics.py
14d7ae29cde007f42de20a0e19ad7d37	327ef45995c77716fa11c10e4b0173e6	7232	1787840389	tests/test_o14_future_obs.py
7d8188b4c8d473215858f1ba8fdfb373	7d8188b4c8d473215858f1ba8fdfb373	5947	1787493132	tests/test_o1_detach_encoder.py
8b67075e3ebf65ca4ef91445cc0db807	8b67075e3ebf65ca4ef91445cc0db807	3194	1787866177	tests/test_o5_ema_teacher.py
67d106d6c55371bbd3b1612876f69217	753843be6455a41b7b9c866585f0f6ee	21322	1786878599	tests/test_o6_spectrum_power.py
8189944e0f0e4b3e27900881d578fdb5	24df789b0a264d2a1e7b179aad7b845b	16580	1786818592	tests/test_obstacle_join.py
142d5c1b2b84b41cdc4501f7d7365daf	9968f3f8b760d8dd0360b392442b7431	1605	1786818592	tests/test_p1_lead_transforms.py
4139dfc7459921663aa822c3f15ee753	4139dfc7459921663aa822c3f15ee753	19278	1787473239	tests/test_p4_fov_predicate.py
0076a17a04246f4991d30e34f85b999e	26cc3f7df7b638b989999580fcb936c0	22088	1786818592	tests/test_p8.py
9c42a86513a299f32bbc80e6956a256b	ce80f1fd1501306840bcd3a0fb9366da	2586	1786818592	tests/test_p8_reel.py
f68be3b9026697c35a68925e83cd0fd8	f68be3b9026697c35a68925e83cd0fd8	25484	1786838494	tests/test_p8_v6.py
f5d664b871cdb7952be31094b9825361	f5d664b871cdb7952be31094b9825361	13311	1786890812	tests/test_p9_saliency.py
8fd236b6f0764c5fed13ab6257bf57ec	8fd236b6f0764c5fed13ab6257bf57ec	17908	1784988098	tests/test_parity_manifest.py
1cd85c1ee8415ee05b1f2809fd3371ef	1cd85c1ee8415ee05b1f2809fd3371ef	4802	1787494125	tests/test_participation_floor_provenance.py
8468afabfb7cb1b8f1d8ab4b7f4bf17b	8468afabfb7cb1b8f1d8ab4b7f4bf17b	12702	1787473239	tests/test_perception_floor_homogeneity.py
2d78f9566d3307e67143f7f5877fd890	ad63adbc1857f8ea1ad3c993b4633080	35199	1786820143	tests/test_ph0_pilot.py
b50078000a9ffc831f9874f01a0b7807	b50078000a9ffc831f9874f01a0b7807	11855	1786902694	tests/test_ph0_rich_overlay.py
7faca48d9a13be3fbc72efbdd82bd9da	7faca48d9a13be3fbc72efbdd82bd9da	46021	1786915872	tests/test_ph0_sam3.py
00f05f07b047ee89d629155c42b268d3	1c5f571985e9b63abffaae853f4b1979	20035	1786818593	tests/test_ph0_v2.py
00162bc7827ee444f5baabd04ca537f9	ffeda73a6e4f5f9694d47ac6b516ee61	7190	1786818593	tests/test_ph0_v2_overlay.py
63fc36cef5cad570944826394e6bd02e	088f2619a0a2b299d4525b7294ebe3b1	62455	1786925556	tests/test_ph1_fuse.py
a44a2f960c4247a49d6bae5df92254ca	62bebc06fe9e46fb26231784443a3b3f	3545	1784322643	tests/test_physicalai.py
3ee28a27e5845dd5abf1b133f6fbfa95	3ee28a27e5845dd5abf1b133f6fbfa95	15948	1787473239	tests/test_physicalai_feature_readset.py
283026cd987c8cd1d1cf8b8ee0e95d00	3f16b0dd0c27126ed111ef438ed8fb6b	6891	1784322643	tests/test_physicalai_rig.py
254f0dfa0f6647921e0f204725c94279	a0f0cf9a10c14ec4900dff032efd3623	5853	1784322643	tests/test_physicalai_signals.py
ff167edfbe0761f7ef0ab8fd4124adee	ff167edfbe0761f7ef0ab8fd4124adee	15805	1787473239	tests/test_pod_git_drift.py
f92b2887379dbb11591332bbb344317a	f92b2887379dbb11591332bbb344317a	8036	1785825735	tests/test_pod_kill_forensics.py
8db2dd5784497e5b450f36113b40559a	ba9c19cbc910ada0bbec0a57256cdca5	4298	1787473239	tests/test_predictor_failfast.py
ad8bcd320b30a684cef1cb5d80b693af	ad8bcd320b30a684cef1cb5d80b693af	11811	1785166445	tests/test_preflight_parity.py
b2fadd92239099ab2cfe73cfb56ca268	b2fadd92239099ab2cfe73cfb56ca268	7541	1785180811	tests/test_preflight_paths.py
9905bf680decdcaa675cda321bc2e6eb	fd43b66828ab1d45885b2c2f15aec34d	18465	1786818593	tests/test_probe_latent.py
acaaccafdc1b2f7d798f98dea7cbd0ee	acaaccafdc1b2f7d798f98dea7cbd0ee	3907	1787473239	tests/test_profile_testsuite.py
1b183de7afdf47300b72dfb1c919e19a	d6b2acd0592b1713be360e9add4f367c	5503	1787535115	tests/test_psg_targets.py
ef28dd489ee27c681b59a0821093ebd5	ef28dd489ee27c681b59a0821093ebd5	3991	1788040317	tests/test_rank_gate_abort.py
00653ee3dfca3f725690f5090b7f3607	a3febaed4fbb4596a1821d73f6ecb8e1	7089	1786818593	tests/test_readout_onnx_pool.py
3bb26617f2f7a90d8c792d70d7622459	3bb26617f2f7a90d8c792d70d7622459	8904	1785116400	tests/test_readout_selection.py
a341acdd69e8c1e58c0847fe17f701eb	a341acdd69e8c1e58c0847fe17f701eb	4348	1785790500	tests/test_ref_offset_repo_wide.py
99609891690e24837f88cdd06faa7df0	99609891690e24837f88cdd06faa7df0	8574	1783783822	tests/test_refa.py
18675c545f166f38f310df6e14a70d62	2b6b530aa12a52cca00b243e372b90e2	10392	1784322643	tests/test_refa4b.py
2ff6e2dac14382350f7a2ce79a1ad2bb	ce798dbf48c6b15394fecdb357277646	10246	1784322643	tests/test_refa_flagship_parity.py
3e32fcf07fd5d46d9ba6d080fef431a6	3e32fcf07fd5d46d9ba6d080fef431a6	12602	1783852532	tests/test_refa_grounding.py
72cf1b59b5e99e5feb59ad8dc02271ec	c9af8da81cb62166ebc828ea17faa478	22641	1788208000	tests/test_refa_v1.py
649c0218cb87ddd540e33a40edae958d	4f1aa6fad088a877662be58b61432cbd	6782	1788208056	tests/test_refa_v1_cf.py
395cc663f3768ad0c44d2f18422dac84	395cc663f3768ad0c44d2f18422dac84	4923	1788210310	tests/test_refa_v1_labels.py
3a6687878da74dd20d5da95a4dfa7b47	1ebd2571b972af04b745b92d4652342d	7221	1788208000	tests/test_refa_v1_ladder_alignment.py
0c9ae8e8650e2bf4acc9822cb8671841	9c93d07bf296c05ff8c65b1a33b41b62	7044	1788210464	tests/test_refa_v1_motion.py
28f287fbfe018077bf30e8db2142b92c	28f287fbfe018077bf30e8db2142b92c	5840	1788213905	tests/test_refa_v1_nav.py
c8e33c44f91f53bbb15827d20a981f29	c8e33c44f91f53bbb15827d20a981f29	4344	1788215649	tests/test_refa_v1_proposal.py
43d4aa918e83fd85928397be29aec7a9	57dff4aa7879cc7e10c76a9f815e588d	6896	1788208056	tests/test_refa_v1_str_ext.py
fc78bb0a3acfce6a1b44c566bd69d289	fc78bb0a3acfce6a1b44c566bd69d289	4404	1788210335	tests/test_refa_v1_target_space.py
f2f5a1626724e305e5d38c6e833bbded	33639f36ccb691e32dd24f20ae314fb1	7750	1787173582	tests/test_refa_v1p.py
02780f3eab19811d97f28aebfdee704e	02780f3eab19811d97f28aebfdee704e	5133	1788214038	tests/test_refav1_loader.py
ecc9396b3bc1aaeaaff64089ed26d3fa	ecc9396b3bc1aaeaaff64089ed26d3fa	11441	1788218579	tests/test_refav1_loader_labels.py
a02ae79d2ae9379e6929a9e3467decd1	a462cd64cf72b93c2b17cc1cebd95d98	21411	1783782205	tests/test_refb.py
b784af92b9209faa68e5f29eecb02321	b784af92b9209faa68e5f29eecb02321	10788	1784410316	tests/test_refb_labels_v2.py
83ad2acf8cb8ac7fff91b489ea90bef9	83ad2acf8cb8ac7fff91b489ea90bef9	14393	1784548101	tests/test_refb_labels_v21.py
04fd5fae0609b93eab0e77f4b96f550f	6955975df4a0613dd0a505aecbc3dbf3	20072	1784627819	tests/test_refb_labels_v3.py
5e6bdad56c240d19a3476fd339e00f47	5e6bdad56c240d19a3476fd339e00f47	30168	1784365750	tests/test_refc.py
9213fde0b3566e50bde99e15198f17d9	9213fde0b3566e50bde99e15198f17d9	15543	1785826297	tests/test_refc_ce_objective.py
707ebe52ef6af383471cccce8f804f7b	707ebe52ef6af383471cccce8f804f7b	4363	1784628521	tests/test_refc_labels_v3_wiring.py
8e2f6824b58f69f4f3e855954d8ee6d6	f1f8f04ea684874a5209c37d4e5ecfd0	16776	1784559833	tests/test_refc_rescorer.py
6bee3e0ae49620caff0d5e15e20a5712	2065f9654eba57a426261e2d9da23e24	30327	1785783409	tests/test_refc_select.py
ea61ccb15a385ffdd84a20602070fffd	ea61ccb15a385ffdd84a20602070fffd	6521	1785785925	tests/test_refc_select_guard_fires.py
33013f2354911115e25526fcadad9af8	51931ec54166636349879e5987a6fb95	15006	1785823931	tests/test_refc_select_s1_climbout.py
374617704a5fd00c15db5bfe931f4c42	814ffdd2eef8ac80927768bc315137c5	35298	1787473239	tests/test_refc_tactical.py
7a03147396468ca4daad3a333ecae8ec	c30e8e47644217651ed5b33155765a92	17010	1787873716	tests/test_refc_v3.py
f604a6cfc20b1825f99cf8b6fedb4657	f604a6cfc20b1825f99cf8b6fedb4657	8173	1788218658	tests/test_refc_v3_lan_preflight.py
6e2b167502cd846a58003859ff530777	6e2b167502cd846a58003859ff530777	4686	1787329452	tests/test_refc_v3_scale_matrix.py
18aa94f08cd9b876ee32f0df3831fc34	916bde4251258502fbc2e1729a103236	33210	1788505277	tests/test_refc_v4.py
7e8683b3c8e3eba3e16be0a8cd4ee6b8	48dfa5ab4240db43c236828dcd22d6ba	8893	1787875763	tests/test_refd.py
f631da681820756ef15c4d421f265a6d	f631da681820756ef15c4d421f265a6d	2603	1787851801	tests/test_refs_vocab_v7.py
a9915f3aa2cf25511cf45793f0f83de7	a90bd2e1e016338e58583f03fa685942	13559	1785790922	tests/test_render_quality_alignment_gate.py
415ebbfdb96f2d51d313619d67f1f0d0	ddef43a9244b3108c669c7f048124d62	18336	1783793192	tests/test_replay.py
a7892051fa1846a1e5c7a3e1465442b6	2894cd9789cbbe8a9c586ad4860d7617	15885	1787436222	tests/test_residual_init_scale.py
de1329564608ca704b2cfd8ac05b4c64	f016c84705017490b59942c8770ac931	41793	1787489547	tests/test_resim.py
5b4d1de30c3320a0dbbbb5f4976297ad	bdec55ebcd53faa10de5b6ab824413ad	5623	1786818593	tests/test_retime_path.py
49ae81589741b0f9e42e3ad4e28cad2c	a88369aea3efd245fbe666d0e60e83da	18010	1786818593	tests/test_rig_clean_fix.py
49735ad312781e03a96ff93a2ba62f38	6b638f00b9c0d1e40a61dd13d83d3b48	6131	1788015930	tests/test_rl_advantage.py
fdc4f0c6856d82a92f011d0fe86784e7	514ec0bce1fa4972ef1c0958ccdae79b	7659	1788034137	tests/test_rl_anchor.py
23bd684f4657bc9dfd3cc527d2aec727	720978a6520fff185ac85296393a8d1e	9116	1788033254	tests/test_rl_audit.py
5e0fb139a354f4df09316eaf7a6ed569	5c9eb9df124fb4ebc6f3395cb0800d5f	4994	1788039530	tests/test_rl_clearance.py
2756f253759ad9c8096079b313d07dfa	2756f253759ad9c8096079b313d07dfa	4133	1788015214	tests/test_rl_config.py
b0d8fc9b768968d17354f311bd59b210	e50721325e63c1bb1a6e69259850f46c	12148	1788026791	tests/test_rl_posttrain.py
2dc4ba72a5c585dc307421670111a9c9	2dc4ba72a5c585dc307421670111a9c9	8825	1788030061	tests/test_rl_refcv3_integration.py
00ca73c27b34fb2c207ca95dd7444401	5cbd9539aa7f3e073cf6bf6188a055c4	19229	1788036102	tests/test_rl_rewards.py
aeeda7907352a9c510edacc7cde14536	aeeda7907352a9c510edacc7cde14536	27750	1787473239	tests/test_run_gate_card_render.py
75a5a036baaa0358ef8ad14ebbad8811	75a5a036baaa0358ef8ad14ebbad8811	29136	1787473239	tests/test_run_gate_corridor.py
058a38d47340f20b71be23e195fa6f70	058a38d47340f20b71be23e195fa6f70	10389	1784716563	tests/test_run_gate_eval_metric.py
9541b3ecca918932abe7d7eca45371ad	9541b3ecca918932abe7d7eca45371ad	8892	1784656870	tests/test_run_gate_reached_at.py
d2887a46979a04420088da429c803a00	d2887a46979a04420088da429c803a00	3845	1788040427	tests/test_run_provenance.py
45bdbcac80597aa34858d08bc28a2ccb	45bdbcac80597aa34858d08bc28a2ccb	31735	1787473239	tests/test_runbook_commands.py
bb8770d696ad28adede48239d6b33326	bb8770d696ad28adede48239d6b33326	7286	1787873645	tests/test_s2_abstain_v3.py
8234762c56757761aef9dfb2044b4dd0	8234762c56757761aef9dfb2044b4dd0	3191	1787507075	tests/test_s2_geom_emit.py
6a32ba5a626f32fc621a663624fa9d0b	6a32ba5a626f32fc621a663624fa9d0b	5347	1785789228	tests/test_s3_deploy_probe.py
f6d133ff1328da289df3dc3af64d045f	f6d133ff1328da289df3dc3af64d045f	2012	1783538868	tests/test_save_episode_validate.py
83337572eea63fbc418b725354c2ec64	3835a79eddf3a6524dc7e7a477575f59	9616	1787473239	tests/test_scena.py
8eec3deaf5c8f5df01b02c062f08075f	8eec3deaf5c8f5df01b02c062f08075f	3416	1784896674	tests/test_scenario_suite_wiring.py
3dbaf0fd7420adea9d1d908aff4390a0	3dbaf0fd7420adea9d1d908aff4390a0	6938	1787011888	tests/test_seam_dump_import_guard.py
c673f706fccc59802de9b79259de8f00	4b18ca58f21bf927b0217f06e034b0a9	32787	1787473239	tests/test_secret_scan.py
e9b6a17c754a2fc715eef4e57867dee9	e9b6a17c754a2fc715eef4e57867dee9	857	1783280108	tests/test_sigreg.py
d1b18417409ac35783843ceda0fa18b4	a383877bf852e771afd38e4f7658f373	18673	1785783044	tests/test_sitclf.py
b84161a1799998e3772cabdb9674b183	42cc7467dd35e21fd5c65f79f634f415	32724	1785826067	tests/test_sitclf_deploy.py
050db9724cb3bb7f9f01286e9ed228e9	661a04c242bd97669e3a69a92b74d378	9337	1787330453	tests/test_sitclf_train.py
49d843a6ed19ae1dae5212fe5bcf0cee	8b4977bde10f6519f4ea6bf71f64cd64	9436	1785279460	tests/test_situations.py
d5222ce03b8a507d40e581643ac2d86c	d5222ce03b8a507d40e581643ac2d86c	987	1783374593	tests/test_smoke_train.py
994c2b5dfe6efe35f772759e732f3ad8	994c2b5dfe6efe35f772759e732f3ad8	5192	1785736852	tests/test_spectral_orthogonality.py
b5a98c3fb612b630c93d6eea6b65d834	b5a98c3fb612b630c93d6eea6b65d834	6505	1787473239	tests/test_spectral_sizing.py
7f8ce2b40a9dcacffe2cef08fb063bc9	9805f40632d8407950007dfe02506799	11937	1787473239	tests/test_speed_band_derivation_blocker.py
f30bb56276cafede2ab83bb14a94a658	f30bb56276cafede2ab83bb14a94a658	7778	1784403231	tests/test_speed_input.py
5aed9980661ff0ef8cf0e3ec44ebcdc9	99f97cd802fc6a5005131cefc4469f34	8608	1786818593	tests/test_stage0_trainer.py
1787d66ea0606ffee495069b4609e0e1	f50970da378c3808627aa3dc2ca62e39	15770	1786818593	tests/test_stage_a.py
8ee7c152f28c0630b32f728db3e5430d	db8ec3ba2c6f1be100c9916c8fc0e865	18482	1786818593	tests/test_stage_a_train.py
001e2eb611067e098ab71e3461856de8	001e2eb611067e098ab71e3461856de8	2823	1783285681	tests/test_stats.py
4c80eb5acda8d52ecd87e88215c88785	4c80eb5acda8d52ecd87e88215c88785	19605	1787473239	tests/test_step_time_guard.py
0331e2a17a81054caaf76be5458ae3f1	fdf8ae6aa46e9f89340336d3d072f302	6966	1787437619	tests/test_subspace_sigreg.py
a45863b39a00a2e8c256e5301e46ab77	e76c9050365a3dddc619d16ad9716f6f	30436	1787876128	tests/test_t1_v2_adapter.py
9e3d87988977a4fa91c230b7f5c6ed75	866f225e5cb882b0bc8ddc3414ffcbba	34248	1787223204	tests/test_tac_str_labels.py
5ce9cd1e156502ad37f9b9a778ba4920	105ac1ed32e8601f61b5e7ae0e0b35d9	13573	1786818593	tests/test_tactical.py
8ef44c8dbca7d4c51cef7f937ab63367	3090a0b0811518ab56b71b795eaa0b14	10847	1787511919	tests/test_tactical_goals.py
08da2173b78a824a57ddca0255398043	d70e8b8aad85608133365efff56814b4	5678	1787836995	tests/test_tactical_vocab_v61.py
808978dec43f637ce097bb010cdd6cff	49d0ea10163335364b56466869367cf5	6935	1787330726	tests/test_text_encoding_is_explicit.py
ece85bb97169602da2c10ec7cb016f7a	ece85bb97169602da2c10ec7cb016f7a	4825	1788042709	tests/test_threshold_calibration.py
c2c2a0593c9f04bd9853f86e82ff7ae8	9c5a684f50b135c35071525e309c6248	7799	1784896162	tests/test_tlc_metric.py
0306c64bafaa42645d45901556ce2df9	0306c64bafaa42645d45901556ce2df9	1055	1783280119	tests/test_toy_data.py
f4ae810e0662359e016ed755cb10ba25	f4ae810e0662359e016ed755cb10ba25	8681	1784896029	tests/test_traffic_light_scenario.py
5ac21b1f8631fa96f6a0c6266fc987b5	5ac21b1f8631fa96f6a0c6266fc987b5	20513	1785205545	tests/test_train_flagship_v4.py
ee15b4e81d81ad77172a9c5a75c19350	2a8fa82908df3eb9c80fe87676bb0fb8	9862	1786818593	tests/test_unicycle_action_space.py
d7f94b84281c2b4f78ead727322495d6	f6272760a6e09c60da545d1443293bf1	5318	1786818593	tests/test_unicycle_emission.py
1a32f0e273cf26e5dbb9db22f0b1a10f	1c17235dfe5853bb24c64e76b0901736	14554	1786818593	tests/test_unicycle_readout.py
e2e99e5b06bc216d44697c38ce9db492	e2e99e5b06bc216d44697c38ce9db492	8027	1785137616	tests/test_v2_compressed_real.py
45282bd086f1bdf9061a3beaf70a3792	45282bd086f1bdf9061a3beaf70a3792	11529	1786900351	tests/test_v2_dataset.py
6f6dc7370a38a4af48647a8dd590afab	6f6dc7370a38a4af48647a8dd590afab	32060	1785144284	tests/test_v2_parity.py
4b9194c6326ccc281885a0fcdb179edc	e93a5dba3918a64f4bd4f49d97444957	10788	1787330507	tests/test_v2_to_pilot.py
ef010b9647aa3f5bcaf24042cd2bf2f9	ef010b9647aa3f5bcaf24042cd2bf2f9	9399	1784772086	tests/test_v4_curriculum.py
64c277b7c73de04cf2d59704866fdc7b	d6c966427e2afd135202bf00094d9028	11139	1787077153	tests/test_v4_labels.py
8c2c114a80d9e3ad804145c26346e300	8c2c114a80d9e3ad804145c26346e300	3705	1785116971	tests/test_v4_legacy_checkpoint_load.py
88ebec547e9eb24962590b3f855e5bb6	88ebec547e9eb24962590b3f855e5bb6	11087	1785786489	tests/test_v4_off_reasons.py
45f864784e8400394228a43e8b9be064	c02877534a5047db281e7092ec502642	18367	1786818593	tests/test_v58f.py
062984748b88554d0b482931660d0985	062984748b88554d0b482931660d0985	21256	1785160601	tests/test_v5_frame_wiring.py
a34b53214aa080a8906357cca69c8467	a34b53214aa080a8906357cca69c8467	2297	1785675636	tests/test_v5_guard_math.py
1bfb4c931e509e9bf4b0f59ea7084bbe	34d25d86cf3750f2ccb9c07db5b5504e	47219	1787536792	tests/test_v5_trainer_v2_val.py
be3a28358834623088d54d341cb498b7	79c5117e46c1d2e86a27e46b171a688d	40309	1787876030	tests/test_v6_agent_slots.py
2a8ed326717e3dcec15d52c6d7c06888	be52cb60ed6dc9a451bb059398baad2d	46310	1787869981	tests/test_v6_anchor_loss.py
b3357ba6dffb7f4d5ae267197e517560	41ffe4378818b954707793953ece526d	34540	1787003592	tests/test_v6_chain.py
be5aece5ffed0016d8f78ed2e60393bc	801851f330131191aae0449e89d6817a	2584	1786818593	tests/test_v6_ckpt_layout_compat.py
cc38aa273ee7b52c0ad64fd8b04baad0	fbbb163f3d0259c14a50a9d8ba5a33c3	36723	1787875933	tests/test_v6_diffusion_mpc_fallback.py
0952d40c81b1aa482f3e38f40ed67f67	57228f94e563b4fbf7df113a6ad93052	37754	1788026430	tests/test_v6_domain_mix.py
8bd6dd6262e5f1b68e30bbe32781b050	8bd6dd6262e5f1b68e30bbe32781b050	28212	1787006926	tests/test_v6_dump_sw_latents.py
d3e343cfaa0d9b3e37ec1bb8cf460226	6949a9dc84ae282aa9a4ab136ba2fa7b	43669	1787876030	tests/test_v6_factored_goal.py
d6f0f8508508cec7ffa33a7828a0823c	d6f0f8508508cec7ffa33a7828a0823c	8717	1787014943	tests/test_v6_frozen_external.py
7e9b12700ed5b556480c20e31fea9a51	64414ee16ad73590999c3a61d665250c	36494	1787876099	tests/test_v6_gstr_port.py
74c1bf011653b60e23742323ccdac790	74c1bf011653b60e23742323ccdac790	35440	1786917975	tests/test_v6_ladder_edges.py
e953ba918a7cdb1d44c5bfa53642cd73	114756b9d15a17d482a56961ef416b7e	5607	1786818593	tests/test_v6_probe_trunk.py
390ae081faa9fbd9e3a8bdf8eec47a9f	1860cfecb89b3eebb7e0262953fdd995	20447	1787875728	tests/test_v6_s1_multitick.py
0ca9972560ee3bbebbbb93965857abc3	c16d78a361b043d408525d3ef659d70f	54496	1787869981	tests/test_v6_s2_loss.py
0070db9199fbea1374d5c977f5be6e37	087ca1419c36102fe8bdad06317b9d84	8508	1787330453	tests/test_v6_seam_dump.py
b76104a2e3507d9040573d9e078e49ef	06576f53adc413403fd9272a8a1703e7	36586	1787330453	tests/test_v6_seam_probe.py
7b213f446c80a7097d60aeb859b2512b	6b5c3f1af7ce9cd167f085205bac2861	10310	1786836706	tests/test_v6_selector.py
be6d5e7f019d961466bec7556f4ee22f	be6d5e7f019d961466bec7556f4ee22f	5884	1786836682	tests/test_v6_selector_capacity_control.py
0308ba266db15a8eb4f06222c0d36dc1	ccf24eeca91bb357f3a8d6b3ab7c5241	36654	1787473239	tests/test_v6_st_launch_fixes.py
798caf8dbe7edfd9066cbf8ec1bd5fd5	8cd60692aca4ec45898a60dcae721b90	10296	1788026425	tests/test_v6_stage_init_introduction.py
93b1e9487e5fc25e5a35a13d046dd8a0	93b1e9487e5fc25e5a35a13d046dd8a0	5829	1786836225	tests/test_v6_stage_revalidation.py
90787d53e18d3bde207c827a2a6f9dd7	f900f1755c8e222718523e2ac02f8f24	62539	1786918017	tests/test_v6_staged.py
b80ca001954338cf6bf5ad13eb52b88e	ee9eb2319167211074171657861f8aa4	20743	1788026433	tests/test_v6_t2_contrastive.py
454dff066a5feb2f2267a24997c19a21	a0c979112eea74b0aa96ae7728f309d5	23699	1787875728	tests/test_v6_t3_curriculum.py
0a00befb04e32a4725f56b707edae2d6	3912ebb9ba0056bdd4e255c223ab3b93	15780	1787875728	tests/test_v6_t5_consistency.py
c89f7eabf74b7dad6dd2d1a409fdd2eb	a9406bbb365e5c2a053ff07fd244170d	15979	1788093550	tests/test_v7_labels.py
7ecc5ffbce04e60b8ba8070e238a23a8	7ecc5ffbce04e60b8ba8070e238a23a8	13149	1784992079	tests/test_val_parity_evaluators.py
b360a01707b93b04f82c42ee89f63a18	b360a01707b93b04f82c42ee89f63a18	13986	1784407396	tests/test_vision_levers.py
26186abc78baead458a44f2c60b4f4bb	26186abc78baead458a44f2c60b4f4bb	9195	1785116210	tests/test_vision_rank.py
fd14fe9aa72afab1de8918aa1093644c	69788714904e1631e03ab792a32bc23e	6279	1786818593	tests/test_vit5_encoder.py
2c2de8e3407fea3e784fc48326637c71	2c2de8e3407fea3e784fc48326637c71	17852	1784620208	tests/test_vlm_semantic.py
ca69f482bc730a07d6e58bd536c50a4a	ca69f482bc730a07d6e58bd536c50a4a	5083	1788016222	tests/test_vlm_tac_compose.py
f44fca22fcb6294236302961dc4c4070	f44fca22fcb6294236302961dc4c4070	3958	1787126543	tests/test_vlm_tac_extract.py
2777440db515eb864c9dfcd9c9736a86	2777440db515eb864c9dfcd9c9736a86	2867	1787127261	tests/test_vlm_tac_recover.py
dc029df93ce1eada5af21ab9db2afb43	dc029df93ce1eada5af21ab9db2afb43	6891	1787509962	tests/test_vocab_v61_turns.py
00a05dcd9e8631c205f2dca250b33d8f	30143b35fb7413dba963ee5dc7128036	11192	1787866519	tests/test_vocab_v7.py
9924cac624230ac701927f7806113722	e1c37b0b39e98bd35ff75152943d069d	8728	1787953307	tests/test_vocab_v7_frozen.py
95cb2fb1be4763da7aebfcb5a8820a66	95cb2fb1be4763da7aebfcb5a8820a66	20020	1785675853	tests/test_vtband_options.py
e7b49f5c96a9f3ad7d0518d0707f1503	791b21f08c80d1df0b5a8d9fb68e9f6d	12689	1786818593	tests/test_w4b.py
3b67da922b729995676dd84485b54ed0	6a87b484ae735c0f3ac85f693e77f9eb	17911	1786818593	tests/test_w4c.py
9e84ad733bf8da7cc1231f921bec1dc6	ca2010cc07cdac147df0b45193bb09c4	17456	1786818593	tests/test_w7.py
6796ff10781d0f45f076a9e52af8390d	6796ff10781d0f45f076a9e52af8390d	6596	1785101359	tests/test_wheelbase_regime.py
b148cd4a579282a79fa693c1c526b3d5	b148cd4a579282a79fa693c1c526b3d5	11285	1785152302	tests/test_wm_reference_select.py
2aa3ff18e43bc5044b3d70ce7bdbce28	2a7f294655c9593ff2a290d9db600b83	9504	1786818593	tests/test_wm_reliance.py
bcfe49718baef3fd81134a7bd2bf3f5b	bcfe49718baef3fd81134a7bd2bf3f5b	6062	1787473239	tests/test_work_zone_phantom.py
279f8393f098f5610559418c9f796736	eafc1bc462d957aa12334ff029a63b4c	22647	1787474625	tests/test_x4_layer_spectrum.py
e68fbe0f3df105199a4617254924c218	e68fbe0f3df105199a4617254924c218	25054	1785755635	tests/test_xodr_junction_probe.py
25654706ab716c3a403d947313c7d086	25654706ab716c3a403d947313c7d086	13022	1785188399	tests/test_yaw_admissibility.py
